id_j,id_c,run_1,run_2,run_3,run_4,run_5,median_relevance,agreement,stability
983,53,2,2,2,2,2,2,1.0,1.0
983,556,1,1,1,1,1,1,1.0,1.0
983,104,0,0,0,0,0,0,1.0,1.0
983,659,0,0,0,0,0,0,1.0,1.0
983,12,0,0,0,0,0,0,1.0,1.0
983,152,0,0,0,0,0,0,1.0,1.0
983,668,0,0,0,0,0,0,1.0,1.0
983,580,0,0,0,0,0,0,1.0,1.0
983,646,0,0,0,0,0,0,1.0,1.0
983,327,1,1,1,1,1,1,1.0,1.0
983,276,0,0,0,0,0,0,1.0,1.0
983,351,0,0,0,0,0,0,1.0,1.0
983,524,0,0,0,0,0,0,1.0,1.0
983,183,0,0,0,0,0,0,1.0,1.0
983,694,1,1,1,1,1,1,1.0,1.0
983,17,1,1,1,1,1,1,1.0,1.0
983,666,0,0,0,0,0,0,1.0,1.0
983,120,1,1,1,1,1,1,1.0,1.0
983,197,1,1,1,1,1,1,1.0,1.0
983,653,0,0,0,0,0,0,1.0,1.0
983,562,0,0,0,0,0,0,1.0,1.0
983,275,0,0,0,0,0,0,1.0,1.0
983,110,0,0,0,0,0,0,1.0,1.0
983,15,1,1,1,1,1,1,1.0,1.0
983,693,1,1,1,1,1,1,1.0,1.0
983,187,1,1,1,1,1,1,1.0,1.0
983,221,0,0,0,0,0,0,1.0,1.0
983,260,0,0,0,0,0,0,1.0,1.0
983,741,1,0,1,1,0,1,0.6,0.8
983,164,1,1,1,1,1,1,1.0,1.0
983,739,1,1,1,1,1,1,1.0,1.0
983,689,0,0,0,0,0,0,1.0,1.0
983,517,0,0,0,0,0,0,1.0,1.0
983,302,1,1,1,1,1,1,1.0,1.0
983,523,1,1,1,1,1,1,1.0,1.0
983,406,1,1,1,1,1,1,1.0,1.0
983,43,0,0,0,0,0,0,1.0,1.0
983,220,1,1,1,1,1,1,1.0,1.0
983,372,1,1,1,1,1,1,1.0,1.0
983,649,1,1,1,1,1,1,1.0,1.0
983,18,0,0,0,0,0,0,1.0,1.0
983,269,1,1,1,1,1,1,1.0,1.0
983,309,2,2,2,2,2,2,1.0,1.0
983,723,1,1,1,1,1,1,1.0,1.0
983,101,1,1,1,1,1,1,1.0,1.0
983,445,1,1,1,1,1,1,1.0,1.0
983,500,1,1,1,1,1,1,1.0,1.0
983,319,0,0,0,0,0,0,1.0,1.0
983,94,0,0,0,0,0,0,1.0,1.0
983,395,1,1,1,1,1,1,1.0,1.0
983,497,1,1,1,1,1,1,1.0,1.0
983,703,0,0,0,0,0,0,1.0,1.0
983,554,1,1,1,1,1,1,1.0,1.0
983,67,1,1,1,1,1,1,1.0,1.0
983,695,1,1,1,1,1,1,1.0,1.0
983,283,0,0,0,0,0,0,1.0,1.0
983,570,1,1,1,1,1,1,1.0,1.0
983,661,0,0,0,0,0,0,1.0,1.0
983,621,0,0,0,0,0,0,1.0,1.0
983,21,1,1,1,1,1,1,1.0,1.0
983,561,1,1,1,1,1,1,1.0,1.0
983,294,0,0,0,0,0,0,1.0,1.0
983,675,1,1,1,1,1,1,1.0,1.0
983,202,0,0,0,0,0,0,1.0,1.0
983,650,1,1,1,1,1,1,1.0,1.0
983,40,0,0,0,0,0,0,1.0,1.0
983,730,1,1,1,1,1,1,1.0,1.0
983,559,1,1,1,1,1,1,1.0,1.0
983,29,0,0,0,0,0,0,1.0,1.0
983,738,1,1,1,1,1,1,1.0,1.0
983,475,1,1,1,1,1,1,1.0,1.0
983,186,2,2,2,2,2,2,1.0,1.0
983,76,0,0,0,0,0,0,1.0,1.0
983,208,1,1,1,1,1,1,1.0,1.0
983,625,0,0,0,0,0,0,1.0,1.0
7280,480,0,0,0,0,0,0,1.0,1.0
7280,631,1,1,1,1,1,1,1.0,1.0
7280,92,0,0,0,0,0,0,1.0,1.0
7280,112,1,1,1,1,1,1,1.0,1.0
7280,463,0,0,0,0,0,0,1.0,1.0
7280,658,0,0,0,0,0,0,1.0,1.0
7280,200,1,1,1,1,1,1,1.0,1.0
7280,289,0,0,0,0,0,0,1.0,1.0
7280,453,0,0,0,0,0,0,1.0,1.0
7280,493,0,0,0,0,0,0,1.0,1.0
7280,213,0,0,0,0,0,0,1.0,1.0
7280,671,1,1,1,0,1,1,0.8,0.9
7280,255,0,0,0,0,0,0,1.0,1.0
7280,386,0,0,0,0,0,0,1.0,1.0
7280,360,0,0,0,0,0,0,1.0,1.0
7280,28,0,0,0,0,0,0,1.0,1.0
7280,454,1,1,1,1,1,1,1.0,1.0
7280,379,0,0,0,0,0,0,1.0,1.0
7280,69,0,0,0,0,0,0,1.0,1.0
7280,37,0,0,0,0,0,0,1.0,1.0
7280,627,0,0,0,0,0,0,1.0,1.0
7280,356,1,1,1,1,1,1,1.0,1.0
7280,506,0,0,0,0,0,0,1.0,1.0
7280,616,0,0,0,0,0,0,1.0,1.0
7280,600,1,1,1,1,1,1,1.0,1.0
7280,619,0,0,0,0,0,0,1.0,1.0
7280,484,0,0,0,0,0,0,1.0,1.0
7280,664,0,0,0,0,0,0,1.0,1.0
7280,684,1,1,1,1,1,1,1.0,1.0
7280,388,0,1,1,0,0,0,0.6,0.8
7280,441,0,0,0,0,0,0,1.0,1.0
7280,6,0,0,0,0,0,0,1.0,1.0
7280,94,0,0,0,0,0,0,1.0,1.0
7280,540,0,0,0,0,0,0,1.0,1.0
7280,265,0,0,0,0,0,0,1.0,1.0
7280,376,0,0,0,0,0,0,1.0,1.0
7280,143,1,1,1,0,1,1,0.8,0.9
7280,123,2,2,2,1,2,2,0.8,0.9
7280,420,0,0,0,0,0,0,1.0,1.0
7280,397,0,0,0,0,0,0,1.0,1.0
7280,163,0,0,0,0,0,0,1.0,1.0
7280,46,0,0,0,0,0,0,1.0,1.0
7280,240,0,0,0,0,0,0,1.0,1.0
7280,654,0,0,0,0,0,0,1.0,1.0
7280,697,0,0,0,0,0,0,1.0,1.0
7280,291,0,0,0,0,0,0,1.0,1.0
7280,122,0,0,0,0,0,0,1.0,1.0
7280,702,0,0,0,0,0,0,1.0,1.0
7280,415,0,0,0,0,0,0,1.0,1.0
7280,374,1,1,0,0,1,1,0.6,0.8
7280,230,0,0,0,0,0,0,1.0,1.0
7280,409,1,1,1,1,1,1,1.0,1.0
7280,297,0,0,0,1,0,0,0.8,0.9
7280,271,0,0,0,0,0,0,1.0,1.0
7280,479,0,0,0,0,0,0,1.0,1.0
7280,57,0,0,0,0,0,0,1.0,1.0
7280,585,0,0,0,0,0,0,1.0,1.0
7280,55,0,0,0,0,0,0,1.0,1.0
7280,553,1,1,1,1,1,1,1.0,1.0
7280,127,0,0,0,0,0,0,1.0,1.0
7280,673,0,0,0,0,0,0,1.0,1.0
7280,634,1,1,1,1,1,1,1.0,1.0
7280,601,0,0,0,0,0,0,1.0,1.0
7280,45,1,1,1,1,1,1,1.0,1.0
7280,343,0,0,0,0,0,0,1.0,1.0
7280,348,0,0,0,0,0,0,1.0,1.0
7280,183,0,0,0,0,0,0,1.0,1.0
7280,425,0,0,0,0,0,0,1.0,1.0
7280,618,0,0,0,0,0,0,1.0,1.0
1098,211,1,1,1,1,1,1,1.0,1.0
1098,355,0,0,0,0,0,0,1.0,1.0
1098,478,1,1,1,1,1,1,1.0,1.0
1098,178,1,1,1,1,1,1,1.0,1.0
1098,667,0,0,0,0,0,0,1.0,1.0
1098,508,0,0,0,0,0,0,1.0,1.0
1098,711,1,1,1,1,1,1,1.0,1.0
1098,538,0,0,0,0,0,0,1.0,1.0
1098,450,1,1,1,1,1,1,1.0,1.0
1098,636,0,0,0,0,0,0,1.0,1.0
1098,107,0,0,0,0,0,0,1.0,1.0
1098,375,0,0,0,0,0,0,1.0,1.0
1098,268,1,1,1,1,1,1,1.0,1.0
1098,665,0,0,0,0,0,0,1.0,1.0
1098,517,0,0,0,0,0,0,1.0,1.0
1098,44,0,0,0,0,0,0,1.0,1.0
1098,637,0,0,0,0,0,0,1.0,1.0
1098,85,0,0,0,0,0,0,1.0,1.0
1098,97,0,0,0,0,0,0,1.0,1.0
1098,672,1,1,1,1,1,1,1.0,1.0
1098,588,1,1,1,1,1,1,1.0,1.0
1098,228,0,0,0,0,0,0,1.0,1.0
1098,4,0,0,0,0,0,0,1.0,1.0
1098,432,0,0,0,0,0,0,1.0,1.0
1098,217,0,0,0,0,0,0,1.0,1.0
1098,578,1,1,1,1,1,1,1.0,1.0
1098,472,0,0,0,0,0,0,1.0,1.0
1098,724,0,0,0,0,0,0,1.0,1.0
1098,304,2,2,2,2,2,2,1.0,1.0
1098,338,0,0,0,0,0,0,1.0,1.0
1098,352,1,1,1,1,1,1,1.0,1.0
1098,321,0,0,0,0,0,0,1.0,1.0
1098,209,1,1,1,1,1,1,1.0,1.0
1098,524,0,0,0,0,0,0,1.0,1.0
1098,98,0,0,0,0,0,0,1.0,1.0
1098,691,0,0,0,0,0,0,1.0,1.0
1098,644,0,0,0,0,0,0,1.0,1.0
1098,183,0,0,0,0,0,0,1.0,1.0
1098,156,0,0,0,0,0,0,1.0,1.0
1098,273,0,0,0,0,0,0,1.0,1.0
1098,315,0,0,0,0,0,0,1.0,1.0
1098,2,0,0,0,0,0,0,1.0,1.0
1098,468,1,1,1,1,1,1,1.0,1.0
1098,449,1,1,1,1,1,1,1.0,1.0
1098,22,0,1,1,1,1,1,0.8,0.9
1098,699,1,1,1,1,1,1,1.0,1.0
1098,257,0,0,0,0,0,0,1.0,1.0
1098,389,0,0,0,0,0,0,1.0,1.0
1098,412,1,1,1,1,1,1,1.0,1.0
1098,604,0,0,0,0,0,0,1.0,1.0
1098,736,1,1,1,1,1,1,1.0,1.0
1098,488,0,0,0,0,0,0,1.0,1.0
1098,300,0,0,0,0,0,0,1.0,1.0
1098,388,0,0,0,0,0,0,1.0,1.0
1098,258,0,0,0,0,0,0,1.0,1.0
1098,555,0,0,0,0,0,0,1.0,1.0
6121,231,0,0,0,0,0,0,1.0,1.0
6121,435,1,1,1,1,1,1,1.0,1.0
6121,319,1,1,1,1,1,1,1.0,1.0
6121,450,0,0,0,0,0,0,1.0,1.0
6121,114,1,1,1,1,1,1,1.0,1.0
6121,323,0,0,0,0,0,0,1.0,1.0
6121,220,2,2,2,2,2,2,1.0,1.0
6121,561,1,1,1,1,1,1,1.0,1.0
6121,291,0,0,0,0,0,0,1.0,1.0
6121,733,1,1,1,1,1,1,1.0,1.0
6121,152,0,0,0,0,0,0,1.0,1.0
6121,244,0,0,0,0,0,0,1.0,1.0
6121,196,1,1,1,1,1,1,1.0,1.0
6121,689,1,1,1,1,1,1,1.0,1.0
6121,696,1,1,1,1,1,1,1.0,1.0
6121,675,1,1,1,1,1,1,1.0,1.0
6121,313,1,1,1,1,1,1,1.0,1.0
6121,161,0,0,0,0,0,0,1.0,1.0
6121,565,0,0,0,0,0,0,1.0,1.0
6121,488,2,2,2,2,2,2,1.0,1.0
6121,581,1,2,2,2,2,2,0.8,0.9
6121,298,2,2,2,2,2,2,1.0,1.0
6121,462,1,1,1,1,1,1,1.0,1.0
6121,356,0,1,1,1,1,1,0.8,0.9
6121,250,1,1,1,1,1,1,1.0,1.0
6121,560,1,1,1,1,1,1,1.0,1.0
6121,156,1,1,1,1,1,1,1.0,1.0
6121,440,0,0,0,0,0,0,1.0,1.0
6121,209,1,1,1,1,1,1,1.0,1.0
6121,483,0,0,0,0,0,0,1.0,1.0
6121,1,2,2,2,2,2,2,1.0,1.0
6121,260,1,1,1,1,1,1,1.0,1.0
6121,360,2,2,2,2,2,2,1.0,1.0
6121,235,1,1,1,1,1,1,1.0,1.0
6121,556,2,2,2,2,2,2,1.0,1.0
6121,101,2,2,2,2,2,2,1.0,1.0
6121,200,1,1,1,1,1,1,1.0,1.0
6121,303,0,0,0,0,0,0,1.0,1.0
6121,442,1,1,1,1,1,1,1.0,1.0
6121,259,1,1,1,1,1,1,1.0,1.0
6121,706,2,2,2,2,2,2,1.0,1.0
6121,49,2,2,2,2,2,2,1.0,1.0
6121,704,2,2,2,2,2,2,1.0,1.0
6121,120,1,1,1,1,1,1,1.0,1.0
6121,239,0,1,1,1,0,1,0.6,0.8
6121,273,0,0,0,0,0,0,1.0,1.0
6121,41,1,1,1,1,1,1,1.0,1.0
6121,402,1,1,1,1,1,1,1.0,1.0
6121,83,1,1,1,1,1,1,1.0,1.0
6121,683,1,1,1,1,1,1,1.0,1.0
6121,90,0,0,0,0,0,0,1.0,1.0
6121,186,2,2,2,2,2,2,1.0,1.0
6121,252,0,0,0,0,0,0,1.0,1.0
6121,493,0,0,0,0,0,0,1.0,1.0
6121,304,1,1,1,1,1,1,1.0,1.0
6121,690,1,1,1,1,1,1,1.0,1.0
6121,452,1,1,1,1,1,1,1.0,1.0
6121,12,1,1,1,1,1,1,1.0,1.0
6121,397,0,0,0,0,0,0,1.0,1.0
6121,617,1,1,1,1,1,1,1.0,1.0
6121,687,1,1,1,1,1,1,1.0,1.0
6121,365,0,0,0,0,0,0,1.0,1.0
6121,263,2,2,2,2,2,2,1.0,1.0
6121,558,1,1,1,1,1,1,1.0,1.0
6121,577,0,0,0,0,0,0,1.0,1.0
6121,641,2,2,2,2,2,2,1.0,1.0
6121,62,2,2,2,2,2,2,1.0,1.0
6121,148,1,1,1,1,1,1,1.0,1.0
6121,230,1,1,1,1,1,1,1.0,1.0
6121,726,1,1,1,1,1,1,1.0,1.0
6121,93,1,0,0,0,0,0,0.8,0.9
6121,16,2,2,2,2,2,2,1.0,1.0
6121,538,0,0,0,0,0,0,1.0,1.0
6121,72,2,2,2,2,2,2,1.0,1.0
6121,191,0,0,0,0,0,0,1.0,1.0
6121,658,0,0,0,0,0,0,1.0,1.0
6121,523,2,2,2,2,2,2,1.0,1.0
6121,5,1,1,1,1,1,1,1.0,1.0
6121,64,1,1,1,1,1,1,1.0,1.0
6121,655,0,0,0,0,0,0,1.0,1.0
6121,279,1,1,1,1,1,1,1.0,1.0
6121,372,2,2,2,2,2,2,1.0,1.0
6121,133,1,1,1,1,1,1,1.0,1.0
6121,684,2,2,2,2,2,2,1.0,1.0
6121,555,1,1,1,1,1,1,1.0,1.0
3517,627,0,0,0,0,0,0,1.0,1.0
3517,176,0,0,0,0,0,0,1.0,1.0
3517,294,0,0,0,0,0,0,1.0,1.0
3517,657,1,1,1,1,1,1,1.0,1.0
3517,300,0,0,0,0,0,0,1.0,1.0
3517,171,0,0,0,0,0,0,1.0,1.0
3517,283,0,0,0,0,0,0,1.0,1.0
3517,500,1,1,1,1,1,1,1.0,1.0
3517,484,1,1,1,1,1,1,1.0,1.0
3517,581,1,1,1,1,1,1,1.0,1.0
3517,433,0,0,0,0,0,0,1.0,1.0
3517,637,1,1,1,1,1,1,1.0,1.0
3517,235,1,1,1,1,1,1,1.0,1.0
3517,384,0,0,0,0,0,0,1.0,1.0
3517,228,1,1,1,1,1,1,1.0,1.0
3517,43,0,0,0,0,0,0,1.0,1.0
3517,38,1,1,1,1,1,1,1.0,1.0
3517,406,1,1,1,1,1,1,1.0,1.0
3517,593,1,1,1,1,1,1,1.0,1.0
3517,560,1,1,1,1,1,1,1.0,1.0
3517,454,1,1,1,1,1,1,1.0,1.0
3517,474,1,1,1,1,1,1,1.0,1.0
3517,647,0,0,0,0,0,0,1.0,1.0
3517,177,1,1,1,1,1,1,1.0,1.0
3517,125,0,1,1,1,1,1,0.8,0.9
3517,321,1,1,1,1,1,1,1.0,1.0
3517,541,1,1,1,1,1,1,1.0,1.0
3517,425,0,0,0,0,0,0,1.0,1.0
3517,565,0,0,0,0,0,0,1.0,1.0
3517,107,1,1,1,1,1,1,1.0,1.0
3517,655,0,0,0,0,0,0,1.0,1.0
3517,600,1,1,1,1,1,1,1.0,1.0
3517,390,0,0,0,0,0,0,1.0,1.0
3517,434,0,0,0,0,0,0,1.0,1.0
3517,441,1,1,1,1,1,1,1.0,1.0
3517,697,1,1,1,1,1,1,1.0,1.0
3517,221,0,0,0,0,0,0,1.0,1.0
3517,154,1,1,1,1,1,1,1.0,1.0
3517,270,0,1,0,1,0,0,0.6,0.8
3517,643,1,1,1,1,1,1,1.0,1.0
3517,706,0,0,0,0,0,0,1.0,1.0
3517,57,0,0,0,0,0,0,1.0,1.0
3517,512,1,1,0,0,0,0,0.6,0.8
3517,733,1,1,1,1,1,1,1.0,1.0
3517,511,0,0,0,0,0,0,1.0,1.0
3517,197,2,1,1,1,1,1,0.8,0.9
3517,615,0,0,0,0,0,0,1.0,1.0
3517,531,1,1,1,1,1,1,1.0,1.0
3517,641,1,1,1,1,1,1,1.0,1.0
3517,213,1,1,1,1,1,1,1.0,1.0
3517,667,1,1,1,1,1,1,1.0,1.0
3517,119,2,2,2,2,2,2,1.0,1.0
3517,701,1,1,1,1,1,1,1.0,1.0
3517,114,0,0,0,0,0,0,1.0,1.0
3517,702,0,0,0,0,0,0,1.0,1.0
3517,45,1,1,1,1,1,1,1.0,1.0
3517,402,2,2,2,2,2,2,1.0,1.0
3517,164,1,1,1,1,1,1,1.0,1.0
3517,704,0,0,0,0,0,0,1.0,1.0
3517,613,1,1,1,1,1,1,1.0,1.0
3517,148,1,1,1,1,1,1,1.0,1.0
3517,497,0,0,0,0,0,0,1.0,1.0
3517,27,1,1,1,1,1,1,1.0,1.0
3517,67,1,1,1,1,1,1,1.0,1.0
3517,518,1,1,1,1,1,1,1.0,1.0
3517,730,0,0,0,0,0,0,1.0,1.0
1039,143,0,0,0,0,0,0,1.0,1.0
1039,187,1,1,1,1,1,1,1.0,1.0
1039,580,0,0,0,0,0,0,1.0,1.0
1039,298,0,0,0,0,0,0,1.0,1.0
1039,5,1,1,1,1,1,1,1.0,1.0
1039,333,1,1,1,1,1,1,1.0,1.0
1039,29,0,0,0,0,0,0,1.0,1.0
1039,601,1,1,1,1,1,1,1.0,1.0
1039,90,0,0,0,0,0,0,1.0,1.0
1039,267,0,0,0,0,0,0,1.0,1.0
1039,717,1,1,1,1,1,1,1.0,1.0
1039,452,2,2,2,2,2,2,1.0,1.0
1039,16,1,1,1,1,1,1,1.0,1.0
1039,388,1,1,1,1,1,1,1.0,1.0
1039,736,0,0,0,0,0,0,1.0,1.0
1039,545,0,0,0,0,0,0,1.0,1.0
1039,322,0,0,0,0,0,0,1.0,1.0
1039,343,0,0,0,0,0,0,1.0,1.0
1039,355,1,1,1,1,1,1,1.0,1.0
1039,85,0,0,0,0,0,0,1.0,1.0
1039,379,2,2,2,2,2,2,1.0,1.0
1039,211,1,1,1,1,1,1,1.0,1.0
1039,559,2,2,2,2,2,2,1.0,1.0
1039,340,1,1,1,1,1,1,1.0,1.0
1039,37,2,2,2,2,2,2,1.0,1.0
1039,50,0,0,0,0,0,0,1.0,1.0
1039,263,2,2,2,2,2,2,1.0,1.0
1039,62,1,1,1,1,1,1,1.0,1.0
1039,506,2,2,2,2,2,2,1.0,1.0
1039,636,1,1,1,1,1,1,1.0,1.0
1039,370,1,1,1,1,1,1,1.0,1.0
1039,706,1,1,1,1,1,1,1.0,1.0
1039,313,2,1,2,1,2,2,0.6,0.8
1039,0,1,0,0,0,0,0,0.8,0.9
1039,219,0,0,0,0,0,0,1.0,1.0
1039,478,1,1,1,1,1,1,1.0,1.0
1039,302,1,1,1,1,1,1,1.0,1.0
1039,395,2,2,2,2,2,2,1.0,1.0
1039,234,1,1,1,1,1,1,1.0,1.0
1039,383,0,0,0,0,0,0,1.0,1.0
1039,495,0,0,0,0,0,0,1.0,1.0
1039,188,1,1,1,1,1,1,1.0,1.0
1039,109,0,0,0,0,0,0,1.0,1.0
1039,445,2,2,2,2,2,2,1.0,1.0
1039,525,0,0,0,0,0,0,1.0,1.0
1039,241,0,0,1,1,1,1,0.6,0.8
1039,453,1,1,1,1,1,1,1.0,1.0
1039,4,0,0,0,0,0,0,1.0,1.0
1039,1,2,2,2,2,2,2,1.0,1.0
1039,708,1,1,1,1,1,1,1.0,1.0
1039,88,1,1,1,1,1,1,1.0,1.0
1039,695,1,1,1,1,1,1,1.0,1.0
1039,409,0,0,0,0,0,0,1.0,1.0
1039,436,1,1,1,1,0,1,0.8,0.9
1039,703,1,1,1,1,1,1,1.0,1.0
1039,21,1,1,1,1,1,1,1.0,1.0
1039,693,1,2,1,2,2,2,0.6,0.8
1039,621,0,0,0,0,0,0,1.0,1.0
1039,48,0,0,0,0,0,0,1.0,1.0
1039,634,1,1,1,1,1,1,1.0,1.0
1039,624,1,1,1,1,1,1,1.0,1.0
1039,161,0,0,0,0,0,0,1.0,1.0
1039,309,0,1,1,0,0,0,0.6,0.8
1039,660,1,1,1,1,1,1,1.0,1.0
1039,53,1,1,1,1,1,1,1.0,1.0
1039,249,0,0,0,0,0,0,1.0,1.0
1039,687,1,1,1,1,1,1,1.0,1.0
1039,442,1,1,1,1,1,1,1.0,1.0
1039,477,0,0,0,0,0,0,1.0,1.0
1039,315,2,2,2,2,2,2,1.0,1.0
1039,726,2,2,2,2,2,2,1.0,1.0
1039,240,0,0,0,0,0,0,1.0,1.0
1039,686,1,1,1,1,1,1,1.0,1.0
1039,522,0,0,0,0,0,0,1.0,1.0
1039,485,2,2,2,2,2,2,1.0,1.0
1039,271,1,1,1,1,1,1,1.0,1.0
1039,64,1,1,1,1,1,1,1.0,1.0
1039,311,1,1,1,1,1,1,1.0,1.0
4994,616,1,1,1,1,1,1,1.0,1.0
4994,296,0,0,0,0,0,0,1.0,1.0
4994,417,0,0,0,0,0,0,1.0,1.0
4994,673,0,0,0,0,0,0,1.0,1.0
4994,217,0,0,0,0,1,0,0.8,0.9
4994,353,1,1,1,1,1,1,1.0,1.0
4994,575,1,1,1,1,1,1,1.0,1.0
4994,683,0,0,0,0,0,0,1.0,1.0
4994,446,0,0,0,0,0,0,1.0,1.0
4994,399,1,1,1,1,1,1,1.0,1.0
4994,449,1,1,1,1,1,1,1.0,1.0
4994,28,0,0,0,0,0,0,1.0,1.0
4994,649,0,0,0,0,0,0,1.0,1.0
4994,458,1,1,1,1,1,1,1.0,1.0
4994,58,0,0,0,0,0,0,1.0,1.0
4994,591,1,1,1,1,1,1,1.0,1.0
4994,631,1,1,1,1,1,1,1.0,1.0
4994,72,0,0,0,0,0,0,1.0,1.0
4994,127,0,0,0,0,0,0,1.0,1.0
4994,654,0,0,0,0,0,0,1.0,1.0
4994,699,0,0,0,0,0,0,1.0,1.0
4994,102,0,0,0,0,0,0,1.0,1.0
4994,40,1,1,1,1,1,1,1.0,1.0
4994,123,2,2,2,2,2,2,1.0,1.0
4994,346,0,0,0,0,0,0,1.0,1.0
4994,624,0,0,0,0,0,0,1.0,1.0
4994,524,0,0,0,0,0,0,1.0,1.0
4994,700,0,0,0,0,0,0,1.0,1.0
4994,262,0,0,0,0,0,0,1.0,1.0
4994,483,0,0,0,0,0,0,1.0,1.0
4994,352,0,0,0,0,0,0,1.0,1.0
4994,279,0,0,0,0,0,0,1.0,1.0
4994,678,1,1,1,1,1,1,1.0,1.0
4994,81,0,0,0,0,0,0,1.0,1.0
4994,92,0,0,1,0,0,0,0.8,0.9
4994,133,0,0,0,0,0,0,1.0,1.0
4994,71,1,1,1,1,1,1,1.0,1.0
4994,672,1,1,1,1,1,1,1.0,1.0
4994,403,0,0,0,0,0,0,1.0,1.0
4994,646,0,0,0,0,0,0,1.0,1.0
4994,558,1,1,1,1,1,1,1.0,1.0
4994,568,0,0,0,0,0,0,1.0,1.0
4994,582,0,0,0,0,0,0,1.0,1.0
4994,42,0,0,0,0,0,0,1.0,1.0
4994,709,0,0,0,0,0,0,1.0,1.0
4994,664,0,0,0,0,0,0,1.0,1.0
4994,264,0,0,0,0,0,0,1.0,1.0
4994,163,0,0,0,0,0,0,1.0,1.0
4994,398,0,0,0,0,0,0,1.0,1.0
4994,110,0,0,0,0,0,0,1.0,1.0
4994,574,0,0,0,0,0,0,1.0,1.0
4994,597,0,0,0,0,0,0,1.0,1.0
4994,711,0,0,0,0,0,0,1.0,1.0
4994,660,0,0,0,0,0,0,1.0,1.0
4994,38,0,0,0,0,0,0,1.0,1.0
4994,107,0,0,0,0,0,0,1.0,1.0
4994,701,0,0,0,0,0,0,1.0,1.0
4994,629,1,1,1,1,1,1,1.0,1.0
4994,105,0,0,0,0,0,0,1.0,1.0
4994,677,0,0,1,1,0,0,0.6,0.8
4994,82,0,0,0,0,0,0,1.0,1.0
4994,611,0,0,0,0,0,0,1.0,1.0
4994,6,0,0,0,0,0,0,1.0,1.0
4994,261,0,0,0,0,0,0,1.0,1.0
4994,577,0,0,0,0,0,0,1.0,1.0
4994,499,0,0,0,0,0,0,1.0,1.0
4994,415,1,1,1,1,1,1,1.0,1.0
4994,553,1,1,1,1,1,1,1.0,1.0
4994,241,0,0,0,0,0,0,1.0,1.0
4994,137,0,0,0,0,0,0,1.0,1.0
4994,196,1,1,1,1,1,1,1.0,1.0
4994,218,0,0,0,0,0,0,1.0,1.0
4994,232,0,0,0,0,0,0,1.0,1.0
4994,179,0,0,0,0,0,0,1.0,1.0
4994,696,0,0,0,0,0,0,1.0,1.0
4994,620,0,0,0,0,0,0,1.0,1.0
390,561,1,1,1,1,1,1,1.0,1.0
390,288,2,2,2,2,2,2,1.0,1.0
390,677,1,1,1,1,1,1,1.0,1.0
390,357,0,1,1,1,0,1,0.6,0.8
390,205,0,0,0,0,0,0,1.0,1.0
390,453,2,2,2,2,2,2,1.0,1.0
390,200,1,1,1,1,1,1,1.0,1.0
390,372,1,1,1,1,1,1,1.0,1.0
390,86,2,2,2,2,2,2,1.0,1.0
390,88,2,2,2,2,2,2,1.0,1.0
390,355,2,2,2,2,2,2,1.0,1.0
390,352,2,2,2,2,2,2,1.0,1.0
390,432,0,0,0,0,0,0,1.0,1.0
390,114,0,0,0,1,0,0,0.8,0.9
390,276,0,0,0,0,0,0,1.0,1.0
390,711,1,1,1,1,1,1,1.0,1.0
390,652,0,1,0,1,1,1,0.6,0.8
390,562,0,0,0,0,0,0,1.0,1.0
390,384,2,1,1,2,1,1,0.6,0.8
390,182,2,2,2,2,2,2,1.0,1.0
390,574,2,2,2,2,2,2,1.0,1.0
390,343,0,0,0,0,0,0,1.0,1.0
390,156,2,2,2,2,2,2,1.0,1.0
390,240,1,1,1,1,1,1,1.0,1.0
390,336,1,1,1,1,1,1,1.0,1.0
390,732,0,0,0,0,0,0,1.0,1.0
390,620,0,0,0,0,0,0,1.0,1.0
390,698,1,1,1,1,1,1,1.0,1.0
390,718,0,0,0,0,0,0,1.0,1.0
390,450,0,0,0,0,0,0,1.0,1.0
390,109,1,1,1,1,1,1,1.0,1.0
390,626,1,1,1,1,1,1,1.0,1.0
390,4,2,2,2,2,2,2,1.0,1.0
390,206,1,1,1,1,1,1,1.0,1.0
390,215,0,0,0,0,0,0,1.0,1.0
390,597,2,2,2,2,2,2,1.0,1.0
390,579,1,1,1,1,1,1,1.0,1.0
390,152,1,1,1,1,1,1,1.0,1.0
390,681,1,1,1,1,1,1,1.0,1.0
390,406,2,2,2,2,2,2,1.0,1.0
390,528,1,1,1,1,1,1,1.0,1.0
390,188,2,2,2,1,2,2,0.8,0.9
390,590,1,1,1,1,1,1,1.0,1.0
390,719,2,2,2,2,2,2,1.0,1.0
390,287,2,2,2,2,2,2,1.0,1.0
390,198,0,0,0,0,0,0,1.0,1.0
390,120,1,1,1,1,1,1,1.0,1.0
390,557,1,1,1,1,1,1,1.0,1.0
390,691,0,0,0,0,0,0,1.0,1.0
390,45,2,2,2,2,2,2,1.0,1.0
390,78,2,2,2,2,2,2,1.0,1.0
390,600,1,1,1,1,1,1,1.0,1.0
390,72,1,1,1,1,1,1,1.0,1.0
390,263,1,1,1,1,1,1,1.0,1.0
390,153,1,2,2,2,2,2,0.8,0.9
390,101,1,1,1,1,1,1,1.0,1.0
390,717,1,1,1,1,1,1,1.0,1.0
390,704,0,0,0,0,0,0,1.0,1.0
390,83,1,1,1,1,1,1,1.0,1.0
390,438,1,1,1,1,1,1,1.0,1.0
390,735,1,1,1,1,1,1,1.0,1.0
390,329,0,0,0,0,0,0,1.0,1.0
390,599,1,1,1,1,1,1,1.0,1.0
390,449,1,1,1,1,1,1,1.0,1.0
390,184,1,1,1,1,1,1,1.0,1.0
390,110,1,1,1,1,1,1,1.0,1.0
390,666,1,1,1,1,1,1,1.0,1.0
390,672,2,2,2,2,2,2,1.0,1.0
390,316,1,1,1,1,1,1,1.0,1.0
390,301,2,2,2,2,2,2,1.0,1.0
390,724,0,0,0,0,0,0,1.0,1.0
390,572,1,1,1,1,1,1,1.0,1.0
390,660,1,1,1,1,1,1,1.0,1.0
390,695,1,1,1,1,1,1,1.0,1.0
390,639,1,1,1,1,1,1,1.0,1.0
390,131,1,1,1,1,1,1,1.0,1.0
390,565,0,0,0,0,0,0,1.0,1.0
390,442,1,1,1,1,1,1,1.0,1.0
390,219,1,1,1,1,1,1,1.0,1.0
390,685,1,1,1,1,1,1,1.0,1.0
390,272,1,1,1,1,1,1,1.0,1.0
390,394,1,1,1,1,1,1,1.0,1.0
390,409,0,0,0,1,0,0,0.8,0.9
390,341,1,1,1,1,1,1,1.0,1.0
390,307,1,1,1,1,1,1,1.0,1.0
390,536,2,2,2,2,2,2,1.0,1.0
390,649,1,1,2,2,1,1,0.6,0.8
390,558,1,1,1,1,1,1,1.0,1.0
390,201,0,0,0,0,0,0,1.0,1.0
390,319,1,1,1,1,1,1,1.0,1.0
390,230,2,1,1,2,1,1,0.6,0.8
390,673,0,1,1,1,1,1,0.8,0.9
390,64,1,1,1,1,1,1,1.0,1.0
390,179,0,0,0,0,0,0,1.0,1.0
1795,552,1,1,1,1,1,1,1.0,1.0
1795,549,0,0,0,0,0,0,1.0,1.0
1795,438,0,1,1,1,1,1,0.8,0.9
1795,452,1,1,1,1,1,1,1.0,1.0
1795,696,0,0,0,0,0,0,1.0,1.0
1795,555,0,0,0,0,0,0,1.0,1.0
1795,123,2,2,2,2,2,2,1.0,1.0
1795,161,0,0,0,0,0,0,1.0,1.0
1795,560,1,1,1,1,1,1,1.0,1.0
1795,15,1,1,1,1,1,1,1.0,1.0
1795,164,1,1,1,1,1,1,1.0,1.0
1795,397,0,0,0,0,0,0,1.0,1.0
1795,616,1,1,1,1,1,1,1.0,1.0
1795,271,1,1,1,1,1,1,1.0,1.0
1795,473,0,0,0,0,0,0,1.0,1.0
1795,415,1,1,1,1,1,1,1.0,1.0
1795,524,0,0,0,0,0,0,1.0,1.0
1795,310,1,1,0,1,1,1,0.8,0.9
1795,658,1,1,1,1,1,1,1.0,1.0
1795,43,0,0,0,0,0,0,1.0,1.0
1795,183,0,0,0,0,0,0,1.0,1.0
1795,316,1,1,1,1,1,1,1.0,1.0
1795,235,1,1,1,1,1,1,1.0,1.0
1795,726,0,0,0,0,0,0,1.0,1.0
1795,436,1,1,1,1,1,1,1.0,1.0
1795,16,1,1,1,1,1,1,1.0,1.0
1795,112,0,0,0,0,0,0,1.0,1.0
1795,539,0,0,0,0,0,0,1.0,1.0
1795,244,0,0,0,0,0,0,1.0,1.0
1795,525,0,0,0,0,0,0,1.0,1.0
1795,478,2,2,2,2,2,2,1.0,1.0
1795,217,0,1,1,1,1,1,0.8,0.9
1795,601,1,1,1,1,1,1,1.0,1.0
1795,282,0,0,0,0,0,0,1.0,1.0
1795,729,1,1,1,1,1,1,1.0,1.0
1795,12,1,1,1,1,1,1,1.0,1.0
1795,197,1,1,1,1,1,1,1.0,1.0
1795,1,1,1,1,1,1,1,1.0,1.0
1795,484,1,1,1,1,1,1,1.0,1.0
1795,31,0,0,0,0,0,0,1.0,1.0
1795,232,0,0,0,0,0,0,1.0,1.0
1795,590,0,0,0,0,0,0,1.0,1.0
1795,506,1,1,1,1,1,1,1.0,1.0
1795,159,2,2,1,1,1,1,0.6,0.8
1795,454,1,1,1,1,1,1,1.0,1.0
1795,488,1,1,1,1,1,1,1.0,1.0
1795,291,1,1,1,1,1,1,1.0,1.0
1795,260,0,0,0,0,0,0,1.0,1.0
1795,21,2,2,2,2,2,2,1.0,1.0
1795,684,2,2,2,2,2,2,1.0,1.0
1795,654,0,0,0,0,0,0,1.0,1.0
1795,556,1,1,1,1,1,1,1.0,1.0
1795,333,0,0,0,0,0,0,1.0,1.0
1795,85,1,1,1,1,1,1,1.0,1.0
1795,632,1,1,1,1,1,1,1.0,1.0
1795,29,1,1,1,1,1,1,1.0,1.0
1795,670,1,0,1,0,0,0,0.6,0.8
1795,37,1,1,1,1,1,1,1.0,1.0
1795,67,1,1,1,1,1,1,1.0,1.0
1795,228,1,1,1,1,1,1,1.0,1.0
1795,102,1,1,1,1,1,1,1.0,1.0
1795,500,2,2,2,2,2,2,1.0,1.0
1795,396,1,1,1,1,1,1,1.0,1.0
1795,703,0,0,0,0,0,0,1.0,1.0
1795,523,1,1,1,1,1,1,1.0,1.0
1795,733,1,1,1,1,1,1,1.0,1.0
1795,379,1,1,1,1,1,1,1.0,1.0
1795,298,1,1,1,1,1,1,1.0,1.0
1795,143,2,2,2,2,2,2,1.0,1.0
1795,5,1,1,1,1,1,1,1.0,1.0
1795,697,1,1,1,1,1,1,1.0,1.0
1795,95,0,0,0,0,0,0,1.0,1.0
1795,689,0,0,0,0,0,0,1.0,1.0
1795,627,0,0,0,0,0,0,1.0,1.0
1795,604,1,1,1,1,1,1,1.0,1.0
1795,641,1,1,1,1,1,1,1.0,1.0
1795,40,0,0,0,0,0,0,1.0,1.0
1795,580,0,0,0,0,0,0,1.0,1.0
1795,497,1,1,1,1,1,1,1.0,1.0
1795,402,2,2,2,2,2,2,1.0,1.0
1795,53,1,1,1,1,1,1,1.0,1.0
1795,300,0,0,0,0,0,0,1.0,1.0
1795,127,1,1,1,1,1,1,1.0,1.0
1795,642,1,1,1,1,1,1,1.0,1.0
1795,584,0,1,1,1,1,1,0.8,0.9
1795,519,0,0,1,0,0,0,0.8,0.9
1795,294,0,0,0,0,0,0,1.0,1.0
1187,211,2,2,2,2,2,2,1.0,1.0
1187,196,1,1,1,1,1,1,1.0,1.0
1187,398,0,0,0,0,0,0,1.0,1.0
1187,509,0,0,0,0,0,0,1.0,1.0
1187,356,1,1,1,1,1,1,1.0,1.0
1187,538,0,0,0,0,0,0,1.0,1.0
1187,543,0,0,0,0,0,0,1.0,1.0
1187,227,0,0,0,0,0,0,1.0,1.0
1187,683,0,0,0,0,0,0,1.0,1.0
1187,420,0,0,0,0,0,0,1.0,1.0
1187,146,1,1,1,1,1,1,1.0,1.0
1187,303,0,0,0,0,0,0,1.0,1.0
1187,325,0,0,0,0,0,0,1.0,1.0
1187,79,0,0,0,0,0,0,1.0,1.0
1187,441,1,1,1,1,1,1,1.0,1.0
1187,232,0,0,0,0,0,0,1.0,1.0
1187,183,1,1,1,1,1,1,1.0,1.0
1187,461,0,0,0,0,0,0,1.0,1.0
1187,315,0,0,0,0,0,0,1.0,1.0
1187,322,1,1,1,1,1,1,1.0,1.0
1187,536,0,0,0,0,0,0,1.0,1.0
1187,309,2,2,2,2,2,2,1.0,1.0
1187,105,0,0,0,0,0,0,1.0,1.0
1187,553,1,1,1,1,1,1,1.0,1.0
1187,631,1,1,1,1,1,1,1.0,1.0
1187,213,1,1,1,1,1,1,1.0,1.0
1187,138,0,0,0,0,0,0,1.0,1.0
1187,279,0,0,0,0,0,0,1.0,1.0
1187,55,2,2,2,2,2,2,1.0,1.0
1187,502,0,0,0,0,0,0,1.0,1.0
1187,335,0,0,0,0,0,0,1.0,1.0
1187,687,1,1,1,1,1,1,1.0,1.0
1187,48,0,0,0,0,0,0,1.0,1.0
1187,470,0,0,0,0,0,0,1.0,1.0
1187,485,0,0,0,0,0,0,1.0,1.0
1187,6,2,2,2,2,2,2,1.0,1.0
1187,667,2,2,2,2,2,2,1.0,1.0
1187,634,1,1,1,1,1,1,1.0,1.0
1187,163,1,1,1,1,1,1,1.0,1.0
1187,186,1,1,1,1,1,1,1.0,1.0
1187,209,0,0,0,0,0,0,1.0,1.0
1187,283,0,0,0,0,0,0,1.0,1.0
1187,281,0,0,0,0,0,0,1.0,1.0
1187,187,1,1,1,1,1,1,1.0,1.0
1187,699,2,2,2,2,2,2,1.0,1.0
1187,445,0,0,0,0,0,0,1.0,1.0
1187,385,0,0,0,0,0,0,1.0,1.0
1187,675,0,0,0,0,0,0,1.0,1.0
1187,693,0,0,0,0,0,0,1.0,1.0
1187,115,0,0,0,0,0,0,1.0,1.0
1187,90,0,0,0,0,0,0,1.0,1.0
1187,190,0,0,0,0,0,0,1.0,1.0
1187,730,0,0,0,0,0,0,1.0,1.0
1187,73,0,0,0,0,0,0,1.0,1.0
1187,92,2,2,2,2,2,2,1.0,1.0
1187,313,0,0,0,0,0,0,1.0,1.0
1187,304,0,0,0,0,0,0,1.0,1.0
1187,637,0,0,0,0,0,0,1.0,1.0
1187,621,0,0,0,0,0,0,1.0,1.0
1187,664,2,2,2,2,2,2,1.0,1.0
1187,83,0,0,0,0,0,0,1.0,1.0
1187,62,0,0,0,1,1,0,0.6,0.8
1187,28,0,0,0,0,0,0,1.0,1.0
3756,450,1,1,1,1,1,1,1.0,1.0
3756,47,0,0,0,0,0,0,1.0,1.0
3756,435,0,1,1,1,1,1,0.8,0.9
3756,488,0,0,0,0,0,0,1.0,1.0
3756,163,0,0,0,0,0,0,1.0,1.0
3756,17,1,1,1,1,1,1,1.0,1.0
3756,668,0,0,0,0,0,0,1.0,1.0
3756,514,1,1,1,1,1,1,1.0,1.0
3756,491,0,0,0,0,0,0,1.0,1.0
3756,600,0,0,0,0,0,0,1.0,1.0
3756,711,0,0,0,0,0,0,1.0,1.0
3756,672,1,1,1,0,1,1,0.8,0.9
3756,346,0,0,0,0,0,0,1.0,1.0
3756,101,0,0,0,0,0,0,1.0,1.0
3756,584,0,0,0,0,0,0,1.0,1.0
3756,597,0,0,0,0,0,0,1.0,1.0
3756,142,0,0,0,0,0,0,1.0,1.0
3756,700,0,0,0,0,0,0,1.0,1.0
3756,536,0,0,1,0,1,0,0.6,0.8
3756,352,0,0,0,0,0,0,1.0,1.0
3756,497,0,0,0,0,0,0,1.0,1.0
3756,188,0,0,0,0,0,0,1.0,1.0
3756,271,0,0,0,0,0,0,1.0,1.0
3756,56,0,0,0,0,0,0,1.0,1.0
3756,187,1,1,1,1,1,1,1.0,1.0
3756,95,0,0,0,0,0,0,1.0,1.0
3756,625,0,0,0,0,0,0,1.0,1.0
3756,723,0,0,0,0,0,0,1.0,1.0
3756,661,0,0,0,0,0,0,1.0,1.0
3756,319,0,0,0,0,0,0,1.0,1.0
3756,274,0,0,1,1,1,1,0.6,0.8
3756,703,0,0,0,0,0,0,1.0,1.0
3756,16,1,1,1,1,1,1,1.0,1.0
3756,240,1,1,1,1,1,1,1.0,1.0
3756,627,0,0,0,0,0,0,1.0,1.0
3756,644,0,0,0,0,0,0,1.0,1.0
3756,729,0,0,0,0,0,0,1.0,1.0
3756,682,0,0,0,0,0,0,1.0,1.0
3756,579,0,0,0,0,0,0,1.0,1.0
3756,396,0,0,0,0,0,0,1.0,1.0
3756,98,0,0,0,0,0,0,1.0,1.0
3756,114,0,0,0,0,0,0,1.0,1.0
3756,117,0,0,0,0,0,0,1.0,1.0
3756,190,0,0,0,0,0,0,1.0,1.0
3756,590,0,0,0,0,0,0,1.0,1.0
3756,564,0,0,0,0,0,0,1.0,1.0
3756,445,0,0,0,0,0,0,1.0,1.0
3756,200,1,1,1,1,1,1,1.0,1.0
3756,494,1,1,1,1,1,1,1.0,1.0
3756,330,0,0,0,0,0,0,1.0,1.0
3756,246,0,0,0,0,0,0,1.0,1.0
3756,220,1,1,1,1,1,1,1.0,1.0
3756,485,0,0,0,0,0,0,1.0,1.0
3756,500,0,0,0,0,0,0,1.0,1.0
3756,276,0,0,0,0,0,0,1.0,1.0
3756,209,1,1,1,1,1,1,1.0,1.0
3756,162,0,0,0,0,0,0,1.0,1.0
3756,705,0,0,0,0,0,0,1.0,1.0
3756,64,0,0,0,0,0,0,1.0,1.0
3756,559,1,1,1,1,1,1,1.0,1.0
3756,733,0,0,0,0,0,0,1.0,1.0
3756,99,0,0,0,0,0,0,1.0,1.0
3756,254,1,1,1,1,1,1,1.0,1.0
3756,379,0,0,0,0,0,0,1.0,1.0
3756,699,0,0,0,0,0,0,1.0,1.0
3756,653,0,0,0,0,0,0,1.0,1.0
3756,704,0,0,0,0,0,0,1.0,1.0
3756,696,1,1,1,1,1,1,1.0,1.0
3756,463,0,0,0,0,0,0,1.0,1.0
3756,299,0,0,0,0,0,0,1.0,1.0
3756,255,0,0,0,0,0,0,1.0,1.0
3756,85,0,0,0,0,0,0,1.0,1.0
1415,199,1,0,0,0,0,0,0.8,0.9
1415,228,1,1,1,1,1,1,1.0,1.0
1415,729,1,1,0,1,1,1,0.8,0.9
1415,309,1,1,1,1,1,1,1.0,1.0
1415,603,2,2,2,2,2,2,1.0,1.0
1415,676,0,0,0,0,0,0,1.0,1.0
1415,556,1,1,1,1,1,1,1.0,1.0
1415,67,1,1,1,1,1,1,1.0,1.0
1415,196,2,2,2,2,2,2,1.0,1.0
1415,76,0,0,0,0,0,0,1.0,1.0
1415,580,0,0,0,0,0,0,1.0,1.0
1415,143,0,0,0,0,0,0,1.0,1.0
1415,322,0,0,0,0,0,0,1.0,1.0
1415,452,1,1,1,1,1,1,1.0,1.0
1415,522,1,1,1,1,1,1,1.0,1.0
1415,123,1,1,1,1,1,1,1.0,1.0
1415,235,1,1,1,1,1,1,1.0,1.0
1415,5,1,1,1,1,1,1,1.0,1.0
1415,275,1,1,1,1,1,1,1.0,1.0
1415,713,1,1,1,1,1,1,1.0,1.0
1415,607,0,0,0,0,0,0,1.0,1.0
1415,558,1,1,1,1,1,1,1.0,1.0
1415,313,0,0,1,1,0,0,0.6,0.8
1415,438,1,1,1,1,1,1,1.0,1.0
1415,689,1,1,1,1,1,1,1.0,1.0
1415,285,1,1,1,1,1,1,1.0,1.0
1415,683,1,1,1,1,1,1,1.0,1.0
1415,279,1,1,1,1,1,1,1.0,1.0
1415,118,1,1,1,1,1,1,1.0,1.0
1415,205,0,0,0,0,0,0,1.0,1.0
1415,103,1,1,1,1,1,1,1.0,1.0
1415,443,0,1,1,0,0,0,0.6,0.8
1415,119,0,0,0,0,0,0,1.0,1.0
1415,185,0,0,0,0,0,0,1.0,1.0
1415,675,1,1,1,1,1,1,1.0,1.0
1415,596,1,1,1,1,1,1,1.0,1.0
1415,635,1,1,1,1,1,1,1.0,1.0
1415,299,1,1,1,1,1,1,1.0,1.0
1415,654,0,0,0,0,0,0,1.0,1.0
1415,636,1,1,1,1,1,1,1.0,1.0
1415,457,1,1,1,1,1,1,1.0,1.0
1415,127,1,1,1,1,1,1,1.0,1.0
1415,298,1,1,1,1,1,1,1.0,1.0
1415,616,1,1,1,1,1,1,1.0,1.0
1415,664,1,1,1,1,1,1,1.0,1.0
1415,82,0,0,0,0,0,0,1.0,1.0
1415,441,1,1,1,1,1,1,1.0,1.0
1415,721,0,0,0,0,0,0,1.0,1.0
1415,84,0,0,0,0,0,0,1.0,1.0
1415,416,0,0,0,0,0,0,1.0,1.0
1415,383,0,0,0,0,0,0,1.0,1.0
1415,597,0,0,0,0,0,0,1.0,1.0
1415,172,1,1,1,1,1,1,1.0,1.0
1415,283,0,0,0,0,0,0,1.0,1.0
1415,338,0,0,0,0,0,0,1.0,1.0
1415,300,1,1,1,1,1,1,1.0,1.0
1415,359,1,1,1,1,1,1,1.0,1.0
1415,694,1,1,1,1,1,1,1.0,1.0
1415,181,1,1,1,1,1,1,1.0,1.0
1415,467,1,1,1,1,1,1,1.0,1.0
1415,230,1,1,1,1,1,1,1.0,1.0
1415,409,1,1,1,1,1,1,1.0,1.0
1415,634,1,1,1,1,1,1,1.0,1.0
1415,665,0,0,0,0,0,0,1.0,1.0
1415,650,2,1,2,2,2,2,0.8,0.9
1415,291,0,0,0,0,0,0,1.0,1.0
1415,569,0,0,0,0,0,0,1.0,1.0
1415,559,1,1,1,2,2,1,0.6,0.8
1415,601,1,1,1,1,1,1,1.0,1.0
1415,146,1,1,1,1,1,1,1.0,1.0
1415,513,1,1,1,1,1,1,1.0,1.0
1415,355,0,0,0,0,0,0,1.0,1.0
1415,697,1,1,1,1,1,1,1.0,1.0
1415,478,1,1,1,1,1,1,1.0,1.0
1415,456,0,0,0,0,0,0,1.0,1.0
1415,428,0,0,0,0,0,0,1.0,1.0
1415,667,0,1,1,1,1,1,0.8,0.9
1415,192,1,1,1,1,1,1,1.0,1.0
1415,261,0,0,0,0,0,0,1.0,1.0
1415,613,1,1,1,1,1,1,1.0,1.0
1415,708,0,0,0,0,0,0,1.0,1.0
1415,348,0,0,0,0,0,0,1.0,1.0
1415,553,1,1,1,1,1,1,1.0,1.0
1415,315,1,1,1,1,1,1,1.0,1.0
1415,254,1,1,1,1,1,1,1.0,1.0
1679,360,0,0,0,0,0,0,1.0,1.0
1679,289,1,1,1,1,1,1,1.0,1.0
1679,144,1,1,0,1,1,1,0.8,0.9
1679,68,0,0,0,0,0,0,1.0,1.0
1679,415,2,2,2,2,2,2,1.0,1.0
1679,186,1,1,1,1,1,1,1.0,1.0
1679,326,0,0,0,0,0,0,1.0,1.0
1679,454,1,1,1,1,1,1,1.0,1.0
1679,483,0,0,0,0,0,0,1.0,1.0
1679,453,1,1,1,1,1,1,1.0,1.0
1679,14,0,0,0,0,0,0,1.0,1.0
1679,208,1,1,1,1,1,1,1.0,1.0
1679,637,1,1,1,1,1,1,1.0,1.0
1679,231,0,0,0,0,0,0,1.0,1.0
1679,726,0,0,0,0,0,0,1.0,1.0
1679,692,1,1,1,1,1,1,1.0,1.0
1679,555,0,0,0,0,0,0,1.0,1.0
1679,557,1,1,1,1,1,1,1.0,1.0
1679,693,1,1,1,1,1,1,1.0,1.0
1679,211,2,2,2,2,2,2,1.0,1.0
1679,156,1,1,1,1,1,1,1.0,1.0
1679,250,0,0,0,0,0,0,1.0,1.0
1679,45,1,1,1,1,1,1,1.0,1.0
1679,406,2,2,2,2,2,2,1.0,1.0
1679,136,1,1,1,1,1,1,1.0,1.0
1679,534,1,1,1,1,1,1,1.0,1.0
1679,548,0,0,0,0,0,0,1.0,1.0
1679,177,1,1,1,1,1,1,1.0,1.0
1679,6,2,2,2,2,2,2,1.0,1.0
1679,220,1,1,1,1,1,1,1.0,1.0
1679,652,0,0,0,0,0,0,1.0,1.0
1679,160,0,0,0,0,0,0,1.0,1.0
1679,328,0,0,0,0,0,0,1.0,1.0
1679,110,1,1,1,1,1,1,1.0,1.0
1679,476,0,0,0,0,0,0,1.0,1.0
1679,681,2,2,2,2,2,2,1.0,1.0
1679,621,0,0,0,0,0,0,1.0,1.0
1679,549,1,1,1,1,1,1,1.0,1.0
1679,632,1,1,1,1,1,1,1.0,1.0
1679,83,1,1,1,1,1,1,1.0,1.0
1679,595,1,1,1,1,1,1,1.0,1.0
1679,149,1,1,1,1,1,1,1.0,1.0
1679,266,1,1,1,1,1,1,1.0,1.0
1679,509,0,1,0,1,1,1,0.6,0.8
1679,636,1,1,1,1,1,1,1.0,1.0
1679,566,0,0,0,0,0,0,1.0,1.0
1679,372,1,1,1,1,1,1,1.0,1.0
1679,4,0,0,0,0,0,0,1.0,1.0
1679,140,0,0,0,0,0,0,1.0,1.0
1679,512,1,1,1,1,1,1,1.0,1.0
1679,695,1,1,1,1,1,1,1.0,1.0
1679,251,1,1,1,1,1,1,1.0,1.0
1679,462,1,1,1,1,1,1,1.0,1.0
1679,374,1,1,1,1,1,1,1.0,1.0
1679,457,0,1,1,1,1,1,0.8,0.9
1679,43,0,0,0,0,0,0,1.0,1.0
1679,561,1,1,1,1,1,1,1.0,1.0
1679,582,0,0,0,0,0,0,1.0,1.0
1679,29,2,2,2,2,2,2,1.0,1.0
1679,287,0,0,0,0,0,0,1.0,1.0
1679,222,0,0,0,0,0,0,1.0,1.0
1679,431,0,0,0,0,0,0,1.0,1.0
4286,274,1,1,1,1,1,1,1.0,1.0
4286,684,1,1,1,1,1,1,1.0,1.0
4286,411,1,1,1,1,1,1,1.0,1.0
4286,40,1,1,1,1,1,1,1.0,1.0
4286,337,2,2,2,2,2,2,1.0,1.0
4286,90,1,1,1,1,1,1,1.0,1.0
4286,260,1,1,1,1,1,1,1.0,1.0
4286,631,1,1,1,1,1,1,1.0,1.0
4286,37,1,1,1,1,1,1,1.0,1.0
4286,560,1,1,1,1,1,1,1.0,1.0
4286,591,1,1,1,1,1,1,1.0,1.0
4286,263,1,1,1,1,1,1,1.0,1.0
4286,69,1,1,1,1,1,1,1.0,1.0
4286,384,1,1,1,1,1,1,1.0,1.0
4286,484,0,0,0,0,0,0,1.0,1.0
4286,72,1,1,1,1,1,1,1.0,1.0
4286,161,1,1,1,1,1,1,1.0,1.0
4286,616,1,1,1,1,1,1,1.0,1.0
4286,548,1,1,1,1,1,1,1.0,1.0
4286,120,1,1,1,1,1,1,1.0,1.0
4286,641,2,2,2,2,2,2,1.0,1.0
4286,197,1,1,1,1,1,1,1.0,1.0
4286,602,1,1,1,1,1,1,1.0,1.0
4286,28,0,0,0,0,0,0,1.0,1.0
4286,552,0,0,0,0,0,0,1.0,1.0
4286,364,2,2,2,2,2,2,1.0,1.0
4286,304,1,1,1,1,1,1,1.0,1.0
4286,213,1,1,1,1,1,1,1.0,1.0
4286,569,1,1,1,1,1,1,1.0,1.0
4286,563,0,0,0,0,0,0,1.0,1.0
4286,356,1,0,0,0,0,0,0.8,0.9
4286,123,1,1,1,1,1,1,1.0,1.0
4286,541,1,1,1,1,1,1,1.0,1.0
4286,410,1,1,1,1,1,1,1.0,1.0
4286,402,1,1,1,1,1,1,1.0,1.0
4286,152,1,1,0,1,1,1,0.8,0.9
4286,730,2,2,2,2,2,2,1.0,1.0
4286,649,2,2,2,2,2,2,1.0,1.0
4286,1,1,2,2,2,2,2,0.8,0.9
4286,369,1,1,1,1,1,1,1.0,1.0
4286,687,1,1,1,1,1,1,1.0,1.0
4286,338,0,0,0,0,0,0,1.0,1.0
4286,397,0,0,0,0,0,0,1.0,1.0
4286,538,1,1,1,1,1,1,1.0,1.0
4286,254,1,1,1,1,1,1,1.0,1.0
4286,21,0,0,0,0,0,0,1.0,1.0
4286,12,1,1,1,1,1,1,1.0,1.0
4286,465,2,2,2,2,2,2,1.0,1.0
4286,252,1,1,1,1,1,1,1.0,1.0
4286,92,1,1,1,1,1,1,1.0,1.0
4286,164,1,1,1,1,1,1,1.0,1.0
4286,53,1,1,1,1,1,1,1.0,1.0
4286,62,1,1,1,1,1,1,1.0,1.0
4286,343,0,0,0,0,0,0,1.0,1.0
4286,728,2,2,2,2,2,2,1.0,1.0
4286,623,1,1,1,1,1,1,1.0,1.0
4286,176,1,1,1,1,1,1,1.0,1.0
4286,125,2,2,2,2,2,2,1.0,1.0
4286,91,0,0,0,0,0,0,1.0,1.0
4286,217,1,1,1,1,1,1,1.0,1.0
4286,658,0,0,0,0,0,0,1.0,1.0
4286,449,1,1,1,1,1,1,1.0,1.0
4286,442,1,1,1,1,1,1,1.0,1.0
4286,273,1,1,1,1,1,1,1.0,1.0
4286,621,0,0,0,0,0,0,1.0,1.0
4286,209,0,0,0,0,0,0,1.0,1.0
4286,565,0,0,0,0,0,0,1.0,1.0
4286,523,1,1,1,1,1,1,1.0,1.0
4286,673,1,1,1,1,1,1,1.0,1.0
4286,506,1,1,1,1,1,1,1.0,1.0
4286,110,1,1,1,1,1,1,1.0,1.0
3920,544,0,0,0,0,0,0,1.0,1.0
3920,415,1,1,1,1,1,1,1.0,1.0
3920,296,0,0,0,0,0,0,1.0,1.0
3920,164,1,1,1,1,1,1,1.0,1.0
3920,697,2,2,2,2,2,2,1.0,1.0
3920,293,0,0,0,0,0,0,1.0,1.0
3920,409,1,1,1,1,1,1,1.0,1.0
3920,574,1,1,1,1,1,1,1.0,1.0
3920,186,1,1,1,1,1,1,1.0,1.0
3920,305,0,0,0,0,0,0,1.0,1.0
3920,314,0,0,0,0,0,0,1.0,1.0
3920,363,0,0,0,0,0,0,1.0,1.0
3920,354,0,0,0,0,0,0,1.0,1.0
3920,127,1,1,1,1,1,1,1.0,1.0
3920,395,1,1,1,1,1,1,1.0,1.0
3920,204,1,1,1,1,1,1,1.0,1.0
3920,101,2,2,2,2,2,2,1.0,1.0
3920,319,0,0,0,0,0,0,1.0,1.0
3920,675,1,0,0,1,0,0,0.6,0.8
3920,677,1,1,1,1,1,1,1.0,1.0
3920,282,0,0,0,0,0,0,1.0,1.0
3920,435,1,1,1,1,1,1,1.0,1.0
3920,673,0,0,0,0,0,0,1.0,1.0
3920,40,0,0,0,0,0,0,1.0,1.0
3920,161,1,1,1,1,1,1,1.0,1.0
3920,689,0,0,0,0,0,0,1.0,1.0
3920,641,2,2,2,2,2,2,1.0,1.0
3920,614,0,0,0,0,0,0,1.0,1.0
3920,538,0,0,0,0,0,0,1.0,1.0
3920,703,1,1,1,1,1,1,1.0,1.0
3920,694,1,1,1,1,1,1,1.0,1.0
3920,64,1,1,1,1,1,1,1.0,1.0
3920,454,1,1,0,1,1,1,0.8,0.9
3920,202,0,0,0,0,0,0,1.0,1.0
3920,224,1,1,1,1,1,1,1.0,1.0
3920,695,1,1,1,1,1,1,1.0,1.0
3920,500,2,1,2,2,2,2,0.8,0.9
3920,447,0,0,0,0,0,0,1.0,1.0
3920,550,0,0,0,0,0,0,1.0,1.0
3920,315,0,0,0,0,0,0,1.0,1.0
3920,475,0,0,0,0,0,0,1.0,1.0
3920,450,0,0,0,0,0,0,1.0,1.0
3920,45,1,1,1,1,1,1,1.0,1.0
3920,129,0,0,0,0,0,0,1.0,1.0
3920,309,2,2,2,2,2,2,1.0,1.0
3920,196,0,1,0,0,0,0,0.8,0.9
3920,6,1,1,1,1,1,1,1.0,1.0
3920,580,0,0,0,0,0,0,1.0,1.0
3920,704,0,0,0,0,0,0,1.0,1.0
3920,220,1,1,1,1,1,1,1.0,1.0
3920,355,0,0,0,0,0,0,1.0,1.0
3920,478,2,2,2,2,2,2,1.0,1.0
3920,391,0,0,0,0,0,0,1.0,1.0
3920,619,0,0,0,0,0,0,1.0,1.0
3920,67,1,1,1,1,1,1,1.0,1.0
3920,16,1,1,1,1,1,1,1.0,1.0
3920,553,1,1,1,1,1,1,1.0,1.0
3920,594,0,0,0,0,0,0,1.0,1.0
3920,198,0,0,0,0,0,0,1.0,1.0
3920,559,1,1,1,1,1,1,1.0,1.0
3920,506,1,1,1,1,1,1,1.0,1.0
3920,668,0,0,0,0,0,0,1.0,1.0
3920,300,0,0,0,0,0,0,1.0,1.0
3920,372,1,1,1,1,1,1,1.0,1.0
3920,711,0,0,0,0,0,0,1.0,1.0
3920,351,0,0,0,0,0,0,1.0,1.0
3920,304,1,1,0,1,1,1,0.8,0.9
3920,397,0,0,0,0,0,0,1.0,1.0
3920,283,1,1,1,1,1,1,1.0,1.0
3920,35,0,0,0,0,0,0,1.0,1.0
3920,83,0,0,0,0,0,0,1.0,1.0
3920,710,0,0,0,0,0,0,1.0,1.0
3920,1,1,1,1,1,1,1,1.0,1.0
3920,114,1,0,0,0,0,0,0.8,0.9
3920,600,0,0,0,0,0,0,1.0,1.0
3920,665,0,0,0,0,0,0,1.0,1.0
3920,163,1,1,1,1,1,1,1.0,1.0
6577,365,0,0,0,0,0,0,1.0,1.0
6577,5,1,1,1,1,1,1,1.0,1.0
6577,336,1,1,1,1,1,1,1.0,1.0
6577,318,0,0,0,0,0,0,1.0,1.0
6577,482,1,1,1,1,1,1,1.0,1.0
6577,574,1,1,1,1,1,1,1.0,1.0
6577,43,1,1,1,1,1,1,1.0,1.0
6577,352,2,2,2,2,2,2,1.0,1.0
6577,29,0,0,0,0,0,0,1.0,1.0
6577,85,0,0,0,0,0,0,1.0,1.0
6577,299,1,1,1,1,1,1,1.0,1.0
6577,614,0,0,0,0,0,0,1.0,1.0
6577,143,1,1,1,1,1,1,1.0,1.0
6577,206,1,1,1,1,1,1,1.0,1.0
6577,327,1,1,1,1,1,1,1.0,1.0
6577,348,0,0,0,0,0,0,1.0,1.0
6577,4,1,1,1,1,1,1,1.0,1.0
6577,34,1,1,1,1,1,1,1.0,1.0
6577,322,1,1,1,1,1,1,1.0,1.0
6577,268,1,1,1,1,1,1,1.0,1.0
6577,156,1,1,1,1,1,1,1.0,1.0
6577,152,0,0,0,0,0,0,1.0,1.0
6577,406,1,1,1,1,1,1,1.0,1.0
6577,693,1,1,1,1,1,1,1.0,1.0
6577,279,1,1,1,1,1,1,1.0,1.0
6577,37,1,1,1,1,1,1,1.0,1.0
6577,72,1,1,1,1,1,1,1.0,1.0
6577,187,1,1,1,1,1,1,1.0,1.0
6577,92,1,1,1,1,1,1,1.0,1.0
6577,62,1,1,2,1,1,1,0.8,0.9
6577,649,1,1,1,1,1,1,1.0,1.0
6577,726,0,0,0,0,0,0,1.0,1.0
6577,271,2,2,2,2,2,2,1.0,1.0
6577,120,1,1,1,1,1,1,1.0,1.0
6577,107,0,0,0,0,0,0,1.0,1.0
6577,313,0,0,0,0,0,0,1.0,1.0
6577,312,1,1,1,1,1,1,1.0,1.0
6577,739,2,2,2,2,2,2,1.0,1.0
6577,636,0,0,1,0,1,0,0.6,0.8
6577,730,0,0,0,0,0,0,1.0,1.0
6577,379,0,0,1,1,1,1,0.6,0.8
6577,733,1,1,1,1,1,1,1.0,1.0
6577,561,1,1,1,1,1,1,1.0,1.0
6577,238,1,1,1,1,1,1,1.0,1.0
6577,699,2,2,2,2,2,2,1.0,1.0
6577,402,1,1,1,1,1,1,1.0,1.0
6577,555,0,0,0,0,0,0,1.0,1.0
6577,449,1,1,1,1,1,1,1.0,1.0
6577,176,1,1,1,1,1,1,1.0,1.0
6577,556,1,1,1,1,1,1,1.0,1.0
6577,230,1,1,1,1,1,1,1.0,1.0
6577,670,2,2,2,2,2,2,1.0,1.0
6577,211,2,2,2,2,2,2,1.0,1.0
6577,30,0,0,0,0,0,0,1.0,1.0
6577,658,2,2,2,1,2,2,0.8,0.9
6577,9,0,0,0,0,0,0,1.0,1.0
6577,403,0,0,0,0,0,0,1.0,1.0
6577,428,0,0,0,0,0,0,1.0,1.0
6577,661,0,0,0,0,0,0,1.0,1.0
3149,213,1,1,1,1,1,1,1.0,1.0
3149,452,1,1,1,1,1,1,1.0,1.0
3149,517,1,1,1,1,1,1,1.0,1.0
3149,303,2,2,2,2,2,2,1.0,1.0
3149,53,1,1,1,1,1,1,1.0,1.0
3149,696,1,1,1,1,1,1,1.0,1.0
3149,667,2,2,2,2,2,2,1.0,1.0
3149,291,0,0,0,0,0,0,1.0,1.0
3149,586,0,0,0,0,0,0,1.0,1.0
3149,34,1,1,1,1,1,1,1.0,1.0
3149,210,0,0,0,0,0,0,1.0,1.0
3149,683,0,1,1,0,0,0,0.6,0.8
3149,73,0,0,0,0,0,0,1.0,1.0
3149,223,1,1,1,1,1,1,1.0,1.0
3149,453,1,1,1,1,1,1,1.0,1.0
3149,720,1,1,1,1,1,1,1.0,1.0
3149,21,1,1,1,1,1,1,1.0,1.0
3149,451,1,1,1,1,1,1,1.0,1.0
3149,217,2,2,2,2,2,2,1.0,1.0
3149,570,1,1,1,1,1,1,1.0,1.0
3149,442,1,1,1,1,1,1,1.0,1.0
3149,298,2,2,2,2,2,2,1.0,1.0
3149,477,0,0,0,0,0,0,1.0,1.0
3149,171,0,0,0,0,0,0,1.0,1.0
3149,551,1,1,1,1,1,1,1.0,1.0
3149,418,1,1,1,1,1,1,1.0,1.0
3149,654,0,0,0,0,0,0,1.0,1.0
3149,235,0,0,0,0,0,0,1.0,1.0
3149,200,1,1,1,1,1,1,1.0,1.0
3149,106,0,0,0,0,0,0,1.0,1.0
3149,197,1,1,1,1,1,1,1.0,1.0
3149,339,0,0,0,0,0,0,1.0,1.0
3149,684,1,1,1,1,1,1,1.0,1.0
3149,631,2,2,2,2,2,2,1.0,1.0
3149,428,0,0,0,0,0,0,1.0,1.0
3149,354,1,1,1,1,1,1,1.0,1.0
3149,331,1,1,1,1,1,1,1.0,1.0
3149,401,1,1,1,1,1,1,1.0,1.0
3149,441,2,1,1,1,1,1,0.8,0.9
3149,688,2,2,2,2,2,2,1.0,1.0
3149,260,1,1,1,1,1,1,1.0,1.0
3149,634,1,1,1,1,1,1,1.0,1.0
3149,12,2,2,2,2,2,2,1.0,1.0
3149,228,1,1,1,1,1,1,1.0,1.0
3149,583,2,2,2,2,2,2,1.0,1.0
3149,637,0,0,0,0,0,0,1.0,1.0
3149,483,0,0,0,0,0,0,1.0,1.0
3149,356,1,1,1,1,1,1,1.0,1.0
3149,484,0,0,1,0,0,0,0.8,0.9
3149,560,2,2,2,2,2,2,1.0,1.0
3149,445,1,1,1,1,1,1,1.0,1.0
3149,664,2,2,2,2,2,2,1.0,1.0
3149,212,1,1,1,1,1,1,1.0,1.0
3149,343,0,0,0,0,0,0,1.0,1.0
3149,240,2,2,2,2,2,2,1.0,1.0
3149,558,1,1,1,1,1,1,1.0,1.0
3149,701,1,1,1,1,1,1,1.0,1.0
3149,509,0,1,0,0,1,0,0.6,0.8
3149,327,1,1,1,1,1,1,1.0,1.0
3149,297,1,1,1,1,1,1,1.0,1.0
3149,28,0,0,0,0,0,0,1.0,1.0
3149,263,2,1,2,1,2,2,0.6,0.8
3149,601,2,2,2,2,2,2,1.0,1.0
4124,406,0,0,0,0,0,0,1.0,1.0
4124,113,0,0,0,0,0,0,1.0,1.0
4124,190,0,0,0,0,0,0,1.0,1.0
4124,594,0,0,0,0,0,0,1.0,1.0
4124,349,0,0,0,0,0,0,1.0,1.0
4124,356,1,1,1,1,1,1,1.0,1.0
4124,85,0,0,0,0,0,0,1.0,1.0
4124,226,0,0,0,0,0,0,1.0,1.0
4124,454,1,1,1,1,1,1,1.0,1.0
4124,92,1,1,1,1,1,1,1.0,1.0
4124,271,1,1,1,1,1,1,1.0,1.0
4124,297,0,0,0,0,0,0,1.0,1.0
4124,94,0,0,0,0,0,0,1.0,1.0
4124,104,0,0,0,0,0,0,1.0,1.0
4124,21,2,2,2,2,2,2,1.0,1.0
4124,621,0,0,0,0,0,0,1.0,1.0
4124,631,1,1,1,1,1,1,1.0,1.0
4124,595,1,1,1,1,1,1,1.0,1.0
4124,123,2,2,2,2,2,2,1.0,1.0
4124,509,0,0,0,0,0,0,1.0,1.0
4124,673,0,0,0,0,0,0,1.0,1.0
4124,538,0,0,0,0,0,0,1.0,1.0
4124,607,0,0,0,0,0,0,1.0,1.0
4124,689,0,0,0,0,0,0,1.0,1.0
4124,560,1,1,1,1,1,1,1.0,1.0
4124,452,1,1,1,1,1,1,1.0,1.0
4124,523,1,1,1,1,1,1,1.0,1.0
4124,240,2,1,2,2,2,2,0.8,0.9
4124,93,0,0,0,0,0,0,1.0,1.0
4124,699,1,1,1,1,1,1,1.0,1.0
4124,144,0,0,0,0,0,0,1.0,1.0
4124,194,1,1,0,0,1,1,0.6,0.8
4124,186,1,1,1,1,1,1,1.0,1.0
4124,496,1,1,1,1,1,1,1.0,1.0
4124,4,0,0,0,0,0,0,1.0,1.0
4124,555,0,0,0,0,0,0,1.0,1.0
4124,562,0,0,0,0,0,0,1.0,1.0
4124,442,0,0,0,0,0,0,1.0,1.0
4124,157,0,0,0,0,0,0,1.0,1.0
4124,125,0,0,0,0,0,0,1.0,1.0
4124,450,1,1,1,1,1,1,1.0,1.0
4124,111,0,0,0,0,0,0,1.0,1.0
4124,31,0,0,0,0,0,0,1.0,1.0
4124,539,0,0,0,0,0,0,1.0,1.0
4124,334,0,0,0,0,0,0,1.0,1.0
4124,225,0,0,0,0,0,0,1.0,1.0
4124,46,0,0,0,0,0,0,1.0,1.0
4124,672,1,1,1,1,1,1,1.0,1.0
4124,311,0,0,0,0,0,0,1.0,1.0
4124,600,0,0,0,0,0,0,1.0,1.0
4124,230,0,0,0,0,0,0,1.0,1.0
4124,687,1,1,1,1,1,1,1.0,1.0
4124,733,1,1,1,1,1,1,1.0,1.0
4124,12,0,0,0,0,0,0,1.0,1.0
4124,110,0,0,0,0,0,0,1.0,1.0
4124,279,0,0,0,0,0,0,1.0,1.0
4124,682,0,0,0,0,0,0,1.0,1.0
4124,90,0,0,0,0,0,0,1.0,1.0
699,478,1,1,1,1,1,1,1.0,1.0
699,445,1,1,1,1,1,1,1.0,1.0
699,608,1,1,1,1,1,1,1.0,1.0
699,422,0,0,0,0,0,0,1.0,1.0
699,228,0,0,0,0,0,0,1.0,1.0
699,195,1,0,1,1,1,1,0.8,0.9
699,408,1,1,1,1,1,1,1.0,1.0
699,262,1,1,1,1,1,1,1.0,1.0
699,653,0,0,0,0,0,0,1.0,1.0
699,114,0,0,0,0,0,0,1.0,1.0
699,357,0,0,0,0,0,0,1.0,1.0
699,614,0,0,0,0,0,0,1.0,1.0
699,409,0,0,0,0,0,0,1.0,1.0
699,11,0,0,0,0,0,0,1.0,1.0
699,738,1,1,1,1,1,1,1.0,1.0
699,130,0,0,0,0,0,0,1.0,1.0
699,640,0,0,0,0,0,0,1.0,1.0
699,369,0,0,0,0,0,0,1.0,1.0
699,419,0,0,0,0,0,0,1.0,1.0
699,634,0,0,0,0,0,0,1.0,1.0
699,665,0,1,1,1,1,1,0.8,0.9
699,582,0,0,0,0,0,0,1.0,1.0
699,90,0,0,0,0,0,0,1.0,1.0
699,573,0,0,0,0,0,0,1.0,1.0
699,553,1,1,1,1,1,1,1.0,1.0
699,116,0,0,0,0,0,0,1.0,1.0
699,175,0,1,0,1,1,1,0.6,0.8
699,14,0,0,0,0,0,0,1.0,1.0
699,484,0,0,0,0,0,0,1.0,1.0
699,438,0,0,0,0,0,0,1.0,1.0
699,572,0,0,0,0,0,0,1.0,1.0
699,556,1,1,1,1,1,1,1.0,1.0
699,304,1,1,1,1,1,1,1.0,1.0
699,43,0,0,0,0,0,0,1.0,1.0
699,164,1,1,1,1,1,1,1.0,1.0
699,35,0,0,0,0,0,0,1.0,1.0
699,16,1,1,1,1,1,1,1.0,1.0
699,664,1,1,1,0,1,1,0.8,0.9
699,266,0,0,0,0,0,0,1.0,1.0
699,62,0,0,0,0,0,0,1.0,1.0
699,169,0,0,0,0,0,0,1.0,1.0
699,59,0,0,0,0,0,0,1.0,1.0
699,109,0,0,0,0,0,0,1.0,1.0
699,474,1,1,1,1,1,1,1.0,1.0
699,64,1,1,1,1,1,1,1.0,1.0
699,684,0,0,0,0,0,0,1.0,1.0
699,105,0,0,0,0,0,0,1.0,1.0
699,363,0,0,0,0,0,0,1.0,1.0
699,348,0,0,0,0,0,0,1.0,1.0
699,141,0,0,0,0,0,0,1.0,1.0
699,149,1,1,1,0,1,1,0.8,0.9
699,444,0,0,0,0,0,0,1.0,1.0
699,502,0,0,0,0,0,0,1.0,1.0
699,125,0,0,0,0,0,0,1.0,1.0
699,558,0,0,0,0,0,0,1.0,1.0
699,694,1,1,1,1,1,1,1.0,1.0
699,242,0,0,0,0,0,0,1.0,1.0
699,617,1,0,0,0,1,0,0.6,0.8
699,506,0,0,0,0,0,0,1.0,1.0
699,29,0,0,0,0,0,0,1.0,1.0
699,219,0,0,0,0,0,0,1.0,1.0
699,417,0,0,0,0,0,0,1.0,1.0
699,45,1,1,1,1,1,1,1.0,1.0
699,258,0,0,0,0,0,0,1.0,1.0
699,616,0,0,0,0,0,0,1.0,1.0
699,587,0,0,0,0,0,0,1.0,1.0
699,662,0,0,0,0,0,0,1.0,1.0
699,605,0,0,0,0,0,0,1.0,1.0
699,171,0,0,0,0,0,0,1.0,1.0
699,561,0,0,0,0,0,0,1.0,1.0
699,405,0,0,0,0,0,0,1.0,1.0
699,338,0,0,0,0,0,0,1.0,1.0
699,676,0,0,0,0,0,0,1.0,1.0
699,101,0,0,0,0,0,0,1.0,1.0
699,152,0,0,0,0,0,0,1.0,1.0
699,330,0,0,0,0,0,0,1.0,1.0
699,704,0,0,0,0,0,0,1.0,1.0
699,5,1,0,0,0,0,0,0.8,0.9
5887,358,0,0,0,0,0,0,1.0,1.0
5887,531,2,2,2,2,2,2,1.0,1.0
5887,574,1,1,1,1,1,1,1.0,1.0
5887,195,1,1,1,1,1,1,1.0,1.0
5887,730,0,0,0,0,0,0,1.0,1.0
5887,435,1,1,1,1,1,1,1.0,1.0
5887,392,1,1,1,1,1,1,1.0,1.0
5887,695,1,1,1,1,1,1,1.0,1.0
5887,651,0,0,0,0,0,0,1.0,1.0
5887,350,1,1,1,1,1,1,1.0,1.0
5887,174,0,0,0,0,0,0,1.0,1.0
5887,441,1,1,1,1,1,1,1.0,1.0
5887,463,0,0,0,0,0,0,1.0,1.0
5887,434,0,0,0,0,0,0,1.0,1.0
5887,105,0,0,0,0,0,0,1.0,1.0
5887,343,0,0,0,0,0,0,1.0,1.0
5887,618,1,1,1,1,1,1,1.0,1.0
5887,312,2,2,2,2,2,2,1.0,1.0
5887,514,1,1,1,1,1,1,1.0,1.0
5887,115,0,0,0,0,0,0,1.0,1.0
5887,611,0,0,0,0,0,0,1.0,1.0
5887,546,0,0,0,0,0,0,1.0,1.0
5887,235,0,0,0,0,0,0,1.0,1.0
5887,263,1,1,1,1,1,1,1.0,1.0
5887,213,1,1,1,1,1,1,1.0,1.0
5887,61,0,0,0,0,0,0,1.0,1.0
5887,402,1,1,1,1,1,1,1.0,1.0
5887,298,1,1,1,1,1,1,1.0,1.0
5887,99,1,1,1,1,1,1,1.0,1.0
5887,119,0,0,0,0,0,0,1.0,1.0
5887,104,1,1,1,1,1,1,1.0,1.0
5887,453,1,1,1,1,1,1,1.0,1.0
5887,248,1,1,1,1,1,1,1.0,1.0
5887,97,0,0,0,0,0,0,1.0,1.0
5887,163,1,1,1,1,1,1,1.0,1.0
5887,438,1,1,1,1,0,1,0.8,0.9
5887,667,1,1,1,1,1,1,1.0,1.0
5887,443,0,0,0,0,0,0,1.0,1.0
5887,532,0,1,1,1,1,1,0.8,0.9
5887,726,0,0,0,0,0,0,1.0,1.0
5887,208,1,1,1,1,1,1,1.0,1.0
5887,541,0,0,0,0,0,0,1.0,1.0
5887,467,0,0,0,0,0,0,1.0,1.0
5887,334,0,0,0,0,0,0,1.0,1.0
5887,349,0,0,0,0,0,0,1.0,1.0
5887,488,0,0,0,0,0,0,1.0,1.0
5887,257,0,0,0,0,0,0,1.0,1.0
5887,268,1,1,1,1,1,1,1.0,1.0
5887,500,1,1,1,1,1,1,1.0,1.0
5887,371,0,0,0,0,0,0,1.0,1.0
5887,587,0,0,0,0,0,0,1.0,1.0
5887,6,1,1,1,1,1,1,1.0,1.0
5887,597,0,0,0,0,0,0,1.0,1.0
5887,156,1,1,1,1,1,1,1.0,1.0
5887,300,0,0,0,0,0,0,1.0,1.0
5887,653,0,0,0,0,0,0,1.0,1.0
5887,527,1,1,1,1,1,1,1.0,1.0
5887,211,1,1,1,1,1,1,1.0,1.0
5887,625,1,1,1,1,1,1,1.0,1.0
5887,67,1,1,1,1,1,1,1.0,1.0
5887,449,1,1,1,1,1,1,1.0,1.0
5887,604,0,0,1,1,1,1,0.6,0.8
5887,397,0,0,0,0,0,0,1.0,1.0
5887,286,1,0,1,1,1,1,0.8,0.9
5887,580,0,0,0,0,0,0,1.0,1.0
5887,355,0,0,0,0,0,0,1.0,1.0
5887,1,1,1,1,1,1,1,1.0,1.0
5887,127,1,1,1,1,1,1,1.0,1.0
5887,542,1,1,1,1,1,1,1.0,1.0
7029,351,0,0,0,0,0,0,1.0,1.0
7029,161,0,0,0,0,0,0,1.0,1.0
7029,395,0,0,0,0,0,0,1.0,1.0
7029,536,0,0,0,0,0,0,1.0,1.0
7029,731,2,2,2,2,2,2,1.0,1.0
7029,153,0,0,0,0,0,0,1.0,1.0
7029,711,0,0,0,0,0,0,1.0,1.0
7029,196,2,2,2,2,2,2,1.0,1.0
7029,637,1,1,1,1,1,1,1.0,1.0
7029,382,0,0,0,0,0,0,1.0,1.0
7029,697,0,0,0,0,0,0,1.0,1.0
7029,118,1,0,0,1,1,1,0.6,0.8
7029,53,2,2,2,2,2,2,1.0,1.0
7029,420,0,0,0,0,0,0,1.0,1.0
7029,313,0,0,0,0,0,0,1.0,1.0
7029,525,0,0,0,0,0,0,1.0,1.0
7029,2,0,0,0,0,0,0,1.0,1.0
7029,531,0,0,0,0,0,0,1.0,1.0
7029,143,1,1,1,1,1,1,1.0,1.0
7029,672,1,1,1,1,1,1,1.0,1.0
7029,179,1,1,1,0,1,1,0.8,0.9
7029,523,0,0,0,0,0,0,1.0,1.0
7029,37,2,2,2,2,2,2,1.0,1.0
7029,601,0,0,0,0,0,0,1.0,1.0
7029,513,0,0,0,0,0,0,1.0,1.0
7029,724,0,0,0,0,0,0,1.0,1.0
7029,83,0,0,0,0,0,0,1.0,1.0
7029,360,0,0,0,0,0,0,1.0,1.0
7029,315,0,0,0,0,0,0,1.0,1.0
7029,641,1,1,1,1,1,1,1.0,1.0
7029,655,0,0,0,0,0,0,1.0,1.0
7029,529,0,0,0,0,0,0,1.0,1.0
7029,383,0,0,0,0,0,0,1.0,1.0
7029,8,0,0,0,0,0,0,1.0,1.0
7029,269,0,0,0,0,0,0,1.0,1.0
7029,187,1,1,1,1,1,1,1.0,1.0
7029,220,2,2,2,2,2,2,1.0,1.0
7029,379,0,0,0,0,0,0,1.0,1.0
7029,197,0,0,0,0,0,0,1.0,1.0
7029,258,0,0,0,0,0,0,1.0,1.0
7029,514,1,1,1,1,1,1,1.0,1.0
7029,291,1,1,1,1,1,1,1.0,1.0
7029,283,0,0,0,0,0,0,1.0,1.0
7029,320,0,0,0,0,0,0,1.0,1.0
7029,40,0,0,0,0,0,0,1.0,1.0
7029,14,1,1,1,1,1,1,1.0,1.0
7029,571,0,0,0,0,0,0,1.0,1.0
7029,412,0,0,0,0,0,0,1.0,1.0
7029,415,1,1,1,1,1,1,1.0,1.0
7029,540,0,0,0,0,0,0,1.0,1.0
7029,277,0,0,0,0,0,0,1.0,1.0
7029,614,0,0,0,0,0,0,1.0,1.0
7029,372,1,1,1,1,1,1,1.0,1.0
7029,649,0,1,0,1,1,1,0.6,0.8
7029,627,0,0,0,0,0,0,1.0,1.0
7029,719,0,0,0,0,0,0,1.0,1.0
7029,675,0,0,0,0,0,0,1.0,1.0
7029,169,0,0,0,0,0,0,1.0,1.0
7029,683,0,1,1,1,1,1,0.8,0.9
7029,501,0,0,0,0,0,0,1.0,1.0
7029,120,0,0,0,0,0,0,1.0,1.0
7029,125,0,0,0,0,0,0,1.0,1.0
7029,696,1,1,1,1,1,1,1.0,1.0
7029,200,1,1,1,1,1,1,1.0,1.0
7029,687,1,1,0,1,0,1,0.6,0.8
7029,693,0,0,0,0,0,0,1.0,1.0
7029,215,1,1,1,1,1,1,1.0,1.0
7029,324,0,1,1,0,1,1,0.6,0.8
7029,294,0,0,0,0,0,0,1.0,1.0
7029,493,0,0,0,0,0,0,1.0,1.0
7029,646,0,0,0,0,0,0,1.0,1.0
7029,72,0,0,0,0,0,0,1.0,1.0
7029,535,0,0,0,0,0,0,1.0,1.0
7029,408,0,0,0,0,0,0,1.0,1.0
7029,335,0,0,0,0,0,0,1.0,1.0
7029,309,1,1,1,1,1,1,1.0,1.0
7029,209,0,0,0,0,0,0,1.0,1.0
7029,368,0,0,0,0,0,0,1.0,1.0
7029,658,0,0,0,0,0,0,1.0,1.0
7029,491,1,1,1,1,1,1,1.0,1.0
7029,348,0,0,0,0,0,0,1.0,1.0
7029,630,0,0,0,0,0,0,1.0,1.0
7029,286,0,0,0,0,0,0,1.0,1.0
7029,28,0,0,0,0,0,0,1.0,1.0
1275,500,2,2,2,2,2,2,1.0,1.0
1275,6,1,1,1,1,1,1,1.0,1.0
1275,693,0,0,0,0,0,0,1.0,1.0
1275,230,0,0,0,0,0,0,1.0,1.0
1275,445,1,1,1,1,1,1,1.0,1.0
1275,435,2,2,2,2,2,2,1.0,1.0
1275,629,0,0,0,0,0,0,1.0,1.0
1275,45,0,0,0,0,0,0,1.0,1.0
1275,472,1,1,1,1,1,1,1.0,1.0
1275,616,0,0,0,0,0,0,1.0,1.0
1275,470,1,1,1,1,1,1,1.0,1.0
1275,242,0,0,0,0,0,0,1.0,1.0
1275,213,1,1,1,1,1,1,1.0,1.0
1275,586,0,0,0,0,0,0,1.0,1.0
1275,152,0,0,0,0,0,0,1.0,1.0
1275,355,1,1,1,1,1,1,1.0,1.0
1275,305,0,0,0,0,0,0,1.0,1.0
1275,441,0,0,0,0,0,0,1.0,1.0
1275,684,1,1,1,1,1,1,1.0,1.0
1275,733,1,1,0,1,1,1,0.8,0.9
1275,200,2,2,2,2,2,2,1.0,1.0
1275,359,1,1,1,1,1,1,1.0,1.0
1275,703,1,0,0,0,1,0,0.6,0.8
1275,343,0,0,0,0,0,0,1.0,1.0
1275,37,2,2,1,2,2,2,0.8,0.9
1275,453,1,1,1,1,1,1,1.0,1.0
1275,559,0,0,0,0,0,0,1.0,1.0
1275,538,0,0,0,0,0,0,1.0,1.0
1275,260,0,0,0,0,0,0,1.0,1.0
1275,422,0,0,0,0,0,0,1.0,1.0
1275,637,0,0,0,0,0,0,1.0,1.0
1275,64,0,0,0,0,0,0,1.0,1.0
1275,203,0,0,0,0,0,0,1.0,1.0
1275,418,1,1,1,1,1,1,1.0,1.0
1275,400,1,1,1,1,1,1,1.0,1.0
1275,53,1,1,1,1,1,1,1.0,1.0
1275,718,0,0,0,0,0,0,1.0,1.0
1275,47,0,0,0,0,0,0,1.0,1.0
1275,232,1,1,1,1,1,1,1.0,1.0
1275,673,0,0,0,0,0,0,1.0,1.0
1275,550,0,0,0,0,0,0,1.0,1.0
1275,494,0,0,0,0,0,0,1.0,1.0
1275,319,1,1,1,1,1,1,1.0,1.0
1275,484,1,1,1,1,1,1,1.0,1.0
1275,352,2,2,1,1,1,1,0.6,0.8
1275,689,0,0,0,0,0,0,1.0,1.0
1275,169,0,0,0,0,0,0,1.0,1.0
1275,558,1,1,1,1,1,1,1.0,1.0
1275,164,2,2,2,2,2,2,1.0,1.0
1275,126,0,0,0,0,0,0,1.0,1.0
1275,244,0,0,0,0,0,0,1.0,1.0
1275,50,0,0,0,0,0,0,1.0,1.0
1275,518,1,1,1,1,1,1,1.0,1.0
1275,430,1,1,1,1,1,1,1.0,1.0
1275,654,0,0,0,0,0,0,1.0,1.0
1275,217,1,1,1,1,1,1,1.0,1.0
1275,75,0,0,0,0,0,0,1.0,1.0
1275,120,1,1,1,1,1,1,1.0,1.0
1275,188,1,1,1,1,1,1,1.0,1.0
1275,501,1,1,1,1,1,1,1.0,1.0
1275,683,0,0,0,0,0,0,1.0,1.0
1275,676,0,0,0,0,0,0,1.0,1.0
1275,717,1,1,1,1,1,1,1.0,1.0
1275,711,0,0,0,0,0,0,1.0,1.0
1275,335,1,1,1,1,1,1,1.0,1.0
1275,316,1,1,1,1,1,1,1.0,1.0
1275,235,0,0,1,1,1,1,0.6,0.8
1275,174,0,0,0,0,0,0,1.0,1.0
1275,450,1,1,1,1,1,1,1.0,1.0
1275,506,1,1,1,1,1,1,1.0,1.0
1275,79,0,0,0,0,0,0,1.0,1.0
1275,220,1,1,1,1,1,1,1.0,1.0
1275,437,0,0,0,0,0,0,1.0,1.0
1275,597,0,1,0,0,0,0,0.8,0.9
1275,502,0,0,0,0,0,0,1.0,1.0
1275,446,0,0,0,0,0,0,1.0,1.0
6868,631,1,1,2,2,2,2,0.6,0.8
6868,309,1,1,1,1,1,1,1.0,1.0
6868,695,1,1,1,1,1,1,1.0,1.0
6868,197,2,2,1,2,1,2,0.6,0.8
6868,211,2,1,1,1,1,1,0.8,0.9
6868,513,1,1,1,1,1,1,1.0,1.0
6868,183,1,1,1,1,1,1,1.0,1.0
6868,312,1,1,1,1,1,1,1.0,1.0
6868,283,0,0,0,0,0,0,1.0,1.0
6868,402,1,1,1,1,1,1,1.0,1.0
6868,676,0,0,0,0,0,0,1.0,1.0
6868,600,1,1,1,1,1,1,1.0,1.0
6868,672,1,1,1,1,1,1,1.0,1.0
6868,4,0,0,0,0,0,0,1.0,1.0
6868,203,0,0,0,0,0,0,1.0,1.0
6868,225,0,0,0,0,0,0,1.0,1.0
6868,166,1,1,1,1,1,1,1.0,1.0
6868,86,1,1,1,1,1,1,1.0,1.0
6868,583,2,2,2,2,2,2,1.0,1.0
6868,658,0,0,0,0,0,0,1.0,1.0
6868,301,1,1,1,1,1,1,1.0,1.0
6868,83,1,1,1,1,1,1,1.0,1.0
6868,143,1,1,1,1,1,1,1.0,1.0
6868,228,0,0,0,0,0,0,1.0,1.0
6868,697,1,1,1,1,0,1,0.8,0.9
6868,77,0,0,0,0,0,0,1.0,1.0
6868,415,1,1,1,1,1,1,1.0,1.0
6868,533,0,0,0,0,0,0,1.0,1.0
6868,29,1,1,1,1,1,1,1.0,1.0
6868,260,0,0,0,0,0,0,1.0,1.0
6868,699,1,1,1,1,1,1,1.0,1.0
6868,19,1,1,1,1,1,1,1.0,1.0
6868,146,1,1,1,1,1,1,1.0,1.0
6868,556,1,1,1,1,1,1,1.0,1.0
6868,246,1,1,1,1,1,1,1.0,1.0
6868,397,1,1,1,1,1,1,1.0,1.0
6868,163,0,0,0,0,0,0,1.0,1.0
6868,580,0,0,0,0,0,0,1.0,1.0
6868,499,0,0,0,0,0,0,1.0,1.0
6868,305,0,0,0,0,0,0,1.0,1.0
6868,123,1,1,1,1,1,1,1.0,1.0
6868,111,1,1,1,1,1,1,1.0,1.0
6868,67,1,1,1,1,1,1,1.0,1.0
6868,122,0,0,0,0,0,0,1.0,1.0
6868,703,0,0,1,1,1,1,0.6,0.8
6868,713,1,1,1,1,1,1,1.0,1.0
6868,196,1,1,1,1,1,1,1.0,1.0
6868,28,0,1,1,1,1,1,0.8,0.9
6868,92,1,1,1,1,1,1,1.0,1.0
6868,319,1,1,1,1,1,1,1.0,1.0
6868,498,1,1,1,1,1,1,1.0,1.0
6868,313,0,0,0,0,0,0,1.0,1.0
6868,110,1,1,1,1,1,1,1.0,1.0
6868,124,1,1,1,1,1,1,1.0,1.0
6868,452,1,1,1,1,1,1,1.0,1.0
6868,291,0,0,0,0,0,0,1.0,1.0
6868,687,1,1,1,1,1,1,1.0,1.0
6868,290,1,1,1,1,1,1,1.0,1.0
6868,492,0,0,0,0,0,0,1.0,1.0
6868,430,0,0,0,0,0,0,1.0,1.0
6868,161,0,0,0,0,0,0,1.0,1.0
6868,156,1,1,1,1,1,1,1.0,1.0
6868,72,1,1,1,1,1,1,1.0,1.0
6868,54,1,1,1,1,1,1,1.0,1.0
6868,446,0,0,0,0,0,0,1.0,1.0
6868,454,1,1,1,1,1,1,1.0,1.0
6868,208,1,1,1,1,1,1,1.0,1.0
6868,21,1,1,1,1,1,1,1.0,1.0
6868,368,1,1,1,1,1,1,1.0,1.0
6868,14,0,0,0,0,0,0,1.0,1.0
6868,667,1,1,1,1,1,1,1.0,1.0
6868,618,1,1,1,1,1,1,1.0,1.0
6868,315,1,1,1,1,1,1,1.0,1.0
6868,263,1,1,1,1,1,1,1.0,1.0
6868,664,1,1,1,1,1,1,1.0,1.0
6868,271,1,1,1,1,1,1,1.0,1.0
6868,730,0,0,0,0,0,0,1.0,1.0
6868,247,0,0,0,0,0,0,1.0,1.0
6868,392,1,1,1,1,1,1,1.0,1.0
6868,300,1,1,1,1,1,1,1.0,1.0
6868,114,0,1,1,1,1,1,0.8,0.9
7167,596,0,0,0,0,0,0,1.0,1.0
7167,563,0,0,0,0,0,0,1.0,1.0
7167,654,0,0,0,0,0,0,1.0,1.0
7167,339,0,0,0,0,0,0,1.0,1.0
7167,66,0,0,0,0,0,0,1.0,1.0
7167,560,1,0,1,0,1,1,0.6,0.8
7167,463,0,0,0,0,0,0,1.0,1.0
7167,421,0,0,0,0,0,0,1.0,1.0
7167,41,0,0,0,0,0,0,1.0,1.0
7167,650,1,1,1,1,1,1,1.0,1.0
7167,611,1,0,1,0,1,1,0.6,0.8
7167,728,0,0,0,0,0,0,1.0,1.0
7167,379,0,0,0,0,0,0,1.0,1.0
7167,293,0,0,0,0,0,0,1.0,1.0
7167,85,0,0,0,0,0,0,1.0,1.0
7167,512,0,1,0,1,0,0,0.6,0.8
7167,677,0,0,0,0,0,0,1.0,1.0
7167,449,1,1,1,1,1,1,1.0,1.0
7167,16,1,1,1,1,1,1,1.0,1.0
7167,217,0,0,0,0,0,0,1.0,1.0
7167,555,0,0,0,0,0,0,1.0,1.0
7167,634,1,1,1,1,1,1,1.0,1.0
7167,140,0,0,0,0,0,0,1.0,1.0
7167,621,0,0,0,0,0,0,1.0,1.0
7167,649,1,1,1,1,1,1,1.0,1.0
7167,40,0,0,0,0,0,0,1.0,1.0
7167,696,1,1,1,0,1,1,0.8,0.9
7167,601,1,1,1,1,1,1,1.0,1.0
7167,516,0,0,0,0,0,0,1.0,1.0
7167,641,1,1,2,1,2,1,0.6,0.8
7167,478,1,1,1,1,1,1,1.0,1.0
7167,570,1,1,1,1,1,1,1.0,1.0
7167,537,0,0,0,0,0,0,1.0,1.0
7167,562,0,0,0,0,0,0,1.0,1.0
7167,24,0,0,0,0,0,0,1.0,1.0
7167,585,0,0,0,0,0,0,1.0,1.0
7167,285,0,0,0,0,0,0,1.0,1.0
7167,732,0,0,0,0,0,0,1.0,1.0
7167,602,0,0,0,0,0,0,1.0,1.0
7167,409,0,0,0,0,0,0,1.0,1.0
7167,0,0,0,0,0,0,0,1.0,1.0
7167,5,1,1,1,1,0,1,0.8,0.9
7167,101,0,0,0,0,0,0,1.0,1.0
7167,494,1,1,1,1,1,1,1.0,1.0
7167,372,0,0,0,0,0,0,1.0,1.0
7167,17,1,1,1,1,1,1,1.0,1.0
7167,186,0,1,1,0,0,0,0.6,0.8
7167,559,1,1,1,1,1,1,1.0,1.0
7167,472,0,0,0,0,0,0,1.0,1.0
7167,277,1,1,1,1,1,1,1.0,1.0
7167,533,0,0,0,0,0,0,1.0,1.0
7167,12,1,1,1,1,1,1,1.0,1.0
7167,209,0,0,0,0,0,0,1.0,1.0
7167,660,1,1,1,1,1,1,1.0,1.0
7167,491,1,1,1,1,1,1,1.0,1.0
7167,241,0,0,0,0,0,0,1.0,1.0
7167,726,0,0,0,0,0,0,1.0,1.0
7167,127,0,0,0,0,0,0,1.0,1.0
7167,267,0,0,0,0,0,0,1.0,1.0
7167,588,1,1,1,1,1,1,1.0,1.0
7167,356,1,1,1,1,1,1,1.0,1.0
7167,184,1,1,1,1,1,1,1.0,1.0
7167,614,0,0,0,0,0,0,1.0,1.0
7167,553,1,1,1,1,1,1,1.0,1.0
7167,1,2,2,2,1,2,2,0.8,0.9
7167,62,1,1,1,1,1,1,1.0,1.0
7167,704,1,1,1,1,0,1,0.8,0.9
7167,561,1,1,1,1,1,1,1.0,1.0
7167,675,1,0,1,1,0,1,0.6,0.8
7167,623,1,1,1,1,1,1,1.0,1.0
7167,406,0,0,0,0,0,0,1.0,1.0
7167,195,1,1,1,1,2,1,0.8,0.9
7167,187,1,1,1,1,1,1,1.0,1.0
7167,298,1,1,1,1,1,1,1.0,1.0
1942,535,1,1,1,1,1,1,1.0,1.0
1942,727,1,1,1,1,1,1,1.0,1.0
1942,487,0,0,0,0,0,0,1.0,1.0
1942,120,1,1,1,1,1,1,1.0,1.0
1942,432,0,0,0,0,0,0,1.0,1.0
1942,657,1,1,1,1,1,1,1.0,1.0
1942,537,0,0,0,0,0,0,1.0,1.0
1942,163,1,1,1,1,1,1,1.0,1.0
1942,449,1,1,1,1,1,1,1.0,1.0
1942,620,0,0,0,0,0,0,1.0,1.0
1942,28,1,1,1,1,1,1,1.0,1.0
1942,490,0,0,0,0,1,0,0.8,0.9
1942,675,1,1,1,1,1,1,1.0,1.0
1942,83,1,1,1,1,1,1,1.0,1.0
1942,311,2,2,2,2,2,2,1.0,1.0
1942,62,2,2,2,2,2,2,1.0,1.0
1942,491,0,0,0,0,0,0,1.0,1.0
1942,370,1,1,1,1,1,1,1.0,1.0
1942,219,0,0,0,0,0,0,1.0,1.0
1942,396,0,0,0,0,0,0,1.0,1.0
1942,730,0,0,0,0,0,0,1.0,1.0
1942,159,1,1,1,1,1,1,1.0,1.0
1942,447,0,0,0,0,0,0,1.0,1.0
1942,140,0,0,0,0,0,0,1.0,1.0
1942,577,0,0,0,0,0,0,1.0,1.0
1942,542,0,0,0,0,0,0,1.0,1.0
1942,152,0,0,0,0,0,0,1.0,1.0
1942,704,0,0,0,0,0,0,1.0,1.0
1942,308,0,0,0,0,0,0,1.0,1.0
1942,523,1,1,1,1,1,1,1.0,1.0
1942,566,0,0,0,0,0,0,1.0,1.0
1942,304,1,1,1,1,1,1,1.0,1.0
1942,123,1,1,1,1,1,1,1.0,1.0
1942,178,1,1,1,1,1,1,1.0,1.0
1942,578,1,1,1,1,1,1,1.0,1.0
1942,391,0,0,0,0,0,0,1.0,1.0
1942,64,1,1,1,1,1,1,1.0,1.0
1942,693,1,1,1,1,1,1,1.0,1.0
1942,36,0,0,0,0,0,0,1.0,1.0
1942,329,0,0,0,0,0,0,1.0,1.0
1942,61,0,0,0,0,0,0,1.0,1.0
1942,251,1,1,1,1,1,1,1.0,1.0
1942,530,0,0,0,0,0,0,1.0,1.0
1942,161,1,1,1,1,1,1,1.0,1.0
1942,156,1,1,1,1,1,1,1.0,1.0
1942,44,0,0,0,0,0,0,1.0,1.0
1942,621,0,0,0,0,0,0,1.0,1.0
1942,90,0,0,0,0,0,0,1.0,1.0
1942,733,1,1,1,1,1,1,1.0,1.0
1942,240,2,2,2,2,2,2,1.0,1.0
1942,200,1,1,1,1,1,1,1.0,1.0
1942,58,0,0,1,1,1,1,0.6,0.8
1942,699,1,1,1,1,1,1,1.0,1.0
1942,538,0,0,0,0,0,0,1.0,1.0
1942,322,1,0,1,1,1,1,0.8,0.9
1942,173,0,0,0,0,0,0,1.0,1.0
1942,279,1,1,1,1,1,1,1.0,1.0
1942,533,1,1,1,1,1,1,1.0,1.0
1942,352,1,1,1,1,1,1,1.0,1.0
1942,201,0,0,0,0,0,0,1.0,1.0
1942,379,1,1,1,1,1,1,1.0,1.0
1942,371,0,0,0,0,0,0,1.0,1.0
1942,0,0,0,0,0,0,0,1.0,1.0
1942,298,1,1,1,1,1,1,1.0,1.0
1942,43,0,0,0,0,0,0,1.0,1.0
1942,421,1,1,0,0,0,0,0.6,0.8
1942,630,0,0,0,0,0,0,1.0,1.0
1942,431,0,0,0,0,0,0,1.0,1.0
1942,143,1,1,1,1,1,1,1.0,1.0
1942,684,1,1,1,1,1,1,1.0,1.0
1942,442,0,0,0,0,0,0,1.0,1.0
1942,303,0,0,0,0,0,0,1.0,1.0
1942,167,1,1,1,1,1,1,1.0,1.0
1942,94,0,0,0,0,0,0,1.0,1.0
1942,485,0,0,0,0,0,0,1.0,1.0
1942,262,1,1,1,1,1,1,1.0,1.0
1942,687,1,1,1,1,1,1,1.0,1.0
1942,492,0,0,0,0,0,0,1.0,1.0
1942,561,1,1,1,1,1,1,1.0,1.0
1942,169,0,0,0,0,0,0,1.0,1.0
1942,611,0,0,0,0,0,0,1.0,1.0
1942,203,0,0,0,0,0,0,1.0,1.0
1942,197,2,2,2,2,2,2,1.0,1.0
2379,673,1,1,1,1,1,1,1.0,1.0
2379,478,2,2,2,2,2,2,1.0,1.0
2379,532,1,1,1,1,1,1,1.0,1.0
2379,475,1,1,1,1,1,1,1.0,1.0
2379,348,0,0,0,0,1,0,0.8,0.9
2379,501,2,2,2,2,2,2,1.0,1.0
2379,16,2,2,2,2,2,2,1.0,1.0
2379,664,2,2,2,2,2,2,1.0,1.0
2379,213,2,2,2,2,2,2,1.0,1.0
2379,335,1,1,1,1,1,1,1.0,1.0
2379,569,1,1,1,1,1,1,1.0,1.0
2379,736,2,2,2,2,1,2,0.8,0.9
2379,4,1,1,1,1,1,1,1.0,1.0
2379,579,0,0,0,0,0,0,1.0,1.0
2379,125,2,2,2,2,2,2,1.0,1.0
2379,92,2,2,2,2,2,2,1.0,1.0
2379,712,2,2,2,2,2,2,1.0,1.0
2379,316,2,2,2,2,2,2,1.0,1.0
2379,683,1,1,1,1,1,1,1.0,1.0
2379,145,2,2,2,2,2,2,1.0,1.0
2379,110,1,1,1,1,1,1,1.0,1.0
2379,42,0,0,0,0,0,0,1.0,1.0
2379,313,0,0,0,0,0,0,1.0,1.0
2379,641,2,2,2,2,2,2,1.0,1.0
2379,445,1,1,1,1,1,1,1.0,1.0
2379,101,2,2,2,2,2,2,1.0,1.0
2379,452,1,1,1,1,1,1,1.0,1.0
2379,309,2,2,2,2,2,2,1.0,1.0
2379,294,1,1,1,1,1,1,1.0,1.0
2379,196,2,2,2,2,2,2,1.0,1.0
2379,415,1,1,1,1,1,1,1.0,1.0
2379,393,0,0,0,0,0,0,1.0,1.0
2379,484,1,1,0,1,0,1,0.6,0.8
2379,217,1,1,1,1,1,1,1.0,1.0
2379,297,1,1,1,1,1,1,1.0,1.0
2379,127,1,1,1,1,1,1,1.0,1.0
2379,713,2,2,2,2,2,2,1.0,1.0
2379,63,1,1,1,1,1,1,1.0,1.0
2379,353,1,1,1,1,1,1,1.0,1.0
2379,355,1,1,1,1,1,1,1.0,1.0
2379,291,0,0,0,0,0,0,1.0,1.0
2379,343,0,0,0,0,0,0,1.0,1.0
2379,22,1,1,1,1,1,1,1.0,1.0
2379,237,1,1,1,1,1,1,1.0,1.0
2379,558,1,1,1,1,1,1,1.0,1.0
2379,545,1,1,1,1,1,1,1.0,1.0
2379,667,2,2,2,2,2,2,1.0,1.0
2379,600,1,1,1,1,1,1,1.0,1.0
2379,56,0,0,0,0,0,0,1.0,1.0
2379,450,0,0,0,0,0,0,1.0,1.0
2379,481,2,2,2,2,2,2,1.0,1.0
2379,556,1,1,1,1,1,1,1.0,1.0
2379,397,0,0,0,0,0,0,1.0,1.0
2379,184,1,1,1,1,1,1,1.0,1.0
2379,625,2,2,2,2,2,2,1.0,1.0
2379,500,2,2,2,2,2,2,1.0,1.0
2379,220,1,1,1,1,1,1,1.0,1.0
2379,164,2,2,2,2,2,2,1.0,1.0
2379,409,2,2,2,2,2,2,1.0,1.0
2379,408,2,2,2,2,2,2,1.0,1.0
2379,634,2,2,2,2,2,2,1.0,1.0
2379,402,2,2,2,2,2,2,1.0,1.0
2379,72,1,1,1,1,1,1,1.0,1.0
2379,67,1,1,1,1,1,1,1.0,1.0
2379,431,1,1,1,1,1,1,1.0,1.0
2379,613,0,0,0,0,0,0,1.0,1.0
2379,319,1,1,1,1,1,1,1.0,1.0
2379,35,1,1,1,1,1,1,1.0,1.0
2379,548,0,0,0,0,0,0,1.0,1.0
2379,232,1,1,1,1,1,1,1.0,1.0
2379,696,1,1,1,1,1,1,1.0,1.0
2379,534,1,1,1,1,1,1,1.0,1.0
2379,653,1,1,1,1,1,1,1.0,1.0
2379,279,1,1,1,1,1,1,1.0,1.0
6554,37,1,1,1,1,1,1,1.0,1.0
6554,114,1,1,1,1,1,1,1.0,1.0
6554,359,2,2,2,2,2,2,1.0,1.0
6554,441,2,2,2,2,2,2,1.0,1.0
6554,601,1,2,2,2,1,2,0.6,0.8
6554,356,1,1,1,1,1,1,1.0,1.0
6554,432,0,0,0,0,0,0,1.0,1.0
6554,363,2,2,2,2,2,2,1.0,1.0
6554,461,0,0,0,0,0,0,1.0,1.0
6554,6,1,2,2,2,2,2,0.8,0.9
6554,186,1,1,1,1,1,1,1.0,1.0
6554,21,0,0,0,0,0,0,1.0,1.0
6554,453,2,2,2,2,2,2,1.0,1.0
6554,283,0,0,0,0,0,0,1.0,1.0
6554,494,2,2,2,2,2,2,1.0,1.0
6554,166,2,2,2,2,2,2,1.0,1.0
6554,329,1,1,1,1,1,1,1.0,1.0
6554,697,2,2,1,1,1,1,0.6,0.8
6554,1,1,1,1,1,1,1,1.0,1.0
6554,514,1,1,1,1,1,1,1.0,1.0
6554,560,2,2,2,2,2,2,1.0,1.0
6554,442,1,1,1,1,1,1,1.0,1.0
6554,559,2,2,2,2,2,2,1.0,1.0
6554,307,2,1,2,1,1,1,0.6,0.8
6554,672,2,2,2,2,2,2,1.0,1.0
6554,431,1,1,1,1,1,1,1.0,1.0
6554,589,0,0,0,0,0,0,1.0,1.0
6554,585,2,2,2,2,2,2,1.0,1.0
6554,706,1,2,1,2,1,1,0.6,0.8
6554,29,1,1,1,1,1,1,1.0,1.0
6554,90,2,2,2,2,2,2,1.0,1.0
6554,42,0,0,0,0,0,0,1.0,1.0
6554,694,2,2,2,1,2,2,0.8,0.9
6554,406,1,1,1,1,1,1,1.0,1.0
6554,263,2,2,2,2,2,2,1.0,1.0
6554,5,1,1,1,1,1,1,1.0,1.0
6554,209,1,1,1,1,1,1,1.0,1.0
6554,581,2,2,2,2,2,2,1.0,1.0
6554,228,2,2,2,2,2,2,1.0,1.0
6554,352,2,2,2,2,2,2,1.0,1.0
6554,654,0,0,0,0,0,0,1.0,1.0
6554,260,1,1,1,1,1,1,1.0,1.0
6554,447,0,0,0,0,0,0,1.0,1.0
6554,510,2,2,2,2,2,2,1.0,1.0
6554,523,1,1,1,1,1,1,1.0,1.0
6554,300,1,1,1,1,1,1,1.0,1.0
6554,506,0,1,1,1,0,1,0.6,0.8
6554,45,2,2,2,2,2,2,1.0,1.0
6554,703,2,2,2,2,2,2,1.0,1.0
6554,267,1,1,1,1,1,1,1.0,1.0
6554,240,1,1,1,1,1,1,1.0,1.0
6554,40,1,1,1,1,1,1,1.0,1.0
6554,454,2,2,2,2,2,2,1.0,1.0
6554,87,1,1,1,1,1,1,1.0,1.0
6554,400,1,1,1,1,1,1,1.0,1.0
6554,658,0,0,0,0,0,0,1.0,1.0
6554,235,0,0,0,0,0,0,1.0,1.0
6554,616,1,1,1,1,1,1,1.0,1.0
6554,631,1,1,1,1,1,1,1.0,1.0
6554,407,0,1,1,1,1,1,0.8,0.9
6554,53,1,1,1,1,1,1,1.0,1.0
6554,655,0,0,0,0,0,0,1.0,1.0
6554,12,1,1,1,1,1,1,1.0,1.0
6554,622,2,1,1,1,1,1,0.8,0.9
6554,271,2,2,2,2,2,2,1.0,1.0
3729,283,0,0,0,0,0,0,1.0,1.0
3729,422,1,1,1,1,1,1,1.0,1.0
3729,127,1,1,1,1,1,1,1.0,1.0
3729,85,0,0,0,0,0,0,1.0,1.0
3729,90,0,0,0,0,0,0,1.0,1.0
3729,243,1,1,0,1,1,1,0.8,0.9
3729,230,1,1,1,1,1,1,1.0,1.0
3729,442,1,1,1,1,1,1,1.0,1.0
3729,187,1,1,1,1,1,1,1.0,1.0
3729,589,0,0,0,0,0,0,1.0,1.0
3729,108,1,1,1,1,1,1,1.0,1.0
3729,739,0,0,0,0,0,0,1.0,1.0
3729,666,1,0,0,0,0,0,0.8,0.9
3729,300,1,1,1,1,1,1,1.0,1.0
3729,637,0,0,0,0,0,0,1.0,1.0
3729,193,1,1,1,1,1,1,1.0,1.0
3729,403,0,0,0,0,0,0,1.0,1.0
3729,615,0,0,0,0,0,0,1.0,1.0
3729,174,0,0,0,0,0,0,1.0,1.0
3729,197,1,1,2,1,2,1,0.6,0.8
3729,179,1,1,0,0,0,0,0.6,0.8
3729,667,0,0,0,0,0,0,1.0,1.0
3729,662,1,1,1,1,1,1,1.0,1.0
3729,404,0,0,0,0,0,0,1.0,1.0
3729,393,0,0,0,0,0,0,1.0,1.0
3729,29,0,0,0,0,0,0,1.0,1.0
3729,123,1,1,1,1,1,1,1.0,1.0
3729,122,0,0,0,0,0,0,1.0,1.0
3729,37,1,1,1,1,1,1,1.0,1.0
3729,152,0,0,0,0,0,0,1.0,1.0
3729,257,0,0,0,0,0,0,1.0,1.0
3729,304,2,2,2,2,2,2,1.0,1.0
3729,420,0,0,0,1,0,0,0.8,0.9
3729,6,1,1,1,1,1,1,1.0,1.0
3729,329,0,0,0,0,0,0,1.0,1.0
3729,727,0,0,0,0,0,0,1.0,1.0
3729,101,0,0,0,0,0,0,1.0,1.0
3729,353,1,1,1,1,1,1,1.0,1.0
3729,726,1,1,1,1,1,1,1.0,1.0
3729,518,1,1,1,1,1,1,1.0,1.0
3729,144,1,1,1,1,1,1,1.0,1.0
3729,397,0,0,0,0,0,0,1.0,1.0
3729,235,1,1,1,1,1,1,1.0,1.0
3729,514,1,1,1,1,1,1,1.0,1.0
3729,303,0,0,0,0,0,0,1.0,1.0
3729,355,1,1,1,1,1,1,1.0,1.0
3729,320,1,1,1,1,1,1,1.0,1.0
3729,689,1,1,1,1,1,1,1.0,1.0
3729,416,0,0,0,0,0,0,1.0,1.0
3729,251,1,1,1,1,1,1,1.0,1.0
3729,631,2,2,2,2,2,2,1.0,1.0
3729,315,1,1,1,1,1,1,1.0,1.0
3729,225,0,0,0,0,0,0,1.0,1.0
3729,210,0,0,0,0,0,0,1.0,1.0
3729,102,1,1,1,1,1,1,1.0,1.0
3729,211,2,2,2,2,2,2,1.0,1.0
3729,626,1,1,1,1,1,1,1.0,1.0
3729,352,1,1,1,1,1,1,1.0,1.0
3729,598,1,1,1,1,1,1,1.0,1.0
3729,711,1,1,1,1,1,1,1.0,1.0
3729,553,1,1,1,1,1,1,1.0,1.0
3729,301,2,2,2,2,2,2,1.0,1.0
3729,712,1,1,1,1,1,1,1.0,1.0
3729,683,1,1,1,1,1,1,1.0,1.0
3729,668,1,1,1,1,1,1,1.0,1.0
3729,641,2,2,2,2,2,2,1.0,1.0
3729,12,0,0,0,0,0,0,1.0,1.0
3729,376,0,0,0,0,0,0,1.0,1.0
3729,658,0,0,0,0,0,0,1.0,1.0
3729,396,0,0,0,0,0,0,1.0,1.0
3729,621,0,0,0,0,0,0,1.0,1.0
3729,28,0,0,0,0,0,0,1.0,1.0
3729,92,0,0,0,0,0,0,1.0,1.0
3729,580,0,0,0,0,0,0,1.0,1.0
3729,134,1,1,1,1,1,1,1.0,1.0
3729,695,1,1,1,1,1,1,1.0,1.0
3729,567,0,0,0,0,0,0,1.0,1.0
3729,310,0,0,0,0,0,0,1.0,1.0
3729,430,0,0,0,0,0,0,1.0,1.0
3729,555,0,0,0,0,0,0,1.0,1.0
3729,421,1,1,1,1,1,1,1.0,1.0
3729,475,1,1,1,1,1,1,1.0,1.0
3729,452,1,1,1,1,1,1,1.0,1.0
3729,372,1,1,1,1,1,1,1.0,1.0
3729,47,0,0,0,0,0,0,1.0,1.0
3729,43,1,1,1,1,1,1,1.0,1.0
3729,649,2,2,2,2,2,2,1.0,1.0
4383,600,1,1,1,1,1,1,1.0,1.0
4383,224,1,1,1,1,1,1,1.0,1.0
4383,240,1,1,1,1,1,1,1.0,1.0
4383,616,1,1,1,1,1,1,1.0,1.0
4383,196,1,1,1,1,1,1,1.0,1.0
4383,334,1,1,1,1,1,1,1.0,1.0
4383,398,0,0,0,0,0,0,1.0,1.0
4383,561,1,1,1,1,1,1,1.0,1.0
4383,321,1,1,1,1,1,1,1.0,1.0
4383,687,1,1,1,1,1,1,1.0,1.0
4383,99,1,1,1,1,1,1,1.0,1.0
4383,383,1,1,0,0,0,0,0.6,0.8
4383,593,1,1,1,1,1,1,1.0,1.0
4383,408,1,1,1,1,1,1,1.0,1.0
4383,228,1,1,1,1,1,1,1.0,1.0
4383,524,0,0,0,0,0,0,1.0,1.0
4383,519,0,0,0,0,0,0,1.0,1.0
4383,603,1,1,1,1,1,1,1.0,1.0
4383,427,1,1,1,1,1,1,1.0,1.0
4383,450,0,0,0,0,0,0,1.0,1.0
4383,5,0,0,0,0,1,0,0.8,0.9
4383,33,0,0,0,1,0,0,0.8,0.9
4383,206,1,1,1,1,1,1,1.0,1.0
4383,588,1,1,1,1,1,1,1.0,1.0
4383,220,2,2,2,2,2,2,1.0,1.0
4383,354,1,1,1,1,1,1,1.0,1.0
4383,402,2,2,2,2,2,2,1.0,1.0
4383,230,1,1,1,1,1,1,1.0,1.0
4383,115,0,0,0,0,0,0,1.0,1.0
4383,193,1,0,0,1,1,1,0.6,0.8
4383,212,1,1,1,1,1,1,1.0,1.0
4383,711,1,1,0,0,0,0,0.6,0.8
4383,484,0,0,0,0,0,0,1.0,1.0
4383,110,1,1,1,1,1,1,1.0,1.0
4383,506,1,1,1,1,1,1,1.0,1.0
4383,689,1,1,1,1,1,1,1.0,1.0
4383,163,2,2,2,2,2,2,1.0,1.0
4383,382,1,1,1,1,1,1,1.0,1.0
4383,302,0,0,0,0,0,0,1.0,1.0
4383,315,0,0,0,0,0,0,1.0,1.0
4383,93,0,1,0,0,0,0,0.8,0.9
4383,555,0,0,0,0,0,0,1.0,1.0
4383,21,1,1,1,1,1,1,1.0,1.0
4383,291,0,0,0,0,0,0,1.0,1.0
4383,84,1,1,1,1,1,1,1.0,1.0
4383,372,2,2,2,2,2,2,1.0,1.0
4383,43,0,0,0,0,0,0,1.0,1.0
4383,695,1,1,1,1,1,1,1.0,1.0
4383,161,1,1,1,1,1,1,1.0,1.0
4383,557,1,1,1,1,1,1,1.0,1.0
4383,409,2,2,2,2,2,2,1.0,1.0
4383,114,0,0,0,0,0,0,1.0,1.0
4383,262,1,1,1,1,1,1,1.0,1.0
4383,415,1,1,1,1,1,1,1.0,1.0
4383,419,0,0,0,0,0,0,1.0,1.0
4383,232,0,0,0,0,0,0,1.0,1.0
4383,614,1,1,1,1,1,1,1.0,1.0
4383,697,2,2,2,2,2,2,1.0,1.0
4383,64,1,1,1,1,1,1,1.0,1.0
4383,663,0,0,0,0,0,0,1.0,1.0
4383,217,1,1,1,1,1,1,1.0,1.0
4383,45,1,1,1,1,1,1,1.0,1.0
4383,390,0,0,0,0,0,0,1.0,1.0
4383,271,2,2,2,2,2,2,1.0,1.0
4383,304,1,1,1,1,1,1,1.0,1.0
4383,253,0,0,0,0,0,0,1.0,1.0
4383,478,2,2,2,2,2,2,1.0,1.0
4383,58,0,0,0,0,0,0,1.0,1.0
4383,4,1,1,1,1,1,1,1.0,1.0
4383,207,1,1,1,1,1,1,1.0,1.0
4383,474,1,1,1,1,1,1,1.0,1.0
4383,684,1,1,1,1,1,1,1.0,1.0
4383,523,1,1,1,1,1,1,1.0,1.0
4383,526,0,0,0,0,0,0,1.0,1.0
4383,309,2,2,2,2,2,2,1.0,1.0
4383,7,0,0,0,0,0,0,1.0,1.0
4383,673,0,0,0,0,0,0,1.0,1.0
4383,585,1,1,1,1,1,1,1.0,1.0
4383,213,1,1,1,1,1,1,1.0,1.0
4383,440,0,0,0,0,0,0,1.0,1.0
4383,472,2,2,2,2,2,2,1.0,1.0
4383,562,0,0,0,0,0,0,1.0,1.0
4383,380,0,0,0,0,0,0,1.0,1.0
4383,449,1,1,1,1,1,1,1.0,1.0
4383,538,0,0,0,0,0,0,1.0,1.0
5671,475,0,0,0,0,0,0,1.0,1.0
5671,231,0,0,0,0,0,0,1.0,1.0
5671,564,1,1,1,1,1,1,1.0,1.0
5671,672,1,1,1,1,1,1,1.0,1.0
5671,11,0,0,0,0,0,0,1.0,1.0
5671,119,1,1,1,1,1,1,1.0,1.0
5671,518,1,1,1,1,1,1,1.0,1.0
5671,609,0,0,0,0,0,0,1.0,1.0
5671,468,0,0,0,0,0,0,1.0,1.0
5671,145,1,1,1,1,1,1,1.0,1.0
5671,252,0,0,0,0,0,0,1.0,1.0
5671,581,1,1,0,1,1,1,0.8,0.9
5671,85,0,0,0,0,0,0,1.0,1.0
5671,270,1,1,1,1,1,1,1.0,1.0
5671,62,0,0,0,0,0,0,1.0,1.0
5671,638,1,1,1,1,1,1,1.0,1.0
5671,89,0,0,0,0,0,0,1.0,1.0
5671,200,1,1,1,1,1,1,1.0,1.0
5671,223,1,1,1,1,1,1,1.0,1.0
5671,72,1,1,1,1,1,1,1.0,1.0
5671,406,1,0,0,0,0,0,0.8,0.9
5671,559,1,1,1,1,1,1,1.0,1.0
5671,121,0,0,0,0,0,0,1.0,1.0
5671,486,0,0,0,0,0,0,1.0,1.0
5671,53,1,1,1,1,1,1,1.0,1.0
5671,724,0,0,0,0,0,0,1.0,1.0
5671,379,0,0,0,0,0,0,1.0,1.0
5671,323,0,0,0,0,0,0,1.0,1.0
5671,67,1,1,1,1,1,1,1.0,1.0
5671,500,1,1,1,1,1,1,1.0,1.0
5671,211,1,1,1,1,1,1,1.0,1.0
5671,693,0,0,0,0,0,0,1.0,1.0
5671,49,0,0,0,0,0,0,1.0,1.0
5671,654,0,0,0,0,0,0,1.0,1.0
5671,499,0,0,0,0,0,0,1.0,1.0
5671,279,0,0,0,0,0,0,1.0,1.0
5671,134,1,1,1,1,1,1,1.0,1.0
5671,160,0,0,0,0,0,0,1.0,1.0
5671,16,1,1,1,1,1,1,1.0,1.0
5671,740,1,1,1,1,1,1,1.0,1.0
5671,489,0,0,0,0,0,0,1.0,1.0
5671,343,0,0,0,0,0,0,1.0,1.0
5671,407,1,1,1,1,1,1,1.0,1.0
5671,263,1,1,1,1,1,1,1.0,1.0
5671,553,1,1,1,1,1,1,1.0,1.0
5671,164,2,2,2,2,2,2,1.0,1.0
5671,560,1,1,1,1,1,1,1.0,1.0
5671,298,1,1,1,1,1,1,1.0,1.0
5671,531,1,1,1,1,1,1,1.0,1.0
5671,202,0,0,0,0,0,0,1.0,1.0
5671,661,0,0,0,0,0,0,1.0,1.0
5671,696,0,0,0,0,0,0,1.0,1.0
5671,627,0,0,0,0,0,0,1.0,1.0
5671,699,1,1,1,1,1,1,1.0,1.0
5671,503,2,2,2,2,2,2,1.0,1.0
5671,632,0,0,0,0,0,0,1.0,1.0
5671,207,0,0,0,0,0,0,1.0,1.0
5671,580,0,0,0,0,0,0,1.0,1.0
5671,620,0,0,0,0,0,0,1.0,1.0
5671,649,1,0,1,0,1,1,0.6,0.8
5671,416,0,0,0,0,0,0,1.0,1.0
5671,593,0,1,0,0,0,0,0.8,0.9
5671,733,1,1,1,1,1,1,1.0,1.0
5671,664,1,1,1,1,1,1,1.0,1.0
5671,634,2,2,2,2,2,2,1.0,1.0
5671,238,0,0,0,0,0,0,1.0,1.0
5671,465,0,0,0,0,0,0,1.0,1.0
5671,251,1,1,1,1,1,1,1.0,1.0
5671,453,0,0,0,0,0,0,1.0,1.0
5671,703,0,0,0,0,0,0,1.0,1.0
5671,1,1,1,1,1,1,1,1.0,1.0
5671,601,1,1,1,1,1,1,1.0,1.0
5671,366,1,1,1,1,1,1,1.0,1.0
5671,40,0,1,0,1,1,1,0.6,0.8
5671,466,0,0,0,0,0,0,1.0,1.0
5671,23,0,0,0,0,0,0,1.0,1.0
5671,427,0,0,0,0,0,0,1.0,1.0
5671,83,1,1,1,1,1,1,1.0,1.0
5671,209,0,0,0,0,0,0,1.0,1.0
5671,154,1,1,1,1,1,1,1.0,1.0
5671,293,1,1,1,1,0,1,0.8,0.9
5671,692,0,0,0,0,0,0,1.0,1.0
5671,255,1,1,1,0,1,1,0.8,0.9
5671,181,0,0,0,0,0,0,1.0,1.0
5671,374,0,0,0,0,0,0,1.0,1.0
5671,441,0,0,0,0,1,0,0.8,0.9
5671,254,1,1,1,1,1,1,1.0,1.0
5671,625,0,0,0,0,0,0,1.0,1.0
5671,186,1,1,1,1,1,1,1.0,1.0
5671,313,0,0,0,0,0,0,1.0,1.0
5671,702,0,0,0,0,0,0,1.0,1.0
5671,260,0,0,0,0,0,0,1.0,1.0
5671,187,1,1,1,1,1,1,1.0,1.0
5671,571,1,1,1,1,1,1,1.0,1.0
5671,143,1,0,0,0,0,0,0.8,0.9
5671,179,0,0,0,0,0,0,1.0,1.0
5671,195,1,1,1,1,1,1,1.0,1.0
5671,454,1,1,1,1,1,1,1.0,1.0
2630,625,2,2,2,2,2,2,1.0,1.0
2630,336,1,1,1,1,1,1,1.0,1.0
2630,379,1,1,1,1,1,1,1.0,1.0
2630,450,0,0,0,0,0,0,1.0,1.0
2630,703,0,0,0,0,0,0,1.0,1.0
2630,275,1,1,1,1,1,1,1.0,1.0
2630,140,1,1,1,1,1,1,1.0,1.0
2630,655,1,1,1,1,1,1,1.0,1.0
2630,415,1,1,1,1,1,1,1.0,1.0
2630,127,1,1,1,1,1,1,1.0,1.0
2630,675,1,1,1,1,1,1,1.0,1.0
2630,733,2,2,2,2,2,2,1.0,1.0
2630,565,1,1,1,1,1,1,1.0,1.0
2630,711,1,1,1,1,1,1,1.0,1.0
2630,98,0,0,0,0,0,0,1.0,1.0
2630,310,2,2,2,2,2,2,1.0,1.0
2630,274,1,1,1,1,1,1,1.0,1.0
2630,58,1,1,1,1,1,1,1.0,1.0
2630,133,1,1,1,1,1,1,1.0,1.0
2630,637,1,1,1,1,1,1,1.0,1.0
2630,329,0,0,0,0,0,0,1.0,1.0
2630,230,1,1,1,1,1,1,1.0,1.0
2630,538,0,0,0,0,0,0,1.0,1.0
2630,67,1,1,1,1,1,1,1.0,1.0
2630,150,0,0,0,0,0,0,1.0,1.0
2630,730,0,1,1,1,1,1,0.8,0.9
2630,368,1,1,1,1,1,1,1.0,1.0
2630,445,1,1,1,1,1,1,1.0,1.0
2630,40,1,1,1,1,1,1,1.0,1.0
2630,740,2,2,2,2,2,2,1.0,1.0
2630,306,2,2,2,2,2,2,1.0,1.0
2630,506,1,1,1,1,1,1,1.0,1.0
2630,5,1,1,1,1,1,1,1.0,1.0
2630,120,1,1,1,1,1,1,1.0,1.0
2630,534,1,1,1,1,1,1,1.0,1.0
2630,89,1,1,1,1,1,1,1.0,1.0
2630,444,1,1,1,1,1,1,1.0,1.0
2630,240,2,2,2,2,2,2,1.0,1.0
2630,697,2,2,2,2,2,2,1.0,1.0
2630,726,0,0,0,0,0,0,1.0,1.0
2630,427,1,1,1,1,1,1,1.0,1.0
2630,369,1,1,1,1,1,1,1.0,1.0
2630,409,1,1,1,1,1,1,1.0,1.0
2630,285,1,1,1,1,1,1,1.0,1.0
2630,158,2,2,2,2,2,2,1.0,1.0
2630,634,2,2,2,2,2,2,1.0,1.0
2630,156,1,1,1,1,1,1,1.0,1.0
2630,28,1,1,1,1,1,1,1.0,1.0
2630,558,1,1,1,1,1,1,1.0,1.0
2630,490,1,1,1,1,1,1,1.0,1.0
2630,125,1,1,1,1,1,1,1.0,1.0
2630,566,1,1,1,1,1,1,1.0,1.0
2630,271,2,2,2,2,2,2,1.0,1.0
2630,90,1,1,1,1,1,1,1.0,1.0
2630,85,1,1,1,1,1,1,1.0,1.0
2630,477,0,0,0,0,0,0,1.0,1.0
2630,250,1,1,1,1,1,1,1.0,1.0
2630,356,1,1,1,1,1,1,1.0,1.0
2630,319,1,1,1,1,1,1,1.0,1.0
2630,588,2,2,2,2,2,2,1.0,1.0
2630,161,1,1,1,1,1,1,1.0,1.0
2630,213,2,2,2,2,2,2,1.0,1.0
2630,29,2,2,2,2,2,2,1.0,1.0
2630,570,2,1,1,1,2,1,0.6,0.8
2630,388,1,1,1,1,1,1,1.0,1.0
2630,658,1,1,1,1,1,1,1.0,1.0
2630,220,1,1,1,1,1,1,1.0,1.0
2630,43,1,1,1,1,1,1,1.0,1.0
2630,704,1,1,1,1,1,1,1.0,1.0
2630,83,2,1,2,2,1,2,0.6,0.8
2630,556,1,1,1,1,1,1,1.0,1.0
2630,298,2,2,2,2,2,2,1.0,1.0
2630,449,1,1,1,1,1,1,1.0,1.0
2630,64,1,1,1,1,1,1,1.0,1.0
9609,601,0,0,0,0,0,0,1.0,1.0
9609,418,0,0,0,0,0,0,1.0,1.0
9609,114,0,0,0,0,0,0,1.0,1.0
9609,640,0,0,0,0,0,0,1.0,1.0
9609,152,0,0,0,0,0,0,1.0,1.0
9609,355,0,0,0,0,0,0,1.0,1.0
9609,72,1,1,1,1,1,1,1.0,1.0
9609,519,0,0,0,0,0,0,1.0,1.0
9609,201,1,1,1,1,1,1,1.0,1.0
9609,304,1,1,1,1,1,1,1.0,1.0
9609,4,0,0,0,0,0,0,1.0,1.0
9609,13,0,0,0,0,0,0,1.0,1.0
9609,35,0,0,0,0,0,0,1.0,1.0
9609,516,0,0,0,0,0,0,1.0,1.0
9609,193,0,0,0,0,0,0,1.0,1.0
9609,399,1,1,1,1,1,1,1.0,1.0
9609,378,1,1,1,1,1,1,1.0,1.0
9609,683,0,0,0,0,0,0,1.0,1.0
9609,710,0,0,0,0,0,0,1.0,1.0
9609,381,0,0,0,0,0,0,1.0,1.0
9609,197,1,1,1,1,1,1,1.0,1.0
9609,358,1,1,1,1,1,1,1.0,1.0
9609,309,0,0,0,0,0,0,1.0,1.0
9609,463,0,0,0,0,0,0,1.0,1.0
9609,641,1,1,1,1,1,1,1.0,1.0
9609,352,1,0,0,1,1,1,0.6,0.8
9609,178,0,0,0,0,0,0,1.0,1.0
9609,587,0,0,0,0,0,0,1.0,1.0
9609,606,0,0,0,0,0,0,1.0,1.0
9609,556,1,1,1,1,1,1,1.0,1.0
9609,452,1,1,1,1,1,1,1.0,1.0
9609,171,0,0,0,0,0,0,1.0,1.0
9609,605,0,0,0,0,0,0,1.0,1.0
9609,89,1,1,1,1,1,1,1.0,1.0
9609,62,0,0,0,0,0,0,1.0,1.0
9609,453,0,0,0,0,0,0,1.0,1.0
9609,546,0,0,0,0,0,0,1.0,1.0
9609,521,0,0,0,0,0,0,1.0,1.0
9609,661,0,0,0,0,0,0,1.0,1.0
9609,672,1,1,1,1,1,1,1.0,1.0
9609,443,0,0,0,0,0,0,1.0,1.0
9609,680,0,0,0,0,0,0,1.0,1.0
9609,555,0,0,0,0,0,0,1.0,1.0
9609,726,0,0,0,0,0,0,1.0,1.0
9609,512,0,0,0,0,0,0,1.0,1.0
9609,477,0,0,0,0,0,0,1.0,1.0
9609,225,0,0,0,0,0,0,1.0,1.0
9609,313,0,0,0,0,0,0,1.0,1.0
9609,475,0,0,0,0,0,0,1.0,1.0
9609,391,0,0,0,0,0,0,1.0,1.0
9609,158,1,1,1,1,1,1,1.0,1.0
9609,406,0,0,0,0,0,0,1.0,1.0
9609,22,1,1,0,1,0,1,0.6,0.8
9609,631,1,1,1,1,1,1,1.0,1.0
9609,616,0,0,0,0,0,0,1.0,1.0
9609,50,0,0,0,0,0,0,1.0,1.0
9609,316,0,0,0,0,0,0,1.0,1.0
9609,190,1,1,1,1,1,1,1.0,1.0
9609,212,0,0,0,0,0,0,1.0,1.0
9609,46,0,0,0,0,0,0,1.0,1.0
9609,596,0,0,0,0,0,0,1.0,1.0
9609,291,0,0,0,0,0,0,1.0,1.0
9609,192,0,0,0,0,0,0,1.0,1.0
9609,128,0,0,0,0,0,0,1.0,1.0
9609,644,0,0,0,0,0,0,1.0,1.0
9609,689,0,0,0,0,0,0,1.0,1.0
9609,372,0,0,0,0,0,0,1.0,1.0
9609,553,1,1,1,1,1,1,1.0,1.0
9609,417,0,0,0,0,0,0,1.0,1.0
171,675,1,1,1,1,1,1,1.0,1.0
171,397,0,0,1,0,0,0,0.8,0.9
171,343,0,0,0,0,0,0,1.0,1.0
171,585,1,1,1,1,1,1,1.0,1.0
171,340,0,0,0,0,0,0,1.0,1.0
171,457,0,0,0,0,0,0,1.0,1.0
171,12,2,2,2,2,2,2,1.0,1.0
171,479,0,0,0,0,0,0,1.0,1.0
171,156,1,1,1,1,1,1,1.0,1.0
171,290,2,2,2,2,2,2,1.0,1.0
171,369,0,0,0,0,0,0,1.0,1.0
171,194,1,1,1,1,1,1,1.0,1.0
171,445,1,1,1,1,1,1,1.0,1.0
171,673,0,0,0,0,0,0,1.0,1.0
171,209,0,0,0,0,0,0,1.0,1.0
171,79,0,1,1,1,1,1,0.8,0.9
171,6,2,2,2,2,2,2,1.0,1.0
171,490,1,1,1,1,1,1,1.0,1.0
171,565,0,0,0,0,0,0,1.0,1.0
171,37,1,1,1,1,1,1,1.0,1.0
171,328,1,1,1,1,1,1,1.0,1.0
171,580,0,0,0,0,0,0,1.0,1.0
171,561,0,0,0,0,0,0,1.0,1.0
171,279,1,1,1,1,1,1,1.0,1.0
171,226,2,1,1,1,1,1,0.8,0.9
171,693,1,1,1,1,1,1,1.0,1.0
171,696,1,1,1,1,1,1,1.0,1.0
171,651,0,1,1,1,1,1,0.8,0.9
171,684,1,1,1,1,1,1,1.0,1.0
171,339,1,1,1,1,1,1,1.0,1.0
171,186,2,2,2,2,2,2,1.0,1.0
171,398,0,0,0,0,0,0,1.0,1.0
171,187,2,2,2,2,2,2,1.0,1.0
171,704,0,0,0,0,0,0,1.0,1.0
171,405,1,1,1,1,1,1,1.0,1.0
171,260,0,0,1,1,0,0,0.6,0.8
171,235,1,1,1,1,1,1,1.0,1.0
171,10,1,1,1,1,1,1,1.0,1.0
171,484,1,1,2,1,1,1,0.8,0.9
171,695,1,1,1,1,1,1,1.0,1.0
171,692,1,2,1,2,2,2,0.6,0.8
171,621,0,0,0,0,0,0,1.0,1.0
171,517,0,0,1,0,0,0,0.8,0.9
171,32,0,0,0,0,0,0,1.0,1.0
171,654,1,1,1,1,1,1,1.0,1.0
171,558,1,1,1,1,1,1,1.0,1.0
171,164,1,1,1,1,1,1,1.0,1.0
171,196,2,2,2,2,2,2,1.0,1.0
171,360,0,0,0,0,0,0,1.0,1.0
171,645,2,2,2,2,2,2,1.0,1.0
171,523,2,2,2,1,2,2,0.8,0.9
171,508,1,1,1,1,1,1,1.0,1.0
171,66,1,1,1,1,1,1,1.0,1.0
171,310,1,1,1,1,1,1,1.0,1.0
171,1,2,2,2,2,2,2,1.0,1.0
171,625,1,1,1,1,1,1,1.0,1.0
171,217,2,2,2,2,2,2,1.0,1.0
171,487,1,1,1,1,1,1,1.0,1.0
171,442,0,0,0,0,0,0,1.0,1.0
171,667,2,2,2,2,2,2,1.0,1.0
171,560,2,1,2,1,2,2,0.6,0.8
5984,731,0,0,0,0,0,0,1.0,1.0
5984,139,0,0,0,0,0,0,1.0,1.0
5984,648,0,0,0,0,0,0,1.0,1.0
5984,261,0,0,0,0,0,0,1.0,1.0
5984,649,1,1,1,1,1,1,1.0,1.0
5984,53,1,1,1,1,1,1,1.0,1.0
5984,211,1,1,1,1,1,1,1.0,1.0
5984,93,0,0,0,0,0,0,1.0,1.0
5984,636,0,0,0,0,0,0,1.0,1.0
5984,166,0,0,0,0,0,0,1.0,1.0
5984,32,0,0,0,0,0,0,1.0,1.0
5984,433,0,0,0,0,0,0,1.0,1.0
5984,699,1,0,0,0,0,0,0.8,0.9
5984,600,0,0,0,0,0,0,1.0,1.0
5984,734,0,0,0,0,0,0,1.0,1.0
5984,500,2,2,2,2,2,2,1.0,1.0
5984,664,0,0,0,0,0,0,1.0,1.0
5984,656,0,0,1,0,1,0,0.6,0.8
5984,120,0,0,0,0,0,0,1.0,1.0
5984,607,0,0,0,0,0,0,1.0,1.0
5984,300,0,0,0,0,0,0,1.0,1.0
5984,540,0,0,0,0,0,0,1.0,1.0
5984,21,0,0,0,0,0,0,1.0,1.0
5984,426,0,0,0,0,0,0,1.0,1.0
5984,637,0,0,0,0,0,0,1.0,1.0
5984,297,0,0,0,0,0,0,1.0,1.0
5984,228,1,1,1,1,1,1,1.0,1.0
5984,54,1,1,1,1,1,1,1.0,1.0
5984,101,1,1,1,1,1,1,1.0,1.0
5984,124,0,0,0,0,0,0,1.0,1.0
5984,730,2,2,2,2,2,2,1.0,1.0
5984,635,0,0,0,0,0,0,1.0,1.0
5984,655,0,0,0,0,0,0,1.0,1.0
5984,687,0,0,0,0,0,0,1.0,1.0
5984,110,0,0,0,0,0,0,1.0,1.0
5984,387,0,0,0,0,0,0,1.0,1.0
5984,145,0,0,0,0,0,0,1.0,1.0
5984,46,0,0,0,0,0,0,1.0,1.0
5984,69,0,0,0,0,0,0,1.0,1.0
5984,112,0,0,0,0,0,0,1.0,1.0
5984,123,0,0,0,0,0,0,1.0,1.0
5984,200,0,0,0,0,0,0,1.0,1.0
5984,108,1,1,1,1,1,1,1.0,1.0
5984,368,1,1,1,1,1,1,1.0,1.0
5984,16,1,1,1,1,1,1,1.0,1.0
2749,354,0,0,0,0,0,0,1.0,1.0
2749,478,2,2,2,2,2,2,1.0,1.0
2749,441,0,0,0,0,0,0,1.0,1.0
2749,283,0,0,0,0,0,0,1.0,1.0
2749,263,2,2,2,2,2,2,1.0,1.0
2749,260,0,0,0,0,0,0,1.0,1.0
2749,634,2,2,2,2,2,2,1.0,1.0
2749,365,0,0,0,0,0,0,1.0,1.0
2749,508,0,0,0,0,0,0,1.0,1.0
2749,582,0,0,0,0,0,0,1.0,1.0
2749,600,1,1,1,1,1,1,1.0,1.0
2749,125,1,1,1,1,1,1,1.0,1.0
2749,127,0,0,0,0,0,0,1.0,1.0
2749,382,0,0,0,0,0,0,1.0,1.0
2749,30,0,0,0,0,0,0,1.0,1.0
2749,5,1,1,1,1,1,1,1.0,1.0
2749,101,1,1,1,1,1,1,1.0,1.0
2749,601,1,1,1,1,1,1,1.0,1.0
2749,21,2,2,2,2,2,2,1.0,1.0
2749,733,1,1,1,1,1,1,1.0,1.0
2749,77,0,0,0,0,0,0,1.0,1.0
2749,502,0,0,0,0,0,0,1.0,1.0
2749,560,1,1,1,1,1,1,1.0,1.0
2749,160,1,1,1,1,1,1,1.0,1.0
2749,114,1,1,1,1,1,1,1.0,1.0
2749,194,2,2,2,2,2,2,1.0,1.0
2749,230,1,1,1,1,1,1,1.0,1.0
2749,268,1,1,1,1,1,1,1.0,1.0
2749,319,1,1,1,1,1,1,1.0,1.0
2749,45,1,1,1,1,1,1,1.0,1.0
2749,625,0,0,0,0,0,0,1.0,1.0
2749,163,0,0,0,0,0,0,1.0,1.0
2749,356,0,0,0,0,0,0,1.0,1.0
2749,574,2,2,2,2,2,2,1.0,1.0
2749,741,1,1,1,1,1,1,1.0,1.0
2749,737,0,0,0,0,0,0,1.0,1.0
2749,559,1,1,1,1,1,1,1.0,1.0
2749,110,1,1,1,1,1,1,1.0,1.0
2749,143,1,1,1,1,1,1,1.0,1.0
2749,345,1,1,1,1,1,1,1.0,1.0
2749,621,0,0,0,0,0,0,1.0,1.0
2749,315,1,1,1,1,1,1,1.0,1.0
2749,667,0,0,0,0,0,0,1.0,1.0
2749,454,1,1,1,1,1,1,1.0,1.0
2749,676,0,0,0,0,0,0,1.0,1.0
2749,402,2,2,2,2,2,2,1.0,1.0
2749,585,1,1,1,1,1,1,1.0,1.0
2749,487,1,1,1,1,1,1,1.0,1.0
2749,92,0,0,0,0,0,0,1.0,1.0
2749,486,0,0,0,0,0,0,1.0,1.0
2749,83,1,1,1,1,1,1,1.0,1.0
2749,343,0,0,0,0,0,0,1.0,1.0
2749,10,0,0,0,0,0,0,1.0,1.0
2749,590,0,0,0,0,0,0,1.0,1.0
2749,372,0,0,0,0,0,0,1.0,1.0
2749,326,0,0,0,0,0,0,1.0,1.0
2749,321,0,0,0,0,0,0,1.0,1.0
2749,190,1,1,1,1,1,1,1.0,1.0
2749,684,2,2,2,2,2,2,1.0,1.0
2749,240,2,2,2,2,2,2,1.0,1.0
2749,371,0,0,0,0,0,0,1.0,1.0
2749,439,1,1,1,1,1,1,1.0,1.0
3021,163,1,1,1,1,1,1,1.0,1.0
3021,169,0,0,0,0,0,0,1.0,1.0
3021,156,0,1,1,1,0,1,0.6,0.8
3021,351,0,0,0,0,0,0,1.0,1.0
3021,270,0,0,0,0,0,0,1.0,1.0
3021,714,1,1,1,1,1,1,1.0,1.0
3021,674,2,2,2,2,2,2,1.0,1.0
3021,681,0,0,0,0,0,0,1.0,1.0
3021,72,1,1,1,1,1,1,1.0,1.0
3021,583,2,2,2,2,2,2,1.0,1.0
3021,53,1,1,1,1,1,1,1.0,1.0
3021,480,0,0,0,0,0,0,1.0,1.0
3021,271,1,1,1,1,1,1,1.0,1.0
3021,116,0,0,0,0,0,0,1.0,1.0
3021,27,1,1,1,1,1,1,1.0,1.0
3021,336,1,1,1,1,1,1,1.0,1.0
3021,309,1,1,1,1,1,1,1.0,1.0
3021,139,0,0,0,0,0,0,1.0,1.0
3021,658,0,0,0,0,0,0,1.0,1.0
3021,559,1,1,1,1,1,1,1.0,1.0
3021,409,1,1,1,1,1,1,1.0,1.0
3021,615,0,0,0,0,0,0,1.0,1.0
3021,553,1,1,1,1,1,1,1.0,1.0
3021,430,0,0,0,0,0,0,1.0,1.0
3021,355,0,1,1,0,0,0,0.6,0.8
3021,654,0,0,0,0,0,0,1.0,1.0
3021,529,0,0,0,0,0,0,1.0,1.0
3021,618,1,0,1,0,0,0,0.6,0.8
3021,568,0,1,0,0,1,0,0.6,0.8
3021,335,0,0,0,0,0,0,1.0,1.0
3021,17,1,1,1,1,1,1,1.0,1.0
3021,517,0,0,0,0,0,0,1.0,1.0
3021,434,0,0,0,0,0,0,1.0,1.0
3021,726,1,1,1,1,1,1,1.0,1.0
3021,216,1,1,1,1,1,1,1.0,1.0
3021,76,0,0,0,0,0,0,1.0,1.0
3021,513,1,1,1,1,1,1,1.0,1.0
3021,86,1,1,1,1,1,1,1.0,1.0
3021,478,1,1,1,1,1,1,1.0,1.0
3021,217,1,1,1,1,1,1,1.0,1.0
3021,700,0,0,0,0,0,0,1.0,1.0
3021,620,0,0,0,0,0,0,1.0,1.0
3021,12,1,1,1,1,1,1,1.0,1.0
3021,294,1,0,0,0,0,0,0.8,0.9
3021,225,0,0,0,0,0,0,1.0,1.0
3021,571,1,1,1,1,1,1,1.0,1.0
3021,361,0,0,0,0,0,0,1.0,1.0
3021,186,1,1,1,1,1,1,1.0,1.0
3021,453,0,0,0,0,0,0,1.0,1.0
3021,304,1,1,1,1,1,1,1.0,1.0
3021,118,1,1,1,1,1,1,1.0,1.0
3021,138,1,1,1,1,1,1,1.0,1.0
3021,378,1,1,1,1,1,1,1.0,1.0
3021,296,0,0,0,0,0,0,1.0,1.0
3021,152,0,0,0,0,0,0,1.0,1.0
3021,703,0,0,0,0,0,0,1.0,1.0
3021,488,0,0,0,0,0,0,1.0,1.0
3021,673,1,1,1,1,1,1,1.0,1.0
3021,228,1,1,1,1,1,1,1.0,1.0
3021,561,1,1,1,1,1,1,1.0,1.0
3021,85,0,0,0,0,0,0,1.0,1.0
3021,4,1,0,0,1,1,1,0.6,0.8
3021,379,0,0,0,0,0,0,1.0,1.0
3021,123,2,2,2,2,2,2,1.0,1.0
3021,122,0,0,0,0,0,0,1.0,1.0
3021,452,0,0,0,0,0,0,1.0,1.0
3021,352,1,1,1,1,1,1,1.0,1.0
3021,641,1,1,1,1,1,1,1.0,1.0
3021,315,0,0,0,0,0,0,1.0,1.0
3021,29,0,0,0,0,0,0,1.0,1.0
3021,298,1,1,1,1,1,1,1.0,1.0
3021,708,0,0,0,0,0,0,1.0,1.0
3021,43,0,0,0,0,0,0,1.0,1.0
3021,84,0,0,0,0,0,0,1.0,1.0
3021,449,1,1,1,1,1,1,1.0,1.0
3021,67,1,1,1,1,1,1,1.0,1.0
3021,616,0,0,0,0,0,0,1.0,1.0
3021,699,1,1,1,1,1,1,1.0,1.0
3021,483,0,0,0,0,0,0,1.0,1.0
3021,637,0,0,0,0,0,0,1.0,1.0
6495,511,0,0,0,0,0,0,1.0,1.0
6495,675,1,1,1,1,1,1,1.0,1.0
6495,166,1,1,1,1,1,1,1.0,1.0
6495,68,0,0,0,0,0,0,1.0,1.0
6495,161,0,0,0,0,0,0,1.0,1.0
6495,500,1,1,1,1,1,1,1.0,1.0
6495,71,0,0,0,0,0,0,1.0,1.0
6495,495,1,1,1,1,1,1,1.0,1.0
6495,484,1,1,1,1,1,1,1.0,1.0
6495,196,2,2,2,2,2,2,1.0,1.0
6495,445,1,1,1,1,1,1,1.0,1.0
6495,128,1,1,1,1,1,1,1.0,1.0
6495,283,0,0,0,0,0,0,1.0,1.0
6495,523,1,1,1,1,1,1,1.0,1.0
6495,263,2,2,2,2,2,2,1.0,1.0
6495,683,0,0,0,0,0,0,1.0,1.0
6495,458,1,1,1,1,1,1,1.0,1.0
6495,313,0,0,0,0,0,0,1.0,1.0
6495,172,1,1,1,1,1,1,1.0,1.0
6495,717,0,0,1,0,1,0,0.6,0.8
6495,538,0,0,0,0,0,0,1.0,1.0
6495,555,0,0,0,0,0,0,1.0,1.0
6495,7,1,1,1,1,1,1,1.0,1.0
6495,689,0,0,0,0,0,0,1.0,1.0
6495,220,1,1,1,1,1,1,1.0,1.0
6495,88,1,1,1,1,1,1,1.0,1.0
6495,187,1,1,1,1,1,1,1.0,1.0
6495,92,1,1,1,1,1,1,1.0,1.0
6495,201,0,0,0,0,0,0,1.0,1.0
6495,225,0,0,0,0,0,0,1.0,1.0
6495,319,1,1,1,1,1,1,1.0,1.0
6495,252,1,1,1,1,1,1,1.0,1.0
6495,223,1,1,1,1,1,1,1.0,1.0
6495,585,1,1,1,1,1,1,1.0,1.0
6495,672,2,2,2,2,2,2,1.0,1.0
6495,291,1,1,1,1,1,1,1.0,1.0
6495,626,0,0,0,0,0,0,1.0,1.0
6495,442,1,1,1,1,1,1,1.0,1.0
6495,90,0,0,0,0,0,0,1.0,1.0
6495,550,0,0,0,0,0,0,1.0,1.0
6495,716,1,1,1,1,1,1,1.0,1.0
6495,164,1,1,1,1,1,1,1.0,1.0
6495,631,1,1,1,1,1,1,1.0,1.0
6495,40,1,1,1,1,1,1,1.0,1.0
6495,450,1,1,1,1,1,1,1.0,1.0
6495,250,1,1,1,1,1,1,1.0,1.0
6495,356,1,1,1,1,1,1,1.0,1.0
6495,697,2,2,2,2,2,2,1.0,1.0
6495,188,2,2,2,2,2,2,1.0,1.0
6495,200,1,1,1,1,1,1,1.0,1.0
6495,190,0,0,0,0,0,0,1.0,1.0
6495,397,1,1,1,1,1,1,1.0,1.0
6495,711,0,0,0,0,0,0,1.0,1.0
6495,644,1,1,1,1,1,1,1.0,1.0
6495,406,1,1,1,1,1,1,1.0,1.0
6495,580,1,1,1,1,1,1,1.0,1.0
6495,556,1,1,1,1,1,1,1.0,1.0
6495,205,0,0,0,0,0,0,1.0,1.0
6495,35,0,0,0,0,0,0,1.0,1.0
6495,300,1,1,1,1,1,1,1.0,1.0
6495,45,1,1,1,1,1,1,1.0,1.0
6495,383,0,0,0,0,0,0,1.0,1.0
6495,112,1,1,1,1,1,1,1.0,1.0
6495,506,2,2,2,2,2,2,1.0,1.0
6495,402,1,1,1,1,1,1,1.0,1.0
6495,28,0,0,0,0,0,0,1.0,1.0
8202,664,1,1,1,1,1,1,1.0,1.0
8202,471,0,0,0,0,0,0,1.0,1.0
8202,704,0,0,0,0,0,0,1.0,1.0
8202,193,0,0,0,0,0,0,1.0,1.0
8202,82,0,0,0,0,0,0,1.0,1.0
8202,37,1,1,1,1,1,1,1.0,1.0
8202,213,2,1,2,2,2,2,0.8,0.9
8202,567,0,0,0,0,0,0,1.0,1.0
8202,414,0,0,0,0,0,0,1.0,1.0
8202,566,0,0,0,0,0,0,1.0,1.0
8202,441,0,0,0,0,0,0,1.0,1.0
8202,688,2,2,2,2,2,2,1.0,1.0
8202,124,1,1,1,1,1,1,1.0,1.0
8202,353,0,0,0,0,0,0,1.0,1.0
8202,181,1,1,1,1,1,1,1.0,1.0
8202,557,1,1,1,1,1,1,1.0,1.0
8202,344,0,0,0,0,0,0,1.0,1.0
8202,246,1,1,1,1,1,1,1.0,1.0
8202,13,0,0,0,0,0,0,1.0,1.0
8202,91,0,0,0,0,0,0,1.0,1.0
8202,578,2,2,2,2,2,2,1.0,1.0
8202,279,0,0,0,0,0,0,1.0,1.0
8202,120,0,0,0,0,0,0,1.0,1.0
8202,211,1,1,2,1,1,1,0.8,0.9
8202,547,0,0,0,0,0,0,1.0,1.0
8202,79,0,0,0,0,0,0,1.0,1.0
8202,197,1,1,1,1,1,1,1.0,1.0
8202,696,1,1,1,1,1,1,1.0,1.0
8202,297,0,0,0,0,0,0,1.0,1.0
8202,454,0,0,0,0,0,0,1.0,1.0
8202,415,0,0,0,0,0,0,1.0,1.0
8202,730,1,1,1,1,1,1,1.0,1.0
8202,558,1,1,1,1,1,1,1.0,1.0
8202,235,1,1,1,1,1,1,1.0,1.0
8202,209,0,0,0,0,0,0,1.0,1.0
8202,687,1,1,1,1,1,1,1.0,1.0
8202,539,0,0,0,0,0,0,1.0,1.0
8202,64,0,0,0,0,0,0,1.0,1.0
8202,135,1,1,1,1,1,1,1.0,1.0
8202,1,2,2,2,2,2,2,1.0,1.0
8202,6,1,2,2,2,2,2,0.8,0.9
8202,649,0,1,1,1,1,1,0.8,0.9
8202,693,1,1,1,1,1,1,1.0,1.0
8202,62,0,0,0,0,0,0,1.0,1.0
8202,311,0,0,0,0,0,0,1.0,1.0
8202,143,0,0,0,0,0,0,1.0,1.0
8202,318,0,0,0,0,0,0,1.0,1.0
8202,16,1,1,1,1,2,1,0.8,0.9
8202,212,0,0,0,0,0,0,1.0,1.0
564,309,2,2,2,2,2,2,1.0,1.0
564,712,2,2,2,2,2,2,1.0,1.0
564,110,1,1,1,1,1,1,1.0,1.0
564,240,2,2,2,2,2,2,1.0,1.0
564,53,2,2,2,2,2,2,1.0,1.0
564,478,2,2,2,2,2,2,1.0,1.0
564,305,1,1,1,1,1,1,1.0,1.0
564,269,1,1,1,1,1,1,1.0,1.0
564,621,0,0,0,0,0,0,1.0,1.0
564,279,2,2,2,2,2,2,1.0,1.0
564,355,2,2,2,2,2,2,1.0,1.0
564,367,2,2,2,2,2,2,1.0,1.0
564,263,2,2,2,2,2,2,1.0,1.0
564,402,2,2,2,2,2,2,1.0,1.0
564,45,2,2,2,2,2,2,1.0,1.0
564,683,1,1,1,1,1,1,1.0,1.0
564,152,0,0,0,0,0,0,1.0,1.0
564,217,2,2,2,2,2,2,1.0,1.0
564,275,1,1,1,1,1,1,1.0,1.0
564,445,2,2,2,2,2,2,1.0,1.0
564,556,2,2,2,2,2,2,1.0,1.0
564,283,0,0,0,0,0,0,1.0,1.0
564,213,2,2,2,2,2,2,1.0,1.0
564,440,0,0,0,0,0,0,1.0,1.0
564,499,1,1,1,1,1,1,1.0,1.0
564,112,0,0,0,0,1,0,0.8,0.9
564,85,2,2,2,2,2,2,1.0,1.0
564,187,2,2,2,2,2,2,1.0,1.0
564,76,2,2,2,2,2,2,1.0,1.0
564,541,2,2,2,2,2,2,1.0,1.0
564,484,2,2,2,2,2,2,1.0,1.0
564,347,0,0,0,0,0,0,1.0,1.0
564,108,2,2,2,2,2,2,1.0,1.0
564,633,0,0,0,0,0,0,1.0,1.0
564,163,2,2,2,2,2,2,1.0,1.0
564,730,2,2,2,2,2,2,1.0,1.0
564,221,0,0,0,0,0,0,1.0,1.0
564,82,2,2,2,2,2,2,1.0,1.0
564,555,0,0,0,0,0,0,1.0,1.0
564,90,1,1,1,1,1,1,1.0,1.0
564,260,1,1,1,1,1,1,1.0,1.0
564,424,2,2,2,2,2,2,1.0,1.0
564,500,2,2,2,2,2,2,1.0,1.0
564,693,1,1,1,1,1,1,1.0,1.0
564,456,0,0,0,0,0,0,1.0,1.0
564,539,1,1,1,1,1,1,1.0,1.0
564,580,0,0,0,0,0,0,1.0,1.0
564,24,2,2,2,2,2,2,1.0,1.0
564,519,1,1,1,1,1,1,1.0,1.0
564,316,2,2,2,2,2,2,1.0,1.0
564,197,2,2,2,2,2,2,1.0,1.0
564,235,2,2,2,2,2,2,1.0,1.0
564,516,0,0,0,0,0,0,1.0,1.0
564,630,1,1,1,1,1,1,1.0,1.0
564,164,2,2,2,2,2,2,1.0,1.0
564,257,1,1,1,1,1,1,1.0,1.0
564,16,2,2,2,2,2,2,1.0,1.0
564,271,2,2,2,2,2,2,1.0,1.0
564,617,1,1,1,1,1,1,1.0,1.0
564,667,2,2,2,2,2,2,1.0,1.0
564,83,2,2,2,2,2,2,1.0,1.0
564,273,0,0,0,0,0,0,1.0,1.0
564,697,2,2,2,2,2,2,1.0,1.0
564,28,2,2,2,2,2,2,1.0,1.0
564,695,2,2,2,2,2,2,1.0,1.0
564,228,2,2,2,2,2,2,1.0,1.0
564,449,2,2,2,2,2,2,1.0,1.0
564,291,2,2,2,2,2,2,1.0,1.0
564,720,1,1,1,1,1,1,1.0,1.0
564,453,2,2,2,2,2,2,1.0,1.0
564,726,1,1,1,1,1,1,1.0,1.0
564,600,1,1,1,1,1,1,1.0,1.0
564,641,2,2,2,2,2,2,1.0,1.0
564,631,2,2,2,2,2,2,1.0,1.0
564,511,1,1,1,1,1,1,1.0,1.0
564,64,2,2,2,2,2,2,1.0,1.0
564,553,2,2,2,2,2,2,1.0,1.0
564,314,2,2,2,2,2,2,1.0,1.0
564,301,1,1,1,1,1,1,1.0,1.0
564,268,2,2,2,2,2,2,1.0,1.0
564,1,2,2,2,2,2,2,1.0,1.0
6190,687,1,1,1,1,1,1,1.0,1.0
6190,298,2,2,2,2,2,2,1.0,1.0
6190,593,1,1,1,1,1,1,1.0,1.0
6190,408,2,2,2,2,2,2,1.0,1.0
6190,220,2,2,2,2,2,2,1.0,1.0
6190,21,1,1,1,1,1,1,1.0,1.0
6190,209,1,1,1,1,1,1,1.0,1.0
6190,370,1,1,1,1,1,1,1.0,1.0
6190,671,0,0,0,1,0,0,0.8,0.9
6190,558,1,1,1,1,1,1,1.0,1.0
6190,352,2,2,2,2,2,2,1.0,1.0
6190,318,0,0,0,0,0,0,1.0,1.0
6190,616,0,0,0,0,0,0,1.0,1.0
6190,649,1,1,1,1,1,1,1.0,1.0
6190,476,0,0,0,0,0,0,1.0,1.0
6190,236,0,0,0,0,0,0,1.0,1.0
6190,311,1,1,1,1,1,1,1.0,1.0
6190,29,1,1,1,1,1,1,1.0,1.0
6190,711,1,1,1,1,1,1,1.0,1.0
6190,527,1,1,1,1,1,1,1.0,1.0
6190,442,0,0,0,0,0,0,1.0,1.0
6190,684,2,2,2,2,2,2,1.0,1.0
6190,459,1,1,1,1,1,1,1.0,1.0
6190,312,2,2,2,2,1,2,0.8,0.9
6190,37,2,2,2,2,2,2,1.0,1.0
6190,153,0,0,0,0,0,0,1.0,1.0
6190,547,0,0,0,0,0,0,1.0,1.0
6190,161,0,0,0,0,0,0,1.0,1.0
6190,349,0,0,0,0,0,0,1.0,1.0
6190,695,1,1,1,1,1,1,1.0,1.0
6190,461,0,0,0,0,0,0,1.0,1.0
6190,460,2,2,2,2,2,2,1.0,1.0
6190,409,1,1,1,1,1,1,1.0,1.0
6190,249,0,0,0,0,0,0,1.0,1.0
6190,696,1,1,1,1,1,1,1.0,1.0
6190,688,1,1,1,1,1,1,1.0,1.0
6190,535,2,2,2,2,2,2,1.0,1.0
6190,699,2,2,2,2,2,2,1.0,1.0
6190,702,0,0,0,0,0,0,1.0,1.0
6190,452,1,1,1,1,1,1,1.0,1.0
6190,639,0,0,0,0,0,0,1.0,1.0
6190,230,0,0,0,0,0,0,1.0,1.0
6190,7,0,0,0,0,0,0,1.0,1.0
6190,59,0,0,0,0,0,0,1.0,1.0
6190,196,1,1,1,1,1,1,1.0,1.0
6190,658,0,0,0,0,0,0,1.0,1.0
6190,704,1,1,1,1,1,1,1.0,1.0
6190,401,1,1,1,1,1,1,1.0,1.0
6190,52,1,1,1,1,1,1,1.0,1.0
6190,560,1,1,1,1,1,1,1.0,1.0
6190,438,0,0,0,0,0,0,1.0,1.0
6190,34,2,2,2,2,2,2,1.0,1.0
6190,664,1,1,1,1,1,1,1.0,1.0
6190,224,1,1,1,1,1,1,1.0,1.0
6190,82,2,1,1,1,2,1,0.6,0.8
6190,94,0,0,0,0,0,0,1.0,1.0
6190,268,1,1,1,1,1,1,1.0,1.0
6190,127,1,1,1,1,1,1,1.0,1.0
6190,101,2,2,2,2,2,2,1.0,1.0
6190,12,0,1,0,0,1,0,0.6,0.8
6190,637,1,1,0,1,0,1,0.6,0.8
6190,372,1,1,1,1,1,1,1.0,1.0
6190,304,1,1,1,1,1,1,1.0,1.0
6190,168,0,0,0,0,0,0,1.0,1.0
6190,46,1,1,1,1,1,1,1.0,1.0
6190,378,2,2,2,2,2,2,1.0,1.0
6190,57,0,0,0,0,0,0,1.0,1.0
6190,123,1,1,1,1,1,1,1.0,1.0
6190,482,1,1,1,1,1,1,1.0,1.0
314,689,1,1,1,1,1,1,1.0,1.0
314,654,1,1,1,1,1,1,1.0,1.0
314,721,1,1,1,1,1,1,1.0,1.0
314,4,1,1,1,1,1,1,1.0,1.0
314,415,1,1,1,1,1,1,1.0,1.0
314,62,1,1,1,1,1,1,1.0,1.0
314,615,0,0,0,0,0,0,1.0,1.0
314,739,1,1,1,1,1,1,1.0,1.0
314,441,2,2,2,2,2,2,1.0,1.0
314,429,0,0,0,0,0,0,1.0,1.0
314,237,1,1,1,1,1,1,1.0,1.0
314,539,1,1,1,1,1,1,1.0,1.0
314,588,2,2,2,2,2,2,1.0,1.0
314,319,1,1,1,1,1,1,1.0,1.0
314,533,0,0,0,0,0,0,1.0,1.0
314,643,0,0,0,0,0,0,1.0,1.0
314,133,1,1,1,1,1,1,1.0,1.0
314,701,1,1,1,1,1,1,1.0,1.0
314,672,2,2,2,2,2,2,1.0,1.0
314,614,0,1,0,0,0,0,0.8,0.9
314,677,1,1,1,1,1,1,1.0,1.0
314,594,0,0,0,0,0,0,1.0,1.0
314,428,1,1,1,1,1,1,1.0,1.0
314,30,0,0,0,0,0,0,1.0,1.0
314,356,1,0,0,0,1,0,0.6,0.8
314,327,1,1,1,1,1,1,1.0,1.0
314,168,0,0,0,0,0,0,1.0,1.0
314,708,1,1,1,1,1,1,1.0,1.0
314,277,2,1,1,1,1,1,0.8,0.9
314,446,0,0,0,0,0,0,1.0,1.0
314,67,1,1,1,1,1,1,1.0,1.0
314,186,1,1,1,1,1,1,1.0,1.0
314,406,1,1,1,1,1,1,1.0,1.0
314,189,0,0,0,0,0,0,1.0,1.0
314,75,1,1,1,1,1,1,1.0,1.0
314,559,1,1,1,1,1,1,1.0,1.0
314,5,0,0,0,0,0,0,1.0,1.0
314,506,0,0,0,0,0,0,1.0,1.0
314,652,0,0,0,0,0,0,1.0,1.0
314,454,1,1,1,1,1,1,1.0,1.0
314,393,0,0,0,0,0,0,1.0,1.0
314,145,1,1,1,1,1,1,1.0,1.0
314,460,1,1,1,1,1,1,1.0,1.0
314,162,1,1,1,1,1,1,1.0,1.0
314,207,1,1,1,1,1,1,1.0,1.0
314,399,1,1,1,1,1,1,1.0,1.0
314,545,1,1,1,1,1,1,1.0,1.0
314,396,0,0,0,0,0,0,1.0,1.0
314,544,0,0,0,0,0,0,1.0,1.0
314,43,1,0,0,0,0,0,0.8,0.9
314,367,1,1,1,1,1,1,1.0,1.0
314,634,1,1,1,1,1,1,1.0,1.0
314,165,0,1,1,0,1,1,0.6,0.8
314,158,1,1,1,1,1,1,1.0,1.0
314,323,0,0,0,0,0,0,1.0,1.0
314,603,1,1,1,1,1,1,1.0,1.0
314,570,1,1,1,1,1,1,1.0,1.0
314,300,1,1,1,1,1,1,1.0,1.0
314,154,2,2,2,2,2,2,1.0,1.0
314,211,1,1,1,1,1,1,1.0,1.0
314,720,1,1,1,1,1,1,1.0,1.0
314,6,2,2,2,1,1,2,0.6,0.8
314,313,0,0,1,0,1,0,0.6,0.8
314,236,0,0,0,0,0,0,1.0,1.0
314,44,1,1,1,1,1,1,1.0,1.0
314,363,1,1,1,1,1,1,1.0,1.0
314,92,1,1,1,1,1,1,1.0,1.0
314,523,1,1,1,1,1,1,1.0,1.0
314,55,2,2,2,2,2,2,1.0,1.0
314,40,0,0,0,0,1,0,0.8,0.9
314,459,1,1,1,1,1,1,1.0,1.0
4141,160,1,1,1,1,1,1,1.0,1.0
4141,171,0,0,0,0,0,0,1.0,1.0
4141,364,2,2,2,2,2,2,1.0,1.0
4141,607,2,2,2,2,2,2,1.0,1.0
4141,633,0,0,0,0,0,0,1.0,1.0
4141,638,2,2,1,1,1,1,0.6,0.8
4141,48,1,1,1,1,1,1,1.0,1.0
4141,5,1,1,1,1,1,1,1.0,1.0
4141,529,1,1,1,1,1,1,1.0,1.0
4141,317,1,1,1,1,1,1,1.0,1.0
4141,559,2,2,2,2,2,2,1.0,1.0
4141,271,2,2,2,2,2,2,1.0,1.0
4141,513,2,2,2,2,2,2,1.0,1.0
4141,557,1,1,1,1,1,1,1.0,1.0
4141,85,1,1,1,1,1,1,1.0,1.0
4141,209,0,0,0,0,0,0,1.0,1.0
4141,154,2,2,2,2,2,2,1.0,1.0
4141,368,1,1,1,1,1,1,1.0,1.0
4141,360,1,1,1,1,1,1,1.0,1.0
4141,161,2,2,2,2,2,2,1.0,1.0
4141,359,2,2,2,2,2,2,1.0,1.0
4141,212,1,1,1,1,1,1,1.0,1.0
4141,719,2,2,2,2,2,2,1.0,1.0
4141,444,1,1,1,1,1,1,1.0,1.0
4141,575,2,2,2,2,2,2,1.0,1.0
4141,496,2,2,2,2,2,2,1.0,1.0
4141,572,1,1,1,1,1,1,1.0,1.0
4141,409,1,1,1,1,1,1,1.0,1.0
4141,517,1,1,1,1,1,1,1.0,1.0
4141,509,1,1,1,1,1,1,1.0,1.0
4141,556,1,1,1,1,1,1,1.0,1.0
4141,3,1,1,1,1,1,1,1.0,1.0
4141,281,1,1,1,1,1,1,1.0,1.0
4141,535,2,2,2,2,2,2,1.0,1.0
4141,227,1,1,1,1,1,1,1.0,1.0
4141,329,0,0,0,0,0,0,1.0,1.0
4141,250,1,1,1,1,1,1,1.0,1.0
4141,397,0,0,0,1,0,0,0.8,0.9
4141,474,2,2,2,2,2,2,1.0,1.0
4141,502,1,1,1,1,1,1,1.0,1.0
4141,630,1,1,1,1,1,1,1.0,1.0
4141,680,0,0,0,0,0,0,1.0,1.0
4141,591,1,1,1,1,1,1,1.0,1.0
4141,451,2,1,2,1,1,1,0.6,0.8
4141,145,2,2,2,2,2,2,1.0,1.0
4141,165,1,1,1,1,1,1,1.0,1.0
4141,457,1,1,1,1,1,1,1.0,1.0
4141,420,1,1,1,1,1,1,1.0,1.0
4141,268,1,1,1,1,1,1,1.0,1.0
4141,710,1,1,1,1,1,1,1.0,1.0
4141,713,2,2,2,2,2,2,1.0,1.0
4141,367,2,2,2,2,2,2,1.0,1.0
4141,17,1,1,1,1,1,1,1.0,1.0
4141,180,2,2,2,2,2,2,1.0,1.0
4141,516,1,1,1,1,1,1,1.0,1.0
4141,363,1,1,1,1,1,1,1.0,1.0
4141,366,2,2,2,2,2,2,1.0,1.0
4141,177,0,0,0,0,0,0,1.0,1.0
4141,232,1,1,1,1,1,1,1.0,1.0
4141,23,0,0,0,0,0,0,1.0,1.0
4141,362,1,1,1,1,1,1,1.0,1.0
4141,307,2,2,2,2,2,2,1.0,1.0
5719,461,0,0,0,0,0,0,1.0,1.0
5719,197,1,1,1,1,1,1,1.0,1.0
5719,190,0,0,0,0,0,0,1.0,1.0
5719,167,1,1,1,1,1,1,1.0,1.0
5719,603,0,0,0,0,0,0,1.0,1.0
5719,711,1,1,1,1,1,1,1.0,1.0
5719,414,0,0,0,0,0,0,1.0,1.0
5719,437,0,0,0,0,0,0,1.0,1.0
5719,320,0,0,0,0,0,0,1.0,1.0
5719,215,0,0,0,0,0,0,1.0,1.0
5719,462,0,0,0,0,0,0,1.0,1.0
5719,671,0,0,0,0,0,0,1.0,1.0
5719,322,0,0,0,0,0,0,1.0,1.0
5719,116,0,0,0,0,0,0,1.0,1.0
5719,517,0,0,0,0,0,0,1.0,1.0
5719,336,1,1,1,1,1,1,1.0,1.0
5719,37,2,2,2,2,2,2,1.0,1.0
5719,221,0,0,0,0,0,0,1.0,1.0
5719,740,1,1,1,1,1,1,1.0,1.0
5719,324,0,0,0,0,0,0,1.0,1.0
5719,723,1,1,1,1,1,1,1.0,1.0
5719,145,1,0,0,0,0,0,0.8,0.9
5719,7,0,0,0,0,0,0,1.0,1.0
5719,207,1,0,0,0,1,0,0.6,0.8
5719,591,1,1,1,1,1,1,1.0,1.0
5719,435,1,1,1,1,1,1,1.0,1.0
5719,468,2,2,2,2,2,2,1.0,1.0
5719,394,1,1,1,1,1,1,1.0,1.0
5719,339,0,0,0,0,0,0,1.0,1.0
5719,353,1,0,1,1,1,1,0.8,0.9
5719,534,1,0,0,1,0,0,0.6,0.8
5719,33,0,0,0,0,0,0,1.0,1.0
5719,194,1,1,1,1,1,1,1.0,1.0
5719,223,0,0,0,0,0,0,1.0,1.0
5719,729,0,0,0,0,0,0,1.0,1.0
5719,543,1,1,1,1,1,1,1.0,1.0
5719,306,1,1,1,1,1,1,1.0,1.0
5719,137,0,0,0,0,0,0,1.0,1.0
5719,142,0,0,0,0,0,0,1.0,1.0
5719,716,0,0,0,0,0,0,1.0,1.0
5719,460,1,1,1,1,1,1,1.0,1.0
5719,657,2,2,2,2,2,2,1.0,1.0
5719,697,0,0,0,0,0,0,1.0,1.0
5719,416,0,0,0,0,0,0,1.0,1.0
5719,518,1,1,1,1,1,1,1.0,1.0
5719,219,0,0,0,0,0,0,1.0,1.0
5719,519,0,0,0,0,0,0,1.0,1.0
5719,381,0,0,0,0,0,0,1.0,1.0
5719,74,0,0,0,0,0,0,1.0,1.0
5719,246,1,1,1,1,1,1,1.0,1.0
5719,391,0,0,0,0,0,0,1.0,1.0
5719,327,0,0,0,0,0,0,1.0,1.0
5719,674,1,1,1,1,1,1,1.0,1.0
5719,40,0,0,0,0,0,0,1.0,1.0
5719,420,2,2,2,2,2,2,1.0,1.0
5719,515,0,0,0,0,0,0,1.0,1.0
5719,705,0,0,0,0,0,0,1.0,1.0
5719,297,1,1,1,0,1,1,0.8,0.9
5719,583,2,2,2,2,2,2,1.0,1.0
5719,612,0,0,0,0,0,0,1.0,1.0
5719,195,1,1,1,1,1,1,1.0,1.0
5719,83,0,0,0,0,0,0,1.0,1.0
5719,392,1,1,1,1,1,1,1.0,1.0
5719,412,1,1,1,1,1,1,1.0,1.0
5719,527,0,0,0,0,0,0,1.0,1.0
5719,205,0,0,0,0,0,0,1.0,1.0
5719,398,0,0,0,0,0,0,1.0,1.0
5719,118,1,1,1,1,1,1,1.0,1.0
5719,644,0,0,0,0,0,0,1.0,1.0
5719,458,1,1,1,1,1,1,1.0,1.0
5719,321,0,0,0,0,0,0,1.0,1.0
5719,132,0,0,0,0,0,0,1.0,1.0
5719,475,0,0,0,0,0,0,1.0,1.0
5719,574,1,1,1,1,1,1,1.0,1.0
5719,664,1,1,1,1,1,1,1.0,1.0
1914,331,0,0,0,0,0,0,1.0,1.0
1914,133,0,0,0,0,0,0,1.0,1.0
1914,599,0,0,0,0,0,0,1.0,1.0
1914,567,0,0,0,0,0,0,1.0,1.0
1914,75,1,1,1,1,1,1,1.0,1.0
1914,608,2,2,2,2,2,2,1.0,1.0
1914,539,0,0,0,0,0,0,1.0,1.0
1914,282,0,0,0,0,0,0,1.0,1.0
1914,351,0,0,0,0,0,0,1.0,1.0
1914,696,1,1,1,1,1,1,1.0,1.0
1914,112,1,1,1,1,1,1,1.0,1.0
1914,494,1,1,1,1,1,1,1.0,1.0
1914,667,0,0,0,0,0,0,1.0,1.0
1914,387,0,0,0,0,0,0,1.0,1.0
1914,179,0,0,0,0,0,0,1.0,1.0
1914,411,1,1,1,1,1,1,1.0,1.0
1914,660,2,2,2,2,2,2,1.0,1.0
1914,532,1,1,1,1,1,1,1.0,1.0
1914,569,0,0,0,0,0,0,1.0,1.0
1914,13,0,0,0,0,0,0,1.0,1.0
1914,52,1,1,1,1,1,1,1.0,1.0
1914,333,0,0,0,0,0,0,1.0,1.0
1914,14,1,1,1,1,1,1,1.0,1.0
1914,669,1,1,1,1,1,1,1.0,1.0
1914,377,0,0,0,0,0,0,1.0,1.0
1914,105,0,0,0,0,0,0,1.0,1.0
1914,472,0,0,0,0,0,0,1.0,1.0
1914,592,1,1,1,1,1,1,1.0,1.0
1914,515,0,0,0,0,0,0,1.0,1.0
1914,409,1,1,1,1,1,1,1.0,1.0
1914,264,1,1,1,1,1,1,1.0,1.0
1914,63,1,1,1,1,1,1,1.0,1.0
1914,514,1,1,1,1,1,1,1.0,1.0
1914,335,0,0,0,0,0,0,1.0,1.0
1914,1,2,2,2,2,2,2,1.0,1.0
1914,436,0,0,0,0,0,0,1.0,1.0
1914,328,1,1,1,1,1,1,1.0,1.0
1914,61,0,0,0,0,0,0,1.0,1.0
1914,624,0,0,0,0,0,0,1.0,1.0
1914,576,1,1,1,1,1,1,1.0,1.0
1914,736,2,2,2,2,2,2,1.0,1.0
1914,262,1,1,1,1,1,1,1.0,1.0
1914,181,1,1,1,1,1,1,1.0,1.0
1914,676,0,0,0,0,0,0,1.0,1.0
1914,159,1,1,1,1,1,1,1.0,1.0
1914,408,1,1,1,1,1,1,1.0,1.0
1914,211,2,2,2,2,2,2,1.0,1.0
1914,66,0,0,0,0,0,0,1.0,1.0
1914,164,1,1,1,1,1,1,1.0,1.0
1914,243,0,0,0,0,0,0,1.0,1.0
1914,301,1,1,1,1,1,1,1.0,1.0
1914,650,2,2,2,2,2,2,1.0,1.0
1914,16,2,2,2,2,2,2,1.0,1.0
1914,46,0,0,0,0,0,0,1.0,1.0
1914,700,0,0,0,0,0,0,1.0,1.0
1914,71,1,0,1,1,1,1,0.8,0.9
1914,162,0,0,0,0,0,0,1.0,1.0
1914,688,0,0,0,0,0,0,1.0,1.0
1914,421,0,0,0,0,0,0,1.0,1.0
1914,248,1,1,1,1,1,1,1.0,1.0
1914,163,0,0,0,0,0,0,1.0,1.0
1914,557,2,2,2,2,2,2,1.0,1.0
1914,672,1,1,1,1,1,1,1.0,1.0
1914,341,0,0,0,0,0,0,1.0,1.0
1914,99,0,0,0,0,0,0,1.0,1.0
1914,184,1,1,1,1,1,1,1.0,1.0
1914,10,0,0,0,0,0,0,1.0,1.0
1914,578,2,2,2,2,2,2,1.0,1.0
1914,559,1,1,1,1,1,1,1.0,1.0
1914,49,1,1,1,1,1,1,1.0,1.0
1914,595,0,0,0,0,0,0,1.0,1.0
1914,157,1,1,1,1,1,1,1.0,1.0
1914,375,0,0,0,0,0,0,1.0,1.0
1914,544,1,1,1,1,1,1,1.0,1.0
1914,269,1,1,1,1,1,1,1.0,1.0
1914,722,2,2,2,2,2,2,1.0,1.0
1914,228,0,1,0,0,0,0,0.8,0.9
2980,504,0,0,0,0,0,0,1.0,1.0
2980,69,0,0,0,0,0,0,1.0,1.0
2980,78,0,0,0,0,0,0,1.0,1.0
2980,509,0,0,0,0,0,0,1.0,1.0
2980,333,0,0,0,0,0,0,1.0,1.0
2980,146,0,0,0,0,0,0,1.0,1.0
2980,366,0,0,0,0,0,0,1.0,1.0
2980,66,0,0,0,0,0,0,1.0,1.0
2980,324,0,0,0,0,0,0,1.0,1.0
2980,527,0,0,0,0,0,0,1.0,1.0
2980,571,0,0,0,0,0,0,1.0,1.0
2980,326,1,1,1,1,1,1,1.0,1.0
2980,541,0,0,0,0,0,0,1.0,1.0
2980,283,0,0,0,0,0,0,1.0,1.0
2980,230,0,0,0,0,0,0,1.0,1.0
2980,240,0,0,0,0,0,0,1.0,1.0
2980,45,0,0,0,0,0,0,1.0,1.0
2980,137,0,0,0,0,0,0,1.0,1.0
2980,699,0,0,1,1,1,1,0.6,0.8
2980,320,0,0,0,0,0,0,1.0,1.0
2980,265,0,0,0,0,0,0,1.0,1.0
2980,269,0,0,0,0,0,0,1.0,1.0
2980,435,1,1,1,1,1,1,1.0,1.0
2980,159,0,0,0,0,0,0,1.0,1.0
2980,455,0,0,0,0,1,0,0.8,0.9
2980,17,0,0,0,1,0,0,0.8,0.9
2980,343,0,0,0,0,0,0,1.0,1.0
2980,725,1,1,0,1,1,1,0.8,0.9
2980,704,1,1,0,0,1,1,0.6,0.8
2980,46,1,1,1,1,1,1,1.0,1.0
2980,158,1,1,0,1,1,1,0.8,0.9
2980,25,0,0,0,0,0,0,1.0,1.0
2980,224,0,0,0,0,0,0,1.0,1.0
2980,138,0,0,0,0,0,0,1.0,1.0
2980,722,0,0,0,0,0,0,1.0,1.0
2980,443,0,0,0,0,0,0,1.0,1.0
2980,434,0,0,0,0,0,0,1.0,1.0
2980,383,0,0,0,0,0,0,1.0,1.0
2980,584,0,0,0,1,0,0,0.8,0.9
2980,96,0,0,0,0,0,0,1.0,1.0
2980,537,0,0,0,0,0,0,1.0,1.0
2980,475,0,0,0,0,0,0,1.0,1.0
2980,442,0,0,0,0,0,0,1.0,1.0
2980,57,0,0,0,0,0,0,1.0,1.0
2980,408,0,0,0,0,0,0,1.0,1.0
2980,468,0,0,0,0,0,0,1.0,1.0
2980,710,0,0,0,0,0,0,1.0,1.0
2980,26,0,0,0,0,0,0,1.0,1.0
2980,535,0,0,0,0,0,0,1.0,1.0
2980,157,1,1,1,1,1,1,1.0,1.0
2980,270,1,0,0,0,0,0,0.8,0.9
2980,700,0,0,0,0,0,0,1.0,1.0
2980,495,0,0,0,0,0,0,1.0,1.0
2980,609,0,0,0,0,0,0,1.0,1.0
2980,474,0,0,0,0,0,0,1.0,1.0
2980,204,0,0,0,0,0,0,1.0,1.0
2980,572,0,0,0,0,0,0,1.0,1.0
2980,674,0,0,0,0,0,0,1.0,1.0
2980,160,1,1,0,1,1,1,0.8,0.9
2980,177,1,1,1,1,1,1,1.0,1.0
2980,703,0,0,0,0,0,0,1.0,1.0
2980,575,0,0,0,0,0,0,1.0,1.0
2980,243,1,1,1,1,1,1,1.0,1.0
2980,599,0,0,0,0,0,0,1.0,1.0
2980,233,0,0,0,0,0,0,1.0,1.0
2980,680,0,0,0,0,0,0,1.0,1.0
2980,50,0,0,0,0,0,0,1.0,1.0
2980,477,0,0,0,0,0,0,1.0,1.0
2980,32,0,0,0,0,0,0,1.0,1.0
2980,250,0,0,0,0,0,0,1.0,1.0
2980,724,0,0,0,0,0,0,1.0,1.0
2980,345,0,0,0,0,0,0,1.0,1.0
2980,275,1,0,0,1,0,0,0.6,0.8
2980,217,0,0,0,0,0,0,1.0,1.0
2980,398,0,0,0,0,0,0,1.0,1.0
2980,73,0,0,0,0,0,0,1.0,1.0
2980,5,0,0,0,0,0,0,1.0,1.0
2980,161,0,0,0,0,0,0,1.0,1.0
2980,488,0,0,0,0,0,0,1.0,1.0
2980,513,0,0,0,0,0,0,1.0,1.0
2980,478,0,0,0,0,0,0,1.0,1.0
2980,195,1,1,1,1,1,1,1.0,1.0
2980,339,0,0,0,0,0,0,1.0,1.0
2980,401,0,0,0,0,0,0,1.0,1.0
2980,60,0,0,0,0,0,0,1.0,1.0
2980,55,1,1,1,1,1,1,1.0,1.0
2980,232,0,0,0,0,0,0,1.0,1.0
2980,413,0,0,0,0,0,0,1.0,1.0
2980,668,0,0,0,0,0,0,1.0,1.0
2980,74,0,0,0,0,0,0,1.0,1.0
2980,375,0,0,0,0,0,0,1.0,1.0
2980,221,0,0,0,0,0,0,1.0,1.0
2980,735,0,0,0,0,0,0,1.0,1.0
2980,75,0,0,0,0,0,0,1.0,1.0
2980,7,0,0,0,0,0,0,1.0,1.0
2980,458,0,0,0,0,0,0,1.0,1.0
2697,494,0,0,0,0,0,0,1.0,1.0
2697,84,1,1,1,0,0,1,0.6,0.8
2697,242,0,0,0,0,0,0,1.0,1.0
2697,691,0,0,0,0,0,0,1.0,1.0
2697,735,0,0,1,0,0,0,0.8,0.9
2697,194,1,1,1,1,1,1,1.0,1.0
2697,579,0,0,0,0,0,0,1.0,1.0
2697,64,1,1,1,1,1,1,1.0,1.0
2697,176,0,0,0,0,0,0,1.0,1.0
2697,603,1,1,1,1,1,1,1.0,1.0
2697,544,1,1,0,0,0,0,0.6,0.8
2697,724,0,0,0,0,0,0,1.0,1.0
2697,403,1,1,1,1,1,1,1.0,1.0
2697,457,0,0,0,0,0,0,1.0,1.0
2697,473,1,1,1,1,1,1,1.0,1.0
2697,313,0,0,0,0,0,0,1.0,1.0
2697,574,1,1,1,1,1,1,1.0,1.0
2697,414,0,0,0,0,0,0,1.0,1.0
2697,266,0,0,0,0,0,0,1.0,1.0
2697,41,1,1,1,1,1,1,1.0,1.0
2697,392,1,1,1,1,1,1,1.0,1.0
2697,660,1,1,1,1,1,1,1.0,1.0
2697,110,0,0,0,0,0,0,1.0,1.0
2697,158,1,1,1,1,1,1,1.0,1.0
2697,142,0,0,0,0,0,0,1.0,1.0
2697,206,2,2,2,2,2,2,1.0,1.0
2697,401,0,0,0,0,0,0,1.0,1.0
2697,63,0,0,0,0,0,0,1.0,1.0
2697,497,1,0,0,0,0,0,0.8,0.9
2697,736,1,1,0,1,0,1,0.6,0.8
2697,360,1,1,1,1,1,1,1.0,1.0
2697,616,0,0,0,0,0,0,1.0,1.0
2697,174,0,0,0,0,0,0,1.0,1.0
2697,87,0,0,0,0,0,0,1.0,1.0
2697,467,0,0,0,0,0,0,1.0,1.0
2697,71,0,0,0,0,0,0,1.0,1.0
2697,15,1,1,1,1,1,1,1.0,1.0
2697,387,0,0,0,0,0,0,1.0,1.0
2697,60,0,0,0,0,0,0,1.0,1.0
2697,327,0,0,0,0,0,0,1.0,1.0
2697,248,1,1,1,1,1,1,1.0,1.0
2697,268,0,0,0,0,0,0,1.0,1.0
2697,433,0,0,0,0,0,0,1.0,1.0
2697,358,1,0,0,0,1,0,0.6,0.8
2697,411,0,0,0,0,0,0,1.0,1.0
2697,117,0,0,0,0,0,0,1.0,1.0
2697,679,0,0,0,0,0,0,1.0,1.0
2697,353,1,1,1,1,1,1,1.0,1.0
2697,328,0,0,0,0,0,0,1.0,1.0
2697,592,1,1,1,1,1,1,1.0,1.0
2697,207,2,2,2,2,2,2,1.0,1.0
2697,479,0,0,0,0,0,0,1.0,1.0
2697,702,1,1,1,1,1,1,1.0,1.0
2697,496,1,1,1,1,1,1,1.0,1.0
2697,444,0,0,0,0,0,0,1.0,1.0
2697,121,0,0,0,0,0,0,1.0,1.0
2697,650,1,1,1,1,1,1,1.0,1.0
2697,715,1,1,1,1,1,1,1.0,1.0
2697,46,0,0,0,0,0,0,1.0,1.0
2697,52,0,0,0,0,0,0,1.0,1.0
2697,584,1,1,1,1,1,1,1.0,1.0
2697,488,0,0,0,0,0,0,1.0,1.0
2697,111,0,0,0,0,0,0,1.0,1.0
2697,675,1,1,1,1,1,1,1.0,1.0
2697,146,1,1,1,1,1,1,1.0,1.0
2697,607,1,1,1,1,1,1,1.0,1.0
2697,184,1,0,1,1,1,1,0.8,0.9
2697,237,1,1,1,1,1,1,1.0,1.0
2697,567,0,0,0,0,0,0,1.0,1.0
2697,451,0,0,0,0,0,0,1.0,1.0
2697,510,0,0,0,0,0,0,1.0,1.0
2697,25,0,0,0,0,0,0,1.0,1.0
2697,461,0,0,0,0,0,0,1.0,1.0
2697,128,0,0,0,0,0,0,1.0,1.0
2697,321,0,0,0,0,0,0,1.0,1.0
2697,180,1,1,0,1,1,1,0.8,0.9
2697,119,0,0,0,0,0,0,1.0,1.0
2697,638,1,1,1,1,1,1,1.0,1.0
2697,212,1,1,1,1,1,1,1.0,1.0
2697,669,1,1,1,1,1,1,1.0,1.0
2697,534,1,1,1,1,1,1,1.0,1.0
2697,564,0,0,0,0,0,0,1.0,1.0
2697,705,1,1,1,1,1,1,1.0,1.0
2697,308,1,1,1,1,1,1,1.0,1.0
2697,278,0,0,0,0,0,0,1.0,1.0
2697,43,0,0,0,0,0,0,1.0,1.0
2697,608,1,1,1,1,1,1,1.0,1.0
2697,658,0,0,0,0,0,0,1.0,1.0
2697,49,0,0,0,0,0,0,1.0,1.0
2697,576,0,0,0,0,0,0,1.0,1.0
2697,362,0,0,0,0,0,0,1.0,1.0
2697,3,0,1,1,1,1,1,0.8,0.9
2697,336,1,1,1,1,1,1,1.0,1.0
2697,553,1,1,1,1,1,1,1.0,1.0
2697,82,0,0,0,0,0,0,1.0,1.0
2697,223,1,1,1,1,1,1,1.0,1.0
2697,133,0,0,0,0,0,0,1.0,1.0
2697,14,0,0,0,0,0,0,1.0,1.0
2697,695,1,1,1,1,1,1,1.0,1.0
2697,138,1,1,1,0,1,1,0.8,0.9
2697,522,1,1,1,1,1,1,1.0,1.0
2697,721,1,0,0,0,0,0,0.8,0.9
2697,34,1,1,1,1,1,1,1.0,1.0
1109,160,1,1,1,1,1,1,1.0,1.0
1109,307,2,2,2,2,2,2,1.0,1.0
1109,586,0,0,0,0,0,0,1.0,1.0
1109,96,2,2,2,2,2,2,1.0,1.0
1109,719,0,0,0,0,0,0,1.0,1.0
1109,158,1,1,1,1,1,1,1.0,1.0
1109,615,2,2,2,2,2,2,1.0,1.0
1109,49,1,1,1,1,1,1,1.0,1.0
1109,123,2,2,2,2,2,2,1.0,1.0
1109,532,2,2,2,2,2,2,1.0,1.0
1109,78,1,1,1,1,1,1,1.0,1.0
1109,297,1,1,1,1,1,1,1.0,1.0
1109,578,2,2,2,2,2,2,1.0,1.0
1109,149,1,1,1,1,1,1,1.0,1.0
1109,301,1,1,1,1,1,1,1.0,1.0
1109,668,2,2,2,2,2,2,1.0,1.0
1109,154,2,2,2,2,2,2,1.0,1.0
1109,191,1,1,1,1,1,1,1.0,1.0
1109,483,1,1,1,1,1,1,1.0,1.0
1109,638,2,2,2,2,2,2,1.0,1.0
1109,385,2,2,2,2,2,2,1.0,1.0
1109,543,1,1,1,1,1,1,1.0,1.0
1109,722,2,2,2,2,2,2,1.0,1.0
1109,736,2,2,2,2,2,2,1.0,1.0
1109,190,1,1,1,1,1,1,1.0,1.0
1109,227,1,1,1,1,1,1,1.0,1.0
1109,167,2,2,2,2,2,2,1.0,1.0
1109,281,1,1,1,1,1,1,1.0,1.0
1109,507,2,2,2,2,2,2,1.0,1.0
1109,667,0,0,0,0,0,0,1.0,1.0
1109,207,1,1,1,1,1,1,1.0,1.0
1109,333,1,1,1,1,1,1,1.0,1.0
1109,458,2,2,2,2,2,2,1.0,1.0
1109,98,0,0,0,0,0,0,1.0,1.0
1109,469,2,2,2,2,2,2,1.0,1.0
1109,486,0,0,0,0,0,0,1.0,1.0
1109,195,2,2,2,2,2,2,1.0,1.0
1109,460,1,2,1,1,2,1,0.6,0.8
1109,592,2,2,2,2,2,2,1.0,1.0
1109,368,2,2,2,2,2,2,1.0,1.0
1109,101,1,1,1,1,1,1,1.0,1.0
1109,735,1,1,1,1,1,1,1.0,1.0
1109,298,1,1,1,1,1,1,1.0,1.0
1109,674,1,1,1,1,1,1,1.0,1.0
1109,488,2,2,2,2,2,2,1.0,1.0
1109,223,1,1,0,0,1,1,0.6,0.8
1109,177,1,1,1,1,1,1,1.0,1.0
1109,142,0,1,0,1,0,0,0.6,0.8
1109,494,1,1,1,1,1,1,1.0,1.0
1109,575,2,2,2,2,2,2,1.0,1.0
1109,283,0,0,0,0,0,0,1.0,1.0
1109,740,1,1,1,1,1,1,1.0,1.0
1109,341,1,1,1,1,1,1,1.0,1.0
1109,362,2,2,2,2,2,2,1.0,1.0
1109,544,1,1,1,1,1,1,1.0,1.0
1109,212,1,1,1,1,1,1,1.0,1.0
1109,583,2,2,2,2,2,2,1.0,1.0
1109,574,2,2,2,2,2,2,1.0,1.0
1109,275,2,2,1,1,1,1,0.6,0.8
1109,141,0,0,0,0,0,0,1.0,1.0
1109,162,0,0,0,0,0,0,1.0,1.0
1109,364,2,2,2,2,2,2,1.0,1.0
1109,448,0,0,0,0,0,0,1.0,1.0
1109,152,0,0,0,0,0,0,1.0,1.0
1109,382,0,0,0,0,0,0,1.0,1.0
1109,105,0,0,0,0,0,0,1.0,1.0
1109,134,1,1,1,1,1,1,1.0,1.0
1109,133,1,1,1,1,1,1,1.0,1.0
1109,46,1,1,1,1,1,1,1.0,1.0
1109,398,2,2,2,2,2,2,1.0,1.0
1109,248,2,2,2,2,2,2,1.0,1.0
1109,31,0,1,1,1,1,1,0.8,0.9
1109,550,0,0,0,0,0,0,1.0,1.0
1109,444,2,2,2,2,2,2,1.0,1.0
1109,535,1,1,1,1,1,1,1.0,1.0
1109,480,0,0,0,0,0,0,1.0,1.0
5109,35,0,0,0,0,0,0,1.0,1.0
5109,392,1,1,1,1,1,1,1.0,1.0
5109,47,0,0,0,0,0,0,1.0,1.0
5109,232,1,1,1,1,1,1,1.0,1.0
5109,465,0,1,1,0,0,0,0.6,0.8
5109,658,0,0,0,0,0,0,1.0,1.0
5109,39,0,1,1,1,1,1,0.8,0.9
5109,531,2,2,2,2,2,2,1.0,1.0
5109,551,1,1,1,1,1,1,1.0,1.0
5109,387,0,0,0,0,0,0,1.0,1.0
5109,401,1,1,1,1,1,1,1.0,1.0
5109,460,1,1,1,1,1,1,1.0,1.0
5109,424,1,1,1,1,1,1,1.0,1.0
5109,324,1,1,1,1,1,1,1.0,1.0
5109,7,1,1,1,1,1,1,1.0,1.0
5109,96,1,1,1,1,1,1,1.0,1.0
5109,623,0,0,0,0,0,0,1.0,1.0
5109,482,0,0,0,0,0,0,1.0,1.0
5109,594,0,0,0,0,0,0,1.0,1.0
5109,457,1,1,1,1,1,1,1.0,1.0
5109,451,1,1,1,1,1,1,1.0,1.0
5109,662,1,1,1,1,1,1,1.0,1.0
5109,543,1,1,1,1,1,1,1.0,1.0
5109,281,1,1,1,1,1,1,1.0,1.0
5109,52,1,1,1,1,1,1,1.0,1.0
5109,146,1,1,1,1,1,1,1.0,1.0
5109,430,0,0,0,0,0,0,1.0,1.0
5109,522,1,1,1,1,1,1,1.0,1.0
5109,468,1,1,1,1,1,1,1.0,1.0
5109,299,1,1,1,1,1,1,1.0,1.0
5109,474,1,1,1,1,1,1,1.0,1.0
5109,170,0,0,0,0,0,0,1.0,1.0
5109,17,1,1,1,1,1,1,1.0,1.0
5109,301,1,1,1,1,1,1,1.0,1.0
5109,253,1,0,1,1,1,1,0.8,0.9
5109,157,1,1,1,1,1,1,1.0,1.0
5109,74,1,1,1,1,1,1,1.0,1.0
5109,367,1,1,1,1,1,1,1.0,1.0
5109,461,0,0,0,0,0,0,1.0,1.0
5109,728,0,0,0,0,0,0,1.0,1.0
5109,476,0,0,0,0,0,0,1.0,1.0
5109,505,1,1,1,1,1,1,1.0,1.0
5109,666,0,0,0,0,0,0,1.0,1.0
5109,619,0,0,0,0,0,0,1.0,1.0
5109,740,1,1,1,1,1,1,1.0,1.0
5109,578,2,2,2,2,2,2,1.0,1.0
5109,513,0,0,0,0,0,0,1.0,1.0
5109,132,0,0,0,0,0,0,1.0,1.0
5109,227,1,1,1,1,1,1,1.0,1.0
5109,311,0,0,0,0,0,0,1.0,1.0
5109,336,1,1,1,1,1,1,1.0,1.0
5109,512,1,1,1,1,1,1,1.0,1.0
5109,292,1,1,1,1,1,1,1.0,1.0
5109,309,1,1,1,1,1,1,1.0,1.0
5109,76,0,0,0,0,0,0,1.0,1.0
5109,211,1,1,1,1,1,1,1.0,1.0
5109,194,1,1,1,1,1,1,1.0,1.0
5109,667,0,0,0,0,0,0,1.0,1.0
5109,341,0,0,0,0,0,0,1.0,1.0
5109,408,1,1,1,1,1,1,1.0,1.0
5109,668,2,2,2,2,2,2,1.0,1.0
5109,174,0,0,0,0,0,0,1.0,1.0
5109,705,1,1,1,1,1,1,1.0,1.0
5109,97,1,1,1,1,1,1,1.0,1.0
5109,65,0,0,0,0,0,0,1.0,1.0
5109,576,1,1,1,1,1,1,1.0,1.0
5109,538,0,0,0,0,0,0,1.0,1.0
5109,101,1,1,1,1,1,1,1.0,1.0
5109,364,1,1,1,1,1,1,1.0,1.0
5109,250,0,0,0,0,0,0,1.0,1.0
5109,330,1,1,1,1,1,1,1.0,1.0
5109,710,0,0,0,0,0,0,1.0,1.0
5109,297,1,1,1,1,1,1,1.0,1.0
5109,221,0,0,0,0,0,0,1.0,1.0
5109,152,0,0,0,0,0,0,1.0,1.0
5109,275,2,2,2,2,2,2,1.0,1.0
5109,78,1,1,1,1,1,1,1.0,1.0
5109,184,1,1,1,1,1,1,1.0,1.0
5109,143,1,1,1,1,1,1,1.0,1.0
5109,650,1,1,1,1,1,1,1.0,1.0
5109,383,0,0,0,0,0,0,1.0,1.0
5109,307,1,1,1,1,1,1,1.0,1.0
5109,572,1,1,1,1,1,1,1.0,1.0
5109,75,1,1,0,1,1,1,0.8,0.9
5109,261,1,1,1,1,1,1,1.0,1.0
5109,368,1,1,1,1,1,1,1.0,1.0
5109,327,1,1,1,1,1,1,1.0,1.0
2516,607,1,1,1,1,1,1,1.0,1.0
2516,541,1,1,1,1,1,1,1.0,1.0
2516,725,1,1,1,1,1,1,1.0,1.0
2516,243,1,1,1,1,1,1,1.0,1.0
2516,441,1,1,1,1,2,1,0.8,0.9
2516,328,0,0,0,1,1,0,0.6,0.8
2516,298,1,1,1,1,1,1,1.0,1.0
2516,669,1,1,1,1,1,1,1.0,1.0
2516,532,1,1,1,1,1,1,1.0,1.0
2516,3,1,1,1,1,1,1,1.0,1.0
2516,159,1,1,1,1,1,1,1.0,1.0
2516,590,0,0,0,0,0,0,1.0,1.0
2516,339,1,1,1,1,1,1,1.0,1.0
2516,105,0,0,0,0,0,0,1.0,1.0
2516,496,2,2,2,2,2,2,1.0,1.0
2516,605,1,1,1,1,1,1,1.0,1.0
2516,408,2,2,2,2,2,2,1.0,1.0
2516,527,1,1,1,1,1,1,1.0,1.0
2516,261,1,1,1,1,1,1,1.0,1.0
2516,611,1,1,1,1,1,1,1.0,1.0
2516,411,2,2,2,1,2,2,0.8,0.9
2516,719,1,1,1,1,1,1,1.0,1.0
2516,274,1,1,1,1,1,1,1.0,1.0
2516,269,1,1,1,1,1,1,1.0,1.0
2516,375,1,1,1,1,1,1,1.0,1.0
2516,722,1,1,1,1,1,1,1.0,1.0
2516,364,2,2,2,2,2,2,1.0,1.0
2516,702,0,1,1,1,1,1,0.8,0.9
2516,700,0,0,0,0,0,0,1.0,1.0
2516,7,0,1,0,0,0,0,0.8,0.9
2516,583,2,2,2,2,2,2,1.0,1.0
2516,223,1,1,1,1,1,1,1.0,1.0
2516,291,1,1,1,1,1,1,1.0,1.0
2516,14,1,1,1,1,1,1,1.0,1.0
2516,366,1,1,1,1,1,1,1.0,1.0
2516,660,2,1,1,1,1,1,0.8,0.9
2516,456,0,0,0,0,0,0,1.0,1.0
2516,348,0,0,0,0,0,0,1.0,1.0
2516,320,0,0,0,0,0,0,1.0,1.0
2516,190,1,1,1,1,1,1,1.0,1.0
2516,82,1,1,1,1,1,1,1.0,1.0
2516,475,1,1,1,1,1,1,1.0,1.0
2516,737,0,0,0,0,0,0,1.0,1.0
2516,341,0,0,0,0,0,0,1.0,1.0
2516,154,2,1,1,1,1,1,0.8,0.9
2516,194,1,1,1,1,1,1,1.0,1.0
2516,650,1,1,1,1,1,1,1.0,1.0
2516,30,0,0,0,0,0,0,1.0,1.0
2516,680,0,0,0,0,0,0,1.0,1.0
2516,557,1,1,1,1,1,1,1.0,1.0
2516,367,1,1,1,1,1,1,1.0,1.0
2516,461,0,0,0,0,0,0,1.0,1.0
2516,584,1,1,1,1,1,1,1.0,1.0
2516,63,1,1,1,1,1,1,1.0,1.0
2516,117,1,1,1,1,1,1,1.0,1.0
2516,307,2,2,2,2,2,2,1.0,1.0
2516,167,1,1,1,1,1,1,1.0,1.0
2516,608,2,2,2,2,2,2,1.0,1.0
2516,360,1,1,1,1,1,1,1.0,1.0
2516,248,1,1,1,1,1,1,1.0,1.0
2516,47,0,0,0,0,0,0,1.0,1.0
2516,422,1,1,1,1,1,1,1.0,1.0
2516,534,1,1,1,1,1,1,1.0,1.0
2516,414,1,1,1,1,1,1,1.0,1.0
2516,321,1,1,1,1,1,1,1.0,1.0
2516,66,0,0,0,0,0,0,1.0,1.0
2516,9,0,0,0,0,0,0,1.0,1.0
5766,583,1,1,1,1,1,1,1.0,1.0
5766,683,1,1,1,1,1,1,1.0,1.0
5766,362,1,1,1,1,1,1,1.0,1.0
5766,375,1,1,1,1,1,1,1.0,1.0
5766,327,1,1,1,1,1,1,1.0,1.0
5766,496,0,0,0,0,0,0,1.0,1.0
5766,578,1,1,1,1,1,1,1.0,1.0
5766,435,1,1,1,1,1,1,1.0,1.0
5766,54,1,1,1,1,1,1,1.0,1.0
5766,287,0,0,0,0,0,0,1.0,1.0
5766,155,0,0,0,0,0,0,1.0,1.0
5766,692,1,1,1,1,1,1,1.0,1.0
5766,122,0,0,0,0,0,0,1.0,1.0
5766,85,2,2,2,2,2,2,1.0,1.0
5766,403,0,0,0,0,0,0,1.0,1.0
5766,51,1,1,1,1,1,1,1.0,1.0
5766,214,1,1,1,1,1,1,1.0,1.0
5766,269,1,1,1,1,1,1,1.0,1.0
5766,429,0,0,0,0,0,0,1.0,1.0
5766,236,1,1,1,1,1,1,1.0,1.0
5766,411,0,0,0,0,0,0,1.0,1.0
5766,660,1,1,1,1,1,1,1.0,1.0
5766,691,0,0,0,0,0,0,1.0,1.0
5766,134,1,1,1,1,1,1,1.0,1.0
5766,132,0,0,0,0,0,0,1.0,1.0
5766,166,1,0,1,0,0,0,0.6,0.8
5766,136,1,1,1,1,1,1,1.0,1.0
5766,184,1,1,1,1,1,1,1.0,1.0
5766,167,1,1,1,1,1,1,1.0,1.0
5766,438,1,1,1,1,1,1,1.0,1.0
5766,52,1,1,1,1,1,1,1.0,1.0
5766,195,1,1,1,1,1,1,1.0,1.0
5766,14,1,1,1,1,1,1,1.0,1.0
5766,607,1,1,1,1,1,1,1.0,1.0
5766,451,0,1,1,1,1,1,0.8,0.9
5766,494,1,1,1,1,1,1,1.0,1.0
5766,534,1,1,1,1,1,1,1.0,1.0
5766,336,1,1,1,1,1,1,1.0,1.0
5766,114,1,1,1,1,1,1,1.0,1.0
5766,157,1,1,1,1,1,1,1.0,1.0
5766,705,1,1,1,1,1,1,1.0,1.0
5766,15,1,1,1,1,1,1,1.0,1.0
5766,275,1,1,1,1,1,1,1.0,1.0
5766,301,1,1,1,1,1,1,1.0,1.0
5766,175,1,1,1,1,1,1,1.0,1.0
5766,16,1,1,1,1,1,1,1.0,1.0
5766,596,1,1,1,1,1,1,1.0,1.0
5766,452,1,1,1,1,1,1,1.0,1.0
5766,158,1,1,1,1,1,1,1.0,1.0
5766,212,1,1,1,1,1,1,1.0,1.0
5766,321,1,1,1,1,1,1,1.0,1.0
5766,244,0,0,0,0,0,0,1.0,1.0
5766,674,0,0,0,0,0,0,1.0,1.0
5766,412,2,2,2,2,2,2,1.0,1.0
5766,382,0,0,0,0,0,0,1.0,1.0
5766,710,0,0,0,0,0,0,1.0,1.0
5766,561,1,1,1,1,1,1,1.0,1.0
5766,574,1,0,1,1,1,1,0.8,0.9
5766,544,1,1,1,0,1,1,0.8,0.9
5766,250,1,1,1,1,1,1,1.0,1.0
5766,488,0,0,0,0,0,0,1.0,1.0
5766,455,0,0,0,0,0,0,1.0,1.0
5766,245,0,0,0,0,0,0,1.0,1.0
5766,320,1,0,0,0,1,0,0.6,0.8
5766,680,0,0,0,0,0,0,1.0,1.0
5766,550,0,0,0,0,0,0,1.0,1.0
5766,458,1,1,1,1,1,1,1.0,1.0
5766,142,0,0,0,0,0,0,1.0,1.0
5766,414,1,1,1,1,1,1,1.0,1.0
5766,518,1,1,1,1,1,1,1.0,1.0
5766,482,0,0,0,0,0,0,1.0,1.0
5766,49,1,1,1,1,1,1,1.0,1.0
5766,36,0,0,0,0,0,0,1.0,1.0
5766,274,1,1,1,1,1,1,1.0,1.0
7112,105,0,0,0,0,0,0,1.0,1.0
7112,19,1,1,1,1,1,1,1.0,1.0
7112,600,1,1,1,1,1,1,1.0,1.0
7112,366,1,1,1,1,1,1,1.0,1.0
7112,3,1,1,1,1,1,1,1.0,1.0
7112,661,0,0,0,0,0,0,1.0,1.0
7112,679,0,0,0,0,0,0,1.0,1.0
7112,439,1,1,1,1,1,1,1.0,1.0
7112,146,1,1,1,1,1,1,1.0,1.0
7112,332,1,1,1,1,1,1,1.0,1.0
7112,608,1,1,1,1,1,1,1.0,1.0
7112,148,1,1,1,1,1,1,1.0,1.0
7112,6,1,1,1,1,1,1,1.0,1.0
7112,63,1,1,1,1,1,1,1.0,1.0
7112,17,1,1,1,1,1,1,1.0,1.0
7112,513,1,1,1,1,1,1,1.0,1.0
7112,695,1,1,1,1,1,1,1.0,1.0
7112,176,1,1,1,1,1,1,1.0,1.0
7112,671,1,1,1,1,1,1,1.0,1.0
7112,638,1,1,1,1,1,1,1.0,1.0
7112,359,1,1,1,1,1,1,1.0,1.0
7112,202,0,0,0,0,0,0,1.0,1.0
7112,478,2,2,2,2,2,2,1.0,1.0
7112,109,0,0,0,0,0,0,1.0,1.0
7112,281,1,1,1,1,1,1,1.0,1.0
7112,497,1,1,1,1,1,1,1.0,1.0
7112,244,0,0,0,0,0,0,1.0,1.0
7112,214,0,0,0,0,0,0,1.0,1.0
7112,159,1,1,1,1,1,1,1.0,1.0
7112,456,0,0,0,0,0,0,1.0,1.0
7112,343,0,0,0,0,0,0,1.0,1.0
7112,689,0,0,0,1,1,0,0.6,0.8
7112,96,0,0,0,0,0,0,1.0,1.0
7112,133,1,1,1,1,1,1,1.0,1.0
7112,232,0,0,0,0,0,0,1.0,1.0
7112,188,1,1,1,1,1,1,1.0,1.0
7112,415,0,1,1,0,0,0,0.6,0.8
7112,590,0,0,0,0,0,0,1.0,1.0
7112,575,1,1,1,1,1,1,1.0,1.0
7112,739,0,0,0,0,0,0,1.0,1.0
7112,392,1,1,1,1,1,1,1.0,1.0
7112,75,1,1,1,1,1,1,1.0,1.0
7112,78,1,1,1,1,1,1,1.0,1.0
7112,740,1,1,1,1,1,1,1.0,1.0
7112,532,1,1,1,1,1,1,1.0,1.0
7112,682,0,0,0,0,0,0,1.0,1.0
7112,591,1,1,1,1,1,1,1.0,1.0
7112,66,0,0,0,0,0,0,1.0,1.0
7112,475,0,0,0,0,0,0,1.0,1.0
7112,305,1,1,0,0,0,0,0.6,0.8
7112,473,0,0,0,0,0,0,1.0,1.0
7112,673,0,0,0,0,0,0,1.0,1.0
7112,474,1,1,1,1,1,1,1.0,1.0
7112,441,1,1,1,1,1,1,1.0,1.0
7112,616,0,0,0,0,0,0,1.0,1.0
7112,572,1,1,1,1,1,1,1.0,1.0
7112,601,1,1,1,1,1,1,1.0,1.0
7112,700,0,0,0,0,0,0,1.0,1.0
7112,196,1,1,1,1,1,1,1.0,1.0
3210,355,0,0,0,0,0,0,1.0,1.0
3210,101,0,0,0,0,0,0,1.0,1.0
3210,89,1,1,1,1,1,1,1.0,1.0
3210,584,1,1,1,1,1,1,1.0,1.0
3210,368,2,2,2,2,2,2,1.0,1.0
3210,59,0,0,0,0,0,0,1.0,1.0
3210,668,1,1,1,1,1,1,1.0,1.0
3210,383,0,0,0,0,0,0,1.0,1.0
3210,725,0,0,0,0,0,0,1.0,1.0
3210,221,0,0,0,0,0,0,1.0,1.0
3210,309,0,0,0,0,0,0,1.0,1.0
3210,239,0,0,0,0,0,0,1.0,1.0
3210,257,0,0,0,0,0,0,1.0,1.0
3210,56,0,0,0,0,0,0,1.0,1.0
3210,413,1,1,1,1,1,1,1.0,1.0
3210,594,0,0,0,0,0,0,1.0,1.0
3210,711,1,1,1,1,1,1,1.0,1.0
3210,630,0,0,0,0,0,0,1.0,1.0
3210,438,0,0,0,0,0,0,1.0,1.0
3210,407,0,0,0,0,0,0,1.0,1.0
3210,518,1,1,1,1,1,1,1.0,1.0
3210,136,0,0,0,0,0,0,1.0,1.0
3210,669,1,1,1,1,1,1,1.0,1.0
3210,527,0,0,0,0,0,0,1.0,1.0
3210,551,1,1,1,1,1,1,1.0,1.0
3210,388,0,0,0,0,0,0,1.0,1.0
3210,491,0,0,0,0,0,0,1.0,1.0
3210,201,1,1,1,1,1,1,1.0,1.0
3210,97,0,0,0,0,0,0,1.0,1.0
3210,656,0,0,0,0,0,0,1.0,1.0
3210,576,1,1,1,1,1,1,1.0,1.0
3210,74,1,1,1,1,1,1,1.0,1.0
3210,140,0,0,0,0,0,0,1.0,1.0
3210,592,1,1,1,1,1,1,1.0,1.0
3210,612,0,0,0,0,0,0,1.0,1.0
3210,207,1,1,1,1,1,1,1.0,1.0
3210,33,1,1,1,1,1,1,1.0,1.0
3210,154,2,2,2,2,2,2,1.0,1.0
3210,735,1,1,1,1,1,1,1.0,1.0
3210,114,0,0,0,0,0,0,1.0,1.0
3210,624,0,0,0,0,0,0,1.0,1.0
3210,509,0,0,0,0,0,0,1.0,1.0
3210,360,1,1,1,1,1,1,1.0,1.0
3210,36,0,0,0,0,0,0,1.0,1.0
3210,77,0,0,0,0,0,0,1.0,1.0
3210,104,0,0,0,0,0,0,1.0,1.0
3210,387,0,0,0,0,0,0,1.0,1.0
3210,252,0,0,0,0,0,0,1.0,1.0
3210,456,0,0,0,0,0,0,1.0,1.0
3210,507,0,0,0,0,0,0,1.0,1.0
3210,615,0,0,0,0,0,0,1.0,1.0
3210,657,2,2,2,2,2,2,1.0,1.0
3210,13,1,1,1,1,1,1,1.0,1.0
3210,324,0,0,0,0,0,0,1.0,1.0
3210,457,0,0,0,0,0,0,1.0,1.0
3210,227,1,1,1,1,1,1,1.0,1.0
3210,230,0,0,0,0,0,0,1.0,1.0
3210,401,2,2,2,2,2,2,1.0,1.0
3210,459,1,1,1,1,1,1,1.0,1.0
3210,409,2,2,2,2,2,2,1.0,1.0
3210,614,0,0,0,0,0,0,1.0,1.0
3210,109,0,0,0,0,0,0,1.0,1.0
3210,333,0,0,0,0,0,0,1.0,1.0
3210,444,1,1,1,1,1,1,1.0,1.0
3210,468,2,2,2,2,2,2,1.0,1.0
3210,569,0,0,0,0,0,0,1.0,1.0
3210,730,0,0,0,0,0,0,1.0,1.0
3210,441,0,0,0,0,0,0,1.0,1.0
3210,460,2,2,2,2,2,2,1.0,1.0
3210,328,0,0,0,0,0,0,1.0,1.0
3210,719,0,0,0,0,0,0,1.0,1.0
3210,297,1,1,1,1,1,1,1.0,1.0
3210,613,0,0,0,0,0,0,1.0,1.0
3210,736,2,2,2,2,2,2,1.0,1.0
3210,143,1,1,1,1,1,1,1.0,1.0
3210,535,1,1,1,1,1,1,1.0,1.0
3210,339,1,1,1,1,1,1,1.0,1.0
3210,521,0,0,0,0,0,0,1.0,1.0
3210,646,0,0,0,0,0,0,1.0,1.0
3210,160,0,0,0,0,0,0,1.0,1.0
3210,596,0,0,0,0,0,0,1.0,1.0
3210,473,0,0,0,0,0,0,1.0,1.0
3210,543,1,1,1,1,1,1,1.0,1.0
3302,544,0,0,1,0,0,0,0.8,0.9
3302,735,1,1,1,1,1,1,1.0,1.0
3302,571,2,2,2,2,2,2,1.0,1.0
3302,496,2,2,2,2,2,2,1.0,1.0
3302,680,0,0,0,0,0,0,1.0,1.0
3302,483,0,0,0,0,0,0,1.0,1.0
3302,254,2,2,2,2,2,2,1.0,1.0
3302,609,0,0,0,0,0,0,1.0,1.0
3302,231,0,0,0,0,0,0,1.0,1.0
3302,415,0,0,0,0,0,0,1.0,1.0
3302,683,1,1,1,1,1,1,1.0,1.0
3302,706,0,0,0,0,0,0,1.0,1.0
3302,181,1,1,1,1,1,1,1.0,1.0
3302,732,0,0,0,0,0,0,1.0,1.0
3302,638,1,1,1,1,1,1,1.0,1.0
3302,737,0,0,0,0,0,0,1.0,1.0
3302,414,0,0,0,0,0,0,1.0,1.0
3302,214,0,0,0,0,0,0,1.0,1.0
3302,324,1,0,0,0,1,0,0.6,0.8
3302,708,0,0,0,0,0,0,1.0,1.0
3302,654,0,0,0,0,0,0,1.0,1.0
3302,49,0,0,0,0,0,0,1.0,1.0
3302,584,1,1,1,1,1,1,1.0,1.0
3302,535,1,1,1,1,1,1,1.0,1.0
3302,206,1,1,1,1,1,1,1.0,1.0
3302,459,1,1,1,1,1,1,1.0,1.0
3302,736,1,1,1,1,1,1,1.0,1.0
3302,705,1,1,1,1,1,1,1.0,1.0
3302,448,0,0,0,0,0,0,1.0,1.0
3302,250,0,0,0,0,0,0,1.0,1.0
3302,536,0,0,0,0,0,0,1.0,1.0
3302,68,0,0,0,0,0,0,1.0,1.0
3302,133,1,1,1,1,1,1,1.0,1.0
3302,444,1,0,0,0,0,0,0.8,0.9
3302,411,1,1,1,1,1,1,1.0,1.0
3302,336,2,2,2,2,2,2,1.0,1.0
3302,339,0,0,0,0,0,0,1.0,1.0
3302,30,0,0,0,0,0,0,1.0,1.0
3302,667,0,0,0,0,0,0,1.0,1.0
3302,401,2,2,2,2,2,2,1.0,1.0
3302,687,1,1,1,1,1,1,1.0,1.0
3302,364,2,2,2,2,2,2,1.0,1.0
3302,519,0,0,0,0,0,0,1.0,1.0
3302,322,0,0,0,0,0,0,1.0,1.0
3302,78,0,0,0,0,0,0,1.0,1.0
3302,457,1,1,1,1,1,1,1.0,1.0
3302,207,0,0,0,0,0,0,1.0,1.0
3302,486,0,0,0,0,0,0,1.0,1.0
3302,113,0,0,0,0,1,0,0.8,0.9
3302,148,1,1,1,1,1,1,1.0,1.0
3302,63,1,1,1,1,1,1,1.0,1.0
3302,578,2,2,2,2,2,2,1.0,1.0
3302,275,0,0,0,0,0,0,1.0,1.0
3302,212,0,0,0,0,0,0,1.0,1.0
3302,566,0,0,0,0,0,0,1.0,1.0
3302,617,1,1,1,1,1,1,1.0,1.0
3302,188,0,0,0,0,0,0,1.0,1.0
3302,604,0,0,0,0,0,0,1.0,1.0
3302,281,0,0,0,0,0,0,1.0,1.0
3302,475,0,0,0,0,0,0,1.0,1.0
3302,223,0,0,0,0,0,0,1.0,1.0
3302,405,0,0,0,0,0,0,1.0,1.0
3302,232,0,0,0,0,0,0,1.0,1.0
3302,557,1,1,1,1,1,1,1.0,1.0
3302,403,0,0,0,0,0,0,1.0,1.0
3302,157,2,2,2,2,2,2,1.0,1.0
3302,592,1,1,1,1,1,1,1.0,1.0
3302,589,0,0,0,0,0,0,1.0,1.0
3302,75,1,1,1,1,1,1,1.0,1.0
3302,12,2,2,2,2,2,2,1.0,1.0
3302,740,1,1,1,1,1,1,1.0,1.0
3302,660,1,1,1,1,1,1,1.0,1.0
3302,236,0,0,0,0,0,0,1.0,1.0
3302,190,0,0,0,0,0,0,1.0,1.0
3302,297,1,1,1,1,1,1,1.0,1.0
3302,216,0,0,0,0,0,0,1.0,1.0
3302,333,0,0,0,0,0,0,1.0,1.0
3302,460,1,1,1,1,1,1,1.0,1.0
3302,500,1,1,1,1,1,1,1.0,1.0
3302,14,1,1,1,1,1,1,1.0,1.0
3302,279,0,0,0,0,0,0,1.0,1.0
3302,227,1,1,1,1,1,1,1.0,1.0
3302,488,2,2,2,2,2,2,1.0,1.0
3302,722,2,2,2,2,2,2,1.0,1.0
3302,516,0,0,0,0,0,0,1.0,1.0
3302,66,0,0,0,0,0,0,1.0,1.0
3302,728,0,0,0,0,0,0,1.0,1.0
3302,4,0,0,0,0,0,0,1.0,1.0
1982,485,0,0,0,0,0,0,1.0,1.0
1982,348,0,0,0,0,0,0,1.0,1.0
1982,301,0,0,0,0,0,0,1.0,1.0
1982,314,0,0,0,0,0,0,1.0,1.0
1982,225,0,0,0,0,0,0,1.0,1.0
1982,134,0,0,0,0,0,0,1.0,1.0
1982,53,0,0,0,0,0,0,1.0,1.0
1982,547,0,0,0,0,0,0,1.0,1.0
1982,190,0,0,0,0,0,0,1.0,1.0
1982,345,0,0,0,0,0,0,1.0,1.0
1982,349,0,0,0,0,0,0,1.0,1.0
1982,102,0,0,0,0,0,0,1.0,1.0
1982,513,0,1,1,0,1,1,0.6,0.8
1982,392,0,0,0,0,0,0,1.0,1.0
1982,184,1,0,0,1,1,1,0.6,0.8
1982,583,0,1,1,0,0,0,0.6,0.8
1982,113,0,0,0,0,0,0,1.0,1.0
1982,537,0,0,0,0,0,0,1.0,1.0
1982,74,0,0,0,0,0,0,1.0,1.0
1982,712,1,0,0,0,0,0,0.8,0.9
1982,669,1,1,1,1,1,1,1.0,1.0
1982,353,0,0,0,0,0,0,1.0,1.0
1982,707,0,0,0,0,0,0,1.0,1.0
1982,474,0,0,0,0,0,0,1.0,1.0
1982,159,1,1,1,1,1,1,1.0,1.0
1982,119,0,0,0,0,0,0,1.0,1.0
1982,700,0,0,0,0,0,0,1.0,1.0
1982,153,0,0,0,0,0,0,1.0,1.0
1982,326,0,0,0,0,0,0,1.0,1.0
1982,0,0,0,0,0,0,0,1.0,1.0
1982,543,0,0,0,0,0,0,1.0,1.0
1982,96,0,0,1,0,0,0,0.8,0.9
1982,332,0,0,0,0,0,0,1.0,1.0
1982,607,0,0,0,0,0,0,1.0,1.0
1982,394,1,1,1,1,1,1,1.0,1.0
1982,575,1,1,1,0,1,1,0.8,0.9
1982,362,0,0,0,0,0,0,1.0,1.0
1982,142,0,0,0,0,0,0,1.0,1.0
1982,534,0,0,0,0,0,0,1.0,1.0
1982,627,0,0,0,0,0,0,1.0,1.0
1982,166,0,0,0,0,0,0,1.0,1.0
1982,636,0,0,0,0,0,0,1.0,1.0
1982,409,0,0,0,0,0,0,1.0,1.0
1982,107,0,0,0,0,0,0,1.0,1.0
1982,111,0,0,0,0,0,0,1.0,1.0
1982,387,0,0,0,0,0,0,1.0,1.0
1982,458,1,1,1,1,1,1,1.0,1.0
1982,663,0,0,0,0,0,0,1.0,1.0
1982,396,0,0,0,0,0,0,1.0,1.0
1982,187,0,0,0,0,0,0,1.0,1.0
1982,46,0,0,0,0,0,0,1.0,1.0
1982,565,0,0,0,0,0,0,1.0,1.0
1982,260,0,0,0,0,0,0,1.0,1.0
1982,634,1,1,0,1,1,1,0.8,0.9
1982,110,1,1,1,1,0,1,0.8,0.9
1982,306,0,0,0,0,0,0,1.0,1.0
1982,729,0,0,0,0,0,0,1.0,1.0
1982,158,0,0,0,0,0,0,1.0,1.0
1982,7,0,0,0,0,0,0,1.0,1.0
1982,17,0,0,0,0,0,0,1.0,1.0
1982,170,0,0,0,0,0,0,1.0,1.0
1982,550,0,0,0,0,0,0,1.0,1.0
1982,374,0,0,0,0,0,0,1.0,1.0
1982,468,0,0,0,0,0,0,1.0,1.0
1982,522,0,0,0,0,0,0,1.0,1.0
1982,22,1,1,1,1,0,1,0.8,0.9
1982,428,0,0,0,0,0,0,1.0,1.0
1982,574,0,0,0,0,0,0,1.0,1.0
1982,186,1,1,1,1,1,1,1.0,1.0
1982,508,0,0,0,0,0,0,1.0,1.0
1982,532,0,0,0,0,0,0,1.0,1.0
1982,438,0,0,0,0,0,0,1.0,1.0
1982,446,0,0,0,0,0,0,1.0,1.0
1982,717,1,1,1,1,1,1,1.0,1.0
1982,214,0,0,0,0,0,0,1.0,1.0
1982,360,1,0,1,1,1,1,0.8,0.9
5683,194,1,1,1,1,1,1,1.0,1.0
5683,307,2,1,1,1,1,1,0.8,0.9
5683,9,0,0,0,0,0,0,1.0,1.0
5683,722,1,1,1,1,1,1,1.0,1.0
5683,709,0,0,0,0,0,0,1.0,1.0
5683,710,0,1,1,0,1,1,0.6,0.8
5683,320,1,1,1,1,1,1,1.0,1.0
5683,494,1,1,1,1,1,1,1.0,1.0
5683,227,1,1,1,1,1,1,1.0,1.0
5683,277,1,1,1,1,1,1,1.0,1.0
5683,301,2,2,2,2,2,2,1.0,1.0
5683,160,1,1,1,1,1,1,1.0,1.0
5683,554,1,1,1,1,1,1,1.0,1.0
5683,269,1,1,1,1,1,1,1.0,1.0
5683,632,0,0,0,0,0,0,1.0,1.0
5683,52,1,1,1,1,1,1,1.0,1.0
5683,341,0,1,0,0,0,0,0.8,0.9
5683,162,1,1,1,1,1,1,1.0,1.0
5683,715,1,1,1,1,1,1,1.0,1.0
5683,281,1,1,1,1,1,1,1.0,1.0
5683,721,1,1,1,1,1,1,1.0,1.0
5683,221,0,0,0,0,0,0,1.0,1.0
5683,527,1,1,1,1,1,1,1.0,1.0
5683,146,1,1,1,1,1,1,1.0,1.0
5683,508,0,0,0,0,0,0,1.0,1.0
5683,105,0,0,0,0,0,0,1.0,1.0
5683,3,1,1,1,1,1,1,1.0,1.0
5683,324,1,1,1,1,1,1,1.0,1.0
5683,719,1,1,1,1,1,1,1.0,1.0
5683,407,0,0,0,0,0,0,1.0,1.0
5683,327,1,1,1,1,1,1,1.0,1.0
5683,416,0,0,0,0,0,0,1.0,1.0
5683,535,1,1,1,1,1,1,1.0,1.0
5683,168,0,0,0,0,0,0,1.0,1.0
5683,488,1,1,1,1,1,1,1.0,1.0
5683,428,0,0,0,0,0,0,1.0,1.0
5683,368,1,1,1,1,1,1,1.0,1.0
5683,668,1,1,1,1,1,1,1.0,1.0
5683,608,1,1,1,1,1,1,1.0,1.0
5683,78,1,1,1,1,1,1,1.0,1.0
5683,507,1,1,1,1,1,1,1.0,1.0
5683,544,2,1,1,2,2,2,0.6,0.8
5683,392,1,1,1,1,1,1,1.0,1.0
5683,475,1,1,1,1,1,1,1.0,1.0
5683,74,1,1,1,1,1,1,1.0,1.0
5683,424,1,1,1,1,1,1,1.0,1.0
5683,375,1,1,1,1,1,1,1.0,1.0
5683,41,0,0,0,0,0,0,1.0,1.0
5683,576,1,1,1,1,1,1,1.0,1.0
5683,612,1,1,1,1,1,1,1.0,1.0
5683,171,0,0,0,0,0,0,1.0,1.0
5683,198,0,0,0,0,0,0,1.0,1.0
5683,567,0,0,0,0,0,0,1.0,1.0
5683,441,1,1,1,1,1,1,1.0,1.0
5683,705,1,1,1,1,1,1,1.0,1.0
5683,727,0,0,0,0,0,0,1.0,1.0
5683,32,0,0,0,0,0,0,1.0,1.0
5683,674,2,2,2,2,2,2,1.0,1.0
5683,33,1,1,1,1,1,1,1.0,1.0
5683,408,1,1,1,1,1,1,1.0,1.0
5683,440,0,0,0,0,0,0,1.0,1.0
5683,451,1,1,1,1,1,1,1.0,1.0
5683,461,0,0,0,0,0,0,1.0,1.0
5683,167,1,1,1,1,1,1,1.0,1.0
5683,572,0,0,0,0,0,0,1.0,1.0
5683,195,1,1,1,1,1,1,1.0,1.0
5683,517,1,1,1,1,1,1,1.0,1.0
5683,187,0,1,1,1,1,1,0.8,0.9
5683,660,1,1,1,1,1,1,1.0,1.0
5683,496,0,0,0,0,0,0,1.0,1.0
5683,63,1,1,1,1,1,1,1.0,1.0
5683,154,1,1,1,1,1,1,1.0,1.0
5683,328,0,0,0,0,0,0,1.0,1.0
5683,248,1,1,1,1,1,1,1.0,1.0
5683,366,1,1,1,1,1,1,1.0,1.0
5683,650,1,1,1,1,1,1,1.0,1.0
3617,636,1,1,1,1,1,1,1.0,1.0
3617,223,1,1,1,1,1,1,1.0,1.0
3617,145,2,2,2,2,2,2,1.0,1.0
3617,426,0,0,0,0,0,0,1.0,1.0
3617,192,1,1,1,1,1,1,1.0,1.0
3617,601,0,1,1,1,0,1,0.6,0.8
3617,96,1,1,1,1,1,1,1.0,1.0
3617,195,1,1,1,1,1,1,1.0,1.0
3617,733,1,1,1,1,1,1,1.0,1.0
3617,139,0,0,0,0,0,0,1.0,1.0
3617,592,2,2,2,2,2,2,1.0,1.0
3617,444,1,1,1,1,1,1,1.0,1.0
3617,386,0,0,0,0,0,0,1.0,1.0
3617,411,1,1,1,1,1,1,1.0,1.0
3617,399,2,2,2,2,2,2,1.0,1.0
3617,572,1,1,1,1,1,1,1.0,1.0
3617,212,0,0,0,0,0,0,1.0,1.0
3617,159,1,2,2,2,2,2,0.8,0.9
3617,478,2,2,2,2,2,2,1.0,1.0
3617,341,0,0,0,0,0,0,1.0,1.0
3617,39,0,0,0,0,0,0,1.0,1.0
3617,167,1,1,1,1,1,1,1.0,1.0
3617,372,1,1,1,1,1,1,1.0,1.0
3617,2,0,0,0,0,0,0,1.0,1.0
3617,327,1,1,1,1,1,1,1.0,1.0
3617,735,1,0,0,0,0,0,0.8,0.9
3617,221,0,0,0,0,0,0,1.0,1.0
3617,700,0,0,0,0,0,0,1.0,1.0
3617,595,0,0,0,0,0,0,1.0,1.0
3617,320,1,1,1,1,1,1,1.0,1.0
3617,528,0,0,0,0,0,0,1.0,1.0
3617,666,0,0,0,0,0,0,1.0,1.0
3617,137,0,0,0,0,0,0,1.0,1.0
3617,369,1,1,1,1,1,1,1.0,1.0
3617,231,0,0,0,0,0,0,1.0,1.0
3617,10,0,0,0,0,0,0,1.0,1.0
3617,310,0,0,0,0,0,0,1.0,1.0
3617,291,0,0,0,0,0,0,1.0,1.0
3617,115,0,0,0,0,0,0,1.0,1.0
3617,476,0,0,0,0,0,0,1.0,1.0
3617,66,1,1,1,1,1,1,1.0,1.0
3617,70,1,1,1,1,1,1,1.0,1.0
3617,142,1,1,1,1,1,1,1.0,1.0
3617,469,1,1,1,1,1,1,1.0,1.0
3617,674,0,0,0,0,0,0,1.0,1.0
3617,14,1,1,1,1,1,1,1.0,1.0
3617,84,0,0,0,0,0,0,1.0,1.0
3617,190,0,0,0,0,0,0,1.0,1.0
3617,61,0,0,0,0,0,0,1.0,1.0
3617,480,0,0,0,0,0,0,1.0,1.0
3617,226,1,1,1,1,1,1,1.0,1.0
3617,463,0,0,0,0,0,0,1.0,1.0
3617,347,0,0,0,0,0,0,1.0,1.0
3617,698,0,0,0,0,0,0,1.0,1.0
3617,669,1,1,1,1,1,1,1.0,1.0
3617,52,1,1,1,1,1,1,1.0,1.0
3617,210,0,0,0,0,0,0,1.0,1.0
3617,368,1,1,1,1,1,1,1.0,1.0
3617,293,1,1,1,1,1,1,1.0,1.0
3617,542,0,0,0,0,0,0,1.0,1.0
3617,133,0,0,0,0,0,0,1.0,1.0
3617,532,0,0,0,0,0,0,1.0,1.0
3617,336,1,1,1,1,1,1,1.0,1.0
3617,242,0,0,0,0,0,0,1.0,1.0
3617,740,1,1,1,1,1,1,1.0,1.0
3617,473,0,0,0,0,0,0,1.0,1.0
3617,140,0,0,0,0,0,0,1.0,1.0
3617,719,0,0,0,0,0,0,1.0,1.0
3617,360,1,1,1,1,1,1,1.0,1.0
3617,457,0,0,0,0,0,0,1.0,1.0
3617,289,0,0,0,0,0,0,1.0,1.0
199,578,1,1,1,1,1,1,1.0,1.0
199,574,0,0,0,0,0,0,1.0,1.0
199,414,0,0,0,0,0,0,1.0,1.0
199,576,0,0,0,0,0,0,1.0,1.0
199,458,1,1,1,1,1,1,1.0,1.0
199,113,0,0,0,0,0,0,1.0,1.0
199,668,0,0,1,0,1,0,0.6,0.8
199,715,0,0,0,0,0,0,1.0,1.0
199,526,0,0,0,0,0,0,1.0,1.0
199,232,0,0,0,0,0,0,1.0,1.0
199,528,0,0,0,0,0,0,1.0,1.0
199,575,1,1,1,1,1,1,1.0,1.0
199,536,0,0,0,0,0,0,1.0,1.0
199,566,0,0,0,0,0,0,1.0,1.0
199,135,1,1,1,1,1,1,1.0,1.0
199,233,0,0,0,0,0,0,1.0,1.0
199,201,0,0,0,0,0,0,1.0,1.0
199,313,0,0,0,0,0,0,1.0,1.0
199,269,1,0,0,0,0,0,0.8,0.9
199,367,0,0,0,0,0,0,1.0,1.0
199,283,0,0,0,0,0,0,1.0,1.0
199,160,1,1,1,1,1,1,1.0,1.0
199,406,0,0,0,0,0,0,1.0,1.0
199,44,0,0,0,0,0,0,1.0,1.0
199,297,0,0,0,0,0,0,1.0,1.0
199,165,0,0,0,0,0,0,1.0,1.0
199,157,1,1,1,0,1,1,0.8,0.9
199,387,0,0,0,0,0,0,1.0,1.0
199,594,0,0,0,0,0,0,1.0,1.0
199,364,1,1,1,1,1,1,1.0,1.0
199,60,0,0,0,0,0,0,1.0,1.0
199,409,0,0,0,0,0,0,1.0,1.0
199,731,0,0,0,0,0,0,1.0,1.0
199,513,0,0,0,0,0,0,1.0,1.0
199,468,0,0,0,0,0,0,1.0,1.0
199,97,0,0,0,0,0,0,1.0,1.0
199,362,1,1,1,1,1,1,1.0,1.0
199,461,0,0,0,0,0,0,1.0,1.0
199,710,0,0,0,0,0,0,1.0,1.0
199,516,0,0,0,0,0,0,1.0,1.0
199,728,0,0,0,0,0,0,1.0,1.0
199,652,0,0,0,0,0,0,1.0,1.0
199,279,0,0,0,0,0,0,1.0,1.0
199,287,0,0,0,0,0,0,1.0,1.0
199,591,0,0,0,0,0,0,1.0,1.0
199,607,0,0,0,0,0,0,1.0,1.0
199,333,0,0,0,0,0,0,1.0,1.0
199,339,0,0,0,0,0,0,1.0,1.0
199,691,0,0,0,0,0,0,1.0,1.0
199,608,1,1,1,1,1,1,1.0,1.0
199,426,0,0,0,0,0,0,1.0,1.0
199,193,0,0,0,0,0,0,1.0,1.0
199,723,0,0,0,0,0,0,1.0,1.0
199,194,1,1,1,1,1,1,1.0,1.0
199,139,0,0,0,0,0,0,1.0,1.0
199,275,1,1,1,1,1,1,1.0,1.0
199,736,0,0,0,0,0,0,1.0,1.0
199,375,0,0,0,0,0,0,1.0,1.0
199,451,1,1,1,1,0,1,0.8,0.9
199,638,1,1,1,1,1,1,1.0,1.0
199,318,0,0,0,0,0,0,1.0,1.0
199,695,0,0,0,0,0,0,1.0,1.0
199,467,0,0,0,0,0,0,1.0,1.0
199,712,0,0,0,0,0,0,1.0,1.0
199,220,0,0,0,0,0,0,1.0,1.0
199,62,0,0,0,0,0,0,1.0,1.0
199,248,0,0,0,0,0,0,1.0,1.0
199,152,0,0,0,0,0,0,1.0,1.0
199,436,0,0,0,0,0,0,1.0,1.0
2048,416,0,0,0,0,0,0,1.0,1.0
2048,366,1,1,1,1,1,1,1.0,1.0
2048,656,0,1,1,1,1,1,0.8,0.9
2048,592,1,1,1,1,1,1,1.0,1.0
2048,720,1,1,1,1,1,1,1.0,1.0
2048,595,0,1,1,1,1,1,0.8,0.9
2048,532,1,1,1,2,1,1,0.8,0.9
2048,719,1,0,1,1,0,1,0.6,0.8
2048,401,1,1,1,1,1,1,1.0,1.0
2048,442,1,1,1,1,1,1,1.0,1.0
2048,597,0,0,0,0,0,0,1.0,1.0
2048,650,1,1,1,1,1,1,1.0,1.0
2048,377,0,0,0,0,0,0,1.0,1.0
2048,184,1,1,1,1,1,1,1.0,1.0
2048,235,1,1,1,1,1,1,1.0,1.0
2048,488,1,1,1,1,1,1,1.0,1.0
2048,96,1,1,1,1,1,1,1.0,1.0
2048,49,1,1,1,1,1,1,1.0,1.0
2048,243,1,1,1,1,1,1,1.0,1.0
2048,638,1,1,1,1,1,1,1.0,1.0
2048,365,0,0,0,0,0,0,1.0,1.0
2048,69,0,0,0,0,0,0,1.0,1.0
2048,42,0,0,0,0,0,0,1.0,1.0
2048,221,0,0,0,0,0,0,1.0,1.0
2048,74,1,1,1,1,1,1,1.0,1.0
2048,158,1,1,1,1,1,1,1.0,1.0
2048,343,0,0,0,0,0,0,1.0,1.0
2048,66,1,0,0,1,0,0,0.6,0.8
2048,475,1,1,1,1,1,1,1.0,1.0
2048,554,1,1,1,1,1,1,1.0,1.0
2048,513,1,1,1,1,1,1,1.0,1.0
2048,458,1,1,1,1,1,1,1.0,1.0
2048,460,1,1,1,1,1,1,1.0,1.0
2048,583,1,1,1,1,1,1,1.0,1.0
2048,228,0,0,0,0,0,0,1.0,1.0
2048,736,0,0,0,0,0,0,1.0,1.0
2048,534,1,1,1,1,1,1,1.0,1.0
2048,473,0,0,0,0,0,0,1.0,1.0
2048,701,1,1,1,1,1,1,1.0,1.0
2048,494,1,1,1,1,1,1,1.0,1.0
2048,207,1,1,1,1,1,1,1.0,1.0
2048,193,0,0,0,0,0,0,1.0,1.0
2048,465,1,1,1,0,1,1,0.8,0.9
2048,691,0,0,0,0,0,0,1.0,1.0
2048,250,0,0,0,0,0,0,1.0,1.0
2048,320,1,1,1,1,1,1,1.0,1.0
2048,107,0,0,0,0,0,0,1.0,1.0
2048,705,1,1,1,1,1,1,1.0,1.0
2048,113,1,1,1,1,1,1,1.0,1.0
2048,623,1,1,1,1,1,1,1.0,1.0
2048,572,0,0,0,0,0,0,1.0,1.0
2048,297,1,1,1,1,1,1,1.0,1.0
2048,78,0,0,0,0,1,0,0.8,0.9
2048,3,1,1,1,1,1,1,1.0,1.0
2048,680,0,0,0,0,0,0,1.0,1.0
2048,608,1,1,1,1,1,1,1.0,1.0
2048,687,1,1,2,2,1,1,0.6,0.8
2048,694,1,1,1,1,1,1,1.0,1.0
2048,535,1,1,1,1,1,1,1.0,1.0
2048,735,1,1,1,1,1,1,1.0,1.0
2048,232,1,1,1,1,1,1,1.0,1.0
2048,105,0,0,0,0,0,0,1.0,1.0
2048,223,0,0,1,1,1,1,0.6,0.8
2048,312,1,1,1,1,1,1,1.0,1.0
2048,75,1,1,1,1,1,1,1.0,1.0
2048,269,1,1,1,1,1,1,1.0,1.0
2048,414,0,0,0,0,0,0,1.0,1.0
2048,124,1,1,1,1,1,1,1.0,1.0
2048,339,0,0,0,0,0,0,1.0,1.0
2048,17,1,1,1,1,1,1,1.0,1.0
2048,174,0,0,0,0,0,0,1.0,1.0
2048,275,1,1,1,1,1,1,1.0,1.0
2048,542,0,0,0,0,0,0,1.0,1.0
2048,77,0,0,0,0,0,0,1.0,1.0
2048,584,1,1,1,1,1,1,1.0,1.0
2048,543,1,1,1,1,1,1,1.0,1.0
2048,7,1,1,1,1,1,1,1.0,1.0
2048,507,1,1,1,1,1,1,1.0,1.0
2048,16,2,2,2,2,2,2,1.0,1.0
2048,421,0,0,0,0,0,0,1.0,1.0
2048,29,0,0,1,0,0,0,0.8,0.9
2048,418,2,2,2,2,2,2,1.0,1.0
2048,527,1,1,1,1,1,1,1.0,1.0
2048,474,1,1,1,1,1,1,1.0,1.0
2048,154,1,1,1,1,1,1,1.0,1.0
2048,195,0,1,0,1,1,1,0.6,0.8
2048,726,1,1,1,1,1,1,1.0,1.0
2048,408,1,1,1,1,1,1,1.0,1.0
2048,214,0,0,0,0,0,0,1.0,1.0
2048,695,1,1,1,1,1,1,1.0,1.0
2048,525,0,0,0,0,0,0,1.0,1.0
2048,146,1,1,1,1,1,1,1.0,1.0
2048,404,0,0,0,0,0,0,1.0,1.0
2048,725,0,0,0,0,0,0,1.0,1.0
2048,307,1,2,1,2,1,1,0.6,0.8
2048,328,0,0,0,0,0,0,1.0,1.0
2048,161,0,0,0,0,0,0,1.0,1.0
2048,360,1,1,1,1,1,1,1.0,1.0
2048,172,1,1,1,1,1,1,1.0,1.0
2048,364,1,1,1,1,1,1,1.0,1.0
2845,616,1,1,1,1,1,1,1.0,1.0
2845,543,1,1,1,1,1,1,1.0,1.0
2845,336,1,1,1,1,1,1,1.0,1.0
2845,324,0,0,0,0,0,0,1.0,1.0
2845,17,1,1,1,1,1,1,1.0,1.0
2845,40,1,1,1,1,1,1,1.0,1.0
2845,133,0,0,0,0,0,0,1.0,1.0
2845,255,0,0,0,0,0,0,1.0,1.0
2845,38,0,0,0,0,0,0,1.0,1.0
2845,435,1,1,1,1,1,1,1.0,1.0
2845,642,1,0,0,1,0,0,0.6,0.8
2845,518,0,0,0,0,0,0,1.0,1.0
2845,680,0,0,0,0,0,0,1.0,1.0
2845,291,0,0,0,0,0,0,1.0,1.0
2845,148,1,1,1,1,0,1,0.8,0.9
2845,605,0,0,0,0,0,0,1.0,1.0
2845,499,0,0,0,0,0,0,1.0,1.0
2845,375,1,1,1,1,1,1,1.0,1.0
2845,56,0,0,0,0,0,0,1.0,1.0
2845,266,0,0,0,0,0,0,1.0,1.0
2845,162,0,0,0,0,0,0,1.0,1.0
2845,568,0,0,0,0,0,0,1.0,1.0
2845,656,0,0,0,0,0,0,1.0,1.0
2845,207,1,1,1,1,1,1,1.0,1.0
2845,430,0,0,0,0,0,0,1.0,1.0
2845,272,0,0,0,0,0,0,1.0,1.0
2845,583,2,2,2,2,2,2,1.0,1.0
2845,474,1,1,1,1,1,1,1.0,1.0
2845,461,0,0,0,0,0,0,1.0,1.0
2845,668,1,1,1,1,1,1,1.0,1.0
2845,281,0,0,0,0,0,0,1.0,1.0
2845,524,0,0,0,0,0,0,1.0,1.0
2845,674,0,0,0,0,0,0,1.0,1.0
2845,146,2,2,2,2,2,2,1.0,1.0
2845,700,0,0,0,0,0,0,1.0,1.0
2845,160,0,0,0,0,0,0,1.0,1.0
2845,311,0,0,0,0,0,0,1.0,1.0
2845,660,1,1,1,1,1,1,1.0,1.0
2845,401,1,1,1,1,1,1,1.0,1.0
2845,618,2,2,2,2,2,2,1.0,1.0
2845,32,0,0,0,0,0,0,1.0,1.0
2845,512,0,0,0,0,0,0,1.0,1.0
2845,531,1,1,1,1,1,1,1.0,1.0
2845,285,0,0,0,0,0,0,1.0,1.0
2845,89,1,1,1,1,1,1,1.0,1.0
2845,246,1,1,1,1,1,1,1.0,1.0
2845,159,2,2,2,2,2,2,1.0,1.0
2845,698,0,0,0,0,0,0,1.0,1.0
2845,226,0,0,0,0,0,0,1.0,1.0
2845,411,1,1,1,1,1,1,1.0,1.0
2845,650,1,1,1,1,1,1,1.0,1.0
2845,503,1,1,1,1,1,1,1.0,1.0
2845,111,0,0,0,0,0,0,1.0,1.0
2845,227,1,1,1,1,1,1,1.0,1.0
2845,691,0,0,0,0,0,0,1.0,1.0
2845,183,1,1,1,1,1,1,1.0,1.0
2845,625,0,0,0,0,0,0,1.0,1.0
2845,441,0,0,0,0,0,0,1.0,1.0
2845,457,0,0,0,0,0,0,1.0,1.0
2845,366,1,1,1,1,1,1,1.0,1.0
2845,459,1,1,1,1,1,1,1.0,1.0
2845,447,0,0,0,0,0,0,1.0,1.0
2845,564,0,0,0,0,0,0,1.0,1.0
2845,470,0,0,0,0,0,0,1.0,1.0
2845,494,1,1,1,1,1,1,1.0,1.0
2845,403,0,0,0,0,0,0,1.0,1.0
2845,301,0,1,1,0,1,1,0.6,0.8
2845,722,1,1,1,1,1,1,1.0,1.0
2845,576,1,1,1,1,1,1,1.0,1.0
2845,296,0,0,0,0,0,0,1.0,1.0
2845,276,0,0,0,0,0,0,1.0,1.0
8162,105,0,0,0,0,0,0,1.0,1.0
8162,22,1,1,1,1,1,1,1.0,1.0
8162,7,1,1,1,1,1,1,1.0,1.0
8162,527,2,2,2,2,2,2,1.0,1.0
8162,43,1,1,1,1,1,1,1.0,1.0
8162,669,1,1,1,1,1,1,1.0,1.0
8162,232,1,1,1,1,1,1,1.0,1.0
8162,333,1,1,1,1,1,1,1.0,1.0
8162,327,1,1,1,1,1,1,1.0,1.0
8162,212,1,1,1,1,1,1,1.0,1.0
8162,575,1,1,1,1,1,1,1.0,1.0
8162,387,0,0,0,0,0,0,1.0,1.0
8162,408,2,2,2,2,2,2,1.0,1.0
8162,683,1,1,1,1,1,1,1.0,1.0
8162,142,0,0,0,0,0,0,1.0,1.0
8162,444,1,1,1,1,1,1,1.0,1.0
8162,90,0,0,0,0,0,0,1.0,1.0
8162,281,1,1,1,1,1,1,1.0,1.0
8162,740,2,2,2,2,2,2,1.0,1.0
8162,530,1,1,1,1,1,1,1.0,1.0
8162,578,2,2,2,2,2,2,1.0,1.0
8162,710,1,1,1,1,1,1,1.0,1.0
8162,75,1,1,1,1,1,1,1.0,1.0
8162,14,1,1,1,1,1,1,1.0,1.0
8162,12,0,0,1,1,0,0,0.6,0.8
8162,543,1,1,1,1,1,1,1.0,1.0
8162,496,1,1,1,1,1,1,1.0,1.0
8162,451,1,1,1,1,1,1,1.0,1.0
8162,424,1,1,1,1,1,1,1.0,1.0
8162,154,2,2,2,2,2,2,1.0,1.0
8162,133,0,0,1,1,0,0,0.6,0.8
8162,122,0,0,0,0,0,0,1.0,1.0
8162,603,1,1,1,1,1,1,1.0,1.0
8162,460,2,2,2,2,2,2,1.0,1.0
8162,49,2,2,2,2,2,2,1.0,1.0
8162,379,1,1,1,1,1,1,1.0,1.0
8162,468,2,2,2,2,2,2,1.0,1.0
8162,194,2,2,2,2,2,2,1.0,1.0
8162,146,2,2,2,2,2,2,1.0,1.0
8162,620,0,0,0,0,0,0,1.0,1.0
8162,716,1,1,1,1,1,1,1.0,1.0
8162,637,0,0,0,0,0,0,1.0,1.0
8162,441,1,1,1,1,1,1,1.0,1.0
8162,298,2,2,2,2,2,2,1.0,1.0
8162,607,1,1,1,1,1,1,1.0,1.0
8162,362,1,1,1,1,1,1,1.0,1.0
8162,487,1,1,1,1,1,1,1.0,1.0
8162,366,1,1,1,1,1,1,1.0,1.0
8162,282,0,0,0,0,0,0,1.0,1.0
8162,248,1,1,1,1,1,1,1.0,1.0
8162,421,1,1,1,1,1,1,1.0,1.0
8162,167,1,1,1,1,1,1,1.0,1.0
8162,184,1,1,1,1,1,1,1.0,1.0
8162,534,2,2,2,2,2,2,1.0,1.0
8162,157,2,2,2,2,2,2,1.0,1.0
8162,544,1,1,1,1,1,1,1.0,1.0
8162,709,0,0,0,0,0,0,1.0,1.0
8162,221,0,0,0,0,0,0,1.0,1.0
8162,307,2,2,2,2,2,2,1.0,1.0
8162,63,1,1,1,1,1,1,1.0,1.0
8162,52,1,1,1,1,1,1,1.0,1.0
8162,158,1,2,1,2,1,1,0.6,0.8
8162,341,0,0,0,0,0,0,1.0,1.0
8162,368,1,1,1,1,1,1,1.0,1.0
8162,328,1,1,1,1,1,1,1.0,1.0
8162,26,0,0,0,0,0,0,1.0,1.0
8162,455,0,0,0,0,0,0,1.0,1.0
8162,134,1,1,1,1,1,1,1.0,1.0
8162,584,1,1,1,1,1,1,1.0,1.0
8162,678,2,2,2,2,2,2,1.0,1.0
8162,53,1,1,1,0,1,1,0.8,0.9
8162,486,0,0,0,0,0,0,1.0,1.0
8162,661,1,1,1,1,1,1,1.0,1.0
8162,3,1,1,1,1,1,1,1.0,1.0
8162,190,1,1,1,1,1,1,1.0,1.0
8162,324,1,1,1,1,1,1,1.0,1.0
8162,474,2,2,2,2,2,2,1.0,1.0
8162,518,2,2,2,2,2,2,1.0,1.0
8162,392,1,1,1,1,1,1,1.0,1.0
8162,325,1,1,1,1,1,1,1.0,1.0
8162,250,1,1,1,1,1,1,1.0,1.0
8162,78,1,1,1,1,1,1,1.0,1.0
8162,267,1,1,1,1,1,1,1.0,1.0
8162,20,1,1,1,1,1,1,1.0,1.0
8162,574,2,2,2,2,2,2,1.0,1.0
8162,173,0,0,0,0,0,0,1.0,1.0
9501,339,0,0,0,0,0,0,1.0,1.0
9501,336,1,1,1,1,1,1,1.0,1.0
9501,460,1,1,1,1,1,1,1.0,1.0
9501,192,1,1,1,1,1,1,1.0,1.0
9501,449,1,1,1,1,1,1,1.0,1.0
9501,342,1,1,1,1,1,1,1.0,1.0
9501,228,1,1,1,1,1,1,1.0,1.0
9501,328,1,1,1,1,1,1,1.0,1.0
9501,608,1,1,2,2,2,2,0.6,0.8
9501,480,0,0,0,0,0,0,1.0,1.0
9501,160,1,1,1,1,1,1,1.0,1.0
9501,167,1,1,1,1,1,1,1.0,1.0
9501,669,1,1,1,1,1,1,1.0,1.0
9501,362,2,2,2,2,2,2,1.0,1.0
9501,325,1,1,1,1,1,1,1.0,1.0
9501,3,0,0,0,0,1,0,0.8,0.9
9501,323,1,1,1,1,1,1,1.0,1.0
9501,379,1,1,1,1,1,1,1.0,1.0
9501,156,1,1,1,1,1,1,1.0,1.0
9501,310,0,0,0,0,0,0,1.0,1.0
9501,224,1,1,1,1,1,1,1.0,1.0
9501,75,1,1,1,1,1,1,1.0,1.0
9501,157,1,1,1,1,1,1,1.0,1.0
9501,52,1,1,1,1,1,1,1.0,1.0
9501,238,0,0,0,0,0,0,1.0,1.0
9501,320,1,1,1,1,1,1,1.0,1.0
9501,202,0,0,0,0,0,0,1.0,1.0
9501,269,1,1,1,1,1,1,1.0,1.0
9501,0,0,0,0,0,0,0,1.0,1.0
9501,722,2,2,2,2,2,2,1.0,1.0
9501,421,0,0,0,0,0,0,1.0,1.0
9501,314,0,0,0,0,0,0,1.0,1.0
9501,416,0,0,0,0,0,0,1.0,1.0
9501,14,1,1,1,1,1,1,1.0,1.0
9501,401,1,1,1,1,1,1,1.0,1.0
9501,596,0,1,0,1,0,0,0.6,0.8
9501,444,1,1,1,1,1,1,1.0,1.0
9501,295,1,1,0,0,1,1,0.6,0.8
9501,118,1,2,2,2,2,2,0.8,0.9
9501,173,0,0,0,0,0,0,1.0,1.0
9501,578,2,2,2,2,2,2,1.0,1.0
9501,660,1,1,1,1,1,1,1.0,1.0
9501,576,1,1,1,1,1,1,1.0,1.0
9501,619,0,0,0,0,0,0,1.0,1.0
9501,17,2,2,2,2,2,2,1.0,1.0
9501,665,0,0,0,0,0,0,1.0,1.0
9501,150,0,0,0,0,0,0,1.0,1.0
9501,400,1,1,1,1,1,1,1.0,1.0
9501,740,2,2,2,2,2,2,1.0,1.0
9501,524,0,0,0,0,0,0,1.0,1.0
9501,337,1,1,1,1,1,1,1.0,1.0
9501,387,0,0,0,0,0,0,1.0,1.0
9501,496,1,1,1,1,1,1,1.0,1.0
9501,20,0,0,0,0,0,0,1.0,1.0
9501,650,2,2,2,2,2,2,1.0,1.0
9501,410,0,0,0,0,0,0,1.0,1.0
9501,531,1,1,1,1,1,1,1.0,1.0
9501,225,0,0,0,0,0,0,1.0,1.0
9501,462,1,1,1,1,1,1,1.0,1.0
9501,584,0,0,0,0,0,0,1.0,1.0
9501,351,0,0,0,0,0,0,1.0,1.0
9501,513,0,0,0,0,0,0,1.0,1.0
9501,626,1,1,0,0,1,1,0.6,0.8
9501,212,0,0,0,0,0,0,1.0,1.0
9501,414,0,0,0,0,0,0,1.0,1.0
9501,457,1,1,1,1,1,1,1.0,1.0
9501,183,1,1,1,1,1,1,1.0,1.0
9501,461,0,0,0,0,0,0,1.0,1.0
8560,250,0,0,0,0,0,0,1.0,1.0
8560,617,1,1,1,1,1,1,1.0,1.0
8560,106,0,0,0,0,0,0,1.0,1.0
8560,534,2,2,2,2,2,2,1.0,1.0
8560,195,1,2,2,2,2,2,0.8,0.9
8560,544,0,0,0,0,0,0,1.0,1.0
8560,583,1,2,2,1,2,2,0.6,0.8
8560,215,0,0,0,0,0,0,1.0,1.0
8560,105,1,1,1,1,1,1,1.0,1.0
8560,494,2,2,2,2,2,2,1.0,1.0
8560,394,2,1,2,2,2,2,0.8,0.9
8560,500,1,1,1,1,1,1,1.0,1.0
8560,97,1,1,1,1,1,1,1.0,1.0
8560,575,1,1,1,1,1,1,1.0,1.0
8560,63,1,1,1,1,1,1,1.0,1.0
8560,572,1,1,1,1,1,1,1.0,1.0
8560,223,1,1,1,1,1,1,1.0,1.0
8560,70,2,2,2,2,2,2,1.0,1.0
8560,74,1,1,0,1,1,1,0.8,0.9
8560,526,0,0,0,0,0,0,1.0,1.0
8560,607,0,0,0,0,0,0,1.0,1.0
8560,66,1,1,1,1,1,1,1.0,1.0
8560,326,0,0,0,0,0,0,1.0,1.0
8560,411,2,1,2,2,2,2,0.8,0.9
8560,155,0,0,0,0,0,0,1.0,1.0
8560,450,0,0,0,0,0,0,1.0,1.0
8560,736,1,1,1,1,1,1,1.0,1.0
8560,532,1,1,1,1,1,1,1.0,1.0
8560,190,2,2,2,2,2,2,1.0,1.0
8560,10,1,1,1,1,1,1,1.0,1.0
8560,710,0,0,0,0,0,0,1.0,1.0
8560,408,2,2,2,2,2,2,1.0,1.0
8560,525,0,0,0,0,0,0,1.0,1.0
8560,536,1,1,1,1,1,1,1.0,1.0
8560,375,1,1,1,1,1,1,1.0,1.0
8560,227,1,1,1,1,1,1,1.0,1.0
8560,651,0,0,0,0,0,0,1.0,1.0
8560,700,0,0,0,0,0,0,1.0,1.0
8560,439,2,2,2,2,2,2,1.0,1.0
8560,178,2,2,2,2,2,2,1.0,1.0
8560,708,2,2,2,2,2,2,1.0,1.0
8560,353,1,1,1,1,1,1,1.0,1.0
8560,96,1,1,1,1,1,1,1.0,1.0
8560,222,0,0,0,0,0,0,1.0,1.0
8560,360,1,1,1,1,1,1,1.0,1.0
8560,162,0,0,0,0,0,0,1.0,1.0
8560,27,2,2,2,2,2,2,1.0,1.0
8560,735,1,1,1,1,1,1,1.0,1.0
8560,49,1,1,1,1,1,1,1.0,1.0
8560,482,0,0,0,0,0,0,1.0,1.0
8560,392,1,1,1,1,1,1,1.0,1.0
8560,468,0,0,0,0,0,0,1.0,1.0
8560,184,1,1,1,1,1,1,1.0,1.0
8560,527,2,2,2,2,2,2,1.0,1.0
8560,327,1,1,1,1,0,1,0.8,0.9
8560,76,1,1,1,1,1,1,1.0,1.0
8560,359,1,1,1,1,1,1,1.0,1.0
8560,674,1,1,1,1,1,1,1.0,1.0
8560,315,1,0,1,0,0,0,0.6,0.8
8560,159,1,1,1,1,1,1,1.0,1.0
8560,574,1,1,1,1,1,1,1.0,1.0
8560,705,1,1,1,1,1,1,1.0,1.0
8560,297,1,1,1,1,1,1,1.0,1.0
8560,7,0,0,0,0,0,0,1.0,1.0
8560,248,1,1,1,1,1,1,1.0,1.0
8560,341,1,1,1,1,1,1,1.0,1.0
8560,154,2,2,2,2,2,2,1.0,1.0
8560,475,0,0,0,0,0,0,1.0,1.0
8560,451,2,2,2,2,2,2,1.0,1.0
8560,488,2,2,2,2,2,2,1.0,1.0
8560,4,0,0,0,0,0,0,1.0,1.0
8560,592,2,1,1,2,1,1,0.6,0.8
8560,194,1,1,1,1,1,1,1.0,1.0
4210,368,1,1,1,1,1,1,1.0,1.0
4210,369,1,1,1,1,1,1,1.0,1.0
4210,342,1,1,1,1,1,1,1.0,1.0
4210,47,0,0,0,0,0,0,1.0,1.0
4210,76,0,0,0,0,0,0,1.0,1.0
4210,307,2,2,2,2,2,2,1.0,1.0
4210,145,1,2,1,2,1,1,0.6,0.8
4210,677,1,1,1,0,1,1,0.8,0.9
4210,616,0,0,0,0,0,0,1.0,1.0
4210,626,1,1,1,1,1,1,1.0,1.0
4210,638,1,1,1,1,1,1,1.0,1.0
4210,190,1,1,1,1,1,1,1.0,1.0
4210,179,0,0,0,0,0,0,1.0,1.0
4210,207,1,1,1,1,1,1,1.0,1.0
4210,349,0,0,0,0,0,0,1.0,1.0
4210,212,1,1,1,1,1,1,1.0,1.0
4210,301,1,1,1,1,1,1,1.0,1.0
4210,426,1,0,0,0,0,0,0.8,0.9
4210,543,1,1,1,1,1,1,1.0,1.0
4210,712,1,1,1,1,1,1,1.0,1.0
4210,458,2,2,2,2,2,2,1.0,1.0
4210,1,2,2,2,2,2,2,1.0,1.0
4210,444,0,0,0,0,0,0,1.0,1.0
4210,63,1,1,1,1,1,1,1.0,1.0
4210,583,2,2,2,2,2,2,1.0,1.0
4210,513,1,1,1,1,1,1,1.0,1.0
4210,261,1,1,1,1,1,1,1.0,1.0
4210,102,1,1,1,0,0,1,0.6,0.8
4210,375,1,1,1,1,1,1,1.0,1.0
4210,687,1,1,1,1,1,1,1.0,1.0
4210,275,0,0,0,0,0,0,1.0,1.0
4210,529,0,0,0,0,0,0,1.0,1.0
4210,231,0,0,0,0,0,0,1.0,1.0
4210,615,0,0,0,0,0,0,1.0,1.0
4210,129,0,0,0,0,0,0,1.0,1.0
4210,680,0,0,0,0,0,0,1.0,1.0
4210,578,2,2,2,2,2,2,1.0,1.0
4210,380,0,0,0,0,0,0,1.0,1.0
4210,137,0,0,0,0,0,0,1.0,1.0
4210,582,0,0,0,0,0,0,1.0,1.0
4210,100,0,0,0,0,0,0,1.0,1.0
4210,223,1,1,1,1,1,1,1.0,1.0
4210,630,1,1,1,1,1,1,1.0,1.0
4210,134,1,1,1,1,1,1,1.0,1.0
4210,243,1,1,1,1,1,1,1.0,1.0
4210,249,0,0,0,0,0,0,1.0,1.0
4210,362,1,1,0,1,1,1,0.8,0.9
4210,447,0,0,0,0,0,0,1.0,1.0
4210,202,0,0,0,0,0,0,1.0,1.0
4210,535,2,2,2,2,1,2,0.8,0.9
4210,364,2,2,2,2,2,2,1.0,1.0
4210,291,0,0,0,0,0,0,1.0,1.0
4210,68,0,0,0,0,0,0,1.0,1.0
4210,142,1,0,0,1,1,1,0.6,0.8
4210,122,0,0,0,0,0,0,1.0,1.0
4210,333,1,1,1,1,1,1,1.0,1.0
4210,668,1,0,0,0,0,0,0.8,0.9
4210,337,1,1,1,1,1,1,1.0,1.0
4210,23,0,0,0,0,0,0,1.0,1.0
4210,719,1,1,1,1,1,1,1.0,1.0
4210,365,0,0,0,0,0,0,1.0,1.0
4210,158,2,2,2,2,2,2,1.0,1.0
4210,637,0,0,0,0,0,0,1.0,1.0
4210,552,0,0,0,0,0,0,1.0,1.0
4210,189,0,0,0,0,0,0,1.0,1.0
4210,451,1,1,1,1,1,1,1.0,1.0
4210,536,0,0,0,0,0,0,1.0,1.0
4210,227,1,1,1,1,1,1,1.0,1.0
4210,423,1,1,1,1,1,1,1.0,1.0
4210,604,1,1,0,1,1,1,0.8,0.9
4210,309,2,1,2,1,1,1,0.6,0.8
4210,327,1,1,1,1,1,1,1.0,1.0
4210,250,1,1,1,1,1,1,1.0,1.0
4210,669,1,1,1,1,1,1,1.0,1.0
4210,88,2,1,2,2,1,2,0.6,0.8
4210,489,0,0,0,0,0,0,1.0,1.0
4210,650,2,2,2,2,2,2,1.0,1.0
4210,246,1,1,1,1,1,1,1.0,1.0
4210,28,0,0,0,0,0,0,1.0,1.0
288,66,0,0,0,0,0,0,1.0,1.0
288,670,1,1,1,1,1,1,1.0,1.0
288,600,2,2,2,2,2,2,1.0,1.0
288,576,1,1,1,1,1,1,1.0,1.0
288,232,1,1,1,1,1,1,1.0,1.0
288,535,2,2,2,2,2,2,1.0,1.0
288,207,2,1,1,1,2,1,0.6,0.8
288,525,0,0,0,0,0,0,1.0,1.0
288,364,1,1,1,1,2,1,0.8,0.9
288,210,0,0,0,0,0,0,1.0,1.0
288,72,1,1,1,1,1,1,1.0,1.0
288,674,2,2,2,2,2,2,1.0,1.0
288,135,1,1,1,1,1,1,1.0,1.0
288,360,2,2,2,2,2,2,1.0,1.0
288,705,1,1,1,1,1,1,1.0,1.0
288,710,1,1,1,1,1,1,1.0,1.0
288,307,2,2,2,2,2,2,1.0,1.0
288,96,1,1,1,1,1,1,1.0,1.0
288,356,0,0,0,0,0,0,1.0,1.0
288,301,1,1,1,1,1,1,1.0,1.0
288,534,1,1,1,1,1,1,1.0,1.0
288,8,1,1,1,1,1,1,1.0,1.0
288,411,1,1,1,1,1,1,1.0,1.0
288,727,0,0,0,0,0,0,1.0,1.0
288,133,1,1,1,1,1,1,1.0,1.0
288,591,1,1,1,1,1,1,1.0,1.0
288,157,1,1,1,1,1,1,1.0,1.0
288,333,0,0,0,0,0,0,1.0,1.0
288,475,1,1,1,1,1,1,1.0,1.0
288,458,1,1,1,1,1,1,1.0,1.0
288,248,1,1,1,1,1,1,1.0,1.0
288,350,1,1,1,1,1,1,1.0,1.0
288,117,1,1,1,1,1,1,1.0,1.0
288,275,1,1,1,1,1,1,1.0,1.0
288,180,1,1,1,1,1,1,1.0,1.0
288,624,0,0,0,0,0,0,1.0,1.0
288,532,1,1,1,1,1,1,1.0,1.0
288,195,1,1,1,1,1,1,1.0,1.0
288,678,1,1,1,1,1,1,1.0,1.0
288,575,1,1,1,1,1,1,1.0,1.0
288,148,1,1,1,1,1,1,1.0,1.0
288,7,1,1,1,1,1,1,1.0,1.0
288,680,0,0,0,0,0,0,1.0,1.0
288,154,1,1,1,1,1,1,1.0,1.0
288,556,1,1,1,1,1,1,1.0,1.0
288,496,0,0,0,0,0,0,1.0,1.0
288,585,1,1,1,1,1,1,1.0,1.0
288,400,1,1,1,1,1,1,1.0,1.0
288,549,1,1,1,1,1,1,1.0,1.0
288,167,1,1,1,1,1,1,1.0,1.0
288,351,0,0,0,0,0,0,1.0,1.0
288,153,1,1,1,1,1,1,1.0,1.0
288,170,0,0,0,0,0,0,1.0,1.0
288,474,1,1,1,1,1,1,1.0,1.0
288,339,1,1,1,1,1,1,1.0,1.0
288,452,1,1,1,1,1,1,1.0,1.0
288,74,1,1,1,1,1,1,1.0,1.0
288,472,0,0,0,0,0,0,1.0,1.0
288,611,1,1,1,1,1,1,1.0,1.0
288,49,1,1,1,1,1,1,1.0,1.0
288,607,1,1,1,1,1,1,1.0,1.0
288,158,1,1,1,1,1,1,1.0,1.0
288,645,0,0,0,0,0,0,1.0,1.0
288,264,1,1,1,1,1,1,1.0,1.0
288,730,0,0,0,0,0,0,1.0,1.0
288,608,1,1,1,1,1,1,1.0,1.0
288,75,1,1,1,1,1,1,1.0,1.0
288,719,1,1,1,1,1,1,1.0,1.0
7394,632,0,0,0,0,0,0,1.0,1.0
7394,591,0,0,0,0,0,0,1.0,1.0
7394,81,1,1,1,1,1,1,1.0,1.0
7394,566,0,0,0,0,0,0,1.0,1.0
7394,324,0,0,0,0,0,0,1.0,1.0
7394,17,1,1,1,1,1,1,1.0,1.0
7394,203,0,0,0,0,0,0,1.0,1.0
7394,461,0,0,0,0,0,0,1.0,1.0
7394,135,1,1,1,1,1,1,1.0,1.0
7394,437,0,0,0,0,0,0,1.0,1.0
7394,527,0,0,0,0,0,0,1.0,1.0
7394,239,0,0,0,0,0,0,1.0,1.0
7394,92,0,0,0,0,0,0,1.0,1.0
7394,297,1,1,1,1,1,1,1.0,1.0
7394,544,0,0,0,0,0,0,1.0,1.0
7394,341,0,0,0,0,0,0,1.0,1.0
7394,510,0,0,0,0,0,0,1.0,1.0
7394,253,0,0,0,0,0,0,1.0,1.0
7394,716,0,0,0,0,0,0,1.0,1.0
7394,205,0,0,0,0,0,0,1.0,1.0
7394,623,0,0,0,0,0,0,1.0,1.0
7394,690,0,0,0,0,0,0,1.0,1.0
7394,403,0,0,0,0,0,0,1.0,1.0
7394,457,0,0,0,0,0,0,1.0,1.0
7394,142,0,0,0,0,0,0,1.0,1.0
7394,70,0,0,0,0,0,0,1.0,1.0
7394,584,0,0,0,0,0,0,1.0,1.0
7394,555,0,0,0,0,0,0,1.0,1.0
7394,295,0,0,0,0,0,0,1.0,1.0
7394,494,0,0,1,0,0,0,0.8,0.9
7394,336,1,1,1,1,1,1,1.0,1.0
7394,100,0,0,0,0,0,0,1.0,1.0
7394,736,1,1,1,1,1,1,1.0,1.0
7394,735,1,1,1,1,1,1,1.0,1.0
7394,401,1,1,1,1,1,1,1.0,1.0
7394,159,0,0,0,0,0,0,1.0,1.0
7394,700,0,0,0,0,0,0,1.0,1.0
7394,114,0,0,0,0,0,0,1.0,1.0
7394,668,0,0,0,0,0,0,1.0,1.0
7394,406,0,0,0,0,0,0,1.0,1.0
7394,283,0,0,0,0,0,0,1.0,1.0
7394,8,0,0,0,0,0,0,1.0,1.0
7394,468,1,1,1,1,1,1,1.0,1.0
7394,722,0,0,0,0,0,0,1.0,1.0
7394,3,0,0,0,0,0,0,1.0,1.0
7394,574,0,0,0,0,0,0,1.0,1.0
7394,517,0,0,0,0,0,0,1.0,1.0
7394,320,0,0,0,0,0,0,1.0,1.0
7394,146,0,1,1,0,1,1,0.6,0.8
7394,15,0,0,0,0,0,0,1.0,1.0
7394,702,0,0,0,0,0,0,1.0,1.0
7394,717,0,0,0,0,0,0,1.0,1.0
7394,177,0,0,0,0,0,0,1.0,1.0
7394,504,0,0,0,0,0,0,1.0,1.0
7394,670,0,0,0,0,0,0,1.0,1.0
7394,638,1,1,1,1,1,1,1.0,1.0
7394,368,1,1,1,1,1,1,1.0,1.0
7394,466,0,0,0,0,0,0,1.0,1.0
7394,230,1,1,1,1,1,1,1.0,1.0
7394,572,1,1,1,1,1,1,1.0,1.0
7394,281,0,0,0,0,0,0,1.0,1.0
7394,194,0,0,0,0,0,0,1.0,1.0
7394,160,0,0,0,0,0,0,1.0,1.0
7394,68,0,0,0,0,0,0,1.0,1.0
7394,269,0,0,0,0,0,0,1.0,1.0
7394,545,0,0,0,0,0,0,1.0,1.0
7394,338,0,0,0,0,0,0,1.0,1.0
7394,453,0,0,0,0,0,0,1.0,1.0
7394,52,1,1,1,1,1,1,1.0,1.0
7394,392,0,0,0,0,0,0,1.0,1.0
7394,727,0,1,0,0,0,0,0.8,0.9
7394,221,0,0,0,0,0,0,1.0,1.0
7394,640,0,0,0,0,0,0,1.0,1.0
7394,243,0,0,0,0,0,0,1.0,1.0
7394,417,0,0,0,0,0,0,1.0,1.0
7394,596,1,1,0,0,1,1,0.6,0.8
7394,571,0,0,0,0,0,0,1.0,1.0
7394,14,1,1,1,1,1,1,1.0,1.0
7394,507,0,0,0,0,0,0,1.0,1.0
7394,476,0,0,1,1,1,1,0.6,0.8
7394,218,0,0,0,0,0,0,1.0,1.0
7394,318,0,0,0,0,0,0,1.0,1.0
7394,303,0,0,0,0,0,0,1.0,1.0
7394,408,0,0,0,0,0,0,1.0,1.0
7394,366,2,2,2,2,2,2,1.0,1.0
7394,460,1,1,1,1,1,1,1.0,1.0
3250,526,0,0,0,0,0,0,1.0,1.0
3250,301,1,1,1,1,1,1,1.0,1.0
3250,466,0,0,0,0,0,0,1.0,1.0
3250,275,0,0,0,0,0,0,1.0,1.0
3250,2,0,0,0,0,0,0,1.0,1.0
3250,155,0,0,0,0,0,0,1.0,1.0
3250,588,1,1,1,1,1,1,1.0,1.0
3250,78,0,0,0,0,0,0,1.0,1.0
3250,680,0,0,0,0,0,0,1.0,1.0
3250,411,0,0,0,0,0,0,1.0,1.0
3250,167,1,1,1,1,1,1,1.0,1.0
3250,608,1,1,1,1,1,1,1.0,1.0
3250,271,1,1,1,1,1,1,1.0,1.0
3250,694,1,1,1,1,1,1,1.0,1.0
3250,460,1,1,1,1,1,1,1.0,1.0
3250,168,0,0,0,0,0,0,1.0,1.0
3250,387,1,1,1,1,1,1,1.0,1.0
3250,592,1,1,1,1,1,1,1.0,1.0
3250,578,0,0,0,0,0,0,1.0,1.0
3250,699,1,1,1,1,1,1,1.0,1.0
3250,488,1,1,1,1,1,1,1.0,1.0
3250,180,1,1,1,1,1,1,1.0,1.0
3250,207,2,2,2,2,2,2,1.0,1.0
3250,163,1,1,1,1,1,1,1.0,1.0
3250,362,0,0,0,0,0,0,1.0,1.0
3250,159,0,0,0,0,0,0,1.0,1.0
3250,638,1,1,1,1,1,1,1.0,1.0
3250,341,0,0,0,0,0,0,1.0,1.0
3250,660,1,1,1,1,1,1,1.0,1.0
3250,166,1,0,1,1,0,1,0.6,0.8
3250,105,0,0,0,0,0,0,1.0,1.0
3250,360,1,1,1,1,1,1,1.0,1.0
3250,336,1,1,1,1,1,1,1.0,1.0
3250,342,0,0,0,0,0,0,1.0,1.0
3250,107,1,1,0,1,1,1,0.8,0.9
3250,184,1,1,1,1,1,1,1.0,1.0
3250,686,1,1,1,1,1,1,1.0,1.0
3250,580,0,0,0,0,0,0,1.0,1.0
3250,508,0,0,0,0,0,0,1.0,1.0
3250,645,0,0,0,0,0,0,1.0,1.0
3250,243,1,1,1,1,1,1,1.0,1.0
3250,218,0,0,0,0,0,0,1.0,1.0
3250,607,0,0,0,0,0,0,1.0,1.0
3250,603,0,1,1,1,1,1,0.8,0.9
3250,552,0,0,0,0,0,0,1.0,1.0
3250,328,0,0,0,0,0,0,1.0,1.0
3250,133,1,1,1,1,1,1,1.0,1.0
3250,513,1,1,1,1,1,1,1.0,1.0
3250,448,0,0,0,0,0,0,1.0,1.0
3250,527,1,1,1,1,1,1,1.0,1.0
3250,288,0,0,0,0,0,0,1.0,1.0
3250,0,0,0,0,0,0,0,1.0,1.0
3250,703,0,0,0,0,0,0,1.0,1.0
3250,705,0,0,0,0,0,0,1.0,1.0
3250,520,0,0,0,0,0,0,1.0,1.0
3250,375,1,1,1,1,1,1,1.0,1.0
3250,414,0,0,0,0,0,0,1.0,1.0
3250,66,0,0,0,0,0,0,1.0,1.0
3250,494,0,0,0,0,0,0,1.0,1.0
3250,740,1,0,1,0,0,0,0.6,0.8
3250,392,1,1,1,1,0,1,0.8,0.9
3250,461,0,0,0,0,0,0,1.0,1.0
3250,669,1,1,1,1,1,1,1.0,1.0
3250,90,0,0,0,0,1,0,0.8,0.9
3250,710,0,0,0,0,0,0,1.0,1.0
3250,250,0,0,0,0,0,0,1.0,1.0
3250,591,1,1,1,1,1,1,1.0,1.0
3250,240,2,2,2,2,2,2,1.0,1.0
3250,248,0,0,0,0,0,0,1.0,1.0
1929,400,1,1,1,1,1,1,1.0,1.0
1929,679,1,1,1,1,1,1,1.0,1.0
1929,700,0,0,0,0,0,0,1.0,1.0
1929,476,0,0,0,0,0,0,1.0,1.0
1929,457,1,1,1,1,1,1,1.0,1.0
1929,674,1,1,1,1,1,1,1.0,1.0
1929,328,0,0,0,0,0,0,1.0,1.0
1929,572,1,1,1,1,1,1,1.0,1.0
1929,574,1,1,1,1,1,1,1.0,1.0
1929,319,0,0,0,0,0,0,1.0,1.0
1929,564,0,0,0,0,0,0,1.0,1.0
1929,640,0,0,0,0,0,0,1.0,1.0
1929,142,1,1,1,1,1,1,1.0,1.0
1929,194,1,1,1,1,1,1,1.0,1.0
1929,625,1,1,1,1,1,1,1.0,1.0
1929,575,2,2,1,1,2,2,0.6,0.8
1929,122,0,0,0,0,0,0,1.0,1.0
1929,71,1,1,1,1,1,1,1.0,1.0
1929,675,1,1,1,1,1,1,1.0,1.0
1929,543,1,1,1,1,1,1,1.0,1.0
1929,152,0,0,0,0,0,0,1.0,1.0
1929,7,0,0,0,0,0,0,1.0,1.0
1929,740,2,2,2,2,2,2,1.0,1.0
1929,281,1,1,1,1,1,1,1.0,1.0
1929,430,0,0,0,0,0,0,1.0,1.0
1929,383,0,0,0,0,0,0,1.0,1.0
1929,307,2,2,2,2,2,2,1.0,1.0
1929,451,1,1,1,1,1,1,1.0,1.0
1929,3,0,0,0,0,0,0,1.0,1.0
1929,146,1,1,1,1,1,1,1.0,1.0
1929,344,0,0,0,0,0,0,1.0,1.0
1929,629,0,0,0,0,0,0,1.0,1.0
1929,91,1,1,1,1,1,1,1.0,1.0
1929,735,1,1,1,1,1,1,1.0,1.0
1929,583,2,2,2,2,2,2,1.0,1.0
1929,96,1,1,1,1,1,1,1.0,1.0
1929,456,0,0,0,0,0,0,1.0,1.0
1929,414,0,0,0,0,0,0,1.0,1.0
1929,49,1,2,2,1,2,2,0.6,0.8
1929,14,1,1,1,1,1,1,1.0,1.0
1929,429,0,0,0,0,0,0,1.0,1.0
1929,310,1,1,1,1,1,1,1.0,1.0
1929,221,0,0,0,0,0,0,1.0,1.0
1929,592,2,2,2,2,2,2,1.0,1.0
1929,390,0,0,0,0,0,0,1.0,1.0
1929,650,1,1,1,1,1,1,1.0,1.0
1929,134,1,1,1,1,1,1,1.0,1.0
1929,478,2,2,2,2,2,2,1.0,1.0
1929,387,0,0,0,0,0,0,1.0,1.0
1929,727,2,2,2,2,2,2,1.0,1.0
1929,532,1,1,1,1,1,1,1.0,1.0
1929,195,1,1,1,1,1,1,1.0,1.0
1929,62,0,1,1,0,0,0,0.6,0.8
1929,128,1,1,1,1,1,1,1.0,1.0
1929,420,1,1,1,1,1,1,1.0,1.0
1929,544,0,0,0,0,0,0,1.0,1.0
1929,297,1,1,1,1,1,1,1.0,1.0
1929,105,0,0,0,0,0,0,1.0,1.0
1929,232,0,0,0,0,0,0,1.0,1.0
1929,223,1,1,1,1,1,1,1.0,1.0
1929,186,1,1,1,1,1,1,1.0,1.0
1929,372,1,1,1,1,1,1,1.0,1.0
1929,263,1,1,1,1,1,1,1.0,1.0
1929,269,0,0,0,0,0,0,1.0,1.0
1929,458,2,2,2,2,2,2,1.0,1.0
1929,408,1,1,1,1,1,1,1.0,1.0
1929,75,1,0,0,0,0,0,0.8,0.9
1929,666,0,0,0,0,0,0,1.0,1.0
1929,444,1,1,1,1,1,1,1.0,1.0
1929,227,1,1,1,1,1,1,1.0,1.0
458,488,1,1,1,1,1,1,1.0,1.0
458,158,1,1,1,1,1,1,1.0,1.0
458,165,0,0,0,0,0,0,1.0,1.0
458,532,1,1,1,1,1,1,1.0,1.0
458,474,1,2,1,1,1,1,0.8,0.9
458,96,1,1,1,1,1,1,1.0,1.0
458,722,2,2,2,2,2,2,1.0,1.0
458,63,1,1,1,1,1,1,1.0,1.0
458,78,1,1,1,1,1,1,1.0,1.0
458,534,2,2,2,2,2,2,1.0,1.0
458,401,2,2,2,2,2,2,1.0,1.0
458,318,1,1,1,1,1,1,1.0,1.0
458,569,1,1,1,1,1,1,1.0,1.0
458,288,1,1,1,1,1,1,1.0,1.0
458,154,1,1,1,1,1,1,1.0,1.0
458,366,2,2,2,2,2,2,1.0,1.0
458,157,1,1,1,1,1,1,1.0,1.0
458,333,1,1,1,1,1,1,1.0,1.0
458,83,1,1,1,1,1,1,1.0,1.0
458,639,0,0,0,0,0,0,1.0,1.0
458,160,1,1,1,1,1,1,1.0,1.0
458,9,0,0,0,0,0,0,1.0,1.0
458,230,1,1,1,1,1,1,1.0,1.0
458,212,1,1,1,1,1,1,1.0,1.0
458,468,1,2,2,2,2,2,0.8,0.9
458,583,2,2,2,2,2,2,1.0,1.0
458,736,2,2,2,2,2,2,1.0,1.0
458,336,1,1,1,1,1,1,1.0,1.0
458,450,2,2,2,2,2,2,1.0,1.0
458,368,2,2,2,2,2,2,1.0,1.0
458,28,1,1,1,1,1,1,1.0,1.0
458,327,1,1,1,1,1,1,1.0,1.0
458,52,1,1,1,1,1,1,1.0,1.0
458,576,1,1,1,1,1,1,1.0,1.0
458,719,1,1,1,1,1,1,1.0,1.0
458,273,1,1,1,1,0,1,0.8,0.9
458,491,0,0,0,0,0,0,1.0,1.0
458,185,1,1,1,1,1,1,1.0,1.0
458,535,1,1,1,1,1,1,1.0,1.0
458,339,1,1,1,1,1,1,1.0,1.0
458,54,1,1,1,1,1,1,1.0,1.0
458,522,1,1,1,1,1,1,1.0,1.0
458,648,0,0,0,0,0,0,1.0,1.0
458,190,1,1,1,1,1,1,1.0,1.0
458,740,2,2,2,2,2,2,1.0,1.0
458,460,2,2,2,2,2,2,1.0,1.0
458,702,0,0,0,0,0,0,1.0,1.0
458,314,1,1,1,1,1,1,1.0,1.0
458,475,1,1,1,1,1,1,1.0,1.0
458,478,2,2,2,2,2,2,1.0,1.0
458,718,0,0,0,0,0,0,1.0,1.0
458,184,1,1,1,1,1,1,1.0,1.0
458,676,0,0,0,0,0,0,1.0,1.0
458,434,0,0,0,0,0,0,1.0,1.0
458,440,0,0,0,0,0,0,1.0,1.0
458,584,1,1,1,1,1,1,1.0,1.0
458,324,1,1,1,1,1,1,1.0,1.0
458,14,2,2,2,2,2,2,1.0,1.0
458,563,1,1,1,1,1,1,1.0,1.0
458,85,1,1,1,1,1,1,1.0,1.0
458,497,1,1,1,1,1,1,1.0,1.0
458,455,1,1,1,1,1,1,1.0,1.0
458,734,0,0,0,0,0,0,1.0,1.0
458,255,1,1,1,1,1,1,1.0,1.0
458,320,2,2,2,2,2,2,1.0,1.0
458,286,1,1,1,1,1,1,1.0,1.0
458,498,1,1,1,1,1,1,1.0,1.0
458,634,2,2,2,2,2,2,1.0,1.0
458,364,2,2,1,2,1,2,0.6,0.8
458,723,1,1,1,1,1,1,1.0,1.0
458,319,1,1,1,1,1,1,1.0,1.0
458,660,2,2,2,2,2,2,1.0,1.0
458,600,1,1,1,1,1,1,1.0,1.0
458,330,1,1,1,1,1,1,1.0,1.0
458,17,2,2,2,2,2,2,1.0,1.0
458,170,1,1,1,1,1,1,1.0,1.0
458,44,1,1,1,1,1,1,1.0,1.0
458,385,1,1,1,1,1,1,1.0,1.0
458,668,1,1,1,1,1,1,1.0,1.0
458,605,1,1,1,1,1,1,1.0,1.0
458,415,1,1,1,1,1,1,1.0,1.0
458,632,0,0,1,1,0,0,0.6,0.8
458,739,2,2,2,2,2,2,1.0,1.0
458,496,1,1,1,1,1,1,1.0,1.0
458,365,0,0,0,0,0,0,1.0,1.0
458,74,1,1,1,1,1,1,1.0,1.0
5421,496,1,1,1,1,1,1,1.0,1.0
5421,387,1,1,1,1,1,1,1.0,1.0
5421,607,1,1,1,1,1,1,1.0,1.0
5421,401,1,1,1,1,1,1,1.0,1.0
5421,575,1,1,1,1,1,1,1.0,1.0
5421,275,1,1,1,1,1,1,1.0,1.0
5421,700,1,1,1,1,1,1,1.0,1.0
5421,157,1,1,1,1,1,1,1.0,1.0
5421,499,1,1,1,1,1,1,1.0,1.0
5421,253,1,1,1,1,1,1,1.0,1.0
5421,722,2,2,2,2,2,2,1.0,1.0
5421,319,1,1,1,1,1,1,1.0,1.0
5421,3,2,1,1,1,1,1,0.8,0.9
5421,705,2,2,2,2,2,2,1.0,1.0
5421,444,1,1,1,1,1,1,1.0,1.0
5421,19,1,1,2,1,2,1,0.6,0.8
5421,500,1,1,1,1,1,1,1.0,1.0
5421,457,1,1,1,1,1,1,1.0,1.0
5421,49,1,1,1,1,1,1,1.0,1.0
5421,392,1,1,1,1,1,1,1.0,1.0
5421,572,1,1,1,1,1,1,1.0,1.0
5421,568,1,1,1,1,1,1,1.0,1.0
5421,736,1,1,1,1,1,1,1.0,1.0
5421,447,0,0,0,0,0,0,1.0,1.0
5421,660,2,2,2,2,2,2,1.0,1.0
5421,419,0,0,0,0,0,0,1.0,1.0
5421,667,0,0,0,0,0,0,1.0,1.0
5421,552,0,0,0,0,0,0,1.0,1.0
5421,195,1,1,1,1,1,1,1.0,1.0
5421,704,1,1,1,1,1,1,1.0,1.0
5421,382,1,1,1,1,1,1,1.0,1.0
5421,418,1,1,1,1,1,1,1.0,1.0
5421,263,2,2,2,2,2,2,1.0,1.0
5421,671,1,1,1,1,1,1,1.0,1.0
5421,78,1,1,1,1,1,1,1.0,1.0
5421,603,2,2,2,2,2,2,1.0,1.0
5421,715,1,1,1,1,1,1,1.0,1.0
5421,592,2,2,2,2,2,2,1.0,1.0
5421,52,1,1,1,1,1,1,1.0,1.0
5421,669,2,2,2,2,2,2,1.0,1.0
5421,111,0,0,0,0,0,0,1.0,1.0
5421,574,1,1,1,1,1,1,1.0,1.0
5421,437,1,1,1,1,1,1,1.0,1.0
5421,534,2,2,1,2,2,2,0.8,0.9
5421,543,1,1,1,1,1,1,1.0,1.0
5421,223,1,1,1,1,1,1,1.0,1.0
5421,327,1,1,1,1,1,1,1.0,1.0
5421,213,2,2,2,2,2,2,1.0,1.0
5421,702,1,1,1,1,1,1,1.0,1.0
5421,735,1,1,1,1,1,1,1.0,1.0
5421,190,1,1,1,1,1,1,1.0,1.0
5421,133,1,1,1,1,1,1,1.0,1.0
5421,104,0,0,0,0,0,0,1.0,1.0
5421,576,1,1,1,1,1,1,1.0,1.0
5421,402,2,2,2,2,2,2,1.0,1.0
5421,307,2,2,2,2,2,2,1.0,1.0
5421,468,2,2,2,2,2,2,1.0,1.0
5421,248,2,2,2,2,2,2,1.0,1.0
5421,458,2,2,2,2,2,2,1.0,1.0
5421,538,1,1,1,1,1,1,1.0,1.0
5421,409,0,0,0,0,0,0,1.0,1.0
5421,175,1,1,1,1,1,1,1.0,1.0
5421,207,2,2,2,2,2,2,1.0,1.0
5421,75,2,2,2,2,2,2,1.0,1.0
5421,346,1,1,1,1,1,1,1.0,1.0
5421,255,1,1,1,1,1,1,1.0,1.0
5421,63,2,2,2,2,2,2,1.0,1.0
5421,650,1,1,1,1,1,1,1.0,1.0
5421,680,0,0,0,0,0,0,1.0,1.0
5421,710,1,1,1,1,1,1,1.0,1.0
5421,269,1,1,1,2,1,1,0.8,0.9
5421,578,1,2,2,2,1,2,0.6,0.8
5421,184,2,2,2,2,2,2,1.0,1.0
5421,440,0,0,0,0,0,0,1.0,1.0
5421,362,1,1,1,1,1,1,1.0,1.0
5421,668,2,1,2,2,2,2,0.8,0.9
5421,86,2,2,2,2,2,2,1.0,1.0
5421,408,2,2,2,2,2,2,1.0,1.0
5421,339,1,1,1,1,1,1,1.0,1.0
5421,194,1,1,1,1,1,1,1.0,1.0
5421,720,2,2,2,2,2,2,1.0,1.0
5421,475,1,1,1,1,1,1,1.0,1.0
5068,706,1,1,1,1,1,1,1.0,1.0
5068,535,0,0,0,0,0,0,1.0,1.0
5068,18,1,1,1,1,1,1,1.0,1.0
5068,233,1,1,1,1,1,1,1.0,1.0
5068,674,1,1,1,1,1,1,1.0,1.0
5068,447,0,0,0,0,0,0,1.0,1.0
5068,494,1,1,1,1,1,1,1.0,1.0
5068,341,1,1,1,1,1,1,1.0,1.0
5068,432,0,0,0,0,0,0,1.0,1.0
5068,66,0,0,0,0,0,0,1.0,1.0
5068,227,1,1,1,1,1,1,1.0,1.0
5068,158,0,0,0,0,0,0,1.0,1.0
5068,272,0,0,0,0,0,0,1.0,1.0
5068,142,0,0,0,0,0,0,1.0,1.0
5068,324,1,1,1,1,1,1,1.0,1.0
5068,474,1,1,1,1,1,1,1.0,1.0
5068,212,0,0,0,0,0,0,1.0,1.0
5068,232,1,1,1,1,1,1,1.0,1.0
5068,105,0,0,0,0,0,0,1.0,1.0
5068,77,0,0,0,0,0,0,1.0,1.0
5068,333,0,0,0,0,0,0,1.0,1.0
5068,143,0,0,0,0,0,0,1.0,1.0
5068,719,0,0,0,0,0,0,1.0,1.0
5068,159,0,0,0,0,0,0,1.0,1.0
5068,221,0,0,0,0,0,0,1.0,1.0
5068,328,0,0,0,0,0,0,1.0,1.0
5068,360,0,0,0,0,0,0,1.0,1.0
5068,281,0,0,0,0,0,0,1.0,1.0
5068,258,0,0,0,0,0,0,1.0,1.0
5068,172,1,1,1,1,1,1,1.0,1.0
5068,414,0,0,0,0,0,0,1.0,1.0
5068,720,1,1,1,1,1,1,1.0,1.0
5068,411,1,1,1,1,1,1,1.0,1.0
5068,451,1,1,1,1,1,1,1.0,1.0
5068,153,0,0,0,0,0,0,1.0,1.0
5068,728,0,0,0,0,0,0,1.0,1.0
5068,417,0,0,0,0,0,0,1.0,1.0
5068,250,0,0,0,0,0,0,1.0,1.0
5068,527,0,0,0,0,0,0,1.0,1.0
5068,146,0,0,0,0,0,0,1.0,1.0
5068,488,0,0,0,0,0,0,1.0,1.0
5068,439,1,1,1,1,1,1,1.0,1.0
5068,349,0,0,0,0,0,0,1.0,1.0
5068,573,0,0,0,0,0,0,1.0,1.0
5068,154,1,0,0,0,0,0,0.8,0.9
5068,616,1,1,1,1,1,1,1.0,1.0
5068,87,0,0,0,0,0,0,1.0,1.0
5068,115,0,0,0,0,0,0,1.0,1.0
5068,246,1,1,1,1,1,1,1.0,1.0
5068,22,1,1,1,0,1,1,0.8,0.9
5068,262,1,1,1,1,1,1,1.0,1.0
5068,513,0,0,0,0,0,0,1.0,1.0
5068,128,1,1,1,1,1,1,1.0,1.0
5068,241,0,0,0,0,0,0,1.0,1.0
5068,364,1,1,1,1,1,1,1.0,1.0
5068,17,0,0,0,0,0,0,1.0,1.0
5068,605,1,1,1,1,1,1,1.0,1.0
5068,167,1,1,1,1,1,1,1.0,1.0
5068,74,0,1,0,0,1,0,0.6,0.8
5068,584,0,0,0,0,0,0,1.0,1.0
5068,320,1,1,1,1,1,1,1.0,1.0
5068,638,0,0,0,0,0,0,1.0,1.0
5068,368,1,1,1,1,1,1,1.0,1.0
5068,117,1,0,0,0,0,0,0.8,0.9
5068,544,1,1,1,1,1,1,1.0,1.0
5068,89,0,0,0,0,0,0,1.0,1.0
5068,160,1,1,1,1,1,1,1.0,1.0
2027,461,0,0,0,0,0,0,1.0,1.0
2027,184,1,1,1,1,1,1,1.0,1.0
2027,285,0,0,0,0,0,0,1.0,1.0
2027,207,2,2,2,2,2,2,1.0,1.0
2027,556,1,1,1,1,1,1,1.0,1.0
2027,630,0,0,0,0,0,0,1.0,1.0
2027,259,0,0,0,0,0,0,1.0,1.0
2027,23,0,0,0,0,0,0,1.0,1.0
2027,516,0,0,0,0,0,0,1.0,1.0
2027,190,1,1,1,1,1,1,1.0,1.0
2027,710,0,0,0,0,0,0,1.0,1.0
2027,481,0,0,0,0,0,0,1.0,1.0
2027,3,0,0,0,0,0,0,1.0,1.0
2027,170,0,0,0,0,0,0,1.0,1.0
2027,468,1,1,1,1,1,1,1.0,1.0
2027,7,0,0,0,0,0,0,1.0,1.0
2027,123,2,2,2,2,2,2,1.0,1.0
2027,362,0,0,0,0,0,0,1.0,1.0
2027,573,1,1,1,1,1,1,1.0,1.0
2027,457,0,1,1,0,0,0,0.6,0.8
2027,583,2,2,2,2,2,2,1.0,1.0
2027,674,0,0,0,0,0,0,1.0,1.0
2027,513,0,0,0,0,0,0,1.0,1.0
2027,646,0,0,0,0,0,0,1.0,1.0
2027,68,0,0,0,0,0,0,1.0,1.0
2027,64,1,1,1,1,1,1,1.0,1.0
2027,301,0,0,0,0,0,0,1.0,1.0
2027,30,0,0,0,0,0,0,1.0,1.0
2027,375,1,1,1,1,1,1,1.0,1.0
2027,455,0,0,0,0,0,0,1.0,1.0
2027,281,0,0,0,0,0,0,1.0,1.0
2027,218,0,0,0,0,0,0,1.0,1.0
2027,370,0,0,0,0,0,0,1.0,1.0
2027,388,0,0,0,0,0,0,1.0,1.0
2027,608,1,1,1,1,1,1,1.0,1.0
2027,671,0,0,0,0,0,0,1.0,1.0
2027,275,1,1,1,1,1,1,1.0,1.0
2027,307,1,1,1,1,1,1,1.0,1.0
2027,343,0,0,0,0,0,0,1.0,1.0
2027,366,2,2,2,2,2,2,1.0,1.0
2027,297,0,1,1,1,1,1,0.8,0.9
2027,200,1,1,1,1,1,1,1.0,1.0
2027,11,0,0,0,0,0,0,1.0,1.0
2027,463,0,0,0,0,0,0,1.0,1.0
2027,377,0,0,0,0,0,0,1.0,1.0
2027,142,0,0,0,0,0,0,1.0,1.0
2027,310,0,0,0,0,0,0,1.0,1.0
2027,460,1,1,1,1,1,1,1.0,1.0
2027,17,1,1,1,1,1,1,1.0,1.0
2027,541,0,0,0,0,0,0,1.0,1.0
2027,690,0,1,1,1,1,1,0.8,0.9
2027,345,0,0,0,0,0,0,1.0,1.0
2027,118,0,0,0,1,1,0,0.6,0.8
2027,639,0,0,0,0,0,0,1.0,1.0
2027,250,0,0,0,0,0,0,1.0,1.0
2027,376,0,0,0,0,0,0,1.0,1.0
2027,276,0,0,0,0,0,0,1.0,1.0
2027,314,0,0,0,0,0,0,1.0,1.0
2027,295,0,0,0,0,0,0,1.0,1.0
2027,408,0,0,0,0,0,0,1.0,1.0
2027,352,1,1,1,1,1,1,1.0,1.0
2027,472,0,0,0,0,0,0,1.0,1.0
2027,695,1,1,1,1,1,1,1.0,1.0
2027,154,1,0,1,0,0,0,0.6,0.8
2027,223,0,0,0,0,0,0,1.0,1.0
2027,527,0,0,0,0,0,0,1.0,1.0
7795,20,1,1,1,1,1,1,1.0,1.0
7795,83,1,1,1,1,1,1,1.0,1.0
7795,336,1,1,1,1,1,1,1.0,1.0
7795,173,1,1,1,1,1,1,1.0,1.0
7795,333,1,1,1,1,1,1,1.0,1.0
7795,401,2,2,2,2,2,2,1.0,1.0
7795,608,2,2,2,2,2,2,1.0,1.0
7795,339,1,1,1,1,1,1,1.0,1.0
7795,145,2,2,2,2,2,2,1.0,1.0
7795,585,1,1,1,1,1,1,1.0,1.0
7795,584,1,1,1,1,1,1,1.0,1.0
7795,108,1,1,1,1,1,1,1.0,1.0
7795,13,1,1,1,1,1,1,1.0,1.0
7795,402,1,1,1,1,1,1,1.0,1.0
7795,46,0,0,0,0,0,0,1.0,1.0
7795,454,1,2,1,1,1,1,0.8,0.9
7795,75,1,1,1,1,1,1,1.0,1.0
7795,576,1,1,1,1,1,1,1.0,1.0
7795,575,2,2,2,2,2,2,1.0,1.0
7795,719,1,1,1,1,1,1,1.0,1.0
7795,488,1,1,1,1,1,1,1.0,1.0
7795,607,1,1,1,1,1,1,1.0,1.0
7795,680,0,0,0,0,0,0,1.0,1.0
7795,451,2,2,2,2,2,2,1.0,1.0
7795,475,1,1,1,1,1,1,1.0,1.0
7795,159,1,1,1,1,1,1,1.0,1.0
7795,393,0,0,0,0,0,0,1.0,1.0
7795,668,1,1,1,1,1,1,1.0,1.0
7795,700,1,1,1,1,1,1,1.0,1.0
7795,78,2,2,2,2,2,2,1.0,1.0
7795,368,1,1,1,1,1,1,1.0,1.0
7795,353,1,1,1,1,1,1,1.0,1.0
7795,188,1,1,1,1,1,1,1.0,1.0
7795,532,1,1,1,1,1,1,1.0,1.0
7795,74,1,1,1,1,1,1,1.0,1.0
7795,632,0,0,0,0,0,0,1.0,1.0
7795,458,2,2,2,2,2,2,1.0,1.0
7795,146,2,2,2,2,2,2,1.0,1.0
7795,320,1,1,1,1,1,1,1.0,1.0
7795,227,1,1,1,1,1,1,1.0,1.0
7795,537,0,0,0,0,0,0,1.0,1.0
7795,279,1,1,1,1,1,1,1.0,1.0
7795,212,1,2,1,2,1,1,0.6,0.8
7795,49,2,2,2,2,2,2,1.0,1.0
7795,276,0,0,0,0,0,0,1.0,1.0
7795,544,1,1,1,1,1,1,1.0,1.0
7795,105,0,0,0,0,0,0,1.0,1.0
7795,342,1,1,1,1,1,1,1.0,1.0
7795,722,2,2,2,2,2,2,1.0,1.0
7795,515,0,0,0,0,0,0,1.0,1.0
7795,411,2,2,2,2,2,2,1.0,1.0
7795,248,2,2,2,2,2,2,1.0,1.0
7795,387,1,1,1,1,1,1,1.0,1.0
7795,669,2,2,2,2,2,2,1.0,1.0
7795,426,1,1,1,1,1,1,1.0,1.0
7795,723,2,2,2,2,2,2,1.0,1.0
7795,135,1,1,1,1,1,1,1.0,1.0
7795,163,2,2,2,2,2,2,1.0,1.0
7795,444,0,1,1,1,1,1,0.8,0.9
7795,327,1,1,1,1,1,1,1.0,1.0
7795,232,1,1,1,1,1,1,1.0,1.0
7795,97,0,0,0,0,0,0,1.0,1.0
7795,376,0,0,0,0,0,0,1.0,1.0
7795,422,1,1,1,1,1,1,1.0,1.0
7795,160,1,1,1,1,1,1,1.0,1.0
7795,461,0,0,0,0,0,0,1.0,1.0
8321,94,0,1,1,1,1,1,0.8,0.9
8321,221,1,1,1,1,1,1,1.0,1.0
8321,178,1,1,1,1,1,1,1.0,1.0
8321,324,1,1,1,1,1,1,1.0,1.0
8321,236,0,0,0,0,0,0,1.0,1.0
8321,297,1,1,1,1,1,1,1.0,1.0
8321,117,0,0,0,0,0,0,1.0,1.0
8321,158,2,2,2,2,2,2,1.0,1.0
8321,43,1,1,0,0,1,1,0.6,0.8
8321,213,2,2,2,2,2,2,1.0,1.0
8321,0,0,0,0,0,0,0,1.0,1.0
8321,295,0,0,0,0,0,0,1.0,1.0
8321,426,1,0,0,0,0,0,0.8,0.9
8321,381,0,0,0,0,0,0,1.0,1.0
8321,167,1,1,1,1,1,1,1.0,1.0
8321,571,2,2,2,2,2,2,1.0,1.0
8321,39,0,0,0,0,0,0,1.0,1.0
8321,735,1,1,1,1,1,1,1.0,1.0
8321,161,1,1,1,1,1,1,1.0,1.0
8321,209,0,0,0,0,0,0,1.0,1.0
8321,84,0,0,0,0,1,0,0.8,0.9
8321,341,0,0,0,0,0,0,1.0,1.0
8321,133,1,1,1,1,1,1,1.0,1.0
8321,195,2,2,2,2,2,2,1.0,1.0
8321,656,0,0,0,0,0,0,1.0,1.0
8321,51,1,1,1,1,1,1,1.0,1.0
8321,572,1,1,1,1,1,1,1.0,1.0
8321,414,1,1,1,1,1,1,1.0,1.0
8321,740,2,2,2,2,2,2,1.0,1.0
8321,50,1,1,1,1,1,1,1.0,1.0
8321,413,1,1,1,1,1,1,1.0,1.0
8321,417,0,0,0,0,0,0,1.0,1.0
8321,233,1,1,1,1,1,1,1.0,1.0
8321,579,0,0,0,0,0,0,1.0,1.0
8321,264,1,1,1,1,1,1,1.0,1.0
8321,157,2,2,2,2,2,2,1.0,1.0
8321,493,0,0,0,0,0,0,1.0,1.0
8321,446,0,0,0,0,0,0,1.0,1.0
8321,102,0,0,0,0,0,0,1.0,1.0
8321,686,2,2,2,2,2,2,1.0,1.0
8321,543,1,1,1,1,1,1,1.0,1.0
8321,512,1,1,1,1,1,1,1.0,1.0
8321,463,0,0,0,0,0,0,1.0,1.0
8321,660,2,2,2,2,2,2,1.0,1.0
8321,474,2,2,2,2,2,2,1.0,1.0
8321,609,0,0,0,0,0,0,1.0,1.0
8321,360,1,1,1,1,1,1,1.0,1.0
8321,254,2,2,2,2,2,2,1.0,1.0
8321,194,1,1,1,1,1,1,1.0,1.0
8321,726,0,0,0,0,0,0,1.0,1.0
8321,393,0,0,0,0,0,0,1.0,1.0
8321,705,1,1,1,1,1,1,1.0,1.0
8321,14,1,1,1,1,1,1,1.0,1.0
8321,93,1,1,1,1,1,1,1.0,1.0
8321,389,0,0,0,0,0,0,1.0,1.0
8321,496,2,2,2,2,2,2,1.0,1.0
8321,165,1,1,1,1,1,1,1.0,1.0
8321,63,0,0,1,1,1,1,0.6,0.8
8321,397,0,0,0,0,0,0,1.0,1.0
8321,736,1,1,1,1,1,1,1.0,1.0
8321,32,0,0,0,0,0,0,1.0,1.0
8321,330,0,0,0,0,0,0,1.0,1.0
8321,372,1,1,1,1,1,1,1.0,1.0
8321,494,1,1,1,1,1,1,1.0,1.0
8321,96,1,1,1,1,1,1,1.0,1.0
8321,534,1,1,1,1,1,1,1.0,1.0
8321,588,2,2,2,2,2,2,1.0,1.0
8321,689,1,1,1,1,1,1,1.0,1.0
8321,545,1,1,1,1,1,1,1.0,1.0
8321,66,0,0,0,0,0,0,1.0,1.0
8321,92,1,1,1,1,1,1,1.0,1.0
8321,535,1,1,1,1,1,1,1.0,1.0
8321,364,2,2,2,2,2,2,1.0,1.0
8321,311,0,0,0,0,0,0,1.0,1.0
8321,638,1,1,1,1,1,1,1.0,1.0
8321,429,0,0,0,0,0,0,1.0,1.0
8321,301,1,1,1,1,1,1,1.0,1.0
8321,134,1,1,1,1,1,1,1.0,1.0
8321,681,2,2,2,2,2,2,1.0,1.0
8321,625,1,2,1,1,2,1,0.6,0.8
8321,611,0,0,0,0,0,0,1.0,1.0
715,700,0,0,0,0,0,0,1.0,1.0
715,86,1,1,1,1,1,1,1.0,1.0
715,583,2,2,2,2,2,2,1.0,1.0
715,54,2,2,1,2,2,2,0.8,0.9
715,474,1,1,1,1,1,1,1.0,1.0
715,328,1,1,1,1,1,1,1.0,1.0
715,451,1,1,1,1,1,1,1.0,1.0
715,167,1,1,1,1,1,1,1.0,1.0
715,722,1,1,1,1,1,1,1.0,1.0
715,367,1,1,1,1,1,1,1.0,1.0
715,468,2,2,2,2,2,2,1.0,1.0
715,592,2,2,2,2,2,2,1.0,1.0
715,669,1,1,1,1,1,1,1.0,1.0
715,735,1,1,1,1,1,1,1.0,1.0
715,630,0,0,0,0,0,0,1.0,1.0
715,378,2,2,2,2,2,2,1.0,1.0
715,194,2,2,2,2,2,2,1.0,1.0
715,339,0,0,0,0,0,0,1.0,1.0
715,543,1,1,1,1,1,1,1.0,1.0
715,52,1,1,1,1,1,1,1.0,1.0
715,66,1,1,1,1,1,1,1.0,1.0
715,460,1,1,1,1,1,1,1.0,1.0
715,650,2,2,2,2,2,2,1.0,1.0
715,351,1,1,1,1,1,1,1.0,1.0
715,457,1,1,1,1,1,1,1.0,1.0
715,74,2,2,2,2,2,2,1.0,1.0
715,660,2,2,2,2,2,2,1.0,1.0
715,227,1,1,1,1,1,1,1.0,1.0
715,453,1,1,1,1,1,1,1.0,1.0
715,407,1,1,1,1,1,1,1.0,1.0
715,254,2,2,2,2,2,2,1.0,1.0
715,399,2,2,2,2,2,2,1.0,1.0
715,527,0,0,0,0,0,0,1.0,1.0
715,157,1,1,1,1,1,1,1.0,1.0
715,439,2,2,2,2,2,2,1.0,1.0
715,538,0,0,0,0,0,0,1.0,1.0
715,392,1,1,1,1,1,1,1.0,1.0
715,314,0,0,0,0,0,0,1.0,1.0
715,447,0,0,0,0,0,0,1.0,1.0
715,190,1,1,1,1,1,1,1.0,1.0
715,595,2,2,2,2,2,2,1.0,1.0
715,491,0,0,0,0,0,0,1.0,1.0
715,656,1,1,1,1,1,1,1.0,1.0
715,275,1,1,1,1,1,1,1.0,1.0
715,671,0,1,0,0,1,0,0.6,0.8
715,585,1,1,1,1,1,1,1.0,1.0
715,123,2,2,2,2,2,2,1.0,1.0
715,368,1,1,1,1,1,1,1.0,1.0
715,269,2,2,1,2,2,2,0.8,0.9
715,475,0,0,0,0,0,0,1.0,1.0
715,653,1,1,1,1,1,1,1.0,1.0
715,380,0,0,0,0,0,0,1.0,1.0
715,401,1,1,1,1,1,1,1.0,1.0
715,494,1,1,1,1,1,1,1.0,1.0
715,674,2,2,2,2,2,2,1.0,1.0
715,444,1,1,1,1,1,1,1.0,1.0
715,544,1,1,1,1,1,1,1.0,1.0
715,17,1,1,1,2,1,1,0.8,0.9
715,7,2,2,2,2,2,2,1.0,1.0
715,172,1,1,1,1,1,1,1.0,1.0
715,375,0,0,0,0,0,0,1.0,1.0
715,496,1,1,1,1,1,1,1.0,1.0
715,488,0,0,0,0,0,0,1.0,1.0
715,242,0,0,0,0,0,0,1.0,1.0
715,566,0,0,0,0,0,0,1.0,1.0
715,336,1,1,1,1,1,1,1.0,1.0
715,3,0,0,0,0,0,0,1.0,1.0
715,281,0,0,0,0,0,0,1.0,1.0
715,212,0,0,0,0,0,0,1.0,1.0
715,333,1,1,1,1,1,1,1.0,1.0
715,574,1,1,1,1,1,1,1.0,1.0
715,5,1,1,1,1,1,1,1.0,1.0
715,698,0,0,0,0,0,0,1.0,1.0
715,366,1,1,1,1,1,1,1.0,1.0
715,526,0,0,0,0,0,0,1.0,1.0
715,78,0,1,1,1,0,1,0.6,0.8
715,0,0,0,0,0,0,0,1.0,1.0
715,607,0,0,0,0,0,0,1.0,1.0
715,643,0,0,0,0,1,0,0.8,0.9
715,248,2,2,2,2,2,2,1.0,1.0
715,320,1,1,1,1,1,1,1.0,1.0
715,341,1,1,1,1,1,1,1.0,1.0
715,575,1,1,1,1,1,1,1.0,1.0
715,408,2,2,2,2,2,2,1.0,1.0
715,578,2,2,2,2,2,2,1.0,1.0
715,684,2,2,2,2,2,2,1.0,1.0
715,96,2,2,2,2,2,2,1.0,1.0
715,142,0,0,0,0,0,0,1.0,1.0
6373,195,0,0,0,0,0,0,1.0,1.0
6373,417,0,0,0,0,0,0,1.0,1.0
6373,733,1,1,1,1,1,1,1.0,1.0
6373,64,1,1,1,1,1,1,1.0,1.0
6373,75,1,1,1,1,1,1,1.0,1.0
6373,391,0,0,0,0,0,0,1.0,1.0
6373,384,1,1,1,1,1,1,1.0,1.0
6373,503,1,1,1,1,1,1,1.0,1.0
6373,254,1,1,1,1,1,1,1.0,1.0
6373,705,1,0,1,0,1,1,0.6,0.8
6373,350,0,0,0,0,0,0,1.0,1.0
6373,282,0,0,0,0,0,0,1.0,1.0
6373,105,0,0,0,0,0,0,1.0,1.0
6373,82,0,0,0,0,0,0,1.0,1.0
6373,650,1,1,1,1,1,1,1.0,1.0
6373,146,1,1,0,0,0,0,0.6,0.8
6373,186,1,1,1,1,1,1,1.0,1.0
6373,185,0,0,0,0,0,0,1.0,1.0
6373,512,0,0,0,0,0,0,1.0,1.0
6373,393,0,0,0,0,0,0,1.0,1.0
6373,196,1,1,1,1,1,1,1.0,1.0
6373,222,0,0,0,0,0,0,1.0,1.0
6373,188,1,1,1,1,1,1,1.0,1.0
6373,548,0,0,0,0,0,0,1.0,1.0
6373,564,0,0,0,0,0,0,1.0,1.0
6373,375,1,1,1,1,1,1,1.0,1.0
6373,232,0,0,0,0,0,0,1.0,1.0
6373,592,0,0,0,0,0,0,1.0,1.0
6373,649,1,1,1,1,1,1,1.0,1.0
6373,578,0,0,0,0,0,0,1.0,1.0
6373,49,0,0,0,0,0,0,1.0,1.0
6373,668,0,0,0,0,0,0,1.0,1.0
6373,392,0,0,0,0,0,0,1.0,1.0
6373,52,1,1,1,1,1,1,1.0,1.0
6373,184,1,1,1,1,1,1,1.0,1.0
6373,366,2,2,2,2,2,2,1.0,1.0
6373,307,1,1,1,1,1,1,1.0,1.0
6373,640,0,0,0,0,0,0,1.0,1.0
6373,532,1,1,1,1,1,1,1.0,1.0
6373,710,0,0,0,0,0,0,1.0,1.0
6373,420,1,1,1,1,1,1,1.0,1.0
6373,14,1,1,1,1,1,1,1.0,1.0
6373,149,1,1,1,1,1,1,1.0,1.0
6373,584,1,1,1,1,1,1,1.0,1.0
6373,434,0,0,0,0,0,0,1.0,1.0
6373,364,1,1,1,1,1,1,1.0,1.0
6373,139,0,0,0,0,0,0,1.0,1.0
6373,458,1,1,1,1,1,1,1.0,1.0
6373,680,0,0,0,0,0,0,1.0,1.0
6373,56,0,0,0,0,0,0,1.0,1.0
6373,513,1,1,1,1,1,1,1.0,1.0
6373,210,0,0,0,0,0,0,1.0,1.0
6373,84,0,0,0,0,0,0,1.0,1.0
6373,354,0,0,0,0,0,0,1.0,1.0
6373,387,0,0,0,0,0,0,1.0,1.0
6373,328,0,0,0,0,0,0,1.0,1.0
6373,608,1,1,1,1,1,1,1.0,1.0
6373,636,0,0,0,0,0,0,1.0,1.0
6373,226,1,1,1,1,1,1,1.0,1.0
6373,207,2,2,2,2,2,2,1.0,1.0
6373,719,0,0,0,0,0,0,1.0,1.0
6373,291,0,0,0,0,0,0,1.0,1.0
6373,727,0,0,0,0,0,0,1.0,1.0
6373,89,1,1,1,1,1,1,1.0,1.0
6373,736,1,1,1,1,1,1,1.0,1.0
6373,534,1,1,1,1,1,1,1.0,1.0
6373,396,0,0,0,0,0,0,1.0,1.0
6373,156,1,1,1,1,1,1,1.0,1.0
6373,223,0,0,0,0,0,0,1.0,1.0
6373,159,0,0,0,0,0,0,1.0,1.0
6373,686,1,1,1,1,1,1,1.0,1.0
6373,287,0,0,0,0,0,0,1.0,1.0
6373,297,1,1,1,1,1,1,1.0,1.0
6373,63,1,1,1,1,1,1,1.0,1.0
6373,572,1,1,1,1,1,1,1.0,1.0
6373,574,0,0,1,0,0,0,0.8,0.9
6373,301,1,1,1,1,1,1,1.0,1.0
6373,516,0,0,0,0,0,0,1.0,1.0
6373,324,0,0,0,0,0,0,1.0,1.0
6373,362,0,0,0,0,0,0,1.0,1.0
6373,518,0,0,0,0,0,0,1.0,1.0
6373,576,1,1,1,1,1,1,1.0,1.0
6373,7,0,0,0,0,0,0,1.0,1.0
6373,22,0,0,0,0,0,0,1.0,1.0
6373,37,0,0,0,0,0,0,1.0,1.0
6373,399,0,0,0,0,0,0,1.0,1.0
6373,358,0,0,0,0,0,0,1.0,1.0
6373,264,0,0,0,0,0,0,1.0,1.0
6373,565,0,0,0,0,0,0,1.0,1.0
6373,250,0,0,0,0,0,0,1.0,1.0
6373,88,1,1,1,1,1,1,1.0,1.0
6373,411,0,0,0,0,0,0,1.0,1.0
6373,535,1,1,1,1,1,1,1.0,1.0
6373,269,0,0,0,0,0,0,1.0,1.0
6373,732,0,0,0,0,0,0,1.0,1.0
6373,490,0,0,0,0,0,0,1.0,1.0
6373,555,0,0,0,0,0,0,1.0,1.0
6373,638,1,1,1,1,1,1,1.0,1.0
6373,471,0,0,0,0,0,0,1.0,1.0
6373,414,0,1,0,0,0,0,0.8,0.9
6373,740,0,0,0,0,0,0,1.0,1.0
6373,369,0,0,0,0,0,0,1.0,1.0
6373,154,1,1,1,1,1,1,1.0,1.0
4104,607,0,0,0,0,0,0,1.0,1.0
4104,544,0,0,0,0,0,0,1.0,1.0
4104,493,0,0,0,0,0,0,1.0,1.0
4104,95,0,0,0,0,0,0,1.0,1.0
4104,27,0,0,0,0,0,0,1.0,1.0
4104,433,0,0,0,0,0,0,1.0,1.0
4104,353,1,1,1,1,1,1,1.0,1.0
4104,183,0,0,0,0,0,0,1.0,1.0
4104,563,0,0,0,0,0,0,1.0,1.0
4104,741,0,0,0,0,0,0,1.0,1.0
4104,171,0,0,0,0,0,0,1.0,1.0
4104,26,0,0,0,0,0,0,1.0,1.0
4104,216,0,0,0,0,0,0,1.0,1.0
4104,639,0,0,0,0,0,0,1.0,1.0
4104,258,0,0,0,0,0,0,1.0,1.0
4104,517,0,0,0,0,0,0,1.0,1.0
4104,342,0,0,0,0,0,0,1.0,1.0
4104,598,0,0,0,1,0,0,0.8,0.9
4104,311,2,2,2,2,2,2,1.0,1.0
4104,638,2,2,2,2,2,2,1.0,1.0
4104,710,0,0,0,0,0,0,1.0,1.0
4104,349,0,0,0,0,0,0,1.0,1.0
4104,666,1,1,1,1,1,1,1.0,1.0
4104,566,0,0,0,0,0,0,1.0,1.0
4104,603,0,0,0,0,0,0,1.0,1.0
4104,592,0,0,0,0,0,0,1.0,1.0
4104,595,1,1,1,1,1,1,1.0,1.0
4104,142,0,0,0,0,0,0,1.0,1.0
4104,67,0,0,0,0,0,0,1.0,1.0
4104,154,0,0,0,0,0,0,1.0,1.0
4104,227,0,0,0,0,0,0,1.0,1.0
4104,691,1,1,1,1,1,1,1.0,1.0
4104,390,0,0,0,0,0,0,1.0,1.0
4104,381,0,0,0,0,0,0,1.0,1.0
4104,706,1,1,1,1,1,1,1.0,1.0
4104,699,0,0,0,0,0,0,1.0,1.0
4104,298,0,0,0,0,0,0,1.0,1.0
4104,232,0,0,0,0,0,0,1.0,1.0
4104,213,0,0,0,0,0,0,1.0,1.0
4104,4,0,0,0,0,0,0,1.0,1.0
4104,672,0,0,0,0,0,0,1.0,1.0
4104,377,0,1,1,1,1,1,0.8,0.9
4104,259,0,0,0,0,0,0,1.0,1.0
4104,412,1,1,1,1,1,1,1.0,1.0
4104,660,0,0,0,0,0,0,1.0,1.0
4104,389,0,0,0,0,0,0,1.0,1.0
4104,102,2,2,2,2,2,2,1.0,1.0
4104,652,0,0,0,0,0,0,1.0,1.0
4104,191,0,0,0,0,0,0,1.0,1.0
4104,66,0,0,0,0,0,0,1.0,1.0
4104,123,0,0,0,0,0,0,1.0,1.0
4104,661,1,1,1,1,1,1,1.0,1.0
4104,648,1,1,1,1,1,1,1.0,1.0
4104,400,1,1,1,0,0,1,0.6,0.8
4104,440,0,0,0,0,0,0,1.0,1.0
4104,473,0,0,0,0,0,0,1.0,1.0
4104,446,0,0,0,0,0,0,1.0,1.0
4104,630,0,0,0,0,0,0,1.0,1.0
4104,287,0,0,0,0,0,0,1.0,1.0
4104,352,0,0,0,0,0,0,1.0,1.0
4104,181,0,0,0,0,0,0,1.0,1.0
4104,597,0,0,0,0,0,0,1.0,1.0
4104,685,0,0,0,0,0,0,1.0,1.0
4104,700,0,0,0,0,0,0,1.0,1.0
4104,168,0,0,0,0,0,0,1.0,1.0
4104,599,0,0,0,0,0,0,1.0,1.0
4104,229,0,1,0,0,0,0,0.8,0.9
4104,556,0,0,0,0,0,0,1.0,1.0
4104,420,1,1,1,1,1,1,1.0,1.0
4104,226,0,0,0,0,0,0,1.0,1.0
4104,494,0,0,0,0,0,0,1.0,1.0
4104,263,0,0,0,0,0,0,1.0,1.0
7589,508,0,0,0,0,0,0,1.0,1.0
7589,395,0,0,0,0,0,0,1.0,1.0
7589,377,2,2,2,2,2,2,1.0,1.0
7589,738,0,0,0,0,0,0,1.0,1.0
7589,381,1,1,1,1,1,1,1.0,1.0
7589,515,1,1,1,1,1,1,1.0,1.0
7589,607,0,0,0,0,0,0,1.0,1.0
7589,729,0,0,0,0,0,0,1.0,1.0
7589,344,1,1,0,0,0,0,0.6,0.8
7589,652,0,0,0,0,0,0,1.0,1.0
7589,433,1,1,1,1,1,1,1.0,1.0
7589,706,1,1,1,1,1,1,1.0,1.0
7589,660,0,0,0,0,0,0,1.0,1.0
7589,345,0,0,0,0,0,0,1.0,1.0
7589,536,0,0,0,0,0,0,1.0,1.0
7589,420,1,1,1,1,1,1,1.0,1.0
7589,443,0,0,0,0,0,0,1.0,1.0
7589,400,0,0,0,0,0,0,1.0,1.0
7589,384,0,0,0,0,0,0,1.0,1.0
7589,666,0,0,0,0,0,0,1.0,1.0
7589,726,0,0,0,0,0,0,1.0,1.0
7589,311,1,1,1,1,1,1,1.0,1.0
7589,91,0,0,0,0,0,0,1.0,1.0
7589,559,0,0,0,0,0,0,1.0,1.0
7589,597,1,1,1,1,1,1,1.0,1.0
7589,55,0,0,0,0,0,0,1.0,1.0
7589,562,0,0,0,0,0,0,1.0,1.0
7589,595,0,0,0,0,0,0,1.0,1.0
7589,132,2,2,2,2,2,2,1.0,1.0
7589,534,0,0,0,0,0,0,1.0,1.0
7589,141,0,0,0,0,0,0,1.0,1.0
7589,468,0,0,0,0,0,0,1.0,1.0
7589,430,0,0,0,0,0,0,1.0,1.0
7589,138,0,0,0,0,0,0,1.0,1.0
7589,79,0,0,0,0,0,0,1.0,1.0
7589,98,0,0,0,0,0,0,1.0,1.0
7589,8,0,0,0,0,0,0,1.0,1.0
7589,670,0,0,0,0,0,0,1.0,1.0
7589,636,0,0,0,0,0,0,1.0,1.0
7589,40,0,0,0,0,0,0,1.0,1.0
7589,273,0,0,0,0,0,0,1.0,1.0
7589,153,0,0,0,0,0,0,1.0,1.0
7589,604,0,0,0,0,0,0,1.0,1.0
7589,256,0,0,0,0,0,0,1.0,1.0
7589,258,0,0,0,0,0,0,1.0,1.0
7589,593,0,0,0,0,0,0,1.0,1.0
7589,34,0,0,0,0,0,0,1.0,1.0
7589,296,0,0,0,0,0,0,1.0,1.0
7589,26,1,1,1,1,1,1,1.0,1.0
7589,685,0,0,0,0,0,0,1.0,1.0
7589,561,0,0,0,0,0,0,1.0,1.0
7589,658,0,0,0,0,0,0,1.0,1.0
7589,724,0,0,0,0,0,0,1.0,1.0
7589,544,0,0,0,0,0,0,1.0,1.0
7589,614,0,0,0,0,0,0,1.0,1.0
7589,563,0,0,0,0,0,0,1.0,1.0
7589,346,0,0,0,0,0,0,1.0,1.0
7589,309,1,1,1,1,1,1,1.0,1.0
7589,568,0,0,0,0,0,0,1.0,1.0
7589,473,0,0,0,0,0,0,1.0,1.0
7589,113,0,0,0,0,0,0,1.0,1.0
7589,370,0,0,0,0,0,0,1.0,1.0
7589,283,0,0,0,0,0,0,1.0,1.0
7589,291,0,0,0,0,0,0,1.0,1.0
7589,251,0,0,0,0,0,0,1.0,1.0
7589,301,0,0,0,0,0,0,1.0,1.0
7589,70,0,0,0,0,0,0,1.0,1.0
7589,349,0,0,0,0,0,0,1.0,1.0
7589,327,0,0,0,0,0,0,1.0,1.0
7589,488,1,1,1,1,1,1,1.0,1.0
7589,285,0,0,0,0,0,0,1.0,1.0
7589,469,0,0,0,0,0,0,1.0,1.0
7589,239,0,0,0,0,0,0,1.0,1.0
7589,88,0,0,0,0,0,0,1.0,1.0
7589,170,0,0,0,0,0,0,1.0,1.0
7589,686,0,0,0,0,0,0,1.0,1.0
7589,672,0,0,0,0,0,0,1.0,1.0
7589,609,0,0,0,0,0,0,1.0,1.0
7589,135,0,0,0,0,0,0,1.0,1.0
6880,433,0,0,0,0,0,0,1.0,1.0
6880,67,0,0,0,0,0,0,1.0,1.0
6880,34,0,1,1,0,0,0,0.6,0.8
6880,666,0,0,0,0,0,0,1.0,1.0
6880,6,0,0,0,0,0,0,1.0,1.0
6880,26,0,0,0,0,0,0,1.0,1.0
6880,295,1,1,1,1,1,1,1.0,1.0
6880,627,0,0,0,0,0,0,1.0,1.0
6880,435,1,1,1,1,1,1,1.0,1.0
6880,45,0,0,0,0,0,0,1.0,1.0
6880,597,0,0,0,0,0,0,1.0,1.0
6880,53,1,1,1,1,1,1,1.0,1.0
6880,420,1,1,1,1,1,1,1.0,1.0
6880,652,1,1,1,1,1,1,1.0,1.0
6880,542,1,1,1,1,1,1,1.0,1.0
6880,137,2,2,2,2,2,2,1.0,1.0
6880,530,0,0,0,0,0,0,1.0,1.0
6880,107,1,1,1,1,1,1,1.0,1.0
6880,563,0,0,0,0,0,0,1.0,1.0
6880,71,1,1,1,1,1,1,1.0,1.0
6880,469,0,0,0,0,0,0,1.0,1.0
6880,400,0,0,0,0,0,0,1.0,1.0
6880,14,0,0,0,0,0,0,1.0,1.0
6880,94,1,1,1,1,1,1,1.0,1.0
6880,123,0,0,0,0,0,0,1.0,1.0
6880,630,0,0,0,0,0,0,1.0,1.0
6880,111,0,0,0,0,0,0,1.0,1.0
6880,147,0,0,0,0,0,0,1.0,1.0
6880,503,2,2,2,2,2,2,1.0,1.0
6880,360,0,0,0,0,0,0,1.0,1.0
6880,314,0,0,0,0,0,0,1.0,1.0
6880,237,0,0,0,0,0,0,1.0,1.0
6880,254,1,1,1,1,1,1,1.0,1.0
6880,590,0,0,0,0,0,0,1.0,1.0
6880,390,0,0,0,0,0,0,1.0,1.0
6880,515,1,1,1,1,1,1,1.0,1.0
6880,450,0,0,0,0,0,0,1.0,1.0
6880,121,2,2,2,2,2,2,1.0,1.0
6880,685,0,0,0,0,0,0,1.0,1.0
6880,566,0,0,0,0,0,0,1.0,1.0
6880,110,0,0,0,0,0,0,1.0,1.0
6880,349,0,0,0,0,0,0,1.0,1.0
6880,706,0,0,0,0,0,0,1.0,1.0
6880,77,0,0,0,0,0,0,1.0,1.0
6880,49,0,0,0,0,0,0,1.0,1.0
6880,439,0,0,0,0,0,0,1.0,1.0
6880,311,2,2,2,2,1,2,0.8,0.9
6880,577,0,0,0,0,0,0,1.0,1.0
6880,499,0,0,0,0,0,0,1.0,1.0
6880,663,0,0,0,0,0,0,1.0,1.0
6880,336,1,0,0,0,0,0,0.8,0.9
6880,394,1,1,1,1,1,1,1.0,1.0
6880,595,2,2,2,2,2,2,1.0,1.0
6880,722,0,0,0,0,0,0,1.0,1.0
6880,142,0,0,0,0,0,0,1.0,1.0
6880,377,0,0,0,0,0,0,1.0,1.0
6880,741,0,0,0,0,0,0,1.0,1.0
6880,473,0,0,0,0,0,0,1.0,1.0
6880,319,0,0,0,0,0,0,1.0,1.0
6880,575,0,0,0,0,0,0,1.0,1.0
6880,524,0,0,0,0,0,0,1.0,1.0
6880,659,0,0,0,0,0,0,1.0,1.0
6880,339,0,0,0,0,0,0,1.0,1.0
6880,165,1,1,1,1,1,1,1.0,1.0
6880,258,0,0,0,0,0,0,1.0,1.0
6880,548,0,0,0,0,0,0,1.0,1.0
6880,157,0,0,0,0,0,0,1.0,1.0
6880,723,1,1,1,1,1,1,1.0,1.0
6880,199,1,1,1,1,1,1,1.0,1.0
6880,558,0,0,0,0,0,0,1.0,1.0
6880,459,0,0,0,0,0,0,1.0,1.0
6880,223,1,1,1,1,1,1,1.0,1.0
6880,8,1,1,1,1,1,1,1.0,1.0
6880,718,0,0,0,0,0,0,1.0,1.0
6880,434,1,1,1,1,1,1,1.0,1.0
3288,136,1,1,1,1,1,1,1.0,1.0
3288,352,1,1,1,1,1,1,1.0,1.0
3288,234,0,0,0,0,0,0,1.0,1.0
3288,679,0,0,0,0,0,0,1.0,1.0
3288,344,1,1,1,1,1,1,1.0,1.0
3288,708,1,2,1,1,2,1,0.6,0.8
3288,482,0,0,0,0,0,0,1.0,1.0
3288,467,0,0,0,0,0,0,1.0,1.0
3288,175,0,0,0,0,0,0,1.0,1.0
3288,309,2,2,2,2,2,2,1.0,1.0
3288,307,1,2,1,1,1,1,0.8,0.9
3288,153,1,1,1,1,1,1,1.0,1.0
3288,672,1,1,1,1,1,1,1.0,1.0
3288,108,1,1,1,1,1,1,1.0,1.0
3288,227,0,0,0,0,0,0,1.0,1.0
3288,382,0,0,0,0,0,0,1.0,1.0
3288,18,0,0,0,0,0,0,1.0,1.0
3288,251,0,0,0,0,0,0,1.0,1.0
3288,666,1,1,1,1,1,1,1.0,1.0
3288,685,2,2,1,2,2,2,0.8,0.9
3288,7,0,0,0,0,0,0,1.0,1.0
3288,624,0,0,0,0,0,0,1.0,1.0
3288,600,1,1,1,1,1,1,1.0,1.0
3288,72,0,0,0,0,0,0,1.0,1.0
3288,303,0,0,0,0,0,0,1.0,1.0
3288,454,0,0,0,0,0,0,1.0,1.0
3288,603,1,1,1,1,1,1,1.0,1.0
3288,561,1,1,1,1,1,1,1.0,1.0
3288,720,1,1,1,1,1,1,1.0,1.0
3288,381,0,0,0,0,0,0,1.0,1.0
3288,573,1,1,1,1,1,1,1.0,1.0
3288,564,0,0,0,0,0,0,1.0,1.0
3288,465,1,1,1,1,1,1,1.0,1.0
3288,606,0,0,0,0,0,0,1.0,1.0
3288,461,0,0,0,0,0,0,1.0,1.0
3288,480,0,0,0,0,0,0,1.0,1.0
3288,474,0,0,0,0,0,0,1.0,1.0
3288,107,0,0,0,0,0,0,1.0,1.0
3288,652,0,0,0,0,0,0,1.0,1.0
3288,244,0,0,0,0,0,0,1.0,1.0
3288,490,0,0,0,0,0,0,1.0,1.0
3288,96,1,1,1,1,1,1,1.0,1.0
3288,369,0,0,0,0,0,0,1.0,1.0
3288,661,1,1,1,1,1,1,1.0,1.0
3288,150,0,0,0,0,0,0,1.0,1.0
3288,48,0,0,0,0,0,0,1.0,1.0
3288,690,1,1,1,1,1,1,1.0,1.0
3288,335,1,1,1,1,1,1,1.0,1.0
3288,45,1,1,1,1,1,1,1.0,1.0
3288,601,0,0,0,0,0,0,1.0,1.0
3288,69,0,0,0,0,0,0,1.0,1.0
3288,120,1,1,1,1,1,1,1.0,1.0
3288,258,0,0,0,0,0,0,1.0,1.0
3288,354,0,0,0,0,0,0,1.0,1.0
3288,420,2,2,2,2,2,2,1.0,1.0
3288,597,0,0,1,1,1,1,0.6,0.8
3288,433,2,2,2,2,2,2,1.0,1.0
3288,99,0,0,0,0,0,0,1.0,1.0
3288,570,1,1,1,1,1,1,1.0,1.0
3288,377,2,2,2,2,2,2,1.0,1.0
3288,31,1,1,1,1,1,1,1.0,1.0
3288,24,1,1,1,1,1,1,1.0,1.0
3288,41,0,0,0,0,0,0,1.0,1.0
3288,246,1,1,1,1,1,1,1.0,1.0
3288,172,0,0,0,0,0,0,1.0,1.0
3288,131,0,0,0,0,0,0,1.0,1.0
3288,466,0,0,0,0,0,0,1.0,1.0
3288,49,0,0,0,0,0,0,1.0,1.0
3288,297,0,0,0,0,0,0,1.0,1.0
3288,334,0,0,0,0,0,0,1.0,1.0
3288,542,0,0,0,0,0,0,1.0,1.0
3288,102,0,0,0,0,0,0,1.0,1.0
3288,311,2,2,2,2,2,2,1.0,1.0
3288,26,1,1,1,1,1,1,1.0,1.0
3288,179,0,0,0,0,0,0,1.0,1.0
3288,400,1,1,1,1,1,1,1.0,1.0
3288,242,0,0,0,0,0,0,1.0,1.0
3288,211,0,0,0,0,0,0,1.0,1.0
3288,741,0,0,0,0,0,0,1.0,1.0
3288,595,1,1,1,1,1,1,1.0,1.0
3288,23,0,0,0,0,0,0,1.0,1.0
3288,510,0,0,0,0,0,0,1.0,1.0
3288,563,2,2,2,2,2,2,1.0,1.0
3288,355,2,2,2,2,2,2,1.0,1.0
3288,34,0,0,0,0,0,0,1.0,1.0
3288,665,0,0,0,0,0,0,1.0,1.0
3288,365,1,1,1,1,1,1,1.0,1.0
3288,473,0,0,0,0,0,0,1.0,1.0
3288,269,0,0,0,0,0,0,1.0,1.0
3288,390,0,0,0,0,0,0,1.0,1.0
3288,75,1,1,1,1,1,1,1.0,1.0
3288,68,0,0,0,0,0,0,1.0,1.0
3288,706,1,1,1,1,1,1,1.0,1.0
3449,254,0,0,0,0,0,0,1.0,1.0
3449,310,0,0,0,0,0,0,1.0,1.0
3449,595,2,2,2,2,2,2,1.0,1.0
3449,660,0,0,0,0,0,0,1.0,1.0
3449,422,1,1,1,1,1,1,1.0,1.0
3449,563,1,1,1,1,1,1,1.0,1.0
3449,473,0,0,0,0,0,0,1.0,1.0
3449,382,0,0,0,0,0,0,1.0,1.0
3449,706,1,1,1,1,1,1,1.0,1.0
3449,48,0,0,0,0,0,0,1.0,1.0
3449,14,0,0,0,0,0,0,1.0,1.0
3449,652,0,0,0,0,0,0,1.0,1.0
3449,144,0,0,0,0,0,0,1.0,1.0
3449,102,1,1,1,1,1,1,1.0,1.0
3449,291,0,0,0,0,0,0,1.0,1.0
3449,432,1,1,1,1,1,1,1.0,1.0
3449,597,1,1,1,1,1,1,1.0,1.0
3449,579,0,0,0,0,0,0,1.0,1.0
3449,409,2,2,2,2,2,2,1.0,1.0
3449,109,1,0,0,0,0,0,0.8,0.9
3449,345,1,1,1,1,1,1,1.0,1.0
3449,311,2,2,2,2,2,2,1.0,1.0
3449,666,1,1,1,1,1,1,1.0,1.0
3449,18,0,0,0,0,0,0,1.0,1.0
3449,22,0,0,0,0,0,0,1.0,1.0
3449,725,0,0,0,0,0,0,1.0,1.0
3449,220,0,0,0,0,0,0,1.0,1.0
3449,564,0,0,0,0,0,0,1.0,1.0
3449,158,1,1,1,1,1,1,1.0,1.0
3449,431,0,0,0,0,0,0,1.0,1.0
3449,358,0,0,0,0,0,0,1.0,1.0
3449,420,2,2,2,2,2,2,1.0,1.0
3449,433,2,2,2,2,2,2,1.0,1.0
3449,713,0,0,0,0,0,0,1.0,1.0
3449,701,2,2,2,2,2,2,1.0,1.0
3449,26,1,1,1,1,1,1,1.0,1.0
3449,103,0,0,0,0,0,0,1.0,1.0
3449,546,0,0,0,0,0,0,1.0,1.0
3449,704,0,0,0,0,0,0,1.0,1.0
3449,592,0,0,0,0,0,0,1.0,1.0
3449,400,1,1,1,1,1,1,1.0,1.0
3449,258,1,1,1,1,1,1,1.0,1.0
3449,313,0,0,0,0,0,0,1.0,1.0
3449,685,1,1,1,1,1,1,1.0,1.0
3449,582,0,0,0,0,0,0,1.0,1.0
3449,368,1,1,1,1,1,1,1.0,1.0
3449,377,2,2,2,2,2,2,1.0,1.0
3449,483,0,0,0,0,0,0,1.0,1.0
3449,276,0,0,0,0,0,0,1.0,1.0
3449,138,1,1,1,1,1,1,1.0,1.0
5323,437,0,0,0,0,0,0,1.0,1.0
5323,335,2,2,2,2,2,2,1.0,1.0
5323,0,0,0,0,0,0,0,1.0,1.0
5323,26,1,1,1,1,1,1,1.0,1.0
5323,387,1,1,1,1,1,1,1.0,1.0
5323,482,0,0,0,0,0,0,1.0,1.0
5323,62,0,0,0,0,0,0,1.0,1.0
5323,699,1,1,1,1,1,1,1.0,1.0
5323,150,0,0,0,0,0,0,1.0,1.0
5323,711,0,0,0,0,0,0,1.0,1.0
5323,516,1,1,1,1,1,1,1.0,1.0
5323,574,1,1,1,1,1,1,1.0,1.0
5323,685,2,2,2,2,2,2,1.0,1.0
5323,422,1,1,1,1,1,1,1.0,1.0
5323,72,1,1,1,1,1,1,1.0,1.0
5323,118,1,1,1,1,1,1,1.0,1.0
5323,598,1,1,1,1,1,1,1.0,1.0
5323,523,1,1,1,1,1,1,1.0,1.0
5323,323,0,0,0,0,0,0,1.0,1.0
5323,595,2,2,2,2,2,2,1.0,1.0
5323,473,1,1,1,1,1,1,1.0,1.0
5323,35,0,0,0,0,0,0,1.0,1.0
5323,220,1,1,1,1,1,1,1.0,1.0
5323,74,0,0,0,0,0,0,1.0,1.0
5323,420,1,1,1,1,1,1,1.0,1.0
5323,324,0,0,0,0,0,0,1.0,1.0
5323,30,1,1,1,1,1,1,1.0,1.0
5323,669,1,1,1,1,1,1,1.0,1.0
5323,496,1,1,1,1,1,1,1.0,1.0
5323,497,1,1,1,1,1,1,1.0,1.0
5323,186,1,1,1,1,1,1,1.0,1.0
5323,340,1,1,1,1,1,1,1.0,1.0
5323,377,2,2,2,2,2,2,1.0,1.0
5323,371,2,2,2,2,2,2,1.0,1.0
5323,360,1,1,1,1,1,1,1.0,1.0
5323,535,1,1,1,1,1,1,1.0,1.0
5323,100,0,0,0,0,0,0,1.0,1.0
5323,203,0,0,0,0,0,0,1.0,1.0
5323,400,2,2,2,2,2,2,1.0,1.0
5323,366,1,1,1,1,1,1,1.0,1.0
5323,638,1,1,1,1,1,1,1.0,1.0
5323,673,1,1,1,1,1,1,1.0,1.0
5323,692,2,2,2,2,2,2,1.0,1.0
5323,579,0,0,0,0,0,0,1.0,1.0
5323,471,1,1,1,1,1,1,1.0,1.0
5323,3,1,1,1,1,1,1,1.0,1.0
5323,688,0,0,0,0,0,0,1.0,1.0
5323,518,1,1,1,1,1,1,1.0,1.0
5323,679,0,0,0,0,0,0,1.0,1.0
5323,311,2,2,2,2,2,2,1.0,1.0
5323,706,2,2,2,2,2,2,1.0,1.0
5323,195,1,1,1,1,1,1,1.0,1.0
5323,256,0,0,0,0,0,0,1.0,1.0
5323,444,1,1,1,1,1,1,1.0,1.0
5323,232,0,0,0,0,0,0,1.0,1.0
5323,206,1,1,1,1,1,1,1.0,1.0
5323,117,1,1,1,1,1,1,1.0,1.0
5323,221,0,0,0,0,0,0,1.0,1.0
5323,652,0,0,0,0,0,0,1.0,1.0
5323,702,0,0,0,0,0,0,1.0,1.0
5323,539,0,0,0,0,0,0,1.0,1.0
5323,597,1,1,1,1,1,1,1.0,1.0
5323,204,0,0,0,0,0,0,1.0,1.0
5323,576,1,1,1,1,1,1,1.0,1.0
5323,258,0,0,0,0,0,0,1.0,1.0
5323,433,2,2,2,2,2,2,1.0,1.0
5323,216,1,1,1,1,1,1,1.0,1.0
5323,563,1,1,1,1,1,1,1.0,1.0
5323,666,1,1,1,1,1,1,1.0,1.0
5323,300,0,0,0,0,0,0,1.0,1.0
5323,465,0,0,0,0,0,0,1.0,1.0
5323,94,1,1,1,1,1,1,1.0,1.0
5323,646,0,0,0,0,0,0,1.0,1.0
5323,207,1,1,1,1,1,1,1.0,1.0
5323,704,0,0,0,0,0,0,1.0,1.0
5306,272,2,2,2,2,2,2,1.0,1.0
5306,534,2,2,2,2,2,2,1.0,1.0
5306,666,1,1,1,1,1,1,1.0,1.0
5306,706,2,2,2,2,2,2,1.0,1.0
5306,261,0,1,1,0,0,0,0.6,0.8
5306,29,0,1,1,1,1,1,0.8,0.9
5306,507,1,2,1,1,2,1,0.6,0.8
5306,604,1,1,1,1,1,1,1.0,1.0
5306,369,1,1,1,1,1,1,1.0,1.0
5306,200,2,2,2,2,2,2,1.0,1.0
5306,48,1,1,1,1,1,1,1.0,1.0
5306,128,1,1,1,1,1,1,1.0,1.0
5306,38,1,1,1,1,1,1,1.0,1.0
5306,118,1,1,1,1,1,1,1.0,1.0
5306,268,1,1,1,1,1,1,1.0,1.0
5306,741,2,2,2,2,2,2,1.0,1.0
5306,78,2,1,2,1,1,1,0.6,0.8
5306,57,1,1,1,1,1,1,1.0,1.0
5306,457,1,1,1,1,1,1,1.0,1.0
5306,27,2,2,2,2,2,2,1.0,1.0
5306,212,2,2,2,2,2,2,1.0,1.0
5306,371,2,2,2,2,2,2,1.0,1.0
5306,550,0,0,0,0,0,0,1.0,1.0
5306,678,2,2,2,2,2,2,1.0,1.0
5306,325,1,1,1,1,1,1,1.0,1.0
5306,563,2,2,2,2,2,2,1.0,1.0
5306,479,0,0,0,0,0,0,1.0,1.0
5306,43,1,1,1,1,1,1,1.0,1.0
5306,96,2,2,2,2,2,2,1.0,1.0
5306,26,2,2,2,2,2,2,1.0,1.0
5306,652,0,0,0,0,0,0,1.0,1.0
5306,346,2,2,2,2,2,2,1.0,1.0
5306,23,0,0,0,0,0,0,1.0,1.0
5306,447,0,0,0,0,0,0,1.0,1.0
5306,311,2,2,2,2,2,2,1.0,1.0
5306,102,2,2,2,2,2,2,1.0,1.0
5306,528,1,1,1,1,1,1,1.0,1.0
5306,231,2,2,2,2,2,2,1.0,1.0
5306,700,1,1,1,1,1,1,1.0,1.0
5306,520,1,1,1,1,1,1,1.0,1.0
5306,385,0,0,0,0,0,0,1.0,1.0
5306,554,2,2,2,2,2,2,1.0,1.0
5306,50,1,1,1,1,1,1,1.0,1.0
5306,9,1,1,1,1,1,1,1.0,1.0
5306,473,2,2,2,2,2,2,1.0,1.0
5306,145,1,1,1,1,1,1,1.0,1.0
5306,521,0,1,1,1,1,1,0.8,0.9
5306,646,1,1,1,1,1,1,1.0,1.0
5306,394,2,2,2,2,2,2,1.0,1.0
5306,513,2,2,2,2,2,2,1.0,1.0
5306,417,1,1,2,2,1,1,0.6,0.8
5306,312,2,2,2,2,2,2,1.0,1.0
5306,433,2,2,2,2,2,2,1.0,1.0
5306,258,1,1,1,2,2,1,0.6,0.8
5306,70,2,2,2,2,2,2,1.0,1.0
5306,332,2,2,2,2,2,2,1.0,1.0
5306,22,1,1,1,1,1,1,1.0,1.0
5306,597,1,1,1,1,1,1,1.0,1.0
5306,19,1,1,1,1,1,1,1.0,1.0
5306,733,2,2,2,2,2,2,1.0,1.0
5306,191,0,0,0,0,0,0,1.0,1.0
5306,400,2,2,2,2,2,2,1.0,1.0
5306,110,1,1,1,1,1,1,1.0,1.0
5306,335,2,2,2,2,2,2,1.0,1.0
5306,220,1,1,1,1,1,1,1.0,1.0
5306,685,2,2,2,2,2,2,1.0,1.0
5306,112,0,0,0,0,0,0,1.0,1.0
5306,377,2,2,2,2,2,2,1.0,1.0
5306,420,2,2,2,2,2,2,1.0,1.0
5306,526,0,0,0,0,0,0,1.0,1.0
5306,573,2,2,2,2,2,2,1.0,1.0
5306,661,2,2,2,2,2,2,1.0,1.0
5306,453,2,2,2,2,2,2,1.0,1.0
5306,426,1,1,1,1,1,1,1.0,1.0
5306,595,2,2,2,2,2,2,1.0,1.0
5306,55,1,1,1,1,1,1,1.0,1.0
5306,207,2,2,2,2,2,2,1.0,1.0
717,249,0,0,0,0,0,0,1.0,1.0
717,685,1,1,1,1,1,1,1.0,1.0
717,169,0,0,0,0,0,0,1.0,1.0
717,549,0,0,0,0,0,0,1.0,1.0
717,706,1,1,1,1,1,1,1.0,1.0
717,140,1,1,1,1,1,1,1.0,1.0
717,649,0,0,0,0,0,0,1.0,1.0
717,595,1,1,1,1,1,1,1.0,1.0
717,142,0,0,0,0,0,0,1.0,1.0
717,563,0,0,0,0,0,0,1.0,1.0
717,610,0,0,0,0,0,0,1.0,1.0
717,317,0,0,0,0,0,0,1.0,1.0
717,391,0,0,0,0,0,0,1.0,1.0
717,645,0,0,0,0,0,0,1.0,1.0
717,666,1,1,1,1,1,1,1.0,1.0
717,420,1,1,1,1,1,1,1.0,1.0
717,506,0,0,0,0,0,0,1.0,1.0
717,554,0,0,0,0,0,0,1.0,1.0
717,660,0,0,0,0,0,0,1.0,1.0
717,608,0,0,0,0,0,0,1.0,1.0
717,575,0,0,0,0,0,0,1.0,1.0
717,713,0,0,0,0,0,0,1.0,1.0
717,667,0,0,0,0,0,0,1.0,1.0
717,76,0,0,0,0,0,0,1.0,1.0
717,737,0,0,0,0,0,0,1.0,1.0
717,91,0,0,0,0,0,0,1.0,1.0
717,357,0,0,0,0,0,0,1.0,1.0
717,359,0,0,0,0,0,0,1.0,1.0
717,218,0,0,0,0,0,0,1.0,1.0
717,377,1,1,1,1,1,1,1.0,1.0
717,141,0,0,0,0,0,0,1.0,1.0
717,438,0,0,0,0,0,0,1.0,1.0
717,534,0,0,0,0,0,0,1.0,1.0
717,388,0,0,0,0,0,0,1.0,1.0
717,161,1,1,1,1,0,1,0.8,0.9
717,400,1,1,1,1,1,1,1.0,1.0
717,51,1,1,1,1,1,1,1.0,1.0
717,626,0,0,0,0,0,0,1.0,1.0
717,278,0,0,0,0,0,0,1.0,1.0
717,335,1,1,1,1,1,1,1.0,1.0
717,171,0,0,0,0,0,0,1.0,1.0
717,707,0,1,0,0,0,0,0.8,0.9
717,158,0,0,0,0,0,0,1.0,1.0
717,336,0,0,0,0,0,0,1.0,1.0
717,511,0,0,0,0,0,0,1.0,1.0
717,311,1,1,1,1,1,1,1.0,1.0
717,32,0,0,0,0,0,0,1.0,1.0
717,590,0,0,0,0,0,0,1.0,1.0
717,319,0,0,0,0,0,0,1.0,1.0
717,483,0,0,0,0,0,0,1.0,1.0
717,334,0,0,0,0,0,0,1.0,1.0
717,652,0,0,0,0,0,0,1.0,1.0
717,119,0,0,0,0,0,0,1.0,1.0
717,700,0,0,0,0,0,0,1.0,1.0
717,258,0,0,0,0,0,0,1.0,1.0
717,233,0,0,0,1,0,0,0.8,0.9
717,543,0,0,0,0,0,0,1.0,1.0
717,104,0,0,0,0,0,0,1.0,1.0
717,165,0,0,0,0,0,0,1.0,1.0
717,480,0,0,0,0,0,0,1.0,1.0
717,548,0,0,0,0,0,0,1.0,1.0
717,150,0,0,0,0,0,0,1.0,1.0
717,597,0,0,0,0,0,0,1.0,1.0
717,686,0,0,0,0,0,0,1.0,1.0
717,453,0,0,0,0,0,0,1.0,1.0
717,489,0,0,0,0,0,0,1.0,1.0
717,433,1,1,1,1,1,1,1.0,1.0
717,674,0,0,0,0,0,0,1.0,1.0
717,627,0,0,0,0,0,0,1.0,1.0
717,634,0,0,0,0,0,0,1.0,1.0
717,524,0,0,0,0,0,0,1.0,1.0
717,7,0,0,0,0,0,0,1.0,1.0
717,124,0,0,0,0,0,0,1.0,1.0
717,52,0,0,0,0,0,0,1.0,1.0
717,402,0,0,0,0,0,0,1.0,1.0
717,264,0,0,0,0,0,0,1.0,1.0
717,68,0,0,0,0,0,0,1.0,1.0
717,546,0,0,0,0,0,0,1.0,1.0
717,473,0,0,0,0,0,0,1.0,1.0
717,114,0,0,0,0,0,0,1.0,1.0
717,710,0,0,0,0,0,0,1.0,1.0
717,156,0,0,0,0,0,0,1.0,1.0
717,704,0,0,0,0,0,0,1.0,1.0
717,475,0,0,0,0,0,0,1.0,1.0
717,614,0,0,0,0,0,0,1.0,1.0
717,516,1,1,1,1,1,1,1.0,1.0
717,234,1,1,0,1,0,1,0.6,0.8
717,671,0,0,0,0,0,0,1.0,1.0
717,26,0,1,0,0,1,0,0.6,0.8
2001,427,0,0,0,1,0,0,0.8,0.9
2001,648,1,1,1,1,1,1,1.0,1.0
2001,666,1,1,1,1,1,1,1.0,1.0
2001,354,0,0,0,0,0,0,1.0,1.0
2001,633,0,0,0,0,0,0,1.0,1.0
2001,344,0,0,0,0,0,0,1.0,1.0
2001,186,0,0,0,0,0,0,1.0,1.0
2001,608,0,0,0,0,0,0,1.0,1.0
2001,132,0,0,0,0,0,0,1.0,1.0
2001,177,0,0,0,0,0,0,1.0,1.0
2001,574,0,0,0,0,0,0,1.0,1.0
2001,662,0,0,0,0,0,0,1.0,1.0
2001,157,0,0,0,0,0,0,1.0,1.0
2001,652,0,0,0,0,0,0,1.0,1.0
2001,706,1,1,1,1,1,1,1.0,1.0
2001,328,0,0,0,0,0,0,1.0,1.0
2001,622,0,0,0,0,0,0,1.0,1.0
2001,98,0,0,0,0,0,0,1.0,1.0
2001,118,0,0,0,0,0,0,1.0,1.0
2001,142,0,0,0,0,0,0,1.0,1.0
2001,576,0,0,0,0,0,0,1.0,1.0
2001,475,0,0,0,0,0,0,1.0,1.0
2001,473,0,0,0,0,0,0,1.0,1.0
2001,358,0,0,0,0,0,0,1.0,1.0
2001,590,0,0,0,0,0,0,1.0,1.0
2001,512,0,0,0,0,0,0,1.0,1.0
2001,695,0,0,0,0,0,0,1.0,1.0
2001,56,0,0,0,0,0,0,1.0,1.0
2001,493,0,0,0,0,0,0,1.0,1.0
2001,26,0,0,0,0,0,0,1.0,1.0
2001,315,0,0,0,0,0,0,1.0,1.0
2001,340,2,2,2,2,2,2,1.0,1.0
2001,273,0,0,0,0,0,0,1.0,1.0
2001,578,0,0,0,0,0,0,1.0,1.0
2001,335,1,1,1,1,1,1,1.0,1.0
2001,563,0,0,0,0,0,0,1.0,1.0
2001,277,0,0,0,0,0,0,1.0,1.0
2001,595,1,1,1,1,1,1,1.0,1.0
2001,420,1,1,1,1,1,1,1.0,1.0
2001,219,0,0,0,0,0,0,1.0,1.0
2001,597,0,0,0,0,0,0,1.0,1.0
2001,109,0,0,0,0,0,0,1.0,1.0
2001,136,0,0,0,0,0,0,1.0,1.0
2001,546,0,0,0,0,0,0,1.0,1.0
2001,655,0,0,0,0,0,0,1.0,1.0
2001,463,0,0,0,0,0,0,1.0,1.0
2001,220,0,0,0,0,0,0,1.0,1.0
2001,363,0,0,0,0,0,0,1.0,1.0
2001,433,1,1,1,1,1,1,1.0,1.0
2001,362,0,0,0,0,0,0,1.0,1.0
2001,311,1,1,1,1,1,1,1.0,1.0
2001,500,0,0,0,0,0,0,1.0,1.0
2001,258,0,0,0,0,0,0,1.0,1.0
2001,377,1,1,1,1,1,1,1.0,1.0
2001,48,0,0,0,0,0,0,1.0,1.0
2001,180,0,0,0,0,0,0,1.0,1.0
2001,126,0,0,0,0,0,0,1.0,1.0
2001,222,0,0,0,0,0,0,1.0,1.0
2001,319,0,0,0,0,0,0,1.0,1.0
2001,705,0,0,0,0,0,0,1.0,1.0
2001,615,0,0,0,0,0,0,1.0,1.0
2001,694,0,0,0,0,0,0,1.0,1.0
2001,400,1,1,1,1,1,1,1.0,1.0
2001,64,0,0,0,0,0,0,1.0,1.0
2001,409,0,0,0,0,0,0,1.0,1.0
2001,462,0,0,0,0,0,0,1.0,1.0
2001,21,0,0,0,0,0,0,1.0,1.0
2001,480,0,0,0,0,0,0,1.0,1.0
2001,267,0,0,0,0,0,0,1.0,1.0
2001,685,0,0,0,1,1,0,0.6,0.8
6949,280,1,1,1,1,1,1,1.0,1.0
6949,194,1,0,1,1,0,1,0.6,0.8
6949,311,2,2,2,2,2,2,1.0,1.0
6949,420,2,2,2,2,2,2,1.0,1.0
6949,75,0,0,0,0,0,0,1.0,1.0
6949,190,1,1,1,1,1,1,1.0,1.0
6949,265,1,1,1,1,1,1,1.0,1.0
6949,163,1,1,1,1,1,1,1.0,1.0
6949,472,1,1,1,1,1,1,1.0,1.0
6949,402,2,2,2,2,2,2,1.0,1.0
6949,595,2,2,2,2,2,2,1.0,1.0
6949,473,1,0,0,1,0,0,0.6,0.8
6949,436,0,0,0,0,0,0,1.0,1.0
6949,78,1,1,1,1,1,1,1.0,1.0
6949,397,0,0,0,0,1,0,0.8,0.9
6949,365,1,1,1,1,1,1,1.0,1.0
6949,400,1,1,1,1,1,1,1.0,1.0
6949,170,1,1,1,1,1,1,1.0,1.0
6949,563,1,1,1,1,1,1,1.0,1.0
6949,356,1,1,1,1,1,1,1.0,1.0
6949,129,0,0,0,0,0,0,1.0,1.0
6949,218,0,0,0,0,0,0,1.0,1.0
6949,44,0,0,0,0,0,0,1.0,1.0
6949,233,1,1,1,1,1,1,1.0,1.0
6949,223,2,2,2,2,2,2,1.0,1.0
6949,410,0,0,0,0,0,0,1.0,1.0
6949,283,0,0,0,0,0,0,1.0,1.0
6949,339,0,0,0,0,0,0,1.0,1.0
6949,627,0,0,0,0,0,0,1.0,1.0
6949,202,0,0,0,0,0,0,1.0,1.0
6949,377,2,2,2,2,2,2,1.0,1.0
6949,597,1,1,1,1,1,1,1.0,1.0
6949,636,0,0,0,0,0,0,1.0,1.0
6949,571,1,1,2,2,1,1,0.6,0.8
6949,137,0,0,0,0,0,0,1.0,1.0
6949,573,1,1,1,1,1,1,1.0,1.0
6949,443,1,1,1,1,1,1,1.0,1.0
6949,258,0,0,0,0,0,0,1.0,1.0
6949,626,1,1,1,1,1,1,1.0,1.0
6949,666,1,1,1,1,1,1,1.0,1.0
6949,552,0,0,0,0,1,0,0.8,0.9
6949,370,0,1,1,0,0,0,0.6,0.8
6949,89,2,2,2,2,2,2,1.0,1.0
6949,488,1,1,1,1,1,1,1.0,1.0
6949,741,0,1,1,0,1,1,0.6,0.8
6949,28,0,0,0,0,0,0,1.0,1.0
6949,175,0,0,0,0,0,0,1.0,1.0
6949,507,1,1,1,1,1,1,1.0,1.0
6949,21,2,2,2,2,2,2,1.0,1.0
6949,629,2,2,2,2,2,2,1.0,1.0
6949,341,0,0,0,0,0,0,1.0,1.0
6949,481,1,1,1,1,1,1,1.0,1.0
6949,333,1,1,1,1,1,1,1.0,1.0
6949,503,2,2,2,2,2,2,1.0,1.0
6949,531,1,1,1,1,1,1,1.0,1.0
6949,66,1,1,1,1,1,1,1.0,1.0
6949,324,0,1,1,0,1,1,0.6,0.8
6949,318,0,0,0,0,0,0,1.0,1.0
6949,73,0,0,0,0,0,0,1.0,1.0
6949,185,0,0,0,0,0,0,1.0,1.0
6949,433,2,2,2,2,2,2,1.0,1.0
6949,140,0,0,0,0,0,0,1.0,1.0
6949,76,0,0,0,0,0,0,1.0,1.0
6949,456,0,0,0,0,0,0,1.0,1.0
6949,657,1,1,1,1,1,1,1.0,1.0
6949,706,2,2,2,2,2,2,1.0,1.0
6949,711,1,1,1,1,1,1,1.0,1.0
6949,551,2,2,2,2,2,2,1.0,1.0
6949,29,1,1,1,1,1,1,1.0,1.0
6949,727,2,2,2,2,2,2,1.0,1.0
6949,484,1,1,1,1,1,1,1.0,1.0
6949,652,1,0,1,0,1,1,0.6,0.8
6949,92,1,1,1,1,1,1,1.0,1.0
6949,188,1,1,1,1,1,1,1.0,1.0
6949,454,1,1,1,1,1,1,1.0,1.0
6949,685,1,1,1,1,1,1,1.0,1.0
6949,118,1,1,1,1,1,1,1.0,1.0
6949,18,1,0,0,0,1,0,0.6,0.8
6949,26,1,1,1,1,1,1,1.0,1.0
6949,95,0,0,0,0,0,0,1.0,1.0
6949,445,1,1,1,1,1,1,1.0,1.0
6949,525,0,0,0,0,0,0,1.0,1.0
6949,515,2,2,2,2,2,2,1.0,1.0
6949,547,1,1,1,1,1,1,1.0,1.0
6949,24,2,2,2,2,2,2,1.0,1.0
6949,476,0,0,0,0,0,0,1.0,1.0
6949,697,2,2,2,2,2,2,1.0,1.0
6949,191,0,0,0,0,0,0,1.0,1.0
6949,189,0,0,0,0,0,0,1.0,1.0
6949,289,1,1,1,2,1,1,0.8,0.9
1684,85,0,0,0,0,0,0,1.0,1.0
1684,226,0,0,0,0,0,0,1.0,1.0
1684,26,0,0,0,0,0,0,1.0,1.0
1684,413,0,0,0,0,0,0,1.0,1.0
1684,433,0,0,0,0,0,0,1.0,1.0
1684,311,0,1,0,0,0,0,0.8,0.9
1684,597,0,0,0,0,0,0,1.0,1.0
1684,731,0,0,0,0,0,0,1.0,1.0
1684,306,0,0,0,0,0,0,1.0,1.0
1684,480,0,0,0,0,0,0,1.0,1.0
1684,245,0,0,0,0,0,0,1.0,1.0
1684,486,0,0,0,0,0,0,1.0,1.0
1684,243,0,0,0,0,0,0,1.0,1.0
1684,467,0,0,0,0,0,0,1.0,1.0
1684,408,0,0,0,0,0,0,1.0,1.0
1684,487,0,0,0,0,0,0,1.0,1.0
1684,395,0,0,0,0,0,0,1.0,1.0
1684,420,1,1,1,1,1,1,1.0,1.0
1684,720,0,0,0,0,0,0,1.0,1.0
1684,595,0,0,0,0,0,0,1.0,1.0
1684,193,1,1,1,1,1,1,1.0,1.0
1684,733,0,0,0,0,0,0,1.0,1.0
1684,216,0,0,0,0,0,0,1.0,1.0
1684,661,0,0,0,0,0,0,1.0,1.0
1684,377,0,0,0,0,0,0,1.0,1.0
1684,97,0,0,0,0,0,0,1.0,1.0
1684,666,1,1,1,1,1,1,1.0,1.0
1684,559,0,0,0,0,0,0,1.0,1.0
1684,734,0,0,0,0,0,0,1.0,1.0
1684,140,0,0,0,0,0,0,1.0,1.0
1684,203,0,0,0,0,0,0,1.0,1.0
1684,324,0,0,0,0,0,0,1.0,1.0
1684,253,0,0,0,0,0,0,1.0,1.0
1684,473,0,0,0,0,0,0,1.0,1.0
1684,7,0,0,0,0,0,0,1.0,1.0
1684,66,0,0,0,0,0,0,1.0,1.0
1684,83,0,0,0,0,0,0,1.0,1.0
1684,34,0,0,0,0,0,0,1.0,1.0
1684,251,0,0,0,0,0,0,1.0,1.0
1684,381,0,0,0,0,0,0,1.0,1.0
1684,352,1,0,1,1,1,1,0.8,0.9
1684,157,0,0,0,0,0,0,1.0,1.0
1684,498,0,0,0,0,0,0,1.0,1.0
1684,258,0,0,0,0,0,0,1.0,1.0
1684,227,0,0,0,0,0,0,1.0,1.0
1684,419,1,0,1,1,1,1,0.8,0.9
1684,485,0,0,0,0,0,0,1.0,1.0
1684,164,1,1,1,1,1,1,1.0,1.0
1684,652,0,0,0,0,0,0,1.0,1.0
1684,685,0,0,0,0,0,0,1.0,1.0
1684,633,0,0,0,0,0,0,1.0,1.0
1684,401,0,0,0,0,0,0,1.0,1.0
1684,471,0,0,0,0,0,0,1.0,1.0
1684,625,0,0,0,0,0,0,1.0,1.0
1684,600,1,1,1,1,1,1,1.0,1.0
1684,706,1,1,0,1,1,1,0.8,0.9
1684,128,0,0,0,0,0,0,1.0,1.0
1684,286,1,1,0,0,0,0,0.6,0.8
1684,12,0,0,0,0,0,0,1.0,1.0
1684,435,1,1,1,1,1,1,1.0,1.0
1684,94,0,0,0,0,0,0,1.0,1.0
1684,38,0,0,0,0,0,0,1.0,1.0
1684,319,0,0,0,0,0,0,1.0,1.0
1684,204,0,0,0,0,0,0,1.0,1.0
1684,577,0,0,0,0,0,0,1.0,1.0
1684,478,0,0,0,0,0,0,1.0,1.0
1684,509,0,0,0,0,0,0,1.0,1.0
1684,400,0,0,0,0,0,0,1.0,1.0
1684,180,0,0,0,0,0,0,1.0,1.0
1684,177,0,0,0,0,0,0,1.0,1.0
1684,563,0,0,0,0,0,0,1.0,1.0
1684,183,0,0,0,0,0,0,1.0,1.0
1684,332,0,0,0,0,0,0,1.0,1.0
1684,665,0,0,0,0,0,0,1.0,1.0
4700,178,0,0,0,0,0,0,1.0,1.0
4700,484,0,0,0,0,0,0,1.0,1.0
4700,643,0,0,0,0,0,0,1.0,1.0
4700,563,0,0,0,0,0,0,1.0,1.0
4700,89,0,0,0,0,0,0,1.0,1.0
4700,449,0,0,0,0,0,0,1.0,1.0
4700,342,0,0,0,0,0,0,1.0,1.0
4700,379,0,0,0,0,0,0,1.0,1.0
4700,685,1,1,1,1,1,1,1.0,1.0
4700,555,0,0,0,0,0,0,1.0,1.0
4700,288,0,0,0,0,0,0,1.0,1.0
4700,381,0,0,0,0,0,0,1.0,1.0
4700,258,0,0,0,0,0,0,1.0,1.0
4700,283,0,0,0,0,0,0,1.0,1.0
4700,514,0,0,0,0,0,0,1.0,1.0
4700,241,0,0,0,0,0,0,1.0,1.0
4700,187,0,0,0,0,0,0,1.0,1.0
4700,371,1,1,1,1,1,1,1.0,1.0
4700,50,0,0,0,0,0,0,1.0,1.0
4700,316,1,1,1,1,1,1,1.0,1.0
4700,607,0,0,0,0,0,0,1.0,1.0
4700,161,1,1,1,1,1,1,1.0,1.0
4700,147,0,0,0,0,0,0,1.0,1.0
4700,521,0,0,0,0,0,0,1.0,1.0
4700,167,0,0,0,0,0,0,1.0,1.0
4700,652,0,0,0,0,0,0,1.0,1.0
4700,613,0,0,0,0,0,0,1.0,1.0
4700,572,0,0,0,0,0,0,1.0,1.0
4700,370,0,0,0,0,0,0,1.0,1.0
4700,595,0,0,0,0,0,0,1.0,1.0
4700,81,0,0,0,0,0,0,1.0,1.0
4700,724,0,0,0,0,0,0,1.0,1.0
4700,445,0,0,0,0,0,0,1.0,1.0
4700,168,0,0,0,0,0,0,1.0,1.0
4700,636,0,0,0,0,0,0,1.0,1.0
4700,249,0,0,0,0,0,0,1.0,1.0
4700,469,0,0,0,0,0,0,1.0,1.0
4700,432,0,0,0,0,0,0,1.0,1.0
4700,122,0,0,0,0,0,0,1.0,1.0
4700,311,1,1,1,1,1,1,1.0,1.0
4700,252,0,0,0,0,0,0,1.0,1.0
4700,597,0,0,0,0,0,0,1.0,1.0
4700,712,1,0,1,1,1,1,0.8,0.9
4700,96,0,0,0,0,0,0,1.0,1.0
4700,121,0,0,0,0,0,0,1.0,1.0
4700,630,0,0,0,0,0,0,1.0,1.0
4700,420,1,1,1,1,1,1,1.0,1.0
4700,686,0,0,0,0,0,0,1.0,1.0
4700,458,0,0,0,0,0,0,1.0,1.0
4700,37,0,0,0,0,0,0,1.0,1.0
4700,139,0,0,0,0,0,0,1.0,1.0
4700,433,2,2,2,2,2,2,1.0,1.0
4700,544,0,0,0,0,0,0,1.0,1.0
4700,637,0,0,0,0,0,0,1.0,1.0
4700,650,0,0,0,0,0,0,1.0,1.0
4700,106,0,0,0,0,0,0,1.0,1.0
4700,327,0,0,0,0,0,0,1.0,1.0
4700,26,1,1,1,0,1,1,0.8,0.9
4700,82,1,1,1,1,1,1,1.0,1.0
4700,473,0,0,0,0,0,0,1.0,1.0
4700,642,0,0,0,0,0,0,1.0,1.0
4700,400,1,1,1,1,1,1,1.0,1.0
4700,598,0,0,0,0,0,0,1.0,1.0
4700,377,1,1,1,1,1,1,1.0,1.0
4700,391,0,0,0,0,0,0,1.0,1.0
4700,412,1,1,1,1,1,1,1.0,1.0
4700,706,1,1,1,1,1,1,1.0,1.0
4700,238,0,0,0,0,0,0,1.0,1.0
4700,649,0,0,0,0,0,0,1.0,1.0
4700,401,0,0,0,0,0,0,1.0,1.0
4700,666,0,0,0,0,0,0,1.0,1.0
3862,20,0,0,0,0,0,0,1.0,1.0
3862,82,0,0,0,0,0,0,1.0,1.0
3862,734,0,0,0,0,0,0,1.0,1.0
3862,459,0,0,0,0,0,0,1.0,1.0
3862,174,0,0,0,0,0,0,1.0,1.0
3862,46,0,0,0,0,0,0,1.0,1.0
3862,193,0,0,0,0,0,0,1.0,1.0
3862,179,0,0,0,0,0,0,1.0,1.0
3862,697,0,0,0,0,0,0,1.0,1.0
3862,318,0,0,0,0,0,0,1.0,1.0
3862,574,0,0,0,0,0,0,1.0,1.0
3862,489,0,0,0,0,0,0,1.0,1.0
3862,13,0,0,0,0,0,0,1.0,1.0
3862,400,0,0,0,0,0,0,1.0,1.0
3862,138,0,0,0,0,0,0,1.0,1.0
3862,370,0,0,0,0,0,0,1.0,1.0
3862,738,0,0,0,0,0,0,1.0,1.0
3862,323,0,0,0,0,0,0,1.0,1.0
3862,73,0,0,0,0,0,0,1.0,1.0
3862,530,0,0,0,0,0,0,1.0,1.0
3862,335,0,0,0,0,0,0,1.0,1.0
3862,564,0,0,0,0,0,0,1.0,1.0
3862,591,0,0,0,0,0,0,1.0,1.0
3862,134,0,0,0,0,0,0,1.0,1.0
3862,646,0,0,0,0,0,0,1.0,1.0
3862,601,0,0,0,0,0,0,1.0,1.0
3862,270,0,0,0,0,0,0,1.0,1.0
3862,663,0,0,0,0,0,0,1.0,1.0
3862,720,0,0,0,0,0,0,1.0,1.0
3862,338,0,0,0,0,0,0,1.0,1.0
3862,103,0,0,0,0,0,0,1.0,1.0
3862,11,0,0,0,0,0,0,1.0,1.0
3862,0,0,0,0,0,0,0,1.0,1.0
3862,655,0,0,0,0,0,0,1.0,1.0
3862,282,0,0,0,0,0,0,1.0,1.0
3862,100,0,0,0,0,0,0,1.0,1.0
3862,444,0,0,0,0,0,0,1.0,1.0
3862,91,0,0,0,0,0,0,1.0,1.0
3862,59,0,0,0,0,0,0,1.0,1.0
3862,508,0,0,0,0,0,0,1.0,1.0
3862,44,0,0,0,0,0,0,1.0,1.0
3862,516,0,0,0,0,0,0,1.0,1.0
3862,486,0,0,0,0,0,0,1.0,1.0
3862,140,0,0,0,0,0,0,1.0,1.0
3862,362,0,0,0,0,0,0,1.0,1.0
3862,566,0,0,0,0,0,0,1.0,1.0
3862,690,0,0,0,0,0,0,1.0,1.0
3862,237,0,0,0,0,0,0,1.0,1.0
3862,202,0,0,0,0,0,0,1.0,1.0
3862,47,0,0,0,0,0,0,1.0,1.0
3862,461,0,0,0,0,0,0,1.0,1.0
3862,485,0,0,0,0,0,0,1.0,1.0
3862,570,0,0,0,0,0,0,1.0,1.0
3862,24,0,0,0,0,0,0,1.0,1.0
3862,148,0,0,0,0,0,0,1.0,1.0
3862,503,0,0,0,0,0,0,1.0,1.0
3862,526,0,0,0,0,0,0,1.0,1.0
3862,288,0,0,0,0,0,0,1.0,1.0
3862,466,1,1,1,1,1,1,1.0,1.0
3862,440,0,0,0,0,0,0,1.0,1.0
3862,77,0,0,0,0,0,0,1.0,1.0
3862,132,0,0,0,0,0,0,1.0,1.0
3862,231,0,0,0,0,0,0,1.0,1.0
3862,333,0,0,0,0,0,0,1.0,1.0
3862,650,0,0,0,0,0,0,1.0,1.0
3862,517,0,0,0,0,0,0,1.0,1.0
3862,111,0,0,0,0,0,0,1.0,1.0
3862,266,2,2,2,2,2,2,1.0,1.0
3862,626,0,0,0,0,0,0,1.0,1.0
3862,377,0,0,0,0,0,0,1.0,1.0
3862,26,0,0,0,0,0,0,1.0,1.0
3862,546,0,0,0,0,0,0,1.0,1.0
3862,549,0,0,0,0,0,0,1.0,1.0
3862,653,1,1,1,1,1,1,1.0,1.0
3862,262,0,0,0,0,0,0,1.0,1.0
3862,165,0,0,0,0,0,0,1.0,1.0
3862,118,0,0,0,0,0,0,1.0,1.0
3862,314,0,0,0,0,0,0,1.0,1.0
3862,131,0,0,0,0,0,0,1.0,1.0
3862,679,0,0,0,0,0,0,1.0,1.0
3862,620,0,0,0,0,0,0,1.0,1.0
3862,264,0,0,0,0,0,0,1.0,1.0
3862,645,0,0,0,0,0,0,1.0,1.0
45,189,2,2,2,2,2,2,1.0,1.0
45,564,1,1,1,1,1,1,1.0,1.0
45,566,0,0,0,0,0,0,1.0,1.0
45,679,1,1,1,1,1,1,1.0,1.0
45,465,0,0,0,0,0,0,1.0,1.0
45,702,0,0,0,0,0,0,1.0,1.0
45,420,0,0,0,0,0,0,1.0,1.0
45,119,0,0,0,0,0,0,1.0,1.0
45,470,1,1,0,0,0,0,0.6,0.8
45,699,0,0,0,0,0,0,1.0,1.0
45,549,2,2,2,2,2,2,1.0,1.0
45,632,0,0,1,1,0,0,0.6,0.8
45,2,0,0,0,0,0,0,1.0,1.0
45,489,0,0,0,0,0,0,1.0,1.0
45,134,1,1,1,1,1,1,1.0,1.0
45,315,0,0,0,1,0,0,0.8,0.9
45,598,1,1,1,1,1,1,1.0,1.0
45,47,0,0,0,0,0,0,1.0,1.0
45,703,0,0,0,0,0,0,1.0,1.0
45,674,1,1,0,1,1,1,0.8,0.9
45,370,0,0,0,0,0,0,1.0,1.0
45,270,0,0,0,0,0,0,1.0,1.0
45,714,0,1,1,1,1,1,0.8,0.9
45,530,0,0,0,0,0,0,1.0,1.0
45,76,1,1,1,1,1,1,1.0,1.0
45,353,1,1,1,1,1,1,1.0,1.0
45,555,0,0,0,0,0,0,1.0,1.0
45,426,0,0,0,0,0,0,1.0,1.0
45,186,0,0,0,0,0,0,1.0,1.0
45,337,0,0,0,0,0,0,1.0,1.0
45,607,0,0,0,0,0,0,1.0,1.0
45,698,0,0,0,0,0,0,1.0,1.0
45,59,0,0,0,0,0,0,1.0,1.0
45,292,0,0,0,0,0,0,1.0,1.0
45,202,0,0,0,0,0,0,1.0,1.0
45,143,0,0,0,0,0,0,1.0,1.0
45,646,0,0,0,0,0,0,1.0,1.0
45,485,0,0,0,0,0,0,1.0,1.0
45,482,0,0,0,0,0,0,1.0,1.0
45,620,2,2,2,2,2,2,1.0,1.0
45,26,0,0,0,0,0,0,1.0,1.0
45,266,0,0,0,0,0,0,1.0,1.0
45,534,0,0,0,0,0,0,1.0,1.0
45,63,1,1,1,1,1,1,1.0,1.0
45,89,0,0,0,0,0,0,1.0,1.0
45,449,1,1,1,1,1,1,1.0,1.0
45,288,0,0,0,0,0,0,1.0,1.0
45,282,0,0,0,0,0,0,1.0,1.0
45,159,0,0,0,0,0,0,1.0,1.0
45,222,0,0,0,0,0,0,1.0,1.0
45,458,0,0,0,0,0,0,1.0,1.0
45,673,0,0,0,0,0,0,1.0,1.0
45,451,1,0,1,0,1,1,0.6,0.8
45,731,0,0,0,0,0,0,1.0,1.0
45,440,1,1,1,1,1,1,1.0,1.0
45,626,0,0,1,1,0,0,0.6,0.8
45,323,0,0,0,0,0,0,1.0,1.0
45,634,0,0,0,0,0,0,1.0,1.0
45,678,2,2,2,2,2,2,1.0,1.0
45,1,2,2,2,2,2,2,1.0,1.0
45,318,0,0,0,0,0,0,1.0,1.0
45,388,1,0,0,1,1,1,0.6,0.8
45,177,0,0,0,0,0,0,1.0,1.0
45,11,1,1,1,1,1,1,1.0,1.0
45,52,1,1,1,1,1,1,1.0,1.0
45,133,0,0,0,0,0,0,1.0,1.0
45,685,0,0,0,0,0,0,1.0,1.0
45,511,0,0,0,0,0,0,1.0,1.0
45,591,1,1,1,1,1,1,1.0,1.0
45,546,0,0,0,0,0,0,1.0,1.0
45,450,0,0,0,0,0,0,1.0,1.0
45,131,0,0,0,0,0,0,1.0,1.0
45,522,1,0,0,1,0,0,0.6,0.8
5565,653,1,1,1,1,1,1,1.0,1.0
5565,20,0,0,0,0,0,0,1.0,1.0
5565,262,0,0,0,0,0,0,1.0,1.0
5565,489,0,0,0,0,0,0,1.0,1.0
5565,452,0,0,0,0,0,0,1.0,1.0
5565,11,0,0,0,0,0,0,1.0,1.0
5565,103,1,1,0,1,1,1,0.8,0.9
5565,132,0,0,0,0,0,0,1.0,1.0
5565,168,0,0,0,0,0,0,1.0,1.0
5565,282,1,0,1,0,0,0,0.6,0.8
5565,521,0,0,0,0,0,0,1.0,1.0
5565,466,2,2,2,2,2,2,1.0,1.0
5565,459,0,0,0,0,0,0,1.0,1.0
5565,44,0,0,0,0,0,0,1.0,1.0
5565,485,0,0,0,0,0,0,1.0,1.0
5565,91,0,0,0,0,0,0,1.0,1.0
5565,702,0,0,0,0,0,0,1.0,1.0
5565,71,0,0,0,0,0,0,1.0,1.0
5565,390,0,0,0,0,0,0,1.0,1.0
5565,486,0,0,0,0,0,0,1.0,1.0
5565,712,0,0,0,0,0,0,1.0,1.0
5565,655,0,0,0,0,0,0,1.0,1.0
5565,134,0,0,1,1,1,1,0.6,0.8
5565,318,0,0,0,0,0,0,1.0,1.0
5565,179,0,0,0,0,0,0,1.0,1.0
5565,237,0,0,0,0,0,0,1.0,1.0
5565,338,0,0,0,0,0,0,1.0,1.0
5565,734,2,2,1,1,2,2,0.6,0.8
5565,617,1,0,1,1,1,1,0.8,0.9
5565,207,0,0,0,0,0,0,1.0,1.0
5565,130,0,0,0,0,0,0,1.0,1.0
5565,501,0,1,0,1,1,1,0.6,0.8
5565,367,0,0,0,0,0,0,1.0,1.0
5565,620,1,1,1,1,1,1,1.0,1.0
5565,270,1,1,1,1,1,1,1.0,1.0
5565,602,0,0,0,0,0,0,1.0,1.0
5565,698,0,0,0,0,0,0,1.0,1.0
5565,670,0,0,0,0,0,0,1.0,1.0
5565,171,0,0,0,0,0,0,1.0,1.0
5565,275,0,0,0,0,0,0,1.0,1.0
5565,690,0,0,0,0,0,0,1.0,1.0
5565,88,0,0,0,0,0,0,1.0,1.0
5565,186,0,0,0,0,0,0,1.0,1.0
5565,647,0,0,0,0,0,0,1.0,1.0
5565,111,0,0,0,0,0,0,1.0,1.0
5565,114,0,0,0,0,0,0,1.0,1.0
5565,706,0,0,0,0,0,0,1.0,1.0
5565,353,0,0,0,0,0,0,1.0,1.0
5565,564,1,1,1,1,1,1,1.0,1.0
5565,221,0,0,0,0,0,0,1.0,1.0
5565,167,0,0,0,0,0,0,1.0,1.0
5565,233,0,0,0,0,0,0,1.0,1.0
5565,626,1,1,1,1,1,1,1.0,1.0
5565,177,0,0,0,0,0,0,1.0,1.0
5565,571,0,0,0,0,0,0,1.0,1.0
5565,264,0,0,0,0,0,0,1.0,1.0
5565,174,0,0,0,0,0,0,1.0,1.0
5565,370,0,1,1,1,1,1,0.8,0.9
5565,720,0,0,0,0,0,0,1.0,1.0
5565,148,0,1,0,0,0,0,0.8,0.9
5565,48,0,0,0,0,0,0,1.0,1.0
5565,375,0,0,0,0,0,0,1.0,1.0
5565,371,0,0,0,0,0,0,1.0,1.0
5565,47,0,0,0,0,0,0,1.0,1.0
5565,300,0,0,0,0,0,0,1.0,1.0
5565,266,2,2,2,2,2,2,1.0,1.0
5565,189,0,0,0,0,0,0,1.0,1.0
5565,140,0,0,0,0,0,0,1.0,1.0
5565,314,0,0,0,0,0,0,1.0,1.0
5565,525,0,0,0,0,0,0,1.0,1.0
5565,703,0,0,0,0,0,0,1.0,1.0
5565,288,0,0,0,0,0,0,1.0,1.0
5565,77,0,0,0,0,0,0,1.0,1.0
5565,642,0,0,0,0,0,0,1.0,1.0
5565,632,0,0,0,0,0,0,1.0,1.0
1868,483,0,0,0,0,0,0,1.0,1.0
1868,549,0,0,0,0,0,0,1.0,1.0
1868,440,0,0,0,0,0,0,1.0,1.0
1868,90,0,0,0,0,0,0,1.0,1.0
1868,323,0,0,0,0,0,0,1.0,1.0
1868,452,0,0,0,0,0,0,1.0,1.0
1868,111,0,0,0,0,0,0,1.0,1.0
1868,84,0,0,0,0,0,0,1.0,1.0
1868,102,0,0,0,0,0,0,1.0,1.0
1868,459,0,0,0,0,0,0,1.0,1.0
1868,189,0,0,0,0,0,0,1.0,1.0
1868,679,0,0,0,0,0,0,1.0,1.0
1868,443,0,0,0,0,0,0,1.0,1.0
1868,25,0,0,0,0,0,0,1.0,1.0
1868,466,1,1,1,1,1,1,1.0,1.0
1868,165,0,0,0,0,0,0,1.0,1.0
1868,127,0,0,0,0,0,0,1.0,1.0
1868,188,0,0,0,0,0,0,1.0,1.0
1868,522,0,0,0,0,0,0,1.0,1.0
1868,653,1,1,1,1,1,1,1.0,1.0
1868,646,0,0,0,0,0,0,1.0,1.0
1868,538,0,0,0,0,0,0,1.0,1.0
1868,175,0,0,0,0,0,0,1.0,1.0
1868,262,0,0,0,0,0,0,1.0,1.0
1868,652,0,0,0,0,0,0,1.0,1.0
1868,199,0,0,0,0,0,0,1.0,1.0
1868,732,0,0,0,0,0,0,1.0,1.0
1868,463,0,0,0,0,0,0,1.0,1.0
1868,68,0,0,0,0,0,0,1.0,1.0
1868,171,0,0,0,0,0,0,1.0,1.0
1868,720,0,0,0,0,0,0,1.0,1.0
1868,690,0,0,0,0,0,0,1.0,1.0
1868,353,0,0,0,0,0,0,1.0,1.0
1868,486,0,0,0,0,0,0,1.0,1.0
1868,662,0,0,0,0,0,0,1.0,1.0
1868,185,0,0,0,0,0,0,1.0,1.0
1868,202,0,0,0,0,0,0,1.0,1.0
1868,591,0,0,0,0,0,0,1.0,1.0
1868,131,0,0,0,0,0,0,1.0,1.0
1868,140,0,0,0,0,0,0,1.0,1.0
1868,46,0,0,0,0,0,0,1.0,1.0
1868,655,0,0,0,0,0,0,1.0,1.0
1868,636,0,0,0,0,0,0,1.0,1.0
1868,566,0,0,0,0,0,0,1.0,1.0
1868,552,0,0,0,0,0,0,1.0,1.0
1868,596,0,0,0,0,0,0,1.0,1.0
1868,264,0,0,0,0,0,0,1.0,1.0
1868,390,0,0,0,0,0,0,1.0,1.0
1868,77,0,0,0,0,0,0,1.0,1.0
1868,91,0,0,0,0,0,0,1.0,1.0
1868,524,0,0,0,0,0,0,1.0,1.0
1868,187,0,0,0,0,0,0,1.0,1.0
1868,138,0,0,0,0,0,0,1.0,1.0
1868,179,0,0,0,0,0,0,1.0,1.0
1868,403,0,0,0,0,0,0,1.0,1.0
1868,33,0,0,0,0,0,0,1.0,1.0
1868,560,0,0,0,0,0,0,1.0,1.0
1868,676,0,0,0,0,0,0,1.0,1.0
1868,123,0,0,0,0,0,0,1.0,1.0
1868,338,0,0,0,0,0,0,1.0,1.0
1868,174,0,0,0,0,0,0,1.0,1.0
1868,314,0,0,0,0,0,0,1.0,1.0
1868,9,0,0,0,0,0,0,1.0,1.0
1868,252,0,0,0,0,0,0,1.0,1.0
1868,546,0,0,0,0,0,0,1.0,1.0
1868,642,0,0,0,0,0,0,1.0,1.0
1868,698,0,0,0,0,0,0,1.0,1.0
1868,543,0,0,0,0,0,0,1.0,1.0
1868,734,0,1,0,0,0,0,0.8,0.9
1868,244,0,0,0,0,0,0,1.0,1.0
1868,148,0,0,0,0,0,0,1.0,1.0
1868,44,0,0,0,0,0,0,1.0,1.0
1868,20,0,0,0,0,0,0,1.0,1.0
1868,457,0,0,0,0,0,0,1.0,1.0
1868,387,0,0,0,0,0,0,1.0,1.0
1868,103,0,0,0,0,0,0,1.0,1.0
1868,530,0,0,0,0,0,0,1.0,1.0
1868,299,0,0,0,0,0,0,1.0,1.0
5977,43,0,0,0,0,0,0,1.0,1.0
5977,191,0,0,0,0,0,0,1.0,1.0
5977,467,0,0,0,0,0,0,1.0,1.0
5977,546,0,0,0,0,0,0,1.0,1.0
5977,486,0,0,0,0,0,0,1.0,1.0
5977,91,0,0,0,0,0,0,1.0,1.0
5977,11,0,0,0,0,0,0,1.0,1.0
5977,314,0,0,0,0,0,0,1.0,1.0
5977,288,0,0,0,0,0,0,1.0,1.0
5977,444,0,0,0,0,0,0,1.0,1.0
5977,483,0,0,0,0,0,0,1.0,1.0
5977,266,0,0,0,0,0,0,1.0,1.0
5977,136,0,0,0,0,0,0,1.0,1.0
5977,549,0,0,0,0,0,0,1.0,1.0
5977,505,0,0,0,0,0,0,1.0,1.0
5977,466,0,0,0,0,0,0,1.0,1.0
5977,471,0,0,0,0,0,0,1.0,1.0
5977,698,0,0,0,0,0,0,1.0,1.0
5977,234,1,1,1,1,1,1,1.0,1.0
5977,733,0,0,0,0,0,0,1.0,1.0
5977,111,0,0,0,0,0,0,1.0,1.0
5977,189,0,0,0,0,0,0,1.0,1.0
5977,679,0,0,0,0,0,0,1.0,1.0
5977,264,0,0,0,0,0,0,1.0,1.0
5977,620,0,0,0,0,0,0,1.0,1.0
5977,249,0,0,0,0,0,0,1.0,1.0
5977,740,0,0,0,0,0,0,1.0,1.0
5977,526,0,0,0,0,0,0,1.0,1.0
5977,134,0,0,0,0,0,0,1.0,1.0
5977,433,0,0,0,0,0,0,1.0,1.0
5977,29,0,0,0,0,0,0,1.0,1.0
5977,586,0,0,0,0,0,0,1.0,1.0
5977,262,0,1,0,0,0,0,0.8,0.9
5977,338,0,0,0,0,0,0,1.0,1.0
5977,530,0,0,0,0,0,0,1.0,1.0
5977,148,0,0,0,0,0,0,1.0,1.0
5977,182,0,0,0,0,0,0,1.0,1.0
5977,20,0,0,0,0,0,0,1.0,1.0
5977,44,0,0,0,0,0,0,1.0,1.0
5977,181,0,0,0,0,0,0,1.0,1.0
5977,683,0,0,0,0,0,0,1.0,1.0
5977,536,0,0,0,0,0,0,1.0,1.0
5977,248,0,0,0,0,0,0,1.0,1.0
5977,690,0,0,0,0,0,0,1.0,1.0
5977,215,0,0,0,0,0,0,1.0,1.0
5977,179,0,0,0,0,0,0,1.0,1.0
5977,498,0,0,0,0,0,0,1.0,1.0
5977,569,0,0,0,0,0,0,1.0,1.0
5977,658,0,0,0,0,0,0,1.0,1.0
5977,331,0,0,0,0,0,0,1.0,1.0
5977,489,0,0,0,0,0,0,1.0,1.0
5977,485,0,0,0,0,0,0,1.0,1.0
5977,494,0,0,0,0,0,0,1.0,1.0
5977,260,0,0,0,0,0,0,1.0,1.0
5977,610,0,0,0,0,0,0,1.0,1.0
5977,13,0,0,0,0,0,0,1.0,1.0
5977,719,0,0,0,0,0,0,1.0,1.0
5977,332,0,0,0,0,0,0,1.0,1.0
5977,626,0,0,0,0,0,0,1.0,1.0
5977,564,0,0,0,0,0,0,1.0,1.0
5977,653,0,0,0,0,0,0,1.0,1.0
5977,323,0,0,0,0,0,0,1.0,1.0
5977,573,0,0,0,0,0,0,1.0,1.0
5977,566,0,0,0,0,0,0,1.0,1.0
5977,480,0,0,0,0,0,0,1.0,1.0
5977,131,0,0,0,0,0,0,1.0,1.0
5977,655,0,0,0,0,0,0,1.0,1.0
5977,312,0,0,0,0,0,0,1.0,1.0
5977,353,0,0,0,0,0,0,1.0,1.0
5977,98,0,0,0,0,0,0,1.0,1.0
5977,318,0,0,0,0,0,0,1.0,1.0
5977,734,0,0,0,0,0,0,1.0,1.0
5977,721,0,0,0,0,0,0,1.0,1.0
8066,23,0,0,0,0,0,0,1.0,1.0
8066,174,0,0,0,0,0,0,1.0,1.0
8066,459,1,1,1,1,1,1,1.0,1.0
8066,646,1,1,1,1,1,1,1.0,1.0
8066,161,0,0,0,0,0,0,1.0,1.0
8066,326,0,0,0,0,0,0,1.0,1.0
8066,533,0,0,0,0,0,0,1.0,1.0
8066,314,1,1,1,1,1,1,1.0,1.0
8066,119,0,0,0,0,0,0,1.0,1.0
8066,179,0,0,0,0,0,0,1.0,1.0
8066,231,0,0,0,0,0,0,1.0,1.0
8066,690,1,1,1,1,0,1,0.8,0.9
8066,451,0,0,0,0,0,0,1.0,1.0
8066,720,2,2,2,2,2,2,1.0,1.0
8066,241,0,0,0,0,0,0,1.0,1.0
8066,644,0,0,0,0,0,0,1.0,1.0
8066,591,0,0,0,0,0,0,1.0,1.0
8066,140,1,1,1,1,1,1,1.0,1.0
8066,466,0,0,0,0,0,0,1.0,1.0
8066,486,0,0,0,0,0,0,1.0,1.0
8066,579,0,0,0,0,0,0,1.0,1.0
8066,440,0,0,0,0,0,0,1.0,1.0
8066,602,0,0,0,0,0,0,1.0,1.0
8066,492,0,1,1,0,0,0,0.6,0.8
8066,24,0,0,0,0,0,0,1.0,1.0
8066,302,0,0,0,0,0,0,1.0,1.0
8066,655,0,1,0,0,1,0,0.6,0.8
8066,133,0,0,0,0,0,0,1.0,1.0
8066,353,0,0,0,0,0,0,1.0,1.0
8066,525,0,0,0,0,0,0,1.0,1.0
8066,489,0,0,0,0,0,0,1.0,1.0
8066,218,0,0,0,0,0,0,1.0,1.0
8066,566,2,2,2,2,2,2,1.0,1.0
8066,316,0,0,0,0,0,0,1.0,1.0
8066,318,0,0,0,0,0,0,1.0,1.0
8066,103,0,0,0,0,0,0,1.0,1.0
8066,626,0,0,1,1,0,0,0.6,0.8
8066,78,0,0,0,0,0,0,1.0,1.0
8066,338,0,0,0,0,0,0,1.0,1.0
8066,620,0,0,0,0,0,0,1.0,1.0
8066,323,0,0,0,0,0,0,1.0,1.0
8066,131,1,1,1,1,1,1,1.0,1.0
8066,270,0,0,0,0,0,0,1.0,1.0
8066,44,1,1,1,1,1,1,1.0,1.0
8066,299,0,0,0,0,0,0,1.0,1.0
8066,651,0,0,0,0,0,0,1.0,1.0
8066,202,0,0,0,1,0,0,0.8,0.9
8066,546,0,0,0,0,0,0,1.0,1.0
8066,734,0,0,0,0,0,0,1.0,1.0
8066,414,0,0,0,0,0,0,1.0,1.0
8066,111,0,0,0,0,0,0,1.0,1.0
8066,482,0,0,0,0,0,0,1.0,1.0
8066,678,0,0,0,0,0,0,1.0,1.0
8066,262,1,1,1,1,1,1,1.0,1.0
8066,11,0,0,0,0,0,0,1.0,1.0
8066,457,1,1,1,1,1,1,1.0,1.0
8066,264,1,1,1,1,1,1,1.0,1.0
8066,155,0,0,0,0,0,0,1.0,1.0
8066,189,0,0,0,0,0,0,1.0,1.0
8066,47,0,0,0,0,0,0,1.0,1.0
8066,698,0,0,0,0,0,0,1.0,1.0
8066,614,0,0,0,0,0,0,1.0,1.0
8066,653,1,1,1,1,1,1,1.0,1.0
8066,279,0,0,0,0,0,0,1.0,1.0
8066,288,1,1,1,1,1,1,1.0,1.0
8066,592,0,0,0,0,0,0,1.0,1.0
8066,705,1,1,1,1,1,1,1.0,1.0
8066,20,1,1,1,1,1,1,1.0,1.0
8066,282,0,0,0,0,0,0,1.0,1.0
8066,370,1,1,1,1,1,1,1.0,1.0
8066,187,0,0,0,0,0,0,1.0,1.0
8066,360,1,1,1,1,1,1,1.0,1.0
8066,162,1,1,1,1,1,1,1.0,1.0
8066,392,0,0,0,0,0,0,1.0,1.0
8066,485,0,0,0,0,0,0,1.0,1.0
8066,222,0,0,0,0,0,0,1.0,1.0
8066,148,1,1,1,1,1,1,1.0,1.0
8066,77,0,0,0,0,0,0,1.0,1.0
2071,166,1,1,1,1,1,1,1.0,1.0
2071,157,0,0,0,0,0,0,1.0,1.0
2071,673,0,0,0,0,0,0,1.0,1.0
2071,270,0,0,0,0,0,0,1.0,1.0
2071,479,0,0,0,0,0,0,1.0,1.0
2071,646,1,1,0,1,1,1,0.8,0.9
2071,142,0,0,0,0,0,0,1.0,1.0
2071,459,1,1,1,1,1,1,1.0,1.0
2071,489,0,0,0,0,0,0,1.0,1.0
2071,620,0,0,0,0,0,0,1.0,1.0
2071,564,0,0,0,0,0,0,1.0,1.0
2071,176,0,0,0,0,1,0,0.8,0.9
2071,103,0,0,0,0,0,0,1.0,1.0
2071,737,0,0,0,0,0,0,1.0,1.0
2071,370,1,1,1,1,1,1,1.0,1.0
2071,345,0,0,0,0,0,0,1.0,1.0
2071,290,0,0,0,0,0,0,1.0,1.0
2071,530,1,1,1,1,1,1,1.0,1.0
2071,353,0,0,0,0,0,0,1.0,1.0
2071,23,0,0,0,0,0,0,1.0,1.0
2071,517,0,0,0,0,0,0,1.0,1.0
2071,140,1,1,1,1,1,1,1.0,1.0
2071,707,1,1,1,1,1,1,1.0,1.0
2071,626,1,1,1,1,1,1,1.0,1.0
2071,334,0,0,0,0,0,0,1.0,1.0
2071,96,0,0,0,0,0,0,1.0,1.0
2071,131,1,1,1,1,1,1,1.0,1.0
2071,566,1,1,1,1,1,1,1.0,1.0
2071,314,0,0,0,0,0,0,1.0,1.0
2071,189,0,0,0,0,0,0,1.0,1.0
2071,598,0,0,0,0,0,0,1.0,1.0
2071,44,1,0,1,0,0,0,0.6,0.8
2071,41,0,0,0,0,0,0,1.0,1.0
2071,202,0,0,0,0,0,0,1.0,1.0
2071,11,0,0,0,0,0,0,1.0,1.0
2071,591,0,0,0,0,0,0,1.0,1.0
2071,174,0,0,0,0,0,0,1.0,1.0
2071,720,2,2,2,2,2,2,1.0,1.0
2071,360,1,1,1,1,1,1,1.0,1.0
2071,527,0,0,0,0,0,0,1.0,1.0
2071,20,1,1,1,1,1,1,1.0,1.0
2071,519,0,0,0,0,0,0,1.0,1.0
2071,576,0,0,0,0,0,0,1.0,1.0
2071,655,1,1,1,1,1,1,1.0,1.0
2071,679,0,0,0,0,0,0,1.0,1.0
2071,282,0,0,0,0,0,0,1.0,1.0
2071,77,0,0,0,0,0,0,1.0,1.0
2071,283,0,0,0,0,0,0,1.0,1.0
2071,690,1,1,1,1,1,1,1.0,1.0
2071,558,1,1,1,1,1,1,1.0,1.0
2071,323,0,0,1,1,1,1,0.6,0.8
2071,148,1,1,1,1,1,1,1.0,1.0
2071,179,0,0,0,0,0,0,1.0,1.0
2071,293,0,0,0,0,0,0,1.0,1.0
2071,47,0,0,0,0,0,0,1.0,1.0
2071,266,0,0,0,0,0,0,1.0,1.0
2071,549,0,0,0,0,0,0,1.0,1.0
2071,653,1,1,1,1,1,1,1.0,1.0
2071,698,0,0,0,0,0,0,1.0,1.0
2071,466,0,0,0,0,0,0,1.0,1.0
2071,178,0,0,0,0,0,0,1.0,1.0
2071,325,0,0,0,0,0,0,1.0,1.0
2071,485,0,0,0,0,0,0,1.0,1.0
2071,474,0,0,0,0,0,0,1.0,1.0
2071,546,1,1,1,1,1,1,1.0,1.0
2071,134,0,0,0,0,0,0,1.0,1.0
2071,458,0,0,0,0,0,0,1.0,1.0
2071,406,0,0,0,0,0,0,1.0,1.0
2071,338,0,0,0,0,0,0,1.0,1.0
2071,318,0,0,0,0,0,0,1.0,1.0
2071,440,0,0,0,0,0,0,1.0,1.0
2071,734,0,0,0,0,0,0,1.0,1.0
2071,477,0,0,0,0,0,0,1.0,1.0
2071,184,1,1,1,1,1,1,1.0,1.0
2071,91,0,0,0,0,0,0,1.0,1.0
2071,560,0,0,0,0,0,0,1.0,1.0
2071,262,2,2,2,2,2,2,1.0,1.0
2071,522,0,0,0,0,0,0,1.0,1.0
2071,268,0,0,0,0,0,0,1.0,1.0
2071,288,1,1,1,1,1,1,1.0,1.0
2071,264,1,1,1,1,1,1,1.0,1.0
2071,333,0,0,0,0,0,0,1.0,1.0
2071,394,0,1,0,0,0,0,0.8,0.9
1579,96,1,0,1,1,1,1,0.8,0.9
1579,406,0,0,0,0,0,0,1.0,1.0
1579,486,0,0,0,0,0,0,1.0,1.0
1579,698,2,2,2,2,2,2,1.0,1.0
1579,270,1,1,1,1,1,1,1.0,1.0
1579,246,1,1,1,1,1,1,1.0,1.0
1579,734,1,1,1,1,1,1,1.0,1.0
1579,549,1,1,1,1,1,1,1.0,1.0
1579,282,0,0,0,0,0,0,1.0,1.0
1579,488,1,1,1,1,1,1,1.0,1.0
1579,202,0,0,0,0,0,0,1.0,1.0
1579,103,0,0,0,0,0,0,1.0,1.0
1579,77,0,0,0,0,0,0,1.0,1.0
1579,174,0,0,0,0,0,0,1.0,1.0
1579,670,0,0,0,0,0,0,1.0,1.0
1579,558,1,1,1,1,1,1,1.0,1.0
1579,111,0,0,0,0,0,0,1.0,1.0
1579,500,1,1,1,1,1,1,1.0,1.0
1579,724,0,0,0,0,0,0,1.0,1.0
1579,220,0,0,0,0,0,0,1.0,1.0
1579,323,0,0,0,0,0,0,1.0,1.0
1579,134,1,1,1,1,1,1,1.0,1.0
1579,700,0,0,0,0,0,0,1.0,1.0
1579,264,0,0,0,0,0,0,1.0,1.0
1579,466,1,1,1,1,1,1,1.0,1.0
1579,720,1,1,1,1,1,1,1.0,1.0
1579,620,0,0,0,0,0,0,1.0,1.0
1579,47,0,0,0,0,0,0,1.0,1.0
1579,198,0,0,0,0,0,0,1.0,1.0
1579,632,0,0,0,0,0,0,1.0,1.0
1579,35,1,1,1,1,1,1,1.0,1.0
1579,179,0,0,0,0,0,0,1.0,1.0
1579,679,0,0,0,0,0,0,1.0,1.0
1579,530,0,0,0,0,0,0,1.0,1.0
1579,646,0,0,0,0,0,0,1.0,1.0
1579,68,1,1,1,0,1,1,0.8,0.9
1579,691,0,0,0,0,0,0,1.0,1.0
1579,664,1,1,1,1,1,1,1.0,1.0
1579,654,0,1,0,0,0,0,0.8,0.9
1579,105,0,0,0,0,0,0,1.0,1.0
1579,476,1,1,1,1,1,1,1.0,1.0
1579,721,0,0,0,0,0,0,1.0,1.0
1579,291,0,0,0,0,0,0,1.0,1.0
1579,440,1,1,1,1,1,1,1.0,1.0
1579,421,0,0,0,0,0,0,1.0,1.0
1579,148,1,1,1,1,1,1,1.0,1.0
1579,91,0,0,0,0,0,0,1.0,1.0
1579,20,1,1,1,1,1,1,1.0,1.0
1579,266,1,1,1,1,1,1,1.0,1.0
1579,613,0,0,0,0,0,0,1.0,1.0
1579,261,0,0,0,0,0,0,1.0,1.0
1579,140,0,0,1,1,0,0,0.6,0.8
1579,189,0,0,0,0,0,0,1.0,1.0
1579,591,1,1,1,1,1,1,1.0,1.0
1579,718,0,0,0,0,0,0,1.0,1.0
1579,155,1,1,1,1,1,1,1.0,1.0
1579,161,0,0,0,0,0,0,1.0,1.0
1579,370,1,1,1,1,1,1,1.0,1.0
1579,564,1,1,1,1,1,1,1.0,1.0
1579,249,0,0,0,0,0,0,1.0,1.0
1579,124,1,1,1,1,1,1,1.0,1.0
1579,39,0,0,0,0,0,0,1.0,1.0
1579,548,0,0,0,0,0,0,1.0,1.0
1579,690,1,1,1,1,1,1,1.0,1.0
1579,44,0,0,0,0,0,0,1.0,1.0
1579,546,1,1,1,1,1,1,1.0,1.0
1579,379,0,0,0,0,0,0,1.0,1.0
1579,135,1,1,1,1,1,1,1.0,1.0
1579,459,1,1,1,1,1,1,1.0,1.0
1579,550,0,0,0,0,0,0,1.0,1.0
8442,698,0,0,0,0,0,0,1.0,1.0
8442,266,0,0,0,0,0,0,1.0,1.0
8442,459,0,1,1,1,1,1,0.8,0.9
8442,91,0,0,0,0,0,0,1.0,1.0
8442,148,1,1,1,1,1,1,1.0,1.0
8442,486,0,0,0,0,0,0,1.0,1.0
8442,262,1,1,1,1,1,1,1.0,1.0
8442,314,0,0,0,0,0,0,1.0,1.0
8442,353,0,0,0,0,0,0,1.0,1.0
8442,734,0,0,0,0,0,0,1.0,1.0
8442,302,0,0,0,0,0,0,1.0,1.0
8442,389,0,0,0,0,0,0,1.0,1.0
8442,690,0,0,0,0,0,0,1.0,1.0
8442,338,0,0,0,0,0,0,1.0,1.0
8442,124,1,1,1,1,1,1,1.0,1.0
8442,103,0,0,0,0,0,0,1.0,1.0
8442,11,0,0,0,0,0,0,1.0,1.0
8442,43,0,0,0,0,0,0,1.0,1.0
8442,88,0,0,0,0,0,0,1.0,1.0
8442,214,0,0,0,0,0,0,1.0,1.0
8442,189,0,0,0,0,0,0,1.0,1.0
8442,264,0,0,0,0,0,0,1.0,1.0
8442,323,0,0,0,0,0,0,1.0,1.0
8442,620,0,0,0,0,0,0,1.0,1.0
8442,44,0,1,1,1,1,1,0.8,0.9
8442,717,1,1,1,1,1,1,1.0,1.0
8442,653,0,0,0,0,0,0,1.0,1.0
8442,424,0,0,0,0,0,0,1.0,1.0
8442,666,0,0,0,0,0,0,1.0,1.0
8442,140,1,0,1,1,1,1,0.8,0.9
8442,485,0,0,0,0,0,0,1.0,1.0
8442,29,0,0,0,0,0,0,1.0,1.0
8442,466,0,0,0,0,0,0,1.0,1.0
8442,716,0,0,0,0,0,0,1.0,1.0
8442,354,0,0,0,0,0,0,1.0,1.0
8442,728,0,0,0,0,0,0,1.0,1.0
8442,431,0,0,0,0,0,0,1.0,1.0
8442,134,0,0,0,0,0,0,1.0,1.0
8442,655,0,0,0,0,0,0,1.0,1.0
8442,626,0,0,0,0,0,0,1.0,1.0
8442,202,0,0,0,0,0,0,1.0,1.0
8442,604,0,0,0,0,0,0,1.0,1.0
8442,77,0,0,0,0,0,0,1.0,1.0
8442,318,0,0,0,0,0,0,1.0,1.0
8442,546,0,0,0,0,0,0,1.0,1.0
8442,179,0,0,0,0,0,0,1.0,1.0
8442,308,0,0,0,0,0,0,1.0,1.0
8442,646,1,1,1,1,1,1,1.0,1.0
8442,473,0,0,0,0,0,0,1.0,1.0
8442,174,0,0,0,0,0,0,1.0,1.0
8442,282,0,0,0,0,0,0,1.0,1.0
8442,273,0,0,0,0,0,0,1.0,1.0
8442,591,0,0,0,0,0,0,1.0,1.0
8442,416,0,0,0,0,0,0,1.0,1.0
8442,566,2,2,2,2,2,2,1.0,1.0
8442,558,0,0,0,1,0,0,0.8,0.9
8442,47,0,0,0,0,0,0,1.0,1.0
8442,543,0,0,0,0,0,0,1.0,1.0
8442,111,0,0,0,0,0,0,1.0,1.0
8442,131,0,0,0,0,0,0,1.0,1.0
8442,489,0,0,0,0,0,0,1.0,1.0
8442,595,0,0,0,0,0,0,1.0,1.0
8442,440,0,0,0,0,0,0,1.0,1.0
8442,530,0,0,0,0,0,0,1.0,1.0
8442,464,0,0,0,0,0,0,1.0,1.0
8442,720,1,1,1,1,1,1,1.0,1.0
8442,549,0,0,0,0,0,0,1.0,1.0
8442,455,0,0,0,0,0,0,1.0,1.0
8442,109,0,0,0,0,0,0,1.0,1.0
8442,564,0,0,0,0,0,0,1.0,1.0
8442,20,1,0,0,0,0,0,0.8,0.9
8442,370,1,1,1,1,1,1,1.0,1.0
8442,158,0,0,0,0,0,0,1.0,1.0
8442,172,0,0,0,0,0,0,1.0,1.0
8442,281,0,0,0,0,0,0,1.0,1.0
8442,288,0,0,0,0,0,0,1.0,1.0
8442,679,0,0,0,0,0,0,1.0,1.0
8442,292,0,0,0,0,0,0,1.0,1.0
8442,270,0,0,0,0,0,0,1.0,1.0
1802,47,0,0,0,0,0,0,1.0,1.0
1802,679,1,1,1,1,1,1,1.0,1.0
1802,446,0,0,0,0,0,0,1.0,1.0
1802,174,1,1,1,1,1,1,1.0,1.0
1802,626,0,0,0,0,0,0,1.0,1.0
1802,564,0,0,0,0,0,0,1.0,1.0
1802,402,0,1,1,0,0,0,0.6,0.8
1802,160,0,0,0,0,0,0,1.0,1.0
1802,202,0,0,0,0,0,0,1.0,1.0
1802,357,0,0,0,0,0,0,1.0,1.0
1802,196,0,0,0,0,0,0,1.0,1.0
1802,416,0,0,0,0,0,0,1.0,1.0
1802,337,0,0,0,0,0,0,1.0,1.0
1802,134,1,1,1,1,1,1,1.0,1.0
1802,20,0,0,0,0,0,0,1.0,1.0
1802,294,0,0,0,0,0,0,1.0,1.0
1802,505,0,0,0,0,0,0,1.0,1.0
1802,530,0,0,0,0,0,0,1.0,1.0
1802,620,0,0,0,0,0,0,1.0,1.0
1802,549,2,2,2,2,2,2,1.0,1.0
1802,195,0,0,0,0,0,0,1.0,1.0
1802,282,0,0,0,0,0,0,1.0,1.0
1802,734,0,0,0,0,0,0,1.0,1.0
1802,18,0,0,0,0,0,0,1.0,1.0
1802,288,0,0,0,0,0,0,1.0,1.0
1802,102,1,1,1,1,1,1,1.0,1.0
1802,655,0,0,0,0,0,0,1.0,1.0
1802,591,0,0,0,0,0,0,1.0,1.0
1802,179,0,0,0,0,0,0,1.0,1.0
1802,510,0,0,0,0,0,0,1.0,1.0
1802,529,0,0,0,0,0,0,1.0,1.0
1802,318,0,0,0,0,0,0,1.0,1.0
1802,94,0,0,0,0,0,0,1.0,1.0
1802,44,0,0,0,0,0,0,1.0,1.0
1802,353,0,0,0,0,0,0,1.0,1.0
1802,267,0,0,0,0,0,0,1.0,1.0
1802,68,0,0,0,0,0,0,1.0,1.0
1802,218,0,0,0,0,0,0,1.0,1.0
1802,230,0,0,0,0,0,0,1.0,1.0
1802,395,0,0,0,0,0,0,1.0,1.0
1802,62,0,0,0,0,0,0,1.0,1.0
1802,454,0,0,0,0,0,0,1.0,1.0
1802,712,1,1,1,1,1,1,1.0,1.0
1802,595,0,0,0,0,0,0,1.0,1.0
1802,103,0,0,0,0,0,0,1.0,1.0
1802,720,0,0,0,0,0,0,1.0,1.0
1802,738,0,0,0,0,0,0,1.0,1.0
1802,131,0,0,0,0,0,0,1.0,1.0
1802,675,0,0,0,0,0,0,1.0,1.0
1802,485,0,0,0,0,0,0,1.0,1.0
1802,639,1,1,2,1,2,1,0.6,0.8
1802,646,0,0,0,0,0,0,1.0,1.0
1802,185,0,0,0,0,0,0,1.0,1.0
1802,338,1,1,1,1,1,1,1.0,1.0
1802,323,0,0,0,0,0,0,1.0,1.0
1802,321,0,0,0,0,0,0,1.0,1.0
1802,566,0,0,0,0,0,0,1.0,1.0
1802,137,0,0,0,0,0,0,1.0,1.0
1802,111,0,0,0,0,0,0,1.0,1.0
1802,645,0,0,0,0,0,0,1.0,1.0
1802,77,0,0,0,0,0,0,1.0,1.0
1802,690,0,0,0,0,0,0,1.0,1.0
1802,546,0,0,0,0,0,0,1.0,1.0
1802,727,1,1,1,1,1,1,1.0,1.0
1802,517,0,0,0,0,0,0,1.0,1.0
1802,262,0,0,0,0,0,0,1.0,1.0
1802,653,0,0,0,0,0,0,1.0,1.0
1802,498,0,0,0,0,0,0,1.0,1.0
1802,189,1,1,1,1,1,1,1.0,1.0
1802,328,0,0,0,0,0,0,1.0,1.0
1802,11,1,1,1,1,1,1,1.0,1.0
1802,79,0,0,0,0,0,0,1.0,1.0
1802,45,0,0,0,0,0,0,1.0,1.0
1802,91,1,1,1,1,1,1,1.0,1.0
1802,550,0,0,0,0,0,0,1.0,1.0
1802,12,0,0,0,0,0,0,1.0,1.0
1802,661,0,0,0,0,0,0,1.0,1.0
1802,266,0,0,0,0,0,0,1.0,1.0
1802,419,0,0,0,0,0,0,1.0,1.0
1802,370,0,0,0,0,0,0,1.0,1.0
1802,459,0,0,0,0,0,0,1.0,1.0
1802,270,0,0,0,0,0,0,1.0,1.0
1802,124,0,0,0,0,0,0,1.0,1.0
1802,148,0,0,0,0,0,0,1.0,1.0
1802,397,0,0,0,0,0,0,1.0,1.0
1802,440,1,1,1,1,1,1,1.0,1.0
1802,489,0,0,0,0,0,0,1.0,1.0
1802,466,1,1,1,1,1,1,1.0,1.0
1802,669,0,0,0,0,0,0,1.0,1.0
1802,140,1,1,1,1,1,1,1.0,1.0
1802,135,0,0,0,0,0,0,1.0,1.0
1802,486,0,0,0,0,0,0,1.0,1.0
1802,165,0,0,0,0,0,0,1.0,1.0
1802,314,0,0,0,0,0,0,1.0,1.0
1802,283,0,0,0,0,0,0,1.0,1.0
1802,264,0,0,0,0,0,0,1.0,1.0
1802,698,0,0,0,0,0,0,1.0,1.0
4474,94,0,0,0,0,0,0,1.0,1.0
4474,566,0,0,0,0,0,0,1.0,1.0
4474,77,0,0,0,0,0,0,1.0,1.0
4474,490,0,0,0,0,0,0,1.0,1.0
4474,63,1,1,1,1,1,1,1.0,1.0
4474,242,0,0,0,0,0,0,1.0,1.0
4474,464,0,0,0,0,0,0,1.0,1.0
4474,55,1,1,1,0,1,1,0.8,0.9
4474,720,1,1,1,1,1,1,1.0,1.0
4474,426,1,1,1,1,1,1,1.0,1.0
4474,607,0,0,0,0,0,0,1.0,1.0
4474,288,1,1,1,1,1,1,1.0,1.0
4474,646,0,0,0,0,0,0,1.0,1.0
4474,140,1,1,1,1,1,1,1.0,1.0
4474,35,1,1,1,1,1,1,1.0,1.0
4474,353,0,0,0,0,0,0,1.0,1.0
4474,736,0,0,0,0,0,0,1.0,1.0
4474,257,0,0,0,0,0,0,1.0,1.0
4474,11,0,0,0,0,0,0,1.0,1.0
4474,112,0,0,0,0,0,0,1.0,1.0
4474,591,0,0,0,0,0,0,1.0,1.0
4474,653,2,2,2,2,2,2,1.0,1.0
4474,504,0,0,0,0,0,0,1.0,1.0
4474,386,0,0,0,0,0,0,1.0,1.0
4474,364,2,2,2,2,2,2,1.0,1.0
4474,428,0,0,0,0,0,0,1.0,1.0
4474,131,0,0,1,0,1,0,0.6,0.8
4474,219,0,0,0,0,0,0,1.0,1.0
4474,664,0,1,0,1,0,0,0.6,0.8
4474,338,0,0,0,0,0,0,1.0,1.0
4474,106,0,0,0,0,0,0,1.0,1.0
4474,669,1,1,1,1,1,1,1.0,1.0
4474,390,0,0,0,0,0,0,1.0,1.0
4474,411,0,0,0,0,0,0,1.0,1.0
4474,70,0,0,0,0,0,0,1.0,1.0
4474,91,0,0,0,0,0,0,1.0,1.0
4474,486,0,0,0,0,0,0,1.0,1.0
4474,596,0,0,0,0,0,0,1.0,1.0
4474,29,2,2,2,2,2,2,1.0,1.0
4474,704,0,0,0,0,0,0,1.0,1.0
4474,270,1,1,1,1,1,1,1.0,1.0
4474,147,0,0,0,0,0,0,1.0,1.0
4474,511,0,0,0,0,0,0,1.0,1.0
4474,459,1,1,1,1,1,1,1.0,1.0
4474,520,0,0,0,0,0,0,1.0,1.0
4474,262,1,1,1,1,1,1,1.0,1.0
4474,440,1,0,0,1,0,0,0.6,0.8
4474,549,0,0,0,0,0,0,1.0,1.0
4474,103,1,1,1,1,1,1,1.0,1.0
4474,111,0,0,0,0,0,0,1.0,1.0
4474,202,0,0,0,0,0,0,1.0,1.0
4474,47,0,0,0,0,0,0,1.0,1.0
4474,314,1,1,1,1,1,1,1.0,1.0
4474,174,0,0,0,0,0,0,1.0,1.0
4474,458,1,1,1,1,1,1,1.0,1.0
4474,285,0,0,0,0,0,0,1.0,1.0
4474,282,0,0,0,0,0,0,1.0,1.0
4474,41,0,0,0,0,0,0,1.0,1.0
4474,489,0,0,0,0,0,0,1.0,1.0
4474,400,0,0,0,0,0,0,1.0,1.0
4474,191,0,0,0,0,0,0,1.0,1.0
6488,673,0,0,0,0,0,0,1.0,1.0
6488,589,0,0,0,0,0,0,1.0,1.0
6488,626,0,0,0,0,0,0,1.0,1.0
6488,438,0,0,0,0,0,0,1.0,1.0
6488,264,0,0,0,0,0,0,1.0,1.0
6488,591,0,0,0,0,0,0,1.0,1.0
6488,323,0,0,0,0,0,0,1.0,1.0
6488,466,0,0,0,0,0,0,1.0,1.0
6488,410,0,0,0,0,0,0,1.0,1.0
6488,698,0,0,0,0,0,0,1.0,1.0
6488,459,0,0,0,0,0,0,1.0,1.0
6488,330,0,0,0,0,0,0,1.0,1.0
6488,302,0,0,0,0,0,0,1.0,1.0
6488,530,0,0,0,0,0,0,1.0,1.0
6488,145,1,1,1,1,1,1,1.0,1.0
6488,693,0,0,0,0,0,0,1.0,1.0
6488,270,0,0,0,0,0,0,1.0,1.0
6488,449,0,0,0,0,0,0,1.0,1.0
6488,646,1,0,1,1,1,1,0.8,0.9
6488,653,1,1,1,1,1,1,1.0,1.0
6488,566,0,0,0,0,0,0,1.0,1.0
6488,338,0,0,0,0,0,0,1.0,1.0
6488,111,0,0,0,0,0,0,1.0,1.0
6488,262,0,0,0,0,0,0,1.0,1.0
6488,423,0,1,0,0,0,0,0.8,0.9
6488,564,1,0,0,0,1,0,0.6,0.8
6488,655,0,0,0,0,0,0,1.0,1.0
6488,485,0,0,0,0,0,0,1.0,1.0
6488,288,0,0,0,0,0,0,1.0,1.0
6488,101,0,0,0,0,0,0,1.0,1.0
6488,103,0,0,0,0,0,0,1.0,1.0
6488,44,0,0,0,0,0,0,1.0,1.0
6488,47,0,0,0,0,0,0,1.0,1.0
6488,435,0,0,0,0,0,0,1.0,1.0
6488,76,0,0,0,0,0,0,1.0,1.0
6488,546,0,0,0,0,0,0,1.0,1.0
6488,20,0,0,0,0,0,0,1.0,1.0
6488,679,0,0,0,0,0,0,1.0,1.0
6488,190,0,0,0,0,0,0,1.0,1.0
6488,402,0,0,0,0,0,0,1.0,1.0
6488,352,0,0,0,0,0,0,1.0,1.0
6488,690,0,0,0,0,0,0,1.0,1.0
6488,405,0,0,0,0,0,0,1.0,1.0
6488,634,1,1,1,1,1,1,1.0,1.0
6488,386,0,0,0,0,0,0,1.0,1.0
6488,494,0,0,0,0,0,0,1.0,1.0
6488,120,0,0,0,0,0,0,1.0,1.0
6488,140,2,1,1,1,1,1,0.8,0.9
6488,734,0,0,0,0,0,0,1.0,1.0
6488,77,0,0,0,0,0,0,1.0,1.0
6488,400,0,0,0,0,0,0,1.0,1.0
6488,489,0,0,0,0,0,0,1.0,1.0
6488,282,0,0,0,0,0,0,1.0,1.0
6488,486,0,0,0,0,0,0,1.0,1.0
6488,716,0,0,0,0,0,0,1.0,1.0
6488,266,1,1,1,1,1,1,1.0,1.0
6488,318,0,0,0,0,0,0,1.0,1.0
6488,202,0,0,0,0,0,0,1.0,1.0
6488,348,0,0,0,0,0,0,1.0,1.0
6488,131,0,0,0,0,0,0,1.0,1.0
6488,353,0,0,0,0,0,0,1.0,1.0
6488,549,0,0,0,0,0,0,1.0,1.0
6488,271,0,0,0,0,0,0,1.0,1.0
6488,189,0,0,0,0,0,0,1.0,1.0
6488,181,0,0,0,0,0,0,1.0,1.0
6488,440,1,1,1,1,1,1,1.0,1.0
6488,173,0,0,0,0,0,0,1.0,1.0
6488,370,1,0,1,0,0,0,0.6,0.8
6488,620,0,0,0,0,0,0,1.0,1.0
6488,275,0,0,0,0,0,0,1.0,1.0
6488,216,0,0,0,0,0,0,1.0,1.0
6488,493,0,0,0,0,0,0,1.0,1.0
6488,367,0,0,0,0,0,0,1.0,1.0
6488,179,0,0,0,0,0,0,1.0,1.0
6488,11,0,0,0,0,0,0,1.0,1.0
6488,148,0,0,0,0,0,0,1.0,1.0
6488,558,0,0,0,0,0,0,1.0,1.0
6488,314,0,0,0,0,0,0,1.0,1.0
6488,277,0,0,0,0,0,0,1.0,1.0
6488,718,0,0,0,0,0,0,1.0,1.0
6488,91,0,0,0,0,0,0,1.0,1.0
6488,174,0,0,0,0,1,0,0.8,0.9
6488,134,0,0,0,0,0,0,1.0,1.0
6488,720,0,0,0,0,0,0,1.0,1.0
2745,276,0,0,0,0,0,0,1.0,1.0
2745,335,0,0,0,0,0,0,1.0,1.0
2745,591,0,0,0,0,0,0,1.0,1.0
2745,445,0,0,0,0,0,0,1.0,1.0
2745,111,0,0,0,0,0,0,1.0,1.0
2745,233,1,1,1,1,1,1,1.0,1.0
2745,179,0,0,0,0,0,0,1.0,1.0
2745,440,0,0,0,0,0,0,1.0,1.0
2745,77,0,0,0,0,0,0,1.0,1.0
2745,142,0,0,0,0,0,0,1.0,1.0
2745,122,0,0,0,0,0,0,1.0,1.0
2745,328,0,0,0,0,0,0,1.0,1.0
2745,353,0,0,0,0,0,0,1.0,1.0
2745,370,2,2,2,2,2,2,1.0,1.0
2745,282,0,0,0,0,0,0,1.0,1.0
2745,734,0,0,0,0,0,0,1.0,1.0
2745,270,0,0,0,0,0,0,1.0,1.0
2745,486,0,0,0,0,0,0,1.0,1.0
2745,343,0,0,0,0,0,0,1.0,1.0
2745,633,0,0,0,0,0,0,1.0,1.0
2745,693,0,0,1,0,1,0,0.6,0.8
2745,262,2,2,2,2,2,2,1.0,1.0
2745,364,2,2,2,2,2,2,1.0,1.0
2745,349,0,0,0,0,0,0,1.0,1.0
2745,45,0,1,0,1,0,0,0.6,0.8
2745,134,0,0,1,0,0,0,0.8,0.9
2745,131,0,0,0,0,0,0,1.0,1.0
2745,189,0,0,0,0,0,0,1.0,1.0
2745,306,0,0,0,0,0,0,1.0,1.0
2745,103,0,0,0,0,0,0,1.0,1.0
2745,264,1,1,1,1,1,1,1.0,1.0
2745,564,0,0,0,0,0,0,1.0,1.0
2745,413,0,0,0,0,0,0,1.0,1.0
2745,273,0,0,0,0,0,0,1.0,1.0
2745,482,0,0,0,0,0,0,1.0,1.0
2745,547,0,0,0,0,0,0,1.0,1.0
2745,599,0,0,0,0,0,0,1.0,1.0
2745,20,0,1,0,0,0,0,0.8,0.9
2745,626,0,0,0,0,0,0,1.0,1.0
2745,318,0,0,0,0,0,0,1.0,1.0
2745,654,0,0,0,0,0,0,1.0,1.0
2745,279,0,0,0,0,0,0,1.0,1.0
2745,309,0,0,0,0,0,0,1.0,1.0
2745,566,0,0,0,0,0,0,1.0,1.0
2745,338,0,0,0,0,0,0,1.0,1.0
2745,690,1,1,1,1,1,1,1.0,1.0
2745,655,1,1,1,1,1,1,1.0,1.0
2745,18,2,2,2,2,2,2,1.0,1.0
2745,427,0,0,0,0,0,0,1.0,1.0
2745,174,0,0,0,0,0,0,1.0,1.0
2745,489,0,0,0,0,0,0,1.0,1.0
2745,266,1,1,1,1,1,1,1.0,1.0
2745,456,0,0,0,0,0,0,1.0,1.0
2745,355,1,1,0,0,1,1,0.6,0.8
2745,381,0,0,0,0,0,0,1.0,1.0
2745,485,0,0,0,0,0,0,1.0,1.0
2745,11,0,0,0,0,0,0,1.0,1.0
2745,213,0,0,0,0,0,0,1.0,1.0
2745,403,0,0,0,0,0,0,1.0,1.0
2745,620,0,0,0,0,0,0,1.0,1.0
2745,653,0,1,0,0,0,0,0.8,0.9
2745,314,1,1,1,1,1,1,1.0,1.0
2745,515,0,0,0,0,0,0,1.0,1.0
2745,47,0,0,0,0,0,0,1.0,1.0
2745,549,0,0,0,0,0,0,1.0,1.0
2745,288,2,2,2,2,2,2,1.0,1.0
2745,72,1,1,1,1,1,1,1.0,1.0
2745,462,0,0,0,0,1,0,0.8,0.9
2745,272,0,0,0,0,0,0,1.0,1.0
2745,176,2,2,2,2,2,2,1.0,1.0
2745,62,2,2,2,2,2,2,1.0,1.0
2745,530,1,1,0,1,1,1,0.8,0.9
2745,375,0,0,1,1,0,0,0.6,0.8
2745,574,1,1,0,0,0,0,0.6,0.8
2745,465,1,1,1,1,1,1,1.0,1.0
2745,674,0,0,0,0,0,0,1.0,1.0
2745,140,0,0,0,0,0,0,1.0,1.0
2745,389,0,0,0,0,0,0,1.0,1.0
2745,469,1,1,1,1,1,1,1.0,1.0
2745,240,0,0,0,0,0,0,1.0,1.0
2745,679,0,0,0,0,0,0,1.0,1.0
2745,466,0,0,0,0,0,0,1.0,1.0
2745,147,0,0,0,0,0,0,1.0,1.0
2745,182,2,2,2,2,2,2,1.0,1.0
2745,595,0,0,0,0,0,0,1.0,1.0
2745,323,0,0,0,0,0,0,1.0,1.0
2745,720,0,0,0,0,0,0,1.0,1.0
2745,148,1,0,1,1,0,1,0.6,0.8
2745,646,2,2,2,2,2,2,1.0,1.0
2745,167,0,0,0,0,0,0,1.0,1.0
2745,161,0,0,0,0,0,0,1.0,1.0
2745,202,0,0,0,0,0,0,1.0,1.0
2745,107,0,0,0,0,0,0,1.0,1.0
1931,629,0,0,0,0,0,0,1.0,1.0
1931,419,0,0,0,0,0,0,1.0,1.0
1931,697,0,0,0,0,0,0,1.0,1.0
1931,6,0,0,0,0,0,0,1.0,1.0
1931,474,1,1,1,1,1,1,1.0,1.0
1931,466,0,0,0,0,0,0,1.0,1.0
1931,19,0,0,0,0,0,0,1.0,1.0
1931,311,0,0,0,0,0,0,1.0,1.0
1931,266,0,0,0,0,0,0,1.0,1.0
1931,131,1,1,1,1,1,1,1.0,1.0
1931,690,1,0,0,0,0,0,0.8,0.9
1931,675,1,1,1,1,1,1,1.0,1.0
1931,564,0,0,0,0,0,0,1.0,1.0
1931,353,0,0,0,0,0,0,1.0,1.0
1931,134,1,1,1,1,1,1,1.0,1.0
1931,608,1,1,1,1,1,1,1.0,1.0
1931,734,0,0,0,0,0,0,1.0,1.0
1931,404,0,0,0,0,0,0,1.0,1.0
1931,335,0,0,0,0,0,0,1.0,1.0
1931,91,0,0,0,0,0,0,1.0,1.0
1931,655,0,0,0,0,0,0,1.0,1.0
1931,77,0,0,0,0,0,0,1.0,1.0
1931,459,1,1,1,1,1,1,1.0,1.0
1931,339,0,0,0,0,0,0,1.0,1.0
1931,333,0,0,0,0,0,0,1.0,1.0
1931,168,0,0,0,0,0,0,1.0,1.0
1931,338,0,0,0,0,0,0,1.0,1.0
1931,321,0,0,0,0,0,0,1.0,1.0
1931,347,0,0,0,0,0,0,1.0,1.0
1931,44,0,1,0,1,0,0,0.6,0.8
1931,549,0,0,0,0,0,0,1.0,1.0
1931,641,0,0,0,0,0,0,1.0,1.0
1931,509,0,0,0,0,0,0,1.0,1.0
1931,582,0,0,0,0,0,0,1.0,1.0
1931,148,1,1,1,1,1,1,1.0,1.0
1931,560,0,0,0,0,0,0,1.0,1.0
1931,323,0,0,0,0,0,0,1.0,1.0
1931,485,0,0,0,0,0,0,1.0,1.0
1931,303,0,0,0,0,0,0,1.0,1.0
1931,649,1,1,1,1,1,1,1.0,1.0
1931,101,0,0,0,0,0,0,1.0,1.0
1931,626,0,0,0,0,0,0,1.0,1.0
1931,738,0,0,0,0,0,0,1.0,1.0
1931,653,1,1,1,1,1,1,1.0,1.0
1931,261,0,0,0,0,0,0,1.0,1.0
1931,720,1,1,1,1,1,1,1.0,1.0
1931,39,0,0,0,0,0,0,1.0,1.0
1931,308,1,1,1,1,1,1,1.0,1.0
1931,143,0,0,0,0,0,0,1.0,1.0
1931,546,0,0,0,0,0,0,1.0,1.0
1931,530,0,0,0,0,0,0,1.0,1.0
1931,732,0,0,0,0,0,0,1.0,1.0
1931,489,0,0,0,0,0,0,1.0,1.0
1931,698,0,0,0,0,0,0,1.0,1.0
1931,425,0,0,0,0,0,0,1.0,1.0
1931,499,0,0,0,0,0,0,1.0,1.0
1931,679,0,0,0,0,0,0,1.0,1.0
1931,191,0,0,0,0,0,0,1.0,1.0
1931,496,0,0,0,0,0,0,1.0,1.0
1931,169,0,0,0,0,0,0,1.0,1.0
1931,370,1,0,1,1,1,1,0.8,0.9
1931,486,0,0,0,0,0,0,1.0,1.0
1931,644,0,0,0,0,0,0,1.0,1.0
1931,56,0,0,0,0,0,0,1.0,1.0
1931,189,0,0,0,0,0,0,1.0,1.0
1931,684,0,0,0,0,0,0,1.0,1.0
1931,130,0,0,0,0,0,0,1.0,1.0
1931,318,0,0,0,0,0,0,1.0,1.0
1931,271,0,0,0,0,0,0,1.0,1.0
1931,222,0,0,0,0,0,0,1.0,1.0
1931,406,0,0,0,0,0,0,1.0,1.0
1931,202,0,0,0,1,0,0,0.8,0.9
1931,84,0,0,0,0,0,0,1.0,1.0
1931,314,1,1,1,1,1,1,1.0,1.0
1931,47,0,0,0,0,0,0,1.0,1.0
2046,546,0,0,0,0,0,0,1.0,1.0
2046,140,0,0,0,0,0,0,1.0,1.0
2046,75,0,0,0,0,0,0,1.0,1.0
2046,646,0,0,0,0,0,0,1.0,1.0
2046,591,0,0,0,0,0,0,1.0,1.0
2046,266,0,0,0,0,0,0,1.0,1.0
2046,282,0,0,0,0,0,0,1.0,1.0
2046,455,0,0,0,0,0,0,1.0,1.0
2046,360,0,0,0,0,0,0,1.0,1.0
2046,502,0,0,0,0,0,0,1.0,1.0
2046,318,0,0,0,0,0,0,1.0,1.0
2046,564,0,0,0,0,0,0,1.0,1.0
2046,178,0,0,0,0,0,0,1.0,1.0
2046,626,0,0,0,0,0,0,1.0,1.0
2046,486,0,0,0,0,0,0,1.0,1.0
2046,353,0,0,0,0,0,0,1.0,1.0
2046,653,1,1,1,1,1,1,1.0,1.0
2046,405,0,0,0,0,0,0,1.0,1.0
2046,690,0,0,0,0,0,0,1.0,1.0
2046,226,0,0,0,0,0,0,1.0,1.0
2046,93,0,0,0,0,0,0,1.0,1.0
2046,655,0,0,0,0,0,0,1.0,1.0
2046,396,0,0,0,0,0,0,1.0,1.0
2046,270,0,0,0,0,0,0,1.0,1.0
2046,264,0,0,0,0,0,0,1.0,1.0
2046,312,0,0,0,0,0,0,1.0,1.0
2046,522,0,0,0,0,0,0,1.0,1.0
2046,113,0,0,0,0,0,0,1.0,1.0
2046,720,0,0,0,0,0,0,1.0,1.0
2046,566,0,0,0,0,0,0,1.0,1.0
2046,439,0,0,0,0,0,0,1.0,1.0
2046,466,0,0,0,0,0,0,1.0,1.0
2046,620,0,0,0,0,0,0,1.0,1.0
2046,515,0,0,0,0,0,0,1.0,1.0
2046,253,0,0,0,0,0,0,1.0,1.0
2046,87,0,0,0,0,0,0,1.0,1.0
2046,734,0,0,0,0,0,0,1.0,1.0
2046,167,0,0,0,0,0,0,1.0,1.0
2046,440,0,0,0,0,0,0,1.0,1.0
2046,134,0,0,0,0,0,0,1.0,1.0
2046,520,0,0,0,0,0,0,1.0,1.0
2046,393,0,0,0,0,0,0,1.0,1.0
2046,736,0,0,0,0,0,0,1.0,1.0
2046,105,0,0,0,0,0,0,1.0,1.0
2046,77,0,0,0,0,0,0,1.0,1.0
2046,698,0,0,0,0,0,0,1.0,1.0
2046,11,0,0,0,0,0,0,1.0,1.0
2046,622,0,0,0,0,0,0,1.0,1.0
2046,530,0,0,0,0,0,0,1.0,1.0
2046,174,0,0,0,0,0,0,1.0,1.0
2046,44,0,0,0,0,0,0,1.0,1.0
2046,323,0,0,0,0,0,0,1.0,1.0
2046,315,0,0,0,0,0,0,1.0,1.0
2046,256,0,0,0,0,0,0,1.0,1.0
2046,189,0,0,0,0,0,0,1.0,1.0
2046,370,0,0,0,0,0,0,1.0,1.0
2046,91,0,0,0,0,0,0,1.0,1.0
2046,444,0,0,0,0,0,0,1.0,1.0
2046,47,0,0,0,0,0,0,1.0,1.0
2046,55,0,0,0,0,0,0,1.0,1.0
2046,656,0,0,0,0,0,0,1.0,1.0
2046,679,0,0,0,0,0,0,1.0,1.0
2046,459,0,0,0,0,0,0,1.0,1.0
2046,20,0,0,0,0,0,0,1.0,1.0
2046,657,0,0,0,0,0,0,1.0,1.0
2046,485,0,0,0,0,0,0,1.0,1.0
2046,338,0,0,0,0,0,0,1.0,1.0
2046,314,0,0,0,0,0,0,1.0,1.0
2046,100,0,0,0,0,0,0,1.0,1.0
2046,288,0,0,0,0,0,0,1.0,1.0
2046,131,0,0,0,0,0,0,1.0,1.0
2046,556,0,0,0,0,0,0,1.0,1.0
2046,202,0,0,0,0,0,0,1.0,1.0
2046,549,0,0,0,0,0,0,1.0,1.0
2046,262,0,0,0,0,0,0,1.0,1.0
2046,111,0,0,0,0,0,0,1.0,1.0
2046,179,0,0,0,0,0,0,1.0,1.0
2046,489,0,0,0,0,0,0,1.0,1.0
2046,98,0,0,0,0,0,0,1.0,1.0
2046,163,0,0,0,0,0,0,1.0,1.0
2046,148,0,0,0,0,0,0,1.0,1.0
2046,103,0,0,0,0,0,0,1.0,1.0
2046,192,0,0,0,0,0,0,1.0,1.0
9222,672,0,0,0,0,0,0,1.0,1.0
9222,426,1,1,1,1,1,1,1.0,1.0
9222,663,0,0,0,0,0,0,1.0,1.0
9222,459,0,0,0,0,0,0,1.0,1.0
9222,472,0,0,0,0,0,0,1.0,1.0
9222,23,0,0,0,0,0,0,1.0,1.0
9222,87,0,0,0,0,0,0,1.0,1.0
9222,91,0,0,0,0,0,0,1.0,1.0
9222,262,1,1,1,1,1,1,1.0,1.0
9222,626,0,0,0,0,0,0,1.0,1.0
9222,62,0,0,0,0,0,0,1.0,1.0
9222,679,0,0,0,0,0,0,1.0,1.0
9222,282,0,0,0,0,0,0,1.0,1.0
9222,397,0,0,0,0,0,0,1.0,1.0
9222,191,0,0,0,0,0,0,1.0,1.0
9222,698,0,0,0,0,0,0,1.0,1.0
9222,695,0,0,0,0,0,0,1.0,1.0
9222,607,0,0,0,0,0,0,1.0,1.0
9222,514,1,1,1,1,1,1,1.0,1.0
9222,546,0,0,0,0,0,0,1.0,1.0
9222,11,0,0,0,0,0,0,1.0,1.0
9222,55,0,0,0,0,0,0,1.0,1.0
9222,229,0,1,1,1,0,1,0.6,0.8
9222,264,0,0,0,0,0,0,1.0,1.0
9222,517,0,0,0,0,0,0,1.0,1.0
9222,507,0,0,0,0,0,0,1.0,1.0
9222,179,0,0,0,0,0,0,1.0,1.0
9222,330,0,0,0,0,0,0,1.0,1.0
9222,140,1,1,1,1,1,1,1.0,1.0
9222,465,0,0,0,0,0,0,1.0,1.0
9222,65,0,0,0,0,0,0,1.0,1.0
9222,722,0,0,0,0,0,0,1.0,1.0
9222,308,0,0,0,0,0,0,1.0,1.0
9222,306,0,0,0,0,0,0,1.0,1.0
9222,440,0,0,0,0,0,0,1.0,1.0
9222,564,0,0,0,0,0,0,1.0,1.0
9222,434,0,0,0,0,0,0,1.0,1.0
9222,370,1,1,1,1,1,1,1.0,1.0
9222,174,0,0,0,0,0,0,1.0,1.0
9222,384,0,0,0,0,0,0,1.0,1.0
9222,691,0,0,0,0,0,0,1.0,1.0
9222,419,0,0,0,0,0,0,1.0,1.0
9222,530,0,0,0,0,0,0,1.0,1.0
9222,127,0,0,0,0,0,0,1.0,1.0
9222,171,0,0,0,0,0,0,1.0,1.0
9222,20,0,0,0,0,0,0,1.0,1.0
9222,351,0,0,0,0,0,0,1.0,1.0
9222,485,0,0,0,0,0,0,1.0,1.0
9222,523,0,0,0,0,0,0,1.0,1.0
9222,591,0,0,0,0,0,0,1.0,1.0
9222,739,0,0,0,0,0,0,1.0,1.0
9222,137,0,0,0,0,0,0,1.0,1.0
9222,620,0,0,0,0,0,0,1.0,1.0
9222,318,0,0,0,0,0,0,1.0,1.0
9222,371,0,0,0,0,0,0,1.0,1.0
9222,213,0,0,0,0,0,0,1.0,1.0
9222,708,0,0,0,0,0,0,1.0,1.0
9222,442,0,0,0,0,0,0,1.0,1.0
9222,60,0,0,0,0,0,0,1.0,1.0
9222,428,0,0,0,0,0,0,1.0,1.0
9222,134,0,0,0,0,0,0,1.0,1.0
9222,286,0,0,0,0,0,0,1.0,1.0
9222,266,0,0,0,0,0,0,1.0,1.0
9222,655,0,0,0,0,0,0,1.0,1.0
9222,608,0,0,0,0,0,0,1.0,1.0
9222,402,0,0,0,0,0,0,1.0,1.0
9222,26,1,1,1,1,1,1,1.0,1.0
9222,566,2,2,2,2,2,2,1.0,1.0
9222,111,0,0,0,0,0,0,1.0,1.0
9222,646,1,1,1,1,1,1,1.0,1.0
9222,44,0,1,0,0,1,0,0.6,0.8
9222,103,0,0,0,0,0,0,1.0,1.0
9222,19,0,0,0,0,0,0,1.0,1.0
8015,276,0,0,0,0,0,0,1.0,1.0
8015,236,0,0,0,0,0,0,1.0,1.0
8015,173,0,0,0,0,0,0,1.0,1.0
8015,425,0,0,0,0,0,0,1.0,1.0
8015,471,0,0,0,0,0,0,1.0,1.0
8015,309,0,0,0,0,0,0,1.0,1.0
8015,382,0,0,0,0,0,0,1.0,1.0
8015,132,0,0,0,0,0,0,1.0,1.0
8015,172,0,0,0,0,0,0,1.0,1.0
8015,610,1,1,1,1,1,1,1.0,1.0
8015,349,0,0,0,0,0,0,1.0,1.0
8015,358,0,0,0,0,0,0,1.0,1.0
8015,619,0,0,0,0,0,0,1.0,1.0
8015,267,0,0,0,0,0,0,1.0,1.0
8015,167,0,0,0,0,0,0,1.0,1.0
8015,594,0,0,0,0,0,0,1.0,1.0
8015,104,0,0,0,0,0,0,1.0,1.0
8015,702,0,0,0,0,0,0,1.0,1.0
8015,595,0,0,0,0,0,0,1.0,1.0
8015,202,0,0,0,0,0,0,1.0,1.0
8015,177,0,0,0,0,0,0,1.0,1.0
8015,369,0,0,0,0,0,0,1.0,1.0
8015,431,0,0,0,0,0,0,1.0,1.0
8015,613,0,0,0,0,0,0,1.0,1.0
8015,540,0,0,0,0,0,0,1.0,1.0
8015,59,0,0,0,0,0,0,1.0,1.0
8015,497,1,1,1,1,1,1,1.0,1.0
8015,253,0,0,0,0,0,0,1.0,1.0
8015,234,1,1,1,1,1,1,1.0,1.0
8015,241,0,0,0,0,0,0,1.0,1.0
8015,302,0,0,0,0,0,0,1.0,1.0
8015,525,0,0,0,0,0,0,1.0,1.0
8015,479,0,0,0,0,0,0,1.0,1.0
8015,421,0,0,0,0,0,0,1.0,1.0
8015,251,0,0,0,0,0,0,1.0,1.0
8015,586,0,0,0,0,0,0,1.0,1.0
8015,484,0,0,0,0,0,0,1.0,1.0
8015,447,0,0,0,0,0,0,1.0,1.0
8015,168,0,0,0,0,0,0,1.0,1.0
8015,307,0,0,0,0,0,0,1.0,1.0
8015,493,0,0,0,0,0,0,1.0,1.0
8015,521,0,0,0,0,0,0,1.0,1.0
8015,15,0,0,0,0,0,0,1.0,1.0
8015,360,0,0,0,0,0,0,1.0,1.0
8015,679,0,0,0,0,0,0,1.0,1.0
8015,380,0,0,0,0,0,0,1.0,1.0
8015,243,0,0,0,0,0,0,1.0,1.0
8015,188,1,1,1,1,1,1,1.0,1.0
8015,643,0,0,0,0,0,0,1.0,1.0
8015,694,1,1,1,1,1,1,1.0,1.0
8015,87,0,0,0,0,0,0,1.0,1.0
8015,239,0,0,0,0,0,0,1.0,1.0
8015,405,0,0,0,0,0,0,1.0,1.0
8015,384,0,0,0,0,0,0,1.0,1.0
8015,455,0,0,0,0,0,0,1.0,1.0
8015,63,0,0,0,0,0,0,1.0,1.0
8015,435,0,0,0,0,0,0,1.0,1.0
8015,524,0,0,0,0,0,0,1.0,1.0
8015,226,0,0,0,0,0,0,1.0,1.0
8015,150,0,0,0,0,0,0,1.0,1.0
8015,600,0,0,0,0,0,0,1.0,1.0
8015,117,1,1,1,1,1,1,1.0,1.0
8015,617,0,0,0,0,0,0,1.0,1.0
8015,354,0,0,0,0,0,0,1.0,1.0
8015,180,1,1,1,1,1,1,1.0,1.0
8015,565,0,0,0,0,0,0,1.0,1.0
8015,582,0,0,0,0,0,0,1.0,1.0
8015,463,0,0,0,0,0,0,1.0,1.0
8015,456,0,0,0,0,0,0,1.0,1.0
8015,427,0,0,0,0,0,0,1.0,1.0
8015,315,0,0,0,0,0,0,1.0,1.0
8015,506,0,0,0,0,0,0,1.0,1.0
5096,594,0,0,0,0,0,0,1.0,1.0
5096,346,0,0,0,0,0,0,1.0,1.0
5096,349,0,0,0,0,0,0,1.0,1.0
5096,132,2,2,2,2,2,2,1.0,1.0
5096,188,0,0,0,0,0,0,1.0,1.0
5096,554,0,0,0,0,0,0,1.0,1.0
5096,601,0,0,0,0,0,0,1.0,1.0
5096,107,0,0,0,0,0,0,1.0,1.0
5096,33,0,0,0,0,0,0,1.0,1.0
5096,248,0,0,0,0,0,0,1.0,1.0
5096,36,0,0,0,0,0,0,1.0,1.0
5096,565,2,2,2,2,2,2,1.0,1.0
5096,8,0,0,0,0,0,0,1.0,1.0
5096,623,0,0,0,0,0,0,1.0,1.0
5096,232,0,0,0,0,0,0,1.0,1.0
5096,353,1,1,1,0,1,1,0.8,0.9
5096,308,0,0,0,0,0,0,1.0,1.0
5096,543,0,0,0,0,0,0,1.0,1.0
5096,172,0,0,0,0,0,0,1.0,1.0
5096,42,0,0,0,0,0,0,1.0,1.0
5096,396,0,0,0,0,0,0,1.0,1.0
5096,421,0,0,0,0,0,0,1.0,1.0
5096,20,0,1,1,0,1,1,0.6,0.8
5096,276,2,2,2,2,2,2,1.0,1.0
5096,671,0,0,0,0,0,0,1.0,1.0
5096,150,0,0,0,0,0,0,1.0,1.0
5096,240,0,0,0,0,0,0,1.0,1.0
5096,75,1,1,0,0,0,0,0.6,0.8
5096,73,0,0,0,0,0,0,1.0,1.0
5096,327,0,0,0,0,0,0,1.0,1.0
5096,234,1,1,1,1,1,1,1.0,1.0
5096,341,0,0,0,0,0,0,1.0,1.0
5096,23,0,0,0,0,0,0,1.0,1.0
5096,597,1,1,1,1,1,1,1.0,1.0
5096,641,0,0,0,0,0,0,1.0,1.0
5096,497,0,0,0,0,0,0,1.0,1.0
5096,456,0,0,0,0,0,0,1.0,1.0
5096,610,0,0,0,0,0,0,1.0,1.0
5096,189,0,0,0,0,0,0,1.0,1.0
5096,131,0,0,0,0,0,0,1.0,1.0
5096,525,2,2,2,2,2,2,1.0,1.0
5096,17,0,0,0,0,0,0,1.0,1.0
5096,62,0,0,0,0,0,0,1.0,1.0
5096,629,0,0,0,0,0,0,1.0,1.0
5096,117,2,2,2,2,2,2,1.0,1.0
5096,230,0,0,0,0,0,0,1.0,1.0
5096,665,0,0,0,0,0,0,1.0,1.0
5096,27,0,0,0,0,0,0,1.0,1.0
5096,380,2,2,2,2,2,2,1.0,1.0
5096,524,0,0,0,0,0,0,1.0,1.0
5096,639,0,0,0,0,0,0,1.0,1.0
5096,705,1,1,1,0,1,1,0.8,0.9
5096,582,2,2,2,2,2,2,1.0,1.0
5096,59,0,0,0,0,0,0,1.0,1.0
5096,643,0,0,0,0,0,0,1.0,1.0
5096,369,0,0,0,0,0,0,1.0,1.0
5096,268,0,0,0,0,0,0,1.0,1.0
5096,637,0,0,0,0,0,0,1.0,1.0
5096,451,0,0,0,0,0,0,1.0,1.0
5096,180,0,0,0,0,0,0,1.0,1.0
1443,463,0,0,0,0,0,0,1.0,1.0
1443,267,0,0,0,0,0,0,1.0,1.0
1443,127,1,1,1,1,1,1,1.0,1.0
1443,643,0,0,0,0,0,0,1.0,1.0
1443,425,0,0,0,0,0,0,1.0,1.0
1443,337,1,1,1,1,1,1,1.0,1.0
1443,359,1,1,1,1,1,1,1.0,1.0
1443,189,0,0,0,0,0,0,1.0,1.0
1443,132,0,0,0,0,0,0,1.0,1.0
1443,645,0,0,0,0,0,0,1.0,1.0
1443,369,1,1,1,1,1,1,1.0,1.0
1443,431,1,1,1,1,1,1,1.0,1.0
1443,228,0,0,0,0,0,0,1.0,1.0
1443,70,0,0,0,0,0,0,1.0,1.0
1443,49,2,2,2,2,2,2,1.0,1.0
1443,107,1,1,1,1,1,1,1.0,1.0
1443,438,0,0,0,0,0,0,1.0,1.0
1443,247,0,0,0,0,0,0,1.0,1.0
1443,384,1,1,1,1,1,1,1.0,1.0
1443,275,1,1,1,1,1,1,1.0,1.0
1443,169,0,0,0,0,0,0,1.0,1.0
1443,292,1,1,1,1,1,1,1.0,1.0
1443,442,1,1,1,1,1,1,1.0,1.0
1443,524,1,1,1,1,1,1,1.0,1.0
1443,150,0,0,0,0,0,0,1.0,1.0
1443,541,0,0,0,0,0,0,1.0,1.0
1443,456,0,0,0,0,0,0,1.0,1.0
1443,59,0,0,0,0,0,0,1.0,1.0
1443,354,1,1,1,1,1,1,1.0,1.0
1443,391,1,1,1,1,1,1,1.0,1.0
1443,421,0,0,0,0,0,0,1.0,1.0
1443,447,0,0,0,0,0,0,1.0,1.0
1443,493,0,0,0,0,0,0,1.0,1.0
1443,172,1,1,1,1,1,1,1.0,1.0
1443,694,1,1,1,1,2,1,0.8,0.9
1443,657,0,0,0,0,0,0,1.0,1.0
1443,696,2,2,2,2,2,2,1.0,1.0
1443,558,1,1,1,1,1,1,1.0,1.0
1443,382,0,0,0,0,0,0,1.0,1.0
1443,349,0,0,0,0,0,0,1.0,1.0
1443,317,1,1,1,1,1,1,1.0,1.0
1443,276,0,0,0,0,0,0,1.0,1.0
1443,17,2,2,2,2,2,2,1.0,1.0
1443,497,1,1,1,1,1,1,1.0,1.0
1443,168,0,0,0,0,0,0,1.0,1.0
1443,530,1,1,1,1,1,1,1.0,1.0
1443,521,0,0,0,0,0,0,1.0,1.0
1443,380,0,0,0,0,0,0,1.0,1.0
1443,479,0,0,0,0,0,0,1.0,1.0
1443,737,0,0,0,0,0,0,1.0,1.0
1443,47,0,0,0,0,0,0,1.0,1.0
1443,725,0,0,0,0,0,0,1.0,1.0
1443,465,1,1,1,1,1,1,1.0,1.0
1443,180,1,1,1,1,1,1,1.0,1.0
1443,659,0,0,0,0,0,0,1.0,1.0
1443,582,0,0,0,0,0,0,1.0,1.0
1443,226,1,1,1,1,1,1,1.0,1.0
1443,243,0,0,0,0,0,0,1.0,1.0
1443,255,0,0,0,0,0,0,1.0,1.0
1443,565,0,0,0,0,0,0,1.0,1.0
1443,128,1,1,1,1,1,1,1.0,1.0
1443,386,0,0,0,0,0,0,1.0,1.0
1443,525,0,0,0,0,0,0,1.0,1.0
1443,188,1,1,1,1,1,1,1.0,1.0
1443,471,0,0,0,0,0,0,1.0,1.0
1443,117,1,1,1,1,1,1,1.0,1.0
1443,730,0,0,0,0,0,0,1.0,1.0
1443,594,0,0,0,0,0,0,1.0,1.0
1443,586,0,0,0,0,0,0,1.0,1.0
1443,173,0,0,0,0,0,0,1.0,1.0
1443,740,0,0,0,0,0,0,1.0,1.0
1443,649,2,2,2,2,2,2,1.0,1.0
1443,234,1,1,1,1,1,1,1.0,1.0
1443,619,0,0,0,0,0,0,1.0,1.0
1443,385,0,0,0,0,0,0,1.0,1.0
1443,712,1,1,1,1,1,1,1.0,1.0
1443,399,0,0,0,0,0,0,1.0,1.0
1443,258,0,0,0,0,0,0,1.0,1.0
1443,87,0,0,0,0,0,0,1.0,1.0
1443,610,1,1,1,1,1,1,1.0,1.0
2005,132,0,0,0,0,0,0,1.0,1.0
2005,383,0,0,0,0,0,0,1.0,1.0
2005,28,0,0,0,0,0,0,1.0,1.0
2005,342,0,0,0,0,0,0,1.0,1.0
2005,463,0,0,0,0,0,0,1.0,1.0
2005,101,0,0,0,0,0,0,1.0,1.0
2005,226,0,1,1,0,0,0,0.6,0.8
2005,384,0,0,0,0,0,0,1.0,1.0
2005,106,0,0,0,0,0,0,1.0,1.0
2005,162,0,0,0,0,0,0,1.0,1.0
2005,582,0,0,0,0,0,0,1.0,1.0
2005,66,0,0,0,0,0,0,1.0,1.0
2005,699,1,1,1,1,1,1,1.0,1.0
2005,447,0,0,0,0,0,0,1.0,1.0
2005,286,0,0,0,0,0,0,1.0,1.0
2005,168,0,0,0,0,0,0,1.0,1.0
2005,413,0,0,0,0,0,0,1.0,1.0
2005,59,0,0,0,0,0,0,1.0,1.0
2005,391,0,0,0,0,0,0,1.0,1.0
2005,436,0,0,0,0,0,0,1.0,1.0
2005,574,1,1,1,1,1,1,1.0,1.0
2005,378,1,1,1,1,1,1,1.0,1.0
2005,40,0,0,0,0,0,0,1.0,1.0
2005,243,0,0,0,0,0,0,1.0,1.0
2005,503,1,1,1,1,1,1,1.0,1.0
2005,425,0,0,0,0,0,0,1.0,1.0
2005,530,0,0,0,0,0,0,1.0,1.0
2005,601,1,1,0,1,0,1,0.6,0.8
2005,15,1,1,1,1,1,1,1.0,1.0
2005,624,0,0,0,0,0,0,1.0,1.0
2005,431,0,0,0,0,0,0,1.0,1.0
2005,497,1,1,1,1,1,1,1.0,1.0
2005,349,0,0,0,0,0,0,1.0,1.0
2005,315,0,0,0,0,0,0,1.0,1.0
2005,423,1,1,1,1,1,1,1.0,1.0
2005,344,0,0,0,0,0,0,1.0,1.0
2005,188,0,0,0,0,0,0,1.0,1.0
2005,643,0,0,0,0,0,0,1.0,1.0
2005,521,0,0,0,0,0,0,1.0,1.0
2005,619,0,0,0,0,0,0,1.0,1.0
2005,525,0,0,0,0,0,0,1.0,1.0
2005,586,0,0,0,0,0,0,1.0,1.0
2005,471,1,1,1,1,1,1,1.0,1.0
2005,524,0,0,0,0,0,0,1.0,1.0
2005,272,0,0,0,0,0,0,1.0,1.0
2005,479,0,0,0,0,0,0,1.0,1.0
2005,298,0,1,1,1,1,1,0.8,0.9
2005,199,0,0,0,0,0,0,1.0,1.0
2005,694,1,1,1,1,1,1,1.0,1.0
2005,594,0,0,0,0,0,0,1.0,1.0
2005,730,0,0,0,0,0,0,1.0,1.0
2005,87,0,0,0,0,0,0,1.0,1.0
2005,173,0,0,0,0,0,0,1.0,1.0
2005,733,0,0,0,0,0,0,1.0,1.0
2005,608,1,1,1,1,1,1,1.0,1.0
2005,552,0,0,0,0,0,0,1.0,1.0
2005,217,0,0,0,0,0,0,1.0,1.0
2005,637,0,0,0,0,0,0,1.0,1.0
2005,267,1,0,0,1,1,1,0.6,0.8
2005,382,0,0,0,0,0,0,1.0,1.0
2005,506,0,0,0,0,0,0,1.0,1.0
2005,127,0,0,0,0,0,0,1.0,1.0
2005,581,1,1,1,1,1,1,1.0,1.0
2005,456,0,0,0,0,0,0,1.0,1.0
2005,276,0,0,0,0,0,0,1.0,1.0
6128,368,0,0,0,0,0,0,1.0,1.0
6128,551,0,0,0,0,0,0,1.0,1.0
6128,610,0,0,0,0,0,0,1.0,1.0
6128,534,0,0,0,0,0,0,1.0,1.0
6128,479,0,0,0,0,0,0,1.0,1.0
6128,369,0,0,0,0,0,0,1.0,1.0
6128,350,0,0,0,0,0,0,1.0,1.0
6128,210,0,0,0,0,0,0,1.0,1.0
6128,431,0,0,0,0,0,0,1.0,1.0
6128,87,0,0,0,0,0,0,1.0,1.0
6128,97,0,0,0,0,0,0,1.0,1.0
6128,180,0,0,0,0,0,0,1.0,1.0
6128,540,0,0,0,0,0,0,1.0,1.0
6128,674,0,0,0,0,0,0,1.0,1.0
6128,669,1,1,1,1,1,1,1.0,1.0
6128,421,0,0,0,0,0,0,1.0,1.0
6128,212,0,0,0,0,0,0,1.0,1.0
6128,524,0,0,0,0,0,0,1.0,1.0
6128,213,0,0,0,0,0,0,1.0,1.0
6128,425,2,2,2,2,2,2,1.0,1.0
6128,226,0,0,0,0,0,0,1.0,1.0
6128,89,0,0,0,0,0,0,1.0,1.0
6128,692,0,0,0,0,0,0,1.0,1.0
6128,422,0,0,0,0,0,0,1.0,1.0
6128,8,0,0,0,0,0,0,1.0,1.0
6128,276,2,2,2,2,1,2,0.8,0.9
6128,234,0,0,0,0,0,0,1.0,1.0
6128,117,1,1,1,1,1,1,1.0,1.0
6128,384,0,0,0,0,0,0,1.0,1.0
6128,380,2,2,2,2,2,2,1.0,1.0
6128,521,0,0,0,0,0,0,1.0,1.0
6128,711,1,1,1,1,1,1,1.0,1.0
6128,619,0,0,0,0,0,0,1.0,1.0
6128,525,2,2,2,2,2,2,1.0,1.0
6128,694,1,1,1,1,1,1,1.0,1.0
6128,565,2,2,2,2,2,2,1.0,1.0
6128,389,0,0,0,0,0,0,1.0,1.0
6128,349,0,0,0,0,0,0,1.0,1.0
6128,82,0,0,0,0,0,0,1.0,1.0
6128,26,0,0,0,0,0,0,1.0,1.0
6128,594,0,0,0,0,0,0,1.0,1.0
6128,15,0,0,0,0,0,0,1.0,1.0
6128,173,0,0,0,0,0,0,1.0,1.0
6128,531,0,0,0,0,0,0,1.0,1.0
6128,132,2,2,2,2,2,2,1.0,1.0
6128,172,0,0,0,0,0,0,1.0,1.0
6128,243,0,0,0,0,0,0,1.0,1.0
6128,542,0,0,0,0,0,0,1.0,1.0
6128,585,0,0,0,0,0,0,1.0,1.0
6128,586,1,1,1,1,1,1,1.0,1.0
6128,471,2,2,2,2,2,2,1.0,1.0
6128,339,0,0,0,0,0,0,1.0,1.0
6128,150,0,0,0,0,0,0,1.0,1.0
6128,463,0,0,0,0,0,0,1.0,1.0
6128,467,0,0,0,0,0,0,1.0,1.0
6128,267,1,1,1,1,1,1,1.0,1.0
6128,456,0,0,0,0,0,0,1.0,1.0
6128,382,1,0,0,0,0,0,0.8,0.9
6128,447,0,0,0,0,0,0,1.0,1.0
6128,168,0,0,0,0,0,0,1.0,1.0
6128,319,0,0,0,0,0,0,1.0,1.0
6128,59,0,0,0,0,0,0,1.0,1.0
3031,384,0,0,0,0,0,0,1.0,1.0
3031,159,0,0,0,0,0,0,1.0,1.0
3031,431,1,1,1,1,1,1,1.0,1.0
3031,243,0,0,0,0,0,0,1.0,1.0
3031,586,1,1,1,1,1,1,1.0,1.0
3031,644,0,0,0,0,0,0,1.0,1.0
3031,117,2,2,2,2,2,2,1.0,1.0
3031,619,0,0,0,0,0,0,1.0,1.0
3031,636,0,0,0,0,0,0,1.0,1.0
3031,75,1,1,1,1,1,1,1.0,1.0
3031,635,0,0,0,0,0,0,1.0,1.0
3031,425,2,2,2,2,2,2,1.0,1.0
3031,103,0,0,0,0,0,0,1.0,1.0
3031,48,0,0,0,0,0,0,1.0,1.0
3031,596,0,0,0,0,0,0,1.0,1.0
3031,385,0,0,0,0,0,0,1.0,1.0
3031,638,0,0,0,0,0,0,1.0,1.0
3031,565,2,2,2,2,2,2,1.0,1.0
3031,297,0,0,0,0,0,0,1.0,1.0
3031,582,2,2,2,2,2,2,1.0,1.0
3031,594,0,0,0,0,0,0,1.0,1.0
3031,716,0,0,0,0,0,0,1.0,1.0
3031,163,0,0,0,0,0,0,1.0,1.0
3031,59,0,0,0,0,0,0,1.0,1.0
3031,524,0,0,0,0,0,0,1.0,1.0
3031,172,0,0,0,0,0,0,1.0,1.0
3031,456,0,0,0,0,0,0,1.0,1.0
3031,479,0,0,0,0,0,0,1.0,1.0
3031,167,0,0,0,0,0,0,1.0,1.0
3031,662,0,0,0,0,0,0,1.0,1.0
3031,426,0,0,0,0,0,0,1.0,1.0
3031,521,0,1,0,0,0,0,0.8,0.9
3031,421,0,0,0,0,0,0,1.0,1.0
3031,276,2,2,2,2,2,2,1.0,1.0
3031,610,0,0,0,0,0,0,1.0,1.0
3031,188,1,1,1,1,1,1,1.0,1.0
3031,184,0,0,0,0,0,0,1.0,1.0
3031,525,2,2,2,2,2,2,1.0,1.0
3031,150,0,0,0,0,0,0,1.0,1.0
3031,497,0,0,0,0,0,0,1.0,1.0
3031,267,1,1,1,1,1,1,1.0,1.0
3031,723,0,0,0,0,0,0,1.0,1.0
3031,694,0,0,0,0,0,0,1.0,1.0
3031,88,0,0,0,0,0,0,1.0,1.0
3031,367,0,0,0,0,0,0,1.0,1.0
3031,173,0,0,0,0,0,0,1.0,1.0
3031,454,0,0,0,0,0,0,1.0,1.0
3031,226,1,1,1,1,1,1,1.0,1.0
3031,349,0,0,0,0,0,0,1.0,1.0
3031,320,0,0,0,0,0,0,1.0,1.0
3031,132,2,2,2,2,2,2,1.0,1.0
3031,42,0,0,0,0,0,0,1.0,1.0
3031,17,0,0,0,0,0,0,1.0,1.0
3031,402,0,0,0,0,0,0,1.0,1.0
3031,683,0,0,0,0,0,0,1.0,1.0
3031,466,0,0,0,0,0,0,1.0,1.0
3031,532,0,0,0,0,0,0,1.0,1.0
3031,180,0,0,0,0,0,0,1.0,1.0
3031,643,0,0,0,0,0,0,1.0,1.0
3031,233,0,0,0,0,0,0,1.0,1.0
3031,520,1,1,1,1,1,1,1.0,1.0
3031,483,0,0,0,0,0,0,1.0,1.0
3031,447,0,0,0,0,0,0,1.0,1.0
3031,380,2,2,2,2,2,2,1.0,1.0
3031,44,0,0,0,0,0,0,1.0,1.0
3031,168,1,1,1,1,1,1,1.0,1.0
3031,382,1,1,1,1,1,1,1.0,1.0
3031,471,2,2,2,2,2,2,1.0,1.0
3031,95,1,1,1,1,1,1,1.0,1.0
3031,398,0,0,0,0,0,0,1.0,1.0
3031,93,0,0,0,0,0,0,1.0,1.0
3031,463,0,0,0,0,0,0,1.0,1.0
3031,200,0,0,0,0,0,0,1.0,1.0
3031,220,0,0,0,0,0,0,1.0,1.0
3031,369,0,0,0,0,0,0,1.0,1.0
3031,115,0,0,0,0,0,0,1.0,1.0
3031,87,0,0,0,0,0,0,1.0,1.0
3031,234,1,1,1,1,1,1,1.0,1.0
4294,643,0,0,0,0,0,0,1.0,1.0
4294,610,0,0,0,0,0,0,1.0,1.0
4294,243,0,0,0,0,0,0,1.0,1.0
4294,421,0,0,0,0,0,0,1.0,1.0
4294,98,0,0,0,0,0,0,1.0,1.0
4294,479,0,0,0,0,0,0,1.0,1.0
4294,172,0,0,0,0,0,0,1.0,1.0
4294,563,0,0,0,0,0,0,1.0,1.0
4294,497,0,0,0,0,0,0,1.0,1.0
4294,300,0,0,0,0,0,0,1.0,1.0
4294,719,0,0,0,0,0,0,1.0,1.0
4294,672,0,0,0,0,0,0,1.0,1.0
4294,369,0,0,0,0,0,0,1.0,1.0
4294,446,0,0,0,0,0,0,1.0,1.0
4294,586,1,1,1,1,1,1,1.0,1.0
4294,173,0,0,0,0,0,0,1.0,1.0
4294,705,0,0,0,0,0,0,1.0,1.0
4294,431,0,0,0,0,0,0,1.0,1.0
4294,691,0,0,0,0,0,0,1.0,1.0
4294,344,0,0,0,0,0,0,1.0,1.0
4294,234,0,0,0,0,0,0,1.0,1.0
4294,508,0,0,0,0,0,0,1.0,1.0
4294,496,0,0,0,0,0,0,1.0,1.0
4294,226,0,0,0,0,0,0,1.0,1.0
4294,346,0,0,0,0,0,0,1.0,1.0
4294,154,0,0,0,0,0,0,1.0,1.0
4294,17,0,0,0,0,0,0,1.0,1.0
4294,267,0,0,0,0,0,0,1.0,1.0
4294,727,0,0,0,0,0,0,1.0,1.0
4294,384,0,0,0,0,0,0,1.0,1.0
4294,554,0,0,0,0,0,0,1.0,1.0
4294,521,0,0,0,0,0,0,1.0,1.0
4294,168,0,0,0,0,0,0,1.0,1.0
4294,212,0,0,0,0,0,0,1.0,1.0
4294,150,0,0,0,0,0,0,1.0,1.0
4294,447,0,0,0,0,0,0,1.0,1.0
4294,448,0,0,0,0,0,0,1.0,1.0
4294,333,0,0,0,0,0,0,1.0,1.0
4294,240,0,0,0,0,0,0,1.0,1.0
4294,256,0,0,0,0,0,0,1.0,1.0
4294,678,0,0,0,0,0,0,1.0,1.0
4294,0,0,0,0,0,0,0,1.0,1.0
4294,108,0,0,0,0,0,0,1.0,1.0
4294,425,0,0,0,0,0,0,1.0,1.0
4294,42,0,0,0,0,0,0,1.0,1.0
4294,613,0,0,0,0,0,0,1.0,1.0
4294,382,0,0,0,0,0,0,1.0,1.0
4294,82,0,0,0,0,0,0,1.0,1.0
4294,488,1,1,1,1,1,1,1.0,1.0
4294,500,0,0,0,0,0,0,1.0,1.0
4294,664,0,0,0,0,0,0,1.0,1.0
4294,536,0,0,0,0,0,0,1.0,1.0
4294,694,0,0,0,0,0,0,1.0,1.0
4294,507,0,0,0,0,0,0,1.0,1.0
4294,463,0,0,0,0,0,0,1.0,1.0
4294,57,0,0,0,0,0,0,1.0,1.0
4294,87,0,0,0,0,0,0,1.0,1.0
4294,299,0,0,0,0,0,0,1.0,1.0
4294,601,0,0,0,0,0,0,1.0,1.0
4294,366,0,0,0,0,0,0,1.0,1.0
4294,619,0,0,0,0,0,0,1.0,1.0
4294,380,2,2,2,2,1,2,0.8,0.9
4294,188,0,0,0,0,0,0,1.0,1.0
4294,117,1,1,1,1,1,1,1.0,1.0
4294,1,0,0,0,0,0,0,1.0,1.0
4294,182,0,0,0,0,0,0,1.0,1.0
4294,565,2,2,2,2,2,2,1.0,1.0
4294,471,0,0,0,0,0,0,1.0,1.0
4294,582,2,2,2,2,2,2,1.0,1.0
4294,120,0,0,0,0,0,0,1.0,1.0
6197,592,0,0,0,0,0,0,1.0,1.0
6197,81,1,1,1,1,1,1,1.0,1.0
6197,173,0,0,0,0,0,0,1.0,1.0
6197,82,0,0,0,0,0,0,1.0,1.0
6197,574,0,0,0,0,0,0,1.0,1.0
6197,582,1,1,1,2,2,1,0.6,0.8
6197,729,1,1,1,1,1,1,1.0,1.0
6197,619,0,0,0,0,0,0,1.0,1.0
6197,638,0,0,0,0,0,0,1.0,1.0
6197,380,2,2,2,2,2,2,1.0,1.0
6197,226,1,1,1,1,1,1,1.0,1.0
6197,180,1,1,1,1,1,1,1.0,1.0
6197,541,1,1,1,1,1,1,1.0,1.0
6197,150,0,0,0,0,0,0,1.0,1.0
6197,249,0,0,0,0,0,0,1.0,1.0
6197,124,1,1,1,1,1,1,1.0,1.0
6197,125,0,0,0,0,0,0,1.0,1.0
6197,471,1,1,1,1,1,1,1.0,1.0
6197,369,0,0,0,0,0,0,1.0,1.0
6197,349,0,0,0,0,0,0,1.0,1.0
6197,521,1,1,1,1,1,1,1.0,1.0
6197,420,0,0,0,0,0,0,1.0,1.0
6197,195,0,0,0,0,0,0,1.0,1.0
6197,421,1,1,1,1,1,1,1.0,1.0
6197,594,0,0,0,0,0,0,1.0,1.0
6197,529,0,0,0,0,0,0,1.0,1.0
6197,525,2,2,2,2,2,2,1.0,1.0
6197,431,1,1,1,1,1,1,1.0,1.0
6197,524,0,0,0,0,0,0,1.0,1.0
6197,6,0,0,0,0,0,0,1.0,1.0
6197,132,2,2,2,2,2,2,1.0,1.0
6197,508,0,0,0,0,0,0,1.0,1.0
6197,634,0,0,0,0,0,0,1.0,1.0
6197,298,0,0,0,0,0,0,1.0,1.0
6197,197,0,0,0,0,0,0,1.0,1.0
6197,59,0,0,0,0,0,0,1.0,1.0
6197,408,2,2,2,2,2,2,1.0,1.0
6197,14,1,1,1,1,1,1,1.0,1.0
6197,280,0,0,0,0,0,0,1.0,1.0
6197,257,0,0,0,0,0,0,1.0,1.0
6197,168,0,0,0,0,0,0,1.0,1.0
6197,479,0,0,0,0,0,0,1.0,1.0
6197,214,0,0,0,0,0,0,1.0,1.0
6197,371,0,0,0,0,0,0,1.0,1.0
6197,698,0,0,0,0,0,0,1.0,1.0
6197,461,0,0,0,0,0,0,1.0,1.0
6197,288,1,1,1,1,1,1,1.0,1.0
6197,117,1,1,1,2,1,1,0.8,0.9
6197,143,0,0,0,0,0,0,1.0,1.0
6197,720,1,1,1,1,1,1,1.0,1.0
6197,188,1,1,1,1,1,1,1.0,1.0
6197,360,0,0,0,0,0,0,1.0,1.0
6197,586,2,2,2,2,2,2,1.0,1.0
6197,267,1,1,1,1,1,1,1.0,1.0
6197,234,1,1,1,1,1,1,1.0,1.0
6197,243,0,0,0,0,0,0,1.0,1.0
6197,37,0,0,0,0,0,0,1.0,1.0
6197,463,1,1,1,1,1,1,1.0,1.0
6197,358,0,0,0,0,0,0,1.0,1.0
6197,497,1,1,1,1,1,1,1.0,1.0
6197,447,0,0,0,0,0,0,1.0,1.0
6197,587,0,0,0,0,0,0,1.0,1.0
6197,643,0,0,0,0,0,0,1.0,1.0
6197,355,1,1,0,1,1,1,0.8,0.9
6197,392,0,0,0,0,0,0,1.0,1.0
6197,610,0,0,0,0,0,0,1.0,1.0
6197,87,0,0,0,0,0,0,1.0,1.0
6197,558,1,1,1,1,1,1,1.0,1.0
6197,310,0,0,0,0,0,0,1.0,1.0
6197,102,0,0,0,0,0,0,1.0,1.0
6197,425,1,1,1,1,1,1,1.0,1.0
6197,470,0,0,0,0,0,0,1.0,1.0
6197,382,0,0,0,0,0,0,1.0,1.0
6197,565,2,2,2,2,2,2,1.0,1.0
6197,174,0,0,0,0,0,0,1.0,1.0
915,188,0,0,0,0,0,0,1.0,1.0
915,184,1,1,0,0,0,0,0.6,0.8
915,101,0,0,0,0,0,0,1.0,1.0
915,422,0,0,0,0,0,0,1.0,1.0
915,431,0,0,0,0,0,0,1.0,1.0
915,228,1,1,1,1,1,1,1.0,1.0
915,611,0,0,0,0,0,0,1.0,1.0
915,623,0,0,0,0,0,0,1.0,1.0
915,56,0,0,0,0,0,0,1.0,1.0
915,93,0,0,0,0,0,0,1.0,1.0
915,456,0,0,0,0,0,0,1.0,1.0
915,684,1,1,1,1,1,1,1.0,1.0
915,349,0,0,0,0,0,0,1.0,1.0
915,205,0,0,0,0,0,0,1.0,1.0
915,240,0,0,1,1,1,1,0.6,0.8
915,627,0,0,0,0,0,0,1.0,1.0
915,57,0,0,0,0,0,0,1.0,1.0
915,619,0,0,0,0,0,0,1.0,1.0
915,359,1,1,1,0,0,1,0.6,0.8
915,610,0,0,0,0,0,0,1.0,1.0
915,565,0,0,0,0,0,0,1.0,1.0
915,154,1,1,1,1,1,1,1.0,1.0
915,525,0,0,0,0,0,0,1.0,1.0
915,701,0,0,0,0,0,0,1.0,1.0
915,334,0,0,0,0,0,0,1.0,1.0
915,108,0,0,0,0,0,0,1.0,1.0
915,172,0,0,0,0,0,0,1.0,1.0
915,586,1,1,1,1,1,1,1.0,1.0
915,384,0,0,0,0,0,0,1.0,1.0
915,446,0,0,0,0,0,0,1.0,1.0
915,327,0,0,0,0,0,0,1.0,1.0
915,234,1,0,0,1,1,1,0.6,0.8
915,589,0,0,0,0,0,0,1.0,1.0
915,276,0,0,0,0,0,0,1.0,1.0
915,55,1,1,1,1,1,1,1.0,1.0
915,150,0,0,0,0,0,0,1.0,1.0
915,16,1,1,1,1,1,1,1.0,1.0
915,321,0,0,0,0,0,0,1.0,1.0
915,149,0,0,0,0,0,0,1.0,1.0
915,461,0,0,0,0,0,0,1.0,1.0
915,524,0,0,0,0,0,0,1.0,1.0
915,515,0,0,0,0,0,0,1.0,1.0
915,477,0,0,0,0,0,0,1.0,1.0
915,360,0,0,0,0,0,0,1.0,1.0
915,487,0,0,0,0,0,0,1.0,1.0
915,492,0,0,0,0,0,0,1.0,1.0
915,594,0,0,0,0,0,0,1.0,1.0
915,173,0,0,0,0,0,0,1.0,1.0
915,481,0,0,0,0,0,0,1.0,1.0
915,168,0,0,0,0,0,0,1.0,1.0
915,418,0,0,0,0,0,0,1.0,1.0
915,543,1,1,1,1,1,1,1.0,1.0
915,369,0,0,0,0,0,0,1.0,1.0
915,380,0,0,0,0,0,0,1.0,1.0
915,267,1,1,1,1,1,1,1.0,1.0
915,694,0,0,0,0,0,0,1.0,1.0
915,212,0,0,0,0,0,0,1.0,1.0
915,180,1,1,1,1,1,1,1.0,1.0
915,113,0,0,0,0,0,0,1.0,1.0
915,707,0,0,0,0,0,0,1.0,1.0
915,479,1,1,1,1,1,1,1.0,1.0
915,18,1,1,1,1,1,1,1.0,1.0
915,612,1,1,1,1,1,1,1.0,1.0
915,444,0,0,0,0,0,0,1.0,1.0
915,674,1,1,1,1,1,1,1.0,1.0
915,270,0,0,0,0,0,0,1.0,1.0
915,468,0,0,0,0,0,0,1.0,1.0
915,582,0,0,0,0,0,0,1.0,1.0
915,521,0,0,0,0,0,0,1.0,1.0
915,382,0,0,0,0,0,0,1.0,1.0
915,497,0,0,1,1,1,1,0.6,0.8
5343,425,2,2,2,2,2,2,1.0,1.0
5343,172,0,0,0,0,0,0,1.0,1.0
5343,382,0,1,0,0,0,0,0.8,0.9
5343,471,2,2,2,2,2,2,1.0,1.0
5343,13,0,0,0,0,0,0,1.0,1.0
5343,232,0,0,0,0,0,0,1.0,1.0
5343,124,1,1,1,1,1,1,1.0,1.0
5343,694,1,1,1,1,1,1,1.0,1.0
5343,15,0,0,0,0,0,0,1.0,1.0
5343,343,0,0,0,0,0,0,1.0,1.0
5343,458,0,0,0,0,0,0,1.0,1.0
5343,364,0,0,0,0,0,0,1.0,1.0
5343,301,0,0,0,0,0,0,1.0,1.0
5343,282,0,0,0,0,0,0,1.0,1.0
5343,463,0,0,0,0,0,0,1.0,1.0
5343,542,0,0,0,0,0,0,1.0,1.0
5343,511,0,0,0,0,0,0,1.0,1.0
5343,380,2,2,2,2,2,2,1.0,1.0
5343,619,0,1,1,1,1,1,0.8,0.9
5343,226,0,0,0,0,0,0,1.0,1.0
5343,485,0,0,0,0,0,0,1.0,1.0
5343,686,0,0,0,0,0,0,1.0,1.0
5343,188,0,0,0,1,0,0,0.8,0.9
5343,524,0,0,0,0,0,0,1.0,1.0
5343,173,0,0,0,0,0,0,1.0,1.0
5343,150,0,0,0,0,0,0,1.0,1.0
5343,230,1,1,1,1,1,1,1.0,1.0
5343,695,1,1,1,1,1,1,1.0,1.0
5343,586,2,2,2,2,2,2,1.0,1.0
5343,525,2,2,2,2,2,2,1.0,1.0
5343,19,0,0,0,0,0,0,1.0,1.0
5343,277,0,0,0,0,0,0,1.0,1.0
5343,168,1,1,1,1,1,1,1.0,1.0
5343,117,2,2,2,2,2,2,1.0,1.0
5343,456,0,0,0,0,0,0,1.0,1.0
5343,318,0,0,0,0,0,0,1.0,1.0
5343,299,0,0,0,0,0,0,1.0,1.0
5343,328,0,0,0,0,0,0,1.0,1.0
5343,652,0,0,0,0,0,0,1.0,1.0
5343,565,2,2,2,2,2,2,1.0,1.0
5343,527,0,0,0,0,0,0,1.0,1.0
5343,317,1,1,1,0,1,1,0.8,0.9
5343,475,1,1,1,1,1,1,1.0,1.0
5343,610,0,0,0,0,0,0,1.0,1.0
5343,204,0,0,0,0,0,0,1.0,1.0
5343,132,2,2,2,2,2,2,1.0,1.0
5343,349,0,0,0,0,0,0,1.0,1.0
5343,540,0,0,0,0,0,0,1.0,1.0
5343,454,0,0,0,0,0,0,1.0,1.0
5343,512,0,0,0,0,0,0,1.0,1.0
5343,638,0,0,0,0,0,0,1.0,1.0
5343,447,1,1,1,1,1,1,1.0,1.0
5343,180,1,1,1,1,1,1,1.0,1.0
5343,33,1,1,1,1,1,1,1.0,1.0
5343,521,0,1,0,1,1,1,0.6,0.8
5343,733,0,0,0,0,0,0,1.0,1.0
5343,234,1,2,2,1,2,2,0.6,0.8
5343,624,0,0,0,0,0,0,1.0,1.0
5343,594,0,0,0,0,0,0,1.0,1.0
5343,479,0,0,0,0,1,0,0.8,0.9
5343,489,0,0,0,0,0,0,1.0,1.0
5343,384,0,0,0,0,0,0,1.0,1.0
5343,548,0,0,0,0,0,0,1.0,1.0
5343,65,0,0,0,0,0,0,1.0,1.0
5343,38,0,0,0,0,0,0,1.0,1.0
5343,544,0,0,0,1,1,0,0.6,0.8
5343,689,1,0,1,1,1,1,0.8,0.9
5343,276,2,2,2,2,2,2,1.0,1.0
5343,87,0,0,0,0,0,0,1.0,1.0
5343,631,0,0,0,0,0,0,1.0,1.0
5343,616,0,0,0,0,0,0,1.0,1.0
5343,404,0,0,0,0,0,0,1.0,1.0
5343,285,0,0,0,0,0,0,1.0,1.0
5343,421,0,0,0,0,0,0,1.0,1.0
5343,59,0,0,0,0,0,0,1.0,1.0
5343,643,0,0,0,0,0,0,1.0,1.0
5343,414,1,0,0,0,0,0,0.8,0.9
5343,369,0,0,0,0,0,0,1.0,1.0
5343,243,0,0,0,0,0,0,1.0,1.0
2228,668,0,0,0,0,0,0,1.0,1.0
2228,290,0,0,0,0,0,0,1.0,1.0
2228,329,0,0,0,0,0,0,1.0,1.0
2228,276,2,2,2,2,2,2,1.0,1.0
2228,59,0,0,0,0,0,0,1.0,1.0
2228,285,0,0,0,0,0,0,1.0,1.0
2228,168,0,0,0,0,0,0,1.0,1.0
2228,582,1,2,1,1,2,1,0.6,0.8
2228,694,0,0,0,0,0,0,1.0,1.0
2228,524,0,0,0,0,0,0,1.0,1.0
2228,425,2,2,2,2,2,2,1.0,1.0
2228,94,0,0,0,0,0,0,1.0,1.0
2228,87,0,0,0,0,0,0,1.0,1.0
2228,173,0,0,0,0,0,0,1.0,1.0
2228,30,0,0,0,0,0,0,1.0,1.0
2228,733,0,0,0,0,0,0,1.0,1.0
2228,96,0,0,0,0,0,0,1.0,1.0
2228,437,0,0,0,0,0,0,1.0,1.0
2228,650,0,0,0,0,0,0,1.0,1.0
2228,586,1,1,1,1,1,1,1.0,1.0
2228,180,0,0,0,0,0,0,1.0,1.0
2228,411,0,0,0,0,0,0,1.0,1.0
2228,384,0,0,0,0,0,0,1.0,1.0
2228,132,2,2,2,2,2,2,1.0,1.0
2228,175,0,0,0,0,0,0,1.0,1.0
2228,408,1,1,1,1,1,1,1.0,1.0
2228,497,0,0,0,0,0,0,1.0,1.0
2228,447,0,0,0,0,0,0,1.0,1.0
2228,536,0,0,0,0,0,0,1.0,1.0
2228,150,0,0,0,0,0,0,1.0,1.0
2228,495,0,0,0,0,0,0,1.0,1.0
2228,117,2,2,2,2,2,2,1.0,1.0
2228,287,0,0,0,0,0,0,1.0,1.0
2228,579,0,0,0,0,0,0,1.0,1.0
2228,643,0,0,0,0,0,0,1.0,1.0
2228,565,2,2,2,2,2,2,1.0,1.0
2228,382,1,1,1,0,1,1,0.8,0.9
2228,172,0,0,0,0,0,0,1.0,1.0
2228,369,0,0,0,0,0,0,1.0,1.0
2228,83,0,0,0,0,0,0,1.0,1.0
2228,380,2,2,2,2,2,2,1.0,1.0
2228,610,0,0,0,0,0,0,1.0,1.0
2228,521,0,0,0,0,0,0,1.0,1.0
2228,457,0,0,0,0,0,0,1.0,1.0
2228,581,0,0,0,0,0,0,1.0,1.0
2228,421,0,0,0,0,0,0,1.0,1.0
2228,431,0,0,0,0,0,0,1.0,1.0
2228,267,1,1,1,1,1,1,1.0,1.0
2228,188,0,0,0,0,0,0,1.0,1.0
2228,705,1,1,1,1,1,1,1.0,1.0
2228,689,0,0,0,0,0,0,1.0,1.0
2228,463,0,0,0,0,0,0,1.0,1.0
2228,525,2,2,2,2,2,2,1.0,1.0
2228,673,0,0,0,0,0,0,1.0,1.0
2228,379,0,0,0,0,0,0,1.0,1.0
2228,456,0,0,0,0,0,0,1.0,1.0
2228,226,1,1,1,1,1,1,1.0,1.0
2228,564,0,0,0,0,0,0,1.0,1.0
2228,641,0,0,0,0,0,0,1.0,1.0
2228,619,0,0,0,0,0,0,1.0,1.0
2228,471,1,1,1,1,1,1,1.0,1.0
2228,235,0,0,0,0,0,0,1.0,1.0
2228,243,0,0,0,0,0,0,1.0,1.0
2228,474,0,0,0,0,0,0,1.0,1.0
4844,172,0,0,0,0,0,0,1.0,1.0
4844,35,0,0,0,0,0,0,1.0,1.0
4844,608,0,0,0,0,0,0,1.0,1.0
4844,277,0,0,0,0,0,0,1.0,1.0
4844,328,0,0,0,0,0,0,1.0,1.0
4844,180,0,0,0,0,0,0,1.0,1.0
4844,168,0,0,0,0,0,0,1.0,1.0
4844,484,0,0,0,0,0,0,1.0,1.0
4844,183,0,0,0,0,0,0,1.0,1.0
4844,315,0,0,0,0,0,0,1.0,1.0
4844,304,0,0,0,0,0,0,1.0,1.0
4844,643,0,0,0,0,0,0,1.0,1.0
4844,349,0,0,0,0,0,0,1.0,1.0
4844,279,0,0,0,0,0,0,1.0,1.0
4844,682,0,0,0,0,0,0,1.0,1.0
4844,723,0,0,0,0,0,0,1.0,1.0
4844,53,0,0,0,0,0,0,1.0,1.0
4844,243,0,0,0,0,0,0,1.0,1.0
4844,477,0,0,0,0,0,0,1.0,1.0
4844,174,0,0,0,0,0,0,1.0,1.0
4844,594,0,0,0,0,0,0,1.0,1.0
4844,112,0,0,0,0,0,0,1.0,1.0
4844,525,0,0,0,0,0,0,1.0,1.0
4844,206,0,0,0,0,0,0,1.0,1.0
4844,52,0,0,0,0,0,0,1.0,1.0
4844,175,0,0,0,0,0,0,1.0,1.0
4844,231,0,0,0,0,0,0,1.0,1.0
4844,276,0,0,0,0,0,0,1.0,1.0
4844,119,0,0,0,0,0,0,1.0,1.0
4844,463,0,0,0,0,0,0,1.0,1.0
4844,236,0,0,0,0,0,0,1.0,1.0
4844,87,0,0,0,0,0,0,1.0,1.0
4844,379,0,0,0,0,0,0,1.0,1.0
4844,707,0,0,0,0,0,0,1.0,1.0
4844,690,0,0,0,0,0,0,1.0,1.0
4844,521,0,0,0,0,0,0,1.0,1.0
4844,150,0,0,0,0,0,0,1.0,1.0
4844,686,0,0,0,0,0,0,1.0,1.0
4844,83,0,0,0,0,0,0,1.0,1.0
4844,252,0,0,0,0,0,0,1.0,1.0
4844,173,0,0,0,0,0,0,1.0,1.0
4844,652,0,0,0,0,0,0,1.0,1.0
4844,226,0,0,0,0,0,0,1.0,1.0
4844,81,0,0,0,0,0,0,1.0,1.0
4844,261,0,0,0,0,0,0,1.0,1.0
4844,59,0,0,0,0,0,0,1.0,1.0
4844,471,0,0,0,0,0,0,1.0,1.0
4844,524,0,0,0,0,0,0,1.0,1.0
4844,188,0,0,0,0,0,0,1.0,1.0
4844,380,1,1,1,0,1,1,0.8,0.9
4844,267,0,0,0,0,0,0,1.0,1.0
4844,396,0,0,0,0,0,0,1.0,1.0
4844,225,0,0,0,0,0,0,1.0,1.0
4844,694,0,0,0,0,0,0,1.0,1.0
4844,462,0,0,0,0,0,0,1.0,1.0
4844,586,1,1,1,1,1,1,1.0,1.0
4844,610,0,0,0,0,0,0,1.0,1.0
4844,432,0,0,0,0,0,0,1.0,1.0
4844,711,0,0,0,0,0,0,1.0,1.0
4844,384,0,0,0,0,0,0,1.0,1.0
4844,324,0,0,0,0,0,0,1.0,1.0
4844,399,0,0,0,0,0,0,1.0,1.0
4844,442,0,0,0,0,0,0,1.0,1.0
4844,421,0,0,0,0,0,0,1.0,1.0
4844,619,1,1,1,1,1,1,1.0,1.0
4844,722,0,0,0,0,0,0,1.0,1.0
4844,132,0,0,0,0,0,0,1.0,1.0
4844,217,0,0,0,0,0,0,1.0,1.0
4844,369,0,0,0,0,0,0,1.0,1.0
4844,425,1,1,0,0,1,1,0.6,0.8
4844,165,0,0,0,0,0,0,1.0,1.0
4844,479,0,0,0,0,0,0,1.0,1.0
4844,84,0,0,0,0,0,0,1.0,1.0
4844,153,0,0,0,0,0,0,1.0,1.0
4844,679,0,0,0,0,0,0,1.0,1.0
4844,447,0,0,0,0,0,0,1.0,1.0
4844,565,0,0,0,0,0,0,1.0,1.0
4844,431,0,0,0,0,0,0,1.0,1.0
4844,234,0,0,0,0,0,0,1.0,1.0
4844,192,0,0,0,0,0,0,1.0,1.0
4844,497,0,0,0,0,0,0,1.0,1.0
4844,382,0,0,0,0,0,0,1.0,1.0
4844,117,1,1,1,1,1,1,1.0,1.0
4844,582,0,0,0,0,0,0,1.0,1.0
4844,456,0,0,0,0,0,0,1.0,1.0
1711,640,1,0,0,1,0,0,0.6,0.8
1711,447,0,0,0,0,0,0,1.0,1.0
1711,480,0,0,0,0,0,0,1.0,1.0
1711,610,0,0,0,0,0,0,1.0,1.0
1711,517,0,0,0,0,0,0,1.0,1.0
1711,30,0,0,0,0,0,0,1.0,1.0
1711,544,0,0,0,0,0,0,1.0,1.0
1711,369,0,0,0,0,0,0,1.0,1.0
1711,164,0,0,0,0,0,0,1.0,1.0
1711,396,0,0,0,0,0,0,1.0,1.0
1711,694,0,0,0,0,0,0,1.0,1.0
1711,352,0,0,0,0,0,0,1.0,1.0
1711,309,0,0,0,0,0,0,1.0,1.0
1711,382,0,0,0,0,0,0,1.0,1.0
1711,471,0,0,0,0,0,0,1.0,1.0
1711,19,0,0,0,0,0,0,1.0,1.0
1711,302,0,0,0,0,0,0,1.0,1.0
1711,521,0,0,0,0,0,0,1.0,1.0
1711,525,0,0,0,0,0,0,1.0,1.0
1711,349,0,0,0,0,0,0,1.0,1.0
1711,535,0,0,0,0,0,0,1.0,1.0
1711,258,0,0,0,0,0,0,1.0,1.0
1711,243,0,0,0,0,0,0,1.0,1.0
1711,431,0,0,0,0,0,0,1.0,1.0
1711,218,0,0,0,0,0,0,1.0,1.0
1711,279,0,0,0,0,0,0,1.0,1.0
1711,644,0,0,0,0,0,0,1.0,1.0
1711,114,0,0,0,0,0,0,1.0,1.0
1711,655,0,0,0,0,0,0,1.0,1.0
1711,457,0,0,0,0,0,0,1.0,1.0
1711,173,0,0,0,0,0,0,1.0,1.0
1711,276,0,0,0,0,0,0,1.0,1.0
1711,594,0,0,0,0,0,0,1.0,1.0
1711,215,0,0,0,0,0,0,1.0,1.0
1711,10,0,0,0,0,0,0,1.0,1.0
1711,664,0,0,0,0,0,0,1.0,1.0
1711,372,0,0,0,0,0,0,1.0,1.0
1711,587,0,0,0,0,0,0,1.0,1.0
1711,47,0,0,0,0,0,0,1.0,1.0
1711,87,0,0,0,0,0,0,1.0,1.0
1711,443,0,0,0,0,0,0,1.0,1.0
1711,586,0,0,0,0,0,0,1.0,1.0
1711,59,0,0,0,0,0,0,1.0,1.0
1711,468,0,0,0,0,0,0,1.0,1.0
1711,75,0,0,0,0,0,0,1.0,1.0
1711,524,0,0,0,0,0,0,1.0,1.0
1711,479,0,0,0,0,0,0,1.0,1.0
1711,689,0,0,0,0,0,0,1.0,1.0
1711,256,0,0,0,0,0,0,1.0,1.0
1711,253,0,0,0,0,0,0,1.0,1.0
1711,234,0,0,0,0,0,0,1.0,1.0
1711,207,0,0,0,0,0,0,1.0,1.0
1711,569,0,0,0,0,0,0,1.0,1.0
1711,172,0,0,0,0,0,0,1.0,1.0
1711,204,0,0,0,0,0,0,1.0,1.0
1711,425,0,0,0,0,0,0,1.0,1.0
1711,23,0,0,0,0,0,0,1.0,1.0
1711,405,0,0,0,0,0,0,1.0,1.0
1711,255,0,0,0,0,0,0,1.0,1.0
1711,565,0,0,0,0,0,0,1.0,1.0
1711,188,0,0,0,0,0,0,1.0,1.0
1711,681,0,0,0,0,0,0,1.0,1.0
1711,601,0,0,0,0,0,0,1.0,1.0
1711,290,0,0,0,0,0,0,1.0,1.0
1711,150,0,0,0,0,0,0,1.0,1.0
1711,540,0,0,0,0,0,0,1.0,1.0
1711,168,0,0,0,0,0,0,1.0,1.0
1711,434,0,0,0,0,0,0,1.0,1.0
1711,132,0,0,0,0,0,0,1.0,1.0
1711,303,0,0,0,0,0,0,1.0,1.0
1711,380,0,0,0,0,0,0,1.0,1.0
1711,180,0,0,0,0,0,0,1.0,1.0
1711,307,0,0,0,0,0,0,1.0,1.0
1711,456,0,0,0,0,0,0,1.0,1.0
1711,421,0,0,0,0,0,0,1.0,1.0
1711,584,0,0,0,0,0,0,1.0,1.0
1711,312,0,0,0,0,0,0,1.0,1.0
1711,239,0,0,0,0,0,0,1.0,1.0
1711,741,0,0,0,0,0,0,1.0,1.0
1711,99,0,0,0,0,0,0,1.0,1.0
1711,381,0,0,0,0,0,0,1.0,1.0
1711,643,0,0,0,0,0,0,1.0,1.0
1711,384,0,0,0,0,0,0,1.0,1.0
1711,360,0,0,0,0,0,0,1.0,1.0
1711,497,0,0,0,0,0,0,1.0,1.0
1711,463,0,0,0,0,0,0,1.0,1.0
1711,226,0,0,0,0,0,0,1.0,1.0
1711,117,0,0,0,0,0,0,1.0,1.0
1711,582,0,0,0,0,0,0,1.0,1.0
1711,186,0,0,0,0,0,0,1.0,1.0
1711,144,0,0,0,0,0,0,1.0,1.0
1711,294,0,0,0,0,0,0,1.0,1.0
1711,273,0,0,0,0,0,0,1.0,1.0
1711,554,0,0,0,0,0,0,1.0,1.0
1711,619,0,0,0,0,0,0,1.0,1.0
1711,588,0,0,0,0,0,0,1.0,1.0
1711,317,0,0,0,0,0,0,1.0,1.0
1711,267,0,0,0,0,0,0,1.0,1.0
1711,232,0,0,0,0,0,0,1.0,1.0
4218,86,1,1,1,1,1,1,1.0,1.0
4218,509,0,0,0,0,0,0,1.0,1.0
4218,598,0,1,1,1,1,1,0.8,0.9
4218,472,0,0,0,0,0,0,1.0,1.0
4218,337,0,0,0,0,0,0,1.0,1.0
4218,725,1,1,1,1,1,1,1.0,1.0
4218,334,1,1,1,1,1,1,1.0,1.0
4218,329,0,0,0,0,0,0,1.0,1.0
4218,108,0,0,0,0,0,0,1.0,1.0
4218,15,0,0,0,0,0,0,1.0,1.0
4218,431,0,0,0,0,0,0,1.0,1.0
4218,393,0,0,0,0,0,0,1.0,1.0
4218,277,0,0,0,0,0,0,1.0,1.0
4218,378,0,0,0,0,0,0,1.0,1.0
4218,32,0,0,0,0,0,0,1.0,1.0
4218,238,0,0,0,0,0,0,1.0,1.0
4218,602,0,0,0,0,0,0,1.0,1.0
4218,39,1,1,1,1,1,1,1.0,1.0
4218,370,0,0,0,0,0,0,1.0,1.0
4218,434,1,1,1,1,1,1,1.0,1.0
4218,559,1,1,1,1,1,1,1.0,1.0
4218,593,2,2,2,2,2,2,1.0,1.0
4218,399,0,0,0,0,0,0,1.0,1.0
4218,656,2,2,2,2,2,2,1.0,1.0
4218,93,0,0,0,0,0,0,1.0,1.0
4218,254,2,2,2,2,2,2,1.0,1.0
4218,326,0,0,0,0,0,0,1.0,1.0
4218,445,0,0,0,0,0,0,1.0,1.0
4218,511,2,2,2,2,2,2,1.0,1.0
4218,535,0,0,0,0,0,0,1.0,1.0
4218,663,0,0,0,0,0,0,1.0,1.0
4218,512,0,0,0,0,0,0,1.0,1.0
4218,522,0,0,0,0,0,0,1.0,1.0
4218,657,0,0,0,0,0,0,1.0,1.0
4218,65,1,1,1,1,1,1,1.0,1.0
4218,83,0,0,0,0,0,0,1.0,1.0
4218,635,2,2,2,2,2,2,1.0,1.0
4218,300,0,0,0,0,0,0,1.0,1.0
4218,215,1,1,1,1,1,1,1.0,1.0
4218,71,1,1,1,1,1,1,1.0,1.0
4218,405,1,1,1,1,1,1,1.0,1.0
4218,490,2,2,2,2,2,2,1.0,1.0
4218,355,0,0,0,0,0,0,1.0,1.0
4218,520,0,0,0,0,0,0,1.0,1.0
4218,255,1,1,1,1,1,1,1.0,1.0
4218,357,1,1,1,1,1,1,1.0,1.0
4218,149,0,0,0,0,0,0,1.0,1.0
4218,718,0,0,0,0,0,0,1.0,1.0
4218,410,0,0,0,0,0,0,1.0,1.0
4218,192,0,0,0,0,0,0,1.0,1.0
4218,27,0,0,0,0,0,0,1.0,1.0
4218,428,1,1,1,1,1,1,1.0,1.0
4218,451,0,0,0,0,0,0,1.0,1.0
4218,31,0,0,0,0,0,0,1.0,1.0
4218,244,1,1,1,1,1,1,1.0,1.0
4218,505,1,1,1,1,1,1,1.0,1.0
4218,429,2,2,2,2,2,2,1.0,1.0
4218,727,2,2,2,2,2,2,1.0,1.0
4218,599,1,1,1,1,1,1,1.0,1.0
4218,6,0,0,0,0,0,0,1.0,1.0
4218,208,0,0,0,0,0,0,1.0,1.0
4218,519,1,0,0,0,0,0,0.8,0.9
4218,253,0,0,0,0,0,0,1.0,1.0
4218,525,0,0,0,0,0,0,1.0,1.0
4218,118,0,0,0,0,0,0,1.0,1.0
4218,603,0,0,0,0,0,0,1.0,1.0
4218,632,1,1,1,1,1,1,1.0,1.0
4218,82,0,0,0,0,0,0,1.0,1.0
4218,24,1,1,1,1,1,1,1.0,1.0
4218,662,0,0,0,0,0,0,1.0,1.0
4218,516,0,0,0,0,0,0,1.0,1.0
4218,526,2,2,2,2,2,2,1.0,1.0
1629,98,0,0,0,0,0,0,1.0,1.0
1629,605,0,0,0,0,0,0,1.0,1.0
1629,532,1,1,1,1,1,1,1.0,1.0
1629,707,1,1,1,1,1,1,1.0,1.0
1629,376,0,0,1,0,0,0,0.8,0.9
1629,265,0,0,0,0,0,0,1.0,1.0
1629,236,0,0,0,0,0,0,1.0,1.0
1629,286,2,2,2,2,2,2,1.0,1.0
1629,507,0,0,0,0,0,0,1.0,1.0
1629,388,0,0,0,0,0,0,1.0,1.0
1629,437,0,0,0,0,0,0,1.0,1.0
1629,292,0,0,0,0,0,0,1.0,1.0
1629,629,0,0,0,0,0,0,1.0,1.0
1629,23,0,0,0,0,0,0,1.0,1.0
1629,307,1,1,1,1,1,1,1.0,1.0
1629,345,1,1,1,1,1,1,1.0,1.0
1629,280,0,0,0,0,0,0,1.0,1.0
1629,272,0,0,0,0,0,0,1.0,1.0
1629,218,0,0,0,0,0,0,1.0,1.0
1629,148,1,1,1,1,1,1,1.0,1.0
1629,544,0,0,0,0,0,0,1.0,1.0
1629,690,0,0,0,0,0,0,1.0,1.0
1629,550,1,0,0,0,0,0,0.8,0.9
1629,579,0,0,0,0,0,0,1.0,1.0
1629,296,0,0,0,0,0,0,1.0,1.0
1629,19,1,1,1,1,1,1,1.0,1.0
1629,144,0,0,0,0,0,0,1.0,1.0
1629,733,1,1,1,1,1,1,1.0,1.0
1629,231,0,0,0,0,0,0,1.0,1.0
1629,477,0,0,0,0,0,0,1.0,1.0
1629,161,0,0,0,0,0,0,1.0,1.0
1629,636,0,0,0,0,0,0,1.0,1.0
1629,390,0,0,0,0,0,0,1.0,1.0
1629,75,1,1,1,1,1,1,1.0,1.0
1629,620,0,0,0,0,0,0,1.0,1.0
1629,540,0,0,0,0,0,0,1.0,1.0
1629,25,0,0,0,0,0,0,1.0,1.0
1629,484,0,0,0,0,0,0,1.0,1.0
1629,737,0,0,0,0,0,0,1.0,1.0
1629,118,1,1,1,1,1,1,1.0,1.0
1629,577,0,0,0,0,0,0,1.0,1.0
1629,487,0,0,0,0,0,0,1.0,1.0
1629,607,0,0,0,0,0,0,1.0,1.0
1629,724,0,0,0,0,0,0,1.0,1.0
1629,8,1,1,1,1,1,1,1.0,1.0
1629,84,1,1,1,1,1,1,1.0,1.0
1629,497,1,1,1,1,1,1,1.0,1.0
1629,220,1,1,1,1,1,1,1.0,1.0
1629,685,0,0,0,0,0,0,1.0,1.0
1629,56,0,0,0,0,0,0,1.0,1.0
1629,416,0,0,0,0,0,0,1.0,1.0
1629,44,0,0,0,0,0,0,1.0,1.0
1629,249,0,0,0,0,0,0,1.0,1.0
1629,135,1,1,1,1,1,1,1.0,1.0
1629,569,0,0,1,1,0,0,0.6,0.8
1629,352,1,1,1,1,1,1,1.0,1.0
1629,361,0,0,0,0,0,0,1.0,1.0
1629,676,0,0,0,0,0,0,1.0,1.0
1629,427,1,1,1,1,1,1,1.0,1.0
1629,716,0,0,0,0,0,0,1.0,1.0
1629,200,0,0,0,0,0,0,1.0,1.0
1629,241,1,0,1,1,1,1,0.8,0.9
1629,0,0,0,0,0,0,0,1.0,1.0
1629,391,0,0,0,0,0,0,1.0,1.0
1629,552,0,0,0,0,0,0,1.0,1.0
1629,331,0,0,0,0,0,0,1.0,1.0
1629,247,0,0,0,0,0,0,1.0,1.0
1629,196,1,1,1,1,1,1,1.0,1.0
1629,38,1,1,1,1,1,1,1.0,1.0
5032,41,1,1,1,0,1,1,0.8,0.9
5032,340,1,1,1,1,1,1,1.0,1.0
5032,473,0,0,0,0,0,0,1.0,1.0
5032,198,1,1,1,1,1,1,1.0,1.0
5032,707,0,0,0,0,0,0,1.0,1.0
5032,175,0,0,0,0,0,0,1.0,1.0
5032,110,0,0,0,0,0,0,1.0,1.0
5032,39,1,1,1,1,1,1,1.0,1.0
5032,530,0,0,0,0,0,0,1.0,1.0
5032,546,0,0,0,0,0,0,1.0,1.0
5032,593,1,1,1,1,1,1,1.0,1.0
5032,493,1,1,1,1,1,1,1.0,1.0
5032,331,0,0,0,0,0,0,1.0,1.0
5032,116,0,0,0,0,0,0,1.0,1.0
5032,374,1,1,1,1,1,1,1.0,1.0
5032,626,0,0,0,0,0,0,1.0,1.0
5032,273,0,0,0,0,0,0,1.0,1.0
5032,121,0,0,0,0,0,0,1.0,1.0
5032,580,0,0,0,0,0,0,1.0,1.0
5032,430,0,0,0,0,0,0,1.0,1.0
5032,481,0,0,0,0,0,0,1.0,1.0
5032,253,0,0,0,0,0,0,1.0,1.0
5032,124,0,0,0,0,0,0,1.0,1.0
5032,384,0,0,0,0,0,0,1.0,1.0
5032,70,1,1,1,1,1,1,1.0,1.0
5032,218,1,1,1,1,1,1,1.0,1.0
5032,503,2,2,2,2,2,2,1.0,1.0
5032,343,0,0,0,0,0,0,1.0,1.0
5032,211,0,0,0,1,0,0,0.8,0.9
5032,599,0,1,0,1,0,0,0.6,0.8
5032,19,1,1,1,1,1,1,1.0,1.0
5032,371,0,0,0,0,0,0,1.0,1.0
5032,731,0,1,0,0,0,0,0.8,0.9
5032,258,0,0,0,0,0,0,1.0,1.0
5032,178,1,1,1,1,1,1,1.0,1.0
5032,320,0,0,0,0,0,0,1.0,1.0
5032,148,0,0,0,0,0,0,1.0,1.0
5032,66,1,1,1,1,1,1,1.0,1.0
5032,215,1,1,1,1,1,1,1.0,1.0
5032,15,0,0,0,0,0,0,1.0,1.0
5032,641,1,1,1,1,1,1,1.0,1.0
5032,488,0,0,0,0,0,0,1.0,1.0
5032,489,0,0,0,0,0,0,1.0,1.0
5032,550,1,1,1,1,1,1,1.0,1.0
5032,540,0,0,0,0,0,0,1.0,1.0
5032,403,0,0,0,0,0,0,1.0,1.0
5032,72,0,0,0,0,0,0,1.0,1.0
5032,323,0,0,0,0,0,0,1.0,1.0
5032,724,0,0,0,0,0,0,1.0,1.0
5032,82,0,0,0,0,0,0,1.0,1.0
5032,205,0,0,0,0,0,0,1.0,1.0
5032,254,1,1,0,1,1,1,0.8,0.9
5032,134,0,0,0,0,0,0,1.0,1.0
6955,311,0,0,0,0,0,0,1.0,1.0
6955,251,0,0,0,0,0,0,1.0,1.0
6955,487,0,0,0,0,0,0,1.0,1.0
6955,23,0,0,0,0,0,0,1.0,1.0
6955,306,0,0,0,0,0,0,1.0,1.0
6955,71,0,0,0,0,0,0,1.0,1.0
6955,265,0,0,0,0,0,0,1.0,1.0
6955,210,0,0,0,0,0,0,1.0,1.0
6955,73,0,0,0,0,0,0,1.0,1.0
6955,62,0,0,0,0,0,0,1.0,1.0
6955,612,0,0,0,0,0,0,1.0,1.0
6955,33,0,0,0,0,0,0,1.0,1.0
6955,636,0,0,0,0,0,0,1.0,1.0
6955,121,0,0,0,0,0,0,1.0,1.0
6955,524,0,0,0,0,0,0,1.0,1.0
6955,106,1,1,1,1,1,1,1.0,1.0
6955,725,0,0,0,0,0,0,1.0,1.0
6955,149,0,0,0,0,0,0,1.0,1.0
6955,501,0,0,0,0,0,0,1.0,1.0
6955,120,0,0,0,0,0,0,1.0,1.0
6955,526,0,0,0,0,0,0,1.0,1.0
6955,241,0,0,0,0,0,0,1.0,1.0
6955,605,0,0,0,0,0,0,1.0,1.0
6955,236,1,1,1,1,1,1,1.0,1.0
6955,32,0,0,0,0,0,0,1.0,1.0
6955,410,0,0,0,0,0,0,1.0,1.0
6955,701,0,0,0,0,0,0,1.0,1.0
6955,577,1,1,1,1,1,1,1.0,1.0
6955,409,0,0,0,0,0,0,1.0,1.0
6955,428,0,1,1,0,1,1,0.6,0.8
6955,31,0,0,0,0,0,0,1.0,1.0
6955,99,0,0,0,0,0,0,1.0,1.0
6955,629,0,0,0,0,0,0,1.0,1.0
6955,326,1,1,1,1,1,1,1.0,1.0
6955,579,0,0,0,0,0,0,1.0,1.0
6955,219,0,0,0,0,0,0,1.0,1.0
6955,108,0,0,0,0,0,0,1.0,1.0
6955,437,0,0,0,0,0,0,1.0,1.0
6955,56,0,0,0,0,0,0,1.0,1.0
6955,184,0,0,0,0,0,0,1.0,1.0
6955,457,0,0,0,0,0,0,1.0,1.0
6955,490,0,0,0,0,0,0,1.0,1.0
6955,662,0,0,0,0,0,0,1.0,1.0
6955,203,0,0,0,0,0,0,1.0,1.0
6955,189,0,0,0,0,0,0,1.0,1.0
6955,249,0,0,0,0,0,0,1.0,1.0
6955,170,0,0,0,0,0,0,1.0,1.0
6955,672,0,0,0,0,0,0,1.0,1.0
6955,427,0,0,0,0,0,0,1.0,1.0
6955,320,0,0,0,0,0,0,1.0,1.0
6955,395,0,0,0,0,0,0,1.0,1.0
6955,405,0,0,0,0,0,0,1.0,1.0
6955,93,0,0,0,0,0,0,1.0,1.0
6955,625,0,0,0,0,0,0,1.0,1.0
6955,635,1,1,1,1,1,1,1.0,1.0
6955,507,0,0,0,0,0,0,1.0,1.0
6955,472,0,0,0,0,0,0,1.0,1.0
6955,86,2,2,2,2,2,2,1.0,1.0
6955,705,0,0,0,0,0,0,1.0,1.0
6955,84,0,0,0,0,0,0,1.0,1.0
6955,65,1,1,1,1,1,1,1.0,1.0
6955,627,0,0,0,0,0,0,1.0,1.0
6955,229,0,0,0,0,0,0,1.0,1.0
6955,195,0,0,0,0,0,0,1.0,1.0
6955,181,0,0,0,0,0,0,1.0,1.0
6955,3,0,0,0,0,0,0,1.0,1.0
6955,421,0,0,0,0,0,0,1.0,1.0
6955,511,0,0,0,0,0,0,1.0,1.0
6955,442,0,0,0,0,0,0,1.0,1.0
6955,244,0,0,0,0,0,0,1.0,1.0
6955,509,0,0,0,0,0,0,1.0,1.0
6955,520,0,0,0,0,0,0,1.0,1.0
6955,41,0,0,0,0,0,0,1.0,1.0
6955,334,0,1,0,1,1,1,0.6,0.8
6955,24,0,0,0,0,0,0,1.0,1.0
6955,429,0,0,0,0,0,0,1.0,1.0
6955,38,0,0,0,0,0,0,1.0,1.0
6955,357,0,0,0,0,0,0,1.0,1.0
6955,286,0,0,0,0,0,0,1.0,1.0
6955,598,0,0,0,0,0,0,1.0,1.0
3794,505,0,0,0,0,0,0,1.0,1.0
3794,131,0,0,0,0,0,0,1.0,1.0
3794,503,2,2,2,2,2,2,1.0,1.0
3794,185,0,0,0,0,0,0,1.0,1.0
3794,264,0,0,0,0,0,0,1.0,1.0
3794,116,0,0,0,0,0,0,1.0,1.0
3794,522,0,0,0,0,0,0,1.0,1.0
3794,495,0,0,0,0,0,0,1.0,1.0
3794,62,0,0,0,0,0,0,1.0,1.0
3794,60,0,0,0,0,0,0,1.0,1.0
3794,149,0,0,0,0,0,0,1.0,1.0
3794,141,0,0,0,0,0,0,1.0,1.0
3794,70,0,0,0,0,0,0,1.0,1.0
3794,146,0,0,0,0,0,0,1.0,1.0
3794,664,0,0,0,0,0,0,1.0,1.0
3794,434,0,0,0,0,0,0,1.0,1.0
3794,41,0,0,0,0,0,0,1.0,1.0
3794,25,0,0,0,0,0,0,1.0,1.0
3794,100,0,0,0,0,0,0,1.0,1.0
3794,670,0,0,0,0,0,0,1.0,1.0
3794,255,0,0,0,0,0,0,1.0,1.0
3794,417,0,0,0,0,0,0,1.0,1.0
3794,493,0,0,0,0,0,0,1.0,1.0
3794,137,0,0,0,0,0,0,1.0,1.0
3794,169,0,0,0,0,0,0,1.0,1.0
3794,569,0,0,0,0,0,0,1.0,1.0
3794,159,0,0,0,0,0,0,1.0,1.0
3794,15,0,0,0,0,0,0,1.0,1.0
3794,72,0,0,0,0,0,0,1.0,1.0
3794,175,0,0,0,0,0,0,1.0,1.0
3794,618,0,0,0,0,0,0,1.0,1.0
3794,665,0,0,0,0,0,0,1.0,1.0
3794,646,0,0,0,0,0,0,1.0,1.0
3794,657,0,0,0,0,0,0,1.0,1.0
3794,337,0,0,0,0,0,0,1.0,1.0
3794,519,1,1,1,1,1,1,1.0,1.0
3794,296,1,1,1,1,1,1,1.0,1.0
3794,329,0,0,0,0,0,0,1.0,1.0
3794,727,0,0,0,0,0,0,1.0,1.0
3794,180,0,0,0,0,0,0,1.0,1.0
3794,273,0,0,0,0,0,0,1.0,1.0
3794,194,0,0,0,0,0,0,1.0,1.0
3794,554,0,0,0,0,0,0,1.0,1.0
3794,117,0,0,0,0,0,0,1.0,1.0
3794,603,0,0,0,0,0,0,1.0,1.0
3794,477,0,0,0,0,0,0,1.0,1.0
3794,279,0,0,0,0,0,0,1.0,1.0
3794,436,0,0,0,0,0,0,1.0,1.0
3794,205,0,0,0,0,0,0,1.0,1.0
3794,280,0,1,1,1,1,1,0.8,0.9
3794,361,1,1,0,1,0,1,0.6,0.8
3794,430,0,0,0,0,0,0,1.0,1.0
3794,423,0,0,0,0,0,0,1.0,1.0
3794,145,0,0,0,0,0,0,1.0,1.0
3794,8,0,0,0,0,0,0,1.0,1.0
3794,526,1,1,1,1,1,1,1.0,1.0
3794,595,0,0,0,0,0,0,1.0,1.0
3794,656,0,0,0,0,0,0,1.0,1.0
3794,98,0,0,0,0,0,0,1.0,1.0
3794,632,0,0,0,0,0,0,1.0,1.0
3794,552,1,1,1,1,1,1,1.0,1.0
3794,349,0,0,0,0,0,0,1.0,1.0
3794,211,0,0,0,0,0,0,1.0,1.0
3794,721,0,0,0,0,0,0,1.0,1.0
6224,511,1,1,1,1,1,1,1.0,1.0
6224,487,2,2,2,2,2,2,1.0,1.0
6224,196,0,0,0,0,0,0,1.0,1.0
6224,519,1,1,1,1,1,1,1.0,1.0
6224,561,0,1,0,1,0,0,0.6,0.8
6224,205,0,0,0,0,0,0,1.0,1.0
6224,279,0,0,0,0,0,0,1.0,1.0
6224,254,2,2,2,2,2,2,1.0,1.0
6224,86,2,2,2,2,2,2,1.0,1.0
6224,552,2,2,2,2,2,2,1.0,1.0
6224,430,0,0,0,0,0,0,1.0,1.0
6224,340,0,0,0,0,0,0,1.0,1.0
6224,39,2,2,2,2,2,2,1.0,1.0
6224,98,2,2,2,2,2,2,1.0,1.0
6224,264,0,0,0,0,0,0,1.0,1.0
6224,576,0,0,0,0,0,0,1.0,1.0
6224,464,1,1,1,1,1,1,1.0,1.0
6224,65,0,0,0,0,0,0,1.0,1.0
6224,598,2,2,2,2,2,2,1.0,1.0
6224,24,0,0,0,0,0,0,1.0,1.0
6224,171,0,0,0,0,0,0,1.0,1.0
6224,412,0,0,0,0,0,0,1.0,1.0
6224,689,0,0,0,0,0,0,1.0,1.0
6224,31,0,0,0,0,0,0,1.0,1.0
6224,32,0,0,0,0,0,0,1.0,1.0
6224,503,2,2,2,2,2,2,1.0,1.0
6224,356,0,0,0,0,0,0,1.0,1.0
6224,268,0,0,0,0,0,0,1.0,1.0
6224,493,0,0,0,0,0,0,1.0,1.0
6224,380,0,0,0,0,0,0,1.0,1.0
6224,91,0,0,0,0,0,0,1.0,1.0
6224,725,0,0,0,0,0,0,1.0,1.0
6224,635,2,2,2,2,2,2,1.0,1.0
6224,632,2,2,2,2,2,2,1.0,1.0
6224,707,0,0,0,0,0,0,1.0,1.0
6224,550,2,2,2,2,2,2,1.0,1.0
6224,385,0,0,0,0,0,0,1.0,1.0
6224,38,0,0,0,0,0,0,1.0,1.0
6224,370,0,0,0,0,0,0,1.0,1.0
6224,84,2,2,2,2,2,2,1.0,1.0
6224,609,0,0,0,0,0,0,1.0,1.0
6224,112,0,0,0,0,0,0,1.0,1.0
6224,93,0,0,0,0,0,0,1.0,1.0
6224,40,0,0,0,0,0,0,1.0,1.0
6224,265,0,0,0,0,0,0,1.0,1.0
6224,272,0,0,0,0,0,0,1.0,1.0
6224,23,2,2,2,2,2,2,1.0,1.0
6224,247,0,0,0,0,0,0,1.0,1.0
6224,331,0,0,0,0,0,0,1.0,1.0
6224,56,0,0,0,0,0,0,1.0,1.0
6224,509,1,0,1,1,1,1,0.8,0.9
6224,599,0,0,0,0,0,0,1.0,1.0
6224,449,0,0,0,0,0,0,1.0,1.0
6224,244,2,2,2,2,2,2,1.0,1.0
6224,326,0,0,0,0,0,0,1.0,1.0
6224,565,0,0,0,0,0,0,1.0,1.0
6224,296,1,1,1,1,1,1,1.0,1.0
6224,656,2,2,2,2,2,2,1.0,1.0
6224,241,2,2,2,2,2,2,1.0,1.0
6224,282,0,0,0,0,0,0,1.0,1.0
6224,625,0,0,0,0,0,0,1.0,1.0
6224,657,0,0,0,0,0,0,1.0,1.0
6224,448,2,2,2,2,2,2,1.0,1.0
6224,111,0,0,0,0,0,0,1.0,1.0
6224,405,0,0,0,0,0,0,1.0,1.0
6224,70,0,0,0,0,0,0,1.0,1.0
6224,64,1,1,1,1,1,1,1.0,1.0
6224,399,0,0,0,0,0,0,1.0,1.0
6224,258,0,0,0,0,0,0,1.0,1.0
6224,236,2,2,2,2,2,2,1.0,1.0
6224,276,0,0,0,0,0,0,1.0,1.0
6224,273,0,0,0,0,0,0,1.0,1.0
6224,437,0,0,0,0,0,0,1.0,1.0
6224,285,0,0,0,0,0,0,1.0,1.0
6224,280,1,1,1,1,1,1,1.0,1.0
6224,724,2,2,2,2,2,2,1.0,1.0
6224,286,0,0,0,0,0,0,1.0,1.0
6224,655,0,0,0,0,0,0,1.0,1.0
6224,139,2,2,2,2,2,2,1.0,1.0
6224,540,0,0,0,0,0,0,1.0,1.0
6224,652,0,0,0,0,0,0,1.0,1.0
6224,246,0,0,0,0,0,0,1.0,1.0
6224,122,0,0,0,0,0,0,1.0,1.0
6224,427,1,1,1,1,1,1,1.0,1.0
6224,386,0,0,0,0,0,0,1.0,1.0
6224,629,0,0,0,0,0,0,1.0,1.0
6224,477,0,0,0,0,0,0,1.0,1.0
6224,650,0,0,0,0,0,0,1.0,1.0
6224,218,2,2,2,2,2,2,1.0,1.0
6224,352,0,0,0,0,0,0,1.0,1.0
6224,92,0,0,0,0,0,0,1.0,1.0
6224,215,0,0,0,0,0,0,1.0,1.0
6224,520,0,0,0,0,0,0,1.0,1.0
6224,483,0,0,0,0,0,0,1.0,1.0
6224,42,0,0,0,0,0,0,1.0,1.0
6224,507,0,0,0,0,1,0,0.8,0.9
5293,525,0,0,0,0,0,0,1.0,1.0
5293,108,0,0,0,0,0,0,1.0,1.0
5293,253,0,0,0,0,0,0,1.0,1.0
5293,189,0,0,0,0,0,0,1.0,1.0
5293,569,0,0,0,0,0,0,1.0,1.0
5293,556,1,1,1,1,1,1,1.0,1.0
5293,97,0,0,0,0,0,0,1.0,1.0
5293,245,1,1,1,1,1,1,1.0,1.0
5293,472,0,0,0,0,0,0,1.0,1.0
5293,290,0,0,0,0,0,0,1.0,1.0
5293,549,1,1,1,1,1,1,1.0,1.0
5293,242,0,0,0,0,0,0,1.0,1.0
5293,490,1,1,1,1,1,1,1.0,1.0
5293,520,1,1,1,1,1,1,1.0,1.0
5293,19,0,0,0,0,0,0,1.0,1.0
5293,737,0,0,0,0,0,0,1.0,1.0
5293,422,0,0,0,0,0,0,1.0,1.0
5293,579,0,0,0,0,0,0,1.0,1.0
5293,736,0,0,0,0,0,0,1.0,1.0
5293,336,1,1,1,1,1,1,1.0,1.0
5293,650,0,0,0,0,0,0,1.0,1.0
5293,605,1,1,1,1,1,1,1.0,1.0
5293,140,0,0,0,0,0,0,1.0,1.0
5293,454,0,0,0,0,0,0,1.0,1.0
5293,562,0,0,0,0,0,0,1.0,1.0
5293,357,2,2,2,2,2,2,1.0,1.0
5293,337,1,1,1,1,1,1,1.0,1.0
5293,33,0,0,0,0,0,0,1.0,1.0
5293,532,1,1,1,1,1,1,1.0,1.0
5293,603,1,1,1,1,1,1,1.0,1.0
5293,275,1,1,1,1,1,1,1.0,1.0
5293,121,1,2,1,1,1,1,0.8,0.9
5293,430,0,0,0,0,0,0,1.0,1.0
5293,361,1,1,2,2,1,1,0.6,0.8
5293,327,1,1,1,1,1,1,1.0,1.0
5293,252,0,0,0,0,0,0,1.0,1.0
5293,699,0,0,0,0,0,0,1.0,1.0
5293,39,1,1,1,1,1,1,1.0,1.0
5293,637,0,0,0,0,0,0,1.0,1.0
5293,653,0,0,0,0,0,0,1.0,1.0
5293,726,1,1,1,1,1,1,1.0,1.0
5293,522,0,0,0,0,0,0,1.0,1.0
5293,8,1,1,1,1,1,1,1.0,1.0
5293,429,2,2,2,2,2,2,1.0,1.0
5293,365,0,0,0,0,0,0,1.0,1.0
5293,657,0,0,0,0,0,0,1.0,1.0
5293,86,1,1,1,1,1,1,1.0,1.0
5293,255,1,1,1,1,1,1,1.0,1.0
5293,509,0,0,0,0,0,0,1.0,1.0
5293,368,1,1,1,1,1,1,1.0,1.0
5293,71,0,1,1,1,1,1,0.8,0.9
5293,713,0,0,0,0,0,0,1.0,1.0
5293,329,0,0,0,0,0,0,1.0,1.0
5293,410,0,0,0,0,0,0,1.0,1.0
5293,434,1,1,1,1,1,1,1.0,1.0
5293,428,1,1,1,1,1,1,1.0,1.0
5293,42,0,0,0,0,0,0,1.0,1.0
5293,276,1,1,1,1,1,1,1.0,1.0
5293,54,0,0,0,0,0,0,1.0,1.0
5293,558,1,1,1,1,1,1,1.0,1.0
5293,540,0,0,0,0,0,0,1.0,1.0
5293,386,1,1,1,1,1,1,1.0,1.0
5293,300,0,0,0,0,0,0,1.0,1.0
5293,722,0,0,0,0,0,0,1.0,1.0
5293,82,0,0,0,0,0,0,1.0,1.0
5293,702,0,0,0,0,0,0,1.0,1.0
5293,593,2,2,2,2,2,2,1.0,1.0
5293,442,1,1,1,1,1,1,1.0,1.0
5293,355,1,1,1,1,1,1,1.0,1.0
5293,681,0,0,0,0,0,0,1.0,1.0
5293,232,1,1,1,0,1,1,0.8,0.9
5293,550,1,1,1,1,1,1,1.0,1.0
5293,625,0,0,0,0,0,0,1.0,1.0
5293,175,1,1,1,1,1,1,1.0,1.0
5293,636,0,0,0,0,0,0,1.0,1.0
5293,662,0,0,0,0,0,0,1.0,1.0
5293,577,0,0,0,0,0,0,1.0,1.0
5293,583,0,0,0,0,0,0,1.0,1.0
5293,222,0,0,0,0,0,0,1.0,1.0
5293,500,1,1,1,1,1,1,1.0,1.0
5293,116,0,0,0,0,0,0,1.0,1.0
5293,249,0,0,0,0,0,0,1.0,1.0
5293,395,1,1,1,1,1,1,1.0,1.0
5293,638,0,0,0,0,0,0,1.0,1.0
5293,78,0,0,0,0,0,0,1.0,1.0
5293,288,0,0,0,0,0,0,1.0,1.0
5293,420,0,0,0,0,0,0,1.0,1.0
5293,182,0,0,0,0,0,0,1.0,1.0
5293,362,1,1,1,1,1,1,1.0,1.0
5293,334,1,2,2,1,2,2,0.6,0.8
5293,505,1,1,1,1,1,1,1.0,1.0
5293,718,0,0,0,0,0,0,1.0,1.0
3369,15,0,0,0,0,0,0,1.0,1.0
3369,411,0,0,0,0,0,0,1.0,1.0
3369,24,1,1,1,1,1,1,1.0,1.0
3369,336,1,1,1,1,1,1,1.0,1.0
3369,112,0,0,0,0,0,0,1.0,1.0
3369,350,0,0,0,0,0,0,1.0,1.0
3369,31,0,0,0,0,0,0,1.0,1.0
3369,255,0,0,0,0,0,0,1.0,1.0
3369,177,0,0,0,0,0,0,1.0,1.0
3369,273,0,0,0,0,0,0,1.0,1.0
3369,490,0,0,0,0,0,0,1.0,1.0
3369,40,0,0,0,0,0,0,1.0,1.0
3369,511,0,0,0,0,0,0,1.0,1.0
3369,75,0,0,0,0,0,0,1.0,1.0
3369,441,0,0,0,0,0,0,1.0,1.0
3369,503,2,2,2,2,2,2,1.0,1.0
3369,599,2,2,2,2,2,2,1.0,1.0
3369,329,0,0,0,0,0,0,1.0,1.0
3369,517,0,0,0,0,0,0,1.0,1.0
3369,122,0,0,0,0,0,0,1.0,1.0
3369,98,1,1,0,1,1,1,0.8,0.9
3369,19,0,0,0,0,0,0,1.0,1.0
3369,433,0,0,0,0,0,0,1.0,1.0
3369,505,0,0,0,0,0,0,1.0,1.0
3369,56,0,0,0,0,0,0,1.0,1.0
3369,426,0,0,0,0,0,0,1.0,1.0
3369,296,2,2,2,2,2,2,1.0,1.0
3369,636,0,0,0,0,0,0,1.0,1.0
3369,78,0,0,0,0,0,0,1.0,1.0
3369,729,0,0,0,0,0,0,1.0,1.0
3369,493,0,0,0,0,0,0,1.0,1.0
3369,334,2,1,2,2,2,2,0.8,0.9
3369,327,1,1,1,1,1,1,1.0,1.0
3369,667,0,0,0,0,0,0,1.0,1.0
3369,679,0,0,0,0,0,0,1.0,1.0
3369,215,2,2,2,2,2,2,1.0,1.0
3369,84,2,2,2,2,2,2,1.0,1.0
3369,119,0,0,0,0,0,0,1.0,1.0
3369,218,2,2,2,2,2,2,1.0,1.0
3369,219,0,0,0,0,0,0,1.0,1.0
3369,265,0,0,0,0,0,0,1.0,1.0
3369,629,0,0,0,0,0,0,1.0,1.0
3369,331,0,0,0,0,0,0,1.0,1.0
3369,253,0,0,0,0,0,0,1.0,1.0
3369,337,0,0,0,0,0,0,1.0,1.0
3369,357,2,2,2,2,2,2,1.0,1.0
3369,149,0,0,0,0,0,0,1.0,1.0
3369,579,1,1,1,1,1,1,1.0,1.0
3369,410,0,0,0,0,0,0,1.0,1.0
3369,526,0,1,1,1,1,1,0.8,0.9
3369,707,0,0,0,0,0,0,1.0,1.0
3369,256,0,0,0,0,0,0,1.0,1.0
3369,240,0,0,0,0,0,0,1.0,1.0
3369,521,0,0,0,0,0,0,1.0,1.0
3369,64,0,0,0,0,0,0,1.0,1.0
3369,93,0,0,0,0,0,0,1.0,1.0
3369,402,0,0,0,0,0,0,1.0,1.0
3369,71,1,1,1,1,1,1,1.0,1.0
3369,593,2,2,2,2,2,2,1.0,1.0
3369,519,1,1,1,1,1,1,1.0,1.0
3369,249,0,0,0,0,0,0,1.0,1.0
3369,477,0,0,0,0,0,0,1.0,1.0
3369,48,0,0,0,0,0,0,1.0,1.0
3369,689,0,0,0,0,0,0,1.0,1.0
3369,173,0,0,0,0,0,0,1.0,1.0
3369,120,0,0,0,0,0,0,1.0,1.0
3369,280,1,1,1,1,1,1,1.0,1.0
3369,650,0,0,0,0,0,0,1.0,1.0
3369,121,2,2,2,2,2,2,1.0,1.0
3369,258,0,0,0,0,0,0,1.0,1.0
3369,254,0,0,0,0,0,0,1.0,1.0
3369,345,1,1,1,1,1,1,1.0,1.0
3369,434,0,0,0,0,0,0,1.0,1.0
3369,205,0,0,0,0,0,0,1.0,1.0
3369,478,0,0,0,0,0,0,1.0,1.0
3369,437,1,1,1,1,1,1,1.0,1.0
3369,38,0,0,0,0,0,0,1.0,1.0
654,316,0,0,0,0,0,0,1.0,1.0
654,384,0,0,0,0,0,0,1.0,1.0
654,740,1,1,1,1,1,1,1.0,1.0
654,496,0,0,0,0,0,0,1.0,1.0
654,598,0,0,0,0,0,0,1.0,1.0
654,286,1,1,1,1,1,1,1.0,1.0
654,460,0,0,0,0,0,0,1.0,1.0
654,574,0,0,0,0,0,0,1.0,1.0
654,732,1,1,1,1,1,1,1.0,1.0
654,59,0,0,0,0,0,0,1.0,1.0
654,116,0,0,0,0,0,0,1.0,1.0
654,322,0,0,0,0,0,0,1.0,1.0
654,28,0,0,0,0,0,0,1.0,1.0
654,600,0,0,0,0,0,0,1.0,1.0
654,428,0,0,0,0,0,0,1.0,1.0
654,569,2,2,2,2,2,2,1.0,1.0
654,410,0,0,0,0,0,0,1.0,1.0
654,65,0,0,0,0,0,0,1.0,1.0
654,10,0,0,0,0,0,0,1.0,1.0
654,117,0,0,0,0,0,0,1.0,1.0
654,32,0,0,0,0,0,0,1.0,1.0
654,19,0,0,0,0,0,0,1.0,1.0
654,119,0,0,0,0,0,0,1.0,1.0
654,605,0,0,0,0,0,0,1.0,1.0
654,244,0,0,0,0,0,0,1.0,1.0
654,23,0,0,0,0,0,0,1.0,1.0
654,326,0,0,0,0,0,0,1.0,1.0
654,632,0,0,0,0,0,0,1.0,1.0
654,203,0,0,0,0,0,0,1.0,1.0
654,522,0,0,0,0,0,0,1.0,1.0
654,236,0,0,0,0,0,0,1.0,1.0
654,186,0,0,0,0,0,0,1.0,1.0
654,108,0,0,0,0,0,0,1.0,1.0
654,487,0,0,0,0,0,0,1.0,1.0
654,249,0,0,0,0,0,0,1.0,1.0
654,93,0,0,0,0,0,0,1.0,1.0
654,141,0,0,0,0,0,0,1.0,1.0
654,131,0,0,0,0,0,0,1.0,1.0
654,329,0,0,0,0,0,0,1.0,1.0
654,294,0,0,0,0,0,0,1.0,1.0
654,447,0,0,0,0,0,0,1.0,1.0
654,345,0,0,0,0,0,0,1.0,1.0
654,97,1,1,1,1,1,1,1.0,1.0
654,334,0,0,0,0,0,0,1.0,1.0
654,722,0,0,0,0,0,0,1.0,1.0
654,398,0,0,0,0,0,0,1.0,1.0
654,502,0,0,0,0,0,0,1.0,1.0
654,276,0,0,0,0,0,0,1.0,1.0
654,662,0,0,0,0,0,0,1.0,1.0
654,193,0,0,0,0,0,0,1.0,1.0
654,18,0,0,0,0,0,0,1.0,1.0
654,577,0,0,0,0,0,0,1.0,1.0
654,427,0,0,0,0,0,0,1.0,1.0
654,552,0,0,0,0,0,0,1.0,1.0
654,41,0,0,0,0,0,0,1.0,1.0
654,700,0,0,0,0,0,0,1.0,1.0
654,623,0,0,0,0,0,0,1.0,1.0
654,636,0,0,0,0,0,0,1.0,1.0
654,165,0,0,0,0,0,0,1.0,1.0
654,7,0,0,0,0,0,0,1.0,1.0
654,8,0,0,0,0,0,0,1.0,1.0
654,361,0,0,0,0,0,0,1.0,1.0
654,507,0,0,0,0,0,0,1.0,1.0
654,14,1,1,1,1,1,1,1.0,1.0
654,635,0,0,0,0,0,0,1.0,1.0
654,27,0,0,0,0,0,0,1.0,1.0
654,550,0,0,0,0,0,0,1.0,1.0
654,337,0,0,0,0,0,0,1.0,1.0
654,724,0,0,0,0,0,0,1.0,1.0
654,706,0,0,0,0,0,0,1.0,1.0
654,70,0,0,0,0,0,0,1.0,1.0
654,607,0,0,0,0,0,0,1.0,1.0
654,430,0,0,0,0,0,0,1.0,1.0
654,26,0,0,0,0,0,0,1.0,1.0
654,61,0,0,0,0,0,0,1.0,1.0
654,327,0,0,0,0,0,0,1.0,1.0
654,405,1,1,1,1,1,1,1.0,1.0
654,429,0,0,0,0,0,0,1.0,1.0
654,82,0,0,0,0,0,0,1.0,1.0
654,280,0,0,0,0,0,0,1.0,1.0
654,656,0,0,0,0,0,0,1.0,1.0
654,33,0,0,0,0,0,0,1.0,1.0
654,565,0,0,0,0,0,0,1.0,1.0
654,241,0,0,0,0,0,0,1.0,1.0
654,725,0,0,0,0,0,0,1.0,1.0
654,202,0,0,0,0,0,0,1.0,1.0
654,377,0,0,0,0,0,0,1.0,1.0
654,175,0,0,0,0,0,0,1.0,1.0
654,445,0,0,0,0,0,0,1.0,1.0
654,603,0,0,0,0,0,0,1.0,1.0
654,663,0,0,0,0,0,0,1.0,1.0
654,121,0,0,0,0,0,0,1.0,1.0
654,390,0,0,0,0,0,0,1.0,1.0
654,697,0,0,0,0,0,0,1.0,1.0
654,472,0,0,0,0,0,0,1.0,1.0
2520,306,0,0,0,0,0,0,1.0,1.0
2520,652,0,0,0,0,0,0,1.0,1.0
2520,267,0,0,0,0,0,0,1.0,1.0
2520,405,0,1,0,0,1,0,0.6,0.8
2520,476,0,0,0,0,0,0,1.0,1.0
2520,724,1,1,1,1,1,1,1.0,1.0
2520,511,1,1,1,1,2,1,0.8,0.9
2520,490,1,1,1,1,1,1,1.0,1.0
2520,244,2,2,2,2,2,2,1.0,1.0
2520,32,0,0,0,0,0,0,1.0,1.0
2520,108,0,0,0,0,0,0,1.0,1.0
2520,493,0,0,0,0,0,0,1.0,1.0
2520,593,1,1,1,1,1,1,1.0,1.0
2520,565,0,0,0,0,0,0,1.0,1.0
2520,605,0,0,0,0,0,0,1.0,1.0
2520,245,0,0,0,0,0,0,1.0,1.0
2520,218,2,2,2,2,2,2,1.0,1.0
2520,611,0,0,0,0,0,0,1.0,1.0
2520,613,0,0,0,0,0,0,1.0,1.0
2520,23,2,2,2,2,2,2,1.0,1.0
2520,707,0,0,0,0,0,0,1.0,1.0
2520,540,0,0,0,0,0,0,1.0,1.0
2520,577,0,0,0,0,0,0,1.0,1.0
2520,725,0,0,0,0,0,0,1.0,1.0
2520,428,1,1,1,1,1,1,1.0,1.0
2520,656,2,2,2,2,2,2,1.0,1.0
2520,507,0,0,0,0,0,0,1.0,1.0
2520,157,0,0,0,0,0,0,1.0,1.0
2520,722,0,0,0,0,0,0,1.0,1.0
2520,526,2,2,2,2,2,2,1.0,1.0
2520,541,0,0,0,0,0,0,1.0,1.0
2520,205,0,0,0,0,0,0,1.0,1.0
2520,714,0,0,0,0,0,0,1.0,1.0
2520,0,0,0,0,0,0,0,1.0,1.0
2520,645,0,0,0,0,0,0,1.0,1.0
2520,437,0,0,0,0,0,0,1.0,1.0
2520,505,0,0,0,0,0,0,1.0,1.0
2520,28,0,0,0,0,0,0,1.0,1.0
2520,173,0,0,0,0,0,0,1.0,1.0
2520,522,0,0,0,0,0,0,1.0,1.0
2520,655,0,0,0,0,0,0,1.0,1.0
2520,569,0,0,1,0,1,0,0.6,0.8
2520,702,0,0,0,0,0,0,1.0,1.0
2520,662,0,0,0,0,0,0,1.0,1.0
2520,148,0,0,0,0,0,0,1.0,1.0
2520,657,0,0,0,0,0,0,1.0,1.0
2520,24,1,1,1,1,1,1,1.0,1.0
2520,82,0,0,0,0,0,0,1.0,1.0
2520,487,1,1,1,1,1,1,1.0,1.0
2520,215,1,1,1,1,1,1,1.0,1.0
2520,255,1,1,1,1,1,1,1.0,1.0
2520,610,0,0,0,0,0,0,1.0,1.0
2520,358,0,0,0,0,0,0,1.0,1.0
2520,15,1,1,1,1,1,1,1.0,1.0
2520,35,0,0,0,0,0,0,1.0,1.0
2520,579,1,1,1,1,1,1,1.0,1.0
2520,326,0,0,0,0,0,0,1.0,1.0
2520,477,0,0,0,0,0,0,1.0,1.0
2520,236,2,2,2,2,2,2,1.0,1.0
2520,720,0,0,0,0,0,0,1.0,1.0
2520,603,0,0,0,0,0,0,1.0,1.0
2520,519,2,2,2,2,2,2,1.0,1.0
2520,149,0,0,0,0,0,0,1.0,1.0
2520,583,0,0,0,0,0,0,1.0,1.0
2520,705,0,0,0,0,0,0,1.0,1.0
2520,47,0,0,0,0,0,0,1.0,1.0
2520,509,0,0,0,0,0,0,1.0,1.0
6884,253,0,0,0,0,0,0,1.0,1.0
6884,520,0,0,0,0,0,0,1.0,1.0
6884,15,0,0,0,0,0,0,1.0,1.0
6884,526,0,0,0,0,0,0,1.0,1.0
6884,491,0,0,0,0,0,0,1.0,1.0
6884,413,0,0,0,0,0,0,1.0,1.0
6884,310,0,0,0,0,0,0,1.0,1.0
6884,165,0,0,0,0,0,0,1.0,1.0
6884,45,0,0,0,0,0,0,1.0,1.0
6884,429,0,0,0,0,0,0,1.0,1.0
6884,319,0,0,0,0,0,0,1.0,1.0
6884,472,0,0,0,0,0,0,1.0,1.0
6884,26,0,0,0,0,0,0,1.0,1.0
6884,466,0,0,0,0,0,0,1.0,1.0
6884,71,0,0,0,0,0,0,1.0,1.0
6884,327,0,0,0,0,0,0,1.0,1.0
6884,361,0,0,0,0,0,0,1.0,1.0
6884,517,0,0,0,0,0,0,1.0,1.0
6884,656,0,0,0,0,0,0,1.0,1.0
6884,334,0,0,0,0,0,0,1.0,1.0
6884,577,0,0,0,0,0,0,1.0,1.0
6884,427,0,0,0,0,0,0,1.0,1.0
6884,662,0,0,0,0,0,0,1.0,1.0
6884,8,0,0,0,0,0,0,1.0,1.0
6884,65,0,0,0,0,0,0,1.0,1.0
6884,306,0,0,0,0,0,0,1.0,1.0
6884,428,0,0,0,0,0,0,1.0,1.0
6884,449,0,0,0,0,0,0,1.0,1.0
6884,357,0,0,0,0,0,0,1.0,1.0
6884,38,0,0,0,0,0,0,1.0,1.0
6884,249,0,0,0,0,0,0,1.0,1.0
6884,86,0,0,0,0,0,0,1.0,1.0
6884,111,0,0,0,0,0,0,1.0,1.0
6884,598,0,0,0,0,0,0,1.0,1.0
6884,87,0,0,0,0,0,0,1.0,1.0
6884,331,0,0,0,0,0,0,1.0,1.0
6884,635,0,0,0,0,0,0,1.0,1.0
6884,728,0,0,0,0,0,0,1.0,1.0
6884,201,0,0,0,0,0,0,1.0,1.0
6884,536,0,0,0,0,0,0,1.0,1.0
6884,522,0,0,0,0,0,0,1.0,1.0
6884,241,0,0,0,0,0,0,1.0,1.0
6884,410,0,0,0,0,0,0,1.0,1.0
6884,379,0,0,0,0,0,0,1.0,1.0
6884,632,0,0,0,0,0,0,1.0,1.0
6884,116,0,0,0,0,0,0,1.0,1.0
6884,286,0,0,0,0,0,0,1.0,1.0
6884,527,0,0,0,0,0,0,1.0,1.0
6884,70,0,0,0,0,0,0,1.0,1.0
6884,629,0,0,0,0,0,0,1.0,1.0
6884,584,0,0,0,0,0,0,1.0,1.0
6884,296,0,0,0,0,0,0,1.0,1.0
6884,41,0,0,0,0,0,0,1.0,1.0
6884,2,0,0,0,0,0,0,1.0,1.0
6884,668,0,0,0,0,0,0,1.0,1.0
6884,265,0,0,0,0,0,0,1.0,1.0
6884,39,0,0,0,1,0,0,0.8,0.9
6884,98,0,0,0,0,0,0,1.0,1.0
6884,84,0,0,0,0,0,0,1.0,1.0
6884,503,2,2,2,2,2,2,1.0,1.0
6884,297,0,0,0,0,0,0,1.0,1.0
6884,579,0,0,0,0,0,0,1.0,1.0
6884,134,0,0,0,0,0,0,1.0,1.0
6884,254,0,0,0,0,0,0,1.0,1.0
6884,294,0,0,0,0,0,0,1.0,1.0
6884,434,0,0,0,0,0,0,1.0,1.0
6884,255,0,0,0,0,0,0,1.0,1.0
6884,552,0,0,0,0,0,0,1.0,1.0
6884,273,0,0,0,0,0,0,1.0,1.0
6884,371,0,0,0,0,0,0,1.0,1.0
6884,599,0,0,0,0,0,0,1.0,1.0
6884,31,0,0,0,0,0,0,1.0,1.0
6884,19,0,0,0,0,0,0,1.0,1.0
6884,56,0,0,0,0,0,0,1.0,1.0
6884,236,0,0,0,0,0,0,1.0,1.0
6884,475,0,0,0,0,0,0,1.0,1.0
6884,313,0,0,0,0,0,0,1.0,1.0
6884,649,0,0,0,0,0,0,1.0,1.0
6884,175,0,0,0,0,0,0,1.0,1.0
6884,243,0,0,0,0,0,0,1.0,1.0
73,520,0,0,0,0,0,0,1.0,1.0
73,636,0,0,0,0,0,0,1.0,1.0
73,490,1,1,1,1,1,1,1.0,1.0
73,670,0,0,0,0,0,0,1.0,1.0
73,232,0,0,0,0,0,0,1.0,1.0
73,23,0,0,0,0,0,0,1.0,1.0
73,611,0,0,0,0,0,0,1.0,1.0
73,336,0,0,0,0,0,0,1.0,1.0
73,519,0,0,0,0,0,0,1.0,1.0
73,8,0,0,0,0,0,0,1.0,1.0
73,24,1,1,1,1,1,1,1.0,1.0
73,273,0,0,0,0,0,0,1.0,1.0
73,46,0,0,0,0,0,0,1.0,1.0
73,337,0,0,0,0,0,0,1.0,1.0
73,605,0,0,0,0,0,0,1.0,1.0
73,493,2,2,2,2,2,2,1.0,1.0
73,204,0,0,0,0,0,0,1.0,1.0
73,253,0,0,0,0,0,0,1.0,1.0
73,300,0,0,0,0,0,0,1.0,1.0
73,621,0,0,0,0,0,0,1.0,1.0
73,175,0,0,0,0,0,0,1.0,1.0
73,65,0,0,0,0,0,0,1.0,1.0
73,215,2,2,2,2,2,2,1.0,1.0
73,505,0,0,0,0,0,0,1.0,1.0
73,93,0,0,0,0,0,0,1.0,1.0
73,581,0,0,0,0,0,0,1.0,1.0
73,245,0,0,0,0,0,0,1.0,1.0
73,162,0,0,0,0,0,0,1.0,1.0
73,326,0,0,0,0,0,0,1.0,1.0
73,632,1,1,1,1,1,1,1.0,1.0
73,444,0,0,0,0,0,0,1.0,1.0
73,286,0,0,0,0,0,0,1.0,1.0
73,634,0,0,0,0,0,0,1.0,1.0
73,569,0,0,0,0,0,0,1.0,1.0
73,487,0,0,0,0,0,0,1.0,1.0
73,115,0,0,0,0,0,0,1.0,1.0
73,603,0,0,0,0,0,0,1.0,1.0
73,246,0,0,0,0,0,0,1.0,1.0
73,659,0,0,0,0,0,0,1.0,1.0
73,588,0,0,0,0,0,0,1.0,1.0
73,77,0,0,0,0,0,0,1.0,1.0
73,292,0,0,0,0,0,0,1.0,1.0
73,405,0,0,0,0,0,0,1.0,1.0
73,540,0,0,0,0,0,0,1.0,1.0
73,558,0,0,0,0,0,0,1.0,1.0
73,254,0,0,0,0,0,0,1.0,1.0
73,472,0,0,0,0,0,0,1.0,1.0
73,82,0,0,0,0,0,0,1.0,1.0
73,437,0,0,0,0,0,0,1.0,1.0
73,56,0,0,0,0,0,0,1.0,1.0
73,361,0,0,0,0,0,0,1.0,1.0
3308,14,0,0,0,0,0,0,1.0,1.0
3308,150,0,0,0,0,0,0,1.0,1.0
3308,556,0,0,0,0,0,0,1.0,1.0
3308,280,1,1,1,1,1,1,1.0,1.0
3308,432,1,1,1,1,1,1,1.0,1.0
3308,635,1,1,1,1,1,1,1.0,1.0
3308,364,0,0,0,0,0,0,1.0,1.0
3308,156,0,0,0,0,0,0,1.0,1.0
3308,118,0,0,0,0,0,0,1.0,1.0
3308,484,1,1,1,1,1,1,1.0,1.0
3308,725,0,0,0,0,0,0,1.0,1.0
3308,555,0,0,0,0,0,0,1.0,1.0
3308,38,0,0,0,0,0,0,1.0,1.0
3308,71,0,0,1,0,1,0,0.6,0.8
3308,205,0,0,0,0,0,0,1.0,1.0
3308,41,1,1,1,1,1,1,1.0,1.0
3308,543,0,0,0,0,0,0,1.0,1.0
3308,430,0,0,0,0,0,0,1.0,1.0
3308,503,1,1,1,1,1,1,1.0,1.0
3308,544,0,0,0,0,0,0,1.0,1.0
3308,46,0,0,0,0,0,0,1.0,1.0
3308,267,0,0,0,0,0,0,1.0,1.0
3308,454,0,0,0,0,0,0,1.0,1.0
3308,701,0,0,0,0,0,0,1.0,1.0
3308,149,0,0,0,0,0,0,1.0,1.0
3308,427,0,0,0,0,0,0,1.0,1.0
3308,586,0,0,0,0,0,0,1.0,1.0
3308,218,2,2,2,2,2,2,1.0,1.0
3308,593,2,2,2,2,2,2,1.0,1.0
3308,329,0,0,0,0,0,0,1.0,1.0
3308,86,0,0,0,0,0,0,1.0,1.0
3308,657,0,0,0,0,0,0,1.0,1.0
3308,666,0,0,0,0,0,0,1.0,1.0
3308,135,0,0,0,0,0,0,1.0,1.0
3308,32,0,0,0,0,0,0,1.0,1.0
3308,103,0,0,0,0,0,0,1.0,1.0
3308,37,0,0,0,0,0,0,1.0,1.0
3308,558,0,0,0,0,0,0,1.0,1.0
3308,166,0,0,0,0,0,0,1.0,1.0
3308,31,0,0,0,0,0,0,1.0,1.0
3308,375,0,0,0,0,0,0,1.0,1.0
3308,294,0,0,0,0,0,0,1.0,1.0
3308,637,0,0,0,0,0,0,1.0,1.0
3308,477,0,0,0,0,0,0,1.0,1.0
3308,599,0,0,0,0,0,0,1.0,1.0
3308,507,0,0,0,0,0,0,1.0,1.0
3308,724,0,0,0,0,0,0,1.0,1.0
3308,311,0,0,0,0,0,0,1.0,1.0
3308,590,0,0,0,0,0,0,1.0,1.0
3308,598,0,0,0,0,0,0,1.0,1.0
3308,297,0,0,0,0,0,0,1.0,1.0
3308,629,1,1,1,1,1,1,1.0,1.0
3308,317,0,0,0,0,0,0,1.0,1.0
3308,244,1,1,1,1,1,1,1.0,1.0
3308,296,0,0,0,0,0,0,1.0,1.0
3308,331,0,0,0,0,0,0,1.0,1.0
3308,98,0,0,0,0,0,0,1.0,1.0
3308,550,2,2,2,2,2,2,1.0,1.0
3308,434,1,1,1,1,1,1,1.0,1.0
3308,121,2,2,2,2,2,2,1.0,1.0
3308,433,0,0,0,0,0,0,1.0,1.0
3308,707,0,0,0,0,0,0,1.0,1.0
3308,70,0,0,0,0,0,0,1.0,1.0
3308,191,0,0,0,0,0,0,1.0,1.0
3308,475,0,0,0,0,0,0,1.0,1.0
3308,39,1,1,1,1,1,1,1.0,1.0
3308,429,1,1,1,1,1,1,1.0,1.0
3308,335,0,0,0,0,0,0,1.0,1.0
6853,514,0,0,0,0,0,0,1.0,1.0
6853,132,0,0,0,0,0,0,1.0,1.0
6853,149,0,0,0,0,0,0,1.0,1.0
6853,280,1,1,1,1,1,1,1.0,1.0
6853,505,0,0,0,0,0,0,1.0,1.0
6853,83,0,0,0,0,0,0,1.0,1.0
6853,185,0,0,0,0,0,0,1.0,1.0
6853,251,0,0,0,0,0,0,1.0,1.0
6853,265,1,1,1,1,1,1,1.0,1.0
6853,23,1,0,1,1,1,1,0.8,0.9
6853,477,0,0,0,0,0,0,1.0,1.0
6853,418,0,0,0,0,0,0,1.0,1.0
6853,410,0,0,0,0,0,0,1.0,1.0
6853,656,2,2,2,2,2,2,1.0,1.0
6853,380,0,0,0,0,0,0,1.0,1.0
6853,273,0,0,0,0,0,0,1.0,1.0
6853,635,2,1,2,1,2,2,0.6,0.8
6853,84,1,1,1,1,1,1,1.0,1.0
6853,629,1,1,1,1,1,1,1.0,1.0
6853,728,0,0,0,0,0,0,1.0,1.0
6853,34,0,0,0,0,0,0,1.0,1.0
6853,227,0,0,0,0,0,0,1.0,1.0
6853,551,0,0,0,0,0,0,1.0,1.0
6853,511,2,2,2,2,2,2,1.0,1.0
6853,661,0,0,0,0,0,0,1.0,1.0
6853,282,0,0,0,0,0,0,1.0,1.0
6853,577,0,0,0,0,0,0,1.0,1.0
6853,706,0,0,0,0,0,0,1.0,1.0
6853,729,0,0,0,0,0,0,1.0,1.0
6853,545,0,0,0,0,0,0,1.0,1.0
6853,589,0,0,0,0,0,0,1.0,1.0
6853,78,0,0,0,0,0,0,1.0,1.0
6853,687,0,0,0,0,0,0,1.0,1.0
6853,526,2,2,2,2,2,2,1.0,1.0
6853,28,0,0,0,0,0,0,1.0,1.0
6853,150,0,0,0,0,0,0,1.0,1.0
6853,237,0,0,0,0,0,0,1.0,1.0
6853,520,0,0,0,0,0,0,1.0,1.0
6853,493,0,0,0,0,0,0,1.0,1.0
6853,587,0,0,0,0,0,0,1.0,1.0
6853,739,0,0,0,0,0,0,1.0,1.0
6853,507,0,0,0,0,0,0,1.0,1.0
6853,434,1,1,1,1,1,1,1.0,1.0
6853,419,0,0,0,0,0,0,1.0,1.0
6853,309,0,0,0,0,0,0,1.0,1.0
6853,296,1,1,1,1,1,1,1.0,1.0
6853,18,0,0,0,0,0,0,1.0,1.0
6853,38,0,0,0,0,0,0,1.0,1.0
6853,393,0,0,0,0,0,0,1.0,1.0
6853,107,0,0,0,0,0,0,1.0,1.0
6853,552,1,1,1,1,1,1,1.0,1.0
6853,509,0,0,0,0,0,0,1.0,1.0
6853,202,0,0,0,0,0,0,1.0,1.0
6853,490,1,1,1,1,1,1,1.0,1.0
6853,540,0,0,0,0,0,0,1.0,1.0
6853,108,0,0,0,0,0,0,1.0,1.0
6853,29,0,0,0,0,0,0,1.0,1.0
6853,550,1,1,1,1,1,1,1.0,1.0
6853,258,0,0,0,0,0,0,1.0,1.0
6853,497,0,0,0,0,0,0,1.0,1.0
6853,260,0,0,0,0,0,0,1.0,1.0
6853,241,1,1,1,1,1,1,1.0,1.0
6853,638,0,0,0,0,0,0,1.0,1.0
6853,207,0,0,0,0,0,0,1.0,1.0
6853,347,1,1,1,1,1,1,1.0,1.0
6853,674,0,0,0,0,0,0,1.0,1.0
6853,707,0,0,0,0,0,0,1.0,1.0
6853,411,0,0,0,0,0,0,1.0,1.0
6853,479,0,0,0,0,0,0,1.0,1.0
6853,563,0,0,0,0,0,0,1.0,1.0
6853,548,0,0,0,0,0,0,1.0,1.0
6853,614,0,0,0,0,0,0,1.0,1.0
6853,243,0,0,0,0,0,0,1.0,1.0
6853,572,1,1,1,1,1,1,1.0,1.0
6853,402,0,0,0,0,0,0,1.0,1.0
6853,242,0,0,0,0,0,0,1.0,1.0
6853,719,0,0,0,0,0,0,1.0,1.0
6853,286,0,0,0,0,0,0,1.0,1.0
6853,357,1,1,1,1,1,1,1.0,1.0
6853,579,1,1,1,1,1,1,1.0,1.0
6853,522,0,0,0,0,0,0,1.0,1.0
6853,603,0,0,0,0,0,0,1.0,1.0
6853,116,0,0,0,0,0,0,1.0,1.0
424,283,0,0,0,0,0,0,1.0,1.0
424,697,0,0,0,0,0,0,1.0,1.0
424,338,0,0,0,0,0,0,1.0,1.0
424,657,0,0,0,0,0,0,1.0,1.0
424,111,0,0,0,0,0,0,1.0,1.0
424,427,0,0,0,0,0,0,1.0,1.0
424,308,0,0,0,0,0,0,1.0,1.0
424,372,0,0,0,0,0,0,1.0,1.0
424,235,0,0,0,0,0,0,1.0,1.0
424,576,0,0,0,0,0,0,1.0,1.0
424,32,0,0,0,0,0,0,1.0,1.0
424,220,0,0,0,0,0,0,1.0,1.0
424,130,0,0,0,0,0,0,1.0,1.0
424,141,0,0,0,0,0,0,1.0,1.0
424,295,0,0,0,0,0,0,1.0,1.0
424,323,0,0,0,0,0,0,1.0,1.0
424,636,0,0,0,0,0,0,1.0,1.0
424,538,0,0,0,0,0,0,1.0,1.0
424,105,0,0,0,0,0,0,1.0,1.0
424,255,0,0,0,0,0,0,1.0,1.0
424,605,0,0,0,0,0,0,1.0,1.0
424,604,0,0,0,0,0,0,1.0,1.0
424,317,0,0,0,0,0,0,1.0,1.0
424,599,0,0,0,0,0,0,1.0,1.0
424,346,0,0,0,0,0,0,1.0,1.0
424,175,0,0,0,0,0,0,1.0,1.0
424,56,0,0,0,0,0,0,1.0,1.0
424,236,0,0,0,0,0,0,1.0,1.0
424,378,0,0,0,0,0,0,1.0,1.0
424,670,0,0,0,0,0,0,1.0,1.0
424,347,0,0,0,0,0,0,1.0,1.0
424,620,0,0,0,0,0,0,1.0,1.0
424,430,0,0,0,0,0,0,1.0,1.0
424,116,0,0,0,0,0,0,1.0,1.0
424,85,0,0,0,0,0,0,1.0,1.0
424,737,0,0,0,0,0,0,1.0,1.0
424,725,0,0,0,0,0,0,1.0,1.0
424,405,0,0,0,0,0,0,1.0,1.0
424,510,0,0,0,0,0,0,1.0,1.0
424,205,0,0,0,0,0,0,1.0,1.0
424,609,0,0,0,0,0,0,1.0,1.0
424,65,0,0,0,0,0,0,1.0,1.0
424,567,0,0,0,0,0,0,1.0,1.0
424,388,1,1,0,0,0,0,0.6,0.8
424,359,0,0,0,0,0,0,1.0,1.0
424,675,0,0,0,0,0,0,1.0,1.0
424,53,0,0,0,0,0,0,1.0,1.0
424,331,0,0,0,0,0,0,1.0,1.0
424,254,1,1,1,1,1,1,1.0,1.0
424,631,0,0,0,0,0,0,1.0,1.0
424,332,0,0,0,0,0,0,1.0,1.0
424,370,0,0,0,0,0,0,1.0,1.0
424,552,1,1,0,0,0,0,0.6,0.8
424,265,0,0,0,0,0,0,1.0,1.0
424,664,0,0,0,0,0,0,1.0,1.0
424,19,0,0,0,0,0,0,1.0,1.0
424,108,0,0,0,0,0,0,1.0,1.0
424,258,0,0,0,0,0,0,1.0,1.0
424,253,0,0,0,0,0,0,1.0,1.0
424,86,0,0,0,0,0,0,1.0,1.0
424,406,0,0,0,0,0,0,1.0,1.0
424,503,1,2,1,1,1,1,0.8,0.9
424,120,0,0,0,0,0,0,1.0,1.0
424,244,0,0,0,1,0,0,0.8,0.9
424,480,0,0,0,0,0,0,1.0,1.0
424,665,0,0,0,0,0,0,1.0,1.0
424,39,1,1,1,1,1,1,1.0,1.0
424,31,0,0,0,0,0,0,1.0,1.0
424,632,0,0,0,0,0,0,1.0,1.0
424,654,0,0,0,0,0,0,1.0,1.0
424,171,0,0,0,0,0,0,1.0,1.0
424,275,0,0,0,0,0,0,1.0,1.0
424,94,0,0,0,0,0,0,1.0,1.0
424,437,0,0,0,0,0,0,1.0,1.0
424,643,0,0,0,0,0,0,1.0,1.0
424,229,0,0,0,0,0,0,1.0,1.0
424,422,0,0,0,0,0,0,1.0,1.0
424,511,0,0,0,0,0,0,1.0,1.0
424,462,0,0,0,0,0,0,1.0,1.0
424,173,0,0,0,0,0,0,1.0,1.0
424,157,0,0,0,0,0,0,1.0,1.0
424,337,0,0,0,0,0,0,1.0,1.0
424,268,0,0,0,0,0,0,1.0,1.0
424,476,0,0,0,0,0,0,1.0,1.0
424,334,1,1,1,1,1,1,1.0,1.0
6465,485,0,0,0,0,0,0,1.0,1.0
6465,71,0,0,0,0,0,0,1.0,1.0
6465,718,0,0,0,0,0,0,1.0,1.0
6465,93,0,0,0,0,0,0,1.0,1.0
6465,84,0,0,0,0,0,0,1.0,1.0
6465,567,0,0,0,0,0,0,1.0,1.0
6465,736,0,0,0,0,0,0,1.0,1.0
6465,428,0,0,0,0,0,0,1.0,1.0
6465,673,0,0,0,0,0,0,1.0,1.0
6465,593,1,1,1,1,1,1,1.0,1.0
6465,608,0,0,0,0,0,0,1.0,1.0
6465,216,0,0,0,0,0,0,1.0,1.0
6465,326,1,1,1,2,1,1,0.8,0.9
6465,613,0,0,0,0,0,0,1.0,1.0
6465,519,0,0,0,0,0,0,1.0,1.0
6465,397,0,0,0,0,0,0,1.0,1.0
6465,704,0,0,0,0,0,0,1.0,1.0
6465,348,0,0,0,0,0,0,1.0,1.0
6465,509,0,0,0,0,0,0,1.0,1.0
6465,472,0,0,0,0,0,0,1.0,1.0
6465,307,0,0,0,0,0,0,1.0,1.0
6465,249,0,0,0,0,0,0,1.0,1.0
6465,121,0,0,0,0,0,0,1.0,1.0
6465,14,0,0,0,0,0,0,1.0,1.0
6465,291,0,0,0,0,0,0,1.0,1.0
6465,112,0,0,0,0,0,0,1.0,1.0
6465,487,0,0,0,0,0,0,1.0,1.0
6465,354,0,0,0,0,0,0,1.0,1.0
6465,41,0,0,0,0,0,0,1.0,1.0
6465,361,0,0,0,0,0,0,1.0,1.0
6465,98,0,0,0,0,0,0,1.0,1.0
6465,598,1,1,1,1,1,1,1.0,1.0
6465,1,0,0,0,0,0,0,1.0,1.0
6465,662,0,0,0,0,0,0,1.0,1.0
6465,322,0,0,0,0,0,0,1.0,1.0
6465,13,0,0,0,0,0,0,1.0,1.0
6465,589,0,0,0,0,0,0,1.0,1.0
6465,187,0,0,0,0,0,0,1.0,1.0
6465,24,0,0,1,0,0,0,0.8,0.9
6465,8,0,0,0,0,0,0,1.0,1.0
6465,329,0,0,0,0,0,0,1.0,1.0
6465,82,0,0,0,0,0,0,1.0,1.0
6465,679,0,0,0,0,0,0,1.0,1.0
6465,440,0,0,0,0,0,0,1.0,1.0
6465,357,1,1,1,1,1,1,1.0,1.0
6465,241,0,0,0,0,0,0,1.0,1.0
6465,155,0,0,0,0,0,0,1.0,1.0
6465,135,0,0,0,0,0,0,1.0,1.0
6465,554,0,0,0,0,0,0,1.0,1.0
6465,15,0,0,0,0,0,0,1.0,1.0
6465,165,0,0,0,0,0,0,1.0,1.0
6465,70,0,0,0,0,0,0,1.0,1.0
6465,524,0,0,0,0,0,0,1.0,1.0
6465,352,0,0,0,0,0,0,1.0,1.0
6465,218,0,0,0,0,0,0,1.0,1.0
6465,215,1,1,1,1,1,1,1.0,1.0
6465,724,0,0,0,0,0,0,1.0,1.0
6465,429,1,1,1,1,1,1,1.0,1.0
6465,85,0,0,0,0,0,0,1.0,1.0
6465,569,0,0,0,0,0,0,1.0,1.0
6465,58,0,0,0,0,0,0,1.0,1.0
6465,116,0,0,0,0,0,0,1.0,1.0
6465,690,0,0,0,0,0,0,1.0,1.0
6465,654,0,0,0,0,0,0,1.0,1.0
8878,8,0,0,0,0,0,0,1.0,1.0
8878,493,0,0,0,0,0,0,1.0,1.0
8878,149,0,0,0,0,0,0,1.0,1.0
8878,41,1,1,1,1,1,1,1.0,1.0
8878,71,1,1,1,1,1,1,1.0,1.0
8878,337,0,0,0,0,0,0,1.0,1.0
8878,588,0,0,0,0,0,0,1.0,1.0
8878,254,1,1,1,1,1,1,1.0,1.0
8878,61,0,0,0,0,0,0,1.0,1.0
8878,430,0,0,0,0,0,0,1.0,1.0
8878,82,0,0,0,0,0,0,1.0,1.0
8878,725,0,0,0,0,0,0,1.0,1.0
8878,339,0,0,0,0,0,0,1.0,1.0
8878,146,0,0,0,0,0,0,1.0,1.0
8878,534,0,0,0,0,0,0,1.0,1.0
8878,70,0,0,0,0,0,0,1.0,1.0
8878,230,0,0,0,0,0,0,1.0,1.0
8878,541,0,0,0,0,0,0,1.0,1.0
8878,49,0,0,0,0,0,0,1.0,1.0
8878,265,1,1,1,1,1,1,1.0,1.0
8878,428,0,0,0,0,0,0,1.0,1.0
8878,68,0,0,0,0,0,0,1.0,1.0
8878,581,0,0,0,0,0,0,1.0,1.0
8878,280,1,1,1,1,1,1,1.0,1.0
8878,236,1,1,1,1,1,1,1.0,1.0
8878,375,0,0,0,0,0,0,1.0,1.0
8878,244,0,0,0,0,0,0,1.0,1.0
8878,511,1,1,1,1,1,1,1.0,1.0
8878,56,0,0,0,0,0,0,1.0,1.0
8878,507,0,0,0,0,0,0,1.0,1.0
8878,461,0,0,0,0,0,0,1.0,1.0
8878,232,0,0,0,0,0,0,1.0,1.0
8878,215,0,1,1,1,1,1,0.8,0.9
8878,477,0,0,0,0,0,0,1.0,1.0
8878,681,0,0,0,0,0,0,1.0,1.0
8878,559,0,0,0,0,0,0,1.0,1.0
8878,134,0,0,0,0,0,0,1.0,1.0
8878,635,1,1,1,1,1,1,1.0,1.0
8878,276,0,0,0,0,0,0,1.0,1.0
8878,240,0,0,0,0,0,0,1.0,1.0
8878,303,0,0,0,0,0,0,1.0,1.0
8878,705,0,0,0,0,0,0,1.0,1.0
8878,93,0,0,0,0,0,0,1.0,1.0
8878,338,0,0,0,0,0,0,1.0,1.0
8878,369,0,0,0,0,0,0,1.0,1.0
1120,520,0,0,0,0,0,0,1.0,1.0
1120,289,0,0,0,0,0,0,1.0,1.0
1120,97,0,0,0,0,0,0,1.0,1.0
1120,39,0,0,0,0,0,0,1.0,1.0
1120,203,0,0,0,0,0,0,1.0,1.0
1120,65,0,0,0,0,0,0,1.0,1.0
1120,736,0,0,0,0,0,0,1.0,1.0
1120,366,0,0,0,0,0,0,1.0,1.0
1120,32,0,0,0,0,0,0,1.0,1.0
1120,121,0,0,0,0,0,0,1.0,1.0
1120,273,0,0,0,0,0,0,1.0,1.0
1120,167,0,0,0,0,0,0,1.0,1.0
1120,101,0,0,0,0,0,0,1.0,1.0
1120,104,0,0,0,0,0,0,1.0,1.0
1120,688,0,0,0,0,0,0,1.0,1.0
1120,240,0,0,0,0,0,0,1.0,1.0
1120,160,0,0,0,0,0,0,1.0,1.0
1120,252,0,0,0,0,0,0,1.0,1.0
1120,98,0,0,0,0,0,0,1.0,1.0
1120,429,0,0,0,0,0,0,1.0,1.0
1120,286,0,0,0,0,0,0,1.0,1.0
1120,329,0,0,0,0,0,0,1.0,1.0
1120,522,0,0,0,0,0,0,1.0,1.0
1120,362,0,0,0,0,0,0,1.0,1.0
1120,551,0,0,0,0,0,0,1.0,1.0
1120,218,0,0,0,0,0,0,1.0,1.0
1120,593,1,1,1,1,1,1,1.0,1.0
1120,554,0,0,0,0,0,0,1.0,1.0
1120,331,0,0,0,0,0,0,1.0,1.0
1120,673,0,0,0,0,0,0,1.0,1.0
1120,40,0,0,0,0,0,0,1.0,1.0
1120,603,0,0,0,0,0,0,1.0,1.0
1120,569,0,0,0,0,0,0,1.0,1.0
1120,657,0,0,0,0,0,0,1.0,1.0
1120,487,0,0,0,0,0,0,1.0,1.0
1120,15,0,0,0,0,0,0,1.0,1.0
1120,656,0,0,0,0,0,0,1.0,1.0
1120,649,0,0,0,0,0,0,1.0,1.0
1120,84,0,0,0,0,0,0,1.0,1.0
1120,333,0,0,0,0,0,0,1.0,1.0
1120,378,0,0,0,0,0,0,1.0,1.0
1120,86,0,0,0,0,0,0,1.0,1.0
1120,615,0,0,0,0,0,0,1.0,1.0
1120,249,0,0,0,0,0,0,1.0,1.0
1120,568,0,0,0,0,0,0,1.0,1.0
1120,175,0,0,0,0,0,0,1.0,1.0
1120,550,0,1,1,1,1,1,0.8,0.9
1120,194,0,0,0,0,0,0,1.0,1.0
1120,592,0,0,0,0,0,0,1.0,1.0
1120,509,0,0,0,0,0,0,1.0,1.0
1120,232,0,0,0,0,0,0,1.0,1.0
1120,639,0,0,0,0,0,0,1.0,1.0
3402,327,0,0,0,0,0,0,1.0,1.0
3402,527,0,0,0,0,0,0,1.0,1.0
3402,384,0,0,0,0,0,0,1.0,1.0
3402,409,0,0,0,0,0,0,1.0,1.0
3402,598,0,0,0,0,0,0,1.0,1.0
3402,255,0,0,0,0,0,0,1.0,1.0
3402,416,0,0,0,0,0,0,1.0,1.0
3402,68,0,0,0,0,0,0,1.0,1.0
3402,397,0,0,0,0,0,0,1.0,1.0
3402,103,0,0,0,0,0,0,1.0,1.0
3402,510,0,0,0,0,0,0,1.0,1.0
3402,599,0,0,0,0,0,0,1.0,1.0
3402,695,0,0,0,0,0,0,1.0,1.0
3402,424,0,0,0,0,0,0,1.0,1.0
3402,338,0,0,0,0,0,0,1.0,1.0
3402,410,0,0,0,0,0,0,1.0,1.0
3402,357,0,0,0,0,0,0,1.0,1.0
3402,605,0,0,0,0,0,0,1.0,1.0
3402,715,0,0,0,0,0,0,1.0,1.0
3402,405,1,1,1,1,1,1,1.0,1.0
3402,25,0,0,0,0,0,0,1.0,1.0
3402,519,0,0,0,0,0,0,1.0,1.0
3402,661,0,0,0,0,0,0,1.0,1.0
3402,74,0,0,0,0,0,0,1.0,1.0
3402,345,1,1,1,1,1,1,1.0,1.0
3402,241,0,0,0,0,0,0,1.0,1.0
3402,322,0,0,0,0,0,0,1.0,1.0
3402,123,0,0,0,0,0,0,1.0,1.0
3402,189,0,0,0,0,0,0,1.0,1.0
3402,326,0,0,0,0,0,0,1.0,1.0
3402,577,0,0,0,0,0,0,1.0,1.0
3402,540,0,0,0,0,0,0,1.0,1.0
3402,625,0,0,0,0,0,0,1.0,1.0
3402,334,1,1,1,1,1,1,1.0,1.0
3402,637,0,0,0,0,0,0,1.0,1.0
3402,567,0,0,0,0,0,0,1.0,1.0
3402,481,0,0,0,0,0,0,1.0,1.0
3402,629,2,2,2,2,2,2,1.0,1.0
3402,344,0,0,0,0,0,0,1.0,1.0
3402,678,0,0,0,0,0,0,1.0,1.0
3402,573,2,2,2,2,2,2,1.0,1.0
3402,196,0,0,1,0,0,0,0.8,0.9
3402,165,2,2,2,2,2,2,1.0,1.0
3402,19,0,0,0,0,0,0,1.0,1.0
3402,29,0,0,0,0,0,0,1.0,1.0
3402,450,0,0,0,0,0,0,1.0,1.0
3402,85,0,0,0,0,0,0,1.0,1.0
3402,565,0,0,0,0,0,0,1.0,1.0
3402,514,0,0,0,0,0,0,1.0,1.0
3402,662,0,0,0,0,0,0,1.0,1.0
3402,636,0,0,0,0,0,0,1.0,1.0
3402,526,0,0,0,0,0,0,1.0,1.0
3402,168,0,0,0,0,0,0,1.0,1.0
3402,427,0,0,0,0,0,0,1.0,1.0
3402,57,0,0,0,0,0,0,1.0,1.0
3402,205,0,0,0,0,0,0,1.0,1.0
3402,525,0,0,0,0,0,0,1.0,1.0
3402,505,0,0,0,0,0,0,1.0,1.0
3402,96,0,0,0,0,0,0,1.0,1.0
3402,489,0,0,0,0,0,0,1.0,1.0
3402,437,1,0,1,1,0,1,0.6,0.8
3402,296,1,2,1,2,2,2,0.6,0.8
3402,552,1,1,1,1,1,1,1.0,1.0
3402,579,0,0,0,0,0,0,1.0,1.0
3402,472,0,0,0,0,0,0,1.0,1.0
3402,724,0,0,0,0,0,0,1.0,1.0
3402,24,1,1,1,1,1,1,1.0,1.0
3402,596,0,0,0,0,0,0,1.0,1.0
3402,38,0,0,0,0,0,0,1.0,1.0
3402,108,0,0,0,0,0,0,1.0,1.0
3402,36,0,0,0,0,0,0,1.0,1.0
3402,707,0,0,0,0,0,0,1.0,1.0
3402,253,0,0,0,0,0,0,1.0,1.0
3402,434,2,2,2,2,2,2,1.0,1.0
3402,457,0,0,0,0,0,0,1.0,1.0
3402,490,2,2,2,2,2,2,1.0,1.0
3402,632,1,1,1,1,1,1,1.0,1.0
3402,456,0,0,0,0,0,0,1.0,1.0
3402,272,0,0,0,0,0,0,1.0,1.0
3402,31,0,0,0,0,0,0,1.0,1.0
3402,523,0,0,0,0,0,0,1.0,1.0
3402,252,0,0,0,0,0,0,1.0,1.0
3402,58,0,0,0,0,0,0,1.0,1.0
6110,105,0,0,0,0,0,0,1.0,1.0
6110,498,0,0,0,0,0,0,1.0,1.0
6110,140,0,0,0,0,0,0,1.0,1.0
6110,138,0,0,0,0,0,0,1.0,1.0
6110,653,0,0,0,0,0,0,1.0,1.0
6110,659,0,0,0,0,0,0,1.0,1.0
6110,190,0,0,0,0,0,0,1.0,1.0
6110,725,0,0,0,0,0,0,1.0,1.0
6110,8,0,0,0,0,0,0,1.0,1.0
6110,22,0,0,0,0,0,0,1.0,1.0
6110,590,1,1,1,1,1,1,1.0,1.0
6110,605,0,0,0,0,0,0,1.0,1.0
6110,646,0,0,0,0,0,0,1.0,1.0
6110,23,1,1,1,1,1,1,1.0,1.0
6110,236,2,2,2,2,2,2,1.0,1.0
6110,312,0,0,0,0,0,0,1.0,1.0
6110,39,1,1,1,1,1,1,1.0,1.0
6110,579,1,1,1,1,1,1,1.0,1.0
6110,509,0,0,0,0,0,0,1.0,1.0
6110,212,0,0,0,0,0,0,1.0,1.0
6110,677,0,0,0,0,0,0,1.0,1.0
6110,238,0,0,0,0,0,0,1.0,1.0
6110,65,0,0,0,0,0,0,1.0,1.0
6110,98,1,1,1,1,1,1,1.0,1.0
6110,427,0,1,0,0,0,0,0.8,0.9
6110,280,1,1,1,1,1,1,1.0,1.0
6110,548,0,0,0,0,0,0,1.0,1.0
6110,334,1,1,1,1,1,1,1.0,1.0
6110,31,0,0,0,0,0,0,1.0,1.0
6110,337,0,0,0,0,0,0,1.0,1.0
6110,629,0,0,0,0,0,0,1.0,1.0
6110,506,0,0,0,0,0,0,1.0,1.0
6110,239,0,0,0,0,0,0,1.0,1.0
6110,361,0,0,0,0,0,0,1.0,1.0
6110,487,1,1,1,1,1,1,1.0,1.0
6110,490,1,1,1,1,1,1,1.0,1.0
6110,264,0,0,0,0,0,0,1.0,1.0
6110,70,0,0,0,0,0,0,1.0,1.0
6110,235,0,0,0,0,0,0,1.0,1.0
6110,460,0,0,0,0,0,0,1.0,1.0
6110,553,0,0,0,0,0,0,1.0,1.0
6110,261,1,1,1,1,1,1,1.0,1.0
6110,162,0,0,0,0,0,0,1.0,1.0
6110,218,1,1,1,1,1,1,1.0,1.0
6110,724,1,1,1,1,1,1,1.0,1.0
6110,172,0,0,0,0,0,0,1.0,1.0
6110,587,0,0,0,0,0,0,1.0,1.0
6110,213,0,0,0,0,0,0,1.0,1.0
6110,428,1,1,1,1,1,1,1.0,1.0
6110,221,0,0,0,0,0,0,1.0,1.0
6110,432,0,0,0,0,0,0,1.0,1.0
6110,331,0,0,0,0,0,0,1.0,1.0
6110,419,0,0,0,0,0,0,1.0,1.0
6110,205,0,0,0,0,0,0,1.0,1.0
6110,254,1,1,1,1,1,1,1.0,1.0
6110,82,0,0,0,0,0,0,1.0,1.0
6110,391,0,0,0,0,0,0,1.0,1.0
6110,38,0,0,0,0,0,0,1.0,1.0
6110,593,1,1,1,1,1,1,1.0,1.0
6110,406,0,0,0,0,0,0,1.0,1.0
6110,326,0,0,0,0,0,0,1.0,1.0
6110,639,0,0,0,0,0,0,1.0,1.0
6110,255,1,1,1,1,1,1,1.0,1.0
6110,273,0,0,0,0,0,0,1.0,1.0
6110,558,0,0,0,0,0,0,1.0,1.0
6110,24,0,0,0,0,0,0,1.0,1.0
6110,215,0,1,0,0,0,0,0.8,0.9
6110,632,1,1,1,1,1,1,1.0,1.0
6110,613,0,0,0,0,0,0,1.0,1.0
6110,507,0,0,0,0,0,0,1.0,1.0
6110,503,1,2,1,2,2,2,0.6,0.8
6110,357,1,1,1,1,1,1,1.0,1.0
6110,112,0,0,0,0,0,0,1.0,1.0
6110,84,2,2,2,2,2,2,1.0,1.0
6110,519,1,1,1,1,1,1,1.0,1.0
6110,641,0,0,0,0,0,0,1.0,1.0
6110,382,0,0,0,0,0,0,1.0,1.0
6110,386,0,0,0,0,0,0,1.0,1.0
6110,49,0,0,0,0,0,0,1.0,1.0
6110,269,0,0,0,0,0,0,1.0,1.0
6110,435,0,0,0,0,0,0,1.0,1.0
7531,268,0,0,0,0,0,0,1.0,1.0
7531,438,0,0,0,0,0,0,1.0,1.0
7531,434,0,0,0,0,0,0,1.0,1.0
7531,173,0,0,0,0,0,0,1.0,1.0
7531,518,0,0,0,0,0,0,1.0,1.0
7531,225,0,0,0,0,0,0,1.0,1.0
7531,681,0,0,0,0,0,0,1.0,1.0
7531,253,0,0,0,0,0,0,1.0,1.0
7531,265,0,0,0,0,0,0,1.0,1.0
7531,511,0,0,0,0,0,0,1.0,1.0
7531,596,0,0,0,0,0,0,1.0,1.0
7531,737,0,0,0,0,0,0,1.0,1.0
7531,121,0,0,0,0,0,0,1.0,1.0
7531,86,0,0,0,0,0,0,1.0,1.0
7531,636,0,0,0,0,0,0,1.0,1.0
7531,578,0,0,0,0,0,0,1.0,1.0
7531,522,0,0,0,0,0,0,1.0,1.0
7531,662,0,0,0,0,0,0,1.0,1.0
7531,540,0,0,0,0,0,0,1.0,1.0
7531,523,0,0,0,0,0,0,1.0,1.0
7531,41,0,0,0,0,0,0,1.0,1.0
7531,267,0,0,0,0,0,0,1.0,1.0
7531,430,0,0,0,0,0,0,1.0,1.0
7531,542,0,0,0,0,0,0,1.0,1.0
7531,600,0,0,0,0,0,0,1.0,1.0
7531,740,0,0,0,0,0,0,1.0,1.0
7531,112,0,0,0,0,0,0,1.0,1.0
7531,409,0,0,0,0,0,0,1.0,1.0
7531,116,0,0,0,0,0,0,1.0,1.0
7531,175,0,0,0,0,0,0,1.0,1.0
7531,448,1,1,1,1,1,1,1.0,1.0
7531,635,0,0,0,0,0,0,1.0,1.0
7531,656,0,0,0,0,0,0,1.0,1.0
7531,410,0,0,0,0,0,0,1.0,1.0
7531,552,0,1,1,1,1,1,0.8,0.9
7531,396,1,1,1,1,1,1,1.0,1.0
7531,71,0,0,0,0,0,0,1.0,1.0
7531,598,1,1,1,1,1,1,1.0,1.0
7531,487,0,0,0,0,0,0,1.0,1.0
7531,503,1,1,1,1,1,1,1.0,1.0
7531,505,0,0,0,0,0,0,1.0,1.0
7531,526,0,0,0,0,0,0,1.0,1.0
7531,317,0,0,0,0,0,0,1.0,1.0
7531,145,0,0,0,0,0,0,1.0,1.0
7531,603,0,0,0,0,0,0,1.0,1.0
7531,304,0,0,0,0,0,0,1.0,1.0
7531,688,0,0,0,0,0,0,1.0,1.0
7531,493,0,0,0,0,0,0,1.0,1.0
7531,56,0,0,0,0,0,0,1.0,1.0
7531,468,0,0,0,0,0,0,1.0,1.0
7531,149,0,0,0,0,0,0,1.0,1.0
7531,488,0,0,0,0,0,0,1.0,1.0
7531,249,0,0,0,0,0,0,1.0,1.0
7531,530,0,0,0,0,0,0,1.0,1.0
7531,286,0,0,0,0,0,0,1.0,1.0
7531,244,0,0,0,0,0,0,1.0,1.0
7531,477,0,0,0,0,0,0,1.0,1.0
7531,599,0,0,0,0,0,0,1.0,1.0
7531,19,0,0,0,0,0,0,1.0,1.0
7531,456,0,0,0,0,0,0,1.0,1.0
7531,577,0,0,0,0,0,0,1.0,1.0
7531,329,0,0,0,0,0,0,1.0,1.0
7531,361,0,0,0,0,0,0,1.0,1.0
7531,405,0,0,0,0,0,0,1.0,1.0
7531,494,0,0,0,0,0,0,1.0,1.0
7531,237,0,0,0,0,0,0,1.0,1.0
7531,657,0,0,0,0,0,0,1.0,1.0
7531,472,0,0,0,0,0,0,1.0,1.0
7531,93,0,0,0,0,0,0,1.0,1.0
7531,108,0,0,0,0,0,0,1.0,1.0
7531,550,0,0,0,0,0,0,1.0,1.0
7531,698,0,0,0,0,0,0,1.0,1.0
7531,115,0,0,0,0,0,0,1.0,1.0
7531,296,0,0,0,0,0,0,1.0,1.0
7531,504,0,0,0,0,0,0,1.0,1.0
7531,429,1,1,1,1,1,1,1.0,1.0
7531,236,0,0,0,0,0,0,1.0,1.0
7531,15,0,0,0,0,0,0,1.0,1.0
7531,520,0,0,0,0,0,0,1.0,1.0
7531,551,0,0,0,0,0,0,1.0,1.0
7531,241,0,0,0,0,0,0,1.0,1.0
7531,437,0,0,0,0,0,0,1.0,1.0
7531,288,0,0,0,0,0,0,1.0,1.0
7531,23,0,0,0,0,0,0,1.0,1.0
7531,48,0,0,0,0,0,0,1.0,1.0
7531,569,0,0,0,0,0,0,1.0,1.0
7531,32,0,0,0,0,0,0,1.0,1.0
7531,707,0,0,0,0,0,0,1.0,1.0
7531,155,0,0,0,0,0,0,1.0,1.0
7531,709,0,0,0,0,0,0,1.0,1.0
7531,458,0,0,0,0,0,0,1.0,1.0
5438,21,2,2,2,2,2,2,1.0,1.0
5438,215,1,1,1,1,1,1,1.0,1.0
5438,361,1,1,1,1,1,1,1.0,1.0
5438,677,0,0,0,0,0,0,1.0,1.0
5438,111,1,1,1,1,1,1,1.0,1.0
5438,451,1,1,1,0,1,1,0.8,0.9
5438,520,0,0,0,0,0,0,1.0,1.0
5438,707,0,0,0,0,0,0,1.0,1.0
5438,526,0,0,0,0,0,0,1.0,1.0
5438,429,0,0,0,0,0,0,1.0,1.0
5438,396,1,1,0,1,1,1,0.8,0.9
5438,599,1,1,1,1,1,1,1.0,1.0
5438,605,1,0,1,1,1,1,0.8,0.9
5438,15,1,1,1,1,1,1,1.0,1.0
5438,511,1,1,0,1,0,1,0.6,0.8
5438,326,0,0,0,0,0,0,1.0,1.0
5438,292,0,0,0,0,0,0,1.0,1.0
5438,70,1,1,1,1,1,1,1.0,1.0
5438,695,0,0,0,0,0,0,1.0,1.0
5438,560,1,1,1,1,1,1,1.0,1.0
5438,82,0,0,0,0,0,0,1.0,1.0
5438,405,2,2,2,2,2,2,1.0,1.0
5438,603,0,0,0,0,0,0,1.0,1.0
5438,725,0,0,0,0,0,0,1.0,1.0
5438,293,0,0,0,1,0,0,0.8,0.9
5438,73,0,0,0,0,0,0,1.0,1.0
5438,83,0,0,0,0,0,0,1.0,1.0
5438,656,1,1,1,0,1,1,0.8,0.9
5438,571,1,1,1,1,1,1,1.0,1.0
5438,129,0,0,0,0,0,0,1.0,1.0
5438,377,0,0,0,0,0,0,1.0,1.0
5438,471,0,0,0,0,0,0,1.0,1.0
5438,458,1,1,1,1,1,1,1.0,1.0
5438,255,0,0,0,0,0,0,1.0,1.0
5438,552,1,0,0,0,0,0,0.8,0.9
5438,632,1,1,1,1,1,1,1.0,1.0
5438,634,2,2,2,2,2,2,1.0,1.0
5438,368,1,1,1,1,1,1,1.0,1.0
5438,680,0,0,0,0,0,0,1.0,1.0
5438,454,0,0,0,0,0,0,1.0,1.0
5438,404,0,0,0,0,0,0,1.0,1.0
5438,242,0,0,0,0,0,0,1.0,1.0
5438,108,0,0,0,0,0,0,1.0,1.0
5438,490,0,0,0,0,1,0,0.8,0.9
5438,230,1,1,1,1,1,1,1.0,1.0
5438,692,1,1,1,1,1,1,1.0,1.0
5438,273,0,0,0,0,0,0,1.0,1.0
5438,56,0,0,0,0,0,0,1.0,1.0
5438,24,1,1,1,1,1,1,1.0,1.0
5438,430,0,0,0,0,0,0,1.0,1.0
5438,578,2,2,2,2,2,2,1.0,1.0
5438,8,0,0,0,0,0,0,1.0,1.0
5438,357,1,1,1,1,1,1,1.0,1.0
5438,90,0,0,0,0,0,0,1.0,1.0
5438,593,1,1,1,1,1,1,1.0,1.0
5438,67,0,0,1,0,0,0,0.8,0.9
5438,569,2,2,2,2,2,2,1.0,1.0
5438,234,0,0,0,0,0,0,1.0,1.0
5438,437,0,0,0,0,0,0,1.0,1.0
5438,30,0,0,0,0,0,0,1.0,1.0
5438,86,0,0,0,1,0,0,0.8,0.9
5438,265,1,1,1,1,1,1,1.0,1.0
5438,528,0,0,0,0,0,0,1.0,1.0
5438,512,0,0,0,0,0,0,1.0,1.0
5438,477,0,0,0,0,0,0,1.0,1.0
5438,699,1,1,1,1,1,1,1.0,1.0
5438,308,1,1,1,1,1,1,1.0,1.0
5438,577,0,0,0,0,0,0,1.0,1.0
5438,146,0,0,0,0,1,0,0.8,0.9
5438,463,0,0,0,0,0,0,1.0,1.0
5438,330,1,1,1,1,1,1,1.0,1.0
5438,450,2,2,2,2,2,2,1.0,1.0
4144,280,0,0,0,0,0,0,1.0,1.0
4144,170,0,0,0,0,0,0,1.0,1.0
4144,47,0,0,0,0,0,0,1.0,1.0
4144,121,2,2,2,2,2,2,1.0,1.0
4144,635,2,2,2,2,2,2,1.0,1.0
4144,241,1,1,1,1,1,1,1.0,1.0
4144,303,0,0,0,0,0,0,1.0,1.0
4144,41,0,0,0,0,0,0,1.0,1.0
4144,493,0,0,0,0,0,0,1.0,1.0
4144,249,1,1,1,1,1,1,1.0,1.0
4144,680,0,0,0,0,0,0,1.0,1.0
4144,235,0,0,0,0,0,0,1.0,1.0
4144,565,0,0,0,0,0,0,1.0,1.0
4144,669,0,0,0,0,0,0,1.0,1.0
4144,23,1,1,1,1,1,1,1.0,1.0
4144,149,0,0,0,0,0,0,1.0,1.0
4144,594,0,0,0,0,0,0,1.0,1.0
4144,710,0,0,0,0,0,0,1.0,1.0
4144,130,0,0,0,0,0,0,1.0,1.0
4144,71,0,0,0,0,0,0,1.0,1.0
4144,540,0,0,0,0,0,0,1.0,1.0
4144,579,0,0,0,0,0,0,1.0,1.0
4144,724,1,1,1,1,1,1,1.0,1.0
4144,681,0,0,0,0,0,0,1.0,1.0
4144,206,0,0,0,0,0,0,1.0,1.0
4144,98,1,1,0,1,1,1,0.8,0.9
4144,77,0,0,0,0,0,0,1.0,1.0
4144,223,0,0,0,0,0,0,1.0,1.0
4144,65,0,0,0,0,0,0,1.0,1.0
4144,176,0,0,0,0,0,0,1.0,1.0
4144,683,0,0,0,0,0,0,1.0,1.0
4144,295,0,0,0,0,0,0,1.0,1.0
4144,646,0,0,0,0,0,0,1.0,1.0
4144,116,0,0,0,0,0,0,1.0,1.0
4144,524,0,0,0,0,0,0,1.0,1.0
4144,505,0,0,0,0,0,0,1.0,1.0
4144,469,0,0,0,0,0,0,1.0,1.0
4144,454,0,0,0,0,0,0,1.0,1.0
4144,631,0,0,0,0,0,0,1.0,1.0
4144,204,0,0,0,0,0,0,1.0,1.0
4144,662,0,0,0,0,0,0,1.0,1.0
4144,690,0,0,0,0,0,0,1.0,1.0
4144,351,0,0,0,0,0,0,1.0,1.0
4144,598,1,1,1,1,1,1,1.0,1.0
4144,150,0,0,0,0,0,0,1.0,1.0
4144,218,2,2,2,2,2,2,1.0,1.0
4144,629,1,1,1,1,1,1,1.0,1.0
4144,465,0,0,0,0,0,0,1.0,1.0
4144,604,0,0,0,0,0,0,1.0,1.0
4144,85,0,0,0,0,0,0,1.0,1.0
4144,522,0,0,0,0,0,0,1.0,1.0
4144,427,0,0,0,0,0,0,1.0,1.0
4144,434,1,1,1,1,1,1,1.0,1.0
4144,337,0,0,0,0,0,0,1.0,1.0
4144,483,0,0,0,0,0,0,1.0,1.0
4144,678,0,0,0,0,0,0,1.0,1.0
4144,39,1,1,1,1,1,1,1.0,1.0
4144,244,1,1,1,1,1,1,1.0,1.0
4144,31,0,0,0,0,0,0,1.0,1.0
4144,19,0,0,0,0,0,0,1.0,1.0
4144,550,1,1,1,1,1,1,1.0,1.0
4144,510,0,0,0,0,0,0,1.0,1.0
4144,519,0,0,0,0,0,0,1.0,1.0
4144,254,1,1,1,1,1,1,1.0,1.0
4144,4,0,0,0,0,0,0,1.0,1.0
4144,296,1,1,1,1,1,1,1.0,1.0
4144,329,0,0,0,0,0,0,1.0,1.0
4144,180,0,0,0,0,0,0,1.0,1.0
4144,213,0,0,0,0,0,0,1.0,1.0
4144,410,0,0,0,0,0,0,1.0,1.0
4144,84,1,1,1,1,1,1,1.0,1.0
4144,93,0,0,0,0,0,0,1.0,1.0
4144,205,0,0,0,0,0,0,1.0,1.0
4144,331,0,0,0,0,0,0,1.0,1.0
4144,177,0,0,0,0,0,0,1.0,1.0
4144,38,0,0,0,0,0,0,1.0,1.0
4144,503,2,2,2,2,2,2,1.0,1.0
4144,472,0,0,0,0,0,0,1.0,1.0
4144,549,0,0,0,0,0,0,1.0,1.0
387,175,0,0,0,0,0,0,1.0,1.0
387,15,0,0,0,0,0,0,1.0,1.0
387,114,0,0,0,0,0,0,1.0,1.0
387,577,0,0,0,0,0,0,1.0,1.0
387,334,1,1,1,1,1,1,1.0,1.0
387,3,0,0,0,0,0,0,1.0,1.0
387,253,0,0,0,0,0,0,1.0,1.0
387,696,0,0,0,0,0,0,1.0,1.0
387,308,0,0,0,0,0,0,1.0,1.0
387,444,1,1,1,1,1,1,1.0,1.0
387,218,1,1,1,1,1,1,1.0,1.0
387,502,0,0,0,0,0,0,1.0,1.0
387,286,0,0,0,0,0,0,1.0,1.0
387,313,0,0,0,0,0,0,1.0,1.0
387,273,0,0,0,0,0,0,1.0,1.0
387,703,0,0,0,0,0,0,1.0,1.0
387,506,0,0,0,0,0,0,1.0,1.0
387,328,1,1,1,1,1,1,1.0,1.0
387,714,0,0,0,0,0,0,1.0,1.0
387,237,0,0,0,0,0,0,1.0,1.0
387,507,0,0,0,0,0,0,1.0,1.0
387,32,0,0,0,0,0,0,1.0,1.0
387,633,0,0,0,0,0,0,1.0,1.0
387,609,0,0,0,0,0,0,1.0,1.0
387,556,0,0,0,0,0,0,1.0,1.0
387,657,0,0,0,0,0,0,1.0,1.0
387,540,0,0,0,0,0,0,1.0,1.0
387,363,0,0,0,0,0,0,1.0,1.0
387,428,1,1,1,1,1,1,1.0,1.0
387,605,0,0,0,0,0,0,1.0,1.0
387,79,1,1,1,1,1,1,1.0,1.0
387,260,0,0,0,0,0,0,1.0,1.0
387,166,0,0,0,0,0,0,1.0,1.0
387,509,0,0,0,0,0,0,1.0,1.0
387,489,0,0,0,0,0,0,1.0,1.0
387,578,0,0,0,0,0,0,1.0,1.0
387,357,1,1,1,1,1,1,1.0,1.0
387,563,0,0,0,0,0,0,1.0,1.0
387,31,0,0,0,0,0,0,1.0,1.0
387,265,1,1,1,1,1,1,1.0,1.0
387,67,0,0,0,0,0,0,1.0,1.0
387,84,2,2,2,2,2,2,1.0,1.0
387,725,0,0,0,0,0,0,1.0,1.0
387,82,0,0,0,0,0,0,1.0,1.0
387,430,0,0,0,0,0,0,1.0,1.0
387,37,0,0,0,0,0,0,1.0,1.0
387,116,0,0,0,0,0,0,1.0,1.0
387,526,1,1,2,2,2,2,0.6,0.8
387,521,0,0,0,0,0,0,1.0,1.0
387,581,0,0,0,0,0,0,1.0,1.0
387,215,1,1,1,1,1,1,1.0,1.0
387,380,0,0,0,0,0,0,1.0,1.0
387,41,0,0,0,0,0,0,1.0,1.0
387,48,0,0,0,0,0,0,1.0,1.0
387,680,0,0,0,0,0,0,1.0,1.0
387,442,0,0,0,0,0,0,1.0,1.0
387,722,0,0,0,0,0,0,1.0,1.0
387,118,0,0,0,0,0,0,1.0,1.0
387,177,0,0,0,0,0,0,1.0,1.0
387,412,0,0,0,0,0,0,1.0,1.0
387,553,0,0,0,0,0,0,1.0,1.0
387,326,0,0,0,0,0,0,1.0,1.0
387,405,1,1,1,1,1,1,1.0,1.0
387,636,0,0,0,0,0,0,1.0,1.0
387,279,0,0,0,0,0,0,1.0,1.0
387,707,0,0,0,0,0,0,1.0,1.0
387,665,0,0,0,0,0,0,1.0,1.0
387,593,2,2,2,2,2,2,1.0,1.0
387,52,0,0,0,0,0,0,1.0,1.0
387,493,0,0,0,0,0,0,1.0,1.0
387,486,0,0,0,0,0,0,1.0,1.0
387,410,0,0,0,0,0,0,1.0,1.0
6055,149,0,0,0,0,0,0,1.0,1.0
6055,8,0,0,0,0,0,0,1.0,1.0
6055,51,0,0,0,0,0,0,1.0,1.0
6055,275,1,1,1,1,1,1,1.0,1.0
6055,518,0,1,1,1,1,1,0.8,0.9
6055,583,0,0,0,0,0,0,1.0,1.0
6055,597,0,0,0,0,0,0,1.0,1.0
6055,390,0,0,0,0,0,0,1.0,1.0
6055,255,0,0,0,0,0,0,1.0,1.0
6055,192,0,0,0,0,0,0,1.0,1.0
6055,302,0,0,0,0,0,0,1.0,1.0
6055,70,0,0,0,0,0,0,1.0,1.0
6055,414,0,0,0,0,0,0,1.0,1.0
6055,86,0,0,0,0,0,0,1.0,1.0
6055,737,0,0,0,0,0,0,1.0,1.0
6055,608,0,0,0,0,0,0,1.0,1.0
6055,685,0,0,0,0,0,0,1.0,1.0
6055,244,0,0,0,0,0,0,1.0,1.0
6055,724,0,0,0,0,0,0,1.0,1.0
6055,276,0,0,0,0,0,0,1.0,1.0
6055,575,1,0,1,0,1,1,0.6,0.8
6055,472,0,0,0,0,0,0,1.0,1.0
6055,690,1,1,1,1,1,1,1.0,1.0
6055,598,0,0,0,0,0,0,1.0,1.0
6055,519,0,0,0,0,0,0,1.0,1.0
6055,343,0,0,0,0,0,0,1.0,1.0
6055,559,0,0,0,0,0,0,1.0,1.0
6055,66,0,0,0,0,0,0,1.0,1.0
6055,617,1,1,1,1,1,1,1.0,1.0
6055,654,0,0,0,0,0,0,1.0,1.0
6055,635,1,1,1,1,1,1,1.0,1.0
6055,296,1,1,1,1,1,1,1.0,1.0
6055,19,1,1,1,1,1,1,1.0,1.0
6055,556,0,0,0,0,0,0,1.0,1.0
6055,465,0,0,0,0,0,0,1.0,1.0
6055,388,0,0,0,0,0,0,1.0,1.0
6055,599,0,0,0,0,0,0,1.0,1.0
6055,56,0,0,0,0,0,0,1.0,1.0
6055,65,0,0,0,0,0,0,1.0,1.0
6055,637,0,0,0,0,0,0,1.0,1.0
6055,579,0,0,0,0,0,0,1.0,1.0
6055,437,0,0,0,0,0,0,1.0,1.0
6055,448,0,0,0,0,0,0,1.0,1.0
6055,93,0,0,0,0,0,0,1.0,1.0
6055,258,0,0,0,0,0,0,1.0,1.0
6055,36,0,0,0,0,0,0,1.0,1.0
6055,494,0,0,0,0,0,0,1.0,1.0
6055,553,0,0,0,0,0,0,1.0,1.0
6055,253,1,1,1,1,1,1,1.0,1.0
6055,280,1,1,1,1,1,1,1.0,1.0
6055,729,0,0,0,0,0,0,1.0,1.0
6055,321,0,0,0,0,0,0,1.0,1.0
6055,486,0,0,0,0,0,0,1.0,1.0
6055,477,0,0,0,0,0,0,1.0,1.0
6055,429,1,1,1,1,1,1,1.0,1.0
6055,198,1,1,1,1,1,1,1.0,1.0
6055,603,1,1,1,1,1,1,1.0,1.0
6055,83,0,0,0,0,0,0,1.0,1.0
6055,286,0,0,0,0,0,0,1.0,1.0
6055,621,0,0,0,0,0,0,1.0,1.0
6055,439,0,0,0,0,0,0,1.0,1.0
2211,108,0,0,0,0,0,0,1.0,1.0
2211,38,0,0,0,1,0,0,0.8,0.9
2211,522,0,0,0,0,0,0,1.0,1.0
2211,629,0,0,0,0,0,0,1.0,1.0
2211,329,0,0,0,0,0,0,1.0,1.0
2211,32,0,0,0,0,0,0,1.0,1.0
2211,427,1,1,1,1,1,1,1.0,1.0
2211,381,0,0,0,0,0,0,1.0,1.0
2211,573,0,0,0,0,0,0,1.0,1.0
2211,434,0,0,0,0,0,0,1.0,1.0
2211,657,0,0,0,0,0,0,1.0,1.0
2211,435,0,0,0,0,0,0,1.0,1.0
2211,686,0,0,0,0,0,0,1.0,1.0
2211,507,0,0,0,0,0,0,1.0,1.0
2211,538,0,0,0,0,0,0,1.0,1.0
2211,193,0,0,0,0,0,0,1.0,1.0
2211,334,0,1,1,1,1,1,0.8,0.9
2211,249,0,0,0,0,0,0,1.0,1.0
2211,511,0,0,0,0,0,0,1.0,1.0
2211,314,0,0,0,0,0,0,1.0,1.0
2211,361,0,0,0,0,0,0,1.0,1.0
2211,552,0,0,0,0,0,0,1.0,1.0
2211,569,0,0,0,0,0,0,1.0,1.0
2211,206,0,0,0,0,0,0,1.0,1.0
2211,146,0,0,0,0,0,0,1.0,1.0
2211,294,0,0,0,0,0,0,1.0,1.0
2211,164,0,0,0,0,0,0,1.0,1.0
2211,550,0,0,0,0,0,0,1.0,1.0
2211,352,0,0,0,0,0,0,1.0,1.0
2211,737,0,0,0,0,0,0,1.0,1.0
2211,632,0,1,1,1,1,1,0.8,0.9
2211,161,0,0,0,0,0,0,1.0,1.0
2211,726,0,0,0,0,0,0,1.0,1.0
2211,254,0,0,0,0,0,0,1.0,1.0
2211,331,0,0,0,0,0,0,1.0,1.0
2211,428,0,0,0,0,0,0,1.0,1.0
2211,33,0,0,0,0,0,0,1.0,1.0
2211,651,0,0,0,0,0,0,1.0,1.0
2211,520,0,0,0,0,0,0,1.0,1.0
2211,490,0,0,0,0,0,0,1.0,1.0
2211,662,0,0,0,0,0,0,1.0,1.0
2211,395,0,0,0,0,0,0,1.0,1.0
2211,175,0,0,0,0,0,0,1.0,1.0
2211,305,0,0,0,0,0,0,1.0,1.0
2211,24,0,0,0,0,0,0,1.0,1.0
2211,556,0,0,0,0,0,0,1.0,1.0
2211,509,0,0,0,0,0,0,1.0,1.0
2211,496,0,0,0,0,0,0,1.0,1.0
2211,241,0,0,0,0,0,0,1.0,1.0
2211,98,0,0,0,0,0,0,1.0,1.0
2211,173,0,0,0,0,0,0,1.0,1.0
2211,487,0,0,0,0,0,0,1.0,1.0
2211,71,0,0,0,0,0,0,1.0,1.0
2211,234,0,0,0,0,0,0,1.0,1.0
2211,121,0,0,0,0,0,0,1.0,1.0
2211,337,0,0,0,0,0,0,1.0,1.0
2211,656,0,0,0,0,0,0,1.0,1.0
2211,205,0,0,0,0,0,0,1.0,1.0
2211,505,1,1,1,1,1,1,1.0,1.0
2211,729,0,0,0,0,0,0,1.0,1.0
2211,720,0,0,0,0,0,0,1.0,1.0
2211,636,0,0,0,0,0,0,1.0,1.0
2211,415,1,1,1,1,1,1,1.0,1.0
2211,260,0,0,0,0,0,0,1.0,1.0
2211,388,0,0,0,0,0,0,1.0,1.0
2211,503,1,1,1,1,1,1,1.0,1.0
2211,23,0,0,0,0,0,0,1.0,1.0
2211,375,0,0,0,0,0,0,1.0,1.0
2211,370,0,0,0,0,0,0,1.0,1.0
2211,325,0,0,0,0,0,0,1.0,1.0
2211,722,0,0,0,0,0,0,1.0,1.0
2211,59,0,0,0,0,0,0,1.0,1.0
2211,39,0,0,0,0,0,0,1.0,1.0
5114,405,1,1,0,1,1,1,0.8,0.9
5114,160,0,0,0,0,0,0,1.0,1.0
5114,662,0,0,0,0,0,0,1.0,1.0
5114,70,1,0,1,1,1,1,0.8,0.9
5114,716,0,0,0,0,0,0,1.0,1.0
5114,31,0,0,0,0,0,0,1.0,1.0
5114,603,0,0,0,0,0,0,1.0,1.0
5114,635,0,0,0,0,0,0,1.0,1.0
5114,519,0,0,0,0,0,0,1.0,1.0
5114,82,0,0,0,0,0,0,1.0,1.0
5114,203,0,0,0,0,0,0,1.0,1.0
5114,443,0,0,0,0,0,0,1.0,1.0
5114,509,0,0,0,0,0,0,1.0,1.0
5114,317,0,0,0,0,0,0,1.0,1.0
5114,586,0,0,0,0,0,0,1.0,1.0
5114,526,0,0,0,0,0,0,1.0,1.0
5114,19,0,0,0,0,0,0,1.0,1.0
5114,593,1,1,1,1,1,1,1.0,1.0
5114,180,0,0,0,0,0,0,1.0,1.0
5114,349,0,0,0,0,0,0,1.0,1.0
5114,695,0,0,0,0,0,0,1.0,1.0
5114,205,0,0,0,0,0,0,1.0,1.0
5114,435,0,0,0,0,0,0,1.0,1.0
5114,368,0,0,0,0,0,0,1.0,1.0
5114,334,1,1,1,1,1,1,1.0,1.0
5114,430,0,0,0,0,0,0,1.0,1.0
5114,185,0,0,0,0,0,0,1.0,1.0
5114,431,0,0,0,0,0,0,1.0,1.0
5114,490,0,0,0,0,0,0,1.0,1.0
5114,155,0,0,0,0,0,0,1.0,1.0
5114,478,0,0,0,0,0,0,1.0,1.0
5114,677,0,0,0,0,0,0,1.0,1.0
5114,27,0,0,0,0,0,0,1.0,1.0
5114,149,0,0,0,0,0,0,1.0,1.0
5114,23,0,0,0,0,0,0,1.0,1.0
5114,724,0,0,0,0,0,0,1.0,1.0
5114,38,1,1,1,1,1,1,1.0,1.0
5114,175,0,0,0,0,0,0,1.0,1.0
5114,255,0,0,0,0,0,0,1.0,1.0
5114,1,0,0,0,0,0,0,1.0,1.0
5114,84,1,1,1,1,1,1,1.0,1.0
5114,218,0,0,0,0,0,0,1.0,1.0
5114,540,0,0,0,0,0,0,1.0,1.0
5114,669,0,0,0,0,0,0,1.0,1.0
5114,599,0,0,0,0,0,0,1.0,1.0
5114,629,0,0,0,0,0,0,1.0,1.0
5114,236,0,0,0,0,0,0,1.0,1.0
5114,403,0,0,0,0,0,0,1.0,1.0
5114,507,0,0,0,0,0,0,1.0,1.0
5114,253,0,0,0,0,0,0,1.0,1.0
5114,329,0,0,0,0,0,0,1.0,1.0
5114,157,0,0,0,0,0,0,1.0,1.0
5114,254,0,0,0,0,0,0,1.0,1.0
5114,21,0,0,0,0,0,0,1.0,1.0
5114,168,0,0,0,0,0,0,1.0,1.0
5114,56,0,0,0,0,0,0,1.0,1.0
5114,286,0,0,0,0,0,0,1.0,1.0
5114,687,0,0,0,0,0,0,1.0,1.0
5114,296,0,0,0,0,0,0,1.0,1.0
5114,75,0,0,0,0,0,0,1.0,1.0
5114,495,0,0,0,0,0,0,1.0,1.0
5114,620,0,0,0,0,0,0,1.0,1.0
5114,24,0,0,0,0,0,0,1.0,1.0
5114,86,0,0,0,0,0,0,1.0,1.0
5114,375,0,0,0,0,0,0,1.0,1.0
5114,65,0,0,0,0,0,0,1.0,1.0
5114,632,1,1,1,1,1,1,1.0,1.0
5114,357,1,1,1,1,1,1,1.0,1.0
5114,39,1,1,1,1,1,1,1.0,1.0
5114,429,0,0,0,0,0,0,1.0,1.0
5114,273,0,0,0,0,0,0,1.0,1.0
5114,108,0,0,0,0,0,0,1.0,1.0
5114,116,0,0,0,0,0,0,1.0,1.0
5114,487,0,0,0,0,0,0,1.0,1.0
5114,410,0,0,0,0,0,0,1.0,1.0
5114,361,1,1,1,1,1,1,1.0,1.0
5114,98,0,0,0,0,0,0,1.0,1.0
5114,569,1,1,1,1,1,1,1.0,1.0
5114,337,0,0,0,0,0,0,1.0,1.0
5114,93,0,0,0,0,0,0,1.0,1.0
5114,737,0,0,0,0,0,0,1.0,1.0
5114,505,0,0,0,0,0,0,1.0,1.0
5114,577,0,0,0,0,0,0,1.0,1.0
5114,493,0,0,0,0,0,0,1.0,1.0
5114,707,0,0,0,0,0,0,1.0,1.0
5114,529,0,0,0,0,0,0,1.0,1.0
5114,249,0,0,0,0,0,0,1.0,1.0
5114,3,0,0,0,0,0,0,1.0,1.0
5114,121,2,2,2,2,2,2,1.0,1.0
5114,350,0,0,0,0,0,0,1.0,1.0
5114,552,0,0,0,0,0,0,1.0,1.0
5114,472,0,0,0,0,0,0,1.0,1.0
5114,280,0,0,0,0,0,0,1.0,1.0
5114,107,1,1,1,1,1,1,1.0,1.0
4110,539,0,0,0,0,0,0,1.0,1.0
4110,218,2,2,2,2,2,2,1.0,1.0
4110,131,0,0,0,0,0,0,1.0,1.0
4110,150,0,0,0,0,0,0,1.0,1.0
4110,65,0,0,0,0,0,0,1.0,1.0
4110,656,2,2,2,2,2,2,1.0,1.0
4110,511,1,1,1,1,1,1,1.0,1.0
4110,725,0,0,0,0,0,0,1.0,1.0
4110,707,0,0,0,0,0,0,1.0,1.0
4110,520,0,0,0,0,0,0,1.0,1.0
4110,119,0,0,0,0,0,0,1.0,1.0
4110,41,0,0,0,0,0,0,1.0,1.0
4110,265,0,0,0,0,0,0,1.0,1.0
4110,437,0,0,0,0,0,0,1.0,1.0
4110,347,2,1,2,2,2,2,0.8,0.9
4110,434,0,0,0,0,0,0,1.0,1.0
4110,477,0,0,0,0,0,0,1.0,1.0
4110,614,0,0,0,0,0,0,1.0,1.0
4110,606,0,0,0,0,0,0,1.0,1.0
4110,640,0,0,0,0,0,0,1.0,1.0
4110,428,0,0,0,0,0,0,1.0,1.0
4110,636,0,0,0,0,0,0,1.0,1.0
4110,542,0,0,0,0,0,0,1.0,1.0
4110,621,0,0,0,0,0,0,1.0,1.0
4110,236,0,0,0,0,0,0,1.0,1.0
4110,205,0,0,0,0,0,0,1.0,1.0
4110,472,0,0,0,0,0,0,1.0,1.0
4110,15,0,0,0,0,0,0,1.0,1.0
4110,56,0,0,0,0,0,0,1.0,1.0
4110,39,1,1,1,1,1,1,1.0,1.0
4110,120,0,0,0,0,0,0,1.0,1.0
4110,331,0,0,0,0,0,0,1.0,1.0
4110,423,0,0,0,0,0,0,1.0,1.0
4110,537,0,0,0,0,0,0,1.0,1.0
4110,29,0,0,0,0,0,0,1.0,1.0
4110,522,0,0,0,0,0,0,1.0,1.0
4110,579,0,0,0,0,0,0,1.0,1.0
4110,426,0,0,0,0,0,0,1.0,1.0
4110,285,0,0,0,0,0,0,1.0,1.0
4110,487,0,0,0,0,0,0,1.0,1.0
4110,627,0,0,0,0,0,0,1.0,1.0
4110,8,0,0,0,0,0,0,1.0,1.0
4110,503,2,2,2,2,2,2,1.0,1.0
4110,605,0,0,0,0,0,0,1.0,1.0
4110,215,0,0,0,0,0,0,1.0,1.0
4110,326,0,0,0,0,0,0,1.0,1.0
4110,427,0,0,0,0,0,0,1.0,1.0
4110,598,0,0,0,0,0,0,1.0,1.0
4110,32,0,0,0,0,0,0,1.0,1.0
4110,496,0,0,0,0,0,0,1.0,1.0
4110,71,0,0,0,0,0,0,1.0,1.0
4110,616,0,0,0,0,0,0,1.0,1.0
4110,593,2,2,2,2,2,2,1.0,1.0
4110,244,0,0,0,0,0,0,1.0,1.0
4110,608,0,0,0,0,0,0,1.0,1.0
4110,516,0,0,0,0,0,0,1.0,1.0
4110,147,0,0,0,0,0,0,1.0,1.0
4110,663,0,0,0,0,0,0,1.0,1.0
4110,412,0,0,0,0,0,0,1.0,1.0
4110,183,0,0,0,0,0,0,1.0,1.0
4110,341,0,0,0,0,0,0,1.0,1.0
4110,550,1,1,1,1,1,1,1.0,1.0
4110,561,0,0,0,0,0,0,1.0,1.0
4110,241,1,1,1,1,1,1,1.0,1.0
4110,501,0,0,0,0,0,0,1.0,1.0
4110,657,0,0,0,0,0,0,1.0,1.0
4110,282,0,0,0,0,0,0,1.0,1.0
7370,8,0,0,0,0,0,0,1.0,1.0
7370,244,1,1,1,1,1,1,1.0,1.0
7370,41,0,0,1,1,0,0,0.6,0.8
7370,199,0,0,0,0,0,0,1.0,1.0
7370,550,1,1,1,1,1,1,1.0,1.0
7370,38,0,0,0,0,0,0,1.0,1.0
7370,612,0,0,0,0,0,0,1.0,1.0
7370,273,0,0,0,0,0,0,1.0,1.0
7370,208,0,0,0,0,0,0,1.0,1.0
7370,697,0,0,0,0,0,0,1.0,1.0
7370,493,0,0,0,0,0,0,1.0,1.0
7370,480,0,0,0,0,0,0,1.0,1.0
7370,242,0,0,0,0,0,0,1.0,1.0
7370,294,0,0,0,0,0,0,1.0,1.0
7370,40,0,0,0,0,0,0,1.0,1.0
7370,665,0,0,0,0,0,0,1.0,1.0
7370,175,0,0,0,0,0,0,1.0,1.0
7370,254,1,1,1,1,1,1,1.0,1.0
7370,520,0,0,0,0,0,0,1.0,1.0
7370,653,0,0,0,0,0,0,1.0,1.0
7370,581,0,0,0,0,0,0,1.0,1.0
7370,599,1,0,1,1,1,1,0.8,0.9
7370,682,0,0,0,0,0,0,1.0,1.0
7370,505,0,0,0,0,0,0,1.0,1.0
7370,296,1,1,1,1,1,1,1.0,1.0
7370,241,1,1,1,1,1,1,1.0,1.0
7370,539,0,0,0,0,0,0,1.0,1.0
7370,377,0,0,0,0,0,0,1.0,1.0
7370,675,0,0,0,0,0,0,1.0,1.0
7370,577,0,0,0,0,0,0,1.0,1.0
7370,572,2,2,2,2,2,2,1.0,1.0
7370,519,1,1,1,1,1,1,1.0,1.0
7370,53,0,0,0,0,0,0,1.0,1.0
7370,430,0,0,0,0,0,0,1.0,1.0
7370,76,0,0,0,0,0,0,1.0,1.0
7370,566,0,0,0,0,0,0,1.0,1.0
7370,629,1,0,1,1,1,1,0.8,0.9
7370,19,0,0,0,0,0,0,1.0,1.0
7370,427,0,0,0,0,0,0,1.0,1.0
7370,573,0,0,0,0,0,0,1.0,1.0
7370,47,0,0,0,0,0,0,1.0,1.0
7370,23,1,1,1,1,1,1,1.0,1.0
7370,540,0,0,0,0,0,0,1.0,1.0
7370,71,1,1,0,1,1,1,0.8,0.9
7370,632,1,1,1,1,1,1,1.0,1.0
7370,605,0,0,0,0,0,0,1.0,1.0
7370,233,0,0,0,0,0,0,1.0,1.0
7370,547,0,0,0,0,0,0,1.0,1.0
7370,526,2,2,2,2,2,2,1.0,1.0
7370,338,0,0,0,0,0,0,1.0,1.0
7370,98,1,1,1,1,1,1,1.0,1.0
7370,146,0,0,0,0,0,0,1.0,1.0
7370,718,0,0,0,0,0,0,1.0,1.0
7370,237,0,0,0,0,0,0,1.0,1.0
7370,163,0,0,0,0,0,0,1.0,1.0
7370,137,1,1,1,1,1,1,1.0,1.0
7370,149,0,0,0,0,0,0,1.0,1.0
7370,249,2,2,2,2,2,2,1.0,1.0
7370,300,0,0,0,0,0,0,1.0,1.0
7370,139,0,0,0,0,0,0,1.0,1.0
7370,331,0,0,0,0,0,0,1.0,1.0
7370,636,0,0,0,0,0,0,1.0,1.0
7370,24,0,0,1,0,0,0,0.8,0.9
7370,372,0,0,0,0,0,0,1.0,1.0
7370,48,0,0,0,0,0,0,1.0,1.0
7370,337,0,0,0,0,0,0,1.0,1.0
7370,344,0,0,0,0,0,0,1.0,1.0
7370,522,0,0,0,0,0,0,1.0,1.0
7370,724,1,1,1,1,1,1,1.0,1.0
7370,579,1,1,1,1,1,1,1.0,1.0
7370,93,0,0,0,0,0,0,1.0,1.0
7370,334,1,0,1,1,1,1,0.8,0.9
7370,507,0,0,0,0,0,0,1.0,1.0
7370,70,0,0,0,0,0,0,1.0,1.0
7370,116,0,0,0,0,0,0,1.0,1.0
7370,423,0,0,0,0,0,0,1.0,1.0
7370,258,0,0,0,0,0,0,1.0,1.0
7370,361,0,0,0,0,0,0,1.0,1.0
7370,329,0,0,0,0,0,0,1.0,1.0
7370,15,0,0,0,0,0,0,1.0,1.0
7370,108,0,0,0,0,0,0,1.0,1.0
7370,503,2,2,2,2,2,2,1.0,1.0
7370,84,1,1,1,1,1,1,1.0,1.0
7370,635,2,2,2,2,2,2,1.0,1.0
7370,447,0,0,0,0,0,0,1.0,1.0
7370,717,0,0,0,0,0,0,1.0,1.0
7370,82,0,0,0,0,0,0,1.0,1.0
7144,521,0,0,0,0,0,0,1.0,1.0
7144,68,0,0,0,0,0,0,1.0,1.0
7144,600,1,1,1,1,1,1,1.0,1.0
7144,233,1,1,1,1,1,1,1.0,1.0
7144,585,1,2,1,2,1,1,0.6,0.8
7144,738,1,1,1,1,1,1,1.0,1.0
7144,610,0,0,0,0,0,0,1.0,1.0
7144,177,0,0,0,0,0,0,1.0,1.0
7144,466,0,0,0,0,0,0,1.0,1.0
7144,8,0,0,0,0,0,0,1.0,1.0
7144,140,0,0,0,0,0,0,1.0,1.0
7144,34,0,1,1,0,0,0,0.6,0.8
7144,714,0,0,0,0,0,0,1.0,1.0
7144,618,0,0,0,0,0,0,1.0,1.0
7144,495,0,0,0,0,0,0,1.0,1.0
7144,690,0,0,0,0,0,0,1.0,1.0
7144,377,0,0,0,0,0,0,1.0,1.0
7144,313,0,0,0,0,0,0,1.0,1.0
7144,147,0,0,0,0,0,0,1.0,1.0
7144,653,1,1,1,1,1,1,1.0,1.0
7144,276,0,0,0,0,0,0,1.0,1.0
7144,729,1,0,0,0,0,0,0.8,0.9
7144,189,0,0,0,0,0,0,1.0,1.0
7144,295,0,0,0,0,0,0,1.0,1.0
7144,548,0,0,0,0,0,0,1.0,1.0
7144,153,1,1,1,1,1,1,1.0,1.0
7144,658,0,0,0,0,0,0,1.0,1.0
7144,681,1,1,1,1,1,1,1.0,1.0
7144,542,0,0,0,0,0,0,1.0,1.0
7144,637,0,0,0,0,0,0,1.0,1.0
7144,333,1,1,1,1,1,1,1.0,1.0
7144,433,0,0,0,0,0,0,1.0,1.0
7144,529,0,0,0,0,0,0,1.0,1.0
7144,218,0,0,0,0,0,0,1.0,1.0
7144,46,0,0,0,0,0,0,1.0,1.0
7144,692,0,0,0,0,0,0,1.0,1.0
7144,237,1,1,1,1,1,1,1.0,1.0
7144,229,1,1,1,1,1,1,1.0,1.0
7144,253,0,0,0,0,0,0,1.0,1.0
7144,299,1,1,1,1,1,1,1.0,1.0
7144,217,0,0,0,0,0,0,1.0,1.0
7144,504,1,1,1,1,1,1,1.0,1.0
7144,165,0,0,0,0,0,0,1.0,1.0
7144,442,0,0,0,0,0,0,1.0,1.0
7144,166,1,1,1,1,1,1,1.0,1.0
7144,665,1,1,1,1,1,1,1.0,1.0
7144,351,0,0,0,0,0,0,1.0,1.0
7144,630,0,0,0,0,0,0,1.0,1.0
7144,539,0,0,0,0,0,0,1.0,1.0
7144,684,0,0,0,0,0,0,1.0,1.0
7144,131,0,0,0,0,0,0,1.0,1.0
7144,456,0,0,0,0,0,0,1.0,1.0
7144,374,0,0,0,0,0,0,1.0,1.0
7144,58,0,0,0,0,0,0,1.0,1.0
7144,609,0,0,0,0,0,0,1.0,1.0
7144,617,0,0,0,0,0,0,1.0,1.0
7144,624,0,0,0,0,0,0,1.0,1.0
7144,499,0,0,0,0,0,0,1.0,1.0
7144,346,1,1,1,1,1,1,1.0,1.0
7144,686,2,2,2,2,2,2,1.0,1.0
7144,287,0,0,0,0,0,0,1.0,1.0
7144,663,0,1,0,0,0,0,0.8,0.9
7144,359,1,1,1,1,2,1,0.8,0.9
7144,568,0,0,0,0,0,0,1.0,1.0
7144,677,0,0,0,0,0,0,1.0,1.0
7144,234,1,1,1,1,1,1,1.0,1.0
7144,708,1,1,1,1,1,1,1.0,1.0
7144,575,1,1,1,1,1,1,1.0,1.0
7144,514,1,1,1,1,1,1,1.0,1.0
7144,391,1,1,1,1,1,1,1.0,1.0
7144,100,0,0,0,0,0,0,1.0,1.0
7144,369,0,0,0,0,0,0,1.0,1.0
7144,635,1,1,1,1,1,1,1.0,1.0
7144,318,0,0,0,0,0,0,1.0,1.0
7144,66,0,0,0,0,0,0,1.0,1.0
7144,155,0,0,0,0,0,0,1.0,1.0
7144,161,0,0,0,0,0,0,1.0,1.0
7144,203,0,0,0,0,0,0,1.0,1.0
7144,497,1,1,1,1,1,1,1.0,1.0
7144,430,1,1,1,0,0,1,0.6,0.8
7144,715,2,1,1,1,2,1,0.6,0.8
7144,678,0,0,0,0,0,0,1.0,1.0
7144,79,0,0,0,0,0,0,1.0,1.0
7144,136,1,1,1,1,1,1,1.0,1.0
7144,412,1,1,1,1,1,1,1.0,1.0
7144,321,0,0,0,0,0,0,1.0,1.0
7144,192,0,0,0,0,0,0,1.0,1.0
7144,339,0,0,0,0,0,0,1.0,1.0
7144,332,1,1,1,1,1,1,1.0,1.0
7144,634,1,1,1,1,1,1,1.0,1.0
7144,98,0,0,0,0,0,0,1.0,1.0
7144,732,0,0,0,0,0,0,1.0,1.0
7144,97,0,0,0,0,0,0,1.0,1.0
7144,687,1,1,1,1,1,1,1.0,1.0
7144,403,0,0,0,0,0,0,1.0,1.0
7144,89,0,0,0,0,0,0,1.0,1.0
5139,193,0,0,0,0,0,0,1.0,1.0
5139,481,0,0,0,0,0,0,1.0,1.0
5139,345,0,0,0,0,0,0,1.0,1.0
5139,215,0,0,0,0,0,0,1.0,1.0
5139,264,0,0,0,0,0,0,1.0,1.0
5139,466,0,0,0,0,0,0,1.0,1.0
5139,144,0,0,0,0,0,0,1.0,1.0
5139,173,0,0,0,0,0,0,1.0,1.0
5139,239,0,0,0,0,0,0,1.0,1.0
5139,262,0,0,0,0,0,0,1.0,1.0
5139,683,0,0,0,0,0,0,1.0,1.0
5139,719,0,0,0,0,0,0,1.0,1.0
5139,454,0,0,0,0,0,0,1.0,1.0
5139,727,1,1,1,1,1,1,1.0,1.0
5139,69,0,0,0,0,0,0,1.0,1.0
5139,437,0,0,0,0,0,0,1.0,1.0
5139,378,0,0,0,0,0,0,1.0,1.0
5139,510,0,0,0,0,0,0,1.0,1.0
5139,562,0,0,0,0,0,0,1.0,1.0
5139,608,0,0,0,0,0,0,1.0,1.0
5139,701,0,0,0,0,0,0,1.0,1.0
5139,427,0,0,0,0,0,0,1.0,1.0
5139,36,0,0,0,0,0,0,1.0,1.0
5139,129,0,0,0,0,0,0,1.0,1.0
5139,644,0,0,0,0,0,0,1.0,1.0
5139,335,0,0,1,0,0,0,0.8,0.9
5139,175,0,0,0,0,0,0,1.0,1.0
5139,557,0,0,0,0,0,0,1.0,1.0
5139,381,0,0,0,0,0,0,1.0,1.0
5139,569,0,0,0,0,0,0,1.0,1.0
5139,113,0,0,0,0,0,0,1.0,1.0
5139,288,0,0,0,0,0,0,1.0,1.0
5139,384,0,0,0,0,0,0,1.0,1.0
5139,247,1,1,1,1,1,1,1.0,1.0
5139,506,0,0,0,0,0,0,1.0,1.0
5139,662,0,0,0,0,0,0,1.0,1.0
5139,56,0,0,0,0,0,0,1.0,1.0
5139,50,0,0,0,0,0,0,1.0,1.0
5139,551,0,0,0,0,0,0,1.0,1.0
5139,664,0,0,0,0,0,0,1.0,1.0
5139,563,0,0,0,0,0,0,1.0,1.0
5139,702,0,0,0,0,0,0,1.0,1.0
5139,325,0,0,0,0,0,0,1.0,1.0
5139,541,0,0,0,0,0,0,1.0,1.0
5139,517,0,0,0,0,0,0,1.0,1.0
5139,534,0,0,0,0,0,0,1.0,1.0
5139,531,0,0,0,0,0,0,1.0,1.0
5139,682,0,0,0,0,0,0,1.0,1.0
5139,33,0,0,0,0,0,0,1.0,1.0
5139,452,0,0,0,0,0,0,1.0,1.0
5139,540,0,0,0,0,0,0,1.0,1.0
5139,438,0,0,0,0,0,0,1.0,1.0
5139,480,0,0,0,0,0,0,1.0,1.0
5139,705,0,0,0,0,0,0,1.0,1.0
5139,342,1,1,1,1,1,1,1.0,1.0
5139,0,0,0,0,0,0,0,1.0,1.0
5139,282,0,0,0,0,0,0,1.0,1.0
5139,590,0,0,0,0,0,0,1.0,1.0
5139,428,1,1,1,1,1,1,1.0,1.0
5139,112,0,0,0,0,0,0,1.0,1.0
7287,237,2,2,2,2,2,2,1.0,1.0
7287,385,1,1,1,1,1,1,1.0,1.0
7287,565,0,0,0,0,0,0,1.0,1.0
7287,25,0,0,0,0,0,0,1.0,1.0
7287,563,1,1,1,1,1,1,1.0,1.0
7287,491,0,0,0,0,0,0,1.0,1.0
7287,360,1,1,1,1,1,1,1.0,1.0
7287,59,1,1,1,1,1,1,1.0,1.0
7287,50,1,1,1,1,1,1,1.0,1.0
7287,269,1,1,1,1,1,1,1.0,1.0
7287,714,0,0,0,0,0,0,1.0,1.0
7287,20,1,0,1,1,1,1,0.8,0.9
7287,738,1,1,1,1,1,1,1.0,1.0
7287,226,1,1,1,1,1,1,1.0,1.0
7287,332,1,1,1,1,1,1,1.0,1.0
7287,272,1,1,1,1,1,1,1.0,1.0
7287,524,0,0,0,0,0,0,1.0,1.0
7287,412,1,1,1,1,1,1,1.0,1.0
7287,113,1,1,1,1,1,1,1.0,1.0
7287,180,1,1,1,1,1,1,1.0,1.0
7287,334,0,0,0,0,0,0,1.0,1.0
7287,233,1,1,1,1,1,1,1.0,1.0
7287,590,0,0,0,0,0,0,1.0,1.0
7287,60,0,0,0,0,0,0,1.0,1.0
7287,58,1,1,1,1,1,1,1.0,1.0
7287,503,2,2,2,2,2,2,1.0,1.0
7287,691,0,0,0,0,0,0,1.0,1.0
7287,510,0,0,0,0,0,0,1.0,1.0
7287,343,0,0,0,0,0,0,1.0,1.0
7287,677,1,1,1,1,1,1,1.0,1.0
7287,391,1,1,1,1,1,1,1.0,1.0
7287,423,1,1,1,1,1,1,1.0,1.0
7287,371,1,1,1,1,1,1,1.0,1.0
7287,328,0,0,0,0,0,0,1.0,1.0
7287,654,0,0,0,0,1,0,0.8,0.9
7287,347,0,0,0,0,0,0,1.0,1.0
7287,390,1,1,1,1,1,1,1.0,1.0
7287,410,0,1,1,0,1,1,0.6,0.8
7287,446,0,0,0,0,0,0,1.0,1.0
7287,619,0,0,0,0,0,0,1.0,1.0
7287,485,0,0,0,0,0,0,1.0,1.0
7287,74,1,1,1,1,1,1,1.0,1.0
7287,144,1,1,1,1,1,1,1.0,1.0
7287,97,2,2,2,2,2,2,1.0,1.0
7287,585,1,1,1,1,1,1,1.0,1.0
7287,327,0,1,0,0,0,0,0.8,0.9
7287,155,0,0,0,0,0,0,1.0,1.0
7287,339,1,1,1,1,1,1,1.0,1.0
7287,603,1,1,1,1,1,1,1.0,1.0
7287,171,1,1,1,1,1,1,1.0,1.0
7287,320,1,1,1,1,1,1,1.0,1.0
7287,265,0,0,0,0,0,0,1.0,1.0
7287,609,2,2,1,2,2,2,0.8,0.9
7287,686,1,1,1,1,1,1,1.0,1.0
7287,729,0,1,0,0,0,0,0.8,0.9
7287,153,1,1,1,1,1,1,1.0,1.0
7287,403,0,0,0,0,0,0,1.0,1.0
7287,252,0,0,0,0,0,0,1.0,1.0
7287,661,1,1,1,1,1,1,1.0,1.0
7287,136,1,1,1,1,1,1,1.0,1.0
7287,325,1,1,1,1,1,1,1.0,1.0
7287,580,0,0,0,0,0,0,1.0,1.0
7287,112,1,1,1,1,1,1,1.0,1.0
7287,165,0,0,0,0,0,0,1.0,1.0
7287,625,0,0,0,0,0,0,1.0,1.0
7287,665,1,1,1,1,1,1,1.0,1.0
7287,124,1,1,1,1,1,1,1.0,1.0
7287,271,2,1,1,2,2,2,0.6,0.8
7287,422,1,0,1,1,0,1,0.6,0.8
7287,229,0,0,1,1,1,1,0.6,0.8
7287,345,1,1,1,1,1,1,1.0,1.0
7287,217,1,1,1,1,1,1,1.0,1.0
7287,77,0,0,0,0,0,0,1.0,1.0
7287,121,0,0,0,0,0,0,1.0,1.0
7287,378,2,2,2,2,2,2,1.0,1.0
7287,71,0,0,0,0,0,0,1.0,1.0
7287,32,0,0,0,0,0,0,1.0,1.0
7287,529,1,1,1,1,1,1,1.0,1.0
7287,551,1,1,1,1,1,1,1.0,1.0
328,331,0,0,0,0,0,0,1.0,1.0
328,562,1,1,1,1,1,1,1.0,1.0
328,299,0,0,0,0,0,0,1.0,1.0
328,1,0,0,0,0,0,0,1.0,1.0
328,644,0,0,0,0,0,0,1.0,1.0
328,69,0,0,0,0,0,0,1.0,1.0
328,41,0,0,0,0,0,0,1.0,1.0
328,429,0,0,0,0,0,0,1.0,1.0
328,203,0,0,0,0,0,0,1.0,1.0
328,539,0,0,0,0,0,0,1.0,1.0
328,146,0,0,0,0,0,0,1.0,1.0
328,544,0,0,0,0,0,0,1.0,1.0
328,548,0,0,0,0,0,0,1.0,1.0
328,381,0,0,0,0,0,0,1.0,1.0
328,74,0,0,0,0,0,0,1.0,1.0
328,624,0,0,0,0,0,0,1.0,1.0
328,702,0,0,0,0,0,0,1.0,1.0
328,557,0,0,0,0,0,0,1.0,1.0
328,591,0,0,0,0,0,0,1.0,1.0
328,33,0,0,0,0,0,0,1.0,1.0
328,733,1,1,1,1,1,1,1.0,1.0
328,35,0,0,0,0,0,0,1.0,1.0
328,495,0,0,0,0,0,0,1.0,1.0
328,541,0,0,0,0,0,0,1.0,1.0
328,663,0,0,0,0,0,0,1.0,1.0
328,701,1,1,1,1,1,1,1.0,1.0
328,287,0,0,0,0,0,0,1.0,1.0
328,625,0,0,0,0,0,0,1.0,1.0
328,143,0,0,0,0,0,0,1.0,1.0
328,297,0,0,0,0,0,0,1.0,1.0
328,661,1,1,1,1,1,1,1.0,1.0
328,504,0,0,0,0,0,0,1.0,1.0
328,98,0,0,0,0,0,0,1.0,1.0
328,240,0,0,0,0,0,0,1.0,1.0
328,608,0,0,0,0,0,0,1.0,1.0
328,208,0,0,0,0,0,0,1.0,1.0
328,342,0,0,0,0,0,0,1.0,1.0
328,517,0,0,0,0,0,0,1.0,1.0
328,653,0,0,0,0,0,0,1.0,1.0
328,34,0,0,0,0,0,0,1.0,1.0
328,727,0,0,0,0,0,0,1.0,1.0
328,728,0,0,0,0,0,0,1.0,1.0
328,618,0,0,0,0,0,0,1.0,1.0
328,295,0,0,0,0,0,0,1.0,1.0
328,265,0,0,0,0,0,0,1.0,1.0
328,554,0,0,0,0,0,0,1.0,1.0
328,239,0,0,0,0,0,0,1.0,1.0
328,252,0,0,0,0,0,0,1.0,1.0
328,453,0,0,0,0,0,0,1.0,1.0
328,36,0,0,0,0,0,0,1.0,1.0
328,461,0,0,0,0,0,0,1.0,1.0
328,272,0,0,0,0,0,0,1.0,1.0
328,619,0,0,0,0,0,0,1.0,1.0
328,5,0,0,0,0,0,0,1.0,1.0
328,60,0,0,0,0,0,0,1.0,1.0
328,175,0,0,0,0,0,0,1.0,1.0
328,125,0,0,0,0,0,0,1.0,1.0
328,371,0,0,0,0,0,0,1.0,1.0
328,89,0,0,0,0,0,0,1.0,1.0
328,192,0,0,0,0,0,0,1.0,1.0
328,567,0,0,0,0,0,0,1.0,1.0
328,635,0,0,0,0,0,0,1.0,1.0
328,243,0,0,0,0,0,0,1.0,1.0
328,499,0,0,0,0,0,0,1.0,1.0
328,708,0,0,0,0,0,0,1.0,1.0
328,707,0,0,0,0,0,0,1.0,1.0
328,379,0,0,0,0,0,0,1.0,1.0
328,171,0,1,0,1,0,0,0.6,0.8
328,327,0,0,0,0,0,0,1.0,1.0
328,475,0,0,0,0,0,0,1.0,1.0
328,53,0,0,0,0,0,0,1.0,1.0
328,281,0,0,0,0,0,0,1.0,1.0
6793,541,0,0,0,0,0,0,1.0,1.0
6793,269,2,1,2,2,2,2,0.8,0.9
6793,355,1,1,1,1,1,1,1.0,1.0
6793,208,0,0,0,0,0,0,1.0,1.0
6793,172,1,1,1,1,1,1,1.0,1.0
6793,555,0,0,0,0,0,0,1.0,1.0
6793,341,0,0,0,0,0,0,1.0,1.0
6793,234,0,0,0,0,0,0,1.0,1.0
6793,391,0,0,0,0,0,0,1.0,1.0
6793,58,1,1,1,1,1,1,1.0,1.0
6793,590,1,1,1,1,1,1,1.0,1.0
6793,585,1,1,1,1,1,1,1.0,1.0
6793,437,0,0,0,0,0,0,1.0,1.0
6793,729,1,1,1,1,1,1,1.0,1.0
6793,113,0,0,0,0,0,0,1.0,1.0
6793,661,2,2,2,2,2,2,1.0,1.0
6793,732,0,0,0,0,0,0,1.0,1.0
6793,71,0,0,0,0,0,0,1.0,1.0
6793,317,1,1,1,1,1,1,1.0,1.0
6793,161,0,0,0,0,0,0,1.0,1.0
6793,557,1,1,1,1,1,1,1.0,1.0
6793,89,1,1,1,1,1,1,1.0,1.0
6793,121,0,0,0,0,0,0,1.0,1.0
6793,46,0,0,0,0,0,0,1.0,1.0
6793,636,1,1,1,1,1,1,1.0,1.0
6793,147,0,0,0,0,0,0,1.0,1.0
6793,677,1,1,1,1,1,1,1.0,1.0
6793,529,1,1,1,1,1,1,1.0,1.0
6793,136,1,1,1,1,1,1,1.0,1.0
6793,702,0,0,0,0,0,0,1.0,1.0
6793,473,1,0,1,1,1,1,0.8,0.9
6793,247,0,0,0,0,0,0,1.0,1.0
6793,36,0,0,0,0,0,0,1.0,1.0
6793,193,0,0,0,0,0,0,1.0,1.0
6793,342,1,1,1,1,1,1,1.0,1.0
6793,345,1,1,1,1,1,1,1.0,1.0
6793,741,0,0,0,0,0,0,1.0,1.0
6793,539,0,1,1,1,1,1,0.8,0.9
6793,266,0,0,0,0,0,0,1.0,1.0
6793,157,0,0,0,0,0,0,1.0,1.0
6793,240,0,0,0,0,0,0,1.0,1.0
6793,268,0,0,0,0,0,0,1.0,1.0
6793,375,1,1,1,1,1,1,1.0,1.0
6793,235,0,0,0,0,0,0,1.0,1.0
6793,618,0,0,0,0,0,0,1.0,1.0
6793,655,0,0,0,0,0,0,1.0,1.0
6793,292,0,0,0,0,0,0,1.0,1.0
6793,149,0,0,0,0,0,0,1.0,1.0
6793,495,0,0,0,0,0,0,1.0,1.0
6793,710,0,0,0,0,0,0,1.0,1.0
6793,704,0,0,0,0,0,0,1.0,1.0
6793,272,0,0,0,0,0,0,1.0,1.0
946,488,0,0,0,0,0,0,1.0,1.0
946,295,0,0,0,0,0,0,1.0,1.0
946,299,0,0,0,0,0,0,1.0,1.0
946,470,0,0,0,0,0,0,1.0,1.0
946,255,0,0,0,0,0,0,1.0,1.0
946,34,0,0,0,0,0,0,1.0,1.0
946,144,0,0,0,0,0,0,1.0,1.0
946,392,0,0,0,0,0,0,1.0,1.0
946,548,0,0,0,0,0,0,1.0,1.0
946,479,0,0,0,0,0,0,1.0,1.0
946,665,0,0,0,0,0,0,1.0,1.0
946,233,0,0,0,0,0,0,1.0,1.0
946,147,0,0,0,0,0,0,1.0,1.0
946,385,0,0,0,0,0,0,1.0,1.0
946,651,0,0,0,0,0,0,1.0,1.0
946,87,0,0,0,0,0,0,1.0,1.0
946,112,0,0,0,0,0,0,1.0,1.0
946,261,0,0,0,0,0,0,1.0,1.0
946,50,0,0,0,0,0,0,1.0,1.0
946,499,0,0,0,0,0,0,1.0,1.0
946,406,0,0,0,0,0,0,1.0,1.0
946,663,0,0,0,0,0,0,1.0,1.0
946,609,0,0,0,0,0,0,1.0,1.0
946,686,0,0,0,0,0,0,1.0,1.0
946,401,0,0,0,0,0,0,1.0,1.0
946,712,0,0,0,0,0,0,1.0,1.0
946,412,1,1,1,1,1,1,1.0,1.0
946,177,0,0,0,0,0,0,1.0,1.0
946,551,0,0,0,0,0,0,1.0,1.0
946,192,0,0,0,0,0,0,1.0,1.0
946,395,0,0,0,0,0,0,1.0,1.0
946,69,0,0,0,0,0,0,1.0,1.0
946,239,0,0,0,0,0,0,1.0,1.0
946,79,0,0,0,0,0,0,1.0,1.0
946,624,0,0,0,0,0,0,1.0,1.0
946,247,0,0,0,0,0,0,1.0,1.0
946,203,0,0,0,0,0,0,1.0,1.0
946,424,0,0,0,0,0,0,1.0,1.0
946,701,0,0,0,0,0,0,1.0,1.0
946,360,0,0,0,0,0,0,1.0,1.0
946,644,0,0,0,0,0,0,1.0,1.0
946,562,0,0,0,0,0,0,1.0,1.0
946,676,0,0,0,0,0,0,1.0,1.0
946,244,0,0,0,0,0,0,1.0,1.0
946,738,0,0,0,0,0,0,1.0,1.0
946,578,0,0,0,0,0,0,1.0,1.0
946,252,0,0,0,0,0,0,1.0,1.0
946,660,0,0,0,0,0,0,1.0,1.0
946,693,0,0,0,0,0,0,1.0,1.0
946,583,0,0,0,0,1,0,0.8,0.9
946,325,0,0,0,0,0,0,1.0,1.0
946,85,0,0,0,0,0,0,1.0,1.0
946,664,0,0,0,0,0,0,1.0,1.0
946,18,0,0,0,0,0,0,1.0,1.0
946,68,0,0,0,0,0,0,1.0,1.0
946,229,0,0,0,0,0,0,1.0,1.0
946,33,0,0,0,0,0,0,1.0,1.0
946,56,0,0,0,0,0,0,1.0,1.0
946,380,0,0,0,0,0,0,1.0,1.0
946,149,0,0,0,0,0,0,1.0,1.0
946,371,0,0,0,0,0,0,1.0,1.0
946,64,0,0,0,0,0,0,1.0,1.0
946,182,0,0,0,0,0,0,1.0,1.0
946,378,1,1,1,1,1,1,1.0,1.0
946,410,0,0,0,0,0,0,1.0,1.0
946,727,0,0,0,0,0,0,1.0,1.0
946,171,0,0,0,0,0,0,1.0,1.0
946,237,0,0,0,0,0,0,1.0,1.0
946,97,0,0,0,0,0,0,1.0,1.0
946,155,0,0,0,0,0,0,1.0,1.0
946,60,0,0,0,0,0,0,1.0,1.0
946,450,0,0,0,0,0,0,1.0,1.0
946,506,0,0,0,0,0,0,1.0,1.0
946,473,0,0,0,0,0,0,1.0,1.0
946,434,0,0,0,0,0,0,1.0,1.0
946,193,0,0,0,0,0,0,1.0,1.0
946,111,0,0,0,0,0,0,1.0,1.0
946,504,0,0,0,0,0,0,1.0,1.0
946,121,0,0,0,0,0,0,1.0,1.0
946,517,0,0,0,0,0,0,1.0,1.0
946,314,0,0,0,0,0,0,1.0,1.0
946,287,0,0,0,0,0,0,1.0,1.0
946,153,0,0,0,0,0,0,1.0,1.0
946,714,0,0,0,0,0,0,1.0,1.0
3601,265,0,0,0,0,0,0,1.0,1.0
3601,593,0,0,0,0,0,0,1.0,1.0
3601,412,0,0,0,0,0,0,1.0,1.0
3601,684,0,0,0,0,0,0,1.0,1.0
3601,561,0,0,0,0,0,0,1.0,1.0
3601,624,0,0,0,0,0,0,1.0,1.0
3601,247,0,0,0,0,0,0,1.0,1.0
3601,517,0,0,0,0,0,0,1.0,1.0
3601,252,0,0,0,0,0,0,1.0,1.0
3601,562,0,0,0,0,0,0,1.0,1.0
3601,28,0,0,0,0,0,0,1.0,1.0
3601,109,0,0,0,0,0,0,1.0,1.0
3601,665,0,0,0,0,0,0,1.0,1.0
3601,353,0,0,0,0,0,0,1.0,1.0
3601,132,0,0,0,0,0,0,1.0,1.0
3601,60,0,0,0,0,0,0,1.0,1.0
3601,106,0,0,0,0,0,0,1.0,1.0
3601,288,0,0,0,0,0,0,1.0,1.0
3601,447,0,0,0,0,0,0,1.0,1.0
3601,539,0,0,0,0,0,0,1.0,1.0
3601,661,0,0,0,0,0,0,1.0,1.0
3601,585,1,1,1,1,1,1,1.0,1.0
3601,313,0,0,0,0,0,0,1.0,1.0
3601,590,1,1,1,1,1,1,1.0,1.0
3601,402,0,0,0,0,0,0,1.0,1.0
3601,644,0,0,0,0,0,0,1.0,1.0
3601,342,0,0,0,0,0,0,1.0,1.0
3601,287,0,0,0,0,0,0,1.0,1.0
3601,663,0,0,0,0,0,0,1.0,1.0
3601,34,0,0,0,0,0,0,1.0,1.0
3601,381,0,0,0,0,0,0,1.0,1.0
3601,504,0,0,0,0,0,0,1.0,1.0
3601,129,0,0,0,0,0,0,1.0,1.0
3601,112,0,0,0,0,0,0,1.0,1.0
3601,391,0,0,0,0,0,0,1.0,1.0
3601,314,0,0,0,0,0,0,1.0,1.0
3601,58,0,0,0,0,0,0,1.0,1.0
3601,192,0,0,0,0,0,0,1.0,1.0
3601,33,0,0,0,0,0,0,1.0,1.0
3601,15,1,0,0,1,1,1,0.6,0.8
3601,526,0,0,0,0,0,0,1.0,1.0
3601,99,0,0,0,0,0,0,1.0,1.0
3601,193,0,0,0,0,0,0,1.0,1.0
3601,479,0,0,0,0,0,0,1.0,1.0
3601,420,0,0,0,0,0,0,1.0,1.0
3601,164,0,0,0,0,0,0,1.0,1.0
3601,536,0,0,0,0,0,0,1.0,1.0
3601,293,0,0,0,0,0,0,1.0,1.0
3601,553,0,0,0,0,0,0,1.0,1.0
3601,36,0,0,0,0,0,0,1.0,1.0
3601,702,0,0,0,0,0,0,1.0,1.0
3601,0,0,0,0,0,0,0,1.0,1.0
3601,321,0,0,0,0,0,0,1.0,1.0
3601,295,0,0,0,0,0,0,1.0,1.0
3601,729,0,0,0,0,0,0,1.0,1.0
3601,575,0,0,0,0,0,0,1.0,1.0
3601,118,1,0,0,0,0,0,0.8,0.9
3601,355,0,0,0,0,0,0,1.0,1.0
3601,690,0,0,0,0,0,0,1.0,1.0
3601,94,0,0,0,0,0,0,1.0,1.0
3601,144,0,0,0,0,0,0,1.0,1.0
3601,229,0,0,0,0,0,0,1.0,1.0
3601,233,0,0,0,0,0,0,1.0,1.0
3601,153,0,0,0,0,0,0,1.0,1.0
3601,714,0,0,0,0,0,0,1.0,1.0
3601,125,0,0,0,0,0,0,1.0,1.0
3601,488,0,0,0,0,0,0,1.0,1.0
3601,548,0,0,0,0,0,0,1.0,1.0
3601,555,0,0,0,0,0,0,1.0,1.0
3601,528,0,0,0,0,0,0,1.0,1.0
3601,535,0,0,0,0,0,0,1.0,1.0
3601,650,1,1,1,1,1,1,1.0,1.0
3601,185,0,0,0,0,0,0,1.0,1.0
3601,573,0,0,0,0,0,0,1.0,1.0
3601,42,0,0,0,0,0,0,1.0,1.0
8508,208,0,0,0,0,0,0,1.0,1.0
8508,325,0,0,0,0,0,0,1.0,1.0
8508,634,0,0,0,0,0,0,1.0,1.0
8508,239,0,0,0,0,0,0,1.0,1.0
8508,365,0,0,0,0,0,0,1.0,1.0
8508,452,0,0,0,0,0,0,1.0,1.0
8508,345,1,1,1,1,1,1,1.0,1.0
8508,644,1,1,1,1,1,1,1.0,1.0
8508,665,0,0,0,0,0,0,1.0,1.0
8508,171,0,0,0,0,0,0,1.0,1.0
8508,471,0,0,0,0,0,0,1.0,1.0
8508,378,0,0,0,0,0,0,1.0,1.0
8508,618,0,0,0,0,0,0,1.0,1.0
8508,677,0,0,0,0,0,0,1.0,1.0
8508,457,0,0,0,0,0,0,1.0,1.0
8508,527,0,0,0,0,0,0,1.0,1.0
8508,277,0,0,0,0,0,0,1.0,1.0
8508,212,0,0,0,0,0,0,1.0,1.0
8508,190,1,1,1,1,1,1,1.0,1.0
8508,381,0,0,0,0,0,0,1.0,1.0
8508,69,0,0,0,0,0,0,1.0,1.0
8508,371,0,0,0,0,0,0,1.0,1.0
8508,650,0,1,0,0,1,0,0.6,0.8
8508,89,0,0,0,0,0,0,1.0,1.0
8508,272,0,0,0,0,0,0,1.0,1.0
8508,113,0,0,0,0,0,0,1.0,1.0
8508,727,0,0,0,0,0,0,1.0,1.0
8508,81,0,0,0,0,0,0,1.0,1.0
8508,290,0,0,0,0,0,0,1.0,1.0
8508,203,0,0,0,0,0,0,1.0,1.0
8508,495,0,0,0,0,0,0,1.0,1.0
8508,136,0,0,0,0,0,0,1.0,1.0
8508,468,0,0,0,0,0,0,1.0,1.0
8508,737,0,0,0,0,0,0,1.0,1.0
8508,609,0,0,0,0,0,0,1.0,1.0
8508,237,0,0,0,0,0,0,1.0,1.0
8508,544,0,0,0,0,0,0,1.0,1.0
8508,303,0,0,0,0,0,0,1.0,1.0
8508,299,0,0,0,0,0,0,1.0,1.0
8508,548,0,0,0,0,0,0,1.0,1.0
8508,729,0,0,0,0,0,0,1.0,1.0
8508,551,0,0,0,0,0,0,1.0,1.0
8508,599,0,0,0,0,0,0,1.0,1.0
8508,387,0,0,0,0,0,0,1.0,1.0
8508,738,0,0,0,0,0,0,1.0,1.0
8508,396,0,0,0,0,0,0,1.0,1.0
8508,50,0,0,0,0,0,0,1.0,1.0
8508,541,0,0,0,0,0,0,1.0,1.0
8508,499,1,1,1,1,1,1,1.0,1.0
8508,295,0,0,0,0,0,0,1.0,1.0
8508,155,0,0,0,0,0,0,1.0,1.0
8508,557,0,0,0,0,0,0,1.0,1.0
8508,529,1,1,1,1,1,1,1.0,1.0
8508,686,1,1,1,1,1,1,1.0,1.0
8508,701,1,1,1,1,1,1,1.0,1.0
8508,97,0,0,0,0,0,0,1.0,1.0
8508,147,0,0,0,0,0,0,1.0,1.0
8508,34,0,0,0,0,0,0,1.0,1.0
8508,536,0,0,0,0,0,0,1.0,1.0
8508,657,0,0,0,0,0,0,1.0,1.0
4516,155,0,0,0,0,0,0,1.0,1.0
4516,528,0,0,0,0,0,0,1.0,1.0
4516,686,0,0,0,0,0,0,1.0,1.0
4516,299,0,0,0,0,0,0,1.0,1.0
4516,171,0,0,0,0,0,0,1.0,1.0
4516,539,0,0,0,0,0,0,1.0,1.0
4516,499,0,0,0,0,0,0,1.0,1.0
4516,78,0,0,0,0,0,0,1.0,1.0
4516,60,0,0,0,0,0,0,1.0,1.0
4516,561,0,0,0,0,0,0,1.0,1.0
4516,122,0,0,0,0,0,0,1.0,1.0
4516,624,0,0,0,0,0,0,1.0,1.0
4516,325,0,0,0,0,0,0,1.0,1.0
4516,287,0,0,0,0,0,0,1.0,1.0
4516,618,0,0,0,0,0,0,1.0,1.0
4516,50,1,1,1,1,1,1,1.0,1.0
4516,411,0,0,0,0,0,0,1.0,1.0
4516,496,0,0,0,0,0,0,1.0,1.0
4516,507,0,0,0,0,0,0,1.0,1.0
4516,562,0,0,0,0,0,0,1.0,1.0
4516,203,0,0,0,0,0,0,1.0,1.0
4516,661,1,1,1,1,1,1,1.0,1.0
4516,378,2,2,2,2,2,2,1.0,1.0
4516,669,0,0,0,0,0,0,1.0,1.0
4516,727,0,0,0,0,0,0,1.0,1.0
4516,33,0,0,0,0,0,0,1.0,1.0
4516,590,0,0,0,0,0,0,1.0,1.0
4516,675,0,0,0,0,0,0,1.0,1.0
4516,640,0,0,0,0,0,0,1.0,1.0
4516,117,0,0,0,0,0,0,1.0,1.0
4516,371,0,0,0,0,0,0,1.0,1.0
4516,144,0,0,0,0,0,0,1.0,1.0
4516,222,0,0,0,0,0,0,1.0,1.0
4516,252,1,0,0,0,0,0,0.8,0.9
4516,551,0,0,0,0,0,0,1.0,1.0
4516,412,1,1,1,1,1,1,1.0,1.0
4516,89,1,1,1,1,1,1,1.0,1.0
4516,118,0,0,0,0,0,0,1.0,1.0
4516,652,0,0,0,0,0,0,1.0,1.0
4516,97,0,0,0,0,0,0,1.0,1.0
4516,444,0,0,0,0,0,0,1.0,1.0
4516,495,1,1,1,1,1,1,1.0,1.0
4516,340,0,0,0,0,0,0,1.0,1.0
4516,399,0,0,0,0,0,0,1.0,1.0
4516,465,0,0,0,0,0,0,1.0,1.0
4516,596,2,2,2,2,2,2,1.0,1.0
4516,609,0,0,0,0,0,0,1.0,1.0
4516,237,0,0,0,0,0,0,1.0,1.0
4516,464,0,0,0,0,0,0,1.0,1.0
4516,90,0,0,0,0,0,0,1.0,1.0
4516,137,0,0,0,0,0,0,1.0,1.0
4516,529,0,0,0,0,0,0,1.0,1.0
4516,112,0,0,0,0,0,0,1.0,1.0
4516,76,0,0,0,0,0,0,1.0,1.0
4516,264,0,0,0,0,0,0,1.0,1.0
4516,272,0,0,0,0,0,0,1.0,1.0
4516,391,0,0,0,0,0,0,1.0,1.0
4516,147,0,0,0,0,0,0,1.0,1.0
4516,14,0,0,0,0,0,0,1.0,1.0
4516,509,0,0,0,0,0,0,1.0,1.0
4516,36,0,0,0,0,0,0,1.0,1.0
4516,238,0,0,0,0,0,0,1.0,1.0
4516,229,1,1,1,1,1,1,1.0,1.0
4516,233,0,0,0,0,0,0,1.0,1.0
4516,129,0,0,0,0,0,0,1.0,1.0
4516,504,0,0,0,0,0,0,1.0,1.0
4516,239,0,0,0,0,0,0,1.0,1.0
8576,146,1,1,1,1,1,1,1.0,1.0
8576,21,0,0,0,0,0,0,1.0,1.0
8576,286,0,0,0,0,0,0,1.0,1.0
8576,458,1,1,1,1,1,1,1.0,1.0
8576,732,0,0,0,0,0,0,1.0,1.0
8576,714,1,1,1,1,1,1,1.0,1.0
8576,50,1,1,1,1,1,1,1.0,1.0
8576,283,0,0,0,0,0,0,1.0,1.0
8576,517,1,1,1,1,1,1,1.0,1.0
8576,595,0,0,0,0,0,0,1.0,1.0
8576,178,1,1,1,1,1,1,1.0,1.0
8576,541,1,1,1,1,1,1,1.0,1.0
8576,351,0,0,0,0,0,0,1.0,1.0
8576,212,1,1,1,1,1,1,1.0,1.0
8576,738,1,1,1,1,1,1,1.0,1.0
8576,69,1,1,1,1,1,1,1.0,1.0
8576,375,1,1,1,1,1,1,1.0,1.0
8576,551,1,1,1,1,1,1,1.0,1.0
8576,395,1,1,1,1,1,1,1.0,1.0
8576,702,1,1,1,1,1,1,1.0,1.0
8576,663,0,0,0,0,0,0,1.0,1.0
8576,665,1,1,1,1,1,1,1.0,1.0
8576,206,1,1,1,1,1,1,1.0,1.0
8576,503,1,1,1,1,1,1,1.0,1.0
8576,381,1,0,1,0,0,0,0.6,0.8
8576,285,1,1,1,1,1,1,1.0,1.0
8576,193,1,1,1,1,1,1,1.0,1.0
8576,713,0,1,1,1,1,1,0.8,0.9
8576,247,0,0,0,0,0,0,1.0,1.0
8576,411,1,1,0,1,0,1,0.6,0.8
8576,491,0,0,0,0,0,0,1.0,1.0
8576,58,1,1,1,1,1,1,1.0,1.0
8576,426,1,1,1,1,1,1,1.0,1.0
8576,88,1,1,1,1,1,1,1.0,1.0
8576,418,1,1,1,1,1,1,1.0,1.0
8576,262,1,1,1,1,1,1,1.0,1.0
8576,408,1,1,1,1,1,1,1.0,1.0
8576,561,1,1,1,1,1,1,1.0,1.0
8576,499,1,1,1,1,1,1,1.0,1.0
8576,136,1,1,1,1,1,1,1.0,1.0
8576,100,0,0,0,0,0,0,1.0,1.0
8576,723,1,1,1,1,1,1,1.0,1.0
8576,562,1,1,1,1,1,1,1.0,1.0
8576,701,1,1,1,1,1,1,1.0,1.0
8576,677,1,1,1,1,1,1,1.0,1.0
8576,462,1,1,1,1,1,1,1.0,1.0
8576,585,1,1,1,1,1,1,1.0,1.0
8576,153,1,1,1,1,1,1,1.0,1.0
8576,577,0,0,0,0,0,0,1.0,1.0
8576,68,0,0,0,0,0,0,1.0,1.0
8576,171,0,0,0,0,0,0,1.0,1.0
8576,378,1,1,1,1,1,1,1.0,1.0
8576,415,1,1,1,1,1,1,1.0,1.0
8576,40,0,0,0,0,0,0,1.0,1.0
8576,333,1,1,0,0,1,1,0.6,0.8
8576,185,1,1,1,1,1,1,1.0,1.0
8576,325,0,0,0,0,0,0,1.0,1.0
8576,489,0,0,0,0,0,0,1.0,1.0
8576,97,0,1,1,1,0,1,0.6,0.8
8576,144,1,1,1,1,1,1,1.0,1.0
8576,342,1,1,1,1,1,1,1.0,1.0
8576,36,1,0,0,1,0,0,0.6,0.8
8576,419,0,0,0,0,0,0,1.0,1.0
8576,34,1,1,1,1,1,1,1.0,1.0
8576,642,1,1,1,1,1,1,1.0,1.0
8576,579,0,0,0,0,0,0,1.0,1.0
8576,557,1,1,1,1,1,1,1.0,1.0
8576,192,1,1,1,1,1,1,1.0,1.0
8576,391,0,1,1,0,1,1,0.6,0.8
8576,301,2,2,2,2,2,2,1.0,1.0
8576,345,0,0,0,0,0,0,1.0,1.0
8576,113,1,1,1,1,1,1,1.0,1.0
8576,524,1,1,1,1,1,1,1.0,1.0
8576,694,1,1,1,1,1,1,1.0,1.0
8576,637,0,0,0,0,0,0,1.0,1.0
8576,495,1,1,1,1,1,1,1.0,1.0
8576,11,0,0,0,0,0,0,1.0,1.0
6126,131,0,0,0,0,0,0,1.0,1.0
6126,599,0,0,0,0,0,0,1.0,1.0
6126,714,0,0,0,0,0,0,1.0,1.0
6126,280,0,0,0,0,0,0,1.0,1.0
6126,541,0,0,0,0,0,0,1.0,1.0
6126,739,0,0,0,0,0,0,1.0,1.0
6126,677,0,0,0,0,0,0,1.0,1.0
6126,450,0,0,0,0,0,0,1.0,1.0
6126,181,0,0,0,0,0,0,1.0,1.0
6126,618,0,0,0,0,0,0,1.0,1.0
6126,702,0,0,0,0,0,0,1.0,1.0
6126,459,1,1,1,1,0,1,0.8,0.9
6126,638,0,0,0,0,0,0,1.0,1.0
6126,293,0,0,0,0,0,0,1.0,1.0
6126,66,0,0,0,0,0,0,1.0,1.0
6126,517,0,0,0,0,0,0,1.0,1.0
6126,686,0,0,0,0,0,0,1.0,1.0
6126,295,0,0,0,0,0,0,1.0,1.0
6126,193,1,1,1,1,1,1,1.0,1.0
6126,679,0,0,0,0,0,0,1.0,1.0
6126,330,0,0,0,0,0,0,1.0,1.0
6126,342,0,0,0,0,0,0,1.0,1.0
6126,272,0,0,0,0,0,0,1.0,1.0
6126,497,1,1,1,1,1,1,1.0,1.0
6126,87,0,0,0,0,0,0,1.0,1.0
6126,709,0,0,0,0,0,0,1.0,1.0
6126,287,0,0,0,0,0,0,1.0,1.0
6126,727,0,0,0,0,0,0,1.0,1.0
6126,299,0,0,0,0,0,0,1.0,1.0
6126,83,0,0,0,0,0,0,1.0,1.0
6126,412,0,0,0,0,0,0,1.0,1.0
6126,152,0,0,0,0,0,0,1.0,1.0
6126,56,0,0,0,0,0,0,1.0,1.0
6126,297,0,0,0,0,0,0,1.0,1.0
6126,590,0,0,0,0,0,0,1.0,1.0
6126,616,0,0,0,0,0,0,1.0,1.0
6126,54,0,0,0,0,0,0,1.0,1.0
6126,729,0,0,0,0,0,0,1.0,1.0
6126,738,0,0,0,0,0,0,1.0,1.0
6126,147,0,0,0,0,0,0,1.0,1.0
6126,256,0,0,0,0,0,0,1.0,1.0
6126,136,0,0,0,0,0,0,1.0,1.0
6126,39,0,0,0,0,0,0,1.0,1.0
6126,252,0,0,0,0,0,0,1.0,1.0
6126,529,1,1,1,1,1,1,1.0,1.0
6126,106,0,0,0,0,0,0,1.0,1.0
6126,345,1,1,1,0,0,1,0.6,0.8
6126,33,0,0,0,0,0,0,1.0,1.0
6126,308,0,0,0,0,0,0,1.0,1.0
6126,112,0,0,0,0,0,0,1.0,1.0
6126,77,0,0,0,0,0,0,1.0,1.0
6126,174,0,0,0,0,0,0,1.0,1.0
6126,153,1,0,1,0,0,0,0.6,0.8
6126,300,0,0,0,0,0,0,1.0,1.0
6126,692,1,1,1,1,1,1,1.0,1.0
6126,69,0,0,0,0,0,0,1.0,1.0
6126,178,0,0,0,0,0,0,1.0,1.0
6126,285,0,0,0,0,0,0,1.0,1.0
6126,143,0,0,0,0,0,0,1.0,1.0
6126,381,0,0,0,0,0,0,1.0,1.0
6126,474,0,0,0,0,0,0,1.0,1.0
6126,89,0,0,0,0,0,0,1.0,1.0
6126,57,0,0,0,0,0,0,1.0,1.0
6126,326,0,0,0,0,0,0,1.0,1.0
6126,371,0,0,0,0,0,0,1.0,1.0
6126,624,0,0,0,0,0,0,1.0,1.0
6126,155,0,0,0,0,0,0,1.0,1.0
6126,291,0,0,0,0,0,0,1.0,1.0
6126,60,0,0,0,0,0,0,1.0,1.0
6126,701,0,0,0,0,0,0,1.0,1.0
6126,557,0,0,0,0,0,0,1.0,1.0
6126,292,0,0,0,0,0,0,1.0,1.0
6126,506,0,0,0,0,0,0,1.0,1.0
6126,585,0,0,0,0,0,0,1.0,1.0
6126,534,0,0,0,0,0,0,1.0,1.0
6126,13,0,0,0,0,0,0,1.0,1.0
6126,113,0,0,0,0,0,0,1.0,1.0
6126,663,0,0,0,0,0,0,1.0,1.0
6126,286,0,0,0,0,0,0,1.0,1.0
6126,247,0,0,0,0,0,0,1.0,1.0
6126,725,0,0,0,0,0,0,1.0,1.0
6126,581,0,0,0,0,0,0,1.0,1.0
6126,504,0,0,0,0,0,0,1.0,1.0
6126,123,0,0,0,0,0,0,1.0,1.0
6126,644,0,0,0,0,0,0,1.0,1.0
6126,239,0,0,0,0,0,0,1.0,1.0
6126,661,0,0,0,0,0,0,1.0,1.0
7240,172,0,0,0,0,0,0,1.0,1.0
7240,303,0,0,0,0,0,0,1.0,1.0
7240,714,0,0,0,0,0,0,1.0,1.0
7240,229,0,0,0,0,0,0,1.0,1.0
7240,236,0,0,0,0,0,0,1.0,1.0
7240,342,0,0,0,0,0,0,1.0,1.0
7240,698,0,0,0,0,0,0,1.0,1.0
7240,662,0,0,0,0,0,0,1.0,1.0
7240,289,0,0,0,0,0,0,1.0,1.0
7240,34,0,0,0,0,0,0,1.0,1.0
7240,71,0,0,0,0,0,0,1.0,1.0
7240,237,0,0,0,0,0,0,1.0,1.0
7240,519,0,0,0,0,0,0,1.0,1.0
7240,541,0,0,0,0,0,0,1.0,1.0
7240,677,0,0,0,0,0,0,1.0,1.0
7240,652,0,0,0,0,0,0,1.0,1.0
7240,249,0,0,0,0,0,0,1.0,1.0
7240,639,0,0,0,0,0,0,1.0,1.0
7240,61,0,0,0,0,0,0,1.0,1.0
7240,629,0,0,0,0,0,0,1.0,1.0
7240,548,0,0,0,0,0,0,1.0,1.0
7240,504,0,0,0,0,0,0,1.0,1.0
7240,291,0,0,0,0,0,0,1.0,1.0
7240,158,0,0,0,0,0,0,1.0,1.0
7240,233,0,0,0,0,0,0,1.0,1.0
7240,24,0,0,0,0,0,0,1.0,1.0
7240,546,0,0,0,0,0,0,1.0,1.0
7240,239,0,0,0,0,0,0,1.0,1.0
7240,203,0,0,0,0,0,0,1.0,1.0
7240,136,0,0,0,0,0,0,1.0,1.0
7240,192,0,0,0,0,0,0,1.0,1.0
7240,409,0,0,0,0,0,0,1.0,1.0
7240,270,0,0,0,0,0,0,1.0,1.0
7240,729,0,0,0,0,0,0,1.0,1.0
7240,127,0,0,0,0,0,0,1.0,1.0
7240,570,0,0,0,0,0,0,1.0,1.0
7240,224,0,0,0,0,0,0,1.0,1.0
7240,701,0,0,0,0,0,0,1.0,1.0
7240,2,0,0,0,0,0,0,1.0,1.0
7240,706,0,0,0,0,0,0,1.0,1.0
7240,325,0,0,0,0,0,0,1.0,1.0
7240,313,0,0,0,0,0,0,1.0,1.0
7240,221,0,0,0,0,0,0,1.0,1.0
7240,318,0,0,0,0,0,0,1.0,1.0
7240,143,0,0,0,0,0,0,1.0,1.0
7240,406,0,0,0,0,0,0,1.0,1.0
7240,353,0,0,0,0,0,0,1.0,1.0
7240,624,0,0,0,0,0,0,1.0,1.0
7240,287,0,0,0,0,0,0,1.0,1.0
7240,247,1,1,0,0,0,0,0.6,0.8
7240,169,0,0,0,0,0,0,1.0,1.0
7240,137,0,0,0,0,0,0,1.0,1.0
7240,440,0,0,0,0,0,0,1.0,1.0
7240,97,1,1,1,1,1,1,1.0,1.0
7240,312,0,0,0,0,0,0,1.0,1.0
7240,90,0,0,0,0,0,0,1.0,1.0
7240,377,1,1,1,1,1,1,1.0,1.0
7240,259,0,0,0,0,0,0,1.0,1.0
7240,58,0,0,0,0,0,0,1.0,1.0
7240,590,0,0,0,0,0,0,1.0,1.0
7240,368,0,0,0,0,0,0,1.0,1.0
7240,539,0,0,0,0,0,0,1.0,1.0
7240,52,0,0,0,0,0,0,1.0,1.0
7240,329,0,0,0,0,0,0,1.0,1.0
7240,276,0,0,0,0,0,0,1.0,1.0
7240,604,0,0,0,0,0,0,1.0,1.0
7240,190,0,0,0,0,0,0,1.0,1.0
7240,654,0,0,0,0,0,0,1.0,1.0
7240,664,0,0,0,0,0,0,1.0,1.0
7240,554,0,0,0,0,0,0,1.0,1.0
7240,609,0,0,0,0,0,0,1.0,1.0
7240,517,0,0,0,0,0,0,1.0,1.0
7240,60,0,0,0,0,0,0,1.0,1.0
7240,529,0,0,0,1,0,0,0.8,0.9
7240,193,0,0,0,0,0,0,1.0,1.0
7240,585,0,0,0,0,0,0,1.0,1.0
8852,72,0,0,0,0,0,0,1.0,1.0
8852,650,0,0,0,0,0,0,1.0,1.0
8852,353,0,0,0,0,0,0,1.0,1.0
8852,524,0,0,0,0,0,0,1.0,1.0
8852,469,0,0,0,0,0,0,1.0,1.0
8852,499,0,0,0,0,0,0,1.0,1.0
8852,702,0,0,0,0,0,0,1.0,1.0
8852,250,0,0,0,0,0,0,1.0,1.0
8852,117,0,0,0,0,0,0,1.0,1.0
8852,25,0,0,0,0,0,0,1.0,1.0
8852,6,0,0,0,0,0,0,1.0,1.0
8852,36,0,0,0,0,0,0,1.0,1.0
8852,24,0,0,0,0,0,0,1.0,1.0
8852,562,0,0,0,0,0,0,1.0,1.0
8852,377,0,0,0,0,0,0,1.0,1.0
8852,229,0,0,0,0,0,0,1.0,1.0
8852,237,0,0,0,0,0,0,1.0,1.0
8852,371,0,0,0,0,0,0,1.0,1.0
8852,171,2,2,2,2,2,2,1.0,1.0
8852,534,0,0,0,0,0,0,1.0,1.0
8852,15,0,0,0,0,0,0,1.0,1.0
8852,144,0,0,0,0,0,0,1.0,1.0
8852,618,0,0,0,0,0,0,1.0,1.0
8852,58,0,0,0,0,0,0,1.0,1.0
8852,738,0,0,0,0,0,0,1.0,1.0
8852,731,0,0,0,0,0,0,1.0,1.0
8852,112,0,0,0,0,0,0,1.0,1.0
8852,50,0,0,0,0,0,0,1.0,1.0
8852,89,0,0,0,0,0,0,1.0,1.0
8852,686,0,0,0,0,0,0,1.0,1.0
8852,647,0,0,0,0,0,0,1.0,1.0
8852,120,0,0,0,0,0,0,1.0,1.0
8852,458,0,0,0,0,0,0,1.0,1.0
8852,548,0,0,0,0,0,0,1.0,1.0
8852,598,0,0,0,0,0,0,1.0,1.0
8852,59,0,0,0,0,0,0,1.0,1.0
8852,456,0,0,0,0,0,0,1.0,1.0
8852,663,0,0,0,0,0,0,1.0,1.0
8852,381,0,0,0,0,0,0,1.0,1.0
8852,495,0,0,0,0,0,0,1.0,1.0
8852,290,0,0,0,0,0,0,1.0,1.0
8852,242,0,0,0,0,0,0,1.0,1.0
8852,378,0,0,0,0,0,0,1.0,1.0
8852,364,0,0,0,0,0,0,1.0,1.0
8852,706,0,0,0,0,0,0,1.0,1.0
8852,113,0,0,0,0,0,0,1.0,1.0
8852,412,0,0,0,0,0,0,1.0,1.0
8852,299,0,0,0,0,0,0,1.0,1.0
8852,153,1,1,1,1,1,1,1.0,1.0
8852,347,0,0,0,0,0,0,1.0,1.0
8852,103,0,0,0,0,0,0,1.0,1.0
8852,198,0,0,0,0,0,0,1.0,1.0
8852,26,0,0,0,0,0,0,1.0,1.0
8852,69,0,0,0,0,0,0,1.0,1.0
8852,85,0,0,0,0,0,0,1.0,1.0
8852,679,0,0,0,0,0,0,1.0,1.0
8852,345,0,0,0,0,0,0,1.0,1.0
8852,604,0,0,0,0,0,0,1.0,1.0
8852,46,0,0,0,0,0,0,1.0,1.0
8852,355,0,0,0,0,0,0,1.0,1.0
8852,674,0,0,0,0,0,0,1.0,1.0
8852,683,0,0,0,0,0,0,1.0,1.0
8852,727,0,0,0,0,0,0,1.0,1.0
4329,34,0,0,0,0,0,0,1.0,1.0
4329,441,0,0,0,0,0,0,1.0,1.0
4329,391,0,0,0,0,0,0,1.0,1.0
4329,323,0,0,0,0,0,0,1.0,1.0
4329,691,0,0,0,0,0,0,1.0,1.0
4329,47,0,0,0,0,0,0,1.0,1.0
4329,562,0,0,0,0,0,0,1.0,1.0
4329,491,0,0,0,0,0,0,1.0,1.0
4329,510,0,0,0,0,0,0,1.0,1.0
4329,591,0,0,0,0,0,0,1.0,1.0
4329,406,0,0,0,0,0,0,1.0,1.0
4329,393,0,0,0,0,0,0,1.0,1.0
4329,272,0,0,0,0,0,0,1.0,1.0
4329,233,0,0,0,0,0,0,1.0,1.0
4329,58,0,0,0,0,0,0,1.0,1.0
4329,415,1,1,1,1,1,1,1.0,1.0
4329,155,0,0,0,0,0,0,1.0,1.0
4329,732,0,0,0,0,0,0,1.0,1.0
4329,539,0,0,0,0,0,0,1.0,1.0
4329,234,0,0,0,0,0,0,1.0,1.0
4329,182,0,0,0,0,0,0,1.0,1.0
4329,96,0,0,0,0,0,0,1.0,1.0
4329,702,0,0,0,0,0,0,1.0,1.0
4329,738,1,1,1,1,1,1,1.0,1.0
4329,721,0,0,0,0,0,0,1.0,1.0
4329,590,0,0,0,0,0,0,1.0,1.0
4329,495,0,0,1,1,1,1,0.6,0.8
4329,609,0,0,0,0,0,0,1.0,1.0
4329,33,0,1,0,0,0,0,0.8,0.9
4329,430,0,0,0,0,0,0,1.0,1.0
4329,43,0,0,0,0,0,0,1.0,1.0
4329,701,0,0,0,0,0,0,1.0,1.0
4329,127,0,0,0,0,0,0,1.0,1.0
4329,69,0,0,0,0,0,0,1.0,1.0
4329,665,0,0,0,0,0,0,1.0,1.0
4329,305,0,0,0,0,0,0,1.0,1.0
4329,184,0,0,0,0,0,0,1.0,1.0
4329,700,0,0,0,0,0,0,1.0,1.0
4329,453,0,0,0,0,0,0,1.0,1.0
4329,624,0,0,0,0,0,0,1.0,1.0
4329,177,0,0,0,0,0,0,1.0,1.0
4329,557,1,1,1,1,1,1,1.0,1.0
4329,541,0,0,0,0,0,0,1.0,1.0
4329,203,0,0,0,0,0,0,1.0,1.0
4329,714,0,0,0,0,0,0,1.0,1.0
4329,51,0,0,0,0,0,0,1.0,1.0
4329,727,0,0,0,0,0,0,1.0,1.0
4329,192,0,0,0,0,0,0,1.0,1.0
4329,311,0,0,0,0,0,0,1.0,1.0
4329,295,0,0,0,0,0,0,1.0,1.0
4329,436,1,1,1,1,1,1,1.0,1.0
4329,89,1,1,1,1,1,1,1.0,1.0
4329,200,1,1,1,1,1,1,1.0,1.0
4329,252,0,0,0,0,0,0,1.0,1.0
4329,677,0,0,0,0,0,0,1.0,1.0
4329,551,0,0,0,0,0,0,1.0,1.0
4329,147,0,0,0,0,0,0,1.0,1.0
4329,661,1,1,1,1,1,1,1.0,1.0
4329,229,0,0,0,0,0,0,1.0,1.0
4329,649,0,0,0,0,0,0,1.0,1.0
4329,193,0,0,0,0,0,0,1.0,1.0
4329,663,0,0,0,0,0,0,1.0,1.0
4329,573,0,0,0,0,0,0,1.0,1.0
4329,117,0,0,0,0,0,0,1.0,1.0
4329,50,0,0,0,0,0,0,1.0,1.0
4329,546,0,0,0,0,0,0,1.0,1.0
4329,632,0,0,0,0,0,0,1.0,1.0
4329,597,0,0,0,0,0,0,1.0,1.0
4329,644,0,0,0,0,0,0,1.0,1.0
4329,289,0,0,0,0,0,0,1.0,1.0
4329,371,0,0,0,0,0,0,1.0,1.0
4329,381,0,0,0,0,0,0,1.0,1.0
4329,354,0,0,0,0,0,0,1.0,1.0
4329,735,1,1,1,1,1,1,1.0,1.0
4329,602,0,0,0,0,0,0,1.0,1.0
4329,144,0,0,0,0,0,0,1.0,1.0
4329,36,0,0,0,0,0,0,1.0,1.0
5775,19,1,1,1,1,1,1,1.0,1.0
5775,532,0,1,1,1,0,1,0.6,0.8
5775,112,1,1,1,1,1,1,1.0,1.0
5775,638,1,1,1,1,1,1,1.0,1.0
5775,259,1,1,1,1,1,1,1.0,1.0
5775,130,0,0,0,0,0,0,1.0,1.0
5775,261,1,1,1,1,1,1,1.0,1.0
5775,221,0,0,0,0,0,0,1.0,1.0
5775,171,1,1,1,1,1,1,1.0,1.0
5775,247,0,0,0,0,0,0,1.0,1.0
5775,345,1,1,1,1,1,1,1.0,1.0
5775,103,0,0,0,0,0,0,1.0,1.0
5775,427,1,1,1,1,1,1,1.0,1.0
5775,386,0,0,0,0,0,0,1.0,1.0
5775,244,1,1,1,1,1,1,1.0,1.0
5775,287,0,0,0,0,0,0,1.0,1.0
5775,686,0,0,0,0,0,0,1.0,1.0
5775,511,1,1,1,1,1,1,1.0,1.0
5775,616,1,1,1,1,1,1,1.0,1.0
5775,411,0,0,0,0,0,0,1.0,1.0
5775,499,0,0,0,0,0,0,1.0,1.0
5775,105,0,0,0,0,0,0,1.0,1.0
5775,466,0,0,0,0,0,0,1.0,1.0
5775,45,0,0,0,0,0,0,1.0,1.0
5775,412,0,0,0,0,1,0,0.8,0.9
5775,551,0,0,0,0,0,0,1.0,1.0
5775,436,1,1,1,1,1,1,1.0,1.0
5775,661,1,1,1,1,1,1,1.0,1.0
5775,291,1,1,1,1,1,1,1.0,1.0
5775,461,0,0,0,0,0,0,1.0,1.0
5775,665,0,0,0,1,0,0,0.8,0.9
5775,455,0,0,0,0,0,0,1.0,1.0
5775,489,0,0,0,0,0,0,1.0,1.0
5775,101,0,0,0,0,0,0,1.0,1.0
5775,606,0,0,0,0,0,0,1.0,1.0
5775,325,1,1,1,1,1,1,1.0,1.0
5775,618,0,0,0,0,0,0,1.0,1.0
5775,277,0,0,0,0,0,0,1.0,1.0
5775,433,0,0,0,0,0,0,1.0,1.0
5775,391,1,1,1,1,1,1,1.0,1.0
5775,429,0,1,1,1,1,1,0.8,0.9
5775,395,1,1,1,1,1,1,1.0,1.0
5775,104,0,0,0,0,0,0,1.0,1.0
5775,382,0,0,0,0,0,0,1.0,1.0
5775,57,0,0,0,0,0,0,1.0,1.0
5775,207,1,1,1,1,1,1,1.0,1.0
5775,517,0,0,0,0,0,0,1.0,1.0
5775,331,0,0,0,0,0,0,1.0,1.0
5775,237,1,1,1,1,1,1,1.0,1.0
5775,504,0,0,0,0,0,0,1.0,1.0
5775,147,0,0,0,0,0,0,1.0,1.0
5775,397,1,1,1,1,1,1,1.0,1.0
5775,736,1,1,1,1,1,1,1.0,1.0
5775,272,1,1,1,1,1,1,1.0,1.0
5775,323,0,0,0,0,0,0,1.0,1.0
5775,378,0,1,0,0,1,0,0.6,0.8
5775,468,0,0,0,0,0,0,1.0,1.0
5775,135,1,1,1,1,1,1,1.0,1.0
5775,233,0,0,0,0,0,0,1.0,1.0
5775,403,0,0,0,0,0,0,1.0,1.0
5775,539,0,0,0,0,0,0,1.0,1.0
5775,126,0,0,0,0,0,0,1.0,1.0
5775,270,0,0,0,0,0,0,1.0,1.0
5775,252,0,0,0,0,0,0,1.0,1.0
5775,507,1,1,0,0,0,0,0.6,0.8
5775,226,0,0,0,0,0,0,1.0,1.0
5775,655,0,0,0,0,0,0,1.0,1.0
5775,296,1,1,1,1,1,1,1.0,1.0
5775,563,0,0,0,0,0,0,1.0,1.0
5775,644,1,1,1,1,1,1,1.0,1.0
5775,673,0,0,0,0,0,0,1.0,1.0
5775,192,0,0,0,0,0,0,1.0,1.0
5775,295,1,1,1,1,1,1,1.0,1.0
5775,505,0,0,0,0,0,0,1.0,1.0
5775,113,1,1,1,0,1,1,0.8,0.9
5775,609,0,0,0,0,0,0,1.0,1.0
5775,585,0,0,1,0,0,0,0.8,0.9
5775,648,0,0,0,0,0,0,1.0,1.0
5775,437,1,0,0,0,0,0,0.8,0.9
5775,64,0,0,0,0,0,0,1.0,1.0
5775,460,1,1,1,0,0,1,0.6,0.8
5775,440,0,0,0,0,0,0,1.0,1.0
5775,657,1,1,1,1,1,1,1.0,1.0
5775,557,1,1,1,1,1,1,1.0,1.0
5775,31,0,0,0,0,0,0,1.0,1.0
5775,153,0,0,1,1,1,1,0.6,0.8
5775,488,0,0,0,0,0,0,1.0,1.0
5775,529,1,1,1,1,1,1,1.0,1.0
8840,345,0,0,0,0,0,0,1.0,1.0
8840,601,0,0,0,0,0,0,1.0,1.0
8840,644,0,0,0,0,0,0,1.0,1.0
8840,702,0,0,0,0,0,0,1.0,1.0
8840,197,0,0,0,0,0,0,1.0,1.0
8840,621,0,0,0,0,0,0,1.0,1.0
8840,665,0,0,0,0,0,0,1.0,1.0
8840,147,0,0,0,0,0,0,1.0,1.0
8840,144,0,0,0,0,0,0,1.0,1.0
8840,590,0,0,0,0,0,0,1.0,1.0
8840,33,0,0,0,0,0,0,1.0,1.0
8840,708,0,0,0,0,0,0,1.0,1.0
8840,738,0,0,0,0,0,0,1.0,1.0
8840,113,0,0,0,0,0,0,1.0,1.0
8840,517,0,0,0,0,0,0,1.0,1.0
8840,504,0,0,0,0,0,0,1.0,1.0
8840,548,0,0,0,0,0,0,1.0,1.0
8840,171,0,0,0,0,0,0,1.0,1.0
8840,371,0,0,0,0,0,0,1.0,1.0
8840,531,0,0,0,0,0,0,1.0,1.0
8840,200,0,0,0,0,0,0,1.0,1.0
8840,295,0,0,0,0,0,0,1.0,1.0
8840,239,0,0,0,0,0,0,1.0,1.0
8840,558,0,0,0,0,0,0,1.0,1.0
8840,499,0,0,0,0,0,0,1.0,1.0
8840,190,0,0,0,0,0,0,1.0,1.0
8840,209,0,0,0,0,0,0,1.0,1.0
8840,299,0,0,0,0,0,0,1.0,1.0
8840,557,0,0,0,0,0,0,1.0,1.0
8840,316,0,0,0,0,0,0,1.0,1.0
8840,36,0,0,0,0,0,0,1.0,1.0
8840,50,0,0,0,0,0,0,1.0,1.0
8840,686,0,0,0,0,0,0,1.0,1.0
8840,551,0,0,0,0,0,0,1.0,1.0
8840,729,0,0,0,0,0,0,1.0,1.0
8840,372,0,0,0,0,0,0,1.0,1.0
8840,285,0,0,0,0,0,0,1.0,1.0
8840,68,0,0,0,0,0,0,1.0,1.0
8840,388,0,0,0,0,0,0,1.0,1.0
8840,97,0,0,0,0,0,0,1.0,1.0
8840,272,0,0,0,0,0,0,1.0,1.0
8840,34,0,0,0,0,0,0,1.0,1.0
8840,386,0,0,0,0,0,0,1.0,1.0
8840,681,0,0,0,0,0,0,1.0,1.0
8840,17,0,0,0,0,0,0,1.0,1.0
8840,390,0,0,0,0,0,0,1.0,1.0
8840,308,0,0,0,0,0,0,1.0,1.0
8840,287,0,0,0,0,0,0,1.0,1.0
8840,252,0,0,0,0,0,0,1.0,1.0
8840,155,0,0,0,0,0,0,1.0,1.0
8840,609,0,0,0,0,0,0,1.0,1.0
8840,739,0,0,0,0,0,0,1.0,1.0
8840,203,0,0,0,0,0,0,1.0,1.0
8840,136,0,0,0,0,0,0,1.0,1.0
8840,415,0,0,0,0,0,0,1.0,1.0
8840,8,0,0,0,0,0,0,1.0,1.0
8840,553,0,0,0,0,0,0,1.0,1.0
8840,539,0,0,0,0,0,0,1.0,1.0
8840,237,0,0,0,0,0,0,1.0,1.0
8840,498,0,0,0,0,0,0,1.0,1.0
8840,140,0,0,0,0,0,0,1.0,1.0
8840,342,0,0,0,0,0,0,1.0,1.0
8840,161,0,0,0,0,0,0,1.0,1.0
8840,231,0,0,0,0,0,0,1.0,1.0
8840,618,0,0,0,0,0,0,1.0,1.0
8840,407,0,0,0,0,0,0,1.0,1.0
8840,562,0,0,0,0,0,0,1.0,1.0
8840,727,0,0,0,0,0,0,1.0,1.0
8840,153,0,0,0,0,0,0,1.0,1.0
8840,325,0,0,0,0,0,0,1.0,1.0
8840,425,0,0,0,0,0,0,1.0,1.0
8840,619,0,0,0,0,0,0,1.0,1.0
8840,283,0,0,0,0,0,0,1.0,1.0
8840,60,0,0,0,0,0,0,1.0,1.0
8840,10,0,0,0,0,0,0,1.0,1.0
8840,701,0,0,0,0,0,0,1.0,1.0
8840,381,0,0,0,0,0,0,1.0,1.0
8840,435,0,0,0,0,0,0,1.0,1.0
8840,585,0,0,0,0,0,0,1.0,1.0
8840,112,0,0,0,0,0,0,1.0,1.0
8840,495,0,0,0,0,0,0,1.0,1.0
8840,378,0,0,0,0,0,0,1.0,1.0
8840,47,0,0,0,0,0,0,1.0,1.0
2573,621,0,0,0,0,0,0,1.0,1.0
2573,579,0,0,0,0,0,0,1.0,1.0
2573,57,0,0,0,0,0,0,1.0,1.0
2573,499,0,0,0,0,0,0,1.0,1.0
2573,247,0,0,0,0,0,0,1.0,1.0
2573,267,0,0,0,0,0,0,1.0,1.0
2573,252,0,0,0,0,0,0,1.0,1.0
2573,694,1,1,0,0,0,0,0.6,0.8
2573,729,1,1,1,1,1,1,1.0,1.0
2573,650,0,0,0,0,0,0,1.0,1.0
2573,714,0,0,0,0,0,0,1.0,1.0
2573,677,0,0,0,0,0,0,1.0,1.0
2573,229,0,0,0,0,0,0,1.0,1.0
2573,54,0,0,0,0,0,0,1.0,1.0
2573,376,0,0,0,0,0,0,1.0,1.0
2573,69,0,0,0,0,0,0,1.0,1.0
2573,539,0,0,0,0,0,0,1.0,1.0
2573,158,0,0,0,0,0,0,1.0,1.0
2573,342,0,0,0,0,0,0,1.0,1.0
2573,619,0,0,0,0,0,0,1.0,1.0
2573,17,0,0,0,0,0,0,1.0,1.0
2573,541,0,0,0,0,0,0,1.0,1.0
2573,381,0,0,0,0,0,0,1.0,1.0
2573,557,0,0,0,0,0,0,1.0,1.0
2573,83,0,0,0,0,0,0,1.0,1.0
2573,731,0,0,0,0,0,0,1.0,1.0
2573,661,1,1,1,1,1,1,1.0,1.0
2573,562,0,0,0,0,0,0,1.0,1.0
2573,644,0,0,0,0,0,0,1.0,1.0
2573,193,0,1,0,1,1,1,0.6,0.8
2573,34,0,0,0,0,0,0,1.0,1.0
2573,299,0,0,0,0,0,0,1.0,1.0
2573,554,0,0,0,0,0,0,1.0,1.0
2573,585,1,1,1,1,1,1,1.0,1.0
2573,233,0,0,0,0,0,0,1.0,1.0
2573,577,1,1,1,1,1,1,1.0,1.0
2573,325,0,0,0,0,0,0,1.0,1.0
2573,33,1,1,1,1,1,1,1.0,1.0
2573,272,0,0,0,0,0,0,1.0,1.0
2573,423,0,0,0,0,0,0,1.0,1.0
2573,371,0,0,0,0,0,0,1.0,1.0
2573,155,0,0,0,0,0,0,1.0,1.0
2573,551,0,0,0,0,0,0,1.0,1.0
2573,113,0,0,0,0,0,0,1.0,1.0
2573,171,0,0,0,0,0,0,1.0,1.0
2573,97,0,0,0,0,0,0,1.0,1.0
2573,618,0,0,0,0,0,0,1.0,1.0
2573,192,0,0,0,0,0,0,1.0,1.0
2573,275,0,0,0,0,0,0,1.0,1.0
2573,287,0,0,0,0,0,0,1.0,1.0
2573,136,0,0,0,0,0,0,1.0,1.0
2573,730,0,0,0,0,0,0,1.0,1.0
2573,522,0,0,0,0,0,0,1.0,1.0
2573,203,0,0,0,0,0,0,1.0,1.0
2573,132,0,0,0,0,0,0,1.0,1.0
2573,58,0,0,0,0,0,0,1.0,1.0
2573,153,1,1,1,1,1,1,1.0,1.0
2573,702,0,0,0,0,0,0,1.0,1.0
2573,258,0,0,0,0,0,0,1.0,1.0
2573,67,0,0,0,0,0,0,1.0,1.0
2573,626,0,0,0,0,0,0,1.0,1.0
2573,663,0,0,0,0,0,0,1.0,1.0
2573,378,1,0,1,1,1,1,0.8,0.9
2573,239,0,0,0,0,0,0,1.0,1.0
2573,594,0,0,0,0,0,0,1.0,1.0
2573,112,0,0,0,0,0,0,1.0,1.0
2573,50,1,1,1,1,1,1,1.0,1.0
2573,609,1,1,1,1,1,1,1.0,1.0
2573,89,0,0,0,0,0,0,1.0,1.0
2573,295,0,0,0,0,0,0,1.0,1.0
2573,495,0,0,0,0,0,0,1.0,1.0
2573,147,0,0,0,0,0,0,1.0,1.0
2573,60,0,0,0,0,0,0,1.0,1.0
2573,412,1,1,1,1,1,1,1.0,1.0
2573,549,0,0,0,0,0,0,1.0,1.0
2573,673,0,0,0,0,0,0,1.0,1.0
2573,655,0,0,0,0,0,0,1.0,1.0
2573,362,0,0,0,0,0,0,1.0,1.0
2573,391,0,0,0,0,0,0,1.0,1.0
2573,590,0,0,0,0,0,0,1.0,1.0
2573,517,0,0,0,0,0,0,1.0,1.0
2573,196,0,0,0,0,0,0,1.0,1.0
2573,624,0,0,0,0,0,0,1.0,1.0
2573,36,0,0,0,0,0,0,1.0,1.0
2573,345,0,0,0,0,0,0,1.0,1.0
2573,237,0,0,0,0,0,0,1.0,1.0
2573,727,0,0,0,0,0,0,1.0,1.0
2573,235,0,0,0,0,0,0,1.0,1.0
2573,701,0,0,0,0,0,0,1.0,1.0
2573,529,1,1,1,1,1,1,1.0,1.0
2573,398,0,0,0,0,0,0,1.0,1.0
2573,527,0,0,0,0,0,0,1.0,1.0
2573,548,0,0,0,0,0,0,1.0,1.0
2573,568,1,1,1,1,1,1,1.0,1.0
8198,738,1,1,1,1,1,1,1.0,1.0
8198,241,0,0,0,0,0,0,1.0,1.0
8198,79,0,0,0,0,0,0,1.0,1.0
8198,266,0,0,0,0,0,0,1.0,1.0
8198,136,1,1,1,1,1,1,1.0,1.0
8198,412,2,2,2,2,2,2,1.0,1.0
8198,548,0,0,0,0,0,0,1.0,1.0
8198,542,0,0,0,0,0,0,1.0,1.0
8198,342,0,0,0,0,0,0,1.0,1.0
8198,734,0,0,0,0,0,0,1.0,1.0
8198,677,0,0,0,0,0,0,1.0,1.0
8198,579,0,0,0,0,0,0,1.0,1.0
8198,692,1,1,1,1,1,1,1.0,1.0
8198,730,0,0,0,0,0,0,1.0,1.0
8198,125,0,1,0,0,1,0,0.6,0.8
8198,89,0,1,1,0,0,0,0.6,0.8
8198,43,1,1,1,1,1,1,1.0,1.0
8198,391,0,0,0,0,0,0,1.0,1.0
8198,299,1,1,1,1,1,1,1.0,1.0
8198,634,1,1,1,1,1,1,1.0,1.0
8198,632,0,0,0,0,0,0,1.0,1.0
8198,372,0,0,0,0,0,0,1.0,1.0
8198,249,0,0,0,0,0,0,1.0,1.0
8198,203,0,0,0,0,0,0,1.0,1.0
8198,239,0,0,0,0,0,0,1.0,1.0
8198,672,1,1,1,1,1,1,1.0,1.0
8198,631,2,2,2,2,2,2,1.0,1.0
8198,504,0,0,0,0,0,0,1.0,1.0
8198,281,0,0,0,0,0,0,1.0,1.0
8198,729,0,0,0,0,0,0,1.0,1.0
8198,60,0,0,0,0,0,0,1.0,1.0
8198,155,0,0,0,0,0,0,1.0,1.0
8198,614,0,0,0,0,0,0,1.0,1.0
8198,282,0,0,0,0,0,0,1.0,1.0
8198,310,0,0,0,0,0,0,1.0,1.0
8198,197,1,1,1,1,1,1,1.0,1.0
8198,97,0,0,0,0,0,0,1.0,1.0
8198,690,1,1,1,1,1,1,1.0,1.0
8198,380,0,0,0,0,0,0,1.0,1.0
8198,144,1,1,1,1,1,1,1.0,1.0
8198,96,1,1,1,1,1,1,1.0,1.0
8198,714,1,1,1,1,1,1,1.0,1.0
8198,213,0,0,0,0,0,0,1.0,1.0
8198,297,1,1,1,1,1,1,1.0,1.0
8198,33,0,1,1,1,1,1,0.8,0.9
8198,229,1,1,1,1,1,1,1.0,1.0
8198,240,1,1,1,1,1,1,1.0,1.0
8198,3,1,1,1,1,1,1,1.0,1.0
8198,269,1,1,1,0,1,1,0.8,0.9
8198,346,1,1,1,1,1,1,1.0,1.0
8198,316,1,1,1,1,1,1,1.0,1.0
8198,624,0,0,0,0,0,0,1.0,1.0
8198,547,0,0,0,0,0,0,1.0,1.0
8198,192,1,1,1,1,1,1,1.0,1.0
8198,69,0,0,0,0,0,0,1.0,1.0
8198,193,1,1,1,1,1,1,1.0,1.0
8198,661,2,2,2,2,2,2,1.0,1.0
8198,233,1,1,1,1,1,1,1.0,1.0
8198,663,0,0,0,0,0,0,1.0,1.0
8198,686,1,1,1,1,1,1,1.0,1.0
8198,671,1,1,1,1,1,1,1.0,1.0
96,541,0,0,0,0,0,0,1.0,1.0
96,128,0,0,0,0,0,0,1.0,1.0
96,620,0,0,0,0,0,0,1.0,1.0
96,679,0,0,0,0,0,0,1.0,1.0
96,345,0,0,0,0,0,0,1.0,1.0
96,193,0,0,0,0,0,0,1.0,1.0
96,55,0,0,0,0,0,0,1.0,1.0
96,562,0,0,0,0,0,0,1.0,1.0
96,609,0,0,0,0,0,0,1.0,1.0
96,738,0,0,0,0,0,0,1.0,1.0
96,229,0,0,0,1,1,0,0.6,0.8
96,451,0,0,0,0,0,0,1.0,1.0
96,69,0,0,0,0,0,0,1.0,1.0
96,486,0,0,0,0,0,0,1.0,1.0
96,34,0,0,0,0,0,0,1.0,1.0
96,517,0,0,0,0,0,0,1.0,1.0
96,605,0,0,0,0,0,0,1.0,1.0
96,443,0,0,0,0,0,0,1.0,1.0
96,737,0,0,0,0,0,0,1.0,1.0
96,522,0,0,0,0,0,0,1.0,1.0
96,366,0,0,0,0,0,0,1.0,1.0
96,53,0,0,0,0,0,0,1.0,1.0
96,509,0,0,0,0,0,0,1.0,1.0
96,147,0,0,0,0,0,0,1.0,1.0
96,234,0,0,0,0,0,0,1.0,1.0
96,477,0,0,0,0,0,0,1.0,1.0
96,662,0,0,0,0,0,0,1.0,1.0
96,420,0,0,0,0,0,0,1.0,1.0
96,472,0,0,0,0,0,0,1.0,1.0
96,33,0,0,0,0,0,0,1.0,1.0
96,203,0,0,0,0,0,0,1.0,1.0
96,166,0,0,0,0,0,0,1.0,1.0
96,606,0,0,0,0,0,0,1.0,1.0
96,651,0,0,0,0,0,0,1.0,1.0
96,192,0,0,0,0,0,0,1.0,1.0
96,694,1,1,1,1,1,1,1.0,1.0
96,585,0,0,0,0,0,0,1.0,1.0
96,702,0,0,0,0,0,0,1.0,1.0
96,665,0,0,0,0,0,0,1.0,1.0
96,58,0,0,0,0,0,0,1.0,1.0
96,299,0,0,0,0,0,0,1.0,1.0
96,644,0,0,0,0,0,0,1.0,1.0
96,308,0,0,0,0,0,0,1.0,1.0
96,247,1,1,1,1,0,1,0.8,0.9
96,386,0,0,0,0,0,0,1.0,1.0
96,705,0,0,0,0,0,0,1.0,1.0
96,183,0,0,0,0,0,0,1.0,1.0
96,230,0,0,0,0,0,0,1.0,1.0
96,701,0,0,0,0,0,0,1.0,1.0
96,349,0,0,0,0,0,0,1.0,1.0
96,536,0,0,0,0,0,0,1.0,1.0
96,390,0,0,0,0,0,0,1.0,1.0
96,11,0,0,0,0,0,0,1.0,1.0
96,670,0,0,0,0,0,0,1.0,1.0
96,289,0,0,0,0,0,0,1.0,1.0
96,446,0,0,0,0,0,0,1.0,1.0
96,16,0,0,0,0,0,0,1.0,1.0
96,618,0,0,0,0,0,0,1.0,1.0
96,287,0,0,0,0,0,0,1.0,1.0
96,661,0,0,0,0,0,0,1.0,1.0
96,314,0,0,0,0,0,0,1.0,1.0
96,590,0,0,0,0,0,0,1.0,1.0
96,113,0,0,0,0,0,0,1.0,1.0
96,613,0,0,0,0,0,0,1.0,1.0
96,171,0,0,0,0,0,0,1.0,1.0
96,698,0,0,0,0,0,0,1.0,1.0
96,342,0,0,0,0,0,0,1.0,1.0
96,594,0,0,0,0,0,0,1.0,1.0
96,504,1,1,1,1,1,1,1.0,1.0
96,99,0,0,0,0,0,0,1.0,1.0
96,529,0,0,0,0,0,0,1.0,1.0
96,551,0,0,0,0,0,0,1.0,1.0
96,340,0,0,0,0,0,0,1.0,1.0
96,412,0,0,0,0,0,0,1.0,1.0
96,36,0,0,0,0,0,0,1.0,1.0
96,260,0,0,0,0,0,0,1.0,1.0
4962,371,0,0,0,0,0,0,1.0,1.0
4962,186,1,1,1,1,1,1,1.0,1.0
4962,381,0,0,0,0,0,0,1.0,1.0
4962,398,0,0,0,0,0,0,1.0,1.0
4962,561,1,1,1,1,1,1,1.0,1.0
4962,32,0,0,0,0,0,0,1.0,1.0
4962,58,0,0,0,0,0,0,1.0,1.0
4962,249,0,0,0,0,0,0,1.0,1.0
4962,340,0,0,0,0,0,0,1.0,1.0
4962,539,0,0,0,0,0,0,1.0,1.0
4962,613,0,0,0,0,0,0,1.0,1.0
4962,624,0,0,0,0,0,0,1.0,1.0
4962,248,1,1,0,0,0,0,0.6,0.8
4962,391,0,0,0,0,0,0,1.0,1.0
4962,541,0,0,0,0,0,0,1.0,1.0
4962,684,0,0,0,0,0,0,1.0,1.0
4962,96,1,1,1,1,1,1,1.0,1.0
4962,60,0,0,0,0,0,0,1.0,1.0
4962,282,0,0,0,0,0,0,1.0,1.0
4962,319,0,0,0,0,0,0,1.0,1.0
4962,482,1,1,1,1,1,1,1.0,1.0
4962,4,1,1,1,1,1,1,1.0,1.0
4962,2,0,0,0,0,0,0,1.0,1.0
4962,6,1,1,1,1,1,1,1.0,1.0
4962,325,0,0,0,0,0,0,1.0,1.0
4962,51,1,1,1,1,1,1,1.0,1.0
4962,499,0,1,0,0,0,0,0.8,0.9
4962,543,0,0,0,0,0,0,1.0,1.0
4962,542,0,0,0,0,0,0,1.0,1.0
4962,689,1,1,1,1,1,1,1.0,1.0
4962,125,0,0,0,0,0,0,1.0,1.0
4962,729,1,1,1,1,1,1,1.0,1.0
4962,241,0,0,0,0,0,0,1.0,1.0
4962,272,1,1,1,1,1,1,1.0,1.0
4962,239,0,0,0,0,0,0,1.0,1.0
4962,89,0,0,0,0,0,0,1.0,1.0
4962,263,1,1,1,1,1,1,1.0,1.0
4962,247,0,0,0,0,0,0,1.0,1.0
4962,557,1,1,1,1,1,1,1.0,1.0
4962,651,0,0,0,0,0,0,1.0,1.0
4962,673,0,0,0,0,0,0,1.0,1.0
4962,589,0,0,0,0,0,0,1.0,1.0
4962,677,1,1,1,1,1,1,1.0,1.0
4962,604,0,0,0,0,0,0,1.0,1.0
4962,97,0,0,0,0,0,0,1.0,1.0
4962,555,0,0,0,0,0,0,1.0,1.0
4962,206,1,1,1,1,1,1,1.0,1.0
4962,548,0,0,0,0,0,0,1.0,1.0
4962,646,0,1,0,0,0,0,0.8,0.9
4962,155,0,0,0,0,0,0,1.0,1.0
4962,295,0,0,0,0,0,0,1.0,1.0
4962,714,0,0,0,0,0,0,1.0,1.0
4962,224,1,1,1,1,1,1,1.0,1.0
4962,400,0,0,0,0,0,0,1.0,1.0
4962,288,0,0,0,0,0,0,1.0,1.0
4962,136,1,1,1,1,1,1,1.0,1.0
4962,50,1,1,1,1,1,1,1.0,1.0
4962,237,0,0,0,0,0,0,1.0,1.0
4962,487,1,1,1,1,1,1,1.0,1.0
4962,663,0,0,0,0,0,0,1.0,1.0
4962,686,1,1,1,1,1,1,1.0,1.0
4962,194,0,0,0,0,0,0,1.0,1.0
4962,144,0,0,0,0,0,0,1.0,1.0
4962,495,0,0,0,0,0,0,1.0,1.0
4962,77,0,0,0,0,0,0,1.0,1.0
4962,142,1,1,1,1,1,1,1.0,1.0
4962,296,0,0,0,0,0,0,1.0,1.0
4962,85,0,0,0,0,0,0,1.0,1.0
4962,9,0,0,0,0,0,0,1.0,1.0
4962,346,0,0,0,0,0,0,1.0,1.0
4962,446,0,0,0,0,0,0,1.0,1.0
4962,579,1,1,1,1,1,1,1.0,1.0
4962,153,0,0,0,0,0,0,1.0,1.0
4962,665,0,0,0,0,0,0,1.0,1.0
4962,378,1,1,1,1,1,1,1.0,1.0
4962,252,1,1,1,1,1,1,1.0,1.0
4962,727,0,0,0,0,0,0,1.0,1.0
4962,647,1,1,1,1,1,1,1.0,1.0
4962,112,0,0,0,0,0,0,1.0,1.0
4962,233,1,1,1,1,1,1,1.0,1.0
4962,529,0,0,0,0,0,0,1.0,1.0
7577,272,0,0,0,0,0,0,1.0,1.0
7577,661,0,0,0,0,0,0,1.0,1.0
7577,426,0,0,0,0,0,0,1.0,1.0
7577,67,0,0,0,0,0,0,1.0,1.0
7577,247,0,0,0,0,0,0,1.0,1.0
7577,325,0,0,0,0,0,0,1.0,1.0
7577,476,0,0,0,0,0,0,1.0,1.0
7577,229,0,0,0,0,0,0,1.0,1.0
7577,658,0,0,0,0,0,0,1.0,1.0
7577,342,0,0,0,0,0,0,1.0,1.0
7577,136,0,0,0,0,0,0,1.0,1.0
7577,738,1,1,1,1,1,1,1.0,1.0
7577,144,0,0,0,0,0,0,1.0,1.0
7577,317,0,0,0,0,0,0,1.0,1.0
7577,714,0,0,0,0,0,0,1.0,1.0
7577,268,0,0,0,0,0,0,1.0,1.0
7577,371,0,0,0,0,0,0,1.0,1.0
7577,562,0,0,0,0,0,0,1.0,1.0
7577,528,0,0,0,0,0,0,1.0,1.0
7577,36,0,0,0,0,0,0,1.0,1.0
7577,618,0,0,0,0,0,0,1.0,1.0
7577,264,0,0,0,0,0,0,1.0,1.0
7577,100,0,0,0,0,0,0,1.0,1.0
7577,729,0,0,0,0,0,0,1.0,1.0
7577,172,0,0,0,0,0,0,1.0,1.0
7577,449,0,0,0,0,0,0,1.0,1.0
7577,374,0,0,0,0,0,0,1.0,1.0
7577,211,0,0,0,0,0,0,1.0,1.0
7577,227,0,0,0,0,0,0,1.0,1.0
7577,216,0,0,0,0,0,0,1.0,1.0
7577,557,0,0,0,0,0,0,1.0,1.0
7577,518,0,0,0,0,0,0,1.0,1.0
7577,378,0,0,0,0,0,0,1.0,1.0
7577,541,0,0,0,0,0,0,1.0,1.0
7577,710,0,0,0,0,0,0,1.0,1.0
7577,156,0,0,0,0,0,0,1.0,1.0
7577,360,0,0,0,0,0,0,1.0,1.0
7577,155,0,0,0,0,0,0,1.0,1.0
7577,590,0,0,0,0,0,0,1.0,1.0
7577,446,0,0,0,0,0,0,1.0,1.0
7577,113,0,0,0,0,0,0,1.0,1.0
7577,135,0,0,0,0,0,0,1.0,1.0
7577,276,0,0,0,0,0,0,1.0,1.0
7577,662,0,0,0,0,0,0,1.0,1.0
7577,624,0,0,0,0,0,0,1.0,1.0
7577,349,0,0,0,0,0,0,1.0,1.0
7577,663,0,0,0,0,0,0,1.0,1.0
7577,529,0,0,0,0,0,0,1.0,1.0
7577,417,0,0,0,0,0,0,1.0,1.0
7577,485,0,0,0,0,0,0,1.0,1.0
7577,15,0,0,0,0,0,0,1.0,1.0
7577,539,0,0,0,0,0,0,1.0,1.0
7577,504,0,1,0,1,0,0,0.6,0.8
7577,32,0,0,0,0,0,0,1.0,1.0
7577,687,0,0,0,0,0,0,1.0,1.0
7577,68,0,0,0,0,0,0,1.0,1.0
7577,129,0,0,0,0,0,0,1.0,1.0
7577,461,0,0,0,0,0,0,1.0,1.0
6353,442,0,0,0,0,0,0,1.0,1.0
6353,335,1,1,1,1,1,1,1.0,1.0
6353,491,1,1,1,1,1,1,1.0,1.0
6353,470,2,2,2,2,2,2,1.0,1.0
6353,220,2,2,2,2,2,2,1.0,1.0
6353,395,1,1,1,1,1,1,1.0,1.0
6353,191,1,1,1,1,1,1,1.0,1.0
6353,316,1,1,1,1,1,1,1.0,1.0
6353,604,1,1,1,1,1,1,1.0,1.0
6353,206,1,1,1,1,1,1,1.0,1.0
6353,411,2,2,2,2,2,2,1.0,1.0
6353,50,0,0,0,0,0,0,1.0,1.0
6353,671,1,1,1,1,1,1,1.0,1.0
6353,570,1,2,1,1,1,1,0.8,0.9
6353,524,0,0,0,0,0,0,1.0,1.0
6353,130,2,2,2,2,2,2,1.0,1.0
6353,119,2,2,2,2,2,2,1.0,1.0
6353,27,1,1,1,1,1,1,1.0,1.0
6353,657,2,2,2,1,2,2,0.8,0.9
6353,415,2,2,2,2,2,2,1.0,1.0
6353,114,0,0,0,0,0,0,1.0,1.0
6353,669,1,1,1,1,1,1,1.0,1.0
6353,377,1,1,1,1,1,1,1.0,1.0
6353,686,1,1,1,1,1,1,1.0,1.0
6353,356,1,1,1,1,1,1,1.0,1.0
6353,109,0,0,0,0,0,0,1.0,1.0
6353,444,1,1,1,1,1,1,1.0,1.0
6353,581,2,2,2,2,2,2,1.0,1.0
6353,449,1,1,1,1,1,1,1.0,1.0
6353,144,0,0,0,0,0,0,1.0,1.0
6353,641,2,2,2,2,2,2,1.0,1.0
6353,165,2,2,2,2,2,2,1.0,1.0
6353,392,1,1,1,1,1,1,1.0,1.0
6353,607,0,0,0,0,0,0,1.0,1.0
6353,385,2,2,2,2,2,2,1.0,1.0
6353,103,0,0,0,0,0,0,1.0,1.0
6353,219,1,1,1,1,1,1,1.0,1.0
6353,46,1,1,1,1,1,1,1.0,1.0
6353,216,1,1,1,1,1,1,1.0,1.0
6353,739,2,2,2,2,2,2,1.0,1.0
6353,251,2,2,2,2,2,2,1.0,1.0
6353,490,2,2,2,2,2,2,1.0,1.0
6353,198,2,2,2,2,2,2,1.0,1.0
6353,632,1,1,1,1,1,1,1.0,1.0
6353,170,2,2,2,2,2,2,1.0,1.0
6353,515,1,1,1,1,1,1,1.0,1.0
6353,731,2,2,2,2,2,2,1.0,1.0
6353,78,1,1,1,1,1,1,1.0,1.0
6353,183,1,1,1,1,1,1,1.0,1.0
6353,74,1,1,1,1,1,1,1.0,1.0
6353,416,1,1,1,1,1,1,1.0,1.0
6353,559,1,1,1,1,1,1,1.0,1.0
6353,467,1,1,1,1,1,1,1.0,1.0
6353,691,0,0,0,0,0,0,1.0,1.0
6353,346,0,0,0,0,0,0,1.0,1.0
6353,531,2,2,2,2,2,2,1.0,1.0
6353,517,0,0,0,0,0,0,1.0,1.0
6353,548,1,1,1,1,1,1,1.0,1.0
6353,300,1,1,1,1,1,1,1.0,1.0
6353,230,1,1,1,1,1,1,1.0,1.0
6353,93,0,0,0,0,0,0,1.0,1.0
6353,337,0,0,0,0,0,0,1.0,1.0
6353,512,1,1,1,1,1,1,1.0,1.0
6353,721,0,0,0,0,0,0,1.0,1.0
6353,596,1,1,1,1,1,1,1.0,1.0
6353,389,1,1,1,1,1,1,1.0,1.0
6353,587,0,0,0,0,0,0,1.0,1.0
6353,659,2,2,2,2,2,2,1.0,1.0
6353,589,1,1,1,1,1,1,1.0,1.0
7937,286,0,0,0,0,0,0,1.0,1.0
7937,411,1,1,1,1,1,1,1.0,1.0
7937,191,0,0,0,0,0,0,1.0,1.0
7937,565,0,0,0,0,0,0,1.0,1.0
7937,109,0,0,0,0,0,0,1.0,1.0
7937,385,1,1,1,1,1,1,1.0,1.0
7937,596,1,1,1,1,1,1,1.0,1.0
7937,271,1,1,1,1,1,1,1.0,1.0
7937,404,0,0,0,0,0,0,1.0,1.0
7937,414,0,0,0,0,0,0,1.0,1.0
7937,669,1,1,1,1,1,1,1.0,1.0
7937,198,1,1,1,1,1,1,1.0,1.0
7937,33,1,1,1,1,1,1,1.0,1.0
7937,740,1,1,1,1,1,1,1.0,1.0
7937,183,0,1,0,0,0,0,0.8,0.9
7937,165,1,1,1,1,1,1,1.0,1.0
7937,136,0,0,0,0,0,0,1.0,1.0
7937,491,0,0,0,0,0,0,1.0,1.0
7937,497,1,1,1,1,1,1,1.0,1.0
7937,316,1,1,1,1,1,1,1.0,1.0
7937,216,0,0,0,0,0,0,1.0,1.0
7937,454,1,1,1,1,1,1,1.0,1.0
7937,219,0,1,0,1,0,0,0.6,0.8
7937,251,1,1,1,1,1,1,1.0,1.0
7937,335,0,0,0,0,0,0,1.0,1.0
7937,512,1,1,1,1,1,1,1.0,1.0
7937,5,1,1,1,1,1,1,1.0,1.0
7937,285,0,0,0,0,0,0,1.0,1.0
7937,386,0,0,0,0,0,0,1.0,1.0
7937,515,0,0,0,0,0,0,1.0,1.0
7937,587,0,0,0,0,0,0,1.0,1.0
7937,27,1,1,1,1,1,1,1.0,1.0
7937,488,1,1,1,1,1,1,1.0,1.0
7937,130,1,1,1,1,1,1,1.0,1.0
7937,712,1,1,1,1,1,1,1.0,1.0
7937,561,1,1,1,1,1,1,1.0,1.0
7937,382,0,0,0,0,0,0,1.0,1.0
7937,581,1,1,1,1,1,1,1.0,1.0
7937,438,0,0,0,0,0,0,1.0,1.0
7937,389,0,0,0,0,0,0,1.0,1.0
7937,119,1,1,1,1,1,1,1.0,1.0
7937,603,1,0,0,1,0,0,0.6,0.8
7937,485,0,0,0,0,0,0,1.0,1.0
7937,659,2,2,1,1,1,1,0.6,0.8
7937,62,1,1,1,1,1,1,1.0,1.0
7937,32,0,0,0,0,0,0,1.0,1.0
7937,46,0,0,0,0,0,0,1.0,1.0
7937,206,1,1,1,1,1,1,1.0,1.0
7937,181,1,1,1,1,1,1,1.0,1.0
7937,356,1,1,1,1,1,1,1.0,1.0
7937,370,0,0,0,0,0,0,1.0,1.0
7937,435,1,1,1,1,1,1,1.0,1.0
7937,457,1,1,1,1,1,1,1.0,1.0
7937,604,1,1,1,1,1,1,1.0,1.0
7937,731,1,1,1,1,1,1,1.0,1.0
7937,739,1,1,1,1,1,1,1.0,1.0
7937,706,1,1,1,1,1,1,1.0,1.0
7937,416,0,0,0,0,0,0,1.0,1.0
7937,337,0,0,0,0,0,0,1.0,1.0
7937,294,0,0,0,0,0,0,1.0,1.0
7937,724,0,0,0,0,0,0,1.0,1.0
7937,531,1,1,1,1,1,1,1.0,1.0
7937,671,1,1,1,1,1,1,1.0,1.0
7937,430,0,0,0,0,0,0,1.0,1.0
7937,170,1,1,1,1,1,1,1.0,1.0
7937,592,1,1,1,1,1,1,1.0,1.0
7937,624,0,0,0,0,0,0,1.0,1.0
8597,371,0,0,0,0,0,0,1.0,1.0
8597,7,0,0,0,0,0,0,1.0,1.0
8597,504,1,1,1,1,1,1,1.0,1.0
8597,513,2,2,2,2,2,2,1.0,1.0
8597,644,0,0,0,0,0,0,1.0,1.0
8597,248,2,2,2,2,2,2,1.0,1.0
8597,659,2,2,2,2,2,2,1.0,1.0
8597,165,0,0,0,0,0,0,1.0,1.0
8597,581,2,2,2,2,2,2,1.0,1.0
8597,219,0,0,0,0,0,0,1.0,1.0
8597,583,2,2,2,2,2,2,1.0,1.0
8597,473,0,1,1,0,0,0,0.6,0.8
8597,487,1,1,1,1,1,1,1.0,1.0
8597,405,0,0,0,0,0,0,1.0,1.0
8597,62,1,1,1,1,1,1,1.0,1.0
8597,625,2,2,2,2,2,2,1.0,1.0
8597,731,1,1,1,1,1,1,1.0,1.0
8597,402,1,1,1,1,1,1,1.0,1.0
8597,336,2,2,2,2,2,2,1.0,1.0
8597,671,1,1,1,1,1,1,1.0,1.0
8597,302,0,0,0,0,0,0,1.0,1.0
8597,35,1,1,1,1,1,1,1.0,1.0
8597,335,1,1,1,1,1,1,1.0,1.0
8597,349,1,1,1,1,1,1,1.0,1.0
8597,301,1,1,1,1,1,1,1.0,1.0
8597,74,1,1,1,1,1,1,1.0,1.0
8597,486,1,1,1,1,1,1,1.0,1.0
8597,528,1,1,1,1,1,1,1.0,1.0
8597,491,0,0,0,0,0,0,1.0,1.0
8597,596,1,1,1,1,1,1,1.0,1.0
8597,323,0,0,0,0,0,0,1.0,1.0
8597,42,0,0,0,0,0,0,1.0,1.0
8597,512,2,2,2,2,2,2,1.0,1.0
8597,177,0,0,0,0,0,0,1.0,1.0
8597,246,1,1,1,1,1,1,1.0,1.0
8597,587,1,1,1,1,1,1,1.0,1.0
8597,130,1,0,0,1,0,0,0.6,0.8
8597,515,0,0,0,0,0,0,1.0,1.0
8597,416,0,0,0,0,0,0,1.0,1.0
8597,578,2,2,2,2,2,2,1.0,1.0
8597,548,0,0,0,0,0,0,1.0,1.0
8597,538,0,0,0,0,0,0,1.0,1.0
8597,449,2,2,2,2,2,2,1.0,1.0
8597,604,1,1,1,1,1,1,1.0,1.0
8597,27,2,2,2,2,2,2,1.0,1.0
8597,46,1,0,0,0,0,0,0.8,0.9
8597,573,1,1,1,1,1,1,1.0,1.0
8597,415,1,1,1,1,1,1,1.0,1.0
8597,275,0,0,0,0,0,0,1.0,1.0
8597,409,1,1,1,1,1,1,1.0,1.0
8597,601,1,1,1,1,1,1,1.0,1.0
8597,393,1,1,0,1,1,1,0.8,0.9
8597,713,1,1,1,1,1,1,1.0,1.0
8597,191,0,0,0,0,0,0,1.0,1.0
8597,170,0,0,0,0,0,0,1.0,1.0
8597,19,2,2,2,2,2,2,1.0,1.0
8597,739,1,1,1,1,1,1,1.0,1.0
8597,493,0,0,0,0,0,0,1.0,1.0
8597,478,2,2,2,2,2,2,1.0,1.0
8597,582,1,1,1,1,1,1,1.0,1.0
8597,385,0,0,0,0,0,0,1.0,1.0
8597,119,0,0,1,1,1,1,0.6,0.8
8597,212,1,1,1,1,1,1,1.0,1.0
8597,109,0,0,0,0,0,0,1.0,1.0
8597,251,1,1,1,1,1,1,1.0,1.0
8597,181,2,2,2,2,2,2,1.0,1.0
8597,57,1,1,1,1,1,1,1.0,1.0
8597,214,0,0,0,0,0,0,1.0,1.0
8597,392,1,1,1,1,1,1,1.0,1.0
8597,183,2,2,2,2,2,2,1.0,1.0
8597,363,1,1,1,1,1,1,1.0,1.0
8597,612,1,1,1,1,1,1,1.0,1.0
8597,531,2,2,2,2,2,2,1.0,1.0
8597,198,0,0,0,0,0,0,1.0,1.0
8597,316,2,2,2,2,2,2,1.0,1.0
8597,206,1,1,1,1,1,1,1.0,1.0
8597,314,2,2,2,2,2,2,1.0,1.0
8597,216,0,0,0,0,0,0,1.0,1.0
8597,389,0,0,0,0,0,0,1.0,1.0
7621,135,1,1,1,1,1,1,1.0,1.0
7621,316,0,0,0,0,0,0,1.0,1.0
7621,216,0,0,0,0,0,0,1.0,1.0
7621,206,1,2,2,1,1,1,0.6,0.8
7621,551,1,1,1,1,1,1,1.0,1.0
7621,545,0,0,0,0,0,0,1.0,1.0
7621,183,0,0,0,0,0,0,1.0,1.0
7621,197,1,1,1,1,1,1,1.0,1.0
7621,212,0,0,0,0,0,0,1.0,1.0
7621,739,0,0,0,0,0,0,1.0,1.0
7621,37,1,1,1,1,1,1,1.0,1.0
7621,46,0,0,0,0,0,0,1.0,1.0
7621,220,1,1,1,1,1,1,1.0,1.0
7621,38,0,0,0,0,0,0,1.0,1.0
7621,137,1,0,0,0,0,0,0.8,0.9
7621,8,0,0,0,0,0,0,1.0,1.0
7621,219,0,0,0,0,0,0,1.0,1.0
7621,119,0,0,0,0,0,0,1.0,1.0
7621,581,0,0,0,0,0,0,1.0,1.0
7621,76,0,0,0,0,0,0,1.0,1.0
7621,251,0,0,0,0,0,0,1.0,1.0
7621,224,1,1,1,1,1,1,1.0,1.0
7621,256,0,0,0,0,0,0,1.0,1.0
7621,731,1,1,1,1,1,1,1.0,1.0
7621,540,0,0,0,0,0,0,1.0,1.0
7621,425,0,0,0,0,0,0,1.0,1.0
7621,717,0,0,0,0,0,0,1.0,1.0
7621,123,0,0,0,0,0,0,1.0,1.0
7621,491,1,1,1,1,1,1,1.0,1.0
7621,407,1,1,1,1,1,1,1.0,1.0
7621,555,0,0,0,0,0,0,1.0,1.0
7621,531,0,0,0,0,0,0,1.0,1.0
7621,461,0,0,0,0,0,0,1.0,1.0
7621,170,2,2,2,2,2,2,1.0,1.0
7621,200,0,0,0,0,0,0,1.0,1.0
7621,36,0,0,0,0,0,0,1.0,1.0
7621,566,0,0,0,0,0,0,1.0,1.0
7621,621,0,0,0,0,0,0,1.0,1.0
7621,589,0,0,0,0,0,0,1.0,1.0
7621,276,0,0,0,0,0,0,1.0,1.0
7621,165,2,2,2,2,2,2,1.0,1.0
7621,72,0,0,0,0,0,0,1.0,1.0
7621,409,0,0,0,0,0,0,1.0,1.0
7621,92,0,0,0,0,0,0,1.0,1.0
7621,681,0,0,0,0,0,0,1.0,1.0
7621,515,0,0,0,0,0,0,1.0,1.0
7621,40,0,0,0,0,0,0,1.0,1.0
7621,332,0,0,0,0,0,0,1.0,1.0
7621,604,0,0,0,0,0,0,1.0,1.0
7621,478,1,1,1,1,1,1,1.0,1.0
7621,198,2,2,2,2,2,2,1.0,1.0
7621,130,0,0,0,0,0,0,1.0,1.0
7621,74,0,0,0,0,0,0,1.0,1.0
7621,671,1,1,1,1,1,1,1.0,1.0
7621,603,2,2,2,2,2,2,1.0,1.0
7621,338,0,0,0,0,0,0,1.0,1.0
7621,659,2,2,2,2,2,2,1.0,1.0
7621,587,0,0,0,0,0,0,1.0,1.0
7621,558,0,1,1,0,0,0,0.6,0.8
7621,416,0,0,0,0,0,0,1.0,1.0
7621,389,2,2,2,2,2,2,1.0,1.0
7621,705,0,0,0,0,0,0,1.0,1.0
7621,100,0,0,0,0,0,0,1.0,1.0
7621,319,0,0,0,0,0,0,1.0,1.0
7621,191,2,2,2,2,2,2,1.0,1.0
7621,687,0,0,0,0,0,0,1.0,1.0
7621,432,1,1,1,1,1,1,1.0,1.0
7621,512,0,0,0,0,0,0,1.0,1.0
7621,507,0,0,0,0,0,0,1.0,1.0
7621,27,0,0,1,0,0,0,0.8,0.9
7621,385,0,0,0,0,0,0,1.0,1.0
7621,713,0,0,0,0,0,0,1.0,1.0
7621,98,0,0,0,0,0,0,1.0,1.0
7621,267,0,0,0,0,0,0,1.0,1.0
7621,647,0,0,0,0,0,0,1.0,1.0
7621,596,1,1,1,1,1,1,1.0,1.0
7621,696,0,0,0,0,0,0,1.0,1.0
7621,0,0,0,0,0,0,0,1.0,1.0
7621,335,0,0,0,0,0,0,1.0,1.0
7621,326,0,0,0,0,0,0,1.0,1.0
7621,75,0,0,0,0,0,0,1.0,1.0
7621,484,0,0,0,0,0,0,1.0,1.0
7621,617,1,1,1,1,1,1,1.0,1.0
7621,652,0,0,0,0,0,0,1.0,1.0
7621,109,0,0,0,0,0,0,1.0,1.0
4522,335,0,0,0,0,0,0,1.0,1.0
4522,216,0,0,0,0,0,0,1.0,1.0
4522,206,1,1,1,1,1,1,1.0,1.0
4522,415,1,1,1,1,1,1,1.0,1.0
4522,671,2,2,2,2,2,2,1.0,1.0
4522,491,0,0,0,0,0,0,1.0,1.0
4522,109,0,0,0,0,0,0,1.0,1.0
4522,191,0,0,0,0,0,0,1.0,1.0
4522,573,1,1,1,1,1,1,1.0,1.0
4522,426,0,0,0,0,0,0,1.0,1.0
4522,581,2,2,2,2,2,2,1.0,1.0
4522,416,0,0,0,0,0,0,1.0,1.0
4522,369,1,1,1,1,1,1,1.0,1.0
4522,46,0,0,0,0,0,0,1.0,1.0
4522,512,1,1,1,2,2,1,0.6,0.8
4522,219,1,1,1,1,1,1,1.0,1.0
4522,564,0,0,0,0,0,0,1.0,1.0
4522,314,1,1,1,1,1,1,1.0,1.0
4522,354,0,0,0,0,0,0,1.0,1.0
4522,209,0,0,0,0,0,0,1.0,1.0
4522,702,0,0,0,0,0,0,1.0,1.0
4522,183,1,1,1,1,1,1,1.0,1.0
4522,198,1,1,1,1,1,1,1.0,1.0
4522,15,1,1,1,1,1,1,1.0,1.0
4522,665,1,1,0,1,1,1,0.8,0.9
4522,172,0,0,0,0,0,0,1.0,1.0
4522,716,1,1,1,1,1,1,1.0,1.0
4522,389,0,0,0,0,0,0,1.0,1.0
4522,317,1,0,1,0,0,0,0.6,0.8
4522,27,2,2,2,2,2,2,1.0,1.0
4522,250,0,0,0,0,0,0,1.0,1.0
4522,251,2,2,2,2,2,2,1.0,1.0
4522,650,1,1,1,1,1,1,1.0,1.0
4522,604,0,0,0,0,0,0,1.0,1.0
4522,624,0,0,0,0,0,0,1.0,1.0
4522,18,2,2,2,2,2,2,1.0,1.0
4522,348,0,0,0,0,0,0,1.0,1.0
4522,342,0,1,1,1,1,1,0.8,0.9
4522,130,1,1,1,1,1,1,1.0,1.0
4522,559,1,1,1,1,1,1,1.0,1.0
4522,515,0,0,0,0,0,0,1.0,1.0
4522,689,1,1,1,1,1,1,1.0,1.0
4522,739,1,1,1,1,1,1,1.0,1.0
4522,731,1,1,1,1,0,1,0.8,0.9
4522,170,0,0,0,0,0,0,1.0,1.0
4522,312,1,1,1,1,1,1,1.0,1.0
4522,201,1,1,0,1,1,1,0.8,0.9
4522,587,0,0,0,0,0,0,1.0,1.0
4522,119,1,1,1,1,1,1,1.0,1.0
4522,659,1,1,1,1,1,1,1.0,1.0
4522,531,1,1,1,1,1,1,1.0,1.0
4522,5,0,0,0,0,0,0,1.0,1.0
4522,273,0,0,0,0,0,0,1.0,1.0
4522,722,2,2,2,1,1,2,0.6,0.8
4522,331,1,1,1,1,1,1,1.0,1.0
4522,385,0,0,0,0,0,0,1.0,1.0
4522,240,2,2,2,2,2,2,1.0,1.0
4522,596,2,1,1,2,2,2,0.6,0.8
4522,647,1,1,1,1,1,1,1.0,1.0
4522,488,1,1,1,1,1,1,1.0,1.0
4522,165,0,0,0,0,0,0,1.0,1.0
4522,84,0,0,0,0,0,0,1.0,1.0
4522,316,1,1,1,1,1,1,1.0,1.0
7622,620,0,0,0,0,0,0,1.0,1.0
7622,503,1,1,1,1,1,1,1.0,1.0
7622,510,0,0,0,0,0,0,1.0,1.0
7622,249,0,0,0,0,0,0,1.0,1.0
7622,407,0,0,0,0,0,0,1.0,1.0
7622,502,0,0,0,0,0,0,1.0,1.0
7622,731,0,0,0,0,0,0,1.0,1.0
7622,206,0,0,0,0,0,0,1.0,1.0
7622,216,0,0,0,0,0,0,1.0,1.0
7622,723,1,1,1,1,1,1,1.0,1.0
7622,308,0,0,0,0,0,0,1.0,1.0
7622,658,0,0,0,0,0,0,1.0,1.0
7622,198,0,0,0,0,0,0,1.0,1.0
7622,596,0,0,1,0,0,0,0.8,0.9
7622,687,1,1,1,1,1,1,1.0,1.0
7622,607,0,0,0,0,0,0,1.0,1.0
7622,430,0,0,0,0,0,0,1.0,1.0
7622,219,0,0,0,0,0,0,1.0,1.0
7622,390,0,0,0,0,0,0,1.0,1.0
7622,739,0,0,0,0,0,0,1.0,1.0
7622,521,0,0,0,0,0,0,1.0,1.0
7622,544,0,0,0,0,0,0,1.0,1.0
7622,734,0,0,0,0,0,0,1.0,1.0
7622,220,0,0,0,0,0,0,1.0,1.0
7622,92,1,0,0,0,1,0,0.6,0.8
7622,664,1,1,1,1,1,1,1.0,1.0
7622,119,0,0,0,0,0,0,1.0,1.0
7622,141,0,0,0,0,0,0,1.0,1.0
7622,730,0,0,0,0,0,0,1.0,1.0
7622,54,1,1,1,1,1,1,1.0,1.0
7622,389,0,0,0,0,0,0,1.0,1.0
7622,191,0,0,0,0,0,0,1.0,1.0
7622,562,0,0,0,0,0,0,1.0,1.0
7622,491,0,0,0,0,0,0,1.0,1.0
7622,265,0,0,0,0,0,0,1.0,1.0
7622,514,1,1,1,1,1,1,1.0,1.0
7622,130,0,0,0,0,0,0,1.0,1.0
7622,560,0,0,0,0,0,0,1.0,1.0
7622,316,1,1,1,1,1,1,1.0,1.0
7622,27,1,1,1,1,1,1,1.0,1.0
7622,333,0,0,0,0,0,0,1.0,1.0
7622,506,0,0,0,0,0,0,1.0,1.0
7622,531,1,1,1,1,1,1,1.0,1.0
7622,677,1,1,0,1,1,1,0.8,0.9
7622,311,0,0,0,0,0,0,1.0,1.0
7622,536,2,2,2,2,2,2,1.0,1.0
7622,400,0,0,0,0,0,0,1.0,1.0
7622,604,0,0,0,0,0,0,1.0,1.0
7622,587,0,0,0,0,0,0,1.0,1.0
7622,251,1,1,1,1,1,1,1.0,1.0
7622,385,0,0,0,0,0,0,1.0,1.0
7622,567,0,0,0,0,0,0,1.0,1.0
7622,330,0,0,0,0,0,0,1.0,1.0
7622,37,0,0,0,0,0,0,1.0,1.0
7622,335,0,0,0,0,0,0,1.0,1.0
7622,46,0,0,0,0,0,0,1.0,1.0
7622,553,1,1,1,1,1,1,1.0,1.0
7622,617,0,0,0,0,0,0,1.0,1.0
7622,109,0,0,0,0,0,0,1.0,1.0
7622,416,0,0,0,0,0,0,1.0,1.0
7622,439,0,0,0,0,0,0,1.0,1.0
7622,246,0,0,0,0,0,0,1.0,1.0
7622,155,0,0,0,0,0,0,1.0,1.0
7622,138,0,0,0,0,0,0,1.0,1.0
7622,651,0,0,0,0,0,0,1.0,1.0
7622,424,0,0,0,0,0,0,1.0,1.0
7622,296,0,0,0,0,0,0,1.0,1.0
7622,705,0,0,0,0,0,0,1.0,1.0
7622,512,0,0,0,0,0,0,1.0,1.0
7622,48,0,0,0,0,0,0,1.0,1.0
7622,170,0,0,0,0,0,0,1.0,1.0
7622,671,1,1,1,1,1,1,1.0,1.0
7622,62,0,1,1,1,1,1,0.8,0.9
7622,143,1,1,1,1,1,1,1.0,1.0
7622,417,0,0,0,0,0,0,1.0,1.0
2354,331,0,0,0,0,0,0,1.0,1.0
2354,629,0,0,0,0,0,0,1.0,1.0
2354,708,0,0,0,0,0,0,1.0,1.0
2354,356,1,1,1,1,1,1,1.0,1.0
2354,438,1,1,1,1,1,1,1.0,1.0
2354,185,0,0,0,0,0,0,1.0,1.0
2354,604,1,1,1,1,1,1,1.0,1.0
2354,389,1,1,0,1,0,1,0.6,0.8
2354,731,1,1,1,1,1,1,1.0,1.0
2354,385,1,1,1,1,1,1,1.0,1.0
2354,491,1,1,1,1,1,1,1.0,1.0
2354,531,2,2,2,2,2,2,1.0,1.0
2354,52,1,1,1,1,1,1,1.0,1.0
2354,165,1,1,1,1,1,1,1.0,1.0
2354,92,1,1,1,1,1,1,1.0,1.0
2354,113,1,1,1,1,1,1,1.0,1.0
2354,251,2,2,2,2,2,2,1.0,1.0
2354,206,1,1,1,1,1,1,1.0,1.0
2354,94,1,1,1,1,1,1,1.0,1.0
2354,27,2,2,2,2,2,2,1.0,1.0
2354,594,0,0,0,0,0,0,1.0,1.0
2354,729,0,0,0,0,0,0,1.0,1.0
2354,191,0,0,0,0,0,0,1.0,1.0
2354,267,1,1,1,1,1,1,1.0,1.0
2354,674,1,1,1,1,1,1,1.0,1.0
2354,658,0,0,0,0,0,0,1.0,1.0
2354,198,1,1,1,1,1,1,1.0,1.0
2354,216,1,1,1,1,1,1,1.0,1.0
2354,515,1,1,0,1,1,1,0.8,0.9
2354,468,0,0,0,0,0,0,1.0,1.0
2354,678,1,1,1,1,1,1,1.0,1.0
2354,316,1,1,1,1,1,1,1.0,1.0
2354,126,0,0,0,0,0,0,1.0,1.0
2354,221,0,0,0,0,0,0,1.0,1.0
2354,676,0,0,0,0,0,0,1.0,1.0
2354,486,0,0,0,0,0,0,1.0,1.0
2354,641,2,2,2,2,2,2,1.0,1.0
2354,562,0,0,0,0,0,0,1.0,1.0
2354,130,1,1,1,1,1,1,1.0,1.0
2354,375,0,0,0,0,0,0,1.0,1.0
2354,508,1,1,1,1,1,1,1.0,1.0
2354,103,1,1,1,1,1,1,1.0,1.0
2354,639,1,1,1,1,1,1,1.0,1.0
2354,671,1,1,1,1,1,1,1.0,1.0
2354,416,0,0,0,0,0,0,1.0,1.0
2354,262,0,0,0,0,0,0,1.0,1.0
2354,104,1,1,1,1,1,1,1.0,1.0
2354,219,0,0,0,0,0,0,1.0,1.0
2354,325,0,0,0,0,0,0,1.0,1.0
2354,12,2,2,2,2,2,2,1.0,1.0
2354,651,0,0,0,0,0,0,1.0,1.0
2354,292,1,1,1,1,1,1,1.0,1.0
2354,183,1,1,1,1,1,1,1.0,1.0
2354,587,0,0,0,0,0,0,1.0,1.0
2354,109,0,0,0,0,0,0,1.0,1.0
2354,425,0,0,0,0,0,0,1.0,1.0
2354,277,2,2,2,2,2,2,1.0,1.0
2354,659,1,2,1,1,1,1,0.8,0.9
2354,739,2,2,2,2,2,2,1.0,1.0
2354,176,1,1,0,1,1,1,0.8,0.9
2354,581,2,2,2,2,2,2,1.0,1.0
2354,83,1,1,1,1,1,1,1.0,1.0
2354,596,2,2,2,2,2,2,1.0,1.0
2354,119,1,1,0,1,0,1,0.6,0.8
2354,618,2,1,1,1,2,1,0.6,0.8
2354,353,1,1,1,1,1,1,1.0,1.0
2354,361,0,0,0,0,0,0,1.0,1.0
2354,640,0,0,0,0,0,0,1.0,1.0
2354,335,1,1,1,1,1,1,1.0,1.0
2354,672,2,2,2,2,2,2,1.0,1.0
2354,293,0,0,0,0,0,0,1.0,1.0
2354,512,1,1,1,1,1,1,1.0,1.0
2354,245,1,1,1,1,1,1,1.0,1.0
2354,616,0,0,0,0,0,0,1.0,1.0
2354,170,1,1,1,1,1,1,1.0,1.0
2354,46,0,0,1,1,0,0,0.6,0.8
2354,161,1,1,1,1,1,1,1.0,1.0
1068,210,1,1,1,1,1,1,1.0,1.0
1068,659,1,1,1,1,1,1,1.0,1.0
1068,165,2,2,2,2,2,2,1.0,1.0
1068,183,0,0,0,0,0,0,1.0,1.0
1068,590,0,0,0,0,0,0,1.0,1.0
1068,369,0,0,0,0,0,0,1.0,1.0
1068,198,2,2,2,2,2,2,1.0,1.0
1068,235,0,0,0,0,0,0,1.0,1.0
1068,596,2,2,2,2,2,2,1.0,1.0
1068,581,1,1,1,1,1,1,1.0,1.0
1068,617,1,1,1,1,1,1,1.0,1.0
1068,224,1,1,1,1,1,1,1.0,1.0
1068,365,0,0,0,0,0,0,1.0,1.0
1068,491,2,2,2,2,2,2,1.0,1.0
1068,96,1,1,1,1,1,1,1.0,1.0
1068,554,0,0,0,0,0,0,1.0,1.0
1068,27,1,1,1,1,1,1,1.0,1.0
1068,573,1,1,1,1,1,1,1.0,1.0
1068,399,2,2,2,2,2,2,1.0,1.0
1068,412,0,0,0,0,0,0,1.0,1.0
1068,152,0,0,0,0,0,0,1.0,1.0
1068,312,0,0,0,0,0,0,1.0,1.0
1068,75,0,0,0,0,0,0,1.0,1.0
1068,327,0,0,0,0,0,0,1.0,1.0
1068,336,0,0,0,0,0,0,1.0,1.0
1068,512,0,0,0,0,0,0,1.0,1.0
1068,423,1,1,0,0,0,0,0.6,0.8
1068,666,0,0,0,0,0,0,1.0,1.0
1068,430,1,1,1,1,1,1,1.0,1.0
1068,593,1,1,1,1,1,1,1.0,1.0
1068,225,1,1,1,1,1,1,1.0,1.0
1068,46,1,1,1,1,1,1,1.0,1.0
1068,170,2,2,2,2,2,2,1.0,1.0
1068,7,0,0,0,0,0,0,1.0,1.0
1068,671,0,0,0,0,0,0,1.0,1.0
1068,109,0,0,0,0,0,0,1.0,1.0
1068,627,1,1,1,1,1,1,1.0,1.0
1068,515,2,2,2,2,2,2,1.0,1.0
1068,191,2,2,2,2,2,2,1.0,1.0
1068,216,1,1,1,1,1,1,1.0,1.0
1068,604,1,1,1,1,1,1,1.0,1.0
1068,250,0,0,0,0,0,0,1.0,1.0
1068,620,0,0,0,0,0,0,1.0,1.0
1068,294,0,0,0,0,0,0,1.0,1.0
1068,416,0,0,0,0,0,0,1.0,1.0
1068,265,2,2,2,2,2,2,1.0,1.0
1068,270,1,1,1,1,1,1,1.0,1.0
1068,731,2,2,2,2,2,2,1.0,1.0
1068,272,1,1,1,1,1,1,1.0,1.0
1068,389,1,1,1,1,1,1,1.0,1.0
1068,289,0,0,0,0,0,0,1.0,1.0
1068,160,0,0,0,0,0,0,1.0,1.0
1068,74,0,0,1,0,0,0,0.8,0.9
1068,385,2,2,2,2,2,2,1.0,1.0
1068,206,1,1,1,1,1,1,1.0,1.0
1068,251,2,2,2,2,2,2,1.0,1.0
1068,219,2,2,2,2,2,2,1.0,1.0
1068,685,0,0,0,0,0,0,1.0,1.0
1068,476,0,0,0,0,0,0,1.0,1.0
1068,621,0,0,0,0,0,0,1.0,1.0
1068,398,0,0,0,0,0,0,1.0,1.0
1068,350,0,0,0,0,0,0,1.0,1.0
1068,162,0,0,0,0,0,0,1.0,1.0
1068,316,1,1,0,0,1,1,0.6,0.8
1068,119,0,0,0,1,1,0,0.6,0.8
1068,461,0,0,0,0,0,0,1.0,1.0
1068,676,0,0,0,0,0,0,1.0,1.0
1068,739,1,1,2,1,1,1,0.8,0.9
1068,646,0,0,0,0,0,0,1.0,1.0
1068,130,1,1,1,1,1,1,1.0,1.0
1068,543,0,0,0,0,0,0,1.0,1.0
1068,531,1,1,1,1,1,1,1.0,1.0
4268,180,1,1,1,0,1,1,0.8,0.9
4268,535,1,1,1,1,1,1,1.0,1.0
4268,464,1,1,1,1,1,1,1.0,1.0
4268,216,1,1,1,2,1,1,0.8,0.9
4268,130,1,1,1,1,1,1,1.0,1.0
4268,119,1,1,1,1,1,1,1.0,1.0
4268,416,1,1,1,1,0,1,0.8,0.9
4268,109,0,0,0,0,0,0,1.0,1.0
4268,131,0,0,0,0,0,0,1.0,1.0
4268,639,2,2,2,2,2,2,1.0,1.0
4268,731,1,1,1,1,1,1,1.0,1.0
4268,592,1,1,1,1,1,1,1.0,1.0
4268,512,1,1,1,1,1,1,1.0,1.0
4268,406,2,2,2,2,2,2,1.0,1.0
4268,170,2,2,2,2,2,2,1.0,1.0
4268,165,2,2,2,2,2,2,1.0,1.0
4268,587,0,0,0,0,0,0,1.0,1.0
4268,581,1,1,1,1,1,1,1.0,1.0
4268,321,1,1,1,1,1,1,1.0,1.0
4268,596,2,2,2,2,2,2,1.0,1.0
4268,574,1,1,1,1,1,1,1.0,1.0
4268,177,1,1,1,1,1,1,1.0,1.0
4268,448,1,1,1,1,1,1,1.0,1.0
4268,198,1,1,1,1,1,1,1.0,1.0
4268,208,1,1,1,1,1,1,1.0,1.0
4268,175,1,1,1,1,1,1,1.0,1.0
4268,531,1,1,1,1,1,1,1.0,1.0
4268,461,0,0,0,0,0,0,1.0,1.0
4268,432,1,1,1,1,1,1,1.0,1.0
4268,389,2,2,2,2,2,2,1.0,1.0
4268,659,1,1,1,1,1,1,1.0,1.0
4268,604,1,1,1,1,1,1,1.0,1.0
4268,465,1,1,1,1,1,1,1.0,1.0
4268,201,1,1,1,1,1,1,1.0,1.0
4268,739,1,1,1,1,1,1,1.0,1.0
4268,316,1,1,1,1,1,1,1.0,1.0
4268,212,0,0,0,0,0,0,1.0,1.0
4268,295,1,1,1,1,1,1,1.0,1.0
4268,251,1,1,1,1,1,1,1.0,1.0
4268,272,2,2,2,2,2,2,1.0,1.0
4268,697,1,1,1,1,1,1,1.0,1.0
4268,515,1,1,1,1,1,1,1.0,1.0
4268,523,1,1,1,1,1,1,1.0,1.0
4268,710,0,0,0,0,0,0,1.0,1.0
4268,206,1,1,1,1,1,1,1.0,1.0
4268,671,1,1,1,1,1,1,1.0,1.0
4268,434,1,1,1,1,1,1,1.0,1.0
4268,191,1,1,0,1,1,1,0.8,0.9
4268,305,0,0,0,0,0,0,1.0,1.0
4268,219,1,1,1,1,1,1,1.0,1.0
4268,46,0,1,1,1,0,1,0.6,0.8
4268,722,1,1,1,1,1,1,1.0,1.0
4268,96,1,1,1,1,1,1,1.0,1.0
4268,385,1,1,1,1,1,1,1.0,1.0
4268,657,1,1,1,1,1,1,1.0,1.0
4268,220,2,2,2,2,2,2,1.0,1.0
4268,158,1,1,1,1,1,1,1.0,1.0
4268,183,0,0,0,0,0,0,1.0,1.0
4268,195,1,1,1,1,1,1,1.0,1.0
4268,491,1,1,1,1,1,1,1.0,1.0
4268,335,1,1,1,1,1,1,1.0,1.0
4268,345,2,2,2,2,2,2,1.0,1.0
4268,27,1,1,1,1,1,1,1.0,1.0
4268,424,1,1,1,1,1,1,1.0,1.0
4268,674,1,1,1,1,1,1,1.0,1.0
4268,149,1,2,2,1,1,1,0.6,0.8
4268,12,1,1,1,1,1,1,1.0,1.0
4268,303,1,1,1,1,1,1,1.0,1.0
4268,680,0,0,0,0,0,0,1.0,1.0
4268,236,2,2,2,2,2,2,1.0,1.0
1483,267,0,0,0,0,0,0,1.0,1.0
1483,604,1,1,1,1,1,1,1.0,1.0
1483,582,0,0,0,0,0,0,1.0,1.0
1483,119,0,0,0,0,0,0,1.0,1.0
1483,581,1,1,1,1,1,1,1.0,1.0
1483,487,0,0,0,0,0,0,1.0,1.0
1483,671,0,0,0,0,0,0,1.0,1.0
1483,102,0,0,0,0,0,0,1.0,1.0
1483,416,0,0,0,0,0,0,1.0,1.0
1483,739,1,1,1,1,1,1,1.0,1.0
1483,539,0,0,0,0,0,0,1.0,1.0
1483,376,0,0,0,0,0,0,1.0,1.0
1483,191,1,1,1,1,1,1,1.0,1.0
1483,109,0,0,0,0,0,0,1.0,1.0
1483,659,2,2,2,2,2,2,1.0,1.0
1483,457,0,0,0,0,0,0,1.0,1.0
1483,471,0,0,0,0,0,0,1.0,1.0
1483,385,1,1,1,1,1,1,1.0,1.0
1483,165,0,0,0,0,0,0,1.0,1.0
1483,290,2,2,2,2,2,2,1.0,1.0
1483,170,0,1,1,0,0,0,0.6,0.8
1483,46,2,2,2,2,2,2,1.0,1.0
1483,130,0,0,0,0,0,0,1.0,1.0
1483,17,0,0,0,0,0,0,1.0,1.0
1483,515,0,0,0,0,0,0,1.0,1.0
1483,512,0,0,0,0,0,0,1.0,1.0
1483,491,1,0,1,1,1,1,0.8,0.9
1483,456,0,0,0,0,0,0,1.0,1.0
1483,120,0,0,0,0,0,0,1.0,1.0
1483,587,0,0,0,0,0,0,1.0,1.0
1483,347,0,0,0,0,0,0,1.0,1.0
1483,557,0,0,0,0,0,0,1.0,1.0
1483,520,0,0,0,0,0,0,1.0,1.0
1483,669,0,0,0,0,0,0,1.0,1.0
1483,319,0,0,0,0,0,0,1.0,1.0
1483,183,1,0,0,1,1,1,0.6,0.8
1483,445,1,1,1,1,1,1,1.0,1.0
1483,71,0,0,0,1,1,0,0.6,0.8
1483,216,1,1,1,1,1,1,1.0,1.0
1483,4,0,0,0,0,0,0,1.0,1.0
1483,206,0,0,0,0,0,0,1.0,1.0
1483,704,1,1,1,1,1,1,1.0,1.0
1483,442,0,0,0,0,0,0,1.0,1.0
1483,105,0,0,0,0,0,0,1.0,1.0
1483,126,0,0,0,0,0,0,1.0,1.0
1483,531,1,1,1,1,1,1,1.0,1.0
1483,85,0,0,0,0,0,0,1.0,1.0
1483,596,1,1,1,1,1,1,1.0,1.0
1483,198,1,1,1,1,1,1,1.0,1.0
1483,637,0,0,0,0,0,0,1.0,1.0
1483,251,1,1,1,1,1,1,1.0,1.0
1483,538,0,0,0,0,0,0,1.0,1.0
1483,316,0,0,0,0,0,0,1.0,1.0
1483,474,0,0,0,0,0,0,1.0,1.0
1483,215,1,0,1,1,1,1,0.8,0.9
1483,335,0,0,0,0,0,0,1.0,1.0
1483,460,0,0,0,0,0,0,1.0,1.0
1483,517,0,0,0,0,0,0,1.0,1.0
1483,239,0,0,0,0,0,0,1.0,1.0
1483,27,1,1,1,1,1,1,1.0,1.0
1483,207,1,1,1,1,1,1,1.0,1.0
1483,107,0,0,0,0,0,0,1.0,1.0
1483,219,0,0,0,0,0,0,1.0,1.0
1483,731,1,1,1,1,1,1,1.0,1.0
1483,389,1,1,1,1,1,1,1.0,1.0
1483,537,0,0,0,0,0,0,1.0,1.0
1483,707,0,0,0,0,0,0,1.0,1.0
1483,116,1,1,1,1,1,1,1.0,1.0
1483,623,0,0,0,0,0,0,1.0,1.0
8632,503,2,2,2,2,2,2,1.0,1.0
8632,535,1,1,1,1,1,1,1.0,1.0
8632,183,0,0,0,0,0,0,1.0,1.0
8632,436,1,1,1,1,1,1,1.0,1.0
8632,671,0,0,0,0,0,0,1.0,1.0
8632,491,0,0,0,0,0,0,1.0,1.0
8632,15,0,0,0,0,0,0,1.0,1.0
8632,595,0,0,0,1,1,0,0.6,0.8
8632,416,0,0,0,0,0,0,1.0,1.0
8632,66,0,0,0,0,0,0,1.0,1.0
8632,119,2,2,2,2,2,2,1.0,1.0
8632,240,1,1,1,1,1,1,1.0,1.0
8632,277,1,1,1,1,1,1,1.0,1.0
8632,27,0,0,0,0,0,0,1.0,1.0
8632,649,0,0,0,0,0,0,1.0,1.0
8632,587,0,0,0,0,0,0,1.0,1.0
8632,489,0,0,0,0,0,0,1.0,1.0
8632,51,1,0,0,1,1,1,0.6,0.8
8632,206,1,1,1,1,1,1,1.0,1.0
8632,109,0,0,0,0,0,0,1.0,1.0
8632,153,0,0,0,0,0,0,1.0,1.0
8632,691,0,0,0,0,0,0,1.0,1.0
8632,251,1,1,1,1,1,1,1.0,1.0
8632,216,1,1,1,1,1,1,1.0,1.0
8632,654,0,0,0,0,0,0,1.0,1.0
8632,738,1,1,1,1,1,1,1.0,1.0
8632,655,0,0,0,0,0,0,1.0,1.0
8632,21,1,1,1,1,1,1,1.0,1.0
8632,170,1,1,1,1,1,1,1.0,1.0
8632,370,0,0,0,0,0,0,1.0,1.0
8632,263,1,1,1,1,1,1,1.0,1.0
8632,512,1,1,1,1,1,1,1.0,1.0
8632,604,0,0,0,0,0,0,1.0,1.0
8632,522,1,1,1,1,1,1,1.0,1.0
8632,358,1,1,1,1,1,1,1.0,1.0
8632,316,0,0,0,0,0,0,1.0,1.0
8632,385,1,1,1,1,1,1,1.0,1.0
8632,695,0,0,0,0,0,0,1.0,1.0
8632,246,0,0,0,0,0,0,1.0,1.0
8632,581,0,0,0,0,0,0,1.0,1.0
8632,9,0,0,0,0,0,0,1.0,1.0
8632,130,2,2,2,2,2,2,1.0,1.0
8632,98,0,0,0,0,0,0,1.0,1.0
8632,728,0,0,0,0,0,0,1.0,1.0
8632,739,2,2,2,2,2,2,1.0,1.0
8632,390,0,0,0,0,0,0,1.0,1.0
8632,486,0,0,0,0,0,0,1.0,1.0
8632,562,0,0,0,0,0,0,1.0,1.0
8632,531,1,1,1,1,1,1,1.0,1.0
8632,475,0,0,0,0,0,0,1.0,1.0
8632,659,1,1,1,1,1,1,1.0,1.0
8632,419,0,0,0,0,0,0,1.0,1.0
8632,165,1,1,1,1,1,1,1.0,1.0
8632,472,0,0,0,0,0,0,1.0,1.0
8632,61,1,1,1,1,1,1,1.0,1.0
8632,136,0,0,0,0,0,0,1.0,1.0
8632,242,0,0,0,0,0,0,1.0,1.0
8632,508,0,0,0,0,0,0,1.0,1.0
8632,122,0,0,0,0,0,0,1.0,1.0
8632,639,1,1,1,1,1,1,1.0,1.0
8632,645,1,1,1,1,1,1,1.0,1.0
8632,592,1,1,1,1,1,1,1.0,1.0
8632,219,0,0,0,0,0,0,1.0,1.0
8632,596,1,1,1,1,1,1,1.0,1.0
8632,484,1,1,1,1,1,1,1.0,1.0
8632,354,0,0,0,0,0,0,1.0,1.0
8632,46,1,1,1,1,1,1,1.0,1.0
8632,54,1,1,1,1,1,1,1.0,1.0
8632,150,0,0,0,0,0,0,1.0,1.0
8632,459,0,0,0,0,0,0,1.0,1.0
8632,731,1,1,1,1,1,1,1.0,1.0
8632,515,0,0,0,0,0,0,1.0,1.0
8632,191,0,0,0,0,0,0,1.0,1.0
8632,291,0,0,0,0,0,0,1.0,1.0
8632,389,0,0,0,0,0,0,1.0,1.0
8632,335,0,0,0,0,0,0,1.0,1.0
8632,198,1,1,1,1,1,1,1.0,1.0
2834,33,1,1,1,1,1,1,1.0,1.0
2834,191,1,1,1,1,1,1,1.0,1.0
2834,201,1,1,1,1,1,1,1.0,1.0
2834,515,0,0,0,0,0,0,1.0,1.0
2834,233,0,0,0,0,0,0,1.0,1.0
2834,210,0,0,0,0,0,0,1.0,1.0
2834,14,0,0,0,0,0,0,1.0,1.0
2834,389,1,0,0,0,0,0,0.8,0.9
2834,416,0,0,0,0,0,0,1.0,1.0
2834,631,1,1,1,1,1,1,1.0,1.0
2834,634,2,2,2,2,2,2,1.0,1.0
2834,335,1,1,1,1,1,1,1.0,1.0
2834,371,1,1,1,1,1,1,1.0,1.0
2834,352,2,2,2,2,2,2,1.0,1.0
2834,170,0,0,0,0,0,0,1.0,1.0
2834,385,2,2,2,2,2,2,1.0,1.0
2834,731,1,1,1,0,1,1,0.8,0.9
2834,206,2,2,2,2,2,2,1.0,1.0
2834,446,0,0,0,0,0,0,1.0,1.0
2834,581,1,1,1,1,1,1,1.0,1.0
2834,25,0,0,0,0,0,0,1.0,1.0
2834,86,0,0,0,0,0,0,1.0,1.0
2834,426,0,0,0,0,0,0,1.0,1.0
2834,609,1,1,1,1,1,1,1.0,1.0
2834,594,0,0,0,0,0,0,1.0,1.0
2834,109,0,0,0,0,0,0,1.0,1.0
2834,219,0,0,0,0,0,0,1.0,1.0
2834,163,1,0,0,1,0,0,0.6,0.8
2834,596,1,1,1,1,1,1,1.0,1.0
2834,111,1,1,1,1,1,1,1.0,1.0
2834,671,1,1,1,1,1,1,1.0,1.0
2834,165,0,0,0,0,0,0,1.0,1.0
2834,266,1,1,1,1,1,1,1.0,1.0
2834,707,1,1,1,1,1,1,1.0,1.0
2834,189,0,0,0,0,0,0,1.0,1.0
2834,587,0,0,0,0,0,0,1.0,1.0
2834,46,1,1,1,1,1,1,1.0,1.0
2834,309,1,1,1,1,1,1,1.0,1.0
2834,251,1,1,1,1,1,1,1.0,1.0
2834,568,0,0,0,0,0,0,1.0,1.0
2834,604,1,1,1,1,1,1,1.0,1.0
2834,137,0,0,0,0,0,0,1.0,1.0
2834,27,1,1,1,1,1,1,1.0,1.0
2834,116,0,0,0,0,0,0,1.0,1.0
2834,260,0,0,0,0,0,0,1.0,1.0
2834,739,2,2,2,2,2,2,1.0,1.0
2834,162,0,0,0,0,0,0,1.0,1.0
2834,2,1,1,1,1,1,1,1.0,1.0
2834,130,1,1,1,1,1,1,1.0,1.0
2834,425,0,0,0,0,0,0,1.0,1.0
2834,177,1,1,1,1,1,1,1.0,1.0
2834,183,1,1,1,1,1,1,1.0,1.0
2834,491,0,0,0,0,0,0,1.0,1.0
2834,316,1,1,1,1,1,1,1.0,1.0
2834,215,0,0,0,0,0,0,1.0,1.0
2834,512,1,1,1,1,1,1,1.0,1.0
2834,216,0,0,0,0,0,0,1.0,1.0
2834,393,1,1,1,1,1,1,1.0,1.0
2834,198,1,1,0,1,1,1,0.8,0.9
2834,405,0,0,0,0,0,0,1.0,1.0
2834,633,0,0,0,0,0,0,1.0,1.0
2834,544,1,0,0,0,1,0,0.6,0.8
2834,119,1,1,1,1,1,1,1.0,1.0
2834,638,1,1,1,1,1,1,1.0,1.0
2834,659,2,2,2,2,2,2,1.0,1.0
2834,536,1,1,1,1,1,1,1.0,1.0
2834,120,1,1,1,1,1,1,1.0,1.0
2834,531,2,2,2,2,2,2,1.0,1.0
2834,400,1,1,1,1,1,1,1.0,1.0
2834,9,0,0,0,0,0,0,1.0,1.0
9512,223,0,0,0,0,0,0,1.0,1.0
9512,512,0,0,0,0,0,0,1.0,1.0
9512,508,0,0,0,0,0,0,1.0,1.0
9512,70,0,0,0,0,0,0,1.0,1.0
9512,332,0,0,0,0,0,0,1.0,1.0
9512,246,0,0,0,0,0,0,1.0,1.0
9512,671,0,0,0,0,0,0,1.0,1.0
9512,222,0,0,0,0,0,0,1.0,1.0
9512,244,0,0,0,0,0,0,1.0,1.0
9512,610,0,0,0,0,0,0,1.0,1.0
9512,722,0,0,0,0,0,0,1.0,1.0
9512,667,0,0,0,0,0,0,1.0,1.0
9512,359,0,0,0,0,0,0,1.0,1.0
9512,567,0,0,0,0,0,0,1.0,1.0
9512,425,0,0,0,0,0,0,1.0,1.0
9512,448,0,0,0,0,0,0,1.0,1.0
9512,424,0,0,0,0,0,0,1.0,1.0
9512,289,0,0,0,0,0,0,1.0,1.0
9512,447,0,0,0,0,0,0,1.0,1.0
9512,321,0,0,0,0,0,0,1.0,1.0
9512,295,0,0,0,0,0,0,1.0,1.0
9512,229,0,0,0,0,0,0,1.0,1.0
9512,738,0,0,0,0,0,0,1.0,1.0
9512,543,0,0,0,0,0,0,1.0,1.0
9512,451,0,0,0,0,0,0,1.0,1.0
9512,245,0,0,0,0,0,0,1.0,1.0
9512,535,0,0,0,0,0,0,1.0,1.0
9512,478,0,0,0,0,0,0,1.0,1.0
9512,376,0,0,0,0,0,0,1.0,1.0
9512,188,0,0,0,0,0,0,1.0,1.0
9512,686,0,0,0,0,0,0,1.0,1.0
9512,228,0,0,0,0,0,0,1.0,1.0
9512,170,0,0,0,0,0,0,1.0,1.0
9512,475,0,1,1,0,0,0,0.6,0.8
9512,709,0,0,0,0,0,0,1.0,1.0
9512,476,0,0,0,0,0,0,1.0,1.0
9512,133,0,0,0,0,0,0,1.0,1.0
9512,480,0,0,0,0,0,0,1.0,1.0
9512,21,0,0,0,0,0,0,1.0,1.0
9512,730,0,0,0,0,0,0,1.0,1.0
9512,25,0,1,1,0,0,0,0.6,0.8
9512,125,0,0,0,0,0,0,1.0,1.0
9512,226,0,0,0,0,0,0,1.0,1.0
9512,182,0,0,0,0,0,0,1.0,1.0
9512,371,0,0,0,0,0,0,1.0,1.0
9512,124,0,0,0,0,0,0,1.0,1.0
9512,534,0,0,0,0,0,0,1.0,1.0
9512,265,0,0,0,0,0,0,1.0,1.0
9512,285,0,0,0,0,0,0,1.0,1.0
9512,261,0,0,0,0,0,0,1.0,1.0
9512,102,0,0,0,0,0,0,1.0,1.0
9512,137,0,0,0,0,0,0,1.0,1.0
9512,367,0,0,0,0,0,0,1.0,1.0
9512,122,0,0,0,0,0,0,1.0,1.0
9512,348,0,0,0,0,0,0,1.0,1.0
9512,322,0,0,0,0,0,0,1.0,1.0
9512,351,0,0,0,0,0,0,1.0,1.0
9512,135,0,0,0,0,0,0,1.0,1.0
9512,621,0,0,0,0,0,0,1.0,1.0
9512,224,0,0,0,0,0,0,1.0,1.0
9512,573,0,0,0,0,0,0,1.0,1.0
9512,108,0,0,0,0,0,0,1.0,1.0
9512,421,0,0,0,0,0,0,1.0,1.0
9512,14,0,0,0,0,0,0,1.0,1.0
9512,99,0,0,0,0,0,0,1.0,1.0
9512,537,0,0,0,0,0,0,1.0,1.0
9512,54,0,0,0,0,0,0,1.0,1.0
9512,352,0,0,0,0,0,0,1.0,1.0
9512,370,0,0,0,0,0,0,1.0,1.0
9512,88,0,0,0,0,0,0,1.0,1.0
9512,407,0,0,0,0,0,0,1.0,1.0
9512,277,0,0,0,0,0,0,1.0,1.0
9512,548,0,0,0,0,0,0,1.0,1.0
9512,469,0,0,0,0,0,0,1.0,1.0
9512,648,0,0,0,0,0,0,1.0,1.0
9512,198,0,0,0,0,0,0,1.0,1.0
9512,24,0,0,0,0,0,0,1.0,1.0
9512,107,0,0,0,0,0,0,1.0,1.0
9512,499,0,0,0,0,0,0,1.0,1.0
9512,227,0,0,0,0,0,0,1.0,1.0
7107,544,0,0,0,0,0,0,1.0,1.0
7107,100,0,0,0,0,0,0,1.0,1.0
7107,51,0,0,0,0,0,0,1.0,1.0
7107,261,0,0,0,0,0,0,1.0,1.0
7107,418,1,0,0,0,0,0,0.8,0.9
7107,712,0,0,0,0,0,0,1.0,1.0
7107,376,0,0,0,0,0,0,1.0,1.0
7107,321,0,0,0,0,0,0,1.0,1.0
7107,102,0,0,1,1,0,0,0.6,0.8
7107,235,0,0,0,0,0,0,1.0,1.0
7107,222,0,0,0,0,0,0,1.0,1.0
7107,367,0,0,0,0,0,0,1.0,1.0
7107,537,0,0,0,0,0,0,1.0,1.0
7107,686,0,0,0,0,0,0,1.0,1.0
7107,476,1,1,1,1,1,1,1.0,1.0
7107,698,0,0,0,0,0,0,1.0,1.0
7107,350,1,1,1,1,1,1,1.0,1.0
7107,182,0,0,0,0,0,0,1.0,1.0
7107,54,1,1,1,1,1,1,1.0,1.0
7107,246,1,1,1,1,1,1,1.0,1.0
7107,159,0,0,0,0,0,0,1.0,1.0
7107,25,1,1,1,1,1,1,1.0,1.0
7107,107,0,0,0,0,0,0,1.0,1.0
7107,424,0,0,0,0,0,0,1.0,1.0
7107,709,0,0,0,0,0,0,1.0,1.0
7107,106,0,0,0,0,0,0,1.0,1.0
7107,553,0,0,0,0,0,0,1.0,1.0
7107,331,0,0,0,0,0,0,1.0,1.0
7107,541,2,2,2,2,2,2,1.0,1.0
7107,412,0,0,0,0,0,0,1.0,1.0
7107,605,1,1,1,1,1,1,1.0,1.0
7107,18,2,2,2,2,2,2,1.0,1.0
7107,318,0,0,0,0,0,0,1.0,1.0
7107,429,0,0,0,0,0,0,1.0,1.0
7107,332,0,0,0,0,0,0,1.0,1.0
7107,680,0,0,0,0,0,0,1.0,1.0
7107,547,0,0,0,0,0,0,1.0,1.0
7107,125,0,0,0,0,0,0,1.0,1.0
7107,135,0,0,0,0,0,0,1.0,1.0
7107,351,0,0,0,0,0,0,1.0,1.0
7107,118,0,0,0,0,0,0,1.0,1.0
7107,189,0,0,0,0,0,0,1.0,1.0
7107,333,0,0,0,0,0,0,1.0,1.0
7107,533,0,0,0,0,0,0,1.0,1.0
7107,208,0,0,0,0,0,0,1.0,1.0
7107,649,1,1,0,1,1,1,0.8,0.9
7107,536,0,0,0,0,0,0,1.0,1.0
7107,455,0,0,0,0,0,0,1.0,1.0
7107,236,0,0,0,0,0,0,1.0,1.0
7107,129,0,0,0,0,0,0,1.0,1.0
7107,359,0,0,0,0,0,0,1.0,1.0
7107,454,0,0,0,0,0,0,1.0,1.0
7107,498,0,0,0,0,0,0,1.0,1.0
7107,648,0,0,0,0,0,0,1.0,1.0
7107,713,0,0,0,0,0,0,1.0,1.0
7107,589,0,0,0,0,0,0,1.0,1.0
7107,289,0,0,0,0,0,0,1.0,1.0
7107,518,0,0,0,0,0,0,1.0,1.0
7107,497,1,1,1,1,1,1,1.0,1.0
7107,88,1,1,1,1,1,1,1.0,1.0
7107,15,0,0,0,0,0,0,1.0,1.0
7107,640,0,0,0,0,0,0,1.0,1.0
7107,404,0,0,0,0,0,0,1.0,1.0
7107,224,1,1,1,1,1,1,1.0,1.0
7107,277,0,0,0,0,0,0,1.0,1.0
7107,231,0,0,0,0,0,0,1.0,1.0
7107,615,0,0,0,0,0,0,1.0,1.0
7107,462,0,0,0,0,0,0,1.0,1.0
7107,163,0,0,0,0,0,0,1.0,1.0
7107,684,0,0,0,0,0,0,1.0,1.0
7107,378,0,0,0,0,0,0,1.0,1.0
7107,285,0,0,0,0,0,0,1.0,1.0
7107,348,0,0,0,0,0,0,1.0,1.0
7107,581,0,0,0,0,0,0,1.0,1.0
7107,99,0,0,0,0,0,0,1.0,1.0
7107,184,0,0,0,0,0,0,1.0,1.0
7107,508,0,0,0,0,0,0,1.0,1.0
7107,245,0,0,0,0,0,0,1.0,1.0
7526,711,1,1,1,1,1,1,1.0,1.0
7526,105,0,0,0,0,0,0,1.0,1.0
7526,88,0,0,0,0,0,0,1.0,1.0
7526,3,0,0,0,0,0,0,1.0,1.0
7526,18,0,0,0,0,0,0,1.0,1.0
7526,388,0,0,0,0,0,0,1.0,1.0
7526,593,0,0,0,0,0,0,1.0,1.0
7526,476,0,0,0,0,0,0,1.0,1.0
7526,79,0,0,0,0,0,0,1.0,1.0
7526,536,0,0,0,0,0,0,1.0,1.0
7526,546,0,0,0,0,0,0,1.0,1.0
7526,523,0,0,0,0,0,0,1.0,1.0
7526,51,1,1,1,1,1,1,1.0,1.0
7526,734,0,0,0,0,0,0,1.0,1.0
7526,537,0,0,0,0,0,0,1.0,1.0
7526,589,0,0,0,0,0,0,1.0,1.0
7526,330,0,0,0,0,0,0,1.0,1.0
7526,640,0,0,0,0,0,0,1.0,1.0
7526,53,0,0,0,0,0,0,1.0,1.0
7526,529,0,0,0,0,0,0,1.0,1.0
7526,649,1,1,1,1,1,1,1.0,1.0
7526,583,0,0,0,0,0,0,1.0,1.0
7526,351,0,0,0,0,0,0,1.0,1.0
7526,427,0,0,0,0,0,0,1.0,1.0
7526,556,0,0,0,0,0,0,1.0,1.0
7526,418,0,0,0,0,0,0,1.0,1.0
7526,100,0,0,0,0,0,0,1.0,1.0
7526,498,0,0,0,0,0,0,1.0,1.0
7526,332,0,0,0,0,0,0,1.0,1.0
7526,289,1,1,1,1,1,1,1.0,1.0
7526,118,0,0,0,0,0,0,1.0,1.0
7526,449,1,1,1,1,1,1,1.0,1.0
7526,369,0,0,0,0,0,0,1.0,1.0
7526,533,0,0,0,0,0,0,1.0,1.0
7526,371,0,0,0,0,0,0,1.0,1.0
7526,334,0,0,0,0,0,0,1.0,1.0
7526,424,0,0,0,0,0,0,1.0,1.0
7526,646,0,0,0,0,0,0,1.0,1.0
7526,470,0,0,0,0,0,0,1.0,1.0
7526,668,0,0,0,0,0,0,1.0,1.0
7526,277,0,0,0,0,0,0,1.0,1.0
7526,423,1,1,1,1,1,1,1.0,1.0
7526,208,0,0,0,0,0,0,1.0,1.0
7526,712,0,0,0,0,0,0,1.0,1.0
7526,530,0,0,0,0,0,0,1.0,1.0
7526,77,0,0,0,0,0,0,1.0,1.0
7526,226,0,0,0,0,0,0,1.0,1.0
7526,38,0,0,0,0,0,0,1.0,1.0
7526,713,0,0,0,0,0,0,1.0,1.0
7526,527,0,0,0,0,0,0,1.0,1.0
7526,161,0,0,0,0,0,0,1.0,1.0
7526,119,0,0,0,0,0,0,1.0,1.0
7526,554,0,0,0,0,0,0,1.0,1.0
7526,62,0,0,0,0,0,0,1.0,1.0
7526,408,0,0,0,0,0,0,1.0,1.0
7526,285,0,0,0,0,0,0,1.0,1.0
7526,547,0,0,0,0,0,0,1.0,1.0
7526,185,1,0,1,1,0,1,0.6,0.8
7526,404,0,0,0,0,0,0,1.0,1.0
7526,648,0,0,0,0,0,0,1.0,1.0
7526,350,0,0,0,0,0,0,1.0,1.0
7526,15,0,0,0,0,0,0,1.0,1.0
7526,636,0,0,0,0,0,0,1.0,1.0
7526,296,0,0,0,0,0,0,1.0,1.0
7547,589,0,0,0,0,0,0,1.0,1.0
7547,191,0,0,0,0,0,0,1.0,1.0
7547,113,0,0,1,1,1,1,0.6,0.8
7547,481,0,0,1,1,1,1,0.6,0.8
7547,552,0,0,0,0,0,0,1.0,1.0
7547,536,0,0,0,0,0,0,1.0,1.0
7547,69,1,1,1,1,1,1,1.0,1.0
7547,359,0,0,0,0,0,0,1.0,1.0
7547,18,2,2,2,2,2,2,1.0,1.0
7547,345,0,0,0,0,0,0,1.0,1.0
7547,221,0,0,0,0,0,0,1.0,1.0
7547,241,0,0,0,0,0,0,1.0,1.0
7547,118,1,1,1,1,1,1,1.0,1.0
7547,410,2,2,2,2,2,2,1.0,1.0
7547,672,0,0,0,0,0,0,1.0,1.0
7547,350,2,2,2,2,2,2,1.0,1.0
7547,167,0,0,0,0,0,0,1.0,1.0
7547,456,0,0,0,0,0,0,1.0,1.0
7547,276,0,0,0,0,0,0,1.0,1.0
7547,370,2,2,2,2,2,2,1.0,1.0
7547,475,1,1,1,1,1,1,1.0,1.0
7547,494,0,0,0,0,0,0,1.0,1.0
7547,223,1,1,1,1,1,1,1.0,1.0
7547,348,1,1,1,1,1,1,1.0,1.0
7547,439,0,0,0,0,0,0,1.0,1.0
7547,478,2,2,2,2,2,2,1.0,1.0
7547,453,0,0,0,0,0,0,1.0,1.0
7547,111,0,0,0,0,0,0,1.0,1.0
7547,367,1,1,1,2,2,1,0.6,0.8
7547,626,1,1,1,1,1,1,1.0,1.0
7547,135,1,1,1,1,1,1,1.0,1.0
7547,55,1,1,1,1,1,1,1.0,1.0
7547,729,1,1,1,1,1,1,1.0,1.0
7547,508,0,0,0,0,0,0,1.0,1.0
7547,16,2,2,2,2,2,2,1.0,1.0
7547,383,1,1,1,1,1,1,1.0,1.0
7547,246,1,1,1,1,1,1,1.0,1.0
7547,404,0,0,0,0,0,0,1.0,1.0
7547,321,0,0,0,0,0,0,1.0,1.0
7547,403,0,0,0,0,0,0,1.0,1.0
7547,222,0,0,0,0,0,0,1.0,1.0
7547,96,2,2,2,2,2,2,1.0,1.0
7547,208,1,1,1,1,1,1,1.0,1.0
7547,418,1,1,1,1,1,1,1.0,1.0
7547,533,0,0,0,0,0,0,1.0,1.0
7547,107,1,1,1,1,1,1,1.0,1.0
7547,661,0,0,0,0,0,0,1.0,1.0
7547,51,1,1,1,1,1,1,1.0,1.0
7547,112,0,0,0,0,0,0,1.0,1.0
7547,637,0,0,0,0,0,0,1.0,1.0
7547,458,2,2,2,2,2,2,1.0,1.0
7547,488,2,2,2,2,2,2,1.0,1.0
7547,25,1,1,1,1,1,1,1.0,1.0
7547,68,2,2,2,2,2,2,1.0,1.0
7547,100,0,0,0,0,0,0,1.0,1.0
7547,102,2,2,2,2,2,2,1.0,1.0
7547,615,2,2,2,2,2,2,1.0,1.0
7547,56,0,0,0,0,0,0,1.0,1.0
7547,205,0,0,0,0,0,0,1.0,1.0
7547,591,0,0,0,0,0,0,1.0,1.0
7547,73,0,0,0,0,0,0,1.0,1.0
7547,182,2,2,2,2,2,2,1.0,1.0
7547,104,0,0,0,0,0,0,1.0,1.0
7547,490,0,0,0,0,0,0,1.0,1.0
7547,245,0,0,0,0,0,0,1.0,1.0
7547,713,0,0,0,0,0,0,1.0,1.0
7547,640,0,0,0,0,0,0,1.0,1.0
7547,498,0,0,0,0,0,0,1.0,1.0
7547,54,2,2,2,2,2,2,1.0,1.0
7547,420,0,0,0,0,0,0,1.0,1.0
7547,325,0,0,0,0,0,0,1.0,1.0
7547,331,2,2,2,2,2,2,1.0,1.0
7547,727,0,0,0,0,0,0,1.0,1.0
7547,229,1,1,1,1,1,1,1.0,1.0
7547,432,0,0,0,0,0,0,1.0,1.0
7547,709,0,0,0,0,0,0,1.0,1.0
7547,261,0,0,0,0,0,0,1.0,1.0
7547,316,2,2,2,2,2,2,1.0,1.0
7547,226,2,2,2,2,2,2,1.0,1.0
7547,376,0,0,0,0,0,0,1.0,1.0
9337,100,0,0,0,0,0,0,1.0,1.0
9337,51,0,0,0,0,0,0,1.0,1.0
9337,387,0,0,0,0,0,0,1.0,1.0
9337,285,0,0,0,0,0,0,1.0,1.0
9337,348,0,0,0,0,0,0,1.0,1.0
9337,135,1,1,1,1,1,1,1.0,1.0
9337,18,2,2,2,2,2,2,1.0,1.0
9337,632,0,0,0,0,0,0,1.0,1.0
9337,404,0,0,0,0,0,0,1.0,1.0
9337,648,0,0,0,0,0,0,1.0,1.0
9337,88,0,0,0,0,0,0,1.0,1.0
9337,245,0,0,0,0,0,0,1.0,1.0
9337,311,0,0,0,0,0,0,1.0,1.0
9337,418,1,1,1,1,1,1,1.0,1.0
9337,107,0,0,0,0,0,0,1.0,1.0
9337,327,0,0,0,0,0,0,1.0,1.0
9337,547,0,0,0,0,0,0,1.0,1.0
9337,359,0,1,1,1,1,1,0.8,0.9
9337,261,0,0,0,0,0,0,1.0,1.0
9337,508,0,0,0,0,0,0,1.0,1.0
9337,197,1,1,1,1,1,1,1.0,1.0
9337,287,0,0,0,0,0,0,1.0,1.0
9337,316,1,1,1,1,1,1,1.0,1.0
9337,713,0,0,0,0,0,0,1.0,1.0
9337,118,0,0,0,0,0,0,1.0,1.0
9337,559,1,1,1,1,0,1,0.8,0.9
9337,520,0,0,0,0,0,0,1.0,1.0
9337,681,0,0,0,0,0,0,1.0,1.0
9337,350,1,1,1,1,1,1,1.0,1.0
9337,333,0,0,0,0,0,0,1.0,1.0
9337,301,0,0,0,0,0,0,1.0,1.0
9337,345,0,0,0,0,0,0,1.0,1.0
9337,332,0,0,0,0,0,0,1.0,1.0
9337,428,0,0,0,0,0,0,1.0,1.0
9337,649,0,0,0,0,0,0,1.0,1.0
9337,400,0,0,0,0,0,0,1.0,1.0
9337,533,0,0,0,0,0,0,1.0,1.0
9337,331,0,0,0,0,0,0,1.0,1.0
9337,35,0,0,0,0,0,0,1.0,1.0
9337,498,0,0,0,0,0,0,1.0,1.0
9337,208,1,1,1,1,1,1,1.0,1.0
9337,578,0,1,1,1,1,1,0.8,0.9
9337,625,0,0,0,0,0,0,1.0,1.0
9337,558,0,0,0,0,0,0,1.0,1.0
9337,712,0,0,0,0,0,0,1.0,1.0
9337,321,0,0,0,0,0,0,1.0,1.0
9337,501,0,0,0,0,0,0,1.0,1.0
9337,182,1,1,1,1,1,1,1.0,1.0
9337,424,0,0,0,0,0,0,1.0,1.0
9337,639,0,0,0,0,0,0,1.0,1.0
9337,225,0,0,0,0,0,0,1.0,1.0
9337,125,0,0,0,0,0,0,1.0,1.0
9337,554,0,0,0,0,0,0,1.0,1.0
9337,476,0,1,1,1,1,1,0.8,0.9
9337,537,0,0,0,0,0,0,1.0,1.0
9337,52,0,0,0,0,0,0,1.0,1.0
9337,289,0,0,0,0,0,0,1.0,1.0
9337,132,0,0,0,0,0,0,1.0,1.0
9337,224,1,1,1,1,1,1,1.0,1.0
9337,222,0,0,0,0,0,0,1.0,1.0
4452,367,0,0,0,0,0,0,1.0,1.0
4452,285,0,0,0,0,0,0,1.0,1.0
4452,102,0,0,0,0,0,0,1.0,1.0
4452,480,0,0,0,0,0,0,1.0,1.0
4452,107,0,0,0,0,0,0,1.0,1.0
4452,294,0,0,0,0,0,0,1.0,1.0
4452,2,0,0,0,0,0,0,1.0,1.0
4452,533,0,0,0,0,0,0,1.0,1.0
4452,259,0,0,0,0,0,0,1.0,1.0
4452,586,0,0,0,0,0,0,1.0,1.0
4452,547,0,0,0,0,0,0,1.0,1.0
4452,432,0,0,0,0,0,0,1.0,1.0
4452,173,0,0,0,0,0,0,1.0,1.0
4452,6,0,0,0,0,0,0,1.0,1.0
4452,350,1,1,1,1,1,1,1.0,1.0
4452,23,0,0,0,0,0,0,1.0,1.0
4452,243,0,0,0,0,0,0,1.0,1.0
4452,254,1,0,1,0,0,0,0.6,0.8
4452,208,0,0,0,0,0,0,1.0,1.0
4452,436,0,0,0,0,0,0,1.0,1.0
4452,712,0,0,0,0,0,0,1.0,1.0
4452,96,0,0,0,0,0,0,1.0,1.0
4452,548,0,0,0,0,0,0,1.0,1.0
4452,323,0,0,0,0,0,0,1.0,1.0
4452,7,0,0,0,0,0,0,1.0,1.0
4452,277,0,0,0,0,0,0,1.0,1.0
4452,536,0,0,0,0,0,0,1.0,1.0
4452,232,0,0,0,0,0,0,1.0,1.0
4452,589,0,0,0,0,0,0,1.0,1.0
4452,77,0,0,0,0,0,0,1.0,1.0
4452,191,0,0,0,0,0,0,1.0,1.0
4452,671,0,0,0,0,0,0,1.0,1.0
4452,423,1,1,1,1,1,1,1.0,1.0
4452,246,0,0,0,0,0,0,1.0,1.0
4452,713,0,0,0,0,0,0,1.0,1.0
4452,659,0,0,0,0,0,0,1.0,1.0
4452,537,0,0,0,0,0,0,1.0,1.0
4452,224,1,1,1,1,1,1,1.0,1.0
4452,709,0,0,0,0,0,0,1.0,1.0
4452,640,0,0,0,0,0,0,1.0,1.0
4452,211,0,0,0,0,0,0,1.0,1.0
4452,351,0,0,0,0,0,0,1.0,1.0
4452,135,0,0,0,0,0,0,1.0,1.0
4452,58,0,0,0,0,0,0,1.0,1.0
4452,222,0,0,0,0,0,0,1.0,1.0
4452,125,0,0,0,0,0,0,1.0,1.0
4452,216,0,0,0,0,0,0,1.0,1.0
4452,50,0,0,0,0,0,0,1.0,1.0
4452,283,0,0,0,0,0,0,1.0,1.0
4452,25,0,0,0,0,0,0,1.0,1.0
4452,347,0,0,0,0,0,0,1.0,1.0
4452,317,0,0,0,0,0,0,1.0,1.0
4452,424,0,0,0,0,0,0,1.0,1.0
4452,54,0,0,1,1,1,1,0.6,0.8
4452,542,0,0,0,0,0,0,1.0,1.0
4452,143,0,0,0,0,0,0,1.0,1.0
4452,435,0,0,0,0,0,0,1.0,1.0
4452,687,0,0,0,0,0,0,1.0,1.0
4452,418,0,0,0,0,0,0,1.0,1.0
4452,332,0,0,0,0,0,0,1.0,1.0
4452,182,1,1,1,1,1,1,1.0,1.0
4452,261,0,0,0,0,0,0,1.0,1.0
4452,449,0,0,0,0,0,0,1.0,1.0
4452,366,0,0,0,0,0,0,1.0,1.0
4452,174,0,0,0,0,0,0,1.0,1.0
4452,51,0,0,0,0,0,0,1.0,1.0
4452,348,0,0,0,0,0,0,1.0,1.0
4452,495,0,0,0,0,0,0,1.0,1.0
4452,497,1,1,1,1,1,1,1.0,1.0
4452,565,0,0,0,0,0,0,1.0,1.0
4452,607,0,0,0,0,0,0,1.0,1.0
4452,376,0,0,0,0,0,0,1.0,1.0
4452,476,0,0,0,0,0,0,1.0,1.0
4452,289,0,0,0,0,0,0,1.0,1.0
4452,508,0,0,0,0,0,0,1.0,1.0
4452,498,0,0,0,0,0,0,1.0,1.0
4452,245,0,0,0,0,0,0,1.0,1.0
4452,454,0,0,0,0,0,0,1.0,1.0
4452,696,0,0,0,0,0,0,1.0,1.0
4452,100,0,0,0,0,0,0,1.0,1.0
4452,715,0,0,0,0,0,0,1.0,1.0
4452,612,0,0,1,0,1,0,0.6,0.8
4452,648,0,0,0,0,0,0,1.0,1.0
5684,367,0,0,0,0,0,0,1.0,1.0
5684,20,1,1,1,1,1,1,1.0,1.0
5684,321,0,0,0,0,0,0,1.0,1.0
5684,467,2,2,2,2,2,2,1.0,1.0
5684,190,0,0,0,0,0,0,1.0,1.0
5684,519,0,1,0,1,1,1,0.6,0.8
5684,589,1,1,1,1,1,1,1.0,1.0
5684,133,0,0,0,0,0,0,1.0,1.0
5684,450,0,0,0,0,0,0,1.0,1.0
5684,640,0,0,0,0,0,0,1.0,1.0
5684,71,0,0,0,0,0,0,1.0,1.0
5684,678,1,1,1,1,1,1,1.0,1.0
5684,219,0,0,0,0,0,0,1.0,1.0
5684,537,0,0,0,0,0,0,1.0,1.0
5684,33,1,1,1,1,1,1,1.0,1.0
5684,274,1,1,1,1,1,1,1.0,1.0
5684,16,1,1,1,1,1,1,1.0,1.0
5684,654,0,0,0,0,0,0,1.0,1.0
5684,88,0,0,0,0,0,0,1.0,1.0
5684,102,1,1,1,1,1,1,1.0,1.0
5684,224,1,1,1,1,1,1,1.0,1.0
5684,122,1,1,1,1,1,1,1.0,1.0
5684,625,0,0,0,0,0,0,1.0,1.0
5684,455,1,1,1,1,1,1,1.0,1.0
5684,57,0,0,0,0,0,0,1.0,1.0
5684,547,0,0,0,0,0,0,1.0,1.0
5684,156,1,1,1,1,1,1,1.0,1.0
5684,325,0,0,1,1,0,0,0.6,0.8
5684,297,0,0,0,0,0,0,1.0,1.0
5684,329,0,0,0,0,0,0,1.0,1.0
5684,712,1,1,1,1,1,1,1.0,1.0
5684,389,0,0,0,0,0,0,1.0,1.0
5684,118,1,1,1,1,1,1,1.0,1.0
5684,52,1,1,1,1,1,1,1.0,1.0
5684,124,1,1,1,1,1,1,1.0,1.0
5684,592,1,1,1,1,1,1,1.0,1.0
5684,582,0,1,1,1,1,1,0.8,0.9
5684,161,0,0,0,0,0,0,1.0,1.0
5684,348,0,0,0,0,0,0,1.0,1.0
5684,392,1,1,1,1,1,1,1.0,1.0
5684,508,0,0,0,0,0,0,1.0,1.0
5684,140,1,1,1,1,1,1,1.0,1.0
5684,736,0,0,0,0,0,0,1.0,1.0
5684,312,0,0,0,0,0,0,1.0,1.0
5684,671,0,1,1,1,1,1,0.8,0.9
5684,72,1,1,1,1,1,1,1.0,1.0
5684,54,1,1,1,1,1,1,1.0,1.0
5684,583,1,1,1,0,1,1,0.8,0.9
5684,479,0,0,0,0,0,0,1.0,1.0
5684,418,0,0,0,0,0,0,1.0,1.0
5684,277,0,0,0,0,0,0,1.0,1.0
5684,376,0,0,0,0,0,0,1.0,1.0
5684,18,0,0,0,0,0,0,1.0,1.0
5684,470,1,0,1,1,1,1,0.8,0.9
5684,613,0,0,0,0,0,0,1.0,1.0
5684,709,1,1,1,1,1,1,1.0,1.0
5684,25,0,0,0,0,0,0,1.0,1.0
5684,351,1,0,0,0,0,0,0.8,0.9
5684,368,1,1,1,1,1,1,1.0,1.0
5684,623,0,0,0,0,0,0,1.0,1.0
5684,359,0,0,0,0,0,0,1.0,1.0
5684,246,1,1,1,1,1,1,1.0,1.0
5684,404,0,0,0,0,0,0,1.0,1.0
5684,536,0,0,0,0,0,0,1.0,1.0
5684,125,0,0,0,0,0,0,1.0,1.0
5684,42,0,0,0,0,0,0,1.0,1.0
5684,636,0,0,0,0,0,0,1.0,1.0
5684,416,0,0,0,0,0,0,1.0,1.0
5684,733,1,1,1,1,1,1,1.0,1.0
2217,640,0,0,0,0,0,0,1.0,1.0
2217,53,0,0,0,0,0,0,1.0,1.0
2217,713,0,0,0,0,0,0,1.0,1.0
2217,390,0,0,0,0,0,0,1.0,1.0
2217,266,0,0,0,0,0,0,1.0,1.0
2217,54,0,0,0,0,0,0,1.0,1.0
2217,533,0,0,0,0,0,0,1.0,1.0
2217,203,0,0,0,0,0,0,1.0,1.0
2217,178,0,0,0,0,0,0,1.0,1.0
2217,364,0,0,0,0,0,0,1.0,1.0
2217,669,0,0,0,0,0,0,1.0,1.0
2217,648,0,0,0,0,0,0,1.0,1.0
2217,530,0,0,0,0,0,0,1.0,1.0
2217,435,0,0,0,0,0,0,1.0,1.0
2217,376,0,0,0,0,0,0,1.0,1.0
2217,285,0,0,0,0,0,0,1.0,1.0
2217,483,0,0,0,0,0,0,1.0,1.0
2217,34,0,0,0,0,0,0,1.0,1.0
2217,119,0,0,0,0,0,0,1.0,1.0
2217,536,0,0,0,0,0,0,1.0,1.0
2217,321,0,0,0,0,0,0,1.0,1.0
2217,553,0,0,0,0,0,0,1.0,1.0
2217,102,0,0,0,0,0,0,1.0,1.0
2217,348,0,0,0,0,0,0,1.0,1.0
2217,135,0,0,0,0,0,0,1.0,1.0
2217,118,0,0,0,0,0,0,1.0,1.0
2217,725,0,0,0,0,0,0,1.0,1.0
2217,88,0,0,0,0,0,0,1.0,1.0
2217,501,0,0,0,0,0,0,1.0,1.0
2217,18,2,2,2,2,2,2,1.0,1.0
2217,35,0,0,0,0,0,0,1.0,1.0
2217,476,0,0,0,0,0,0,1.0,1.0
2217,537,0,0,0,0,0,0,1.0,1.0
2217,498,0,0,0,0,0,0,1.0,1.0
2217,404,0,0,0,0,0,0,1.0,1.0
2217,238,0,0,0,0,0,0,1.0,1.0
2217,224,1,1,1,1,1,1,1.0,1.0
2217,418,0,0,0,0,0,0,1.0,1.0
2217,227,0,0,0,0,0,0,1.0,1.0
2217,222,0,0,0,0,0,0,1.0,1.0
2217,246,0,0,0,1,0,0,0.8,0.9
2217,261,0,0,0,0,0,0,1.0,1.0
2217,100,0,0,0,0,0,0,1.0,1.0
2217,613,0,0,0,0,0,0,1.0,1.0
2217,728,0,0,0,0,0,0,1.0,1.0
2217,295,0,0,0,0,0,0,1.0,1.0
2217,497,1,1,1,1,1,1,1.0,1.0
2217,471,0,0,0,0,0,0,1.0,1.0
2217,712,0,0,0,0,0,0,1.0,1.0
2217,332,0,0,0,0,0,0,1.0,1.0
2217,103,0,0,0,0,0,0,1.0,1.0
2217,461,0,0,0,0,0,0,1.0,1.0
2217,424,0,0,0,0,0,0,1.0,1.0
2217,289,0,0,0,0,0,0,1.0,1.0
2217,414,0,0,0,0,0,0,1.0,1.0
2217,245,0,0,0,0,0,0,1.0,1.0
2217,584,0,0,0,0,0,0,1.0,1.0
2217,25,1,1,1,1,1,1,1.0,1.0
2217,680,0,0,0,0,0,0,1.0,1.0
2217,108,0,0,0,0,0,0,1.0,1.0
2217,367,0,0,0,0,0,0,1.0,1.0
2217,709,0,0,0,0,0,0,1.0,1.0
2217,277,0,0,0,0,0,0,1.0,1.0
2217,215,0,0,0,0,0,0,1.0,1.0
2217,125,0,0,0,0,0,0,1.0,1.0
2217,407,0,0,0,0,0,0,1.0,1.0
2217,589,0,0,0,0,0,0,1.0,1.0
2217,192,0,0,0,0,0,0,1.0,1.0
2217,107,0,0,0,0,0,0,1.0,1.0
2217,51,0,0,0,0,0,0,1.0,1.0
2217,37,0,0,0,0,0,0,1.0,1.0
2217,241,0,0,0,0,0,0,1.0,1.0
2217,644,0,0,0,0,0,0,1.0,1.0
2217,561,1,1,1,0,0,1,0.6,0.8
2217,132,0,0,0,0,0,0,1.0,1.0
2217,228,0,0,0,0,0,0,1.0,1.0
2217,350,1,1,1,1,1,1,1.0,1.0
2217,73,0,0,0,0,0,0,1.0,1.0
2217,182,0,0,0,0,0,0,1.0,1.0
2217,208,0,0,0,0,0,0,1.0,1.0
2217,359,0,0,0,0,0,0,1.0,1.0
2217,342,0,0,0,0,0,0,1.0,1.0
2217,351,0,0,0,0,0,0,1.0,1.0
2217,547,0,0,0,0,0,0,1.0,1.0
2217,508,0,0,0,0,0,0,1.0,1.0
6906,529,0,0,0,0,0,0,1.0,1.0
6906,85,0,0,0,0,0,0,1.0,1.0
6906,638,0,0,0,0,0,0,1.0,1.0
6906,187,0,0,0,0,0,0,1.0,1.0
6906,332,0,0,0,0,0,0,1.0,1.0
6906,318,0,0,0,0,0,0,1.0,1.0
6906,658,0,0,0,0,0,0,1.0,1.0
6906,97,0,0,0,0,0,0,1.0,1.0
6906,547,0,0,0,0,0,0,1.0,1.0
6906,61,0,0,0,0,0,0,1.0,1.0
6906,50,0,0,0,0,0,0,1.0,1.0
6906,398,0,0,0,0,0,0,1.0,1.0
6906,627,0,0,0,0,0,0,1.0,1.0
6906,207,0,0,0,0,0,0,1.0,1.0
6906,739,0,0,0,0,0,0,1.0,1.0
6906,536,0,0,0,0,0,0,1.0,1.0
6906,118,0,0,0,0,0,0,1.0,1.0
6906,100,0,0,0,0,0,0,1.0,1.0
6906,608,0,0,0,0,0,0,1.0,1.0
6906,402,0,0,0,0,0,0,1.0,1.0
6906,182,0,0,0,0,0,0,1.0,1.0
6906,740,0,0,0,0,0,0,1.0,1.0
6906,224,1,1,1,1,1,1,1.0,1.0
6906,549,0,0,0,0,0,0,1.0,1.0
6906,713,0,0,0,0,0,0,1.0,1.0
6906,500,0,0,0,0,0,0,1.0,1.0
6906,106,0,0,0,0,0,0,1.0,1.0
6906,339,0,0,0,0,0,0,1.0,1.0
6906,238,0,0,0,0,0,0,1.0,1.0
6906,422,0,0,0,0,0,0,1.0,1.0
6906,54,0,0,0,0,0,0,1.0,1.0
6906,485,0,0,0,0,0,0,1.0,1.0
6906,359,0,0,0,0,0,0,1.0,1.0
6906,25,0,0,0,0,0,0,1.0,1.0
6906,498,0,0,0,0,0,0,1.0,1.0
6906,11,0,0,0,0,0,0,1.0,1.0
6906,342,0,0,0,0,0,0,1.0,1.0
6906,424,0,0,0,0,0,0,1.0,1.0
6906,35,0,0,0,0,0,0,1.0,1.0
6906,376,0,0,0,0,0,0,1.0,1.0
6906,283,0,0,0,0,0,0,1.0,1.0
6906,277,0,0,0,0,0,0,1.0,1.0
6906,648,0,0,0,0,0,0,1.0,1.0
6906,367,0,0,0,0,0,0,1.0,1.0
6906,734,0,0,0,0,0,0,1.0,1.0
6906,321,0,0,0,0,0,0,1.0,1.0
6906,13,0,0,0,0,0,0,1.0,1.0
6906,350,0,0,0,0,0,0,1.0,1.0
6906,404,0,0,0,0,0,0,1.0,1.0
6906,200,0,0,0,0,0,0,1.0,1.0
6906,208,0,0,0,0,0,0,1.0,1.0
6906,727,0,0,0,0,0,0,1.0,1.0
6906,245,0,0,0,0,0,0,1.0,1.0
6906,28,0,0,0,0,0,0,1.0,1.0
6906,221,0,0,0,0,0,0,1.0,1.0
6906,595,0,0,0,0,0,0,1.0,1.0
6906,297,0,0,0,0,0,0,1.0,1.0
6906,726,0,0,0,0,0,0,1.0,1.0
6906,289,0,0,0,0,0,0,1.0,1.0
6906,640,0,0,0,0,0,0,1.0,1.0
6906,589,0,0,0,0,0,0,1.0,1.0
6906,637,0,0,0,0,0,0,1.0,1.0
6906,450,0,0,0,0,0,0,1.0,1.0
6906,319,0,0,0,0,0,0,1.0,1.0
6906,246,0,0,0,0,0,0,1.0,1.0
6906,149,0,0,0,0,0,0,1.0,1.0
6906,222,0,0,0,0,0,0,1.0,1.0
6906,714,0,0,0,0,0,0,1.0,1.0
6906,480,0,0,0,0,0,0,1.0,1.0
6906,135,0,0,0,0,0,0,1.0,1.0
6906,546,0,0,0,0,0,0,1.0,1.0
6906,557,0,0,0,0,0,0,1.0,1.0
6906,520,0,0,0,0,0,0,1.0,1.0
6906,599,0,0,0,0,0,0,1.0,1.0
6906,712,0,0,0,0,0,0,1.0,1.0
6906,107,0,0,0,0,0,0,1.0,1.0
4111,125,0,0,0,0,0,0,1.0,1.0
4111,295,0,0,0,0,0,0,1.0,1.0
4111,712,0,0,0,0,0,0,1.0,1.0
4111,498,0,0,0,0,0,0,1.0,1.0
4111,708,1,1,1,1,1,1,1.0,1.0
4111,88,0,0,0,0,0,0,1.0,1.0
4111,589,0,0,0,0,0,0,1.0,1.0
4111,321,0,0,0,0,0,0,1.0,1.0
4111,376,0,0,0,0,0,0,1.0,1.0
4111,367,0,0,0,0,0,0,1.0,1.0
4111,118,0,0,0,0,0,0,1.0,1.0
4111,135,0,0,0,0,0,0,1.0,1.0
4111,424,0,0,0,0,0,0,1.0,1.0
4111,246,0,0,0,0,0,0,1.0,1.0
4111,730,0,0,0,0,0,0,1.0,1.0
4111,352,0,0,0,0,0,0,1.0,1.0
4111,204,0,0,0,0,0,0,1.0,1.0
4111,2,0,0,0,0,0,0,1.0,1.0
4111,434,0,0,0,0,0,0,1.0,1.0
4111,359,0,0,0,0,0,0,1.0,1.0
4111,547,0,0,0,0,0,0,1.0,1.0
4111,640,0,0,0,0,0,0,1.0,1.0
4111,351,0,0,0,0,0,0,1.0,1.0
4111,222,0,0,0,0,0,0,1.0,1.0
4111,533,0,0,0,0,0,0,1.0,1.0
4111,664,0,0,0,0,0,0,1.0,1.0
4111,33,1,1,1,1,1,1,1.0,1.0
4111,301,0,0,0,0,0,0,1.0,1.0
4111,350,0,1,1,1,0,1,0.6,0.8
4111,245,0,0,0,0,0,0,1.0,1.0
4111,527,0,0,0,0,0,0,1.0,1.0
4111,476,0,0,0,0,0,0,1.0,1.0
4111,620,0,0,0,0,0,0,1.0,1.0
4111,419,0,0,0,0,0,0,1.0,1.0
4111,503,0,0,0,0,0,0,1.0,1.0
4111,102,1,1,1,1,1,1,1.0,1.0
4111,54,0,0,0,0,0,0,1.0,1.0
4111,536,0,0,0,0,0,0,1.0,1.0
4111,702,0,0,0,0,0,0,1.0,1.0
4111,250,0,0,0,0,0,0,1.0,1.0
4111,484,0,0,0,0,0,0,1.0,1.0
4111,107,0,0,0,0,0,0,1.0,1.0
4111,100,0,0,0,0,0,0,1.0,1.0
4111,86,0,0,0,0,0,0,1.0,1.0
4111,718,0,0,0,0,0,0,1.0,1.0
4111,155,0,0,0,0,0,0,1.0,1.0
4111,649,0,0,0,0,0,0,1.0,1.0
4111,561,0,0,0,0,0,0,1.0,1.0
4111,224,0,0,0,0,0,0,1.0,1.0
4111,289,0,0,0,0,0,0,1.0,1.0
4111,115,0,0,0,0,0,0,1.0,1.0
4111,404,0,0,0,0,0,0,1.0,1.0
4111,544,0,0,0,0,0,0,1.0,1.0
4111,408,0,0,0,0,0,0,1.0,1.0
4111,416,0,0,0,0,0,0,1.0,1.0
4111,717,1,1,1,1,1,1,1.0,1.0
4111,51,0,0,0,0,0,0,1.0,1.0
4111,709,0,0,0,0,0,0,1.0,1.0
4111,713,0,0,0,0,0,0,1.0,1.0
4111,623,0,0,0,0,0,0,1.0,1.0
4111,537,0,0,0,0,0,0,1.0,1.0
4111,648,0,0,0,0,0,0,1.0,1.0
4111,18,2,1,1,1,1,1,0.8,0.9
4111,117,0,0,0,0,0,0,1.0,1.0
4111,493,0,0,0,0,0,0,1.0,1.0
4111,233,0,0,0,0,0,0,1.0,1.0
4111,332,0,0,0,0,0,0,1.0,1.0
4111,568,0,0,0,0,0,0,1.0,1.0
4111,43,0,0,0,0,0,0,1.0,1.0
4111,683,0,0,0,0,0,0,1.0,1.0
4111,182,0,0,0,0,0,0,1.0,1.0
4111,244,0,0,0,0,0,0,1.0,1.0
4111,348,0,0,0,0,0,0,1.0,1.0
4111,277,0,0,0,0,0,0,1.0,1.0
4111,285,0,0,0,0,0,0,1.0,1.0
4111,445,0,0,0,0,0,0,1.0,1.0
4111,261,0,0,0,0,0,0,1.0,1.0
4111,1,0,0,0,0,0,0,1.0,1.0
4111,48,0,0,0,0,0,0,1.0,1.0
4111,25,0,0,0,0,0,0,1.0,1.0
4111,49,0,0,0,0,0,0,1.0,1.0
4111,481,0,0,0,0,0,0,1.0,1.0
4111,208,0,0,0,0,0,0,1.0,1.0
4111,508,0,0,0,0,0,0,1.0,1.0
4111,448,0,0,0,0,0,0,1.0,1.0
4111,303,0,0,0,0,0,0,1.0,1.0
4111,418,0,0,0,0,0,0,1.0,1.0
4111,512,0,1,1,1,0,1,0.6,0.8
4111,292,0,0,0,0,0,0,1.0,1.0
5258,191,0,0,0,0,0,0,1.0,1.0
5258,307,0,0,0,0,0,0,1.0,1.0
5258,406,0,0,0,0,0,0,1.0,1.0
5258,25,0,0,0,0,0,0,1.0,1.0
5258,282,0,0,0,0,0,0,1.0,1.0
5258,359,0,0,0,0,0,0,1.0,1.0
5258,575,0,0,0,0,0,0,1.0,1.0
5258,92,0,0,0,0,0,0,1.0,1.0
5258,246,0,0,0,0,0,0,1.0,1.0
5258,261,0,0,0,0,0,0,1.0,1.0
5258,587,0,0,0,0,0,0,1.0,1.0
5258,533,0,0,0,0,0,0,1.0,1.0
5258,712,0,0,0,0,0,0,1.0,1.0
5258,249,0,0,0,0,0,0,1.0,1.0
5258,177,2,2,2,2,2,2,1.0,1.0
5258,674,0,0,0,0,0,0,1.0,1.0
5258,352,0,0,0,0,0,0,1.0,1.0
5258,51,0,0,0,0,0,0,1.0,1.0
5258,589,2,2,1,2,2,2,0.8,0.9
5258,35,0,0,0,0,0,0,1.0,1.0
5258,285,0,0,0,0,0,0,1.0,1.0
5258,57,0,0,0,0,0,0,1.0,1.0
5258,547,0,0,0,0,0,0,1.0,1.0
5258,225,0,0,0,0,0,0,1.0,1.0
5258,88,0,0,0,0,0,0,1.0,1.0
5258,476,0,0,0,0,0,0,1.0,1.0
5258,703,0,0,0,0,0,0,1.0,1.0
5258,135,0,0,0,0,0,0,1.0,1.0
5258,709,0,0,0,0,0,0,1.0,1.0
5258,735,0,0,0,0,0,0,1.0,1.0
5258,312,0,0,0,0,0,0,1.0,1.0
5258,26,0,0,0,0,0,0,1.0,1.0
5258,672,0,0,0,0,0,0,1.0,1.0
5258,648,0,0,0,0,0,0,1.0,1.0
5258,270,0,0,0,0,0,0,1.0,1.0
5258,477,0,0,0,0,0,0,1.0,1.0
5258,54,0,0,0,0,0,0,1.0,1.0
5258,211,1,1,1,1,1,1,1.0,1.0
5258,485,0,0,0,0,0,0,1.0,1.0
5258,289,2,2,2,2,2,2,1.0,1.0
5258,142,0,0,0,0,0,0,1.0,1.0
5258,242,0,0,0,0,0,0,1.0,1.0
5258,376,0,0,0,0,0,0,1.0,1.0
5258,404,0,0,0,0,0,0,1.0,1.0
5258,311,0,0,0,0,0,0,1.0,1.0
5258,183,0,0,0,0,0,0,1.0,1.0
5258,640,0,0,0,0,0,0,1.0,1.0
5258,208,0,0,0,0,0,0,1.0,1.0
5258,102,0,0,0,0,0,0,1.0,1.0
5258,70,0,0,0,0,0,0,1.0,1.0
5258,598,0,0,0,0,0,0,1.0,1.0
5258,418,0,0,0,0,0,0,1.0,1.0
5258,233,0,0,0,0,0,0,1.0,1.0
5258,351,1,1,1,1,1,1,1.0,1.0
5258,348,0,0,0,0,0,0,1.0,1.0
5258,375,0,0,0,0,0,0,1.0,1.0
5258,497,0,0,0,0,0,0,1.0,1.0
5258,455,0,0,0,0,0,0,1.0,1.0
5258,224,0,0,0,0,0,0,1.0,1.0
5258,197,0,0,1,0,1,0,0.6,0.8
5258,100,0,0,0,0,0,0,1.0,1.0
5258,513,0,0,0,0,0,0,1.0,1.0
5258,203,0,0,0,0,0,0,1.0,1.0
5258,659,0,0,0,0,0,0,1.0,1.0
5258,125,0,0,0,0,0,0,1.0,1.0
5258,508,0,0,0,0,0,0,1.0,1.0
5258,350,0,0,0,0,0,0,1.0,1.0
5258,277,0,0,0,0,0,0,1.0,1.0
5258,250,0,0,0,0,0,0,1.0,1.0
5258,741,0,0,0,0,0,0,1.0,1.0
5258,537,0,0,0,0,0,0,1.0,1.0
5258,425,0,0,0,0,0,0,1.0,1.0
5258,178,0,0,0,0,0,0,1.0,1.0
5258,245,0,0,0,0,0,0,1.0,1.0
5258,332,0,0,0,0,0,0,1.0,1.0
5258,321,0,0,0,0,0,0,1.0,1.0
5258,357,0,0,0,0,0,0,1.0,1.0
5258,448,0,0,0,0,0,0,1.0,1.0
5258,367,0,0,0,0,0,0,1.0,1.0
5258,600,0,0,0,0,0,0,1.0,1.0
5258,369,0,0,0,0,0,0,1.0,1.0
5258,252,0,0,0,0,0,0,1.0,1.0
5258,18,0,0,0,0,0,0,1.0,1.0
4692,273,0,0,0,0,0,0,1.0,1.0
4692,530,0,0,0,0,0,0,1.0,1.0
4692,242,0,0,0,0,0,0,1.0,1.0
4692,451,0,0,0,0,0,0,1.0,1.0
4692,429,0,0,0,0,0,0,1.0,1.0
4692,177,0,0,0,0,0,0,1.0,1.0
4692,640,0,0,0,0,0,0,1.0,1.0
4692,414,0,0,0,0,0,0,1.0,1.0
4692,503,0,0,0,0,0,0,1.0,1.0
4692,661,0,0,0,0,0,0,1.0,1.0
4692,713,0,0,0,0,0,0,1.0,1.0
4692,18,2,2,2,2,2,2,1.0,1.0
4692,270,0,0,0,0,0,0,1.0,1.0
4692,118,0,0,0,0,0,0,1.0,1.0
4692,88,0,0,0,0,0,0,1.0,1.0
4692,511,0,0,0,0,0,0,1.0,1.0
4692,292,0,0,0,0,0,0,1.0,1.0
4692,271,0,0,0,0,0,0,1.0,1.0
4692,135,0,0,0,0,0,0,1.0,1.0
4692,279,0,0,0,0,0,0,1.0,1.0
4692,709,0,0,0,0,0,0,1.0,1.0
4692,498,0,0,0,0,0,0,1.0,1.0
4692,156,0,0,0,0,0,0,1.0,1.0
4692,655,0,0,0,0,0,0,1.0,1.0
4692,424,0,0,0,0,0,0,1.0,1.0
4692,365,0,0,0,0,0,0,1.0,1.0
4692,577,0,0,0,0,0,0,1.0,1.0
4692,715,0,0,0,0,0,0,1.0,1.0
4692,182,0,0,0,0,0,0,1.0,1.0
4692,233,1,1,1,1,1,1,1.0,1.0
4692,102,0,0,0,0,0,0,1.0,1.0
4692,351,0,0,0,0,0,0,1.0,1.0
4692,536,0,0,0,0,0,0,1.0,1.0
4692,476,0,0,0,0,0,0,1.0,1.0
4692,125,0,0,0,0,0,0,1.0,1.0
4692,195,0,0,0,0,0,0,1.0,1.0
4692,386,0,0,0,0,0,0,1.0,1.0
4692,671,0,0,0,0,0,0,1.0,1.0
4692,370,0,0,0,0,0,0,1.0,1.0
4692,658,0,0,0,0,0,0,1.0,1.0
4692,180,0,0,0,0,0,0,1.0,1.0
4692,672,0,0,0,0,0,0,1.0,1.0
4692,51,0,0,0,0,0,0,1.0,1.0
4692,533,0,0,0,0,0,0,1.0,1.0
4692,494,0,0,0,0,0,0,1.0,1.0
4692,408,0,0,0,0,0,0,1.0,1.0
4692,376,0,0,0,0,0,0,1.0,1.0
4692,378,0,0,0,0,0,0,1.0,1.0
4692,107,0,0,0,0,0,0,1.0,1.0
4692,720,0,0,0,0,0,0,1.0,1.0
4692,15,0,0,0,0,0,0,1.0,1.0
4692,367,0,0,0,0,0,0,1.0,1.0
4692,94,0,0,0,0,0,0,1.0,1.0
4692,277,0,0,0,0,0,0,1.0,1.0
4692,122,0,0,0,0,0,0,1.0,1.0
4692,222,0,0,0,0,0,0,1.0,1.0
4692,694,1,1,1,1,1,1,1.0,1.0
4692,294,0,1,0,1,0,0,0.6,0.8
4692,593,0,0,0,0,0,0,1.0,1.0
4692,708,0,0,0,0,0,0,1.0,1.0
4692,285,0,0,0,0,0,0,1.0,1.0
4692,71,0,0,0,0,0,0,1.0,1.0
4692,551,0,0,0,0,0,0,1.0,1.0
4692,712,0,0,0,0,0,0,1.0,1.0
4692,261,0,0,0,0,0,0,1.0,1.0
8816,161,0,0,0,0,0,0,1.0,1.0
8816,51,0,0,0,0,0,0,1.0,1.0
8816,397,0,0,0,0,0,0,1.0,1.0
8816,648,0,0,0,0,0,0,1.0,1.0
8816,484,0,0,0,0,0,0,1.0,1.0
8816,88,0,0,0,0,0,0,1.0,1.0
8816,430,0,0,0,0,0,0,1.0,1.0
8816,367,2,2,2,2,2,2,1.0,1.0
8816,185,0,0,0,0,0,0,1.0,1.0
8816,36,0,0,0,0,0,0,1.0,1.0
8816,118,0,0,0,0,0,0,1.0,1.0
8816,289,0,0,0,0,0,0,1.0,1.0
8816,404,0,0,0,0,0,0,1.0,1.0
8816,285,0,0,0,0,0,0,1.0,1.0
8816,599,0,0,0,0,0,0,1.0,1.0
8816,169,0,0,0,0,0,0,1.0,1.0
8816,265,0,0,0,0,0,0,1.0,1.0
8816,210,0,0,0,0,0,0,1.0,1.0
8816,12,0,0,0,0,0,0,1.0,1.0
8816,508,0,0,0,0,0,0,1.0,1.0
8816,348,0,0,0,0,0,0,1.0,1.0
8816,418,0,0,0,0,0,0,1.0,1.0
8816,728,0,0,0,0,0,0,1.0,1.0
8816,135,0,0,0,0,0,0,1.0,1.0
8816,224,1,1,1,1,1,1,1.0,1.0
8816,240,0,0,0,0,0,0,1.0,1.0
8816,246,0,1,1,0,0,0,0.6,0.8
8816,589,0,0,0,0,0,0,1.0,1.0
8816,25,0,0,0,0,0,0,1.0,1.0
8816,95,1,1,1,1,1,1,1.0,1.0
8816,125,0,0,0,0,0,0,1.0,1.0
8816,238,1,1,1,1,1,1,1.0,1.0
8816,376,0,0,0,0,0,0,1.0,1.0
8816,196,0,0,0,0,0,0,1.0,1.0
8816,266,0,0,0,0,0,0,1.0,1.0
8816,359,0,0,0,0,0,0,1.0,1.0
8816,102,2,2,2,2,2,2,1.0,1.0
8816,182,2,2,2,2,2,2,1.0,1.0
8816,675,0,0,0,0,0,0,1.0,1.0
8816,498,0,0,0,0,0,0,1.0,1.0
8816,471,0,0,0,0,0,0,1.0,1.0
8816,350,1,1,1,1,1,1,1.0,1.0
8816,432,0,0,0,0,0,0,1.0,1.0
8816,614,0,0,0,0,0,0,1.0,1.0
8816,335,0,0,0,0,0,0,1.0,1.0
8816,222,0,0,0,0,0,0,1.0,1.0
8816,476,0,0,0,0,1,0,0.8,0.9
8816,547,0,0,0,0,0,0,1.0,1.0
8816,208,0,0,0,0,0,0,1.0,1.0
8816,338,0,0,0,0,0,0,1.0,1.0
8816,283,0,0,0,0,0,0,1.0,1.0
8816,107,0,0,0,0,0,0,1.0,1.0
8816,329,0,0,0,0,0,0,1.0,1.0
8816,261,0,0,0,0,0,0,1.0,1.0
8816,351,0,0,0,0,0,0,1.0,1.0
8816,0,0,0,0,0,0,0,1.0,1.0
8816,709,0,0,0,0,0,0,1.0,1.0
8816,99,0,0,0,0,0,0,1.0,1.0
8816,27,1,1,1,1,1,1,1.0,1.0
8816,536,0,0,0,0,0,0,1.0,1.0
8816,332,0,0,0,0,0,0,1.0,1.0
8816,273,0,0,0,0,0,0,1.0,1.0
8816,640,0,0,0,0,0,0,1.0,1.0
8816,100,0,0,0,0,0,0,1.0,1.0
8816,426,0,0,0,0,0,0,1.0,1.0
8816,54,1,1,1,1,1,1,1.0,1.0
8816,713,0,0,0,0,0,0,1.0,1.0
8816,619,0,0,0,0,0,0,1.0,1.0
8816,533,0,0,0,0,0,0,1.0,1.0
8816,18,1,1,1,1,1,1,1.0,1.0
8816,537,0,0,0,0,0,0,1.0,1.0
8816,590,0,0,0,0,0,0,1.0,1.0
8816,245,0,0,0,0,0,0,1.0,1.0
8816,423,1,1,1,1,1,1,1.0,1.0
8816,321,0,0,0,0,0,0,1.0,1.0
8816,520,0,0,0,0,0,0,1.0,1.0
8816,424,0,0,0,0,0,0,1.0,1.0
5275,476,1,1,1,1,1,1,1.0,1.0
5275,361,0,0,0,0,0,0,1.0,1.0
5275,404,0,0,0,0,0,0,1.0,1.0
5275,503,0,0,0,0,0,0,1.0,1.0
5275,222,0,0,0,0,0,0,1.0,1.0
5275,330,0,0,0,0,0,0,1.0,1.0
5275,637,0,0,0,0,0,0,1.0,1.0
5275,709,0,0,0,0,0,0,1.0,1.0
5275,185,1,1,1,1,1,1,1.0,1.0
5275,25,1,1,1,1,1,1,1.0,1.0
5275,663,0,0,0,0,0,0,1.0,1.0
5275,277,0,0,0,0,0,0,1.0,1.0
5275,351,0,0,0,0,0,0,1.0,1.0
5275,348,0,0,0,0,0,0,1.0,1.0
5275,500,0,0,0,0,0,0,1.0,1.0
5275,332,0,0,0,0,0,0,1.0,1.0
5275,498,0,0,0,0,0,0,1.0,1.0
5275,252,1,1,1,1,1,1,1.0,1.0
5275,536,0,0,0,0,0,0,1.0,1.0
5275,543,0,0,0,0,0,0,1.0,1.0
5275,418,1,1,1,1,1,1,1.0,1.0
5275,376,0,0,0,0,0,0,1.0,1.0
5275,281,0,0,0,0,0,0,1.0,1.0
5275,18,2,2,2,2,2,2,1.0,1.0
5275,359,1,1,1,1,1,1,1.0,1.0
5275,261,0,0,0,0,0,0,1.0,1.0
5275,547,0,0,0,0,0,0,1.0,1.0
5275,350,1,1,1,1,1,1,1.0,1.0
5275,501,0,1,0,1,1,1,0.6,0.8
5275,246,1,1,1,1,1,1,1.0,1.0
5275,424,1,1,1,1,1,1,1.0,1.0
5275,88,1,1,1,1,1,1,1.0,1.0
5275,94,0,0,0,0,0,0,1.0,1.0
5275,586,0,0,0,0,0,0,1.0,1.0
5275,537,0,0,0,0,0,0,1.0,1.0
5275,107,0,0,0,0,0,0,1.0,1.0
5275,289,0,0,0,0,0,0,1.0,1.0
5275,37,0,0,0,0,0,0,1.0,1.0
5275,720,1,1,1,1,1,1,1.0,1.0
5275,589,0,0,0,0,0,0,1.0,1.0
5275,102,2,2,2,2,2,2,1.0,1.0
5275,321,0,0,0,0,0,0,1.0,1.0
5275,182,2,2,2,2,2,2,1.0,1.0
5275,428,0,0,0,0,0,0,1.0,1.0
5275,508,0,0,0,0,0,0,1.0,1.0
5275,713,0,0,0,0,0,0,1.0,1.0
5275,732,0,0,0,0,0,0,1.0,1.0
5275,712,0,0,0,0,0,0,1.0,1.0
5275,533,0,0,0,0,0,0,1.0,1.0
5275,201,0,0,0,0,0,0,1.0,1.0
5275,125,0,0,0,0,0,0,1.0,1.0
5275,169,0,0,0,0,0,0,1.0,1.0
5275,51,0,0,0,0,0,0,1.0,1.0
5275,285,0,0,0,0,0,0,1.0,1.0
5275,100,0,0,0,0,0,0,1.0,1.0
5275,405,0,0,0,0,0,0,1.0,1.0
5275,93,0,0,0,0,0,0,1.0,1.0
5275,710,0,1,0,1,0,0,0.6,0.8
5275,54,0,1,1,0,1,1,0.6,0.8
5275,208,0,1,0,1,1,1,0.6,0.8
5275,245,0,0,0,0,0,0,1.0,1.0
5275,118,0,0,0,0,0,0,1.0,1.0
5275,147,0,0,0,0,0,0,1.0,1.0
5275,648,0,0,0,0,0,0,1.0,1.0
5275,224,1,1,1,1,1,1,1.0,1.0
5275,314,1,1,1,1,1,1,1.0,1.0
754,116,0,0,0,0,0,0,1.0,1.0
754,621,0,0,0,0,0,0,1.0,1.0
754,733,0,0,0,0,0,0,1.0,1.0
754,44,0,0,0,0,0,0,1.0,1.0
754,27,0,0,0,0,0,0,1.0,1.0
754,712,0,0,0,0,0,0,1.0,1.0
754,346,0,0,0,0,0,0,1.0,1.0
754,418,0,0,0,0,0,0,1.0,1.0
754,567,0,0,0,0,0,0,1.0,1.0
754,198,0,0,0,0,0,0,1.0,1.0
754,87,0,0,0,0,0,0,1.0,1.0
754,627,0,0,0,0,0,0,1.0,1.0
754,632,0,0,0,0,0,0,1.0,1.0
754,415,0,0,0,0,0,0,1.0,1.0
754,640,0,0,0,0,0,0,1.0,1.0
754,480,0,0,0,0,0,0,1.0,1.0
754,321,0,0,0,0,0,0,1.0,1.0
754,359,0,0,0,0,0,0,1.0,1.0
754,508,0,0,0,0,0,0,1.0,1.0
754,404,0,0,0,0,0,0,1.0,1.0
754,293,0,0,0,0,0,0,1.0,1.0
754,224,0,0,0,0,0,0,1.0,1.0
754,477,0,0,0,0,0,0,1.0,1.0
754,695,0,0,0,0,0,0,1.0,1.0
754,448,0,0,0,0,0,0,1.0,1.0
754,94,0,0,0,0,0,0,1.0,1.0
754,289,0,0,0,0,0,0,1.0,1.0
754,283,0,0,0,0,0,0,1.0,1.0
754,533,0,0,0,0,0,0,1.0,1.0
754,648,0,0,0,0,0,0,1.0,1.0
754,332,0,0,0,0,0,0,1.0,1.0
754,547,0,0,0,0,0,0,1.0,1.0
754,245,0,0,0,0,0,0,1.0,1.0
754,125,0,0,0,0,0,0,1.0,1.0
754,210,0,0,0,0,0,0,1.0,1.0
754,593,0,0,0,0,0,0,1.0,1.0
754,285,0,0,0,0,0,0,1.0,1.0
754,54,0,0,0,0,0,0,1.0,1.0
754,203,0,0,0,0,0,0,1.0,1.0
754,220,0,0,0,0,0,0,1.0,1.0
754,66,0,0,0,0,0,0,1.0,1.0
754,18,0,0,0,0,0,0,1.0,1.0
754,158,0,0,0,0,0,0,1.0,1.0
754,74,0,0,0,0,0,0,1.0,1.0
754,97,0,0,0,0,0,0,1.0,1.0
754,675,0,0,0,0,0,0,1.0,1.0
754,100,0,0,0,0,0,0,1.0,1.0
754,556,0,0,0,0,0,0,1.0,1.0
754,208,0,0,0,0,0,0,1.0,1.0
754,367,0,0,0,0,0,0,1.0,1.0
754,423,0,0,0,0,0,0,1.0,1.0
754,435,0,0,0,0,0,0,1.0,1.0
754,362,0,0,0,0,0,0,1.0,1.0
754,90,0,0,0,0,0,0,1.0,1.0
754,47,0,0,0,0,0,0,1.0,1.0
754,709,0,0,0,0,0,0,1.0,1.0
754,633,0,0,0,0,0,0,1.0,1.0
754,71,0,0,0,0,0,0,1.0,1.0
754,65,0,0,0,0,0,0,1.0,1.0
754,121,0,0,0,0,0,0,1.0,1.0
754,595,0,0,0,0,0,0,1.0,1.0
6378,532,1,1,1,1,1,1,1.0,1.0
6378,475,1,1,1,1,1,1,1.0,1.0
6378,292,2,2,2,2,2,2,1.0,1.0
6378,162,1,1,1,1,1,1,1.0,1.0
6378,501,2,2,2,2,2,2,1.0,1.0
6378,625,1,1,1,1,1,1,1.0,1.0
6378,166,2,2,2,2,2,2,1.0,1.0
6378,47,0,0,0,0,0,0,1.0,1.0
6378,579,0,0,0,0,0,0,1.0,1.0
6378,319,1,1,1,1,1,1,1.0,1.0
6378,702,1,1,1,1,1,1,1.0,1.0
6378,735,1,1,1,1,1,1,1.0,1.0
6378,73,0,0,0,0,0,0,1.0,1.0
6378,530,1,1,1,1,1,1,1.0,1.0
6378,312,1,1,1,1,1,1,1.0,1.0
6378,741,2,2,2,2,2,2,1.0,1.0
6378,160,1,1,1,1,1,1,1.0,1.0
6378,81,1,1,1,1,1,1,1.0,1.0
6378,603,1,1,1,1,1,1,1.0,1.0
6378,86,1,1,1,1,1,1,1.0,1.0
6378,630,1,1,1,1,1,1,1.0,1.0
6378,728,1,1,1,2,2,1,0.6,0.8
6378,717,1,1,1,1,1,1,1.0,1.0
6378,568,1,1,1,1,1,1,1.0,1.0
6378,306,2,2,2,2,2,2,1.0,1.0
6378,215,0,0,0,0,0,0,1.0,1.0
6378,235,1,1,1,1,1,1,1.0,1.0
6378,554,2,2,2,2,2,2,1.0,1.0
6378,256,0,0,0,0,0,0,1.0,1.0
6378,145,2,2,2,2,2,2,1.0,1.0
6378,173,1,1,1,1,1,1,1.0,1.0
6378,574,2,2,2,2,2,2,1.0,1.0
6378,128,1,1,1,1,1,1,1.0,1.0
6378,668,0,0,0,0,0,0,1.0,1.0
6378,320,1,1,1,1,1,1,1.0,1.0
6378,670,2,2,2,2,2,2,1.0,1.0
6378,425,0,0,0,0,0,0,1.0,1.0
6378,203,1,1,1,1,1,1,1.0,1.0
6378,681,2,2,2,2,2,2,1.0,1.0
6378,601,2,2,2,2,2,2,1.0,1.0
6378,54,2,2,2,2,2,2,1.0,1.0
6378,588,1,1,1,1,1,1,1.0,1.0
6378,225,0,0,0,0,0,0,1.0,1.0
6378,435,2,2,2,2,2,2,1.0,1.0
6378,633,0,0,0,0,0,0,1.0,1.0
6378,547,0,0,0,0,0,0,1.0,1.0
6378,398,1,1,1,1,1,1,1.0,1.0
6378,604,0,0,0,0,0,0,1.0,1.0
6378,354,1,1,1,1,1,1,1.0,1.0
6378,255,1,1,1,1,1,1,1.0,1.0
6378,465,1,1,1,1,1,1,1.0,1.0
6378,545,1,1,1,1,1,1,1.0,1.0
6378,25,1,1,1,1,1,1,1.0,1.0
6378,703,0,0,0,0,0,0,1.0,1.0
6378,346,1,1,1,1,1,1,1.0,1.0
6378,286,1,1,1,1,1,1,1.0,1.0
6378,622,1,1,1,1,1,1,1.0,1.0
6378,510,1,1,1,1,1,1,1.0,1.0
6378,438,1,1,1,1,1,1,1.0,1.0
6378,502,1,1,1,1,1,1,1.0,1.0
6378,533,0,0,0,0,0,0,1.0,1.0
6378,71,1,1,1,1,1,1,1.0,1.0
6378,104,1,1,1,1,1,1,1.0,1.0
6378,181,2,2,2,2,2,2,1.0,1.0
6378,570,1,1,1,1,1,1,1.0,1.0
6378,613,0,0,0,0,0,0,1.0,1.0
6378,167,1,1,1,1,1,1,1.0,1.0
6378,624,0,0,0,0,0,0,1.0,1.0
6378,176,1,1,1,1,1,1,1.0,1.0
6378,518,2,2,2,2,2,2,1.0,1.0
6378,723,1,1,1,1,1,1,1.0,1.0
6378,278,1,1,1,1,1,1,1.0,1.0
6378,311,0,0,0,0,0,0,1.0,1.0
6378,395,1,1,1,1,1,1,1.0,1.0
6378,185,1,1,1,1,1,1,1.0,1.0
6378,688,1,1,1,1,1,1,1.0,1.0
6378,528,1,1,1,1,1,1,1.0,1.0
6378,677,1,1,1,1,1,1,1.0,1.0
6378,417,0,0,0,0,0,0,1.0,1.0
6378,150,0,0,0,0,0,0,1.0,1.0
6378,418,1,1,1,1,1,1,1.0,1.0
6378,266,1,1,1,1,1,1,1.0,1.0
6378,450,0,0,0,0,0,0,1.0,1.0
6378,231,0,0,0,0,0,0,1.0,1.0
6378,521,0,0,0,0,0,0,1.0,1.0
6378,693,1,1,1,1,1,1,1.0,1.0
6378,322,1,1,1,1,1,1,1.0,1.0
5020,676,1,1,1,1,1,1,1.0,1.0
5020,624,0,0,0,0,0,0,1.0,1.0
5020,335,1,0,1,1,1,1,0.8,0.9
5020,409,1,1,1,1,1,1,1.0,1.0
5020,686,1,1,1,1,1,1,1.0,1.0
5020,642,1,1,1,1,1,1,1.0,1.0
5020,416,0,0,0,0,0,0,1.0,1.0
5020,633,0,0,0,0,0,0,1.0,1.0
5020,532,1,1,1,1,1,1,1.0,1.0
5020,137,0,0,0,0,0,0,1.0,1.0
5020,363,1,1,1,1,1,1,1.0,1.0
5020,380,0,0,0,0,0,0,1.0,1.0
5020,680,0,0,0,0,0,0,1.0,1.0
5020,25,1,1,1,1,1,1,1.0,1.0
5020,104,0,1,0,0,0,0,0.8,0.9
5020,13,0,0,0,0,0,0,1.0,1.0
5020,528,0,0,0,0,0,0,1.0,1.0
5020,452,1,1,1,1,1,1,1.0,1.0
5020,649,2,2,2,2,2,2,1.0,1.0
5020,403,0,0,0,0,0,0,1.0,1.0
5020,64,1,1,1,1,1,1,1.0,1.0
5020,494,1,1,1,1,1,1,1.0,1.0
5020,369,1,1,1,1,1,1,1.0,1.0
5020,138,1,1,1,1,1,1,1.0,1.0
5020,92,1,1,1,1,1,1,1.0,1.0
5020,434,0,0,0,0,0,0,1.0,1.0
5020,691,0,0,0,0,0,0,1.0,1.0
5020,47,0,0,0,0,0,0,1.0,1.0
5020,482,1,1,1,1,1,1,1.0,1.0
5020,385,0,0,0,0,0,0,1.0,1.0
5020,305,1,1,1,1,1,1,1.0,1.0
5020,247,0,0,0,0,0,0,1.0,1.0
5020,354,1,1,1,1,1,1,1.0,1.0
5020,61,0,0,0,0,0,0,1.0,1.0
5020,198,0,0,0,0,0,0,1.0,1.0
5020,67,1,1,1,1,1,1,1.0,1.0
5020,193,0,0,0,0,0,0,1.0,1.0
5020,103,1,1,1,1,1,1,1.0,1.0
5020,334,1,1,1,1,1,1,1.0,1.0
5020,317,1,1,1,1,1,1,1.0,1.0
5020,623,1,1,1,1,1,1,1.0,1.0
5020,308,1,1,1,1,1,1,1.0,1.0
5020,584,1,1,1,1,1,1,1.0,1.0
5020,693,1,1,1,1,1,1,1.0,1.0
5020,154,1,1,1,1,1,1,1.0,1.0
5020,132,0,0,0,0,0,0,1.0,1.0
5020,294,1,1,1,1,1,1,1.0,1.0
5020,674,1,1,1,1,1,1,1.0,1.0
5020,386,0,0,0,0,0,0,1.0,1.0
5020,411,1,1,1,1,1,1,1.0,1.0
5020,35,1,1,1,1,1,1,1.0,1.0
5020,417,0,0,0,0,0,0,1.0,1.0
5020,99,0,0,0,0,0,0,1.0,1.0
5020,514,1,1,1,1,1,1,1.0,1.0
5020,630,1,1,1,1,1,1,1.0,1.0
5020,95,1,1,1,1,1,1,1.0,1.0
5020,545,1,2,1,2,2,2,0.6,0.8
5020,614,0,0,0,0,0,0,1.0,1.0
5020,662,1,1,1,1,1,1,1.0,1.0
5020,571,1,1,1,1,1,1,1.0,1.0
5020,401,1,1,1,1,1,1,1.0,1.0
5020,518,1,1,1,1,1,1,1.0,1.0
5020,661,1,1,1,1,1,1,1.0,1.0
5020,230,1,1,1,1,1,1,1.0,1.0
5020,310,0,0,0,0,0,0,1.0,1.0
5020,424,1,1,1,1,1,1,1.0,1.0
5020,612,1,1,1,1,1,1,1.0,1.0
5020,469,2,1,1,2,2,2,0.6,0.8
5020,394,2,2,2,2,2,2,1.0,1.0
5020,356,1,1,1,0,1,1,0.8,0.9
5020,574,1,1,1,1,1,1,1.0,1.0
5020,50,1,1,1,1,1,1,1.0,1.0
5020,579,0,0,0,0,0,0,1.0,1.0
3050,322,1,1,1,1,1,1,1.0,1.0
3050,326,0,0,0,0,0,0,1.0,1.0
3050,84,0,0,0,0,0,0,1.0,1.0
3050,305,1,1,1,1,1,1,1.0,1.0
3050,248,1,1,1,1,1,1,1.0,1.0
3050,588,2,2,2,2,2,2,1.0,1.0
3050,623,1,1,1,1,1,1,1.0,1.0
3050,410,1,1,1,1,1,1,1.0,1.0
3050,294,1,1,1,1,1,1,1.0,1.0
3050,325,0,0,0,0,0,0,1.0,1.0
3050,499,1,1,1,1,1,1,1.0,1.0
3050,308,1,1,1,1,1,1,1.0,1.0
3050,604,0,1,1,0,1,1,0.6,0.8
3050,142,1,1,1,1,1,1,1.0,1.0
3050,15,1,1,1,1,1,1,1.0,1.0
3050,148,1,1,1,1,1,1,1.0,1.0
3050,312,2,2,2,2,2,2,1.0,1.0
3050,510,1,1,1,1,1,1,1.0,1.0
3050,612,1,1,1,1,1,1,1.0,1.0
3050,231,0,0,0,0,0,0,1.0,1.0
3050,99,1,1,1,1,1,1,1.0,1.0
3050,568,1,1,1,1,1,1,1.0,1.0
3050,665,1,1,1,1,1,1,1.0,1.0
3050,659,1,1,1,1,1,1,1.0,1.0
3050,638,1,1,1,1,1,1,1.0,1.0
3050,288,1,1,1,1,1,1,1.0,1.0
3050,279,1,1,1,1,1,1,1.0,1.0
3050,421,1,1,1,1,1,1,1.0,1.0
3050,438,2,2,2,2,2,2,1.0,1.0
3050,196,1,1,1,1,1,1,1.0,1.0
3050,622,1,1,1,1,1,1,1.0,1.0
3050,94,1,1,1,1,1,1,1.0,1.0
3050,380,0,0,0,0,0,0,1.0,1.0
3050,688,1,2,2,2,2,2,0.8,0.9
3050,465,1,1,1,1,1,1,1.0,1.0
3050,395,2,2,2,2,2,2,1.0,1.0
3050,553,1,1,1,1,1,1,1.0,1.0
3050,8,1,1,1,1,1,1,1.0,1.0
3050,346,1,1,1,1,1,1,1.0,1.0
3050,64,1,1,1,1,1,1,1.0,1.0
3050,363,1,1,1,1,1,1,1.0,1.0
3050,6,2,2,2,2,2,2,1.0,1.0
3050,278,1,1,1,1,1,1,1.0,1.0
3050,165,0,0,0,0,0,0,1.0,1.0
3050,95,1,1,1,1,1,1,1.0,1.0
3050,681,2,2,2,2,2,2,1.0,1.0
3050,66,0,0,0,0,0,0,1.0,1.0
3050,728,2,2,2,2,2,2,1.0,1.0
3050,166,2,2,2,2,2,2,1.0,1.0
3050,571,2,2,2,2,2,2,1.0,1.0
3050,685,0,0,0,0,0,0,1.0,1.0
3050,181,2,2,2,2,2,2,1.0,1.0
3050,483,0,0,0,0,0,0,1.0,1.0
3050,717,2,2,2,2,2,2,1.0,1.0
3050,515,0,0,0,0,0,0,1.0,1.0
3050,262,1,1,1,1,1,1,1.0,1.0
3050,24,2,2,1,2,1,2,0.6,0.8
3050,398,1,1,1,1,1,1,1.0,1.0
3050,449,1,1,1,1,1,1,1.0,1.0
3050,741,2,2,2,2,2,2,1.0,1.0
3050,54,2,2,2,2,2,2,1.0,1.0
3050,222,1,1,1,1,0,1,0.8,0.9
3050,394,2,2,2,2,2,2,1.0,1.0
3050,734,1,1,1,1,1,1,1.0,1.0
3050,670,2,2,2,2,2,2,1.0,1.0
3050,676,1,1,1,1,1,1,1.0,1.0
3050,435,2,2,2,2,2,2,1.0,1.0
3050,562,0,0,0,0,0,0,1.0,1.0
3050,125,2,2,2,2,2,2,1.0,1.0
3050,205,0,0,0,0,0,0,1.0,1.0
2528,564,0,0,0,0,0,0,1.0,1.0
2528,554,2,2,2,2,2,2,1.0,1.0
2528,622,1,1,1,1,1,1,1.0,1.0
2528,95,1,1,1,1,1,1,1.0,1.0
2528,538,0,0,0,0,0,0,1.0,1.0
2528,38,1,1,1,1,1,1,1.0,1.0
2528,185,1,1,1,1,1,1,1.0,1.0
2528,502,0,0,1,1,0,0,0.6,0.8
2528,461,0,0,0,0,0,0,1.0,1.0
2528,210,0,0,0,0,0,0,1.0,1.0
2528,312,1,1,1,1,1,1,1.0,1.0
2528,306,1,1,1,1,1,1,1.0,1.0
2528,593,0,0,0,0,0,0,1.0,1.0
2528,166,2,1,1,1,1,1,0.8,0.9
2528,354,1,1,1,1,1,1,1.0,1.0
2528,621,0,0,0,0,0,0,1.0,1.0
2528,489,0,0,0,0,0,0,1.0,1.0
2528,447,0,0,0,0,0,0,1.0,1.0
2528,482,1,1,1,1,1,1,1.0,1.0
2528,128,1,1,1,1,1,1,1.0,1.0
2528,167,1,1,1,1,1,1,1.0,1.0
2528,176,1,1,1,1,1,1,1.0,1.0
2528,436,0,0,0,0,0,0,1.0,1.0
2528,138,1,1,1,1,1,1,1.0,1.0
2528,81,1,1,1,1,1,1,1.0,1.0
2528,317,1,1,1,1,1,1,1.0,1.0
2528,615,1,0,0,0,0,0,0.8,0.9
2528,469,2,2,2,2,2,2,1.0,1.0
2528,30,0,0,0,0,0,0,1.0,1.0
2528,292,1,1,1,1,1,1,1.0,1.0
2528,617,1,1,1,1,1,1,1.0,1.0
2528,723,1,1,1,1,1,1,1.0,1.0
2528,341,0,1,1,1,1,1,0.8,0.9
2528,35,1,1,1,1,1,1,1.0,1.0
2528,34,0,0,0,0,0,0,1.0,1.0
2528,395,1,1,1,1,1,1,1.0,1.0
2528,500,1,1,1,1,1,1,1.0,1.0
2528,435,2,1,2,1,2,2,0.6,0.8
2528,728,1,1,1,1,1,1,1.0,1.0
2528,99,1,1,1,1,1,1,1.0,1.0
2528,623,1,1,1,1,1,1,1.0,1.0
2528,642,2,2,2,2,2,2,1.0,1.0
2528,508,0,0,0,0,0,0,1.0,1.0
2528,625,1,1,1,1,1,1,1.0,1.0
2528,438,1,1,1,1,1,1,1.0,1.0
2528,162,1,1,1,1,1,1,1.0,1.0
2528,501,2,2,2,2,2,2,1.0,1.0
2528,514,1,1,1,1,1,1,1.0,1.0
8777,162,1,1,1,1,1,1,1.0,1.0
8777,53,2,2,2,2,2,2,1.0,1.0
8777,35,1,1,1,1,1,1,1.0,1.0
8777,553,2,2,2,2,2,2,1.0,1.0
8777,642,2,2,2,2,2,2,1.0,1.0
8777,413,1,1,1,1,1,1,1.0,1.0
8777,525,1,1,1,1,1,1,1.0,1.0
8777,502,1,1,1,1,1,1,1.0,1.0
8777,469,2,2,2,2,2,2,1.0,1.0
8777,676,1,1,1,1,1,1,1.0,1.0
8777,554,2,2,2,2,2,2,1.0,1.0
8777,571,2,2,2,2,2,2,1.0,1.0
8777,681,2,2,2,2,2,2,1.0,1.0
8777,85,0,0,0,0,0,0,1.0,1.0
8777,629,0,0,0,0,0,0,1.0,1.0
8777,482,1,1,1,1,1,1,1.0,1.0
8777,717,2,2,2,2,2,2,1.0,1.0
8777,308,2,2,2,2,2,2,1.0,1.0
8777,383,1,1,1,1,1,1,1.0,1.0
8777,118,2,2,2,2,2,2,1.0,1.0
8777,333,1,1,1,1,1,1,1.0,1.0
8777,588,2,2,2,2,2,2,1.0,1.0
8777,493,0,0,0,0,0,0,1.0,1.0
8777,723,2,2,2,2,2,2,1.0,1.0
8777,633,0,0,0,0,0,0,1.0,1.0
8777,127,1,1,1,1,1,1,1.0,1.0
8777,682,0,0,0,0,0,0,1.0,1.0
8777,309,2,2,2,2,2,2,1.0,1.0
8777,514,2,2,2,2,2,2,1.0,1.0
8777,468,2,2,2,2,2,2,1.0,1.0
8777,449,2,2,2,2,2,2,1.0,1.0
8777,304,2,2,2,2,2,2,1.0,1.0
8777,310,2,2,2,2,2,2,1.0,1.0
8777,545,2,2,2,2,2,2,1.0,1.0
8777,643,0,1,0,0,0,0,0.8,0.9
8777,680,0,0,0,0,0,0,1.0,1.0
8777,317,2,2,2,2,2,2,1.0,1.0
8777,706,2,2,2,2,2,2,1.0,1.0
8777,159,1,1,1,1,1,1,1.0,1.0
8777,518,2,2,2,2,2,2,1.0,1.0
8777,320,1,1,1,1,1,1,1.0,1.0
8777,54,2,2,2,2,2,2,1.0,1.0
8777,510,2,2,2,2,2,2,1.0,1.0
8777,132,0,0,0,0,0,0,1.0,1.0
8777,465,2,2,2,2,2,2,1.0,1.0
8777,565,0,0,0,0,0,0,1.0,1.0
8777,66,0,0,0,0,0,0,1.0,1.0
8777,412,2,2,2,2,2,2,1.0,1.0
8777,176,2,2,2,2,2,2,1.0,1.0
8777,56,0,0,0,0,0,0,1.0,1.0
8777,287,2,2,2,2,2,2,1.0,1.0
8777,181,2,2,2,2,2,2,1.0,1.0
8777,609,1,1,1,1,1,1,1.0,1.0
8777,13,2,2,2,2,2,2,1.0,1.0
8777,505,1,1,1,1,1,1,1.0,1.0
8777,98,0,0,0,0,0,0,1.0,1.0
8777,279,1,1,1,1,1,1,1.0,1.0
8777,165,2,2,2,2,2,2,1.0,1.0
8777,602,2,2,2,2,2,2,1.0,1.0
8777,660,2,2,2,2,2,2,1.0,1.0
8777,131,1,1,1,1,1,1,1.0,1.0
8777,740,2,2,2,2,2,2,1.0,1.0
8777,741,2,2,2,2,2,2,1.0,1.0
8777,731,0,1,1,1,1,1,0.8,0.9
8777,231,0,0,0,0,0,0,1.0,1.0
8777,652,0,0,0,0,0,0,1.0,1.0
8777,488,2,2,2,2,2,2,1.0,1.0
8777,363,2,2,2,2,2,2,1.0,1.0
8777,346,2,2,2,2,2,2,1.0,1.0
8777,331,1,1,1,1,1,1,1.0,1.0
8777,670,2,2,2,2,2,2,1.0,1.0
8777,375,1,1,1,1,1,1,1.0,1.0
8777,568,1,1,1,1,1,1,1.0,1.0
8777,370,2,2,2,2,2,2,1.0,1.0
8777,292,2,2,2,2,2,2,1.0,1.0
8777,278,1,1,1,1,1,1,1.0,1.0
8777,630,2,1,2,1,2,2,0.6,0.8
8777,322,2,2,2,2,2,2,1.0,1.0
8777,294,1,1,1,1,1,1,1.0,1.0
8777,729,1,1,1,1,1,1,1.0,1.0
8777,485,0,0,0,0,0,0,1.0,1.0
8777,23,0,0,0,0,0,0,1.0,1.0
8777,138,1,1,1,1,1,1,1.0,1.0
8777,417,1,1,1,1,1,1,1.0,1.0
8777,36,1,1,1,1,1,1,1.0,1.0
8777,408,2,2,2,2,2,2,1.0,1.0
8777,607,2,2,2,2,2,2,1.0,1.0
8777,156,1,1,1,1,1,1,1.0,1.0
8777,37,2,2,2,2,2,2,1.0,1.0
8777,394,2,2,2,2,2,2,1.0,1.0
8777,377,2,2,2,2,2,2,1.0,1.0
1144,723,2,2,2,2,2,2,1.0,1.0
1144,104,1,1,1,1,1,1,1.0,1.0
1144,153,2,2,2,2,2,2,1.0,1.0
1144,437,1,1,1,1,1,1,1.0,1.0
1144,302,2,2,2,2,2,2,1.0,1.0
1144,518,2,2,2,2,2,2,1.0,1.0
1144,670,1,1,1,1,1,1,1.0,1.0
1144,126,0,0,0,0,0,0,1.0,1.0
1144,528,1,1,1,1,1,1,1.0,1.0
1144,612,2,2,2,2,2,2,1.0,1.0
1144,397,0,0,0,0,0,0,1.0,1.0
1144,665,1,1,1,1,1,1,1.0,1.0
1144,166,2,2,2,2,2,2,1.0,1.0
1144,81,2,2,2,2,2,2,1.0,1.0
1144,552,0,0,0,0,0,0,1.0,1.0
1144,176,2,2,2,2,2,2,1.0,1.0
1144,133,1,1,1,1,1,1,1.0,1.0
1144,138,2,2,2,2,2,2,1.0,1.0
1144,458,2,2,2,2,2,2,1.0,1.0
1144,32,0,0,0,0,0,0,1.0,1.0
1144,367,1,1,1,1,1,1,1.0,1.0
1144,251,1,1,1,1,1,1,1.0,1.0
1144,545,2,2,2,2,2,2,1.0,1.0
1144,421,2,2,2,1,2,2,0.8,0.9
1144,571,2,2,2,2,2,2,1.0,1.0
1144,231,0,0,0,0,0,0,1.0,1.0
1144,507,1,1,1,1,1,1,1.0,1.0
1144,402,1,1,1,1,1,1,1.0,1.0
1144,305,2,2,2,2,2,2,1.0,1.0
1144,369,2,2,2,2,2,2,1.0,1.0
1144,536,1,1,1,1,1,1,1.0,1.0
1144,308,2,2,2,2,2,2,1.0,1.0
1144,688,2,2,2,2,2,2,1.0,1.0
1144,346,2,2,2,2,2,2,1.0,1.0
1144,543,1,1,1,1,1,1,1.0,1.0
1144,639,0,0,1,1,1,1,0.6,0.8
1144,687,1,1,1,1,1,1,1.0,1.0
1144,97,1,1,1,1,1,1,1.0,1.0
1144,136,2,2,2,2,2,2,1.0,1.0
1144,112,1,1,1,1,1,1,1.0,1.0
1144,594,1,1,1,1,1,1,1.0,1.0
1144,468,2,2,2,2,2,2,1.0,1.0
1144,501,2,2,2,2,2,2,1.0,1.0
1144,663,1,1,1,1,1,1,1.0,1.0
1144,15,2,2,2,2,2,2,1.0,1.0
1144,516,2,2,1,1,1,1,0.6,0.8
1144,436,0,0,0,0,0,0,1.0,1.0
1144,340,0,0,0,0,0,0,1.0,1.0
1144,362,1,1,1,1,1,1,1.0,1.0
1144,92,1,1,1,1,1,1,1.0,1.0
1144,622,2,2,2,2,2,2,1.0,1.0
1144,527,2,2,2,2,2,2,1.0,1.0
1144,76,1,1,1,1,1,1,1.0,1.0
1144,616,1,1,1,1,1,1,1.0,1.0
1144,312,2,2,2,2,2,2,1.0,1.0
1144,103,1,1,1,1,1,1,1.0,1.0
1144,271,2,2,2,2,2,2,1.0,1.0
1144,681,2,2,2,2,2,2,1.0,1.0
1144,185,1,1,1,1,1,1,1.0,1.0
1144,646,2,2,2,2,2,2,1.0,1.0
1144,95,2,2,2,2,2,2,1.0,1.0
1144,87,0,0,0,0,0,0,1.0,1.0
1144,672,1,1,1,1,1,1,1.0,1.0
1144,306,1,1,1,1,1,1,1.0,1.0
1144,690,1,1,1,1,1,1,1.0,1.0
1144,267,1,1,1,1,1,1,1.0,1.0
1144,99,0,0,0,0,0,0,1.0,1.0
1144,635,1,1,1,1,1,1,1.0,1.0
1144,470,1,1,1,1,1,1,1.0,1.0
1144,69,1,1,1,1,1,1,1.0,1.0
1144,128,2,2,2,2,2,2,1.0,1.0
1144,568,2,2,2,2,2,2,1.0,1.0
1144,18,2,2,2,2,2,2,1.0,1.0
1144,625,2,2,2,2,2,2,1.0,1.0
9453,630,1,1,1,1,1,1,1.0,1.0
9453,11,0,0,0,0,0,0,1.0,1.0
9453,447,0,0,0,0,0,0,1.0,1.0
9453,237,0,0,0,0,0,0,1.0,1.0
9453,267,2,2,2,2,2,2,1.0,1.0
9453,201,0,0,0,0,0,0,1.0,1.0
9453,482,1,1,1,1,1,1,1.0,1.0
9453,633,0,0,0,0,0,0,1.0,1.0
9453,641,2,2,2,2,2,2,1.0,1.0
9453,581,2,2,2,2,2,2,1.0,1.0
9453,728,2,2,2,2,2,2,1.0,1.0
9453,623,1,1,1,1,1,1,1.0,1.0
9453,528,1,1,1,1,1,1,1.0,1.0
9453,58,1,1,1,1,1,1,1.0,1.0
9453,693,1,1,1,1,1,1,1.0,1.0
9453,426,1,1,1,1,1,1,1.0,1.0
9453,654,0,1,1,1,1,1,0.8,0.9
9453,128,1,1,1,1,1,1,1.0,1.0
9453,540,1,1,1,1,1,1,1.0,1.0
9453,688,2,2,2,2,2,2,1.0,1.0
9453,191,0,0,0,0,0,0,1.0,1.0
9453,317,1,1,1,1,1,1,1.0,1.0
9453,417,0,0,0,0,0,0,1.0,1.0
9453,107,1,1,1,1,1,1,1.0,1.0
9453,469,2,2,2,2,2,2,1.0,1.0
9453,298,2,2,2,2,2,2,1.0,1.0
9453,240,2,2,2,2,2,2,1.0,1.0
9453,572,1,1,1,1,1,1,1.0,1.0
9453,127,1,1,1,1,1,1,1.0,1.0
9453,211,2,2,2,2,2,2,1.0,1.0
9453,596,2,2,2,2,2,2,1.0,1.0
9453,281,1,1,1,1,1,1,1.0,1.0
9453,607,1,1,1,1,1,1,1.0,1.0
9453,505,1,1,1,1,1,1,1.0,1.0
9453,501,2,2,2,2,2,2,1.0,1.0
9453,438,2,2,2,2,2,2,1.0,1.0
9453,394,2,2,2,2,2,2,1.0,1.0
9453,185,1,1,1,1,1,1,1.0,1.0
9453,685,0,0,0,0,0,0,1.0,1.0
9453,642,2,2,2,2,2,2,1.0,1.0
9453,717,2,2,2,2,2,2,1.0,1.0
9453,514,2,2,2,2,2,2,1.0,1.0
9453,676,1,1,1,1,1,1,1.0,1.0
9453,363,1,1,1,1,1,1,1.0,1.0
9453,401,2,2,2,2,2,2,1.0,1.0
9453,697,2,2,2,2,2,2,1.0,1.0
9453,510,2,2,2,2,2,2,1.0,1.0
9453,612,1,1,1,1,1,1,1.0,1.0
9453,432,0,0,0,0,0,0,1.0,1.0
9453,431,1,1,1,1,1,1,1.0,1.0
9453,502,0,0,0,0,0,0,1.0,1.0
9453,296,0,0,0,0,0,0,1.0,1.0
9453,663,0,0,0,0,0,0,1.0,1.0
9453,219,0,0,0,0,0,0,1.0,1.0
9453,741,2,2,2,2,2,2,1.0,1.0
9453,435,2,2,2,2,2,2,1.0,1.0
9453,318,1,1,1,1,1,1,1.0,1.0
9453,588,2,2,2,2,2,2,1.0,1.0
9453,67,1,1,1,1,1,1,1.0,1.0
9453,214,0,0,0,0,0,0,1.0,1.0
9453,304,1,1,1,1,1,1,1.0,1.0
9453,45,1,1,1,1,1,1,1.0,1.0
9453,554,2,2,2,2,2,2,1.0,1.0
9453,278,1,1,1,1,1,1,1.0,1.0
9453,306,2,2,2,2,2,2,1.0,1.0
9453,192,0,0,1,1,0,0,0.6,0.8
9453,335,0,0,0,0,0,0,1.0,1.0
9453,474,2,2,2,2,2,2,1.0,1.0
9453,266,0,0,0,0,0,0,1.0,1.0
9453,292,2,2,2,2,2,2,1.0,1.0
9453,181,2,2,2,2,2,2,1.0,1.0
9453,305,1,1,1,1,1,1,1.0,1.0
9453,164,1,1,1,1,1,1,1.0,1.0
9453,512,1,1,1,1,1,1,1.0,1.0
9453,294,1,1,1,1,1,1,1.0,1.0
9453,81,1,1,1,1,1,1,1.0,1.0
8452,518,2,2,2,2,2,2,1.0,1.0
8452,176,1,1,1,1,1,1,1.0,1.0
8452,502,1,1,1,1,1,1,1.0,1.0
8452,95,1,1,1,1,1,1,1.0,1.0
8452,554,2,2,2,2,2,2,1.0,1.0
8452,162,1,1,1,1,1,1,1.0,1.0
8452,201,0,0,0,0,0,0,1.0,1.0
8452,437,0,0,0,0,0,0,1.0,1.0
8452,737,0,0,0,0,0,0,1.0,1.0
8452,407,0,0,0,0,0,0,1.0,1.0
8452,216,0,1,1,0,1,1,0.6,0.8
8452,625,2,2,2,2,2,2,1.0,1.0
8452,181,1,1,1,1,1,1,1.0,1.0
8452,135,1,1,1,1,1,1,1.0,1.0
8452,681,2,2,2,2,2,2,1.0,1.0
8452,482,1,1,1,1,1,1,1.0,1.0
8452,128,1,1,1,1,1,1,1.0,1.0
8452,461,0,0,0,0,0,0,1.0,1.0
8452,317,0,0,0,0,0,0,1.0,1.0
8452,427,1,1,1,1,1,1,1.0,1.0
8452,498,1,1,1,1,1,1,1.0,1.0
8452,567,0,0,0,0,0,0,1.0,1.0
8452,371,0,0,0,0,0,0,1.0,1.0
8452,568,1,1,1,1,1,1,1.0,1.0
8452,99,1,1,1,1,1,1,1.0,1.0
8452,370,1,1,1,1,1,1,1.0,1.0
8452,7,0,0,0,0,0,0,1.0,1.0
8452,501,2,2,2,2,2,2,1.0,1.0
8452,723,1,1,1,1,1,1,1.0,1.0
8452,255,0,0,0,0,0,0,1.0,1.0
8452,571,1,1,1,1,1,1,1.0,1.0
8452,231,0,0,0,0,0,0,1.0,1.0
8452,469,2,2,2,2,2,2,1.0,1.0
8452,66,0,0,0,0,0,0,1.0,1.0
8452,395,2,2,2,2,2,2,1.0,1.0
8452,138,1,1,1,1,1,1,1.0,1.0
8452,633,0,0,0,0,0,0,1.0,1.0
8452,165,0,0,0,0,0,0,1.0,1.0
8452,321,0,0,0,0,0,0,1.0,1.0
8452,451,1,1,1,1,1,1,1.0,1.0
8452,363,1,1,1,1,1,1,1.0,1.0
8452,472,1,1,1,1,1,1,1.0,1.0
8452,418,0,0,0,0,0,0,1.0,1.0
8452,354,1,1,1,1,1,1,1.0,1.0
8452,302,0,0,0,0,0,0,1.0,1.0
8452,172,0,1,0,0,0,0,0.8,0.9
8452,623,1,1,1,1,1,1,1.0,1.0
8452,278,1,1,1,1,1,1,1.0,1.0
8452,322,1,1,1,1,1,1,1.0,1.0
8452,180,1,1,1,1,1,1,1.0,1.0
8452,104,1,1,1,1,1,1,1.0,1.0
8452,150,0,0,0,0,0,0,1.0,1.0
8452,120,1,1,1,1,1,1,1.0,1.0
8452,35,1,0,1,0,0,0,0.6,0.8
8452,465,1,1,1,1,1,1,1.0,1.0
8452,622,1,1,1,1,1,1,1.0,1.0
8452,445,1,0,1,1,1,1,0.8,0.9
8452,105,0,0,0,0,0,0,1.0,1.0
3832,393,0,0,0,0,0,0,1.0,1.0
3832,48,0,0,0,0,0,0,1.0,1.0
3832,346,1,1,1,1,1,1,1.0,1.0
3832,457,1,1,1,1,1,1,1.0,1.0
3832,721,1,1,1,1,1,1,1.0,1.0
3832,5,0,0,0,0,0,0,1.0,1.0
3832,717,1,1,1,1,1,1,1.0,1.0
3832,368,1,1,1,1,1,1,1.0,1.0
3832,200,2,2,2,2,2,2,1.0,1.0
3832,672,2,2,2,2,2,2,1.0,1.0
3832,551,2,2,2,2,2,2,1.0,1.0
3832,322,1,1,1,1,1,1,1.0,1.0
3832,236,0,0,0,0,0,0,1.0,1.0
3832,135,1,1,1,1,1,1,1.0,1.0
3832,395,1,1,1,1,1,1,1.0,1.0
3832,321,1,1,1,1,0,1,0.8,0.9
3832,21,1,1,1,1,1,1,1.0,1.0
3832,319,1,1,1,1,1,1,1.0,1.0
3832,133,1,1,1,1,0,1,0.8,0.9
3832,570,1,1,1,1,1,1,1.0,1.0
3832,237,0,0,0,0,0,0,1.0,1.0
3832,336,1,1,1,1,1,1,1.0,1.0
3832,518,2,2,2,2,2,2,1.0,1.0
3832,741,1,1,1,1,1,1,1.0,1.0
3832,312,2,1,2,2,2,2,0.8,0.9
3832,435,2,2,2,2,2,2,1.0,1.0
3832,245,1,1,1,1,2,1,0.8,0.9
3832,149,1,1,1,1,1,1,1.0,1.0
3832,202,0,0,0,0,0,0,1.0,1.0
3832,465,1,1,1,1,1,1,1.0,1.0
3832,305,1,1,1,1,1,1,1.0,1.0
3832,688,2,2,2,2,2,2,1.0,1.0
3832,502,1,1,1,1,1,1,1.0,1.0
3832,104,1,1,1,1,1,1,1.0,1.0
3832,185,1,1,1,1,1,1,1.0,1.0
3832,35,0,0,0,0,0,0,1.0,1.0
3832,354,1,1,1,1,1,1,1.0,1.0
3832,670,2,2,2,2,2,2,1.0,1.0
3832,121,1,1,1,1,1,1,1.0,1.0
3832,593,0,0,0,0,0,0,1.0,1.0
3832,52,1,1,1,1,1,1,1.0,1.0
3832,308,1,1,1,1,1,1,1.0,1.0
3832,240,2,2,2,2,2,2,1.0,1.0
3832,231,0,0,0,0,0,0,1.0,1.0
3832,630,1,1,1,1,1,1,1.0,1.0
3832,306,2,2,2,2,2,2,1.0,1.0
3832,350,1,1,1,1,1,1,1.0,1.0
3832,294,1,1,1,1,1,1,1.0,1.0
3832,556,1,1,1,1,1,1,1.0,1.0
3832,656,0,0,0,0,0,0,1.0,1.0
3832,514,2,2,2,2,2,2,1.0,1.0
3832,292,1,2,1,1,2,1,0.6,0.8
3832,642,2,2,2,2,2,2,1.0,1.0
3832,166,1,1,1,1,1,1,1.0,1.0
3832,417,0,0,0,0,0,0,1.0,1.0
3832,487,1,1,1,1,1,1,1.0,1.0
3832,162,1,1,1,1,1,1,1.0,1.0
3832,612,1,1,1,1,1,1,1.0,1.0
3832,728,1,1,1,1,1,1,1.0,1.0
3832,510,1,1,1,1,1,1,1.0,1.0
3832,239,0,0,0,0,0,0,1.0,1.0
3832,533,0,0,0,0,0,0,1.0,1.0
3832,668,0,0,0,0,0,0,1.0,1.0
3832,676,0,0,0,0,0,0,1.0,1.0
3832,528,0,0,0,0,0,0,1.0,1.0
3832,438,2,2,2,2,2,2,1.0,1.0
3832,454,1,1,1,1,1,1,1.0,1.0
3832,588,2,2,2,1,1,2,0.6,0.8
3832,301,1,1,1,1,1,1,1.0,1.0
3832,625,1,1,1,1,1,1,1.0,1.0
3832,426,1,0,0,1,1,1,0.6,0.8
3832,475,1,1,1,1,1,1,1.0,1.0
3832,394,2,2,2,2,2,2,1.0,1.0
3832,545,1,1,1,1,1,1,1.0,1.0
3832,30,0,0,0,0,0,0,1.0,1.0
3832,81,1,1,1,1,1,1,1.0,1.0
3832,209,0,0,0,0,0,0,1.0,1.0
3832,467,0,0,0,0,0,0,1.0,1.0
3832,568,1,1,1,1,1,1,1.0,1.0
3832,150,0,0,0,0,0,0,1.0,1.0
635,509,1,1,1,1,1,1,1.0,1.0
635,478,2,2,2,2,2,2,1.0,1.0
635,728,1,1,1,1,1,1,1.0,1.0
635,710,0,0,0,0,0,0,1.0,1.0
635,150,0,0,0,0,0,0,1.0,1.0
635,736,1,1,1,1,1,1,1.0,1.0
635,611,0,0,0,0,0,0,1.0,1.0
635,625,1,1,0,1,1,1,0.8,0.9
635,406,0,0,0,0,0,0,1.0,1.0
635,688,0,0,0,0,0,0,1.0,1.0
635,554,2,2,2,2,2,2,1.0,1.0
635,475,0,0,0,0,0,0,1.0,1.0
635,322,0,0,0,0,0,0,1.0,1.0
635,336,1,1,1,1,1,1,1.0,1.0
635,642,1,1,1,1,1,1,1.0,1.0
635,290,0,0,0,0,0,0,1.0,1.0
635,417,0,0,0,0,0,0,1.0,1.0
635,587,0,0,0,0,0,0,1.0,1.0
635,663,0,0,0,0,0,0,1.0,1.0
635,416,0,0,0,0,0,0,1.0,1.0
635,99,0,0,0,0,0,0,1.0,1.0
635,37,2,2,2,2,2,2,1.0,1.0
635,498,0,0,0,0,0,0,1.0,1.0
635,383,0,0,0,0,0,0,1.0,1.0
635,598,1,1,1,1,1,1,1.0,1.0
635,184,1,1,1,1,1,1,1.0,1.0
635,469,2,2,2,2,2,2,1.0,1.0
635,623,1,1,1,1,1,1,1.0,1.0
635,630,0,0,0,0,0,0,1.0,1.0
635,545,1,1,1,1,1,1,1.0,1.0
635,162,0,0,0,0,0,0,1.0,1.0
635,317,1,1,1,1,1,1,1.0,1.0
635,643,0,0,0,0,0,0,1.0,1.0
635,741,1,1,1,1,1,1,1.0,1.0
635,670,0,0,0,1,0,0,0.8,0.9
635,708,0,0,0,0,0,0,1.0,1.0
635,612,0,0,0,0,0,0,1.0,1.0
635,305,1,1,1,1,1,1,1.0,1.0
635,393,0,0,0,0,0,0,1.0,1.0
635,482,1,1,1,1,1,1,1.0,1.0
635,306,0,0,0,0,0,0,1.0,1.0
635,329,0,0,0,0,0,0,1.0,1.0
635,409,0,0,0,0,0,0,1.0,1.0
635,294,0,0,0,0,0,0,1.0,1.0
635,20,0,0,0,0,0,0,1.0,1.0
635,436,0,0,0,0,0,0,1.0,1.0
635,201,0,0,0,0,0,0,1.0,1.0
635,67,0,0,0,0,0,0,1.0,1.0
635,412,1,1,1,1,1,1,1.0,1.0
635,181,1,1,1,1,1,1,1.0,1.0
635,591,0,0,0,0,0,0,1.0,1.0
635,615,0,0,0,0,0,0,1.0,1.0
635,404,0,0,0,0,0,0,1.0,1.0
635,79,0,0,0,0,0,0,1.0,1.0
635,681,1,1,1,1,1,1,1.0,1.0
635,661,0,1,1,1,1,1,0.8,0.9
635,31,0,0,0,0,0,0,1.0,1.0
635,81,1,1,1,1,1,1,1.0,1.0
635,166,1,1,1,1,1,1,1.0,1.0
635,660,1,1,2,1,1,1,0.8,0.9
635,229,1,1,1,1,1,1,1.0,1.0
635,256,0,0,0,0,0,0,1.0,1.0
635,267,0,0,0,0,0,0,1.0,1.0
635,194,1,1,1,1,1,1,1.0,1.0
635,622,0,0,0,0,0,0,1.0,1.0
635,83,0,0,0,0,0,0,1.0,1.0
635,441,1,1,1,1,1,1,1.0,1.0
635,303,0,0,0,0,0,0,1.0,1.0
635,5,1,1,1,1,1,1,1.0,1.0
635,617,1,1,1,1,0,1,0.8,0.9
635,350,1,0,1,0,1,1,0.6,0.8
635,439,0,0,0,0,0,0,1.0,1.0
635,607,0,0,0,0,0,0,1.0,1.0
635,185,0,0,0,0,0,0,1.0,1.0
635,314,1,1,0,1,0,1,0.6,0.8
635,693,1,1,1,1,1,1,1.0,1.0
635,465,1,1,1,1,1,1,1.0,1.0
635,621,0,0,0,0,0,0,1.0,1.0
635,435,1,1,1,1,1,1,1.0,1.0
635,510,1,1,1,1,1,1,1.0,1.0
635,211,2,2,2,2,2,2,1.0,1.0
635,95,0,0,0,0,0,0,1.0,1.0
635,392,1,1,1,1,1,1,1.0,1.0
635,315,0,0,0,0,0,0,1.0,1.0
635,346,1,1,1,1,1,1,1.0,1.0
635,354,1,1,0,1,1,1,0.8,0.9
635,506,1,1,1,1,1,1,1.0,1.0
635,540,0,0,0,0,0,0,1.0,1.0
635,319,1,1,1,1,1,1,1.0,1.0
635,278,0,0,0,0,0,0,1.0,1.0
5560,43,0,1,0,0,0,0,0.8,0.9
5560,567,0,0,0,0,0,0,1.0,1.0
5560,435,2,2,2,2,2,2,1.0,1.0
5560,436,0,0,0,0,0,0,1.0,1.0
5560,135,1,1,1,1,1,1,1.0,1.0
5560,185,1,1,1,1,1,1,1.0,1.0
5560,198,0,0,0,0,0,0,1.0,1.0
5560,25,1,1,1,1,1,1,1.0,1.0
5560,104,1,1,1,1,1,1,1.0,1.0
5560,717,1,1,1,1,1,1,1.0,1.0
5560,354,1,1,1,1,1,1,1.0,1.0
5560,501,1,1,1,1,1,1,1.0,1.0
5560,506,0,1,1,0,1,1,0.6,0.8
5560,181,2,2,2,2,2,2,1.0,1.0
5560,621,0,0,0,0,0,0,1.0,1.0
5560,588,1,1,1,1,1,1,1.0,1.0
5560,138,1,1,1,1,1,1,1.0,1.0
5560,449,1,1,1,1,1,1,1.0,1.0
5560,346,1,1,1,1,1,1,1.0,1.0
5560,397,0,0,0,0,0,0,1.0,1.0
5560,128,1,1,1,1,1,1,1.0,1.0
5560,172,1,1,1,1,1,1,1.0,1.0
5560,22,0,1,1,0,1,1,0.6,0.8
5560,484,0,0,0,0,0,0,1.0,1.0
5560,88,2,2,2,2,2,2,1.0,1.0
5560,448,0,0,0,0,0,0,1.0,1.0
5560,438,2,2,2,2,2,2,1.0,1.0
5560,291,0,0,0,0,0,0,1.0,1.0
5560,723,1,1,1,1,1,1,1.0,1.0
5560,527,1,1,1,1,1,1,1.0,1.0
5560,508,0,0,0,0,0,0,1.0,1.0
5560,156,1,1,1,1,1,1,1.0,1.0
5560,453,1,1,1,1,1,1,1.0,1.0
5560,712,2,2,2,2,2,2,1.0,1.0
5560,528,0,0,0,0,0,0,1.0,1.0
5560,685,0,0,0,0,0,0,1.0,1.0
5560,571,1,1,1,1,1,1,1.0,1.0
5560,677,1,1,1,1,1,1,1.0,1.0
5560,155,0,0,0,0,0,0,1.0,1.0
5560,57,0,0,0,0,0,0,1.0,1.0
5560,249,0,0,0,0,0,0,1.0,1.0
5560,369,1,1,1,1,1,1,1.0,1.0
5560,300,0,0,1,0,1,0,0.6,0.8
5560,600,1,1,1,1,1,1,1.0,1.0
5560,68,0,0,0,0,0,0,1.0,1.0
5560,394,2,2,2,2,2,2,1.0,1.0
5560,212,1,1,1,1,1,1,1.0,1.0
5560,387,0,0,0,0,0,0,1.0,1.0
5560,217,1,1,1,1,1,1,1.0,1.0
5560,565,0,0,0,0,0,0,1.0,1.0
5560,395,2,2,2,2,2,2,1.0,1.0
5560,71,1,1,1,1,1,1,1.0,1.0
5560,35,0,0,0,0,0,0,1.0,1.0
5560,308,1,1,1,1,1,1,1.0,1.0
5560,730,0,0,0,0,0,0,1.0,1.0
5560,307,2,2,2,2,2,2,1.0,1.0
5560,176,1,1,1,1,1,1,1.0,1.0
5560,633,0,0,0,0,0,0,1.0,1.0
5560,625,2,1,2,2,1,2,0.6,0.8
5560,514,2,2,2,2,2,2,1.0,1.0
5560,363,1,1,1,0,1,1,0.8,0.9
5560,574,2,2,2,2,2,2,1.0,1.0
5560,113,1,0,0,0,0,0,0.8,0.9
5560,292,1,1,2,1,1,1,0.8,0.9
5560,312,2,2,2,2,2,2,1.0,1.0
5560,676,1,1,1,1,1,1,1.0,1.0
5560,81,1,1,1,1,1,1,1.0,1.0
5560,417,0,0,0,0,0,0,1.0,1.0
6067,681,2,2,2,2,2,2,1.0,1.0
6067,54,2,2,2,2,2,2,1.0,1.0
6067,133,1,1,1,1,1,1,1.0,1.0
6067,314,1,1,1,1,1,1,1.0,1.0
6067,6,2,2,2,2,2,2,1.0,1.0
6067,118,2,1,1,1,1,1,0.8,0.9
6067,734,1,1,1,1,1,1,1.0,1.0
6067,674,2,2,2,2,2,2,1.0,1.0
6067,9,0,0,0,0,0,0,1.0,1.0
6067,375,1,1,1,1,1,1,1.0,1.0
6067,99,1,1,1,1,1,1,1.0,1.0
6067,676,1,1,1,1,1,1,1.0,1.0
6067,79,0,0,0,0,0,0,1.0,1.0
6067,231,0,0,0,0,0,0,1.0,1.0
6067,731,0,0,0,0,0,0,1.0,1.0
6067,514,2,2,2,2,2,2,1.0,1.0
6067,240,2,2,2,2,2,2,1.0,1.0
6067,168,0,0,0,0,0,0,1.0,1.0
6067,469,2,2,2,2,2,2,1.0,1.0
6067,430,0,0,0,0,0,0,1.0,1.0
6067,222,0,0,0,0,0,0,1.0,1.0
6067,640,0,0,0,0,0,0,1.0,1.0
6067,612,1,1,1,1,1,1,1.0,1.0
6067,3,1,1,1,1,1,1,1.0,1.0
6067,418,0,0,0,0,0,0,1.0,1.0
6067,305,1,1,1,1,1,1,1.0,1.0
6067,565,0,0,0,1,0,0,0.8,0.9
6067,510,1,1,1,1,1,1,1.0,1.0
6067,170,0,0,0,0,0,0,1.0,1.0
6067,111,0,0,0,0,0,0,1.0,1.0
6067,670,2,2,2,2,2,2,1.0,1.0
6067,623,1,1,1,1,1,1,1.0,1.0
6067,521,0,0,0,0,0,0,1.0,1.0
6067,664,1,1,1,1,1,1,1.0,1.0
6067,176,1,1,1,1,1,1,1.0,1.0
6067,70,1,1,1,1,1,1,1.0,1.0
6067,104,1,1,1,1,1,1,1.0,1.0
6067,717,2,2,2,2,2,2,1.0,1.0
6067,729,1,1,1,1,1,1,1.0,1.0
6067,709,0,0,0,0,0,0,1.0,1.0
6067,302,0,0,0,0,0,0,1.0,1.0
6067,162,1,1,1,1,1,1,1.0,1.0
6067,154,2,2,2,2,2,2,1.0,1.0
6067,723,2,2,2,2,2,2,1.0,1.0
6067,522,0,0,0,1,0,0,0.8,0.9
6067,571,2,2,2,2,2,2,1.0,1.0
6067,24,2,2,2,2,2,2,1.0,1.0
6067,230,1,1,1,1,1,1,1.0,1.0
6067,679,0,0,0,0,0,0,1.0,1.0
6067,288,1,1,1,1,1,1,1.0,1.0
6067,184,1,1,1,1,1,1,1.0,1.0
6067,32,0,0,0,0,0,0,1.0,1.0
6067,537,0,0,0,0,0,0,1.0,1.0
6067,138,1,1,1,1,1,1,1.0,1.0
6067,180,2,2,2,2,2,2,1.0,1.0
6067,545,1,1,1,1,1,1,1.0,1.0
6067,611,1,1,1,1,1,1,1.0,1.0
6067,166,1,1,2,2,1,1,0.6,0.8
6067,35,0,0,0,0,0,0,1.0,1.0
6067,566,0,0,1,1,0,0,0.6,0.8
6067,386,0,0,0,0,0,0,1.0,1.0
6067,411,1,1,1,1,1,1,1.0,1.0
6067,741,1,1,2,1,1,1,0.8,0.9
6067,518,2,2,2,2,2,2,1.0,1.0
6067,528,0,0,0,0,0,0,1.0,1.0
6067,393,0,0,0,0,0,0,1.0,1.0
6067,84,0,0,0,0,0,0,1.0,1.0
6067,722,2,2,2,2,2,2,1.0,1.0
6067,453,0,0,0,0,0,0,1.0,1.0
6067,112,0,0,0,0,0,0,1.0,1.0
6067,694,1,1,1,1,1,1,1.0,1.0
6067,725,1,1,1,1,1,1,1.0,1.0
6067,395,2,2,1,1,2,2,0.6,0.8
6067,128,1,1,1,1,1,1,1.0,1.0
6067,38,1,1,1,1,1,1,1.0,1.0
6067,25,1,1,1,1,1,1,1.0,1.0
6067,470,0,0,0,0,0,0,1.0,1.0
6067,312,2,2,2,2,2,2,1.0,1.0
6067,482,1,1,1,1,1,1,1.0,1.0
6067,621,0,0,0,0,0,0,1.0,1.0
6067,308,1,1,1,1,1,1,1.0,1.0
4784,171,0,0,0,0,0,0,1.0,1.0
4784,306,1,1,1,1,1,1,1.0,1.0
4784,398,1,1,1,2,1,1,0.8,0.9
4784,568,2,2,2,2,2,2,1.0,1.0
4784,312,2,2,2,2,2,2,1.0,1.0
4784,673,1,1,1,1,1,1,1.0,1.0
4784,641,2,2,2,2,2,2,1.0,1.0
4784,318,1,1,1,1,1,1,1.0,1.0
4784,294,2,2,2,2,2,2,1.0,1.0
4784,633,0,0,0,0,0,0,1.0,1.0
4784,465,2,2,2,2,2,2,1.0,1.0
4784,292,2,2,2,2,2,2,1.0,1.0
4784,217,2,2,2,2,2,2,1.0,1.0
4784,412,2,2,2,2,2,2,1.0,1.0
4784,315,1,1,1,1,1,1,1.0,1.0
4784,502,1,1,1,1,1,1,1.0,1.0
4784,42,0,0,0,0,0,0,1.0,1.0
4784,691,0,0,0,0,0,0,1.0,1.0
4784,100,1,1,1,1,1,1,1.0,1.0
4784,601,2,2,2,2,2,2,1.0,1.0
4784,520,1,1,1,1,1,1,1.0,1.0
4784,128,2,2,2,2,2,2,1.0,1.0
4784,3,2,2,2,2,2,2,1.0,1.0
4784,402,1,0,1,0,1,1,0.6,0.8
4784,338,0,0,0,0,0,0,1.0,1.0
4784,406,1,1,1,1,1,1,1.0,1.0
4784,185,1,1,1,1,1,1,1.0,1.0
4784,324,2,2,2,2,2,2,1.0,1.0
4784,134,2,2,2,2,2,2,1.0,1.0
4784,363,2,2,2,2,2,2,1.0,1.0
4784,462,2,2,2,2,2,2,1.0,1.0
4784,317,2,2,2,2,2,2,1.0,1.0
4784,394,2,2,2,2,2,2,1.0,1.0
4784,269,1,1,1,1,1,1,1.0,1.0
4784,407,0,0,0,0,0,0,1.0,1.0
4784,74,1,1,1,1,1,1,1.0,1.0
4784,371,0,0,0,0,0,0,1.0,1.0
4784,501,2,2,2,2,2,2,1.0,1.0
4784,347,0,0,0,0,0,0,1.0,1.0
4784,90,1,1,1,1,1,1,1.0,1.0
4784,438,2,2,2,2,2,2,1.0,1.0
4784,5,1,1,1,1,1,1,1.0,1.0
4784,554,2,2,2,2,2,2,1.0,1.0
4784,138,2,2,2,2,2,2,1.0,1.0
4784,388,0,0,0,0,0,0,1.0,1.0
4784,544,2,2,2,2,2,2,1.0,1.0
4784,688,2,2,2,2,2,2,1.0,1.0
4784,28,0,0,0,0,0,0,1.0,1.0
4784,281,2,2,2,2,2,2,1.0,1.0
4784,278,2,2,2,2,2,2,1.0,1.0
4784,105,0,0,0,0,0,0,1.0,1.0
4784,512,2,2,2,2,2,2,1.0,1.0
4784,519,0,0,0,0,0,0,1.0,1.0
4784,346,2,2,2,2,2,2,1.0,1.0
4784,179,1,1,1,1,1,1,1.0,1.0
4784,95,2,2,2,2,2,2,1.0,1.0
4784,241,0,0,0,0,0,0,1.0,1.0
4784,622,2,2,2,2,2,2,1.0,1.0
4784,600,1,1,1,1,1,1,1.0,1.0
4784,627,0,0,0,0,0,0,1.0,1.0
4784,565,0,0,0,0,0,0,1.0,1.0
4784,728,2,2,2,2,2,2,1.0,1.0
4784,322,2,2,2,2,2,2,1.0,1.0
4784,88,2,2,2,2,2,2,1.0,1.0
4784,588,2,2,2,2,2,2,1.0,1.0
4784,12,2,2,2,2,2,2,1.0,1.0
4784,642,2,2,2,2,2,2,1.0,1.0
4784,630,2,2,2,2,2,2,1.0,1.0
4784,256,0,0,0,0,0,0,1.0,1.0
4784,652,0,0,0,0,0,0,1.0,1.0
4784,482,2,2,2,2,2,2,1.0,1.0
743,491,1,1,1,1,1,1,1.0,1.0
743,273,0,0,0,0,0,0,1.0,1.0
743,278,0,0,0,0,0,0,1.0,1.0
743,465,1,1,1,1,1,1,1.0,1.0
743,697,0,0,0,0,0,0,1.0,1.0
743,546,0,0,0,0,0,0,1.0,1.0
743,728,0,0,0,0,0,0,1.0,1.0
743,515,0,0,0,0,0,0,1.0,1.0
743,269,0,0,0,0,0,0,1.0,1.0
743,113,0,1,1,1,0,1,0.6,0.8
743,595,0,0,0,0,0,0,1.0,1.0
743,308,1,1,1,1,1,1,1.0,1.0
743,104,0,0,0,0,0,0,1.0,1.0
743,554,1,1,1,1,1,1,1.0,1.0
743,191,0,0,0,0,0,0,1.0,1.0
743,741,1,1,1,1,1,1,1.0,1.0
743,231,0,0,0,0,0,0,1.0,1.0
743,81,1,1,1,1,1,1,1.0,1.0
743,469,1,2,1,1,2,1,0.6,0.8
743,294,1,1,1,1,1,1,1.0,1.0
743,676,0,0,0,0,0,0,1.0,1.0
743,688,1,1,1,1,1,1,1.0,1.0
743,95,1,0,0,0,0,0,0.8,0.9
743,502,0,0,0,0,0,0,1.0,1.0
743,306,1,1,1,1,1,1,1.0,1.0
743,182,1,1,1,1,1,1,1.0,1.0
743,368,1,1,1,1,1,1,1.0,1.0
743,162,0,0,0,0,0,0,1.0,1.0
743,302,0,0,0,0,0,0,1.0,1.0
743,438,1,1,1,1,1,1,1.0,1.0
743,621,0,0,0,0,0,0,1.0,1.0
743,644,0,0,0,0,0,0,1.0,1.0
743,176,1,1,1,1,1,1,1.0,1.0
743,253,0,0,0,0,0,0,1.0,1.0
743,568,0,0,0,0,0,0,1.0,1.0
743,184,1,1,1,1,1,1,1.0,1.0
743,195,2,2,2,2,2,2,1.0,1.0
743,588,1,1,1,1,1,1,1.0,1.0
743,625,1,0,0,0,0,0,0.8,0.9
743,317,0,0,0,0,0,0,1.0,1.0
743,166,1,1,1,1,1,1,1.0,1.0
743,480,0,0,0,0,0,0,1.0,1.0
743,207,1,1,1,1,1,1,1.0,1.0
743,737,0,0,0,0,0,0,1.0,1.0
743,510,1,1,1,1,1,1,1.0,1.0
743,363,0,0,0,0,0,0,1.0,1.0
743,24,1,1,1,1,1,1,1.0,1.0
743,633,0,0,0,0,0,0,1.0,1.0
743,723,1,1,1,1,1,1,1.0,1.0
743,524,0,0,0,0,0,0,1.0,1.0
743,361,0,0,0,0,0,0,1.0,1.0
743,623,1,1,1,1,1,1,1.0,1.0
743,181,1,1,1,1,1,1,1.0,1.0
743,583,2,2,1,2,2,2,0.8,0.9
743,701,0,0,0,0,0,0,1.0,1.0
743,612,0,0,0,0,0,0,1.0,1.0
743,405,0,0,0,0,0,0,1.0,1.0
743,45,1,1,1,1,1,1,1.0,1.0
743,466,0,0,0,0,0,0,1.0,1.0
743,514,1,1,1,1,1,1,1.0,1.0
743,99,0,0,0,0,0,0,1.0,1.0
743,642,1,1,1,1,1,1,1.0,1.0
743,668,0,0,0,0,0,0,1.0,1.0
743,208,1,1,1,1,1,1,1.0,1.0
743,685,0,0,0,0,0,0,1.0,1.0
743,35,1,1,1,1,1,1,1.0,1.0
743,322,0,0,0,0,0,0,1.0,1.0
743,394,2,2,2,2,2,2,1.0,1.0
743,651,0,0,0,0,0,0,1.0,1.0
743,443,0,0,0,0,0,0,1.0,1.0
743,717,1,1,1,1,1,1,1.0,1.0
743,38,0,0,0,0,0,0,1.0,1.0
743,73,0,0,0,0,0,0,1.0,1.0
743,571,0,0,0,0,0,0,1.0,1.0
743,447,0,0,0,0,0,0,1.0,1.0
743,395,1,1,1,1,1,1,1.0,1.0
743,592,1,1,1,1,1,1,1.0,1.0
8108,35,0,0,0,0,0,0,1.0,1.0
8108,354,0,0,0,0,0,0,1.0,1.0
8108,394,1,1,1,1,1,1,1.0,1.0
8108,620,0,0,0,0,0,0,1.0,1.0
8108,139,0,0,0,0,0,0,1.0,1.0
8108,571,0,0,0,0,0,0,1.0,1.0
8108,523,0,0,0,0,0,0,1.0,1.0
8108,271,0,0,0,0,0,0,1.0,1.0
8108,459,1,1,1,1,1,1,1.0,1.0
8108,528,0,0,0,0,0,0,1.0,1.0
8108,16,1,1,1,1,1,1,1.0,1.0
8108,231,0,0,0,0,0,0,1.0,1.0
8108,668,0,0,0,0,0,0,1.0,1.0
8108,600,0,0,0,0,0,0,1.0,1.0
8108,322,0,0,0,0,0,0,1.0,1.0
8108,47,0,0,0,0,0,0,1.0,1.0
8108,475,1,1,1,1,1,1,1.0,1.0
8108,379,0,0,0,0,0,0,1.0,1.0
8108,622,1,1,1,1,1,1,1.0,1.0
8108,741,0,0,0,1,1,0,0.6,0.8
8108,111,0,0,0,0,0,0,1.0,1.0
8108,728,0,0,0,0,0,0,1.0,1.0
8108,438,0,0,0,0,0,0,1.0,1.0
8108,417,0,0,0,0,0,0,1.0,1.0
8108,207,0,0,0,0,0,0,1.0,1.0
8108,554,1,1,1,1,1,1,1.0,1.0
8108,433,0,0,0,0,0,0,1.0,1.0
8108,382,0,0,0,0,0,0,1.0,1.0
8108,363,0,0,0,0,0,0,1.0,1.0
8108,390,0,0,0,0,0,0,1.0,1.0
8108,720,1,1,1,1,1,1,1.0,1.0
8108,670,1,1,1,1,1,1,1.0,1.0
8108,224,1,1,1,1,1,1,1.0,1.0
8108,540,0,0,0,0,0,0,1.0,1.0
8108,678,0,0,0,0,0,0,1.0,1.0
8108,7,0,0,0,0,0,0,1.0,1.0
8108,482,0,0,0,0,0,0,1.0,1.0
8108,724,0,0,0,0,0,0,1.0,1.0
8108,514,1,1,1,1,1,1,1.0,1.0
8108,576,0,0,0,0,0,0,1.0,1.0
8108,197,1,1,1,1,1,1,1.0,1.0
8108,681,0,0,0,0,0,0,1.0,1.0
8108,220,0,0,0,0,0,0,1.0,1.0
8108,308,1,1,1,1,1,1,1.0,1.0
8108,408,1,1,1,1,1,1,1.0,1.0
8108,518,0,0,0,0,0,0,1.0,1.0
8108,466,0,0,0,0,0,0,1.0,1.0
8108,292,0,0,1,0,0,0,0.8,0.9
8108,167,1,1,1,1,1,1,1.0,1.0
8108,137,0,0,0,0,0,0,1.0,1.0
8108,324,0,0,0,0,0,0,1.0,1.0
8108,81,1,1,1,1,1,1,1.0,1.0
8108,630,0,0,0,0,0,0,1.0,1.0
8108,99,0,0,0,0,0,0,1.0,1.0
8108,289,0,0,0,0,0,0,1.0,1.0
8108,435,0,0,0,0,0,0,1.0,1.0
8108,536,0,0,0,0,0,0,1.0,1.0
8108,635,0,0,0,0,0,0,1.0,1.0
8108,555,0,0,0,0,0,0,1.0,1.0
8108,343,0,0,0,0,0,0,1.0,1.0
8108,166,1,1,1,1,1,1,1.0,1.0
8108,465,1,1,1,1,1,1,1.0,1.0
8108,469,1,1,1,1,1,1,1.0,1.0
8108,545,1,0,1,1,1,1,0.8,0.9
8108,478,1,1,1,1,1,1,1.0,1.0
8108,480,0,0,0,0,0,0,1.0,1.0
8108,427,0,0,0,0,0,0,1.0,1.0
8108,509,0,0,0,0,0,0,1.0,1.0
8108,100,0,0,0,0,0,0,1.0,1.0
8108,317,1,1,1,1,1,1,1.0,1.0
8108,156,0,0,0,0,0,0,1.0,1.0
8108,608,1,1,1,1,1,1,1.0,1.0
8108,37,0,0,0,0,0,0,1.0,1.0
8108,501,1,1,1,1,1,1,1.0,1.0
8108,640,0,0,0,0,0,0,1.0,1.0
8108,402,0,0,0,0,0,0,1.0,1.0
8108,104,0,0,0,0,0,0,1.0,1.0
8108,603,0,0,0,0,0,0,1.0,1.0
8108,588,1,1,1,1,1,1,1.0,1.0
8108,190,0,0,0,0,0,0,1.0,1.0
8108,631,0,0,0,0,0,0,1.0,1.0
8108,169,0,0,0,0,0,0,1.0,1.0
8108,362,0,0,0,0,0,0,1.0,1.0
8108,592,0,0,0,0,0,0,1.0,1.0
8108,614,0,0,0,0,0,0,1.0,1.0
8108,305,1,1,1,1,1,1,1.0,1.0
8108,264,0,0,0,0,0,0,1.0,1.0
8108,306,0,0,0,0,0,0,1.0,1.0
8108,491,0,0,0,0,0,0,1.0,1.0
5338,676,1,1,1,1,1,1,1.0,1.0
5338,611,2,2,2,2,2,2,1.0,1.0
5338,518,2,2,2,2,2,2,1.0,1.0
5338,157,2,2,2,2,2,2,1.0,1.0
5338,622,1,1,1,1,1,1,1.0,1.0
5338,237,0,0,0,0,0,0,1.0,1.0
5338,222,1,1,1,1,1,1,1.0,1.0
5338,688,2,2,2,2,2,2,1.0,1.0
5338,51,1,1,1,1,1,1,1.0,1.0
5338,501,2,2,2,2,2,2,1.0,1.0
5338,458,2,2,2,2,2,2,1.0,1.0
5338,262,2,2,2,2,2,2,1.0,1.0
5338,293,1,1,1,1,1,1,1.0,1.0
5338,294,1,1,1,1,1,1,1.0,1.0
5338,278,1,1,1,1,1,1,1.0,1.0
5338,723,2,2,2,2,2,2,1.0,1.0
5338,739,2,2,2,2,2,2,1.0,1.0
5338,630,1,1,1,1,1,1,1.0,1.0
5338,545,2,2,2,2,2,2,1.0,1.0
5338,354,1,1,1,1,1,1,1.0,1.0
5338,138,1,1,1,1,1,1,1.0,1.0
5338,17,2,2,2,2,2,2,1.0,1.0
5338,27,2,2,2,2,2,2,1.0,1.0
5338,697,2,2,2,2,2,2,1.0,1.0
5338,305,1,1,1,1,1,1,1.0,1.0
5338,162,1,1,1,1,1,1,1.0,1.0
5338,312,2,2,2,2,2,2,1.0,1.0
5338,528,1,1,1,1,1,1,1.0,1.0
5338,95,2,2,2,2,2,2,1.0,1.0
5338,623,1,1,1,1,1,1,1.0,1.0
5338,730,0,0,0,0,0,0,1.0,1.0
5338,158,2,2,2,2,2,2,1.0,1.0
5338,571,2,2,2,2,2,2,1.0,1.0
5338,14,2,2,2,2,2,2,1.0,1.0
5338,568,1,1,1,1,1,1,1.0,1.0
5338,717,2,2,2,2,2,2,1.0,1.0
5338,457,1,1,1,1,1,1,1.0,1.0
5338,185,1,1,1,1,1,1,1.0,1.0
5338,728,2,2,2,2,2,2,1.0,1.0
5338,612,1,1,1,1,1,1,1.0,1.0
5338,363,1,1,1,1,1,1,1.0,1.0
5338,303,0,0,0,0,0,0,1.0,1.0
5338,128,2,2,2,2,2,2,1.0,1.0
5338,633,0,0,0,0,0,0,1.0,1.0
5338,99,2,2,2,2,1,2,0.8,0.9
5338,181,2,2,2,2,2,2,1.0,1.0
5338,510,1,1,1,1,2,1,0.8,0.9
5338,320,0,0,0,0,0,0,1.0,1.0
5338,48,2,2,2,2,2,2,1.0,1.0
5338,649,2,2,2,2,2,2,1.0,1.0
5338,395,2,2,2,2,2,2,1.0,1.0
5338,642,2,2,2,2,2,2,1.0,1.0
5338,107,1,1,1,1,1,1,1.0,1.0
5338,277,2,2,2,2,2,2,1.0,1.0
5338,681,2,2,2,2,2,2,1.0,1.0
5338,670,2,2,2,2,2,2,1.0,1.0
5338,595,0,0,0,0,0,0,1.0,1.0
5338,299,2,2,2,2,2,2,1.0,1.0
5338,672,2,2,2,2,2,2,1.0,1.0
5338,502,1,1,1,1,1,1,1.0,1.0
5338,435,2,2,2,2,2,2,1.0,1.0
5338,625,2,2,2,2,2,2,1.0,1.0
5338,199,0,0,0,0,0,0,1.0,1.0
5338,134,2,2,2,2,2,2,1.0,1.0
5338,526,0,0,0,0,0,0,1.0,1.0
5338,307,2,2,2,2,2,2,1.0,1.0
5338,346,2,2,2,2,2,2,1.0,1.0
5338,292,2,2,2,2,2,2,1.0,1.0
5338,333,1,1,1,1,1,1,1.0,1.0
5338,100,0,0,0,0,0,0,1.0,1.0
5338,417,0,0,0,1,0,0,0.8,0.9
5338,175,0,0,0,0,0,0,1.0,1.0
5338,369,1,1,1,1,1,1,1.0,1.0
5338,398,1,1,1,1,1,1,1.0,1.0
5338,176,2,2,2,2,2,2,1.0,1.0
7413,738,1,1,1,1,1,1,1.0,1.0
7413,312,1,1,1,1,1,1,1.0,1.0
7413,294,1,1,1,1,1,1,1.0,1.0
7413,81,1,1,1,1,1,1,1.0,1.0
7413,545,1,1,1,1,1,1,1.0,1.0
7413,681,1,1,1,1,1,1,1.0,1.0
7413,146,2,2,2,2,2,2,1.0,1.0
7413,167,1,1,1,1,1,1,1.0,1.0
7413,185,1,1,1,1,1,1,1.0,1.0
7413,141,0,0,0,0,0,0,1.0,1.0
7413,604,0,0,0,0,0,0,1.0,1.0
7413,166,2,2,2,2,2,2,1.0,1.0
7413,395,1,1,1,1,1,1,1.0,1.0
7413,278,0,0,0,1,1,0,0.6,0.8
7413,670,1,1,1,1,1,1,1.0,1.0
7413,144,1,1,1,1,1,1,1.0,1.0
7413,216,0,0,0,0,0,0,1.0,1.0
7413,123,0,0,0,0,0,0,1.0,1.0
7413,35,1,1,1,1,1,1,1.0,1.0
7413,96,1,1,1,1,1,1,1.0,1.0
7413,508,0,0,0,0,0,0,1.0,1.0
7413,346,1,1,1,1,1,1,1.0,1.0
7413,89,0,0,0,0,0,0,1.0,1.0
7413,52,1,1,1,1,1,1,1.0,1.0
7413,404,0,0,0,0,0,0,1.0,1.0
7413,298,1,1,1,1,1,1,1.0,1.0
7413,231,0,0,0,0,0,0,1.0,1.0
7413,349,0,0,0,0,0,0,1.0,1.0
7413,435,1,1,1,1,1,1,1.0,1.0
7413,250,0,0,0,0,0,0,1.0,1.0
7413,181,1,1,1,1,1,1,1.0,1.0
7413,221,0,0,0,0,0,0,1.0,1.0
7413,543,1,1,1,1,1,1,1.0,1.0
7413,8,1,1,1,1,1,1,1.0,1.0
7413,226,1,1,1,1,1,1,1.0,1.0
7413,583,1,1,1,1,1,1,1.0,1.0
7413,16,2,2,2,2,2,2,1.0,1.0
7413,206,1,1,1,1,1,1,1.0,1.0
7413,482,1,1,1,1,1,1,1.0,1.0
7413,287,0,0,0,0,0,0,1.0,1.0
7413,430,0,0,0,0,0,0,1.0,1.0
7413,642,1,1,1,1,1,1,1.0,1.0
7413,104,1,1,1,1,1,1,1.0,1.0
7413,317,1,1,1,1,1,1,1.0,1.0
7413,176,1,1,1,1,1,1,1.0,1.0
7413,162,1,0,0,0,0,0,0.8,0.9
7413,364,2,2,2,2,2,2,1.0,1.0
7413,417,0,0,0,0,0,0,1.0,1.0
7413,354,0,1,0,0,0,0,0.8,0.9
7413,381,0,0,0,0,0,0,1.0,1.0
7413,741,1,1,1,1,1,1,1.0,1.0
7413,22,1,1,1,1,1,1,1.0,1.0
7413,461,0,0,0,0,0,0,1.0,1.0
7413,498,0,0,0,0,0,0,1.0,1.0
7413,518,2,2,2,2,2,2,1.0,1.0
7413,575,1,1,1,1,1,1,1.0,1.0
7413,676,1,1,1,1,1,1,1.0,1.0
7413,612,1,1,1,1,1,1,1.0,1.0
7413,315,0,0,0,0,0,0,1.0,1.0
7413,335,0,0,0,0,0,0,1.0,1.0
7413,230,1,1,1,1,1,1,1.0,1.0
7413,623,1,1,1,1,1,1,1.0,1.0
7413,502,0,0,0,0,0,0,1.0,1.0
7413,19,1,1,1,1,1,1,1.0,1.0
7413,3,1,1,1,1,1,1,1.0,1.0
7413,64,1,1,0,1,1,1,0.8,0.9
7413,625,1,1,1,1,1,1,1.0,1.0
7413,118,1,1,1,1,1,1,1.0,1.0
7413,586,0,0,0,0,0,0,1.0,1.0
7413,222,1,0,0,0,0,0,0.8,0.9
7413,24,1,1,1,1,1,1,1.0,1.0
7413,40,0,0,0,0,0,0,1.0,1.0
7413,735,1,1,1,1,1,1,1.0,1.0
7413,90,0,0,0,0,0,0,1.0,1.0
7413,606,0,0,0,0,0,0,1.0,1.0
8541,134,2,2,2,2,2,2,1.0,1.0
8541,78,2,2,2,2,2,2,1.0,1.0
8541,158,2,2,2,2,2,2,1.0,1.0
8541,683,1,1,1,1,1,1,1.0,1.0
8541,317,1,1,1,1,1,1,1.0,1.0
8541,22,1,1,1,0,0,1,0.6,0.8
8541,128,2,2,2,2,2,2,1.0,1.0
8541,309,2,2,2,2,2,2,1.0,1.0
8541,220,1,1,1,1,1,1,1.0,1.0
8541,661,1,1,1,1,1,1,1.0,1.0
8541,546,1,1,1,1,1,1,1.0,1.0
8541,206,2,2,2,2,2,2,1.0,1.0
8541,622,1,1,1,1,2,1,0.8,0.9
8541,691,0,0,0,0,0,0,1.0,1.0
8541,394,2,2,2,2,2,2,1.0,1.0
8541,723,2,2,2,2,2,2,1.0,1.0
8541,662,2,2,2,2,2,2,1.0,1.0
8541,469,2,2,2,2,2,2,1.0,1.0
8541,314,1,1,1,1,1,1,1.0,1.0
8541,177,0,0,0,0,0,0,1.0,1.0
8541,286,2,2,2,2,2,2,1.0,1.0
8541,734,1,1,1,1,1,1,1.0,1.0
8541,264,1,1,1,1,1,1,1.0,1.0
8541,162,1,1,1,1,1,1,1.0,1.0
8541,664,2,2,2,2,2,2,1.0,1.0
8541,312,2,2,2,2,2,2,1.0,1.0
8541,230,1,1,1,1,1,1,1.0,1.0
8541,395,2,2,2,2,2,2,1.0,1.0
8541,17,1,1,1,1,1,1,1.0,1.0
8541,568,1,1,2,1,2,1,0.6,0.8
8541,12,2,2,2,2,2,2,1.0,1.0
8541,306,2,2,2,2,2,2,1.0,1.0
8541,262,2,2,2,2,2,2,1.0,1.0
8541,65,1,1,1,1,1,1,1.0,1.0
8541,250,1,1,1,1,1,1,1.0,1.0
8541,465,1,1,1,1,2,1,0.8,0.9
8541,305,2,2,2,2,2,2,1.0,1.0
8541,267,2,2,2,2,2,2,1.0,1.0
8541,613,0,0,0,0,0,0,1.0,1.0
8541,103,2,2,2,2,2,2,1.0,1.0
8541,501,2,2,2,2,2,2,1.0,1.0
8541,717,2,2,2,2,2,2,1.0,1.0
8541,630,1,1,1,1,1,1,1.0,1.0
8541,435,2,2,2,2,2,2,1.0,1.0
8541,216,2,2,1,2,2,2,0.8,0.9
8541,203,1,1,1,1,1,1,1.0,1.0
8541,39,0,0,0,0,0,0,1.0,1.0
8541,132,0,0,0,0,0,0,1.0,1.0
8541,273,0,0,0,0,0,0,1.0,1.0
8541,355,1,1,1,1,1,1,1.0,1.0
8541,514,2,2,2,2,2,2,1.0,1.0
8541,95,2,2,2,2,2,2,1.0,1.0
8541,308,2,2,2,2,2,2,1.0,1.0
8541,67,1,1,1,1,2,1,0.8,0.9
8541,700,0,0,0,0,0,0,1.0,1.0
8541,100,0,0,0,0,0,0,1.0,1.0
8541,523,2,2,2,2,2,2,1.0,1.0
8541,741,2,2,2,2,2,2,1.0,1.0
8541,75,2,1,1,1,1,1,0.8,0.9
8541,351,0,0,0,0,0,0,1.0,1.0
8541,417,0,0,0,0,0,0,1.0,1.0
8541,510,2,2,2,2,2,2,1.0,1.0
8541,438,2,2,2,2,2,2,1.0,1.0
8541,87,0,0,0,0,0,0,1.0,1.0
8541,709,0,0,0,0,0,0,1.0,1.0
8541,588,2,2,2,2,2,2,1.0,1.0
8541,44,1,1,1,1,1,1,1.0,1.0
8541,728,2,2,2,2,2,2,1.0,1.0
8541,292,2,2,2,2,2,2,1.0,1.0
8541,528,0,0,0,0,0,0,1.0,1.0
8541,486,0,0,0,1,0,0,0.8,0.9
8541,425,0,0,0,0,0,0,1.0,1.0
8541,27,2,2,2,2,2,2,1.0,1.0
8541,176,1,1,2,1,2,1,0.6,0.8
8541,322,1,1,1,1,1,1,1.0,1.0
8541,554,2,2,2,2,2,2,1.0,1.0
8541,688,2,2,2,2,2,2,1.0,1.0
8541,542,0,0,0,0,0,0,1.0,1.0
8541,602,1,1,1,1,1,1,1.0,1.0
8541,98,0,0,0,0,0,0,1.0,1.0
8541,716,2,2,2,2,2,2,1.0,1.0
8541,489,0,0,0,0,0,0,1.0,1.0
8541,633,0,0,0,0,0,0,1.0,1.0
8541,374,2,2,2,2,2,2,1.0,1.0
8541,109,0,0,0,0,0,0,1.0,1.0
8541,525,0,0,0,0,0,0,1.0,1.0
8541,439,0,0,0,0,0,0,1.0,1.0
8541,681,2,2,2,2,2,2,1.0,1.0
8541,138,1,1,1,1,1,1,1.0,1.0
102,138,2,2,2,2,2,2,1.0,1.0
102,185,1,1,1,1,1,1,1.0,1.0
102,723,2,2,2,2,2,2,1.0,1.0
102,141,0,0,0,0,0,0,1.0,1.0
102,228,1,1,1,1,1,1,1.0,1.0
102,382,1,1,1,1,1,1,1.0,1.0
102,292,2,2,2,2,2,2,1.0,1.0
102,35,1,1,1,1,1,1,1.0,1.0
102,245,1,0,0,0,0,0,0.8,0.9
102,703,0,0,0,0,0,0,1.0,1.0
102,50,1,1,1,1,1,1,1.0,1.0
102,360,2,2,2,2,2,2,1.0,1.0
102,538,0,0,0,0,0,0,1.0,1.0
102,688,2,1,2,1,1,1,0.6,0.8
102,482,1,1,1,1,1,1,1.0,1.0
102,554,2,2,2,2,2,2,1.0,1.0
102,578,2,2,2,2,2,2,1.0,1.0
102,676,2,2,2,2,2,2,1.0,1.0
102,438,1,1,1,1,1,1,1.0,1.0
102,502,1,1,1,1,1,1,1.0,1.0
102,625,2,2,2,2,2,2,1.0,1.0
102,557,1,1,1,1,1,1,1.0,1.0
102,345,1,1,1,1,1,1,1.0,1.0
102,469,2,2,2,2,2,2,1.0,1.0
102,589,0,0,0,0,0,0,1.0,1.0
102,42,0,0,0,0,0,0,1.0,1.0
102,496,1,1,1,1,1,1,1.0,1.0
102,571,1,1,1,1,1,1,1.0,1.0
102,111,0,0,0,0,0,0,1.0,1.0
102,545,2,2,2,2,2,2,1.0,1.0
102,717,2,2,2,2,2,2,1.0,1.0
102,633,0,0,0,0,0,0,1.0,1.0
102,357,0,0,0,0,0,0,1.0,1.0
102,48,2,2,2,2,2,2,1.0,1.0
102,588,2,2,2,2,2,2,1.0,1.0
102,181,2,2,2,2,2,2,1.0,1.0
102,354,1,1,1,1,1,1,1.0,1.0
102,189,0,0,0,0,0,0,1.0,1.0
102,259,1,1,1,1,1,1,1.0,1.0
102,722,2,2,2,2,2,2,1.0,1.0
102,368,1,1,1,1,1,1,1.0,1.0
102,568,2,2,2,2,2,2,1.0,1.0
102,394,2,2,2,2,2,2,1.0,1.0
102,346,2,2,2,2,2,2,1.0,1.0
102,104,1,1,1,1,1,1,1.0,1.0
102,294,2,2,2,2,2,2,1.0,1.0
102,603,2,2,2,2,2,2,1.0,1.0
102,302,0,0,0,0,0,0,1.0,1.0
102,518,2,2,2,2,2,2,1.0,1.0
102,412,2,2,2,2,2,2,1.0,1.0
102,642,2,2,2,2,2,2,1.0,1.0
102,299,1,1,2,1,1,1,0.8,0.9
102,549,1,1,1,1,1,1,1.0,1.0
102,305,2,2,2,2,2,2,1.0,1.0
102,623,1,1,1,1,1,1,1.0,1.0
102,531,2,2,2,2,2,2,1.0,1.0
102,149,1,1,1,1,1,1,1.0,1.0
102,150,0,0,0,0,0,0,1.0,1.0
102,630,1,1,1,2,1,1,0.8,0.9
102,99,1,1,1,1,1,1,1.0,1.0
102,166,2,2,2,2,2,2,1.0,1.0
102,616,1,1,1,1,1,1,1.0,1.0
8476,584,1,0,0,0,0,0,0.8,0.9
8476,127,0,0,0,0,0,0,1.0,1.0
8476,30,0,0,0,0,0,0,1.0,1.0
8476,39,0,0,0,0,0,0,1.0,1.0
8476,302,0,0,0,0,0,0,1.0,1.0
8476,497,0,1,1,1,1,1,0.8,0.9
8476,340,0,0,0,0,0,0,1.0,1.0
8476,553,0,0,0,0,0,0,1.0,1.0
8476,229,0,0,0,0,0,0,1.0,1.0
8476,177,1,1,1,1,1,1,1.0,1.0
8476,57,0,0,0,0,0,0,1.0,1.0
8476,534,0,0,0,0,0,0,1.0,1.0
8476,169,0,0,0,0,0,0,1.0,1.0
8476,582,0,0,0,0,0,0,1.0,1.0
8476,430,0,0,0,0,0,0,1.0,1.0
8476,725,0,0,0,0,0,0,1.0,1.0
8476,464,1,1,1,1,1,1,1.0,1.0
8476,649,0,0,0,0,0,0,1.0,1.0
8476,421,0,0,0,0,0,0,1.0,1.0
8476,194,0,0,0,0,0,0,1.0,1.0
8476,439,1,1,1,1,1,1,1.0,1.0
8476,638,0,0,0,0,0,0,1.0,1.0
8476,262,0,0,0,0,0,0,1.0,1.0
8476,570,1,1,1,1,1,1,1.0,1.0
8476,141,0,0,0,0,0,0,1.0,1.0
8476,462,0,0,0,0,0,0,1.0,1.0
8476,443,0,0,0,0,0,0,1.0,1.0
8476,710,0,0,0,0,0,0,1.0,1.0
8476,645,1,1,1,1,1,1,1.0,1.0
8476,446,0,0,0,0,0,0,1.0,1.0
8476,178,1,1,1,1,1,1,1.0,1.0
8476,56,0,0,0,0,0,0,1.0,1.0
8476,467,1,1,1,1,1,1,1.0,1.0
8476,639,1,1,1,1,1,1,1.0,1.0
8476,303,1,1,1,1,1,1,1.0,1.0
8476,23,0,0,0,0,0,0,1.0,1.0
8476,110,1,1,1,1,1,1,1.0,1.0
8476,412,0,0,1,0,0,0,0.8,0.9
8476,386,1,1,1,1,1,1,1.0,1.0
8476,716,0,0,0,0,0,0,1.0,1.0
8476,9,0,0,0,0,0,0,1.0,1.0
8476,460,0,0,0,0,0,0,1.0,1.0
8476,602,0,0,0,0,0,0,1.0,1.0
8476,10,0,0,0,0,0,0,1.0,1.0
8476,422,0,0,0,0,0,0,1.0,1.0
8476,145,0,0,0,0,0,0,1.0,1.0
8476,674,1,1,1,1,1,1,1.0,1.0
8476,732,2,2,2,2,2,2,1.0,1.0
8476,388,1,1,1,1,1,1,1.0,1.0
8476,678,0,0,0,0,0,0,1.0,1.0
8476,398,0,0,0,0,0,0,1.0,1.0
8476,61,0,0,0,0,0,0,1.0,1.0
8476,512,0,0,0,0,0,0,1.0,1.0
8476,457,0,0,0,0,0,0,1.0,1.0
8476,708,0,0,0,0,0,0,1.0,1.0
8476,369,0,0,0,0,0,0,1.0,1.0
8476,516,0,0,0,0,0,0,1.0,1.0
8476,611,0,0,0,0,0,0,1.0,1.0
8476,470,1,2,1,2,1,1,0.6,0.8
8476,163,0,0,0,0,0,0,1.0,1.0
2761,606,0,0,0,0,0,0,1.0,1.0
2761,236,0,0,0,0,0,0,1.0,1.0
2761,539,0,0,0,0,0,0,1.0,1.0
2761,235,0,0,0,0,0,0,1.0,1.0
2761,274,0,0,0,0,0,0,1.0,1.0
2761,85,0,0,0,0,0,0,1.0,1.0
2761,129,0,0,0,0,0,0,1.0,1.0
2761,257,0,0,0,0,0,0,1.0,1.0
2761,613,1,1,1,1,1,1,1.0,1.0
2761,413,0,0,0,0,0,0,1.0,1.0
2761,310,0,0,0,0,0,0,1.0,1.0
2761,721,0,0,0,0,0,0,1.0,1.0
2761,52,0,0,0,0,0,0,1.0,1.0
2761,497,0,0,0,0,0,0,1.0,1.0
2761,55,0,0,0,0,0,0,1.0,1.0
2761,480,0,0,0,0,0,0,1.0,1.0
2761,432,0,0,1,1,1,1,0.6,0.8
2761,614,0,0,1,1,0,0,0.6,0.8
2761,542,0,0,0,0,0,0,1.0,1.0
2761,481,0,0,0,0,0,0,1.0,1.0
2761,115,0,0,0,0,0,0,1.0,1.0
2761,691,0,0,0,0,0,0,1.0,1.0
2761,455,0,0,0,0,1,0,0.8,0.9
2761,573,0,0,0,0,0,0,1.0,1.0
2761,299,0,0,0,0,0,0,1.0,1.0
2761,124,0,0,0,0,0,0,1.0,1.0
2761,161,0,0,0,0,0,0,1.0,1.0
2761,94,0,0,0,0,0,0,1.0,1.0
2761,403,0,0,0,0,0,0,1.0,1.0
2761,31,0,0,0,0,0,0,1.0,1.0
2761,419,0,0,0,0,0,0,1.0,1.0
2761,186,0,0,0,0,0,0,1.0,1.0
2761,448,0,0,0,0,0,0,1.0,1.0
2761,225,1,1,1,1,1,1,1.0,1.0
2761,293,1,1,1,1,1,1,1.0,1.0
2761,379,0,0,0,0,0,0,1.0,1.0
2761,715,0,0,0,0,0,0,1.0,1.0
2761,60,0,0,0,0,0,0,1.0,1.0
2761,79,0,0,0,0,0,0,1.0,1.0
2761,330,0,0,0,0,0,0,1.0,1.0
2761,627,0,0,0,0,0,0,1.0,1.0
2761,718,0,0,0,0,0,0,1.0,1.0
2761,126,0,0,0,0,0,0,1.0,1.0
2761,407,0,0,0,0,0,0,1.0,1.0
2761,537,0,0,0,0,0,0,1.0,1.0
2761,737,0,0,0,0,0,0,1.0,1.0
2761,268,0,0,0,0,0,0,1.0,1.0
2761,390,0,0,0,0,0,0,1.0,1.0
2761,347,0,0,0,0,0,0,1.0,1.0
2761,396,0,0,0,0,0,0,1.0,1.0
2761,209,0,0,0,0,0,0,1.0,1.0
2761,567,0,0,0,0,0,0,1.0,1.0
2761,238,0,0,0,0,0,0,1.0,1.0
2761,319,0,0,0,0,0,0,1.0,1.0
2761,13,0,0,0,0,0,0,1.0,1.0
2761,89,0,0,0,0,0,0,1.0,1.0
2761,731,0,0,0,0,0,0,1.0,1.0
2761,651,1,1,1,1,1,1,1.0,1.0
2761,269,0,0,0,0,0,0,1.0,1.0
2761,106,0,0,0,0,0,0,1.0,1.0
2761,679,0,0,0,0,0,0,1.0,1.0
2761,552,0,0,0,0,0,0,1.0,1.0
2761,692,0,0,0,0,0,0,1.0,1.0
2761,139,0,0,0,0,0,0,1.0,1.0
2761,353,0,0,0,0,0,0,1.0,1.0
2761,374,0,0,0,0,0,0,1.0,1.0
2761,436,0,0,0,0,0,0,1.0,1.0
2761,259,0,0,0,0,0,0,1.0,1.0
2761,365,0,0,0,0,0,0,1.0,1.0
2761,358,0,0,0,0,0,0,1.0,1.0
2761,640,0,0,0,0,0,0,1.0,1.0
2761,399,0,0,0,0,0,0,1.0,1.0
2761,210,0,0,0,0,0,0,1.0,1.0
2761,617,0,0,0,0,0,0,1.0,1.0
2761,137,0,0,0,0,0,0,1.0,1.0
2761,199,0,0,0,0,0,0,1.0,1.0
2761,699,0,0,0,0,0,0,1.0,1.0
2761,717,0,0,0,0,0,0,1.0,1.0
2601,723,0,0,0,0,0,0,1.0,1.0
2601,419,1,1,1,1,1,1,1.0,1.0
2601,75,0,0,0,0,0,0,1.0,1.0
2601,329,0,0,0,0,0,0,1.0,1.0
2601,355,0,0,0,0,0,0,1.0,1.0
2601,508,1,1,1,1,1,1,1.0,1.0
2601,481,0,0,0,0,0,0,1.0,1.0
2601,448,2,2,2,2,2,2,1.0,1.0
2601,665,0,0,0,0,0,0,1.0,1.0
2601,40,0,0,0,0,0,0,1.0,1.0
2601,611,0,0,0,0,0,0,1.0,1.0
2601,534,0,0,0,0,0,0,1.0,1.0
2601,422,0,0,0,0,0,0,1.0,1.0
2601,465,0,0,0,0,0,0,1.0,1.0
2601,82,0,0,0,0,0,0,1.0,1.0
2601,672,0,0,0,0,0,0,1.0,1.0
2601,567,0,0,0,0,0,0,1.0,1.0
2601,516,0,0,0,0,0,0,1.0,1.0
2601,22,0,0,0,0,0,0,1.0,1.0
2601,432,2,2,2,2,2,2,1.0,1.0
2601,10,0,0,0,0,0,0,1.0,1.0
2601,303,0,0,0,0,0,0,1.0,1.0
2601,666,0,0,0,0,0,0,1.0,1.0
2601,344,0,0,0,0,0,0,1.0,1.0
2601,495,0,0,0,0,0,0,1.0,1.0
2601,557,0,0,0,0,0,0,1.0,1.0
2601,73,0,0,0,0,0,0,1.0,1.0
2601,394,0,1,1,1,1,1,0.8,0.9
2601,3,0,0,0,0,0,0,1.0,1.0
2601,602,0,0,0,0,0,0,1.0,1.0
2601,210,1,1,1,1,1,1,1.0,1.0
2601,83,0,0,0,0,0,0,1.0,1.0
2601,570,0,0,0,0,0,0,1.0,1.0
2601,122,0,0,0,0,0,0,1.0,1.0
2601,552,1,1,1,1,1,1,1.0,1.0
2601,374,1,1,1,1,1,1,1.0,1.0
2601,166,0,0,0,0,0,0,1.0,1.0
2601,416,0,0,0,0,0,0,1.0,1.0
2601,413,0,0,0,0,0,0,1.0,1.0
2601,116,0,0,0,0,0,0,1.0,1.0
2601,639,1,1,1,1,1,1,1.0,1.0
2601,310,0,0,0,0,0,0,1.0,1.0
2601,455,0,0,0,0,0,0,1.0,1.0
2601,578,0,0,0,0,0,0,1.0,1.0
2601,181,0,0,0,0,0,0,1.0,1.0
2601,246,0,0,0,0,0,0,1.0,1.0
2601,57,0,0,0,0,0,0,1.0,1.0
2601,614,0,0,0,0,0,0,1.0,1.0
2601,134,0,0,0,0,0,0,1.0,1.0
2601,326,0,0,0,0,0,0,1.0,1.0
2601,338,0,0,0,0,0,0,1.0,1.0
2601,169,1,1,1,1,1,1,1.0,1.0
2601,153,0,0,0,0,0,0,1.0,1.0
2601,470,0,0,0,0,0,0,1.0,1.0
2601,94,1,1,1,1,1,1,1.0,1.0
2601,542,0,0,0,0,0,0,1.0,1.0
2601,347,1,1,1,1,1,1,1.0,1.0
2601,358,0,0,0,0,0,0,1.0,1.0
2601,106,1,1,1,1,1,1,1.0,1.0
2601,349,0,0,0,0,0,0,1.0,1.0
2601,645,0,0,0,0,0,0,1.0,1.0
2601,257,1,1,1,1,1,1,1.0,1.0
2601,492,0,0,0,0,0,0,1.0,1.0
2601,403,1,1,1,1,1,1,1.0,1.0
2601,133,0,0,0,0,0,0,1.0,1.0
2601,406,0,0,0,0,0,0,1.0,1.0
2601,439,0,0,0,0,0,0,1.0,1.0
2601,658,0,0,0,0,0,0,1.0,1.0
2601,32,0,0,0,0,0,0,1.0,1.0
2601,740,0,0,0,0,0,0,1.0,1.0
2601,462,0,0,0,0,0,0,1.0,1.0
2601,76,0,0,0,0,0,0,1.0,1.0
2601,615,0,0,0,0,0,0,1.0,1.0
2601,350,0,0,0,0,0,0,1.0,1.0
2601,183,0,0,0,0,0,0,1.0,1.0
2601,290,0,0,0,0,0,0,1.0,1.0
2601,608,0,0,0,0,0,0,1.0,1.0
2601,204,0,0,0,0,0,0,1.0,1.0
2601,436,1,1,1,1,1,1,1.0,1.0
2601,214,1,1,1,1,1,1,1.0,1.0
2601,13,0,0,0,0,0,0,1.0,1.0
2601,386,0,0,0,0,0,0,1.0,1.0
2601,225,0,0,0,0,0,0,1.0,1.0
2601,268,0,0,0,0,0,0,1.0,1.0
2601,316,0,0,0,0,0,0,1.0,1.0
2601,145,0,0,0,0,0,0,1.0,1.0
2601,314,0,0,0,0,0,0,1.0,1.0
8802,124,1,1,0,1,1,1,0.8,0.9
8802,344,0,0,0,0,0,0,1.0,1.0
8802,183,0,0,0,0,0,0,1.0,1.0
8802,691,0,0,0,0,0,0,1.0,1.0
8802,255,0,0,0,0,0,0,1.0,1.0
8802,465,0,0,0,0,0,0,1.0,1.0
8802,365,0,0,0,0,0,0,1.0,1.0
8802,606,0,0,0,0,0,0,1.0,1.0
8802,726,0,0,0,0,0,0,1.0,1.0
8802,317,0,0,0,0,0,0,1.0,1.0
8802,92,1,1,1,1,1,1,1.0,1.0
8802,116,0,0,0,0,0,0,1.0,1.0
8802,42,0,0,0,0,0,0,1.0,1.0
8802,203,0,0,0,0,0,0,1.0,1.0
8802,534,1,1,1,1,1,1,1.0,1.0
8802,38,0,0,0,0,0,0,1.0,1.0
8802,480,0,0,0,0,0,0,1.0,1.0
8802,469,0,0,0,0,0,0,1.0,1.0
8802,648,0,0,0,0,0,0,1.0,1.0
8802,328,0,0,0,0,0,0,1.0,1.0
8802,175,0,0,0,0,0,0,1.0,1.0
8802,95,0,0,0,0,0,0,1.0,1.0
8802,214,0,0,0,0,0,0,1.0,1.0
8802,89,0,0,0,0,0,0,1.0,1.0
8802,244,0,0,0,0,0,0,1.0,1.0
8802,302,0,0,0,0,0,0,1.0,1.0
8802,417,0,0,0,0,0,0,1.0,1.0
8802,30,1,1,1,1,1,1,1.0,1.0
8802,525,1,1,1,1,1,1,1.0,1.0
8802,540,0,0,0,0,0,0,1.0,1.0
8802,446,0,0,0,0,0,0,1.0,1.0
8802,73,0,0,0,0,0,0,1.0,1.0
8802,340,0,0,0,0,0,0,1.0,1.0
8802,573,2,2,2,2,2,2,1.0,1.0
8802,76,0,0,0,0,0,0,1.0,1.0
8802,715,0,0,0,0,0,0,1.0,1.0
8802,37,1,1,1,1,1,1,1.0,1.0
8802,528,0,0,0,0,0,0,1.0,1.0
8802,508,0,0,0,0,0,0,1.0,1.0
8802,472,0,0,0,0,0,0,1.0,1.0
8802,553,1,1,1,1,1,1,1.0,1.0
8802,443,0,0,0,0,0,0,1.0,1.0
8802,319,0,0,0,0,0,0,1.0,1.0
8802,467,1,1,1,1,1,1,1.0,1.0
8802,724,0,0,0,0,0,0,1.0,1.0
8802,293,1,1,1,1,1,1,1.0,1.0
8802,547,0,0,0,0,0,0,1.0,1.0
8802,117,0,0,0,0,0,0,1.0,1.0
8802,399,2,2,1,2,2,2,0.8,0.9
8802,397,0,0,0,0,0,0,1.0,1.0
8802,363,0,0,0,0,0,0,1.0,1.0
8802,259,0,0,0,0,0,0,1.0,1.0
8802,194,1,0,1,1,1,1,0.8,0.9
8802,239,0,0,0,0,0,0,1.0,1.0
8802,737,0,0,0,0,0,0,1.0,1.0
8802,137,0,0,0,0,0,0,1.0,1.0
8802,136,0,0,0,0,0,0,1.0,1.0
8802,730,0,0,0,0,0,0,1.0,1.0
8802,410,0,0,0,0,0,0,1.0,1.0
8802,161,0,0,0,0,0,0,1.0,1.0
8802,554,1,1,1,1,1,1,1.0,1.0
8802,708,0,0,0,0,0,0,1.0,1.0
8802,651,1,1,1,1,1,1,1.0,1.0
8802,9,0,0,0,0,0,0,1.0,1.0
8802,673,0,0,0,0,0,0,1.0,1.0
8802,627,1,1,1,1,1,1,1.0,1.0
8802,492,0,0,0,0,0,0,1.0,1.0
8802,199,0,0,0,0,0,0,1.0,1.0
8802,401,1,1,1,1,1,1,1.0,1.0
8802,503,2,2,2,2,2,2,1.0,1.0
8802,61,0,0,0,0,0,0,1.0,1.0
8802,678,0,0,0,0,0,0,1.0,1.0
8802,613,1,1,1,1,1,1,1.0,1.0
8802,192,0,0,0,0,0,0,1.0,1.0
8802,497,0,0,0,0,0,0,1.0,1.0
8802,113,0,0,0,0,0,0,1.0,1.0
8802,718,0,0,0,0,0,0,1.0,1.0
8802,653,0,0,0,0,0,0,1.0,1.0
8802,388,1,1,1,1,1,1,1.0,1.0
8802,281,0,0,0,0,0,0,1.0,1.0
8802,617,1,1,1,1,0,1,0.8,0.9
8802,285,0,0,0,0,0,0,1.0,1.0
8802,371,0,0,0,0,0,0,1.0,1.0
8802,126,0,0,0,0,0,0,1.0,1.0
976,725,0,0,0,0,0,0,1.0,1.0
976,73,0,0,0,0,0,0,1.0,1.0
976,639,0,0,0,0,0,0,1.0,1.0
976,492,0,0,0,0,0,0,1.0,1.0
976,345,0,0,0,0,0,0,1.0,1.0
976,115,0,0,0,0,0,0,1.0,1.0
976,55,0,0,0,0,0,0,1.0,1.0
976,289,0,0,0,0,0,0,1.0,1.0
976,396,0,0,0,0,0,0,1.0,1.0
976,158,0,0,0,0,0,0,1.0,1.0
976,737,0,0,0,0,0,0,1.0,1.0
976,290,1,1,1,1,1,1,1.0,1.0
976,419,0,0,0,0,0,0,1.0,1.0
976,334,0,0,0,0,0,0,1.0,1.0
976,523,0,0,0,0,0,0,1.0,1.0
976,496,0,0,0,0,0,0,1.0,1.0
976,137,0,0,0,0,0,0,1.0,1.0
976,615,0,0,0,0,0,0,1.0,1.0
976,678,1,1,1,1,1,1,1.0,1.0
976,207,0,0,0,0,0,0,1.0,1.0
976,692,0,0,0,0,0,0,1.0,1.0
976,274,0,0,0,0,0,0,1.0,1.0
976,482,0,0,0,0,0,0,1.0,1.0
976,388,0,0,0,0,0,0,1.0,1.0
976,611,0,0,0,0,0,0,1.0,1.0
976,351,0,0,0,0,0,0,1.0,1.0
976,122,0,0,0,0,0,0,1.0,1.0
976,371,0,0,0,0,0,0,1.0,1.0
976,57,0,0,0,0,0,0,1.0,1.0
976,215,1,1,1,1,1,1,1.0,1.0
976,318,0,0,0,0,0,0,1.0,1.0
976,13,0,0,0,0,0,0,1.0,1.0
976,398,0,0,0,0,0,0,1.0,1.0
976,22,1,1,1,1,1,1,1.0,1.0
976,177,1,1,1,1,1,1,1.0,1.0
976,650,0,0,0,0,0,0,1.0,1.0
976,250,0,0,0,0,0,0,1.0,1.0
976,10,0,0,0,0,0,0,1.0,1.0
976,124,0,0,0,0,0,0,1.0,1.0
976,587,0,0,0,0,0,0,1.0,1.0
976,436,0,0,0,0,0,0,1.0,1.0
976,721,0,0,0,0,0,0,1.0,1.0
976,225,1,1,1,1,1,1,1.0,1.0
976,464,1,0,1,0,0,0,0.6,0.8
976,407,0,0,0,0,0,0,1.0,1.0
976,139,0,0,0,0,0,0,1.0,1.0
976,302,0,0,0,0,0,0,1.0,1.0
976,499,0,0,0,0,0,0,1.0,1.0
976,135,0,0,0,0,0,0,1.0,1.0
976,210,0,0,0,0,0,0,1.0,1.0
976,330,0,0,0,0,0,0,1.0,1.0
976,666,0,0,0,0,0,0,1.0,1.0
976,238,0,0,0,0,0,0,1.0,1.0
976,680,0,0,0,0,0,0,1.0,1.0
976,152,0,0,0,0,0,0,1.0,1.0
976,531,0,0,0,0,0,0,1.0,1.0
976,427,0,0,0,0,0,0,1.0,1.0
976,268,0,0,0,0,0,0,1.0,1.0
976,481,0,0,0,0,0,0,1.0,1.0
976,79,0,0,0,0,0,0,1.0,1.0
976,370,0,0,0,0,0,0,1.0,1.0
976,386,0,0,0,0,0,0,1.0,1.0
976,463,0,0,0,0,0,0,1.0,1.0
976,108,0,0,0,0,0,0,1.0,1.0
976,561,0,0,0,0,0,0,1.0,1.0
976,141,0,0,0,0,0,0,1.0,1.0
976,259,0,0,0,0,0,0,1.0,1.0
976,324,0,0,0,0,0,0,1.0,1.0
976,732,1,1,1,0,0,1,0.6,0.8
976,645,0,0,0,0,0,0,1.0,1.0
976,9,0,0,0,0,0,0,1.0,1.0
976,630,0,0,0,0,0,0,1.0,1.0
976,616,0,0,0,0,0,0,1.0,1.0
976,636,0,0,0,0,0,0,1.0,1.0
976,417,0,0,0,0,0,0,1.0,1.0
976,665,0,0,0,0,0,0,1.0,1.0
976,716,0,0,0,0,0,0,1.0,1.0
976,401,0,0,0,0,0,0,1.0,1.0
976,226,0,0,0,0,0,0,1.0,1.0
976,214,0,0,0,0,0,0,1.0,1.0
976,178,0,1,0,0,0,0,0.8,0.9
976,17,0,0,0,0,0,0,1.0,1.0
3758,729,0,0,0,0,0,0,1.0,1.0
3758,385,1,1,1,1,1,1,1.0,1.0
3758,163,0,0,0,0,0,0,1.0,1.0
3758,536,0,0,0,0,0,0,1.0,1.0
3758,540,0,0,0,0,0,0,1.0,1.0
3758,671,0,0,0,0,0,0,1.0,1.0
3758,721,0,0,0,0,0,0,1.0,1.0
3758,216,0,0,0,0,0,0,1.0,1.0
3758,127,0,0,0,0,0,0,1.0,1.0
3758,230,0,0,0,0,0,0,1.0,1.0
3758,108,0,0,0,0,0,0,1.0,1.0
3758,543,1,1,1,1,1,1,1.0,1.0
3758,138,0,0,0,0,0,0,1.0,1.0
3758,573,0,0,0,0,0,0,1.0,1.0
3758,550,0,0,0,0,0,0,1.0,1.0
3758,293,0,0,0,0,0,0,1.0,1.0
3758,407,0,0,0,0,0,0,1.0,1.0
3758,193,0,0,0,0,0,0,1.0,1.0
3758,338,0,0,0,0,0,0,1.0,1.0
3758,708,1,1,1,1,1,1,1.0,1.0
3758,571,0,0,0,0,0,0,1.0,1.0
3758,360,0,0,0,0,0,0,1.0,1.0
3758,275,0,0,0,0,0,0,1.0,1.0
3758,697,0,0,0,0,0,0,1.0,1.0
3758,418,0,0,0,0,0,0,1.0,1.0
3758,545,0,0,0,0,0,0,1.0,1.0
3758,198,1,1,1,1,1,1,1.0,1.0
3758,55,0,0,0,0,0,0,1.0,1.0
3758,503,0,0,0,0,0,0,1.0,1.0
3758,99,0,0,0,0,0,0,1.0,1.0
3758,169,0,0,0,0,0,0,1.0,1.0
3758,542,0,0,0,0,0,0,1.0,1.0
3758,139,0,0,0,0,0,0,1.0,1.0
3758,93,0,0,0,0,0,0,1.0,1.0
3758,398,2,2,2,2,2,2,1.0,1.0
3758,344,0,0,0,0,0,0,1.0,1.0
3758,112,0,0,0,0,0,0,1.0,1.0
3758,455,1,1,1,1,1,1,1.0,1.0
3758,709,0,0,0,0,0,0,1.0,1.0
3758,4,0,0,0,0,0,0,1.0,1.0
3758,340,0,0,0,0,0,0,1.0,1.0
3758,317,0,0,0,0,0,0,1.0,1.0
3758,390,0,0,0,0,0,0,1.0,1.0
3758,235,0,0,0,0,0,0,1.0,1.0
3758,716,0,0,0,0,0,0,1.0,1.0
3758,661,0,0,0,0,0,0,1.0,1.0
3758,226,0,0,0,0,0,0,1.0,1.0
3758,724,0,0,0,0,0,0,1.0,1.0
3758,178,0,0,1,0,1,0,0.6,0.8
3758,321,0,0,0,0,0,0,1.0,1.0
3758,599,0,0,0,0,0,0,1.0,1.0
3758,570,2,2,2,2,2,2,1.0,1.0
3758,279,0,0,0,0,0,0,1.0,1.0
3758,310,2,2,2,2,2,2,1.0,1.0
3758,303,2,2,2,2,2,2,1.0,1.0
3758,524,0,0,0,0,0,0,1.0,1.0
3758,61,2,2,2,2,2,2,1.0,1.0
3758,406,0,0,0,0,0,0,1.0,1.0
3758,448,0,0,0,0,0,0,1.0,1.0
3758,497,0,0,0,0,0,0,1.0,1.0
3758,396,0,0,0,0,0,0,1.0,1.0
3758,681,0,0,0,0,0,0,1.0,1.0
3758,106,0,0,0,0,0,0,1.0,1.0
3758,269,0,0,0,0,0,0,1.0,1.0
3758,316,0,0,0,0,0,0,1.0,1.0
3758,613,0,0,0,0,0,0,1.0,1.0
3758,558,0,1,1,1,1,1,0.8,0.9
3758,399,0,0,0,0,0,0,1.0,1.0
3758,403,0,0,0,0,0,0,1.0,1.0
3758,330,0,0,0,0,0,0,1.0,1.0
3758,265,0,0,0,0,0,0,1.0,1.0
3758,663,0,0,0,0,0,0,1.0,1.0
3758,635,0,0,0,0,0,0,1.0,1.0
3758,602,0,0,0,0,0,0,1.0,1.0
3758,443,0,0,0,0,0,0,1.0,1.0
3758,58,0,0,0,0,0,0,1.0,1.0
3758,56,0,0,0,0,0,0,1.0,1.0
3758,614,0,0,0,0,0,0,1.0,1.0
3758,516,0,0,0,0,0,0,1.0,1.0
3758,121,0,0,0,0,0,0,1.0,1.0
3758,375,0,0,0,0,0,0,1.0,1.0
3758,539,0,0,0,0,0,0,1.0,1.0
3758,7,0,0,0,0,0,0,1.0,1.0
3758,480,0,0,0,0,0,0,1.0,1.0
1576,347,0,0,0,0,0,0,1.0,1.0
1576,462,0,0,0,0,0,0,1.0,1.0
1576,199,0,0,0,0,0,0,1.0,1.0
1576,459,0,0,0,0,0,0,1.0,1.0
1576,230,0,0,0,0,0,0,1.0,1.0
1576,413,0,0,0,0,0,0,1.0,1.0
1576,692,0,0,0,0,0,0,1.0,1.0
1576,679,0,0,0,0,0,0,1.0,1.0
1576,66,0,0,0,0,0,0,1.0,1.0
1576,249,0,0,0,0,0,0,1.0,1.0
1576,718,0,0,0,0,0,0,1.0,1.0
1576,272,0,0,0,0,0,0,1.0,1.0
1576,732,0,0,0,0,0,0,1.0,1.0
1576,365,0,0,0,0,0,0,1.0,1.0
1576,594,0,0,0,0,0,0,1.0,1.0
1576,658,0,0,0,0,0,0,1.0,1.0
1576,627,0,0,0,0,0,0,1.0,1.0
1576,155,0,0,0,0,0,0,1.0,1.0
1576,615,0,0,0,0,0,0,1.0,1.0
1576,82,0,0,0,0,0,0,1.0,1.0
1576,115,0,0,0,0,0,0,1.0,1.0
1576,467,0,0,0,0,0,0,1.0,1.0
1576,186,0,0,0,0,0,0,1.0,1.0
1576,691,0,0,0,0,0,0,1.0,1.0
1576,280,0,0,0,0,0,0,1.0,1.0
1576,174,0,0,0,0,0,0,1.0,1.0
1576,470,0,0,0,0,0,0,1.0,1.0
1576,177,0,0,0,0,0,0,1.0,1.0
1576,74,0,0,0,0,0,0,1.0,1.0
1576,617,0,0,0,0,0,0,1.0,1.0
1576,466,0,0,0,0,0,0,1.0,1.0
1576,400,0,0,0,0,0,0,1.0,1.0
1576,567,0,0,0,0,0,0,1.0,1.0
1576,126,0,0,0,0,0,0,1.0,1.0
1576,30,0,0,0,0,0,0,1.0,1.0
1576,192,0,0,0,0,0,0,1.0,1.0
1576,651,0,1,1,1,0,1,0.6,0.8
1576,235,0,0,0,0,0,0,1.0,1.0
1576,565,0,0,0,0,0,0,1.0,1.0
1576,652,0,0,0,0,0,0,1.0,1.0
1576,79,2,2,2,2,2,2,1.0,1.0
1576,274,0,0,0,0,0,0,1.0,1.0
1576,464,0,0,0,0,0,0,1.0,1.0
1576,674,0,0,0,0,0,0,1.0,1.0
1576,475,0,0,0,0,0,0,1.0,1.0
1576,446,0,0,0,0,0,0,1.0,1.0
1576,69,0,0,0,0,0,0,1.0,1.0
1576,122,0,0,0,0,0,0,1.0,1.0
1576,270,0,0,0,0,0,0,1.0,1.0
1576,633,0,0,0,0,0,0,1.0,1.0
1576,439,0,0,0,0,0,0,1.0,1.0
1576,290,0,0,0,0,0,0,1.0,1.0
1576,532,0,0,0,0,0,0,1.0,1.0
1576,196,0,0,0,0,0,0,1.0,1.0
1576,374,0,0,0,0,0,0,1.0,1.0
1576,352,0,0,0,0,0,0,1.0,1.0
1576,94,2,2,2,2,2,2,1.0,1.0
1576,142,0,0,0,0,0,0,1.0,1.0
1576,190,0,0,0,0,0,0,1.0,1.0
1576,360,0,0,0,0,0,0,1.0,1.0
1576,22,0,0,0,0,0,0,1.0,1.0
1576,719,0,0,0,0,0,0,1.0,1.0
1576,507,0,0,0,0,0,0,1.0,1.0
1576,238,0,0,0,0,0,0,1.0,1.0
1576,141,0,0,0,0,0,0,1.0,1.0
1576,343,0,0,0,0,0,0,1.0,1.0
1576,606,0,0,0,0,0,0,1.0,1.0
1576,257,0,0,0,0,0,0,1.0,1.0
1576,148,0,0,0,0,0,0,1.0,1.0
1576,437,0,0,0,0,0,0,1.0,1.0
1576,145,0,0,0,0,0,0,1.0,1.0
7020,455,2,2,2,2,2,2,1.0,1.0
7020,552,0,0,0,0,0,0,1.0,1.0
7020,158,1,1,1,1,1,1,1.0,1.0
7020,259,0,0,0,0,0,0,1.0,1.0
7020,332,0,0,0,0,0,0,1.0,1.0
7020,358,2,2,2,2,2,2,1.0,1.0
7020,668,0,0,0,0,0,0,1.0,1.0
7020,565,0,0,0,0,0,0,1.0,1.0
7020,652,0,0,0,0,0,0,1.0,1.0
7020,366,1,1,1,1,1,1,1.0,1.0
7020,356,2,2,2,2,2,2,1.0,1.0
7020,556,1,1,1,1,1,1,1.0,1.0
7020,622,0,0,0,0,0,0,1.0,1.0
7020,257,0,0,0,0,0,0,1.0,1.0
7020,39,1,1,1,1,1,1,1.0,1.0
7020,631,2,2,1,1,2,2,0.6,0.8
7020,615,0,0,0,0,0,0,1.0,1.0
7020,115,0,0,0,0,0,0,1.0,1.0
7020,662,1,1,0,0,1,1,0.6,0.8
7020,198,2,2,2,2,2,2,1.0,1.0
7020,10,0,0,0,0,0,0,1.0,1.0
7020,48,0,0,0,0,0,0,1.0,1.0
7020,123,2,2,2,2,2,2,1.0,1.0
7020,102,1,1,1,1,1,1,1.0,1.0
7020,86,1,1,1,1,1,1,1.0,1.0
7020,114,2,2,2,2,2,2,1.0,1.0
7020,159,1,1,0,1,1,1,0.8,0.9
7020,432,1,1,1,1,1,1,1.0,1.0
7020,637,2,2,2,2,2,2,1.0,1.0
7020,214,0,0,0,0,0,0,1.0,1.0
7020,65,1,1,1,1,1,1,1.0,1.0
7020,293,2,2,2,2,2,2,1.0,1.0
7020,18,1,1,1,1,1,1,1.0,1.0
7020,458,1,1,1,1,1,1,1.0,1.0
7020,85,1,1,1,1,1,1,1.0,1.0
7020,363,0,0,0,0,0,0,1.0,1.0
7020,467,2,2,2,2,2,2,1.0,1.0
7020,230,2,2,2,2,2,2,1.0,1.0
7020,384,1,0,1,0,0,0,0.6,0.8
7020,706,0,0,0,0,0,0,1.0,1.0
7020,434,0,0,0,0,0,0,1.0,1.0
7020,396,1,1,1,1,0,1,0.8,0.9
7020,296,0,0,0,0,0,0,1.0,1.0
7020,344,0,0,0,0,0,0,1.0,1.0
7020,3,1,1,1,1,1,1,1.0,1.0
7020,436,1,1,1,1,1,1,1.0,1.0
7020,492,1,1,1,1,1,1,1.0,1.0
7020,520,0,1,1,1,0,1,0.6,0.8
7020,9,0,0,0,0,0,0,1.0,1.0
7020,446,0,0,0,0,0,0,1.0,1.0
7020,25,0,0,1,1,0,0,0.6,0.8
7020,435,1,1,1,1,1,1,1.0,1.0
7020,460,1,1,1,1,1,1,1.0,1.0
7020,413,1,1,1,1,1,1,1.0,1.0
7020,330,0,0,0,0,0,0,1.0,1.0
7020,639,2,2,2,2,2,2,1.0,1.0
7020,495,1,1,1,1,1,1,1.0,1.0
7020,317,0,0,0,0,0,0,1.0,1.0
7020,76,1,1,1,1,1,1,1.0,1.0
7020,585,2,2,2,2,2,2,1.0,1.0
7020,379,0,0,0,0,0,0,1.0,1.0
7020,679,0,0,0,0,0,0,1.0,1.0
7020,422,0,0,0,0,0,0,1.0,1.0
7020,386,2,2,2,2,2,2,1.0,1.0
7020,627,1,1,1,1,1,1,1.0,1.0
7020,568,1,0,1,1,1,1,0.8,0.9
1991,470,0,0,0,0,0,0,1.0,1.0
1991,531,0,0,0,0,0,0,1.0,1.0
1991,716,0,0,0,0,0,0,1.0,1.0
1991,481,0,0,0,0,0,0,1.0,1.0
1991,168,0,0,0,0,0,0,1.0,1.0
1991,280,2,2,2,2,2,2,1.0,1.0
1991,249,2,2,2,2,2,2,1.0,1.0
1991,646,0,0,0,0,0,0,1.0,1.0
1991,692,0,1,1,0,0,0,0.6,0.8
1991,340,1,1,1,1,1,1,1.0,1.0
1991,20,0,0,0,0,0,0,1.0,1.0
1991,52,1,1,1,1,1,1,1.0,1.0
1991,399,0,0,0,0,0,0,1.0,1.0
1991,145,0,0,0,0,0,0,1.0,1.0
1991,669,0,0,0,0,0,0,1.0,1.0
1991,691,0,0,0,0,0,0,1.0,1.0
1991,72,0,0,0,0,0,0,1.0,1.0
1991,712,0,0,0,0,0,0,1.0,1.0
1991,432,1,1,1,1,1,1,1.0,1.0
1991,129,0,0,0,0,0,0,1.0,1.0
1991,287,0,0,0,0,0,0,1.0,1.0
1991,598,1,1,1,1,1,1,1.0,1.0
1991,50,0,0,0,0,0,0,1.0,1.0
1991,403,1,1,1,1,1,1,1.0,1.0
1991,368,0,0,0,0,0,0,1.0,1.0
1991,419,0,0,0,0,0,0,1.0,1.0
1991,517,0,0,0,0,0,0,1.0,1.0
1991,225,0,0,0,0,0,0,1.0,1.0
1991,26,0,0,0,0,0,0,1.0,1.0
1991,696,0,0,0,0,0,0,1.0,1.0
1991,310,0,0,0,0,0,0,1.0,1.0
1991,493,1,1,0,0,1,1,0.6,0.8
1991,732,0,0,0,0,0,0,1.0,1.0
1991,106,1,1,1,1,1,1,1.0,1.0
1991,178,0,0,0,0,0,0,1.0,1.0
1991,552,2,2,2,2,2,2,1.0,1.0
1991,274,1,1,1,1,1,1,1.0,1.0
1991,122,0,0,0,0,0,0,1.0,1.0
1991,438,0,0,0,0,0,0,1.0,1.0
1991,169,0,0,0,0,0,0,1.0,1.0
1991,347,0,0,0,0,0,0,1.0,1.0
1991,668,0,0,0,0,0,0,1.0,1.0
1991,302,1,1,1,1,1,1,1.0,1.0
1991,564,0,0,0,0,0,0,1.0,1.0
1991,594,0,0,0,0,0,0,1.0,1.0
1991,127,0,0,0,0,0,0,1.0,1.0
1991,205,0,0,0,0,0,0,1.0,1.0
1991,16,0,0,0,0,0,0,1.0,1.0
1991,167,0,0,0,0,0,0,1.0,1.0
1991,250,0,0,0,0,0,0,1.0,1.0
1991,687,0,0,0,0,0,0,1.0,1.0
1991,631,0,0,0,0,0,0,1.0,1.0
1991,642,0,0,0,0,0,0,1.0,1.0
1991,507,0,0,0,0,0,0,1.0,1.0
1991,620,0,0,0,0,0,0,1.0,1.0
1991,334,1,1,1,1,1,1,1.0,1.0
1991,185,0,0,0,0,0,0,1.0,1.0
1991,682,0,0,0,0,0,0,1.0,1.0
1991,55,0,0,0,0,0,0,1.0,1.0
1991,723,0,0,0,0,0,0,1.0,1.0
1991,210,2,2,2,2,2,2,1.0,1.0
1991,299,0,0,0,0,0,0,1.0,1.0
1991,678,0,0,0,0,0,0,1.0,1.0
1991,251,0,0,0,0,0,0,1.0,1.0
1991,0,0,0,0,0,0,0,1.0,1.0
1991,61,0,0,0,0,0,0,1.0,1.0
1991,542,0,0,0,0,0,0,1.0,1.0
1991,193,0,0,0,0,0,0,1.0,1.0
1991,604,0,0,0,0,0,0,1.0,1.0
1991,457,0,0,0,0,0,0,1.0,1.0
1991,58,0,0,0,0,0,0,1.0,1.0
1991,13,0,0,0,0,0,0,1.0,1.0
1991,341,0,0,0,0,0,0,1.0,1.0
3046,30,0,0,0,0,0,0,1.0,1.0
3046,303,1,0,1,1,0,1,0.6,0.8
3046,250,0,0,0,0,0,0,1.0,1.0
3046,533,0,0,0,0,0,0,1.0,1.0
3046,44,0,0,0,0,0,0,1.0,1.0
3046,422,0,0,0,0,0,0,1.0,1.0
3046,124,0,0,0,0,0,0,1.0,1.0
3046,428,1,1,1,1,1,1,1.0,1.0
3046,155,0,0,0,0,0,0,1.0,1.0
3046,443,1,1,1,1,1,1,1.0,1.0
3046,660,0,0,0,0,0,0,1.0,1.0
3046,63,0,0,0,0,0,0,1.0,1.0
3046,573,0,0,0,0,0,0,1.0,1.0
3046,663,0,0,0,0,0,0,1.0,1.0
3046,22,0,0,0,0,0,0,1.0,1.0
3046,227,0,0,0,0,0,0,1.0,1.0
3046,388,1,1,1,1,1,1,1.0,1.0
3046,398,0,0,0,0,0,0,1.0,1.0
3046,73,1,1,1,1,1,1,1.0,1.0
3046,645,1,1,1,1,1,1,1.0,1.0
3046,638,0,0,0,0,0,0,1.0,1.0
3046,139,0,0,0,0,0,0,1.0,1.0
3046,562,0,0,0,0,0,0,1.0,1.0
3046,478,0,0,0,0,0,0,1.0,1.0
3046,137,1,1,1,1,1,1,1.0,1.0
3046,290,0,0,0,0,0,0,1.0,1.0
3046,565,0,0,0,0,0,0,1.0,1.0
3046,76,0,0,0,0,0,0,1.0,1.0
3046,718,0,0,0,0,0,0,1.0,1.0
3046,126,0,0,0,0,0,0,1.0,1.0
3046,165,0,0,0,0,0,0,1.0,1.0
3046,733,1,0,1,1,0,1,0.6,0.8
3046,374,2,2,2,2,2,2,1.0,1.0
3046,602,0,0,0,0,0,0,1.0,1.0
3046,278,0,0,0,0,0,0,1.0,1.0
3046,317,1,1,1,1,1,1,1.0,1.0
3046,57,0,0,0,0,0,0,1.0,1.0
3046,79,1,1,1,1,1,1,1.0,1.0
3046,617,1,1,1,1,1,1,1.0,1.0
3046,480,0,0,0,0,0,0,1.0,1.0
3046,649,1,1,1,1,1,1,1.0,1.0
3046,464,1,1,1,1,1,1,1.0,1.0
3046,321,0,0,0,0,0,0,1.0,1.0
3046,711,0,0,0,0,0,0,1.0,1.0
3046,177,0,0,0,0,0,0,1.0,1.0
3046,243,0,0,0,0,0,0,1.0,1.0
3046,407,1,1,1,1,1,1,1.0,1.0
3046,606,0,0,0,0,0,0,1.0,1.0
3046,708,0,0,0,0,0,0,1.0,1.0
3046,84,1,1,1,1,1,1,1.0,1.0
3046,141,0,0,0,0,0,0,1.0,1.0
3046,94,2,2,2,2,2,2,1.0,1.0
3046,614,1,1,1,1,1,1,1.0,1.0
3046,594,0,0,0,0,0,0,1.0,1.0
3046,439,0,0,0,0,0,0,1.0,1.0
3046,611,0,0,0,0,0,0,1.0,1.0
3046,358,0,0,0,0,0,0,1.0,1.0
3046,365,0,0,0,0,0,0,1.0,1.0
3046,462,0,0,0,0,0,0,1.0,1.0
3046,567,0,0,0,0,0,0,1.0,1.0
3046,268,0,0,0,0,0,0,1.0,1.0
3046,613,1,0,0,0,0,0,0.8,0.9
3046,397,0,0,0,0,0,0,1.0,1.0
3046,434,1,1,1,1,1,1,1.0,1.0
3046,110,0,0,0,0,0,0,1.0,1.0
3046,199,0,0,0,0,0,0,1.0,1.0
3046,516,0,0,0,0,0,0,1.0,1.0
3046,221,0,0,0,0,0,0,1.0,1.0
3046,168,0,0,0,0,0,0,1.0,1.0
3046,705,0,0,0,0,0,0,1.0,1.0
3046,231,0,0,0,0,0,0,1.0,1.0
3046,570,0,0,0,0,0,0,1.0,1.0
2352,445,0,0,0,0,0,0,1.0,1.0
2352,238,0,0,0,0,0,0,1.0,1.0
2352,145,0,0,0,0,0,0,1.0,1.0
2352,257,0,0,0,0,0,0,1.0,1.0
2352,617,0,0,0,0,0,0,1.0,1.0
2352,274,0,0,0,0,0,0,1.0,1.0
2352,126,0,0,0,0,0,0,1.0,1.0
2352,331,0,0,0,0,0,0,1.0,1.0
2352,50,0,0,0,0,0,0,1.0,1.0
2352,462,0,0,0,0,0,0,1.0,1.0
2352,406,0,0,0,0,0,0,1.0,1.0
2352,708,0,0,0,0,0,0,1.0,1.0
2352,330,0,0,0,0,0,0,1.0,1.0
2352,67,0,0,0,0,0,0,1.0,1.0
2352,198,0,0,0,0,0,0,1.0,1.0
2352,213,0,0,0,0,0,0,1.0,1.0
2352,470,1,1,1,1,1,1,1.0,1.0
2352,287,0,0,0,0,0,0,1.0,1.0
2352,455,0,0,0,0,0,0,1.0,1.0
2352,364,0,0,0,0,0,0,1.0,1.0
2352,122,0,0,0,0,0,0,1.0,1.0
2352,570,0,0,0,0,0,0,1.0,1.0
2352,298,0,0,0,0,0,0,1.0,1.0
2352,354,0,0,0,0,0,0,1.0,1.0
2352,668,0,0,0,0,0,0,1.0,1.0
2352,448,0,0,0,0,0,0,1.0,1.0
2352,19,0,0,0,0,0,0,1.0,1.0
2352,324,0,0,0,0,0,0,1.0,1.0
2352,651,0,0,0,0,0,0,1.0,1.0
2352,347,0,0,0,0,0,0,1.0,1.0
2352,443,0,0,0,0,0,0,1.0,1.0
2352,159,0,0,0,0,0,0,1.0,1.0
2352,8,0,0,0,0,0,0,1.0,1.0
2352,293,1,1,1,1,1,1,1.0,1.0
2352,173,0,0,0,0,0,0,1.0,1.0
2352,395,0,0,0,0,0,0,1.0,1.0
2352,608,0,0,0,0,0,0,1.0,1.0
2352,716,0,0,0,0,0,0,1.0,1.0
2352,449,0,0,0,0,0,0,1.0,1.0
2352,194,0,0,0,0,0,0,1.0,1.0
2352,264,0,0,0,0,0,0,1.0,1.0
2352,718,0,0,0,0,0,0,1.0,1.0
2352,639,0,0,0,0,0,0,1.0,1.0
2352,573,0,0,0,0,0,0,1.0,1.0
2352,446,0,0,0,0,0,0,1.0,1.0
2352,234,0,0,0,0,0,0,1.0,1.0
2352,737,0,0,0,0,0,0,1.0,1.0
2352,358,0,0,0,0,0,0,1.0,1.0
2352,403,0,0,0,0,0,0,1.0,1.0
2352,286,0,0,0,0,0,0,1.0,1.0
2352,96,0,0,0,0,0,0,1.0,1.0
2352,736,0,0,0,0,0,0,1.0,1.0
2352,454,0,0,0,0,0,0,1.0,1.0
2352,601,0,0,0,0,0,0,1.0,1.0
2352,87,0,0,0,0,0,0,1.0,1.0
2352,687,0,0,0,0,0,0,1.0,1.0
2352,690,0,0,0,0,0,0,1.0,1.0
2352,551,0,0,0,0,0,0,1.0,1.0
2352,9,0,0,0,0,0,0,1.0,1.0
2352,721,0,0,0,0,0,0,1.0,1.0
2352,634,0,0,0,0,0,0,1.0,1.0
2352,398,0,0,0,0,0,0,1.0,1.0
2352,566,0,0,0,0,0,0,1.0,1.0
2352,98,0,0,0,0,0,0,1.0,1.0
2352,57,0,0,0,0,0,0,1.0,1.0
2352,141,0,0,0,0,0,0,1.0,1.0
2352,79,0,0,0,0,0,0,1.0,1.0
2352,124,0,0,0,0,0,0,1.0,1.0
2352,480,0,0,0,0,0,0,1.0,1.0
2352,174,0,0,0,0,0,0,1.0,1.0
2352,199,0,0,0,0,0,0,1.0,1.0
2352,106,0,0,0,0,0,0,1.0,1.0
2352,338,0,0,0,0,0,0,1.0,1.0
2352,16,0,0,0,0,0,0,1.0,1.0
1343,627,0,0,0,0,0,0,1.0,1.0
1343,294,0,0,0,0,0,0,1.0,1.0
1343,139,0,0,0,0,0,0,1.0,1.0
1343,100,0,0,0,0,0,0,1.0,1.0
1343,467,0,0,0,0,0,0,1.0,1.0
1343,721,0,0,0,0,0,0,1.0,1.0
1343,551,0,0,0,0,0,0,1.0,1.0
1343,613,0,0,0,0,0,0,1.0,1.0
1343,559,0,0,0,0,0,0,1.0,1.0
1343,448,1,1,1,1,1,1,1.0,1.0
1343,259,0,0,0,0,0,0,1.0,1.0
1343,506,0,0,0,0,0,0,1.0,1.0
1343,219,0,0,0,0,0,0,1.0,1.0
1343,137,1,1,1,1,1,1,1.0,1.0
1343,206,0,0,0,0,0,0,1.0,1.0
1343,225,0,0,0,0,0,0,1.0,1.0
1343,545,0,0,0,0,0,0,1.0,1.0
1343,399,0,0,0,0,0,0,1.0,1.0
1343,516,0,0,0,0,0,0,1.0,1.0
1343,367,0,0,0,0,0,0,1.0,1.0
1343,637,0,0,0,0,0,0,1.0,1.0
1343,449,0,0,0,0,0,0,1.0,1.0
1343,481,0,0,0,0,0,0,1.0,1.0
1343,13,0,0,0,0,0,0,1.0,1.0
1343,413,0,0,0,0,0,0,1.0,1.0
1343,210,1,1,1,1,1,1,1.0,1.0
1343,153,0,0,0,0,0,0,1.0,1.0
1343,288,0,0,0,0,0,0,1.0,1.0
1343,562,0,0,0,0,0,0,1.0,1.0
1343,187,0,0,0,0,0,0,1.0,1.0
1343,177,0,0,0,0,0,0,1.0,1.0
1343,61,0,0,0,0,0,0,1.0,1.0
1343,428,1,1,1,1,1,1,1.0,1.0
1343,651,2,2,2,2,2,2,1.0,1.0
1343,614,0,0,0,0,0,0,1.0,1.0
1343,234,0,0,0,0,0,0,1.0,1.0
1343,310,0,0,0,0,0,0,1.0,1.0
1343,436,0,0,0,0,0,0,1.0,1.0
1343,479,0,0,0,0,0,0,1.0,1.0
1343,692,1,1,1,1,1,1,1.0,1.0
1343,290,0,0,0,0,0,0,1.0,1.0
1343,557,0,0,0,0,0,0,1.0,1.0
1343,439,0,0,0,0,0,0,1.0,1.0
1343,49,0,0,0,0,0,0,1.0,1.0
1343,236,1,1,1,1,1,1,1.0,1.0
1343,407,0,0,0,0,0,0,1.0,1.0
1343,669,0,0,0,0,0,0,1.0,1.0
1343,30,0,0,0,0,0,0,1.0,1.0
1343,10,0,0,0,0,0,0,1.0,1.0
1343,615,0,0,0,0,0,0,1.0,1.0
1343,606,0,0,0,0,0,0,1.0,1.0
1343,237,0,0,0,0,0,0,1.0,1.0
1343,419,1,1,1,1,1,1,1.0,1.0
1343,76,0,0,0,0,0,0,1.0,1.0
1343,432,1,1,1,1,1,1,1.0,1.0
1343,386,0,0,0,0,0,0,1.0,1.0
1343,420,0,0,0,0,0,0,1.0,1.0
1343,115,0,0,0,0,0,0,1.0,1.0
1343,55,0,0,0,0,0,0,1.0,1.0
1343,691,0,0,0,0,0,0,1.0,1.0
1343,178,0,0,0,0,0,0,1.0,1.0
1343,169,0,0,0,0,0,0,1.0,1.0
1343,464,0,0,0,0,0,0,1.0,1.0
1343,268,0,0,0,0,0,0,1.0,1.0
1343,678,0,0,0,0,0,0,1.0,1.0
1343,611,0,0,0,0,0,0,1.0,1.0
1343,198,0,0,0,0,0,0,1.0,1.0
1343,333,0,0,0,0,0,0,1.0,1.0
1343,117,0,0,0,0,0,0,1.0,1.0
1343,365,0,0,0,0,0,0,1.0,1.0
1343,22,0,0,0,0,0,0,1.0,1.0
1343,680,0,0,0,0,0,0,1.0,1.0
1343,650,0,0,0,0,0,0,1.0,1.0
1343,255,0,0,0,0,0,0,1.0,1.0
1343,191,0,0,0,0,0,0,1.0,1.0
1343,0,0,0,0,0,0,0,1.0,1.0
8657,116,0,0,0,0,0,0,1.0,1.0
8657,4,0,0,0,0,0,0,1.0,1.0
8657,732,1,1,1,1,1,1,1.0,1.0
8657,125,0,0,0,0,0,0,1.0,1.0
8657,238,0,0,0,0,0,0,1.0,1.0
8657,489,0,0,0,0,0,0,1.0,1.0
8657,607,0,0,0,0,0,0,1.0,1.0
8657,602,0,0,0,0,0,0,1.0,1.0
8657,696,0,0,0,0,0,0,1.0,1.0
8657,273,0,0,0,0,0,0,1.0,1.0
8657,303,1,1,1,1,1,1,1.0,1.0
8657,557,0,0,0,1,0,0,0.8,0.9
8657,655,0,0,0,0,0,0,1.0,1.0
8657,359,0,0,0,0,0,0,1.0,1.0
8657,126,0,0,0,0,0,0,1.0,1.0
8657,73,0,0,0,0,0,0,1.0,1.0
8657,302,0,0,0,0,0,0,1.0,1.0
8657,214,0,0,0,0,0,0,1.0,1.0
8657,721,0,0,0,0,0,0,1.0,1.0
8657,340,0,0,0,0,0,0,1.0,1.0
8657,737,0,0,0,0,0,0,1.0,1.0
8657,330,0,0,0,0,0,0,1.0,1.0
8657,396,0,0,0,0,0,0,1.0,1.0
8657,115,0,0,0,0,0,0,1.0,1.0
8657,572,0,0,0,0,0,0,1.0,1.0
8657,618,0,0,0,0,0,0,1.0,1.0
8657,388,1,0,0,0,0,0,0.8,0.9
8657,422,0,0,0,0,0,0,1.0,1.0
8657,463,0,0,0,0,0,0,1.0,1.0
8657,716,0,0,0,0,0,0,1.0,1.0
8657,740,0,0,0,0,0,0,1.0,1.0
8657,679,0,0,0,0,0,0,1.0,1.0
8657,145,0,0,0,0,0,0,1.0,1.0
8657,592,0,1,0,1,1,1,0.6,0.8
8657,514,0,0,0,0,0,0,1.0,1.0
8657,297,0,0,0,0,0,0,1.0,1.0
8657,656,0,0,0,0,0,0,1.0,1.0
8657,722,0,0,0,0,0,0,1.0,1.0
8657,49,0,0,0,0,0,0,1.0,1.0
8657,492,0,0,0,0,0,0,1.0,1.0
8657,542,0,0,0,0,0,0,1.0,1.0
8657,708,1,1,1,1,1,1,1.0,1.0
8657,344,0,0,0,0,0,0,1.0,1.0
8657,225,1,1,1,1,1,1,1.0,1.0
8657,395,0,0,0,0,0,0,1.0,1.0
8657,374,1,1,1,1,1,1,1.0,1.0
8657,230,0,0,0,0,0,0,1.0,1.0
8657,260,0,0,0,0,0,0,1.0,1.0
8657,567,0,0,0,0,0,0,1.0,1.0
8657,690,0,0,0,0,0,0,1.0,1.0
8657,235,0,0,0,0,0,0,1.0,1.0
8657,403,0,0,0,0,0,0,1.0,1.0
8657,94,1,1,1,1,1,1,1.0,1.0
8657,664,1,1,1,1,1,1,1.0,1.0
8657,177,2,2,2,2,2,2,1.0,1.0
8657,320,0,0,0,0,0,0,1.0,1.0
8657,645,0,0,0,0,0,0,1.0,1.0
8657,455,1,1,1,1,1,1,1.0,1.0
8657,726,0,0,0,0,0,0,1.0,1.0
8657,345,0,0,0,0,0,0,1.0,1.0
8657,678,0,0,0,0,0,0,1.0,1.0
8657,632,0,0,0,0,0,0,1.0,1.0
8657,385,2,2,2,2,2,2,1.0,1.0
8657,432,1,1,1,1,1,1,1.0,1.0
8657,720,0,0,0,0,0,0,1.0,1.0
8657,310,0,0,0,0,0,0,1.0,1.0
8657,539,0,0,0,0,0,0,1.0,1.0
8657,551,0,0,0,0,0,0,1.0,1.0
8657,685,0,0,0,0,0,0,1.0,1.0
3426,436,0,0,0,0,0,0,1.0,1.0
3426,124,0,0,0,0,0,0,1.0,1.0
3426,595,2,2,2,2,2,2,1.0,1.0
3426,257,0,0,0,0,0,0,1.0,1.0
3426,217,0,0,0,0,0,0,1.0,1.0
3426,246,0,0,0,0,0,0,1.0,1.0
3426,417,0,0,0,0,0,0,1.0,1.0
3426,67,0,1,1,0,0,0,0.6,0.8
3426,580,0,0,0,0,0,0,1.0,1.0
3426,413,0,0,0,0,0,0,1.0,1.0
3426,141,2,2,2,2,2,2,1.0,1.0
3426,599,0,0,0,0,0,0,1.0,1.0
3426,79,0,0,0,0,0,0,1.0,1.0
3426,541,0,0,0,0,0,0,1.0,1.0
3426,131,0,0,0,0,0,0,1.0,1.0
3426,256,0,0,0,0,0,0,1.0,1.0
3426,64,1,1,1,1,1,1,1.0,1.0
3426,386,0,0,0,0,0,0,1.0,1.0
3426,396,0,0,0,0,0,0,1.0,1.0
3426,379,0,0,0,0,0,0,1.0,1.0
3426,10,0,0,0,0,0,0,1.0,1.0
3426,676,0,0,0,0,0,0,1.0,1.0
3426,137,0,0,0,0,0,0,1.0,1.0
3426,516,0,0,0,0,0,0,1.0,1.0
3426,478,0,0,0,0,0,0,1.0,1.0
3426,491,0,0,0,0,0,0,1.0,1.0
3426,29,0,0,0,0,0,0,1.0,1.0
3426,344,0,0,0,0,0,0,1.0,1.0
3426,122,0,0,0,0,0,0,1.0,1.0
3426,684,0,0,0,0,0,0,1.0,1.0
3426,302,0,0,0,0,0,0,1.0,1.0
3426,629,0,0,0,0,0,0,1.0,1.0
3426,617,0,0,0,0,0,0,1.0,1.0
3426,513,0,0,0,0,0,0,1.0,1.0
3426,289,0,0,0,0,0,0,1.0,1.0
3426,238,0,0,0,0,0,0,1.0,1.0
3426,281,0,0,0,0,0,0,1.0,1.0
3426,615,0,0,0,0,0,0,1.0,1.0
3426,365,0,0,0,0,0,0,1.0,1.0
3426,118,1,1,1,1,1,1,1.0,1.0
3426,422,0,0,0,0,0,0,1.0,1.0
3426,737,0,0,0,0,0,0,1.0,1.0
3426,732,0,0,0,0,0,0,1.0,1.0
3426,36,0,0,0,0,0,0,1.0,1.0
3426,342,0,0,0,0,0,0,1.0,1.0
3426,358,0,0,0,0,0,0,1.0,1.0
3426,717,0,0,0,0,0,0,1.0,1.0
3426,407,0,0,0,0,0,0,1.0,1.0
3426,465,0,0,0,0,0,0,1.0,1.0
3426,690,0,0,0,0,0,0,1.0,1.0
3426,520,0,0,0,0,0,0,1.0,1.0
3426,258,0,0,0,0,0,0,1.0,1.0
3426,729,0,0,0,0,0,0,1.0,1.0
3426,364,0,0,0,0,0,0,1.0,1.0
3426,190,0,0,0,0,0,0,1.0,1.0
3426,288,0,0,0,0,0,0,1.0,1.0
3426,511,1,1,1,1,1,1,1.0,1.0
3426,22,0,0,0,0,0,0,1.0,1.0
3426,419,0,0,0,0,0,0,1.0,1.0
3426,182,0,0,0,0,0,0,1.0,1.0
3426,149,0,0,0,0,0,0,1.0,1.0
3426,554,0,0,0,0,0,0,1.0,1.0
3426,34,1,1,1,1,1,1,1.0,1.0
3426,197,0,0,0,0,0,0,1.0,1.0
3426,114,0,0,0,0,0,0,1.0,1.0
3426,388,0,0,0,0,0,0,1.0,1.0
3426,9,0,0,0,0,0,0,1.0,1.0
3426,456,0,0,0,0,0,0,1.0,1.0
3426,293,0,0,0,0,0,0,1.0,1.0
3426,259,0,0,0,0,0,0,1.0,1.0
3426,645,0,0,0,0,0,0,1.0,1.0
3426,139,1,1,1,1,1,1,1.0,1.0
3426,188,0,0,0,0,0,0,1.0,1.0
3426,60,0,0,0,0,0,0,1.0,1.0
3426,76,0,0,0,0,0,0,1.0,1.0
3426,55,0,0,0,0,0,0,1.0,1.0
3426,303,0,0,0,0,0,0,1.0,1.0
4553,433,0,0,0,0,0,0,1.0,1.0
4553,178,0,0,0,0,0,0,1.0,1.0
4553,347,1,1,1,1,1,1,1.0,1.0
4553,45,0,0,0,0,0,0,1.0,1.0
4553,470,0,1,1,1,1,1,0.8,0.9
4553,13,0,0,0,0,0,0,1.0,1.0
4553,398,0,0,0,0,0,0,1.0,1.0
4553,464,0,0,0,0,0,0,1.0,1.0
4553,480,0,0,0,0,0,0,1.0,1.0
4553,462,0,0,0,0,0,0,1.0,1.0
4553,586,0,0,0,0,0,0,1.0,1.0
4553,492,0,0,0,0,0,0,1.0,1.0
4553,274,0,0,0,0,0,0,1.0,1.0
4553,61,1,1,1,1,1,1,1.0,1.0
4553,315,0,0,0,0,0,0,1.0,1.0
4553,691,0,0,0,0,0,0,1.0,1.0
4553,214,0,0,0,0,0,0,1.0,1.0
4553,573,0,0,0,0,0,0,1.0,1.0
4553,252,0,0,0,0,0,0,1.0,1.0
4553,539,0,0,0,0,0,0,1.0,1.0
4553,73,0,0,0,0,0,0,1.0,1.0
4553,199,0,0,0,0,0,0,1.0,1.0
4553,692,1,1,1,1,1,1,1.0,1.0
4553,139,0,0,0,0,0,0,1.0,1.0
4553,513,0,0,0,0,0,0,1.0,1.0
4553,439,0,0,0,0,0,0,1.0,1.0
4553,94,1,1,1,1,1,1,1.0,1.0
4553,627,0,0,0,0,0,0,1.0,1.0
4553,44,0,0,0,0,0,0,1.0,1.0
4553,187,0,0,0,0,0,0,1.0,1.0
4553,614,0,0,0,0,0,0,1.0,1.0
4553,17,0,0,0,0,0,0,1.0,1.0
4553,606,0,0,0,0,0,0,1.0,1.0
4553,281,0,0,0,0,0,0,1.0,1.0
4553,467,0,0,0,0,0,0,1.0,1.0
4553,613,0,0,0,0,0,0,1.0,1.0
4553,235,0,0,0,0,0,0,1.0,1.0
4553,443,1,1,1,1,1,1,1.0,1.0
4553,481,0,0,0,0,0,0,1.0,1.0
4553,424,0,0,0,0,0,0,1.0,1.0
4553,231,0,0,0,0,0,0,1.0,1.0
4553,617,0,0,0,0,0,0,1.0,1.0
4553,718,0,0,0,0,0,0,1.0,1.0
4553,30,0,0,0,0,0,0,1.0,1.0
4553,225,0,0,0,0,0,0,1.0,1.0
4553,55,0,0,0,0,0,0,1.0,1.0
4553,210,0,0,0,0,0,0,1.0,1.0
4553,542,0,0,0,0,0,0,1.0,1.0
4553,106,1,1,1,1,1,1,1.0,1.0
4553,709,0,0,0,0,0,0,1.0,1.0
4553,37,1,0,0,0,0,0,0.8,0.9
4553,651,1,1,1,1,1,1,1.0,1.0
4553,473,0,0,0,0,0,0,1.0,1.0
4553,380,0,0,0,0,0,0,1.0,1.0
4553,374,2,2,2,2,2,2,1.0,1.0
4553,446,0,0,0,0,0,0,1.0,1.0
4553,221,0,0,0,0,0,0,1.0,1.0
4553,703,0,0,0,0,0,0,1.0,1.0
4553,60,0,0,0,0,0,0,1.0,1.0
4553,699,0,0,0,0,0,0,1.0,1.0
4553,611,0,0,0,0,0,0,1.0,1.0
4553,687,0,0,0,0,0,0,1.0,1.0
4553,399,0,1,1,1,0,1,0.6,0.8
4553,57,0,0,0,0,0,0,1.0,1.0
4553,332,0,0,0,0,0,0,1.0,1.0
4553,602,0,0,0,0,0,0,1.0,1.0
4553,87,0,0,0,0,0,0,1.0,1.0
4553,579,0,0,0,0,0,0,1.0,1.0
4553,417,0,0,0,0,0,0,1.0,1.0
4553,290,0,0,0,0,0,0,1.0,1.0
4553,499,0,0,0,0,0,0,1.0,1.0
4553,719,0,0,0,0,0,0,1.0,1.0
4553,227,0,0,0,0,0,0,1.0,1.0
4553,567,0,0,0,0,0,0,1.0,1.0
4553,423,0,0,0,0,0,0,1.0,1.0
4553,570,0,0,0,0,0,0,1.0,1.0
4553,639,0,0,0,0,0,0,1.0,1.0
4553,229,0,0,0,0,0,0,1.0,1.0
4553,169,0,0,0,0,0,0,1.0,1.0
4553,268,0,0,0,0,0,0,1.0,1.0
4553,448,1,1,1,1,1,1,1.0,1.0
4553,340,1,1,1,1,1,1,1.0,1.0
4553,540,0,0,0,0,0,0,1.0,1.0
4553,141,0,0,0,0,0,0,1.0,1.0
6336,569,1,1,1,1,1,1,1.0,1.0
6336,173,0,0,0,0,0,0,1.0,1.0
6336,19,1,1,2,1,1,1,0.8,0.9
6336,708,0,0,0,0,0,0,1.0,1.0
6336,432,2,2,2,2,2,2,1.0,1.0
6336,268,1,1,1,1,1,1,1.0,1.0
6336,492,2,2,1,2,2,2,0.8,0.9
6336,406,1,0,1,1,1,1,0.8,0.9
6336,90,1,1,1,1,1,1,1.0,1.0
6336,455,2,2,2,2,2,2,1.0,1.0
6336,356,1,1,1,1,1,1,1.0,1.0
6336,727,1,1,1,1,1,1,1.0,1.0
6336,166,0,0,0,0,0,0,1.0,1.0
6336,340,1,1,1,1,1,1,1.0,1.0
6336,376,1,1,1,1,1,1,1.0,1.0
6336,718,0,0,0,0,0,0,1.0,1.0
6336,464,2,2,2,2,2,2,1.0,1.0
6336,375,1,1,1,1,1,1,1.0,1.0
6336,232,2,2,2,2,2,2,1.0,1.0
6336,496,1,1,1,1,1,1,1.0,1.0
6336,193,0,0,0,0,0,0,1.0,1.0
6336,611,1,1,0,1,1,1,0.8,0.9
6336,739,2,2,2,2,2,2,1.0,1.0
6336,451,1,1,1,1,1,1,1.0,1.0
6336,467,2,2,2,2,2,2,1.0,1.0
6336,206,1,1,1,1,1,1,1.0,1.0
6336,541,0,0,0,0,0,0,1.0,1.0
6336,613,2,2,2,2,2,2,1.0,1.0
6336,159,2,2,1,2,2,2,0.8,0.9
6336,9,1,1,1,1,1,1,1.0,1.0
6336,332,1,1,1,1,1,1,1.0,1.0
6336,150,0,0,0,0,0,0,1.0,1.0
6336,158,1,1,1,1,1,1,1.0,1.0
6336,233,0,0,0,0,0,0,1.0,1.0
6336,711,1,1,1,1,1,1,1.0,1.0
6336,337,2,2,2,2,2,2,1.0,1.0
6336,454,1,1,1,1,1,1,1.0,1.0
6336,177,2,2,2,2,2,2,1.0,1.0
6336,575,2,2,2,2,2,2,1.0,1.0
6336,637,0,1,1,1,1,1,0.8,0.9
6336,163,0,0,0,0,0,0,1.0,1.0
6336,238,0,1,1,0,1,1,0.6,0.8
6336,126,1,1,1,1,1,1,1.0,1.0
6336,324,1,1,1,1,1,1,1.0,1.0
6336,302,1,1,1,1,1,1,1.0,1.0
6336,534,1,1,1,1,1,1,1.0,1.0
6336,388,2,2,2,2,2,2,1.0,1.0
6336,687,1,1,1,1,1,1,1.0,1.0
6336,170,1,1,1,1,1,1,1.0,1.0
6336,414,1,1,1,1,1,1,1.0,1.0
6336,407,1,1,1,1,1,1,1.0,1.0
6336,115,0,0,0,0,0,0,1.0,1.0
6336,422,1,1,1,1,1,1,1.0,1.0
6336,622,1,1,1,1,1,1,1.0,1.0
6336,614,2,2,2,2,2,2,1.0,1.0
6336,113,2,2,2,2,2,2,1.0,1.0
6336,686,1,1,1,1,1,1,1.0,1.0
6336,615,1,1,1,1,1,1,1.0,1.0
6336,52,1,1,1,1,1,1,1.0,1.0
6336,439,1,2,2,2,2,2,0.8,0.9
6336,442,2,2,1,2,2,2,0.8,0.9
6336,470,2,2,2,2,2,2,1.0,1.0
6336,398,1,1,1,1,1,1,1.0,1.0
6336,169,1,1,1,1,1,1,1.0,1.0
6336,542,1,0,0,0,0,0,0.8,0.9
6336,643,0,0,1,0,0,0,0.8,0.9
6336,528,1,1,1,1,1,1,1.0,1.0
6336,310,1,1,1,1,1,1,1.0,1.0
6336,122,0,0,0,0,0,0,1.0,1.0
6336,683,1,1,1,1,1,1,1.0,1.0
5464,203,0,0,0,0,0,0,1.0,1.0
5464,52,0,0,0,0,0,0,1.0,1.0
5464,396,0,0,0,0,0,0,1.0,1.0
5464,451,0,0,0,0,0,0,1.0,1.0
5464,210,1,1,1,1,0,1,0.8,0.9
5464,176,0,0,0,0,0,0,1.0,1.0
5464,658,0,0,0,0,0,0,1.0,1.0
5464,365,0,0,0,0,0,0,1.0,1.0
5464,419,0,0,0,0,0,0,1.0,1.0
5464,61,0,0,0,0,0,0,1.0,1.0
5464,547,0,0,0,0,0,0,1.0,1.0
5464,374,1,0,0,0,1,0,0.6,0.8
5464,602,0,0,0,0,0,0,1.0,1.0
5464,174,0,0,0,0,0,0,1.0,1.0
5464,303,0,0,0,0,0,0,1.0,1.0
5464,106,0,0,0,0,0,0,1.0,1.0
5464,252,0,0,0,0,0,0,1.0,1.0
5464,293,0,0,0,0,0,0,1.0,1.0
5464,296,1,1,1,1,1,1,1.0,1.0
5464,375,0,0,0,0,0,0,1.0,1.0
5464,275,0,0,0,0,0,0,1.0,1.0
5464,567,0,0,0,0,0,0,1.0,1.0
5464,709,0,0,0,0,0,0,1.0,1.0
5464,280,1,1,1,1,1,1,1.0,1.0
5464,222,0,0,0,0,0,0,1.0,1.0
5464,508,1,1,1,1,1,1,1.0,1.0
5464,502,0,0,0,0,0,0,1.0,1.0
5464,294,0,0,0,0,0,0,1.0,1.0
5464,10,0,0,0,0,0,0,1.0,1.0
5464,65,0,0,0,0,0,0,1.0,1.0
5464,692,0,0,0,0,0,0,1.0,1.0
5464,645,0,0,0,0,0,0,1.0,1.0
5464,214,1,1,1,1,1,1,1.0,1.0
5464,433,0,0,0,0,0,0,1.0,1.0
5464,76,0,0,0,0,0,0,1.0,1.0
5464,372,0,0,0,0,0,0,1.0,1.0
5464,608,0,0,0,0,0,0,1.0,1.0
5464,597,0,0,0,0,0,0,1.0,1.0
5464,326,0,0,0,0,0,0,1.0,1.0
5464,385,0,0,0,0,0,0,1.0,1.0
5464,145,0,0,0,0,0,0,1.0,1.0
5464,263,0,0,0,0,0,0,1.0,1.0
5464,591,0,0,0,0,0,0,1.0,1.0
5464,309,0,0,0,0,0,0,1.0,1.0
5464,571,0,0,0,0,0,0,1.0,1.0
5464,471,0,0,0,0,0,0,1.0,1.0
5464,201,0,0,0,0,0,0,1.0,1.0
5464,446,0,0,0,0,0,0,1.0,1.0
5464,721,0,0,0,0,0,0,1.0,1.0
5464,436,0,0,0,0,0,0,1.0,1.0
5464,121,2,2,2,2,2,2,1.0,1.0
5464,443,0,0,0,0,0,0,1.0,1.0
5464,716,0,0,0,0,0,0,1.0,1.0
5464,450,0,0,0,0,0,0,1.0,1.0
5464,660,0,0,0,0,0,0,1.0,1.0
5464,639,0,0,0,0,0,0,1.0,1.0
5464,155,0,0,0,0,0,0,1.0,1.0
5464,30,1,1,1,1,1,1,1.0,1.0
5464,371,0,0,0,0,0,0,1.0,1.0
5464,462,0,0,0,0,0,0,1.0,1.0
5464,94,1,1,1,1,1,1,1.0,1.0
5464,691,0,0,0,0,0,0,1.0,1.0
5464,632,1,1,1,1,1,1,1.0,1.0
5464,516,0,0,0,0,0,0,1.0,1.0
5464,54,0,0,0,0,0,0,1.0,1.0
5464,627,0,0,0,0,0,0,1.0,1.0
5464,481,0,0,0,0,0,0,1.0,1.0
5464,573,0,0,0,0,0,0,1.0,1.0
5464,46,0,0,0,0,0,0,1.0,1.0
5464,406,0,0,0,0,0,0,1.0,1.0
5464,448,2,2,2,2,2,2,1.0,1.0
5464,413,0,0,0,0,0,0,1.0,1.0
5464,679,0,0,0,0,0,0,1.0,1.0
5464,22,0,0,0,0,0,0,1.0,1.0
3030,737,0,0,0,0,0,0,1.0,1.0
3030,377,0,0,0,0,0,0,1.0,1.0
3030,681,0,0,0,0,0,0,1.0,1.0
3030,313,0,0,0,0,0,0,1.0,1.0
3030,124,0,0,0,0,0,0,1.0,1.0
3030,722,0,0,0,0,0,0,1.0,1.0
3030,192,0,0,0,0,0,0,1.0,1.0
3030,572,0,0,0,0,0,0,1.0,1.0
3030,295,0,0,0,0,0,0,1.0,1.0
3030,79,0,1,1,1,1,1,0.8,0.9
3030,30,0,0,0,0,0,0,1.0,1.0
3030,358,0,0,0,0,0,0,1.0,1.0
3030,330,0,0,0,0,0,0,1.0,1.0
3030,399,0,0,0,0,0,0,1.0,1.0
3030,387,0,0,0,0,0,0,1.0,1.0
3030,415,0,0,0,0,0,0,1.0,1.0
3030,257,0,0,0,0,0,0,1.0,1.0
3030,362,0,0,0,0,0,0,1.0,1.0
3030,67,0,0,0,0,0,0,1.0,1.0
3030,179,0,0,0,0,0,0,1.0,1.0
3030,314,0,0,0,0,0,0,1.0,1.0
3030,490,0,0,0,0,0,0,1.0,1.0
3030,237,0,0,0,0,0,0,1.0,1.0
3030,411,0,0,0,0,0,0,1.0,1.0
3030,651,1,0,1,1,0,1,0.6,0.8
3030,447,0,0,0,0,0,0,1.0,1.0
3030,699,0,0,0,0,0,0,1.0,1.0
3030,386,0,0,0,0,0,0,1.0,1.0
3030,274,0,0,0,0,0,0,1.0,1.0
3030,557,0,0,0,0,0,0,1.0,1.0
3030,178,0,0,0,0,0,0,1.0,1.0
3030,290,0,0,0,0,0,0,1.0,1.0
3030,210,0,0,0,0,0,0,1.0,1.0
3030,53,0,0,0,0,0,0,1.0,1.0
3030,63,0,0,0,0,0,0,1.0,1.0
3030,451,0,0,0,0,0,0,1.0,1.0
3030,403,0,0,0,0,0,0,1.0,1.0
3030,197,0,0,0,0,0,0,1.0,1.0
3030,366,0,0,0,0,0,0,1.0,1.0
3030,562,0,0,0,0,0,0,1.0,1.0
3030,57,0,0,0,0,0,0,1.0,1.0
3030,344,0,0,0,0,0,0,1.0,1.0
3030,732,1,1,1,1,1,1,1.0,1.0
3030,199,0,0,0,0,0,0,1.0,1.0
3030,548,0,0,0,0,0,0,1.0,1.0
3030,620,0,0,0,0,0,0,1.0,1.0
3030,578,0,0,0,0,0,0,1.0,1.0
3030,678,0,0,0,0,0,0,1.0,1.0
3030,606,0,0,0,0,0,0,1.0,1.0
3030,140,0,0,0,0,0,0,1.0,1.0
3030,375,0,0,0,0,0,0,1.0,1.0
3030,480,0,0,0,0,0,0,1.0,1.0
3030,13,0,0,0,0,0,0,1.0,1.0
3030,595,0,0,0,0,0,0,1.0,1.0
3030,252,0,0,0,0,0,0,1.0,1.0
3030,579,0,0,0,0,0,0,1.0,1.0
3030,73,0,0,0,0,0,0,1.0,1.0
3030,549,1,0,0,0,1,0,0.6,0.8
3030,660,0,0,0,0,0,0,1.0,1.0
3030,137,0,0,0,0,0,0,1.0,1.0
3030,416,0,0,0,0,0,0,1.0,1.0
3030,208,0,0,0,0,0,0,1.0,1.0
3030,107,0,0,0,0,0,0,1.0,1.0
3030,27,0,0,0,0,0,0,1.0,1.0
3030,347,0,0,0,0,0,0,1.0,1.0
3030,343,0,0,0,0,0,0,1.0,1.0
3030,508,0,0,0,0,0,0,1.0,1.0
3030,570,0,0,0,0,0,0,1.0,1.0
3030,412,0,0,0,0,0,0,1.0,1.0
3030,81,0,0,0,0,0,0,1.0,1.0
3030,293,0,0,0,0,0,0,1.0,1.0
3030,397,0,0,0,0,0,0,1.0,1.0
3030,643,0,0,0,0,0,0,1.0,1.0
3030,216,0,0,0,0,0,0,1.0,1.0
3030,40,0,0,0,0,0,0,1.0,1.0
3030,335,0,0,0,0,0,0,1.0,1.0
3030,259,0,0,0,0,0,0,1.0,1.0
4910,520,0,0,0,0,0,0,1.0,1.0
4910,573,0,0,0,0,0,0,1.0,1.0
4910,439,0,0,0,0,0,0,1.0,1.0
4910,112,0,0,0,0,0,0,1.0,1.0
4910,399,0,0,0,0,0,0,1.0,1.0
4910,18,0,0,0,0,0,0,1.0,1.0
4910,721,0,0,0,0,0,0,1.0,1.0
4910,737,0,0,0,0,0,0,1.0,1.0
4910,19,0,0,0,0,0,0,1.0,1.0
4910,678,0,0,0,0,0,0,1.0,1.0
4910,202,0,0,0,0,0,0,1.0,1.0
4910,686,0,0,0,0,0,0,1.0,1.0
4910,665,0,0,0,0,0,0,1.0,1.0
4910,238,0,0,0,0,0,0,1.0,1.0
4910,310,0,0,0,0,0,0,1.0,1.0
4910,51,0,0,0,0,0,0,1.0,1.0
4910,302,0,0,0,0,0,0,1.0,1.0
4910,124,0,0,0,0,0,0,1.0,1.0
4910,123,0,0,0,0,0,0,1.0,1.0
4910,526,0,0,0,0,0,0,1.0,1.0
4910,141,0,0,0,0,0,0,1.0,1.0
4910,340,0,0,0,0,0,0,1.0,1.0
4910,259,0,0,0,0,0,0,1.0,1.0
4910,214,0,0,0,0,0,0,1.0,1.0
4910,419,0,0,0,0,0,0,1.0,1.0
4910,13,0,0,0,0,0,0,1.0,1.0
4910,691,0,0,0,0,0,0,1.0,1.0
4910,180,0,0,0,0,0,0,1.0,1.0
4910,557,0,0,0,0,0,0,1.0,1.0
4910,388,0,0,0,0,0,0,1.0,1.0
4910,567,0,0,0,0,0,0,1.0,1.0
4910,275,0,0,0,0,0,0,1.0,1.0
4910,602,0,0,0,0,0,0,1.0,1.0
4910,139,0,0,0,0,0,0,1.0,1.0
4910,732,0,0,0,0,0,0,1.0,1.0
4910,36,0,0,0,0,0,0,1.0,1.0
4910,268,0,0,0,0,0,0,1.0,1.0
4910,516,0,0,0,0,0,0,1.0,1.0
4910,290,0,0,0,0,0,0,1.0,1.0
4910,396,0,0,0,0,0,0,1.0,1.0
4910,617,0,0,0,0,0,0,1.0,1.0
4910,158,0,0,0,0,0,0,1.0,1.0
4910,480,0,0,0,0,0,0,1.0,1.0
4910,703,0,0,0,0,0,0,1.0,1.0
4910,733,0,0,0,0,0,0,1.0,1.0
4910,301,0,0,0,0,0,0,1.0,1.0
4910,61,0,0,0,0,0,0,1.0,1.0
4910,55,0,0,0,0,0,0,1.0,1.0
4910,173,0,0,0,0,0,0,1.0,1.0
4910,611,0,0,0,0,0,0,1.0,1.0
4910,513,0,0,0,0,0,0,1.0,1.0
4910,344,0,0,0,0,0,0,1.0,1.0
4910,103,0,0,0,0,0,0,1.0,1.0
4910,653,0,0,0,0,0,0,1.0,1.0
4910,533,0,0,0,0,0,0,1.0,1.0
4910,206,0,0,0,0,0,0,1.0,1.0
4910,142,0,0,0,0,0,0,1.0,1.0
4910,464,0,0,0,0,0,0,1.0,1.0
4910,651,0,0,0,0,0,0,1.0,1.0
4910,276,0,0,0,0,0,0,1.0,1.0
4910,555,0,0,0,0,0,0,1.0,1.0
4910,570,0,0,0,0,0,0,1.0,1.0
4910,137,0,0,0,0,0,0,1.0,1.0
4910,227,0,0,0,0,0,0,1.0,1.0
4910,303,0,0,0,0,0,0,1.0,1.0
4910,145,0,0,0,0,0,0,1.0,1.0
4910,460,0,0,0,0,0,0,1.0,1.0
4910,400,0,0,0,0,0,0,1.0,1.0
4910,371,0,0,0,0,0,0,1.0,1.0
4910,462,0,0,0,0,0,0,1.0,1.0
4910,536,0,0,0,0,0,0,1.0,1.0
4910,356,0,0,0,0,0,0,1.0,1.0
4910,74,0,0,0,0,0,0,1.0,1.0
2340,645,0,0,0,0,0,0,1.0,1.0
2340,225,0,0,0,0,0,0,1.0,1.0
2340,693,0,0,0,0,0,0,1.0,1.0
2340,615,0,0,0,0,0,0,1.0,1.0
2340,606,0,0,0,0,0,0,1.0,1.0
2340,76,0,0,0,0,0,0,1.0,1.0
2340,169,0,0,0,0,0,0,1.0,1.0
2340,199,0,0,0,0,0,0,1.0,1.0
2340,221,0,0,0,0,0,0,1.0,1.0
2340,126,0,0,0,0,0,0,1.0,1.0
2340,9,0,0,0,0,0,0,1.0,1.0
2340,517,0,0,0,0,0,0,1.0,1.0
2340,422,0,0,0,0,0,0,1.0,1.0
2340,467,1,1,1,1,1,1,1.0,1.0
2340,728,0,0,0,0,0,0,1.0,1.0
2340,190,0,0,0,0,0,0,1.0,1.0
2340,274,0,0,1,0,1,0,0.6,0.8
2340,115,0,0,0,0,0,0,1.0,1.0
2340,492,1,0,0,0,1,0,0.6,0.8
2340,299,0,0,0,0,0,0,1.0,1.0
2340,398,0,0,0,0,0,0,1.0,1.0
2340,639,1,1,1,1,1,1,1.0,1.0
2340,515,0,0,0,0,0,0,1.0,1.0
2340,22,2,2,2,2,2,2,1.0,1.0
2340,436,0,0,0,0,0,0,1.0,1.0
2340,89,0,0,0,0,0,0,1.0,1.0
2340,264,0,0,0,0,0,0,1.0,1.0
2340,79,0,0,0,0,0,0,1.0,1.0
2340,403,0,0,0,0,0,0,1.0,1.0
2340,692,0,0,0,0,1,0,0.8,0.9
2340,407,0,0,0,0,0,0,1.0,1.0
2340,443,0,0,0,0,0,0,1.0,1.0
2340,10,0,0,0,0,0,0,1.0,1.0
2340,203,0,0,0,0,0,0,1.0,1.0
2340,106,0,0,0,0,0,0,1.0,1.0
2340,481,0,1,0,1,1,1,0.6,0.8
2340,379,0,0,0,0,0,0,1.0,1.0
2340,614,2,2,2,2,2,2,1.0,1.0
2340,577,0,0,0,0,0,0,1.0,1.0
2340,595,0,0,0,0,0,0,1.0,1.0
2340,202,0,0,0,0,0,0,1.0,1.0
2340,347,0,0,0,0,0,0,1.0,1.0
2340,100,0,0,0,0,0,0,1.0,1.0
2340,446,0,0,0,0,0,0,1.0,1.0
2340,320,0,0,0,0,0,0,1.0,1.0
2340,270,0,0,0,0,0,0,1.0,1.0
2340,715,0,0,0,0,0,0,1.0,1.0
2340,161,0,0,0,0,0,0,1.0,1.0
2340,132,0,0,0,0,0,0,1.0,1.0
2340,708,0,0,0,0,0,0,1.0,1.0
2340,166,0,0,0,0,0,0,1.0,1.0
2340,498,0,0,0,0,0,0,1.0,1.0
2340,177,2,2,2,2,2,2,1.0,1.0
2340,416,0,0,0,0,0,0,1.0,1.0
2340,613,0,0,0,0,0,0,1.0,1.0
2340,627,0,0,0,0,0,0,1.0,1.0
2340,432,1,1,1,1,1,1,1.0,1.0
2340,716,0,0,0,0,0,0,1.0,1.0
2340,374,2,2,2,2,2,2,1.0,1.0
2340,73,0,0,0,0,0,0,1.0,1.0
2340,74,0,0,0,0,0,0,1.0,1.0
2340,257,0,0,0,0,0,0,1.0,1.0
2340,470,0,0,0,0,0,0,1.0,1.0
2340,445,1,1,1,1,1,1,1.0,1.0
2340,330,0,0,0,0,0,0,1.0,1.0
2340,542,0,0,0,0,0,0,1.0,1.0
2340,386,1,1,1,1,1,1,1.0,1.0
2340,575,0,0,0,0,0,0,1.0,1.0
2340,718,0,0,0,0,0,0,1.0,1.0
2340,618,0,0,0,0,0,0,1.0,1.0
2340,644,0,0,0,0,0,0,1.0,1.0
2340,506,0,0,0,0,0,0,1.0,1.0
3965,303,2,2,2,2,2,2,1.0,1.0
3965,347,0,0,0,0,0,0,1.0,1.0
3965,365,0,0,0,0,0,0,1.0,1.0
3965,9,0,0,0,0,0,0,1.0,1.0
3965,692,0,0,0,0,0,0,1.0,1.0
3965,526,0,0,0,0,0,0,1.0,1.0
3965,602,0,0,0,0,0,0,1.0,1.0
3965,73,0,0,0,0,0,0,1.0,1.0
3965,481,1,1,0,0,1,1,0.6,0.8
3965,324,0,0,0,0,0,0,1.0,1.0
3965,270,0,0,0,0,0,0,1.0,1.0
3965,94,0,0,0,0,0,0,1.0,1.0
3965,433,0,0,0,0,0,0,1.0,1.0
3965,419,0,0,0,0,0,0,1.0,1.0
3965,396,0,0,0,0,0,0,1.0,1.0
3965,79,0,0,0,0,0,0,1.0,1.0
3965,106,0,0,0,0,0,0,1.0,1.0
3965,10,0,0,0,0,0,0,1.0,1.0
3965,190,0,0,0,0,0,0,1.0,1.0
3965,629,0,0,0,0,0,0,1.0,1.0
3965,316,0,0,0,0,0,0,1.0,1.0
3965,211,0,1,1,1,1,1,0.8,0.9
3965,516,0,0,0,0,0,0,1.0,1.0
3965,611,0,0,0,0,0,0,1.0,1.0
3965,310,0,0,0,0,0,0,1.0,1.0
3965,617,0,0,0,0,0,0,1.0,1.0
3965,656,0,0,0,0,0,0,1.0,1.0
3965,358,1,1,1,1,1,1,1.0,1.0
3965,613,0,0,0,0,0,0,1.0,1.0
3965,540,0,0,0,0,0,0,1.0,1.0
3965,470,1,1,1,1,1,1,1.0,1.0
3965,737,0,0,0,0,0,0,1.0,1.0
3965,448,0,0,0,0,0,0,1.0,1.0
3965,42,0,0,0,0,0,0,1.0,1.0
3965,293,2,2,2,2,2,2,1.0,1.0
3965,287,0,0,0,0,0,0,1.0,1.0
3965,23,0,0,0,0,0,0,1.0,1.0
3965,271,2,2,2,2,2,2,1.0,1.0
3965,598,0,0,0,0,0,0,1.0,1.0
3965,208,1,1,1,1,1,1,1.0,1.0
3965,492,0,0,0,0,0,0,1.0,1.0
3965,413,0,1,1,1,1,1,0.8,0.9
3965,302,0,0,0,0,0,0,1.0,1.0
3965,504,0,0,0,0,0,0,1.0,1.0
3965,414,0,0,0,0,0,0,1.0,1.0
3965,13,0,0,0,0,0,0,1.0,1.0
3965,96,0,0,0,0,0,0,1.0,1.0
3965,199,0,0,0,0,0,0,1.0,1.0
3965,122,0,0,0,0,0,0,1.0,1.0
3965,734,0,0,0,0,0,0,1.0,1.0
3965,57,0,0,0,0,0,0,1.0,1.0
3965,372,0,0,0,0,0,0,1.0,1.0
3965,145,0,0,0,0,0,0,1.0,1.0
3965,710,0,0,0,0,0,0,1.0,1.0
3965,528,0,0,0,0,0,0,1.0,1.0
3965,446,0,0,0,0,0,0,1.0,1.0
3965,635,0,1,0,1,1,1,0.6,0.8
3965,76,0,0,0,0,0,0,1.0,1.0
3965,732,1,1,1,0,1,1,0.8,0.9
3965,455,0,0,0,0,0,0,1.0,1.0
3965,422,0,0,0,0,0,0,1.0,1.0
3965,4,0,0,0,0,0,0,1.0,1.0
3965,473,0,0,0,0,0,0,1.0,1.0
3965,54,0,0,0,0,0,0,1.0,1.0
3965,210,0,0,0,0,0,0,1.0,1.0
3965,542,0,0,0,0,0,0,1.0,1.0
3965,178,2,2,2,2,2,2,1.0,1.0
3965,736,0,0,0,0,0,0,1.0,1.0
3965,464,2,2,2,2,2,2,1.0,1.0
3965,469,0,0,0,0,0,0,1.0,1.0
3965,225,1,1,1,1,1,1,1.0,1.0
3965,439,2,2,2,2,2,2,1.0,1.0
3965,434,0,0,0,0,0,0,1.0,1.0
3965,462,0,0,0,0,0,0,1.0,1.0
3965,436,0,0,0,0,0,0,1.0,1.0
3965,115,0,0,0,0,0,0,1.0,1.0
3965,137,0,0,0,0,0,0,1.0,1.0
3965,721,0,0,0,0,0,0,1.0,1.0
1384,448,0,0,0,0,0,0,1.0,1.0
1384,614,0,0,0,0,0,0,1.0,1.0
1384,545,0,0,0,0,0,0,1.0,1.0
1384,590,0,0,0,0,0,0,1.0,1.0
1384,144,0,0,0,0,0,0,1.0,1.0
1384,443,0,0,0,0,0,0,1.0,1.0
1384,606,0,0,0,0,0,0,1.0,1.0
1384,257,0,0,0,0,0,0,1.0,1.0
1384,193,0,0,0,0,0,0,1.0,1.0
1384,691,0,0,0,0,0,0,1.0,1.0
1384,290,0,0,0,0,0,0,1.0,1.0
1384,432,1,1,1,1,1,1,1.0,1.0
1384,329,0,0,0,0,0,0,1.0,1.0
1384,64,0,0,0,0,0,0,1.0,1.0
1384,248,0,0,0,0,0,0,1.0,1.0
1384,330,0,0,0,0,0,0,1.0,1.0
1384,656,0,0,0,0,0,0,1.0,1.0
1384,281,0,0,0,0,0,0,1.0,1.0
1384,172,0,0,0,0,0,0,1.0,1.0
1384,354,0,0,0,0,0,0,1.0,1.0
1384,22,0,0,0,0,0,0,1.0,1.0
1384,718,0,0,0,0,0,0,1.0,1.0
1384,573,0,0,0,0,0,0,1.0,1.0
1384,574,0,0,0,0,0,0,1.0,1.0
1384,409,1,1,1,1,1,1,1.0,1.0
1384,388,0,0,0,0,0,0,1.0,1.0
1384,707,0,0,0,0,0,0,1.0,1.0
1384,340,0,0,0,0,0,0,1.0,1.0
1384,675,0,0,0,0,0,0,1.0,1.0
1384,368,0,0,0,0,0,0,1.0,1.0
1384,214,0,0,0,0,0,0,1.0,1.0
1384,196,0,0,0,0,0,0,1.0,1.0
1384,651,1,1,1,1,1,1,1.0,1.0
1384,125,0,0,0,0,0,0,1.0,1.0
1384,138,0,0,0,0,0,0,1.0,1.0
1384,398,0,0,0,0,0,0,1.0,1.0
1384,497,0,0,0,0,0,0,1.0,1.0
1384,570,0,0,0,0,0,0,1.0,1.0
1384,375,0,0,0,0,0,0,1.0,1.0
1384,627,1,1,1,1,1,1,1.0,1.0
1384,703,0,0,0,0,0,0,1.0,1.0
1384,317,0,0,0,0,0,0,1.0,1.0
1384,580,0,0,0,0,0,0,1.0,1.0
1384,232,0,0,0,0,0,0,1.0,1.0
1384,534,0,0,0,0,0,0,1.0,1.0
1384,122,0,0,0,0,0,0,1.0,1.0
1384,715,0,0,0,0,0,0,1.0,1.0
1384,55,1,1,1,1,1,1,1.0,1.0
1384,670,0,0,0,0,0,0,1.0,1.0
1384,681,0,0,0,0,0,0,1.0,1.0
1384,517,0,0,0,0,0,0,1.0,1.0
1384,456,0,0,0,0,0,0,1.0,1.0
1384,177,1,1,1,1,1,1,1.0,1.0
1384,682,0,0,0,0,0,0,1.0,1.0
1384,524,0,0,0,0,0,0,1.0,1.0
1384,67,0,0,0,0,0,0,1.0,1.0
1384,455,2,2,2,2,2,2,1.0,1.0
1384,553,0,0,0,0,0,0,1.0,1.0
1384,238,0,0,0,0,0,0,1.0,1.0
1384,374,0,0,0,0,0,0,1.0,1.0
9151,716,0,0,0,0,0,0,1.0,1.0
9151,10,0,0,0,0,0,0,1.0,1.0
9151,126,0,0,0,0,0,0,1.0,1.0
9151,22,0,0,0,0,0,0,1.0,1.0
9151,13,0,0,0,0,0,0,1.0,1.0
9151,414,0,0,0,0,0,0,1.0,1.0
9151,145,0,0,0,0,0,0,1.0,1.0
9151,178,1,1,1,1,1,1,1.0,1.0
9151,374,0,0,0,0,0,0,1.0,1.0
9151,47,0,0,0,0,0,0,1.0,1.0
9151,586,0,0,0,0,0,0,1.0,1.0
9151,612,1,1,1,1,1,1,1.0,1.0
9151,210,0,0,0,0,0,0,1.0,1.0
9151,94,0,0,0,0,0,0,1.0,1.0
9151,365,0,0,0,0,0,0,1.0,1.0
9151,61,0,0,0,0,0,0,1.0,1.0
9151,559,1,1,1,1,1,1,1.0,1.0
9151,361,0,0,0,0,0,0,1.0,1.0
9151,274,1,1,1,1,1,1,1.0,1.0
9151,141,0,0,0,0,0,0,1.0,1.0
9151,436,0,0,0,0,0,0,1.0,1.0
9151,465,0,0,0,0,0,0,1.0,1.0
9151,269,0,0,0,0,0,0,1.0,1.0
9151,483,0,0,0,0,0,0,1.0,1.0
9151,610,0,0,0,0,0,0,1.0,1.0
9151,254,0,0,0,0,0,0,1.0,1.0
9151,68,0,0,0,0,0,0,1.0,1.0
9151,683,0,0,0,0,0,0,1.0,1.0
9151,393,0,0,0,0,0,0,1.0,1.0
9151,480,0,0,0,0,0,0,1.0,1.0
9151,516,0,0,0,0,0,0,1.0,1.0
9151,51,1,1,1,1,1,1,1.0,1.0
9151,505,0,0,0,0,0,0,1.0,1.0
9151,110,0,0,0,0,0,0,1.0,1.0
9151,290,0,0,0,0,0,0,1.0,1.0
9151,111,0,0,0,0,0,0,1.0,1.0
9151,122,0,0,0,0,0,0,1.0,1.0
9151,439,0,0,0,0,0,0,1.0,1.0
9151,580,0,0,0,0,0,0,1.0,1.0
9151,615,0,0,0,0,0,0,1.0,1.0
9151,645,0,0,0,0,0,0,1.0,1.0
9151,124,0,0,0,0,0,0,1.0,1.0
9151,221,0,0,0,0,0,0,1.0,1.0
9151,21,0,0,0,0,0,0,1.0,1.0
9151,467,0,0,0,0,0,0,1.0,1.0
9151,358,0,0,0,0,0,0,1.0,1.0
9151,399,0,0,0,0,0,0,1.0,1.0
9151,268,0,0,0,0,0,0,1.0,1.0
9151,73,0,0,0,0,0,0,1.0,1.0
9151,567,0,0,0,0,0,0,1.0,1.0
9151,665,0,0,0,0,0,0,1.0,1.0
9151,57,0,0,0,0,0,0,1.0,1.0
9151,347,0,0,0,0,0,0,1.0,1.0
9151,634,0,0,0,0,0,0,1.0,1.0
9151,613,0,0,0,0,0,0,1.0,1.0
9151,413,0,0,0,0,0,0,1.0,1.0
9151,500,0,1,1,0,0,0,0.6,0.8
9151,158,0,0,0,0,0,0,1.0,1.0
9151,335,0,0,0,0,0,0,1.0,1.0
9151,678,0,0,0,0,0,0,1.0,1.0
9151,663,0,0,0,0,0,0,1.0,1.0
9151,600,0,0,0,0,0,0,1.0,1.0
9151,176,0,0,0,0,0,0,1.0,1.0
9151,344,0,0,0,0,0,0,1.0,1.0
9151,118,0,1,1,1,1,1,0.8,0.9
9151,137,0,0,0,0,0,0,1.0,1.0
9151,346,0,0,0,0,0,0,1.0,1.0
9151,293,0,0,0,0,0,0,1.0,1.0
9151,359,0,0,0,0,0,0,1.0,1.0
9151,396,0,0,0,0,0,0,1.0,1.0
9151,606,1,1,1,1,1,1,1.0,1.0
9151,639,0,0,0,0,0,0,1.0,1.0
9151,599,1,1,1,1,1,1,1.0,1.0
9151,386,0,0,0,0,0,0,1.0,1.0
9151,708,0,0,0,0,0,0,1.0,1.0
9151,692,0,0,0,0,0,0,1.0,1.0
9151,443,0,0,0,0,0,0,1.0,1.0
9151,259,0,0,0,0,0,0,1.0,1.0
9151,257,0,0,0,0,0,0,1.0,1.0
9151,375,0,0,0,0,0,0,1.0,1.0
9151,593,0,0,0,0,0,0,1.0,1.0
9151,169,0,0,0,0,0,0,1.0,1.0
9151,664,0,0,0,0,0,0,1.0,1.0
9151,391,0,0,0,0,0,0,1.0,1.0
9151,139,0,0,0,0,0,0,1.0,1.0
9151,30,0,0,0,0,0,0,1.0,1.0
9151,407,0,0,0,0,0,0,1.0,1.0
9151,28,0,0,0,0,0,0,1.0,1.0
9151,121,0,0,0,0,0,0,1.0,1.0
9151,403,0,0,0,0,0,0,1.0,1.0
9151,470,0,0,0,0,0,0,1.0,1.0
1525,481,0,0,0,0,0,0,1.0,1.0
1525,706,0,0,0,0,0,0,1.0,1.0
1525,673,0,0,0,0,0,0,1.0,1.0
1525,602,0,0,1,0,0,0,0.8,0.9
1525,286,0,0,0,0,0,0,1.0,1.0
1525,101,0,0,0,0,0,0,1.0,1.0
1525,570,0,0,0,0,0,0,1.0,1.0
1525,457,0,0,0,0,0,0,1.0,1.0
1525,573,0,1,1,0,1,1,0.6,0.8
1525,332,0,0,0,0,0,0,1.0,1.0
1525,139,0,0,0,0,0,0,1.0,1.0
1525,730,0,0,0,0,0,0,1.0,1.0
1525,735,0,0,0,0,0,0,1.0,1.0
1525,399,1,1,1,1,1,1,1.0,1.0
1525,363,0,0,0,0,0,0,1.0,1.0
1525,115,0,0,0,0,0,0,1.0,1.0
1525,446,0,0,0,0,0,0,1.0,1.0
1525,413,0,0,0,0,0,0,1.0,1.0
1525,108,0,0,0,0,0,0,1.0,1.0
1525,203,0,0,0,0,0,0,1.0,1.0
1525,397,1,1,1,1,1,1,1.0,1.0
1525,113,0,0,0,0,0,0,1.0,1.0
1525,684,0,0,0,0,0,0,1.0,1.0
1525,259,0,0,0,0,0,0,1.0,1.0
1525,177,2,2,2,2,2,2,1.0,1.0
1525,480,0,0,0,0,0,0,1.0,1.0
1525,577,0,0,0,0,0,0,1.0,1.0
1525,701,0,0,0,0,0,0,1.0,1.0
1525,398,0,0,0,0,0,0,1.0,1.0
1525,126,0,0,0,0,0,0,1.0,1.0
1525,386,0,0,0,0,0,0,1.0,1.0
1525,420,0,0,0,0,0,0,1.0,1.0
1525,627,0,0,0,0,0,0,1.0,1.0
1525,422,0,0,0,0,0,0,1.0,1.0
1525,240,0,0,0,0,0,0,1.0,1.0
1525,543,0,0,0,0,0,0,1.0,1.0
1525,517,0,0,0,0,0,0,1.0,1.0
1525,737,0,0,0,0,0,0,1.0,1.0
1525,605,1,1,1,1,1,1,1.0,1.0
1525,732,1,1,1,1,1,1,1.0,1.0
1525,44,0,0,0,0,0,0,1.0,1.0
1525,403,0,0,0,0,0,0,1.0,1.0
1525,513,0,0,0,0,0,0,1.0,1.0
1525,659,1,1,1,1,1,1,1.0,1.0
1525,9,0,0,0,0,0,0,1.0,1.0
1525,385,2,2,2,2,2,2,1.0,1.0
1525,34,0,0,0,0,0,0,1.0,1.0
1525,528,0,0,0,0,0,0,1.0,1.0
1525,106,0,0,0,0,0,0,1.0,1.0
1525,415,0,0,0,0,0,0,1.0,1.0
1525,79,0,0,0,0,0,0,1.0,1.0
1525,578,0,0,1,0,1,0,0.6,0.8
1525,683,0,0,0,0,0,0,1.0,1.0
1525,3,0,0,0,0,0,0,1.0,1.0
1525,237,0,1,1,0,0,0,0.6,0.8
1525,52,0,0,0,0,0,0,1.0,1.0
1525,76,0,0,0,0,0,0,1.0,1.0
1525,626,0,0,0,0,0,0,1.0,1.0
1525,214,0,0,0,0,0,0,1.0,1.0
1525,262,1,1,1,1,1,1,1.0,1.0
1525,12,0,0,0,0,0,0,1.0,1.0
1525,645,0,0,0,0,0,0,1.0,1.0
1525,46,1,1,1,1,1,1,1.0,1.0
1525,604,0,0,0,0,0,0,1.0,1.0
1525,525,0,0,0,0,0,0,1.0,1.0
1525,492,0,0,0,0,0,0,1.0,1.0
1525,295,0,0,0,0,0,0,1.0,1.0
1525,489,0,0,0,0,0,0,1.0,1.0
1525,61,0,0,0,0,0,0,1.0,1.0
1525,53,0,0,0,0,0,0,1.0,1.0
1525,161,0,0,0,0,0,0,1.0,1.0
1525,367,0,0,0,0,0,0,1.0,1.0
1525,119,0,0,0,0,0,0,1.0,1.0
1525,519,0,0,0,0,0,0,1.0,1.0
1525,514,0,0,0,0,0,0,1.0,1.0
1525,358,1,1,1,1,1,1,1.0,1.0
1525,55,2,2,2,2,2,2,1.0,1.0
1525,194,1,1,1,1,1,1,1.0,1.0
1525,109,0,0,0,0,0,0,1.0,1.0
2666,141,0,1,0,0,0,0,0.8,0.9
2666,165,2,2,2,2,2,2,1.0,1.0
2666,694,0,0,0,0,0,0,1.0,1.0
2666,282,1,1,1,1,1,1,1.0,1.0
2666,464,0,0,0,0,0,0,1.0,1.0
2666,565,0,0,0,0,0,0,1.0,1.0
2666,432,1,1,1,1,1,1,1.0,1.0
2666,462,1,1,1,1,1,1,1.0,1.0
2666,651,1,1,1,1,1,1,1.0,1.0
2666,268,0,0,1,0,0,0,0.8,0.9
2666,507,0,0,0,0,0,0,1.0,1.0
2666,85,0,0,0,0,0,0,1.0,1.0
2666,261,1,1,1,1,1,1,1.0,1.0
2666,30,0,0,0,0,0,0,1.0,1.0
2666,646,0,0,0,0,0,0,1.0,1.0
2666,448,2,2,2,2,2,2,1.0,1.0
2666,559,0,0,0,0,0,0,1.0,1.0
2666,319,0,0,0,0,0,0,1.0,1.0
2666,228,0,0,0,0,0,0,1.0,1.0
2666,528,0,0,0,0,0,0,1.0,1.0
2666,274,1,0,0,0,0,0,0.8,0.9
2666,197,0,0,0,0,0,0,1.0,1.0
2666,710,0,0,0,0,0,0,1.0,1.0
2666,232,0,0,0,0,0,0,1.0,1.0
2666,17,1,1,1,1,1,1,1.0,1.0
2666,697,0,0,0,0,0,0,1.0,1.0
2666,154,0,0,0,0,0,0,1.0,1.0
2666,127,0,0,0,0,0,0,1.0,1.0
2666,691,0,0,0,0,0,0,1.0,1.0
2666,465,0,0,0,0,0,0,1.0,1.0
2666,455,2,2,2,2,2,2,1.0,1.0
2666,147,0,0,0,0,0,0,1.0,1.0
2666,639,1,1,1,1,1,1,1.0,1.0
2666,186,1,1,1,1,1,1,1.0,1.0
2666,721,0,0,0,0,0,0,1.0,1.0
2666,258,0,0,0,0,0,0,1.0,1.0
2666,69,0,0,0,0,0,0,1.0,1.0
2666,678,1,1,1,1,1,1,1.0,1.0
2666,419,0,0,0,0,0,0,1.0,1.0
2666,391,0,0,0,0,0,0,1.0,1.0
2666,303,1,1,1,1,1,1,1.0,1.0
2666,134,0,0,0,0,0,0,1.0,1.0
2666,711,0,0,0,0,0,0,1.0,1.0
2666,42,0,0,0,0,0,0,1.0,1.0
2666,302,0,0,0,0,0,0,1.0,1.0
2666,340,1,1,1,1,1,1,1.0,1.0
2666,491,1,1,1,1,1,1,1.0,1.0
2666,614,0,1,0,1,1,1,0.6,0.8
2666,355,0,0,0,0,0,0,1.0,1.0
2666,199,1,1,1,1,1,1,1.0,1.0
2666,467,1,1,1,1,1,1,1.0,1.0
2666,336,1,0,0,0,0,0,0.8,0.9
2666,189,0,0,0,0,0,0,1.0,1.0
2666,736,0,0,0,0,0,0,1.0,1.0
2666,658,0,0,0,0,0,0,1.0,1.0
2666,621,0,0,0,0,0,0,1.0,1.0
2666,124,0,0,0,0,0,0,1.0,1.0
2666,617,0,0,0,0,1,0,0.8,0.9
2666,633,0,0,0,0,0,0,1.0,1.0
2666,5,0,0,0,0,0,0,1.0,1.0
2666,615,0,0,0,0,0,0,1.0,1.0
2666,708,0,0,0,0,0,0,1.0,1.0
2666,608,0,0,0,0,0,0,1.0,1.0
2666,59,0,0,0,0,0,0,1.0,1.0
2666,716,0,0,0,0,0,0,1.0,1.0
2666,719,0,0,0,0,0,0,1.0,1.0
2666,407,1,1,1,1,1,1,1.0,1.0
2666,696,0,0,0,0,0,0,1.0,1.0
2666,440,0,0,0,0,0,0,1.0,1.0
2666,366,0,0,0,0,0,0,1.0,1.0
2666,94,0,1,1,1,1,1,0.8,0.9
2666,60,0,0,0,0,0,0,1.0,1.0
2666,364,0,0,0,0,0,0,1.0,1.0
2666,254,1,1,1,1,1,1,1.0,1.0
2666,370,0,0,0,0,0,0,1.0,1.0
5021,532,0,0,0,0,0,0,1.0,1.0
5021,225,0,1,1,1,1,1,0.8,0.9
5021,512,0,0,0,0,0,0,1.0,1.0
5021,17,0,0,0,0,0,0,1.0,1.0
5021,289,0,1,1,1,0,1,0.6,0.8
5021,24,0,0,0,0,0,0,1.0,1.0
5021,143,0,0,0,0,0,0,1.0,1.0
5021,61,0,0,0,0,0,0,1.0,1.0
5021,129,0,0,0,0,0,0,1.0,1.0
5021,402,1,1,1,1,1,1,1.0,1.0
5021,542,0,0,0,0,0,0,1.0,1.0
5021,77,0,0,0,0,0,0,1.0,1.0
5021,18,0,0,0,0,0,0,1.0,1.0
5021,416,1,1,1,1,1,1,1.0,1.0
5021,340,0,0,0,0,0,0,1.0,1.0
5021,85,0,0,0,0,0,0,1.0,1.0
5021,419,0,0,0,0,0,0,1.0,1.0
5021,388,0,0,0,0,0,0,1.0,1.0
5021,303,0,0,0,0,0,0,1.0,1.0
5021,510,0,0,0,0,0,0,1.0,1.0
5021,611,0,0,0,0,0,0,1.0,1.0
5021,586,0,0,0,0,0,0,1.0,1.0
5021,169,0,0,0,0,0,0,1.0,1.0
5021,727,0,0,0,0,0,0,1.0,1.0
5021,365,0,0,0,0,0,0,1.0,1.0
5021,50,0,0,0,0,0,0,1.0,1.0
5021,268,0,1,0,0,1,0,0.6,0.8
5021,464,0,0,0,0,0,0,1.0,1.0
5021,725,0,0,0,0,0,0,1.0,1.0
5021,251,0,0,0,0,0,0,1.0,1.0
5021,57,0,0,0,0,0,0,1.0,1.0
5021,656,0,0,0,0,0,0,1.0,1.0
5021,436,0,0,0,0,0,0,1.0,1.0
5021,358,0,0,0,0,0,0,1.0,1.0
5021,137,0,0,0,0,0,0,1.0,1.0
5021,301,0,0,0,0,0,0,1.0,1.0
5021,104,0,0,0,0,0,0,1.0,1.0
5021,330,0,0,0,0,0,0,1.0,1.0
5021,465,0,0,0,0,0,0,1.0,1.0
5021,600,0,0,0,0,0,0,1.0,1.0
5021,407,0,0,0,0,0,0,1.0,1.0
5021,28,0,0,0,0,0,0,1.0,1.0
5021,718,0,0,0,0,0,0,1.0,1.0
5021,55,0,0,0,0,0,0,1.0,1.0
5021,491,0,0,0,0,0,0,1.0,1.0
5021,238,0,0,0,0,0,0,1.0,1.0
5021,356,0,0,0,0,0,0,1.0,1.0
5021,188,0,0,0,0,0,0,1.0,1.0
5021,311,0,0,0,0,0,0,1.0,1.0
5021,140,0,0,0,0,0,0,1.0,1.0
5021,344,0,0,0,0,0,0,1.0,1.0
5021,352,0,0,0,0,0,0,1.0,1.0
5021,158,0,0,1,1,0,0,0.6,0.8
5021,447,0,0,0,0,0,0,1.0,1.0
5021,390,0,0,0,0,0,0,1.0,1.0
5021,66,0,0,0,0,0,0,1.0,1.0
5021,639,0,0,0,0,0,0,1.0,1.0
5021,12,0,0,0,0,0,0,1.0,1.0
5021,310,0,0,0,0,0,0,1.0,1.0
5021,247,0,0,0,0,0,0,1.0,1.0
5021,470,1,1,1,1,1,1,1.0,1.0
5021,178,1,1,1,1,1,1,1.0,1.0
5021,567,0,0,0,0,0,0,1.0,1.0
5021,585,0,0,0,0,0,0,1.0,1.0
5021,599,1,1,1,1,1,1,1.0,1.0
5021,635,1,1,0,0,0,0,0.6,0.8
5021,91,0,0,0,0,0,0,1.0,1.0
5021,217,0,0,0,0,0,0,1.0,1.0
5021,362,0,0,0,0,0,0,1.0,1.0
5021,708,0,0,0,0,0,0,1.0,1.0
5021,267,0,0,0,0,0,0,1.0,1.0
5021,209,0,0,0,0,0,0,1.0,1.0
5021,177,0,0,0,0,0,0,1.0,1.0
5021,13,0,0,0,0,0,0,1.0,1.0
9099,460,0,0,0,0,0,0,1.0,1.0
9099,627,1,1,1,1,1,1,1.0,1.0
9099,57,0,0,0,0,0,0,1.0,1.0
9099,709,0,0,0,0,0,0,1.0,1.0
9099,412,0,0,0,0,0,0,1.0,1.0
9099,206,0,0,0,0,0,0,1.0,1.0
9099,9,0,0,0,0,0,0,1.0,1.0
9099,730,0,0,0,0,0,0,1.0,1.0
9099,379,0,0,0,0,0,0,1.0,1.0
9099,102,1,1,1,1,1,1,1.0,1.0
9099,214,0,0,0,0,0,0,1.0,1.0
9099,238,1,0,0,0,1,0,0.6,0.8
9099,448,0,0,0,0,0,0,1.0,1.0
9099,735,0,0,0,0,0,0,1.0,1.0
9099,658,0,0,0,0,0,0,1.0,1.0
9099,481,0,0,0,0,0,0,1.0,1.0
9099,413,1,1,1,1,1,1,1.0,1.0
9099,462,1,1,1,1,1,1,1.0,1.0
9099,326,1,1,1,1,1,1,1.0,1.0
9099,367,0,0,0,0,0,0,1.0,1.0
9099,606,0,0,0,0,0,0,1.0,1.0
9099,510,0,0,0,0,0,0,1.0,1.0
9099,255,0,0,0,0,0,0,1.0,1.0
9099,678,1,1,1,1,1,1,1.0,1.0
9099,651,0,0,0,0,0,0,1.0,1.0
9099,15,0,0,0,0,0,0,1.0,1.0
9099,643,1,1,1,1,1,1,1.0,1.0
9099,613,1,1,1,1,1,1,1.0,1.0
9099,126,0,0,0,0,0,0,1.0,1.0
9099,129,0,0,0,0,0,0,1.0,1.0
9099,20,1,0,0,1,0,0,0.6,0.8
9099,530,0,0,0,0,0,0,1.0,1.0
9099,662,0,0,0,0,0,0,1.0,1.0
9099,705,0,0,0,0,0,0,1.0,1.0
9099,516,0,0,0,0,0,0,1.0,1.0
9099,402,1,1,1,1,1,1,1.0,1.0
9099,344,0,0,0,0,0,0,1.0,1.0
9099,29,1,1,1,1,1,1,1.0,1.0
9099,542,0,0,0,0,0,0,1.0,1.0
9099,274,1,1,1,1,1,1,1.0,1.0
9099,602,0,0,0,0,0,0,1.0,1.0
9099,330,0,0,0,0,0,0,1.0,1.0
9099,716,0,0,0,0,0,0,1.0,1.0
9099,210,0,0,0,0,0,0,1.0,1.0
9099,692,0,0,0,0,0,0,1.0,1.0
9099,115,0,0,0,0,0,0,1.0,1.0
9099,100,0,0,0,0,0,0,1.0,1.0
9099,612,0,0,0,0,0,0,1.0,1.0
9099,395,0,0,0,0,0,0,1.0,1.0
9099,2,0,0,0,0,0,0,1.0,1.0
9099,408,0,0,0,0,0,0,1.0,1.0
9099,467,1,1,1,1,1,1,1.0,1.0
9099,313,0,0,0,0,0,0,1.0,1.0
9099,617,1,1,1,1,1,1,1.0,1.0
9099,622,0,0,0,0,0,0,1.0,1.0
9099,387,0,0,0,0,0,0,1.0,1.0
9099,140,0,0,1,0,1,0,0.6,0.8
9099,401,1,1,1,1,1,1,1.0,1.0
9099,52,0,0,0,0,0,0,1.0,1.0
9099,233,0,0,0,0,0,0,1.0,1.0
9099,567,0,0,0,0,0,0,1.0,1.0
9099,310,1,1,1,1,1,1,1.0,1.0
9099,22,1,1,1,1,1,1,1.0,1.0
9099,621,0,0,0,0,0,0,1.0,1.0
9099,279,0,0,0,0,0,0,1.0,1.0
9099,298,0,0,0,0,0,0,1.0,1.0
9099,116,0,0,0,0,0,0,1.0,1.0
9099,145,0,0,0,0,0,0,1.0,1.0
9099,296,0,0,0,0,0,0,1.0,1.0
9099,79,0,0,0,0,0,0,1.0,1.0
9099,589,0,0,0,0,0,0,1.0,1.0
9099,164,0,0,1,0,0,0,0.8,0.9
9099,124,0,0,0,0,0,0,1.0,1.0
9099,76,0,0,0,0,0,0,1.0,1.0
9099,30,0,0,0,0,0,0,1.0,1.0
9099,569,0,0,0,0,0,0,1.0,1.0
9099,438,0,0,0,0,0,0,1.0,1.0
7757,251,0,0,0,0,0,0,1.0,1.0
7757,365,0,0,0,0,0,0,1.0,1.0
7757,450,0,0,0,0,0,0,1.0,1.0
7757,33,0,0,0,0,0,0,1.0,1.0
7757,141,0,0,0,0,0,0,1.0,1.0
7757,432,1,1,1,1,1,1,1.0,1.0
7757,545,0,0,0,0,0,0,1.0,1.0
7757,7,0,0,0,0,0,0,1.0,1.0
7757,117,0,0,0,0,0,0,1.0,1.0
7757,679,0,0,0,0,0,0,1.0,1.0
7757,94,0,0,0,0,1,0,0.8,0.9
7757,6,0,0,0,0,0,0,1.0,1.0
7757,718,0,0,0,0,0,0,1.0,1.0
7757,225,1,1,1,1,1,1,1.0,1.0
7757,46,1,1,1,1,1,1,1.0,1.0
7757,670,0,0,0,0,0,0,1.0,1.0
7757,317,0,0,0,0,0,0,1.0,1.0
7757,246,0,0,0,0,0,0,1.0,1.0
7757,211,0,0,1,0,1,0,0.6,0.8
7757,492,0,0,0,0,0,0,1.0,1.0
7757,573,0,0,0,0,0,0,1.0,1.0
7757,388,0,0,0,0,0,0,1.0,1.0
7757,570,1,1,1,1,1,1,1.0,1.0
7757,299,0,0,0,0,0,0,1.0,1.0
7757,38,0,0,0,0,0,0,1.0,1.0
7757,293,1,1,1,2,2,1,0.6,0.8
7757,159,0,0,0,0,0,0,1.0,1.0
7757,121,0,0,0,0,0,0,1.0,1.0
7757,73,0,0,0,0,0,0,1.0,1.0
7757,719,0,0,0,0,0,0,1.0,1.0
7757,443,0,0,0,0,0,0,1.0,1.0
7757,630,0,0,0,0,0,0,1.0,1.0
7757,125,0,0,0,0,0,0,1.0,1.0
7757,258,0,0,0,0,0,0,1.0,1.0
7757,706,0,0,0,0,0,0,1.0,1.0
7757,122,0,0,0,0,0,0,1.0,1.0
7757,227,0,0,0,0,0,0,1.0,1.0
7757,32,0,0,0,0,0,0,1.0,1.0
7757,259,0,0,0,0,0,0,1.0,1.0
7757,10,0,0,0,0,0,0,1.0,1.0
7757,697,0,0,0,0,0,0,1.0,1.0
7757,14,0,0,0,0,0,0,1.0,1.0
7757,615,0,0,0,0,0,0,1.0,1.0
7757,691,0,0,0,0,0,0,1.0,1.0
7757,169,0,0,0,0,0,0,1.0,1.0
7757,480,0,0,0,0,0,0,1.0,1.0
7757,611,0,0,0,0,0,0,1.0,1.0
7757,347,0,0,0,0,0,0,1.0,1.0
7757,438,0,0,0,0,0,0,1.0,1.0
7757,143,0,0,0,0,0,0,1.0,1.0
7757,645,0,0,0,0,0,0,1.0,1.0
7757,197,0,0,0,0,0,0,1.0,1.0
7757,710,0,0,0,0,0,0,1.0,1.0
7757,506,1,1,1,1,1,1,1.0,1.0
7757,118,1,1,1,1,1,1,1.0,1.0
7757,446,0,0,0,0,0,0,1.0,1.0
7757,386,0,0,0,0,0,0,1.0,1.0
7757,297,0,0,0,0,0,0,1.0,1.0
7757,106,0,0,0,0,0,0,1.0,1.0
7757,403,0,0,0,0,0,0,1.0,1.0
7757,63,1,1,1,0,1,1,0.8,0.9
7757,705,0,0,0,0,0,0,1.0,1.0
7757,267,0,0,0,0,0,0,1.0,1.0
7757,302,0,0,0,0,0,0,1.0,1.0
7757,737,0,0,0,0,0,0,1.0,1.0
7757,731,0,0,0,0,0,0,1.0,1.0
7757,385,1,1,1,1,1,1,1.0,1.0
7757,199,0,0,0,0,0,0,1.0,1.0
7757,325,0,0,0,0,0,0,1.0,1.0
7757,422,0,0,0,0,0,0,1.0,1.0
7757,586,0,0,0,0,0,0,1.0,1.0
7757,257,0,0,0,0,0,0,1.0,1.0
7757,658,0,0,0,0,0,0,1.0,1.0
7757,374,1,1,1,1,1,1,1.0,1.0
7757,178,1,1,1,1,1,1,1.0,1.0
7757,248,0,0,0,0,0,0,1.0,1.0
7757,656,0,0,0,0,0,0,1.0,1.0
7757,290,0,0,0,0,0,0,1.0,1.0
7757,732,1,1,1,1,1,1,1.0,1.0
7757,439,2,2,2,2,2,2,1.0,1.0
7757,429,0,0,0,0,0,0,1.0,1.0
7757,396,0,0,0,0,0,0,1.0,1.0
7757,524,0,0,0,0,0,0,1.0,1.0
7757,433,0,0,0,0,0,0,1.0,1.0
7757,721,0,0,0,0,0,0,1.0,1.0
7757,67,0,0,0,0,0,0,1.0,1.0
7757,575,0,0,0,0,0,0,1.0,1.0
7757,281,0,0,0,0,0,0,1.0,1.0
7757,398,0,0,0,0,0,0,1.0,1.0
7757,399,0,0,0,1,0,0,0.8,0.9
7757,139,0,0,0,0,0,0,1.0,1.0
7757,455,1,1,1,1,1,1,1.0,1.0
7757,614,1,1,1,1,1,1,1.0,1.0
7757,256,0,0,0,0,0,0,1.0,1.0
4193,533,0,0,0,0,0,0,1.0,1.0
4193,375,0,0,0,0,0,0,1.0,1.0
4193,79,1,1,1,1,1,1,1.0,1.0
4193,89,0,0,0,0,0,0,1.0,1.0
4193,602,0,0,0,0,0,0,1.0,1.0
4193,645,0,0,0,0,0,0,1.0,1.0
4193,452,0,0,0,0,0,0,1.0,1.0
4193,198,1,0,0,1,1,1,0.6,0.8
4193,325,0,0,0,0,0,0,1.0,1.0
4193,121,0,0,0,0,0,0,1.0,1.0
4193,169,0,0,0,0,0,0,1.0,1.0
4193,487,0,0,0,0,0,0,1.0,1.0
4193,239,0,0,0,0,0,0,1.0,1.0
4193,422,0,0,0,0,0,0,1.0,1.0
4193,363,0,0,0,0,0,0,1.0,1.0
4193,403,0,0,0,0,0,0,1.0,1.0
4193,141,0,0,0,0,0,0,1.0,1.0
4193,303,0,0,0,0,0,0,1.0,1.0
4193,214,0,0,0,0,0,0,1.0,1.0
4193,737,1,1,1,1,1,1,1.0,1.0
4193,678,0,0,0,0,0,0,1.0,1.0
4193,148,0,0,0,0,0,0,1.0,1.0
4193,225,0,0,0,0,0,0,1.0,1.0
4193,721,0,0,0,0,0,0,1.0,1.0
4193,145,0,0,0,0,0,0,1.0,1.0
4193,388,0,0,0,0,0,0,1.0,1.0
4193,480,0,0,0,0,0,0,1.0,1.0
4193,413,0,0,0,0,0,0,1.0,1.0
4193,629,1,1,1,1,1,1,1.0,1.0
4193,358,0,0,0,0,0,0,1.0,1.0
4193,575,0,0,0,0,0,0,1.0,1.0
4193,606,0,0,0,0,0,0,1.0,1.0
4193,124,0,0,0,0,0,0,1.0,1.0
4193,188,0,0,0,0,0,0,1.0,1.0
4193,202,0,0,0,0,0,0,1.0,1.0
4193,109,0,0,0,0,0,0,1.0,1.0
4193,464,0,0,0,0,0,0,1.0,1.0
4193,705,0,0,0,0,0,0,1.0,1.0
4193,722,0,0,0,0,0,0,1.0,1.0
4193,238,0,0,0,0,0,0,1.0,1.0
4193,727,0,0,0,0,0,0,1.0,1.0
4193,133,0,0,0,0,0,0,1.0,1.0
4193,692,2,2,2,2,2,2,1.0,1.0
4193,396,1,1,1,1,1,1,1.0,1.0
4193,333,0,0,0,0,0,0,1.0,1.0
4193,479,0,0,0,0,0,0,1.0,1.0
4193,732,1,1,1,1,1,1,1.0,1.0
4193,613,0,0,0,0,0,0,1.0,1.0
4193,380,0,0,0,0,0,0,1.0,1.0
4193,61,0,0,0,0,0,0,1.0,1.0
4193,174,0,0,0,0,0,0,1.0,1.0
4193,84,0,0,0,0,0,0,1.0,1.0
4193,106,0,0,0,0,0,0,1.0,1.0
4193,579,0,0,0,0,0,0,1.0,1.0
4193,419,1,1,1,1,1,1,1.0,1.0
4193,481,0,0,0,0,0,0,1.0,1.0
4193,684,0,0,0,0,0,0,1.0,1.0
4193,115,0,0,0,0,0,0,1.0,1.0
4193,367,0,0,0,0,0,0,1.0,1.0
4193,340,1,1,1,1,1,1,1.0,1.0
4193,638,0,0,0,0,0,0,1.0,1.0
4193,524,0,0,0,0,0,0,1.0,1.0
4193,362,0,0,0,0,0,0,1.0,1.0
4193,369,0,0,0,0,0,0,1.0,1.0
7090,113,0,0,0,0,0,0,1.0,1.0
7090,312,1,1,1,1,1,1,1.0,1.0
7090,9,0,1,1,1,1,1,0.8,0.9
7090,651,1,1,1,1,1,1,1.0,1.0
7090,614,1,1,1,1,1,1,1.0,1.0
7090,410,0,0,0,0,0,0,1.0,1.0
7090,718,0,0,0,0,0,0,1.0,1.0
7090,344,0,0,0,0,0,0,1.0,1.0
7090,515,0,0,0,0,0,0,1.0,1.0
7090,617,1,1,1,1,1,1,1.0,1.0
7090,293,1,1,1,1,1,1,1.0,1.0
7090,367,0,0,0,0,0,0,1.0,1.0
7090,185,0,0,0,0,0,0,1.0,1.0
7090,436,1,1,1,1,1,1,1.0,1.0
7090,126,0,0,0,0,0,0,1.0,1.0
7090,558,0,0,0,0,0,0,1.0,1.0
7090,439,1,1,1,1,1,1,1.0,1.0
7090,310,1,1,1,1,1,1,1.0,1.0
7090,73,0,0,0,0,0,0,1.0,1.0
7090,209,1,1,1,1,1,1,1.0,1.0
7090,22,1,1,1,1,1,1,1.0,1.0
7090,704,0,0,0,0,0,0,1.0,1.0
7090,252,0,0,0,0,0,0,1.0,1.0
7090,374,2,2,2,2,2,2,1.0,1.0
7090,290,1,1,1,1,1,1,1.0,1.0
7090,432,1,1,1,1,1,1,1.0,1.0
7090,470,1,1,1,1,1,1,1.0,1.0
7090,55,1,1,1,1,1,1,1.0,1.0
7090,29,0,0,1,0,0,0,0.8,0.9
7090,365,0,0,0,0,0,0,1.0,1.0
7090,533,1,0,1,0,0,0,0.6,0.8
7090,467,1,1,1,1,1,1,1.0,1.0
7090,265,1,1,1,1,1,1,1.0,1.0
7090,398,1,1,0,1,1,1,0.8,0.9
7090,435,1,1,1,1,1,1,1.0,1.0
7090,2,0,0,0,0,0,0,1.0,1.0
7090,76,0,0,0,0,0,0,1.0,1.0
7090,627,1,1,1,1,1,1,1.0,1.0
7090,13,1,1,1,1,1,1,1.0,1.0
7090,268,1,1,1,1,1,1,1.0,1.0
7090,691,0,0,0,0,0,0,1.0,1.0
7090,492,1,1,1,1,1,1,1.0,1.0
7090,38,0,0,0,0,0,0,1.0,1.0
7090,91,0,0,0,0,0,0,1.0,1.0
7090,516,0,0,0,0,0,0,1.0,1.0
7090,139,0,0,0,0,0,0,1.0,1.0
7090,595,1,0,0,1,1,1,0.6,0.8
7090,219,0,0,0,0,0,0,1.0,1.0
7090,521,0,0,0,0,0,0,1.0,1.0
7090,611,0,0,0,0,0,0,1.0,1.0
7090,386,0,0,0,0,0,0,1.0,1.0
7090,177,1,1,1,1,1,1,1.0,1.0
7090,448,1,1,1,1,1,1,1.0,1.0
7090,615,0,0,0,0,0,0,1.0,1.0
7090,257,1,1,1,1,1,1,1.0,1.0
7090,652,0,0,0,0,0,0,1.0,1.0
7090,542,0,0,0,0,0,0,1.0,1.0
7090,716,0,0,0,0,0,0,1.0,1.0
7090,30,0,0,0,0,0,0,1.0,1.0
7090,443,1,1,1,1,1,1,1.0,1.0
7090,708,0,0,0,0,0,0,1.0,1.0
7090,455,2,2,2,2,2,2,1.0,1.0
7090,579,0,0,0,0,0,0,1.0,1.0
7090,514,1,1,1,1,1,1,1.0,1.0
7090,330,1,1,1,1,1,1,1.0,1.0
7090,526,0,0,0,0,0,0,1.0,1.0
4790,147,0,0,0,0,0,0,1.0,1.0
4790,129,0,1,0,1,0,0,0.6,0.8
4790,661,0,0,0,0,0,0,1.0,1.0
4790,483,0,0,0,0,0,0,1.0,1.0
4790,363,0,0,0,0,0,0,1.0,1.0
4790,638,0,0,0,0,0,0,1.0,1.0
4790,205,0,0,0,0,0,0,1.0,1.0
4790,285,0,0,0,0,0,0,1.0,1.0
4790,600,0,0,0,0,0,0,1.0,1.0
4790,549,1,1,1,1,1,1,1.0,1.0
4790,604,0,0,0,0,0,0,1.0,1.0
4790,508,0,0,0,0,0,0,1.0,1.0
4790,630,0,0,0,0,0,0,1.0,1.0
4790,582,0,0,0,0,0,0,1.0,1.0
4790,144,0,0,0,0,0,0,1.0,1.0
4790,676,0,0,0,0,0,0,1.0,1.0
4790,178,1,1,1,1,1,1,1.0,1.0
4790,729,1,1,1,1,1,1,1.0,1.0
4790,42,0,0,0,0,0,0,1.0,1.0
4790,242,0,0,0,0,0,0,1.0,1.0
4790,201,0,0,0,0,0,0,1.0,1.0
4790,8,0,0,0,0,0,0,1.0,1.0
4790,255,0,0,0,0,0,0,1.0,1.0
4790,627,1,1,1,1,1,1,1.0,1.0
4790,515,0,0,0,0,0,0,1.0,1.0
4790,315,0,0,0,0,0,0,1.0,1.0
4790,339,0,0,0,0,0,0,1.0,1.0
4790,59,0,0,0,0,0,0,1.0,1.0
4790,501,0,0,0,0,0,0,1.0,1.0
4790,517,0,0,0,0,0,0,1.0,1.0
4790,390,0,0,0,0,0,0,1.0,1.0
4790,507,0,0,0,0,0,0,1.0,1.0
4790,161,0,0,0,0,0,0,1.0,1.0
4790,479,0,0,0,0,0,0,1.0,1.0
4790,200,0,0,0,0,0,0,1.0,1.0
4790,157,0,0,0,0,0,0,1.0,1.0
4790,256,0,0,0,0,0,0,1.0,1.0
4790,105,1,1,1,1,1,1,1.0,1.0
4790,387,0,0,0,0,0,0,1.0,1.0
4790,155,0,0,0,0,0,0,1.0,1.0
4790,95,0,0,0,0,0,0,1.0,1.0
4790,383,0,0,0,0,0,0,1.0,1.0
4790,264,0,0,0,0,0,0,1.0,1.0
4790,68,0,0,0,0,0,0,1.0,1.0
4790,567,0,0,0,0,0,0,1.0,1.0
4790,496,0,0,0,0,0,0,1.0,1.0
4790,682,0,0,0,0,0,0,1.0,1.0
4790,207,0,0,0,0,0,0,1.0,1.0
4790,393,1,1,1,1,1,1,1.0,1.0
4790,6,0,0,0,0,0,0,1.0,1.0
4790,344,0,0,0,0,0,0,1.0,1.0
4790,311,0,0,0,0,0,0,1.0,1.0
4790,274,1,1,1,1,1,1,1.0,1.0
4790,677,0,0,0,0,0,0,1.0,1.0
4790,715,0,0,0,0,0,0,1.0,1.0
4790,216,0,0,0,0,0,0,1.0,1.0
4790,18,0,0,0,0,0,0,1.0,1.0
4790,246,1,1,1,1,1,1,1.0,1.0
4790,270,0,0,0,0,0,0,1.0,1.0
4790,1,0,0,1,0,1,0,0.6,0.8
4790,587,0,0,0,0,0,0,1.0,1.0
4790,272,0,0,0,0,0,0,1.0,1.0
4790,385,1,1,1,1,1,1,1.0,1.0
4790,289,0,0,0,0,0,0,1.0,1.0
4790,504,0,0,0,0,0,0,1.0,1.0
4790,0,0,0,0,0,0,0,1.0,1.0
4790,568,1,1,1,1,1,1,1.0,1.0
4790,14,0,0,0,0,0,0,1.0,1.0
4790,48,0,0,0,0,0,0,1.0,1.0
4790,426,0,0,0,0,0,0,1.0,1.0
4790,269,0,0,0,0,0,0,1.0,1.0
4790,204,1,1,1,1,1,1,1.0,1.0
4790,158,0,0,0,0,0,0,1.0,1.0
4790,602,0,0,0,0,0,0,1.0,1.0
4790,380,0,0,0,0,0,0,1.0,1.0
4790,2,0,0,0,0,0,0,1.0,1.0
4790,218,0,0,0,0,0,0,1.0,1.0
4790,423,0,0,0,0,0,0,1.0,1.0
4790,647,0,0,0,0,0,0,1.0,1.0
4790,97,0,0,0,0,0,0,1.0,1.0
4790,13,0,0,0,0,0,0,1.0,1.0
4790,36,0,0,0,0,0,0,1.0,1.0
4790,367,0,0,0,0,0,0,1.0,1.0
5877,201,0,0,0,0,0,0,1.0,1.0
5877,239,0,0,0,0,0,0,1.0,1.0
5877,150,0,0,0,0,0,0,1.0,1.0
5877,214,0,0,0,0,0,0,1.0,1.0
5877,721,0,0,0,0,0,0,1.0,1.0
5877,298,0,0,0,0,0,0,1.0,1.0
5877,537,0,0,0,0,0,0,1.0,1.0
5877,483,1,1,1,1,1,1,1.0,1.0
5877,393,0,0,0,0,0,0,1.0,1.0
5877,132,0,0,0,0,0,0,1.0,1.0
5877,568,0,0,0,0,0,0,1.0,1.0
5877,446,0,0,0,0,0,0,1.0,1.0
5877,647,0,0,0,0,0,0,1.0,1.0
5877,715,0,0,0,0,0,0,1.0,1.0
5877,348,0,0,0,0,0,0,1.0,1.0
5877,705,0,0,0,0,0,0,1.0,1.0
5877,218,0,0,0,0,0,0,1.0,1.0
5877,87,0,0,0,0,0,0,1.0,1.0
5877,356,0,0,0,0,0,0,1.0,1.0
5877,645,0,0,0,0,0,0,1.0,1.0
5877,81,0,0,0,0,0,0,1.0,1.0
5877,51,0,1,0,0,0,0,0.8,0.9
5877,288,0,0,0,0,0,0,1.0,1.0
5877,204,0,0,0,0,0,0,1.0,1.0
5877,473,0,0,0,0,0,0,1.0,1.0
5877,426,0,0,0,0,0,0,1.0,1.0
5877,42,0,0,0,0,0,0,1.0,1.0
5877,374,2,2,1,2,2,2,0.8,0.9
5877,243,1,1,1,1,1,1,1.0,1.0
5877,423,0,0,0,0,0,0,1.0,1.0
5877,53,0,0,0,0,0,0,1.0,1.0
5877,324,0,0,0,0,0,0,1.0,1.0
5877,693,0,0,0,0,0,0,1.0,1.0
5877,1,1,1,1,1,1,1,1.0,1.0
5877,341,0,0,0,0,0,0,1.0,1.0
5877,610,0,0,0,0,0,0,1.0,1.0
5877,731,0,0,0,0,0,0,1.0,1.0
5877,438,0,0,0,0,0,0,1.0,1.0
5877,702,0,0,0,0,0,0,1.0,1.0
5877,699,0,0,0,0,0,0,1.0,1.0
5877,180,0,0,0,0,0,0,1.0,1.0
5877,588,0,0,0,0,0,0,1.0,1.0
5877,129,0,0,0,0,0,0,1.0,1.0
5877,678,2,2,2,2,2,2,1.0,1.0
5877,367,0,0,0,0,0,0,1.0,1.0
5877,260,0,0,0,0,0,0,1.0,1.0
5877,188,0,0,0,0,0,0,1.0,1.0
5877,256,0,0,0,0,0,0,1.0,1.0
5877,487,0,0,0,0,0,0,1.0,1.0
5877,727,0,0,0,0,0,0,1.0,1.0
5877,505,0,0,0,0,0,0,1.0,1.0
5877,168,0,0,0,0,0,0,1.0,1.0
5877,63,0,0,0,0,0,0,1.0,1.0
5877,234,0,0,0,0,0,0,1.0,1.0
5877,432,0,0,0,0,0,0,1.0,1.0
5877,197,0,0,0,0,0,0,1.0,1.0
5877,138,0,0,0,0,0,0,1.0,1.0
5877,62,0,0,0,0,0,0,1.0,1.0
5877,614,0,0,0,0,0,0,1.0,1.0
5877,357,0,0,0,0,0,0,1.0,1.0
5877,331,0,0,0,0,0,0,1.0,1.0
5877,225,1,1,1,1,1,1,1.0,1.0
5877,68,0,0,0,0,0,0,1.0,1.0
5877,242,0,0,0,0,0,0,1.0,1.0
5877,92,0,0,0,0,0,0,1.0,1.0
5877,192,0,0,0,0,0,0,1.0,1.0
5877,299,0,0,0,0,0,0,1.0,1.0
5877,86,2,2,2,2,2,2,1.0,1.0
5877,682,0,0,0,0,0,0,1.0,1.0
5877,383,0,0,0,0,0,0,1.0,1.0
5877,98,0,0,0,0,0,0,1.0,1.0
5877,43,0,0,0,0,0,0,1.0,1.0
5877,630,0,0,0,0,0,0,1.0,1.0
5877,459,0,0,0,0,0,0,1.0,1.0
5877,365,0,0,0,0,0,0,1.0,1.0
5877,398,0,0,0,0,0,0,1.0,1.0
5877,498,0,0,0,0,0,0,1.0,1.0
5877,361,0,0,0,0,0,0,1.0,1.0
5877,297,0,0,0,0,0,0,1.0,1.0
5877,525,0,0,0,0,0,0,1.0,1.0
5877,48,0,0,0,0,0,0,1.0,1.0
5877,39,0,0,0,0,0,0,1.0,1.0
5877,676,0,0,0,0,0,0,1.0,1.0
5877,694,0,0,1,0,0,0,0.8,0.9
5877,0,0,0,0,0,0,0,1.0,1.0
5877,424,0,0,0,0,0,0,1.0,1.0
5877,390,0,0,0,0,0,0,1.0,1.0
5877,2,0,0,0,0,0,0,1.0,1.0
5877,707,1,1,1,1,1,1,1.0,1.0
6539,672,0,0,0,0,0,0,1.0,1.0
6539,161,0,0,0,0,0,0,1.0,1.0
6539,488,0,0,0,0,0,0,1.0,1.0
6539,48,0,0,0,0,0,0,1.0,1.0
6539,129,0,0,0,0,0,0,1.0,1.0
6539,96,0,0,0,0,0,0,1.0,1.0
6539,728,0,0,0,0,0,0,1.0,1.0
6539,353,0,0,0,0,0,0,1.0,1.0
6539,239,0,0,0,0,0,0,1.0,1.0
6539,201,0,0,0,0,0,0,1.0,1.0
6539,164,0,0,0,0,0,0,1.0,1.0
6539,513,0,0,0,0,0,0,1.0,1.0
6539,287,0,0,0,0,0,0,1.0,1.0
6539,400,0,0,0,0,0,0,1.0,1.0
6539,511,0,0,0,0,0,0,1.0,1.0
6539,695,0,0,0,0,0,0,1.0,1.0
6539,409,0,0,0,0,0,0,1.0,1.0
6539,146,0,0,0,0,0,0,1.0,1.0
6539,175,0,0,0,0,0,0,1.0,1.0
6539,481,0,0,0,0,0,0,1.0,1.0
6539,485,0,0,0,0,0,0,1.0,1.0
6539,715,0,0,0,0,0,0,1.0,1.0
6539,251,0,0,0,0,0,0,1.0,1.0
6539,383,0,0,0,0,0,0,1.0,1.0
6539,483,0,0,0,0,0,0,1.0,1.0
6539,256,0,0,0,0,0,0,1.0,1.0
6539,516,0,0,0,0,0,0,1.0,1.0
6539,216,0,0,0,0,0,0,1.0,1.0
6539,584,0,0,0,0,0,0,1.0,1.0
6539,393,0,0,0,0,0,0,1.0,1.0
6539,242,0,0,0,0,0,0,1.0,1.0
6539,172,0,0,0,0,0,0,1.0,1.0
6539,729,0,0,0,0,0,0,1.0,1.0
6539,42,0,0,0,0,0,0,1.0,1.0
6539,426,0,0,0,0,0,0,1.0,1.0
6539,711,0,0,0,0,0,0,1.0,1.0
6539,44,0,0,0,0,0,0,1.0,1.0
6539,0,0,0,0,0,0,0,1.0,1.0
6539,7,0,0,0,0,0,0,1.0,1.0
6539,492,1,1,1,1,1,1,1.0,1.0
6539,416,0,0,0,0,0,0,1.0,1.0
6539,137,0,0,0,0,0,0,1.0,1.0
6539,423,0,0,0,0,0,0,1.0,1.0
6539,490,0,0,0,0,0,0,1.0,1.0
6539,135,0,0,0,0,0,0,1.0,1.0
6539,424,0,0,0,0,0,0,1.0,1.0
6539,682,0,0,0,0,0,0,1.0,1.0
6539,141,0,0,0,0,0,0,1.0,1.0
6539,68,0,0,0,0,0,0,1.0,1.0
6539,462,0,0,0,0,0,0,1.0,1.0
6539,255,0,0,0,0,0,0,1.0,1.0
6539,208,0,0,0,0,0,0,1.0,1.0
6539,390,0,0,0,0,0,0,1.0,1.0
6539,647,0,0,0,0,0,0,1.0,1.0
6539,527,0,0,0,0,0,0,1.0,1.0
6539,662,0,0,0,0,0,0,1.0,1.0
6539,312,0,0,0,0,0,0,1.0,1.0
6539,2,0,0,0,0,0,0,1.0,1.0
6539,10,0,0,0,0,0,0,1.0,1.0
6539,597,0,0,0,0,0,0,1.0,1.0
6539,733,1,1,1,1,1,1,1.0,1.0
6539,166,0,0,0,0,0,0,1.0,1.0
6539,212,0,0,0,0,0,0,1.0,1.0
6539,438,0,0,0,0,0,0,1.0,1.0
6539,710,0,0,0,0,0,0,1.0,1.0
6539,204,0,0,0,0,0,0,1.0,1.0
6539,92,0,0,0,0,0,0,1.0,1.0
6539,198,0,0,0,0,0,0,1.0,1.0
6539,563,0,0,0,0,0,0,1.0,1.0
6539,296,0,0,0,0,0,0,1.0,1.0
6539,508,0,0,0,0,0,0,1.0,1.0
8550,426,0,0,0,0,0,0,1.0,1.0
8550,201,0,0,0,0,0,0,1.0,1.0
8550,450,0,0,0,0,0,0,1.0,1.0
8550,708,0,0,0,0,0,0,1.0,1.0
8550,233,0,0,0,0,0,0,1.0,1.0
8550,204,0,0,0,0,0,0,1.0,1.0
8550,710,0,0,0,0,0,0,1.0,1.0
8550,42,0,0,0,0,0,0,1.0,1.0
8550,605,0,0,0,0,0,0,1.0,1.0
8550,0,0,0,0,0,0,0,1.0,1.0
8550,609,0,0,0,0,0,0,1.0,1.0
8550,647,0,0,0,0,0,0,1.0,1.0
8550,423,0,0,0,0,0,0,1.0,1.0
8550,297,0,0,0,0,0,0,1.0,1.0
8550,125,0,0,0,0,0,0,1.0,1.0
8550,25,0,0,0,0,0,0,1.0,1.0
8550,674,0,0,0,0,0,0,1.0,1.0
8550,266,0,0,0,0,0,0,1.0,1.0
8550,129,0,0,0,0,0,0,1.0,1.0
8550,270,0,0,0,0,0,0,1.0,1.0
8550,79,0,0,0,0,0,0,1.0,1.0
8550,199,0,0,0,0,0,0,1.0,1.0
8550,122,1,1,1,1,1,1,1.0,1.0
8550,715,0,0,0,0,0,0,1.0,1.0
8550,502,0,0,0,0,0,0,1.0,1.0
8550,224,0,0,0,0,0,0,1.0,1.0
8550,732,0,0,0,0,0,0,1.0,1.0
8550,6,0,0,0,0,0,0,1.0,1.0
8550,124,0,0,0,0,0,0,1.0,1.0
8550,155,0,0,0,0,0,0,1.0,1.0
8550,274,0,0,0,0,0,0,1.0,1.0
8550,618,0,0,0,0,0,0,1.0,1.0
8550,717,0,0,0,0,0,0,1.0,1.0
8550,441,0,0,0,0,0,0,1.0,1.0
8550,393,0,0,0,0,0,0,1.0,1.0
8550,159,0,0,0,0,0,0,1.0,1.0
8550,494,0,0,0,0,0,0,1.0,1.0
8550,582,0,0,0,0,0,0,1.0,1.0
8550,414,0,0,0,0,0,0,1.0,1.0
8550,34,0,0,0,0,0,0,1.0,1.0
8550,191,0,0,0,0,0,0,1.0,1.0
8550,483,0,0,0,0,0,0,1.0,1.0
8550,383,0,0,0,0,0,0,1.0,1.0
8550,53,0,0,0,0,0,0,1.0,1.0
8550,181,0,0,0,0,0,0,1.0,1.0
8550,242,0,0,0,0,0,0,1.0,1.0
8550,598,0,0,0,0,0,0,1.0,1.0
8550,244,0,0,0,0,0,0,1.0,1.0
8550,702,0,0,0,0,0,0,1.0,1.0
8550,2,0,0,0,0,0,0,1.0,1.0
8550,48,0,0,0,0,0,0,1.0,1.0
8550,20,0,0,0,0,0,0,1.0,1.0
8550,602,0,0,0,0,0,0,1.0,1.0
8550,655,0,0,0,0,0,0,1.0,1.0
8550,338,0,0,0,0,0,0,1.0,1.0
8550,28,0,0,0,0,0,0,1.0,1.0
8550,531,0,0,0,0,0,0,1.0,1.0
8550,566,0,0,0,0,0,0,1.0,1.0
8550,256,0,0,0,0,0,0,1.0,1.0
8550,72,0,0,0,0,0,0,1.0,1.0
8550,138,0,0,0,0,0,0,1.0,1.0
8550,516,0,0,0,0,0,0,1.0,1.0
8550,553,0,0,0,0,0,0,1.0,1.0
8550,604,0,0,0,0,0,0,1.0,1.0
8550,68,0,0,0,0,0,0,1.0,1.0
8550,390,0,0,0,0,0,0,1.0,1.0
8550,361,1,1,1,1,1,1,1.0,1.0
8550,557,0,0,0,0,0,0,1.0,1.0
8550,473,0,0,0,0,0,0,1.0,1.0
8550,592,0,0,0,0,0,0,1.0,1.0
8550,362,0,0,0,0,0,0,1.0,1.0
8550,522,0,0,0,0,0,0,1.0,1.0
8550,682,0,0,0,0,0,0,1.0,1.0
8550,459,0,0,0,0,0,0,1.0,1.0
8550,251,0,0,0,0,0,0,1.0,1.0
8550,653,0,0,0,0,0,0,1.0,1.0
8550,478,0,0,0,0,0,0,1.0,1.0
8550,139,0,0,0,0,0,0,1.0,1.0
8550,310,0,0,0,0,0,0,1.0,1.0
8550,157,0,0,0,0,0,0,1.0,1.0
8550,545,0,0,0,0,0,0,1.0,1.0
8550,45,0,0,0,0,0,0,1.0,1.0
8550,523,0,0,0,0,0,0,1.0,1.0
8550,349,0,0,0,0,0,0,1.0,1.0
9625,42,0,0,0,0,0,0,1.0,1.0
9625,667,0,0,0,0,0,0,1.0,1.0
9625,89,0,0,0,0,0,0,1.0,1.0
9625,127,0,0,0,0,0,0,1.0,1.0
9625,68,0,0,0,0,0,0,1.0,1.0
9625,607,0,0,0,0,0,0,1.0,1.0
9625,393,0,0,0,0,0,0,1.0,1.0
9625,719,0,0,0,0,0,0,1.0,1.0
9625,687,0,0,0,0,0,0,1.0,1.0
9625,293,0,0,0,0,0,0,1.0,1.0
9625,715,0,0,0,0,0,0,1.0,1.0
9625,526,0,0,0,0,0,0,1.0,1.0
9625,137,0,0,0,0,0,0,1.0,1.0
9625,0,0,0,0,0,0,0,1.0,1.0
9625,99,0,0,0,0,0,0,1.0,1.0
9625,28,0,0,0,0,0,0,1.0,1.0
9625,682,0,0,0,0,0,0,1.0,1.0
9625,97,0,0,0,0,0,0,1.0,1.0
9625,423,0,0,0,0,0,0,1.0,1.0
9625,384,0,0,0,0,0,0,1.0,1.0
9625,426,0,0,0,0,0,0,1.0,1.0
9625,114,0,0,0,0,0,0,1.0,1.0
9625,242,0,0,0,0,0,0,1.0,1.0
9625,171,0,0,0,0,0,0,1.0,1.0
9625,492,0,0,0,0,0,0,1.0,1.0
9625,50,0,0,0,0,0,0,1.0,1.0
9625,132,0,0,0,0,0,0,1.0,1.0
9625,626,0,0,0,0,0,0,1.0,1.0
9625,647,0,0,0,0,0,0,1.0,1.0
9625,383,0,0,0,0,0,0,1.0,1.0
9625,2,0,0,0,0,0,0,1.0,1.0
9625,117,0,0,0,0,0,0,1.0,1.0
9625,116,0,0,0,0,0,0,1.0,1.0
9625,623,0,0,0,0,0,0,1.0,1.0
9625,722,0,0,0,0,0,0,1.0,1.0
9625,327,0,0,0,0,0,0,1.0,1.0
9625,48,0,0,0,0,0,0,1.0,1.0
9625,236,0,0,0,0,0,0,1.0,1.0
9625,204,0,0,0,0,0,0,1.0,1.0
9625,256,0,0,0,0,0,0,1.0,1.0
9625,483,0,0,0,0,0,0,1.0,1.0
9625,8,0,0,0,0,0,0,1.0,1.0
9625,201,0,0,0,0,0,0,1.0,1.0
9625,459,0,0,0,0,0,0,1.0,1.0
9625,475,0,0,0,0,0,0,1.0,1.0
9625,129,0,0,0,0,0,0,1.0,1.0
9625,388,0,0,0,0,0,0,1.0,1.0
9625,98,0,0,0,0,0,0,1.0,1.0
9625,322,0,0,0,0,0,0,1.0,1.0
9625,541,0,0,0,0,0,0,1.0,1.0
9625,632,0,0,0,0,0,0,1.0,1.0
9625,205,0,0,0,0,0,0,1.0,1.0
9625,650,0,0,0,0,0,0,1.0,1.0
9625,390,0,0,0,0,0,0,1.0,1.0
1643,390,1,1,1,1,1,1,1.0,1.0
1643,178,2,2,2,2,2,2,1.0,1.0
1643,287,0,0,0,0,0,0,1.0,1.0
1643,407,0,0,0,0,0,0,1.0,1.0
1643,655,0,0,0,0,0,0,1.0,1.0
1643,48,0,0,0,0,0,0,1.0,1.0
1643,215,0,0,0,0,0,0,1.0,1.0
1643,473,0,0,0,0,0,0,1.0,1.0
1643,0,0,0,0,0,0,0,1.0,1.0
1643,713,0,0,0,0,0,0,1.0,1.0
1643,258,0,0,0,0,0,0,1.0,1.0
1643,276,0,0,0,0,0,0,1.0,1.0
1643,501,0,0,0,0,0,0,1.0,1.0
1643,697,0,0,0,0,0,0,1.0,1.0
1643,647,0,0,0,0,0,0,1.0,1.0
1643,301,0,0,0,0,0,0,1.0,1.0
1643,682,0,0,0,0,0,0,1.0,1.0
1643,233,0,0,0,0,0,0,1.0,1.0
1643,525,0,0,0,0,0,0,1.0,1.0
1643,45,0,0,0,0,0,0,1.0,1.0
1643,632,0,0,0,0,0,0,1.0,1.0
1643,108,0,0,0,0,0,0,1.0,1.0
1643,309,1,1,1,1,1,1,1.0,1.0
1643,2,0,0,0,0,0,0,1.0,1.0
1643,607,0,0,0,0,0,0,1.0,1.0
1643,164,0,0,0,0,0,0,1.0,1.0
1643,242,0,0,0,0,0,0,1.0,1.0
1643,444,0,0,0,0,0,0,1.0,1.0
1643,516,0,0,0,0,0,0,1.0,1.0
1643,558,0,0,0,0,0,0,1.0,1.0
1643,619,0,0,0,0,0,0,1.0,1.0
1643,372,0,0,0,0,0,0,1.0,1.0
1643,68,0,0,0,0,0,0,1.0,1.0
1643,715,0,0,0,0,0,0,1.0,1.0
1643,405,0,0,0,0,0,0,1.0,1.0
1643,7,0,0,0,0,0,0,1.0,1.0
1643,721,0,0,0,0,0,0,1.0,1.0
1643,483,0,0,0,0,0,0,1.0,1.0
1643,110,2,2,2,2,2,2,1.0,1.0
1643,630,0,0,0,0,0,0,1.0,1.0
1643,283,0,0,0,0,0,0,1.0,1.0
1643,537,0,0,0,0,0,0,1.0,1.0
1643,674,0,0,0,0,0,0,1.0,1.0
1643,153,0,0,0,0,0,0,1.0,1.0
1643,201,0,0,0,0,0,0,1.0,1.0
1643,152,0,0,0,0,0,0,1.0,1.0
1643,723,0,0,0,0,0,0,1.0,1.0
1643,256,0,0,0,0,0,0,1.0,1.0
1643,426,0,0,0,0,0,0,1.0,1.0
1643,488,0,0,0,0,0,0,1.0,1.0
1643,39,0,0,0,0,0,0,1.0,1.0
1643,137,0,0,0,0,0,0,1.0,1.0
1643,693,0,0,0,0,0,0,1.0,1.0
1643,323,0,0,0,0,0,0,1.0,1.0
1643,458,0,0,0,0,0,0,1.0,1.0
1643,314,0,0,0,0,0,0,1.0,1.0
1643,393,0,0,0,0,0,0,1.0,1.0
1643,213,0,0,0,0,0,0,1.0,1.0
1643,207,0,0,0,0,0,0,1.0,1.0
1643,101,0,0,0,0,0,0,1.0,1.0
1643,383,0,0,0,0,0,0,1.0,1.0
1643,535,0,0,0,0,0,0,1.0,1.0
1643,204,1,1,1,1,1,1,1.0,1.0
1643,231,0,0,0,0,0,0,1.0,1.0
1643,423,0,0,0,0,0,0,1.0,1.0
1643,129,0,0,0,0,0,0,1.0,1.0
1643,124,0,0,0,0,0,0,1.0,1.0
1643,556,0,0,0,0,0,0,1.0,1.0
1643,158,0,0,0,0,0,0,1.0,1.0
1643,343,0,0,0,0,0,0,1.0,1.0
1643,42,0,0,0,0,0,0,1.0,1.0
1643,566,0,0,0,0,0,0,1.0,1.0
7640,598,0,0,0,0,0,0,1.0,1.0
7640,671,0,0,0,0,0,0,1.0,1.0
7640,390,0,0,0,0,0,0,1.0,1.0
7640,506,0,0,0,0,0,0,1.0,1.0
7640,256,0,0,0,0,0,0,1.0,1.0
7640,271,0,0,0,0,0,0,1.0,1.0
7640,715,0,0,0,0,0,0,1.0,1.0
7640,426,0,0,0,0,0,0,1.0,1.0
7640,216,0,0,0,0,0,0,1.0,1.0
7640,436,0,0,0,0,0,0,1.0,1.0
7640,332,0,0,0,0,0,0,1.0,1.0
7640,2,0,0,0,0,0,0,1.0,1.0
7640,250,0,0,0,0,0,0,1.0,1.0
7640,25,0,0,0,0,0,0,1.0,1.0
7640,179,0,0,0,0,0,0,1.0,1.0
7640,403,0,0,0,0,0,0,1.0,1.0
7640,619,0,0,0,0,0,0,1.0,1.0
7640,20,0,0,0,0,0,0,1.0,1.0
7640,718,0,0,0,0,0,0,1.0,1.0
7640,0,0,0,0,0,0,0,1.0,1.0
7640,54,0,0,0,0,0,0,1.0,1.0
7640,682,0,0,0,0,0,0,1.0,1.0
7640,319,0,0,0,0,0,0,1.0,1.0
7640,78,0,0,0,0,0,0,1.0,1.0
7640,129,0,0,0,0,0,0,1.0,1.0
7640,423,0,0,0,0,0,0,1.0,1.0
7640,7,0,0,0,0,0,0,1.0,1.0
7640,486,0,0,0,0,0,0,1.0,1.0
7640,149,0,0,0,0,0,0,1.0,1.0
7640,37,0,0,0,0,0,0,1.0,1.0
7640,242,0,0,0,0,0,0,1.0,1.0
7640,98,0,0,0,0,0,0,1.0,1.0
7640,478,0,0,0,0,0,0,1.0,1.0
7640,479,0,0,0,0,0,0,1.0,1.0
7640,42,0,0,0,0,0,0,1.0,1.0
7640,453,0,0,0,0,0,0,1.0,1.0
7640,378,0,0,0,0,0,0,1.0,1.0
7640,482,0,0,0,0,0,0,1.0,1.0
7640,363,0,0,0,0,0,0,1.0,1.0
7640,204,0,0,0,0,0,0,1.0,1.0
7640,383,0,0,0,0,0,0,1.0,1.0
7640,201,0,0,0,0,0,0,1.0,1.0
7640,505,0,0,0,0,0,0,1.0,1.0
7640,333,0,0,0,0,0,0,1.0,1.0
7640,516,0,0,0,0,0,0,1.0,1.0
7640,141,0,0,0,0,0,0,1.0,1.0
7640,268,0,0,0,0,0,0,1.0,1.0
7640,111,0,0,0,0,0,0,1.0,1.0
7640,536,0,0,0,0,0,0,1.0,1.0
7640,112,0,0,0,0,0,0,1.0,1.0
7640,624,0,0,0,0,0,0,1.0,1.0
7640,297,0,0,0,0,0,0,1.0,1.0
7640,653,0,0,0,0,0,0,1.0,1.0
7640,430,0,0,0,0,0,0,1.0,1.0
7640,68,0,0,0,0,0,0,1.0,1.0
7640,500,0,0,0,0,0,0,1.0,1.0
7640,48,0,0,0,0,0,0,1.0,1.0
7640,193,0,0,0,0,0,0,1.0,1.0
7640,362,0,0,0,0,0,0,1.0,1.0
7640,393,0,0,0,0,0,0,1.0,1.0
7640,492,0,0,0,0,0,0,1.0,1.0
7640,630,0,0,0,0,0,0,1.0,1.0
7640,647,0,0,0,0,0,0,1.0,1.0
7640,5,0,0,0,0,0,0,1.0,1.0
7640,185,0,0,0,0,0,0,1.0,1.0
7640,77,0,0,0,0,0,0,1.0,1.0
7640,520,0,0,0,0,0,0,1.0,1.0
7640,416,0,0,0,0,0,0,1.0,1.0
7640,17,0,0,0,0,0,0,1.0,1.0
7640,483,0,0,0,0,0,0,1.0,1.0
7640,367,0,0,0,0,0,0,1.0,1.0
7640,298,0,0,0,0,0,0,1.0,1.0
7640,203,0,0,0,0,0,0,1.0,1.0
7640,427,0,0,0,0,0,0,1.0,1.0
7640,156,0,0,0,0,0,0,1.0,1.0
7640,600,0,0,0,0,0,0,1.0,1.0
7640,665,0,0,0,0,0,0,1.0,1.0
7640,435,0,0,0,0,0,0,1.0,1.0
7640,299,0,0,0,0,0,0,1.0,1.0
7640,724,0,0,0,0,0,0,1.0,1.0
7640,316,0,0,0,0,0,0,1.0,1.0
7640,43,0,0,0,0,0,0,1.0,1.0
6590,197,1,1,1,1,1,1,1.0,1.0
6590,722,1,1,1,1,1,1,1.0,1.0
6590,481,0,0,0,0,0,0,1.0,1.0
6590,208,1,1,1,1,1,1,1.0,1.0
6590,187,1,1,1,1,1,1,1.0,1.0
6590,48,0,0,0,0,0,0,1.0,1.0
6590,689,1,0,0,1,1,1,0.6,0.8
6590,621,0,0,0,0,0,0,1.0,1.0
6590,260,0,0,0,0,0,0,1.0,1.0
6590,49,0,0,0,0,0,0,1.0,1.0
6590,622,1,1,1,1,1,1,1.0,1.0
6590,67,0,0,0,0,0,0,1.0,1.0
6590,304,2,2,2,2,2,2,1.0,1.0
6590,393,0,0,0,0,0,0,1.0,1.0
6590,179,0,0,0,0,0,0,1.0,1.0
6590,60,0,0,0,0,0,0,1.0,1.0
6590,507,0,0,0,0,0,0,1.0,1.0
6590,686,0,0,0,0,0,0,1.0,1.0
6590,157,1,1,1,1,1,1,1.0,1.0
6590,452,0,0,0,0,0,0,1.0,1.0
6590,572,1,1,1,1,1,1,1.0,1.0
6590,715,1,1,1,1,1,1,1.0,1.0
6590,242,0,0,0,0,0,0,1.0,1.0
6590,141,0,0,0,0,0,0,1.0,1.0
6590,642,1,1,1,1,1,1,1.0,1.0
6590,515,0,0,0,0,0,0,1.0,1.0
6590,356,0,0,0,0,0,0,1.0,1.0
6590,68,0,0,0,0,0,0,1.0,1.0
6590,731,0,0,0,0,0,0,1.0,1.0
6590,15,1,1,1,1,1,1,1.0,1.0
6590,383,0,0,0,0,0,0,1.0,1.0
6590,42,0,0,0,0,0,0,1.0,1.0
6590,168,0,0,0,0,0,0,1.0,1.0
6590,639,0,0,0,0,0,0,1.0,1.0
6590,114,0,0,0,0,0,0,1.0,1.0
6590,485,0,0,0,0,0,0,1.0,1.0
6590,281,1,1,1,1,1,1,1.0,1.0
6590,607,0,0,0,0,0,0,1.0,1.0
6590,593,0,0,0,0,0,0,1.0,1.0
6590,659,0,0,0,0,0,0,1.0,1.0
6590,647,1,1,1,1,1,1,1.0,1.0
6590,390,0,0,0,0,0,0,1.0,1.0
6590,464,0,0,0,0,0,0,1.0,1.0
6590,468,1,1,1,1,1,1,1.0,1.0
6590,188,1,1,1,1,1,1,1.0,1.0
6590,26,0,0,0,0,0,0,1.0,1.0
6590,275,0,0,0,0,0,0,1.0,1.0
6590,0,0,0,0,0,0,0,1.0,1.0
6590,653,0,1,0,0,1,0,0.6,0.8
6590,175,1,1,1,1,1,1,1.0,1.0
6590,209,0,0,0,0,0,0,1.0,1.0
6590,685,0,0,0,0,0,0,1.0,1.0
6590,504,0,0,0,0,0,0,1.0,1.0
6590,599,0,0,0,0,0,0,1.0,1.0
6590,95,1,1,1,1,1,1,1.0,1.0
6590,177,0,0,0,0,0,0,1.0,1.0
6590,734,0,0,0,0,0,0,1.0,1.0
6590,465,1,1,1,1,1,1,1.0,1.0
6590,737,0,0,0,0,0,0,1.0,1.0
6590,704,1,1,1,1,1,1,1.0,1.0
6590,204,0,0,0,0,0,0,1.0,1.0
6590,455,0,0,0,0,0,0,1.0,1.0
6590,201,1,1,0,1,0,1,0.6,0.8
6590,384,0,0,0,0,0,0,1.0,1.0
6590,45,0,0,0,0,0,0,1.0,1.0
6590,483,0,0,0,0,0,0,1.0,1.0
6590,677,0,0,0,0,0,0,1.0,1.0
6590,167,1,1,1,1,1,1,1.0,1.0
6590,351,0,0,0,0,0,0,1.0,1.0
6590,649,1,1,1,1,1,1,1.0,1.0
6590,2,0,0,0,0,0,0,1.0,1.0
6590,542,0,0,0,0,0,0,1.0,1.0
6590,256,0,0,0,0,0,0,1.0,1.0
6590,725,1,1,1,1,1,1,1.0,1.0
6590,117,0,0,0,0,0,0,1.0,1.0
6590,423,1,1,1,1,1,1,1.0,1.0
6590,682,0,0,0,0,0,0,1.0,1.0
6590,73,0,0,0,0,0,0,1.0,1.0
6590,619,0,0,0,0,0,0,1.0,1.0
6590,426,0,0,0,0,0,0,1.0,1.0
6590,153,0,0,0,0,0,0,1.0,1.0
6590,365,0,0,0,0,0,0,1.0,1.0
6590,442,0,0,0,0,0,0,1.0,1.0
6590,129,0,0,0,0,0,0,1.0,1.0
6590,288,0,0,0,0,0,0,1.0,1.0
6590,96,1,1,1,1,1,1,1.0,1.0
9479,423,0,0,0,0,0,0,1.0,1.0
9479,42,0,0,0,0,0,0,1.0,1.0
9479,214,0,0,0,0,0,0,1.0,1.0
9479,205,0,0,0,0,0,0,1.0,1.0
9479,675,0,0,0,0,0,0,1.0,1.0
9479,579,0,0,0,0,0,0,1.0,1.0
9479,50,0,0,0,0,0,0,1.0,1.0
9479,456,0,0,0,0,0,0,1.0,1.0
9479,69,0,0,0,0,0,0,1.0,1.0
9479,28,0,0,0,0,0,0,1.0,1.0
9479,363,0,0,0,0,0,0,1.0,1.0
9479,582,0,0,0,0,0,0,1.0,1.0
9479,204,0,0,0,0,0,0,1.0,1.0
9479,715,0,0,0,0,0,0,1.0,1.0
9479,137,0,0,0,0,0,0,1.0,1.0
9479,688,0,0,0,0,0,0,1.0,1.0
9479,314,0,0,0,0,0,0,1.0,1.0
9479,111,0,0,0,0,0,0,1.0,1.0
9479,178,0,0,0,0,0,0,1.0,1.0
9479,709,0,0,0,0,0,0,1.0,1.0
9479,620,1,1,1,1,1,1,1.0,1.0
9479,719,0,0,0,0,0,0,1.0,1.0
9479,15,0,0,0,0,0,0,1.0,1.0
9479,422,0,0,0,0,0,0,1.0,1.0
9479,519,1,1,1,1,1,1,1.0,1.0
9479,242,0,0,0,0,0,0,1.0,1.0
9479,529,0,0,0,0,0,0,1.0,1.0
9479,218,0,0,0,0,0,0,1.0,1.0
9479,287,0,0,0,0,0,0,1.0,1.0
9479,2,0,0,0,0,0,0,1.0,1.0
9479,121,0,0,0,0,0,0,1.0,1.0
9479,54,0,0,0,0,0,0,1.0,1.0
9479,332,0,0,0,0,0,0,1.0,1.0
9479,275,0,0,0,0,0,0,1.0,1.0
9479,662,0,0,0,0,0,0,1.0,1.0
9479,501,0,0,0,0,0,0,1.0,1.0
9479,85,0,0,0,0,0,0,1.0,1.0
9479,613,0,0,0,0,0,0,1.0,1.0
9479,0,0,0,0,0,0,0,1.0,1.0
9479,690,0,0,0,0,0,0,1.0,1.0
9479,310,0,0,0,0,0,0,1.0,1.0
9479,659,0,0,0,0,0,0,1.0,1.0
9479,396,0,0,0,0,0,0,1.0,1.0
9479,682,0,0,0,0,0,0,1.0,1.0
9479,16,0,0,0,0,0,0,1.0,1.0
9479,426,0,0,0,0,0,0,1.0,1.0
9479,483,0,0,0,0,0,0,1.0,1.0
9479,707,0,0,0,0,0,0,1.0,1.0
9479,244,0,0,0,0,0,0,1.0,1.0
9479,733,0,0,0,0,0,0,1.0,1.0
9479,588,0,0,0,0,0,0,1.0,1.0
9479,504,0,0,0,0,0,0,1.0,1.0
9479,498,0,0,0,0,0,0,1.0,1.0
9479,427,0,0,0,0,0,0,1.0,1.0
9479,393,0,0,0,0,0,0,1.0,1.0
9479,290,0,0,0,0,0,0,1.0,1.0
9479,383,0,0,0,0,0,0,1.0,1.0
9479,316,0,0,0,0,0,0,1.0,1.0
9479,704,0,0,0,0,0,0,1.0,1.0
9479,461,0,0,0,0,0,0,1.0,1.0
9479,23,0,0,0,0,0,0,1.0,1.0
9479,418,0,0,0,0,0,0,1.0,1.0
9479,295,0,0,0,0,0,0,1.0,1.0
9479,263,0,0,0,0,0,0,1.0,1.0
9479,48,0,0,0,0,0,0,1.0,1.0
9479,21,0,0,0,0,0,0,1.0,1.0
9479,129,0,0,0,0,0,0,1.0,1.0
9479,305,0,0,0,0,0,0,1.0,1.0
9479,236,0,0,0,0,0,0,1.0,1.0
9479,68,0,0,0,0,0,0,1.0,1.0
9479,219,0,0,0,0,0,0,1.0,1.0
9479,254,0,0,0,0,0,0,1.0,1.0
9479,201,0,0,0,0,0,0,1.0,1.0
9479,256,0,0,0,0,0,0,1.0,1.0
9479,285,0,0,0,0,0,0,1.0,1.0
9479,241,0,0,0,0,0,0,1.0,1.0
9479,175,0,0,0,0,0,0,1.0,1.0
9479,159,0,0,0,0,0,0,1.0,1.0
9479,633,0,0,0,0,0,0,1.0,1.0
9479,739,0,0,0,0,0,0,1.0,1.0
9479,394,0,0,0,0,0,0,1.0,1.0
9479,584,0,0,0,0,0,0,1.0,1.0
9479,647,0,0,0,0,0,0,1.0,1.0
9479,740,0,0,0,0,0,0,1.0,1.0
9479,654,0,0,0,0,0,0,1.0,1.0
9479,442,0,0,0,0,0,0,1.0,1.0
9479,476,0,0,0,0,0,0,1.0,1.0
9479,639,0,0,0,0,0,0,1.0,1.0
9479,250,0,0,0,0,0,0,1.0,1.0
9479,550,0,0,0,0,0,0,1.0,1.0
9479,491,0,0,0,0,0,0,1.0,1.0
9479,493,0,0,0,0,0,0,1.0,1.0
9479,390,0,0,0,0,0,0,1.0,1.0
8771,2,0,0,0,0,0,0,1.0,1.0
8771,385,0,0,0,0,0,0,1.0,1.0
8771,129,0,0,0,0,0,0,1.0,1.0
8771,718,0,0,0,0,0,0,1.0,1.0
8771,384,0,0,0,0,0,0,1.0,1.0
8771,715,0,0,0,0,0,0,1.0,1.0
8771,83,0,0,0,0,0,0,1.0,1.0
8771,314,0,0,0,0,0,0,1.0,1.0
8771,186,0,0,0,0,0,0,1.0,1.0
8771,307,0,0,0,0,0,0,1.0,1.0
8771,42,0,0,0,0,0,0,1.0,1.0
8771,394,0,0,0,0,0,0,1.0,1.0
8771,332,0,0,0,0,0,0,1.0,1.0
8771,624,0,0,0,0,0,0,1.0,1.0
8771,0,0,0,0,0,0,0,1.0,1.0
8771,702,0,0,0,0,0,0,1.0,1.0
8771,383,0,0,0,0,0,0,1.0,1.0
8771,423,0,0,0,0,0,0,1.0,1.0
8771,426,0,0,0,0,0,0,1.0,1.0
8771,49,0,0,0,0,0,0,1.0,1.0
8771,483,0,0,0,0,0,0,1.0,1.0
8771,363,0,0,0,0,0,0,1.0,1.0
8771,277,0,0,0,0,0,0,1.0,1.0
8771,521,0,0,0,0,0,0,1.0,1.0
8771,478,0,0,0,0,0,0,1.0,1.0
8771,256,0,0,0,0,0,0,1.0,1.0
8771,362,0,0,0,0,0,0,1.0,1.0
8771,271,0,0,0,0,0,0,1.0,1.0
8771,682,0,0,0,0,0,0,1.0,1.0
8771,625,0,0,0,0,0,0,1.0,1.0
8771,204,0,0,0,0,0,0,1.0,1.0
8771,68,0,0,0,0,0,0,1.0,1.0
8771,258,0,0,0,0,0,0,1.0,1.0
8771,76,1,1,1,1,1,1,1.0,1.0
8771,34,0,0,0,0,0,0,1.0,1.0
8771,262,0,0,0,0,0,0,1.0,1.0
8771,40,0,0,0,0,0,0,1.0,1.0
8771,566,0,0,0,0,0,0,1.0,1.0
8771,556,0,0,0,0,0,0,1.0,1.0
8771,390,0,0,0,0,0,0,1.0,1.0
8771,538,0,0,0,0,0,0,1.0,1.0
8771,263,0,0,0,0,0,0,1.0,1.0
8771,697,1,1,1,1,1,1,1.0,1.0
8771,205,0,0,0,0,0,0,1.0,1.0
8771,192,0,0,0,0,0,0,1.0,1.0
8771,668,0,0,0,0,0,0,1.0,1.0
8771,78,0,0,0,0,0,0,1.0,1.0
8771,703,0,0,0,0,0,0,1.0,1.0
8771,115,0,0,0,0,0,0,1.0,1.0
8771,689,0,0,0,0,0,0,1.0,1.0
8771,89,0,0,0,0,0,0,1.0,1.0
8771,738,0,0,0,0,0,0,1.0,1.0
8771,128,0,0,0,0,0,0,1.0,1.0
8771,157,0,0,0,0,0,0,1.0,1.0
8771,48,0,0,0,0,0,0,1.0,1.0
8771,402,0,0,0,0,0,0,1.0,1.0
8771,486,0,0,0,0,0,0,1.0,1.0
8771,297,0,0,0,0,0,0,1.0,1.0
8771,647,0,0,0,0,0,0,1.0,1.0
8771,429,0,0,0,0,0,0,1.0,1.0
8771,455,1,1,1,1,1,1,1.0,1.0
8771,201,0,0,0,0,0,0,1.0,1.0
8771,200,0,0,0,0,0,0,1.0,1.0
8771,386,1,1,1,1,1,1,1.0,1.0
8771,102,0,0,0,0,0,0,1.0,1.0
8771,509,0,0,0,0,0,0,1.0,1.0
8771,540,0,0,0,0,0,0,1.0,1.0
8771,474,0,0,0,0,0,0,1.0,1.0
8771,569,0,0,0,0,0,0,1.0,1.0
8771,156,0,0,0,0,0,0,1.0,1.0
8771,427,0,0,0,0,0,0,1.0,1.0
8771,242,0,0,0,0,0,0,1.0,1.0
8771,372,0,0,0,0,0,0,1.0,1.0
8771,260,0,0,0,0,0,0,1.0,1.0
8771,325,0,0,0,0,0,0,1.0,1.0
8771,648,0,0,0,0,0,0,1.0,1.0
8771,583,0,0,0,0,0,0,1.0,1.0
8771,490,0,0,0,0,0,0,1.0,1.0
8771,393,0,0,0,0,0,0,1.0,1.0
8771,180,0,0,0,0,0,0,1.0,1.0
8771,489,0,0,0,0,0,0,1.0,1.0
8771,741,0,0,0,0,0,0,1.0,1.0
6717,0,0,0,0,0,0,0,1.0,1.0
6717,483,0,0,0,0,0,0,1.0,1.0
6717,138,0,0,0,0,0,0,1.0,1.0
6717,47,0,0,0,0,0,0,1.0,1.0
6717,9,0,0,0,0,0,0,1.0,1.0
6717,407,0,0,0,0,0,0,1.0,1.0
6717,549,2,2,2,2,2,2,1.0,1.0
6717,314,0,0,0,0,0,0,1.0,1.0
6717,423,0,0,0,0,0,0,1.0,1.0
6717,346,0,0,0,0,0,0,1.0,1.0
6717,256,0,0,0,0,0,0,1.0,1.0
6717,111,0,0,0,0,0,0,1.0,1.0
6717,324,0,0,0,0,0,0,1.0,1.0
6717,252,0,0,0,0,0,0,1.0,1.0
6717,68,0,0,0,0,0,0,1.0,1.0
6717,201,0,0,0,0,0,0,1.0,1.0
6717,409,0,0,0,0,0,0,1.0,1.0
6717,477,0,0,0,0,0,0,1.0,1.0
6717,204,0,0,0,0,0,0,1.0,1.0
6717,548,0,0,0,0,0,0,1.0,1.0
6717,102,0,0,0,0,0,0,1.0,1.0
6717,66,0,0,0,0,0,0,1.0,1.0
6717,83,0,0,0,0,0,0,1.0,1.0
6717,447,0,0,0,0,0,0,1.0,1.0
6717,118,0,0,0,0,0,0,1.0,1.0
6717,591,0,0,0,0,0,0,1.0,1.0
6717,694,0,0,0,0,0,0,1.0,1.0
6717,170,0,0,0,0,0,0,1.0,1.0
6717,461,0,0,0,0,0,0,1.0,1.0
6717,426,0,0,0,0,0,0,1.0,1.0
6717,536,0,0,0,0,0,0,1.0,1.0
6717,129,0,0,0,0,0,0,1.0,1.0
6717,209,0,0,0,0,0,0,1.0,1.0
6717,665,0,0,0,0,0,0,1.0,1.0
6717,682,0,0,0,0,0,0,1.0,1.0
6717,715,0,0,0,0,0,0,1.0,1.0
6717,48,0,0,0,0,0,0,1.0,1.0
6717,469,0,0,0,0,0,0,1.0,1.0
6717,300,0,0,0,0,0,0,1.0,1.0
6717,88,0,0,0,0,0,0,1.0,1.0
6717,498,0,0,0,0,0,0,1.0,1.0
6717,2,0,0,0,0,0,0,1.0,1.0
6717,439,0,0,0,0,0,0,1.0,1.0
6717,196,0,0,0,0,0,0,1.0,1.0
6717,112,0,0,0,0,0,0,1.0,1.0
6717,37,1,1,1,1,1,1,1.0,1.0
6717,647,0,0,0,0,0,0,1.0,1.0
6717,315,0,0,0,0,0,0,1.0,1.0
6717,265,0,0,0,0,0,0,1.0,1.0
6717,504,0,0,0,0,0,0,1.0,1.0
6717,42,0,0,0,0,0,0,1.0,1.0
6717,640,0,0,0,0,0,0,1.0,1.0
6717,568,0,0,0,0,0,0,1.0,1.0
6717,250,0,0,0,0,0,0,1.0,1.0
6717,582,0,0,0,0,0,0,1.0,1.0
6717,90,0,0,0,0,0,0,1.0,1.0
6717,390,0,0,0,0,0,0,1.0,1.0
6717,393,0,0,0,0,0,0,1.0,1.0
6717,655,0,0,0,0,0,0,1.0,1.0
6717,242,0,0,0,0,0,0,1.0,1.0
6717,139,0,0,0,0,0,0,1.0,1.0
6717,678,1,1,1,1,1,1,1.0,1.0
6717,658,0,0,0,0,0,0,1.0,1.0
6717,369,0,0,0,0,0,0,1.0,1.0
6717,194,0,0,0,0,0,0,1.0,1.0
6717,160,0,0,0,0,0,0,1.0,1.0
6717,425,0,0,0,0,0,0,1.0,1.0
6717,224,0,0,0,0,0,0,1.0,1.0
6717,710,0,0,0,0,0,0,1.0,1.0
6717,146,0,0,0,0,0,0,1.0,1.0
6717,611,0,0,0,0,0,0,1.0,1.0
6717,292,0,0,0,0,0,0,1.0,1.0
6717,558,0,0,0,0,0,0,1.0,1.0
6717,179,0,0,0,0,0,0,1.0,1.0
6717,93,0,0,0,0,0,0,1.0,1.0
6717,724,0,0,0,0,0,0,1.0,1.0
6717,383,0,0,0,0,0,0,1.0,1.0
6717,413,0,0,0,0,0,0,1.0,1.0
8790,383,0,0,0,0,0,0,1.0,1.0
8790,423,0,0,0,0,0,0,1.0,1.0
8790,20,0,0,0,0,0,0,1.0,1.0
8790,171,0,0,0,0,0,0,1.0,1.0
8790,424,0,0,0,0,0,0,1.0,1.0
8790,626,0,0,0,0,0,0,1.0,1.0
8790,353,0,0,0,0,0,0,1.0,1.0
8790,219,0,0,0,0,0,0,1.0,1.0
8790,129,0,0,0,0,0,0,1.0,1.0
8790,48,0,0,0,0,0,0,1.0,1.0
8790,419,0,0,0,0,0,0,1.0,1.0
8790,682,0,0,0,0,0,0,1.0,1.0
8790,181,0,0,0,0,0,0,1.0,1.0
8790,302,0,0,0,0,0,0,1.0,1.0
8790,179,0,0,0,0,0,0,1.0,1.0
8790,385,0,0,0,0,0,0,1.0,1.0
8790,597,0,0,0,0,0,0,1.0,1.0
8790,68,0,0,0,0,0,0,1.0,1.0
8790,85,0,0,0,0,0,0,1.0,1.0
8790,593,0,0,0,0,0,0,1.0,1.0
8790,239,0,0,0,0,0,0,1.0,1.0
8790,475,0,0,0,0,0,0,1.0,1.0
8790,0,0,0,0,0,0,0,1.0,1.0
8790,206,0,0,0,0,0,0,1.0,1.0
8790,429,0,0,0,0,0,0,1.0,1.0
8790,647,0,0,0,0,0,0,1.0,1.0
8790,165,0,0,0,0,0,0,1.0,1.0
8790,35,1,0,0,1,0,0,0.6,0.8
8790,561,0,0,0,0,0,0,1.0,1.0
8790,512,0,0,0,0,0,0,1.0,1.0
8790,93,0,0,0,0,0,0,1.0,1.0
8790,41,0,0,0,0,0,0,1.0,1.0
8790,741,0,0,0,0,0,0,1.0,1.0
8790,715,0,0,0,0,0,0,1.0,1.0
8790,529,0,0,0,0,0,0,1.0,1.0
8790,698,0,0,0,0,0,0,1.0,1.0
8790,2,0,0,0,0,0,0,1.0,1.0
8790,670,0,0,0,0,0,0,1.0,1.0
8790,317,0,0,0,0,0,0,1.0,1.0
8790,42,0,0,0,0,0,0,1.0,1.0
8790,98,0,0,0,0,0,0,1.0,1.0
8790,390,0,0,0,0,0,0,1.0,1.0
8790,740,0,0,0,0,0,0,1.0,1.0
8790,524,0,0,0,0,0,0,1.0,1.0
8790,31,0,0,0,0,0,0,1.0,1.0
8790,114,0,0,0,0,0,0,1.0,1.0
8790,201,0,0,0,0,0,0,1.0,1.0
8790,154,0,0,0,0,0,0,1.0,1.0
8790,598,0,0,0,0,0,0,1.0,1.0
8790,483,0,0,0,0,0,0,1.0,1.0
8790,29,0,0,0,0,0,0,1.0,1.0
8790,204,0,0,0,0,0,0,1.0,1.0
8790,393,0,0,0,0,0,0,1.0,1.0
8790,242,0,0,0,0,0,0,1.0,1.0
8790,213,0,0,0,0,0,0,1.0,1.0
8790,352,0,0,0,0,0,0,1.0,1.0
8790,168,0,0,0,0,0,0,1.0,1.0
8790,91,0,0,0,0,0,0,1.0,1.0
8790,653,1,1,1,1,1,1,1.0,1.0
8790,525,0,0,0,0,0,0,1.0,1.0
8790,538,0,0,0,0,0,0,1.0,1.0
8790,332,0,0,0,0,0,0,1.0,1.0
8790,389,0,0,0,0,0,0,1.0,1.0
8790,484,0,0,0,0,0,0,1.0,1.0
8790,645,0,0,0,0,0,0,1.0,1.0
8790,331,0,0,0,0,0,0,1.0,1.0
8790,59,0,0,0,0,0,0,1.0,1.0
8790,256,0,0,0,0,0,0,1.0,1.0
8790,335,0,0,0,0,0,0,1.0,1.0
8790,272,0,0,0,0,0,0,1.0,1.0
8790,386,0,0,0,0,0,0,1.0,1.0
8790,606,0,0,0,0,0,0,1.0,1.0
8790,602,0,0,0,0,0,0,1.0,1.0
8790,547,0,0,0,0,0,0,1.0,1.0
8790,712,0,0,0,0,0,0,1.0,1.0
8790,655,0,0,0,0,0,0,1.0,1.0
8790,426,0,0,0,0,0,0,1.0,1.0
8790,147,0,0,0,0,0,0,1.0,1.0
8790,399,0,0,0,0,0,0,1.0,1.0
8790,720,0,0,0,0,0,0,1.0,1.0
8790,34,0,0,0,0,0,0,1.0,1.0
