conceptUri,broaderUri
2.A.1,2.A
2.A.1.a,2.A.1
2.A.1.b,2.A.1
2.A.1.c,2.A.1
2.A.1.d,2.A.1
2.A.1.e,2.A.1
2.A.1.f,2.A.1
2.A.2,2.A
2.A.2.a,2.A.2
2.A.2.b,2.A.2
2.A.2.c,2.A.2
2.A.2.d,2.A.2
2.B.1,2.B
2.B.1.a,2.B.1
2.B.1.b,2.B.1
2.B.1.c,2.B.1
2.B.1.d,2.B.1
2.B.1.e,2.B.1
2.B.1.f,2.B.1
2.B.2,2.B
2.B.2.i,2.B.2
2.B.3,2.B
2.B.3.a,2.B.3
2.B.3.b,2.B.3
2.B.3.c,2.B.3
2.B.3.d,2.B.3
2.B.3.e,2.B.3
2.B.3.g,2.B.3
2.B.3.h,2.B.3
2.B.3.j,2.B.3
2.B.3.k,2.B.3
2.B.3.l,2.B.3
2.B.3.m,2.B.3
2.B.4,2.B
2.B.4.e,2.B.4
2.B.4.g,2.B.4
2.B.4.h,2.B.4
2.B.5,2.B
2.B.5.a,2.B.5
2.B.5.b,2.B.5
2.B.5.c,2.B.5
2.B.5.d,2.B.5
2.C.1,2.C
2.C.1.a,2.C.1
2.C.1.b,2.C.1
2.C.1.c,2.C.1
2.C.1.d,2.C.1
2.C.1.e,2.C.1
2.C.1.f,2.C.1
2.C.2,2.C
2.C.2.a,2.C.2
2.C.2.b,2.C.2
2.C.3,2.C
2.C.3.a,2.C.3
2.C.3.b,2.C.3
2.C.3.c,2.C.3
2.C.3.d,2.C.3
2.C.3.e,2.C.3
2.C.4,2.C
2.C.4.a,2.C.4
2.C.4.b,2.C.4
2.C.4.c,2.C.4
2.C.4.d,2.C.4
2.C.4.e,2.C.4
2.C.4.f,2.C.4
2.C.4.g,2.C.4
2.C.5,2.C
2.C.5.a,2.C.5
2.C.5.b,2.C.5
2.C.6,2.C
2.C.7,2.C
2.C.7.a,2.C.7
2.C.7.b,2.C.7
2.C.7.c,2.C.7
2.C.7.d,2.C.7
2.C.7.e,2.C.7
2.C.8,2.C
2.C.8.a,2.C.8
2.C.8.b,2.C.8
2.C.9,2.C
2.C.9.a,2.C.9
2.C.9.b,2.C.9
2.C.10,2.C
2.E.1,2.E
2.E.1.a,2.E.1
2.E.1.b,2.E.1
2.E.1.c,2.E.1
2.E.1.d,2.E.1
2.E.1.e,2.E.1
2.E.1.f,2.E.1
2.E.1.g,2.E.1
2.E.1.h,2.E.1
2.E.1.i,2.E.1
2.E.1.j,2.E.1
2.E.1.k,2.E.1
2.E.1.l,2.E.1
2.E.1.m,2.E.1
2.E.1.n,2.E.1
2.E.1.o,2.E.1
2.E.1.p,2.E.1
2.E.2,2.E
2.E.2.a,2.E.2
2.E.2.b,2.E.2
2.E.2.c,2.E.2
2.E.2.d,2.E.2
2.E.2.e,2.E.2
2.E.2.f,2.E.2
2.E.3,2.E
2.E.3.a,2.E.3
2.E.3.b,2.E.3
2.E.4,2.E
2.E.4.a,2.E.4
2.E.4.b,2.E.4
2.E.4.c,2.E.4
2.E.4.d,2.E.4
2.E.4.e,2.E.4
2.E.4.f,2.E.4
2.E.4.g,2.E.4
2.E.4.h,2.E.4
2.E.4.i,2.E.4
2.E.4.j,2.E.4
2.E.4.k,2.E.4
2.E.5,2.E
2.E.5.a,2.E.5
2.E.5.b,2.E.5
2.E.5.c,2.E.5
2.E.6,2.E
2.E.6.a,2.E.6
2.E.6.b,2.E.6
2.E.6.c,2.E.6
2.E.6.d,2.E.6
2.E.6.e,2.E.6
2.E.6.f,2.E.6
2.E.6.g,2.E.6
2.E.6.h,2.E.6
2.E.6.i,2.E.6
2.E.6.j,2.E.6
2.E.6.k,2.E.6
2.E.6.l,2.E.6
2.E.6.m,2.E.6
2.E.7,2.E
2.E.7.a,2.E.7
2.E.7.b,2.E.7
2.E.7.c,2.E.7
2.E.7.d,2.E.7
2.E.7.e,2.E.7
2.E.7.f,2.E.7
2.E.7.g,2.E.7
2.E.7.h,2.E.7
2.E.7.i,2.E.7
2.E.8,2.E
2.E.8.a,2.E.8
2.E.8.b,2.E.8
2.E.8.c,2.E.8
2.E.8.d,2.E.8
2.E.8.e,2.E.8
2.E.8.f,2.E.8
2.E.8.g,2.E.8
2.E.8.h,2.E.8
2.E.9,2.E
2.E.9.a,2.E.9
2.E.9.b,2.E.9
2.E.9.c,2.E.9
2.E.9.d,2.E.9
2.E.9.e,2.E.9
2.E.9.f,2.E.9
2.E.9.g,2.E.9
2.E.9.h,2.E.9
2.E.9.i,2.E.9
2.E.9.j,2.E.9
2.E.9.k,2.E.9
2.E.9.l,2.E.9
2.E.9.m,2.E.9
2.E.9.n,2.E.9
2.E.9.o,2.E.9
2.E.10,2.E
2.E.10.a,2.E.10
2.E.10.b,2.E.10
2.E.10.c,2.E.10
2.E.10.d,2.E.10
2.E.10.e,2.E.10
2.E.11,2.E
2.E.11.a,2.E.11
2.E.11.b,2.E.11
2.E.11.c,2.E.11
2.E.11.d,2.E.11
2.E.11.e,2.E.11
2.E.12,2.E
2.E.12.a,2.E.12
2.E.12.b,2.E.12
2.E.12.c,2.E.12
2.E.12.d,2.E.12
2.E.12.e,2.E.12
2.E.12.f,2.E.12
2.E.12.g,2.E.12
2.E.12.h,2.E.12
2.E.12.i,2.E.12
2.E.12.j,2.E.12
2.E.12.k,2.E.12
2.E.12.l,2.E.12
2.E.12.m,2.E.12
2.E.12.n,2.E.12
2.E.13,2.E
2.E.13.a,2.E.13
2.E.13.b,2.E.13
2.E.13.c,2.E.13
2.E.13.d,2.E.13
2.E.14,2.E
2.E.14.a,2.E.14
2.E.14.b,2.E.14
2.E.14.c,2.E.14
2.E.14.d,2.E.14
2.E.14.e,2.E.14
2.E.15,2.E
2.E.15.a,2.E.15
2.E.15.b,2.E.15
2.E.15.c,2.E.15
2.E.15.d,2.E.15
2.E.15.e,2.E.15
2.E.15.f,2.E.15
2.E.15.g,2.E.15
2.E.15.h,2.E.15
2.E.16,2.E
2.E.16.a,2.E.16
2.E.16.b,2.E.16
2.E.16.c,2.E.16
2.E.16.d,2.E.16
2.E.16.e,2.E.16
2.E.16.f,2.E.16
2.E.16.g,2.E.16
2.E.16.h,2.E.16
2.E.16.i,2.E.16
2.E.17,2.E
2.E.17.a,2.E.17
4.A.1,4.A
4.A.1.a,4.A.1
4.A.1.a.1,4.A.1.a
4.A.1.a.1.a,4.A.1.a.1
4.A.1.a.1.a.1,4.A.1.a.1.a
4.A.1.a.1.a.2,4.A.1.a.1.a
4.A.1.a.1.a.3,4.A.1.a.1.a
4.A.1.a.1.a.4,4.A.1.a.1.a
4.A.1.a.1.a.5,4.A.1.a.1.a
4.A.1.a.1.b,4.A.1.a.1
4.A.1.a.1.b.1,4.A.1.a.1.b
4.A.1.a.1.b.2,4.A.1.a.1.b
4.A.1.a.1.b.3,4.A.1.a.1.b
4.A.1.a.1.b.4,4.A.1.a.1.b
4.A.1.a.1.b.5,4.A.1.a.1.b
4.A.1.a.1.b.6,4.A.1.a.1.b
4.A.1.a.1.b.7,4.A.1.a.1.b
4.A.1.a.1.b.8,4.A.1.a.1.b
4.A.1.a.1.b.9,4.A.1.a.1.b
4.A.1.a.1.b.10,4.A.1.a.1.b
4.A.1.a.1.b.11,4.A.1.a.1.b
4.A.1.a.1.b.12,4.A.1.a.1.b
4.A.1.a.1.b.13,4.A.1.a.1.b
4.A.1.a.1.b.14,4.A.1.a.1.b
4.A.1.a.1.b.15,4.A.1.a.1.b
4.A.1.a.1.b.16,4.A.1.a.1.b
4.A.1.a.1.c,4.A.1.a.1
4.A.1.a.1.c.1,4.A.1.a.1.c
4.A.1.a.1.c.2,4.A.1.a.1.c
4.A.1.a.1.c.3,4.A.1.a.1.c
4.A.1.a.1.c.4,4.A.1.a.1.c
4.A.1.a.1.c.5,4.A.1.a.1.c
4.A.1.a.1.c.6,4.A.1.a.1.c
4.A.1.a.1.c.7,4.A.1.a.1.c
4.A.1.a.1.d,4.A.1.a.1
4.A.1.a.1.d.1,4.A.1.a.1.d
4.A.1.a.1.d.2,4.A.1.a.1.d
4.A.1.a.1.d.3,4.A.1.a.1.d
4.A.1.a.1.d.4,4.A.1.a.1.d
4.A.1.a.1.d.5,4.A.1.a.1.d
4.A.1.a.1.d.6,4.A.1.a.1.d
4.A.1.a.1.d.7,4.A.1.a.1.d
4.A.1.a.1.d.8,4.A.1.a.1.d
4.A.1.a.1.e,4.A.1.a.1
4.A.1.a.1.e.1,4.A.1.a.1.e
4.A.1.a.1.e.2,4.A.1.a.1.e
4.A.1.a.1.f,4.A.1.a.1
4.A.1.a.1.f.1,4.A.1.a.1.f
4.A.1.a.1.f.2,4.A.1.a.1.f
4.A.1.a.1.f.3,4.A.1.a.1.f
4.A.1.a.1.f.4,4.A.1.a.1.f
4.A.1.a.1.g,4.A.1.a.1
4.A.1.a.1.g.1,4.A.1.a.1.g
4.A.1.a.1.h,4.A.1.a.1
4.A.1.a.1.h.1,4.A.1.a.1.h
4.A.1.a.1.h.2,4.A.1.a.1.h
4.A.1.a.1.h.3,4.A.1.a.1.h
4.A.1.a.1.i,4.A.1.a.1
4.A.1.a.1.i.1,4.A.1.a.1.i
4.A.1.a.1.i.2,4.A.1.a.1.i
4.A.1.a.1.i.3,4.A.1.a.1.i
4.A.1.a.1.j,4.A.1.a.1
4.A.1.a.1.j.1,4.A.1.a.1.j
4.A.1.a.1.j.2,4.A.1.a.1.j
4.A.1.a.1.j.3,4.A.1.a.1.j
4.A.1.a.1.j.4,4.A.1.a.1.j
4.A.1.a.1.j.5,4.A.1.a.1.j
4.A.1.a.1.j.6,4.A.1.a.1.j
4.A.1.a.1.j.7,4.A.1.a.1.j
4.A.1.a.1.k,4.A.1.a.1
4.A.1.a.1.k.1,4.A.1.a.1.k
4.A.1.a.1.l,4.A.1.a.1
4.A.1.a.1.l.1,4.A.1.a.1.l
4.A.1.a.1.l.2,4.A.1.a.1.l
4.A.1.a.1.l.3,4.A.1.a.1.l
4.A.1.a.1.l.4,4.A.1.a.1.l
4.A.1.a.1.m,4.A.1.a.1
4.A.1.a.1.m.1,4.A.1.a.1.m
4.A.1.a.1.m.2,4.A.1.a.1.m
4.A.1.a.1.m.3,4.A.1.a.1.m
4.A.1.a.1.n,4.A.1.a.1
4.A.1.a.1.n.1,4.A.1.a.1.n
4.A.1.a.1.n.2,4.A.1.a.1.n
4.A.1.a.1.n.3,4.A.1.a.1.n
4.A.1.a.1.n.4,4.A.1.a.1.n
4.A.1.a.1.n.5,4.A.1.a.1.n
4.A.1.a.1.o,4.A.1.a.1
4.A.1.a.1.o.1,4.A.1.a.1.o
4.A.1.a.1.o.2,4.A.1.a.1.o
4.A.1.a.1.p,4.A.1.a.1
4.A.1.a.1.p.1,4.A.1.a.1.p
4.A.1.a.1.p.2,4.A.1.a.1.p
4.A.1.a.1.p.3,4.A.1.a.1.p
4.A.1.a.1.p.4,4.A.1.a.1.p
4.A.1.a.1.p.5,4.A.1.a.1.p
4.A.1.a.1.p.6,4.A.1.a.1.p
4.A.1.a.1.q,4.A.1.a.1
4.A.1.a.1.q.1,4.A.1.a.1.q
4.A.1.a.1.q.2,4.A.1.a.1.q
4.A.1.a.1.q.3,4.A.1.a.1.q
4.A.1.a.1.r,4.A.1.a.1
4.A.1.a.1.r.1,4.A.1.a.1.r
4.A.1.a.1.r.2,4.A.1.a.1.r
4.A.1.a.1.r.3,4.A.1.a.1.r
4.A.1.a.1.s,4.A.1.a.1
4.A.1.a.1.s.1,4.A.1.a.1.s
4.A.1.a.1.s.2,4.A.1.a.1.s
4.A.1.a.1.t,4.A.1.a.1
4.A.1.a.1.t.1,4.A.1.a.1.t
4.A.1.a.1.t.2,4.A.1.a.1.t
4.A.1.a.1.t.3,4.A.1.a.1.t
4.A.1.a.1.t.4,4.A.1.a.1.t
4.A.1.a.1.t.5,4.A.1.a.1.t
4.A.1.a.1.t.6,4.A.1.a.1.t
4.A.1.a.1.t.7,4.A.1.a.1.t
4.A.1.a.1.t.8,4.A.1.a.1.t
4.A.1.a.1.t.9,4.A.1.a.1.t
4.A.1.a.1.t.10,4.A.1.a.1.t
4.A.1.a.1.u,4.A.1.a.1
4.A.1.a.1.u.1,4.A.1.a.1.u
4.A.1.a.1.u.2,4.A.1.a.1.u
4.A.1.a.1.u.3,4.A.1.a.1.u
4.A.1.a.1.u.4,4.A.1.a.1.u
4.A.1.a.1.v,4.A.1.a.1
4.A.1.a.1.v.1,4.A.1.a.1.v
4.A.1.a.1.v.2,4.A.1.a.1.v
4.A.1.a.1.v.3,4.A.1.a.1.v
4.A.1.a.1.w,4.A.1.a.1
4.A.1.a.1.w.1,4.A.1.a.1.w
4.A.1.a.1.w.2,4.A.1.a.1.w
4.A.1.a.1.w.3,4.A.1.a.1.w
4.A.1.a.1.w.4,4.A.1.a.1.w
4.A.1.a.1.w.5,4.A.1.a.1.w
4.A.1.a.1.w.6,4.A.1.a.1.w
4.A.1.a.1.w.7,4.A.1.a.1.w
4.A.1.a.1.w.8,4.A.1.a.1.w
4.A.1.a.1.w.9,4.A.1.a.1.w
4.A.1.a.2,4.A.1.a
4.A.1.a.2.a,4.A.1.a.2
4.A.1.a.2.a.1,4.A.1.a.2.a
4.A.1.a.2.a.2,4.A.1.a.2.a
4.A.1.a.2.a.3,4.A.1.a.2.a
4.A.1.a.2.a.4,4.A.1.a.2.a
4.A.1.a.2.a.5,4.A.1.a.2.a
4.A.1.a.2.a.6,4.A.1.a.2.a
4.A.1.a.2.a.7,4.A.1.a.2.a
4.A.1.a.2.a.8,4.A.1.a.2.a
4.A.1.a.2.a.9,4.A.1.a.2.a
4.A.1.a.2.a.10,4.A.1.a.2.a
4.A.1.a.2.a.11,4.A.1.a.2.a
4.A.1.a.2.a.12,4.A.1.a.2.a
4.A.1.a.2.a.13,4.A.1.a.2.a
4.A.1.a.2.a.14,4.A.1.a.2.a
4.A.1.a.2.b,4.A.1.a.2
4.A.1.a.2.b.1,4.A.1.a.2.b
4.A.1.a.2.b.2,4.A.1.a.2.b
4.A.1.a.2.b.3,4.A.1.a.2.b
4.A.1.a.2.b.4,4.A.1.a.2.b
4.A.1.a.2.b.5,4.A.1.a.2.b
4.A.1.a.2.b.6,4.A.1.a.2.b
4.A.1.a.2.b.7,4.A.1.a.2.b
4.A.1.a.2.b.8,4.A.1.a.2.b
4.A.1.a.2.b.9,4.A.1.a.2.b
4.A.1.a.2.b.10,4.A.1.a.2.b
4.A.1.a.2.b.11,4.A.1.a.2.b
4.A.1.a.2.b.12,4.A.1.a.2.b
4.A.1.a.2.b.13,4.A.1.a.2.b
4.A.1.a.2.b.14,4.A.1.a.2.b
4.A.1.a.2.b.15,4.A.1.a.2.b
4.A.1.a.2.b.16,4.A.1.a.2.b
4.A.1.a.2.b.17,4.A.1.a.2.b
4.A.1.a.2.b.18,4.A.1.a.2.b
4.A.1.a.2.b.19,4.A.1.a.2.b
4.A.1.a.2.b.20,4.A.1.a.2.b
4.A.1.a.2.c,4.A.1.a.2
4.A.1.a.2.c.1,4.A.1.a.2.c
4.A.1.a.2.c.2,4.A.1.a.2.c
4.A.1.a.2.c.3,4.A.1.a.2.c
4.A.1.a.2.c.4,4.A.1.a.2.c
4.A.1.a.2.c.5,4.A.1.a.2.c
4.A.1.a.2.c.6,4.A.1.a.2.c
4.A.1.a.2.d,4.A.1.a.2
4.A.1.a.2.d.1,4.A.1.a.2.d
4.A.1.a.2.d.2,4.A.1.a.2.d
4.A.1.a.2.e,4.A.1.a.2
4.A.1.a.2.e.1,4.A.1.a.2.e
4.A.1.a.2.e.2,4.A.1.a.2.e
4.A.1.a.2.e.3,4.A.1.a.2.e
4.A.1.a.2.e.4,4.A.1.a.2.e
4.A.1.a.2.e.5,4.A.1.a.2.e
4.A.1.a.2.e.6,4.A.1.a.2.e
4.A.1.a.2.e.7,4.A.1.a.2.e
4.A.1.a.2.e.8,4.A.1.a.2.e
4.A.1.a.2.f,4.A.1.a.2
4.A.1.a.2.f.1,4.A.1.a.2.f
4.A.1.a.2.f.2,4.A.1.a.2.f
4.A.1.a.2.f.3,4.A.1.a.2.f
4.A.1.a.2.f.4,4.A.1.a.2.f
4.A.1.a.2.f.5,4.A.1.a.2.f
4.A.1.a.2.f.6,4.A.1.a.2.f
4.A.1.a.2.f.7,4.A.1.a.2.f
4.A.1.a.2.g,4.A.1.a.2
4.A.1.a.2.g.1,4.A.1.a.2.g
4.A.1.a.2.g.2,4.A.1.a.2.g
4.A.1.a.2.g.3,4.A.1.a.2.g
4.A.1.a.2.g.4,4.A.1.a.2.g
4.A.1.a.2.g.5,4.A.1.a.2.g
4.A.1.a.2.g.6,4.A.1.a.2.g
4.A.1.a.2.g.7,4.A.1.a.2.g
4.A.1.a.2.g.8,4.A.1.a.2.g
4.A.1.a.2.g.9,4.A.1.a.2.g
4.A.1.a.2.g.10,4.A.1.a.2.g
4.A.1.a.2.g.11,4.A.1.a.2.g
4.A.1.a.2.g.12,4.A.1.a.2.g
4.A.1.a.2.g.13,4.A.1.a.2.g
4.A.1.a.2.h,4.A.1.a.2
4.A.1.a.2.h.1,4.A.1.a.2.h
4.A.1.a.2.h.2,4.A.1.a.2.h
4.A.1.a.2.h.3,4.A.1.a.2.h
4.A.1.a.2.h.4,4.A.1.a.2.h
4.A.1.a.2.i,4.A.1.a.2
4.A.1.a.2.i.1,4.A.1.a.2.i
4.A.1.a.2.i.2,4.A.1.a.2.i
4.A.1.a.2.i.3,4.A.1.a.2.i
4.A.1.a.2.i.4,4.A.1.a.2.i
4.A.1.a.2.i.5,4.A.1.a.2.i
4.A.1.a.2.i.6,4.A.1.a.2.i
4.A.1.a.2.j,4.A.1.a.2
4.A.1.a.2.j.1,4.A.1.a.2.j
4.A.1.a.2.j.2,4.A.1.a.2.j
4.A.1.a.2.j.3,4.A.1.a.2.j
4.A.1.a.2.k,4.A.1.a.2
4.A.1.a.2.k.1,4.A.1.a.2.k
4.A.1.a.2.k.2,4.A.1.a.2.k
4.A.1.a.2.k.3,4.A.1.a.2.k
4.A.1.a.2.k.4,4.A.1.a.2.k
4.A.1.a.2.k.5,4.A.1.a.2.k
4.A.1.a.2.k.6,4.A.1.a.2.k
4.A.1.a.2.k.7,4.A.1.a.2.k
4.A.1.a.2.k.8,4.A.1.a.2.k
4.A.1.a.2.k.9,4.A.1.a.2.k
4.A.1.a.2.k.10,4.A.1.a.2.k
4.A.1.a.2.k.11,4.A.1.a.2.k
4.A.1.b,4.A.1
4.A.1.b.1,4.A.1.b
4.A.1.b.1.a,4.A.1.b.1
4.A.1.b.1.a.1,4.A.1.b.1.a
4.A.1.b.1.a.2,4.A.1.b.1.a
4.A.1.b.1.a.3,4.A.1.b.1.a
4.A.1.b.1.a.4,4.A.1.b.1.a
4.A.1.b.1.a.5,4.A.1.b.1.a
4.A.1.b.1.a.6,4.A.1.b.1.a
4.A.1.b.1.b,4.A.1.b.1
4.A.1.b.1.b.1,4.A.1.b.1.b
4.A.1.b.1.b.2,4.A.1.b.1.b
4.A.1.b.1.b.3,4.A.1.b.1.b
4.A.1.b.1.b.4,4.A.1.b.1.b
4.A.1.b.1.b.5,4.A.1.b.1.b
4.A.1.b.1.b.6,4.A.1.b.1.b
4.A.1.b.1.b.7,4.A.1.b.1.b
4.A.1.b.1.b.8,4.A.1.b.1.b
4.A.1.b.2,4.A.1.b
4.A.1.b.2.a,4.A.1.b.2
4.A.1.b.2.a.1,4.A.1.b.2.a
4.A.1.b.2.a.2,4.A.1.b.2.a
4.A.1.b.2.a.3,4.A.1.b.2.a
4.A.1.b.2.a.4,4.A.1.b.2.a
4.A.1.b.2.a.5,4.A.1.b.2.a
4.A.1.b.2.a.6,4.A.1.b.2.a
4.A.1.b.2.a.7,4.A.1.b.2.a
4.A.1.b.2.a.8,4.A.1.b.2.a
4.A.1.b.2.b,4.A.1.b.2
4.A.1.b.2.b.1,4.A.1.b.2.b
4.A.1.b.2.b.2,4.A.1.b.2.b
4.A.1.b.2.c,4.A.1.b.2
4.A.1.b.2.c.1,4.A.1.b.2.c
4.A.1.b.2.c.2,4.A.1.b.2.c
4.A.1.b.2.c.3,4.A.1.b.2.c
4.A.1.b.2.c.4,4.A.1.b.2.c
4.A.1.b.2.c.5,4.A.1.b.2.c
4.A.1.b.2.c.6,4.A.1.b.2.c
4.A.1.b.2.c.7,4.A.1.b.2.c
4.A.1.b.2.d,4.A.1.b.2
4.A.1.b.2.d.1,4.A.1.b.2.d
4.A.1.b.2.d.2,4.A.1.b.2.d
4.A.1.b.2.d.3,4.A.1.b.2.d
4.A.1.b.2.d.4,4.A.1.b.2.d
4.A.1.b.2.d.5,4.A.1.b.2.d
4.A.1.b.2.d.6,4.A.1.b.2.d
4.A.1.b.2.e,4.A.1.b.2
4.A.1.b.2.e.1,4.A.1.b.2.e
4.A.1.b.2.e.2,4.A.1.b.2.e
4.A.1.b.2.e.3,4.A.1.b.2.e
4.A.1.b.2.e.4,4.A.1.b.2.e
4.A.1.b.2.e.5,4.A.1.b.2.e
4.A.1.b.2.e.6,4.A.1.b.2.e
4.A.1.b.2.e.7,4.A.1.b.2.e
4.A.1.b.2.e.8,4.A.1.b.2.e
4.A.1.b.2.e.9,4.A.1.b.2.e
4.A.1.b.2.e.10,4.A.1.b.2.e
4.A.1.b.2.e.11,4.A.1.b.2.e
4.A.1.b.2.e.12,4.A.1.b.2.e
4.A.1.b.2.e.13,4.A.1.b.2.e
4.A.1.b.2.e.14,4.A.1.b.2.e
4.A.1.b.2.e.15,4.A.1.b.2.e
4.A.1.b.2.e.16,4.A.1.b.2.e
4.A.1.b.2.f,4.A.1.b.2
4.A.1.b.2.f.1,4.A.1.b.2.f
4.A.1.b.2.f.2,4.A.1.b.2.f
4.A.1.b.2.f.3,4.A.1.b.2.f
4.A.1.b.2.f.4,4.A.1.b.2.f
4.A.1.b.2.f.5,4.A.1.b.2.f
4.A.1.b.2.f.6,4.A.1.b.2.f
4.A.1.b.2.f.7,4.A.1.b.2.f
4.A.1.b.2.f.8,4.A.1.b.2.f
4.A.1.b.2.f.9,4.A.1.b.2.f
4.A.1.b.2.f.10,4.A.1.b.2.f
4.A.1.b.2.f.11,4.A.1.b.2.f
4.A.1.b.2.f.12,4.A.1.b.2.f
4.A.1.b.2.f.13,4.A.1.b.2.f
4.A.1.b.2.f.14,4.A.1.b.2.f
4.A.1.b.2.f.15,4.A.1.b.2.f
4.A.1.b.2.f.16,4.A.1.b.2.f
4.A.1.b.2.f.17,4.A.1.b.2.f
4.A.1.b.2.f.18,4.A.1.b.2.f
4.A.1.b.2.g,4.A.1.b.2
4.A.1.b.2.g.1,4.A.1.b.2.g
4.A.1.b.2.g.2,4.A.1.b.2.g
4.A.1.b.2.g.3,4.A.1.b.2.g
4.A.1.b.2.g.4,4.A.1.b.2.g
4.A.1.b.2.g.5,4.A.1.b.2.g
4.A.1.b.2.g.6,4.A.1.b.2.g
4.A.1.b.2.g.7,4.A.1.b.2.g
4.A.1.b.2.g.8,4.A.1.b.2.g
4.A.1.b.2.g.9,4.A.1.b.2.g
4.A.1.b.2.g.10,4.A.1.b.2.g
4.A.1.b.2.g.11,4.A.1.b.2.g
4.A.1.b.2.g.12,4.A.1.b.2.g
4.A.1.b.2.g.13,4.A.1.b.2.g
4.A.1.b.2.g.14,4.A.1.b.2.g
4.A.1.b.2.g.15,4.A.1.b.2.g
4.A.1.b.2.g.16,4.A.1.b.2.g
4.A.1.b.2.g.17,4.A.1.b.2.g
4.A.1.b.2.g.18,4.A.1.b.2.g
4.A.1.b.2.g.19,4.A.1.b.2.g
4.A.1.b.2.g.20,4.A.1.b.2.g
4.A.1.b.2.g.21,4.A.1.b.2.g
4.A.1.b.2.h,4.A.1.b.2
4.A.1.b.2.h.1,4.A.1.b.2.h
4.A.1.b.2.h.2,4.A.1.b.2.h
4.A.1.b.2.h.3,4.A.1.b.2.h
4.A.1.b.2.i,4.A.1.b.2
4.A.1.b.2.i.1,4.A.1.b.2.i
4.A.1.b.2.i.2,4.A.1.b.2.i
4.A.1.b.2.i.3,4.A.1.b.2.i
4.A.1.b.2.i.4,4.A.1.b.2.i
4.A.1.b.2.i.5,4.A.1.b.2.i
4.A.1.b.2.j,4.A.1.b.2
4.A.1.b.2.j.1,4.A.1.b.2.j
4.A.1.b.2.j.2,4.A.1.b.2.j
4.A.1.b.2.j.3,4.A.1.b.2.j
4.A.1.b.2.j.4,4.A.1.b.2.j
4.A.1.b.2.j.5,4.A.1.b.2.j
4.A.1.b.2.j.6,4.A.1.b.2.j
4.A.1.b.2.j.7,4.A.1.b.2.j
4.A.1.b.2.j.8,4.A.1.b.2.j
4.A.1.b.2.j.9,4.A.1.b.2.j
4.A.1.b.2.j.10,4.A.1.b.2.j
4.A.1.b.2.k,4.A.1.b.2
4.A.1.b.2.k.1,4.A.1.b.2.k
4.A.1.b.2.k.2,4.A.1.b.2.k
4.A.1.b.2.l,4.A.1.b.2
4.A.1.b.2.l.1,4.A.1.b.2.l
4.A.1.b.2.l.2,4.A.1.b.2.l
4.A.1.b.2.l.3,4.A.1.b.2.l
4.A.1.b.2.l.4,4.A.1.b.2.l
4.A.1.b.2.l.5,4.A.1.b.2.l
4.A.1.b.2.l.6,4.A.1.b.2.l
4.A.1.b.2.l.7,4.A.1.b.2.l
4.A.1.b.2.l.8,4.A.1.b.2.l
4.A.1.b.2.l.9,4.A.1.b.2.l
4.A.1.b.3,4.A.1.b
4.A.1.b.3.a,4.A.1.b.3
4.A.1.b.3.a.1,4.A.1.b.3.a
4.A.1.b.3.a.2,4.A.1.b.3.a
4.A.1.b.3.a.3,4.A.1.b.3.a
4.A.1.b.3.a.4,4.A.1.b.3.a
4.A.1.b.3.a.5,4.A.1.b.3.a
4.A.1.b.3.a.6,4.A.1.b.3.a
4.A.1.b.3.a.7,4.A.1.b.3.a
4.A.1.b.3.a.8,4.A.1.b.3.a
4.A.1.b.3.a.9,4.A.1.b.3.a
4.A.1.b.3.a.10,4.A.1.b.3.a
4.A.1.b.3.a.11,4.A.1.b.3.a
4.A.1.b.3.a.12,4.A.1.b.3.a
4.A.1.b.3.a.13,4.A.1.b.3.a
4.A.1.b.3.a.14,4.A.1.b.3.a
4.A.1.b.3.a.15,4.A.1.b.3.a
4.A.1.b.3.a.16,4.A.1.b.3.a
4.A.1.b.3.a.17,4.A.1.b.3.a
4.A.1.b.3.b,4.A.1.b.3
4.A.1.b.3.b.1,4.A.1.b.3.b
4.A.1.b.3.b.2,4.A.1.b.3.b
4.A.1.b.3.b.3,4.A.1.b.3.b
4.A.1.b.3.b.4,4.A.1.b.3.b
4.A.1.b.3.b.5,4.A.1.b.3.b
4.A.1.b.3.b.6,4.A.1.b.3.b
4.A.1.b.3.b.7,4.A.1.b.3.b
4.A.1.b.3.c,4.A.1.b.3
4.A.1.b.3.c.1,4.A.1.b.3.c
4.A.1.b.3.c.2,4.A.1.b.3.c
4.A.1.b.3.c.3,4.A.1.b.3.c
4.A.1.b.3.c.4,4.A.1.b.3.c
4.A.1.b.3.d,4.A.1.b.3
4.A.1.b.3.d.1,4.A.1.b.3.d
4.A.1.b.3.d.2,4.A.1.b.3.d
4.A.1.b.3.d.3,4.A.1.b.3.d
4.A.1.b.3.d.4,4.A.1.b.3.d
4.A.1.b.3.d.5,4.A.1.b.3.d
4.A.1.b.3.e,4.A.1.b.3
4.A.1.b.3.e.1,4.A.1.b.3.e
4.A.2,4.A
4.A.2.a,4.A.2
4.A.2.a.1,4.A.2.a
4.A.2.a.1.a,4.A.2.a.1
4.A.2.a.1.a.1,4.A.2.a.1.a
4.A.2.a.1.a.2,4.A.2.a.1.a
4.A.2.a.1.a.3,4.A.2.a.1.a
4.A.2.a.1.a.4,4.A.2.a.1.a
4.A.2.a.1.b,4.A.2.a.1
4.A.2.a.1.b.1,4.A.2.a.1.b
4.A.2.a.1.b.2,4.A.2.a.1.b
4.A.2.a.1.b.3,4.A.2.a.1.b
4.A.2.a.1.b.4,4.A.2.a.1.b
4.A.2.a.1.b.5,4.A.2.a.1.b
4.A.2.a.1.b.6,4.A.2.a.1.b
4.A.2.a.1.b.7,4.A.2.a.1.b
4.A.2.a.1.c,4.A.2.a.1
4.A.2.a.1.c.1,4.A.2.a.1.c
4.A.2.a.1.c.2,4.A.2.a.1.c
4.A.2.a.1.c.3,4.A.2.a.1.c
4.A.2.a.1.c.4,4.A.2.a.1.c
4.A.2.a.1.d,4.A.2.a.1
4.A.2.a.1.d.1,4.A.2.a.1.d
4.A.2.a.1.d.2,4.A.2.a.1.d
4.A.2.a.1.d.3,4.A.2.a.1.d
4.A.2.a.1.d.4,4.A.2.a.1.d
4.A.2.a.1.d.5,4.A.2.a.1.d
4.A.2.a.1.d.6,4.A.2.a.1.d
4.A.2.a.1.e,4.A.2.a.1
4.A.2.a.1.e.1,4.A.2.a.1.e
4.A.2.a.1.e.2,4.A.2.a.1.e
4.A.2.a.1.e.3,4.A.2.a.1.e
4.A.2.a.1.e.4,4.A.2.a.1.e
4.A.2.a.1.f,4.A.2.a.1
4.A.2.a.1.f.1,4.A.2.a.1.f
4.A.2.a.1.f.2,4.A.2.a.1.f
4.A.2.a.1.f.3,4.A.2.a.1.f
4.A.2.a.1.f.4,4.A.2.a.1.f
4.A.2.a.1.f.5,4.A.2.a.1.f
4.A.2.a.1.g,4.A.2.a.1
4.A.2.a.1.g.1,4.A.2.a.1.g
4.A.2.a.1.g.2,4.A.2.a.1.g
4.A.2.a.1.g.3,4.A.2.a.1.g
4.A.2.a.1.g.4,4.A.2.a.1.g
4.A.2.a.1.g.5,4.A.2.a.1.g
4.A.2.a.1.g.6,4.A.2.a.1.g
4.A.2.a.1.g.7,4.A.2.a.1.g
4.A.2.a.1.g.8,4.A.2.a.1.g
4.A.2.a.1.g.9,4.A.2.a.1.g
4.A.2.a.1.h,4.A.2.a.1
4.A.2.a.1.h.1,4.A.2.a.1.h
4.A.2.a.1.i,4.A.2.a.1
4.A.2.a.1.i.1,4.A.2.a.1.i
4.A.2.a.1.i.2,4.A.2.a.1.i
4.A.2.a.1.i.3,4.A.2.a.1.i
4.A.2.a.1.j,4.A.2.a.1
4.A.2.a.1.j.1,4.A.2.a.1.j
4.A.2.a.1.j.2,4.A.2.a.1.j
4.A.2.a.2,4.A.2.a
4.A.2.a.2.a,4.A.2.a.2
4.A.2.a.2.a.1,4.A.2.a.2.a
4.A.2.a.2.a.2,4.A.2.a.2.a
4.A.2.a.2.a.3,4.A.2.a.2.a
4.A.2.a.2.a.4,4.A.2.a.2.a
4.A.2.a.2.a.5,4.A.2.a.2.a
4.A.2.a.2.a.6,4.A.2.a.2.a
4.A.2.a.2.a.7,4.A.2.a.2.a
4.A.2.a.2.a.8,4.A.2.a.2.a
4.A.2.a.2.a.9,4.A.2.a.2.a
4.A.2.a.2.a.10,4.A.2.a.2.a
4.A.2.a.2.a.11,4.A.2.a.2.a
4.A.2.a.2.b,4.A.2.a.2
4.A.2.a.2.b.1,4.A.2.a.2.b
4.A.2.a.2.b.2,4.A.2.a.2.b
4.A.2.a.2.b.3,4.A.2.a.2.b
4.A.2.a.2.b.4,4.A.2.a.2.b
4.A.2.a.2.b.5,4.A.2.a.2.b
4.A.2.a.2.b.6,4.A.2.a.2.b
4.A.2.a.2.c,4.A.2.a.2
4.A.2.a.2.c.1,4.A.2.a.2.c
4.A.2.a.2.c.2,4.A.2.a.2.c
4.A.2.a.2.c.3,4.A.2.a.2.c
4.A.2.a.2.c.4,4.A.2.a.2.c
4.A.2.a.2.c.5,4.A.2.a.2.c
4.A.2.a.2.c.6,4.A.2.a.2.c
4.A.2.a.2.d,4.A.2.a.2
4.A.2.a.2.d.1,4.A.2.a.2.d
4.A.2.a.2.d.2,4.A.2.a.2.d
4.A.2.a.2.d.3,4.A.2.a.2.d
4.A.2.a.2.e,4.A.2.a.2
4.A.2.a.2.e.1,4.A.2.a.2.e
4.A.2.a.2.e.2,4.A.2.a.2.e
4.A.2.a.2.e.3,4.A.2.a.2.e
4.A.2.a.2.e.4,4.A.2.a.2.e
4.A.2.a.2.e.5,4.A.2.a.2.e
4.A.2.a.3,4.A.2.a
4.A.2.a.3.a,4.A.2.a.3
4.A.2.a.3.a.1,4.A.2.a.3.a
4.A.2.a.3.a.2,4.A.2.a.3.a
4.A.2.a.3.a.3,4.A.2.a.3.a
4.A.2.a.3.a.4,4.A.2.a.3.a
4.A.2.a.3.a.5,4.A.2.a.3.a
4.A.2.a.3.a.6,4.A.2.a.3.a
4.A.2.a.3.a.7,4.A.2.a.3.a
4.A.2.a.3.a.8,4.A.2.a.3.a
4.A.2.a.3.a.9,4.A.2.a.3.a
4.A.2.a.3.b,4.A.2.a.3
4.A.2.a.3.b.1,4.A.2.a.3.b
4.A.2.a.3.b.2,4.A.2.a.3.b
4.A.2.a.3.b.3,4.A.2.a.3.b
4.A.2.a.3.b.4,4.A.2.a.3.b
4.A.2.a.3.c,4.A.2.a.3
4.A.2.a.3.c.1,4.A.2.a.3.c
4.A.2.a.3.c.2,4.A.2.a.3.c
4.A.2.a.3.c.3,4.A.2.a.3.c
4.A.2.a.3.c.4,4.A.2.a.3.c
4.A.2.a.3.c.5,4.A.2.a.3.c
4.A.2.a.3.d,4.A.2.a.3
4.A.2.a.3.d.1,4.A.2.a.3.d
4.A.2.a.3.d.2,4.A.2.a.3.d
4.A.2.a.4,4.A.2.a
4.A.2.a.4.a,4.A.2.a.4
4.A.2.a.4.a.1,4.A.2.a.4.a
4.A.2.a.4.a.2,4.A.2.a.4.a
4.A.2.a.4.a.3,4.A.2.a.4.a
4.A.2.a.4.a.4,4.A.2.a.4.a
4.A.2.a.4.a.5,4.A.2.a.4.a
4.A.2.a.4.a.6,4.A.2.a.4.a
4.A.2.a.4.a.7,4.A.2.a.4.a
4.A.2.a.4.b,4.A.2.a.4
4.A.2.a.4.b.1,4.A.2.a.4.b
4.A.2.a.4.b.2,4.A.2.a.4.b
4.A.2.a.4.b.3,4.A.2.a.4.b
4.A.2.a.4.b.4,4.A.2.a.4.b
4.A.2.a.4.b.5,4.A.2.a.4.b
4.A.2.a.4.b.6,4.A.2.a.4.b
4.A.2.a.4.b.7,4.A.2.a.4.b
4.A.2.a.4.b.8,4.A.2.a.4.b
4.A.2.a.4.c,4.A.2.a.4
4.A.2.a.4.c.1,4.A.2.a.4.c
4.A.2.a.4.c.2,4.A.2.a.4.c
4.A.2.a.4.c.3,4.A.2.a.4.c
4.A.2.a.4.d,4.A.2.a.4
4.A.2.a.4.d.1,4.A.2.a.4.d
4.A.2.a.4.d.2,4.A.2.a.4.d
4.A.2.a.4.e,4.A.2.a.4
4.A.2.a.4.e.1,4.A.2.a.4.e
4.A.2.a.4.e.2,4.A.2.a.4.e
4.A.2.a.4.e.3,4.A.2.a.4.e
4.A.2.a.4.e.4,4.A.2.a.4.e
4.A.2.a.4.e.5,4.A.2.a.4.e
4.A.2.a.4.e.6,4.A.2.a.4.e
4.A.2.a.4.e.7,4.A.2.a.4.e
4.A.2.a.4.e.8,4.A.2.a.4.e
4.A.2.a.4.f,4.A.2.a.4
4.A.2.a.4.f.1,4.A.2.a.4.f
4.A.2.a.4.f.2,4.A.2.a.4.f
4.A.2.a.4.f.3,4.A.2.a.4.f
4.A.2.a.4.f.4,4.A.2.a.4.f
4.A.2.a.4.f.5,4.A.2.a.4.f
4.A.2.a.4.f.6,4.A.2.a.4.f
4.A.2.a.4.g,4.A.2.a.4
4.A.2.a.4.g.1,4.A.2.a.4.g
4.A.2.a.4.g.2,4.A.2.a.4.g
4.A.2.a.4.g.3,4.A.2.a.4.g
4.A.2.a.4.g.4,4.A.2.a.4.g
4.A.2.a.4.g.5,4.A.2.a.4.g
4.A.2.a.4.g.6,4.A.2.a.4.g
4.A.2.a.4.g.7,4.A.2.a.4.g
4.A.2.a.4.g.8,4.A.2.a.4.g
4.A.2.a.4.g.9,4.A.2.a.4.g
4.A.2.a.4.g.10,4.A.2.a.4.g
4.A.2.a.4.g.11,4.A.2.a.4.g
4.A.2.a.4.g.12,4.A.2.a.4.g
4.A.2.a.4.g.13,4.A.2.a.4.g
4.A.2.a.4.g.14,4.A.2.a.4.g
4.A.2.a.4.g.15,4.A.2.a.4.g
4.A.2.a.4.g.16,4.A.2.a.4.g
4.A.2.a.4.g.17,4.A.2.a.4.g
4.A.2.a.4.h,4.A.2.a.4
4.A.2.a.4.h.1,4.A.2.a.4.h
4.A.2.a.4.i,4.A.2.a.4
4.A.2.a.4.i.1,4.A.2.a.4.i
4.A.2.a.4.i.2,4.A.2.a.4.i
4.A.2.a.4.i.3,4.A.2.a.4.i
4.A.2.a.4.i.4,4.A.2.a.4.i
4.A.2.a.4.j,4.A.2.a.4
4.A.2.a.4.j.1,4.A.2.a.4.j
4.A.2.a.4.j.2,4.A.2.a.4.j
4.A.2.a.4.j.3,4.A.2.a.4.j
4.A.2.a.4.j.4,4.A.2.a.4.j
4.A.2.a.4.j.5,4.A.2.a.4.j
4.A.2.a.4.j.6,4.A.2.a.4.j
4.A.2.a.4.k,4.A.2.a.4
4.A.2.a.4.k.1,4.A.2.a.4.k
4.A.2.a.4.k.2,4.A.2.a.4.k
4.A.2.a.4.k.3,4.A.2.a.4.k
4.A.2.a.4.k.4,4.A.2.a.4.k
4.A.2.a.4.k.5,4.A.2.a.4.k
4.A.2.a.4.k.6,4.A.2.a.4.k
4.A.2.a.4.k.7,4.A.2.a.4.k
4.A.2.a.4.l,4.A.2.a.4
4.A.2.a.4.l.1,4.A.2.a.4.l
4.A.2.a.4.l.2,4.A.2.a.4.l
4.A.2.a.4.l.3,4.A.2.a.4.l
4.A.2.a.4.l.4,4.A.2.a.4.l
4.A.2.a.4.l.5,4.A.2.a.4.l
4.A.2.b,4.A.2
4.A.2.b.1,4.A.2.b
4.A.2.b.1.a,4.A.2.b.1
4.A.2.b.1.a.1,4.A.2.b.1.a
4.A.2.b.1.a.2,4.A.2.b.1.a
4.A.2.b.1.a.3,4.A.2.b.1.a
4.A.2.b.1.a.4,4.A.2.b.1.a
4.A.2.b.1.a.5,4.A.2.b.1.a
4.A.2.b.1.a.6,4.A.2.b.1.a
4.A.2.b.1.a.7,4.A.2.b.1.a
4.A.2.b.1.b,4.A.2.b.1
4.A.2.b.1.b.1,4.A.2.b.1.b
4.A.2.b.1.b.2,4.A.2.b.1.b
4.A.2.b.1.b.3,4.A.2.b.1.b
4.A.2.b.1.c,4.A.2.b.1
4.A.2.b.1.c.1,4.A.2.b.1.c
4.A.2.b.1.c.2,4.A.2.b.1.c
4.A.2.b.1.c.3,4.A.2.b.1.c
4.A.2.b.1.c.4,4.A.2.b.1.c
4.A.2.b.1.d,4.A.2.b.1
4.A.2.b.1.d.1,4.A.2.b.1.d
4.A.2.b.1.d.2,4.A.2.b.1.d
4.A.2.b.1.d.3,4.A.2.b.1.d
4.A.2.b.1.d.4,4.A.2.b.1.d
4.A.2.b.1.d.5,4.A.2.b.1.d
4.A.2.b.1.d.6,4.A.2.b.1.d
4.A.2.b.1.d.7,4.A.2.b.1.d
4.A.2.b.1.d.8,4.A.2.b.1.d
4.A.2.b.1.d.9,4.A.2.b.1.d
4.A.2.b.1.d.10,4.A.2.b.1.d
4.A.2.b.1.d.11,4.A.2.b.1.d
4.A.2.b.1.d.12,4.A.2.b.1.d
4.A.2.b.1.d.13,4.A.2.b.1.d
4.A.2.b.1.e,4.A.2.b.1
4.A.2.b.1.e.1,4.A.2.b.1.e
4.A.2.b.1.e.2,4.A.2.b.1.e
4.A.2.b.1.f,4.A.2.b.1
4.A.2.b.1.f.1,4.A.2.b.1.f
4.A.2.b.1.f.2,4.A.2.b.1.f
4.A.2.b.1.f.3,4.A.2.b.1.f
4.A.2.b.1.g,4.A.2.b.1
4.A.2.b.1.g.1,4.A.2.b.1.g
4.A.2.b.1.g.2,4.A.2.b.1.g
4.A.2.b.1.h,4.A.2.b.1
4.A.2.b.1.h.1,4.A.2.b.1.h
4.A.2.b.1.h.2,4.A.2.b.1.h
4.A.2.b.1.h.3,4.A.2.b.1.h
4.A.2.b.1.h.4,4.A.2.b.1.h
4.A.2.b.1.h.5,4.A.2.b.1.h
4.A.2.b.1.h.6,4.A.2.b.1.h
4.A.2.b.1.h.7,4.A.2.b.1.h
4.A.2.b.1.h.8,4.A.2.b.1.h
4.A.2.b.1.h.9,4.A.2.b.1.h
4.A.2.b.1.h.10,4.A.2.b.1.h
4.A.2.b.1.h.11,4.A.2.b.1.h
4.A.2.b.1.h.12,4.A.2.b.1.h
4.A.2.b.1.h.13,4.A.2.b.1.h
4.A.2.b.1.h.14,4.A.2.b.1.h
4.A.2.b.1.i,4.A.2.b.1
4.A.2.b.1.i.1,4.A.2.b.1.i
4.A.2.b.1.i.2,4.A.2.b.1.i
4.A.2.b.1.i.3,4.A.2.b.1.i
4.A.2.b.1.i.4,4.A.2.b.1.i
4.A.2.b.1.i.5,4.A.2.b.1.i
4.A.2.b.1.i.6,4.A.2.b.1.i
4.A.2.b.1.j,4.A.2.b.1
4.A.2.b.1.j.1,4.A.2.b.1.j
4.A.2.b.1.j.2,4.A.2.b.1.j
4.A.2.b.1.j.3,4.A.2.b.1.j
4.A.2.b.1.j.4,4.A.2.b.1.j
4.A.2.b.1.j.5,4.A.2.b.1.j
4.A.2.b.1.j.6,4.A.2.b.1.j
4.A.2.b.1.j.7,4.A.2.b.1.j
4.A.2.b.1.j.8,4.A.2.b.1.j
4.A.2.b.1.j.9,4.A.2.b.1.j
4.A.2.b.1.j.10,4.A.2.b.1.j
4.A.2.b.1.j.11,4.A.2.b.1.j
4.A.2.b.1.k,4.A.2.b.1
4.A.2.b.1.k.1,4.A.2.b.1.k
4.A.2.b.1.k.2,4.A.2.b.1.k
4.A.2.b.2,4.A.2.b
4.A.2.b.2.a,4.A.2.b.2
4.A.2.b.2.a.1,4.A.2.b.2.a
4.A.2.b.2.a.2,4.A.2.b.2.a
4.A.2.b.2.a.3,4.A.2.b.2.a
4.A.2.b.2.a.4,4.A.2.b.2.a
4.A.2.b.2.a.5,4.A.2.b.2.a
4.A.2.b.2.a.6,4.A.2.b.2.a
4.A.2.b.2.a.7,4.A.2.b.2.a
4.A.2.b.2.b,4.A.2.b.2
4.A.2.b.2.b.1,4.A.2.b.2.b
4.A.2.b.2.b.2,4.A.2.b.2.b
4.A.2.b.2.b.3,4.A.2.b.2.b
4.A.2.b.2.b.4,4.A.2.b.2.b
4.A.2.b.2.b.5,4.A.2.b.2.b
4.A.2.b.2.b.6,4.A.2.b.2.b
4.A.2.b.2.b.7,4.A.2.b.2.b
4.A.2.b.2.b.8,4.A.2.b.2.b
4.A.2.b.2.b.9,4.A.2.b.2.b
4.A.2.b.2.b.10,4.A.2.b.2.b
4.A.2.b.2.b.11,4.A.2.b.2.b
4.A.2.b.2.b.12,4.A.2.b.2.b
4.A.2.b.2.c,4.A.2.b.2
4.A.2.b.2.c.1,4.A.2.b.2.c
4.A.2.b.2.c.2,4.A.2.b.2.c
4.A.2.b.2.c.3,4.A.2.b.2.c
4.A.2.b.2.c.4,4.A.2.b.2.c
4.A.2.b.2.c.5,4.A.2.b.2.c
4.A.2.b.2.d,4.A.2.b.2
4.A.2.b.2.d.1,4.A.2.b.2.d
4.A.2.b.2.d.2,4.A.2.b.2.d
4.A.2.b.2.e,4.A.2.b.2
4.A.2.b.2.e.1,4.A.2.b.2.e
4.A.2.b.2.e.2,4.A.2.b.2.e
4.A.2.b.2.e.3,4.A.2.b.2.e
4.A.2.b.2.e.4,4.A.2.b.2.e
4.A.2.b.2.f,4.A.2.b.2
4.A.2.b.2.f.1,4.A.2.b.2.f
4.A.2.b.2.f.2,4.A.2.b.2.f
4.A.2.b.2.f.3,4.A.2.b.2.f
4.A.2.b.2.f.4,4.A.2.b.2.f
4.A.2.b.2.g,4.A.2.b.2
4.A.2.b.2.g.1,4.A.2.b.2.g
4.A.2.b.2.g.2,4.A.2.b.2.g
4.A.2.b.2.g.3,4.A.2.b.2.g
4.A.2.b.2.g.4,4.A.2.b.2.g
4.A.2.b.2.h,4.A.2.b.2
4.A.2.b.2.h.1,4.A.2.b.2.h
4.A.2.b.2.h.2,4.A.2.b.2.h
4.A.2.b.2.i,4.A.2.b.2
4.A.2.b.2.i.1,4.A.2.b.2.i
4.A.2.b.2.i.2,4.A.2.b.2.i
4.A.2.b.2.j,4.A.2.b.2
4.A.2.b.2.j.1,4.A.2.b.2.j
4.A.2.b.2.j.2,4.A.2.b.2.j
4.A.2.b.2.j.3,4.A.2.b.2.j
4.A.2.b.2.k,4.A.2.b.2
4.A.2.b.2.k.1,4.A.2.b.2.k
4.A.2.b.2.k.2,4.A.2.b.2.k
4.A.2.b.2.k.3,4.A.2.b.2.k
4.A.2.b.2.k.4,4.A.2.b.2.k
4.A.2.b.2.l,4.A.2.b.2
4.A.2.b.2.l.1,4.A.2.b.2.l
4.A.2.b.2.l.2,4.A.2.b.2.l
4.A.2.b.2.l.3,4.A.2.b.2.l
4.A.2.b.2.l.4,4.A.2.b.2.l
4.A.2.b.2.l.5,4.A.2.b.2.l
4.A.2.b.2.l.6,4.A.2.b.2.l
4.A.2.b.2.l.7,4.A.2.b.2.l
4.A.2.b.2.l.8,4.A.2.b.2.l
4.A.2.b.2.l.9,4.A.2.b.2.l
4.A.2.b.2.l.10,4.A.2.b.2.l
4.A.2.b.2.l.11,4.A.2.b.2.l
4.A.2.b.2.m,4.A.2.b.2
4.A.2.b.2.m.1,4.A.2.b.2.m
4.A.2.b.2.m.2,4.A.2.b.2.m
4.A.2.b.2.m.3,4.A.2.b.2.m
4.A.2.b.2.m.4,4.A.2.b.2.m
4.A.2.b.2.m.5,4.A.2.b.2.m
4.A.2.b.2.m.6,4.A.2.b.2.m
4.A.2.b.2.m.7,4.A.2.b.2.m
4.A.2.b.2.m.8,4.A.2.b.2.m
4.A.2.b.2.n,4.A.2.b.2
4.A.2.b.2.n.1,4.A.2.b.2.n
4.A.2.b.2.n.2,4.A.2.b.2.n
4.A.2.b.2.n.3,4.A.2.b.2.n
4.A.2.b.2.o,4.A.2.b.2
4.A.2.b.2.o.1,4.A.2.b.2.o
4.A.2.b.2.o.2,4.A.2.b.2.o
4.A.2.b.2.o.3,4.A.2.b.2.o
4.A.2.b.2.o.4,4.A.2.b.2.o
4.A.2.b.2.o.5,4.A.2.b.2.o
4.A.2.b.2.o.6,4.A.2.b.2.o
4.A.2.b.2.o.7,4.A.2.b.2.o
4.A.2.b.2.o.8,4.A.2.b.2.o
4.A.2.b.2.o.9,4.A.2.b.2.o
4.A.2.b.2.o.10,4.A.2.b.2.o
4.A.2.b.2.o.11,4.A.2.b.2.o
4.A.2.b.2.o.12,4.A.2.b.2.o
4.A.2.b.2.o.13,4.A.2.b.2.o
4.A.2.b.2.o.14,4.A.2.b.2.o
4.A.2.b.2.o.15,4.A.2.b.2.o
4.A.2.b.2.o.16,4.A.2.b.2.o
4.A.2.b.2.o.17,4.A.2.b.2.o
4.A.2.b.2.o.18,4.A.2.b.2.o
4.A.2.b.2.o.19,4.A.2.b.2.o
4.A.2.b.2.o.20,4.A.2.b.2.o
4.A.2.b.2.o.21,4.A.2.b.2.o
4.A.2.b.2.p,4.A.2.b.2
4.A.2.b.2.p.1,4.A.2.b.2.p
4.A.2.b.2.p.2,4.A.2.b.2.p
4.A.2.b.2.p.3,4.A.2.b.2.p
4.A.2.b.2.p.4,4.A.2.b.2.p
4.A.2.b.2.q,4.A.2.b.2
4.A.2.b.2.q.1,4.A.2.b.2.q
4.A.2.b.2.q.2,4.A.2.b.2.q
4.A.2.b.2.q.3,4.A.2.b.2.q
4.A.2.b.2.q.4,4.A.2.b.2.q
4.A.2.b.2.q.5,4.A.2.b.2.q
4.A.2.b.2.r,4.A.2.b.2
4.A.2.b.2.r.1,4.A.2.b.2.r
4.A.2.b.2.r.2,4.A.2.b.2.r
4.A.2.b.2.s,4.A.2.b.2
4.A.2.b.2.s.1,4.A.2.b.2.s
4.A.2.b.2.s.2,4.A.2.b.2.s
4.A.2.b.2.s.3,4.A.2.b.2.s
4.A.2.b.2.s.4,4.A.2.b.2.s
4.A.2.b.2.s.5,4.A.2.b.2.s
4.A.2.b.2.s.6,4.A.2.b.2.s
4.A.2.b.2.s.7,4.A.2.b.2.s
4.A.2.b.2.s.8,4.A.2.b.2.s
4.A.2.b.2.t,4.A.2.b.2
4.A.2.b.2.t.1,4.A.2.b.2.t
4.A.2.b.2.t.2,4.A.2.b.2.t
4.A.2.b.2.t.3,4.A.2.b.2.t
4.A.2.b.2.t.4,4.A.2.b.2.t
4.A.2.b.2.t.5,4.A.2.b.2.t
4.A.2.b.2.u,4.A.2.b.2
4.A.2.b.2.u.1,4.A.2.b.2.u
4.A.2.b.2.u.2,4.A.2.b.2.u
4.A.2.b.2.u.3,4.A.2.b.2.u
4.A.2.b.2.u.4,4.A.2.b.2.u
4.A.2.b.2.v,4.A.2.b.2
4.A.2.b.2.v.1,4.A.2.b.2.v
4.A.2.b.2.v.2,4.A.2.b.2.v
4.A.2.b.2.v.3,4.A.2.b.2.v
4.A.2.b.3,4.A.2.b
4.A.2.b.3.a,4.A.2.b.3
4.A.2.b.3.a.1,4.A.2.b.3.a
4.A.2.b.3.a.2,4.A.2.b.3.a
4.A.2.b.3.a.3,4.A.2.b.3.a
4.A.2.b.3.a.4,4.A.2.b.3.a
4.A.2.b.3.a.5,4.A.2.b.3.a
4.A.2.b.3.a.6,4.A.2.b.3.a
4.A.2.b.3.a.7,4.A.2.b.3.a
4.A.2.b.3.a.8,4.A.2.b.3.a
4.A.2.b.3.a.9,4.A.2.b.3.a
4.A.2.b.3.a.10,4.A.2.b.3.a
4.A.2.b.3.a.11,4.A.2.b.3.a
4.A.2.b.3.a.12,4.A.2.b.3.a
4.A.2.b.3.a.13,4.A.2.b.3.a
4.A.2.b.3.a.14,4.A.2.b.3.a
4.A.2.b.3.a.15,4.A.2.b.3.a
4.A.2.b.3.a.16,4.A.2.b.3.a
4.A.2.b.3.a.17,4.A.2.b.3.a
4.A.2.b.3.a.18,4.A.2.b.3.a
4.A.2.b.3.a.19,4.A.2.b.3.a
4.A.2.b.3.a.20,4.A.2.b.3.a
4.A.2.b.3.a.21,4.A.2.b.3.a
4.A.2.b.3.a.22,4.A.2.b.3.a
4.A.2.b.3.a.23,4.A.2.b.3.a
4.A.2.b.4,4.A.2.b
4.A.2.b.4.a,4.A.2.b.4
4.A.2.b.4.a.1,4.A.2.b.4.a
4.A.2.b.4.a.2,4.A.2.b.4.a
4.A.2.b.4.a.3,4.A.2.b.4.a
4.A.2.b.4.a.4,4.A.2.b.4.a
4.A.2.b.4.a.5,4.A.2.b.4.a
4.A.2.b.4.a.6,4.A.2.b.4.a
4.A.2.b.4.b,4.A.2.b.4
4.A.2.b.4.b.1,4.A.2.b.4.b
4.A.2.b.5,4.A.2.b
4.A.2.b.5.a,4.A.2.b.5
4.A.2.b.5.a.1,4.A.2.b.5.a
4.A.2.b.5.a.2,4.A.2.b.5.a
4.A.2.b.5.a.3,4.A.2.b.5.a
4.A.2.b.5.a.4,4.A.2.b.5.a
4.A.2.b.5.b,4.A.2.b.5
4.A.2.b.5.b.1,4.A.2.b.5.b
4.A.2.b.5.b.2,4.A.2.b.5.b
4.A.2.b.5.b.3,4.A.2.b.5.b
4.A.2.b.5.b.4,4.A.2.b.5.b
4.A.2.b.5.b.5,4.A.2.b.5.b
4.A.2.b.5.b.6,4.A.2.b.5.b
4.A.2.b.5.b.7,4.A.2.b.5.b
4.A.2.b.5.c,4.A.2.b.5
4.A.2.b.5.c.1,4.A.2.b.5.c
4.A.2.b.5.c.2,4.A.2.b.5.c
4.A.2.b.5.c.3,4.A.2.b.5.c
4.A.2.b.6,4.A.2.b
4.A.2.b.6.a,4.A.2.b.6
4.A.2.b.6.a.1,4.A.2.b.6.a
4.A.2.b.6.a.2,4.A.2.b.6.a
4.A.2.b.6.a.3,4.A.2.b.6.a
4.A.2.b.6.a.4,4.A.2.b.6.a
4.A.2.b.6.b,4.A.2.b.6
4.A.2.b.6.b.1,4.A.2.b.6.b
4.A.2.b.6.b.2,4.A.2.b.6.b
4.A.2.b.6.b.3,4.A.2.b.6.b
4.A.2.b.6.b.4,4.A.2.b.6.b
4.A.2.b.6.b.5,4.A.2.b.6.b
4.A.2.b.6.b.6,4.A.2.b.6.b
4.A.2.b.6.b.7,4.A.2.b.6.b
4.A.2.b.6.b.8,4.A.2.b.6.b
4.A.2.b.6.b.9,4.A.2.b.6.b
4.A.3,4.A
4.A.3.a,4.A.3
4.A.3.a.1,4.A.3.a
4.A.3.a.1.a,4.A.3.a.1
4.A.3.a.1.a.1,4.A.3.a.1.a
4.A.3.a.1.a.2,4.A.3.a.1.a
4.A.3.a.1.a.3,4.A.3.a.1.a
4.A.3.a.1.a.4,4.A.3.a.1.a
4.A.3.a.1.a.5,4.A.3.a.1.a
4.A.3.a.1.a.6,4.A.3.a.1.a
4.A.3.a.1.a.7,4.A.3.a.1.a
4.A.3.a.1.a.8,4.A.3.a.1.a
4.A.3.a.1.b,4.A.3.a.1
4.A.3.a.1.b.1,4.A.3.a.1.b
4.A.3.a.1.b.2,4.A.3.a.1.b
4.A.3.a.1.b.3,4.A.3.a.1.b
4.A.3.a.1.c,4.A.3.a.1
4.A.3.a.1.c.1,4.A.3.a.1.c
4.A.3.a.1.c.2,4.A.3.a.1.c
4.A.3.a.1.c.3,4.A.3.a.1.c
4.A.3.a.1.c.4,4.A.3.a.1.c
4.A.3.a.1.c.5,4.A.3.a.1.c
4.A.3.a.1.c.6,4.A.3.a.1.c
4.A.3.a.1.c.7,4.A.3.a.1.c
4.A.3.a.1.c.8,4.A.3.a.1.c
4.A.3.a.1.c.9,4.A.3.a.1.c
4.A.3.a.1.c.10,4.A.3.a.1.c
4.A.3.a.1.c.11,4.A.3.a.1.c
4.A.3.a.1.c.12,4.A.3.a.1.c
4.A.3.a.1.c.13,4.A.3.a.1.c
4.A.3.a.1.c.14,4.A.3.a.1.c
4.A.3.a.1.c.15,4.A.3.a.1.c
4.A.3.a.1.c.16,4.A.3.a.1.c
4.A.3.a.1.c.17,4.A.3.a.1.c
4.A.3.a.1.c.18,4.A.3.a.1.c
4.A.3.a.1.c.19,4.A.3.a.1.c
4.A.3.a.1.c.20,4.A.3.a.1.c
4.A.3.a.1.c.21,4.A.3.a.1.c
4.A.3.a.1.c.22,4.A.3.a.1.c
4.A.3.a.1.c.23,4.A.3.a.1.c
4.A.3.a.1.c.24,4.A.3.a.1.c
4.A.3.a.1.d,4.A.3.a.1
4.A.3.a.1.d.1,4.A.3.a.1.d
4.A.3.a.1.d.2,4.A.3.a.1.d
4.A.3.a.1.e,4.A.3.a.1
4.A.3.a.1.e.1,4.A.3.a.1.e
4.A.3.a.1.e.2,4.A.3.a.1.e
4.A.3.a.1.e.3,4.A.3.a.1.e
4.A.3.a.1.e.4,4.A.3.a.1.e
4.A.3.a.1.e.5,4.A.3.a.1.e
4.A.3.a.1.e.6,4.A.3.a.1.e
4.A.3.a.1.e.7,4.A.3.a.1.e
4.A.3.a.1.e.8,4.A.3.a.1.e
4.A.3.a.1.e.9,4.A.3.a.1.e
4.A.3.a.1.f,4.A.3.a.1
4.A.3.a.1.f.1,4.A.3.a.1.f
4.A.3.a.1.f.2,4.A.3.a.1.f
4.A.3.a.1.f.3,4.A.3.a.1.f
4.A.3.a.1.f.4,4.A.3.a.1.f
4.A.3.a.1.f.5,4.A.3.a.1.f
4.A.3.a.1.f.6,4.A.3.a.1.f
4.A.3.a.1.f.7,4.A.3.a.1.f
4.A.3.a.1.f.8,4.A.3.a.1.f
4.A.3.a.1.f.9,4.A.3.a.1.f
4.A.3.a.1.f.10,4.A.3.a.1.f
4.A.3.a.1.f.11,4.A.3.a.1.f
4.A.3.a.1.f.12,4.A.3.a.1.f
4.A.3.a.1.g,4.A.3.a.1
4.A.3.a.1.g.1,4.A.3.a.1.g
4.A.3.a.1.g.2,4.A.3.a.1.g
4.A.3.a.1.g.3,4.A.3.a.1.g
4.A.3.a.1.g.4,4.A.3.a.1.g
4.A.3.a.1.g.5,4.A.3.a.1.g
4.A.3.a.1.g.6,4.A.3.a.1.g
4.A.3.a.1.g.7,4.A.3.a.1.g
4.A.3.a.1.g.8,4.A.3.a.1.g
4.A.3.a.1.g.9,4.A.3.a.1.g
4.A.3.a.1.g.10,4.A.3.a.1.g
4.A.3.a.1.h,4.A.3.a.1
4.A.3.a.1.h.1,4.A.3.a.1.h
4.A.3.a.1.h.2,4.A.3.a.1.h
4.A.3.a.1.h.3,4.A.3.a.1.h
4.A.3.a.1.h.4,4.A.3.a.1.h
4.A.3.a.1.h.5,4.A.3.a.1.h
4.A.3.a.1.h.6,4.A.3.a.1.h
4.A.3.a.1.h.7,4.A.3.a.1.h
4.A.3.a.1.i,4.A.3.a.1
4.A.3.a.1.i.1,4.A.3.a.1.i
4.A.3.a.1.i.2,4.A.3.a.1.i
4.A.3.a.1.i.3,4.A.3.a.1.i
4.A.3.a.1.j,4.A.3.a.1
4.A.3.a.1.j.1,4.A.3.a.1.j
4.A.3.a.1.j.2,4.A.3.a.1.j
4.A.3.a.1.j.3,4.A.3.a.1.j
4.A.3.a.1.j.4,4.A.3.a.1.j
4.A.3.a.1.j.5,4.A.3.a.1.j
4.A.3.a.1.j.6,4.A.3.a.1.j
4.A.3.a.1.j.7,4.A.3.a.1.j
4.A.3.a.1.j.8,4.A.3.a.1.j
4.A.3.a.1.j.9,4.A.3.a.1.j
4.A.3.a.1.j.10,4.A.3.a.1.j
4.A.3.a.1.j.11,4.A.3.a.1.j
4.A.3.a.1.k,4.A.3.a.1
4.A.3.a.1.k.1,4.A.3.a.1.k
4.A.3.a.1.k.2,4.A.3.a.1.k
4.A.3.a.1.k.3,4.A.3.a.1.k
4.A.3.a.1.k.4,4.A.3.a.1.k
4.A.3.a.1.k.5,4.A.3.a.1.k
4.A.3.a.1.k.6,4.A.3.a.1.k
4.A.3.a.1.k.7,4.A.3.a.1.k
4.A.3.a.1.k.8,4.A.3.a.1.k
4.A.3.a.1.k.9,4.A.3.a.1.k
4.A.3.a.1.k.10,4.A.3.a.1.k
4.A.3.a.1.k.11,4.A.3.a.1.k
4.A.3.a.1.k.12,4.A.3.a.1.k
4.A.3.a.1.k.13,4.A.3.a.1.k
4.A.3.a.1.l,4.A.3.a.1
4.A.3.a.1.l.1,4.A.3.a.1.l
4.A.3.a.1.l.2,4.A.3.a.1.l
4.A.3.a.1.l.3,4.A.3.a.1.l
4.A.3.a.1.l.4,4.A.3.a.1.l
4.A.3.a.1.l.5,4.A.3.a.1.l
4.A.3.a.1.l.6,4.A.3.a.1.l
4.A.3.a.1.m,4.A.3.a.1
4.A.3.a.1.m.1,4.A.3.a.1.m
4.A.3.a.1.m.2,4.A.3.a.1.m
4.A.3.a.1.n,4.A.3.a.1
4.A.3.a.1.n.1,4.A.3.a.1.n
4.A.3.a.1.n.2,4.A.3.a.1.n
4.A.3.a.1.o,4.A.3.a.1
4.A.3.a.1.o.1,4.A.3.a.1.o
4.A.3.a.1.o.2,4.A.3.a.1.o
4.A.3.a.1.o.3,4.A.3.a.1.o
4.A.3.a.1.p,4.A.3.a.1
4.A.3.a.1.p.1,4.A.3.a.1.p
4.A.3.a.1.p.2,4.A.3.a.1.p
4.A.3.a.1.p.3,4.A.3.a.1.p
4.A.3.a.1.q,4.A.3.a.1
4.A.3.a.1.q.1,4.A.3.a.1.q
4.A.3.a.1.q.2,4.A.3.a.1.q
4.A.3.a.1.q.3,4.A.3.a.1.q
4.A.3.a.1.q.4,4.A.3.a.1.q
4.A.3.a.1.q.5,4.A.3.a.1.q
4.A.3.a.1.q.6,4.A.3.a.1.q
4.A.3.a.1.q.7,4.A.3.a.1.q
4.A.3.a.1.q.8,4.A.3.a.1.q
4.A.3.a.2,4.A.3.a
4.A.3.a.2.a,4.A.3.a.2
4.A.3.a.2.a.1,4.A.3.a.2.a
4.A.3.a.2.a.2,4.A.3.a.2.a
4.A.3.a.2.a.3,4.A.3.a.2.a
4.A.3.a.2.a.4,4.A.3.a.2.a
4.A.3.a.2.a.5,4.A.3.a.2.a
4.A.3.a.2.a.6,4.A.3.a.2.a
4.A.3.a.2.a.7,4.A.3.a.2.a
4.A.3.a.2.a.8,4.A.3.a.2.a
4.A.3.a.2.a.9,4.A.3.a.2.a
4.A.3.a.2.a.10,4.A.3.a.2.a
4.A.3.a.2.a.11,4.A.3.a.2.a
4.A.3.a.2.a.12,4.A.3.a.2.a
4.A.3.a.2.a.13,4.A.3.a.2.a
4.A.3.a.2.a.14,4.A.3.a.2.a
4.A.3.a.2.a.15,4.A.3.a.2.a
4.A.3.a.2.a.16,4.A.3.a.2.a
4.A.3.a.2.a.17,4.A.3.a.2.a
4.A.3.a.2.a.18,4.A.3.a.2.a
4.A.3.a.2.a.19,4.A.3.a.2.a
4.A.3.a.2.a.20,4.A.3.a.2.a
4.A.3.a.2.a.21,4.A.3.a.2.a
4.A.3.a.2.b,4.A.3.a.2
4.A.3.a.2.b.1,4.A.3.a.2.b
4.A.3.a.2.b.2,4.A.3.a.2.b
4.A.3.a.2.b.3,4.A.3.a.2.b
4.A.3.a.2.c,4.A.3.a.2
4.A.3.a.2.c.1,4.A.3.a.2.c
4.A.3.a.2.c.2,4.A.3.a.2.c
4.A.3.a.2.c.3,4.A.3.a.2.c
4.A.3.a.2.c.4,4.A.3.a.2.c
4.A.3.a.2.c.5,4.A.3.a.2.c
4.A.3.a.2.c.6,4.A.3.a.2.c
4.A.3.a.2.c.7,4.A.3.a.2.c
4.A.3.a.2.c.8,4.A.3.a.2.c
4.A.3.a.2.c.9,4.A.3.a.2.c
4.A.3.a.2.c.10,4.A.3.a.2.c
4.A.3.a.2.c.11,4.A.3.a.2.c
4.A.3.a.2.d,4.A.3.a.2
4.A.3.a.2.d.1,4.A.3.a.2.d
4.A.3.a.2.d.2,4.A.3.a.2.d
4.A.3.a.2.d.3,4.A.3.a.2.d
4.A.3.a.2.d.4,4.A.3.a.2.d
4.A.3.a.2.d.5,4.A.3.a.2.d
4.A.3.a.2.d.6,4.A.3.a.2.d
4.A.3.a.2.d.7,4.A.3.a.2.d
4.A.3.a.2.d.8,4.A.3.a.2.d
4.A.3.a.2.d.9,4.A.3.a.2.d
4.A.3.a.2.d.10,4.A.3.a.2.d
4.A.3.a.2.d.11,4.A.3.a.2.d
4.A.3.a.2.d.12,4.A.3.a.2.d
4.A.3.a.2.d.13,4.A.3.a.2.d
4.A.3.a.2.d.14,4.A.3.a.2.d
4.A.3.a.2.e,4.A.3.a.2
4.A.3.a.2.e.1,4.A.3.a.2.e
4.A.3.a.2.e.2,4.A.3.a.2.e
4.A.3.a.2.e.3,4.A.3.a.2.e
4.A.3.a.2.e.4,4.A.3.a.2.e
4.A.3.a.2.f,4.A.3.a.2
4.A.3.a.2.f.1,4.A.3.a.2.f
4.A.3.a.2.f.2,4.A.3.a.2.f
4.A.3.a.2.f.3,4.A.3.a.2.f
4.A.3.a.2.f.4,4.A.3.a.2.f
4.A.3.a.2.f.5,4.A.3.a.2.f
4.A.3.a.2.f.6,4.A.3.a.2.f
4.A.3.a.2.g,4.A.3.a.2
4.A.3.a.2.g.1,4.A.3.a.2.g
4.A.3.a.2.g.2,4.A.3.a.2.g
4.A.3.a.2.g.3,4.A.3.a.2.g
4.A.3.a.2.g.4,4.A.3.a.2.g
4.A.3.a.2.g.5,4.A.3.a.2.g
4.A.3.a.2.g.6,4.A.3.a.2.g
4.A.3.a.2.h,4.A.3.a.2
4.A.3.a.2.h.1,4.A.3.a.2.h
4.A.3.a.2.h.2,4.A.3.a.2.h
4.A.3.a.2.h.3,4.A.3.a.2.h
4.A.3.a.2.h.4,4.A.3.a.2.h
4.A.3.a.2.h.5,4.A.3.a.2.h
4.A.3.a.2.i,4.A.3.a.2
4.A.3.a.2.i.1,4.A.3.a.2.i
4.A.3.a.2.i.2,4.A.3.a.2.i
4.A.3.a.2.i.3,4.A.3.a.2.i
4.A.3.a.2.i.4,4.A.3.a.2.i
4.A.3.a.2.i.5,4.A.3.a.2.i
4.A.3.a.2.i.6,4.A.3.a.2.i
4.A.3.a.2.i.7,4.A.3.a.2.i
4.A.3.a.2.i.8,4.A.3.a.2.i
4.A.3.a.2.i.9,4.A.3.a.2.i
4.A.3.a.2.i.10,4.A.3.a.2.i
4.A.3.a.2.i.11,4.A.3.a.2.i
4.A.3.a.2.i.12,4.A.3.a.2.i
4.A.3.a.2.i.13,4.A.3.a.2.i
4.A.3.a.2.i.14,4.A.3.a.2.i
4.A.3.a.2.i.15,4.A.3.a.2.i
4.A.3.a.2.i.16,4.A.3.a.2.i
4.A.3.a.2.i.17,4.A.3.a.2.i
4.A.3.a.2.j,4.A.3.a.2
4.A.3.a.2.j.1,4.A.3.a.2.j
4.A.3.a.2.k,4.A.3.a.2
4.A.3.a.2.k.1,4.A.3.a.2.k
4.A.3.a.2.k.2,4.A.3.a.2.k
4.A.3.a.2.k.3,4.A.3.a.2.k
4.A.3.a.2.l,4.A.3.a.2
4.A.3.a.2.l.1,4.A.3.a.2.l
4.A.3.a.2.l.2,4.A.3.a.2.l
4.A.3.a.2.l.3,4.A.3.a.2.l
4.A.3.a.2.l.4,4.A.3.a.2.l
4.A.3.a.2.l.5,4.A.3.a.2.l
4.A.3.a.2.l.6,4.A.3.a.2.l
4.A.3.a.2.l.7,4.A.3.a.2.l
4.A.3.a.2.l.8,4.A.3.a.2.l
4.A.3.a.2.l.9,4.A.3.a.2.l
4.A.3.a.2.l.10,4.A.3.a.2.l
4.A.3.a.2.l.11,4.A.3.a.2.l
4.A.3.a.2.m,4.A.3.a.2
4.A.3.a.2.m.1,4.A.3.a.2.m
4.A.3.a.2.m.2,4.A.3.a.2.m
4.A.3.a.2.m.3,4.A.3.a.2.m
4.A.3.a.2.m.4,4.A.3.a.2.m
4.A.3.a.2.m.5,4.A.3.a.2.m
4.A.3.a.2.m.6,4.A.3.a.2.m
4.A.3.a.2.m.7,4.A.3.a.2.m
4.A.3.a.2.m.8,4.A.3.a.2.m
4.A.3.a.2.m.9,4.A.3.a.2.m
4.A.3.a.2.m.10,4.A.3.a.2.m
4.A.3.a.2.m.11,4.A.3.a.2.m
4.A.3.a.2.n,4.A.3.a.2
4.A.3.a.2.n.1,4.A.3.a.2.n
4.A.3.a.2.n.2,4.A.3.a.2.n
4.A.3.a.2.o,4.A.3.a.2
4.A.3.a.2.o.1,4.A.3.a.2.o
4.A.3.a.2.o.2,4.A.3.a.2.o
4.A.3.a.2.o.3,4.A.3.a.2.o
4.A.3.a.2.o.4,4.A.3.a.2.o
4.A.3.a.2.o.5,4.A.3.a.2.o
4.A.3.a.2.o.6,4.A.3.a.2.o
4.A.3.a.2.p,4.A.3.a.2
4.A.3.a.2.p.1,4.A.3.a.2.p
4.A.3.a.2.p.2,4.A.3.a.2.p
4.A.3.a.2.p.3,4.A.3.a.2.p
4.A.3.a.2.q,4.A.3.a.2
4.A.3.a.2.q.1,4.A.3.a.2.q
4.A.3.a.2.q.2,4.A.3.a.2.q
4.A.3.a.2.q.3,4.A.3.a.2.q
4.A.3.a.2.q.4,4.A.3.a.2.q
4.A.3.a.2.r,4.A.3.a.2
4.A.3.a.2.r.1,4.A.3.a.2.r
4.A.3.a.2.s,4.A.3.a.2
4.A.3.a.2.s.1,4.A.3.a.2.s
4.A.3.a.2.s.2,4.A.3.a.2.s
4.A.3.a.2.s.3,4.A.3.a.2.s
4.A.3.a.2.s.4,4.A.3.a.2.s
4.A.3.a.2.s.5,4.A.3.a.2.s
4.A.3.a.2.s.6,4.A.3.a.2.s
4.A.3.a.2.s.7,4.A.3.a.2.s
4.A.3.a.2.s.8,4.A.3.a.2.s
4.A.3.a.2.t,4.A.3.a.2
4.A.3.a.2.t.1,4.A.3.a.2.t
4.A.3.a.2.t.2,4.A.3.a.2.t
4.A.3.a.2.t.3,4.A.3.a.2.t
4.A.3.a.2.t.4,4.A.3.a.2.t
4.A.3.a.2.t.5,4.A.3.a.2.t
4.A.3.a.2.t.6,4.A.3.a.2.t
4.A.3.a.2.t.7,4.A.3.a.2.t
4.A.3.a.2.u,4.A.3.a.2
4.A.3.a.2.u.1,4.A.3.a.2.u
4.A.3.a.2.u.2,4.A.3.a.2.u
4.A.3.a.2.u.3,4.A.3.a.2.u
4.A.3.a.2.u.4,4.A.3.a.2.u
4.A.3.a.2.v,4.A.3.a.2
4.A.3.a.2.v.1,4.A.3.a.2.v
4.A.3.a.2.v.2,4.A.3.a.2.v
4.A.3.a.2.v.3,4.A.3.a.2.v
4.A.3.a.2.v.4,4.A.3.a.2.v
4.A.3.a.2.v.5,4.A.3.a.2.v
4.A.3.a.2.v.6,4.A.3.a.2.v
4.A.3.a.2.v.7,4.A.3.a.2.v
4.A.3.a.2.v.8,4.A.3.a.2.v
4.A.3.a.2.v.9,4.A.3.a.2.v
4.A.3.a.2.v.10,4.A.3.a.2.v
4.A.3.a.2.v.11,4.A.3.a.2.v
4.A.3.a.2.w,4.A.3.a.2
4.A.3.a.2.w.1,4.A.3.a.2.w
4.A.3.a.2.x,4.A.3.a.2
4.A.3.a.2.x.1,4.A.3.a.2.x
4.A.3.a.2.x.2,4.A.3.a.2.x
4.A.3.a.2.y,4.A.3.a.2
4.A.3.a.2.y.1,4.A.3.a.2.y
4.A.3.a.2.z,4.A.3.a.2
4.A.3.a.2.z.1,4.A.3.a.2.z
4.A.3.a.2.aa,4.A.3.a.2
4.A.3.a.2.aa.1,4.A.3.a.2.aa
4.A.3.a.2.aa.2,4.A.3.a.2.aa
4.A.3.a.2.aa.3,4.A.3.a.2.aa
4.A.3.a.2.ab,4.A.3.a.2
4.A.3.a.2.ab.1,4.A.3.a.2.ab
4.A.3.a.2.ab.2,4.A.3.a.2.ab
4.A.3.a.2.ac,4.A.3.a.2
4.A.3.a.2.ac.1,4.A.3.a.2.ac
4.A.3.a.2.ac.2,4.A.3.a.2.ac
4.A.3.a.2.ac.3,4.A.3.a.2.ac
4.A.3.a.2.ad,4.A.3.a.2
4.A.3.a.2.ad.1,4.A.3.a.2.ad
4.A.3.a.2.ad.2,4.A.3.a.2.ad
4.A.3.a.2.ad.3,4.A.3.a.2.ad
4.A.3.a.2.ae,4.A.3.a.2
4.A.3.a.2.ae.1,4.A.3.a.2.ae
4.A.3.a.2.ae.2,4.A.3.a.2.ae
4.A.3.a.2.af,4.A.3.a.2
4.A.3.a.2.af.1,4.A.3.a.2.af
4.A.3.a.2.af.2,4.A.3.a.2.af
4.A.3.a.2.af.3,4.A.3.a.2.af
4.A.3.a.2.ag,4.A.3.a.2
4.A.3.a.2.ag.1,4.A.3.a.2.ag
4.A.3.a.2.ag.2,4.A.3.a.2.ag
4.A.3.a.2.ag.3,4.A.3.a.2.ag
4.A.3.a.2.ag.4,4.A.3.a.2.ag
4.A.3.a.2.ag.5,4.A.3.a.2.ag
4.A.3.a.2.ag.6,4.A.3.a.2.ag
4.A.3.a.2.ag.7,4.A.3.a.2.ag
4.A.3.a.2.ag.8,4.A.3.a.2.ag
4.A.3.a.2.ag.9,4.A.3.a.2.ag
4.A.3.a.2.ah,4.A.3.a.2
4.A.3.a.2.ah.1,4.A.3.a.2.ah
4.A.3.a.2.ah.2,4.A.3.a.2.ah
4.A.3.a.2.ah.3,4.A.3.a.2.ah
4.A.3.a.2.ah.4,4.A.3.a.2.ah
4.A.3.a.2.ah.5,4.A.3.a.2.ah
4.A.3.a.2.ah.6,4.A.3.a.2.ah
4.A.3.a.2.ah.7,4.A.3.a.2.ah
4.A.3.a.2.ah.8,4.A.3.a.2.ah
4.A.3.a.2.ah.9,4.A.3.a.2.ah
4.A.3.a.2.ai,4.A.3.a.2
4.A.3.a.2.ai.1,4.A.3.a.2.ai
4.A.3.a.2.ai.2,4.A.3.a.2.ai
4.A.3.a.2.ai.3,4.A.3.a.2.ai
4.A.3.a.2.ai.4,4.A.3.a.2.ai
4.A.3.a.2.ai.5,4.A.3.a.2.ai
4.A.3.a.2.ai.6,4.A.3.a.2.ai
4.A.3.a.2.aj,4.A.3.a.2
4.A.3.a.2.aj.1,4.A.3.a.2.aj
4.A.3.a.2.aj.2,4.A.3.a.2.aj
4.A.3.a.2.aj.3,4.A.3.a.2.aj
4.A.3.a.2.aj.4,4.A.3.a.2.aj
4.A.3.a.2.aj.5,4.A.3.a.2.aj
4.A.3.a.2.aj.6,4.A.3.a.2.aj
4.A.3.a.2.aj.7,4.A.3.a.2.aj
4.A.3.a.2.aj.8,4.A.3.a.2.aj
4.A.3.a.2.ak,4.A.3.a.2
4.A.3.a.2.ak.1,4.A.3.a.2.ak
4.A.3.a.2.ak.2,4.A.3.a.2.ak
4.A.3.a.2.ak.3,4.A.3.a.2.ak
4.A.3.a.2.ak.4,4.A.3.a.2.ak
4.A.3.a.2.ak.5,4.A.3.a.2.ak
4.A.3.a.2.ak.6,4.A.3.a.2.ak
4.A.3.a.2.ak.7,4.A.3.a.2.ak
4.A.3.a.2.al,4.A.3.a.2
4.A.3.a.2.al.1,4.A.3.a.2.al
4.A.3.a.2.al.2,4.A.3.a.2.al
4.A.3.a.2.al.3,4.A.3.a.2.al
4.A.3.a.2.al.4,4.A.3.a.2.al
4.A.3.a.2.al.5,4.A.3.a.2.al
4.A.3.a.2.am,4.A.3.a.2
4.A.3.a.2.am.1,4.A.3.a.2.am
4.A.3.a.2.am.2,4.A.3.a.2.am
4.A.3.a.2.am.3,4.A.3.a.2.am
4.A.3.a.2.am.4,4.A.3.a.2.am
4.A.3.a.2.an,4.A.3.a.2
4.A.3.a.2.an.1,4.A.3.a.2.an
4.A.3.a.2.an.2,4.A.3.a.2.an
4.A.3.a.2.an.3,4.A.3.a.2.an
4.A.3.a.2.ao,4.A.3.a.2
4.A.3.a.2.ao.1,4.A.3.a.2.ao
4.A.3.a.2.ao.2,4.A.3.a.2.ao
4.A.3.a.2.ao.3,4.A.3.a.2.ao
4.A.3.a.2.ao.4,4.A.3.a.2.ao
4.A.3.a.2.ao.5,4.A.3.a.2.ao
4.A.3.a.2.ao.6,4.A.3.a.2.ao
4.A.3.a.2.ao.7,4.A.3.a.2.ao
4.A.3.a.2.ao.8,4.A.3.a.2.ao
4.A.3.a.2.ap,4.A.3.a.2
4.A.3.a.2.ap.1,4.A.3.a.2.ap
4.A.3.a.2.ap.2,4.A.3.a.2.ap
4.A.3.a.2.ap.3,4.A.3.a.2.ap
4.A.3.a.2.ap.4,4.A.3.a.2.ap
4.A.3.a.2.ap.5,4.A.3.a.2.ap
4.A.3.a.2.ap.6,4.A.3.a.2.ap
4.A.3.a.2.aq,4.A.3.a.2
4.A.3.a.2.aq.1,4.A.3.a.2.aq
4.A.3.a.2.aq.2,4.A.3.a.2.aq
4.A.3.a.2.aq.3,4.A.3.a.2.aq
4.A.3.a.2.ar,4.A.3.a.2
4.A.3.a.2.ar.1,4.A.3.a.2.ar
4.A.3.a.2.ar.2,4.A.3.a.2.ar
4.A.3.a.2.as,4.A.3.a.2
4.A.3.a.2.as.1,4.A.3.a.2.as
4.A.3.a.2.as.2,4.A.3.a.2.as
4.A.3.a.2.as.3,4.A.3.a.2.as
4.A.3.a.2.as.4,4.A.3.a.2.as
4.A.3.a.2.at,4.A.3.a.2
4.A.3.a.2.at.1,4.A.3.a.2.at
4.A.3.a.2.at.2,4.A.3.a.2.at
4.A.3.a.2.at.3,4.A.3.a.2.at
4.A.3.a.2.at.4,4.A.3.a.2.at
4.A.3.a.2.at.5,4.A.3.a.2.at
4.A.3.a.2.at.6,4.A.3.a.2.at
4.A.3.a.2.at.7,4.A.3.a.2.at
4.A.3.a.2.at.8,4.A.3.a.2.at
4.A.3.a.2.at.9,4.A.3.a.2.at
4.A.3.a.2.at.10,4.A.3.a.2.at
4.A.3.a.2.at.11,4.A.3.a.2.at
4.A.3.a.2.at.12,4.A.3.a.2.at
4.A.3.a.2.au,4.A.3.a.2
4.A.3.a.2.au.1,4.A.3.a.2.au
4.A.3.a.2.au.2,4.A.3.a.2.au
4.A.3.a.2.au.3,4.A.3.a.2.au
4.A.3.a.2.au.4,4.A.3.a.2.au
4.A.3.a.2.au.5,4.A.3.a.2.au
4.A.3.a.3,4.A.3.a
4.A.3.a.3.a,4.A.3.a.3
4.A.3.a.3.a.1,4.A.3.a.3.a
4.A.3.a.3.b,4.A.3.a.3
4.A.3.a.3.b.1,4.A.3.a.3.b
4.A.3.a.3.b.2,4.A.3.a.3.b
4.A.3.a.3.b.3,4.A.3.a.3.b
4.A.3.a.3.c,4.A.3.a.3
4.A.3.a.3.c.1,4.A.3.a.3.c
4.A.3.a.3.c.2,4.A.3.a.3.c
4.A.3.a.3.c.3,4.A.3.a.3.c
4.A.3.a.3.c.4,4.A.3.a.3.c
4.A.3.a.3.c.5,4.A.3.a.3.c
4.A.3.a.3.c.6,4.A.3.a.3.c
4.A.3.a.3.c.7,4.A.3.a.3.c
4.A.3.a.3.c.8,4.A.3.a.3.c
4.A.3.a.3.d,4.A.3.a.3
4.A.3.a.3.d.1,4.A.3.a.3.d
4.A.3.a.3.d.2,4.A.3.a.3.d
4.A.3.a.3.d.3,4.A.3.a.3.d
4.A.3.a.3.d.4,4.A.3.a.3.d
4.A.3.a.3.d.5,4.A.3.a.3.d
4.A.3.a.3.e,4.A.3.a.3
4.A.3.a.3.e.1,4.A.3.a.3.e
4.A.3.a.3.e.2,4.A.3.a.3.e
4.A.3.a.3.e.3,4.A.3.a.3.e
4.A.3.a.3.e.4,4.A.3.a.3.e
4.A.3.a.3.e.5,4.A.3.a.3.e
4.A.3.a.3.e.6,4.A.3.a.3.e
4.A.3.a.3.f,4.A.3.a.3
4.A.3.a.3.f.1,4.A.3.a.3.f
4.A.3.a.3.f.2,4.A.3.a.3.f
4.A.3.a.3.f.3,4.A.3.a.3.f
4.A.3.a.3.f.4,4.A.3.a.3.f
4.A.3.a.3.f.5,4.A.3.a.3.f
4.A.3.a.3.f.6,4.A.3.a.3.f
4.A.3.a.3.f.7,4.A.3.a.3.f
4.A.3.a.3.f.8,4.A.3.a.3.f
4.A.3.a.3.f.9,4.A.3.a.3.f
4.A.3.a.3.f.10,4.A.3.a.3.f
4.A.3.a.3.f.11,4.A.3.a.3.f
4.A.3.a.3.f.12,4.A.3.a.3.f
4.A.3.a.3.f.13,4.A.3.a.3.f
4.A.3.a.3.g,4.A.3.a.3
4.A.3.a.3.g.1,4.A.3.a.3.g
4.A.3.a.3.g.2,4.A.3.a.3.g
4.A.3.a.3.g.3,4.A.3.a.3.g
4.A.3.a.3.g.4,4.A.3.a.3.g
4.A.3.a.3.g.5,4.A.3.a.3.g
4.A.3.a.3.g.6,4.A.3.a.3.g
4.A.3.a.3.h,4.A.3.a.3
4.A.3.a.3.h.1,4.A.3.a.3.h
4.A.3.a.3.h.2,4.A.3.a.3.h
4.A.3.a.3.h.3,4.A.3.a.3.h
4.A.3.a.3.i,4.A.3.a.3
4.A.3.a.3.i.1,4.A.3.a.3.i
4.A.3.a.3.i.2,4.A.3.a.3.i
4.A.3.a.3.i.3,4.A.3.a.3.i
4.A.3.a.3.j,4.A.3.a.3
4.A.3.a.3.j.1,4.A.3.a.3.j
4.A.3.a.3.j.2,4.A.3.a.3.j
4.A.3.a.3.k,4.A.3.a.3
4.A.3.a.3.k.1,4.A.3.a.3.k
4.A.3.a.3.k.2,4.A.3.a.3.k
4.A.3.a.3.k.3,4.A.3.a.3.k
4.A.3.a.3.k.4,4.A.3.a.3.k
4.A.3.a.3.l,4.A.3.a.3
4.A.3.a.3.l.1,4.A.3.a.3.l
4.A.3.a.3.l.2,4.A.3.a.3.l
4.A.3.a.3.l.3,4.A.3.a.3.l
4.A.3.a.3.l.4,4.A.3.a.3.l
4.A.3.a.4,4.A.3.a
4.A.3.a.4.a,4.A.3.a.4
4.A.3.a.4.a.1,4.A.3.a.4.a
4.A.3.a.4.a.2,4.A.3.a.4.a
4.A.3.a.4.a.3,4.A.3.a.4.a
4.A.3.a.4.a.4,4.A.3.a.4.a
4.A.3.a.4.a.5,4.A.3.a.4.a
4.A.3.a.4.a.6,4.A.3.a.4.a
4.A.3.a.4.a.7,4.A.3.a.4.a
4.A.3.a.4.a.8,4.A.3.a.4.a
4.A.3.a.4.a.9,4.A.3.a.4.a
4.A.3.a.4.a.10,4.A.3.a.4.a
4.A.3.a.4.a.11,4.A.3.a.4.a
4.A.3.a.4.a.12,4.A.3.a.4.a
4.A.3.a.4.a.13,4.A.3.a.4.a
4.A.3.a.4.a.14,4.A.3.a.4.a
4.A.3.b,4.A.3
4.A.3.b.1,4.A.3.b
4.A.3.b.1.a,4.A.3.b.1
4.A.3.b.1.a.1,4.A.3.b.1.a
4.A.3.b.1.a.2,4.A.3.b.1.a
4.A.3.b.1.a.3,4.A.3.b.1.a
4.A.3.b.1.a.4,4.A.3.b.1.a
4.A.3.b.1.b,4.A.3.b.1
4.A.3.b.1.b.1,4.A.3.b.1.b
4.A.3.b.1.b.2,4.A.3.b.1.b
4.A.3.b.1.c,4.A.3.b.1
4.A.3.b.1.c.1,4.A.3.b.1.c
4.A.3.b.1.c.2,4.A.3.b.1.c
4.A.3.b.1.c.3,4.A.3.b.1.c
4.A.3.b.1.c.4,4.A.3.b.1.c
4.A.3.b.1.d,4.A.3.b.1
4.A.3.b.1.d.1,4.A.3.b.1.d
4.A.3.b.1.d.2,4.A.3.b.1.d
4.A.3.b.1.d.3,4.A.3.b.1.d
4.A.3.b.1.e,4.A.3.b.1
4.A.3.b.1.e.1,4.A.3.b.1.e
4.A.3.b.1.e.2,4.A.3.b.1.e
4.A.3.b.1.f,4.A.3.b.1
4.A.3.b.1.f.1,4.A.3.b.1.f
4.A.3.b.1.f.2,4.A.3.b.1.f
4.A.3.b.1.f.3,4.A.3.b.1.f
4.A.3.b.1.f.4,4.A.3.b.1.f
4.A.3.b.1.f.5,4.A.3.b.1.f
4.A.3.b.1.f.6,4.A.3.b.1.f
4.A.3.b.1.f.7,4.A.3.b.1.f
4.A.3.b.1.f.8,4.A.3.b.1.f
4.A.3.b.1.f.9,4.A.3.b.1.f
4.A.3.b.1.f.10,4.A.3.b.1.f
4.A.3.b.1.f.11,4.A.3.b.1.f
4.A.3.b.1.f.12,4.A.3.b.1.f
4.A.3.b.2,4.A.3.b
4.A.3.b.2.a,4.A.3.b.2
4.A.3.b.2.a.1,4.A.3.b.2.a
4.A.3.b.2.a.2,4.A.3.b.2.a
4.A.3.b.2.a.3,4.A.3.b.2.a
4.A.3.b.2.a.4,4.A.3.b.2.a
4.A.3.b.2.a.5,4.A.3.b.2.a
4.A.3.b.2.a.6,4.A.3.b.2.a
4.A.3.b.2.a.7,4.A.3.b.2.a
4.A.3.b.2.b,4.A.3.b.2
4.A.3.b.2.b.1,4.A.3.b.2.b
4.A.3.b.2.b.2,4.A.3.b.2.b
4.A.3.b.2.b.3,4.A.3.b.2.b
4.A.3.b.2.b.4,4.A.3.b.2.b
4.A.3.b.2.b.5,4.A.3.b.2.b
4.A.3.b.2.c,4.A.3.b.2
4.A.3.b.2.c.1,4.A.3.b.2.c
4.A.3.b.2.c.2,4.A.3.b.2.c
4.A.3.b.2.c.3,4.A.3.b.2.c
4.A.3.b.2.c.4,4.A.3.b.2.c
4.A.3.b.2.c.5,4.A.3.b.2.c
4.A.3.b.2.c.6,4.A.3.b.2.c
4.A.3.b.2.d,4.A.3.b.2
4.A.3.b.2.d.1,4.A.3.b.2.d
4.A.3.b.2.d.2,4.A.3.b.2.d
4.A.3.b.2.d.3,4.A.3.b.2.d
4.A.3.b.2.e,4.A.3.b.2
4.A.3.b.2.e.1,4.A.3.b.2.e
4.A.3.b.2.e.2,4.A.3.b.2.e
4.A.3.b.2.e.3,4.A.3.b.2.e
4.A.3.b.2.f,4.A.3.b.2
4.A.3.b.2.f.1,4.A.3.b.2.f
4.A.3.b.2.f.2,4.A.3.b.2.f
4.A.3.b.2.f.3,4.A.3.b.2.f
4.A.3.b.2.f.4,4.A.3.b.2.f
4.A.3.b.2.f.5,4.A.3.b.2.f
4.A.3.b.2.f.6,4.A.3.b.2.f
4.A.3.b.2.f.7,4.A.3.b.2.f
4.A.3.b.2.f.8,4.A.3.b.2.f
4.A.3.b.2.f.9,4.A.3.b.2.f
4.A.3.b.2.f.10,4.A.3.b.2.f
4.A.3.b.2.f.11,4.A.3.b.2.f
4.A.3.b.2.f.12,4.A.3.b.2.f
4.A.3.b.2.f.13,4.A.3.b.2.f
4.A.3.b.2.f.14,4.A.3.b.2.f
4.A.3.b.2.f.15,4.A.3.b.2.f
4.A.3.b.2.f.16,4.A.3.b.2.f
4.A.3.b.2.f.17,4.A.3.b.2.f
4.A.3.b.2.f.18,4.A.3.b.2.f
4.A.3.b.4,4.A.3.b
4.A.3.b.4.a,4.A.3.b.4
4.A.3.b.4.a.1,4.A.3.b.4.a
4.A.3.b.4.a.2,4.A.3.b.4.a
4.A.3.b.4.a.3,4.A.3.b.4.a
4.A.3.b.4.a.4,4.A.3.b.4.a
4.A.3.b.4.a.5,4.A.3.b.4.a
4.A.3.b.4.a.6,4.A.3.b.4.a
4.A.3.b.4.b,4.A.3.b.4
4.A.3.b.4.b.1,4.A.3.b.4.b
4.A.3.b.4.b.2,4.A.3.b.4.b
4.A.3.b.4.b.3,4.A.3.b.4.b
4.A.3.b.4.b.4,4.A.3.b.4.b
4.A.3.b.4.b.5,4.A.3.b.4.b
4.A.3.b.4.c,4.A.3.b.4
4.A.3.b.4.c.1,4.A.3.b.4.c
4.A.3.b.4.c.2,4.A.3.b.4.c
4.A.3.b.4.c.3,4.A.3.b.4.c
4.A.3.b.4.c.4,4.A.3.b.4.c
4.A.3.b.4.c.5,4.A.3.b.4.c
4.A.3.b.4.c.6,4.A.3.b.4.c
4.A.3.b.4.d,4.A.3.b.4
4.A.3.b.4.d.1,4.A.3.b.4.d
4.A.3.b.4.d.2,4.A.3.b.4.d
4.A.3.b.4.d.3,4.A.3.b.4.d
4.A.3.b.4.d.4,4.A.3.b.4.d
4.A.3.b.4.d.5,4.A.3.b.4.d
4.A.3.b.4.e,4.A.3.b.4
4.A.3.b.4.e.1,4.A.3.b.4.e
4.A.3.b.4.e.2,4.A.3.b.4.e
4.A.3.b.4.e.3,4.A.3.b.4.e
4.A.3.b.4.e.4,4.A.3.b.4.e
4.A.3.b.4.e.5,4.A.3.b.4.e
4.A.3.b.4.e.6,4.A.3.b.4.e
4.A.3.b.4.f,4.A.3.b.4
4.A.3.b.4.f.1,4.A.3.b.4.f
4.A.3.b.4.f.2,4.A.3.b.4.f
4.A.3.b.4.f.3,4.A.3.b.4.f
4.A.3.b.4.f.4,4.A.3.b.4.f
4.A.3.b.5,4.A.3.b
4.A.3.b.5.a,4.A.3.b.5
4.A.3.b.5.a.1,4.A.3.b.5.a
4.A.3.b.5.a.2,4.A.3.b.5.a
4.A.3.b.5.a.3,4.A.3.b.5.a
4.A.3.b.5.a.4,4.A.3.b.5.a
4.A.3.b.5.a.5,4.A.3.b.5.a
4.A.3.b.5.a.6,4.A.3.b.5.a
4.A.3.b.5.a.7,4.A.3.b.5.a
4.A.3.b.5.a.8,4.A.3.b.5.a
4.A.3.b.5.a.9,4.A.3.b.5.a
4.A.3.b.5.a.10,4.A.3.b.5.a
4.A.3.b.5.a.11,4.A.3.b.5.a
4.A.3.b.5.a.12,4.A.3.b.5.a
4.A.3.b.5.a.13,4.A.3.b.5.a
4.A.3.b.5.a.14,4.A.3.b.5.a
4.A.3.b.5.a.15,4.A.3.b.5.a
4.A.3.b.5.a.16,4.A.3.b.5.a
4.A.3.b.5.a.17,4.A.3.b.5.a
4.A.3.b.5.a.18,4.A.3.b.5.a
4.A.3.b.5.a.19,4.A.3.b.5.a
4.A.3.b.5.b,4.A.3.b.5
4.A.3.b.5.b.1,4.A.3.b.5.b
4.A.3.b.5.b.2,4.A.3.b.5.b
4.A.3.b.5.b.3,4.A.3.b.5.b
4.A.3.b.5.b.4,4.A.3.b.5.b
4.A.3.b.5.c,4.A.3.b.5
4.A.3.b.5.c.1,4.A.3.b.5.c
4.A.3.b.5.c.2,4.A.3.b.5.c
4.A.3.b.5.c.3,4.A.3.b.5.c
4.A.3.b.5.c.4,4.A.3.b.5.c
4.A.3.b.5.c.5,4.A.3.b.5.c
4.A.3.b.5.c.6,4.A.3.b.5.c
4.A.3.b.5.c.7,4.A.3.b.5.c
4.A.3.b.6,4.A.3.b
4.A.3.b.6.a,4.A.3.b.6
4.A.3.b.6.a.1,4.A.3.b.6.a
4.A.3.b.6.a.2,4.A.3.b.6.a
4.A.3.b.6.b,4.A.3.b.6
4.A.3.b.6.b.1,4.A.3.b.6.b
4.A.3.b.6.b.2,4.A.3.b.6.b
4.A.3.b.6.b.3,4.A.3.b.6.b
4.A.3.b.6.b.4,4.A.3.b.6.b
4.A.3.b.6.b.5,4.A.3.b.6.b
4.A.3.b.6.b.6,4.A.3.b.6.b
4.A.3.b.6.b.7,4.A.3.b.6.b
4.A.3.b.6.b.8,4.A.3.b.6.b
4.A.3.b.6.c,4.A.3.b.6
4.A.3.b.6.c.1,4.A.3.b.6.c
4.A.3.b.6.c.2,4.A.3.b.6.c
4.A.3.b.6.c.3,4.A.3.b.6.c
4.A.3.b.6.c.4,4.A.3.b.6.c
4.A.3.b.6.c.5,4.A.3.b.6.c
4.A.3.b.6.c.6,4.A.3.b.6.c
4.A.3.b.6.c.7,4.A.3.b.6.c
4.A.3.b.6.c.8,4.A.3.b.6.c
4.A.3.b.6.c.9,4.A.3.b.6.c
4.A.3.b.6.c.10,4.A.3.b.6.c
4.A.3.b.6.d,4.A.3.b.6
4.A.3.b.6.d.1,4.A.3.b.6.d
4.A.3.b.6.e,4.A.3.b.6
4.A.3.b.6.e.1,4.A.3.b.6.e
4.A.3.b.6.e.2,4.A.3.b.6.e
4.A.3.b.6.e.3,4.A.3.b.6.e
4.A.3.b.6.f,4.A.3.b.6
4.A.3.b.6.f.1,4.A.3.b.6.f
4.A.3.b.6.f.2,4.A.3.b.6.f
4.A.3.b.6.f.3,4.A.3.b.6.f
4.A.3.b.6.f.4,4.A.3.b.6.f
4.A.3.b.6.g,4.A.3.b.6
4.A.3.b.6.g.1,4.A.3.b.6.g
4.A.3.b.6.g.2,4.A.3.b.6.g
4.A.3.b.6.g.3,4.A.3.b.6.g
4.A.3.b.6.g.4,4.A.3.b.6.g
4.A.3.b.6.g.5,4.A.3.b.6.g
4.A.3.b.6.h,4.A.3.b.6
4.A.3.b.6.h.1,4.A.3.b.6.h
4.A.3.b.6.h.2,4.A.3.b.6.h
4.A.3.b.6.h.3,4.A.3.b.6.h
4.A.3.b.6.h.4,4.A.3.b.6.h
4.A.3.b.6.h.5,4.A.3.b.6.h
4.A.3.b.6.h.6,4.A.3.b.6.h
4.A.3.b.6.h.7,4.A.3.b.6.h
4.A.3.b.6.h.8,4.A.3.b.6.h
4.A.3.b.6.h.9,4.A.3.b.6.h
4.A.3.b.6.h.10,4.A.3.b.6.h
4.A.3.b.6.h.11,4.A.3.b.6.h
4.A.3.b.6.h.12,4.A.3.b.6.h
4.A.3.b.6.h.13,4.A.3.b.6.h
4.A.3.b.6.h.14,4.A.3.b.6.h
4.A.3.b.6.h.15,4.A.3.b.6.h
4.A.3.b.6.h.16,4.A.3.b.6.h
4.A.3.b.6.h.17,4.A.3.b.6.h
4.A.3.b.6.h.18,4.A.3.b.6.h
4.A.3.b.6.h.19,4.A.3.b.6.h
4.A.3.b.6.h.20,4.A.3.b.6.h
4.A.3.b.6.h.21,4.A.3.b.6.h
4.A.3.b.6.h.22,4.A.3.b.6.h
4.A.3.b.6.h.23,4.A.3.b.6.h
4.A.3.b.6.h.24,4.A.3.b.6.h
4.A.3.b.6.h.25,4.A.3.b.6.h
4.A.3.b.6.h.26,4.A.3.b.6.h
4.A.3.b.6.h.27,4.A.3.b.6.h
4.A.3.b.6.h.28,4.A.3.b.6.h
4.A.3.b.6.h.29,4.A.3.b.6.h
4.A.3.b.6.h.30,4.A.3.b.6.h
4.A.3.b.6.h.31,4.A.3.b.6.h
4.A.3.b.6.i,4.A.3.b.6
4.A.3.b.6.i.1,4.A.3.b.6.i
4.A.3.b.6.i.2,4.A.3.b.6.i
4.A.3.b.6.i.3,4.A.3.b.6.i
4.A.3.b.6.i.4,4.A.3.b.6.i
4.A.3.b.6.i.5,4.A.3.b.6.i
4.A.3.b.6.i.6,4.A.3.b.6.i
4.A.3.b.6.i.7,4.A.3.b.6.i
4.A.3.b.6.j,4.A.3.b.6
4.A.3.b.6.j.1,4.A.3.b.6.j
4.A.3.b.6.j.2,4.A.3.b.6.j
4.A.3.b.6.j.3,4.A.3.b.6.j
4.A.3.b.6.k,4.A.3.b.6
4.A.3.b.6.k.1,4.A.3.b.6.k
4.A.3.b.6.k.2,4.A.3.b.6.k
4.A.3.b.6.k.3,4.A.3.b.6.k
4.A.3.b.6.k.4,4.A.3.b.6.k
4.A.3.b.6.k.5,4.A.3.b.6.k
4.A.3.b.6.l,4.A.3.b.6
4.A.3.b.6.l.1,4.A.3.b.6.l
4.A.3.b.6.l.2,4.A.3.b.6.l
4.A.3.b.6.l.3,4.A.3.b.6.l
4.A.3.b.6.l.4,4.A.3.b.6.l
4.A.3.b.6.l.5,4.A.3.b.6.l
4.A.3.b.6.l.6,4.A.3.b.6.l
4.A.3.b.6.l.7,4.A.3.b.6.l
4.A.3.b.6.l.8,4.A.3.b.6.l
4.A.3.b.6.l.9,4.A.3.b.6.l
4.A.3.b.6.l.10,4.A.3.b.6.l
4.A.3.b.6.m,4.A.3.b.6
4.A.3.b.6.m.1,4.A.3.b.6.m
4.A.3.b.6.m.2,4.A.3.b.6.m
4.A.3.b.6.m.3,4.A.3.b.6.m
4.A.3.b.6.m.4,4.A.3.b.6.m
4.A.3.b.6.m.5,4.A.3.b.6.m
4.A.3.b.6.m.6,4.A.3.b.6.m
4.A.3.b.6.n,4.A.3.b.6
4.A.3.b.6.n.1,4.A.3.b.6.n
4.A.3.b.6.n.2,4.A.3.b.6.n
4.A.3.b.6.n.3,4.A.3.b.6.n
4.A.3.b.6.n.4,4.A.3.b.6.n
4.A.3.b.6.n.5,4.A.3.b.6.n
4.A.3.b.6.n.6,4.A.3.b.6.n
4.A.3.b.6.n.7,4.A.3.b.6.n
4.A.3.b.6.n.8,4.A.3.b.6.n
4.A.3.b.6.n.9,4.A.3.b.6.n
4.A.3.b.6.o,4.A.3.b.6
4.A.3.b.6.o.1,4.A.3.b.6.o
4.A.3.b.6.o.2,4.A.3.b.6.o
4.A.3.b.6.o.3,4.A.3.b.6.o
4.A.3.b.6.o.4,4.A.3.b.6.o
4.A.3.b.6.o.5,4.A.3.b.6.o
4.A.3.b.6.o.6,4.A.3.b.6.o
4.A.3.b.6.p,4.A.3.b.6
4.A.3.b.6.p.1,4.A.3.b.6.p
4.A.3.b.6.p.2,4.A.3.b.6.p
4.A.3.b.6.p.3,4.A.3.b.6.p
4.A.4,4.A
4.A.4.a,4.A.4
4.A.4.a.1,4.A.4.a
4.A.4.a.1.a,4.A.4.a.1
4.A.4.a.1.a.1,4.A.4.a.1.a
4.A.4.a.1.a.2,4.A.4.a.1.a
4.A.4.a.1.a.3,4.A.4.a.1.a
4.A.4.a.1.a.4,4.A.4.a.1.a
4.A.4.a.1.a.5,4.A.4.a.1.a
4.A.4.a.1.a.6,4.A.4.a.1.a
4.A.4.a.1.b,4.A.4.a.1
4.A.4.a.1.b.1,4.A.4.a.1.b
4.A.4.a.1.b.2,4.A.4.a.1.b
4.A.4.a.1.b.3,4.A.4.a.1.b
4.A.4.a.1.b.4,4.A.4.a.1.b
4.A.4.a.1.b.5,4.A.4.a.1.b
4.A.4.a.1.b.6,4.A.4.a.1.b
4.A.4.a.1.c,4.A.4.a.1
4.A.4.a.1.c.1,4.A.4.a.1.c
4.A.4.a.1.c.2,4.A.4.a.1.c
4.A.4.a.1.d,4.A.4.a.1
4.A.4.a.1.d.1,4.A.4.a.1.d
4.A.4.a.1.d.2,4.A.4.a.1.d
4.A.4.a.1.d.3,4.A.4.a.1.d
4.A.4.a.1.e,4.A.4.a.1
4.A.4.a.1.e.1,4.A.4.a.1.e
4.A.4.a.1.e.2,4.A.4.a.1.e
4.A.4.a.1.e.3,4.A.4.a.1.e
4.A.4.a.1.e.4,4.A.4.a.1.e
4.A.4.a.1.e.5,4.A.4.a.1.e
4.A.4.a.2,4.A.4.a
4.A.4.a.2.a,4.A.4.a.2
4.A.4.a.2.a.1,4.A.4.a.2.a
4.A.4.a.2.a.2,4.A.4.a.2.a
4.A.4.a.2.a.3,4.A.4.a.2.a
4.A.4.a.2.b,4.A.4.a.2
4.A.4.a.2.b.1,4.A.4.a.2.b
4.A.4.a.2.b.2,4.A.4.a.2.b
4.A.4.a.2.b.3,4.A.4.a.2.b
4.A.4.a.2.c,4.A.4.a.2
4.A.4.a.2.c.1,4.A.4.a.2.c
4.A.4.a.2.c.2,4.A.4.a.2.c
4.A.4.a.2.c.3,4.A.4.a.2.c
4.A.4.a.2.c.4,4.A.4.a.2.c
4.A.4.a.2.c.5,4.A.4.a.2.c
4.A.4.a.2.c.6,4.A.4.a.2.c
4.A.4.a.2.c.7,4.A.4.a.2.c
4.A.4.a.2.c.8,4.A.4.a.2.c
4.A.4.a.2.c.9,4.A.4.a.2.c
4.A.4.a.2.c.10,4.A.4.a.2.c
4.A.4.a.2.c.11,4.A.4.a.2.c
4.A.4.a.2.c.12,4.A.4.a.2.c
4.A.4.a.2.c.13,4.A.4.a.2.c
4.A.4.a.2.c.14,4.A.4.a.2.c
4.A.4.a.2.c.15,4.A.4.a.2.c
4.A.4.a.2.c.16,4.A.4.a.2.c
4.A.4.a.2.c.17,4.A.4.a.2.c
4.A.4.a.2.c.18,4.A.4.a.2.c
4.A.4.a.2.c.19,4.A.4.a.2.c
4.A.4.a.2.c.20,4.A.4.a.2.c
4.A.4.a.2.c.21,4.A.4.a.2.c
4.A.4.a.2.d,4.A.4.a.2
4.A.4.a.2.d.1,4.A.4.a.2.d
4.A.4.a.2.d.2,4.A.4.a.2.d
4.A.4.a.2.d.3,4.A.4.a.2.d
4.A.4.a.2.d.4,4.A.4.a.2.d
4.A.4.a.2.d.5,4.A.4.a.2.d
4.A.4.a.2.d.6,4.A.4.a.2.d
4.A.4.a.2.e,4.A.4.a.2
4.A.4.a.2.e.1,4.A.4.a.2.e
4.A.4.a.2.e.2,4.A.4.a.2.e
4.A.4.a.2.e.3,4.A.4.a.2.e
4.A.4.a.2.e.4,4.A.4.a.2.e
4.A.4.a.2.e.5,4.A.4.a.2.e
4.A.4.a.2.f,4.A.4.a.2
4.A.4.a.2.f.1,4.A.4.a.2.f
4.A.4.a.2.f.2,4.A.4.a.2.f
4.A.4.a.2.f.3,4.A.4.a.2.f
4.A.4.a.2.g,4.A.4.a.2
4.A.4.a.2.g.1,4.A.4.a.2.g
4.A.4.a.2.g.2,4.A.4.a.2.g
4.A.4.a.2.g.3,4.A.4.a.2.g
4.A.4.a.2.g.4,4.A.4.a.2.g
4.A.4.a.2.g.5,4.A.4.a.2.g
4.A.4.a.2.g.6,4.A.4.a.2.g
4.A.4.a.2.g.7,4.A.4.a.2.g
4.A.4.a.2.g.8,4.A.4.a.2.g
4.A.4.a.2.g.9,4.A.4.a.2.g
4.A.4.a.2.h,4.A.4.a.2
4.A.4.a.2.h.1,4.A.4.a.2.h
4.A.4.a.2.h.2,4.A.4.a.2.h
4.A.4.a.2.h.3,4.A.4.a.2.h
4.A.4.a.2.h.4,4.A.4.a.2.h
4.A.4.a.2.h.5,4.A.4.a.2.h
4.A.4.a.2.h.6,4.A.4.a.2.h
4.A.4.a.2.h.7,4.A.4.a.2.h
4.A.4.a.2.h.8,4.A.4.a.2.h
4.A.4.a.2.h.9,4.A.4.a.2.h
4.A.4.a.2.i,4.A.4.a.2
4.A.4.a.2.i.1,4.A.4.a.2.i
4.A.4.a.2.i.2,4.A.4.a.2.i
4.A.4.a.2.j,4.A.4.a.2
4.A.4.a.2.j.1,4.A.4.a.2.j
4.A.4.a.2.j.2,4.A.4.a.2.j
4.A.4.a.2.j.3,4.A.4.a.2.j
4.A.4.a.2.j.4,4.A.4.a.2.j
4.A.4.a.2.j.5,4.A.4.a.2.j
4.A.4.a.2.j.6,4.A.4.a.2.j
4.A.4.a.3,4.A.4.a
4.A.4.a.3.a,4.A.4.a.3
4.A.4.a.3.a.1,4.A.4.a.3.a
4.A.4.a.3.a.2,4.A.4.a.3.a
4.A.4.a.3.b,4.A.4.a.3
4.A.4.a.3.b.1,4.A.4.a.3.b
4.A.4.a.3.b.2,4.A.4.a.3.b
4.A.4.a.3.b.3,4.A.4.a.3.b
4.A.4.a.3.b.4,4.A.4.a.3.b
4.A.4.a.3.b.5,4.A.4.a.3.b
4.A.4.a.3.b.6,4.A.4.a.3.b
4.A.4.a.3.b.7,4.A.4.a.3.b
4.A.4.a.3.b.8,4.A.4.a.3.b
4.A.4.a.3.b.9,4.A.4.a.3.b
4.A.4.a.3.b.10,4.A.4.a.3.b
4.A.4.a.3.c,4.A.4.a.3
4.A.4.a.3.c.1,4.A.4.a.3.c
4.A.4.a.3.c.2,4.A.4.a.3.c
4.A.4.a.3.c.3,4.A.4.a.3.c
4.A.4.a.3.c.4,4.A.4.a.3.c
4.A.4.a.3.c.5,4.A.4.a.3.c
4.A.4.a.3.c.6,4.A.4.a.3.c
4.A.4.a.3.c.7,4.A.4.a.3.c
4.A.4.a.3.c.8,4.A.4.a.3.c
4.A.4.a.3.c.9,4.A.4.a.3.c
4.A.4.a.3.c.10,4.A.4.a.3.c
4.A.4.a.3.c.11,4.A.4.a.3.c
4.A.4.a.3.c.12,4.A.4.a.3.c
4.A.4.a.4,4.A.4.a
4.A.4.a.4.a,4.A.4.a.4
4.A.4.a.4.a.1,4.A.4.a.4.a
4.A.4.a.4.a.2,4.A.4.a.4.a
4.A.4.a.4.a.3,4.A.4.a.4.a
4.A.4.a.4.a.4,4.A.4.a.4.a
4.A.4.a.4.a.5,4.A.4.a.4.a
4.A.4.a.5,4.A.4.a
4.A.4.a.5.a,4.A.4.a.5
4.A.4.a.5.a.1,4.A.4.a.5.a
4.A.4.a.5.a.2,4.A.4.a.5.a
4.A.4.a.5.a.3,4.A.4.a.5.a
4.A.4.a.5.a.4,4.A.4.a.5.a
4.A.4.a.5.a.5,4.A.4.a.5.a
4.A.4.a.5.a.6,4.A.4.a.5.a
4.A.4.a.5.b,4.A.4.a.5
4.A.4.a.5.b.1,4.A.4.a.5.b
4.A.4.a.5.b.2,4.A.4.a.5.b
4.A.4.a.5.b.3,4.A.4.a.5.b
4.A.4.a.5.b.4,4.A.4.a.5.b
4.A.4.a.5.b.5,4.A.4.a.5.b
4.A.4.a.5.c,4.A.4.a.5
4.A.4.a.5.c.1,4.A.4.a.5.c
4.A.4.a.5.c.2,4.A.4.a.5.c
4.A.4.a.5.c.3,4.A.4.a.5.c
4.A.4.a.5.c.4,4.A.4.a.5.c
4.A.4.a.5.c.5,4.A.4.a.5.c
4.A.4.a.5.c.6,4.A.4.a.5.c
4.A.4.a.5.c.7,4.A.4.a.5.c
4.A.4.a.5.c.8,4.A.4.a.5.c
4.A.4.a.5.c.9,4.A.4.a.5.c
4.A.4.a.5.c.10,4.A.4.a.5.c
4.A.4.a.5.c.11,4.A.4.a.5.c
4.A.4.a.5.d,4.A.4.a.5
4.A.4.a.5.d.1,4.A.4.a.5.d
4.A.4.a.5.d.2,4.A.4.a.5.d
4.A.4.a.5.d.3,4.A.4.a.5.d
4.A.4.a.5.d.4,4.A.4.a.5.d
4.A.4.a.5.e,4.A.4.a.5
4.A.4.a.5.e.1,4.A.4.a.5.e
4.A.4.a.5.e.2,4.A.4.a.5.e
4.A.4.a.5.e.3,4.A.4.a.5.e
4.A.4.a.5.e.4,4.A.4.a.5.e
4.A.4.a.5.f,4.A.4.a.5
4.A.4.a.5.f.1,4.A.4.a.5.f
4.A.4.a.5.f.2,4.A.4.a.5.f
4.A.4.a.5.g,4.A.4.a.5
4.A.4.a.5.g.1,4.A.4.a.5.g
4.A.4.a.5.g.2,4.A.4.a.5.g
4.A.4.a.5.g.3,4.A.4.a.5.g
4.A.4.a.5.g.4,4.A.4.a.5.g
4.A.4.a.5.h,4.A.4.a.5
4.A.4.a.5.h.1,4.A.4.a.5.h
4.A.4.a.5.i,4.A.4.a.5
4.A.4.a.5.i.1,4.A.4.a.5.i
4.A.4.a.5.i.2,4.A.4.a.5.i
4.A.4.a.5.i.3,4.A.4.a.5.i
4.A.4.a.5.i.4,4.A.4.a.5.i
4.A.4.a.5.i.5,4.A.4.a.5.i
4.A.4.a.5.i.6,4.A.4.a.5.i
4.A.4.a.5.i.7,4.A.4.a.5.i
4.A.4.a.5.i.8,4.A.4.a.5.i
4.A.4.a.5.i.9,4.A.4.a.5.i
4.A.4.a.5.j,4.A.4.a.5
4.A.4.a.5.j.1,4.A.4.a.5.j
4.A.4.a.5.j.2,4.A.4.a.5.j
4.A.4.a.5.j.3,4.A.4.a.5.j
4.A.4.a.5.j.4,4.A.4.a.5.j
4.A.4.a.5.j.5,4.A.4.a.5.j
4.A.4.a.5.j.6,4.A.4.a.5.j
4.A.4.a.5.j.7,4.A.4.a.5.j
4.A.4.a.5.j.8,4.A.4.a.5.j
4.A.4.a.5.j.9,4.A.4.a.5.j
4.A.4.a.5.j.10,4.A.4.a.5.j
4.A.4.a.5.k,4.A.4.a.5
4.A.4.a.5.k.1,4.A.4.a.5.k
4.A.4.a.5.k.2,4.A.4.a.5.k
4.A.4.a.5.k.3,4.A.4.a.5.k
4.A.4.a.5.k.4,4.A.4.a.5.k
4.A.4.a.5.k.5,4.A.4.a.5.k
4.A.4.a.5.k.6,4.A.4.a.5.k
4.A.4.a.5.k.7,4.A.4.a.5.k
4.A.4.a.5.k.8,4.A.4.a.5.k
4.A.4.a.5.l,4.A.4.a.5
4.A.4.a.5.l.1,4.A.4.a.5.l
4.A.4.a.5.l.2,4.A.4.a.5.l
4.A.4.a.5.l.3,4.A.4.a.5.l
4.A.4.a.5.l.4,4.A.4.a.5.l
4.A.4.a.5.l.5,4.A.4.a.5.l
4.A.4.a.5.l.6,4.A.4.a.5.l
4.A.4.a.5.l.7,4.A.4.a.5.l
4.A.4.a.5.l.8,4.A.4.a.5.l
4.A.4.a.6,4.A.4.a
4.A.4.a.6.a,4.A.4.a.6
4.A.4.a.6.a.1,4.A.4.a.6.a
4.A.4.a.6.b,4.A.4.a.6
4.A.4.a.6.b.1,4.A.4.a.6.b
4.A.4.a.6.b.2,4.A.4.a.6.b
4.A.4.a.6.b.3,4.A.4.a.6.b
4.A.4.a.6.b.4,4.A.4.a.6.b
4.A.4.a.6.b.5,4.A.4.a.6.b
4.A.4.a.6.b.6,4.A.4.a.6.b
4.A.4.a.6.c,4.A.4.a.6
4.A.4.a.6.c.1,4.A.4.a.6.c
4.A.4.a.6.c.2,4.A.4.a.6.c
4.A.4.a.6.c.3,4.A.4.a.6.c
4.A.4.a.6.c.4,4.A.4.a.6.c
4.A.4.a.6.c.5,4.A.4.a.6.c
4.A.4.a.6.c.6,4.A.4.a.6.c
4.A.4.a.6.c.7,4.A.4.a.6.c
4.A.4.a.6.c.8,4.A.4.a.6.c
4.A.4.a.6.c.9,4.A.4.a.6.c
4.A.4.a.6.c.10,4.A.4.a.6.c
4.A.4.a.6.c.11,4.A.4.a.6.c
4.A.4.a.6.c.12,4.A.4.a.6.c
4.A.4.a.7,4.A.4.a
4.A.4.a.7.a,4.A.4.a.7
4.A.4.a.7.a.1,4.A.4.a.7.a
4.A.4.a.7.a.2,4.A.4.a.7.a
4.A.4.a.7.a.3,4.A.4.a.7.a
4.A.4.a.7.b,4.A.4.a.7
4.A.4.a.7.b.1,4.A.4.a.7.b
4.A.4.a.7.b.2,4.A.4.a.7.b
4.A.4.a.7.b.3,4.A.4.a.7.b
4.A.4.a.7.b.4,4.A.4.a.7.b
4.A.4.a.7.b.5,4.A.4.a.7.b
4.A.4.a.7.b.6,4.A.4.a.7.b
4.A.4.a.7.b.7,4.A.4.a.7.b
4.A.4.a.7.b.8,4.A.4.a.7.b
4.A.4.a.7.b.9,4.A.4.a.7.b
4.A.4.a.7.b.10,4.A.4.a.7.b
4.A.4.a.7.b.11,4.A.4.a.7.b
4.A.4.a.7.b.12,4.A.4.a.7.b
4.A.4.a.7.c,4.A.4.a.7
4.A.4.a.7.c.1,4.A.4.a.7.c
4.A.4.a.7.c.2,4.A.4.a.7.c
4.A.4.a.7.c.3,4.A.4.a.7.c
4.A.4.a.7.c.4,4.A.4.a.7.c
4.A.4.a.8,4.A.4.a
4.A.4.a.8.a,4.A.4.a.8
4.A.4.a.8.a.1,4.A.4.a.8.a
4.A.4.a.8.a.2,4.A.4.a.8.a
4.A.4.a.8.a.3,4.A.4.a.8.a
4.A.4.a.8.a.4,4.A.4.a.8.a
4.A.4.a.8.a.5,4.A.4.a.8.a
4.A.4.a.8.a.6,4.A.4.a.8.a
4.A.4.a.8.b,4.A.4.a.8
4.A.4.a.8.b.1,4.A.4.a.8.b
4.A.4.a.8.b.2,4.A.4.a.8.b
4.A.4.a.8.c,4.A.4.a.8
4.A.4.a.8.c.1,4.A.4.a.8.c
4.A.4.a.8.c.2,4.A.4.a.8.c
4.A.4.a.8.c.3,4.A.4.a.8.c
4.A.4.a.8.c.4,4.A.4.a.8.c
4.A.4.a.8.c.5,4.A.4.a.8.c
4.A.4.a.8.c.6,4.A.4.a.8.c
4.A.4.b,4.A.4
4.A.4.b.1,4.A.4.b
4.A.4.b.1.a,4.A.4.b.1
4.A.4.b.1.a.1,4.A.4.b.1.a
4.A.4.b.1.a.2,4.A.4.b.1.a
4.A.4.b.1.a.3,4.A.4.b.1.a
4.A.4.b.1.a.4,4.A.4.b.1.a
4.A.4.b.1.a.5,4.A.4.b.1.a
4.A.4.b.1.a.6,4.A.4.b.1.a
4.A.4.b.1.b,4.A.4.b.1
4.A.4.b.1.b.1,4.A.4.b.1.b
4.A.4.b.1.b.2,4.A.4.b.1.b
4.A.4.b.1.b.3,4.A.4.b.1.b
4.A.4.b.1.c,4.A.4.b.1
4.A.4.b.1.c.1,4.A.4.b.1.c
4.A.4.b.1.c.2,4.A.4.b.1.c
4.A.4.b.1.c.3,4.A.4.b.1.c
4.A.4.b.1.c.4,4.A.4.b.1.c
4.A.4.b.1.c.5,4.A.4.b.1.c
4.A.4.b.1.c.6,4.A.4.b.1.c
4.A.4.b.1.c.7,4.A.4.b.1.c
4.A.4.b.1.c.8,4.A.4.b.1.c
4.A.4.b.1.c.9,4.A.4.b.1.c
4.A.4.b.1.c.10,4.A.4.b.1.c
4.A.4.b.1.d,4.A.4.b.1
4.A.4.b.1.d.1,4.A.4.b.1.d
4.A.4.b.1.d.2,4.A.4.b.1.d
4.A.4.b.1.d.3,4.A.4.b.1.d
4.A.4.b.1.d.4,4.A.4.b.1.d
4.A.4.b.1.d.5,4.A.4.b.1.d
4.A.4.b.1.e,4.A.4.b.1
4.A.4.b.1.e.1,4.A.4.b.1.e
4.A.4.b.1.e.2,4.A.4.b.1.e
4.A.4.b.1.e.3,4.A.4.b.1.e
4.A.4.b.1.e.4,4.A.4.b.1.e
4.A.4.b.1.e.5,4.A.4.b.1.e
4.A.4.b.1.e.6,4.A.4.b.1.e
4.A.4.b.1.f,4.A.4.b.1
4.A.4.b.1.f.1,4.A.4.b.1.f
4.A.4.b.1.f.2,4.A.4.b.1.f
4.A.4.b.1.f.3,4.A.4.b.1.f
4.A.4.b.1.f.4,4.A.4.b.1.f
4.A.4.b.1.f.5,4.A.4.b.1.f
4.A.4.b.1.f.6,4.A.4.b.1.f
4.A.4.b.1.g,4.A.4.b.1
4.A.4.b.1.g.1,4.A.4.b.1.g
4.A.4.b.1.g.2,4.A.4.b.1.g
4.A.4.b.1.g.3,4.A.4.b.1.g
4.A.4.b.2,4.A.4.b
4.A.4.b.2.a,4.A.4.b.2
4.A.4.b.2.a.1,4.A.4.b.2.a
4.A.4.b.2.a.2,4.A.4.b.2.a
4.A.4.b.2.a.3,4.A.4.b.2.a
4.A.4.b.2.a.4,4.A.4.b.2.a
4.A.4.b.2.a.5,4.A.4.b.2.a
4.A.4.b.2.a.6,4.A.4.b.2.a
4.A.4.b.3,4.A.4.b
4.A.4.b.3.a,4.A.4.b.3
4.A.4.b.3.a.1,4.A.4.b.3.a
4.A.4.b.3.a.2,4.A.4.b.3.a
4.A.4.b.3.a.3,4.A.4.b.3.a
4.A.4.b.3.a.4,4.A.4.b.3.a
4.A.4.b.3.b,4.A.4.b.3
4.A.4.b.3.b.1,4.A.4.b.3.b
4.A.4.b.3.b.2,4.A.4.b.3.b
4.A.4.b.3.b.3,4.A.4.b.3.b
4.A.4.b.3.b.4,4.A.4.b.3.b
4.A.4.b.3.b.5,4.A.4.b.3.b
4.A.4.b.3.b.6,4.A.4.b.3.b
4.A.4.b.3.b.7,4.A.4.b.3.b
4.A.4.b.3.b.8,4.A.4.b.3.b
4.A.4.b.3.b.9,4.A.4.b.3.b
4.A.4.b.3.b.10,4.A.4.b.3.b
4.A.4.b.3.b.11,4.A.4.b.3.b
4.A.4.b.3.b.12,4.A.4.b.3.b
4.A.4.b.3.b.13,4.A.4.b.3.b
4.A.4.b.3.c,4.A.4.b.3
4.A.4.b.3.c.1,4.A.4.b.3.c
4.A.4.b.3.c.2,4.A.4.b.3.c
4.A.4.b.3.c.3,4.A.4.b.3.c
4.A.4.b.3.d,4.A.4.b.3
4.A.4.b.3.d.1,4.A.4.b.3.d
4.A.4.b.3.d.2,4.A.4.b.3.d
4.A.4.b.3.d.3,4.A.4.b.3.d
4.A.4.b.3.d.4,4.A.4.b.3.d
4.A.4.b.3.d.5,4.A.4.b.3.d
4.A.4.b.3.d.6,4.A.4.b.3.d
4.A.4.b.3.d.7,4.A.4.b.3.d
4.A.4.b.3.d.8,4.A.4.b.3.d
4.A.4.b.3.d.9,4.A.4.b.3.d
4.A.4.b.3.d.10,4.A.4.b.3.d
4.A.4.b.3.d.11,4.A.4.b.3.d
4.A.4.b.3.d.12,4.A.4.b.3.d
4.A.4.b.3.d.13,4.A.4.b.3.d
4.A.4.b.3.d.14,4.A.4.b.3.d
4.A.4.b.3.d.15,4.A.4.b.3.d
4.A.4.b.3.d.16,4.A.4.b.3.d
4.A.4.b.3.d.17,4.A.4.b.3.d
4.A.4.b.3.d.18,4.A.4.b.3.d
4.A.4.b.3.d.19,4.A.4.b.3.d
4.A.4.b.3.d.20,4.A.4.b.3.d
4.A.4.b.3.d.21,4.A.4.b.3.d
4.A.4.b.3.e,4.A.4.b.3
4.A.4.b.3.e.1,4.A.4.b.3.e
4.A.4.b.3.e.2,4.A.4.b.3.e
4.A.4.b.3.e.3,4.A.4.b.3.e
4.A.4.b.3.e.4,4.A.4.b.3.e
4.A.4.b.3.e.5,4.A.4.b.3.e
4.A.4.b.3.e.6,4.A.4.b.3.e
4.A.4.b.3.e.7,4.A.4.b.3.e
4.A.4.b.3.f,4.A.4.b.3
4.A.4.b.3.f.1,4.A.4.b.3.f
4.A.4.b.3.f.2,4.A.4.b.3.f
4.A.4.b.3.f.3,4.A.4.b.3.f
4.A.4.b.3.f.4,4.A.4.b.3.f
4.A.4.b.3.f.5,4.A.4.b.3.f
4.A.4.b.3.f.6,4.A.4.b.3.f
4.A.4.b.3.f.7,4.A.4.b.3.f
4.A.4.b.3.f.8,4.A.4.b.3.f
4.A.4.b.3.f.9,4.A.4.b.3.f
4.A.4.b.3.f.10,4.A.4.b.3.f
4.A.4.b.3.f.11,4.A.4.b.3.f
4.A.4.b.4,4.A.4.b
4.A.4.b.4.a,4.A.4.b.4
4.A.4.b.4.a.1,4.A.4.b.4.a
4.A.4.b.4.a.2,4.A.4.b.4.a
4.A.4.b.4.a.3,4.A.4.b.4.a
4.A.4.b.4.a.4,4.A.4.b.4.a
4.A.4.b.4.a.5,4.A.4.b.4.a
4.A.4.b.4.a.6,4.A.4.b.4.a
4.A.4.b.4.a.7,4.A.4.b.4.a
4.A.4.b.4.a.8,4.A.4.b.4.a
4.A.4.b.4.a.9,4.A.4.b.4.a
4.A.4.b.4.a.10,4.A.4.b.4.a
4.A.4.b.4.a.11,4.A.4.b.4.a
4.A.4.b.4.a.12,4.A.4.b.4.a
4.A.4.b.4.a.13,4.A.4.b.4.a
4.A.4.b.4.a.14,4.A.4.b.4.a
4.A.4.b.4.a.15,4.A.4.b.4.a
4.A.4.b.4.a.16,4.A.4.b.4.a
4.A.4.b.4.a.17,4.A.4.b.4.a
4.A.4.b.4.a.18,4.A.4.b.4.a
4.A.4.b.4.a.19,4.A.4.b.4.a
4.A.4.b.4.b,4.A.4.b.4
4.A.4.b.4.b.1,4.A.4.b.4.b
4.A.4.b.4.c,4.A.4.b.4
4.A.4.b.4.c.1,4.A.4.b.4.c
4.A.4.b.4.c.2,4.A.4.b.4.c
4.A.4.b.4.c.3,4.A.4.b.4.c
4.A.4.b.4.d,4.A.4.b.4
4.A.4.b.4.d.1,4.A.4.b.4.d
4.A.4.b.4.d.2,4.A.4.b.4.d
4.A.4.b.4.e,4.A.4.b.4
4.A.4.b.4.e.1,4.A.4.b.4.e
4.A.4.b.4.e.2,4.A.4.b.4.e
4.A.4.b.4.e.3,4.A.4.b.4.e
4.A.4.b.4.e.4,4.A.4.b.4.e
4.A.4.b.4.e.5,4.A.4.b.4.e
4.A.4.b.4.e.6,4.A.4.b.4.e
4.A.4.b.4.e.7,4.A.4.b.4.e
4.A.4.b.4.e.8,4.A.4.b.4.e
4.A.4.b.4.e.9,4.A.4.b.4.e
4.A.4.b.4.e.10,4.A.4.b.4.e
4.A.4.b.4.e.11,4.A.4.b.4.e
4.A.4.b.4.f,4.A.4.b.4
4.A.4.b.4.f.1,4.A.4.b.4.f
4.A.4.b.4.f.2,4.A.4.b.4.f
4.A.4.b.4.f.3,4.A.4.b.4.f
4.A.4.b.4.f.4,4.A.4.b.4.f
4.A.4.b.4.g,4.A.4.b.4
4.A.4.b.4.g.1,4.A.4.b.4.g
4.A.4.b.4.g.2,4.A.4.b.4.g
4.A.4.b.4.g.3,4.A.4.b.4.g
4.A.4.b.4.h,4.A.4.b.4
4.A.4.b.4.h.1,4.A.4.b.4.h
4.A.4.b.4.h.2,4.A.4.b.4.h
4.A.4.b.4.h.3,4.A.4.b.4.h
4.A.4.b.4.h.4,4.A.4.b.4.h
4.A.4.b.4.h.5,4.A.4.b.4.h
4.A.4.b.4.h.6,4.A.4.b.4.h
4.A.4.b.4.h.7,4.A.4.b.4.h
4.A.4.b.4.h.8,4.A.4.b.4.h
4.A.4.b.4.h.9,4.A.4.b.4.h
4.A.4.b.4.h.10,4.A.4.b.4.h
4.A.4.b.4.i,4.A.4.b.4
4.A.4.b.4.i.1,4.A.4.b.4.i
4.A.4.b.4.i.2,4.A.4.b.4.i
4.A.4.b.4.i.3,4.A.4.b.4.i
4.A.4.b.4.i.4,4.A.4.b.4.i
4.A.4.b.4.i.5,4.A.4.b.4.i
4.A.4.b.4.i.6,4.A.4.b.4.i
4.A.4.b.4.i.7,4.A.4.b.4.i
4.A.4.b.4.j,4.A.4.b.4
4.A.4.b.4.j.1,4.A.4.b.4.j
4.A.4.b.4.j.2,4.A.4.b.4.j
4.A.4.b.4.j.3,4.A.4.b.4.j
4.A.4.b.4.j.4,4.A.4.b.4.j
4.A.4.b.4.j.5,4.A.4.b.4.j
4.A.4.b.4.j.6,4.A.4.b.4.j
4.A.4.b.4.j.7,4.A.4.b.4.j
4.A.4.b.4.j.8,4.A.4.b.4.j
4.A.4.b.4.j.9,4.A.4.b.4.j
4.A.4.b.4.j.10,4.A.4.b.4.j
4.A.4.b.4.j.11,4.A.4.b.4.j
4.A.4.b.4.j.12,4.A.4.b.4.j
4.A.4.b.4.j.13,4.A.4.b.4.j
4.A.4.b.4.j.14,4.A.4.b.4.j
4.A.4.b.4.j.15,4.A.4.b.4.j
4.A.4.b.4.j.16,4.A.4.b.4.j
4.A.4.b.4.j.17,4.A.4.b.4.j
4.A.4.b.4.j.18,4.A.4.b.4.j
4.A.4.b.4.j.19,4.A.4.b.4.j
4.A.4.b.4.j.20,4.A.4.b.4.j
4.A.4.b.4.j.21,4.A.4.b.4.j
4.A.4.b.4.j.22,4.A.4.b.4.j
4.A.4.b.4.j.23,4.A.4.b.4.j
4.A.4.b.4.j.24,4.A.4.b.4.j
4.A.4.b.4.j.25,4.A.4.b.4.j
4.A.4.b.4.j.26,4.A.4.b.4.j
4.A.4.b.4.j.27,4.A.4.b.4.j
4.A.4.b.4.j.28,4.A.4.b.4.j
4.A.4.b.4.j.29,4.A.4.b.4.j
4.A.4.b.4.j.30,4.A.4.b.4.j
4.A.4.b.4.j.31,4.A.4.b.4.j
4.A.4.b.4.j.32,4.A.4.b.4.j
4.A.4.b.4.j.33,4.A.4.b.4.j
4.A.4.b.4.j.34,4.A.4.b.4.j
4.A.4.b.4.j.35,4.A.4.b.4.j
4.A.4.b.4.j.36,4.A.4.b.4.j
4.A.4.b.4.j.37,4.A.4.b.4.j
4.A.4.b.4.j.38,4.A.4.b.4.j
4.A.4.b.4.j.39,4.A.4.b.4.j
4.A.4.b.4.k,4.A.4.b.4
4.A.4.b.4.k.1,4.A.4.b.4.k
4.A.4.b.4.k.2,4.A.4.b.4.k
4.A.4.b.4.k.3,4.A.4.b.4.k
4.A.4.b.4.k.4,4.A.4.b.4.k
4.A.4.b.4.k.5,4.A.4.b.4.k
4.A.4.b.4.l,4.A.4.b.4
4.A.4.b.4.l.1,4.A.4.b.4.l
4.A.4.b.4.l.2,4.A.4.b.4.l
4.A.4.b.4.l.3,4.A.4.b.4.l
4.A.4.b.4.l.4,4.A.4.b.4.l
4.A.4.b.5,4.A.4.b
4.A.4.b.5.a,4.A.4.b.5
4.A.4.b.5.a.1,4.A.4.b.5.a
4.A.4.b.6,4.A.4.b
4.A.4.b.6.a,4.A.4.b.6
4.A.4.b.6.a.1,4.A.4.b.6.a
4.A.4.b.6.a.2,4.A.4.b.6.a
4.A.4.b.6.a.3,4.A.4.b.6.a
4.A.4.b.6.a.4,4.A.4.b.6.a
4.A.4.b.6.a.5,4.A.4.b.6.a
4.A.4.b.6.b,4.A.4.b.6
4.A.4.b.6.b.1,4.A.4.b.6.b
4.A.4.b.6.b.2,4.A.4.b.6.b
4.A.4.b.6.b.3,4.A.4.b.6.b
4.A.4.b.6.b.4,4.A.4.b.6.b
4.A.4.b.6.c,4.A.4.b.6
4.A.4.b.6.c.1,4.A.4.b.6.c
4.A.4.b.6.c.2,4.A.4.b.6.c
4.A.4.b.6.c.3,4.A.4.b.6.c
4.A.4.b.6.c.4,4.A.4.b.6.c
4.A.4.b.6.d,4.A.4.b.6
4.A.4.b.6.d.1,4.A.4.b.6.d
4.A.4.b.6.d.2,4.A.4.b.6.d
4.A.4.b.6.d.3,4.A.4.b.6.d
4.A.4.b.6.d.4,4.A.4.b.6.d
4.A.4.b.6.d.5,4.A.4.b.6.d
4.A.4.b.6.d.6,4.A.4.b.6.d
4.A.4.b.6.e,4.A.4.b.6
4.A.4.b.6.e.1,4.A.4.b.6.e
4.A.4.b.6.e.2,4.A.4.b.6.e
4.A.4.b.6.e.3,4.A.4.b.6.e
4.A.4.b.6.e.4,4.A.4.b.6.e
4.A.4.b.6.e.5,4.A.4.b.6.e
4.A.4.b.6.e.6,4.A.4.b.6.e
4.A.4.b.6.e.7,4.A.4.b.6.e
4.A.4.b.6.e.8,4.A.4.b.6.e
4.A.4.b.6.e.9,4.A.4.b.6.e
4.A.4.b.6.e.10,4.A.4.b.6.e
4.A.4.b.6.e.11,4.A.4.b.6.e
4.A.4.b.6.e.12,4.A.4.b.6.e
4.A.4.b.6.f,4.A.4.b.6
4.A.4.b.6.f.1,4.A.4.b.6.f
4.A.4.b.6.f.2,4.A.4.b.6.f
4.A.4.b.6.f.3,4.A.4.b.6.f
4.A.4.b.6.f.4,4.A.4.b.6.f
4.A.4.b.6.f.5,4.A.4.b.6.f
4.A.4.b.6.g,4.A.4.b.6
4.A.4.b.6.g.1,4.A.4.b.6.g
4.A.4.b.6.g.2,4.A.4.b.6.g
4.A.4.b.6.g.3,4.A.4.b.6.g
4.A.4.b.6.g.4,4.A.4.b.6.g
4.A.4.b.6.g.5,4.A.4.b.6.g
4.A.4.b.6.g.6,4.A.4.b.6.g
4.A.4.b.6.g.7,4.A.4.b.6.g
4.A.4.b.6.g.8,4.A.4.b.6.g
4.A.4.b.6.h,4.A.4.b.6
4.A.4.b.6.h.1,4.A.4.b.6.h
4.A.4.b.6.h.2,4.A.4.b.6.h
4.A.4.b.6.h.3,4.A.4.b.6.h
4.A.4.b.6.h.4,4.A.4.b.6.h
4.A.4.b.6.i,4.A.4.b.6
4.A.4.b.6.i.1,4.A.4.b.6.i
4.A.4.b.6.i.2,4.A.4.b.6.i
4.A.4.b.6.i.3,4.A.4.b.6.i
4.A.4.b.6.j,4.A.4.b.6
4.A.4.b.6.j.1,4.A.4.b.6.j
4.A.4.b.6.j.2,4.A.4.b.6.j
4.A.4.b.6.j.3,4.A.4.b.6.j
4.A.4.b.6.j.4,4.A.4.b.6.j
4.A.4.b.6.j.5,4.A.4.b.6.j
4.A.4.b.6.j.6,4.A.4.b.6.j
4.A.4.b.6.j.7,4.A.4.b.6.j
4.A.4.b.6.k,4.A.4.b.6
4.A.4.b.6.k.1,4.A.4.b.6.k
4.A.4.b.6.k.2,4.A.4.b.6.k
4.A.4.b.6.k.3,4.A.4.b.6.k
4.A.4.c,4.A.4
4.A.4.c.1,4.A.4.c
4.A.4.c.1.a,4.A.4.c.1
4.A.4.c.1.a.1,4.A.4.c.1.a
4.A.4.c.1.a.2,4.A.4.c.1.a
4.A.4.c.1.a.3,4.A.4.c.1.a
4.A.4.c.1.a.4,4.A.4.c.1.a
4.A.4.c.1.a.5,4.A.4.c.1.a
4.A.4.c.1.a.6,4.A.4.c.1.a
4.A.4.c.1.a.7,4.A.4.c.1.a
4.A.4.c.1.a.8,4.A.4.c.1.a
4.A.4.c.1.a.9,4.A.4.c.1.a
4.A.4.c.1.a.10,4.A.4.c.1.a
4.A.4.c.1.b,4.A.4.c.1
4.A.4.c.1.b.1,4.A.4.c.1.b
4.A.4.c.1.b.2,4.A.4.c.1.b
4.A.4.c.1.c,4.A.4.c.1
4.A.4.c.1.c.1,4.A.4.c.1.c
4.A.4.c.1.c.2,4.A.4.c.1.c
4.A.4.c.1.c.3,4.A.4.c.1.c
4.A.4.c.1.c.4,4.A.4.c.1.c
4.A.4.c.1.c.5,4.A.4.c.1.c
4.A.4.c.1.c.6,4.A.4.c.1.c
4.A.4.c.1.c.7,4.A.4.c.1.c
4.A.4.c.1.c.8,4.A.4.c.1.c
4.A.4.c.1.c.9,4.A.4.c.1.c
4.A.4.c.1.c.10,4.A.4.c.1.c
4.A.4.c.1.c.11,4.A.4.c.1.c
4.A.4.c.1.c.12,4.A.4.c.1.c
4.A.4.c.1.c.13,4.A.4.c.1.c
4.A.4.c.1.d,4.A.4.c.1
4.A.4.c.1.d.1,4.A.4.c.1.d
4.A.4.c.1.d.2,4.A.4.c.1.d
4.A.4.c.1.d.3,4.A.4.c.1.d
4.A.4.c.1.d.4,4.A.4.c.1.d
4.A.4.c.1.e,4.A.4.c.1
4.A.4.c.1.e.1,4.A.4.c.1.e
4.A.4.c.1.e.2,4.A.4.c.1.e
4.A.4.c.1.e.3,4.A.4.c.1.e
4.A.4.c.1.e.4,4.A.4.c.1.e
4.A.4.c.1.e.5,4.A.4.c.1.e
4.A.4.c.1.f,4.A.4.c.1
4.A.4.c.1.f.1,4.A.4.c.1.f
4.A.4.c.2,4.A.4.c
4.A.4.c.2.a,4.A.4.c.2
4.A.4.c.2.a.1,4.A.4.c.2.a
4.A.4.c.2.a.2,4.A.4.c.2.a
4.A.4.c.2.a.3,4.A.4.c.2.a
4.A.4.c.2.a.4,4.A.4.c.2.a
4.A.4.c.2.a.5,4.A.4.c.2.a
4.A.4.c.2.a.6,4.A.4.c.2.a
4.A.4.c.2.a.7,4.A.4.c.2.a
4.A.4.c.2.a.8,4.A.4.c.2.a
4.A.4.c.2.b,4.A.4.c.2
4.A.4.c.2.b.1,4.A.4.c.2.b
4.A.4.c.2.b.2,4.A.4.c.2.b
4.A.4.c.2.b.3,4.A.4.c.2.b
4.A.4.c.3,4.A.4.c
4.A.4.c.3.a,4.A.4.c.3
4.A.4.c.3.a.1,4.A.4.c.3.a
4.A.4.c.3.a.2,4.A.4.c.3.a
4.A.4.c.3.a.3,4.A.4.c.3.a
4.A.4.c.3.a.4,4.A.4.c.3.a
4.A.4.c.3.a.5,4.A.4.c.3.a
4.A.4.c.3.a.6,4.A.4.c.3.a
4.A.4.c.3.b,4.A.4.c.3
4.A.4.c.3.b.1,4.A.4.c.3.b
4.A.4.c.3.c,4.A.4.c.3
4.A.4.c.3.c.1,4.A.4.c.3.c
4.A.4.c.3.c.2,4.A.4.c.3.c
4.A.4.c.3.c.3,4.A.4.c.3.c
4.A.4.c.3.c.4,4.A.4.c.3.c
4.A.4.c.3.c.5,4.A.4.c.3.c
4.A.4.c.3.c.6,4.A.4.c.3.c
4.A.4.c.3.c.7,4.A.4.c.3.c
4.A.4.c.3.c.8,4.A.4.c.3.c
4.A.4.c.3.d,4.A.4.c.3
4.A.4.c.3.d.1,4.A.4.c.3.d
4.A.4.c.3.d.2,4.A.4.c.3.d
4.A.4.c.3.d.3,4.A.4.c.3.d
4.A.4.c.3.e,4.A.4.c.3
4.A.4.c.3.e.1,4.A.4.c.3.e
4.A.4.c.3.e.2,4.A.4.c.3.e
4.A.4.c.3.e.3,4.A.4.c.3.e
4.A.4.c.3.e.4,4.A.4.c.3.e
4.A.4.c.3.e.5,4.A.4.c.3.e
4.A.4.c.3.e.6,4.A.4.c.3.e
4.A.4.c.3.e.7,4.A.4.c.3.e
4.A.4.c.3.e.8,4.A.4.c.3.e
4.A.4.c.3.f,4.A.4.c.3
4.A.4.c.3.f.1,4.A.4.c.3.f
4.A.4.c.3.f.2,4.A.4.c.3.f
4.A.4.c.3.f.3,4.A.4.c.3.f
4.A.4.c.3.f.4,4.A.4.c.3.f
4.A.4.c.3.g,4.A.4.c.3
4.A.4.c.3.g.1,4.A.4.c.3.g
4.A.4.c.3.g.2,4.A.4.c.3.g
4.A.4.c.3.g.3,4.A.4.c.3.g
4.A.4.c.3.g.4,4.A.4.c.3.g
4.A.4.c.3.g.5,4.A.4.c.3.g
6f7134c0-0322-5d78-91dc-1d44505f3c7e,2.E.5.b
7dec8be6-7895-5154-8b91-4e89e55d9f51,2.E.6.f
fc7380cd-3d44-5446-9638-7800088d8917,2.E.5.a
7af45286-90d2-5bd8-9504-d8a5678d395e,2.E.6.c
40c61bf1-5d92-5b98-94e5-7d461c785c8d,2.E.2.a
e966fb41-4bb1-5050-91d1-5dfc128acdcd,2.E.6.e
d4b4388e-c529-5546-9174-90275b439165,2.E.6.f
70b778f2-fe89-5e16-8a79-47c9c2188c9d,2.E.16.a
59c14575-e62e-5d4e-8231-426343b36193,2.E.2.e
32815427-4dcc-54b2-b282-e3263f84bc49,2.E.7.c
78ebd9a2-9c00-5ab7-b713-9601032293bb,2.E.2.a
8e1ede4c-08a2-5e47-bc85-8266d45482f0,2.E.4.b
36b41309-938e-595b-b4a0-395442c746ff,2.E.1.c
5d061053-f7f4-5917-8a46-30e8d33f217c,2.E.1.c
f8ee357d-d016-5a26-8b87-28793c112c29,2.E.1.e
0e198ff4-ebf3-572c-9194-3580490fbc38,2.E.1.e
ae866454-8487-5366-af08-e3e1b992066d,2.E.1.c
767ff387-7564-5207-ae9a-f6fd26423af8,2.E.1.c
bd52fa30-12cf-51aa-ab31-ad909519cb4d,2.E.2.a
71fb8bd3-2753-5592-88c0-71b707802099,2.E.16.a
c06fc874-3158-5f25-8e2c-1adb86ad5f71,2.E.9.d
ff65ba5e-b71f-5d85-8f98-d4c75b8ce722,2.E.4.f
f4f0c0f4-5d2c-5012-83af-4ce48e36cc8a,2.E.6.f
631f9480-447e-5f6d-8bfd-8faa595511ef,2.E.2.b
01b195a0-5eaf-5572-aa6f-2c7faa3f3cd9,2.E.2.b
8547ef73-1e3d-53f0-9452-39d0bf72f162,2.E.2.b
c84749f9-f542-5fe3-9b75-7e7022ffaaef,2.E.4.i
ed9e386a-da0c-5619-9449-364c082276bb,2.E.2.d
0a46267a-111d-5d75-98e1-172f1b0bebdd,2.E.1.k
aa21a34f-d218-5403-a0d7-d9448677adc5,2.E.16.a
cc1c745c-136a-53fb-93ee-a3fcba95befe,2.E.4.f
1cd11498-1ff6-5316-8dfc-dca09317a866,2.E.1.e
57ffbc42-42d6-5264-b322-3b588b11fdd7,2.E.4.k
0d822b52-a33c-50ab-a0ad-eb47bfb3cefa,2.E.5.b
dc81378f-bbf5-54f3-9564-f1aa1e84c7e2,2.E.4.d
11778e6d-9726-591c-8195-3caa17a649d2,2.E.9.d
835a419c-d9f7-5197-bef4-29da6b713429,2.E.2.e
5e73ce5b-239a-58a9-8362-c80d3cb99c83,2.E.9.d
9ccd63fc-721f-5382-a31b-9bd4ba128362,2.E.2.b
544a9687-afda-55c5-bdd6-26791c902616,2.E.2.b
eb9c6869-d400-51eb-a6cd-1522ce59508d,2.E.6.c
8deeeaad-725b-5177-96bf-3649c78b3b4e,2.E.7.h
3237d292-2d74-5e56-8883-29e7813762b1,2.E.6.d
d6f41bcd-579d-5a0d-a010-d0d3832e5166,2.E.2.a
e7259b65-fbea-5da0-8772-3f62f4a22f71,2.E.2.b
b122da44-0b35-5a9a-aac2-69f925ae0076,2.E.4.b
d1fe8ca0-9fd4-5da3-ad7e-418349c4712d,2.E.6.f
f72abb66-fb1c-5da8-a176-cb261895b420,2.E.10.e
7eebbc62-93a4-5755-a87c-113b95e1c913,2.E.4.b
d05d4fa8-8383-54f0-9f8e-c12cb3e48a44,2.E.4.g
3a25920b-ada8-50b5-94d8-44a70367f2fa,2.E.2.b
05a330f0-e3f2-5824-8471-5fed00695b09,2.E.6.c
e13bcc44-87d1-548d-a1c1-81610d28ac03,2.E.4.h
01d96275-25ab-5d25-aafc-7617d3a07fc3,2.E.6.f
a0ab3c3c-1121-5ae7-b982-5157c50f1081,2.E.6.m
b0ce0bbc-b7fb-545f-8f26-8368f30a9f0b,2.E.16.b
cc8b5331-36b4-55ef-b394-6bda7e5f2d1d,2.E.6.c
43e159a0-0926-50b8-9a2e-0551d4e2ee44,2.E.6.c
9e59c6c1-b064-557c-a9ca-7daef24e604a,2.E.4.b
534a67bb-302d-5d72-b4f6-7e8bba181699,2.E.1.c
4c0465be-5f49-5f47-a77f-c4d490704c9e,2.E.6.f
4656a461-4704-59b8-82fd-3a5f0c5d76ce,2.E.6.f
bc32beee-0ca9-55aa-9102-8034a8b61946,2.E.6.c
e2084e28-fc47-57f5-b5c3-6092d6b18808,2.E.6.d
d9444563-4241-59b1-aab4-414ad812eefd,2.E.4.c
e6c87e82-c211-5faf-bf0a-8d98452aff9a,2.E.4.f
0dd42421-0a96-576c-be62-5e280e0fcf0c,2.E.13.c
ac9cee06-2f0a-51fd-81c4-3ff1918ca8aa,2.E.1.e
cb4a278c-a0b2-5b9d-87aa-74954b7bcaed,2.E.9.c
15605c8a-3ec9-5a5e-871b-33ca0192e5f9,2.E.6.c
37b89ca0-8bd6-5ffb-b801-0645af4c4ae5,2.E.6.f
26fed10c-5400-520d-be1f-f736556a2953,2.E.12.a
77474ed1-3371-597f-9b08-a4ac0bea2367,2.E.9.k
e0b27f02-54d8-54aa-af3a-ab81375870a6,2.E.6.l
b36e110b-f0f5-5cee-8159-d7d2c14d0e6f,2.E.6.f
40eb4902-a5b2-5558-8ef6-78af56c9b0d6,2.E.6.g
b12576f7-7067-5a79-bfbf-b24ce867c83e,2.E.2.b
3badec95-cde2-5793-adac-bc7f9adfedd5,2.E.2.d
444046ae-b237-5dd6-91b0-198992f4e8d2,2.E.16.i
0ff6c418-5953-5e55-9e91-6be4b46acee0,2.E.9.i
8816473f-7dfe-5b40-b6d6-152a6c15b5b2,2.E.10.b
7d831dc8-1533-5541-8f69-f51e830079a6,2.E.4.d
c70cd3c7-ff46-5014-a4d3-81499e3e3bf1,2.E.6.f
f230966a-f669-5b40-9fc7-2093fabfefac,2.E.4.c
93af516a-414f-56cc-8f9b-8ea2b5ca322d,2.E.8.h
58d9e856-8515-5f04-8fc0-bac07dbc925e,2.E.1.l
7b0110ad-8461-5e36-82b1-ec1dee92d61a,2.E.6.g
2179e08f-07ac-53ab-9cef-1c4ea9311c88,2.E.4.d
a5bc0fce-f47d-59ac-b691-0a87da5525c5,2.E.16.i
bec2af41-8ce7-5f78-91e6-b0024343f511,2.E.4.f
d282857b-8591-596c-a853-8375c839ccfe,2.E.16.d
68bbc384-dae0-5d22-ac71-1cee1a3fc861,2.E.6.c
ab2a2ac8-b05e-5c9f-84f9-6f73fd723d11,2.E.1.l
4b6a70e1-ad7d-5bd0-981c-8ef5c2ce136b,2.E.1.c
50904b83-3d6a-51ce-926f-93cbb57c5d18,2.E.6.m
d98454b0-962b-5b32-bf76-0e697dcaa323,2.E.12.b
cffdeff8-7a1e-5727-923c-63786672ef2c,2.E.7.c
a5db3e1b-9cf7-5901-bb47-e12196a50592,2.E.16.a
7f0c997d-4a41-52c1-b346-4e6b6f777e1f,2.E.17.a
8b87e693-809d-5eb1-8efe-d46bafc823ad,2.E.9.d
f5755bcd-9c5e-588b-b202-34b3b06c76ba,2.E.9.b
83cd49ee-a1ae-5da2-a2c4-ee03f89d9630,2.E.13.c
21f23da4-c600-592f-87b9-faf4eed5d6b4,2.E.2.e
86a2130e-8334-5a18-942f-bb6d2ceb91a3,2.E.2.e
0863aa39-f846-56b1-a19d-74d6e54bde1c,2.E.6.h
2f80031e-8a14-5776-9190-1db4940b986e,2.E.4.g
2bab81e7-b9a9-53fe-b2bb-2b4bb1288794,2.E.1.d
83489a92-ba7e-551f-be33-b77b2d6d7020,2.E.1.l
0b9ede20-cb0c-5de9-9136-005bac0f5056,2.E.6.c
13cb6af1-2c1a-5928-985d-0945ff986d6c,2.E.14.d
556d6d7f-ec0e-587b-9f32-93f81b57efaf,2.E.9.i
58072944-d98c-5a52-9eae-2519d856b843,2.E.16.a
62bdd10e-022e-5f2d-a2fe-d764b1eef9d8,2.E.4.g
39229927-103c-5c34-a9be-de04edc06950,2.E.10.e
a7916b0c-352d-58f0-bc72-22e817912daa,2.E.4.d
80afcaff-da95-513d-bae2-9db49d35b0c4,2.E.6.f
23cc93d7-a4cd-55d0-a8f6-a312d5ef190d,2.E.1.p
f74b3060-fd36-5611-8820-58090a0f10d4,2.E.7.b
f5e0f7ae-e370-572f-912e-4f10810eb2df,2.E.7.b
a1b167a0-e1fc-5cdd-beb2-8a91db319537,2.E.13.c
7d55c85f-2ed2-5edd-b2fd-b02bb68e9d54,2.E.6.m
878b98dc-48fb-5828-9449-2a36c04b5ea8,2.E.9.d
d418674c-9711-5295-81c0-cefc0f8c1ac3,2.E.10.e
5010d62a-a991-5035-b70c-1c30577073c0,2.E.16.a
23fd39e4-8580-55c9-9896-390d0d9e206a,2.E.11.a
ffcbc8ff-41c2-5158-8cb0-7c846c7f74d2,2.E.2.b
2fc10b4d-adba-5667-91bc-a3bbd52c1c8f,2.E.6.c
b9f82450-c946-5d0d-8a21-5a07bb5cd63c,2.E.14.d
81b5cad9-2b0f-50fa-b18d-624cacd30dd8,2.E.6.m
31129b56-f4a0-5449-b1d1-c94ca4eed9e3,2.E.6.f
db020b2f-7d85-5ace-8762-b81233901357,2.E.2.d
7b3b8d44-9b6c-572d-bb38-8c79441ecdbd,2.E.6.c
45d5fe18-a69f-5233-a036-e879ca43e316,2.E.2.b
c9d18266-6749-5eb6-8d84-0c554a6b56d2,2.E.2.b
ead8b0e7-118f-5b8b-8cf5-f1c84877a61a,2.E.2.b
6feb4bbf-1ec8-5afc-b560-8e498f211faf,2.E.2.b
086a68b1-be45-5e1f-be18-6e49ee8f9fe0,2.E.1.e
3b051929-937e-5b16-a470-c4f695ba03ce,2.E.13.c
9f50f704-8170-5850-8fdc-757802319767,2.E.1.c
5ce1ef01-6175-5a3b-866b-daddb77af65b,2.E.2.e
70174111-53a1-5651-b20a-a5dce8495b47,2.E.1.c
4a981c4c-3533-5faa-8d3d-61ee792c8f66,2.E.6.j
a36b627f-f6d8-547c-bb00-79f5c01cc793,2.E.7.a
740120a4-a5c4-56c1-ad63-d89c97e63869,2.E.6.m
80d75446-281d-5960-85af-c3db2455f822,2.E.6.i
a29bac56-cefb-5521-97ac-3520dd7699c4,2.E.7.e
4c9fad8b-b4fa-5c22-94fb-162862e12ec4,2.E.1.e
6ff091b8-3fe3-504d-a6de-0db8da34e37e,2.E.2.d
6a2101b2-7e14-592f-b399-9599c282642a,2.E.6.c
92e47d5a-9596-5266-92e9-7fc2c92750b9,2.E.2.b
afd199ae-0829-5f0e-97e5-febdfaafd7b5,2.E.6.e
e13871af-2189-5d0c-8033-5173109fa61c,2.E.9.d
e9e47c19-c25f-5411-bb53-d177d99d3a77,2.E.6.f
34c969aa-3415-5d0f-8f31-813340e8a115,2.E.4.c
fe67402c-374b-56f1-a0a2-21aa5f1cfa7a,2.E.10.e
596b0fd2-3323-50c9-ba5f-7c778654339b,2.E.13.c
c39f641f-fb60-5ae1-b017-d312abecdede,2.E.9.k
0e54a53f-0ec1-5435-8dd0-c77c23819131,2.E.16.i
b1ac828d-5cbc-5e1a-b919-7258e26a29c2,2.E.4.g
5129e903-8826-5ddf-8128-5728fc9d0e3f,2.E.6.c
e464f8cd-d55b-54ef-9ff2-6105720d4ca6,2.E.11.e
c7fda3ec-99db-5095-a08a-a8910242fd1f,2.E.9.d
49539434-8dc7-5ce6-85a7-d3d6c506e649,2.E.6.c
e5ad2fd0-0d8c-5a16-9fba-c9a7213c9f54,2.E.9.g
1124c4a5-ddec-5211-8593-1114d5a10da3,2.E.2.a
19eff670-1452-59b7-83e8-ba3e39492e6e,2.E.6.d
1b7854d8-f85e-575a-8b9d-5c72e8079c0e,2.E.9.d
40015284-97b8-5c3d-9b0a-546cab46e3ea,2.E.6.c
23c73bb9-301b-5b39-9322-18f434db67f2,2.E.15.f
23e913c9-b71c-5206-af07-25b0ab0c711c,2.E.6.c
e8036236-ba82-5d47-8fbb-6012fa3a8d55,2.E.6.f
64a3d042-f406-5081-98ef-50ba0162feef,2.E.4.c
3df2657b-666a-53fb-b149-7c7df383a8b6,2.E.4.k
3860a745-229a-5acc-aa4c-66c2d083078f,2.E.4.k
e99a7998-b24f-5eeb-82c7-3ffb5dbc3517,2.E.4.f
9e40732f-0bdb-5882-98c9-a47a7c51bc8f,2.E.4.d
298581dc-61da-5ebe-94fa-ef96231dd43d,2.E.4.i
b25cc087-e517-5806-9096-723ee4c0ece1,2.E.12.a
72741c49-7564-57e5-838d-5a0653696c48,2.E.16.b
a4cb1ea7-d30f-51ff-9696-76bcc3b9fa19,2.E.1.k
1e478f0f-849a-562d-b13c-ed2e5f6b239b,2.E.4.d
0007d1c2-3fd3-5a2b-ad3a-3d68cf21038a,2.E.4.d
8075dfeb-bd95-5f3d-b03f-f02d5907f7a3,2.E.6.f
2ec69dfd-d81b-5e26-9de5-81707dca00ac,2.E.16.b
f1bb35be-9020-5462-ba27-2376a3771303,2.E.16.e
510d50fc-86a4-5723-93f8-84433bfb3bed,2.E.4.h
f8deee96-6a76-5611-bd96-557fd531e593,2.E.4.d
ae424bbc-74c7-53b8-8629-f04dd4366d83,2.E.4.k
ae79b264-e696-521a-bf7b-a94d04e393a1,2.E.4.k
1bba1fe1-fd8e-51e5-96df-d0bb239a4de3,2.E.3.b
90461043-b04f-5ee7-8a8a-7cea002ba2d4,2.E.4.d
d58c8652-e941-51f4-8533-0ce383b28f3a,2.E.6.m
759c4ee7-55ab-5866-8d85-4bd7e8f79a1e,2.E.5.b
487a5ba3-f176-54b7-a8cf-0bbeab9757e8,2.E.4.c
20e83fee-296d-5bbd-b9af-a7fe711f019d,2.E.4.g
946bb2c7-a1a4-5078-8aff-ec32594a48a8,2.E.4.g
4a82055e-2c1c-5c1b-aba9-d4e134507d52,2.E.4.b
8476e2ff-6290-50f1-ae04-8eb6e7202e3a,2.E.4.k
de8f1cd5-4409-5171-a4c7-a69d8142a17d,2.E.4.k
7499f7ae-4a07-5739-807e-282a9ab2b0fe,2.E.4.c
84522a18-2b6d-5722-98ed-6a8073777519,2.E.6.e
57104a6f-abdd-5958-8389-d8c4c029ed4a,2.E.4.c
c79e4cc4-290c-58ea-b837-eed1d49c1111,2.E.4.c
fdd4a1df-144e-5723-ad42-46ba1f70a18e,2.E.2.b
3f06c2ca-60a3-5078-9e8b-a1068ea86061,2.E.9.d
969d0a94-3690-51f2-965c-c2c911a9bbc5,2.E.6.c
5ad1a412-39b7-5786-90bd-7d60857b37b7,2.E.9.d
f8d6b8a9-32aa-52a6-af26-4182e6f7d43f,2.E.5.b
08949e20-b0d0-5e5e-b299-2a77f8451c7b,2.E.7.h
71be6f9b-f9ce-50a2-b291-5db568193075,2.E.1.e
7b0110ad-8461-5e36-82b1-ec1dee92d61a,2.E.9.d
596c210b-9906-51a7-92f9-84ce945621a7,2.E.6.m
3c2f08bf-b2e3-5c33-98d5-8f16aa7e8300,2.E.7.c
5a2fed50-6cbf-5251-a0df-47f6cc6850c3,2.E.7.h
6e83bf1b-005b-5e74-be98-73eabf3c77f9,2.E.16.a
7060dfa1-aa76-5d09-97e7-eda22417da06,2.E.4.g
b6a4d229-3204-5b2c-934b-6f30b3a2cee3,2.E.1.f
b435e99a-3127-5397-a54a-d00fcdac3518,2.E.7.h
dd7a66c2-71ad-5f0d-af0d-56cf25d9e4cb,2.E.16.a
9e5c5ae2-dd25-575a-b6af-0a263d7a8915,2.E.6.c
4dc94bdd-442c-548c-a318-4d1af30d2e4c,2.E.6.f
80afcaff-da95-513d-bae2-9db49d35b0c4,2.E.6.d
c877b022-b2e4-5db0-8a61-04d66ed1e677,2.E.6.f
136770fc-b7bc-5dd9-91af-a98e5b05413a,2.E.6.h
1d7a166e-6e02-57f7-9fd2-156b3f6850f4,2.E.4.k
803c9080-7313-580c-a76e-5ced513abc46,2.E.9.d
094df79c-9b91-550f-9d7a-069574346ea2,2.E.4.g
86742578-b16d-5d24-a7f7-a035aec9000a,2.E.16.d
133ff59b-24e0-54d9-b5b8-59ee56b7af5b,2.E.4.c
71b53191-b255-5987-9b84-0b6d55700ca0,2.E.9.d
8c0efae7-5d22-5bd0-b8cc-3dd8674be788,2.E.1.l
c0fe011e-7ced-5779-9ecc-00216c957172,2.E.4.g
e5b948c6-8099-5d7c-9b53-aed677e3ee98,2.E.7.b
9a123b40-2281-59a2-b5b6-10742f785075,2.E.6.f
4b755124-c1cd-58aa-a46b-176380599a8a,2.E.6.f
70fab080-88c9-5671-a1cf-261904285fc8,2.E.6.d
a7d7b1af-e231-5d2b-b967-706e3b154d38,2.E.6.d
9ed9da2f-4ef4-5beb-a584-8287e35474f1,2.E.6.d
79cf52bf-f120-5be3-b866-5eb8d0a98d13,2.E.6.d
90adcc7b-df51-5853-b4d7-0f79358602f3,2.E.6.l
3993f9a3-8977-59ce-8dc9-47955c37209a,2.E.16.i
2da3620c-9319-59d2-8fd9-3668df3379a2,2.E.7.b
debb7a73-8d81-5aa0-b54e-c5b5bb66ec53,2.E.4.b
a0ce78cb-8589-5e6b-89b1-0f804c0988ee,2.E.7.h
00d46989-68c3-55fe-8a8a-1d78015702d0,2.E.6.f
91cbbb0f-e3aa-59e6-b7ff-ac1fa8292f6f,2.E.7.h
8698405a-bf60-5a6b-84ee-13c970ca7fcd,2.E.6.d
3ce5a19d-3eae-5073-b44f-f0cd1e0e0218,2.E.7.h
4baf18c5-ea6f-5335-a828-5880f83393c2,2.E.7.d
9604dbb3-8662-5b9a-98c8-9c0728e2e502,2.E.10.a
cf0391ee-3ec2-51dd-bde6-9372fb19d4f8,2.E.6.m
3775e459-fb38-54e0-98a6-be51b70aff19,2.E.16.b
c793abb9-fd8f-5b1d-a5e3-565673196aec,2.E.4.b
6956d482-c794-58a6-bed1-183aba3371da,2.E.7.e
08d1bf96-f318-5c9c-bcda-52bbf566b1fa,2.E.4.c
9600a3eb-55ce-5e2c-91a7-5e8c222252b5,2.E.7.h
75371676-4727-5e81-8973-762b2730725c,2.E.16.c
4b97941b-b5a5-56e3-8c86-36892b50e4a7,2.E.7.b
38c4a273-00b4-52db-9e9e-88d845f93650,2.E.1.e
c3455f79-9c36-528c-ad29-301191445057,2.E.7.b
e281a017-dd31-5161-b20b-778bb0474e6a,2.E.6.f
61a1e628-febd-54bd-b26d-dea08cefa0aa,2.E.8.e
789c7f1f-7116-512b-8437-c906354951ee,2.E.6.d
81bca3bc-d44c-5093-b4f1-e80767eb2d2c,2.E.1.i
6156c128-c104-5da0-b451-b380e309c96d,2.E.7.h
574bf24a-3745-5784-abfc-42ca821a3e5a,2.E.6.d
7aec2bbb-eb04-53e1-bd67-61b4c7c8cbb5,2.E.8.b
e31bd2cd-3f2c-5d7f-9281-df5c692bda89,2.E.7.e
c2ff7507-d84c-5478-90ef-bd8569d674c7,2.E.6.c
b0c2c072-9848-5e4a-bcc1-bfd6e38150e1,2.E.7.b
342dd570-a37b-5d41-a343-92e7b64a7dd6,2.E.7.h
97ecfb7e-6aa0-546e-8bfd-84dac6e1d0c1,2.E.6.c
14ea4096-7555-5545-906f-33149f1ff3ee,2.E.4.c
4cd84598-2da8-5ae7-9c71-fd398c3005aa,2.E.16.i
4327b042-d844-561d-ae16-281b4806b326,2.E.7.e
8093b2f8-0d91-5e22-942f-a83627ce4bfc,2.E.4.c
7d5b044f-a08c-5b29-9d43-804e11923675,2.E.4.c
ea8828cc-d01b-595a-8fe1-5c527b3dae05,2.E.9.c
c8060f73-c3a7-5d5b-91f5-d54f6707a1e7,2.E.4.h
94c67a45-6442-5d3c-8eed-728d6c8a53c4,2.E.2.d
c767158d-fa64-56a2-b25c-b6998d7621be,2.E.7.b
25c43fa1-3286-5dc0-804d-51964769178b,2.E.6.c
bad6fc04-8230-5163-89b8-30824a3d3f9a,2.E.4.g
ebf0cb3c-a739-5169-9022-572761dd9960,2.E.1.f
7fb15d38-1542-525f-9b0e-140e9a26737c,2.E.4.f
f1cbcb17-a8e0-50af-9f12-ce88eb48264b,2.E.6.e
067eaf46-b0b4-5c8b-9734-559c856e7663,2.E.1.c
2130141a-1535-5c7e-9bc4-c328d362774c,2.E.16.b
900365ff-5adb-528c-9448-95e7e2ff084e,2.E.4.k
d3931b77-bff4-53f4-9810-762569c6c1ae,2.E.4.c
ff5723bb-4354-54d5-90dc-1457deda35c5,2.E.6.c
0a8ab0ca-d241-5fd5-9da8-927036e7f212,2.E.16.a
815e03e0-e1a4-588d-b3fe-b18fe7d9bb78,2.E.1.k
f33dbd6e-3d0a-5a03-948d-ffeb223edee7,2.E.16.a
6cd35194-31d1-5408-8174-cad2427172e3,2.E.1.l
16d53b64-b18c-5505-acca-a46f56b15efb,2.E.4.k
b16ee7e8-4a7d-510d-8043-253f70ca1a02,2.E.1.e
ed0f63a9-2f70-5761-ab25-7fa8feec9d24,2.E.1.c
fcd8ada5-670c-51cb-9fc8-b1fe059d9c80,2.E.9.i
21b230d9-294e-5a4d-ba8e-2ca54a4f1655,2.E.13.c
30ef6f13-06cb-5039-b411-3d1eed369718,2.E.9.i
d0322be4-f471-5759-bd56-bd6414021f78,2.E.6.f
559ec8bb-eab6-52b7-a24c-5be455debcb6,2.E.2.b
c5776cd0-6804-5999-a738-44ffbd6b0d9f,2.E.9.c
4b7d17e9-774d-5a6b-96ef-d5ede000afe8,2.E.2.b
c12787ad-ca62-52bc-85e8-3bf55bd9102c,2.E.9.b
509d947a-0f51-5498-8b86-0d0241c8c0e0,2.E.12.b
94a76540-3cef-5a93-8605-587205ef8e58,2.E.1.e
da8f5b82-cf18-55c1-bf14-4218f118fd39,2.E.14.c
528991a2-6314-5492-81d2-a382f1d67370,2.E.4.b
4b75e50d-db4f-5938-9156-264e0e4915cf,2.E.1.c
0f11d2ec-4aed-5a61-a083-85f68207a40e,2.E.1.e
dcd2fd2f-25f1-5000-a078-80f264087977,2.E.9.b
339286da-74ea-5db9-90e7-b30168366213,2.E.9.b
564c768a-d184-5b71-918e-13e4f59f377d,2.E.16.i
e7e31b94-b8ee-573e-8c81-9ffd9426388d,2.E.4.h
7e582bff-8e04-55e9-ad7f-e591aab32e26,2.E.6.c
dcea16c4-2152-584f-8ad0-16d5663384f9,2.E.7.h
63c03e4c-36dd-59bb-8fb2-e242c2fbccee,2.E.7.e
5feb8bc5-2162-5bd8-97d0-c66893550106,2.E.6.d
d918327f-eb71-5685-8216-176d347ec9b0,2.E.6.k
a5b118c4-7a3b-5ab6-a4a4-b64cc4b60c53,2.E.7.b
4f5c7450-7be1-5444-82be-676cfeaf6a1f,2.E.7.h
73a7bb94-9783-56de-9fc7-c99e10deab2c,2.E.4.i
334778fa-e26a-582a-a3cf-50738a2a4680,2.E.7.h
193927e0-5759-57ed-b428-367d6392b2d0,2.E.2.f
86772d16-d0e9-5d0b-ad60-cb40136ceffe,2.E.7.e
12a31ec1-4d52-5859-b5f7-e44b47db8a18,2.E.7.e
e4a3c7c5-e530-5c0c-94a1-9b6eda0f7862,2.E.7.e
9bef409a-4bed-5b4f-bed7-4c0114c67766,2.E.7.b
ce561147-d4a4-50f5-83c2-f71edd0ab063,2.E.12.n
f915341f-1e8c-55aa-b780-b0337c6f7051,2.E.7.b
35741705-074d-5565-9384-f76b5f0698e1,2.E.11.a
6f48db2a-c77c-5d7b-9e7a-cb8ced09097c,2.E.7.e
eb86b548-95c0-5463-a86a-02e21888357a,2.E.7.c
029d57ad-0929-520b-9bde-3ffc55a463e3,2.E.7.h
1df6f736-d396-59aa-92c7-9df92cde4f9b,2.E.13.a
3a578af2-9201-57e4-adc1-f6d3fd3cda3e,2.E.1.a
97433dde-15d8-5488-bb70-bdb5231aade3,2.E.13.c
a4d37010-99ce-5fc9-b0e1-6de6153dbc19,2.E.12.m
39a37768-e28e-5d85-a77c-164c2cec8fb4,2.E.11.e
563c8555-3dc6-522e-9585-b055ddd1a22b,2.E.2.b
bc1df8bf-30ec-5913-b833-5f8fcf85121b,2.E.7.b
bf44ded6-7bf1-5bf5-8820-b2fad8e5b651,2.E.7.b
ac0bf95b-19e2-574c-9e5c-d5c793000dde,2.E.13.c
3d8e59e1-7164-531c-b439-eda664654759,2.E.6.f
3cb0cece-5b59-5162-acb3-47d967889ecc,2.E.13.c
04693c3b-57f9-5cd3-b160-7fa03beb0ce4,2.E.12.e
bcf1dd44-709e-59bf-bbd9-6fd41ccfab8b,2.E.12.a
775adb31-0b73-5f83-ae76-1e4b71ab642a,2.E.10.a
aff4475d-b2a7-590d-838a-4eef998ab88f,2.E.7.b
77ad21f9-085b-5b56-a614-16e51a480ca6,2.E.7.h
cd869ed3-ef8c-57c6-ba18-f6aca35bbed4,2.E.6.c
64775acd-4e1a-5696-ae80-45d6710d5f58,2.E.6.c
5ee3e2f4-2867-53c8-a251-f0af181f0832,2.E.2.b
2320f388-59f7-51c9-b648-de3fae6af62d,2.E.4.h
bd3181f3-a105-5cbf-8383-a9230e6affda,2.E.5.b
afcdf6ae-bbfd-5a69-8bdc-52c6522a5946,2.E.7.e
fcce6471-c806-58cf-b766-57d9a9cf5349,2.E.6.j
0000265b-13d3-552a-9fa2-323207e3691d,2.E.7.b
6916584a-26a4-5dd6-af9c-fe0f35f7995a,2.E.10.a
7bd76706-0884-57f0-a48e-dbb2c6c3e81e,2.E.12.i
75c61a60-a292-5998-9fa0-104824c9a86c,2.E.6.d
89c8aae8-2961-551b-bb0b-4f084e7d1005,2.E.10.e
d3660022-4167-517a-8832-ba9af0d672e4,2.E.7.h
b863a3bc-5eb3-5dba-a3c1-0cf69f9833c3,2.E.7.e
fdfcdb95-f55b-5a0f-b293-3cc5765c7242,2.E.7.c
c0fcbf6d-b0a2-524c-959f-7721da164430,2.E.6.k
bd54ee43-7173-5a08-b933-29fe35690708,2.E.7.e
710c053f-660c-5d50-8f7e-ba9f1cd9b141,2.E.1.e
b4c82e0c-54a7-56d1-8456-f139e7761f84,2.E.10.a
312e2fb1-758d-58e7-8b92-fb5e603ca3d8,2.E.16.a
586b1fad-22ce-5f11-a1c5-3bc52b914b85,2.E.7.a
56f2da15-207b-5c1a-b897-2ef621989d01,2.E.6.c
0780a5f5-d5c8-5583-85b4-3e7ab10d7d49,2.E.7.e
c45dbc88-eb78-5658-b579-40cc57296753,2.E.9.e
712ab07f-47ca-57c5-ae9a-aba91116b6d1,2.E.7.b
55b2e88c-c29c-5e6d-86c2-29c7f86448ef,2.E.10.a
0712740b-077d-5085-a857-a16b304668d8,2.E.6.d
e41417cf-7b96-5e94-a47a-32b7f48ddc4b,2.E.7.c
60543114-14e2-507b-bac1-1bb25f63f806,2.E.7.h
62d10efe-08fb-52a7-bcde-a8f569db54c1,2.E.16.a
78796601-1be5-51ad-bc13-b4cd8b5ee69d,2.E.13.c
fb686dac-b33c-5fa0-bcc1-e05c17edaafa,2.E.10.a
5fe93636-4f6e-5519-8bcf-9fa51c59d502,2.E.13.a
6c0efe11-e688-5780-9db5-14a35eded403,2.E.14.e
96b5f778-d776-55f5-aba9-1201a64af546,2.E.7.h
c47497bd-76f5-51e4-aede-0821aef978d0,2.E.13.a
2db9dac8-9828-5f4e-b3fd-4908bf8b6f65,2.E.13.a
f0f59f9f-1237-59f3-807b-783881529695,2.E.12.j
c2283a69-982d-5922-820f-adec76e57219,2.E.7.d
cb79cc36-83f0-5391-84ff-00a5ac2fd48a,2.E.7.g
fb44d8da-7947-5515-af99-675ce88e6976,2.E.13.c
10f619d3-0072-5bc9-8bc1-41f74d370b2f,2.E.14.c
419231c3-c1cf-5d71-a37e-9a8e42d7ecc5,2.E.6.b
a97a7ccf-16d4-5023-ad88-028c6a8ced9a,2.E.12.j
861e6c97-477c-53fd-bfc6-5ab9c4e5c198,2.E.2.a
def48cfa-d4ab-5cf8-9519-87efc5b153eb,2.E.6.m
aa9c6072-253c-5b02-aa0d-f6cb49fdf2bc,2.E.2.d
5ae98deb-282c-5e66-b0ec-99ec51580f07,2.E.2.d
a733fbc2-0078-530c-9e83-8ae9084dfcd6,2.E.9.i
13201280-166b-58e7-97f0-863a268a2664,2.E.4.i
fae47dcd-aebc-59fa-90e4-65beaed2c63a,2.E.9.e
155e924c-6b10-5975-b9d9-7bb7b79fcb6f,2.E.2.b
468046e2-d906-5fd4-a82b-3c5613fbdbda,2.E.2.b
5481d6af-4a51-57c8-b28d-ee6053c4a9ac,2.E.2.b
199736db-e1c3-5366-a607-6b50b63d96d7,2.E.1.c
c77aa527-044f-5942-bb1d-599c71539084,2.E.4.i
4c789a17-723c-57ee-9c86-541f7eef7e2e,2.E.2.b
664a0fd0-5867-51a9-86a4-0565f2887bae,2.E.2.b
30ab26c1-b71e-59b1-bfb6-f45ee2109509,2.E.2.a
7c9d6c54-1b74-5581-8747-e20dc1e384dc,2.E.2.b
c41e9b7f-7f11-52fe-84de-a1c2ed292b4a,2.E.4.i
605cd79a-0824-515b-a74f-4730484369b3,2.E.2.b
335a417f-06c7-5445-90be-bd5072723701,2.E.2.a
f6e369c9-66a9-5c46-9531-2cdbbadc7213,2.E.2.b
d199baeb-807a-5159-868a-eb033975309a,2.E.2.a
e0aa8b66-ccd3-5f07-8a93-55a4d46c02ea,2.E.2.d
85e65171-2730-5355-b250-9acb7b8f98e7,2.E.2.a
84fbb0a2-6ec2-5880-8a13-ab945f9cdcc6,2.E.2.a
d20305e9-9b25-5e92-9eb1-92f9561ec49e,2.E.9.c
2c30b6da-8d8e-58ee-8a8f-830b1d717653,2.E.2.a
1ff5d618-a385-57eb-a0bb-a136967286a8,2.E.16.e
cbd4f0d9-3cb9-5bf3-ae91-3fbf67876ab4,2.E.6.m
3928faa7-c344-57bf-ae52-18edad8a11f4,2.E.2.d
4183d7c0-03e6-5fc9-923d-88158b25c79b,2.E.5.b
ce0cc38f-61f3-59bb-a6da-603a8d92072c,2.E.9.d
69a72d4a-b69b-5b3a-a56a-68e503e4a6b8,2.E.9.d
38fb180e-c34a-5aec-925a-4153af643b6b,2.E.2.d
a5d988d6-6bff-5547-a0b0-d1745e090cf8,2.E.9.b
548b3a6c-7cbd-5956-9157-5874ee8ad1a0,2.E.9.g
b4539044-31fb-5353-b662-f415e62b3865,2.E.9.g
041db4b1-d53b-574a-ae57-7200f7f63d0d,2.E.9.g
62f92e6d-9de7-5abe-9b68-d2dedd0a5461,2.E.1.c
d4c561b2-a51f-583d-9d8f-9d41345832ab,2.E.4.h
9627207d-4d2e-55aa-8ce8-370b6c2255d8,2.E.1.c
0e62df06-9d89-544c-80d6-b0eabd58f96f,2.E.1.f
1f4f17af-9a64-5140-badf-d8e03911ee50,2.E.9.b
38423a39-53af-56ca-8715-fa76ce9bec3e,2.E.9.g
72f3eee9-c81e-59c2-b3ae-2358992cac74,2.E.1.c
3ab6fd2c-1d32-5925-993a-727ca2c6e6c8,2.E.4.h
7723805f-e3db-50d3-843a-52ebf95725ef,2.E.6.f
dcc97dac-f16e-5b1c-b64d-3808a7531a47,2.E.2.d
3d4903db-afcf-528a-b863-d85e2e1a19d1,2.E.7.b
00adc28e-c868-5d56-9c99-9a80d7d4551d,2.E.9.g
8a2cb4b7-2aa3-587d-9c5f-7b1d8f683be9,2.E.9.d
a6903bbb-5c09-5ca7-8bb3-8877f9275c21,2.E.9.d
68573fa1-c908-5f0f-8380-af4b61ef4616,2.E.9.g
4b0da7b3-8073-5c95-bb22-614cabcc209e,2.E.9.b
4617f672-c440-59bd-904d-4e18c5b3f479,2.E.2.b
479f2125-d8bc-5da2-b12b-55796485fa8d,2.E.9.g
00bc60ca-d117-53f5-b4ad-372d99d8b663,2.E.9.c
a2608036-ffbf-5350-9778-462d07a7a245,2.E.5.b
c929eb27-b474-5dd9-92b8-e1c1590c58fa,2.E.6.f
1fd9c6ee-f0b8-57fb-a98d-d4cc289dd236,2.E.9.g
964c8ac8-235f-581c-bd8a-1b350aa307fc,2.E.9.g
c1f6d602-a148-5091-9f5c-2c289f4d2409,2.E.4.h
5a090de9-5028-5c29-b6bc-a8b7b90f1d2f,2.E.2.b
a338771c-e013-5cdd-ab1f-a4cddf4e8813,2.E.9.d
79eb171c-a3d5-52b6-92dc-f3a184c54d52,2.E.9.g
8aa8c50e-e2bd-5a49-9a56-454576aeaa32,2.E.9.g
3bfc9101-60f3-5d59-ac1a-64dc3d98641e,2.E.9.g
39ebbb51-fb7e-5014-a38a-dbe5b629dce3,2.E.9.g
061a104e-8b22-5c63-9b1e-e7235ff57621,2.E.9.g
13ff56dd-78b3-5c68-b312-5adce61923b3,2.E.9.d
bed0821f-ca28-511a-9391-b697c18768bc,2.E.9.d
fa1e9a6a-5fcc-553f-b700-b5605d1fa65d,2.E.9.e
0ba17145-04fa-5676-a0a8-752de64529f1,2.E.6.f
b677bf26-20d8-53ba-af26-b7e7f9c7242e,2.E.9.g
4c285e15-cb63-5169-9cbb-3693fec0ce7e,2.E.7.f
00daf7b2-8261-53ad-947d-5c8ba0173f30,2.E.9.d
4dae5799-5692-5838-b493-7da32bae09da,2.E.9.g
9f080879-522c-5c31-94c8-2c3dad7a2478,2.E.9.d
ea824b78-6936-577b-9088-19a43cbad39f,2.E.9.g
44a76c17-b56e-5734-8086-f8fa886d863c,2.E.9.d
d2f20e03-43a1-5f93-86bd-7273babe0d22,2.E.9.o
a0899f9e-2533-5b1d-9fbe-0ae042965c1c,2.E.9.d
f424ed5d-d525-5751-a9cc-e09c2fd0159a,2.E.9.g
cc4c5bb5-55eb-5147-92da-ec12c2687e9e,2.E.9.g
673337f8-6464-5d32-97b6-bf2626f4c3a4,2.E.9.g
fe84a88f-ba5a-5789-aaf3-72b4550bdf55,2.E.9.d
1acd526f-48bf-5652-9a3c-c7819a6df59d,2.E.9.d
1d6551b6-6ed1-52a6-857d-12e8fedc226f,2.E.9.d
9c4382ff-c64c-52e9-8783-f502e93d37e2,2.E.7.f
bc369d9f-62d0-5f91-937f-18da6745368f,2.E.9.e
4ac48a82-49dc-569d-8cad-b3e4faecdd03,2.E.9.d
5e3ab479-b98d-59fb-be57-b1e406f40b15,2.E.9.d
de0bcc5c-62b9-50c6-bc78-1fd9d1173379,2.E.9.d
d4f7668d-92c0-516b-bda4-71b037e0a31f,2.E.9.g
22019bed-06f4-57a4-b222-9758698b8019,2.E.6.f
270476c8-0cfa-5433-87fd-ccde1977659c,2.E.6.f
70174111-53a1-5651-b20a-a5dce8495b47,2.E.4.h
94d7320f-1423-5706-a903-f3bc657b99a2,2.E.9.g
2af816ef-5ceb-54a0-8f8d-031394ddcd8b,2.E.1.f
9442ec6c-ce3f-5b4c-9716-49a1690e97a2,2.E.7.b
f7a224a0-edda-5aaa-830e-67507e695f4d,2.E.1.b
797811b4-adc4-5a6a-a7ef-d0e0688c8b0d,2.E.1.b
c57996fc-d3b7-589a-9ade-52a131f8e5e0,2.E.2.b
08d25616-899c-5aae-bdb9-b8ab713cc2ac,2.E.6.f
e7a72879-b577-55ae-81db-988a0f862268,2.E.2.b
9039ef2a-8c4e-5fb3-a6d7-0ba9ec794bbe,2.E.1.d
bcd41ff5-be22-5e64-8cbe-007fdaed9a9f,2.E.1.d
a3195bf1-28db-5b00-af10-9fb3bcff7720,2.E.2.d
0a7c6260-302d-5e01-adfa-7a4295530db4,2.E.1.e
29514506-7835-5eae-814c-4f5688fbc452,2.E.1.b
a35888df-b637-50c1-ab04-d1d4fd5844e5,2.E.1.b
b34179b8-5dbd-5c4b-b16c-aecf0b250426,2.E.1.b
2731629c-c1a3-5df9-b6a9-8cc8075806a2,2.E.1.d
c5b1fbb2-d272-5c64-a882-9d55056e4830,2.E.1.h
80046349-92b4-5d95-bede-7552e6f31bca,2.E.6.f
0e2c0bae-c859-5f92-bbb6-398d91196073,2.E.1.f
7666ff0b-1556-5c2a-ab7e-4e91386a4dab,2.E.8.d
c51efe5c-50e0-5085-8af8-4bc5f073fdd3,2.E.8.d
63f0ba51-2a37-57f8-8eb3-7daf66e9116f,2.E.1.d
fa2202a2-74f5-5c91-9be1-72e0a593296a,2.E.2.a
44949fc1-4ac9-52a9-b2c0-36ad102c8c0f,2.E.9.c
6acc8e02-e05a-567a-a0ec-76bc353b8caf,2.E.2.a
53ca3beb-127d-5cdd-83e6-e024c2802bda,2.E.6.f
84a554af-21d6-5e2b-a395-1ae4c0c76e35,2.E.1.d
a970cb2a-19e2-5b0e-8a66-c234341017a3,2.E.1.d
188f1a4b-72ff-54f4-9db7-740d9f960897,2.E.1.d
9c2528e9-5ff2-5766-b630-fb55bb4d67ea,2.E.1.d
4c96fab0-5d1b-52e0-b16c-698151bb76ce,2.E.8.d
13d86562-78bc-5305-99ee-12b3d0ed953f,2.E.1.f
928cfc00-8622-51ab-bf03-e4129c1e15c8,2.E.9.d
e48301a5-80ea-50ff-a4bc-57c21a8badd8,2.E.8.h
efd844d4-723e-5784-a125-a6cd488ad531,2.E.1.d
9489a59b-094d-5af7-9b10-98ab898762ec,2.E.1.d
8b702728-b51f-513c-95a4-a68befa8735d,2.E.1.d
f1d36fdf-139a-58d6-b48d-77e11c4ac874,2.E.1.d
f0bb0ca1-8347-55b4-b377-0437a8a881b0,2.E.9.d
9ffb7662-c69b-5c38-8deb-1fc06b34eb8d,2.E.1.d
553bac8f-2fc2-5684-b54c-b94248ffb70e,2.E.1.d
11335e5a-b547-5eb1-87f1-e09c89099397,2.E.1.d
22f9c500-8213-52b9-94b3-0d5090376de3,2.E.9.d
f6f8b8d1-e0cc-574e-9b9e-9fa82aa7c729,2.E.1.d
f04e6232-4728-5495-ad3b-64ced4cd5075,2.E.1.f
db967b12-d329-5b11-8d12-bef98cf30864,2.E.1.d
ba1f9e5f-e39b-5a65-a7b6-1c6a34ef7bf2,2.E.1.d
64d42efb-83da-528b-97cb-cee83711fec8,2.E.8.d
2c2c5195-be80-55cf-b9d8-f624f98cbbbf,2.E.1.d
b60739a5-2b79-542a-b27d-10519081d9e2,2.E.9.d
850cbd8a-8798-5844-9544-a7d1d54fe754,2.E.9.d
fef08687-e106-590e-af19-e86c7d7742b2,2.E.9.d
30a042c2-cd25-586b-a9fd-92137ce3f93b,2.E.1.d
391ee0a3-a1a7-52a2-9ad4-f8aba4d944f5,2.E.1.d
b0e4ae8c-47c8-5de9-8e76-2047fdcbca87,2.E.8.d
683f740a-6663-5212-a63c-ee11108a8654,2.E.1.f
429742ad-8571-5e65-bb69-1d1a7a0b96d8,2.E.1.f
cdddc1eb-5bab-535f-9aa2-1745a09a0919,2.E.6.f
70707074-9b4b-5e93-afa6-89c23fd38741,2.E.1.f
b2f665ff-178c-5d8e-b12b-a58e982284ff,2.E.1.d
44c83d13-1f4c-5011-8bc6-ef050b094898,2.E.1.d
aa10d6f2-1367-50d8-a889-0d3dcb44cc6e,2.E.1.d
aa9d0d1a-1a72-5dfc-94fc-b7fef14468b7,2.E.1.f
1be53830-3862-5a5e-af3b-0690888b2548,2.E.9.d
68e3ae24-e7cb-5c1a-a16c-6d1b6dec639c,2.E.1.d
e22f2fac-c223-52b7-a46a-37e4f4eabf21,2.E.9.d
4debe178-bd9c-503d-9ac1-0973074920a9,2.E.9.d
4a91067d-78a4-5689-94e4-7dbbc9f2f51f,2.E.1.d
66de8189-69ad-583c-b43f-d38d1ec47507,2.E.1.d
92e47d5a-9596-5266-92e9-7fc2c92750b9,2.E.6.e
ea5ed83b-fd16-534b-bd26-369eb110290d,2.E.2.b
baae2812-ba2e-535a-9322-2b9d37701093,2.E.9.e
3d6bd1a7-e6f0-59d8-931b-07ecedda3dd8,2.E.1.f
1bef0004-ce8f-5450-9ffc-1005fb69927c,2.E.9.e
53ac1a5e-8972-54b7-8fac-dbc5e4ca4c2b,2.E.1.d
994fa57e-3b63-5b8b-90e6-a0117415550e,2.E.1.d
73efda7b-1de8-5f26-8ff4-51f503b4972b,2.E.1.d
f8c9d1fb-e1d9-5d69-b38f-e6aade044bca,2.E.1.d
d7358e2e-fd3b-5f56-abb7-c52e09b5c8f4,2.E.1.d
3b21fa54-6a36-5b55-aa00-fcf8293b9e26,2.E.2.b
b41f3cc0-d399-5453-9abf-71b13b23724c,2.E.16.h
9a5b6221-fd3a-5c4c-b9cc-2d65e3b0808c,2.E.2.b
39228675-aa00-5af4-9ec4-a1ee7f5d5798,2.E.1.d
dcd3250a-d9f0-5f90-9997-e9ffba619291,2.E.1.d
4fa96748-13b3-5f80-ab63-5a29b0c377ff,2.E.1.d
2b468657-e09f-5e40-9dc1-2e9a42a424eb,2.E.2.e
ce00468d-4737-5b71-bcd1-4362d577b9a1,2.E.1.d
f20c1c12-a76c-5eb3-ab89-c2aaac607d38,2.E.1.d
0763a38b-b975-5bb5-ae2a-2245d2309c8f,2.E.1.d
aa761f38-dcce-555d-918f-8689178cf1dd,2.E.1.d
b0a484a5-cc61-5834-8252-55e55fd9c2ba,2.E.1.d
021a61b0-a973-59a1-ba2a-1f5bfdb1bdae,2.E.1.d
46ff246e-68f0-58b2-a0ec-e25e3d837eda,2.E.1.d
92a4c9e9-6334-5784-979a-3a7153e33eca,2.E.1.d
1781ff85-f1c7-57d8-b045-a3ed1cde048a,2.E.1.d
32c55194-e607-5ab3-a674-4c056aa86bcf,2.E.1.d
60b046ea-b868-527b-aa9c-b6aa6bcc5603,2.E.1.d
128cca0b-546a-5e94-8b14-f84dcae1b1ac,2.E.1.f
eb166861-5c8f-5471-8174-0fb26dce842f,2.E.1.d
090540a3-84c0-55c7-90d3-9e32028f8353,2.E.1.d
d765a3f4-e7de-5b0a-b802-3ed0a7631b80,2.E.1.d
28bc4e3f-2e5f-5718-ac9e-a39b08da8e1a,2.E.1.d
716d55f8-8bad-5fd8-8b9c-41376aea0152,2.E.1.d
6b85e978-5925-582e-8e23-b993f7a7ee5e,2.E.1.d
ae2a7fbd-1e69-58c8-9a0e-857f4052b9e1,2.E.1.d
c76b58ad-6fe1-5192-81ed-19983b5f4f14,2.E.1.d
0424f4e6-3ecd-5c8e-8735-78a9eae0a639,2.E.1.d
f9efcb68-f4a0-52a3-9980-db34b8a4b7c9,2.E.4.h
6f025aa1-b4a8-5686-8660-2618540d4811,2.E.9.i
27a428b4-8898-5d64-ab7a-a9ea0b92607b,2.E.1.d
10eb7ad9-88c3-5492-a7cb-0dffdfd914ff,2.E.1.f
918fe374-2fde-5925-9a9f-26752b7b1b2c,2.E.1.d
7c8bc946-21dd-5b54-924a-eb6e11725539,2.E.1.d
de308dbc-8652-582c-980a-b5b1011b9f88,2.E.9.d
db15c65f-64c0-571a-b8d6-929cab7ed31f,2.E.2.b
b2baa011-bd82-54c8-b4c0-ac327a479232,2.E.1.d
540caddb-ec7c-5ad5-963f-25c9bb7b65e0,2.E.9.d
00bdbbfa-8a9a-512b-abd5-74b4f9f0c15f,2.E.1.d
636e1775-3f12-5887-8e3f-79f41a65b922,2.E.1.c
4a1ce233-9759-52a2-bb35-a9f328d45111,2.E.1.c
d0cc6add-df46-5c5a-8eab-735cb40f3054,2.E.1.c
46da979b-df72-5d6d-b74b-d305e851aead,2.E.1.c
44fc25ff-4be4-5d19-9fec-03f26269dad5,2.E.1.c
e36a8ad5-d23e-5855-80aa-f07869b4e8d6,2.E.1.c
be376191-a9a3-5da4-8e22-6cb2d32b9c1f,2.E.1.c
4b29b201-d0c5-57d2-89be-10791bd388e4,2.E.5.b
ad73bedc-cfb0-58eb-97f6-84347a8b690d,2.E.1.c
9bafdbe0-167f-5fc2-bd85-57a1168ec85a,2.E.1.c
40cad746-ef42-5334-b3bc-1c333b1b0e6a,2.E.1.c
14522e00-2b66-56b7-b958-b33e3cda6e80,2.E.1.c
fb603ce0-fdaa-5e84-9d07-71bc3b47f6ca,2.E.1.c
aa12312f-fb03-58ad-8f45-4a8dd44de1f9,2.E.2.a
40969aaf-6a75-5fff-850e-faf0ad2b9245,2.E.1.c
d5e36931-0e90-5758-b348-7d6d6fe1599c,2.E.5.b
a38a14fd-460a-5597-a97a-1639ce24bea4,2.E.2.f
bab58519-0e0a-5ac8-98a8-1d14d128ff56,2.E.1.c
97aa3172-9cdf-58eb-a3cd-74999d861f29,2.E.1.c
2011d7c9-0ef2-5a02-82d0-d7703727b6ff,2.E.1.c
622d5752-510f-59f8-9203-625368de2b29,2.E.1.c
157ee51c-1311-5161-ad9b-67449b88a8e6,2.E.1.c
c9cd8b18-f8d2-55cc-89c8-69527237ca2b,2.E.1.c
bc0d3109-e712-5271-b9e5-61949c638c05,2.E.1.c
bb74a680-18c4-5464-8aee-d51871770358,2.E.1.c
e44c8134-3361-5845-b036-91321f0a2ddd,2.E.1.c
1431f8ef-988d-5412-9056-c12c3bf3e23e,2.E.1.c
7768728d-266f-5645-81cd-7ef27bbe94d5,2.E.1.c
d4ba1f6e-ab17-53d2-97e5-76bada5468eb,2.E.1.c
01b4af80-35e8-5582-b3ff-a20601b9c935,2.E.1.c
b6f5be63-7acb-5642-88c8-6d266b1bf35f,2.E.1.c
df7595f3-dbb5-58b1-bf20-4d79e1814f48,2.E.1.c
28cdf1ef-6750-5c69-addd-0cb594cd39d8,2.E.1.c
62fef74e-d03d-52ca-a595-e198af76e9b8,2.E.1.c
8f2d2550-3ffb-57d5-bcea-d12555340ba0,2.E.1.c
7d7a0bf1-c9da-5069-90f1-2adae43e341c,2.E.1.c
94bfb535-c1fa-59ef-8df0-4ae945a2251d,2.E.1.c
80cc3002-8e16-506f-b7ba-144282a0726e,2.E.1.c
f7f823e9-32c4-521c-911b-125e3b7a0740,2.E.1.c
d64ce763-25a3-5123-83c5-a35990194888,2.E.1.c
811d479f-a366-5539-9bc7-c748c6313355,2.E.1.c
8183e760-7a6d-5f4b-9622-fd69c7eea61b,2.E.1.c
ebd71d64-7330-518c-a369-6ed0f49f78f9,2.E.1.c
53d0b355-b15f-51e6-8bf9-eac5e1c51e7d,2.E.1.c
f5f93267-5664-5ce5-aa3b-c6ceb5891f53,2.E.1.c
dad134af-c782-529a-b663-46ce4fccf5f9,2.E.1.c
0aa8c190-6096-5485-a53d-08ba58cb53b4,2.E.4.e
3734a9a1-a5e4-5a5a-bd19-e7ca7e4f12ea,2.E.2.a
117fdd55-4f57-5738-a360-f856839887b6,2.E.2.e
7c838a00-1f61-5ca5-aee5-a6aed9fcfc1d,2.E.1.c
fe036c5e-6a24-53d6-b21e-e981da2bfd7b,2.E.2.e
ec4b890f-2960-53e5-bce0-ddb153aeab63,2.E.1.c
f74f72c5-0cc5-50b7-ab53-421ab7e7d367,2.E.1.c
05ecaae1-ceed-5d88-be72-4b51a52123fd,2.E.1.c
11d00b91-a258-5a27-8fef-2dcc3e703266,2.E.1.c
1b10a5c4-9de8-5bb8-a813-5d9110bf0b46,2.E.6.f
8b64db04-ed29-5ab1-acb7-4a852dd3882b,2.E.2.e
8dc89ed1-0ca9-51c6-b9a8-9da0f83f4261,2.E.1.c
2eb03cd6-a23e-57e3-9680-93209bfafb8a,2.E.2.b
d1852d13-a879-50cc-9f05-fb1a7acca2e9,2.E.1.c
b998e12a-3500-5f26-9f8c-6ba3a960655c,2.E.1.c
3ce1f770-d180-5dce-9def-a6021622a9ff,2.E.1.c
47256f21-11c0-57e2-83b1-5658ea310573,2.E.2.e
35efa6d6-f676-5889-b6e1-224512220d40,2.E.1.c
f3ced956-e011-505c-9c3d-36b3cf0a03da,2.E.2.e
d71bee20-e262-5c1f-836e-ebf2889588a4,2.E.2.e
c8ca4682-e8ff-5cdb-b196-228da4f65fe7,2.E.2.b
02f1decc-c2bb-5f74-9476-d5cc25e8120c,2.E.1.c
60990a5c-49ed-5c60-bd12-4ccb66d3896f,2.E.1.c
406fee49-c343-5a5a-a343-5977cbff3a63,2.E.2.a
6a303f6d-7adf-5ec7-9845-6a98c43cf149,2.E.4.d
3f4c3eb9-150b-56ea-83ee-89eafa6c163c,2.E.1.c
0dce770e-edba-5651-ab29-3458a06a8cb3,2.E.1.c
e413ff31-7e1f-5a2e-85b1-3d2c1c4ea702,2.E.2.e
065b8fba-af1b-5a9b-b57d-f8f0b9d1a39c,2.E.5.b
53c30c0b-f75e-5497-811d-19c3511b2d03,2.E.1.c
03ac0023-28df-5b50-80c7-b7fae93905b9,2.E.1.c
5c0b6e80-3b1f-5b99-8fea-70d178d997ea,2.E.1.c
b62fc5c2-852d-5bf4-a930-a7fee7d3aea8,2.E.1.c
ede4e880-b317-584d-8de8-aa79df066622,2.E.2.e
2da63448-4122-5da3-82b6-ff4cad4ad458,2.E.1.c
fe9a6ddb-a4c8-5e35-b80a-37bdf327a0c0,2.E.1.c
eb8dd92d-8b4c-520a-99ca-948b3455bc7e,2.E.2.e
9225fab6-c7c0-583f-b300-23ee3f77e3de,2.E.1.c
de7869d4-71d6-57a6-97bd-7edf9bb13bab,2.E.9.e
355af075-ba0a-5410-a883-cb3d6db35599,2.E.2.e
7de5ef34-cc5e-5e84-b124-612ecbeb7d27,2.E.1.c
4690c301-9ec8-5be9-b45b-dded0f66d1bd,2.E.1.c
919acf2b-e9bf-55c3-9eb2-2d1d0b59ad26,2.E.1.c
08f8613b-c830-5e2f-81cc-7b6885475d92,2.E.8.b
261365c6-7076-52c4-bf6d-2cfdc2257fe5,2.E.2.b
8e964c23-7846-5e2e-a2b0-f567065ec322,2.E.1.c
8c47e06a-70e2-5af8-9f68-fb35503bd00b,2.E.1.c
be75d2b3-b324-5c8a-bc34-8aed92bc530d,2.E.1.c
80d1f89f-99a5-53c9-abad-8dcc5a028d50,2.E.1.c
0bfcd070-27d8-505a-b280-f29a0cc74b5e,2.E.5.b
c210b476-fb82-5065-a4b1-e12d9ac85b39,2.E.8.b
86854dfc-e131-55b4-877e-433259f93fad,2.E.8.b
79e45081-7cef-50a5-a7ce-db599cba006f,2.E.8.b
982246e1-0f5a-582a-965e-4f23a3d9fad0,2.E.8.b
5e74103f-8340-5b8e-b2db-5097e8e75a28,2.E.8.b
f89d39e4-1d9e-546a-9f03-3df50721a535,2.E.8.b
2727fe3f-8af8-52cd-b061-06bfeb8678b4,2.E.8.b
a89954b4-f49e-507e-9d9a-61517fee0007,2.E.8.b
65f5c6e4-f8de-599a-bdfe-fece402bfca3,2.E.4.f
3ddc3762-8895-55de-b7d1-1b98fd2c3852,2.E.8.b
aba24bdd-5171-50af-aeee-88ef2c22e697,2.E.8.b
fb17bbd8-4e31-59de-957f-bfc3d8a70468,2.E.8.b
3be97156-8cc6-513c-99e1-899ce8debd35,2.E.8.b
67672ead-9f4d-5fc7-bb42-a2e93b3c754b,2.E.4.f
6d2b4750-806a-53e5-b215-9c3d31c71670,2.E.8.b
e1d6551b-2b02-5225-a0dd-e518ff63caec,2.E.8.b
69f8f70c-1ccc-569d-a2e3-19a13be20261,2.E.8.b
1ee30716-5a88-595a-9479-2c89948ef260,2.E.9.i
288dd17b-e2f5-5bca-a06f-47c017aad8af,2.E.4.g
9b467b5c-7612-56f2-8103-22aaa3ecf513,2.E.8.b
fc346581-5311-5447-87d3-f89a12c06d89,2.E.8.b
903ee557-425d-5ad2-bfed-c1a9b953974c,2.E.4.f
a5fbfe41-f43c-5d9b-a07c-bf37cf69ad74,2.E.4.f
b96531ad-ef49-5957-92f7-2e81ad0de8f2,2.E.8.b
05b65186-c175-5d16-981e-cfe97b168965,2.E.8.b
0bf3b3fa-b0c1-5543-8f7a-4395d4d8cf4d,2.E.8.b
33f68c69-b3d3-574f-8643-1b89bc4ef935,2.E.5.b
6fb1367e-22d9-5ad5-86a4-73d7f3f1c288,2.E.8.b
fd462c8a-666b-5f04-91ff-d27c99f7af29,2.E.8.b
a7328976-4027-5d40-946a-8a1a1c16db68,2.E.8.b
eaf36913-bbfd-5b52-9b0d-06ad7997e3b3,2.E.8.b
54293d68-ac74-5a08-93d9-d0b1bc65f647,2.E.8.b
1f68079f-222b-5122-bb2b-873e05c0c3bf,2.E.8.b
3bec28d3-ec6e-5614-b74e-cf3f628c428e,2.E.8.b
b7d40acb-238c-5966-bf1c-e8cf3f695d71,2.E.8.b
5ff56e06-8c2d-5a6a-b935-2ff407e70200,2.E.8.b
9bdaf01c-b25a-5aa0-bbaf-5c394f4ee13b,2.E.8.b
138117f8-d59c-5135-9b4a-7c4256acf94c,2.E.8.b
dd86099d-256d-5c69-b013-36beff6449df,2.E.8.b
cf9baad8-1549-5d59-9cdb-0ae487a3da1e,2.E.2.b
65ad64e8-dcff-527c-bfab-a696f9af7784,2.E.8.b
5e429833-b738-561b-8984-d766f07f6e18,2.E.4.g
b67ca65d-2c1d-52ae-b441-7c863573ed06,2.E.4.f
44e875d4-f322-56ff-a668-f0bb27e4d1e6,2.E.4.f
e5fc37b2-782b-57e3-8b61-67b2b30dbf9d,2.E.8.b
e0d68431-c890-53b8-b27d-4bd122f1af46,2.E.8.b
a6362079-8fb1-50e4-8605-2e4f8bb8f330,2.E.8.b
d4acb4c3-ffe2-516e-837f-8d07cda27ffa,2.E.8.b
ff9ff3ee-8bda-52f3-af0a-04858cf2258e,2.E.8.b
feca5e8a-9068-5c0d-830d-9e56e7e5598a,2.E.8.b
1f5c028a-91c6-560d-b2a2-353b35ac645e,2.E.8.b
2e8425d9-3d0c-5001-a9e2-4a00a922fb5a,2.E.8.b
d58fc533-0415-566b-937e-3ec272fa61e8,2.E.8.b
7d14a8cb-bfaa-59aa-82bd-6a9342ed6e69,2.E.8.b
f5404014-e1a5-531e-9720-f4650d90f9f7,2.E.8.b
85d38fef-0461-5fc4-bb32-c364705d99c3,2.E.8.b
69a9c8f9-b8c6-5efb-a331-9c97e69b33ad,2.E.8.b
3268e77d-d746-5974-85f6-5e6c0aa6a7c0,2.E.8.b
629d69e9-8325-5c00-97b2-829c4e6be801,2.E.4.g
5392d115-09ed-5ab3-8a37-7fa2e345b77c,2.E.8.b
6c7bb7c6-16f6-5ece-8451-c82bc7cc794c,2.E.8.b
c9e741ad-2022-53db-b303-47c49fd10ae0,2.E.8.b
061d5077-21fa-50e1-9b1e-26f2d9311590,2.E.8.b
e3fb3a50-99d5-58e4-bb97-132bc7a5ab93,2.E.8.b
0449e0c3-5c1e-5534-81a5-928540671f18,2.E.8.b
d3a99f80-a619-593a-aed8-4738dd655c73,2.E.8.b
8b7a464a-234d-5fa7-b459-21f048194f4c,2.E.8.b
aea0be3f-7cc0-5c0a-b4cb-83468ae1b615,2.E.8.b
3ab85678-89b0-5134-825c-edd27559b6ed,2.E.8.b
849ef671-0013-5ab5-949a-9fcf3b187265,2.E.8.b
7bc4c78f-8de4-578a-baf5-4c6ae0604418,2.E.16.b
7090649b-4749-5348-8c40-5f4d763cf8dd,2.E.8.b
63bc8dce-138d-5d10-b035-3f82801fb3ee,2.E.8.b
c7f2ccf1-8da5-5517-b32e-572ab2cb7eda,2.E.8.b
bdd809bf-1a19-57fc-8f8e-ec9f963633fd,2.E.2.b
5c3906e1-3d9b-5900-8316-28c6e7ada5f9,2.E.2.b
5fe6d280-3673-50be-a637-9ae5c5d0c4a7,2.E.6.f
01862280-78d2-5eb9-9199-52bff0edcfab,2.E.6.f
5019f188-f913-586f-811a-8f16f4d9f1b4,2.E.9.g
96746d68-e9d0-5972-8550-9a6727106b38,2.E.2.a
7e72ff70-5160-5719-8798-f0e08b474005,2.E.2.b
fbae1c89-1b21-5f1c-bba6-7476273aa94d,2.E.2.b
893163fb-c060-5124-93a8-c5a890da92b6,2.E.6.f
3f7d82f1-b5e1-58e9-982a-c8ea84ddc929,2.E.6.f
3f1194bc-1e8d-5aef-8d4c-38709f8550af,2.E.1.e
c4bf6838-1f58-563d-a980-fd61f4749d4d,2.E.2.b
ac9cee06-2f0a-51fd-81c4-3ff1918ca8aa,2.E.16.i
6715db88-e6be-51d7-91bf-df284accaa96,2.E.2.b
d4aff087-034c-57c9-a248-8a807aef3e06,2.E.6.f
54ffaa04-3411-5591-b9a7-5d204881eabf,2.E.2.b
b7890fde-981a-5fcf-8a85-5d8539523a57,2.E.16.e
a8ad27f9-2384-5134-aff7-708a2371470b,2.E.2.e
2953d7f1-f792-53e4-8585-4a51ea08f53d,2.E.2.b
cbe71c12-236d-50e4-ad6d-a5b33edac2b8,2.E.2.a
8653969a-4acf-5455-bed8-3896d251495e,2.E.8.h
8a4f6863-544c-5e1b-8524-37e70cb22b66,2.E.8.h
69c3a5d2-0fd1-53b5-8f67-576408e52eff,2.E.8.h
70d1dc0a-1bf8-5af6-8702-648dfe677d52,2.E.2.b
599eef8d-df4c-5239-b62b-0bdae17df033,2.E.6.f
a0143988-224a-5af9-93e3-3c0f052ed2b8,2.E.6.f
6c4834ce-2885-50a5-8ee9-3efc88bd5cd6,2.E.6.f
91e901f5-93d5-527d-bf59-f247f2b4387e,2.E.6.f
fd61b41b-b3e9-5545-9b43-63b48379ef87,2.E.8.h
56873283-4e18-54d5-8238-f0aa08652924,2.E.16.e
f4418883-7249-5be8-80dc-e8511e681b65,2.E.16.e
e3ad06e1-6603-5141-b9b4-14f3252823df,2.E.16.h
436eeb84-5cde-5a56-8c60-f8f6eecdbff8,2.E.6.f
aa32086e-7b2c-5923-bc2e-4641b68fbe3e,2.E.2.b
129c7b61-fef1-5e70-a846-915dc7fc7739,2.E.2.b
7233724d-83d7-5ff6-a673-639c46101d3e,2.E.2.b
887882eb-15ea-546a-89ce-0b92019340d3,2.E.6.f
fbabdee9-1dc9-5fb5-aa40-35117d068713,2.E.6.f
a5b6409c-5e31-5cd5-8b1e-a8c22f8fe3c5,2.E.6.f
598b3cf4-d22b-5eac-a649-05f8ad4ac062,2.E.16.e
5fc80b6b-6d6a-5cee-9e37-3ccc9c9f8768,2.E.9.d
5109e6e1-5470-5f43-b620-7f0baf56328f,2.E.2.b
4fa601b6-8719-5807-b041-d18030b89f83,2.E.2.b
4daaaed0-9180-586f-acd3-097ad0ffb671,2.E.6.f
4bc45ae6-7c55-54db-bce0-b7007571ca38,2.E.6.f
4075f908-bbb4-530b-871c-9f13b3c1518c,2.E.6.f
48f49a1a-264e-547c-83fe-4e7463a8ba38,2.E.2.a
b2a2cb81-8cfa-5241-b795-153677482205,2.E.2.b
16de6468-799c-5d69-92a2-0ed293137ee9,2.E.2.a
8d096ed2-4b09-52c6-a211-aa78ff6b846b,2.E.2.a
0aeb65c0-a3fb-536b-b054-c75c80b0c814,2.E.9.d
fc438b06-1846-57b1-9347-5a5027a8f1ef,2.E.6.f
048db6c3-5b48-55d6-8f2e-28d210ea25c2,2.E.4.h
269452bc-102f-5a9c-9b67-1522da22444b,2.E.6.f
2693389d-69e4-5070-9813-c2dd7f24c8f9,2.E.9.d
d69b0f60-b003-57d8-acba-5ccf6eafdff7,2.E.6.f
c32b1498-d1ce-5ac4-b022-00ad8a9c657a,2.E.8.h
04f42e92-6cc8-5bed-a191-307e85d76424,2.E.2.e
43667f8c-e08d-50f6-89fe-4fbda2680f62,2.E.16.e
ec9f0231-3daf-5770-a8ed-0003ba7c52d7,2.E.6.f
6d883995-6f1f-5494-98fe-548bb269fd18,2.E.2.a
b7041ccb-91ed-57b3-8661-a54b3aae388a,2.E.9.g
45535b44-d9f6-5585-9338-c9b9262c4ca6,2.E.4.d
9a123b40-2281-59a2-b5b6-10742f785075,2.E.4.h
14400130-f58c-5efa-af92-d6a9585bd561,2.E.9.d
32497a45-5b17-5630-9f2e-49a9a9ea6aa3,2.E.5.b
a53e23c7-1cd6-5b88-b261-f58d92d3698b,2.E.6.f
4df2e366-bebc-51ad-99d4-508aa2b11812,2.E.9.c
1b4d1b58-5cf2-5d0b-88bf-db59992b0bf1,2.E.1.e
9688fdf7-a30b-529d-96d5-7d8c403ab0f2,2.E.9.c
d6c5922d-fb3c-5995-abae-74ef338b7e82,2.E.9.e
e3c180ba-eb52-5c17-94aa-943710c3f070,2.E.5.b
848eb995-ea36-535f-bfe5-4acd0d95e58b,2.E.4.b
c6e59fd6-4018-5195-96ae-017b9cea0d8f,2.E.6.f
6aa2aa01-90cc-512e-b1ec-4ee4a00dabd4,2.E.4.g
7748c57b-edb0-5cd2-82ba-b58ff5916b56,2.E.6.f
c3098aa0-256f-5837-a782-cec491cc8c91,2.E.6.f
162764a9-c4ac-53d4-b22b-96686b5a1c56,2.E.9.d
a94091d8-ec3f-508c-a33e-124eddcb5ffc,2.E.6.f
3e068bdc-fd74-5e70-ab62-a4abeeb5d3f7,2.E.4.c
4711ebf6-06ef-5f4a-82cf-d9679941d64a,2.E.9.d
90ea1d60-d9ad-593e-9ad3-aa9084d3a320,2.E.1.f
ce04fde9-8de0-5cb5-9a32-96e2133d58cb,2.E.1.c
9fb0ca5d-ff2c-5e6d-bd11-d3b72db5f8d6,2.E.2.e
6b809f1a-f15e-58c6-a32f-5f2399256636,2.E.1.e
5603547a-d8c0-59f5-b69a-b68bcc02e57e,2.E.6.f
fdad7df8-b9e6-5322-9213-3a65a5203f86,2.E.6.f
6e1161f6-b24b-52b8-900e-d7c583bc8e80,2.E.5.b
82766942-4b6d-5f27-9707-4afef82c5f74,2.E.2.a
5684b7e8-f88b-5a15-97b6-4f32eadc217f,2.E.4.b
6f0f1471-51e1-5c67-96ef-3eb50f01a96a,2.E.6.f
f0ca94b4-8c7c-5286-bf13-3636ba97fa37,2.E.1.e
ed21e4c3-b277-5d06-8390-7faa54e1ac81,2.E.2.b
7d35d2ec-4dbb-501a-9a68-412c1005be6a,2.E.6.f
38c1f64b-214f-5a94-889a-a615d2ccb8af,2.E.2.b
def29c66-1a9b-513f-b238-016abbeb5cb8,2.E.10.b
7ab96e8b-d547-5688-b943-bce795178afa,2.E.2.b
f1443d37-2865-5b3d-9c69-b623be0e3996,2.E.2.b
bf154a73-d06f-547c-b713-278bc28f61ca,2.E.2.b
ebf7619a-5ec1-5ad1-9ef5-d12bf7897b7c,2.E.2.b
83f6a538-5ea2-5f82-9716-01ac93257587,2.E.2.b
3d7b5562-50a5-57c1-a45d-07a9f0cc93ea,2.E.2.b
025153df-69ca-5757-a06e-6cadb3c97457,2.E.2.b
66ccb623-25de-54c1-8786-1b6707651bc5,2.E.2.b
6681c5bc-a7ba-5b5f-9398-8a492fd3dae1,2.E.2.b
cf64fd69-f2b1-500d-a8bc-3b9efc9299d1,2.E.2.b
f7dd5fbc-d1c9-52d5-850f-8034a468d58e,2.E.10.b
3b74b8e0-c79a-5434-b309-10dfd1084763,2.E.2.b
ce9f1fef-9eb7-5d08-9f88-83fd37da0a67,2.E.2.b
be96531a-59f8-53ef-a5cd-59f3dccce600,2.E.2.b
ff55b6cf-a1b5-5bc2-b495-76288ac34141,2.E.2.a
1ef31831-e03d-5b47-91a1-ec3676d4175a,2.E.2.b
a181f22e-a531-5a40-88ae-768d8ee5077f,2.E.2.b
94e9dcc1-10b5-5245-8277-237206a33fdc,2.E.2.b
f332310d-15aa-5985-bce3-579fa832272b,2.E.2.b
e3c12a0f-a5d1-57a1-8801-fb6712e47a83,2.E.10.b
01cb87d0-e1a1-52fe-b747-512e0c4f706c,2.E.2.b
a3bd7354-165b-5a7e-a952-7f4a854befa0,2.E.6.f
1332f567-6279-5b1a-b096-9d3d39af3295,2.E.2.b
43deacec-d7cd-54cb-903e-d3b3c329824d,2.E.2.b
429b1a09-ef67-5426-ac97-d7e53acb4c71,2.E.9.d
e073d93f-483c-575d-b640-21b5cfedb436,2.E.2.b
6112268d-7bcb-5201-8d8e-027ffb481bad,2.E.8.b
c5a04606-7195-54e2-8997-853c3c6b42c8,2.E.2.b
9479d9dd-bb41-536c-8291-4cfcc9208f21,2.E.9.d
d454c8df-a748-53ff-915b-4607de4ea8af,2.E.4.h
437d1ec8-9c62-5b2e-a9d6-99854c98f0ec,2.E.1.e
0591be18-d297-5569-a97b-473aea084212,2.E.16.g
98622403-0f9d-5e3f-a5a0-dc1bc8b3177e,2.E.6.f
3b29cbb3-fef7-5725-a07b-1c5b28083f75,2.E.6.f
fd8ce4b4-f0f0-5609-ac6a-9d0fdd2b4f51,2.E.2.b
fa3950fd-a6d8-57fc-8cd1-5410c0f58372,2.E.2.b
06519441-89aa-5782-b9f1-13667fc69276,2.E.2.b
b53b78a1-59d8-504c-8826-51ec09e2e3fa,2.E.8.b
788afadb-8e01-58b8-9282-50ea60b91258,2.E.2.b
6b3f6b13-c32f-5aa7-9a35-b85981aabc4d,2.E.6.f
8c4de4d6-d8a8-5065-a760-e0d0c51eaf13,2.E.2.b
85f7c479-93c3-51a9-8895-7b40cc6371f0,2.E.8.b
4bf06fce-2a93-57f4-93ee-56f080f71159,2.E.2.b
afe4b81a-f62f-5c4c-ae8b-24790d5cceeb,2.E.8.e
b1b5d375-7d55-586b-9459-51966695be93,2.E.2.b
3d924768-1a28-5118-a801-eda93aa21eb3,2.E.2.b
b4a94129-28b3-5b53-baa7-f531928b3e03,2.E.6.f
2465567f-175d-560a-994f-7781638384eb,2.E.2.b
24e6a255-fa67-5a35-a549-0bd1a1b5fac6,2.E.2.b
6e36d7dd-8f18-5e0b-95ee-ca73f47060a3,2.E.2.b
03ef3301-6060-58f3-8b9b-2e80b4619ce5,2.E.9.b
5d32b527-817c-5588-b23f-508470bcfe18,2.E.2.b
a3bea96c-276a-59d7-81fb-b3e430dbfeab,2.E.1.e
f8c83892-e85a-5afc-aa28-79acf8d30226,2.E.2.b
36b80b11-4b22-5f25-a3e1-25ff25d7dcf8,2.E.8.b
8595893b-50ef-5f0b-ba09-2f8218145e19,2.E.2.b
2bf74eb1-358a-5ee2-8744-81de7dfb9771,2.E.6.f
ed28d327-19eb-585d-92da-14c1049573e6,2.E.4.f
e8686305-ecbf-5436-9de6-9bb94784cb57,2.E.6.f
88cde591-be2e-5932-9b51-2649309e38b2,2.E.2.b
9e101fba-292d-5a18-9fe6-db65490de9bd,2.E.5.b
288cde06-ea91-57ae-9a5a-9ac1f6b97914,2.E.5.b
5839e544-8cf7-5366-9538-78364721a76c,2.E.2.b
338b898a-8176-531d-b3cb-88c546bc4cbd,2.E.6.d
6ee92491-c111-56cb-9df2-0a8b32ca3dbd,2.E.6.f
064bdfab-6b95-5675-8e41-6ffed5892981,2.E.1.i
b01639b9-4abc-5e0a-b6ab-236c1e033951,2.E.7.e
40fdd7f0-ebb1-5ee0-9ca5-f651e78c1589,2.E.2.b
c05c4dee-18a7-5a7c-81d9-9ed6d4bd524f,2.E.9.c
739bcb93-d776-5cfb-b63b-02dbac9ed096,2.E.13.c
65aa485c-c7b1-57b3-82f8-c2dd49f14ec7,2.E.7.a
4727c394-6cbb-56a0-9474-1f719d68e6d0,2.E.13.c
d2b71fe4-a943-5b9c-904c-eda6a095b182,2.E.9.c
0ed3d7d4-b27c-51b0-8179-9ae62f8e2afe,2.E.9.c
efb845a4-22df-598e-b483-1e4117ae213d,2.E.9.k
eebe53e0-e712-5c5f-acb6-2d5b902e1c29,2.E.7.h
417197af-0b5f-5a1a-b43d-8662e28d6565,2.E.10.a
181c6972-f136-5b05-8264-7884d4685fd1,2.E.9.c
385f8b4f-1c04-54a7-a1ee-b249987a5fa5,2.E.8.h
c8ca042a-d490-5864-897b-f84647659466,2.E.8.h
1241382c-6f11-507a-ad1f-7eb8e540c16b,2.E.9.k
d016c3e7-3f90-5c42-8c54-f79786aa65b2,2.E.5.c
21e5aa61-7cd1-54f6-b8ac-0626a1660238,2.E.7.b
57d65c5b-1048-58ac-a36b-fc74477b8a65,2.E.9.d
8be2a44a-0c3f-5208-a150-2d9d84fb3135,2.E.9.d
08082d25-6ebb-58f5-9274-b30d213a17a7,2.E.9.c
b1b458a6-1d4c-54db-84a3-01fc836e9fca,2.E.7.h
ae043476-7490-595c-b1ae-4a069261cfff,2.E.4.h
e281a017-dd31-5161-b20b-778bb0474e6a,2.E.6.d
01c81396-26c5-58ee-aeb4-dc1098afe6f6,2.E.7.b
e640d1f8-c974-5d12-9879-9e9362365a97,2.E.9.k
2ea11012-3f8d-5f02-93dd-e54cfb01ce54,2.E.7.h
bac041fd-8e20-5885-83ce-7a2803d7a66b,2.E.9.g
b645975b-59fb-5020-80e4-0ddd786d80c3,2.E.7.e
37a5bef7-5f66-56d8-b66f-fb2a21d31013,2.E.1.e
48e1b0e0-b739-51d2-be35-920a29433545,2.E.13.c
9a5cb181-2c5c-56d7-93a3-7a8575b30e3c,2.E.7.b
156c8af4-6c2c-518e-9e48-e9dc454a189e,2.E.9.d
3ef363ce-9628-5e9d-b968-4a94fa0df176,2.E.11.a
67384e02-2479-556a-aae3-87406f127f1f,2.E.5.a
5394c91b-1051-5995-999d-42fe74e74824,2.E.2.b
900b89f4-27dc-52be-80ad-68f5760137fb,2.E.9.d
d2b71fe4-a943-5b9c-904c-eda6a095b182,2.E.9.k
fdbe92b7-10f8-5a81-a52c-c1833158bc95,2.E.9.d
ce9aa378-e5be-5d4e-8e81-509e387f128f,2.E.7.b
dc1ecb08-b779-5a50-9239-36ecaaa896bc,2.E.9.d
d184d4e5-4acd-57e1-a47e-038af8416627,2.E.2.e
b18e7dd3-b6de-5c45-9d90-6a7915aa69eb,2.E.7.c
74a7751d-1bca-53a1-ac61-138cc5fddba0,2.E.2.e
146eee09-08bd-5ad8-b3b2-2defc1dbb9a8,2.E.1.f
88f9bf15-9bd5-571a-b085-8cb133d2dcfe,2.E.9.d
cf0d9530-4b61-5442-9691-8cc53de1f1cb,2.E.9.d
522fd011-f4fc-5697-a5a1-015dadf2cafb,2.E.9.j
4f764584-b3e8-5a7f-8abf-84dfa2b9006b,2.E.9.d
77cee9d7-580a-5994-8896-73c1736392d1,2.E.9.j
a245d265-bd52-5b07-84fa-bbffde901a02,2.E.9.j
47c19d91-b1f4-51f0-82e8-5c64679a9110,2.E.4.h
38333683-0e4e-52b5-a674-c1e07b960d51,2.E.1.f
343d0b27-8296-5831-84bd-4cd10dd7306f,2.E.9.j
9b1f0dff-84d1-5974-96f8-8cece7f8d430,2.E.2.a
9e5b0d82-b47c-59b8-8764-9d98e0a51efd,2.E.1.f
87ff0fa6-4749-5f4f-8dd7-c527fc03f023,2.E.4.h
24e3d384-2d97-5c58-ab1a-d077e4993cee,2.E.9.d
e49ad7af-8496-580f-ba60-3405c8653740,2.E.1.e
d22ca9e5-61d2-53c5-8ba5-ac05312a9f9c,2.E.9.j
d18f7a19-36a1-540a-a9a2-f48dba258b33,2.E.4.k
32ae7e40-5337-5098-8f87-94cac860df1d,2.E.9.d
05e1981a-bc2f-5655-af83-c3df810bf24c,2.E.6.f
37b89ca0-8bd6-5ffb-b801-0645af4c4ae5,2.E.8.b
c6517687-52d4-5eb5-8019-26ba30540d1d,2.E.16.d
0b9ec827-cc5d-53b0-864b-39f9cc4d60af,2.E.13.c
b4f33eb4-ddc6-5fc2-8510-c21eb265f382,2.E.9.b
b3b88012-f46f-57c0-9a6a-d6791f72230e,2.E.6.c
d5af5e2c-13be-5b97-8cec-1859e8af5a89,2.E.9.j
091dd8c9-0ed8-563f-ada9-6d61bd6bb3fe,2.E.9.b
b6f09e81-d113-5e0c-b435-6909da620c30,2.E.9.b
259329ae-fd42-5dc9-8edf-1fffb37b36f0,2.E.9.b
5ae1b2e8-748e-5e16-9da3-b6c3ce6d41a6,2.E.9.b
d87d4ecf-aa1b-5da7-a105-8718e45113db,2.E.9.b
36c292fc-3825-5d22-9078-99ec6c1719ef,2.E.9.b
6f9b8f87-5f50-57ed-aa97-17914fb8ca13,2.E.9.b
cc72a43c-f511-518a-865f-02e12a0c1a4b,2.E.9.b
e34188d2-2146-5a67-814c-a6056d2ff752,2.E.6.f
bbff4aea-5e61-5ce8-b29d-63dc7b38d981,2.E.9.b
65706bdb-a485-5d38-a9c9-22a0c19f2fc5,2.E.9.b
ea454451-f2f5-5a31-a13a-963ca370ff30,2.E.9.b
9d9c172b-4f9a-58a4-8cd5-1e165eccca82,2.E.9.b
3b98ba2a-5926-580e-ac80-bfcb20c69762,2.E.9.e
f03d575f-d64d-52e5-9040-0499886657eb,2.E.4.h
b9d024f2-6e58-5172-bd3e-167520c1b39b,2.E.9.i
a392e3e1-49ab-506c-a94b-5ce8f7c8537f,2.E.9.i
a08a296a-3b77-5793-be12-ef2af10ed401,2.E.6.a
475018d2-4f3e-58cb-8341-caf59d61bfb3,2.E.4.h
6d8fb7bb-0dcc-57f5-973e-9a496bbb7bc3,2.E.14.d
f45ce743-16be-58dd-bfd7-1874c31b3a63,2.E.1.d
09a2ae0e-0ca7-50f6-b806-52500e86c036,2.E.9.i
03638fce-44db-55db-9684-4dbe8f27686a,2.E.9.i
4f7bd16d-c225-58ef-81aa-d3df17e95e62,2.E.9.d
84c4ec9d-a132-51b1-a3af-e6a9327f23bd,2.E.6.a
4f6d2b34-2e7c-5b49-b925-670657bb51bf,2.E.4.b
103d6e69-ac17-5830-8ba8-b986432f8e94,2.E.1.e
6e0804b7-39d1-53fc-999a-d776832230bf,2.E.5.b
fc1dc3c8-b519-50f9-b351-8148014b19b6,2.E.6.f
202f738a-75e2-5337-9b13-d9603b248286,2.E.6.f
d03fdb8f-ffc4-594b-aa99-b65e9d08b72e,2.E.9.d
8d8884bb-bfe4-503c-8dcb-a7865cb24a1d,2.E.4.e
83fff09a-4d6b-5f4a-b3a1-bfb9099954c3,2.E.5.b
bb94cfa8-0777-5fd2-a2e6-f5db21292b0c,2.E.4.h
2c933bf7-aea9-5b28-a764-1e3cb0eb2f5e,2.E.9.i
1f86ab19-b81a-522c-b863-a85ebff2cc8f,2.E.9.i
14bd6f81-6e38-5137-b1eb-225b5785a9a3,2.E.9.i
6e995e81-9be3-52a1-89cd-fd1c9f888372,2.E.9.d
30761e43-2d63-5b10-bed1-0033e2c3ec47,2.E.9.i
b84f37c4-0e62-5919-89e7-67742d1214b1,2.E.4.i
5b5bbeb8-e02c-59ca-8f46-98557af0a96a,2.E.9.i
5c0de818-e744-53cf-8156-8e5e0c1a61e8,2.E.9.i
95eff1c8-7513-5347-bbc9-9afc6d7f6ec3,2.E.9.i
e8244151-6be9-532a-a168-a16a7eeac97e,2.E.9.i
b818816d-77cc-5cd9-a466-13eb9c60f0ad,2.E.9.i
1b10efd4-0b2d-5db2-9e8e-6fdf6af56662,2.E.9.i
afcdf6ae-bbfd-5a69-8bdc-52c6522a5946,2.E.6.e
b2f02d35-d88a-5771-ac91-bc352050206f,2.E.9.i
7d414c04-401d-52a9-b3da-cab8ae2b02b0,2.E.5.b
279bd0a4-4ffd-58f5-84b1-6ef6926b4c49,2.E.9.i
82cdb13e-b697-56ec-9265-5103dacb9492,2.E.9.i
4956d625-ff01-5871-9bc7-53e69e1282ab,2.E.9.d
ce38a82f-4e49-5d0a-aef1-5deb2fdb4dcf,2.E.1.d
2e9ba248-7cd7-506f-9902-b8e3cb1a8f6a,2.E.6.a
e47ddda1-b9ae-55e9-8ee2-9ecaf034aed2,2.E.6.a
ebdb613d-f49d-5e72-b0a7-d9b08ebb05ce,2.E.6.a
f482a380-940b-5eac-8eed-44a2180b4195,2.E.6.a
74af8efd-cf9c-51de-ae76-0bdd4e2da9b8,2.E.9.e
c03bc369-8ecf-594b-bd5c-c9a297a59d39,2.E.6.f
a9fe9b8e-bfda-5085-a56c-2bd4c55b2763,2.E.9.d
31129b56-f4a0-5449-b1d1-c94ca4eed9e3,2.E.6.d
949171b7-3c6d-5bd8-8f69-30795c990f4f,2.E.9.d
c383cb0d-2292-5884-b9e0-a10c11c781ba,2.E.6.f
b58f23fb-af60-57a4-8fa3-dad4d9b30f23,2.E.2.a
fc4d068f-8611-5ffb-b4a0-5bbf904bdf50,2.E.6.f
6947f5c8-43b6-5a8e-af41-a5987adb9db5,2.E.6.f
71b839e6-5491-5ab0-ae78-1f3c49616a93,2.E.6.a
c3fc4cb2-610e-5337-98a0-ca0f9d962e6a,2.E.6.f
51e2e600-5c5e-58ae-829d-68fd7d1f59a6,2.E.9.d
356d4909-5b79-5214-ac84-a973b576684e,2.E.6.f
b3ea92a9-c1fe-52ee-89de-e11a6404bb0b,2.E.9.d
c7277141-49d1-5e91-a2a7-9cf7c767fea5,2.E.6.f
0e466523-b72f-5f04-9521-a6f0af0f20d9,2.E.6.f
cd346501-ff5e-5e2b-9082-bf2e5f62568b,2.E.6.f
18be4d3c-eb34-5ae4-844d-c00b49493815,2.E.6.f
a0e927e9-9f72-5cbf-b34e-93b5e418f491,2.E.6.f
e29e7546-e4c5-5ae5-a9d3-ccb57949c069,2.E.6.f
4a1a8e9d-1a45-5ef3-bde7-4e8a97afe7b7,2.E.9.i
6fca6002-06c9-59d5-a155-3ed076c70025,2.E.6.f
e50ace71-1811-5170-a068-f04189e5b412,2.E.6.f
9e1543a7-ee1b-5f95-bac8-d2d6244c115a,2.E.6.f
c67c19cf-24e6-51d2-a91c-0225fe5d0dca,2.E.6.f
d583c37b-fada-5e64-8d1d-0ae03f2b412c,2.E.9.d
92b79175-12c3-58c1-8f58-9c7b71fe4617,2.E.6.f
bc03bbfb-67d8-5f3d-add1-b770505d143d,2.E.6.f
f542328a-9c1b-5f39-bb7e-a00e2df63c1a,2.E.6.f
46f51938-b68e-5292-8c35-9edf02fdd00c,2.E.6.f
68f97ea0-bd36-544b-958b-e305551ca413,2.E.9.d
677a9625-2b3a-5abc-a345-078d71c37fd7,2.E.8.h
294e06df-18a0-5f66-822f-fd66d1620ca8,2.E.8.h
11822e11-c5ee-576c-9897-3719be180818,2.E.8.h
40df8ca4-9bd6-5c27-9691-a2aaace7791c,2.E.9.d
81ff1dae-471f-5c34-90e9-f1f8cd61514b,2.E.8.h
6422cbc4-fdd7-50da-91e9-6b853a139ee5,2.E.9.d
e12d182f-ab7b-59fb-9f5b-db0477327547,2.E.9.d
6128d43c-c994-52a1-97e1-c0e8836c5396,2.E.9.d
2bf4cc0b-b842-5b61-907b-66515dd1dd49,2.E.6.f
7e1625eb-fcda-5e5a-bf1a-33f0354c9b54,2.E.9.d
9efd2250-6d1f-593c-bb7a-cf11a361eff9,2.E.9.d
64cc9f0b-d730-5088-b75b-88b29456d041,2.E.9.d
0d92a859-8109-5b0a-93c1-0ef09ace6261,2.E.9.d
bc7b9fb1-6dbe-5954-ba6e-dddd4095f289,2.E.9.d
563f4aa0-40ec-5faf-85c7-fb27ffdff40a,2.E.9.d
b802e03a-0478-5d3b-bcc7-e5bbec36442f,2.E.6.f
1154ea38-2c86-52ee-a128-64deb9c020b1,2.E.1.b
ee246729-2a58-5cbf-936a-4afc249ed6e9,2.E.6.f
9a21864e-7e75-5d1b-b292-1b0b1199dd1b,2.E.1.c
8daf1632-d663-5999-8434-0fd735217c8f,2.E.16.e
4ddb2b5d-d39b-53b5-81fd-d6836a0f44fe,2.E.6.f
b50ccffa-83c8-5954-a205-c847f570a558,2.E.9.b
e3bda4bc-eccb-5edb-8a73-e0e337350952,2.E.6.f
2788e412-2e9f-55f2-b36f-4eb20375af58,2.E.6.f
e1485725-64bc-5df7-acc3-b11008864db8,2.E.12.a
e967ca55-2c0b-5d2d-b694-519cd7fcbec4,2.E.6.f
a4cd7140-dba9-53f3-ae20-0bb8ba1a82e9,2.E.12.a
3bf31540-251e-5253-bc5a-2d0a934c2eac,2.E.6.f
8194fd38-70a6-5e66-b1b6-14c41dcfd4e3,2.E.6.f
693cc232-b299-5d02-a0cb-f436ca4e4f85,2.E.6.f
d09e4dd1-834d-5e54-b18b-ce8b916722cc,2.E.6.f
4dcf18ad-0b66-5156-b248-4585465959b1,2.E.6.f
1b1b7382-afea-5125-822c-5bc1ccd6e437,2.E.6.f
8a075a89-a76b-5ff8-b86a-260d1df5c8c0,2.E.6.f
e67ee685-4ca1-50c0-b652-4cf2fad2aacb,2.E.6.f
3c527a9a-c324-5600-a277-331ed5e378be,2.E.6.f
239de18d-1013-5723-b4d7-caa1b71b634c,2.E.6.f
bd828689-a445-53c3-a80b-26af0703b657,2.E.6.f
ee0c81d6-36e9-557b-b880-ca5f3d3f9624,2.E.6.f
cebe7c73-2cd4-57d1-8546-4221605cd3b3,2.E.6.f
d331ab0d-1733-5785-a613-9936af3c2d7d,2.E.6.f
4be134ea-0e1b-5201-b68a-d4b16db22840,2.E.6.f
20e0943a-9d29-5807-b965-0fe0338e9625,2.E.6.f
b7a62437-838b-5207-ad74-72b33b7410a8,2.E.6.f
81d22cd8-f8a9-54f3-a2aa-593d1211557a,2.E.6.f
d1782a85-e511-57f6-a380-759f4906d819,2.E.6.f
ff55b6cf-a1b5-5bc2-b495-76288ac34141,2.E.6.f
017be8d6-0882-5c58-b7aa-b75fbf9c2597,2.E.2.a
7340d6ab-2440-5363-a5a0-dc5c8f762a6b,2.E.6.f
58bb8777-20d0-57a3-8464-5da041a36b63,2.E.6.f
c8d9a025-f3f8-50e0-9a05-d4fe284f9472,2.E.6.f
e6ca0e75-f577-53c3-bedc-72b1ee6e5f1c,2.E.6.f
214b71f8-3f39-5893-bd81-3954378ac7ae,2.E.2.a
40661b04-fa86-59bc-85a4-d629fdbf1a4a,2.E.2.a
4658a3f1-74b4-5008-ab80-5db5f1dd30c9,2.E.6.f
a2061813-0df0-52ab-a9bc-655eb2f2ddf1,2.E.6.f
fd981c46-0743-5fbe-9f81-fb983b8a4e87,2.E.6.f
d6cb89b7-ca5a-5f89-aebb-0a65c50d5f0b,2.E.6.f
2dbf3d8d-74d1-5e94-a081-f85450cd5246,2.E.6.f
e9a3b4fb-cdbb-500a-b861-902a4ff25240,2.E.6.f
acc7bc56-10bb-54d3-8dd1-40e80d486145,2.E.6.e
18fab628-c2f1-5504-94af-434ac4acbf71,2.E.9.i
afb025d0-3a64-58df-bac3-299c9a51b4ae,2.E.1.e
ea9c84b6-c949-5277-8935-c0650a900f3f,2.E.16.e
73f7b30a-e944-5cbe-8c15-8ac9c05327cd,2.E.6.f
ef719f14-2d87-5559-807a-8288f85a64d8,2.E.1.e
d3234471-abf4-5700-bf92-2ae41e9a75b9,2.E.6.f
357dcfe2-6170-530e-b7e6-da4edcc1040b,2.E.16.e
e1ecff46-f442-5cd0-9c4d-f2889f5be8f5,2.E.1.e
7502fb3f-ddb5-5af7-8f3c-51fc83873547,2.E.6.f
7fcf7197-3255-5bd9-93ae-052d3b00499b,2.E.6.f
6100724e-d5a3-5884-ad80-f277f181ef2b,2.E.9.d
d55f0e92-8c9e-5308-af06-4ae0c9925418,2.E.2.b
f30b7c08-af41-5887-b4bf-c8e737b8bb72,2.E.4.c
ff00233f-95e0-5d6f-b9e0-fa506fc24e8c,2.E.6.f
61fc9998-b359-5dfb-bc01-a344ba72eb9b,2.E.2.a
e8d8dc17-d988-5eb1-9779-85b3809b1a3a,2.E.6.f
8c94d31c-acec-567b-aae7-1a3974299cfb,2.E.4.f
44d50e9b-adf8-5d69-b06d-25b84a8217f8,2.E.6.f
7db3a110-cd08-5130-a9eb-3b0ef6a1e1ef,2.E.1.c
b0a6bf90-a6b1-5539-809b-4b5882dcdbb3,2.E.6.f
abae7c9d-2af5-583f-8d73-96a60fc9f8e3,2.E.6.f
b91bbe10-42a4-5d56-b693-59fb8a282065,2.E.6.f
0ab09f1a-57f1-5ddf-9260-4eebe1cc3fa8,2.E.6.f
148a3840-301d-5afb-807f-c55cb054dca4,2.E.6.f
19ba64bb-532e-57a4-9e9b-6dbba0ec012a,2.E.6.f
520025bd-1bd4-5d29-8a82-849bef10e446,2.E.6.f
5e10d83e-fe58-593c-9f15-ba4907b263fb,2.E.6.f
cb51c033-249f-5d2e-a025-220e9e58d258,2.E.6.f
3db24d46-c62b-58ef-81d2-a9a0206f7e29,2.E.6.f
83bd4366-6bd5-5f75-abe2-e1a48568c7d6,2.E.6.f
f1692106-de42-5a47-9234-940288a3c293,2.E.1.c
411314da-c8b7-5013-a8c1-84a8451d8c73,2.E.6.f
d04945a7-ae2c-5dc3-9076-d405b49314a2,2.E.6.f
a02f5a22-ba7d-55ce-8b32-569ea5b4f925,2.E.6.f
9280d121-61bd-54ab-849d-8eb7f9b07d8a,2.E.6.f
553ec5cf-c18e-5045-8250-143434499de3,2.E.6.f
bb0568ff-11a8-589a-86dd-1e8a50bcf8f4,2.E.6.f
3810be8d-acda-5978-aac1-cee38efcd6f7,2.E.6.f
199e1c4d-2874-5112-b1ec-d6576c30a862,2.E.6.f
f4c91184-b64e-5db5-8bdf-7dce1f6f4bb6,2.E.6.f
2a0dfde2-5dc5-545c-9b7b-32ea94898563,2.E.6.f
97bb4756-630b-593a-9fe2-7985eca9c62d,2.E.6.f
28718be9-4554-5ce2-9714-007cb53e7af5,2.E.6.f
432eab74-4d5b-5497-afa4-355566d2366a,2.E.6.f
dbfa9ba0-fee9-55fd-9ff5-ef091f025cd1,2.E.6.f
96014ab6-24d6-5da2-ba4f-9f65753cc65b,2.E.6.f
1eaebc3d-860f-5bc6-9637-8cb3ed0dc91d,2.E.6.f
dba1a600-5dc2-56e5-9178-a3640d177c79,2.E.6.f
3e2ba74e-e4f7-5aec-a12c-b5f201df2c45,2.E.9.j
ef173b79-c04d-572d-a31b-edb9827e49e4,2.E.5.b
fd777347-60a4-528a-be41-1a84c99f788b,2.E.9.d
a3b3d899-84af-5454-ad49-a505969c37e4,2.E.9.e
44504975-530c-5ae9-b5d5-4c42ff9a297a,2.E.5.b
5b0b2a2d-76be-5787-9ab3-f3700d6a9e38,2.E.5.b
b3484221-38c9-53b5-9c36-a3fc2fbbabe0,2.E.5.b
ffd20899-0869-5fc9-b149-0923dfe6e35c,2.E.5.b
8b7e85ba-3e9f-5063-96d5-073cb8211cb3,2.E.5.b
4bce561e-408c-5821-8c1d-67d4849a116a,2.E.6.h
3d07897d-b5fb-50eb-bf43-1b0a751d6a6d,2.E.4.k
662af104-6869-5cb2-af23-93a4b8fed276,2.E.5.b
2caa2cdf-b8f3-515b-913a-11b5e26690c9,2.E.5.b
70674309-1ef7-59f5-a65d-ee49449ab3d5,2.E.5.b
a69327cb-0468-5a95-9afa-ffc049bfded4,2.E.5.b
56c7cbd5-4e14-51f8-b32c-5cc10b89c75d,2.E.5.b
3cbd2088-be4e-58bd-8ce8-54697f55b9e8,2.E.5.b
70dd97e8-b711-594b-9e6c-56058cb5fc7e,2.E.5.b
cb5872a0-c965-5418-b9cd-b3ea81a90fe7,2.E.5.b
b4ef6065-cd79-5ce1-97f6-810880aab5ac,2.E.5.b
1c011902-984b-5188-b6c0-a527b2786890,2.E.5.b
34a83dae-b6bc-5411-99b8-ee5b9de8c209,2.E.5.b
f1744394-cbcf-5f0f-8c4c-dfa3183c0e99,2.E.5.b
ed3ec944-d2b8-5e0b-b04b-16203249dc64,2.E.5.b
9e9c738c-3393-5eeb-8a7b-f0b617d28754,2.E.5.b
8d370155-eafc-5876-abcf-f770a96d0f01,2.E.5.b
b4753f68-2d6a-56cf-88d2-d7046c1f7bce,2.E.5.b
e915d8aa-63aa-5aef-8698-40e1cdf62161,2.E.5.b
e5e75ec2-71cb-59ca-b1ac-63695f85de31,2.E.5.b
f1a0031c-7f2a-57d8-b4db-5394268742cc,2.E.5.b
a0ac8042-3ff8-5d79-a911-a67beae567eb,2.E.9.e
85c74ff4-62c0-5dc1-abc1-4eac50b0a0b9,2.E.9.e
0d33ea82-d1f5-561a-a9a9-959a8b94e6b4,2.E.9.e
0ed7df7f-c8a9-53d7-ab23-dcb339b95145,2.E.9.e
2b300a32-6a29-5e50-9175-b046a99105ad,2.E.5.b
9a29c459-dcb1-50fb-b993-1bd430995d99,2.E.5.b
0f0d6806-4537-5014-874d-05f8e928f71a,2.E.5.b
eb957c6b-688d-5d8d-a1e0-b057ffc6402a,2.E.9.e
e6f85484-b407-589c-8645-833e513a4221,2.E.9.o
2aafc9b7-d6ed-5da8-a81e-4c990849e0fd,2.E.9.e
40802563-1342-5e43-9f32-00781f55a207,2.E.9.e
f18c2e6b-e53f-5f4b-8c17-be8bc75804d9,2.E.7.b
228d0c08-3725-547c-9cf1-f2c3dbfb9bc0,2.E.5.b
d84ea3e5-b31f-54e5-a362-11afb5bf560b,2.E.5.b
37e9723a-8d48-5771-96ad-a88eb5568e28,2.E.9.e
cc550073-2056-51f9-a857-788d3b83158d,2.E.1.e
9a7fdd5d-03b0-5f58-a504-68c84d95e461,2.E.5.b
d7e377d9-48a3-574e-a77b-f6073bd79070,2.E.7.c
e2d4f2d9-f632-556f-8398-879a4ee3beea,2.E.9.e
be22402f-9057-598f-b51d-0fdc72c0ad01,2.E.9.e
d44a0002-08c8-5f00-847d-62d2970cdb1b,2.E.9.e
97ace9dd-8ef2-5851-b5ec-40fa21282135,2.E.9.e
b82592d9-a889-5719-97f4-ce8b66dfcc07,2.E.10.e
82f5a526-1fef-56ef-b8ca-5a2f95f101c4,2.E.9.e
d480d04d-a948-541e-b9a2-8e8af2a74f2e,2.E.9.e
d3c2f3ae-9f66-5721-87a6-6d734969e5fb,2.E.9.e
bbb15f93-912c-5e75-8dc6-d165b0dc9592,2.E.9.e
444be2e3-d086-5976-8ad5-24f71c70c707,2.E.9.e
06ed8050-782e-5c3d-b488-c9c1f60cdf6d,2.E.9.e
2f71a04c-79da-5613-8a1f-80ec5dd4d0aa,2.E.9.e
18c9ebee-d7c2-5609-8a45-e9b29899a0da,2.E.9.e
6c4a8eb9-7928-51f9-90f7-83abaa9b32fb,2.E.9.e
26f28237-7e34-5d81-a02d-500ad75b9c53,2.E.9.e
e888aad6-5d02-5535-86d9-82f1a49462d3,2.E.9.e
c5e6c680-4dfd-5452-ad14-3768f62d5768,2.E.9.e
70ee25ea-b68a-5306-8d6e-552dcea2cb4a,2.E.9.e
03389c7c-589e-5632-885a-7699cbf0f3a2,2.E.9.e
284c4d9f-6e55-552f-a25a-f2dd7e30d732,2.E.9.d
16e56c9e-1cc7-5b28-9b9f-4f88f8b762c2,2.E.6.d
968de032-70bd-5d34-a468-a37bdb469930,2.E.9.e
71e1c998-6f6e-5d18-9f86-89de33e578dd,2.E.9.e
5f4abd1c-2185-5e18-8a6c-a2ac367a5a6e,2.E.9.e
302e7eee-7cc7-54e1-acdb-ef1f9a79f570,2.E.9.e
e73de814-85f2-5d31-91bd-d7a92d38ef49,2.E.9.e
205de53c-1777-588b-a6d5-b7b177516ce9,2.E.9.e
1a979608-d996-5f49-8e12-57ee88b5bc9d,2.E.9.e
27d0c333-da3f-548b-8393-a77c6c8bd86e,2.E.9.d
17a9ac61-ffce-5c45-a099-13f5c74da8d3,2.E.9.e
c3cb1fe9-cc46-5322-b808-c17a721e4900,2.E.9.e
0193eecf-2e95-5a7b-9dea-f92d7cc68908,2.E.9.o
42cd61c4-c08e-58a9-b5c4-c82f53819e3f,2.E.9.o
3c328479-f39d-5962-82d1-4fb50849d0b8,2.E.9.e
94faa331-00c4-5116-8069-5ad154566c9a,2.E.9.e
aa32235d-e24a-56c8-9a3a-b565d24fea5f,2.E.9.e
f0bfa408-4d6b-507c-9679-983542bbb979,2.E.9.e
7df9f873-2d09-511b-901d-8b6f44937e09,2.E.9.e
665b9975-6b89-52a0-b049-b2fd5e812550,2.E.9.e
121f78fd-24ee-5da8-b273-ba2b8f8a0c3e,2.E.9.e
58aeb21b-eeaa-5982-945a-45ffb1c56e6d,2.E.9.e
5223deb7-9d41-5d10-9264-84ccee1e7093,2.E.9.e
cfc08e9e-0526-554d-a745-1f0fe953ccf5,2.E.9.e
1e20e7ea-a523-56e0-9b3f-0e1b2d78ec9f,2.E.9.e
029ef5d8-6b07-5e6a-92bb-75cceeae90c0,2.E.9.e
a2608036-ffbf-5350-9778-462d07a7a245,2.E.9.e
8704062b-85a2-5698-844e-d397ca234af2,2.E.9.e
9c238a1c-1009-59b3-ad02-dbc90527438c,2.E.9.e
b9511bfb-efc9-500d-b757-ed4e14becff0,2.E.6.e
f0df59a7-558a-5a72-aa4e-5d1f60c99672,2.E.9.e
85b748a8-3d26-5c13-b364-77fb3bd916c4,2.E.2.c
4d7fd78e-5304-5052-a93d-6bdc47f5b29f,2.E.9.e
95e181e7-f56d-50c8-86b0-b54b9afdd5fd,2.E.9.e
e61d3733-7827-5f2c-bb09-be78ef4e3b72,2.E.1.e
b939c77c-66ab-5834-8a9c-42425b5438a1,2.E.6.m
01af1f64-8789-5949-81ae-9247b6c14a7f,2.E.6.e
3241694e-7afb-5436-bed6-2ecbb29b0170,2.E.9.d
40ca536c-f5ab-58a3-9fd8-80ee64da29ba,2.E.9.e
81e47372-3c3a-55ea-bf99-c448fcd66ede,2.E.9.b
8cea2019-3fa4-5c61-ac34-a8caeae8c38e,2.E.9.g
447df896-d005-5b87-88b4-7430b783eeca,2.E.2.e
f5638e65-3d63-563a-b8a2-1f939a9c71ba,2.E.16.b
9f054909-412a-5e8c-b2a8-e7862cfcc563,2.E.6.f
c270e885-e0fe-50a5-b7ee-0cd0d2607fbc,2.E.12.h
6463ef26-55da-5814-a4a6-410f82505895,2.E.1.k
3146463b-bd81-5097-8a5e-9d15e43feac5,2.E.4.h
24214ee4-fcb6-5442-96e2-36d2bea7e7b8,2.E.8.h
1dc0f816-ea1d-5874-b159-22fe188cfd95,2.E.9.d
e9b3b4e1-097a-561a-9fb0-d2cba7c6a346,2.E.7.b
90e13829-1821-529a-aea6-9873da3f9131,2.E.9.c
ef496d28-1be1-597b-bb63-d4985ca290f3,2.E.17.a
9ec52e0f-f66d-50ed-ac2e-f69a7c63748d,2.E.4.c
45f2c564-fefc-5dba-80f0-13cc231d0acd,2.E.4.g
22250146-b299-57a3-bdd2-c453e2628de1,2.E.2.c
b7b8693e-5da9-5c4b-ab0a-6fee9bd9e75e,2.E.16.b
c9e05a19-1de2-590e-9f64-40b4363768b5,2.E.6.l
fc7380cd-3d44-5446-9638-7800088d8917,2.E.1.e
9ae1126b-1013-595a-b51b-96437a3b073c,2.E.7.h
92f4ffd5-6243-52ed-bbf3-72e05d19ac75,2.E.6.f
8503dbc8-75be-549a-bf9a-c631b4104144,2.E.9.j
dcfaf968-b41b-5597-89a8-4288ac907c88,2.E.2.b
c3a9a292-e07e-557e-b6dc-39be73793962,2.E.9.j
879d097e-03f6-5070-ac4d-35c896ec0a94,2.E.6.c
78a40c99-b7de-5881-a383-1887642bd878,2.E.9.o
cf04fc49-4448-5dd6-8545-ad87997e7d41,2.E.1.d
f686e517-e985-525b-b7bd-b98acd0cedb7,2.E.1.f
49118d89-5d3c-5dac-8bc3-410d32a27d6a,2.E.2.b
aec28f94-3850-51dc-adae-9f1e1a6d210f,2.E.2.b
fe908586-604e-50e9-916a-70a563de24c4,2.E.1.d
ae858694-ede2-527f-ae09-5140c37ff6ec,2.E.9.j
43d9f6f7-e707-5e2c-b99a-360be9db53c2,2.E.1.b
304d3d2a-1855-52de-89f6-0197569ab9ea,2.E.1.d
d1654ec6-9834-5488-9a69-59c3b7f8182f,2.E.9.j
eb0d1a4d-913b-5511-b87e-c7cf695b12be,2.E.9.j
c9a0063f-c71b-5d89-864a-993cf5600393,2.E.2.b
c1de6dd3-6ba7-5f59-962f-40b6b99bfa82,2.E.2.b
ac740f2c-47ab-579a-8cfc-62f1403f4849,2.E.9.j
49485583-7434-542a-9ac1-d0043521e723,2.E.1.b
3d11d382-e028-51b0-afec-576ec551a694,2.E.9.j
b5eb6e01-e9f2-5aef-8e3a-ef7395e70538,2.E.9.j
93641b96-08e1-520f-8843-38098a665109,2.E.4.i
d6724e17-e832-5797-ae13-5e2373dde1e4,2.E.6.f
be913805-a3be-538c-b558-ef35f67467eb,2.E.2.a
b2bb5f7f-d4d6-566a-be47-f957bfa40dd0,2.E.9.d
4afd872e-3377-53de-be11-a4c1de1522da,2.E.2.a
c729af10-f398-5d7d-a997-39159ac908bf,2.E.2.d
608d99ff-a574-5de3-8fc5-42c9239bd29e,2.E.2.a
0c908fac-580e-5e6b-9b67-e9cb4d6a633a,2.E.2.d
106c80b6-c3c9-5845-ba09-0afeaf574fd9,2.E.1.e
4b027b0c-097e-5f05-834f-646ac1066c34,2.E.1.e
230c9346-1eaf-5220-ba19-b0caf7377896,2.E.2.d
1caf92c0-1e13-514b-abd5-af615c90c471,2.E.9.d
439abc14-f5e5-5829-be6f-f2fc006324d3,2.E.9.d
b88c0e11-f6b1-5c0a-82ba-70a31f89ed7f,2.E.2.d
15d1f48a-d355-5ca6-a6f4-04b51bb397cf,2.E.6.e
e73d91ba-b045-5edb-8f30-11c99a85d5bf,2.E.9.d
4b6212b6-cc85-504a-a57d-475cd0232898,2.E.6.f
3d53cbaf-1ae3-5f59-88c4-af163304585c,2.E.9.c
aed163bb-273e-5628-8cf1-9c352634d2bd,2.E.5.b
9019c80a-e5eb-5a0f-92cc-7824600475a8,2.E.9.c
b3fd97eb-71a7-5f9a-bbb3-273a1bb06c11,2.E.5.b
9e7d50ce-74c7-543f-8cf2-4688650e775b,2.E.5.b
88e2e973-3714-5024-b9fc-d14eb1a1a6c2,2.E.5.b
57026c18-3d9f-548d-83f8-0760ffb0242c,2.E.2.d
b7975120-b74d-50f4-b9ee-8382dc96c19d,2.E.1.i
7d09b1af-d77c-5ff5-b478-4f6f8dcd7370,2.E.5.b
150beb37-5986-5d11-9f67-b00ece55c954,2.E.5.b
099ef29d-d6aa-5ceb-be7d-c97cee68f0c5,2.E.2.f
ea3f2d53-6027-584a-b3f2-e970a0f36dda,2.E.5.b
4c95144f-1828-5988-a509-58d3cda132e9,2.E.5.b
8ececcba-f460-599a-96da-9de535c78a57,2.E.5.b
163bb7ee-d8ad-5247-ae34-852696df757c,2.E.9.c
13571578-b875-5809-8691-e6488c9323ce,2.E.5.b
6ed2d97d-343f-5b01-9d8f-3a3acab18019,2.E.5.b
04a2cd2c-50d4-5013-914e-fba8ab086055,2.E.12.a
fea7382d-3d2c-50c0-b898-47f6224c2a12,2.E.1.i
cc9dbdf6-22b0-524b-9414-a2edd74cd5e5,2.E.2.b
72b1a5ed-64c1-581a-ad50-21d35525b873,2.E.5.b
9d92c618-ca33-5398-8811-e1432e7c84df,2.E.5.b
ae8f2b6f-5dd7-571f-9b6c-3d0521833f75,2.E.5.b
24f2eca4-eee0-5808-98d3-3a2598f112cc,2.E.6.h
e5c0ce78-aab6-5fe3-9abe-f3d603a3bea5,2.E.6.f
a98efb0b-5179-5796-a322-8668a511ce4d,2.E.5.b
f02964fe-1d4a-5444-87a6-a9d74d06ab95,2.E.10.c
88d7c77e-7b7d-58dd-9280-303bae85c7e6,2.E.6.e
ae99e57f-c85b-5c12-a62e-7e65adecded1,2.E.5.b
3d3d90e8-40ee-5eac-93a6-1c6dea3d9de2,2.E.12.a
587ba98f-9f98-514f-978d-820d70364ea8,2.E.2.d
872f049f-64dd-5953-a9cb-26a106cf662e,2.E.1.i
a937ff16-3b89-598a-b1a1-64eb22a148aa,2.E.5.b
99d82ac4-1e4e-5931-96e9-cab7caa41b76,2.E.6.f
4a5697b2-0be8-5e55-8110-6e0c8741a000,2.E.1.i
8f2218d8-31ba-51d1-8ddf-0e4764e8fc21,2.E.1.i
09642d89-cdd4-5a6a-9f28-27d8848169b8,2.E.1.i
8b66cf12-8375-595f-9836-de3845ce5eaa,2.E.5.b
6aa2319e-bf78-5b35-b86e-257f102ea6ae,2.E.1.i
3872fd1c-b1fd-5f3e-ab54-082402f86a53,2.E.9.d
3b92f6d9-deb0-5b14-864c-4fd1dc230315,2.E.9.d
5b2911f0-a485-573a-8427-8889386b1bf1,2.E.5.b
1ca58477-c464-58d4-a5e3-37c1a8403d7c,2.E.1.i
7446f84d-a5bc-56dd-aed8-c3fe2da71bd2,2.E.1.i
3108be43-3a56-5306-b2db-27499c3c88c2,2.E.1.i
746103e5-39ee-57ce-84d9-da3a44d11883,2.E.9.d
bd5893b6-e1e1-5048-a9e0-a1bb0fa76e7d,2.E.9.c
6f7ed122-9952-514f-80fd-48c19b25eea5,2.E.9.c
d801ad1a-9c94-5590-8500-8546986cb5d4,2.E.9.c
6afde4e9-24e3-5d92-bec3-5dadbda7e7b5,2.E.2.d
efe7e500-5ce5-521a-b5b3-39ac5aeb8a7d,2.E.2.d
81184b33-8aa1-5e95-9a2c-98ef97e2f22c,2.E.2.d
54683529-9bde-5a8b-bbd1-2b9d91544ef0,2.E.1.i
dd993e05-4713-59bc-82a2-cc4f8d93c286,2.E.6.f
09f75dbb-3a2e-5e61-b9d9-bdec0a2edd78,2.E.2.d
91c25027-9b5c-5fa0-9383-c75c4c8842e4,2.E.9.c
d5a5edd7-00b0-57e1-a4fd-12ec82ae5922,2.E.4.b
b5438301-8e4e-5eda-b3e5-8a5f9117ef5d,2.E.1.e
c729af10-f398-5d7d-a997-39159ac908bf,2.E.1.e
b8a831d5-bc1e-5b4f-ac43-68450efd0156,2.E.7.i
31ca2a26-2107-5370-8d2b-9a29c4980dd0,2.E.6.f
782fd795-8c4a-5b71-83c1-803c43d1279c,2.E.6.f
f410503c-8564-5ed3-af20-e90c0e399eb4,2.E.1.e
da6f00ad-a576-56fa-9c8d-a28a45f3f5e9,2.E.2.f
01564051-15f8-57cc-ac76-ba3b9491853e,2.E.1.e
15526dbe-2d69-53ad-9e79-f90d6eaf2dc7,2.E.1.e
bf8adb57-b3a1-54e5-b065-5f95ecf12739,2.E.6.f
cef638f1-c34f-54e7-b2b8-9e57b8ae2cfd,2.E.1.e
bffa1952-9027-5f02-bda4-16d7774194f5,2.E.6.f
bce24ad7-451e-584f-9933-cea42bbdb1bc,2.E.6.f
3f89e4d4-cc40-5915-a553-c80c7d00a05b,2.E.4.b
db0dfae2-38b3-5d05-9415-61eb2fd63f01,2.E.4.j
aecabd08-757d-5382-9aad-6a3efd9f27c2,2.E.8.b
cdf1a45e-6cdd-58a7-af7c-f2e3492a1bb9,2.E.6.f
ec39cd04-77ef-57ed-978d-aaf8c245f640,2.E.6.f
7d85e62f-11f4-597a-97ea-ddcce54ed263,2.E.6.f
9e3cbd05-25f2-553e-bc30-1affb95de6a6,2.E.9.d
330f8316-a97d-587b-8734-a57cca5d8d0d,2.E.9.d
2b04251b-684d-5809-b497-ca27c7260db6,2.E.9.d
9c87d345-b8ef-5b28-b43a-43bee2f554e2,2.E.9.d
29d71341-0335-5980-b9a5-d1dff0691ce4,2.E.9.d
ecaa0c7f-1664-5b80-a1e3-de95f6ef6427,2.E.9.d
589557a7-4d4f-5eb8-a73e-0633672c1ddf,2.E.9.d
ee236fa6-73d8-5eb5-9075-704f401db50c,2.E.9.d
615939c6-3e64-5af6-a2f0-bd9a52c155df,2.E.9.d
7c109504-443c-5117-be1b-8379ca5504b5,2.E.9.d
f238b9e0-bf01-5842-b6db-d67f4d26eab3,2.E.9.d
2cdbd166-a9ab-5c0a-8201-a0d1832c6f4b,2.E.9.e
23cee2b6-e276-5385-885a-4523895fbea0,2.E.9.e
37d5adb2-07c5-5a06-a090-d820823f0e42,2.E.1.c
9e943f6e-d9d0-59c9-bfbf-8ea12a64a0c1,2.E.1.c
b0661fd0-2310-515f-944d-11c870818433,2.E.1.c
d4782873-da56-556d-a8ae-02a0d892cd82,2.E.1.c
4b0f32e5-31d8-5004-adbc-ac5edf26f2ff,2.E.1.c
b96142c1-865c-5de6-9ecc-f09653c4e0f1,2.E.1.c
5d4b3793-ef61-5aba-b6ab-85cd669937a4,2.E.9.e
a3b6af6c-9a22-5514-8712-0d0fb59fc51b,2.E.9.d
b823ef55-ef96-54f0-b264-0876b1d824e6,2.E.1.c
d77f42ce-5d5b-520c-9c2c-708892ed3bc8,2.E.1.c
ae686bb2-a45f-511a-8170-fe8e1691e8cb,2.E.1.c
b87c901f-bada-53ec-b0a9-c97be34b517b,2.E.1.c
7b28e4d0-eb5a-5ee6-9243-ec759a75fd55,2.E.9.d
100be5c2-60c8-5225-bd63-257e1bdddc52,2.E.1.c
dbd492f2-cc4e-59f9-9bb2-ab80173440c2,2.E.1.c
2dcda34a-5655-5657-b89a-b11091da3251,2.E.13.c
3f84ad34-8528-5e72-b473-53bb7214a7f5,2.E.6.f
293edd9a-1319-56d3-8687-fec131ad928a,2.E.1.e
6a2407b4-d139-5a1e-a0b5-7c5c4483ea00,2.E.8.h
66eeac74-138e-5570-9023-693ba49bf1e5,2.E.1.f
11d1b35c-6a3c-517a-8de9-e1a39ef15f1a,2.E.16.b
09f0d884-8a2e-5ad7-8da8-da2e170d5d22,2.E.1.f
f7bcedcc-4936-5725-af84-d4ab4e4e92e2,2.E.1.f
3e437173-ecf9-58a6-91c7-a3e328679e53,2.E.1.f
22b1f4ee-b6c8-56ce-a230-e26cb0b8d508,2.E.5.b
38f1639b-7d77-5dac-a590-a56b6c59ba8c,2.E.1.d
8971533c-4b85-5210-8e14-037c1e4bc480,2.E.6.f
93c0783f-6226-5db0-b367-716225b8acff,2.E.1.d
a67ae508-ebd6-5efb-a5e5-495bec537a04,2.E.4.b
1fd3228e-b541-55da-b98f-6b165e56fde9,2.E.6.f
d5f2e2bd-2f42-50e7-a586-c16fd04f2fcc,2.E.6.f
2edc877c-fc04-5679-b722-7310487c62f3,2.E.9.d
31a8eaa8-7c45-5698-920d-970b3bb41111,2.E.6.f
c5ca37f0-d5d1-58d1-bca1-3f07e5d8056a,2.E.5.b
5f732004-68cf-5b9f-ac96-5800b46b0a03,2.E.6.f
0dc4d6c8-d90f-57a4-993c-5a47aebb7f93,2.E.6.f
3a29ecaf-21c6-5ed9-af5a-7eb50e63b656,2.E.13.c
44cbfde3-f619-512e-b49b-59373ca184b5,2.E.6.f
eb60fadf-0798-539b-947d-a63a9759db4b,2.E.4.b
8b78a591-b5b8-5210-86e8-721460c92270,2.E.6.f
4eec1ff1-0b84-5523-a5c8-d3e0805de5b7,2.E.6.f
03009351-d630-579b-af40-c60992504c6e,2.E.6.f
e2e434b6-5d88-50e9-95a1-2f57555adf3a,2.E.5.b
a9523542-1e85-5e31-aa18-e14e0871e43e,2.E.6.e
344e5b41-eeeb-55cb-9454-39fc83ec0f81,2.E.6.f
07fc4d8e-aa35-549d-88ad-b04e4cb7a587,2.E.9.e
2da602a4-a0e2-593d-8a5b-aa1434b68bcd,2.E.6.f
950a14ec-9681-54a4-ba20-3c86d220cf3a,2.E.16.a
375e85d2-ff6b-5ba3-929c-f708ed11a754,2.E.4.j
f298b9ed-01c8-5651-9276-5ece055ebe38,2.E.6.f
72d8fa40-4787-5cac-8e4d-23933da4a52c,2.E.1.e
50265c0d-88f0-5b20-9ac7-8cf9dac6a86a,2.E.6.f
16d916c2-7a60-5c18-9d81-b7830750d547,2.E.9.c
1f31b5ac-7dda-513c-b8e6-00ca48ed35ec,2.E.1.e
c6b36817-f30a-5107-a060-33924ec7629d,2.E.9.d
eab7975d-f687-5cdd-91af-ff232a998a42,2.E.2.d
1e748e19-1733-5e42-b8de-1d3b375f0b12,2.E.9.c
519ff863-3b30-5e7c-bd1f-4de0c296a40a,2.E.1.e
c116be78-82c8-5fd8-b4ce-57bf1af4be4a,2.E.1.j
ad233bbb-cb35-5891-a192-43ec11e19a5b,2.E.9.c
c633c5d7-54d7-5408-89f9-cc39a7a813b4,2.E.2.f
52db02a9-3a9a-5c06-b290-760c62baf1f5,2.E.1.e
120fadf6-8e98-567b-a8c9-1f61aacb9714,2.E.9.d
14b9b843-8739-5e81-9d05-a76622ffbac3,2.E.1.i
2dc913b9-ce51-5b1b-939e-357e9f0de35f,2.E.1.e
cc61c003-6b98-5611-be38-4e1c7f9f1fea,2.E.5.b
6f32171d-2603-56ee-9f43-ecdcbada173a,2.E.1.e
96f19164-2f8f-5a9e-8e6a-876eeddb1333,2.E.1.e
c9d18266-6749-5eb6-8d84-0c554a6b56d2,2.E.6.e
1fd9f2cb-e78a-5ca2-826f-029d7b2ba342,2.E.2.d
f2a900bf-7e0f-54cc-9860-03711c6c59da,2.E.2.d
345a638c-ccf8-560a-8dfa-e9436698ec80,2.E.2.d
b0d04ad9-d69a-55eb-923c-6d0348165027,2.E.1.c
2f6c8a9b-0c2b-5641-9bd5-fee836c503d0,2.E.5.b
2c43e64b-d94e-59e7-aa65-b5e493345097,2.E.1.c
608b815b-833e-5c45-b6ed-1a05505a96d6,2.E.1.c
38f54adf-244f-5186-8381-606aa28237bc,2.E.1.c
e38d0cd2-f373-5e72-9e2e-b45ced722241,2.E.9.d
b7081c8e-1b76-5fe7-89bc-21886542b4df,2.E.1.c
eac2387f-68d2-5b9a-b044-96c53b27ab16,2.E.1.c
2066af10-a74f-5a34-8c40-e6e39343b8bf,2.E.1.c
8726162d-72b6-50ad-b831-6a60c31e24b2,2.E.1.c
2ef0c0fa-a117-519e-90cd-e1583ab7facc,2.E.1.c
5b07a17b-6f83-5d53-b5ae-3865df0dfebb,2.E.1.c
7f4bb684-c03f-56a3-99bd-946c8e71a90f,2.E.1.c
86aa4748-85f3-5d77-bcc9-57844edfb5cb,2.E.1.c
ebde77bb-fd35-5265-8079-3ed4e97b6720,2.E.1.c
976224d2-fcb1-5195-9cf1-5ad21fbe63af,2.E.1.c
3ab71597-bcbb-59b6-a5d1-c163e7f8fb1c,2.E.1.c
e7d22060-22b5-5c1a-9ef7-253c70b534fb,2.E.1.c
56938692-eb74-5413-9533-b929171dc9ad,2.E.1.c
8afe9dde-f089-544f-8f52-2a4cb5a34039,2.E.1.c
d951e35d-a4eb-5c79-8ff4-80570b64c705,2.E.1.c
97a57fa8-bb71-5f9a-8684-dc9e468c7680,2.E.1.c
f6f0bf69-9b13-53f3-9f76-bbbe310b4126,2.E.1.c
27c02dac-b6e0-50c8-ba31-46d1353ee85f,2.E.1.c
051deb35-d881-5df6-9710-a99a8ae4794f,2.E.1.c
84fd3e42-3114-51ae-8b77-1b8e61ae2d08,2.E.16.b
e1fb0718-c543-5ce6-a736-ee5051ba0f52,2.E.1.c
7a118ece-03b2-599b-ae56-7af4b8943b5b,2.E.6.f
e4482728-b5e1-588d-92b4-c10c8028faf3,2.E.1.c
33c6fa79-8070-5c62-a075-894d3332b6ef,2.E.1.c
b0b0363f-573c-5e9d-91c8-0ac4789bec19,2.E.1.c
d4f3042b-6fe3-5b0d-af30-1ed488b81d95,2.E.1.c
17544ef8-13ee-5849-aa92-d62178c6eef6,2.E.1.c
7ec42a34-f0df-5d85-b848-510a99d66acb,2.E.1.c
fe9755eb-53b6-54a9-aa21-aa546b57c902,2.E.1.c
d91d8ab4-09f3-5faa-8a7e-e08ec0c5d8dd,2.E.1.c
7e8ccaa1-7aaa-504c-ae13-c2464eb3669c,2.E.1.c
2f80031e-8a14-5776-9190-1db4940b986e,2.E.6.f
309e8350-cce5-50f0-8276-cf5f5f6fa32c,2.E.1.c
0df4a348-ca5a-55b7-bec9-5d7594c14786,2.E.1.c
0076f74a-a18b-5dd7-a5e9-597674e67489,2.E.1.c
bcf5afe9-0290-585a-a7f5-d919d2316eb4,2.E.2.e
937bcde6-c694-5bfe-b376-62bd5395b2f6,2.E.6.f
e6b98d4f-faa5-59ce-86a3-0d137c55ecea,2.E.2.b
10202764-e260-5cca-8a55-c2c631cb0acd,2.E.1.c
f7e33961-e602-56b8-bc60-2266aa90eafb,2.E.1.c
3c6833d0-a7c0-5f27-a6ea-81e41ad16e22,2.E.1.c
7449d302-db48-5ea2-a849-756ed7ffffae,2.E.1.c
d4edaef7-338f-5fdf-9c43-6a2e0269e53c,2.E.1.c
ceb892c2-2c9a-525f-bd43-6919380eb331,2.E.1.c
7d379e74-21e2-56dd-ad87-5ac8fe0e9907,2.E.1.c
6c337554-7906-5bc9-9d4a-e8f8b6393278,2.E.1.c
3033145e-05ad-50d6-b4a6-d541bd4cf5f7,2.E.1.c
d089f4e4-40d5-565a-a3f8-5cc865ec559f,2.E.1.c
191b067d-471f-508b-95f3-23e85480011a,2.E.1.c
ef66a3a5-ceb8-5a3c-b935-2e55e630629f,2.E.1.c
bff5a148-73d6-5721-96f3-3f5a7446f262,2.E.1.c
5e2b5809-1b7b-5ae2-9dd6-d35d84765cf6,2.E.1.c
0c162d9d-eab9-58d8-b4b6-d5c85144ebfb,2.E.1.c
e5308531-6305-55e2-982c-850b9738bb41,2.E.1.c
e1e13643-5486-5a2b-ba73-b31896d03e7e,2.E.10.b
7b4de26b-a1dc-555c-ac02-1ae6ba9271ba,2.E.1.c
bf0a5f66-6559-57ae-aae3-4f253e742235,2.E.1.c
a55030ea-fc37-54f7-8af9-5bb87b116020,2.E.1.c
e6fa0e24-f425-5b9a-a895-45c114c3745a,2.E.1.c
ff64984e-d94d-5fe0-9106-eb236b36dc2d,2.E.1.c
fa52106d-813f-5a79-8c67-9630c2b50513,2.E.1.c
65591872-299d-5a1f-9b95-d5b795072d19,2.E.1.c
2db20304-76ad-5b74-a647-1e246ba308fd,2.E.1.c
d1cb5917-aa28-5904-a176-88777609a156,2.E.1.c
66054a0a-83e1-5f15-b96d-e49ea0a9617d,2.E.6.c
18a812e2-f602-586a-81aa-123eba24ad01,2.E.2.a
2941a0bc-8443-5d94-bad5-d908ba26d8a0,2.E.6.f
3bfd1729-ee05-5d54-a931-d0708487e51e,2.E.1.c
f4942335-f57e-5abc-ba01-eec0cee0233c,2.E.10.a
cd599ca6-ad71-5181-bb22-9380597128fe,2.E.1.c
41be005d-f2e7-5e3c-9a8f-58a204e433b1,2.E.1.c
87164bdd-bbde-52dc-8bc1-adc754e8b593,2.E.1.c
ec298a48-8e2e-5c16-a0fb-ef80a13f6b8f,2.E.1.c
0a0348d7-e623-5fce-aa3f-57338b77eb46,2.E.1.c
09b77597-faea-5ea5-a88f-89d698bc5f02,2.E.1.c
08912899-43e9-5bdc-b562-35d65076f088,2.E.1.c
7418fc0e-7cc5-5a95-9823-6bb1772a92bd,2.E.1.c
dff32d14-7af9-5d4c-a20a-e92687471522,2.E.6.f
d23bb7e4-dd41-560c-830b-d156871dfc1e,2.E.1.b
8acc246a-7573-591c-a42e-2011df23f390,2.E.1.d
bbe601c1-5599-56b3-91cc-3be5750b5666,2.E.9.d
fc59f2c7-92f2-51db-85b9-11e89b06212d,2.E.1.d
3f418fce-f417-56fe-b016-73ad197b8a55,2.E.9.d
e46959cb-29a1-58cc-b98e-13aebd5d993b,2.E.9.d
75094ca9-eeaa-5d57-81b4-e42b6324bead,2.E.9.d
74dee057-1d46-5ba7-942d-752e93d6ebab,2.E.1.d
706c9cae-8a2f-532b-96cb-c8b8282fda60,2.E.9.d
40448077-fca7-5627-9d6a-09e0f11cacaa,2.E.9.d
7881d8be-3430-5843-a7ef-b0f00e0636c0,2.E.1.d
ebe4c1ad-4c2c-5e81-afae-716c1f3835f5,2.E.1.d
9f358695-3f21-5977-acea-ee361917da3f,2.E.9.d
bbb41a0c-bb4e-5c20-bbc1-494297d2fac6,2.E.9.d
03bb2b7b-06e2-5ce5-991a-66b5140176f9,2.E.7.b
2a0907ed-a5dd-5509-b5df-42641c5d394f,2.E.9.d
a9510330-12dd-57cf-858a-b8032371a1a9,2.E.9.d
50d31185-8adb-549c-95c5-09d3e71dcec9,2.E.9.d
d433fdec-a7f9-5f49-8562-b55c0371576b,2.E.9.d
8ce6159c-5c1e-547b-9825-7571965644a8,2.E.9.d
f5fa914e-9ac6-5d21-9438-8f71c0e04291,2.E.1.d
a99c97d9-d229-5aea-babf-9444d2c0606a,2.E.1.p
6664abb5-cc50-5168-9168-f3357db11928,2.E.7.c
75ce1246-082a-5dba-9e60-7aa9833ca39e,2.E.1.e
e63fa2dc-0e67-5f25-b8cc-85a87ce59416,2.E.16.c
1f387667-e03e-5983-ae75-eecae3309edc,2.E.1.e
64a35aea-120d-59b9-96fd-3fc0a44f77cf,2.E.7.h
0ca5fc1a-bc74-5a34-b033-014c2a09933f,2.E.7.b
8acd5b1e-0103-5483-835e-71a4e58dbc34,2.E.6.m
29115041-b604-53f8-abfc-d185d8aaf875,2.E.7.h
b271cf5e-bda9-537d-bcce-2debd857a392,2.E.5.c
ff57ca2f-d612-5fdd-9a6f-8bfcb99c2932,2.E.7.h
0a0b1555-befc-5748-bc45-6e765ca0cc6c,2.E.6.j
41ef3ded-5b9f-576f-825f-b726b8eeb08d,2.E.2.b
24c2620d-6c89-5743-9620-6379a81a12be,2.E.7.g
978bb130-64aa-5cc0-8afe-11e4f5f15c51,2.E.6.e
5b8f94e5-767e-5771-893a-de4518e461e2,2.E.7.e
9fa095cf-46f8-5fde-b434-e1a6d2686e4b,2.E.7.f
4e48c2d6-de65-5592-8e5c-f0dc23845da1,2.E.7.e
82b8e2f2-f0ec-50f4-bfcd-a0fbbce57741,2.E.7.h
8f9cdefa-fc37-5abf-9eb5-00bff2e00898,2.E.7.h
ccc9320c-771d-5b07-af98-53286bfb8530,2.E.2.b
06b165a2-2b80-5317-81a7-5bd8641002ba,2.E.1.e
e09e9486-8b5c-5922-9b18-3fd1c9e20c1b,2.E.2.b
20d433a8-bdd6-55c5-a14f-c58a33bb2c1a,2.E.2.b
7c6af5aa-f9d3-549f-bd85-0bd77ef57b2e,2.E.6.f
f7480e9c-0345-58ef-8c03-32f2e6016079,2.E.7.d
186cd367-a6b5-5b9a-87f0-a2f53d26e7ef,2.E.1.e
a09b44d5-bcf1-57a7-9acb-051dcdbcea68,2.E.1.e
fa2a0543-05a8-5108-8412-b1deb33fda08,2.E.6.f
a297f207-1d7e-5f77-884d-8ea0d4a9b68f,2.E.1.e
d1e0f231-667f-5eb3-b26b-0987963c1e0f,2.E.1.e
91e9b75a-d899-5531-971e-09b7b7de56e0,2.E.6.c
bd791da9-9b7a-557a-b111-13f6b9e2239c,2.E.6.f
d04dc59a-2066-5511-a017-96bee9e466a1,2.E.9.b
c3720361-ee9c-5dec-9e5c-4eebbbebd4af,2.E.6.f
631f9480-447e-5f6d-8bfd-8faa595511ef,2.E.6.c
232ae596-1f0a-5fe7-96fd-6d2d3b87b0a4,2.E.6.f
05f705b7-1807-5daa-a7e6-79f99c2bb8f1,2.E.1.e
2001eb56-60c8-5fad-a07c-f913330b014d,2.E.6.c
ef519566-4c84-598e-8a8a-7778d919d589,2.E.6.c
4983ef39-2ebb-582c-b4dd-1103bd39f6ba,2.E.4.b
3c6ae208-1194-568d-a67a-98a332b48df9,2.E.6.f
f88b13ad-f200-503c-89ee-a3f84304243f,2.E.6.c
7b7e74c6-566d-5d78-ae5d-06b8a5bb5068,2.E.2.b
3935e7db-8647-5d81-93ac-8beac9245c53,2.E.6.f
375cf167-f758-5c66-9f18-c2fc0087fb6d,2.E.1.c
988b37ec-1458-5d77-be9a-dcd85d06754a,2.E.1.c
e3d29d11-586c-511c-85f0-32eec097a940,2.E.1.c
c94523a3-4325-5736-83cc-0dd59305631c,2.E.5.b
b54e63cb-1d6a-5341-9f91-58ed11814ba7,2.E.1.c
d3893d6b-5949-5499-a9a6-9c2d54dd7403,2.E.2.e
01da4ec9-6904-5fd9-acaa-c8517813ad2f,2.E.1.c
e3723001-0aad-504f-be01-e58870a7cfcc,2.E.1.c
2f6f3f14-7093-548d-a629-ea942975306e,2.E.1.c
9b87d6f9-c53c-5207-a9da-580c47c9131c,2.E.1.c
775bcf76-cd44-5f10-820a-645489339edf,2.E.1.c
63479667-a5cc-5f10-964b-fc2f9a173345,2.E.1.c
8771d06f-0a79-54ff-bd05-c69a6121a86d,2.E.1.c
cf76cb3a-e8b4-5fa8-8609-3cfa12198030,2.E.1.c
0e3cb5ff-fb1b-516e-80e4-502dc8c1ac84,2.E.1.c
311b918e-833b-5cf9-b77c-d9803f8a1f8d,2.E.1.c
7ba165e4-ec6d-56d8-b480-56a937f41d43,2.E.1.c
619e4b8d-85d6-5481-a183-12b5115843ac,2.E.1.c
403d42f5-33a7-5965-b1cf-97f4abc73d80,2.E.1.c
6462d3e5-8490-559c-a65c-9768ecffc1f5,2.E.1.c
01f7f1eb-2770-53b0-8e7a-66a7d48e5366,2.E.6.f
5c9098b8-559c-5901-b59e-52565b4a1fc6,2.E.1.c
6d401d53-0ebb-5fd8-bae9-f06a73fe0a34,2.E.1.c
aaabcf95-04d6-5fda-81a6-a195c03fabf7,2.E.1.c
bcf533d6-0714-55e7-b408-bfa91f49a9e4,2.E.1.c
0e58b536-b8e9-5e07-86cb-8e64577417c7,2.E.1.c
62bc9ee3-4751-5b71-96bb-875329ccedce,2.E.1.c
ac3696fe-8c46-5a56-b754-dad1c633c7fc,2.E.1.c
2e035fea-8d82-511c-90be-990011ab9748,2.E.1.c
e5b90921-eb5f-5f38-8b15-93e0d3939089,2.E.2.b
556da819-438d-5531-8528-915a22d80140,2.E.1.c
afa8d4bd-9d42-5a52-9254-61fd6c083d8a,2.E.1.c
d56bd6e0-ec7d-5639-ae47-618ee5e67615,2.E.1.c
05c2d65d-9980-52dd-9ced-b6dbd7bd0745,2.E.1.c
be5f6c9c-c05b-5341-99b1-86aa1da52695,2.E.1.c
e2324565-2d31-5582-a69c-d4a640cae852,2.E.6.f
b67bb50f-417f-5abe-a3fa-83864987b5ce,2.E.1.c
cf79de89-2312-5325-ad64-5bac722506ae,2.E.1.c
58c6b626-9408-5062-a51f-f59bec0b17ec,2.E.1.e
d64ce763-25a3-5123-83c5-a35990194888,2.E.2.e
7f75e972-942a-576c-aa80-df8beccce6e1,2.E.6.f
5e2b5809-1b7b-5ae2-9dd6-d35d84765cf6,2.E.2.b
929316e2-6f2b-5793-a1df-2bff7ff6ab33,2.E.1.c
c45c868f-de75-5ad5-be22-d16e198c286d,2.E.1.c
27851323-56aa-5b00-acc9-3943353bace2,2.E.1.c
0745e7f8-b3af-54ff-8172-795f556dfab7,2.E.1.c
a1f60252-6570-559d-b660-407b798a7421,2.E.1.c
33d34427-d6ba-5171-9106-fc92f616becb,2.E.1.c
76bf36ba-9161-5c0f-80bb-24b827ad15fb,2.E.1.c
ef32aa6e-f6ed-57f4-9b7e-b13c1374a70d,2.E.1.c
6b2859e9-9b48-505c-954b-cd21069d76f9,2.E.1.c
d4f3faaa-6f93-50f4-b767-99be0b425e5d,2.E.1.c
fbd62ab7-5603-5ddf-af9e-885473adf2cc,2.E.1.c
60348c25-27ad-5728-868c-119e63bfbb11,2.E.1.c
8394eb21-20d9-5f38-8f53-218751bf356c,2.E.1.c
ceea8972-eb27-5663-b1f8-8b5ffa08f330,2.E.1.c
6d656352-235c-5fc4-ac17-5ed796163275,2.E.1.c
e2b34f21-4622-5aee-8852-edd9b28b19d8,2.E.8.b
9b9bd9e5-e18c-5cef-a0b2-ed3950b222ae,2.E.8.b
6ea805e2-3b58-59fc-8621-2978659e97be,2.E.5.b
e9c0220c-bc0d-5ec3-90d5-cd09936d3eed,2.E.8.e
4aee75fe-68b6-5500-8da4-29c9deef2baf,2.E.4.f
9051c577-4845-5ebd-a802-407840a50e46,2.E.8.b
24444ddb-a027-5871-9cd5-fc5787cbfe3b,2.E.9.d
cb5ed854-842f-54e7-bacc-99afe109c07e,2.E.9.d
6f34b631-d6cc-547b-9d56-504b1b476109,2.E.5.a
495f5bb2-35f0-5241-9cb9-5674996b61ee,2.E.9.d
6645a6c2-4224-5650-a4ef-b4b0a4f81611,2.E.2.b
a3e50f33-d0cb-584f-a8bb-3d3b3c910af9,2.E.1.e
c61b0c13-5740-5374-bf4e-05d1a2974f92,2.E.1.e
32909647-3f83-52ce-a34f-20de2a6d5222,2.E.9.d
12d82f10-127c-5327-b14a-cddf146819fd,2.E.6.g
723c300b-45b8-5139-8c24-00325664959e,2.E.1.i
7c231f6d-32c3-5667-8f89-8c712e55e4ac,2.E.9.j
8aa6fdc9-5b2d-5e38-91e6-65775b5e3b4b,2.E.6.h
641cc3b4-9cc1-5899-ac4d-a03d2e571fab,2.E.6.h
f5ccdf6d-682b-5f23-951d-76f0a6555271,2.E.6.c
597626b4-577b-5564-83cd-1c6b861f07e3,2.E.6.f
d8ef8165-9903-5eeb-8924-a98b6d29df24,2.E.9.d
7a9dc1db-7e23-558b-a047-9aaebe68bb86,2.E.6.f
88c0d81c-45fa-55b1-b7e7-65cadd81c5aa,2.E.6.f
aed158ed-c1f3-5014-b3bb-7447515d74a8,2.E.6.g
cec2f7c7-648f-5c31-9617-a15d70851cf3,2.E.6.c
28a805a7-10be-5c44-a492-5a9dd0cd5f6d,2.E.9.d
cd7525b7-6db7-55f7-a384-419170bc4091,2.E.6.f
38f3cfec-31da-504c-94b8-9159b1bb85f2,2.E.4.k
558ec378-85a8-596e-b338-92b2a60c8d13,2.E.6.a
2b407a3e-66de-5729-9cbb-571b974f7890,2.E.6.h
6e8da85f-73e1-5476-8a47-0fc998298c2d,2.E.6.h
c97f8248-8292-599d-b790-78c9bad96169,2.E.6.g
91e6ac0e-2c82-5665-9862-cc63fd26e99f,2.E.6.h
ed3e55fa-0a97-5277-8956-6aec86cbe925,2.E.6.g
daaa12b8-c6db-571f-8b78-db97abf786b5,2.E.9.d
b1ea595f-3d11-5148-8506-b2bb24d9da92,2.E.1.e
c77623e1-9dcd-5ed1-91c1-adc072fc6ce7,2.E.9.d
83fa3665-594b-55ba-b4a4-5521052ceb36,2.E.9.d
cfc500bf-2d76-5e1d-a24d-400f3908a491,2.E.9.d
61e71c2a-6244-5d0a-b99d-be686e3007c6,2.E.4.k
c325895f-7182-5c38-a500-0cf4a98c335b,2.E.9.d
d311a44c-d40e-5179-afac-0fb6ed594934,2.E.9.d
58814213-48ca-52f2-84d6-5ed54e40aed0,2.E.6.c
391b0d3d-afe7-594f-82fa-0097a301ef2c,2.E.4.b
00ca70c4-9b8b-5611-9ede-dce1c4237d67,2.E.6.h
160ca35c-1186-50ea-9505-e11795103424,2.E.9.d
2b8eb59b-45f0-5450-a050-7f4fc6fd329b,2.E.9.d
5ecd131a-a12c-5d3a-9dc5-54363bd2d70a,2.E.6.f
6cdb4885-ea9a-59f3-b790-bbb76d69d687,2.E.9.d
0c0bc663-19db-5f72-9788-1871c7c4236d,2.E.6.c
d74e4440-41ec-562c-896a-f19c05678473,2.E.6.h
8837829c-c630-5087-a1c5-82b1bd0ff90b,2.E.6.h
f9c67ad9-ecb5-5a3d-9acb-521bf775afb6,2.E.9.d
a4655547-93cb-534d-9ca7-cf24d300aa60,2.E.6.f
08bd55f1-7494-52ff-a59c-1249647062a7,2.E.9.d
7697a575-dc21-5950-940f-506398fefe7e,2.E.7.h
51ed7f26-4961-5199-9a0a-4862bc913d71,2.E.6.m
669a8fef-d69f-565e-9a76-ce287cb1e9c7,2.E.1.l
ff813a9d-3cb5-52d9-b715-1e473f12ab04,2.E.6.m
c67acc1a-614b-5df1-9562-5f9fa692f6d1,2.E.6.m
1e7207d3-3eca-5b41-9de1-ec267562cf86,2.E.4.g
b4af3e86-193f-50b5-a23b-8343bb467762,2.E.6.c
93d30d17-9049-5932-9a94-9fd3c0155906,2.E.1.l
74d5eabf-4c4d-5fcd-bf47-f3a9baf7de8a,2.E.1.l
d0b7403b-8bca-5974-a73f-642959222d2d,2.E.4.g
ca3770f6-2eb6-5f13-a5c7-a2aebc8ed85e,2.E.6.m
cbcf783d-67ca-5d93-b41f-27c0d8545c82,2.E.6.f
d3001737-bf65-50c6-9498-88d4755a26f8,2.E.7.h
0579c17f-5fee-5dad-bf64-c53ed2092412,2.E.6.f
a9689ec2-7068-58e6-b169-d7132b254576,2.E.7.h
77782547-29f0-52a9-8eb9-315f334eb281,2.E.5.b
cac91dcc-d7d1-5706-8a9a-7cfed1fa7fdf,2.E.7.h
002e0184-555c-51e7-b6c3-1b4d869f7cce,2.E.6.m
95624710-6cb6-58f8-9fdd-3917cca39753,2.E.7.h
163f4712-1c4b-5ae2-b292-e0ba1007f842,2.E.7.h
e050fa07-aa04-5538-9a78-caebe380223f,2.E.16.d
4ee3dd0e-187e-5ed2-b73d-97d0c893d7d4,2.E.16.a
6dd7d61d-85b6-5e15-8be3-39f1be4a4eb1,2.E.2.b
21306df3-26bd-5c23-bf68-4f3a992735c3,2.E.2.b
7014c90a-cddd-52ba-b8e0-5e647fc0ecb5,2.E.13.c
19c46580-5837-53b2-a2a7-ac3b11c57832,2.E.2.b
91c6b0d5-b52f-53f3-b54b-e486ac95d497,2.E.2.b
eb28ccec-4e6e-558f-896e-edfdcfa0f1ab,2.E.15.f
a24c7594-3cfa-57b8-85b1-bc816b0c41fc,2.E.6.m
a6b9fa9d-3d53-5072-8ebe-89bf0dd082b6,2.E.12.b
f34885a4-7dc9-51f3-a15d-288f8d62fa76,2.E.2.b
a5f48574-bd44-54e1-b8fd-ad97e8d3e430,2.E.2.b
6a864ec8-607e-5ef0-aaeb-c1eadd5c8cd7,2.E.13.b
31b402d1-9731-5751-b205-1ae0058a2248,2.E.2.b
f078a698-5d34-5263-919b-36136a497e0e,2.E.9.d
763d6ab9-b120-50b7-b0a9-31ebbf11fc60,2.E.6.h
9057c697-c64e-5f50-a4d2-44da39b47d48,2.E.9.d
6ab9d0f9-6bdb-517f-b438-1407d0649ebd,2.E.9.d
5b512b24-cb22-54f4-86d6-ae2f85f5e016,2.E.9.d
f0898498-335e-50d7-991a-c4aebe6c79bc,2.E.6.g
630258cd-dec3-5b32-9c87-4a4b046e4429,2.E.4.g
7056e427-9b57-5563-baea-b798efdf5d2e,2.E.9.j
e47f44f8-d678-5f96-88cc-1967c84c5a52,2.E.9.j
145fd9b8-f0b4-5909-956f-619bbc997fbd,2.E.9.j
9efcd3a1-7a12-5cac-8217-18e48a26caae,2.E.9.j
3664a9ca-a115-5a86-ab1e-88023ac7b1c0,2.E.9.j
3f50de13-2aa5-5fe6-afd6-ca537bae433f,2.E.16.f
b97de891-6b75-5d9d-bb27-16611dcafa09,2.E.9.j
3ff3ab6f-eab3-5318-a6e9-754067e90593,2.E.9.j
f07ff7b3-b061-529c-80c0-30336a8d8bfa,2.E.9.j
3d84a49c-7f8b-5811-a3e9-e82ce781b1f1,2.E.9.j
212e1113-0dc8-54b5-a341-b097d330250b,2.E.1.l
552cc0d2-4c14-59bf-ae89-12ecb259d2b7,2.E.6.m
c6887cbb-45ca-5598-b459-19b423da4c5c,2.E.6.f
f494d745-9de3-5d95-a67d-714d1d817d62,2.E.1.m
ac30c251-b152-596d-a5b4-bccbc7498997,2.E.9.j
45457e07-aed2-5e49-93f6-950d76c158a6,2.E.9.j
fbb112d0-d92a-5bfb-bb50-a60dfe80903e,2.E.9.j
6aaae2b6-af2c-55d8-b18e-6788657adf2d,2.E.9.o
2757e433-8e67-537f-801a-81521788e57e,2.E.14.d
2b8fe7f4-caf8-5281-858e-90acbdd1ba58,2.E.11.c
b22e1ca3-5316-5caa-b6b7-96a1d7896088,2.E.14.b
b46b88b4-54e0-5ba1-b435-240e72986902,2.E.12.a
ca0adfce-130e-57c7-b3a2-fd7eee024286,2.E.14.b
2a6c01ad-3668-53ce-a877-0b5f1fd9b2ea,2.E.14.c
9b67cd32-a9da-5687-87a4-3e069dc4dd5e,2.E.14.d
a9efa7a9-bd1c-53d4-8c8b-7f7e84f56ae3,2.E.10.d
21c38e7c-023b-558f-a07a-3001bf997e04,2.E.7.f
3dac41e5-c947-5fda-bb4c-08e9df1c0a9a,2.E.10.d
fb58fb7b-ae8f-5220-933c-09079c6fe303,2.E.14.d
3302761c-7123-5d35-9eb9-f1baff009c84,2.E.4.b
20393e07-4854-534b-9c34-76248803ba73,2.E.12.k
99a27bb8-34e8-5e5f-80a1-a789741f6c2e,2.E.7.h
2ec050bd-6f12-51b5-a496-857a73bdf266,2.E.14.a
a8445227-3e9f-5418-b4d7-bd856e8b155b,2.E.4.g
243609e0-8432-5f22-ba97-f54467d42f48,2.E.14.c
95c062da-a78a-5efe-831e-ad4bc8a9c802,2.E.14.e
cb2a6069-80ad-56c3-8ec7-b2814a2dfd1e,2.E.14.c
99c837ce-1448-5dab-b44e-638b390096a1,2.E.2.c
44857d5a-b797-556c-bb3f-43ba8c954537,2.E.2.c
65a997c4-9ac7-5e35-895b-e93364b4c78b,2.E.2.b
f49e5d02-8593-5dba-9d53-8d42e2244d6a,2.E.9.e
f3048f36-3c66-582f-badf-2ddd1ef0bee6,2.E.2.d
887580b4-158f-597f-832a-9f7ea10e9b42,2.E.2.a
806aed21-9b29-5f1c-bb2f-bd69b02c68f0,2.E.9.e
29519b3f-701a-5085-a237-a2cdac3f08fa,2.E.2.a
a4826249-ed2e-593f-b445-8b6d6539edc0,2.E.9.d
5d2ae67c-935d-57da-a3d2-72c957b0b6c7,2.E.2.d
b9962cb1-6082-58db-99ff-13c1a442603f,2.E.2.b
daef4315-5eb8-55d8-ae0f-0e40046c624f,2.E.2.a
db89f57f-1281-52cb-b76d-78559513080a,2.E.2.a
ec181250-cdbc-5a0d-8853-805b30ad62d9,2.E.6.e
d87516c2-e26d-550e-86fc-280e9cf1f0f6,2.E.2.c
df88b1db-1e87-5786-97e1-bd1c17e09e26,2.E.2.c
66a56fe1-1902-53ef-8c40-8b097133aeb9,2.E.9.d
c05a0ce0-6dbe-5420-9f79-41559bee12eb,2.E.1.f
73fc6b1c-8e5c-57e0-a199-57f96ec17619,2.E.2.a
15f0ae0b-2029-5e63-87cd-ce415927c836,2.E.2.a
b65e8aeb-b727-5f45-938c-eaefa7c88ce2,2.E.2.c
f04a66d3-2134-5b8d-8122-c87383b2be60,2.E.2.d
4cb94b92-1bf3-577f-b7e8-40cb25e30726,2.E.2.d
00d72945-24d1-54ad-837c-5c4243a6f50f,2.E.2.d
66863ccb-b423-5b89-b0d5-8c88e1c8fc86,2.E.2.d
0bd95167-dc7e-50ae-8db5-d4b4f2a64385,2.E.2.d
45583fd7-e3e3-5e72-a28a-35ac1e31c1c6,2.E.2.a
a811097f-ac6e-5c8c-9fef-9978c006371e,2.E.2.c
b10932b1-efa6-580f-8f1a-c7dc6cc480fa,2.E.2.a
9cecc205-7edb-5f24-b255-b278429c4ff5,2.E.6.f
105da3c7-ae03-5971-81ee-d3b7e8e0b37c,2.E.9.e
d9e4eac3-112b-5139-a523-d0e9d1043d63,2.E.2.d
2a6f26b7-c299-5c69-8338-4b1d64e73d1a,2.E.2.d
049311a4-a95e-56cf-b8f1-f9bdf7134317,2.E.2.d
f39bd91f-ff94-500f-b62a-59a9e7fbf44d,2.E.2.c
befee7a0-32d2-553b-80bb-f8f5f965be91,2.E.2.c
ae44cad5-a76f-5f47-94fa-8058c9199473,2.E.2.c
614a54b3-5dee-55da-8506-d15c64984747,2.E.2.d
c8bf7a96-cf4e-581b-9690-47861f1c1b0e,2.E.2.d
d58041e8-3383-5441-99f4-d37595d46009,2.E.2.b
d53635b7-e6f9-59de-b002-323a73b2121d,2.E.2.d
391e66d7-bca5-5fc4-a58f-979eb73b7e40,2.E.2.d
6d3e8270-02ef-55ab-b78d-b2b12b4c2548,2.E.2.d
2307b3e3-0133-5d67-9e5e-a18456b838e9,2.E.2.d
a4d43165-16ff-5cca-b957-d9fe09fdb94b,2.E.2.d
7cbe7670-2328-5fb9-bfe2-8a24874307c8,2.E.2.c
2098188c-7be3-58e8-bd5e-6fd6fd24cb5a,2.E.2.a
edcc1180-f5e1-5521-9e99-fcaf2d084745,2.E.2.d
cf43ca6e-ee6c-564c-b35c-588776863193,2.E.2.f
7f67474b-4e12-539c-a05f-30fac04d8968,2.E.2.f
7a05ec02-5db0-5da6-b60b-1810a58ce084,2.E.9.e
94f33582-6965-5454-9910-e9ab89609e8f,2.E.1.c
7b0336c9-2ddc-52da-97c9-3cb899d93a1e,2.E.2.c
0d417f3c-afe6-5e17-aebd-e3bd5c0e1442,2.E.2.a
3721f963-77bb-5e18-8d07-d7f3a6936a2b,2.E.2.d
454e0d49-8237-5f9b-94b6-8da2515c2247,2.E.6.g
b6164348-70e8-5c11-acaa-63dc3e4959f1,2.E.2.d
62a5eef9-3372-5450-b486-44da3e23dd01,2.E.2.d
f8b3b6a1-876b-5421-ae65-22c80ce67cd1,2.E.2.d
82a9bea3-e161-53e1-9d14-4ed9d5774c2d,2.E.2.d
b4ea920d-9759-576f-946b-f529407a2a96,2.E.2.a
626e3fc8-3e92-5a29-ab17-8d2dcad579a1,2.E.7.b
6f03356d-c298-590e-be64-e11734a41698,2.E.2.d
8d65d19d-9ffe-5b35-9916-f3deb112dec8,2.E.2.a
8a9e7975-3eef-53cc-90bd-ded68ef50766,2.E.2.d
7dd0a2f3-3048-5b3c-a784-8f1b5c364b63,2.E.2.a
6648e8bb-399f-53db-9801-bad072ba29d4,2.E.2.a
fcea88e8-1ac7-516b-a772-61bcd8dcdef9,2.E.9.d
038f6fac-a88f-512b-a058-1b262204a88a,2.E.2.c
ca063d4f-cd53-5acf-a4b7-f115d787143a,2.E.2.a
a0af5475-3135-5b98-a0fc-d07977bdb75d,2.E.2.d
bdb62f70-b400-5754-8248-33adeba48d67,2.E.2.c
0e047c2e-ceda-5f05-b08d-297e3d02cec3,2.E.2.c
0e44dbbf-297d-5ee9-a404-e2c94733ee6c,2.E.2.d
cc124c68-2740-5277-ae08-91edee2e04c2,2.E.2.c
76226597-442f-5642-a7d4-bc7b98acfba4,2.E.2.d
6036f2e3-0e46-5f67-9517-6673e6da982e,2.E.9.e
eaabf36b-9730-506d-89d6-04b8de14ddea,2.E.2.c
b362c2c1-9169-51e6-afd4-e69e28c73f2b,2.E.2.c
fe63d759-9379-5efd-9a78-753f763c1cb6,2.E.2.c
a25399f9-dcc6-5f73-8d9b-ea68f9bb3e87,2.E.2.f
30dacf8b-194a-5702-a5a8-de2c6c6cd57f,2.E.5.b
34f64769-4a0a-5978-bf1e-448385ec2fba,2.E.2.d
3440782b-11f8-5789-b6a9-53d6bf6dcf0b,2.E.2.c
a4780940-6f78-53be-a0d4-717342934be1,2.E.2.a
cd7c89ad-04f5-5922-9952-16c5e474543e,2.E.2.a
e4242e78-84dc-548c-9b4e-0c4afbb87dea,2.E.9.e
7f6d341d-4527-5238-8f0c-121be78820ec,2.E.2.d
1b4e19ac-a812-512c-a136-eda99fa7d1d7,2.E.2.a
56175736-cc3e-5b06-9d05-678d4d78ac58,2.E.1.k
0f07acfb-0614-5625-977c-fe5e84a94a3f,2.E.2.d
0cabfccd-5d6c-56ca-bd3d-5f26b5e193d4,2.E.2.a
6d8114bf-a9ab-5ec6-b318-a8a954fff065,2.E.2.a
6cb6ba83-6ca5-5694-ad94-f9bb827cca0f,2.E.2.c
69497818-b479-5404-9fe2-87ec5290bd00,2.E.5.b
fdc3075f-4572-553f-94dd-2f776fb10e7b,2.E.2.d
4baf0802-044c-59b7-8420-c1643d7f2226,2.E.2.d
cefaba9c-eb24-5043-aabc-62c019178456,2.E.9.e
c4fdfea9-6fc0-575f-b68b-88a46d348992,2.E.9.e
c2b67368-dda9-53c8-bfea-c9d167ad3f86,2.E.2.d
1d2a67a2-5cd7-5817-ace3-6412d2b23592,2.E.9.e
6668b228-5a93-5c96-a9da-9f13df27d570,2.E.2.d
54af4fdd-b0f8-5559-a475-64c115dad46d,2.E.2.d
4c869c76-3873-5251-81b5-c1fb9e051c95,2.E.6.f
e0b365fc-8dd7-59bf-9ae0-36e78f8778d0,2.E.2.d
2933438c-f564-5048-8354-63b65076865c,2.E.2.a
5824dcfe-ab00-5a30-a5b9-e0913ed5a515,2.E.2.a
e450b679-27d5-5d56-9445-ea3cb18065b2,2.E.2.a
c7f81c56-2703-5aa7-b793-4c009a2fef16,2.E.2.d
bfdc4b2b-9abc-5544-ac29-870786fc32a6,2.E.2.a
68ab8943-aa97-54b7-9047-629a734f3c7d,2.E.2.d
8b50141f-47e5-54fb-8d44-0d1df167e25a,2.E.2.d
d9eab280-7118-57ea-9746-3f827804a6ba,2.E.2.a
5bc2e656-c6ca-513b-a466-fb977495af7e,2.E.2.a
ec58b98c-4937-598c-a9dc-6f4cece8ee7e,2.E.2.a
73dc64cb-e9b9-52e6-91e1-9864b206ba66,2.E.2.a
41e32874-703a-5b50-af9e-02dc60d62f23,2.E.5.b
9c2f27f1-fffb-50fc-af0c-576bf74e4ae4,2.E.9.e
a9380c8e-6584-5e4b-83c3-9a7bcac72905,2.E.9.e
aa637718-f44b-51e9-afe0-d483a1fa797d,2.E.2.b
309b7fe0-3cd3-5753-8ee1-065168f4295a,2.E.2.a
a535b1da-3775-52e7-9453-0ac8f56f025c,2.E.2.d
d13df83c-dd01-5bb9-bcda-9db83c26727d,2.E.7.c
2886e6cb-f153-52d7-8dff-5177f4ecda13,2.E.2.a
495f8221-0614-5d22-9d7e-94bdf1c8da70,2.E.2.a
7e6a5a9d-f316-5c88-a6aa-3881f3a2fe1a,2.E.2.d
2d3adfc1-79db-56f6-ac0a-7ad9956568d6,2.E.2.d
0de061e0-3425-5b10-94f6-def0cd9ba8d9,2.E.2.d
1f680998-a04d-59c6-ad81-e6a61c0dd8a7,2.E.2.a
a135ccf6-4ef8-5676-81c6-68e5332f7585,2.E.2.d
5990c73a-9c18-55ec-8ecc-c68f5c399ca4,2.E.4.c
f6f869af-4a46-516d-92fe-132a492c8321,2.E.2.d
8c50d6a7-cd99-5e67-b891-c0a2f4460d7d,2.E.2.d
e94b590f-b289-5048-9f21-0e26b30887c2,2.E.2.c
352aaea2-9a37-5847-9781-120d2dca3ae0,2.E.2.d
6ce87668-1206-576e-a7a6-049bf07e2a67,2.E.9.o
c428f1a2-06a3-5d25-8bfb-69d6e767a5a1,2.E.2.d
67e10610-2055-5164-baec-67bd1da21fce,2.E.2.d
cc6a3244-e867-5ede-a285-76f56789a99e,2.E.9.e
e6f0b462-e320-57d2-88bc-04cd97a2f314,2.E.2.d
61da029c-52bb-527d-92ed-1c0b89b5be15,2.E.6.l
ff75f640-8108-5c59-be17-159d360f9fd1,2.E.2.a
ba93dd44-e368-5fa4-a299-8f48d8281214,2.E.2.c
de49af8e-1b8d-599a-82cc-59b598ce4550,2.E.9.d
77bb3229-55ed-5ed4-9e78-3aa578264119,2.E.6.g
258bc536-84de-546a-aec9-4618349285d9,2.E.6.f
c64713fd-cdd8-5526-9101-23e652d97542,2.E.6.f
f2325b8b-8934-5606-a8ee-467093867135,2.E.9.d
031ce379-708d-51ca-8bac-6517be3933ab,2.E.2.d
c9a46bbc-fc1d-52d6-9690-52555d1ac245,2.E.9.d
cf132f2d-36b6-5cac-b0ad-8d6ffc454efe,2.E.9.d
c85ba3b4-c3d1-5677-946d-596ae11221bd,2.E.9.d
846aa1b8-ec97-50c1-9e9a-926bbdb1d77f,2.E.9.d
df762225-ffc2-5e97-8873-cc6befc317cc,2.E.9.d
1beb53d5-1ffc-5c17-89de-6001c4887f05,2.E.4.k
e419fad9-324b-5f88-9d64-6b107a8388e8,2.E.16.e
ee8ae43b-138c-5e01-8e3b-7488e991ca96,2.E.16.e
084828cb-4420-586a-8722-e1a83a94d2e3,2.E.16.e
d84e50db-db2e-5ab9-b2dd-5cf64a1128d4,2.E.4.b
28b152c2-eb8b-5bf9-83c3-ea286aea2561,2.E.6.f
51c0b62e-1bd2-5085-8fce-ae85855aa9bd,2.E.9.d
58ce0cde-6168-5b06-915d-5cd624a94249,2.E.4.d
a7386be3-d419-5d78-984e-c087f34ff1d1,2.E.16.e
8e912090-18fc-54a0-a7ea-bc4cb6448844,2.E.6.f
c1966bc0-6ddd-5448-af12-7cf0b9da2828,2.E.6.f
50434238-fe6a-5a74-87b4-1c4c8daa6bc9,2.E.6.f
a6edb1eb-8add-5763-87d5-42e73244c806,2.E.16.e
d0d644fa-0fab-51f3-bc8b-fb409665e332,2.E.8.h
e41bbe98-f472-5c64-94fb-e5c6a312c5c5,2.E.4.h
d2cb817b-0a79-586f-ade3-206c9fd9204e,2.E.16.e
79eb331c-4d85-5c98-87d0-d11988fa1be3,2.E.9.d
d5bb04ae-abb4-5f5e-ad7c-08c3b225c30d,2.E.2.d
6529a16f-d404-59a0-8e94-9f236d867e49,2.E.16.e
cd982ae7-d112-5fed-9d48-ebd1b5fe12ac,2.E.9.d
177bda1f-5139-5379-8a84-fd9a911125f4,2.E.2.c
7c65ad49-56f8-547c-9fbc-8846b9e9d547,2.E.9.d
7a9a5247-c2e5-57cb-8381-604648af831e,2.E.2.d
e27fbb06-98fe-5acd-8282-e455bd58f79c,2.E.9.d
80a33da4-d22b-501f-be53-142d507dde66,2.E.6.f
33f223b6-9757-56fe-93a2-38f4d43a64d8,2.E.6.f
fbe4d4ed-d5cb-5f8d-9c87-7dad10ff961f,2.E.6.h
14d5a7b1-8d4c-570d-a1b0-2379ad099cb1,2.E.2.d
1bad6907-cdc8-596e-b956-426250ec48bf,2.E.2.d
c6b8082e-58e1-5b30-b877-4a6b1a82afae,2.E.2.d
05e52219-d02e-5e7d-a6a9-72e871c58a0b,2.E.2.d
3f812f31-6521-5ba9-87f6-9c64a3ba39d5,2.E.2.d
60a462d3-d45a-52e0-861a-6afbee4c7282,2.E.2.d
464e5c43-be00-5dd7-a46a-0e214bf0a24e,2.E.6.f
de51ce75-f1cd-5cb3-96e0-406ad08f2057,2.E.2.d
6b5fd563-47fc-5bee-aa18-4e6e28ae4731,2.E.4.d
e5d7bb7c-5746-505e-ad67-687acf6bc51b,2.E.6.f
08cea42b-b251-5d5d-bdee-36356ca2d7c8,2.E.4.b
c896f606-008b-586c-bb29-5f3bb9563e60,2.E.2.b
85a3e9a3-7257-5a2e-9c66-3e2dd4158413,2.E.2.d
1bd00137-7102-5179-bbfe-00f3bfef67f6,2.E.2.b
c4c20df1-1636-56be-9e7b-c70ae421f8d6,2.E.7.b
8b525ad6-e451-56a2-95c6-4bd766bdb950,2.E.2.b
2258deb5-6c29-5032-aff7-1a9100b63e10,2.E.2.b
964b934d-3f82-5128-b4a0-78da1694a549,2.E.2.b
61fc9998-b359-5dfb-bc01-a344ba72eb9b,2.E.2.d
63bb30ba-1017-57f4-b458-9182b814ea73,2.E.2.b
d36e2076-9a98-5ce1-a035-c1b6f93ca178,2.E.6.m
2085854e-7ea7-5c51-9741-69eb25847d4b,2.E.2.b
537f15aa-56b9-565b-9092-3fa545fdc26d,2.E.2.b
c47f08b3-cc6e-5619-bde9-eb599d4d4d13,2.E.7.e
95e67564-20f5-52ce-a945-5175130f7e31,2.E.2.b
327bcf5b-599e-5c4b-b721-a30dd6205a1c,2.E.6.f
eed0c4b5-695c-527e-afef-daae220ffd8f,2.E.2.b
45e30f4a-3f96-5c96-a9c0-5f64c9e05194,2.E.2.b
37770db4-847e-58a2-8b67-db28c2699bad,2.E.2.d
ba310155-a656-59e8-9969-12d9f92e9018,2.E.2.b
cc07c2bf-e7c9-5cbe-90ca-4edcf1a25f06,2.E.2.b
47dcf159-6dbc-502a-a3af-f734d41e6abb,2.E.2.b
005b29d0-714e-518f-8fd5-6e69826f331a,2.E.2.b
07ebf80b-21cb-5179-8468-d4380bb66e3c,2.E.2.b
769d3b5c-2478-5d01-9cdf-960ab4f89cee,2.E.4.f
1dfa1c27-b768-598e-94ab-be085c844252,2.E.2.d
3b3666f0-8b67-5072-9a96-d9787296adb3,2.E.2.e
84a06b26-8adb-520d-bf6a-998b59c14ddd,2.E.2.e
d759f22f-59b9-502a-96cc-fe9c72812e65,2.E.2.d
afe4eeef-d2ef-50a6-a18e-908dbd6302fa,2.E.2.d
3338382a-2349-513c-8bb4-f30405e5ee45,2.E.5.b
b642415d-c887-5a2b-be27-03a7789caf45,2.E.2.d
8282601a-f4ff-5bd2-a45b-2bb6d0e4fc0d,2.E.2.d
db472d57-42c7-5603-812c-93a177d679f7,2.E.2.d
a4752ce2-38a3-5728-975f-a9f4d4744bda,2.E.2.d
f5732224-033e-5535-84ea-be18362511b3,2.E.2.d
f4ba9e6d-a487-5260-92dc-5ffb2355cb50,2.E.5.a
0b8e8df7-9c67-5253-a642-a5876bd1e6f0,2.E.2.d
36ab6e26-674f-5404-939e-5e6c6d340075,2.E.2.d
7c30b651-c723-5f68-be25-800871e07656,2.E.2.d
70bb8421-596f-5c0a-a1f1-49d42e2fc48d,2.E.2.d
6e9cdd2e-9c39-524c-8768-62fa6e034e4d,2.E.2.d
eeb55d7a-b203-57f7-9d5e-5d71b302ae10,2.E.2.d
e2d02c96-1ee0-5f8e-b60e-651a781087b8,2.E.1.k
2676d9c3-f77e-52dc-a5e5-057944f72ce1,2.E.5.a
2be27b14-0d90-5190-ba11-9d7cfe5004c3,2.E.2.d
238fa98e-b041-5cca-942a-a5436736f041,2.E.2.d
ade0d34c-4ea5-573c-921c-431ad79ac5f7,2.E.2.d
75d95dd0-679b-5054-8c18-50cad0b89bdf,2.E.2.d
d7c89219-678c-57f9-86b9-9aa4e1c348e9,2.E.2.d
0ce6a517-a9ec-58b3-88f2-ef0554e494f5,2.E.2.d
c1830e8b-c1f9-53ba-ae50-ef9475def32f,2.E.2.d
e2926b58-5e3d-59b0-b0be-22651d1ce3d1,2.E.2.d
e485b5ec-a438-59c5-b921-963442835cf1,2.E.2.d
dd2c2e45-3558-528a-b441-8d5d316a7e54,2.E.2.d
f782ae52-5da5-5a50-ae18-9aaca38ac5f6,2.E.2.d
b943dd66-4a84-51ce-9654-ff227d5aaf61,2.E.2.d
82a38da4-5acd-5afc-b753-b49f546149c3,2.E.2.d
303cf82a-faa4-53c3-ad64-3a57910d25bd,2.E.2.d
ff4a81f6-01d4-59fc-af23-85273f6ae200,2.E.2.d
5f3db6aa-8df7-5a1f-9083-26eae9cf9b2d,2.E.2.d
fd27a47e-1e0a-5664-b73c-c99015a269f3,2.E.6.m
8dec4e98-ea77-5649-b57c-c2a617f35818,2.E.6.h
9dab04d5-4d53-5213-a578-09e0823539a1,2.E.2.d
84e9fa84-5742-5fa9-824e-1c23d8b2ad50,2.E.2.d
6034de3c-6111-5b85-b3e9-37b79bf14726,2.E.2.d
8621bd92-3a18-579a-9d24-4abef828a029,2.E.4.f
48a1c3ac-379b-5a29-b8f2-76f05a3106fb,2.E.2.d
42168d5c-99e5-5473-9a96-4fbb5967b059,2.E.2.d
28fc6881-6358-5ffa-8f3e-bd6fcbb323dc,2.E.2.d
a3d57120-8bd7-5837-b737-58cd9d0118c8,2.E.2.d
f633cf0b-c613-5b3a-83c6-1998032f5a61,2.E.2.d
a03a207d-a0d5-5ae1-a35a-ee9fbbb37f59,2.E.2.d
a21d952d-3e81-5750-9f57-0363eea7cb7d,2.E.2.d
72d0e8c4-7b24-5ff7-8958-ea3c68cb5c2a,2.E.2.d
0f1b1bb4-b02a-5e64-9434-ece71f62f22a,2.E.2.d
1da97823-b996-5d84-9662-f29843174240,2.E.9.d
9320ef4d-2d4b-5096-aee8-0f755b57a8dd,2.E.2.d
abc6e34c-20ab-5b70-a733-eb351e16508d,2.E.2.d
91610109-9cd7-5520-aa75-2594b537072e,2.E.6.f
bf19718b-8fc2-5330-8775-5949f9a15137,2.E.2.d
7c510945-fb12-5651-8ce2-a821747987ee,2.E.1.i
0c948b38-1261-5b0b-a67c-4a7481e98c39,2.E.9.d
e4052f56-878b-58d9-9c34-97c9f5c52c5c,2.E.2.d
c6a65a16-872c-58d3-9258-40631a8725cc,2.E.2.d
401d79d0-6767-5180-b861-0552ca8be2d0,2.E.2.d
6dea1a19-a4bc-5b2b-bcbe-7cd13614e72c,2.E.2.d
e79c2ff6-cc83-5dcb-b682-a3e544affc25,2.E.2.d
0b35dfba-9699-5669-b9b5-42b3de2025ad,2.E.9.d
b24cb806-5515-52e4-b856-a7f954df7364,2.E.1.i
3447baa0-16a8-5db6-ae35-8526322f831c,2.E.2.d
bd24d592-295f-54c3-801e-534fcee85279,2.E.2.d
47f18cd3-da47-5893-b486-3c3dc2fce08d,2.E.2.d
ba3cb12d-9e72-5a8b-bff3-dce850828d9d,2.E.2.d
a98e1f9e-2213-5ea9-bc12-0aaebe56571a,2.E.2.d
1ef7294a-a978-580e-9005-ab38588b5494,2.E.2.d
8dd1393b-43b2-564c-916c-cb8298f3f275,2.E.2.d
cf8c7561-0981-52b8-898b-4742471c6204,2.E.2.d
7a7092ad-26bc-5768-862c-225c8ba866ad,2.E.2.d
008757b7-af07-5267-9bc4-75abea2be11b,2.E.2.d
bf6f2401-3c09-5ddf-bdad-21f7c241a91e,2.E.2.d
3e8a4c0f-a40c-5f82-a9eb-a87ba53cdd9f,2.E.4.e
5722e0e8-9668-59ec-ba1e-c178666c5aca,2.E.2.d
0407836c-9d0c-597c-a1b0-2bb4131a98ab,2.E.2.d
3e6b3c57-faeb-58e8-ace1-8a1858316d26,2.E.2.d
987e0833-c3ce-5e4b-9c93-8c4f5b517f28,2.E.9.d
226ebe2a-0bd8-5f58-a6f7-c463fab8717f,2.E.1.i
97fa4b94-6c65-509b-8685-83ccc7d4f16a,2.E.2.d
6315a326-235a-50f3-924e-f14104642adf,2.E.2.d
c574eef4-7802-5dbf-ae80-d8b89b5b031f,2.E.6.f
9978a929-687d-5366-b7ad-807cb4cd62f2,2.E.2.d
0bdea328-543a-59e6-b51c-efb5f2dbf4aa,2.E.2.d
0e36458c-dda5-53c8-95c0-a030903ade04,2.E.9.d
d0ce12ff-d295-5790-81cc-5d67d58ae275,2.E.9.d
5f5bcf5e-199e-5b81-99d7-f0bdad32a8ab,2.E.2.d
3efc692b-f241-5e5e-96b9-a426a5e7ccdd,2.E.2.d
0c6a35b3-4777-526a-beb0-154dbf8f7c65,2.E.2.d
518603b8-415d-53e5-9f37-63afd43acf79,2.E.2.d
867ab5fa-21e3-5a45-af0f-25db27991bd0,2.E.2.d
fadc9f3a-09ee-560a-9587-1cd744ae88c2,2.E.4.d
33de1f93-b5c9-5bd9-b231-1bce4db6cd75,2.E.2.d
d13df83c-dd01-5bb9-bcda-9db83c26727d,2.E.2.b
e7f3077a-e4d5-5af9-b962-7a050d6a7dcf,2.E.9.d
ac9ff536-d921-5dee-8409-287c94234c6b,2.E.2.d
f07c0d2e-f4ad-56ed-a974-d7ec22c4e07c,2.E.2.d
039a95cf-0450-53bd-b512-e92edfbd22bf,2.E.2.d
35b04b75-a3dc-5348-a3ca-00da2ade063b,2.E.2.d
d8d991ba-fd1b-51a8-9509-e57a9c0f0567,2.E.2.b
dbad8873-1c82-548a-b5f6-fafb7207d9c4,2.E.2.d
0930d9d3-8d98-543d-af2a-59b64043cd0e,2.E.2.d
b8bb831a-9332-5604-b5a4-234da3be84ef,2.E.2.d
1ff4525d-4de4-5c82-b624-c376fc1c09ad,2.E.2.d
7f5af55d-6e0d-5898-9a31-002ceac40018,2.E.2.d
f6a8193e-f42a-5bde-9c2e-e1d59989fdd2,2.E.2.d
49edf3b8-8319-5dbc-87d7-56accf2b23ad,2.E.2.d
d2dbb2cf-5b31-52f2-a6df-c82473249277,2.E.2.d
9f0491fd-cb03-5f5a-b121-f33f21d61a6b,2.E.2.d
b6fcfd08-5f81-5bd0-b214-f85f3e75467d,2.E.2.d
4ca798cd-40b0-5dca-8a5d-89ee34524f5a,2.E.2.d
8b9e4481-2404-5f9a-898a-4b53a13533ba,2.E.4.e
e854a7d8-f460-5877-8503-9ff4db1c6bda,2.E.2.d
4ee774c0-493d-5c04-8d47-2a9118314e19,2.E.2.d
4fc83eb6-8809-5df8-a56f-c42223f14c33,2.E.6.h
7c67506b-e42b-5f8f-9a1c-275b94db9816,2.E.6.h
b281bb23-a0f9-596f-b1e4-d4c2273a46ab,2.E.2.d
a81372b3-b434-5b66-b77d-6ba778b44395,2.E.2.d
02795deb-6235-561e-b2fc-61cf3fb5c420,2.E.2.d
313e62a6-9269-5418-ba06-aa41a7439c12,2.E.9.d
96019dd7-b30e-5588-85c5-392e68af7f1d,2.E.9.d
65ae765c-187f-5195-bc2b-7d8e856472db,2.E.6.h
2d7af316-7396-5341-aa30-aaddd1140b65,2.E.2.d
574e1957-e8b2-5064-b01e-9a7160d77e58,2.E.2.d
45cbf286-9c38-51ef-82aa-902077d7be37,2.E.9.d
ba449861-37a2-5972-a116-2b942af7e05d,2.E.2.d
ad8196b9-4a3c-5d30-8d36-ca7458a9954f,2.E.2.d
13cb5bee-7e54-5228-a6e6-e4f4d15216a5,2.E.6.c
03c43465-3841-5b03-ba5b-b7e837d12ecc,2.E.2.d
01899553-38b8-5fec-9ac4-b4525b947f39,2.E.2.d
00d7bf11-7f06-5301-88f4-54923e08924c,2.E.2.d
83101203-b5cf-537f-90cb-4c3744335d21,2.E.2.d
54c38387-837f-5ec7-bd68-1e79159dad90,2.E.2.d
8c2f57e4-cef1-547b-8714-1db750e25ae5,2.E.4.d
8db8cf90-0b99-5d9d-a1b2-6ef33ee29d5b,2.E.2.d
99708b95-65a4-5531-91a5-0c0f4c4fb4bf,2.E.5.b
c82b58fe-3e07-5775-8d53-23d6eb102c44,2.E.2.d
9a6ec8a1-66c5-521f-8958-74df17949379,2.E.9.e
9da9c8ae-6d9f-576e-8c0a-4284fa3695df,2.E.2.d
e3a90723-8bd0-55fb-9e9c-0f8ef2e90617,2.E.6.c
8dbd646b-6333-5398-9a5f-1280c9ccfa1c,2.E.2.d
bedf25c2-6799-5f4f-9678-160d8b424661,2.E.2.d
b63f4ddc-31c9-592d-88b9-0e7039d69f14,2.E.6.c
f65c7c85-1156-5719-b404-0f7cb1294339,2.E.2.d
1f691604-02fd-5066-a258-52488930a580,2.E.2.d
ea8e206a-d2b7-5e3e-9fe4-7c4d1a45766d,2.E.6.c
634e198f-542a-571d-babf-03de8861c78d,2.E.2.d
21d35f9b-309c-581d-bf0e-32abcfd098e2,2.E.2.d
e935d09a-ea9f-5e94-83ce-fd226e66e71c,2.E.2.d
34ce798b-e591-5c15-9c80-cf9f32072ff6,2.E.2.d
fe468e3b-bb48-5ab1-a3a1-eb5c93542a3b,2.E.5.b
04feb4e9-4b15-591a-ad38-d8c1abf57df3,2.E.2.d
526db50e-7243-5fa7-a1c2-f1783fc94f3f,2.E.6.c
51f431f5-e6db-50c1-81e5-89980c6f2290,2.E.4.f
4421a7e4-5c3c-54dc-9711-af6adad24a67,2.E.2.d
5508179d-beb2-5a03-befd-80ce22fcfbb4,2.E.4.d
8eafc9b2-4f7a-549f-94ee-050aa8b8d193,2.E.6.c
f067a5e4-c007-5193-83cb-6ab1c2c67e04,2.E.2.d
998882ed-18e2-534d-bbe3-0c9ccc87f10e,2.E.2.d
7a80bb47-33d3-57de-8a46-28f6c24eeced,2.E.2.d
6036f757-f5d6-5f95-9306-e01e18d176b3,2.E.2.d
1b10b45f-717a-5794-b564-41a032711236,2.E.2.d
eed3bb39-264f-565c-b62d-734ed35118eb,2.E.6.c
5c0cf75e-2e49-5c9d-82e1-fdd95f233be2,2.E.2.d
3e1d9512-92ff-51b2-9507-900b3ceae4ff,2.E.2.d
29b2fedc-2cc3-53fa-9270-598b9259ae50,2.E.2.d
b9075da8-5b75-55e2-8415-d3d92e30a831,2.E.6.c
2c5ac7bb-5ffe-550f-a560-86d027192936,2.E.2.d
953e704f-919d-55b1-bdc7-42d698c15138,2.E.2.d
44697a8d-2b10-5e6b-a1be-a89885d474e2,2.E.2.d
a05b10f7-1658-5762-81e6-d656529a4985,2.E.4.f
ba3cb12d-9e72-5a8b-bff3-dce850828d9d,2.E.9.d
042da1b4-37f3-5e35-8461-8e48616488d7,2.E.2.d
bd7aa4a3-e96c-5785-bd54-f0822aa205bd,2.E.2.d
10aab648-dce2-5b5c-be2b-1ce630ec2e33,2.E.2.d
40beef0a-5510-5f71-bddf-f84f903639ac,2.E.2.d
d119616c-0fdf-5e5b-8d78-8d151a5a3f53,2.E.2.d
751b2402-86e1-5d66-ab71-bb21927159b7,2.E.4.h
70bacb0b-2fd5-5587-95e2-c1671873bf73,2.E.2.d
aed542c1-8c5e-55af-92f6-6a5c18affdcf,2.E.2.d
bd0851df-eee1-5846-ae32-38d8006630d3,2.E.6.c
ff55b6cf-a1b5-5bc2-b495-76288ac34141,2.E.2.d
bfdb87cd-c9b4-50b1-ba53-c86f45894be3,2.E.6.c
4a8dd6e5-8c98-5563-b3d7-f64701a9a389,2.E.2.d
ae638ec9-b229-53e4-a31c-790065c5cb68,2.E.2.d
3a372053-2125-5541-8200-5616ca31d8d1,2.E.5.b
1e2b1e05-84fd-5401-97ce-14066aea6378,2.E.2.d
8f4ad525-0122-542c-995d-b5db85625ee0,2.E.2.d
2016f6de-7fed-5918-8592-d3607207c459,2.E.5.b
02f695fd-3302-56eb-9186-eea40d63d489,2.E.2.d
2ea0ea84-48f9-5594-96bc-e1be47dbef0b,2.E.2.d
22250146-b299-57a3-bdd2-c453e2628de1,2.E.2.d
849b1bbe-5b11-533a-9b7e-db997e8487fc,2.E.2.d
4a43c6df-6778-5f61-b94d-c8599ac51a08,2.E.2.d
f6376984-e6a5-5b10-b53f-c1b6ebc07399,2.E.2.d
54309752-db02-5384-a57e-62cd4f544d7c,2.E.2.d
eebefb2e-9f44-5301-ad56-696595f86855,2.E.2.d
e9d4888f-e653-5774-a7d6-4f298fa0ba56,2.E.2.d
0ec32c2a-cbcf-53af-86f2-4200ebf79116,2.E.2.d
1a3d9532-0827-5fd1-90f6-1e0c9fa29aef,2.E.6.c
5b4ba0e7-1546-5ec4-a96b-d739c0372085,2.E.5.b
409e3ce8-b6f6-5a9f-8a2c-134a5e12c2f8,2.E.2.b
ba63ad6d-3bb0-5142-ab2b-7f0e341e356e,2.E.2.b
e2b01a88-d696-5899-bb09-f117423c8216,2.E.2.b
3e64267b-5862-5279-bbb0-856d90668f24,2.E.2.b
fed9d08f-68ce-5f69-beab-1b182ace132f,2.E.2.d
ebd3876a-192e-540c-ade0-791c09aa26ee,2.E.2.d
f721cd92-7979-5b68-964d-bb63b0eac5ad,2.E.5.b
b18f4368-4742-5c62-86da-bbf91fcc5b91,2.E.2.d
2d56e1b7-91af-58b3-97e0-8a91d3642856,2.E.2.d
1c5a747b-f028-5ffe-8be9-d3f0cdd72a9f,2.E.2.b
d6d9f7bb-a2ff-55b8-b401-c0028b9e9fbf,2.E.2.d
dfdf7af2-dbaa-56f0-b9b6-a33b6f0e1947,2.E.2.d
ae250541-6f4a-5cb0-a4fb-8b2e92968cb2,2.E.2.b
f3432809-eecd-557d-8d64-f2ba1e6accf9,2.E.2.b
2793c858-374c-571e-b8a0-3aa804e58003,2.E.2.d
802b4394-1f31-5bc2-a51e-b6479ae9f4b9,2.E.9.d
00dd8029-174c-55dc-869d-2e38057de482,2.E.6.f
62f4936c-494d-5def-9e2f-470a4addef11,2.E.6.h
e7c004ee-aab8-543a-811f-2c1a1804e96b,2.E.6.h
93d82a6f-8a69-55e0-ab3d-0130757bd773,2.E.9.d
e8b951c1-a1c5-5f15-8c22-d613e8639fd1,2.E.2.d
b59ecffe-bfd8-5474-94ee-4d1e1e4f54a3,2.E.2.d
66c33533-45cd-5498-a7b1-c15d1117cf9c,2.E.9.e
cfec0542-2eab-5327-a2fe-5331d859c848,2.E.2.d
c43ee998-e07c-5960-86c6-89db7d01dd9b,2.E.2.d
5a78e554-839d-5b8a-b861-f68a07778d88,2.E.1.e
b652c865-a7e0-5e9f-8b72-13ddfa3e8fe7,2.E.9.e
196239eb-f23d-53e2-a4ee-bb5790680249,2.E.9.e
91eb477b-e053-5969-a9c9-9c8ba0077cdb,2.E.9.e
74884d4b-5daf-5826-8b55-ddb9b1fe2db4,2.E.9.e
9e6d3c31-3f65-58c0-a82c-50121bb0a3e3,2.E.6.h
0b85359c-0539-50c1-9140-bf363cb87132,2.E.16.c
65a12d8c-2431-5d82-a852-505697cf01bc,2.E.2.d
bdc2bd18-c36c-5c7e-b52c-b8611460cf24,2.E.6.f
dbcd9fc3-28e7-5fa0-92a0-6da688539529,2.E.2.d
31f38519-fe7f-5e6b-8b6d-c71292dcd6d1,2.E.2.d
5b015e0b-942e-5521-90b2-64469e1e2a4f,2.E.2.d
0a11779f-3045-5486-9780-82e223c710a2,2.E.6.f
d2e345d9-a54f-5145-86eb-4f19bfb77161,2.E.6.f
0f4d9b87-4740-5b0d-975a-685ac4e7b619,2.E.2.d
207afacd-fd47-5fca-ac13-49d276662b05,2.E.2.d
6d66d5f8-adeb-59b6-ab0f-7eb91d217d18,2.E.2.d
33fe4934-f6a9-5ebf-91ce-6b98a5897313,2.E.2.d
0b34c1d0-3460-599a-ac18-cd2aaa0df773,2.E.2.d
7a6b51a1-d401-52e9-aa8f-9434225e0697,2.E.2.d
446be514-9c61-565b-9d44-d52d734cef84,2.E.2.a
0eafd9a0-d66f-5cc9-9efb-3e03e8586db9,2.E.2.d
ad6cfaca-ff6a-5462-91ad-45820e528fe0,2.E.2.d
4e5afb33-fade-5bdd-b03a-a012bdca1150,2.E.2.d
c2827919-7647-57df-8b0f-bd3e2e22e7b8,2.E.2.d
f331f389-bae9-5a82-9534-3ddc27c364a2,2.E.2.b
ca0cce0b-2a37-5ac6-b9b3-bc9a3cb3a947,2.E.2.d
28519eff-fc1c-5f27-b936-7f0655685be5,2.E.6.f
d3135f1c-5233-5ae7-8be5-90a98215d2a0,2.E.2.d
c292f9d6-0731-51f2-b8db-57be3653cbe7,2.E.2.d
7f8c9039-bbe0-5208-b056-2433a5bb01a7,2.E.6.f
14acc39b-0e92-58a0-b99e-4735e41e9014,2.E.6.f
6079f2d1-bb52-5c10-a919-843ca8c0029e,2.E.5.b
b3b0bfd9-684e-54f5-83c7-58a7657f3e94,2.E.2.d
047effc9-a293-537b-b6fb-17e65038ee90,2.E.6.f
e7c44028-380a-5d3e-8b6c-6d9bdb98556c,2.E.2.a
725757bc-af8e-5ce5-8390-07fed1b0f150,2.E.2.d
412ad49a-c353-5f7e-a5e0-0f40937f3eab,2.E.2.d
97d0445d-0142-533c-8382-a7f795ba0a75,2.E.2.d
3dab9522-4044-5a40-b29d-27e1d38b16a2,2.E.2.d
c129dd82-b11a-5e76-a2c8-95a1e00955ce,2.E.2.d
5120ff1a-e7d4-5906-be75-d6b8296441e2,2.E.2.d
0ab653bc-59e5-5ccf-8618-b0b6a6afab7a,2.E.2.d
41177935-a546-568d-97ff-180f00a3b9df,2.E.2.d
b6985ec9-d623-5f95-8072-3caecf74e967,2.E.2.d
7636d741-d8d9-571e-b540-0071674b2623,2.E.2.d
794e5179-705c-5425-b2e4-da75e998b82d,2.E.2.d
5ded819a-1778-50a8-947e-c5a6dc213def,2.E.2.d
99edd077-497a-5fd4-bcc4-efe593a25658,2.E.2.d
3ef16ce6-fd1e-5c28-be7c-dc4eeb07fc56,2.E.6.f
f90dec17-83db-53fa-bbe0-796500bcb42d,2.E.6.f
d12a5bb0-3e15-5b2b-8219-7cbaba08f035,2.E.2.d
2a3058d0-96b2-5b5f-8efa-916e75142073,2.E.2.d
35e30ce8-8c88-561a-b9fc-d9fa158bfa20,2.E.2.d
d9d2f8c8-0fae-53e5-a29b-ce789e9a1d5b,2.E.2.d
f940f42b-09f2-5e38-8ae1-0a8023b96ae5,2.E.2.d
ad40b55e-6353-5cb8-866a-57c14aa9c158,2.E.9.e
8c649353-a978-5eff-91b8-31fe6b7b23e5,2.E.2.a
5e3b2195-2d5d-51c0-a695-8dbd5480389a,2.E.4.b
4db811f9-c7ce-56c1-948f-481e60e5a299,2.E.4.j
97523669-82ec-53b6-824e-640f1b53c95e,2.E.1.e
46e0e48d-864a-5664-90da-60843392faf4,2.E.2.c
ec3d20bb-68ba-535c-8ddf-cfb453694a99,2.E.2.c
a7841293-c211-5eb9-8362-bbfdfadbe1c3,2.E.2.c
a6f0a912-719a-5aec-a91d-94bc4ab68dad,2.E.2.c
4f5fc788-d09e-5446-ad16-2a56109a6881,2.E.2.c
c81df0af-4892-5837-969c-edc5b3274389,2.E.2.d
7b26c098-aaf1-5c63-a20e-0f1a64554d01,2.E.2.c
088a66a9-f932-5196-9bc5-3323a559068d,2.E.2.c
27913aac-c8a4-52f0-bf4f-33c3d277f6b4,2.E.1.c
c975b8ad-6bea-5698-bdba-a32b39f4f3bb,2.E.2.c
7941e8b1-b309-530c-9700-ae44750f0fca,2.E.2.d
7228a419-cdf0-5de9-9a91-2b826966bf72,2.E.2.c
82d3ec69-a032-552c-87e6-e70b06dca609,2.E.2.f
8d6d5e67-2cd7-594b-82e9-a8681a31c757,2.E.2.c
d6f41bcd-579d-5a0d-a010-d0d3832e5166,2.E.6.f
0b047500-70af-5ce2-9ca5-db1740b75a7c,2.E.2.d
fb534701-1924-56fb-b10f-1f4d7d03d45a,2.E.4.h
bf255f9d-83c5-5678-80b1-1fb5f1560531,2.E.2.d
45a665dd-ddd1-58d9-bbe9-d4a6e35533d1,2.E.4.i
796501f1-2199-5c18-91c9-1cd3006d2d6e,2.E.2.c
d36e2076-9a98-5ce1-a035-c1b6f93ca178,2.E.6.g
5573d431-d25d-56a7-9456-d4adc4e0e3db,2.E.2.b
3bca2428-7dc9-5040-bbff-c650fd055214,2.E.9.i
a7d71361-ddcc-511b-9e11-9b0d797e9d75,2.E.6.m
62bc9ee3-4751-5b71-96bb-875329ccedce,2.E.6.m
3aaf090a-0650-5360-b119-c7f94b372c43,2.E.1.n
c3382bd4-a62d-56f1-b8f7-d1bc7bb84b43,2.E.6.m
1c1b77b2-32a6-5244-85db-883cb714123d,2.E.6.f
817a90d5-13a3-55ed-9993-e2aeea88f817,2.E.12.a
14fecf52-4e2d-5177-afc5-85e0cca00f77,2.E.7.g
a32194cb-560a-5c5d-82ea-3d2f0f719349,2.E.10.d
8bdd5263-d243-5eaa-a4f2-15fc5fd3a55a,2.E.7.b
472c6e2f-a103-5259-9ec7-456e306bf47e,2.E.7.h
0b32f2d0-8a86-5a8b-90b0-35a6ab850626,2.E.12.f
789d64cb-d03d-5965-8117-91ac5049ef79,2.E.11.e
4dc60781-35b6-51ae-a768-9ccd0cb2b003,2.E.7.a
695e0d48-7b8f-5dc3-84ff-391cf39b1a38,2.E.7.g
913fd86a-76ed-5d63-90e9-db51032c4816,2.E.7.a
8cc8f7b8-495e-57ec-ae2f-5aa0d55ec91d,2.E.6.m
03cf9f81-9ee9-5342-aefa-f2f99e36daa3,2.E.7.f
9ff8ec03-c558-5590-87c2-d72e8fc4d601,2.E.7.e
f85c0352-feb7-590e-8ad5-b29e5b124965,2.E.10.b
a59ca1fb-2619-566f-9807-01fba05e63f3,2.E.7.f
ed840d18-d733-5288-9454-c21e20f275aa,2.E.4.a
d68a6e97-5dd7-5f16-be2a-88697ad9ba53,2.E.7.e
35bdef65-c0d2-52f8-b454-01ff0b7636a2,2.E.7.f
51c76cb7-af26-55d9-a57e-fbc8ff80931d,2.E.7.e
f536c3c4-173b-5fa9-b0b1-a4d5c7e12432,2.E.9.c
99df0f70-9d65-5048-9420-d307869b3954,2.E.11.c
5f92c7bb-3042-593a-a158-8fe402d17949,2.E.7.b
6e6e1f76-7256-526c-9862-6c0f30490cfd,2.E.7.f
ba5f572c-38b6-5121-85da-fe6e9715b0a2,2.E.9.d
b807ad9a-7ec2-57c2-b061-cfe0b70dd719,2.E.7.a
2ad5387a-5f8f-5644-b26a-242363569ac5,2.E.6.f
3a19ca64-8cfd-5bc0-ba9b-513c7615a800,2.E.7.a
2d65be76-c218-5f8b-9390-6d4b57bb5733,2.E.7.f
33e00ae7-2525-56fa-a840-1ae3827e1d2f,2.E.7.b
a3c67d7a-ea87-5995-b118-6fe50664d84d,2.E.6.i
54dfa527-d4ed-5fef-9aa9-d61bc06958ad,2.E.7.a
47ea6156-9d3d-592e-95f7-7374d8b65c18,2.E.7.f
25c98913-4eb8-5bf2-b618-b2f72125b58d,2.E.7.f
1b88c54e-4172-5210-8ccf-51021cf1f6f3,2.E.7.b
576c0cc1-b329-5cfb-8b7c-4f3ce4eab83c,2.E.7.f
4b32d69a-8ddf-56d7-bc98-8d76b4429d7e,2.E.6.l
ff6d1e21-4e48-5a26-9082-01a4af1da218,2.E.7.e
6916584a-26a4-5dd6-af9c-fe0f35f7995a,2.E.13.c
9cd6e6e7-b890-5045-b21b-499038e42c51,2.E.7.f
27f725d5-f4cd-5d8e-8b24-f7036fe5d868,2.E.7.f
44e5ea89-f0a1-52db-96e5-4dafe206853f,2.E.11.a
a8f383fb-cf0b-5cd6-8162-7bf51e66b0f5,2.E.4.a
a4545f69-9b7d-5a71-9aba-6341123c5da9,2.E.7.b
67133d66-8d18-5c01-89b0-3ac183a9abf8,2.E.10.a
bff49bc4-33e3-538f-9ce4-b49bef0774b3,2.E.6.e
80c3fd3b-6aff-5723-b701-03b18e63ceda,2.E.11.e
5479010d-8267-5c3d-a0f3-840ff0c46cfe,2.E.7.b
1be7436b-6fb4-5847-bb90-0543ff252ab6,2.E.6.i
f5746d87-ecd1-5e61-a843-99b9daba02ce,2.E.7.b
2ec204ab-1eba-525d-af09-1e4968899b96,2.E.9.c
dd63795f-4f97-5bbc-b37b-893905475219,2.E.7.a
721bd84e-bf78-5fea-8934-0e364d9dd689,2.E.7.f
9297c395-2309-573d-aa0f-2d6d44364b5e,2.E.7.g
702615e4-7cb8-529c-85a6-be6971b6e16d,2.E.7.e
03b0156b-2fbf-59e9-88f3-f71610c36533,2.E.7.f
68657af7-fedb-5e9a-8295-2fa0e4ec08f9,2.E.10.a
56780e37-e50b-52fa-91e5-6fe9195e437a,2.E.7.f
1668b34f-38f5-5991-bea1-9546bec80499,2.E.10.b
6fc5ace0-4e9b-5699-8583-afe383ba2bba,2.E.7.g
8647cb4c-d338-524c-8648-81c14abbac9d,2.E.6.d
abac3f34-c1e7-530f-a4b3-7fac29d6fa30,2.E.6.f
c9f03193-33bb-571d-8d90-1dca4dd84894,2.E.2.b
7809bea0-3ebd-5c27-b108-b55ba7dc6115,2.E.6.i
948693c7-b154-5f35-a165-6ba7d0d97756,2.E.7.c
989ee79a-d51b-56ec-b1f4-fd32a178315c,2.E.7.c
d25b64f2-a60a-5429-b7b1-d0061636350d,2.E.7.f
b4cb695b-8040-5dee-a25d-7779422a81ca,2.E.7.e
9b515d4e-2e16-57af-b2d1-c02faf210769,2.E.11.a
78fa83aa-8564-56d3-ab6c-353a550d92a3,2.E.6.f
89c87e8f-5cdf-5dad-808a-244b922956c4,2.E.7.a
9bd82b3e-bd75-5dbb-9222-1e1657f744e3,2.E.9.c
c0f82b40-8f15-5453-95f1-a51808b11cdd,2.E.10.a
aef2d31c-d544-56d3-b1b2-2e20e52932a7,2.E.10.b
cffbd684-ea6f-56dc-ad33-8820861a9067,2.E.7.f
12a65b3d-9a42-5e98-be8f-7891f82e4f9a,2.E.7.f
46ef3a73-3fc0-540d-8a58-3f82406a9f82,2.E.9.d
81694d85-99b4-514b-8568-248e7625eafa,2.E.6.l
34d731f3-51aa-51db-9850-c4324bb2e135,2.E.10.b
603f1371-f90f-507e-9e9e-745a6823bbaa,2.E.7.b
36aef4ac-c75f-5dd2-aa9a-acc3f259c9df,2.E.15.f
77c1f62f-25cb-5642-9720-1bb08892dfcd,2.E.7.f
e6b11ff9-4486-5137-8e59-23016f0d67ab,2.E.7.a
6f3d7476-74d5-5677-97a3-13b118d349af,2.E.7.f
1213b099-b55f-5520-9235-84d92128f597,2.E.7.f
1ce9ab3e-524e-5903-9a55-5e32cd9b7b55,2.E.7.i
48387c7c-aa07-514d-8fa5-1c6b8ff9b65e,2.E.7.f
92482c2b-7e8c-5161-a956-ee636845bb96,2.E.13.c
d832d157-1772-56f2-bb06-846ef742d625,2.E.7.f
13849b4d-a7e2-50d3-965c-3dcac9c20210,2.E.5.c
10f619d3-0072-5bc9-8bc1-41f74d370b2f,2.E.14.b
201f7050-ff93-5433-b513-f55d6eaef257,2.E.14.d
3de8ca18-a0e3-5e43-bf0b-22ec8b69e89a,2.E.11.d
c644b133-a849-5c68-8431-049ec857857f,2.E.7.c
907a6891-553d-51da-a93e-30f30cf963c6,2.E.7.a
92793458-c7d5-54d4-ad1e-abdc43a5c9bc,2.E.9.i
a6f91e82-49e6-58ed-b673-33111dd9ffd5,2.E.9.i
e0a7529c-46fe-5358-b805-4c7ab269142f,2.E.9.i
d0ae2586-0b65-5cd5-82fb-6d13a8492e82,2.E.9.i
9f8e5c69-0024-58ac-9e28-cdecb370a4f1,2.E.9.i
26d5ca82-a5d6-5d91-ae09-8b290cd9bbb5,2.E.9.i
0060f6ff-6b4b-532f-83f4-b798cb6c3f13,2.E.9.i
46369299-fa02-59ad-9ae5-906996351e55,2.E.7.e
406ba8c0-e70a-545c-abc9-945f114056fe,2.E.9.i
b3a98c49-2cd6-5229-b91b-90eee02f249b,2.E.9.i
015c7aa2-3c09-590a-ae05-0c7d6d8f0ebe,2.E.9.i
b6c00f85-02b9-5d3f-b093-3d6a09bb9815,2.E.9.i
3d732706-7f4c-56e8-a654-7708d4b0ebc4,2.E.4.h
0f07a0e4-90a2-5ee2-bce9-5b45c9b91acb,2.E.9.i
416d61d0-14e7-506c-bd65-d0c41b5684cc,2.E.9.i
00256ec4-ac1b-55c6-b324-358a5366d1fa,2.E.9.i
4d200b5d-f765-5914-aa72-d4fe711f04d1,2.E.9.i
54ec170f-a7ec-5714-80a3-00bccfefa775,2.E.9.i
ed1db441-05db-519f-854c-7c646f57a00a,2.E.9.i
92806861-3de6-5fb2-ae6f-0501795fcfa5,2.E.9.i
a8b32162-0178-52f4-9d7c-880f77d9b35b,2.E.9.i
63920c51-9cfd-56f2-a31a-3cb2f789ea41,2.E.6.m
f00e164c-6d5d-5516-b63a-9b8c6a23274a,2.E.9.i
c2d5aae8-a8bb-5093-b486-e0c1a35e5963,2.E.9.i
018af27a-34a4-593c-8d70-08f6f9a76c37,2.E.9.i
aada82e1-4e4d-5496-a07a-d3f0bf041732,2.E.9.i
047fe19b-c365-558f-afab-7d5450bed8ec,2.E.9.i
8ef155d4-e3ef-5629-a365-8996b353b423,2.E.9.i
21ba2b0c-0930-5f5c-9aea-3716678a8af0,2.E.11.a
a70623d2-c3c7-597a-a2f1-5d15a26bd7f7,2.E.14.d
263a7d79-919c-5b52-aa1b-43904818959e,2.E.14.d
fbdbb566-842a-5abb-8394-4116632f3ab9,2.E.14.d
1e400999-85d8-5c46-ae45-53c04977a387,2.E.11.a
8f4bc437-5651-58e7-97c2-eeacf479faa3,2.E.11.a
74aa1e8d-5c73-5e56-bbc5-4badc938a94d,2.E.15.f
8a39d711-cbf4-555b-a8d6-b9b3628c9997,2.E.10.d
3eb5f466-ae3a-5761-bed4-30f78972ecd6,2.E.12.g
80f1df31-ecc5-54f5-bf9a-18e24a4fa192,2.E.14.d
2b387630-be7e-5fdb-abd9-fab1ab581f00,2.E.13.a
597f87e9-1f40-5cda-b2bd-e5b02876ef15,2.E.7.f
f86819bb-bcf4-5b0e-9018-271383711bdd,2.E.14.c
2f28760c-d5b3-5109-b59b-4832236efda7,2.E.14.a
f8ef66ad-cd4b-5eee-bcd6-4032dfaf68cc,2.E.10.d
b56c5e73-8df4-5cd4-864a-e1658b1d2a9b,2.E.9.o
22bf8a85-9d7e-5357-80d9-04b09ae1791c,2.E.14.d
988ebfb7-18de-5922-9f7d-a7dc6ab3006f,2.E.11.a
64bbf87c-0ec1-5a71-84b9-cfc3f6f79926,2.E.11.a
e2270b65-651d-5e9e-bc35-5eeafc7c276c,2.E.14.d
38eaf86b-4d55-5bc0-be52-7b2a225d26f1,2.E.14.b
8a41c119-e919-5c4d-927e-f889c126ef16,2.E.14.d
d5efe8c0-32d4-5372-8ee4-d157463c8d20,2.E.11.a
a16b1a4e-7b90-50b3-8837-6ad051e7e130,2.E.12.a
a0293e99-10a3-5094-b68b-3ef2ee63594f,2.E.14.a
4e784bf2-6859-584b-b1b1-40167e43f8d8,2.E.14.c
bdf14e00-7d02-5ced-b594-6324d67f7dd6,2.E.11.a
49147062-ac3c-5ad1-b1bb-95e5c2125575,2.E.14.b
45ac977d-9497-57a5-9b4f-b7ded296baae,2.E.14.c
68fb0707-57c3-5f27-8767-9ce42f83c89b,2.E.14.c
98bba24e-8f25-5087-9784-31442acb9e3a,2.E.14.b
6b67843f-7a84-5485-9ebd-3d254b851f77,2.E.14.c
26e84a6f-0698-5d62-ba57-811c064d737b,2.E.7.f
2de4335c-f44e-5bc9-bc00-81bb9a34f531,2.E.11.a
8acfdeb0-78e2-590b-8bea-ec7e241845ff,2.E.14.d
ebe3cf8c-81e2-5845-962c-7782e4f81255,2.E.14.d
34140e5d-f503-5b94-859b-9994bd3ed52d,2.E.11.a
51e022b2-5069-5887-97e9-3ad633b27755,2.E.13.c
39b6fb52-5af6-54c0-83bd-a0b549b449fe,2.E.14.b
81c6d645-30ee-5b53-8b3c-b85f1c035901,2.E.14.b
faa5d48e-ae70-5ded-b7bc-b1a3243af0be,2.E.11.a
cc82b6b6-87d9-5986-b9bd-106736870ca7,2.E.14.d
32c0e2b8-f694-552d-8d28-cd391d6fcdcc,2.E.11.a
48fe3b01-439e-5a25-9a0e-15a1de30add0,2.E.14.c
b5c9cbfc-4718-55b9-a0f2-3845986d3d22,2.E.14.d
e6bc47da-dfa8-54bb-856e-e61a32922ae6,2.E.14.a
c33a3a05-34c5-5c04-9636-48d593e99285,2.E.14.d
794de584-97b1-514a-ba85-eaeff83c6b39,2.E.14.d
09bc6ee7-b9a1-50fa-9401-6edb44c19924,2.E.14.d
706ac2cb-c48b-5a4a-aa5e-7bfab8602dda,2.E.14.d
1d510816-83ee-5dde-a445-d367a165b4c2,2.E.14.e
6a6a2874-027b-59d3-891f-5e429ee8a849,2.E.11.a
7e0c11ad-4dbd-5639-b0fe-7f8c63e885dc,2.E.14.d
9a324888-7b78-5adc-9749-2ba17b39d56c,2.E.14.a
f181260a-d621-581c-ba60-a1f0ab1492d8,2.E.14.d
67ffb389-8013-5754-bf2c-f151eaeffb37,2.E.14.d
4785ea81-6e35-5ea9-b0ed-7a66f3274ced,2.E.10.b
0f137ef6-ffcf-58bc-887d-152a1e9960fc,2.E.14.b
3a37bd91-913a-5c4a-847d-640dffdb10a6,2.E.14.d
1972b229-7042-5698-ad76-2632ffefa8ce,2.E.9.j
d1544425-d472-55fb-a9ee-bf801b63eeef,2.E.11.a
b7fe5148-3a25-5708-bae4-d08f83e5f332,2.E.14.d
c4f009a3-de6d-5623-b722-67c310e18b30,2.E.11.a
057ce98e-3aa0-5d77-b593-c048bec80f8a,2.E.14.d
65e0be2c-ba8b-570b-a0d1-04e2b2887832,2.E.11.a
95c062da-a78a-5efe-831e-ad4bc8a9c802,2.E.14.d
f0f7eb17-f5ac-50fe-986d-703bf8c990d1,2.E.14.c
3461d354-891d-548f-8971-cd67c11fe059,2.E.14.b
8e189bd9-7f01-57bf-9481-f1915852fbbf,2.E.5.c
50eb3006-d237-5230-a2d4-fdaf8ca28cd2,2.E.9.d
534060de-90b3-52bf-bf21-86c9453dd708,2.E.9.d
c30ae6d8-48fe-5a4d-a3bb-fc05f60df834,2.E.11.e
8b21ca81-4e32-5463-a7bd-7d5241100719,2.E.1.o
60b3510b-a546-5482-a6a9-cbcd70ee64be,2.E.6.d
a7d7b1af-e231-5d2b-b967-706e3b154d38,2.E.6.f
be6ceb4a-1df8-57ee-b44e-152f7b5af174,2.E.9.d
a9fb76cd-4c9e-5fad-a057-653cc1e17893,2.E.7.b
0683f71c-9420-5f96-89d8-096413925b68,2.E.9.d
bd35f6b9-6572-5799-a92b-4ce8d5c548dd,2.E.7.e
00ccfa04-965c-5d2c-bd7c-699a9b087d6c,2.E.9.g
4e5efb30-c306-5c22-a73f-c15cb55b7ccd,2.E.6.b
e905f88e-cd10-5499-8896-64ab8d426f5d,2.E.7.b
3625b16a-0d7a-5fa1-b4a6-bda27e881b5e,2.E.9.d
49846b80-6089-5a8b-b69c-e88cb2840a6d,2.E.7.b
daaf2c66-707e-50a9-905f-f7616ed78be8,2.E.7.h
9a11f24a-9ee1-533d-a1ec-2a6d7e945489,2.E.10.a
a447fab2-c9fc-5e48-9c1f-dae3ba4d7c0e,2.E.7.d
9ad1cd52-c110-5b1e-8afd-483f7e02baf1,2.E.4.b
b5266990-f3e3-5538-970d-e734de958aa2,2.E.7.i
b8383072-e1a3-5226-a421-3fbffbd7181e,2.E.7.b
f68450f8-6991-5cc7-b3bb-ac9a27f6f5ce,2.E.7.b
41d87b15-a0d9-5fdd-95dc-6206d372c2b9,2.E.7.a
68a6b087-07cb-58ea-b789-6da975acc002,2.E.7.a
b0668af3-ec3d-5ef4-aa11-2744b5a5d931,2.E.7.b
e49e316c-e1d1-529b-b087-408a92b8b1ac,2.E.9.d
5ac5592d-108b-5da1-94ef-8de3bb67bb4b,2.E.7.c
1995038d-51e2-5c56-bf86-099f96e3bc72,2.E.7.e
e97752e8-4df7-507e-9b06-308d803e26ba,2.E.7.b
8f533ff5-5933-5e5a-b2bd-b15594c7664e,2.E.7.i
55e67937-0b8d-5850-9e49-1a5a701598b8,2.E.7.b
53f7e06c-28a8-538b-b8b6-b721ae37e196,2.E.9.d
1ae930e7-9f1c-581a-8fc0-fd26a2675cd9,2.E.7.e
eba532c0-5a4b-5931-8946-e5c4e864e885,2.E.4.b
1f71875d-9d19-5deb-9eef-c9467fd8853b,2.E.6.f
2410e7e5-b803-5718-9de5-bbe7c170ec56,2.E.6.b
9866cee4-3ba3-5115-8f2a-48e2f00ea5f9,2.E.7.a
2102aa1d-aa16-52ed-961d-9fb800d116c9,2.E.4.g
aea6f807-84ec-52c7-b946-892ebe41ea5e,2.E.7.i
42dc705b-24eb-50e2-b0ec-8f2396bf8295,2.E.9.d
d02e0b54-cd74-5e53-8228-333a4103915e,2.E.6.f
6b47c948-1e2b-5bd2-b1f9-21b86cee2068,2.E.6.d
00f01173-c160-5f4d-bad0-1ab51c0c3571,2.E.6.d
9545bec4-deae-5447-b564-4d5eb11cdd3e,2.E.9.d
5a20f580-9f5a-526e-944c-fbdca2f2bee9,2.E.7.b
52ec55ec-c31c-5a65-906c-3ed80a731d4a,2.E.9.d
005aab2f-1b48-51bc-b6d2-b15269cfdff3,2.E.6.g
5dff6ca3-d95c-59bc-b4cc-a49030e7bdc6,2.E.7.b
ca43facb-cfd0-5758-853d-02ce99720eed,2.E.7.b
320a1876-49d3-5a25-b3fb-1e14e2e2567d,2.E.6.d
f4ce47c5-34c7-5ba3-bad2-0a8cd57ae622,2.E.4.c
375d19b8-4861-5568-894a-2c0baec61852,2.E.13.c
c3933d7b-3b32-5aac-bf19-a41674e08e00,2.E.7.d
04ec999b-0a82-589d-90b2-6195917b57ca,2.E.14.d
57fd7101-b6aa-5d52-b0b4-2fc69e6faa4c,2.E.11.a
bfaf0884-32e1-5da1-8d27-35f460dbcbf6,2.E.11.a
984b4231-e13e-5f98-a8ab-9ee85ae1780b,2.E.1.e
e4b9d92f-cc74-5b1b-ac98-d978618c1695,2.E.11.a
3c363be6-1800-503e-88c4-8f0325d6f70a,2.E.13.c
c995b78f-b2a6-5e50-a333-83bc13cdeab1,2.E.7.c
83fdeb81-849b-54d2-9c44-2874eb80685f,2.E.1.a
95d748a4-82a5-5b53-aff2-cd0e2c1d4362,2.E.11.a
2899d3dd-e17c-5c2a-ac7a-b2b40148a172,2.E.11.a
a114d0ea-38dc-5422-869e-a9faa10719be,2.E.11.c
ca7fc5b6-ff41-514c-9136-bc3df6a2b242,2.E.11.a
362f1b40-ddd2-50d7-93a0-c02a742ced23,2.E.11.a
f1a938ba-c2c1-5304-864a-284975f11033,2.E.11.a
4b372296-098a-5eb4-8471-05219c9c3e28,2.E.11.a
1b8c2cce-bceb-545c-b5c3-77e1bf1ab95a,2.E.11.a
8d332ca5-b46e-5453-8ecd-aa07b8859e1c,2.E.12.m
567c56ac-57e6-5871-9802-53a36e0d1425,2.E.11.a
7670de0b-583d-5c19-b563-afcd0bf9bf21,2.E.7.a
f7736fc8-27dd-55aa-8de2-e41ec8f3c125,2.E.15.f
b3075dc2-ac93-5510-ba85-ed2d3fca367f,2.E.12.f
a75bf14f-b087-5719-93d8-df6ed1dc5640,2.E.14.d
ab780f17-1965-5baa-9f16-5ae7fd6b62a5,2.E.11.a
28e5512d-f71e-500d-abc0-8e140fe0360f,2.E.13.a
e0a43852-1506-5e4e-8f7e-6718a73a5e06,2.E.11.a
d3e08ca4-3847-54ed-ac30-b534dd0a63cd,2.E.11.c
0cc24ffa-de57-5faf-83ce-c58da8bda630,2.E.13.c
ace0973d-c8f0-5b44-b4c4-189aed1d5edf,2.E.14.b
c001e089-b5ec-5eb2-8289-50225a6f947e,2.E.13.a
59a21788-085f-516d-9b2d-5e4bc0281ad1,2.E.11.c
e9b5186d-4113-5f39-ac2b-7a54166c74d0,2.E.11.c
4ba7b31e-b193-5607-ad0d-b786fecfcd3c,2.E.11.a
53bdd3be-e452-582a-b49c-be4fff2766b2,2.E.11.a
3a65c6be-3734-5576-b06b-47ffbf51db38,2.E.13.c
c86def6a-233e-5e72-8727-f2258843780d,2.E.7.a
cad3b668-2157-56c6-8b5c-320264acc703,2.E.11.a
4d696da6-bbf4-5b48-b2f0-5ac20a7c90fd,2.E.11.a
75465688-faf6-5d49-bd3c-e5a213a58296,2.E.11.a
68f2ed61-c493-52c2-8442-a3513c10f107,2.E.11.a
7e973700-3465-5d3a-ba66-05117219dde2,2.E.9.c
297aadc4-9013-5936-a4b7-141238f63b9c,2.E.11.a
6f298d10-a192-59b8-ae90-ead88e0ea28f,2.E.14.c
de7ded8c-ed4f-5bfa-a694-83d0b36aaf56,2.E.11.a
1b75e839-9d86-5d37-a18b-9dea6e81a86e,2.E.14.b
6fb3c676-1afc-5c39-82d4-31a9091c8c1b,2.E.15.f
4b7516af-5d9f-51c0-bcdf-dd8bb4549116,2.E.10.d
c35add1e-61ca-5fa9-9485-3112cd4b3827,2.E.11.a
0d86892b-da2d-5793-80e3-058d3df4389a,2.E.11.a
4dac10ff-42da-5a38-ab54-56fe15df8ee4,2.E.11.a
19171ce1-f348-5c96-9a22-3d8f48b71e86,2.E.14.d
16a14ac8-82c3-52b3-8949-5a7c60bb3b20,2.E.11.a
c02a67de-0fc5-52a7-a589-1547aa1d2f1d,2.E.11.a
0e12aa60-261b-52d3-a980-50995e35e3a2,2.E.15.f
063ea20e-edb2-5a12-bc50-39e3a9d19600,2.E.14.b
bfbeb4e1-9348-5ecc-8238-006d0a255237,2.E.12.f
74512692-9d51-5d62-aa6f-d4e5f6297619,2.E.15.f
504797c8-e9bb-52c7-9df1-fc632c1c8a57,2.E.15.f
f1c4bb38-7d8f-5edd-a0f6-e359565439de,2.E.11.a
70bc76e5-e2d5-54e9-87ff-7eff8d8f2a5e,2.E.11.b
151265f2-7552-5fe5-906e-d27e7d9abc92,2.E.11.a
65af03fd-199f-543b-b82b-0645c783f478,2.E.11.a
07278856-31c3-533e-a957-cc82e42bcebe,2.E.1.a
4227dbd5-ca07-5b64-ab03-1a605d3547fc,2.E.7.a
f5a23592-9718-5c7d-a0e8-42bcbb2a1e3e,2.E.13.a
40cff39a-57dd-5700-a8e3-c46849051b46,2.E.15.f
c877b3ad-9a77-588d-9473-3e1ce0574bb5,2.E.13.c
e17ca289-43a5-50f2-8483-1aaca798922f,2.E.6.h
4c2ae3b5-04bd-5ebd-9684-2afbecdaa63c,2.E.6.f
f0835652-8410-5ad4-9348-84940e4ed761,2.E.6.f
a530a6d7-3729-5f95-bbaf-3512030c88da,2.E.12.f
ec5cf444-21d3-5660-a66c-42c07d7b4094,2.E.15.f
40dd30a5-7cb4-513d-bb44-c81392f18c8b,2.E.13.c
4b20309c-a97e-5b96-92a1-2c68e045074e,2.E.12.m
0c2dc01a-0a37-56f5-9d87-40835dea0196,2.E.13.c
2377d31e-ad88-5b22-819b-6640dddf7735,2.E.7.a
9975900f-34c2-5fc6-8186-73992cda3ec8,2.E.13.b
efcc32e8-7c4f-5e62-b6ae-3d3a3532bdef,2.E.15.f
4d046a1a-315f-562a-8565-aedf6407e1b5,2.E.13.a
08288373-a471-5bdb-8fc5-cdbc92591a87,2.E.11.a
6c7ad64f-3a98-5274-a698-e4600c690ae7,2.E.11.c
f6a323d7-495b-5a0a-944b-293c172507f3,2.E.11.c
51fc5545-83a0-58ef-9bc8-ec013ea56fc8,2.E.10.b
de37ca89-6a87-547c-8a23-39733f6cabd9,2.E.14.d
87659a58-8b8c-503c-b394-f79c088bbb64,2.E.7.g
08feb66e-ff0f-554a-abef-53d6ee025dee,2.E.12.g
9de37a55-fc11-588a-ac38-0bdc1945b429,2.E.12.g
5cf8ee91-c897-5eb5-b2e0-4a8a5517e554,2.E.12.g
3e714bf4-1b44-5e9a-9ba3-c7b68b13555e,2.E.11.c
e84fba94-002b-5aad-813e-d895fbe14f8f,2.E.10.a
931b8673-488b-5cb5-abdd-07def4e6164c,2.E.11.a
c0e968bf-7fd1-5e91-aa1d-710e1e579463,2.E.15.f
0584a74e-f4d2-5982-8305-a71a65653032,2.E.14.b
7ab4cd4f-163d-5263-8f76-e8d789890360,2.E.14.c
ae8cb080-6163-5dc0-acf9-b5c66877e3a2,2.E.9.d
7e1f43c5-5c95-5e6a-bfc1-ab81baa340c3,2.E.11.a
6501a3ad-0f82-53b5-9ac4-3006bc6ac3fe,2.E.12.b
44ac761b-0375-59a4-9878-5137b4e0f912,2.E.11.b
8d8aec5b-2202-5809-9869-fd4158e148fc,2.E.12.g
d5297668-6442-59c6-8324-cea75b1f58f9,2.E.11.e
7a4f19d6-2f73-5a73-b1da-8a92a3bde70b,2.E.11.b
25799ab3-5259-57f0-aac9-85011dc4de87,2.E.11.c
2db7244d-35cd-5d33-bd9c-e6d5d91efaff,2.E.12.g
18c2fec2-4b5c-585d-adde-91bbf2f8a4e1,2.E.14.b
55fdff35-9f36-582c-a6a8-ed8ea59f3a6d,2.E.11.a
ade6b331-0da1-5e92-b850-0a59d5f7550e,2.E.7.a
790d181b-f64b-5359-9501-f136cfea4430,2.E.14.b
d0244714-9751-581a-947d-93ce196da7bd,2.E.11.c
327c7aa5-d534-5c01-9958-1ad665ead80e,2.E.14.a
5184d3a7-90a3-5bd2-91a7-05f3f0efe425,2.E.14.b
35cfdc10-626c-500e-9a5c-14d0a0f84ac5,2.E.11.a
56edd63e-b96a-5f4d-a038-63a71d707840,2.E.11.d
88a2c06e-8530-5d32-bbd8-561ca53273cb,2.E.11.c
a3ee98b7-197f-582e-b804-b7df21510772,2.E.11.c
8ccd70f8-7655-5168-b7d3-45048710dd05,2.E.11.a
38890189-6c91-5071-aac5-b892401f21b3,2.E.11.a
5de261f4-035c-533c-b56c-3b0f7ca25c1c,2.E.11.a
d1a14f14-93a8-5ffd-906d-c101e9c31b20,2.E.7.g
ecbd4e47-8908-5d92-a9e5-11be19b106f8,2.E.11.a
4b77775c-4392-5a92-9967-da940bf1e50d,2.E.12.l
87314711-cb7b-530e-8e9b-6ba4e0f56089,2.E.11.c
22c2cd40-ece3-5bef-ba57-88c2d3901bff,2.E.11.a
10c49bc7-b99a-59f9-a254-77ce3c535ac6,2.E.6.e
4c687bc9-93a5-517d-bb1c-4d515b4f0c2c,2.E.12.f
44a6753a-3b7c-5473-a537-dbec082e8ec0,2.E.11.a
10c7dcb7-3316-5a95-a6b4-69b686f66fca,2.E.11.a
cc7ca92b-5d8a-5f90-a796-46b35da57671,2.E.11.b
e5bc1172-4970-5347-bbbe-12e8958d7c75,2.E.11.a
5bd01c5e-0fbc-5954-87a2-98e261790b31,2.E.11.d
98deeb0e-72d8-502f-b084-170cb14499a0,2.E.11.b
2af97cc0-f00f-559e-a5ac-b3e3fa68c08c,2.E.7.b
e5c92226-f804-54f5-b448-31b4b9ac9574,2.E.11.a
105f208b-5b2d-56c9-aa32-13f81f6324ee,2.E.11.a
a86ab5db-2c8a-5e8e-addf-81ce651f384f,2.E.12.a
3edcb32a-47d8-56f0-9672-20ba1e310f40,2.E.14.b
73acdba9-c832-59af-8d19-d89ea2a51f36,2.E.11.c
9e6b2a83-6ba2-59a0-87cf-6cdc4b208bbe,2.E.9.d
bbd28aae-ab41-575b-9633-cef9f646a2da,2.E.7.f
6921754b-e152-54f8-88a7-95c7c7c68d92,2.E.11.d
7fc0268a-2b47-555f-9457-6ff3c0c9018e,2.E.11.b
fefddd82-f18d-5b2b-8edb-045ba5ccd575,2.E.13.c
daa96a3b-f523-5d56-874b-fa83fb8ff667,2.E.11.c
6109190e-ec6e-5bec-b708-0af558c939d8,2.E.12.f
7a059d86-ae98-56bd-8ff2-3fea5953d5ed,2.E.11.a
1dc743c3-d584-5bfc-ac55-1b5a9c8e11f5,2.E.7.b
7c8517f4-992d-5630-804f-3ac0b11f7ba4,2.E.1.a
deaa78cd-1ee3-5448-ac39-9a630aff73aa,2.E.12.g
4a336292-3c81-5630-9a7f-9efd5ef7bdcb,2.E.14.b
558310b7-8502-512f-8468-5ccddb6ecaa1,2.E.12.g
babbfdab-ddf7-5c07-8ca3-b1526fbf92f9,2.E.11.b
bfca6612-58f2-5885-a79c-333cc237139f,2.E.12.a
df96a305-6f0c-5ddc-a59b-afc8f793c959,2.E.9.c
c63508b8-ad99-58ab-80b4-c93099b8b49f,2.E.12.a
744de995-9e2c-55bd-8cc3-58e3488004ca,2.E.1.a
3b80cd78-b06d-58d3-82e4-ac2fa4487e18,2.E.7.g
bcec2d80-8163-5675-a0b0-f357dc1e942f,2.E.9.c
cc080bbf-6239-52ff-a6a2-e16b6bd3ed10,2.E.11.c
1ceca089-8367-5e6a-9ced-c9a4fc80f604,2.E.1.e
8bcd228f-5cf0-56ef-b392-e194896e3963,2.E.7.g
50c94c92-4fd4-547e-ac9b-696b2fc4cd76,2.E.6.f
6531e42a-696f-520b-a299-8eed36012a40,2.E.4.g
58d27172-4be6-530a-aa08-f24f97c7ba3c,2.E.15.f
6cab342f-c7f2-53f7-bd0e-b619147da176,2.E.15.f
393981d6-f679-5c25-b4a0-895ae1384a8c,2.E.6.d
cd44474e-5cd4-5ba3-b027-192a7405ec49,2.E.6.d
ccfc3c87-df12-5e28-87a1-097095674a3c,2.E.1.i
13dbcdba-0734-5cde-816f-112559e7d3b3,2.E.6.d
c3682e65-31c7-5f03-80ae-67c7d6f81a9c,2.E.6.e
29638a3a-0b20-5565-a31f-ecdcee168d9e,2.E.6.d
073d32ca-a079-5e7a-b9e4-b306562d2fd6,2.E.15.f
04682567-2954-58d6-b2d0-b873bce0da12,2.E.9.l
229bd81a-f90c-5400-8e77-4e27cd5f196f,2.E.6.d
52fe0d95-fb27-564d-af68-9215b301d413,2.E.6.d
250b32ba-2d67-564a-a64c-5424b264efb8,2.E.6.b
533e4cf1-00ec-5989-a27f-528d0899d429,2.E.7.f
96bc8c4a-5ffa-5d14-a312-0f88a4dd15bf,2.E.6.d
18721def-abf1-5897-9c47-96f29b0fdbb2,2.E.6.d
c0bbf802-99e3-5544-aa3b-ec5b421dffec,2.E.6.d
68ea1345-d97c-5b5e-923c-47cf829def17,2.E.6.i
3084a69b-e1b1-588d-9694-dadee3d0d063,2.E.6.d
deb15cd0-d23b-5b72-ab85-af408c016711,2.E.6.i
5774700f-0a72-5f57-af9e-febb7c4390e8,2.E.6.i
bbfb32b5-d992-538a-9492-be754d8bf700,2.E.6.d
5272f1f3-740c-5b19-82a4-4f0ebe7edead,2.E.6.h
a2033967-1a0f-516c-95c1-886bee342028,2.E.7.g
b7dd0b24-43f6-57b0-8feb-7b0207b4dc58,2.E.15.f
e3f21c55-b661-5635-95a6-d1be36641e88,2.E.6.d
f2fbb3d5-ffa7-565c-a56f-2bcfc85b971d,2.E.14.b
788608d2-caaf-5109-bc51-8afe1334d7a2,2.E.7.f
1af3ff7c-ac93-5cdd-956d-ac507a75928e,2.E.13.c
daab6d9a-0c1a-52ae-9ddb-707f70a58d66,2.E.2.b
b03af7bf-dabd-5519-ab3d-10902aab63da,2.E.6.d
4f6ca500-6a86-5578-8411-272ce368c8f4,2.E.6.d
2267304e-14d1-5f5a-8020-353537f4047e,2.E.15.f
6f4f1f33-80e6-5326-86b0-9f34b6632e67,2.E.15.f
324c9b1a-47fa-55f4-b5f7-40a714db3695,2.E.6.j
5aaa4133-0885-5e69-8e27-a2bee443ebbf,2.E.6.d
d41da7d0-b043-5d75-9e12-a370b3848f18,2.E.6.i
19c0dc48-f1b0-511c-98e2-fbbcff2ae2d5,2.E.6.d
fa97cabd-65ea-5400-9ac3-c0472271cfe3,2.E.6.d
a3c67d7a-ea87-5995-b118-6fe50664d84d,2.E.2.b
e1103d5f-7e07-50f0-8fc9-d93c1f14bbcd,2.E.6.i
ae0f1ebc-923e-5a5b-ae84-76075af1f3a3,2.E.6.d
3d47a550-1680-51d5-a9a5-68143f5a2b72,2.E.6.d
84b194bb-3964-5b97-b95b-6edc1a2b50aa,2.E.6.m
8e2d3b86-4fd0-513d-8d23-590a2f3d9f39,2.E.11.e
4f89d35a-4f8a-5a74-abd3-747664b5a467,2.E.6.j
457e407d-4dcb-58b4-ba31-6d999100fcba,2.E.7.h
724bd438-f14b-5044-bfb5-1d093928b175,2.E.15.f
17d6eb18-4797-540e-8f1a-b36f365c2268,2.E.7.h
973ec9ab-fe73-5eba-8e2b-aa8c155a2422,2.E.6.d
21d317ba-4855-51d7-a537-b23605311f50,2.E.6.d
cb1dbc4f-05b0-5014-ad83-d1d144627cfe,2.E.6.d
130739a7-cb20-5cea-b5f3-e8f7cacae312,2.E.1.c
e827b76c-7fe4-5cfc-afcf-9c51c3b1601e,2.E.6.b
b9ac1db2-3924-528f-ae15-30a51e8881ba,2.E.6.e
cfe4186e-8b91-5bbb-a79d-3b191a9e9b68,2.E.6.e
ff577727-2500-58f2-b504-2135575a1824,2.E.6.i
bde0a5d1-b70a-553c-8386-d09c5b37d8e7,2.E.6.f
fb2f576a-22f2-54e9-a472-65c4bff0556d,2.E.6.d
74ebb959-01aa-59af-891b-43fb95c6971e,2.E.6.d
aae006c2-348f-5ae5-9fbd-707421904cf0,2.E.6.e
44010af1-eee4-511c-b528-3064f2166bb8,2.E.7.a
cc060ca1-0a5a-510b-8b9d-ccce0fecfcfc,2.E.11.c
14629e46-1fb7-508c-814f-41576b730e53,2.E.7.b
c267c3ba-b9a8-5437-aa5a-7414dfd1a44f,2.E.9.d
6b5b9212-cc9e-51a5-9532-809aad31b9c7,2.E.7.e
e69777a2-8430-5120-bc97-6fbe0418bf19,2.E.6.d
b1a8445d-35b3-52de-a81f-ee77e78c59dd,2.E.6.d
6109190e-ec6e-5bec-b708-0af558c939d8,2.E.15.f
a6d79118-e440-53f1-b247-ec4dfa5d1ff4,2.E.15.f
274b0171-9a1f-55f3-85cc-c086a85808c3,2.E.6.f
d14f0ba7-0f1f-5b95-a285-f133b8984fa1,2.E.9.d
03009351-d630-579b-af40-c60992504c6e,2.E.6.j
7a5fe6ae-c257-5679-994c-5c6e0b5ce379,2.E.1.p
d4cb19ea-0d99-5214-9940-11849f14a4f0,2.E.7.b
ee3ffc95-1ec0-590b-9eb5-0541973efc9f,2.E.6.i
26784075-3f20-5f6b-886e-f9aca653c587,2.E.6.d
f665c975-2b5f-5dab-8717-c34f7dd7429a,2.E.6.h
d1b49daa-8559-5d2e-b103-55d82e04d8ce,2.E.6.d
e54b368d-d1bf-5516-8abb-190f677410f9,2.E.6.d
8acd5b1e-0103-5483-835e-71a4e58dbc34,2.E.7.e
8d5677fe-ce31-5ff1-b01e-5fd64a7b45a9,2.E.6.i
e85587f2-c360-528e-aff6-040e3aba2ed2,2.E.13.c
dbe9f50f-90b4-5143-86ce-11d16511a5db,2.E.6.i
cf94f236-b93b-5ae2-aa75-f4ddc534336f,2.E.6.f
7753622b-f859-5998-b329-e1571ec8e4a7,2.E.7.b
e409acf9-5497-535f-9ec6-67764420c58c,2.E.6.i
f0168dd1-7ab2-56f4-b677-120cd63c407f,2.E.15.f
8a97e312-3794-5607-82bc-ee4040efaed9,2.E.6.d
d204e994-fe27-5e35-86c6-92c13de17a37,2.E.6.i
8861caa4-d99c-56c9-9de7-5bc9bcc53172,2.E.6.i
985ab77c-999c-53f6-8460-613edc9c8dfa,2.E.5.b
bd9cdd7f-7cd8-5f98-9743-90a1464af34d,2.E.6.g
206a3cf6-cc9d-5355-8d9f-a606afaaf6c8,2.E.6.i
b1d0d458-1302-59f6-b6d6-ff9c10178639,2.E.9.d
3767a0fe-99af-5f01-8c27-b2b439aa1178,2.E.6.i
710169ae-6833-5736-96cc-941597067007,2.E.15.e
f9b2ad4c-40a5-57ea-b558-fbbe02e74095,2.E.6.i
f334cf40-3a94-531e-af79-3c52c3490a24,2.E.11.e
bce1d994-4560-5447-993c-0639b5b9460c,2.E.6.d
0bd01bd7-9de4-5c24-9cc3-d369f73719c9,2.E.7.c
d17e7fc6-aa93-52fa-aeb2-caa6b42fe54d,2.E.7.b
326e53bb-dcf6-5e46-9766-87b4abb3b799,2.E.6.d
66779cd6-2247-5349-b060-1b83a14e7781,2.E.15.f
cc0fb461-31b8-5c03-8980-6aed3c70d02f,2.E.13.c
44c6568b-6aa0-581f-8db5-82cc97b105ae,2.E.7.b
102e9358-0b63-516e-bada-cc1517c00644,2.E.6.g
0edfa092-5a7b-5b0b-b03f-a50194977941,2.E.6.i
97a25a4d-71b9-58a1-8e80-dfaf1eefa6ae,2.E.7.c
ef71d80e-1a50-5cf4-bf7d-23968e5be2c2,2.E.6.i
8fe3ca0e-fbcd-5d03-a72c-681c7c32d621,2.E.7.c
5efdbea8-cf94-5fe1-9485-5d07746988d3,2.E.6.d
937ee183-9511-58f4-bc60-3146fd720025,2.E.6.i
0568f531-3d89-58b0-83fe-78fb85b119dc,2.E.7.c
5a280e28-d150-55ba-bf31-2e485b452cb0,2.E.6.i
cd8345af-679f-5e6f-a6a9-6c6652580507,2.E.6.i
76ee1f61-b0b8-5df9-8c62-133a1244ff7c,2.E.6.b
1d7e3f3e-b807-54ca-a58b-512de4c5c921,2.E.6.d
d55e14d9-aef2-5e86-b686-dbac154a6e8a,2.E.6.i
5c992159-ffaf-5635-9e16-ad529bf8d05f,2.E.2.b
61ddf7c8-08b4-5af8-a168-9e04ea4281c2,2.E.6.e
058c7dfa-361c-5c32-be42-837d92ac78e2,2.E.6.d
dee70619-5cd2-5b6b-991a-489a35602626,2.E.6.d
57e863cd-5c95-5555-8962-993bb2bae1a4,2.E.6.f
188bb33b-622e-5989-8b5f-fd5a639a185a,2.E.6.e
be37cd30-a033-53d8-a9da-998963c3c0d0,2.E.6.i
6610213f-3b4d-5d79-b5d0-2cc016ff8eaf,2.E.6.d
cc94bf3b-183d-5e20-88e0-818aea356ad7,2.E.6.d
3516074a-9644-5bd9-9995-86bf4da43762,2.E.6.d
989ee79a-d51b-56ec-b1f4-fd32a178315c,2.E.6.g
2f744864-3c18-50ad-8c8c-78473d3deecc,2.E.6.i
9c132267-fa9e-579e-8f9e-cb52f57302d7,2.E.6.d
a89fa687-0c63-5d82-a235-9410eae695ab,2.E.6.f
2788f87a-f29e-573c-9d5d-54a855b6a322,2.E.5.b
5ff1a294-aca8-525f-b247-bcbe3ea655cb,2.E.6.g
31d319e8-8949-5aad-9741-027e0f470f20,2.E.6.g
dbaa5801-71bf-52be-9469-a45219581f48,2.E.6.g
5c907a96-ad8f-5157-89af-fce807fba855,2.E.2.b
a2c95adc-6ee5-5ffa-baa0-27395c4ec5a5,2.E.7.i
39015a87-8b30-54f9-865f-cf0b87974935,2.E.7.f
de731a30-1161-5e54-99b8-86ab403480a1,2.E.11.c
6cc1a4aa-e66b-5cdd-a638-fb576e0fd99c,2.E.11.a
caaa4280-ce88-5985-b759-c76461c7037f,2.E.11.a
64bbd6c6-ac02-5400-9b5f-f86493f159a6,2.E.11.a
b17d20a6-9a83-5f15-9e68-5f4055b3dcc5,2.E.11.b
48a98e79-2b12-5d69-bf86-fd3efd5400f9,2.E.11.a
d776345d-eae1-5963-9ad2-17e4bf4124af,2.E.12.k
584e8518-85bb-5e8c-9fb0-732ef904a0d8,2.E.11.c
dfb9cbed-67ac-516e-b0d2-6a6f44c49444,2.E.10.d
37c345f0-f3cd-5e32-a54a-00e1a9fc4617,2.E.11.c
1d618df5-27e2-5ad7-a3c4-805b5732928a,2.E.11.a
1d904ead-70a4-5130-a0c1-1c78b9017f84,2.E.11.d
19a298d5-5e37-5871-9844-fb2f779c6204,2.E.14.b
4deca77d-192c-5854-a939-9b35c39b436e,2.E.11.b
10a5d778-b5d9-523c-9979-9c174bf6ec1b,2.E.11.a
6797115a-b31d-52a7-9bd7-fc77f7ff55e7,2.E.12.a
380636fd-e548-510b-ab42-778d37f5e9b6,2.E.11.a
597e5dfe-4df6-56fe-a852-21ce45e20e7b,2.E.13.d
05bf1459-4780-50bb-a1e4-4ba30feea3a9,2.E.7.c
8082cc1d-5109-5a78-9086-8a2c4f910cb3,2.E.12.m
d984e11c-0168-5c62-89c5-4244e3a13a18,2.E.7.b
cf95bd53-a295-517e-a126-08c3be44044b,2.E.7.b
c0049c1e-f8cf-529b-9ec2-269dbcee4bf9,2.E.7.e
d014a447-2559-5265-a5b8-31cb36a8b835,2.E.7.b
43eb4787-b5f7-5d42-9e8e-a6bece694b5c,2.E.7.b
e806b158-e9eb-5635-a7ff-d3152c1c27b2,2.E.7.b
c7eeea37-98fc-50d8-af68-e7acb943acaa,2.E.7.b
a90cb3ae-d762-507a-a80a-6214e81ac9d3,2.E.7.b
690eb6bf-f560-5a44-b4c1-0fbd0b3071f9,2.E.7.d
3adf55a4-7422-55d4-8ded-96fb49395c87,2.E.7.b
1f18093f-b338-599b-b1b3-3b1f2234a5dd,2.E.7.b
f4542c9e-8c13-5b3e-b690-69276ae57e2c,2.E.13.c
56496171-b002-51b1-8c0d-84ffadb5d819,2.E.7.b
807aa770-6233-57ff-a93d-0b114df7b235,2.E.6.d
90e69bc5-7cfa-52a3-9d7c-da8fd3b32b50,2.E.7.b
d7e9409f-178a-5263-9312-f4528d1ddc82,2.E.7.i
699fd88a-39d9-5116-9542-85d1846e10c9,2.E.7.b
0704db60-21df-57e1-9072-ee5ae6391bf0,2.E.4.g
8c361dae-dfe6-5bdb-b37d-38c95ceed18d,2.E.7.e
7724dfdc-5380-5114-afc0-542d0b2dc4af,2.E.7.e
1b6f3dfd-3a60-556d-8cc3-e64add088328,2.E.7.i
1af89ce5-a6d0-51fe-a4a0-65f1ff4825bf,2.E.6.d
535ff73d-c5b6-5f04-9cf1-00bd37020d1c,2.E.7.b
226f24f2-b9d4-512c-b780-97a5bf0b185c,2.E.6.f
f3c6f13b-202e-5380-a27b-f9219ea4b2cc,2.E.7.f
b10831ef-6940-546c-94ea-48f52f81729b,2.E.7.i
e4c477c1-e78e-5af2-afbd-c622710f94bf,2.E.7.e
694933e5-95b9-5921-a8a5-32cafff05e44,2.E.5.a
2b8f2b05-8586-5a65-bce6-80def726a1f7,2.E.7.b
2e0f2a2b-5be6-5e20-b8a8-471da6cbf79e,2.E.7.c
d3de2542-d40c-5ec8-a29d-4fb3c533da6a,2.E.7.b
35ff3722-5a1e-5bc5-8a62-a7893049e73d,2.E.7.b
ee6e9b8f-1841-543d-9ce6-1017565ba9bb,2.E.7.d
c0a21f0a-530e-5d82-b45f-5e90963d8c52,2.E.7.e
52f2b9da-b958-5497-b5c6-30db310b7e6f,2.E.7.b
c5ce2b20-0421-51e1-84c1-89a2575d7c64,2.E.7.b
328230b5-244d-5779-b67c-f7b11b83b162,2.E.6.f
103e92b2-ae7e-5f41-8d86-d3b4f8aa5ff5,2.E.7.i
e685b3f1-3674-5fea-ad41-de7362c56042,2.E.7.i
5eb71c42-6135-5bce-94b1-42d4ebe30bf3,2.E.7.b
95e29521-a4d9-5389-845e-ddd28d6390be,2.E.7.i
7e0169b8-03a4-56ab-94f3-5ddfbbc1bab0,2.E.7.b
b3ac0f45-0325-5406-b39c-ddf12b51291c,2.E.7.i
344101fc-a446-5d30-a1e1-77dc9cb558cb,2.E.7.b
c11dfdc5-ee54-5978-9320-737995247bd2,2.E.7.f
5d9d692e-ea81-5f1f-8bcf-f54baa33ff4c,2.E.7.b
95ad0d2c-9dec-59fd-900e-91c91bf97d3b,2.E.7.b
bc711ece-61df-538f-aa5c-ed316148049e,2.E.7.h
f55ac575-6d0a-573d-92f5-9337d04e851b,2.E.17.a
bae77f8d-9680-5593-bc5e-4cc43226cecb,2.E.7.i
30ac2650-69bb-515d-8e5e-01bcf202e2e5,2.E.7.e
475636d0-c8ae-5385-98f0-696d523b7bc8,2.E.7.b
66c3aa44-4d26-55a0-931a-c157d0a8ba0e,2.E.7.e
54ffee9b-9107-5d21-9217-8046c95c98c7,2.E.7.e
618eface-ff47-5608-89e5-aec81695a1bc,2.E.7.i
d0634919-2d22-5b51-9dfe-3eb9d5af1efc,2.E.7.i
e98e1a1f-31cf-5c63-bcf9-33fef65ae69f,2.E.7.b
28ed9b64-f6ba-5434-965a-103447e16d99,2.E.7.e
b8e364e0-9c27-55bc-8387-58fed1faebc6,2.E.7.b
7c316a77-e71b-5818-91a2-0876a7144845,2.E.7.i
f8b2eaf9-82bc-56a4-a04c-c3c86f1c090b,2.E.7.a
2798ef74-ecbe-5666-843c-cb482e9cd29b,2.E.7.b
3679bb0b-e707-5818-8af7-b60b3b657b49,2.E.9.d
37399fc6-6a89-5880-8bad-56a2077601f0,2.E.7.f
88f39a45-ada2-5a55-86bd-583b8ddc9257,2.E.7.b
8f967a44-72a3-51e5-97b0-74d98ecfe9e7,2.E.7.b
86eb54e3-ebf7-590c-8bdb-cdc77df731d6,2.E.6.d
0b240a33-7b8d-5c65-8563-a70a265cdef6,2.E.7.f
15f5bf37-2f1e-5780-9d14-7d7c69549d51,2.E.7.i
a70ede8d-d34e-5274-b28e-07a9f6267fc0,2.E.7.b
5bd314ab-a51d-50ca-845b-606b48ae4bd5,2.E.5.b
91a0a627-6837-5255-b5a3-98d8f64ebc47,2.E.7.b
f3a03ad7-5eff-544e-9bfb-db3e0ef12fcf,2.E.7.b
393981d6-f679-5c25-b4a0-895ae1384a8c,2.E.6.f
fef3d045-68d2-5bf5-9234-0c0bfb6a3587,2.E.7.h
00957ed4-bc55-5780-b8c5-47d89eb75bde,2.E.10.a
4c1e2960-059f-562a-9047-34b16f1a6e81,2.E.7.h
22747d54-8712-545b-b5a3-5261052c9596,2.E.7.e
1c39a249-5efe-5aaa-8fd7-8499957916f7,2.E.13.c
20a1439d-26bb-5dbf-ae31-3e4d45acc8de,2.E.6.d
76cfdb87-ed9e-519b-9b30-794f3e7e1ac1,2.E.7.e
11dec01c-e43f-50f1-8942-232419aa70cb,2.E.9.d
7c1ead67-9f1a-520c-84a9-57a86fd910fc,2.E.7.h
7c4d1b3f-e9aa-58b3-b26c-b87790dead85,2.E.7.b
385f8b4f-1c04-54a7-a1ee-b249987a5fa5,2.E.16.e
2e5230e2-df6d-57e0-97ce-dd2fa92ccfa7,2.E.7.f
488552d0-43a1-54d4-b1d8-0cc80eb851b1,2.E.4.b
55781f65-cc56-52db-842e-11edd95be4e7,2.E.11.e
3456b2cf-f424-5bdb-9bf5-aa6008fa463a,2.E.7.e
de5b2f45-de92-5f4d-9e53-20b4689ba13a,2.E.7.d
3a8c252c-5344-503a-b67c-a041415b130c,2.E.6.f
b20178cb-a2a7-5449-b7d2-c986ef765b45,2.E.6.l
9e0afa9d-b3d6-5974-a35d-dc2f2dad42c9,2.E.13.b
4746d891-0e24-5047-8ee9-dee062ddb028,2.E.7.h
212cf1e1-3253-55c9-98c2-1efb1190be8b,2.E.7.b
7f3bfc63-3a18-5376-b161-c33b3306e51f,2.E.7.b
b1e8c507-b514-5ff5-826b-f9ca15dec4ad,2.E.1.k
37878b46-667a-5b8c-997c-92de3e0c126b,2.E.13.c
f1488b9c-3dcf-5e10-b13e-4aaa5fa918d9,2.E.9.d
36d44e2a-db97-5e12-9f21-92dcf68d045e,2.E.7.b
31ef0514-b2ef-5c0f-bed8-f43a4d410e85,2.E.15.c
5722d284-a4d2-5a34-ac3b-9b4fa1b15978,2.E.7.c
ed566359-6985-5da8-8f1d-845379f17966,2.E.7.c
b42e415c-ecaf-513d-bb46-1cdb10b254b2,2.E.6.d
1b22a3f7-9a7f-5a99-ae9d-699fb02883c2,2.E.7.c
277fc256-1bfb-58cf-8780-4c027ad16d5f,2.E.6.l
ea0b129b-ea0e-5d10-a4e6-8b0e7be753c3,2.E.13.c
bfd2c12f-0fa1-54ed-bf42-36b13abb160f,2.E.7.e
cc9e05a7-3465-53a4-9432-d772b4204bc3,2.E.12.a
4710047f-c7c9-5522-be6c-ae266edafc76,2.E.13.c
d75fdebc-78c7-58ab-bcbb-adbbb0c2d178,2.E.7.e
63e3dff8-33d8-5769-aa1c-cadc522657fb,2.E.7.h
18e54060-1504-5aad-bc61-a48483618ba4,2.E.7.h
4f727471-cbf7-59b7-8eeb-4d1bbbb31d20,2.E.13.c
0da6fe43-e49d-5143-8cdb-3dd208194f35,2.E.7.h
2c45fa4c-733d-516c-9bce-0ec3ca1228a0,2.E.6.e
5b2e6764-70dc-5f55-931a-454297d4fc07,2.E.7.e
6a43a41d-5fda-5b16-a9b2-f57b3369f499,2.E.11.c
4ac9248b-317f-5460-ac62-9e016f27e2a2,2.E.7.f
6083673d-0151-50cf-9c20-4924a7a774cb,2.E.7.e
77053495-abd7-5a06-8794-6d2cb312f34d,2.E.7.e
1787a10c-9339-5b82-9b7e-e8b3d9b63614,2.E.7.a
98926f89-c6f5-54af-bff6-fd06d4d78749,2.E.7.h
70bc8235-bef4-500d-9b99-fc8075fdab38,2.E.7.b
3b999b68-790f-53d3-997c-7a1969987de4,2.E.13.c
c036d551-74f5-5646-9a8d-aa8a0d2c64fb,2.E.13.c
c3da3e51-1538-530e-a7f4-047bc5c22360,2.E.7.b
3cfa4880-d89f-5dd5-a83a-7ac6420bb741,2.E.7.b
8c056e89-083e-53f3-90e6-4d19b5bfc903,2.E.7.e
eae3fbe5-f233-52e2-9632-75cfd45413f5,2.E.7.e
b271cf5e-bda9-537d-bcce-2debd857a392,2.E.7.b
b28b17a2-3455-5169-b3f1-5cf1f5e53fad,2.E.7.f
a4530866-c456-5f10-bbe0-c07df30e2be3,2.E.7.e
ac9e94b8-c7fb-5bda-a45f-a89ace6df39f,2.E.7.f
0c3441b5-7751-56d3-be3a-9ecda61db060,2.E.7.f
4fe41c19-11ae-5038-81d9-6e7d6d52a9bc,2.E.7.b
a11cadf3-c52d-50d9-b5d3-8849a28965e0,2.E.7.f
46b8eb51-04cf-599b-9c41-e63620f762a6,2.E.7.f
eec133c6-2f51-505f-a240-039ced9b0fcc,2.E.7.f
a5fe00f3-ad65-53b1-bd1a-a62e0370ceba,2.E.7.f
3d5010af-5726-5a34-b289-af0d65fac30a,2.E.7.f
180099b2-f5d1-51b0-95fa-48c3700d708c,2.E.7.f
e7fb7d43-66c1-548a-91cc-5c58823a0df5,2.E.7.f
0217d739-8b85-5935-a6ae-c1dcb659f531,2.E.7.f
df0a2e95-3343-58c6-a466-ab85af6224e1,2.E.7.b
629ddc52-3f05-5c33-8b3b-4c8765c8f7a8,2.E.7.f
da71b002-8726-5766-8a9e-dbbaf97eeb52,2.E.7.b
00eccdb6-b8fb-5350-a9c9-1aa1311e6d5f,2.E.7.b
4fa21296-87e4-5909-994c-16af83d2edf2,2.E.7.f
f467e635-2bc9-504d-8434-38edf8df09b5,2.E.13.c
61167ca3-e05a-5db1-9b6f-ec6d6d8210ac,2.E.7.f
8795db43-f57a-5670-b05e-965b6891d41e,2.E.7.f
8f220e03-e300-5389-9c46-69666fa556a6,2.E.7.f
3ed5ee39-6a88-564d-991d-9f1558376d5a,2.E.7.f
ac906bb8-4aaa-57dc-a11c-e27a29632430,2.E.5.a
bfaf30b6-24b2-5641-99e3-2bfd0256ba0d,2.E.10.a
105a8957-8c58-5645-9edd-f6d4ad3e97f5,2.E.13.c
62fd806d-bc21-50b3-be48-549233a044ff,2.E.7.f
8048cec3-37f3-5900-80f7-eddc85a3effb,2.E.13.c
441ad2a7-dc82-5491-bd25-b1e981702bd9,2.E.7.f
25c76751-baf3-5047-b611-60ff596062a8,2.E.16.d
53fca409-a8f7-5ba9-b635-ec5e199881c0,2.E.7.c
1099e4ed-788b-58c5-9123-4325f2b1e770,2.E.7.h
91e9bba3-f8b1-5de7-ba45-ff9aca362b3e,2.E.7.h
324c9b1a-47fa-55f4-b5f7-40a714db3695,2.E.6.f
7b09d9e0-0784-57e6-bd7b-dcb3f01d7fbc,2.E.1.p
26ee45b7-ffb3-59e5-85cd-250cf57ab655,2.E.7.h
a2c4d164-eebc-515f-8a39-1d360c84220f,2.E.7.f
de91b02d-3a61-58fd-95aa-56e60db04289,2.E.7.h
4ee426a0-2da8-54c8-9156-283ec42c0a5d,2.E.6.f
862e2115-bcae-5c3a-a264-e9368850b1c5,2.E.7.h
784c3937-a03c-54a3-a1bd-95b2ec6a2f1d,2.E.7.h
72891333-f1c8-5f0b-a20d-008578f9d096,2.E.7.h
b64ca2f5-b3f8-5c29-9e8b-b2ee77a987ec,2.E.7.h
b7f6ea84-8e1f-5ac5-823d-397548c2aca4,2.E.7.h
5ff3f6a2-c493-5990-8e31-44ac29e0125a,2.E.7.h
c11ac3a1-10e5-5ef6-a7bd-ef9139d5366b,2.E.5.a
f4a57437-b424-51d1-bcd6-6b359beb43e1,2.E.7.h
9971c02e-8470-58bd-8138-c545ecfeb21d,2.E.7.f
08eeacc2-3064-5bd4-be4b-1d8ddc1ecd04,2.E.4.g
a0234ea1-7071-5305-8dde-793fcbf29d36,2.E.7.h
52fd6153-76a3-57db-8844-19347abbc6f4,2.E.7.h
c85c4283-7782-5e83-b689-031f7e9b1445,2.E.4.b
14f4ffa3-3d12-530b-bc42-e4be6198e74f,2.E.4.g
a8bef240-f766-5113-be21-1dd2ea1553a2,2.E.7.f
356241bd-b059-50b1-99cc-20bb32e7a94f,2.E.4.b
80462fb4-b994-5dcd-af58-9ab6a52df0a6,2.E.4.c
307a0037-ff0e-5b08-a24a-a9321d8ef7fd,2.E.4.b
2aba5bb6-9a4c-558f-abd8-79d651999129,2.E.7.b
4b6f383d-d57a-5b8b-a24c-323c9fc4bf81,2.E.4.b
21751e44-f23e-5e72-ae87-e249ccfa0bfb,2.E.7.b
7fc9508e-557b-5db6-bd06-b6899c70f51d,2.E.7.e
2a86fc4e-2fd6-5c14-b3ae-01b42e2f5c7a,2.E.7.d
7f2ef42d-a9c1-546c-b81a-9eaed718e288,2.E.7.b
5f3e7cd4-0aa1-548a-96d9-8cd3139fe1fd,2.E.4.b
66e2f0d0-5218-56b7-be77-7348aceb0dd6,2.E.6.i
efeedbd4-8a18-556e-b81d-9dde75000eed,2.E.7.b
1aa55b7a-5671-5fb5-bcf2-df73f1e59770,2.E.4.c
bf2e4cf3-6669-5dad-a525-24de7e689133,2.E.7.b
e5372e8d-25b1-55c0-b021-6d15688608fa,2.E.7.b
0a5a985e-fd8a-5cd5-8cd2-e752ac466b92,2.E.9.d
4583aa82-1287-536b-b4e1-46dc587d630c,2.E.4.c
fd50f217-d2eb-5da6-b981-5f90fc866eda,2.E.4.c
5c9135dd-d479-5ca8-9cdc-1c46c81befce,2.E.4.b
f8a85c12-a6e1-5447-a758-5f49096f9732,2.E.4.g
d918327f-eb71-5685-8216-176d347ec9b0,2.E.10.a
6e4b1a8f-98ef-569b-a7eb-5076fa8bd474,2.E.14.b
e1d9c6f1-c336-593a-a5cd-6592a578a95d,2.E.7.h
5b8f94e5-767e-5771-893a-de4518e461e2,2.E.7.h
cca0e877-ece9-5e01-bfe6-f4c29903a2bd,2.E.10.d
c1214ad2-bc82-5f0d-aeb8-1f4bf98e8334,2.E.6.l
52417729-3f29-5cd6-8af7-2cd98586fbdc,2.E.10.a
83f1b089-dc5c-5df7-91c7-6800e0f5107c,2.E.5.a
8bb4651c-0d54-5663-aa3d-3d632c6b5791,2.E.12.g
a95b962d-9a4d-5c6c-b7e4-cfc5284c1c32,2.E.3.b
bcf7abe1-81ab-52e0-938b-8c6d1197f54b,2.E.4.c
74659dd9-a0a5-500f-9e53-e7be4bc5f9d8,2.E.7.e
e792f316-5fc1-5aee-a606-33e06c9aaaed,2.E.12.g
96f9e25c-06c9-5705-bc54-3fc6e2949d94,2.E.7.b
e8a7f4c6-8ea4-53ab-a4cd-bd76d9d1e54e,2.E.5.a
b0c9d350-84c1-5e48-b1a4-8945bf716808,2.E.6.k
585425e8-37c3-5d34-9d80-4c9aacd3e6f5,2.E.7.h
ea7af342-eda9-55b8-917f-bb4941b6fd81,2.E.9.d
2575b61b-6e29-5882-98a8-0cda33a1ce14,2.E.7.b
130788ac-8daf-5355-a0a9-bfd9a8732ee3,2.E.9.c
af8becc6-3dc3-56ff-8215-00dd69d9a004,2.E.7.h
26f801b5-851b-5619-b9c0-6eb4d056cb41,2.E.6.f
77d2d466-6c48-53cc-9cfa-9d489582e5a5,2.E.9.d
0e2d79e2-1a93-5ada-bfe3-278ec7924a70,2.E.6.f
4fd84c58-ae89-54f2-84cd-349433ffbf0d,2.E.8.h
7d81b3a7-bff0-524f-a1da-a38dee1f08fc,2.E.9.d
989c81af-747d-59e9-85df-8fa2f3061d78,2.E.8.h
ce9d0c5c-1b12-5255-a55c-82388ca7e9c6,2.E.9.d
b6efad19-ca6c-5bfa-be3a-614dd385b71f,2.E.8.h
03da051d-551c-5128-bb99-c2d77855a665,2.E.8.h
683dbc7b-ef2f-58ee-bccc-7cb773f35845,2.E.9.d
43a5f14b-0969-5c9c-b0fb-20bb1a298d4a,2.E.16.e
16b234e8-5cf0-57ee-9d6f-a9d02da66cc5,2.E.9.d
951de1ad-63ad-5d28-8787-6bbcce36f870,2.E.16.e
29f66e18-8c63-5491-a41d-744443252e05,2.E.6.f
97fd3ee5-10b9-582f-9fb5-b47f82f314f0,2.E.8.h
8624fbe3-1c47-559c-a39b-44fa332a74f8,2.E.6.d
e1a34439-6c8a-52a3-809a-01c8dba6fbc2,2.E.16.e
34e1adc7-89b0-5c7c-9db3-d9fb1264925d,2.E.6.f
e0ecaa40-e029-5b27-a5b0-dbcdf8b5b69c,2.E.6.f
a87cd9eb-5128-5eb1-b11e-71c9cc822c6c,2.E.7.e
122f7439-59e3-5835-98b5-36a91147d6dc,2.E.16.e
ef8eaa45-a753-5d33-a1bb-52e68731c43c,2.E.5.b
8c532a58-2a82-54ac-9af0-27320d443a26,2.E.5.b
bd950806-f124-58de-9840-bb56ea2b4755,2.E.5.b
0154e597-5bd0-58a6-a684-d1cdad43c2fb,2.E.5.b
2a50a87c-efaf-5c01-8fcf-7d4793f7cd3e,2.E.2.b
dbad6df6-8ce2-5ed4-919a-a431148c0957,2.E.9.d
0102a350-5a01-5a83-8aa2-9eda8c89db22,2.E.1.e
57925c89-9a8f-5512-9489-3f8f9e8687d9,2.E.5.b
b527f415-53cf-5a4a-a56e-777cf0d08e44,2.E.5.b
b45ea325-a7a9-5085-b8b3-b427c3bf93b4,2.E.5.b
26e95563-c7a0-5319-a029-7ff67ef58556,2.E.5.b
dfed8c9c-c735-51ac-a00a-b88fa67dd850,2.E.5.b
99bbf8f7-8fcb-52e5-8676-3ef870c9aa18,2.E.5.b
012cc2bf-9e5f-5f28-bcc9-135ceaaf50a1,2.E.5.b
fe9209ad-8581-5935-b0ec-78ddbc45bd61,2.E.5.b
3d2bc129-65e4-56d5-8842-7f6cd73632b6,2.E.9.d
a9c0c7e8-56ad-5b42-8354-c3a75c8c710e,2.E.5.b
fb8aeec5-ea9d-5e79-bc09-e51a4f92f9a0,2.E.5.b
eb139338-bd9e-5b8c-88ad-8533b0992288,2.E.5.b
4d063b25-b1eb-5052-a30e-b1cd78e95b2a,2.E.5.b
57ecf6f7-0b03-5cad-91ec-0afae2db5486,2.E.15.b
841ddf8f-70fd-5b77-8cb7-5cf2a4f01342,2.E.13.a
9a31d104-6468-5026-8ed0-f26e034842ae,2.E.5.b
4c09f632-e678-5c33-aaa1-d6da8e8d0562,2.E.5.b
e149e2e8-06fb-5fce-9037-3f882f7cf626,2.E.5.b
ac67ca99-60a5-5bb3-8d98-5c2b7243f8de,2.E.5.b
53af8904-4d47-5217-83db-3bd4ad7934f2,2.E.2.b
f721cd92-7979-5b68-964d-bb63b0eac5ad,2.E.5.a
936338bd-8c0e-545d-beda-83f94580df00,2.E.13.c
fdf6b7ca-6187-5803-bb2d-f58a500110ed,2.E.5.b
b3062d76-3f91-5814-af0c-9e7abed8c21a,2.E.9.d
153e79ca-d1d9-5651-bda5-b7a220a076bc,2.E.5.b
c2e71cd0-930f-5afd-bb0a-76c54ea0ba76,2.E.5.b
58c0d842-feda-5a48-a863-a83459737e84,2.E.5.b
fb82991a-8f48-5365-ae24-c5897ddff832,2.E.9.d
325c6f9e-6a02-5190-819f-d44d6b9cb7b6,2.E.5.b
b6ca8a61-df58-53d1-819f-7bb4da1ec08f,2.E.5.b
4b3e63b9-c090-541b-988d-97c4756652aa,2.E.5.b
cfc26c24-9da4-5601-b867-0d9cb843ca6c,2.E.2.b
92cc352b-01a1-56f7-9951-211cdbd39d8e,2.E.9.d
88ea5890-007f-5e54-af53-39a6a1288c73,2.E.5.b
7a8b999a-54ce-5c51-bada-434202f4758f,2.E.5.b
d0effa18-ffa3-5a88-b5a2-1cfa37dba494,2.E.2.b
045c3e6d-cb67-5f36-a722-56ac8a975965,2.E.5.b
432e73cc-f2b2-5f32-a63c-aaebc0094702,2.E.5.b
14bf7c94-82f1-5541-a72c-4cceec96428d,2.E.5.b
8875b0b9-4627-5197-9766-d2129c5aca4e,2.E.5.a
b5c1c20d-ffe7-5573-aef4-b060e829d815,2.E.5.b
79391233-e7a0-5997-874c-fce942eb5fe5,2.E.5.b
8f78c9d0-4de9-5844-a431-950b75fbc8b3,2.E.5.b
d1144147-2c73-5f98-a9f5-c92ed7fdfd04,2.E.5.b
0d13c757-775a-571e-8908-81b848a01d14,2.E.9.c
d033418f-f0d2-56d5-a1b4-3a67b01b9c55,2.E.7.i
fd491cae-69eb-5f46-8a84-f65c870b1b7e,2.E.14.d
0320cea8-119a-5664-a2b2-a4971c1a16cb,2.E.14.d
c535fcf0-c092-5ba3-8fda-8cf58e5325fe,2.E.7.b
e464f8cd-d55b-54ef-9ff2-6105720d4ca6,2.E.17.a
df3f047c-3a25-5cfb-830f-c13f8c542c06,2.E.7.i
2f90ed83-9a93-5d18-8b39-93b07f9bc8c2,2.E.4.d
8906f461-056f-57ee-823d-12e0bca28cb5,2.E.14.b
1e07657c-3269-5734-8b1e-a199ea5edaa4,2.E.9.o
2228a3c8-e34a-51d8-bb63-bcf05f2cf300,2.E.11.a
6e732d34-ed46-5395-a7f9-2d4eb3ddf0ed,2.E.14.d
db9da364-4257-5283-93ee-5197d0011967,2.E.14.d
23cc93d7-a4cd-55d0-a8f6-a312d5ef190d,2.E.4.b
20f48aa2-8f5e-531e-8c27-106fffff95d7,2.E.10.d
c5685e71-c663-5c00-b3b3-75d04f597c0d,2.E.14.d
0a677779-acdd-536f-bb9a-9490949b8962,2.E.10.a
a04f4e57-97c5-5c42-a2da-5a065e1d9bcb,2.E.7.b
6c8c902e-3111-5453-8f51-7f22647ea130,2.E.7.h
9ba76525-6153-5df3-bd0c-602d9e450d47,2.E.7.b
e343ee24-bf5c-5444-9e3a-b46f2c07cc27,2.E.7.d
b0ebae3f-b1dc-5071-ac28-f1843ccd9339,2.E.7.b
b01639b9-4abc-5e0a-b6ab-236c1e033951,2.E.7.h
67fa2460-dbd9-5ef7-b434-704dcf9e3768,2.E.6.l
9515637e-3e81-5788-89a6-190a74ab871d,2.E.7.b
2c8b7e76-6cf5-55c7-b09e-e330564e6a76,2.E.7.h
c2bf04f6-d55f-5f57-83d4-a9c22dfd2a02,2.E.2.b
b3719cca-5556-5f8d-a791-029c7aad96f9,2.E.6.d
60d565d4-9ffd-5d13-b708-5bf50d328486,2.E.7.h
4534aad0-d626-5688-90a9-bccca5aaa73b,2.E.7.e
d54b6f2e-7242-5a53-9bf3-08534ef887db,2.E.6.d
33b5e0ac-721d-549b-90f7-5f9923b8c7fd,2.E.16.c
5bc4b74a-b5a1-575c-b88c-7dbe4bf3a5aa,2.E.7.b
84841974-f25f-5327-a436-e94688852e79,2.E.7.a
ca041577-be2a-560c-be6d-27ea2fb90888,2.E.8.b
411e17ae-ecc3-5ae7-b510-269082bf6e9a,2.E.7.b
bcf266cd-d811-56dc-ae70-859bd8d779f0,2.E.12.a
568e3caf-3d6d-523b-a163-837b11ba3b78,2.E.7.b
b5ad34f2-0113-534c-8c60-6dad3818fe80,2.E.6.f
9dc8921a-cac4-5d3f-bb62-40a4e314de04,2.E.1.e
819b6cd7-2d95-57f0-b3f8-c0c15c858c66,2.E.1.e
9a123b40-2281-59a2-b5b6-10742f785075,2.E.1.e
f1ed7c61-b002-5266-bc2d-ae362ea8a3d0,2.E.1.e
1dbcfbc1-ec92-52da-809f-6e50bb9c095c,2.E.7.b
1dc325ab-99bc-52ee-a0ef-6973b7b6111c,2.E.7.b
6325d5bd-be4d-559b-ba56-5e356205bd9f,2.E.7.b
1fcb2059-b6c2-5dbf-a0ba-3c604500a17b,2.E.1.e
ed1a7966-1019-54ed-a522-28c32d81ee66,2.E.1.e
09993777-6dd2-5d19-ac24-1b47039d7e1e,2.E.1.e
d1621f99-8bfa-593f-9fc0-35014338a70c,2.E.1.e
5fb6898b-68b4-523e-b1df-21737783c528,2.E.1.e
09ef56a0-5709-5894-a5c0-33792482fd36,2.E.1.e
612fedac-5ffc-50b2-b43a-c60ebb028686,2.E.6.f
a5319517-9474-538c-8d24-e60449ad17e7,2.E.1.e
7dd6765b-1bba-50b4-8cbc-9699ff5bf16b,2.E.10.a
fd559188-8440-539d-a802-040b0636cc5b,2.E.2.b
102c049d-f53e-55c7-bca7-e1e315716ce9,2.E.5.c
16363049-428d-5a0a-8691-e17c87b67845,2.E.1.e
bd5f0498-9c8d-5a74-9ca3-240ecf5cccee,2.E.1.e
9f035d4b-3d65-560b-827f-fbc5765f7d41,2.E.6.f
842dc598-b0b3-501d-a57d-5fe814348f85,2.E.1.e
26487b93-d48d-5ec6-bee9-1b5c732eeb33,2.E.1.e
0f086d6b-c3cc-52e2-9435-982143e51fb5,2.E.1.e
e5b908f8-1d24-50c7-a66e-55864c3a26d2,2.E.7.b
91c60989-689a-5462-953e-fabfc3127ba0,2.E.6.f
dd963f80-8cf5-56e9-a492-48360f62dca2,2.E.7.b
4f8c5805-8072-54cb-868f-752332a8b8af,2.E.1.e
a3e051f4-6e8d-51df-96ac-b675c3365ac8,2.E.1.e
dfa34e84-5050-5c9a-ad8b-88f28396cd00,2.E.1.e
4884b15e-3c52-5c1a-8b28-6891411c7db5,2.E.6.f
4ce17fe4-94c7-5fa3-905f-b2055898722d,2.E.7.b
ca190555-1082-590a-97d5-9971445579bd,2.E.7.b
a975d9be-96a5-5472-a9e7-f96eabbf8a06,2.E.1.e
402d5c6d-7926-5ae6-8310-32ecf907c88a,2.E.1.e
9e5d589a-e10f-56d6-9389-ab1973c5954c,2.E.16.i
e8008eb5-d1cc-5c1d-9c3b-45d89a9ef629,2.E.6.f
5d0d8887-353f-5c70-80fd-d8b0d23d6b38,2.E.1.e
ac87c4ba-7bb0-5caf-9fd6-369fed7f036a,2.E.1.e
84841974-f25f-5327-a436-e94688852e79,2.E.7.b
fc4c36d0-b0f3-58a8-87e0-eb70536e5f5a,2.E.7.a
d737dfed-97c1-56a0-b33d-6559a0785bf3,2.E.1.e
b05bd21d-6fa1-5d6f-83a3-1e37744be1e2,2.E.1.e
1f34f9ec-e7a2-5257-bf9b-daba8f65152e,2.E.1.e
43d81a1d-5333-588e-ada7-d2f7b92ed797,2.E.6.f
e0fd259f-3027-5408-ab1a-fa4427653cd3,2.E.7.b
abc24e05-c4fc-55b8-85a7-4a85ba2963a4,2.E.17.a
02806251-a850-5524-8f5e-f84c88d9969d,2.E.1.e
73bc0d37-a6d6-5945-8422-c0cf72b9d860,2.E.1.e
16c6552d-db0f-5e9d-ba56-7c8ec9f24cf9,2.E.1.e
3addc56e-35f3-55c5-ad7b-94465d680f6b,2.E.1.e
b3754523-ba7f-5cf9-b06c-6812864c7369,2.E.7.b
8df95cbe-cbde-58af-8084-f75cd38cf528,2.E.1.e
dd961532-a592-5a8e-8841-34fd2e3efc6c,2.E.6.f
8209efe3-b9c9-5278-8c7b-7aed3ce775d8,2.E.4.a
06b165a2-2b80-5317-81a7-5bd8641002ba,2.E.7.b
8bb25024-b643-530f-a5ee-001fa9095c99,2.E.4.a
11835355-c63d-5cab-87bf-fbb35ff3e6fb,2.E.4.a
fb63a5e6-2b0a-5644-b5f0-4fe62479b187,2.E.1.e
5ded12cb-f298-5187-bc5e-ebf716af1a52,2.E.4.a
af6dc5c6-ea88-5dff-941f-26dc65b603e1,2.E.1.e
981ea996-b730-5198-be85-19936379df4d,2.E.4.a
34605ac7-ce62-5bd6-b98f-65dc58b568cc,2.E.5.b
f310fc21-ba9e-565e-bb74-be46b0b2a6ef,2.E.6.f
befd663d-81d3-5b55-a586-018d9616d39a,2.E.1.e
b2f0858b-a3d1-5df6-9045-9715ec571e16,2.E.1.e
4222e2cd-13ee-5592-a358-76cf33487e93,2.E.7.b
b4801953-0480-5c80-b6db-151a7c36f99f,2.E.7.b
05ffeee3-4271-50a0-8514-99eb3704bead,2.E.1.e
75f8161d-86e1-5764-89a8-f270fa32d141,2.E.1.e
285919d9-16eb-5b05-9d4d-3543ffb4f8f7,2.E.1.e
659413ae-7110-5e33-ae58-4dbb31d05af8,2.E.6.f
b8d78cb8-4acc-500e-bfb9-ee49c1910a17,2.E.2.b
08053ef1-cc58-5d63-adeb-56483d27af01,2.E.7.b
877ffac4-a0f2-521d-9626-9ac7d99b6126,2.E.1.e
f64e28f3-350e-5976-bfe5-699f835e8a0a,2.E.2.b
fe1650e3-68b9-59c8-b1f1-42a8b2c9ac0a,2.E.1.e
01db7a1e-31a9-5831-932d-7e86088ff71d,2.E.2.b
d04eb600-6c1d-5591-a371-0678acb0722d,2.E.1.e
15e080b0-71c1-5cf0-91e9-d75b6be195a5,2.E.1.e
1caf92c0-1e13-514b-abd5-af615c90c471,2.E.6.f
48da8e3e-7f5d-5821-8440-9899ec657084,2.E.1.e
8c6cbc86-1b91-5e16-a387-b12317e87bff,2.E.16.h
98e34cd7-b694-569b-8081-2af64405ba61,2.E.1.e
8d85b66b-122f-5a97-9121-0af921a664d5,2.E.1.e
714a2335-9149-5064-9580-ce398d2f9485,2.E.1.e
b15c020c-55fe-520f-a5b5-2d23f0713260,2.E.7.b
b3cbdae9-cc17-5cd0-87f6-b9047f993ae5,2.E.1.e
c9691a30-8cde-5d82-b1e8-2208002253d4,2.E.1.e
97127ec3-e309-5f73-8f05-3943975dd9a4,2.E.1.e
d9885353-fbf7-5e3f-9cc9-7d7358d748d2,2.E.1.e
81a0886c-fa67-56c1-9e91-a45065afeda0,2.E.1.e
849b1bbe-5b11-533a-9b7e-db997e8487fc,2.E.1.e
a536b6f3-456e-52d0-91c7-ed7682bcd4d4,2.E.1.e
8241cc6d-5be9-5d16-a8e4-20e138596102,2.E.7.b
25442c6b-ff4c-5794-bb60-51f36885518f,2.E.1.e
89c4d576-8979-5449-8ad6-1ae446c3b9b7,2.E.2.b
d0c09e68-6d8a-5831-ab10-dba047b1a1c5,2.E.1.e
c12e72b5-82d7-5a16-9d87-25cd09e5acab,2.E.1.e
1aa6958c-0c2b-5e6f-b12b-fed54cc4462d,2.E.1.e
f5cbba08-6472-568c-a2f7-d429a84419b1,2.E.16.i
140472ef-014f-5dbc-b7e7-cf8f30780283,2.E.6.f
0b7ef46e-93ca-5eb0-bda2-997df742d5ea,2.E.1.e
a73993e0-aebc-57da-9ada-50439d99c6af,2.E.2.d
a08a09ef-3aff-58ac-830f-f78a1eb78606,2.E.2.d
0db63328-c64b-53bd-8258-a3ac835554f2,2.E.2.d
a94894d1-581e-5399-812b-d776258894cc,2.E.9.e
b4d5a841-b041-5069-bdd2-9179cf715f79,2.E.2.d
5d83fe58-8741-5999-872c-de93d1e5e304,2.E.2.d
f175667d-e655-5344-bef0-84418a950deb,2.E.2.d
caddfcab-f899-57d7-9318-ce39f4435cc6,2.E.2.d
fccf374a-62c3-5d99-9a5a-47d19e477b29,2.E.2.d
bea8b561-e167-5341-a201-bf945c845611,2.E.2.d
206391c3-3ff3-586c-96c3-ebd2f0fcae06,2.E.2.d
9a454283-daf2-5c37-9204-9b8f280c58a3,2.E.2.d
562617c4-922b-54af-910e-00cc13d83188,2.E.2.d
c2222eb3-4011-525a-a8e2-a3b51dd5f54b,2.E.9.d
1c4c6b61-32a7-59d4-8e18-18537159c4aa,2.E.9.d
96bd1611-2bf4-526e-9868-ed57925de572,2.E.9.d
898c73e6-308d-531a-abde-e993a8a8fbf7,2.E.9.d
d81668a8-c3ff-5e61-b1ac-c23dd41d7411,2.E.9.d
47d40fe6-cdf4-52bf-9712-94e6f49cd9d4,2.E.9.d
89d5355f-c460-5da1-9ff1-a7b02e77ce01,2.E.9.d
9533306a-6e6c-504e-942f-dacb2d9765ff,2.E.9.d
d8652a77-0d21-57be-ab86-eac77ebbce04,2.E.9.d
ab880807-3c43-5f61-a3a5-9a2e58d45241,2.E.9.d
617bd620-f823-56e0-b155-c8f3ec55b6b5,2.E.9.d
5d4408f4-7f5c-50d2-bdd9-08f6c8093d84,2.E.9.d
dd64685b-5c6d-5ce6-83ff-27e1a26acca2,2.E.9.d
aabceab1-24a3-532a-8169-178a53eb763b,2.E.9.d
9b9c801f-4491-5f50-874d-ddee8efdfab8,2.E.9.d
90fa606c-f779-56ab-aeb3-759c85c2fc8e,2.E.9.d
e32697d7-9b5a-5327-8096-ef31432268a7,2.E.9.d
19f694ef-eb6d-5293-8313-44eaa1b29d50,2.E.9.d
cab713c1-c098-5f3b-afd8-b487c4e28f6c,2.E.9.d
6100fd57-9fa3-51b4-9959-80e6cfccb929,2.E.9.d
fd7c2dd3-ffff-563f-8fa6-db904460b318,2.E.9.d
0977ee3d-b2f3-51b6-9dda-2994884e7af3,2.E.9.d
d2ca67f5-6cd2-5c30-8c21-620d39d639e2,2.E.9.d
f1eca130-0740-55c3-a04f-69f2ea0f3457,2.E.9.d
6c452a30-64c4-58b3-a5cf-ebc084efce11,2.E.9.d
4e634a8a-858e-5712-9112-7ddf5f476a2c,2.E.9.d
07832c19-a416-5405-909d-6f5359ba75f7,2.E.9.d
f2694af5-3a3c-5090-92a7-c3cd20f6af8c,2.E.9.d
53ad25db-8e98-585b-918d-ad34665230e0,2.E.9.d
a6204de0-d947-57e1-88af-895c05883c07,2.E.4.k
80b210ff-99d8-52ec-9d0c-37b301271e06,2.E.9.d
8b22edd5-750d-5deb-8eaa-757414eb1db1,2.E.9.d
0222cef1-ae86-5e4b-ab42-9bfe93a87da0,2.E.9.d
e52e5ffc-4efc-5a2c-b627-28776c36ec4b,2.E.9.d
a98176b9-7d23-52b8-a930-7c8fbefac389,2.E.9.d
5b6e81fb-661b-5fc0-a416-456b31c028f7,2.E.9.d
511f9c24-fef5-524c-8f87-3353273a16f0,2.E.9.d
25f18cca-17d4-59fb-a2cd-c4850053b0ac,2.E.9.d
0c25ce89-47f8-59aa-89b8-314f96f6ac40,2.E.9.d
7d74d82b-484b-5b5d-b361-8d9cffbdf443,2.E.9.d
c192c5d2-f50c-5d83-8759-227f8c5030c5,2.E.7.f
468067d0-718e-501b-b55f-0137ad7cba13,2.E.14.b
dc4f06fd-be84-5606-87e1-4cec70c996d1,2.E.9.d
6d7d6f61-f3d0-588f-a287-79f28b53385c,2.E.9.d
0a49d028-b12e-5bad-8b36-e83a9ed87531,2.E.8.h
f4729268-2bc0-5ad0-8f13-ad77498ede9a,2.E.9.d
448a7985-c831-596c-a417-357b04ea34b5,2.E.9.d
addfedea-844f-5a2f-aed9-f6e040f87950,2.E.9.o
9c8fe9aa-6bb2-52e1-8a5f-4bc981c17ea5,2.E.9.d
873ac063-4e11-58c8-84d8-8f3d2dbd0096,2.E.9.d
cbd6fc93-0b13-5963-ad05-49f51167c0da,2.E.9.d
07832c19-a416-5405-909d-6f5359ba75f7,2.E.9.c
6e2c07df-a15d-5743-9e21-d061a078d5ca,2.E.9.d
8ed24c13-8f0c-5d99-86af-95d59a8624d1,2.E.9.d
c472fa16-a9dc-5035-ad8f-d6cf7153a370,2.E.1.p
e02832ec-6b9a-50a2-bd81-ce4e42257e46,2.E.9.d
6c34a649-3f21-5b64-bfd8-794d7c6ed73b,2.E.9.d
98289865-e8eb-54d2-a02e-f0c5f3910883,2.E.9.d
c5919b44-8428-5632-97d9-faca40730a61,2.E.6.e
d1630990-f8c8-5c03-885f-59c210327c65,2.E.9.d
d235f61d-14be-570c-83ef-4e1e91c27ef8,2.E.6.g
ad23c3f6-1458-5436-afbf-39de9e776152,2.E.9.d
27b05288-a455-5be0-a531-b017ba804d6b,2.E.9.d
a9d1c6e0-9c32-5723-baf2-ff5c4b346fb3,2.E.9.d
830186d5-34ea-5458-bf70-8f03fc0caa6a,2.E.9.d
6af6702f-653c-57f2-815b-6fcec68f8bc5,2.E.9.d
6b57b0f7-0e43-513a-9862-de9d78940954,2.E.9.d
adea7101-7bb9-5902-9fe9-60c949295edd,2.E.9.d
4fc3dfc3-7931-52b2-bb94-8c012cda2a85,2.E.9.d
e9ca599a-c1b2-5785-a2e0-105b25b4c898,2.E.9.d
30dad7a1-1b3f-5e01-b92e-5767678cf703,2.E.6.g
a3ff7f25-2c8b-5450-bf29-25d1d4fdb464,2.E.7.c
120ce753-b056-5dc3-bdc2-3e52e781c563,2.E.9.d
43c64a86-f01b-5423-88c7-468d1293f775,2.E.9.d
ec2875ec-63f3-5bb7-a5a3-24df399f45de,2.E.9.d
125f77a1-ba61-5e44-b160-a930879bb7d2,2.E.9.d
1a79146d-b9e8-543e-be8f-a3e393164709,2.E.9.d
8613c672-df6c-5f61-8b33-b66d0ca198ad,2.E.9.d
6a4c0592-254d-576c-a2fb-4be263d8cad2,2.E.9.d
5e8fba55-3ca1-538a-ac04-1b1495fb6943,2.E.9.d
da5dd468-4eb1-5eab-80a1-0aca989febe4,2.E.9.d
cf22e77c-1755-5a39-80c8-03984e5f0015,2.E.9.d
bb9c96df-fa69-540f-b13c-af812e146b60,2.E.6.f
4e560d43-2453-53f5-80ce-cbaba88539c7,2.E.6.f
2049b15c-024f-5707-bbae-672f9a81ded4,2.E.9.d
d0ec8356-86a5-5772-aee2-34e4dec11679,2.E.9.d
388b7bb8-0fcc-5c3f-a5b4-2c4d6a502760,2.E.9.i
897fad3d-7e59-58ef-bc05-b6b987e98bd2,2.E.9.d
605a8005-2b71-5acc-9adb-57b6f4f6b3ac,2.E.9.g
4224a1ca-5d72-53e1-9ec2-ac2cc48dd732,2.E.6.f
b5943fa0-0b7b-57f5-93eb-f05df3cc3d4c,2.E.7.b
29424661-debc-5aee-b8b2-c81445c4ffb8,2.E.7.b
cacb3c76-a507-52fc-9fe2-5a884e8f2678,2.E.7.e
6b4d9767-32a0-5fff-88a2-dd814d55e470,2.E.13.c
a111996c-792f-545f-8ff3-39a80b38baa7,2.E.9.d
3dd26fcf-9df1-5344-99ea-c4c1240b173d,2.E.6.m
78918a0c-5757-530e-91aa-a76a89f25f55,2.E.9.d
44c4cfa6-197e-5968-aa54-105ca370a6d8,2.E.6.f
eab7c276-6835-5600-ba61-5003ae64d590,2.E.6.f
e68495b8-a7e7-582a-a220-315917c43696,2.E.7.e
ba4bbb26-4480-5db6-b8fb-3aa568946765,2.E.7.e
85448097-10b4-550e-bb50-3dbf96ed35a0,2.E.7.e
e908f20c-98a0-501f-a1cc-cf24a99dc52a,2.E.7.b
4841b606-7c63-5e04-8770-5eacf3641ac1,2.E.6.e
46c0672d-e63f-58e2-929b-43971a29ad54,2.E.6.g
f644435d-7f45-5e94-8b5c-dfb3a62f1120,2.E.2.d
b33cb682-271d-5e11-b457-337d3ec8b01c,2.E.6.g
c696848b-07ea-5dc0-9de4-78feb9c5a398,2.E.6.e
ab93bdb3-24a2-5e1e-acfc-44fa4212175f,2.E.6.c
91176977-cd38-5445-a3c4-a0a770c7b4dc,2.E.6.e
0b171eea-3e01-5ead-a344-b8a10d54a2f1,2.E.9.d
c19086dc-15eb-515b-80f6-31e2dda9bdc7,2.E.6.e
ce23f592-c685-5c4d-85d2-a1f2604c9e60,2.E.6.a
1f88e968-2fc3-5b5b-b544-166aef46d834,2.E.9.i
93646881-caa5-5955-8ac7-d0a4b3728c53,2.E.6.f
c2dac537-f9ac-52d2-96e9-80184545c05c,2.E.6.f
14df2de4-c927-5973-9748-d643b4aafc8b,2.E.6.f
f9c71e0a-47b1-58c6-8c07-102f2261caf0,2.E.9.d
4a1a8e9d-1a45-5ef3-bde7-4e8a97afe7b7,2.E.6.f
b8385799-05a0-5571-98e6-42908c9a7f45,2.E.6.f
9b936133-073f-5b22-a5ab-268311108bbd,2.E.9.d
96546544-cd47-5187-a777-c019b7bf56bf,2.E.9.d
62cf67ab-2ed1-58a8-a58e-b3bd23ba7631,2.E.9.d
c34e7372-f648-5300-a9dd-51f22f1db0bc,2.E.9.d
8086b0cd-7e92-5c2a-8306-a0b9cf4e003c,2.E.9.d
e78b9f17-7dcf-5375-91c7-da5f79f08267,2.E.9.d
72196f44-0570-59ca-acaa-f06504013d1e,2.E.9.d
77709954-2c70-53c2-8399-8585a458f34d,2.E.9.d
86c55cde-2552-5f9b-b77e-384ee7afad08,2.E.9.d
1f437d1f-ebbd-52de-8609-c25f83e34af4,2.E.9.d
ba7e45be-88f1-5363-9901-5de026e5b61f,2.E.9.d
e48108fb-de13-570f-9b95-6659181a31d0,2.E.1.b
15e8098a-7f30-5b6b-b22b-ef5f07182bda,2.E.5.b
0acb1999-1050-538b-a8cc-bdc62ed0d7c8,2.E.9.c
fde065ff-45dd-507f-8994-2a44713422ee,2.E.9.c
fb9a065f-6985-5d26-be97-fab9176a608d,2.E.9.c
c54afb38-af2a-5a50-8af6-b29e2c07d560,2.E.9.c
2cfa5c58-a643-5c4e-8a37-62db6fdbe442,2.E.9.c
5090f072-d38d-5645-b418-e7368a26c61e,2.E.9.d
5961b1c1-3e58-5e6f-9102-1f9f4a9c796d,2.E.1.k
1c48165f-6452-542f-b9b9-b1a8a5d93694,2.E.9.c
bf24093b-ccc4-514f-a6dc-fdf61bdfb5db,2.E.1.e
ad8669be-6f36-5158-b58e-d0f9e2ba9e8c,2.E.9.c
2595ddc6-931f-56e3-9275-ce8199c4e8ba,2.E.6.f
b6250f02-e242-50a2-91e7-1903d1b1c15f,2.E.5.b
c27b142f-2ebd-517a-a607-75c75149c4f8,2.E.9.c
56ee64bf-e145-5da9-b8bf-82e91a5c1069,2.E.4.b
c10bf0b7-56c3-5309-a890-f3fae7324ed0,2.E.4.b
cee5bc23-39d4-56cd-821c-346a90244996,2.E.9.c
24566d48-5a46-5e28-bf4c-e2dd7b2e10ce,2.E.9.d
63e49d37-f425-5f83-bdf4-c94500710d39,2.E.9.c
5684b7e8-f88b-5a15-97b6-4f32eadc217f,2.E.9.c
40661b04-fa86-59bc-85a4-d629fdbf1a4a,2.E.1.e
a05f4d24-aa1a-59ec-a708-74043f95012a,2.E.2.a
a5095e51-f1e3-5cb5-bb77-1de70dc3b4c3,2.E.4.h
2ac705b3-a753-5c7b-8327-3f3263b5ee26,2.E.2.e
8839cdfd-8977-526d-9441-f2789f6e1c10,2.E.9.c
79fec808-23a8-51d4-85c8-fa67d50f52e2,2.E.9.c
74af7455-8bd4-5d5c-9764-34f1a6eb1ca4,2.E.9.c
9e60da01-5fc4-59ec-a9af-b9febc3b152c,2.E.9.c
56ee64bf-e145-5da9-b8bf-82e91a5c1069,2.E.9.c
677ea609-8e2f-59c0-bf64-d36f66411058,2.E.16.e
bb51fd78-2a6f-50a0-ac66-523905729f06,2.E.4.b
7acd8074-5701-51a7-85de-1697f372975f,2.E.15.b
6f9c2238-4dac-5551-a762-65ce143216d9,2.E.6.f
15b21eef-234f-5d6d-b372-81f9699a70cc,2.E.16.e
c5dfb7b5-e481-5031-a190-cee223a22ea3,2.E.9.d
3efab1a8-b36c-5b09-b5e8-1be15e589ef3,2.E.9.d
482fdb11-cbea-593e-8422-39a5d162295f,2.E.4.k
e2816ac6-f516-53b4-97f6-c022c90ae229,2.E.9.c
74e73d26-ffc8-582a-bfe6-740feff843e6,2.E.6.h
7d9d020e-867d-5d87-a967-f9cdb5415738,2.E.16.e
34e2939c-cd65-5603-9984-16ea8b650a5e,2.E.16.e
de960360-427f-5578-b9ce-ff476e1fa407,2.E.8.h
99a1d274-7571-5a4d-b912-cf955ffc5f6f,2.E.16.e
f795b694-d38c-5bdd-8eb0-6c29e080078e,2.E.9.d
9c3d21ea-de81-5ec5-8cae-3013843d88d1,2.E.4.b
c18d80c0-0dbd-5819-8b47-6f8a6fc680d5,2.E.16.e
ebfff19b-2931-5a85-be56-39122ed8b064,2.E.9.f
1f4c4035-8d16-5064-8e3b-d2dc610c9382,2.E.16.e
3634650b-2d42-5c69-98cd-43f1f8b24cd1,2.E.6.h
129e5f83-dc5f-59d5-bea0-ac7e1ed6e408,2.E.9.c
ed384e21-63b1-5f75-8465-f989c8277ec2,2.E.16.e
aa956ca7-730c-502a-a7cb-459ee8a88fc5,2.E.4.g
2eca4f32-b988-5054-9ffe-5e93322ff3a5,2.E.6.h
921ec06b-0268-5f2b-a8ff-e10d2aee64c5,2.E.9.d
e293570c-65d2-50b1-9fb6-85cc7c4847cb,2.E.7.b
3918fd68-7214-545b-8547-52e098681c0b,2.E.4.b
e20eb28a-f2bc-5394-9ae6-2b55f4b7ddde,2.E.9.d
47f8fecd-ca7b-5618-8f2b-3edc63c9906d,2.E.9.d
f14965f4-b12d-50eb-863b-317144b1b171,2.E.6.h
e90b32aa-4aae-53fb-a1bc-4b363cb85178,2.E.9.c
384a6a98-30a9-5fe4-8685-914682d10161,2.E.4.b
3ea51c8d-49ad-53ce-9476-5273246b9010,2.E.8.h
02a2a966-c4c1-52d2-9226-c12c741fc939,2.E.9.c
de4f1f23-02e3-5a49-a479-c724a1d5319f,2.E.9.d
8edf4825-409c-592a-ad93-cddd9e739dd1,2.E.16.e
7a83942f-e5d6-54c2-b253-5ecbc8784858,2.E.9.d
d3b78a52-1369-5221-a29f-981891e752d9,2.E.10.a
ee8ba45e-642b-5f42-a3ff-41e8bd109e94,2.E.9.c
278513c3-1df4-5fc5-8b85-5d29eca1cb2f,2.E.1.e
b265ccbf-45b7-5d62-954a-93b7c3939cb8,2.E.15.a
2dde8692-48eb-5505-9290-3d3977aac4cf,2.E.5.b
0ad7ebbd-9dc2-52aa-8d55-e4f410c2b093,2.E.16.e
21df2b69-25c6-59f5-902d-3533b9370a37,2.E.9.d
929cef96-7302-5a02-8394-26aaabf6cb05,2.E.9.d
1f5bb660-1eed-5506-81a3-9919e1615ed1,2.E.9.d
ae644f33-e7ba-5d01-9bc7-933699e5803a,2.E.9.d
ebbf201d-bf64-5fe5-ab15-03d3024bb608,2.E.1.k
760ffbe2-02bd-5eed-ba20-e40783ac4cd6,2.E.9.d
bf84a740-9bd5-51c4-a540-a74c6e825014,2.E.9.c
8d6a066c-e2b6-5d7d-a7c0-02e9f9514fd5,2.E.8.d
e0625281-fdd1-5d08-93cf-da7e49f8e9c8,2.E.16.e
27b6b29e-a21f-5a6b-b83a-ba1f4d7c50ad,2.E.1.e
89e898e7-9d93-5796-8e32-7312ba095c0a,2.E.1.e
d210136c-3b0c-5288-92bc-6b047d7a9511,2.E.2.e
6796dd25-837b-587c-83d9-fd0899944194,2.E.16.e
50aece3c-46c8-5e83-9c90-725572fe4a17,2.E.9.d
493437d8-ac68-5504-99e1-664f0affc926,2.E.9.d
97f6e21b-3caa-5e4a-a201-55dd79b9f61f,2.E.6.h
4adaca06-f618-5ce4-9d53-7e76faee80da,2.E.16.e
2a3756b3-9cae-501f-b44a-f4e9e06fd52b,2.E.9.c
291bf6bc-3f5d-5d0c-b3c4-93d2b47625fd,2.E.16.e
47c7ca3d-3189-517c-b414-0f73db6be057,2.E.9.c
e7b4ab97-a887-54aa-965a-412c78622bb4,2.E.9.c
e4b15f85-fd72-5736-a8ce-0670acf1ac2b,2.E.9.d
fa6e5640-49bb-5a23-8cad-e4cc209af2c8,2.E.9.d
dd4f5b07-a769-536a-a331-2b285ebb8bf1,2.E.16.e
1d348472-c42d-5b55-802f-55f759ad4ecb,2.E.9.d
1858103a-082c-5363-a22f-c5cac4147c93,2.E.9.c
8a13ae11-bc71-56e3-9847-3e280bada674,2.E.9.d
14d5bfc4-907f-585b-bdbc-57d9146045f1,2.E.9.d
ecfe06b6-0b77-553a-a448-f8dcdb9280d6,2.E.6.j
d01515b2-130c-5894-a28a-f5cfa4665f2a,2.E.9.d
772ae2c5-c8b9-5caf-957e-ed29db17afa5,2.E.16.e
7abb5317-dfc3-5278-aafc-978203ead7dd,2.E.16.e
2a3756b3-9cae-501f-b44a-f4e9e06fd52b,2.E.16.e
4a05df22-c1a8-5f69-89bd-a1e746179e6e,2.E.9.d
757247bc-b275-57ed-a1da-bb8ccf634a2c,2.E.9.k
d7e3c615-5335-50b5-9d44-149cd1225c3e,2.E.9.d
d7f66a1f-a9d2-5dac-b23e-b700923395cb,2.E.9.d
09d27463-5e8c-5988-8622-fb3c929209af,2.E.9.d
3793c0f9-93d0-5d1d-a394-8144be919fab,2.E.9.d
fefae1c8-82ab-5350-b7a2-511ee158156f,2.E.9.d
847c67f9-eed0-5ded-9236-bcb087481314,2.E.9.d
006c88d1-b3fb-577a-9da1-6f5af19090c0,2.E.9.d
7083d00a-7b86-59d5-8c37-19ecc1ee2ae4,2.E.9.d
46417556-b76e-524a-b97f-bb967af1b045,2.E.9.d
6b83b63d-b9d1-5db5-88de-27368d438c61,2.E.9.d
0a23fcb1-d517-56a9-a866-28ad7fb9f523,2.E.9.d
2f64d883-5d1a-51a0-9e95-2093a1c0df70,2.E.9.d
711ecc14-9c7a-57f2-8a02-b0dc96d47413,2.E.7.b
a3d25319-3650-5935-9161-c0747b7b36b7,2.E.9.d
9ac43b4b-dc71-5cf5-a2c9-24cc351987af,2.E.9.d
2f35c197-e45b-597a-bd52-af5a2d353717,2.E.9.d
78332076-5a28-5789-9df5-7be888cee81d,2.E.9.d
c3125df1-8817-5dcb-b6f7-f1e61fb43b25,2.E.9.d
e9dc8076-139d-5926-b0fa-b27b8bb6115c,2.E.9.d
7b967f9b-a3ef-5e2d-a348-3e21cd395eb0,2.E.9.d
270c0644-8234-5926-bb11-51fd0dd4557d,2.E.7.g
9bb07b05-ce18-5dac-918b-bb19822ee772,2.E.9.d
5d5eccfe-b49e-5ad7-b383-6261f6c97090,2.E.9.d
19c1b173-c688-5cfb-87c2-431d7fa31966,2.E.9.d
923c5728-452a-54c6-87c0-dce77e9b0978,2.E.9.d
23343e7c-c075-5175-87d5-a2de2d692687,2.E.9.d
c17a7a73-3e1d-5bf2-a13e-bf8e15a669eb,2.E.9.d
9238d07f-2026-5e05-8de4-7d628410f149,2.E.9.d
9d9798fe-0bfa-5f1b-8fdb-23cd542700a0,2.E.1.e
cf80ead3-8b32-5abb-a6fd-ccb15cdd0722,2.E.9.d
79a5df08-6b16-5d8c-8097-b4f852f78c16,2.E.9.d
0d024383-de6a-5524-ae6a-cb00d9bf1a60,2.E.9.d
94789d7c-fe18-539b-a0b0-a89940bab59c,2.E.9.d
f0bba3dc-88dc-5585-9521-f79c685ae9ac,2.E.9.d
8871b8c1-8a19-5a15-be5e-0c368808e7bf,2.E.9.c
18671c53-17d2-52f6-b743-3490b5ff6ef0,2.E.9.d
fa9a2869-1be2-5137-90c2-0d4b9166a588,2.E.9.d
492212a4-36c8-5bbe-804c-1b5d980033f4,2.E.9.c
c5c91609-508f-5656-a80e-def60ef038f8,2.E.9.d
7ab3629e-47b4-5219-a9cf-cb7508d79e49,2.E.9.c
50985b32-dc66-5971-9763-2783c35ea688,2.E.9.c
f42b1ff6-a68f-57da-b629-33da053f6f1e,2.E.9.c
8e79aa78-ee4c-5e0c-b412-a13504b32eff,2.E.9.i
ed45d8c8-67d8-523a-9684-240a52128fb7,2.E.7.b
1212493b-6835-5d96-b8de-f4c91ae3dee9,2.E.9.d
67154ba0-0fef-56a2-99be-9d242375c054,2.E.9.d
40bf5eaf-a26f-5716-8f15-42b243223450,2.E.9.d
84d0e720-8fcf-5163-9bd1-8e2673978854,2.E.9.c
fbffad9b-5e4d-55be-a96b-e9608b968730,2.E.9.c
5ef6266d-69a7-5384-af65-27b814e93097,2.E.9.c
41b87425-434d-547c-85e9-647ea7c24b78,2.E.9.d
e9afdf17-7ae1-5dd2-9fa1-beb412eb081f,2.E.9.d
85ecd512-8244-5554-8b82-ffeb548285cf,2.E.9.d
8418633f-2108-5c5a-93c1-429fb95ee166,2.E.9.d
e33354db-d1f3-58c6-8846-d21b59921f7e,2.E.9.d
9dfba2fb-e376-561b-b552-151b94a4fd2e,2.E.9.d
05111188-1547-5f1a-aca8-748f8dd656d5,2.E.9.d
1629d930-d9cb-5fd4-a94e-c7fd8eff5968,2.E.9.d
c7a54408-2ff6-56d6-9869-7ce61f61ad2a,2.E.9.i
50b4bf30-c535-53f9-bc11-a7e1cdf860ca,2.E.9.d
1b1f86ab-37c9-59c4-9213-d478d6f56721,2.E.9.e
1a0eb919-adb1-51a8-81e7-f71c916f195a,2.E.2.b
f94eda51-15cf-5f40-b8ec-de5237477bc3,2.E.9.d
69325904-2d9e-563e-86a0-3ddff7b6d69e,2.E.9.d
91a7d89b-2286-52c7-ac21-285059cd7859,2.E.6.f
24604787-21ab-5eb2-b381-23401bd63412,2.E.9.d
a2d34140-e308-5637-b1d4-e205b61ee36d,2.E.9.d
6ad175fb-cc86-50d3-bae7-817367bbe0a6,2.E.9.d
bd8ec656-eb07-534f-90c1-dbe94b57e10a,2.E.9.d
e43c1b58-bd96-5332-b418-9b5e7899d319,2.E.9.d
7e59cb28-57ce-5f3a-8e2e-327b44dae410,2.E.9.d
46b5b161-3e64-534d-924c-dd052ead9128,2.E.9.i
6c5ba78e-9d91-55fd-bb94-f12e21a01ab9,2.E.7.b
f7ec1d6f-a0ee-5fc9-8cd5-f69da52f5cad,2.E.9.d
19250514-19ee-5d36-acf9-5edc3741a964,2.E.7.h
f8ac5cb7-9092-5331-b36b-ecc83392f02d,2.E.4.b
336afd63-f79d-52ef-b9b6-f855629e3c5d,2.E.9.i
8fa47cfa-3e09-565e-be4c-f8061bda2453,2.E.9.i
400d06cc-d79a-5ebd-9eab-52f7fe0a4e89,2.E.9.d
56a266bc-ccda-54e5-84c9-170fe888ab8b,2.E.1.p
03fe0445-3105-516a-b996-d4fada55ec00,2.E.9.d
c10e77a6-93b7-541d-bdd5-c5e652adce61,2.E.9.d
fab7b255-5f87-54a5-8149-22ef061b453b,2.E.9.i
e6f6a2b1-8ef1-59a1-b29a-cd9931f51459,2.E.9.i
ae4c8d02-68c6-5033-9ed4-8304ac5fc5f0,2.E.9.c
38c4a273-00b4-52db-9e9e-88d845f93650,2.E.7.c
03880395-1abb-5721-9948-a24fb96d6385,2.E.9.d
f6607003-e201-59e2-88d1-1d4310129e5e,2.E.9.d
af04ba70-20e9-5222-b63c-361f4340564d,2.E.9.d
4dc4caf4-3186-579a-8ab5-d172a858a74a,2.E.9.d
8c9090ff-29b7-5d69-9767-a34722c8aa69,2.E.1.e
489d3179-900e-5e56-b6fe-75d7e1bf297f,2.E.9.c
290cbffa-7787-5e00-9bca-c1104ced1575,2.E.9.c
1355d64d-848f-59e2-a9a9-5f415fdbfabe,2.E.7.c
fa9e83a5-6150-54d8-9466-ccdd15ccdb71,2.E.9.k
6913b90d-c7d4-57ac-83be-178facf1a843,2.E.9.c
9140e70f-1fc9-53fe-8984-396e81397279,2.E.9.d
8bec4690-25ae-50fe-a0e7-32fee08a7830,2.E.9.d
960190be-9f2b-533c-857b-a6bf2a549442,2.E.9.d
84eceaeb-1ed0-516e-8058-b1dbab9c30db,2.E.9.d
97e2813d-b120-52fe-8a85-48b60baa4c03,2.E.9.d
8a570a55-2c1e-5ccc-a95c-07f21b9d9f9e,2.E.9.d
673d2416-3da0-54d0-b079-69c4cfafe832,2.E.9.d
1afc2cee-4e8f-54f0-b16a-3a9d9174b91f,2.E.6.f
ee0ad6d5-2abb-541f-9818-0cabd65eea25,2.E.9.d
fcd01898-1d7e-58b2-9b8b-d37f0384e39c,2.E.9.i
e39af0da-7732-5e94-8bf9-e32d03f5a214,2.E.9.c
284fb354-8a38-5213-bd4e-0a408b373b86,2.E.9.d
a67903b3-54f5-5337-8ec5-9e42c54b3314,2.E.9.d
8d1fa2c8-4f9b-5bd5-bcb2-99a4c35efe6c,2.E.9.d
1c8882d9-9217-505b-85fb-18715ba2bb98,2.E.9.d
e715b24f-4dc9-5da9-9af8-70c8d9844b7a,2.E.9.c
f6743144-b00c-5a46-ac88-0584f8b7a640,2.E.9.d
07a599ae-a8f4-5055-853e-1841d3c8792f,2.E.9.d
735806fc-f19c-56cb-8db1-4709039657d1,2.E.4.b
e7592aa5-c1e2-5a76-9ffe-abf5022f201d,2.E.9.d
171d10f5-071b-5e27-8473-75d9d27fdb1b,2.E.2.d
cef0df88-5175-547a-aee5-65643d29523f,2.E.9.d
22c8b33c-0ef2-5915-b3d1-5a35440adf35,2.E.9.d
5994a11f-c792-5209-bc08-3bdd83044831,2.E.9.d
a302733c-f564-53f6-985f-95c6c555910d,2.E.9.d
e8bb848e-753f-52d1-a78d-2bc1435cb356,2.E.9.d
ddbca92c-c613-5e0d-adf9-9c78063eb9bb,2.E.9.d
63fada25-b4c9-5a0b-87b4-e891c84e4634,2.E.9.d
0dcba699-70b0-5141-88eb-4b3aa2467b85,2.E.9.d
8d7660db-3ed6-5f91-ac8a-179714b66ea4,2.E.6.f
9f6254e5-1389-5b9d-a8c2-99d780f5aa06,2.E.9.d
3335d550-d0de-58b1-9e0e-60fc81c72795,2.E.9.g
2e68a080-1d36-5661-8895-51a6c7af2f77,2.E.9.d
5b7f5e4e-850e-53fa-bef2-8186ceca8c8e,2.E.9.d
c908e3d1-bc73-59cc-b04b-051df1445ba9,2.E.9.d
dbdbebb6-fb7a-5db9-99fa-fd39e7c01806,2.E.9.d
7bbb90ee-a10d-5508-a2eb-54f512be517c,2.E.9.d
ddad8cc7-aa22-5181-8087-598a5281fd2c,2.E.9.d
174eab11-df17-5beb-976e-376822069962,2.E.9.c
890afe3d-0ca4-58e1-ae94-cef89aa6f34a,2.E.9.c
186d476f-b807-593d-ac72-f222a719bece,2.E.9.c
6c74daf4-c68f-554d-98f8-96a5ecb04791,2.E.9.c
07bfa28d-4367-513f-9633-6a3b3c51a120,2.E.16.e
7e6b0ddf-d595-5959-81f3-09002f85979d,2.E.9.c
26de7558-ac5a-5c1c-ad93-86dae87d3b33,2.E.9.c
692d82a8-2437-5495-80a0-d79246f8d184,2.E.9.d
e787f343-c1ed-576b-9a32-ef0227f73b44,2.E.9.d
acb1d34f-9302-53b6-929a-43f5679fecd5,2.E.9.c
047706af-3202-5a1e-bb95-2fd84554ca04,2.E.16.e
9d278129-2892-57a8-afbb-d6978a42a586,2.E.9.c
16f9e337-2100-56d1-8023-c14a55f621a1,2.E.9.c
1a873340-130b-5d10-b119-fb9fea30593e,2.E.9.d
19843077-120c-5cf2-8e47-262a9ec6659d,2.E.9.d
ac8eacd2-85eb-57e3-b635-b41913bfeba9,2.E.9.c
0a377ad5-2564-5a20-979b-3c49b3b25495,2.E.9.d
c9efb8e4-6bde-51e1-9953-dc9d0f4bd15b,2.E.9.d
25e323b4-88c5-5219-9115-f9d29e5b9d74,2.E.9.d
b496cda3-6fe9-5e01-b501-e195e0f53886,2.E.9.d
9d14a7cc-073a-578b-8426-7b1d2df4c7e6,2.E.9.d
97d7e13a-e87d-5824-979b-a874fc50cf17,2.E.9.c
ec1303da-50c8-572a-b631-562325461b7a,2.E.9.d
bc14e606-6730-521f-94e7-45e572465a43,2.E.9.d
61e5e1b0-d098-5b73-8f7d-de35f0a78ed1,2.E.9.c
078d9561-c217-5ca0-8f86-f1af8c5efda9,2.E.9.d
f8d78139-0096-593a-9301-67846caa689e,2.E.9.c
1af1c1d0-42d8-526c-9f1c-deab39ed888d,2.E.9.d
e5e4a7e3-2242-5475-8b75-bad5099a073c,2.E.9.c
ca39efc1-d1a1-5c09-926a-fe29f7950eb2,2.E.9.d
e4af285d-3289-5df3-9c3e-52fc66d542de,2.E.9.c
ddcf289d-9922-5c41-a8b9-081cb6780760,2.E.9.d
36dcbbd3-5813-5152-971e-6302fe186884,2.E.10.e
d13a600d-e9cd-5eba-96c4-5365ec39d07b,2.E.9.d
f2899fa4-b30e-5fd3-98bd-f0a31b011633,2.E.9.d
3d0ab05d-cf9a-577e-80c4-f1ba30394310,2.E.9.d
35bb4b3f-4075-523c-8c2d-98bb4861b244,2.E.9.d
8ad245db-640d-52db-a992-bf38ce08b787,2.E.9.d
e013669b-f807-5684-a444-603862e63497,2.E.9.d
6e6988a2-2393-5586-a915-7def7eb09c60,2.E.9.d
d6a156c9-66fc-5ed0-aacd-a1250447c760,2.E.4.a
871c5dd2-e488-555e-a9c5-4a9a65616419,2.E.7.b
0bd1e787-00cd-5cfd-b2d7-1f3362d62bfa,2.E.9.d
471b6fda-06dc-5a46-b54c-85577859a04b,2.E.9.d
19575063-1127-507d-9ac1-3f8b9e3fb767,2.E.9.c
e321a73f-372b-5813-829e-35cfa6275ed1,2.E.9.c
d9be5838-3d16-5ccd-80ef-c6f6364bcfd9,2.E.9.d
d7cd12db-62ca-557b-8da7-e428246132fc,2.E.7.i
42908d11-8d24-5340-91ca-5bbc77761350,2.E.7.b
8214718c-df8f-5019-800e-104a6634984a,2.E.9.c
1fb60512-8529-5ce6-9823-8c368ed4a916,2.E.9.d
7615b7aa-5724-5965-bc08-1d6d6adbcf41,2.E.9.c
f29bd155-22eb-5fb3-a4fc-58588073f57c,2.E.9.c
bcb717ec-3a81-5b53-8677-da847a3dbd41,2.E.9.d
c8f2c074-286b-53be-a967-d8025636799f,2.E.9.c
2a8b1e85-5312-5ec4-b186-14589f94e023,2.E.9.d
9ff915e2-05bd-5924-b162-2cbbe3f26de0,2.E.9.d
36bdddf3-a10c-518d-923b-d1f1acc80f62,2.E.9.d
44ef48a3-1fa8-5b70-a302-1f2cf52bd72f,2.E.9.d
35aa6c20-6e2d-573d-9263-8376960ff4bd,2.E.9.d
63353c96-8e41-55ad-a4bf-d8a1b3b74fe9,2.E.9.d
bf3daacb-1e90-57a6-af90-ca06fefe85b3,2.E.9.c
74116272-8bc5-5a28-97d9-5dea76f846f3,2.E.9.d
9d26c64e-bc6f-5d5e-9f6a-00730375fc6a,2.E.7.b
63bfe4ad-f685-50b9-9168-03a14f27bb53,2.E.7.b
9684d5ea-5f8a-57c7-8880-4285a9e4cc39,2.E.9.d
d8868630-a857-51e2-913a-689e5348f856,2.E.6.h
7628f9e1-e262-557a-a426-1bf254d4f28f,2.E.9.d
9958525e-a4b1-5019-b71f-99ca1614cd98,2.E.9.d
b9a18450-14d5-5440-9dc1-e2baf7f13c56,2.E.9.d
9bd4b88c-2661-5aad-958c-346d842211c7,2.E.9.d
ffd11551-71ac-5432-80c2-8e03a4f783da,2.E.9.d
50e99f32-7506-565d-b31a-e44092c6f388,2.E.9.d
c2a5c8db-9a4d-5f0e-8f37-8fb01e0961a4,2.E.9.d
07756b94-33b8-5515-9abe-f228031198b8,2.E.9.d
2e474c5f-d087-58f4-8c1e-2b2759813986,2.E.9.d
1cd7bba6-7f0b-5cec-8b33-de0e5c128515,2.E.9.d
32f63438-1d23-5c3a-98d9-694d6af507c8,2.E.9.d
15be6f8e-47af-55ab-b2e8-37fce2a598a9,2.E.9.d
97652ba0-5773-5173-8948-aaee9fc8212f,2.E.9.c
fb2fd9b2-6e42-57d4-b180-4fd35f8fb2b4,2.E.9.d
1ba4cc56-e996-55ad-8b2b-07be673c9261,2.E.9.c
83aa1685-6350-5751-b52c-d2520906a204,2.E.6.f
4d73f0f1-f9fc-516f-afd6-0362e8053298,2.E.9.c
c11fde14-6e88-5c96-9aeb-d56bd0195f65,2.E.7.b
d02940ea-c564-58d0-be47-b5275b4ff8e2,2.E.9.c
9d81fb02-ef8f-5a33-aa25-3af9e2c0249b,2.E.7.e
3441715a-b26d-5fc0-a2c8-eae5c5b0ced8,2.E.9.d
c7b3e954-bcba-5170-8ab3-26709c5b6aca,2.E.9.c
6cb4bb98-8f09-5194-acb3-02ab0dff47d2,2.E.9.d
c7b7a094-8109-5b4d-ac6e-ac1f8ac1c570,2.E.9.d
3a5a4ceb-d365-5922-94f0-283183a504b4,2.E.9.d
2da49153-0802-5af7-84af-385175cf1d5b,2.E.9.d
7c12195a-c153-5bfb-9f7e-bfe6c1f5981e,2.E.9.d
b1165515-518b-5851-9da0-5ff172302450,2.E.9.d
30ffd36b-4373-51d1-9060-419eab11142f,2.E.7.b
4a9bfa53-34a9-5fe1-98a0-38e367b8f8d1,2.E.9.d
e4515b2f-7bfa-56cd-9462-26a53f358792,2.E.9.d
0d77689a-46b1-5e37-8c2d-abe3f119b9ba,2.E.9.d
f0d95165-b26c-54b1-82d2-01197f905d79,2.E.9.d
6febbac8-fa9a-542a-9e1c-99cd64ae365a,2.E.9.d
8af7bf8a-6b08-55a6-b298-7ecc8fd3b19f,2.E.9.d
539adabf-8753-5b05-b179-bcbe33eff381,2.E.9.d
fdafc202-9033-5a14-9bd1-f8becb76ef4b,2.E.9.d
a1133db1-d8c2-5d16-8a2b-9ad4e9411832,2.E.9.d
3889e056-3dda-59a8-aa89-cf9124c5f6bf,2.E.9.d
e97564d3-ab5a-5b00-8d95-4b47643c3e38,2.E.7.b
410baeba-8edd-59a4-964e-bc201810594c,2.E.7.f
05884b38-3679-5b28-b382-cd649df11729,2.E.9.c
284c479d-682f-5e42-933e-1b20a905c182,2.E.9.c
49b46529-e4e8-5e1b-b24b-cd631b6014ef,2.E.9.d
19fe569e-785e-5e2b-9d5b-c338d99ece0c,2.E.7.b
32132a7f-b0bc-5ead-97ca-fa87c8aa25bd,2.E.7.b
6ec7209d-4c73-5cbf-ac2c-d229267a5a98,2.E.9.d
3b394f13-24dd-5dab-a5b7-a222baf848a8,2.E.12.h
edd280ef-cdac-55fd-aafc-7de34d2042ab,2.E.9.d
9ea4b2ff-1c65-5e91-9d31-24fe29d74617,2.E.9.d
d70618d0-f285-50d9-94a3-281a35e285a2,2.E.9.c
7e430b9e-299b-5a55-87c6-86adbc835291,2.E.9.d
e5ac9185-df76-5f24-91c1-d1dfad4c0883,2.E.9.d
b4f15dad-1b44-576b-83df-2ecebd56694d,2.E.9.d
a983f4f3-815a-52ed-b1d7-547d7edbc2f5,2.E.9.d
e3b4c5e2-518b-5e16-8d2a-7f4bbd144321,2.E.8.h
82f1a05a-cb14-53c8-967d-e60414e494ca,2.E.9.d
fde5467d-aafe-5caf-82a4-1d8674e1fcb9,2.E.9.d
61963fba-a800-5d61-9d3f-46a7118a3ae4,2.E.9.d
238da315-a3bd-5bf8-a3c4-91f854280584,2.E.9.c
8f28ef3d-6991-523b-93c0-30c5bc6e0069,2.E.9.d
deb26d3b-a334-5f46-aac0-bca849045ad6,2.E.9.d
fc7c7cd9-7dc7-532c-ad53-efd26fa6b58e,2.E.9.d
c5a91ee7-244e-5787-84a3-89291d2e8b89,2.E.7.e
6f645696-fb4f-58a3-a013-2fa5c0997459,2.E.9.c
7ca29b08-e437-5591-9794-8b763ff2e970,2.E.9.d
cd4f81db-9522-5957-b273-e3dc8e4c8b10,2.E.9.c
fd7e7170-e845-5e71-a0c0-eee0cc58744f,2.E.9.d
7cf673d2-03c5-5340-bd27-e6d71229c4ee,2.E.9.d
0d27fcd2-41af-5cc0-9025-34f2088d3e81,2.E.9.d
aba7c585-066a-5b30-9983-0675982cd420,2.E.9.c
1d3d47df-2f5e-533d-9f4a-5a6e11ba32ac,2.E.9.d
479e4ccd-cc62-5e21-9dbd-2d8b92dcb881,2.E.9.d
d70a3ef5-2b9f-54f2-afee-c8d78cd9af5d,2.E.9.c
77d838b7-d54c-5660-a1fb-d5f43cc8aa30,2.E.7.b
b27b4b53-eb72-56f4-a297-13726288b628,2.E.9.d
7a0abf49-d698-5f06-bc1e-cb124ad49f20,2.E.9.d
f32e9686-2c27-5711-a954-20ac52845c19,2.E.9.d
f3314443-bab4-526f-ab29-c3b6296c02d6,2.E.9.d
7369cb51-e998-5507-a036-8deecf024d1f,2.E.9.d
d32d6cb4-40bc-5af2-ac28-8b4fae7df90e,2.E.9.d
562d8b08-2b80-554f-ac33-d42bdb6a93c1,2.E.9.d
44766cac-41cd-51e7-b830-158ad834ac54,2.E.9.d
03068241-f470-5111-bd56-3f5c65c3c02e,2.E.12.h
a4ee7562-2079-5dac-979b-8d634a9d1845,2.E.9.c
1994aa45-528b-55aa-8af4-c6e54ec28f22,2.E.9.d
3df783dd-7190-5df1-8a9b-0dd407141a29,2.E.1.e
61020c38-dd5d-5a5b-9532-dd2d1e4e2c98,2.E.9.c
d15d94e1-bcc4-502d-bc9f-111f43db1019,2.E.7.i
2aaba13d-3a19-50d5-ab6b-da2a47fa5c15,2.E.9.d
4576482e-60b3-5b36-aa31-ad1b72e99f83,2.E.9.c
e89f79c7-8ed4-5f14-8b17-05abd0aca699,2.E.9.c
9ae5ee4d-59cf-577b-b4ce-17ddb641693d,2.E.9.d
1f38bd0b-bfdf-58b9-8940-944fe2d41d00,2.E.9.c
e19caad4-24ee-580b-96dd-2659676583e3,2.E.7.f
69a909a4-adda-58c6-ab1f-2cbef24826c4,2.E.7.f
f23d0346-94bb-5d92-a575-7aa50cc10890,2.E.13.c
1049102d-cd01-59c9-a948-7eff95f2ec90,2.E.15.c
aeaf7be7-4359-5d86-8904-90058f589844,2.E.11.a
8ae91e93-8b9f-56c4-8ac0-a8bba6ae9eb4,2.E.7.f
9b99db9d-aa65-5d6a-8964-31abfca1b0ff,2.E.6.d
18f7ab6d-ba24-5f03-9883-029677b40d77,2.E.7.e
4d5efa28-305b-579f-a0fa-befb03b9bf14,2.E.13.c
72e3fddb-ca11-5e66-93a2-b623d3dfb514,2.E.7.f
1bfdd917-48d8-563c-a7a6-af96066f1ea3,2.E.9.d
c47ccde5-1ad1-5285-a0d4-1b9e264b084f,2.E.9.e
8f466b0a-d4ea-57f8-b5ea-c5516bbd585a,2.E.9.d
6dd970ed-854b-51c3-9cfc-b47a05d48ce3,2.E.9.d
1b899a0a-252f-5fc5-8887-461c2c538a54,2.E.9.e
1a901fe8-9edd-537a-8c13-3f7cf3bb73ef,2.E.9.g
af90250c-c739-5246-ac6a-fed0c18bae44,2.E.9.d
6339672c-5834-5523-b16f-e2219af4049c,2.E.9.e
77013608-c4ef-5b3c-867f-5905195d8008,2.E.9.e
1dcf6575-60f2-5feb-ac8d-adc54ad82df3,2.E.9.d
1dbda051-b3d2-5a64-aa70-c0482d5f9ef7,2.E.9.d
4b038265-7038-53fa-bac6-4c9fcde6dcf6,2.E.9.e
c4215a26-503b-57f3-9c4e-12cfe19340ea,2.E.16.e
a4040f2b-771d-5773-9ffc-f066b1d91743,2.E.4.b
4c8e4a4a-a964-5034-8099-447eaf9154c4,2.E.9.e
e68349e9-4dc5-57be-a999-d3fba7249231,2.E.9.d
f34ebf01-c03b-59dd-9573-b0a82f627beb,2.E.9.d
fc498477-3e86-595d-88af-b74868471e7d,2.E.9.d
d7937265-0c3b-5f7c-a72a-ac023ac66e4f,2.E.9.c
ccce0cdf-1548-5a18-b96e-d20e02ef284b,2.E.9.d
c35a8f41-d3a4-50fa-b0ba-e2fc6d77f242,2.E.9.d
03902028-f94b-52d0-8822-f930ca6e1361,2.E.9.d
80c2a415-2105-53ca-900a-af2ae651ecbc,2.E.9.d
98e2ce46-2c64-552f-8086-7964f04d031e,2.E.6.f
a83e4027-060e-516b-b1af-46e07dc6d8ce,2.E.9.d
81c7ea64-08ce-5673-b3cf-47ad977638d0,2.E.9.d
743d0427-4ac3-5e38-bb49-93b88538e3c8,2.E.9.d
435c9663-9cdf-54b7-8178-bb1702d9e757,2.E.9.d
717fb680-b659-5cb3-8e69-13b0fcddb04a,2.E.9.d
b0aac10d-189d-5cd2-9c8e-afcc92363762,2.E.9.e
3c0e8a74-8c1a-5e16-beee-3d9f124cdcc6,2.E.9.d
0cd7d5ba-b521-5d58-baaa-515d0703e4ac,2.E.16.e
7c621aaf-c931-57ad-8843-bfd0b38c5a5e,2.E.9.d
d044ff97-24e0-5d74-9c7b-02e16483d346,2.E.9.d
cf4f2904-5bb2-5551-9747-b9dcac7ab8fc,2.E.9.e
33ba7f7e-ca77-55d1-8661-dbdb4cb4290a,2.E.8.b
83692cfd-b38e-5c69-8503-5bfe29ff7db2,2.E.6.f
39234ee4-dce0-57bc-9ba6-d0057cb082e5,2.E.9.d
e2f030c7-fc0d-513b-a3ed-1564f3f92188,2.E.9.e
e277df7f-5589-54c6-8366-ff0fe8991004,2.E.9.d
b0df4e92-317d-5999-8e56-9b6c875ced8a,2.E.9.d
347e2c13-0655-5e9a-914f-638232267f0c,2.E.4.c
77d13bce-1797-51e6-b66f-83c59824ee3c,2.E.9.d
fb8f7ff1-6e92-5fee-a2f6-32698941d387,2.E.1.j
e105ebce-0145-53dc-879b-cf8abb9131f1,2.E.9.d
684fbbe0-ca61-5d68-8d7c-42f7c087b4bd,2.E.9.e
2c2a5bd7-721b-53d9-9c64-a93a8d528b85,2.E.9.d
360d43b3-52ef-523f-badd-c4fd8ffa22c6,2.E.6.f
31139deb-3b34-5c30-82ba-f0f5ad2c5b8e,2.E.9.c
25919d50-7e94-577a-b09c-7e191c8596e4,2.E.9.e
80d0f237-6df2-592a-8531-b5186cd57f6c,2.E.9.e
5f858ac0-b8e3-5d0f-82f9-fe74cd3338b1,2.E.9.d
a951ef53-661a-58d9-85b3-8fbc51815f83,2.E.9.d
4888d7ad-4ec0-503c-9ea5-16517a185ee1,2.E.9.d
8e285995-f490-5fc1-bf9e-cde32eb3ba6b,2.E.9.d
0a62eaa5-3098-5ea5-95ed-27028db1bb59,2.E.9.d
111eb73d-f4cf-573a-b12e-ac7d1de3cd42,2.E.9.d
96b5e193-489c-57eb-b269-15130a002214,2.E.9.d
da1ffed4-9141-50e8-ac08-cd3c8fb734da,2.E.9.d
c0f91e5a-352a-5462-ad2b-c4c5ccc3e5cf,2.E.9.d
12031d2a-a259-5c60-8439-39dcec21912a,2.E.9.d
6038e191-423a-56c9-8527-bf0f43288293,2.E.9.c
61857557-041d-5b7c-a9a5-4fdf0fd60fe5,2.E.9.d
2fdc1d4e-c437-535a-b6ec-5de817fb19b7,2.E.9.d
4625a294-dcf5-58b1-9cec-e48231effe7e,2.E.9.d
a0727356-08a9-56de-90c5-f2d2281d3eff,2.E.9.d
2615f49e-08f0-574f-b1aa-34323c779fc1,2.E.9.d
6a66b603-da1b-5d33-8aa4-931704a0a569,2.E.9.d
b1e39a05-8558-54fa-b826-5f2cc9a396a1,2.E.9.d
45876035-3b0c-57c4-910d-ce023ef7d91b,2.E.9.d
0ed4808a-4310-54c7-afd3-b7663e140b5f,2.E.9.d
edcb9fa5-4ebf-5456-9475-d42d89c69778,2.E.9.d
10bb9ced-2de0-5d9b-953d-04f51396ee35,2.E.9.d
e141b807-dd8f-5bad-8ab0-0d39b45c475b,2.E.9.d
a89c37ff-72f0-5678-b025-74fc43afd948,2.E.9.d
b72de5e8-0068-50c8-bd9c-ed2552a611e4,2.E.9.d
080ff002-35bd-5130-ae2b-25fbf62c5bfd,2.E.9.d
1b28e95d-0df3-566d-908c-5ecd4b6e856f,2.E.9.d
88590d4c-5f05-5d2e-aff3-fb8f8178c2b3,2.E.9.d
5d7d8f29-eed3-5b89-b452-d14896046512,2.E.9.d
e4537b05-d3df-5be3-a8e4-8caa9b6a3ae8,2.E.9.d
a3dd6d37-e229-5c99-bc87-76ea0b146282,2.E.9.d
dc5b3c59-d33e-5f6b-84cf-028322bedbf3,2.E.9.c
a88a7d76-1bce-53fd-ac4b-565e23564295,2.E.11.c
b63ff343-9d28-5560-9283-6d36e3419e78,2.E.9.d
509807ab-9b69-5b06-af1b-19413ae2647d,2.E.9.d
925067c1-0760-5e9e-bd2f-b59e2d5dacdd,2.E.9.d
5b5fda34-ae6f-5560-b7a8-ab02dda032ad,2.E.9.g
d87c8ea5-95e4-55a9-b7cc-3f6ac7aff875,2.E.9.g
5a3c355f-d282-5032-a8bb-1aa2b20c8e3c,2.E.9.d
62432b1e-66f5-52c2-99ba-34aa5ce3a5b0,2.E.9.g
be8fa82a-8415-54a7-aaeb-14c111fe3e78,2.E.9.d
3b929508-1fe4-5956-8970-22eb11d1f441,2.E.1.i
f9f1e5e8-f258-573a-83d8-ddaa3a235349,2.E.9.d
e3927783-1bdb-5cbd-8e7b-def54a7bc18c,2.E.9.d
157e0c1c-3e0c-5619-9aec-26dd4a6d53a7,2.E.9.k
d8537375-c53d-56ca-bd7c-ed4d401cd208,2.E.9.c
48a244e8-c972-5662-bcac-6625b1cba551,2.E.9.d
e7f86a2e-87bf-5c9e-8b46-d5bb5a312916,2.E.9.c
0bf58940-28bc-5682-973c-5fa824d5b0d8,2.E.9.c
9812a750-667f-5f77-b4be-4953967e2c23,2.E.9.d
a52a1146-705c-59ca-be27-ffef4d8c04f2,2.E.9.c
f18bb2de-d370-5e41-a430-46ac53bda980,2.E.7.f
855708fe-8dc7-517c-a982-3df1339eb173,2.E.9.d
6cdb95d2-8916-56e3-a9ab-130eb9f99184,2.E.9.c
99f78415-39c3-5e18-b3d3-c091a1f5453a,2.E.1.f
5839abd0-1598-51f7-9da5-c596c3eced18,2.E.9.d
9252c264-8a39-5811-9687-3a74c38e2488,2.E.9.d
dab19b7d-501a-5321-ad8c-30fd2dbf19ec,2.E.9.d
a1e255ae-9fe9-509b-ab01-960a21e533f8,2.E.9.g
b79f4ed5-012c-52fa-ab25-e172f86c8490,2.E.9.g
93b2797e-0359-5e4d-967c-9f7d032ecee7,2.E.1.f
8b114d4e-0c39-549e-9cc6-0335a35a5902,2.E.9.d
27de93d1-4623-5a31-81d1-ed95db063154,2.E.1.e
fb5f8f15-3827-5ae5-a5af-31bdcdff3971,2.E.9.d
d36a0cac-65a8-5e36-9793-25d0224ffc51,2.E.1.d
c511de59-6606-52b2-b7cb-f664df68318b,2.E.9.g
0a5d04ef-9275-5adc-abcd-fc1f1d3ddd12,2.E.9.g
266adf50-3a18-58d2-ab81-2e851ee736ea,2.E.9.d
7c19b17d-536a-566f-81e2-59c54bbcc27f,2.E.7.f
9c8d316f-1eb6-5fdf-b382-1b1800a9988f,2.E.9.d
46d4f467-93e9-50b6-b7a3-508a52fe69a8,2.E.1.d
a2ec1a2e-6d0e-5946-bd58-e98849276510,2.E.9.d
46bf484e-de18-58d9-846d-eb927c842394,2.E.9.d
4fa96748-13b3-5f80-ab63-5a29b0c377ff,2.E.1.f
fd3b2293-2053-56d3-a196-f74532cdfbc1,2.E.9.d
19c871fc-7d0a-5157-a466-902c9c16ad8a,2.E.9.d
cd80f94a-2d93-58d1-9fa9-7a3b5dba6681,2.E.1.e
8baf1003-530e-5584-a469-dc1611dca289,2.E.9.d
def137fb-eec8-5bd8-817e-df765d292119,2.E.9.d
bb170891-6dab-5b4c-8f75-10bb7890d639,2.E.9.d
449b0f48-4a49-58f4-8e5d-6fcd56d97688,2.E.9.d
2fe33785-a52e-571f-85bd-3980b632a984,2.E.9.d
bc5c4f8a-de64-57ae-bc7a-f716c929c60d,2.E.9.d
1370639a-18bf-5e3f-ab6b-af19bfde864a,2.E.9.d
758380f4-106c-5f7b-b87f-5a5a2336d3c0,2.E.9.d
03d6292c-6010-56ec-8ba7-3bfe5b5953e3,2.E.9.d
da19b511-3bbe-58cd-81e6-392b3951dc82,2.E.9.d
97d5cc12-9595-5e2c-ac09-354161147df4,2.E.9.d
dbcec530-a95a-523d-ab6b-69ca503e81fb,2.E.7.d
733822f2-ca02-5d07-9300-36a933c9beb9,2.E.7.f
629a7a6f-c249-5c62-a5f4-b435454f2858,2.E.9.d
2eacb5f7-0468-559b-9016-5102f10d3453,2.E.9.d
5bbca7bd-685e-5a75-8149-067423f962d5,2.E.9.d
53935d05-c6f3-5f40-ad11-e312781b3138,2.E.9.d
2ddee020-8168-5467-94ee-b638245f6c7c,2.E.9.g
5618785b-b231-5beb-b8d9-96df9f872e79,2.E.7.f
668caaeb-d74c-55f6-b190-50b7cef5930d,2.E.9.d
bb4208e9-8162-5c2a-8a0c-0713c36f8e0b,2.E.9.d
899b6fa3-1de7-5ff7-8ac1-be63ca3c0516,2.E.9.d
3b7a7cf1-468c-5a2a-8f24-3f39a3a65987,2.E.9.d
f61988ae-459b-5efb-bb4f-cd169ce877cd,2.E.2.b
4967543c-a239-5e93-a1e3-2559039538fc,2.E.1.e
dbd1e1b6-95d0-5f2e-aa84-073b475aa34c,2.E.9.c
b87562ef-f313-5d5c-a547-ce8f7f7df9aa,2.E.9.d
d86a5144-e85c-5090-b057-82c5c919a2f4,2.E.9.d
4c610035-dab4-54ea-ae64-cc97b1792226,2.E.9.d
61c2a54d-a427-5a01-b973-6ee04edca32f,2.E.9.d
902c5aaa-27a6-52c0-93d5-41778441098c,2.E.9.d
e7f16270-13d2-500d-802a-3f96e0df5419,2.E.9.d
8ee7e383-4d61-55a8-b0b7-fa3ec83bc4ed,2.E.9.d
000bce72-766e-563e-9c70-6fbaeb163ec8,2.E.9.c
f190802b-52ee-54c6-b7d7-594ab6dffae6,2.E.9.d
f0a05e59-fbc7-5be5-b384-d4395872db40,2.E.9.d
6150a196-fcb8-5642-8b33-cad7fb728669,2.E.9.b
7f33cf86-516c-5ca2-9a0b-2e8691d7ae78,2.E.9.c
c39f641f-fb60-5ae1-b017-d312abecdede,2.E.9.c
8f23493e-e592-57d1-9a9a-9463c93861a4,2.E.9.c
726e8e37-205a-5ca6-97cf-0d1b72357afe,2.E.9.d
bfcac78c-7702-536c-9363-e114494dc991,2.E.9.c
cc8b1c9d-6674-5142-9c2a-6aae90668f92,2.E.9.d
25854235-84ea-539d-9017-2ca989b67052,2.E.9.c
85b581f9-80c6-5cae-a340-1ee36bc9b3b7,2.E.9.d
ccfed844-b3a3-5283-946c-a593abcec7cc,2.E.9.d
4e2756a0-4636-56fd-8c91-ac4877bcbe95,2.E.9.d
52da43f8-623d-5bc3-95fe-4f68d3551408,2.E.9.d
d29f0846-441e-5313-9bd1-57f561386218,2.E.9.k
65b23c4e-1e2b-586d-8bd0-61c12cdad88d,2.E.9.d
72c59901-a440-5116-b1c7-d6073d67154e,2.E.6.f
773ac084-1e9c-5c57-b9db-e91a16b3e6d2,2.E.6.f
ff1bb0af-a44b-57de-95c2-b18cf54dfe56,2.E.9.k
2ac74f3a-0330-5c1c-aa28-7773ec4d4ff0,2.E.9.d
e40518b5-5f31-52bc-a401-940298eb8235,2.E.1.d
2482d34e-4bcb-54e2-8bb9-094886630c18,2.E.9.d
2c8a66f1-1b76-5267-b035-b1b1964b8e86,2.E.9.c
b32c09f3-fc52-55a2-813c-f3c9fa3d3d13,2.E.7.e
4cea7225-1059-5a0f-b116-eac92daed6ff,2.E.7.b
e7aa3dea-89df-5112-beaa-3a68058bf1ac,2.E.9.c
74274e1d-e380-5c55-ac61-d3f71be643af,2.E.9.c
0ec43948-e6c1-5504-b2f8-371ae5de730c,2.E.7.b
3602b9e9-b488-56bd-a4c7-7d3c5a413fce,2.E.9.c
59bca440-8ec6-5c4e-8f67-3813307b155f,2.E.9.d
aba0fd3f-bdb3-5db0-980d-af9bb283d90b,2.E.9.c
f8c2b0ff-569f-518d-86d8-5d3fc050d4ab,2.E.9.d
69433ec6-319d-5696-bb20-ae0a0b3d1a8c,2.E.9.c
8ca0ec1c-e626-5a1f-b79b-6cc05d07600c,2.E.9.d
e84e5a99-b7b6-5ac9-8e8f-2adf22baf97b,2.E.9.d
0be4ed6c-e0be-5dab-92f2-c908c49c10e5,2.E.9.c
5368057e-e558-5795-b8fa-c07b5c7a05aa,2.E.7.b
5d37c627-f922-5d09-8965-2aa0f00ca6ac,2.E.9.d
9e4a4226-c0ad-5e6e-b192-970be3fffd63,2.E.9.c
3982da3d-78b2-5c33-915b-b107f3f33ca9,2.E.9.d
11c5abb1-0522-50f5-8281-3828a2d32e73,2.E.9.c
5ee1330f-fcff-5f70-bb25-b71f109bb674,2.E.9.d
6c59a109-2294-53ae-8e69-8360ca2e6438,2.E.9.c
09bb95b3-eea2-5015-8af4-0d08ec980ad0,2.E.9.d
43231a51-e093-5556-87ab-94b30e4e9dc5,2.E.9.d
78c9b0af-305a-597f-8845-8a1e4f2d5055,2.E.9.d
9f8ab329-fbf2-5a6b-850c-489e8b17695f,2.E.9.d
04d1d4d4-b121-5728-972c-20829ea1157e,2.E.6.f
10308392-fb72-5b5f-b167-d6de0ade4344,2.E.7.b
b11f00cd-e7aa-5590-bd61-1788181d281c,2.E.9.d
21c3dfd4-a539-5055-b07e-a0d9cf27a7c6,2.E.4.b
f1e98e99-0d69-557a-8491-e2bb27b18894,2.E.9.c
706efd5f-78a5-5363-bcee-f1fa88616cf0,2.E.9.c
8232bd87-b2a4-5403-91e8-099629aa7636,2.E.9.c
4cce9096-9d19-5a70-b045-da91f4f012ee,2.E.9.c
2e0de26b-995b-57da-9dde-193deb18bf1e,2.E.4.b
1e09a3ba-45e1-5209-9e0f-2eb48133b5de,2.E.9.d
7b3d8d5e-a9d3-586d-9bcc-5c0a2885ff93,2.E.9.d
d9c847c2-1fd7-51a0-a0dd-6f85f2c9b5cd,2.E.4.b
26887f44-7f5c-5be4-aa91-00fbb7d8804a,2.E.4.b
0e171459-256b-5e1a-b8be-8078687cd04c,2.E.9.d
9995ed21-d26a-5ebd-b4c2-4fb867c60d49,2.E.9.d
b46bebe2-93ae-51fb-9c50-b9d8274bd767,2.E.9.d
9bf9cbbb-8d6a-5825-bf01-bcf35aa0abba,2.E.6.f
b85c4ad4-8c48-51d9-b9e0-1a766f79658f,2.E.9.c
2c0ddd1b-dea6-55eb-9a1d-9152ce52349f,2.E.9.d
902d9fac-e365-585f-81af-ba7b3ce4f984,2.E.9.c
83108352-ea2c-54ed-9d54-8228b92b8482,2.E.9.d
752b2f56-99c0-5fde-b3da-fee9111a4932,2.E.9.d
19ecb93a-7681-5328-9fda-18c28f946310,2.E.9.g
0e4d6b00-1870-58a5-9841-79438295f771,2.E.4.b
a392cbdc-3729-5ce7-83b6-c68bc755e375,2.E.9.d
2a4c92c5-477d-5bb2-9446-e8f0c9f2c9b7,2.E.9.c
b9645a06-6c97-5c60-801a-6b8426a71f8c,2.E.9.d
dda36927-ade7-5fd9-a516-cb7857f6175b,2.E.9.d
b308ac0a-c842-576d-a2be-9934dcefee80,2.E.9.d
89a5c34f-8010-5bf8-8e96-7f29ab8a327d,2.E.9.d
d3e7aa4c-eb55-5900-adf2-10a0e3692ecc,2.E.6.f
62a45992-d76a-54c9-9c04-6d56c232d284,2.E.9.d
b3b3826f-fc80-59f0-97d9-4ec63f8c7b8f,2.E.6.f
47a82c6c-1d16-5d7a-a84e-fe9ffd973850,2.E.6.f
90e13829-1821-529a-aea6-9873da3f9131,2.E.9.d
2cf9b76f-140b-58bd-a9cc-4482086c392d,2.E.9.d
b1a96cd7-f000-527c-8b3b-efa4c03bdbe4,2.E.9.d
7f9d4538-f415-5506-a3a2-71996cb26574,2.E.9.d
c625d96f-3166-5a8c-8830-e58e072f34dc,2.E.9.c
33392ea9-8923-56b2-b616-a507d85629e3,2.E.2.d
1e20ca82-700f-5b0e-9c46-2290ee4d7248,2.E.9.d
634e8cf0-edee-5cb5-ab9c-7bc620fe6dc8,2.E.9.d
d7d105dd-aea4-52b8-80a6-cbd63c4b85f0,2.E.16.e
fac9efdc-2f47-5f30-8c50-de76396e501c,2.E.9.d
1c4b9cb3-6e94-5ed2-b2d9-264fcda6bbbc,2.E.9.d
68c1b685-ba3b-5113-a1f5-f56d3463ad5a,2.E.9.d
e703d63d-f29a-5176-b7d5-881bee280ff1,2.E.9.d
52cd7dde-60a7-5d15-978e-f7e99543e74b,2.E.7.b
5d6ed0a4-9947-510a-8993-5498ece1d64f,2.E.7.b
e98381e7-ee57-5f8a-92e9-27ac1ab33002,2.E.9.d
2faa2acd-9e5c-5e88-8400-f396518f99e5,2.E.9.d
ead0afdf-b899-50dc-b847-beb73beb4cfa,2.E.9.d
a35ccca8-12fc-5240-8eb1-280a750c1e1a,2.E.9.d
75b7dc96-f86b-5796-9086-6da35bdfe9a1,2.E.9.d
238c531d-452e-5d3d-9328-92b1d005833a,2.E.9.d
7d20ea03-bdc7-5143-a239-f0d5d9152a41,2.E.9.d
2d576941-ff91-566e-82a3-bdfabf5c780e,2.E.9.d
1c21390a-7ae8-5373-8eb8-8fcb96bd7fe0,2.E.9.d
a31bd947-1d15-5235-8402-5f4fa0f152ce,2.E.9.d
095ba60b-7553-57f8-a179-2db4b125911b,2.E.7.b
42582978-0489-5e2c-9af8-ec80b76f23cb,2.E.9.d
e13a4fd6-c88c-57be-a1d0-c7bb649f8852,2.E.9.d
65d83fcd-d610-50fa-9065-7c0b7a14d383,2.E.2.d
758b3d4d-e2df-554d-8ab9-5537133c1a6f,2.E.9.d
b0b8da98-6ba0-546b-beff-65557f7b6c07,2.E.2.d
cec3e894-c731-5e8e-bf2b-8e5ed335d7b8,2.E.9.d
ae086b1c-1800-5630-85e9-4cc5f654201c,2.E.2.d
f108d490-d2eb-508a-bf6f-38f6b351b36e,2.E.6.f
80fd9ddb-09fa-5ff0-a719-94b72642a0b4,2.E.9.d
9ed7a758-92a6-587c-a98e-44a5b8f46889,2.E.9.d
f2ddb006-2ed7-52e0-8397-562d6422164a,2.E.9.d
bf860dbd-8d75-5b29-a4d2-a736ae2c1b85,2.E.9.d
33d11b89-5d14-5427-bb50-efe15d37f0ad,2.E.9.d
f67f1bfa-17c0-5508-a1da-dc517b9a9ba6,2.E.9.d
f29cf1b7-1893-525d-ae74-a601ad45e529,2.E.9.d
2c211b0b-4220-5d0e-b6ff-efcc3936e9e2,2.E.9.d
f5e801f2-612e-5aa6-bea3-10381abe949d,2.E.9.d
5812bae1-9474-5f1d-b599-12b9296f7754,2.E.9.d
11ba5c6b-23ef-5799-a3bf-79f459e9f13b,2.E.9.d
048ea9e4-f3ad-5195-bb2c-39ea84a398a5,2.E.9.d
f38f8275-a643-52a2-b2cc-cd4649342447,2.E.9.d
58d9e2fd-48ab-539e-b955-3f66897db97d,2.E.9.d
c6575822-2e75-5e13-ba1d-2d47b74c5e39,2.E.9.d
e43a210a-9c6d-54e8-8398-3e1d36a7cb85,2.E.9.d
46c61b26-2de9-576f-bbad-6d01838bb01b,2.E.9.d
fbf3ade4-6c90-5298-9dca-6ebbb680d8c4,2.E.9.d
cbc2afe0-1609-588d-8eec-53f3d20c6c9e,2.E.9.d
3bad4ab6-9356-50b2-9076-7205792b5d04,2.E.9.d
8dc129ac-227e-5888-b0cd-6215cba4d816,2.E.9.d
a9d2efbf-1630-507b-9fa6-41bf2753046f,2.E.9.d
58b6dd5d-fb75-5676-a2c7-e4ecada2d11a,2.E.9.d
a8404550-3949-5202-b048-bc2130fa08ff,2.E.9.d
ad368850-73bc-5cad-88bf-949591dbcdc5,2.E.9.d
d4eab90b-a699-5008-9ce8-7651bd4b32b5,2.E.9.d
dca53bae-d004-5835-bb7e-f0949df75e27,2.E.9.c
2fbc12b9-5b44-5938-8241-966ee07a76a1,2.E.9.d
e07de9b9-24d2-587d-9f49-b3a26486d4ba,2.E.9.d
f9991481-9925-56c0-8c01-81bb6f64487e,2.E.9.d
ff4715fb-12b1-5551-9309-4e043b5e308d,2.E.9.d
4e69a976-a056-53cd-8fd8-a97796abfa6c,2.E.9.d
28288494-81dd-588e-b3aa-b98ce0a921b1,2.E.9.d
83f34437-5361-5524-9722-2c268cfb5a45,2.E.9.d
d88bcef8-3e9d-5fe1-a3dd-f058c5898c0b,2.E.9.d
be00fadf-daaf-5a9c-8997-f88963d712a3,2.E.9.d
9908c799-274d-5ff9-8dcc-ee4a8bb71048,2.E.9.d
ba648514-65c1-5321-a1e4-7d9a58c0bf0d,2.E.9.d
dcef482f-4d92-5e82-b44f-0a8eed7212c3,2.E.9.d
f982ee25-b508-5e7d-9039-333bf29df1bf,2.E.7.b
27a05948-b521-5659-b9a3-e9657d30c8f4,2.E.9.c
c53b7adc-64c8-55aa-a521-f82fae86c6a0,2.E.9.d
2b61b69b-27b5-5619-a133-d7724adf35af,2.E.7.f
07bb909f-afc7-5491-9793-732d3aa16453,2.E.13.a
53e597f1-cafc-5972-a538-3c9544c30f8a,2.E.5.b
9b51705d-3d2d-57f0-a6c9-4359f5f90ce9,2.E.7.b
d402565a-7d57-5a8e-a678-624411c7f944,2.E.12.m
2a253516-154e-57ac-9977-91243248401c,2.E.9.c
609f552d-adab-52d4-bf6f-c34804ecfb66,2.E.7.b
2f4848d0-4721-5140-a8ab-aa4ec992f281,2.E.7.e
bf37e0ad-7a5e-59a6-bd9e-b0880e7e9700,2.E.9.d
8ba0adbf-fc88-5af8-8567-4c6a595634be,2.E.9.d
c87669b2-6fe2-5066-bf80-453fc2f2c834,2.E.9.d
baab2c21-60fd-512e-ac0e-24a4a9f54d08,2.E.9.d
d0ae4811-52a4-5a3a-9854-08e31942c138,2.E.7.b
fe266b63-f0ec-5676-8692-f198dd669adb,2.E.7.b
298c4e3b-f90a-5156-be2a-94280262a02f,2.E.9.d
43d881a4-4768-570e-a97c-ae9df56ab553,2.E.9.d
8512b0e6-557a-5771-bfed-04c485c28491,2.E.9.d
89ee8bc2-4302-5083-8997-518b600b4bbf,2.E.9.d
34c5c80f-de9b-5443-b610-9946d05078ce,2.E.9.d
df8314db-a613-5153-87f4-321d6c429af3,2.E.9.d
eaf3661f-4e0b-52a6-a20c-01803fac10fe,2.E.9.d
aa7ccf38-2092-58e8-a2d3-9e545d413aa8,2.E.9.d
b90844db-a558-5722-9ff9-2d12f49b7c1c,2.E.9.d
793f28f3-8b48-5b59-b216-918f5ce0e0d5,2.E.9.d
b5f81e9b-c516-5113-aeac-6ef9e497e7f2,2.E.9.c
41e85522-a4d9-50a5-bc2d-982fbde61d92,2.E.9.d
b7f48972-a605-5ed4-9491-1059c62339e2,2.E.9.d
d4ae14cc-eb7f-5343-9b03-046de25fff2b,2.E.9.d
d3f7a23d-d219-5a1e-8624-2f3731b963a3,2.E.9.d
29afdac7-fd49-5bcb-b39c-fbea7cbcfd48,2.E.9.c
c7609750-2eeb-5719-a1cb-8c22821f8d38,2.E.9.d
a2011008-5550-5fb0-a41b-3ad79e6c6659,2.E.9.d
b579a7f0-efeb-51f8-8701-c942a1e8a368,2.E.9.d
7cc2d58a-2ce3-5f3c-9c05-0b0d2c796d2c,2.E.9.d
0e9dee76-7874-539c-ae01-c4dc7f86c8f0,2.E.9.d
cc2d1265-bf45-5549-aa67-eb05a44ac06a,2.E.9.d
7ab4b260-3d3f-5297-81a1-84417d996256,2.E.9.c
9775d5af-8d08-5577-8b46-51e958b25e01,2.E.9.d
6efeab15-8192-56d5-ac6f-0faeaaf992fc,2.E.9.d
d112ec6f-72b9-57f6-8ae1-7079b6f01376,2.E.9.c
e763a759-01ca-5ff6-acd3-b1acb8a15701,2.E.9.d
ea36bf9f-bb87-5ac0-bd41-d901da0d5b3b,2.E.9.d
8af36ba8-fdb8-509e-a5d4-666b6f7486f0,2.E.9.d
a45f9c61-b95e-56f1-947f-a486869c9c8b,2.E.9.c
d3c0fcf9-5986-53f8-995b-9c63d9bcb176,2.E.9.d
eb343119-2f9e-52c5-928e-702df0d14f1f,2.E.9.d
aa91eb11-00b7-5e1e-8186-728c8ad6593f,2.E.9.d
26bcab7b-41e9-5cbb-85da-26d7c77bbd11,2.E.9.c
bd3fd9a0-1cdb-5302-92a8-af0e1b499746,2.E.9.d
86bfed33-800c-5512-a389-da8fa09e1dd2,2.E.9.c
cb7efaa1-f505-58e0-a092-3aba3720b325,2.E.9.d
b4ae16b4-4e41-52d8-aedf-f894bb808886,2.E.9.c
3723f8d4-ae6a-549a-9316-11b4c7e83be8,2.E.9.c
e6eb0a97-85a7-57a4-9387-7681e8a545d5,2.E.9.c
29aff32b-108c-5d90-9b0b-36b08fc2786a,2.E.9.c
3eec0d90-e7fb-5f25-ac5a-259bdc20ffff,2.E.9.c
019999af-f5aa-57c4-873a-9ca9673cd221,2.E.9.c
a092fe83-79bb-5a95-8614-d8d24534d1f3,2.E.9.d
8e5a75cd-e074-57d3-bc99-a0de693208d6,2.E.9.c
4a92a91c-08a5-5cfa-b5ff-5cc67c4f3ba5,2.E.9.c
d418a7a2-2c47-5b55-a8f7-efb64c593ea3,2.E.9.d
4299010a-43c8-5a1d-bb08-e4d32afaf3cb,2.E.9.d
82de33a9-33a2-5f35-b6ae-4033113d99dd,2.E.9.g
18ae02a1-1723-5342-84a8-3e90c39872c8,2.E.5.c
f02daeef-c90e-59b0-85d0-47de92645a35,2.E.9.d
ca4795c0-c7b4-5f5e-8286-0e3e054b670a,2.E.9.d
eac8c5a8-e57c-566c-ae13-dd714dcf0ee3,2.E.9.d
8281d7db-a391-5602-946d-08bad2233083,2.E.9.g
6527e057-75b9-5cc9-84d4-f39e8311d03e,2.E.9.d
02fc4351-949f-5da3-9da0-6bdf00bddb1a,2.E.7.f
c4edd029-d187-56a4-af07-f403f2708ee7,2.E.9.c
7c19b17d-536a-566f-81e2-59c54bbcc27f,2.E.9.g
9191a61f-bd3b-51f4-a84f-41677f5ae4b9,2.E.9.g
ae47559a-cb25-5ae2-8852-1347b591499c,2.E.9.g
1ba38296-f323-53a6-bdc5-6b87aeceb26c,2.E.9.d
2f127681-7f80-5a66-b2bb-5af68cb6d1dd,2.E.9.c
e7d212c9-8092-5e62-8917-961357196c34,2.E.9.g
782a0508-5b56-5a44-a7da-d00b11a378c5,2.E.4.c
ab2cf24b-fa69-5feb-88bf-0ba88e01368b,2.E.13.c
fd109809-e8ad-52f2-b623-f6504178d420,2.E.6.m
32c0262e-2687-513b-b4e3-226efae16f37,2.E.9.c
327b853b-f31e-5ad9-bc42-2b71b8a7649b,2.E.9.d
e791d754-a0e8-5433-81eb-f5e5befa8db9,2.E.9.d
5f3be2d2-ee3b-548d-a740-3d26abcc99b2,2.E.9.d
99b1b8ea-a195-5510-9d2c-3c52c3d1a1ae,2.E.9.d
4fa6c950-11da-572f-a79b-080ee48a78e3,2.E.9.d
7e28c717-5c61-5ed8-82a5-1a3226fc4460,2.E.9.d
eca811d1-7690-5c91-a678-f2d572100207,2.E.9.c
b2ea8a80-ec45-5a14-b1a4-acf556ea1e59,2.E.9.d
d8d010c3-3e13-5eab-b37d-b0e61144fbfe,2.E.9.c
44d92a7a-6e18-54dc-807e-e93bbaed5355,2.E.9.d
ebd34654-a165-5d86-9983-3f3d3803a136,2.E.1.d
52e30d95-7a75-5af7-9ca3-46df07f2a58f,2.E.9.d
b508cd1d-07ec-5742-ba9c-8242cce77df5,2.E.9.d
f92ca890-a59a-525c-bda8-50aa23ff87c1,2.E.9.d
80d89962-d5a1-57c5-be9c-46a577837b34,2.E.9.d
4f5224a4-1208-5e2d-bd59-f3bd00f1639b,2.E.9.d
e4e5b0de-dc07-536b-bfd7-27b0c8eef591,2.E.9.d
5fa6e45b-a655-56fa-bafa-d370f2da029b,2.E.9.d
83927013-22b0-5461-ad0f-29ba670db643,2.E.9.d
8fa3439c-1ed4-5623-93a7-13a6d03a13ad,2.E.9.d
f3730889-cb9b-5c47-be0a-8bbb79bd7e50,2.E.9.d
6e1fb938-5303-5049-9081-ea8d6c9c874a,2.E.9.d
0230048a-159b-5a0c-8ff6-c5f8b72ef706,2.E.9.d
dea29def-6ba5-5318-9275-f9ec8286207f,2.E.9.d
3f772a38-248a-5327-a13f-dafabc744dd7,2.E.9.d
a886d689-ed33-580e-98c4-661e8d48412d,2.E.9.d
ac3e274e-22aa-51cd-94fa-15bf743b54b7,2.E.9.g
75168f55-4795-5b82-9c9c-826c4aea8618,2.E.9.d
5ef374bb-a427-5d96-badc-aad029bfa8bb,2.E.9.c
5774eb08-3f9f-5e01-9002-254c9000efd6,2.E.9.d
29be82fc-a9fe-5bfa-9c72-7d57041464ee,2.E.9.d
c8e245ac-0dfb-5df8-8f89-e6f2c045e579,2.E.9.c
1a8f09ed-fe06-570c-b745-2d6371eb9515,2.E.9.d
310ee019-f57e-59ad-9bfe-a78f6fd07750,2.E.9.d
e1e5a7a7-1a88-56fe-b0ae-6dfcf80873a7,2.E.9.d
50b71e6d-8679-5d30-9531-3a3f25a31f7e,2.E.9.d
df3a480a-2aa9-5950-834c-6e85e2f4f032,2.E.7.e
4781fd63-f66a-5b75-b9c7-083d385d16a0,2.E.9.d
0aa46404-9109-5cfc-a30f-43c78d796498,2.E.9.d
0823404e-3023-53fb-b781-5ef9e200e28e,2.E.9.d
11ce758a-7ad7-589a-8234-d9c1c18684f8,2.E.9.d
f4ffe1cc-7719-52b5-ac58-e3def37749d0,2.E.9.d
3ecaa3dd-73da-5cb2-8008-c1ee2c310b43,2.E.9.d
82985898-77f4-500b-adbe-d7430e93a073,2.E.9.d
73ed99a8-3d61-5654-8e8e-a5904922520d,2.E.4.a
487a5ba3-f176-54b7-a8cf-0bbeab9757e8,2.E.4.b
c9fc3be0-752d-52c1-9844-60f1b43edaf3,2.E.4.b
d3412be7-a3bd-5d3d-ae5e-7186f8c4b49c,2.E.9.c
ca118ac4-6ce7-5b89-86ea-8ceacd962fec,2.E.4.c
fec0a32e-da41-5fc8-8415-e0dfd811e557,2.E.6.f
0330982e-4cbe-5cf2-9d5b-4d73a94cf026,2.E.9.c
6c9b927a-0117-5c37-8c8e-ed19cf15bfb2,2.E.9.c
b5253833-e61c-5dc2-a5bf-1d128a4aa810,2.E.9.c
e63fc43f-3977-5ace-9728-7650aa60a94f,2.E.9.c
c54afb38-af2a-5a50-8af6-b29e2c07d560,2.E.4.b
52e490d4-59c6-5cb5-b19d-872a11ba9ff7,2.E.16.e
d330b473-fbb0-5bcb-a69e-97a44d49b023,2.E.9.c
181f64ee-1666-5e3d-9e22-4b7e7cb78fee,2.E.4.b
cb3e5951-111a-538b-8df1-130da796ec1e,2.E.4.j
397eb340-d6d2-535d-8a3d-7fdca6d1ca1f,2.E.9.c
35a92ce2-d0fd-51b5-93f7-c66e574fab5d,2.E.4.b
81780919-e362-5c52-94ea-605c0f05c472,2.E.4.b
306aed35-ae3a-55d6-9dc3-aa42688b98ee,2.E.9.c
64a2375f-50c7-58c2-adc5-70d60c07f11b,2.E.4.b
4e9b7805-2bd7-56f0-8578-755b6f785518,2.E.4.b
c3d644a2-0897-55db-9ece-bfcd07695bc5,2.E.4.b
2f9ec291-bcd3-5762-9a7b-e7298ba0fac7,2.E.9.c
04b59651-6334-5a49-a8d7-5eba4a6bfe71,2.E.4.j
b2efc1b6-0f1b-506f-9d4c-95b6fbe475dd,2.E.4.b
574b7ad0-7657-588a-a4f3-bdd1d66d87bc,2.E.4.d
843f628c-e765-5b52-9f36-69ce275a6569,2.E.1.e
79408546-89ea-5f77-a613-8d8175c6895b,2.E.4.b
ab46bad5-a2a4-5904-8947-0c0ffdca2608,2.E.9.c
0506bbd3-38fc-5bfb-a6cd-20956968513a,2.E.9.c
41bfead1-9f08-599d-8654-9c243cee3fbc,2.E.16.e
ce93d6c1-1ea3-5674-badc-507274c40957,2.E.9.c
a8bd3ef1-6e51-5de9-87ff-4c17a30be180,2.E.9.c
3ad11d81-9988-5598-ab24-85c2510034c4,2.E.9.c
9ddfe4e3-ac56-5962-b149-4e0b76030d69,2.E.9.c
cc4d97bc-43a0-5a7f-bdd7-d9f49463d5c7,2.E.9.c
a8a7528c-8cd4-5dd8-a56c-d4f736d13d12,2.E.6.f
3db53a69-cd3d-5044-8425-56a79131ad91,2.E.9.c
1fad46f9-88cb-5b76-a53e-a34bb83e02eb,2.E.2.b
6591243d-d5c5-57d4-b2c5-f5ba5c5ec4cc,2.E.9.c
ddeddac5-b694-517f-90d3-948275a57461,2.E.10.a
93941e95-a107-5c91-bf4d-489bb4fd7eae,2.E.2.b
430e1735-1bd0-563b-836f-4aad2e96e5f2,2.E.2.b
7d9cfaaa-8e44-51fb-89d2-4fb2a2e576cd,2.E.9.c
3e4bf1e8-b96b-5a7b-9365-941036a89ebe,2.E.1.e
272983d6-a9ab-5a95-9194-4e642327c906,2.E.6.f
e86f4d62-9939-5de2-950f-7d8f968b4edd,2.E.9.c
db4dfa3b-c9b6-5703-ba25-47147ee4238f,2.E.5.b
96a6e96e-cfeb-5e42-9ae5-29441d102251,2.E.2.b
81494c94-4e2c-59e2-9253-a27680050db8,2.E.9.c
7d288205-a115-5542-9abd-51cc0d480ccd,2.E.9.c
92112966-8c39-5caf-9379-828431e4369d,2.E.9.c
d61675f9-7a49-5e67-89f2-e37072a73440,2.E.4.j
6dd72590-4246-5c2c-a053-9495c8534d8b,2.E.9.g
563d71f5-679b-505e-b27e-831a9e7db8f7,2.E.16.e
d8775e45-5fa4-5908-885c-ac764d7d939f,2.E.9.c
6a21dc5d-fdbf-5858-ac99-55cc1d15dd01,2.E.9.d
2ddf8f5b-9376-5ce5-b69b-7a7d038abc80,2.E.9.c
8aeff6e8-be3e-52f3-b858-1488e1ba0608,2.E.9.d
48a7ed90-f6f4-5519-8d81-9bba788775e4,2.E.7.b
33d51422-64b9-5f58-a024-18736ff0aa60,2.E.9.d
3c91d588-3613-59c5-ba78-aeaafe8bab55,2.E.9.d
e0e20879-0db4-5d4c-86ad-1305d3472b6b,2.E.9.d
593cac5b-c5fa-52d9-bd49-3bb327cbf8ce,2.E.9.c
32495c5c-676c-5281-8803-3514a382eee1,2.E.9.c
31253823-879f-5929-8b7d-6fd4d8a6cdef,2.E.13.c
4f80d646-d235-5fbc-a01a-a99c1998261d,2.E.5.b
fd8ceaaf-8d52-5585-b4da-0ea5209b5ef9,2.E.7.b
f38403c4-9a37-5fa5-bd72-61e43a94e94f,2.E.9.c
151755fd-3273-5ff4-bf49-1e8fdf93b912,2.E.9.d
f46c0929-a59a-5a8b-a170-26650ee13c83,2.E.7.b
2dd66565-46d8-5d82-898d-0b4d097e19e9,2.E.9.c
87e76027-8ccb-5ff4-8504-4f0e2bbd3ca8,2.E.9.c
576860d6-f17c-5442-aa4e-1f90aa8bf80f,2.E.7.b
4a35f58f-59ed-5638-b0b6-db7d42a92651,2.E.9.c
34fabfda-24fa-59bf-bdb3-aa2e514b2379,2.E.9.d
d6ad4406-199b-5c0d-a479-4bc5ecdaab9f,2.E.9.d
086a68b1-be45-5e1f-be18-6e49ee8f9fe0,2.E.2.b
b8880e24-8044-59bd-bd65-eb51c0a85342,2.E.9.d
c09a1da5-42d4-5c58-900a-ee014f2b762f,2.E.9.d
0e15a5df-bf45-591f-9e0e-bef24363f32b,2.E.9.d
9ca8ab45-6dbb-56ba-a3d3-3de4e1d6483c,2.E.9.d
52f95225-b943-5f8a-b82a-88204e0ab905,2.E.9.c
a40214f8-cb87-5f11-9cd5-8166ac44d555,2.E.9.g
cc34a53b-2e56-5ebe-9031-6f8eb8e90d95,2.E.9.d
7317b625-c08a-5531-a136-50096d17c1c0,2.E.9.d
5df497da-b739-5836-abfe-8a850a2c22ad,2.E.9.d
0a86da66-e063-5902-aa36-1676630e251f,2.E.9.c
1b9492fc-caac-5acd-9bf2-0e10054ed6d8,2.E.12.j
16dae843-1bec-57ad-8248-7863bd2fe3da,2.E.7.b
cf67dee7-159b-536a-a16d-1902b2bef6e3,2.E.9.d
689ca799-6265-526f-bd40-dd7796a5c8d9,2.E.7.f
e3cefe81-6f35-582f-a096-3272b2b09dd2,2.E.1.e
60f2268a-ba40-55ee-939e-778f5ecd209f,2.E.9.d
3691f8a3-22af-5ca3-9abd-3a8a7c6692d3,2.E.9.d
385f8b4f-1c04-54a7-a1ee-b249987a5fa5,2.E.9.d
e703be31-bd07-5a62-9282-fe772149439b,2.E.9.d
80bad7b7-add5-53bf-af59-f5769e20ea89,2.E.9.d
cfec4384-27ac-5e33-a0b3-8843b2c43a9d,2.E.1.p
aa6775de-40cc-570d-ae90-61287d36a52a,2.E.9.g
915ba256-308e-530e-a596-368da6cc2260,2.E.9.c
9d7ff597-5d22-57a2-bde1-f2cc4f636c85,2.E.9.d
ec754451-1579-56e8-95e8-dbadbed42603,2.E.9.d
dd602db7-2772-5e29-bc47-d327dfb49641,2.E.9.d
604ea084-b0f2-5c64-83f3-7fbd769f230a,2.E.7.b
771728b4-577b-51e2-9ce3-1f8d5889bdd4,2.E.9.d
72a381c0-3b69-5868-a9b4-f919bbad1940,2.E.9.g
f10cb0d5-09ba-5abb-a8a0-ea1b70fec039,2.E.9.g
ea8002c1-0bc2-5146-87d2-758af9cdc6de,2.E.9.g
a8afd2de-aa8e-5839-8ed9-c09c15f3e36e,2.E.9.g
f9af13e3-36a4-540d-9c5e-96e7b1b845c4,2.E.9.g
2ba182ad-1416-54c5-87d6-14463eaaaec0,2.E.9.g
4fc941f6-237c-535f-b70b-5e6b28b8b76d,2.E.9.g
e8b5a3a3-cb30-54b6-acf6-47455b8b883d,2.E.9.g
c970b584-971a-5701-8c79-10ea688183fd,2.E.9.g
8e53fc99-749a-5d7b-b882-fe3cce6b21e7,2.E.9.g
20d630ed-448d-5903-9a3b-c15ed89d6c45,2.E.9.d
59634279-4d75-547f-a4fb-c1317d64181b,2.E.6.a
f0604848-e4be-52a8-aaa7-572bc5158429,2.E.5.b
46112345-4d74-5187-a421-089bf371ac80,2.E.9.d
8691fec8-e68b-5df5-9b92-8385028dd5bc,2.E.9.d
9a20ac10-8e38-5ce1-968b-81f7fc4f9e2d,2.E.9.d
fc498477-3e86-595d-88af-b74868471e7d,2.E.9.e
aeeac348-203c-53be-a009-8dbb49dd05d0,2.E.16.e
260d8365-6f0d-58d4-b689-f95f446e7ba9,2.E.9.d
c29aa078-e92e-5893-9442-56b6b753b937,2.E.9.d
03902028-f94b-52d0-8822-f930ca6e1361,2.E.9.e
e141aa26-4f57-5a41-879b-a7d2ccd12e41,2.E.1.d
0c532583-c91b-5402-a421-a1eea96fd7c0,2.E.9.d
b6bc3a5b-777f-57fc-a032-c7243b420b3c,2.E.9.g
dec4f0ba-5d01-5fec-96e4-11443f6cabce,2.E.1.d
3186fabe-5fc2-5f4c-9a7b-edfa702ded4c,2.E.9.k
68be3c2f-d623-5a95-a2bd-daedbc4ed052,2.E.9.g
cb5c140d-29c7-5950-a6f2-78b558726f98,2.E.9.k
e98c61fb-a696-58c9-9665-7b596cce7cbe,2.E.9.g
f99b6d18-db31-54af-a670-37a5876ee622,2.E.9.g
f97f8649-97bb-5a6f-bea8-eed1326af475,2.E.9.d
e428e7d6-2b73-5043-9773-61b018b0719f,2.E.9.k
295fbb36-f272-5426-9110-937b2433737f,2.E.4.b
e030e0b3-9ebc-598a-9054-c11a005d2b7b,2.E.1.d
1e85d751-6733-51f4-95bd-3dc86163aabc,2.E.9.c
54c64300-2513-5da4-9d8a-d5b35a3b3aab,2.E.2.b
c8b810df-1bd5-58be-8699-d087b9313a37,2.E.9.d
08d858b0-2527-5be1-b49f-560bf7780939,2.E.9.g
7d1a0acb-b459-53fa-b3e0-dd8d1073be21,2.E.9.c
4da3942e-33dd-5f9f-bf9f-86e1d818722a,2.E.9.g
be447bf4-03f5-52b5-9dab-f06628bad86f,2.E.9.g
7dfb4f54-aca5-562d-8516-0a40c499a247,2.E.9.k
6b904313-47c2-54c9-911c-5db3c28e16ee,2.E.9.g
0d875ba6-1d96-51c6-a060-b809fefff7cb,2.E.9.k
4563534d-7e38-58e7-93eb-146ba2395e97,2.E.9.c
a8b16804-da51-5917-b862-affaa95953c1,2.E.2.b
9a11009b-55fd-54a6-b5a0-b50bbcf271f8,2.E.9.g
414d3c7e-cf4b-552d-adf5-76e08376fcac,2.E.1.d
d92b1577-3bdb-53f9-b29b-81db018fb462,2.E.9.g
4fc5a67e-cb94-58cb-9c47-be75f87055f3,2.E.9.g
af4f42b4-5ea6-5899-a33c-954e1522f613,2.E.9.k
7af0f340-37c5-5add-9442-0ec78967e639,2.E.9.c
ea1ae5ac-b7a7-5afe-847b-06d95cace106,2.E.9.c
c6facb8d-9cd0-59a7-a4cb-bf9caad64476,2.E.9.k
bfaa8388-b875-5a01-95c8-05a81c86145a,2.E.9.g
40fd00d2-340b-5488-b871-713c3bb37283,2.E.9.d
2084aafb-7008-5a74-9a0e-9d180de0caf1,2.E.4.b
bc6d8aed-3fd5-5452-aa1e-8a317ff7039e,2.E.9.d
06082932-38b7-5462-ab47-c42a3100c493,2.E.9.d
167a580d-fc91-5771-b8fc-762e3d492d3d,2.E.9.g
7dc866c8-ed66-52aa-8047-3148910a727d,2.E.9.d
72bf1b50-1615-532d-a7a4-5cfb415c61fa,2.E.9.c
4bc76c91-d727-5d55-8a77-202407ad550c,2.E.9.g
fb997b0b-4358-50a4-af28-8a43ccaabd0b,2.E.9.d
d32c6af0-89bc-550e-a434-0bed90722aed,2.E.9.d
adbc756e-5b11-54a5-953a-7fb9ee354acc,2.E.9.k
29bb27af-2ac9-57b7-a118-0ea344215dcd,2.E.9.k
7a4e4509-8ad0-53ad-bd60-aa58ba4c695b,2.E.9.d
ee318217-75ab-5bd2-9be8-3ecb01f18b27,2.E.9.d
d32af7d2-c0a9-5822-a1de-a87322f91ea6,2.E.9.d
b68239a1-37ff-5c07-aaaa-23c6f7ec4544,2.E.9.d
349fb9c5-c296-5c26-a252-b780235762ab,2.E.9.k
d5f4850b-be72-521a-ad91-b60a3060be49,2.E.9.d
7220c6f3-774d-50ae-8ff0-ad5c7e1e9d3e,2.E.9.d
bd6dc37f-d6cd-5723-af70-a34dca0539ff,2.E.4.b
bd6c4a18-9712-5ea9-ba68-c88525922a63,2.E.9.c
fbc76170-cafc-554b-bad9-d5aa3df4a936,2.E.9.c
13f145f4-4960-5001-9266-ae88403bccf5,2.E.9.c
2f81bff3-acd6-58ef-8809-85e50e7dc39e,2.E.4.d
b70648a8-ec47-5ee8-8478-a740811db918,2.E.9.c
4ccdca81-20f4-568a-88e1-0e651c122387,2.E.9.d
de18f563-6843-521f-b8a3-c2df8d4bfa6e,2.E.9.d
c3487ea8-0e54-52ae-ae1e-b908a18bca8c,2.E.9.d
abbf59af-2a5c-5638-9bf1-6e250c477002,2.E.16.e
1c5adb47-25f1-5713-842a-4b8bf2615df9,2.E.9.d
1445473b-1871-5f5a-94c7-ea1d462ea911,2.E.8.h
5f6c589e-fbd4-5a31-badf-819932736ce7,2.E.8.h
d587add5-6e01-59f5-a43a-5ba7a9d2815a,2.E.8.h
7712335c-c22a-579d-96b7-42fc3eb8010a,2.E.8.h
2bce236a-4138-5c97-9ea8-651c52135bc4,2.E.8.h
a74f7a47-c7bb-5f20-ad35-0a5fe4889c3f,2.E.8.h
381c2678-78aa-5e03-a330-7ca46d564ad4,2.E.9.d
966e2f3b-eeff-5730-ad98-27a01e2cb270,2.E.9.d
6f62284f-d74f-5dc3-93d5-97faa4f1931d,2.E.16.e
650c06af-d2d1-5861-994f-e8cc59f684ad,2.E.16.e
8cfa6240-7f69-5cf2-9716-7e25d0037c2d,2.E.9.d
e9fd6c3e-b5cd-551a-a28b-4855fc3e8d3d,2.E.9.c
05ea3ec2-a9aa-5dc6-a665-7d59d59bd1a9,2.E.9.d
cc738525-d5a7-5d95-8909-07a39a59bd1a,2.E.6.e
09c4b6c5-6fcb-52f0-bd0e-cc0cd2dc5718,2.E.9.d
e38c106a-910a-5412-8b94-3a6ec8fa678a,2.E.16.e
98d9a768-08e7-5bf6-9d41-2a46cb4df497,2.E.6.a
160fda4e-666f-5a3c-86f9-4e9fbc09f6e6,2.E.9.d
952b2f56-4dde-5f2d-b1e3-24947b40a135,2.E.16.e
ebb69195-b6f2-5d34-8617-7a96c647bff9,2.E.16.e
08e3b7e1-7083-591b-8172-7fc7ec67b8fc,2.E.16.e
09967a88-af12-5d73-8e8a-f889b34035cb,2.E.8.h
10cc3fa6-daea-556d-856d-ec80eb500083,2.E.9.d
bd46e2b3-68b9-54e8-af1a-b365313e6a1a,2.E.16.e
29969700-7a20-5655-a33c-8fe672b75f0d,2.E.9.c
636eb5c1-dcd5-59b3-bed2-04a07a4becb6,2.E.9.d
db540aa1-409b-5dfc-afa3-4601a28e7dd5,2.E.9.d
c7bd75ff-932c-5991-8542-2dc61ee1c331,2.E.9.c
9c7b9bd3-4f89-5eb5-8e3f-1bee1e3e5f23,2.E.9.d
bd62836e-5c67-5ebc-9bd2-785fdb1a8041,2.E.9.d
79f467d9-c5c0-54ee-8e7f-c53df5f2c9c6,2.E.9.d
4ad6ffba-2da3-5a35-9077-afee3a25da81,2.E.6.f
390104d6-5141-555f-9280-19e6b47602ff,2.E.9.d
2b01cd35-3977-54b3-8060-461b60bd9e3d,2.E.6.f
bc491c1b-4626-5af4-966d-c86dcfa506ae,2.E.9.d
b1a43435-e197-578b-a05f-e9c5644efcb2,2.E.9.d
54e3cab6-0709-5dc8-a625-3fd04bf3d3f5,2.E.9.d
ea023284-632c-5e1c-ad3a-32d341ce7771,2.E.6.f
58d9c851-e478-5e6e-98b4-243e26c9184a,2.E.9.d
a16fc437-6382-5413-93c9-6eeeff339d44,2.E.9.d
a07c340a-6bac-5ceb-8f34-85f668a84cb5,2.E.9.d
5ffa8adf-e844-517b-85c9-c6b57c5785f1,2.E.9.d
f475d052-6de4-5395-9dd7-9f6d8147db5c,2.E.6.f
31372e7f-a6a5-5692-83fe-bf7ba83f3f5c,2.E.9.d
91b28cea-f141-5266-9915-bbb0f930a309,2.E.6.f
8bb9cef5-f767-592e-97ce-97c0ff2cea9a,2.E.9.d
fd0c1c00-d155-52b6-a6e4-c01fce05f43c,2.E.9.d
8b27f456-6e74-5ce5-b841-383040cb1510,2.E.9.d
10d3829a-0312-5304-9a1c-252db85de39d,2.E.9.d
88ba9940-82cb-549d-8e54-ee697a5d1ec2,2.E.9.d
18d7bb79-c318-543f-b09f-c57a8fe26e20,2.E.9.d
4b9e6475-875f-535e-ba0f-51a799198493,2.E.9.d
85b6fdd1-34e0-5788-a6c0-7f5a1097e9d3,2.E.6.f
c36fbcfa-6dc7-5d1c-8c36-40168af496cc,2.E.6.f
d9d47d54-048c-50aa-b496-66ac379d6e32,2.E.6.f
c11746f5-adbf-5621-b360-cdd36e459367,2.E.9.d
99784561-b91c-5af2-b8bf-78827c457116,2.E.6.f
f9becb26-c899-5045-bd0b-508b0afffd6f,2.E.9.d
e6ba5893-7d79-5c1a-acf7-5dab8ba7867b,2.E.6.f
7d87bd2f-2766-5a46-b026-958c00483039,2.E.6.f
17d80d4d-56d5-5c6f-8d9f-31399e1c4cd3,2.E.9.d
38cf6c26-5a44-521d-a475-08e090ef828e,2.E.9.d
c316c491-7294-5dac-9f99-c7d74122dbc1,2.E.9.d
3e50b8a9-4957-5cf0-9a4a-da14127f7202,2.E.9.d
b557f5ff-7e98-5f86-9308-e10e56f30daf,2.E.9.d
155fd454-32d0-548f-b662-459293ecc60a,2.E.9.d
e65b2463-4325-5c66-bfc0-5bde9c10778a,2.E.9.c
0abd0e51-d598-54d9-9ace-ded58b180753,2.E.9.d
b4910113-eb4b-53fd-88f2-ba311a95f83c,2.E.9.d
246eb6c8-8290-5122-bd29-7d8d8ac7fd29,2.E.9.d
bccf1b64-274b-5986-aed6-4338a1d4c66a,2.E.4.b
f1518b5f-5145-5a2f-8f0c-fbc35f284090,2.E.9.d
a856406e-d09f-5ce0-bdec-41df67523ac8,2.E.9.d
cc6c5b5c-7bf5-5740-88b2-9ccb748a93b3,2.E.9.c
30aa0642-dcc6-56fa-98e1-793900c82144,2.E.9.d
4b8b1c0b-665e-56b1-ae93-28ad10096dd6,2.E.9.d
dc85b257-8926-5d5a-a97a-a9cfcb846f5b,2.E.9.d
7bb0cb5e-6662-5fde-9f24-45e864eff354,2.E.9.d
d891a9e1-312c-5238-9c3f-60495fc12fba,2.E.9.d
4634b450-ac54-5a27-bbd3-f52626bba2bd,2.E.4.b
c86bdc85-f1dd-5ccd-ac96-1d7de607a704,2.E.8.h
ced2f179-85a2-5447-98ed-efa61c31b698,2.E.9.d
4883205e-6d69-5965-8100-3bee0512f533,2.E.9.d
5918b0f3-27c5-539f-a567-e838b2ca8ed2,2.E.9.d
b8183324-b7e4-588f-a6f1-51914a481728,2.E.4.b
96bbf6ae-2d47-5337-a7c2-4a1e53dc94c7,2.E.9.d
f22e3098-8fe2-57a5-ac5f-d23d5fce869b,2.E.9.d
89bcb186-290c-5108-8816-47efec3f5589,2.E.6.g
87f1cb02-bb4b-52ad-8229-113f588cfd0b,2.E.6.g
c89e431b-94e6-5d0a-8f59-5e1da96a02b2,2.E.9.d
6d507c94-31be-5342-b463-23d35226e9dd,2.E.4.b
1a1439e2-3493-5593-be23-ce263afd867a,2.E.1.f
f3146e38-8113-5396-8c97-11feea7eb2a6,2.E.4.b
40be9894-70b1-5a8e-ad23-891cb7b89c68,2.E.9.d
6f43618c-2ee9-5ba3-84e8-413ba64ce16f,2.E.4.b
36a41ca7-6447-597d-b776-ae16a2a6c335,2.E.4.b
891cc750-dc7c-5ff1-84ea-84c1dba05986,2.E.6.h
cbe64dae-07e0-5554-b447-20c4b663efa1,2.E.4.b
87398a1c-4630-5e3f-91a0-85689eb2a56e,2.E.9.d
ad79dcf6-d1f8-5393-94ed-c732bb809b11,2.E.9.d
1aaf53fc-5331-5dd4-bd4a-f0ea04cf2146,2.E.9.d
d1e1fd6a-7cc1-5b24-adfb-e1257882d2f6,2.E.6.f
d38ae294-b0ed-5e33-a8e7-5cd93e6d719f,2.E.9.d
c2b26c25-c110-5961-9ffe-c1a529a7e877,2.E.9.d
6a4ae328-0ea2-5a58-9088-97258c9830a6,2.E.9.d
91579469-d43d-5aad-962f-f6550f3fae2d,2.E.9.d
0390ffa4-eb4b-5411-b353-3d62383af3e0,2.E.9.d
94bc4a1c-5440-5ff7-919c-ac980ff788dc,2.E.9.d
065426a7-068f-5c80-ab38-0fc3e32650e0,2.E.9.d
b905ec1b-d948-58c1-95b9-c696b364aa9d,2.E.9.d
049a9956-e485-5194-a7aa-d53aebfcf3d7,2.E.9.d
5f6e681d-5844-5e0a-93ae-6e4a8d262111,2.E.9.d
c10df1c8-decf-5983-9e17-4ec0eb22fea0,2.E.9.d
db075aa2-4c34-5d2b-b611-b2b93ad3fcc3,2.E.9.d
5d02e996-0020-5ce5-b9ae-2237cff03d9a,2.E.6.h
3569de20-73b9-560e-bc0b-c18e7c7aff13,2.E.9.i
98c2cb71-aa49-55f6-9c22-852ae43d028a,2.E.9.d
16e56c9e-1cc7-5b28-9b9f-4f88f8b762c2,2.E.6.f
c591d5ae-37d0-585d-a3fe-74d67229bcf9,2.E.9.d
30acf802-29ce-57a9-9804-82e684a85363,2.E.9.d
7f51ccc8-c1ea-5c36-94ea-0e0020985329,2.E.9.d
66e5952e-7155-58f8-bb4a-b5bb6a79e504,2.E.9.d
58e12330-05d0-52be-b3e9-2581da0553f6,2.E.9.d
c74b5996-64c3-5d5f-9d21-c84335f36fe8,2.E.9.d
d606f31d-84ee-5d3f-990b-0e8b4bc9b64b,2.E.9.d
48f114d1-d9e5-5797-b164-b6fe8f099689,2.E.9.d
52e370b0-6bb9-5620-9df1-1dcb0f654226,2.E.9.i
109f6889-50d0-514b-a704-9a3336a01c39,2.E.9.d
76e4848e-1887-539e-bd5a-c73e4cb80028,2.E.9.d
2c1144af-1ec9-596c-b517-fa30d397adfa,2.E.9.d
bb64ad6e-60bb-516e-85ca-504d5bec7ce7,2.E.9.d
868702f0-9695-5bff-ac6c-1e5224cca348,2.E.9.d
134193af-bcde-51eb-9f86-674ebac772f6,2.E.9.d
4ea0c76e-34c0-5866-895d-989093c849d5,2.E.9.d
f3cd7864-b3c3-5e96-ac2a-bad5204f4483,2.E.9.d
f3914d7d-6b9f-51da-b257-daaddb21c616,2.E.9.d
6e94df7f-cc8a-537d-b23c-ed5a9799ea42,2.E.9.d
0b9166e1-b29a-503a-b59f-a03ced0d3014,2.E.6.f
1b468e6f-5903-507a-9b5b-221d22f197de,2.E.9.d
50d9b8a7-73ba-53a1-b0db-838c9c1b0f34,2.E.9.d
dfb3f4b3-d76f-5fef-904f-0bb4f4609125,2.E.9.d
aae4eae5-1d2b-5ee2-a382-f966bdd0cc17,2.E.6.f
fed4e9b3-9212-58b9-ba11-b29735431a0d,2.E.6.f
0a8022e9-8875-5a72-b342-c9b3d4a7dba2,2.E.9.d
41e9c93f-bbf6-57a4-a25c-ae8a9245044e,2.E.9.d
12e35fe5-1d0f-5dfa-9df8-ab139c2c7d2e,2.E.9.d
5168297d-4546-5eaf-8a7d-5c1e7fd2d17a,2.E.9.d
9bef409a-4bed-5b4f-bed7-4c0114c67766,2.E.9.d
842a3825-d9e9-529c-b5c4-8baf6ebe85ce,2.E.9.d
619add5b-37f6-5293-b36c-657ab792173a,2.E.9.d
f84c5884-52ed-5154-8e8a-6253afe27c60,2.E.9.d
1fb4f8a7-2d82-529e-bc56-5d30cf8e525b,2.E.9.d
4b61c35a-c538-5de4-9767-e219b115c99a,2.E.9.d
854e55ae-0695-51bc-8c54-cdbe1ab1ca17,2.E.9.d
c93158c0-8170-5406-9733-60b99dc3a4de,2.E.9.d
72db3d92-bb76-50cb-b30e-e60bf0d2cb4d,2.E.9.d
1675ad10-f767-5804-9556-1e3c2187bfe0,2.E.9.d
8723122d-8d20-5619-98a2-b7b8393aeea9,2.E.9.d
72598529-dcb2-5eea-b0db-55ca96a90827,2.E.9.d
2af35519-3551-5514-9a8c-8c6b3a829d8e,2.E.9.d
6b35c5bf-0d78-563f-aa95-7f5445398fe1,2.E.9.d
1dc7437a-d07b-52b4-b11e-69c31eb65845,2.E.9.d
7b85a41b-8719-5188-a95d-cad4e4060ac8,2.E.6.f
7e1625eb-fcda-5e5a-bf1a-33f0354c9b54,2.E.6.m
ae0baea3-e495-5b5b-9b4a-3e3406ce0b18,2.E.9.d
e2b360f5-7d28-5687-b01f-0228c24b7725,2.E.9.d
6a7dbf65-a891-5dd7-becb-cdb50648185f,2.E.9.d
7e025ab9-10ae-537c-8ba4-75059bf19109,2.E.9.d
8a8790b8-6faa-54c3-8163-f47391b5e7ac,2.E.9.d
15c5390b-6317-5ca5-a368-88381ac41d21,2.E.9.d
586a4f90-27ff-5df3-bf22-2599e2179b85,2.E.9.d
aeab2f60-7d92-5f4a-ab6b-50f22112d881,2.E.6.f
f3355096-35cf-5ba6-a3ea-fedde11b78e1,2.E.9.d
16da778e-3f19-582e-a867-5052f9b1fa64,2.E.9.d
0413be77-1adf-55b1-84c6-eddfe19e5271,2.E.9.d
b92f8ef9-f214-5a80-af69-d2199450b8dd,2.E.9.d
35a6c751-ab3b-5efc-947e-616b1dea0f50,2.E.9.d
9ef543c6-1dc4-57cc-aa1e-6d3988e3a2b6,2.E.9.d
003051da-d320-5395-8de9-af24630894d9,2.E.9.d
febc1567-d8c2-59eb-b216-aa8b50102403,2.E.9.d
07f779e0-2f18-5398-9bb5-c8863872a2ef,2.E.9.d
9f6f0fcd-a2ba-5dd9-abc4-44e083bac113,2.E.9.d
fce94eb5-8192-5959-8e68-9678225cff12,2.E.9.d
5d20b152-e700-5bfe-bee8-f9e7c51466e1,2.E.6.f
de327807-8e08-530c-851b-a8f740702e4f,2.E.6.f
d7c3d5a9-b96a-5554-92bf-d9a60f922a0e,2.E.9.i
8292ec43-64c5-568a-8b62-b961d4f8fe88,2.E.9.d
ba6e8765-be02-52b8-8717-f01cd271abc0,2.E.9.d
dcde72e7-a331-5cdd-afb1-adb31db4b126,2.E.9.d
b7dbc1ca-9a79-54e2-b193-42a4f8250db0,2.E.9.d
1371702d-e9ef-5172-903a-d06bf6c2fb24,2.E.9.d
98f0467d-8727-59ad-a521-176c081daadc,2.E.9.d
2cb652b2-2cdb-58b8-8155-38f030e43737,2.E.9.d
af77a1e9-6c9c-5cde-8e2d-2489fb728321,2.E.9.d
9ea30e5d-ea38-5449-a481-773f1df5169e,2.E.9.d
7ce53e41-df53-56e5-8e43-ed7f333ed35a,2.E.9.d
17a31e91-e0c5-5eaa-b1d7-ffc91491e7f4,2.E.9.d
cc31943b-7f77-59b6-b3e3-a8b4177418c0,2.E.9.d
2b2cd704-d096-53c8-b89d-34189f066ae9,2.E.9.d
caff3e94-076b-5087-94e4-0d4b1e5a61f6,2.E.9.d
f613c036-73bb-5d78-bc0a-5de4fa1112c2,2.E.9.d
7fbb2b2f-b2a8-5b38-a283-d30d3563d5b5,2.E.9.d
b21268e4-cb33-58c3-a16b-18ccce8a2d0b,2.E.9.d
03d8aa50-fccf-581a-bd9f-c3a66d79da48,2.E.9.d
b98381b4-e6a2-5dc5-a503-a38ee9e12ee3,2.E.9.d
2f106cdb-753a-5b6d-b5c7-4a201c1d9a84,2.E.9.d
b7be36a4-eef8-5114-9663-3e5031a77b9e,2.E.9.d
047cc9ae-7609-5143-8135-b3e48b31be9d,2.E.9.d
5ee05900-7745-581b-83c5-b65219bfc5ea,2.E.9.d
c9fb0974-912f-5559-a48d-0388a1ac6d3e,2.E.9.d
b4d9be18-6b3d-57cb-b9b4-99cd3388a876,2.E.9.d
5baaea5f-c165-54e1-b00a-18c4ad7a9b03,2.E.9.d
d07f6a3c-90ba-5a65-b117-b63237e500fd,2.E.9.d
95226a8c-6d54-5502-8bad-7bf33c8cf285,2.E.6.f
f7f76f52-1338-55b4-bf43-1d0405b881df,2.E.9.d
169ab84a-5573-582f-93c6-c966fdac2dda,2.E.9.d
c831b32f-c8ff-58de-a6a9-921148ff0ac0,2.E.9.d
a22ccdb7-8b26-53f2-a922-226577f957d1,2.E.9.d
b66d1c96-455f-575e-95aa-dc775859e9ba,2.E.9.d
a71b7863-fd84-5d74-9468-113d8ba197b4,2.E.9.d
19a32dbd-53b4-5253-a816-41a0cfeda746,2.E.9.d
11c6e5d3-cd81-545d-aa36-fa9cd0e57c32,2.E.9.d
7ddaae43-c083-54b6-9099-1a47c17e1a75,2.E.9.d
8a0671e2-1c15-5c61-ab75-eef16e7b59ea,2.E.9.d
0588ec88-5710-561e-ab82-c3c24f197977,2.E.9.d
7ef263cc-a500-551a-9cf0-aed11335d789,2.E.9.d
28fb3c03-1f2e-5a3c-a400-e6d85300148f,2.E.9.d
fe2428f4-9a5c-5aed-bfd9-e8382cebaee3,2.E.6.f
fb33cdf3-8703-537c-a686-adeaed503735,2.E.9.d
78e13310-f5cf-5f2c-901c-6e32d9d16848,2.E.9.d
b63b8208-764d-5abf-b17c-9ddac727abb7,2.E.9.d
128714f9-4f44-54b3-98df-595cc01c5d01,2.E.9.d
82a99e8b-7553-5d3d-87e9-7fafaa4116ff,2.E.9.d
6d2bb5c7-29d5-5881-9777-fd1148e47fb3,2.E.9.d
1d41c3bc-89dd-5cbd-a38b-a0747ccd5018,2.E.16.e
8ed6f46d-7f6c-5381-b260-b3359577a903,2.E.9.d
41a3a268-fe4e-5013-b16e-99349f482e18,2.E.9.d
6edf49c1-5f03-54c4-bf94-09ecc0e635de,2.E.9.d
f79dec41-5a3f-5c84-9ab1-135b5e441d61,2.E.9.d
b58032f0-a8f3-5f84-8eba-fa3b0ef2f8e3,2.E.9.d
b3ceeafb-6cfc-5475-be70-68ea36b52fa5,2.E.9.d
b3653774-d5ed-531b-9f65-26a57c9b9e10,2.E.9.d
5f3daf40-e628-531e-baae-ab7bf17ea63c,2.E.6.f
e63625f3-2c73-5d7c-ad0f-3463144bbc30,2.E.9.d
f80b107c-9006-5f23-92f6-d90e0d01aa72,2.E.6.f
24eaec5f-cb63-525f-916e-808099ed7f9e,2.E.9.d
f7c60bd1-4b1c-53af-bcdd-b2c9cd2c9971,2.E.16.e
123e0863-c028-5082-aea1-3ca8d84d245c,2.E.6.f
13b1b8f4-2aad-58ff-adca-f4f9544e35ad,2.E.6.f
98a13094-30f6-55ab-af6b-8cc1090569b9,2.E.9.d
f59ce044-edf4-5204-8bb9-82b21d43a2a2,2.E.9.d
fbfd131c-661e-5190-8148-59c97426043b,2.E.9.d
6f42a790-d4b3-5a47-b71a-0e6333b73a83,2.E.9.d
75b5bea2-35fa-52f4-81d7-dcf2dfb42917,2.E.16.e
41dd5695-c7b6-5877-a255-dbe5e7c9275f,2.E.6.f
81597d1c-1083-5bdc-a065-2da6ff3c04c1,2.E.9.d
5e763d26-7879-5494-ba05-1eaa7d76b19a,2.E.9.d
f3974a44-ecee-53eb-96ac-d8ceee596c15,2.E.1.f
a590c45b-fa33-587e-ad30-3dbe6b2ac6a8,2.E.9.d
7559e8c9-90b2-5a9f-8c03-c07b905daa73,2.E.9.d
9df233d6-f31e-51ea-a0ab-1dec053b310f,2.E.1.f
93825c82-825f-5f93-8ebd-10d232dcb7f0,2.E.6.f
c19931dd-d106-5e79-9241-575bffc2e0c0,2.E.2.b
cfafb1ae-1a43-50c8-a140-f9ed63222cd6,2.E.6.f
5ef26a9b-12dc-5d13-a83d-75a9a5507864,2.E.9.d
7a228fcd-3ade-5175-86dc-53d4b081ca2e,2.E.9.d
259ea8b4-c189-5598-8235-1eb68eaa3f6e,2.E.9.d
d513b310-ac49-50ce-97f1-386b9d8771ea,2.E.9.d
109a518b-3436-560b-877f-0ccaf0e461b4,2.E.9.d
d943bf27-088d-539a-8a6f-78c5ca109441,2.E.9.d
53815007-21a0-56fc-ae72-8eec03c772a9,2.E.9.d
2c679bf5-9f6b-5fc9-bea8-8e5a05f6e1d1,2.E.9.d
c26bf227-f719-5ee3-819b-85279a3d07ff,2.E.9.d
bc188f36-7eea-50c3-be29-f9e7fbeb5ea2,2.E.9.d
a02d130e-f8b7-565e-b9e5-1896e3c264ba,2.E.9.d
5d9077bc-eff2-5f16-b88c-bc036baaecf0,2.E.9.d
d41e5e0d-96de-52ec-9c37-27ff9df62961,2.E.9.d
6a18bd04-efe7-5c5c-a766-b7bb34ac4fbc,2.E.9.d
11f8f1f4-b1b2-57f4-8a42-f823405f197e,2.E.9.d
5c6a0608-16dc-5ed7-8472-f218792ed64e,2.E.9.d
f7295a63-c5e2-589c-ad94-33dde13858d0,2.E.9.d
113c5104-a09f-576e-b48e-243413e9a642,2.E.9.d
18802541-3fe5-5fb6-a5e5-5b180e3b7418,2.E.9.d
ee1dab0f-2fff-5460-912a-190c8d20dd03,2.E.9.d
e690e7f0-8ac6-57ef-93c9-88fda28deb9f,2.E.9.d
eec6a38f-58dc-59b4-92b2-765b6918be14,2.E.9.d
0b7bed30-59bd-546b-8926-b4decd7c3526,2.E.6.f
fdb470d5-fcd8-580a-910c-62bca843f214,2.E.9.d
b9522db8-3020-502d-a4d2-8630a131a348,2.E.9.d
c47d9525-21f8-5a4d-9cf1-ee0239185ed7,2.E.9.d
9a34d3f0-d028-5c5f-9673-4fa703f80045,2.E.7.b
6ce19c34-3760-55ee-9891-dfe57de1a6c8,2.E.9.d
492bf8e1-06e4-5667-8425-3cd80e563d88,2.E.9.d
a8041177-02be-5b1a-9693-91ce4de951fa,2.E.9.d
9c135e7c-85f4-577e-a360-8ff1b62c8827,2.E.9.d
b4f4e40c-610f-5004-be23-f46ce46fce78,2.E.9.d
4a640fc4-32da-5bd7-9a05-8b62bb48e721,2.E.4.b
d27829ab-adda-50b8-9659-77fb823d5b00,2.E.9.d
77440fff-f9d6-5b90-bdf1-6548a56a1429,2.E.9.d
6c6ff4f6-98c5-53c3-ad94-0223d2bb0db9,2.E.9.d
6cd6e9ab-ff11-52ae-ad34-7d8135bc66dd,2.E.7.e
84290263-07ae-5dd1-9f21-d9096050e300,2.E.4.b
91d97324-4654-5138-b7d4-99bb7335f113,2.E.9.d
8c2063d7-88c0-5c32-9b47-4343acef2f00,2.E.9.d
b53f590c-6099-5f36-b3f3-e9aab27a140f,2.E.9.d
dd1bc8eb-6a82-5554-9473-797cfc9cf9ef,2.E.6.f
4ca35af8-db9e-5715-a5b9-3255e03fa46f,2.E.9.d
e8961cef-c579-5d0a-b2cd-a3b72e87f493,2.E.3.b
4caca8ac-4de1-5f15-b2b0-86fff4ae4169,2.E.9.d
9086212f-bee0-5ae3-aab8-2a19937f1b6c,2.E.9.d
38d8fa4a-1f9a-5067-84c3-f4ddd557043a,2.E.9.d
3dd48a7f-7659-5138-b0e7-5a45d5f1bf3d,2.E.6.f
35adaf07-87a7-54e4-b20a-54bb462826ae,2.E.9.d
b54944c1-8437-5bef-af66-52ea94883ac5,2.E.9.d
1f3191cd-67d1-587b-80a1-e3dbd2824f5c,2.E.4.c
daad9a83-3db8-54cb-abf5-e6d842c78d0d,2.E.7.b
b5313db8-8ba3-5dbc-bb3b-c38876c272e3,2.E.11.e
6588288f-f4ce-57c7-95ca-be759c3f67d6,2.E.9.d
6ff98cf2-0e58-5b13-8acb-092a2c95d1b2,2.E.4.b
0718945b-5141-5fdb-85a3-ed4da75f901c,2.E.9.d
83b4fde0-ab3e-57fa-98ce-9b6e8178f754,2.E.9.d
d5c1033e-e724-5305-b6ed-4646fd9e5913,2.E.9.c
3a43707b-80f6-5578-addb-05501ab9abb2,2.E.9.d
b495a97e-3136-5e7b-a76b-c8e653c59806,2.E.9.d
d2ac8a5d-3c00-594f-b7a9-dadece615344,2.E.9.d
b57384f9-b24a-58de-ad76-0da2e10b298e,2.E.4.k
fecf263d-8586-5ad6-9982-a549fb4a8a6d,2.E.9.d
fdeb5c33-14de-5e13-85c7-b3fefeb97c2f,2.E.6.d
41063282-d7e7-5d11-91b2-b5c44bae5cc1,2.E.9.d
ebfb097c-5de3-558e-83a5-d7c305ea2ac1,2.E.9.d
9991740a-c35d-527e-b3da-303750ffc83b,2.E.4.b
3f42dc55-8196-5046-b270-ac1cc7065d96,2.E.4.b
dd51bcd9-95e2-551d-bde5-1d65ee34a46a,2.E.4.b
36f15385-27a7-5f9c-a3ad-440a5f69ee56,2.E.4.b
c6716f3c-20fe-589e-8f96-24a79fd02042,2.E.9.d
03eb8b7a-4779-59f9-bbc7-d046117824ee,2.E.9.d
aa6cb30d-4fd8-5888-ad10-3784eec6cf0b,2.E.9.d
c2da13d3-7a5a-5b28-83fc-6f13831a40d0,2.E.9.d
c0d4341b-795d-5908-b121-221ba2271a1f,2.E.9.d
7c1256c0-f5c8-5f31-a96b-a3fcee328ab4,2.E.9.d
c0bd48cb-3422-55a5-a62a-e608546c6113,2.E.9.d
cf53eea6-6bb5-54a9-95f0-da02032035bd,2.E.9.d
62b0a869-8b16-55c9-bbfa-d3e9fcf9d3d5,2.E.9.d
bb0cf901-ca57-5a04-b726-a3948d55f67b,2.E.4.b
0833a1e6-a8b3-5cb9-a396-f73773a9851d,2.E.9.d
df836bb1-2fed-5b19-856d-cbd4844d9ee7,2.E.9.d
c9afdba3-bee8-5940-9f3e-606e03f4a525,2.E.9.d
c38347d1-e73a-566d-9923-9af874ebcb70,2.E.9.d
a703898d-0104-57ca-9ee7-4415c0a17de3,2.E.9.d
688fd4b2-1a2d-52e0-ab3b-9e9326b45952,2.E.9.d
52008b3b-ba52-5b2f-9964-a1d87ad32f12,2.E.9.d
2b29a1b5-16cc-523b-9e9a-b65bae6d6692,2.E.9.d
9ce17a93-2fcd-55c9-9d06-853430faf8e6,2.E.9.d
d86c3ea6-037d-5523-bf9a-39fef9f2d97d,2.E.9.d
a9c33bd4-e643-50a5-907f-af419f83f474,2.E.9.d
63e953c3-5c85-5980-86c2-b07dca8bda83,2.E.9.d
adc75bdb-caf0-59ce-9e0e-d1b9dbdd61a3,2.E.9.d
40542359-90d5-5af6-9abb-8cf9a8ecb7d8,2.E.9.d
9e89c83d-f2d1-59b9-a3cc-9427281bd705,2.E.9.d
7a6d0c7a-cd82-5e15-aafc-ed4456624166,2.E.9.d
1014b5c3-4431-5a0f-89f6-1c1876e564e6,2.E.9.d
d047fefc-3e1d-587e-b63a-53f99938547a,2.E.1.k
44d59345-4963-5dd3-9b2f-c8fe20485377,2.E.9.d
e2e24541-4323-5278-81a1-cd5e6b791d88,2.E.6.f
8f58198e-2cde-5d5f-bdb0-3d1df68fbdac,2.E.9.d
4c20ad3a-887f-5607-8421-0372df4cb2c4,2.E.9.d
205df790-5fda-5f74-9d56-6bdc35e88728,2.E.6.f
969f357d-7feb-5d23-9b56-402e18f138a4,2.E.9.d
d7d8de62-89b6-5843-84f0-310ee1609df6,2.E.1.f
2c772913-fa92-58b4-9535-970a60f3beab,2.E.5.b
503e74d9-df2f-5ffc-b7fd-f1ac87c2727f,2.E.9.d
352649c4-3983-5ecf-b9ba-d79b3a61846d,2.E.9.c
d10a75a3-4503-5605-8377-e186329d0898,2.E.9.d
8c61dd4c-cde3-516a-9c6a-7358ea6048e1,2.E.9.d
3eba10bd-0957-5153-9d6b-bbdad678219b,2.E.9.d
04d691b0-c1d1-5d77-97c8-6e8e98fd07f8,2.E.9.d
81c2f7af-8ad6-51c7-845b-e10cebce4d24,2.E.4.b
78ee28cd-d293-5583-b3df-b22115033069,2.E.9.d
608b6f40-7ea2-51c9-8695-795fde73c25d,2.E.9.c
c701e979-7acd-5ea2-af6d-0487770bb9e7,2.E.6.f
25a6a513-dbc5-5e42-83ef-3c870d1f8c5a,2.E.9.d
8154dc10-6dab-5bb8-bad4-3f6f4ddcfb45,2.E.6.f
453d552f-b75e-5b5f-933e-140667f9cd26,2.E.4.b
fa698c79-2bd8-524f-bbb3-69d4f95c57b0,2.E.6.f
1b005a29-9ee9-59aa-adf4-5d7e36fd5f19,2.E.9.d
fdc7bc1a-0dd9-5068-bc49-fafa49ec0c4c,2.E.9.d
ab4428ba-1998-5b77-82a3-284e0e608e70,2.E.1.k
6f16763a-1c23-582b-ba1a-cb7cd7987dda,2.E.9.d
ca573168-6316-534c-b6a1-2eb71bc07be4,2.E.9.d
5aec2ab4-67f3-561f-b326-06c7b750e25f,2.E.9.d
6f9e5839-9b79-5941-a4b0-c2040c99478d,2.E.9.d
7764b2e7-ded3-5e35-9fbc-8abc0e4eed44,2.E.9.d
cf4bb4e6-ea78-5fae-ac13-b43878695fc0,2.E.9.d
433bf8a0-fb4a-5d18-906e-fffe9fce84c8,2.E.1.f
be6113e7-6162-55d0-a05b-d1519f8c62d5,2.E.9.d
974cb5b5-583d-592b-8556-f9b33c9efaf7,2.E.9.d
f01bb081-e178-5eea-8975-f623491fa440,2.E.9.d
bed8acab-5203-539b-81a6-aafd94e09c45,2.E.9.d
2ab7f458-030f-562f-b073-148cc8d97c40,2.E.9.d
44ae99e6-1c38-5d3e-84a0-f1721fa364aa,2.E.9.d
ab65d452-8c7b-524b-87fd-e5e24c44a014,2.E.9.d
06666bf2-e667-529d-afc0-a3a19ba004ea,2.E.9.d
c3935e9b-fabc-5a6a-b704-7d979b18b95f,2.E.9.d
984d257c-57a5-554b-80fe-10ea4af2ea74,2.E.9.d
f6c517f3-2774-5bf1-9034-552efbfed0e2,2.E.6.f
c84a2153-36a1-5c78-adc5-2794cdf0c6df,2.E.9.d
8cec7492-056f-570a-ba24-23343a60ae9d,2.E.9.d
47b42a32-53fb-5b29-aa07-2bff763017e8,2.E.9.d
f395f6ef-f143-5e07-b028-9f01f6fe4e58,2.E.9.d
34278116-dc9c-5eeb-8c02-a260578b288e,2.E.9.d
18ff4fca-581f-59ff-a33f-4a48119d5455,2.E.9.d
df7ae30e-7c94-55c8-81fe-43a0d620d492,2.E.9.d
9e4a4226-c0ad-5e6e-b192-970be3fffd63,2.E.9.d
e7a05edb-cbb2-5968-b766-bdad1256da13,2.E.9.d
19f59720-e862-53be-b240-4f6cf00b1f31,2.E.9.d
013c76f9-a345-56b0-af30-2c80f45faeef,2.E.9.d
1e19d0ec-7abf-5b63-b20c-632f5da112f5,2.E.9.d
37a8079d-19ad-5933-8c1b-807a15d053d7,2.E.9.d
404873e2-13ea-510e-99cf-7d5c95b8a2a3,2.E.6.f
3bfd6b7a-f0f3-5b38-b506-151232ceb460,2.E.9.d
76afdc4f-3116-5c25-8f06-6061322cc652,2.E.9.d
21350874-3da5-56e3-a0cc-750f9e7c5ddf,2.E.6.f
b90e1a18-1188-5404-a888-84c873bc4a04,2.E.9.d
d7ee796b-00b7-5854-a2f5-7b8693117ca3,2.E.6.f
a5f5b11a-7042-51dc-90a5-a24ecffbe7c6,2.E.9.e
a56157dd-ed7f-5a80-afb6-6eb9f38fec05,2.E.9.d
f745e2a1-a23a-56c3-a0d7-efed27450b69,2.E.9.e
6c43841a-58d0-5ea9-90cb-e12bc2cb1a9a,2.E.16.e
f6ce3252-fa04-5499-913f-49ca2366c4af,2.E.9.d
fd488ecc-8c9e-5145-a0ba-e3df4cb1cd60,2.E.9.d
9ffea59e-8475-51f3-aa0b-c5062aa320f7,2.E.6.f
c3f152b1-231d-5399-adb9-88c99fbcc605,2.E.9.d
1685256e-4a9e-54b9-8fd8-ababdfbbabe2,2.E.9.d
43284e8a-7e0f-5406-b03e-0a3e7c42d9b4,2.E.9.d
21730113-2548-5c55-be6c-dc49c891b10b,2.E.9.e
7342f0cb-9944-573c-8669-1d9bd5c5fa9e,2.E.9.d
2b680218-f29c-5986-99e9-9d9ea0cb86dd,2.E.9.d
8c44dd6f-b0fa-5188-aa84-68ba99e9a6e9,2.E.6.f
47c4a7aa-fd83-5242-bf4e-85ce9ceb07d8,2.E.9.d
a168be77-ea50-5382-bbfa-cb45d0680005,2.E.9.d
0f35bce1-a2f0-50d5-92ae-3b1924d696f1,2.E.6.f
980ac469-8df5-5499-9677-bf68af0f9460,2.E.9.d
7e1018a0-d2df-56d0-9bd1-bcf0773724b8,2.E.9.d
b4445e5f-6e10-5802-a240-a0ba1c78518c,2.E.7.b
580fa22e-910a-537c-9fd4-85c8440b68f3,2.E.6.h
c90c50a9-122d-5869-91f1-e8605b19cb6b,2.E.7.b
97871bca-7805-5c9d-aa56-261dc1979b91,2.E.9.d
10b3600f-3968-5088-87b5-62fa38e15cd5,2.E.9.d
7734936a-dd4c-57a1-a5b3-e2790e78b6b0,2.E.9.d
e479e50f-9b0d-5c7e-864f-0abd53c79459,2.E.1.e
51f5cd9f-bd01-5564-a1c5-fc2520dd49b2,2.E.1.l
d8f60925-899a-5558-8370-b169b121bb75,2.E.9.d
18f7a5ee-377b-5ca7-8a63-bc0fa2612321,2.E.4.b
b7153cd4-e37e-5b4d-92bb-a995b21c7927,2.E.9.d
9142a329-0f09-59f9-bf25-2281e9d873a2,2.E.9.d
1676e27a-fe00-5cad-ae54-0d0d038caa7a,2.E.9.c
accb5b0a-785d-50a8-bd82-55d47c5ccf96,2.E.9.d
a1d91053-533e-5de2-8ef1-4ff8b1d585b6,2.E.9.d
dfc3b3be-894c-5239-80d6-59a38d8995f8,2.E.15.a
14442411-3959-5aa9-abdb-7d5dc20714f2,2.E.9.d
a0e546d5-6c12-5f9f-969a-576a5608f8d1,2.E.9.d
a8e98bd1-cc46-5592-a301-858a2abace22,2.E.9.d
ddf1f47e-8e34-574f-81ff-167e8f2c5467,2.E.9.d
83d59a24-6dd5-50cb-9a07-ef4efa9a5dd3,2.E.9.d
c2e9b0c5-7802-5830-8ec0-cabd8c413af7,2.E.9.d
3959271f-46d6-5a96-82bf-69f4c8ec616a,2.E.9.d
3906bf2c-524f-5e19-b09a-24eeaadbe97f,2.E.9.d
a390946a-3288-56b9-af7d-67128382a003,2.E.9.c
0d26e772-158e-5d76-879c-5c8fe20ac6c7,2.E.9.c
21bd97b2-6ac6-5683-b2eb-c09b8110499c,2.E.9.d
15e77ea8-8453-5807-b77e-79eb564582cc,2.E.9.d
11ebd31e-3d48-52bf-bd8a-4b18a92dad9c,2.E.9.d
badb748b-8812-5828-abd6-55a13288bc8c,2.E.9.d
f45c4349-7007-5eaf-a807-3276e2516895,2.E.6.f
5762e5f3-024a-5c39-985e-612ad236b369,2.E.6.f
6b12be49-a41e-594c-8b76-83e95b45b62c,2.E.16.e
b93d2bdf-f09b-5401-a080-734cf27cc022,2.E.16.e
5271bf3a-eceb-5987-b075-649ed91490b9,2.E.9.d
a9008109-9b18-5be6-ae07-c491b0d30182,2.E.9.d
ec30a93e-c55a-5f60-a412-73f2ba8b7243,2.E.9.d
68cc5bfd-7db4-584b-a677-add3174afb18,2.E.9.d
09263f23-12e2-5d5e-b4b6-f5fb44d20bb3,2.E.9.d
bb3a22a2-aa40-5d97-b43f-9340d1529f97,2.E.9.d
63efbaf9-abdb-5f27-ae2b-8cf8d6b2f43b,2.E.9.d
27e9b719-066e-55ba-981b-c8436ae9a5a0,2.E.9.d
1a8c6d8f-88bb-5ed9-b21a-183d79e4d617,2.E.9.d
5330a790-c598-5bb2-a6a0-bbbcf53d1fd9,2.E.9.d
64a62f36-677e-55b0-89f9-ee874bb70489,2.E.9.d
ba481434-1bf1-5fe7-9025-340eb9d7fe08,2.E.5.b
db96e7d3-9bf6-5764-aace-d3a5ea900a66,2.E.16.e
17a38908-04e8-5f23-b2e1-72fb9af32f22,2.E.9.c
0a2573bc-859d-5f78-bafc-3255cdf6ec6c,2.E.16.e
45762720-6494-556d-ba4b-1637e60c1123,2.E.9.d
fb259c91-c5e9-57a0-86c4-a2d408eaf515,2.E.6.f
f01d3187-bfb7-5008-be57-ecdd600505aa,2.E.9.d
9ad90f69-737a-596c-9d49-40a66b46ea40,2.E.1.k
4951eac7-08ca-56b6-87f7-9e15450931c5,2.E.9.d
f20fa285-dc6c-557e-8791-a14a093b7163,2.E.9.d
f6946633-14a1-5526-b8fb-b2eece2a8df4,2.E.9.d
1affdfb9-f5b4-55eb-a459-b991e5a7e321,2.E.9.c
b042abec-ee51-5bf9-a347-64ed447d8133,2.E.9.d
a215a053-f02a-595c-932c-108837699f47,2.E.9.d
eca6901e-9202-5202-9fa3-72b0c9a8d8d1,2.E.9.c
07bacfcd-ef90-5552-a3e9-a1476a4154da,2.E.9.d
2742e603-935a-5122-a25f-bc39121e1b72,2.E.9.d
c0d5fc9f-7884-5721-9e85-0bb6473a6373,2.E.9.d
9a36d2f5-f74e-54bd-8804-3dd430f7be1d,2.E.9.d
32d9f771-42dd-52e3-be1c-f41820338527,2.E.9.d
469f98a4-1f85-59d5-a31b-f0a298167bee,2.E.9.d
6f7bfbeb-9032-5410-83d2-abbf914e80d2,2.E.9.d
4df26d24-c6ac-590b-889f-459c362431dd,2.E.9.d
32ed0c27-0d13-5ac1-b264-79dabc817a95,2.E.9.d
a24c3ead-8e0e-5598-bcd6-e6bdfea7ba23,2.E.9.d
77ffdc45-9b08-5bd8-82a8-8125ce7702f6,2.E.9.d
6a8dec9c-ab79-5d11-996d-131f20be349c,2.E.9.d
b5f1dd7a-ebf7-5710-a600-ad55d1f81b47,2.E.9.d
ff03c54f-e82a-55dc-bacc-7956000eb3c8,2.E.9.d
87b9133f-fb5b-5ca5-915d-15f38d5ec4a5,2.E.9.d
3613ed73-7ebb-54fd-a545-f80a9d9ef0d9,2.E.9.d
bc9405b7-e0d4-5956-bfc8-73b2ef33027d,2.E.8.h
6f43b1ba-d3eb-59b2-a4ce-9d3591acaf9f,2.E.6.f
ccdd5bd6-e371-5e67-845a-8d21dda18d0a,2.E.9.d
080619d0-ea5c-55bf-93f5-2bde49bbd522,2.E.9.d
b643819b-e95b-5d99-ba62-1093622da588,2.E.9.d
b0c4fbf4-0ae4-5c8e-910e-f5e2539879d5,2.E.16.e
7a85b564-95cb-500a-844b-099b334e9c77,2.E.9.c
877853e0-3f34-5490-ab9e-4b99f8cba84c,2.E.9.d
9d2ee769-8499-5c56-b724-596f806042ed,2.E.9.d
e8c2273e-5a4d-5bf2-b13b-3164a058d761,2.E.9.d
d4b35eed-adb7-54b2-a811-906f6b3a1070,2.E.9.d
43419b51-a2a3-52a8-9b46-572632fa52de,2.E.9.d
78ed48b7-2b6c-5236-b934-40d511c0bcdf,2.E.9.d
a72b834d-5f56-536a-9a7c-8cd11e482b9d,2.E.9.d
36d0827d-3ae8-5301-88e2-08560fac08cf,2.E.9.d
36096801-68c8-5ddc-b3ad-2426713cb4ae,2.E.9.d
b2d9d696-928e-5bbd-8964-7be2d9a32e26,2.E.9.d
60a041b3-b725-5c0d-98f0-537f09471977,2.E.9.d
36df5b9c-c93c-5ff1-96a8-fea94fbce4be,2.E.9.d
27281d0b-564f-56af-bd61-8c4351fbf63e,2.E.9.d
bc113447-dcf8-53f6-99ab-7a5ba192453b,2.E.16.e
46c1775e-ae83-5be1-b51c-3eb27b3cd4b4,2.E.9.d
c74a3b6d-d307-5217-af28-a2fe7ef551f7,2.E.9.c
341c2a68-3a14-5aad-ad09-d752b37b94a4,2.E.9.c
1b05708e-455a-52d8-9c5c-b612750c674b,2.E.9.d
36b23b21-aa29-58b0-9214-e79e744d8d8b,2.E.9.d
d82dd2ac-7243-56a5-98d0-ee394b5d921c,2.E.9.d
6a360e9e-6aa7-52d5-a67a-8cc7576b9655,2.E.9.c
166655ff-2c99-57c2-811a-9b758b053d02,2.E.4.b
351f3934-218e-535c-afe1-ff3d25ececd2,2.E.9.d
c4364063-109d-5aae-8ce6-950282a538b7,2.E.9.d
097919bb-56e3-5e89-a4f2-5807995e0dd8,2.E.9.c
14442411-3959-5aa9-abdb-7d5dc20714f2,2.E.6.f
d1f41b90-806e-5bca-8d30-057b31237003,2.E.9.d
e1923244-e08f-52f6-9d24-b2d6c92d82be,2.E.9.d
34297c98-ff0b-5dac-91a8-7ef158490ad2,2.E.9.d
ffee0ebf-2c1f-50d4-a9f0-08481e6535f6,2.E.4.f
898fb04f-5cb4-501e-93b8-4ab8c11d2e3a,2.E.9.d
9130fc08-ba15-5008-89b2-e15f31882ae2,2.E.9.d
53c35fcc-64b9-5dd1-8f94-333c1375e8e8,2.E.9.d
53a8dacb-1112-53d5-bb17-c726d4420c79,2.E.4.d
48f33165-4f59-598d-aa41-85c1a73d19e7,2.E.4.d
cc0ffd9d-e6d7-5507-9a22-fa720afe55ba,2.E.6.f
eaaf8e73-2f06-5d98-93ab-937c3cd16cac,2.E.9.d
7f1891ce-9cf7-5136-b3a7-05a5c7e7b4d9,2.E.9.d
bd2289e6-ccea-54d9-8676-5f92029ffaf3,2.E.9.d
dcb5e201-9210-58dd-8149-47165a438237,2.E.6.f
da0ed894-c1eb-5f1c-b4cb-c0c36233703d,2.E.9.d
23c096e1-650b-551b-b4d1-d5a7b86216b3,2.E.9.c
7d4175d0-6b5c-5767-aa23-5e49f62d4235,2.E.9.d
9c8a672e-1d38-5fd7-a250-da9dd22195d4,2.E.9.d
a5903547-845b-55ec-b83a-d81a5a112f4a,2.E.13.c
8dc344c8-f611-5cde-b7d3-4a3ff3e5f0e1,2.E.9.d
0a82c5ea-588d-5a7e-bcd3-ebb7e1a9d872,2.E.9.e
44350821-eec6-5806-b50e-498155c9f07a,2.E.9.d
316d907f-0708-5330-bb03-71608771f390,2.E.9.d
cae7226e-b024-5ea6-a51a-7360ed4bdb3a,2.E.6.f
1997db1a-4cd2-5679-a362-55320a8961a7,2.E.4.b
3cd516c8-8468-57af-8a66-22c6f7bae96c,2.E.6.f
f5b75013-49e6-5889-849b-d2cac61ec0a9,2.E.9.c
82a1c191-c3f6-5eba-8953-0692c55d77fe,2.E.9.c
b3cd7839-aa3f-50c0-a6d3-37a1d7e7bae0,2.E.9.d
3e8ac7e5-1ac7-5cca-a80d-839cd86dba67,2.E.9.d
ae1bced0-7ae8-5d83-8618-ccecf3275cdb,2.E.9.d
5050afd3-6a25-5424-8611-0d901106920c,2.E.9.d
9b9e7d0c-0943-510f-b51b-964633cf82c5,2.E.9.d
d7436ec4-f783-5811-918d-f74984ce6849,2.E.9.d
703fb254-5848-55c1-9067-37229d5ba568,2.E.9.d
177076eb-c64d-5769-af5f-f5702ec539dc,2.E.9.d
11ec0ad4-edfb-5aa4-9dd3-6e8b9b02ebc9,2.E.9.d
5cc852d3-602b-5d4f-bccd-8794e6dee976,2.E.9.d
3016e534-d1d4-5b37-97cc-7632e37c5699,2.E.9.d
27cc1298-0cc3-5f0c-9ecc-87a1c0d69b30,2.E.6.f
b5ed4111-2343-5a65-ba69-96fe7e815f5f,2.E.16.e
f5df131d-682f-5aa0-8f1b-999d515d8e9d,2.E.6.f
0a0e007d-aef5-53b9-901a-c536332a3617,2.E.9.d
685c5a67-c7c2-5e32-92ba-c6d84c593173,2.E.9.c
e310661e-9951-5c0e-8482-37a61e2bc9fd,2.E.9.d
5aec76e5-5a6a-5bd9-adc3-b050a3781e3a,2.E.9.d
eb979d64-6d52-5884-b539-4f9aa3c0144c,2.E.9.d
b702469f-8f81-5f1e-9f92-391d5291e200,2.E.9.d
37d7828a-a248-5a44-9dac-947e29183717,2.E.9.d
d499e9d6-3e73-551f-98a9-58e76d1828d2,2.E.9.d
6737a89d-50e5-5e39-90a7-a0eb2774f2b4,2.E.9.d
eccf80ce-09c3-56f5-90fd-dc540b926f5f,2.E.9.d
177fa106-c273-51c8-83ff-78e6ec187781,2.E.9.d
3f6faa12-7191-5742-93e5-4fd21b4f0d11,2.E.9.d
5bbee7ba-a94e-560d-84e6-bdc7e25d82bf,2.E.9.d
200a5c05-72aa-5b3d-8c52-135910615724,2.E.9.d
7cf560a3-601a-5a90-a4e9-a4d92b284d4b,2.E.9.d
e096936a-e247-590e-aa5a-19da76d694df,2.E.9.d
d5451187-d39d-5bf8-bea4-cb4a384e05ef,2.E.9.d
2399edde-7972-5313-9657-6f53b433c04d,2.E.9.d
a1fae00b-a500-5b62-9920-ca6367f3bfe4,2.E.9.d
3cb724d5-ece3-5423-9af9-c655f4dc37f1,2.E.9.d
931d57b1-9723-5401-90d0-fc4cdfe0c54a,2.E.9.d
e5486717-34dd-5451-b2d3-955118c6db8e,2.E.9.d
1a6671d7-88ae-5870-8fd1-bf282d0c2333,2.E.9.d
c6ef0055-177e-5da9-b5b8-328ef3382127,2.E.16.e
d1d779fe-3424-5004-a717-2260598ae881,2.E.9.d
d008e8a1-0b7a-5720-9322-d59b15aec28e,2.E.9.d
9f56a23c-8d2f-578c-a208-4050bff68ebc,2.E.9.d
0e525bc8-1005-59c1-9d67-e719a88389ed,2.E.9.d
c44cae74-91e7-5783-a882-19b3561d4180,2.E.9.d
6d7ec2f4-dbea-5606-8741-ab3df754426a,2.E.9.d
b438d410-dbe4-591f-b9d6-3f08b8923a8a,2.E.9.d
69b3219d-1120-5f3d-a299-393e2f480fd5,2.E.16.e
3d57d0b4-d0e3-5a17-b88c-a5460ce717e2,2.E.9.d
c98d23f5-c16f-58e9-9e09-5649f18096db,2.E.9.d
4f8caebb-41f6-50f2-b4e4-60052d20991f,2.E.9.d
56aa8656-293f-509f-8750-1576c978a8b2,2.E.9.d
1a87ec51-f348-5172-abc4-a449e0d00b77,2.E.9.d
b88f0959-24db-50c4-8e90-715f5a861fd3,2.E.6.f
d87c614d-2694-5fbf-aab7-60555a1413e3,2.E.9.d
b4b0a18b-b106-5ca7-83a2-bd37227f56ed,2.E.9.c
464e5c43-be00-5dd7-a46a-0e214bf0a24e,2.E.16.e
2b67afc4-0b2f-5064-bd8e-164eba0e6524,2.E.9.d
ede36f7c-2e51-57ea-8b15-cb55375637c3,2.E.4.b
e72c3c0d-eb67-5510-843e-c965c46bee63,2.E.9.d
cf989237-b539-54a1-b200-95df812541a2,2.E.9.d
75a29b76-bc4a-501a-b96f-bb117d006878,2.E.9.d
cf84f44f-1c5c-5446-9c89-e2f7659e2d1c,2.E.9.d
2ca727f8-fcaa-5c2f-9d8f-dede8149fdaa,2.E.9.d
033559fa-ffc6-5e7b-bb7b-aa8f71d9e682,2.E.4.e
8c8bbdf0-2d01-5a79-8604-8244a49fe3b1,2.E.9.d
3d9737c0-8939-5333-a718-0e7fa92579f9,2.E.9.a
65a34f84-88fd-5431-b047-eb34df0e9e8b,2.E.16.e
cc619e85-ccb0-5c50-ac32-71d2ea981610,2.E.16.e
57cf67e0-19ad-5f69-87c0-e1b40603f898,2.E.9.d
9a9a4187-f3f6-5096-8150-f37330c90f4a,2.E.16.e
21224412-c786-50e1-ad99-729815a5eed6,2.E.9.d
ce176e7f-bfb2-5f76-869e-4be0e1852367,2.E.9.d
4169d5db-0b57-5b78-b776-2ad039ddf992,2.E.4.b
225ed7f6-dcf4-5c6d-bcd5-94647acb86a4,2.E.16.e
ed97a63b-dc4e-5662-aae9-3902a5fd9976,2.E.16.e
acad76e6-e5b8-54a4-b0b1-99fe4e8c1d71,2.E.9.d
0a8dfd73-47ad-551e-9148-b81954859416,2.E.9.d
626715c5-fca4-5d47-967d-0c8d8620ac90,2.E.9.d
edaa514a-29c9-5280-898b-e87e25958753,2.E.9.d
4c0a0e39-3db8-5704-bd94-99410693caad,2.E.4.k
c3928ae8-0a1c-5703-a3e2-0b5c0dd4def3,2.E.9.d
af84a0f6-fdfc-53a0-8f26-d4d8f3381722,2.E.4.g
27b1353f-26bc-5ad7-8d30-0d3571069c60,2.E.9.d
aea46741-d25e-5623-8940-7801f5166f7d,2.E.9.d
cc3a5540-57af-51c8-9c87-209c3bbb066a,2.E.1.i
3c292ac5-8e16-52df-801a-7e3441e83923,2.E.6.f
472c6e2f-a103-5259-9ec7-456e306bf47e,2.E.4.g
22186d9a-7431-5802-9776-b582a7fb0d5c,2.E.6.f
0d585525-f4be-5762-8491-921839ba8c9b,2.E.9.d
5be5b5a4-657c-5424-b77a-6e03264e830e,2.E.6.f
7eba1e03-bf5a-5cce-9cd5-533a146b4e4f,2.E.6.f
1a7ddcc5-fedb-5d0c-b1f4-ee21881401cf,2.E.6.f
3345ac60-9561-5754-aea7-ef5c212c490d,2.E.9.d
04dbeb22-34a5-5245-9ff5-0e3c73c0d3ef,2.E.6.f
01660b24-0ef8-544f-b9f4-7dd0e13048cd,2.E.6.f
380505b7-0299-5de2-8075-76acdc4c7b56,2.E.4.b
800cc657-2f5a-5c1b-8335-457f042a43e5,2.E.10.c
2be20869-8e6e-5f87-9e24-9b4eca0960cc,2.E.4.f
a91a5441-de01-577d-a67d-32a0bfd394c0,2.E.1.i
823b122e-b9e5-5b00-b6c5-6f4a5baea480,2.E.6.f
76501f77-225b-5868-8d75-1d4aac47d7cb,2.E.4.f
681bb387-03d8-5882-ac53-df0e833260c7,2.E.9.d
147ba654-edd4-56a8-992e-28c07ed12133,2.E.4.k
7bf208db-87fb-5b68-8ac9-7f05b0ba99a7,2.E.9.d
5734183d-8a68-5fc7-9f21-b75ffd3c8930,2.E.6.f
8e954bb8-1f03-5b80-a149-e87179f61df8,2.E.6.f
fc0c4de6-aa77-5313-bf97-c0c4d5cd7b81,2.E.9.d
d399680d-2a8a-5233-9c10-d433e180a776,2.E.6.f
8b3ce11f-2056-5b36-a212-9222c4f4dd38,2.E.9.d
c45c3956-2177-5b48-9b16-ca226e3ff0d6,2.E.9.d
d7524315-cf09-5242-8dcb-fff15c75563e,2.E.9.d
addbb289-a67c-500c-a455-386e060a2c28,2.E.9.d
a8073b12-3428-54b9-b3c3-b78823e97f68,2.E.9.d
481ccce1-9aae-59c1-95d9-c066df3b3b5f,2.E.6.f
e8fde225-e6bd-5302-badb-7a74010aa890,2.E.9.d
5427fcca-074c-53e3-a213-5df45d542eca,2.E.9.d
86cc325f-672d-55aa-961b-382b3357fe5a,2.E.6.f
a46ddf0f-8cae-5d25-804e-cea099f16619,2.E.4.j
eaa543a0-fe2e-517b-86fe-d7da91521560,2.E.6.f
7fc8f203-8735-5146-a762-d90286dfc8fd,2.E.4.g
c2697d7b-b2b1-5740-9b4e-e5cb519796e8,2.E.4.f
8da466d5-86a2-552d-aed2-fe6e6c688599,2.E.6.f
ff8a9bee-ab2f-5cb8-b88e-06d7bd94ff7b,2.E.6.f
efa40704-f9a1-5696-aca7-ddec4ff12fbd,2.E.6.f
7804120f-ca38-53d1-a0fb-a2d4a00de869,2.E.6.f
9d6e79fe-3d84-5076-9111-36ec3ddfd863,2.E.4.f
4bfd57f8-e90c-5f41-b082-da93b442c2e6,2.E.1.e
3531a8ba-6f50-5d88-aed2-3c737ff7132d,2.E.9.d
2afdfbea-b779-594a-b060-00ebb002b170,2.E.9.d
5fb44dcc-a9ce-5692-bdee-683299bb7092,2.E.9.d
0f56caa0-69eb-598e-9acd-10e7202414a4,2.E.6.f
03b80ed3-d2a4-577e-a678-008fbad8dfb4,2.E.9.d
f06f4e6b-7939-5ef4-ba6e-c0175c07b809,2.E.6.f
03e8af6b-a227-5642-bcd0-cfd74dbf6fe7,2.E.6.c
24c0fbcf-b141-5e3a-a18c-e628f52ef33a,2.E.6.g
a7820147-e804-5cf7-924b-84f4988d6032,2.E.9.d
684c8595-570b-58f6-8d8f-c7038ef31751,2.E.6.f
f902f293-7d97-5394-bd0f-df72afa64994,2.E.9.d
8a344274-9ea4-552b-b7ba-6e20c355cccb,2.E.6.f
dc038a5d-04d7-504f-8bf3-585cfd8afaf4,2.E.9.d
0150e971-30a2-5af8-9ad4-f385b6f698d4,2.E.9.d
ca58cc70-668a-52b5-848e-50b21db4340f,2.E.9.d
76061233-d3b1-55df-9f6d-42e0478e2d50,2.E.9.d
9e698978-bd71-50b2-ace1-223de856b9ee,2.E.5.b
2bb66ec9-63bb-5f07-b497-df9c9e84f974,2.E.6.f
14856a57-9625-5aad-90e4-4610d6dbacb3,2.E.9.d
d393c29e-e602-5965-bfb2-32de55af3b3c,2.E.9.d
68b66585-f841-5ac7-bd2e-7de0c2e65d36,2.E.9.d
225d8832-34b0-5416-a3c4-9c0a4913608b,2.E.9.d
47bd03d5-6f1d-5344-8d4a-77390ffa19a6,2.E.9.d
8596b5bd-c533-5228-b64f-1cca36733c87,2.E.9.d
c7554a95-3f6c-517d-94b3-96f01feb15c5,2.E.9.d
65ffc65b-3ffe-57f8-99a8-9f3887884699,2.E.9.d
7550bbc0-f6b4-5727-a29c-8388d74c448b,2.E.9.d
0bfff708-91c0-5836-8e5b-49253bd0078e,2.E.9.d
7b870eb4-9a61-5fe7-88c9-0a607b0969d4,2.E.9.d
36b81081-a6b6-546d-bd50-f90d12821896,2.E.9.i
2011f674-ed6c-5dc7-b975-63e7223a4c45,2.E.9.i
fbd58c2d-f651-5ad7-a472-deae03709087,2.E.9.i
ed7630ec-5108-5ddd-8c28-6904ba93e59d,2.E.9.i
f206b25b-67e2-5fc0-a51e-4aff1f64f223,2.E.9.i
9369ee1b-2464-53ab-ba57-cfd806a9c575,2.E.9.i
68e793d9-4acd-5a85-931c-ed7252b289ff,2.E.9.i
018c711a-f53f-52cc-ab8c-eb7965a74ddb,2.E.9.i
de9e78fd-0b58-5a6f-add1-46359ed1b9c2,2.E.9.i
5dcc7ec4-2a73-5a1f-8605-cbad29a0b6ca,2.E.9.d
8e5efbcd-e99f-53c1-98fb-4ac061294af4,2.E.9.i
48b2e8fb-b12a-5711-b9d7-6184a855c083,2.E.9.i
525a40fc-3c5c-5c21-a973-6fda08c43f64,2.E.9.i
c99a1e07-70d8-5d2f-a881-4550c53311d5,2.E.9.i
9fba5bf1-f2ad-5f8e-bcb7-ed6037527b88,2.E.9.i
7dafbbc8-a1f5-5415-ad1f-ee33ccd4192e,2.E.9.i
42100380-cce5-538f-bf26-12df95b0b7d6,2.E.9.i
33ca4674-b34c-5168-baf6-5dd6c67117e5,2.E.9.i
b6456645-1400-55bc-92e2-48ce6612f162,2.E.9.i
185e5807-70f4-57af-ab7e-9e1e11a85a3e,2.E.9.i
3ee139e2-230c-540c-a7b3-d93bada3c35f,2.E.9.i
077eb3a9-6680-5fe0-908c-cc5055a80df4,2.E.2.f
67d60ebc-2058-5059-85c3-9b06eb453199,2.E.9.i
b49947fe-1f06-5f8c-b991-ba14240137c6,2.E.9.i
c4e9532f-37ea-570f-a5ea-2dce2cfe7da4,2.E.9.i
27558e85-2f61-5bb6-ba71-4be56a46bf48,2.E.9.i
3cd4f2aa-352c-510c-96f7-27d4474d4d2b,2.E.9.i
08c77e2b-82be-5cf1-839f-c1a51d4302a9,2.E.9.i
14b1860a-fc65-52ad-94df-1580f67a897f,2.E.9.i
a7edb959-79f6-5786-b11e-f02481003b4e,2.E.9.i
ce5ec06f-2248-5fed-bbca-172f6a8ffe6c,2.E.9.i
d33d86b7-d999-5fc8-8433-ac216d29e859,2.E.9.i
1bd545f7-b080-5877-9621-1f22a3e080d3,2.E.9.i
7530cb86-7cfc-5847-8573-b23e5db327f1,2.E.9.i
9aaaf519-e215-59e3-8172-d36086c80dbe,2.E.9.i
3bd4f03b-bfdf-5c57-adaa-4c5ac878cca2,2.E.4.h
c7af4bfc-d4be-5f50-8f79-15b971d7ebda,2.E.9.i
253612f5-3da3-59a5-9fd4-98b56c94193e,2.E.4.h
c3bd4a0b-b2b7-5707-8a28-d043c0b51bdb,2.E.9.i
c8bbc378-e568-5c8b-b522-7fefe938c1dc,2.E.9.i
6abb5965-189e-55b0-a43c-421302ca0e8f,2.E.6.f
ea2eae35-29d2-5b4f-91b5-bcd111be3e7d,2.E.6.f
352bcd6a-a60d-57a3-b358-515be64198a6,2.E.6.f
39e13977-cd59-5595-bc2d-c194e6b6441b,2.E.4.d
c929fe8e-ae4b-55d4-bcc2-6bfca3e1958d,2.E.6.f
6912b188-35c4-5cfc-a9a6-c359bda28370,2.E.8.b
018205cb-68b2-56ef-b0cd-988faad502e8,2.E.6.f
ed71667d-237e-5453-813b-2f80fdd44f2d,2.E.6.f
dc291c7b-52f9-50e8-a6a4-c1c910cb0774,2.E.6.f
9dc0d41e-6f12-57ae-b687-4741d6567a76,2.E.6.f
9c09db5b-a6e5-5c67-9aeb-f54bb9da8dc5,2.E.6.f
528f069a-ffd9-5568-83d7-d8f4a1db7f0c,2.E.6.f
ef8fee78-a331-57cf-b298-f76053fe2995,2.E.6.f
d2f53146-d7d9-5167-9686-813e236435a0,2.E.6.f
c2097041-d96a-5da6-9ddf-bbf7aa3d7e6e,2.E.6.f
88a525a6-7424-52e3-bd8c-6ddd9ec2c50b,2.E.4.j
cce0eaea-7d58-5c44-ae34-9a6e778dacf6,2.E.6.f
d0971d89-bcf3-5416-b591-581cf354bcfa,2.E.6.f
9ab5f434-ebbb-52be-9704-ccb671f9d279,2.E.9.i
51fab926-247f-5dbb-b702-64f65756e43d,2.E.9.i
9aa7dce6-c944-5228-910b-f38c64f07b15,2.E.9.i
c2587b23-6140-52a5-8b38-20e7c5be6bbe,2.E.9.i
c64622dd-409c-5183-9fd7-32ce0c2461c5,2.E.9.i
76ca8d56-83af-5ade-9274-4d637494d25b,2.E.9.i
c60d0078-7104-51c9-8ce1-7b5a917e6388,2.E.9.i
bf511bac-cc7b-5656-9f32-d517c818b15c,2.E.9.i
37ecfe47-fa3e-5b2d-ad29-6ae15d710f74,2.E.9.i
f7a2b331-0da6-5582-8548-92112409f391,2.E.9.i
75938274-c907-51a5-a737-c25943c9b140,2.E.9.i
9898cfde-d39c-58e3-86e6-bda054462de8,2.E.9.d
7607d8ab-1fae-54d4-80d8-0fec9a4de752,2.E.6.j
8fe1e0b8-188b-5299-997b-d81575bcea83,2.E.4.d
339f1d02-499f-57f3-828e-6aab32d3ab8e,2.E.6.h
1c92d19d-f3a0-5b43-b05e-20b0f8fb31a4,2.E.6.f
945405ec-9427-510c-bd64-8d40f642f561,2.E.6.f
79b5b2f6-4f14-5571-bbde-a227582980f3,2.E.9.d
d122729e-3734-5966-a8eb-b0d215be439a,2.E.4.g
72ec9478-76f7-5896-b0ec-bea26cb5f57e,2.E.9.c
71f28167-07ce-5142-a2e5-6aabed42bc19,2.E.2.b
1da51920-36ad-5095-91c8-830be7bbba82,2.E.9.e
8bfc411e-dde7-567b-8358-bda160bb431b,2.E.9.e
d276b3d8-9b0d-595f-b031-691a3b31db72,2.E.9.c
4fe31849-8ac9-563c-b802-4ffa2214c214,2.E.9.d
58c2adea-beb7-568e-990f-5c0d24d859a6,2.E.9.c
1dfcad25-60ba-55b7-b1a1-1921af01808d,2.E.16.e
115be7ab-1391-5b19-bc37-192006806419,2.E.9.c
9551d968-dc62-5bc3-ab72-3efc83810d6c,2.E.16.e
eed7190a-d990-525a-aaf1-603ff205979d,2.E.16.e
3d7e4edd-966f-5dbf-b4e4-89c67392cefc,2.E.6.f
d4450f8c-c56f-50ce-adc5-3e24d0176c27,2.E.9.d
6b75c1f8-11d9-52d2-b79e-485273af9d51,2.E.9.c
526002e1-c20c-511b-a4a6-53a3dffe44e5,2.E.8.h
18304dde-410c-544f-89f8-8d067234001c,2.E.10.b
e8ff8440-4e33-508a-abbe-8b2055bf3133,2.E.2.e
cee23d09-042f-5942-9cbb-f10b1afc9065,2.E.9.d
75810296-2afd-5f24-98b0-e226de739689,2.E.16.e
226adbe6-5bb7-58ac-a076-7757c92e1d1d,2.E.6.f
4f815ae5-e7c9-52e0-9256-d7d180cfd0a7,2.E.9.c
bc57dda4-832a-5e4c-b4bf-996a56a33f93,2.E.16.e
87e1e367-388e-5fd1-90e3-3fc272c7f513,2.E.9.d
a559253b-500a-50ba-8015-1581274e4ef0,2.E.9.c
3869da97-2db3-513d-ac6f-1feba6859c8d,2.E.9.d
2341ad0b-8a7e-522c-b024-6595407fb699,2.E.4.c
36738ca4-cd37-5d13-8cb4-11fe29f078dc,2.E.9.d
fca143e8-4478-56da-a9f2-9f3236a64a57,2.E.6.f
b2fb9040-0610-5d19-818b-14ec7151f598,2.E.6.f
43374243-ea48-5cca-a11a-87d31b5b9391,2.E.6.f
86de10f8-8c39-5da3-ab28-3ba616d7bec4,2.E.4.b
ae848b46-d6dd-53fa-88b6-d8f1abbd2fe8,2.E.4.c
bda09592-7407-54fe-95c1-b82c6925ef7d,2.E.9.d
15589e2c-ac4d-5ba1-9302-fbd82c24ba28,2.E.9.d
0563fa80-fc55-55c9-96d0-a605448a29c9,2.E.4.c
41e5bbab-b170-5717-8459-46e5195be374,2.E.9.d
350e64c3-788b-577d-8db3-f931e4a92c47,2.E.9.d
c8d6de64-9bc1-55f2-a691-e74a3eeb0d63,2.E.15.d
cdf7405d-e22d-5a11-b028-a118eb83b978,2.E.8.h
d115ce72-5b6f-5488-82b3-33ebd1b2a9ec,2.E.16.e
c8ce9710-2bd5-5de1-b10b-143aa3423772,2.E.4.b
9b162796-560e-59ac-8cd7-9d78384748ae,2.E.4.b
213bb0bf-52d7-5b3a-b5fd-9a59cb9017f5,2.E.16.e
47b4840a-94c2-5928-8404-7f784b4150be,2.E.16.e
e68dd76d-e657-5393-bfb1-5db06c125d40,2.E.9.d
62a04744-581b-5b4c-b992-c6ab09a718c6,2.E.9.d
dab9f0d0-05f3-5b8d-ac1c-fae537cd2708,2.E.6.h
701de0a1-76ef-5fd0-b5c0-103943e38c9a,2.E.6.h
eeffdcc1-5087-5e5f-be3a-4c0f79730dfc,2.E.6.h
6ff29cdf-0b60-52a1-a9fc-f1a97beeb017,2.E.3.b
a4cb1ea7-d30f-51ff-9696-76bcc3b9fa19,2.E.4.d
2f9d7f4d-4640-501e-8717-ccfe245a3653,2.E.6.h
e0a63ab1-7b92-58e1-945e-c0b063b21134,2.E.6.h
30e25672-ee58-50b0-a5fb-0e04b28003e6,2.E.6.f
7c7786a1-bae5-596b-a2b6-7e9c796fe3fe,2.E.6.h
a1ea1da8-8913-5707-ad38-c4dc07e7f1ef,2.E.6.h
ddf23fd1-f727-5515-8004-5f5c63ea8ac7,2.E.6.h
a54f8177-ec86-5399-9e60-5cfc392e57f8,2.E.10.e
f6c2132d-c93e-55c6-92f2-f7e0c1a9e860,2.E.6.h
330aed4c-b1a3-50a7-9d30-00fdccadaa8b,2.E.6.f
9f065a41-ee77-510d-bc69-e42bd741dd49,2.E.6.h
7479f2c6-3276-5c3f-9329-ab4a91b4b1ad,2.E.6.h
549873c5-9a0f-5b6c-baed-2abe47e35f5b,2.E.6.g
1c272d7e-72ef-5654-9290-610dc94173f5,2.E.6.g
a04c3d4c-08c4-5f60-bad7-766355d095e2,2.E.5.b
8d4a4f0b-3586-5b5c-84f1-f7b0f427bcb3,2.E.6.d
15d9fbdd-86c5-52d0-8b9b-489bf15b0176,2.E.6.f
32f90b21-7f61-59d3-aa88-3b124b027dca,2.E.9.d
f6d06158-9eb8-5556-93d4-0b98f80d54ff,2.E.6.h
f1a9b3eb-3cbf-51e6-9844-db505e464cde,2.E.6.h
d8fb2e4e-89cd-5f69-bbbb-9f133a1e4333,2.E.6.h
c904e692-6416-5558-b94e-c4ead34a5ac5,2.E.6.f
6ea54bcd-f50d-5392-8d89-a240e4537287,2.E.6.h
ede38f65-4101-57f1-91ec-51b69b190889,2.E.6.d
bf195bc7-fd66-51b3-bfca-3914bece6785,2.E.6.f
4662b8c7-b76e-50a6-8c57-5de017bd2fc3,2.E.6.h
d2b080eb-81d3-5c9d-aaf0-d668a39a7f28,2.E.9.d
71f3ae16-a6e8-5a56-bc79-61956a1d25ed,2.E.6.f
58be02cf-67aa-5071-8527-fe0d1fbcbad4,2.E.6.h
c0cfafee-ab46-5d80-a0c7-710f5df5421f,2.E.6.h
3c6b61ca-a403-5161-9461-ebcba11a87fc,2.E.6.h
76aeaf48-a143-56ab-8554-c8dacd5e0f98,2.E.6.h
42795da0-178f-5617-b88c-3a8c25787d13,2.E.9.d
c2d41299-5df4-5d19-92ec-9e36533f887c,2.E.9.d
c1449809-b1ed-5aaf-a513-0d7d9b7d9a7e,2.E.9.d
e37c53d6-35a1-52ed-90e4-f171ff910dcf,2.E.9.d
485f6284-480a-5139-b78e-3450dbdcc346,2.E.9.d
878559db-113c-54dd-b5aa-b5e5c613d17b,2.E.9.d
91996db3-bdbc-508a-b67c-44fbd2db1394,2.E.9.d
723d5681-7d05-568f-bcc9-089c4d4b6a7b,2.E.9.d
739ac003-85bb-5b78-bce9-8e369485ec49,2.E.9.d
7ed2f4fd-6b94-526a-94e5-f8bdc3767480,2.E.9.g
6c284e98-6fe4-5b2a-adc0-56b19bc6fe74,2.E.9.d
e58ea39b-a517-5f87-aa8d-bb58adfc2695,2.E.9.d
071dfed8-c7b3-503e-9c02-0123491efc62,2.E.9.d
eab1b1d7-daee-515e-b770-eb7de36818bf,2.E.16.e
2d319c26-ede9-5742-b053-10a06854e415,2.E.6.f
161a1190-b620-5e8a-bde3-bcada0c8457f,2.E.16.e
d3884d22-1827-5302-b2e1-ce37d2b408a8,2.E.9.d
0e67a1b6-89ca-5cb3-bd3c-9fabdb278c83,2.E.9.d
9a026a53-d238-5ef1-8f21-f74c1fd65575,2.E.4.b
aa21a34f-d218-5403-a0d7-d9448677adc5,2.E.4.d
5ce98a3a-f8d8-5ddc-9994-21a54e410e70,2.E.9.d
1da17abc-5181-5ef3-9c8a-76782c4b0ece,2.E.9.d
327e5d53-294b-54ac-8e33-4a09b4a19cf2,2.E.6.f
3cd89fa7-de12-5fca-8a41-11283f5a3daa,2.E.9.d
43eaf468-03b2-5a8e-bdc6-d8ee9b973435,2.E.9.d
9c09d9dc-b4c4-52d9-9326-35c12ccd09f9,2.E.9.d
d66ac038-f62d-5918-a901-5bad1166de65,2.E.9.c
58d8925e-1ed2-57ac-958a-3d1a7a231ccf,2.E.9.d
599bd5a3-907d-5d0b-a87c-e47bde5f284a,2.E.16.h
c7ddb62f-9769-5704-8ea8-cd994a1b1ba5,2.E.9.d
d8d9f888-0e02-539b-89be-0a3b32996e98,2.E.9.c
e5bec3fb-7915-509d-90c9-3f2a850cab47,2.E.9.d
65769764-a87f-5f06-bc8f-eb676d9e8afd,2.E.9.d
b67b85f0-d76d-5203-a330-6e7e6bdd6591,2.E.9.d
6716c878-7b55-576b-b83a-bc7089bc186e,2.E.9.d
f38537ec-b7f4-5471-b230-48bb8c1e5723,2.E.16.e
a21b8d97-6404-5c74-8a9b-ca6779ce99f5,2.E.9.d
aa12bb03-7068-52d6-aba0-8ab54f2b8f94,2.E.9.d
63349d4e-b352-530b-be0b-0c398f7fdaf7,2.E.10.a
b8835eca-c757-5e11-a4ac-54f44fdb3ce5,2.E.9.d
5d9c30e0-978d-5b7a-a949-5a4d15bcad39,2.E.9.d
27257952-3b80-54e7-8ce2-55eeede3ca1d,2.E.8.b
5f0038ba-c90c-521f-9145-4e9e2ca80661,2.E.6.h
164a8e17-0145-5de0-83f9-428f39c56859,2.E.4.c
a18f4d07-b4fa-5fc8-bcb9-5074c9642d86,2.E.16.e
7c99bb77-e85b-51af-a1ae-781fab29fd5a,2.E.6.f
9b01815b-93d4-5ff9-8d1c-ef944e2ce031,2.E.9.d
ca48ebe2-73e5-5128-a21d-acce1b08f7d8,2.E.1.f
2270069d-4aa7-5baa-856c-f57ca5a9a4f8,2.E.6.f
1233ba24-4b58-5c62-be3c-c25a8b5b27e4,2.E.16.e
9775beae-b0eb-5724-aafc-ac5150faa51e,2.E.4.b
644cc014-32fe-5fdd-8f56-251a14f62b93,2.E.4.f
037c50de-b080-55a4-ab56-5997c4542407,2.E.9.d
dd3066cd-2e60-519e-92e0-a44d87639ce4,2.E.6.f
d30e1562-e4dd-5492-89a0-5731a4de0e77,2.E.1.f
e101f270-7e1c-5ed4-b992-b65d198a4381,2.E.9.d
935ec841-b7c0-56a0-9323-be4c8bee7e82,2.E.6.f
3051c295-5d6d-5949-8f8d-fa663dfea0b9,2.E.6.f
dc9e6d65-b78a-5108-ae20-c52c8152223c,2.E.6.f
45b202d0-f93d-5399-9740-72f26304cb10,2.E.9.d
4c8da707-c3dc-54cf-a2a5-8c56c6c93fc5,2.E.6.f
a4040f2b-771d-5773-9ffc-f066b1d91743,2.E.16.e
ca267b61-d01b-5260-93b5-2935ec9a40de,2.E.9.d
1108658e-202d-5353-9b84-3828e0339064,2.E.6.f
4b478485-d547-5748-a8b4-41593324dcb3,2.E.6.f
1983d6f9-f576-5b7e-a369-372272d0b2ca,2.E.6.f
c071c1b5-0c2a-5758-b594-9d8d25fe7770,2.E.4.b
11408e17-9710-5895-9087-fd95f2eeed02,2.E.4.b
ddb101ea-e84b-5a1a-b35c-fd3a89b86540,2.E.6.f
2fc89b9f-c962-594b-b904-da0670af565d,2.E.4.b
16b4f063-ace9-513a-b89c-e0ab72d14c5b,2.E.6.f
af9996d2-24b1-5ced-9211-c0c7ab12c9f4,2.E.6.f
24792e22-efa1-5bc6-a6fc-4988100a5d73,2.E.4.b
72427377-4cd7-5ff1-830f-17e9f2feda80,2.E.4.b
c0a16304-5a69-54b7-8247-13242993e52d,2.E.4.b
10819ecc-3903-5306-bc92-55c17d012329,2.E.4.b
bd9e102a-b1a5-5964-ae0e-3e9715670f5b,2.E.7.f
854b9cbb-c58a-58e4-b04d-7c28315f9346,2.E.7.f
f1584bdc-3f33-5dd9-a9b7-eb980c060ae9,2.E.9.d
e1233921-0da4-5729-8710-5802c6324c66,2.E.7.f
f3773860-c4f7-5e2c-9aeb-655c4228a61c,2.E.7.f
90d25d13-f986-53af-a149-ffee6e0a7d7f,2.E.7.f
77b9f41a-5f4e-58c6-ae20-a3270df02886,2.E.16.e
7e6d32a6-a49b-5740-a48b-abff2c849181,2.E.16.e
869ed624-2ea0-5f80-93fc-a746513ff08e,2.E.9.d
ff278e73-d01b-5dcc-b23b-7e114ca17ccf,2.E.9.d
f8da5e7f-9da4-5469-97c6-fa56ae523f86,2.E.9.d
bbefe13e-5477-5e14-8ce0-d24577c19802,2.E.9.d
2a6b0fe6-e83e-5512-b804-148b512128be,2.E.9.d
80871e5b-f9c0-51b4-9f73-06c9463bd9ff,2.E.9.d
4fdaf60f-a01f-575a-922d-3ae4bfc09d50,2.E.6.f
74698c79-c57b-5603-a88e-e67e4bb69683,2.E.6.f
dc4ddbad-c6c7-5624-81e6-4546eb0cde18,2.E.9.e
1cab4cbc-0ac5-5246-9372-45ed0de2bfbd,2.E.6.f
1605b0c3-3ba8-5436-b299-3342bf7086a7,2.E.9.e
b517a7b8-627c-5ce7-a018-3d9ee753c0ed,2.E.6.f
c12c48e8-3236-5635-9322-41fa99f25bef,2.E.9.e
80be0f03-22ad-5467-83aa-a98e068cc39b,2.E.6.f
8fd19501-811c-50cf-985e-5b1d6c37107d,2.E.6.f
d4aeda44-6149-5e05-bea3-26602f1fe187,2.E.6.f
e5568a82-6782-51b5-aea3-1f215cd9b4a7,2.E.6.f
c058cd4b-1106-5f30-b113-c7e8c94d5827,2.E.9.g
f7d1bce0-0f98-5c29-9e54-8aa7ae80051d,2.E.9.g
180536bb-8a56-5fdc-8e69-93bdc720da61,2.E.6.f
b0430d16-d584-57cc-a9d6-e89f9561b1a0,2.E.9.d
e5520bc5-3ab6-5cb6-97ef-7d7f4e141a73,2.E.9.i
3cf72e96-c900-5b42-ac2b-96d17b7ae456,2.E.9.i
4d35b958-c26c-5f5b-b7f1-afbe567c8466,2.E.9.i
d9a403b5-056f-543d-9d5d-5484a4529edc,2.E.9.i
4a6728b6-95d7-503c-a2cb-4a563a4b01ef,2.E.9.i
e853d4ef-67e7-5f35-ad44-e8644f487d44,2.E.9.i
92bcbdf9-1e0d-5a81-82a3-edd64c730480,2.E.9.i
fc109d4c-217a-55f0-9e77-53e9b02b7d1b,2.E.9.i
435f516f-5aaa-5487-a114-8ed9a260f26e,2.E.6.f
0645d358-d87d-5116-b186-653d4831e732,2.E.9.i
04926a60-91c9-51d7-ab9a-e5fa1e866170,2.E.9.i
29cd6f0a-1352-5865-bb58-449b05f6263d,2.E.6.f
3b6d7951-eef3-5cb8-a0ab-670f427cedf2,2.E.1.e
0bc8df74-0846-51a6-9be7-a3471d21c47b,2.E.9.i
333cdddb-6c0a-546a-a8a6-43ac82595ea2,2.E.9.i
4030d8e9-988c-5b07-b48a-6951a9a9e54e,2.E.6.f
0951cf38-23f5-5ada-a9e1-77f343b8dab5,2.E.9.d
fec71882-f90e-5b48-9375-09e3466bed2c,2.E.4.f
ae4a227d-dda3-5e30-84c7-89a16101afe8,2.E.6.f
47e7d432-0aca-5a1a-8258-434ed5a97caf,2.E.6.f
86dd10f9-279d-57a7-95fd-6828d8693bb2,2.E.9.d
dc8578ef-43df-57a6-8ab1-6cd82dd93a59,2.E.6.f
e45e181e-7eae-592c-a774-3a4c767834f3,2.E.6.f
52da802a-6fe2-5ee7-a997-96adeb5719d4,2.E.6.f
1ab74b3a-897f-5f7b-b96a-832be561b902,2.E.6.f
9ef816c0-f0a8-5f45-ab4c-4e38fab6403f,2.E.6.f
0fafaea4-fe3e-553e-b7c4-e78b9152978d,2.E.6.f
571569e7-cbfb-51ab-8fd1-0d389a441470,2.E.11.a
a43b31cb-7af6-55a2-8160-62013acae38b,2.E.9.d
e71c0715-7fd4-5662-a683-34e025edc8e5,2.E.9.d
aa8150c3-6f02-5d2f-bc20-83c50ca48bc4,2.E.9.d
274172c1-4791-5eba-86ff-601e3a4658e3,2.E.9.d
69a5f7e2-5bf1-5ef8-b50c-bc7de3ea883e,2.E.4.i
31ca3868-ca2f-5d84-bd28-dd933e48cec4,2.E.6.f
d5fc2f2b-ec1b-5756-bfe4-d4cef6b8637b,2.E.6.f
e3ec55dd-4a8d-51b9-989d-a707c90e257d,2.E.4.g
f260ba95-ec4b-5240-a7f8-98e7ed0e6d8e,2.E.1.e
31043144-0df7-5556-9d4f-11ed68c596d8,2.E.6.f
24b4b873-b524-5a18-928a-0cf497fab3b8,2.E.4.g
b9b9f70f-56d6-5571-b7a9-98f82d16138e,2.E.6.f
eae1b53c-2314-5944-bbae-509842417191,2.E.9.i
f4e2d9e8-ce26-533d-aeff-d3d91a4e851b,2.E.2.f
9c467e2b-2d4a-5797-a931-9f2b970104ab,2.E.9.i
38c9adcc-bd98-5246-b6fb-32d756aff93d,2.E.9.i
eb589d4b-495f-5b4f-9881-3fc474850e57,2.E.9.i
b1083483-0d63-5b34-b4bb-69092e1df898,2.E.9.i
b402334a-feed-5224-978b-a03a1a1b64b6,2.E.9.i
1756780f-3372-55dc-a85f-6d14095a2c9c,2.E.2.f
c30585c2-f133-5905-8ca7-42e2dc90c1a4,2.E.2.f
b727b8e7-c3c5-5955-8b8c-03c7f8249f9a,2.E.9.i
768c8913-faa8-57bd-8632-5c3913ab3775,2.E.9.i
58f9de06-5db7-5583-b25f-14dd985c85ae,2.E.9.i
1b3b20d7-9106-55f7-99d0-ba10686a0d84,2.E.9.i
3ae34188-4a6d-5e18-9e6b-aacf3c914292,2.E.9.i
f9e27365-ab0b-5ae4-a97c-ac9ad3975b69,2.E.9.i
7131a004-c50d-53ba-9914-df417d32de50,2.E.9.i
01c9cd7c-68cb-5a6e-9edf-7bb58ae02cbe,2.E.9.d
7ee33198-bea8-57f9-aa02-ce329ce8863f,2.E.9.i
3e54e2df-f2f8-53ce-803f-6cdf824867a1,2.E.9.i
6689f09e-5c04-55ba-86f8-ef5599183399,2.E.6.f
51e7a33d-d3b5-5019-bb2d-2c1e3ad8ed80,2.E.4.h
3e019a17-bbd6-5e95-81c8-17f45b40a6f6,2.E.16.f
8f7f3165-b084-5362-ad33-a7cef3ab70fa,2.E.10.e
7e0b6e6a-6c6c-597e-b4e4-405109ff1544,2.E.1.k
cf1e45ce-f75b-5ea3-a1fa-2e5e50afa616,2.E.4.h
31d6a0a8-8414-5643-a12b-34b35d2031a7,2.E.6.f
9054cbe0-a755-5645-bc7b-3c715712ad70,2.E.6.f
8873c57d-0346-54ac-8462-3f6323c55774,2.E.14.d
ce7b087e-9df1-50bd-8712-263b435b070c,2.E.15.d
4b0589d1-c7af-5993-8188-f8fabcade0e7,2.E.8.b
c19b4be5-58f0-5b44-a916-6dc1f709d401,2.E.9.i
289156c7-9768-51f8-9dc7-21cd5e4e074d,2.E.4.h
2021eb86-69e4-5f89-8ebc-3f288a8b3e3c,2.E.6.f
7b7cf7f6-6baa-5e3a-a1aa-480dce4890a7,2.E.4.f
a2e59411-6a6a-5f50-9a6e-4eaa87b8f06d,2.E.9.i
dcbfd558-485a-52fd-bd34-0e5953e8012b,2.E.9.i
31043144-0df7-5556-9d4f-11ed68c596d8,2.E.9.i
85d7f93c-434a-586a-b988-1caaff0976e8,2.E.9.i
8f7074be-955e-5177-98fd-e8dfb5f2c36c,2.E.9.i
ce3616e0-dfac-59e7-9b81-e3784e62bd3b,2.E.8.e
b234b84f-3d0e-50f8-a679-604cb930deec,2.E.4.g
43950e67-3e57-5bc5-9d7e-02547ff30784,2.E.4.h
4a6728b6-95d7-503c-a2cb-4a563a4b01ef,2.E.1.e
69708bae-151e-528b-8cfd-97a0d7a16c22,2.E.6.f
614bb875-6bff-52ae-9ec3-a33fa05d6e13,2.E.16.e
f4bab641-285f-5a1e-8c68-694921b268a0,2.E.15.d
75019d5d-6aa0-5f49-ac18-381d9bb6743b,2.E.1.e
cfb22ad9-5a8c-5223-930f-583cebf9d1c6,2.E.15.d
74f52792-4621-5853-aefe-a1dd2b92032a,2.E.6.f
b046d271-dcd2-5c26-8f96-a4708f424c5e,2.E.4.h
fdb439de-fe06-5780-8155-c77b9a5f1509,2.E.6.f
5911ac86-e666-5b9c-b20b-ab006c3d9752,2.E.4.g
f64bffdb-3a61-5a9c-868d-fa7348b21451,2.E.6.f
e5117332-a151-5dd3-9bdc-b9e41264dcc0,2.E.5.b
3e1c1118-6e55-5eff-8360-0a271254b884,2.E.6.f
1f2fadf4-efd5-5f38-b541-bae1baa8f798,2.E.6.f
abb61772-577a-573e-965b-a6411d5e2371,2.E.6.f
e0dae537-ec16-5f08-94d7-5fd13de2e287,2.E.6.f
2abc4175-e357-5297-8157-49128c4e0edd,2.E.5.b
eb81aab1-81e4-55bf-a7d7-6cd296f4f721,2.E.6.f
010433a6-2562-5721-a906-9a3fa2c7e695,2.E.5.b
2f1566ba-e1e7-540b-a346-f211338f656e,2.E.2.f
2a5f6adb-59b6-5175-a18e-a431f34720e0,2.E.6.f
2943887e-0fcb-5071-80c8-a3e30b5cfa46,2.E.1.e
caa6fe7e-f847-5611-bce8-3514c8638d05,2.E.5.b
4aac0424-f3c2-53c7-a1c5-e9e93ed6d388,2.E.5.b
3d01529f-ed2c-5375-a838-e567d17dfcb2,2.E.16.a
df59fbf0-088f-5a3a-8011-bc669456e7bc,2.E.16.a
aece8399-6aa4-5469-bbd0-0f20f019e14d,2.E.6.f
5984c4ec-22f8-5140-a725-2af056579c84,2.E.6.f
aa3c33b3-368f-5c33-b363-b28f095e67fa,2.E.6.f
f72457d1-725d-5ff1-b146-76e102f19c5d,2.E.4.h
612bc6eb-0a6b-5ac9-a150-ca81dfbc8ecc,2.E.4.h
4f9213ff-ca5d-54eb-9306-26e2e9035d89,2.E.6.f
8f5c1b17-534b-5e1b-aee6-a7765ba2355f,2.E.1.e
7831d584-7341-52e8-b33a-d5de86973578,2.E.9.d
c485c215-9e92-5c22-9a6a-c51aecb3bf9c,2.E.6.f
05667927-4b4e-5f5a-bc65-70f8965e563d,2.E.6.f
7ba4601d-3e18-55d5-b028-582bbd41a2e9,2.E.6.f
e26ea278-e4e2-563a-b57e-d5c7f5ee9eb4,2.E.6.f
2353e8d7-7a26-5924-8d9c-04a88928dd17,2.E.6.f
51927b3e-97c1-5382-b573-5aa76af09289,2.E.5.b
1e3e75a4-8556-5666-966f-6f9e6e6116e5,2.E.5.b
94072d89-5a9c-5b06-9ff1-c4ed2cae5ed0,2.E.1.e
73e67875-8e79-54d1-be66-de4f2f7fa0ec,2.E.6.f
83b0b585-dde1-522b-9b92-fcc5d530a5cf,2.E.5.b
bd9a922b-a919-5fab-be6b-bba22d59b18e,2.E.6.f
513168c6-de3c-5543-8568-0c59790e73c3,2.E.6.f
9627ec23-f747-56be-a303-36676b23e1dd,2.E.9.d
dddf1ad9-ac94-5654-b006-321b7840d5db,2.E.6.f
16088b8c-3ba1-5a71-b1f9-03b567910ec6,2.E.6.f
3676ec71-d593-5f28-a3dd-56e6f3e273b4,2.E.6.f
9ffaaba1-71ee-5883-99bf-dc95a6609c34,2.E.2.e
9e717ff6-961d-556d-a2e1-2f16f6b0a1b2,2.E.2.a
cad99274-263a-59aa-b294-2055c1f8d7cf,2.E.6.h
d83813cb-747d-5f33-aafd-d1d74b63f2af,2.E.5.b
5cd5925d-bc87-5ca9-a91f-98a35be4d264,2.E.6.f
00caf9c3-7af8-54cb-8323-929d6498e676,2.E.2.a
c48197a9-823a-50f6-a095-82b7d35f84fc,2.E.6.f
3c738f9e-e120-52d5-8f1c-aae6c15c6c8e,2.E.5.a
58ec43de-571e-59d3-99e2-8999216aaf4d,2.E.5.b
926274d7-c835-5c71-aa59-d1d7fe541336,2.E.4.f
d705dcd1-4de5-5333-9900-469f6c4bf503,2.E.5.b
f532acb0-c349-551c-a69a-a82eb3a8281b,2.E.4.f
e190f1ef-7262-5300-a597-efc89f5317a4,2.E.5.b
53f41e82-14fd-50b7-a4dd-55f0c0d9a1e8,2.E.6.f
96552b0d-46b3-584b-9952-ae0026717351,2.E.6.f
acd16ada-354c-542f-a7bb-4355a355a786,2.E.6.f
7e580032-242c-5d01-b222-a0f899ed199f,2.E.6.f
02e9ec07-60ae-5af3-8c12-bc925a89f990,2.E.1.e
b44c0f63-2823-5fde-8a63-f1915df54e05,2.E.6.f
3876535e-ca81-5c0c-8e1b-55abe6da5f81,2.E.4.h
3b743348-4a6c-5d79-bbdd-143fec83d3da,2.E.6.f
91fe299b-749e-5305-9ac0-b9a991a4f650,2.E.2.a
a6323bc1-525c-56fa-82af-99fefdd777ed,2.E.6.f
96878d54-d1ac-5a13-a13c-4df5a00bd94f,2.E.2.a
21120cd4-64f1-5e2a-a5bc-5d776024cec9,2.E.6.h
4ce871c9-40e7-59ed-90b7-6b610a4b3e96,2.E.6.f
fd05edd2-9f86-5895-ad2b-6e56626d9710,2.E.5.b
fb6806d5-fe6d-55aa-bcbf-574fd66d8be8,2.E.6.f
ebdf1f05-ade2-5a61-805c-50a7af969e39,2.E.5.b
8cad1a1f-fe8e-5b52-9b2e-7c12b3394605,2.E.6.f
49c9a143-d9d5-5d90-ad00-0df93b6aeb55,2.E.6.f
f9852f1c-c18d-5fde-ba47-e56542f398c7,2.E.4.d
71e0d77c-8928-53b4-9a82-ed06b7258264,2.E.5.b
4d376c72-c00f-5398-b19d-871a9b441a3e,2.E.6.f
c574739d-1e2f-5831-8c2c-6876e1ef6969,2.E.6.f
6b40391f-4d52-549b-8849-243578630c0f,2.E.2.f
56c32bf3-669b-5f5c-99ff-21fe14fc11ed,2.E.2.a
a3b9f719-4d1b-5420-946c-91e7fd264d07,2.E.6.f
05e0e783-cbd7-5787-bad3-09d8697b6e71,2.E.6.f
4df49c11-de59-5b66-b4c9-d9542222055b,2.E.6.f
670fc78c-dfb6-5061-85ba-39d6a2fbe589,2.E.6.f
aa995d02-0feb-5e6d-ad43-2c6a287d5b20,2.E.6.f
1124c4a5-ddec-5211-8593-1114d5a10da3,2.E.2.c
d7c75371-4799-569a-a58d-f544639b5ced,2.E.5.b
96ce1437-80ad-56a3-8b17-afe2f85e9b57,2.E.6.f
82b527af-0759-50f1-ad83-f3330eb53bac,2.E.6.h
c500d8f6-6e44-5202-b6bb-7452334cfc40,2.E.5.b
4b80e208-8ef2-5954-9030-0e5f87b3185e,2.E.2.a
404c31d0-3c93-5ac3-9b8c-da7764ab5a77,2.E.2.a
206c11f4-988d-54b7-b8f6-a623ed5c39b5,2.E.6.f
3eefefe8-4089-5099-b98a-b863bb195826,2.E.6.f
22ff612d-48d4-5669-8b59-c7efb8adb699,2.E.4.f
2bd50881-c863-5958-8758-ef441bb4ec20,2.E.1.e
ff7da043-ff3f-5750-a4a1-f9bebd02cb6c,2.E.4.f
adb53c8a-03e9-5537-acaf-fc56df634abd,2.E.5.b
4c87d6d7-8c0d-58b2-859d-a814929964a0,2.E.6.f
032cf407-cdfe-516f-89ed-a91cff21eefe,2.E.6.h
a93ab1df-3c15-56c1-9cff-556749258df9,2.E.6.f
08ed326e-ffd1-55cc-b6a7-35a11a2e4674,2.E.4.h
abb61772-577a-573e-965b-a6411d5e2371,2.E.1.e
b2003c9f-8c36-5c37-87b7-b866d0eeb10e,2.E.4.h
5a45f31e-9177-51c0-9169-20ed60703b6f,2.E.4.h
1bc17256-c893-5870-ae33-a59a9529a9e3,2.E.4.h
96552b0d-46b3-584b-9952-ae0026717351,2.E.1.e
5483a09b-ba18-5bef-8866-bb752fed003c,2.E.9.d
567d1232-9747-5356-bea6-062d1bc51272,2.E.6.h
6d934627-58c6-55b2-95e1-5e1cdecf9509,2.E.6.h
a8cc3c65-d4c4-56f8-b1c6-25d1c0324115,2.E.1.e
6583e416-9ae8-5e92-83fd-672fb9a62093,2.E.6.f
a324c831-3f4d-5142-ad64-3c78c2f30ae3,2.E.6.h
7fca6240-72aa-5a53-881c-a1fe6f6a73fb,2.E.1.e
96ce1437-80ad-56a3-8b17-afe2f85e9b57,2.E.1.e
f0896222-8c8d-5391-bd5e-64cfa1103fe0,2.E.6.h
0d2c79b8-2dce-5ca4-a5fe-a3be90b80c4b,2.E.4.d
a30f19c4-700e-5fe3-a814-4c3e2691299d,2.E.9.n
ce15db34-92d9-533f-94b2-089bc90774c0,2.E.6.h
bcd65ce7-f660-576f-9fda-c282b5679440,2.E.5.b
a31e7df9-92be-5811-b7d0-a304e8e14aaa,2.E.4.k
90ffe62f-9ebf-5ef7-82b8-5ce217d0646c,2.E.6.a
3e7fcd4f-b27c-544a-9579-0b2a6c615b59,2.E.9.d
ce026ab5-3d6a-55a8-8c8f-1aa883b4879a,2.E.5.b
4368c0a3-8c3d-51e7-be32-2815126f4cac,2.E.5.b
7dc12e05-1502-5a54-a037-5734a2b9fb6c,2.E.4.a
a86b099f-d212-53ad-8349-ecfab3c26f14,2.E.9.h
75ec0f35-c4f0-57ff-a4fa-d0628d37252a,2.E.4.k
c0971197-0ab2-545f-ae9b-a50225fc1e7c,2.E.4.k
91a39cda-201b-530c-8e93-9bbf8e2d403b,2.E.6.h
66a09a83-4e2c-5164-b038-24ddce8c96b4,2.E.9.d
f186909b-1d04-5bd5-9baa-6c6da5afb57c,2.E.5.b
6f29c9da-9a7e-55b9-b8ac-5f3dbb7e8d11,2.E.6.h
3e3cd008-c37f-5162-b5e9-6da944338cee,2.E.6.h
0b838e11-e7b4-5e9c-bee6-2ccbf244bf20,2.E.6.f
895f1088-b45b-5d99-81da-1261766e2e2e,2.E.5.b
67d37a84-5c75-59af-9f82-4e606fe6451d,2.E.5.b
efc056f2-9d1d-5d18-80b9-270b5b9feefd,2.E.5.b
97f72a41-96e4-5a37-8663-d3c1c2045f59,2.E.6.h
d0844126-66de-5b0a-8ed8-12bcfcb1e6fe,2.E.4.d
fc81564b-5695-5774-b7f3-4605804861fc,2.E.9.d
82dbadac-6324-5936-bf71-fc164f87c305,2.E.4.d
5bddced0-433c-5ee8-b17e-c4b1229c6628,2.E.6.f
94c4b1f0-e764-56d0-a6a7-47a3f14b1bcd,2.E.6.h
3316ffd9-89d8-5c6e-b36f-1291db1250b9,2.E.9.d
3ca675a3-f1dd-5a1e-80db-a7facb555411,2.E.5.b
be558170-e9c1-5371-bbb2-fda6931f1621,2.E.6.f
f02833ac-732c-5f3f-85ba-d745e7d31966,2.E.5.b
465173c9-b436-536f-b09c-0901ccb51eb8,2.E.9.d
b8017389-06e1-52ab-a846-e58c9e919e36,2.E.5.b
214844d9-d344-5bf3-a779-a0a39dda6225,2.E.6.h
32a63954-c14d-5c91-ac8c-4c5d1585a3a1,2.E.6.h
91178d58-6c4f-581a-8064-6342a1adf553,2.E.5.b
ff8d0a8c-c202-5702-906c-5eaf19def197,2.E.4.k
2378c1a6-ec43-552f-bb48-a5339611032a,2.E.6.f
2d727e08-8e41-5250-8d23-57888cc9c0fa,2.E.6.c
3527b72f-16ef-576f-b96c-2d6160ad913f,2.E.5.b
827b82ee-774c-5626-965d-86970704c1a1,2.E.4.k
4f983474-b750-58e5-a82a-fa94d235947e,2.E.4.d
20250ec2-e3a4-5773-90b9-7a55e144a876,2.E.6.h
27599da7-62f3-5ddb-bc24-102258bddc95,2.E.6.h
c97993e1-46dc-5ea3-a40d-9355736d98ed,2.E.4.c
65a2e605-e179-555e-bded-534b20a16010,2.E.6.h
a5d26360-180d-5302-a5cc-31b7b513a577,2.E.6.c
f71c66e9-5efe-59a9-9f33-44a61bbf5bbc,2.E.6.f
02533bfa-814a-5a62-b025-fe274e0595ac,2.E.9.d
cfd27d2c-2bf1-5da4-aeac-34dd4220937b,2.E.5.c
a08dd77b-0e3e-5e65-9e39-f485498bcab9,2.E.6.f
4306045a-3a91-5070-8512-567eba455c8d,2.E.5.b
e01c83c7-58a4-5469-ae07-14cb2fff1429,2.E.6.f
890d706a-657b-53c3-8aa2-a98558a6d4f2,2.E.5.b
7af8a607-8207-5572-bf2a-963e224d85a2,2.E.8.h
9bb0279e-6317-5ca0-ae4f-5d91c7bd3e1b,2.E.6.f
a6959d09-b1b7-521f-a591-0d9622d0f8cc,2.E.6.f
5278a37e-459d-5335-9053-cf96ac17d97b,2.E.5.b
92cdd781-87c3-592e-8005-3580e8d3fbac,2.E.2.b
26872653-60a2-59c6-a7cd-7732e94e5692,2.E.1.e
960a30cc-875e-5cd5-918d-5f300ad22a62,2.E.8.b
3a96f521-d94a-5ff6-befc-a7f4d5768c18,2.E.8.b
25c3e434-41c7-5bf0-9884-ef0eb68a53f0,2.E.8.b
262771bc-faf7-56bc-b10f-9f8973cc4e80,2.E.8.b
def05af2-02b3-5bae-ae8c-049266cc3d3d,2.E.6.h
081d62f4-00d0-529c-8082-0f8e9df8c8fa,2.E.6.h
873a0638-00e0-5ae0-a877-e359226c6999,2.E.4.j
d5854b62-72f6-587d-9e6c-99c43bdcdccc,2.E.6.h
4b415ef0-2d9d-5e4e-83c3-4457de1677e3,2.E.8.b
199c7406-6601-581b-bedd-3d5fae2c0bcd,2.E.7.b
ba8ee065-83f4-56c8-9ed8-e2e2ffbe93e9,2.E.9.c
ac2f1f1e-48df-5b68-855c-00a50dbf9651,2.E.9.d
d9d386a6-a611-50eb-8d9e-05d7f1124c86,2.E.4.b
649dbae9-8f7a-51f6-bee6-6e831b70591b,2.E.4.b
3ab7d8ea-9ac3-5d08-baf7-6ba89db3bae4,2.E.6.f
ff137f12-f8e6-5187-9fa9-dbfb2d3e229e,2.E.4.g
d2521158-9c2f-5576-9287-4dbed9d8dc2f,2.E.9.d
56e27b92-39dd-53a6-baeb-2d1dd242322a,2.E.4.b
739c93b5-1361-53f8-b04d-099417ca093c,2.E.9.d
90836079-f70a-5e15-9633-1b6be05c366c,2.E.9.d
e3e44dd1-ed8c-5800-8547-bf101a37ac5f,2.E.9.d
f9ace593-2b80-508c-b434-bfe21f3996a6,2.E.9.d
cb723b56-e49c-56fc-85d6-60d354c8ad28,2.E.9.d
950a14ec-9681-54a4-ba20-3c86d220cf3a,2.E.7.c
939e1243-0a4f-5894-8193-91b705b2d161,2.E.9.d
5830de45-fcc2-5ccc-9898-eae3427be9b6,2.E.9.d
91696276-2c5a-55e4-920c-e76edb5c989e,2.E.4.b
fc5b5d26-b919-52fe-b590-bfd7414ee032,2.E.9.d
2c0e64f5-e81b-53cf-b7fa-dc891c693fb8,2.E.9.d
bbdda3d2-909c-5eee-9375-8a404395f51d,2.E.9.d
ae7146c5-5b4f-5f78-9546-20a9ebb5b412,2.E.9.d
5f9a7724-495b-56cc-8031-e073d20c9305,2.E.9.d
f90a9ecd-001b-5bf5-ae58-98e3c4482cac,2.E.9.c
05210491-d973-57fc-9afd-c034f8829218,2.E.9.d
c03e9e30-3c52-5904-8058-a7f2a2f260eb,2.E.9.d
8e32cfb1-28d4-5d46-8d97-718de8ebeeb2,2.E.9.d
0395606f-8463-5f9a-9730-436f4ad08d58,2.E.9.d
88bc262d-2e6f-535f-8013-ae60b88c3b42,2.E.9.d
0c70d3ea-b2ea-547a-9e9e-d54c52de581f,2.E.9.d
5e57ce5f-2417-59b8-9c37-dd631b95a815,2.E.9.d
04ec1494-c809-5ccb-9ed0-ddbb1888cdc4,2.E.9.d
44d873a5-47b1-5f4a-b5f0-9364a73a3838,2.E.9.d
98eaed15-3d19-5f3a-a2d6-8217ae62b226,2.E.9.d
950dc22e-6d94-588d-8fbd-b48fcdb8b178,2.E.9.d
4dca61c2-9e66-55f9-9cb7-db22ceaeec82,2.E.9.d
516ef9a3-8ac1-5763-8e9e-5f2ed950de68,2.E.10.b
59cf861f-1436-55df-bf01-ccae7a9ab9e5,2.E.7.b
3d0ad305-1962-5915-8ce9-695a645b0432,2.E.7.b
73d031a7-1ed6-5d5e-9dfd-794ec973b7b2,2.E.9.d
5bc90d44-62cb-573e-a9b2-3fecb9cb6d1a,2.E.9.d
49f00fac-ad3e-57d0-9f25-de6f10efeba5,2.E.9.d
e2da2287-5127-5c81-8967-c54cfc6e8b5f,2.E.7.b
4c0a0e39-3db8-5704-bd94-99410693caad,2.E.4.d
20698239-17eb-5fec-8bd5-5a6ce28a86dd,2.E.7.b
7ee21400-514a-5120-98c9-7f4ff9435d81,2.E.7.b
f7e116e2-ad3e-5382-b34d-2e06c37a106a,2.E.9.d
5baaea5f-c165-54e1-b00a-18c4ad7a9b03,2.E.4.b
cac0f7e9-670d-5113-9ff3-2260988262a7,2.E.4.j
e428e7d6-2b73-5043-9773-61b018b0719f,2.E.9.c
c75c7c13-765f-57d5-9326-16028e4913db,2.E.9.d
fa886317-66b2-5aee-933d-c658dfa8f352,2.E.9.d
2f3084bf-c9ba-5fb1-be5c-bfa2317c96f9,2.E.9.d
5fb45e9a-a8cf-5af3-9977-579a29918c06,2.E.2.d
df0faa44-ca3d-5532-b9aa-6ff6f35e51f8,2.E.9.d
4ba6b834-de2f-58c6-8481-a535986fa8ef,2.E.9.d
004c6a15-866d-5b43-956a-106d1e9809c3,2.E.9.d
ff4af2f7-1045-51e8-ad67-c7d314c5d483,2.E.9.d
17db0222-7cdc-50c1-b72c-c055033be35b,2.E.16.e
e42825b9-f9c0-5cf4-940a-5b6efb96e4cc,2.E.16.e
0208b3f3-b492-5a40-9f9d-24a574d9cbf7,2.E.6.g
5d3cd5ce-5e68-51e9-857d-11fda100ea6f,2.E.9.d
0507b092-d2ea-5758-8c08-876c3b363e41,2.E.9.d
aa0c4795-9a60-57ff-a480-9ec47235b3a2,2.E.9.d
d7a9fd08-e997-588e-891b-60e3ab6eed91,2.E.9.i
89515efc-6e49-5c83-9aa4-3a98058c918c,2.E.9.d
9c17c953-6f6b-598e-b137-570b38e2ecef,2.E.8.b
481c11f3-b3c5-54db-911d-ebed594ed25c,2.E.9.d
1ff73ccf-c5dc-50a3-b5fb-0335e85e4bdc,2.E.8.b
3895457f-f613-5dde-b987-d658cae67f0f,2.E.9.d
4f731583-8dd4-5f34-b26c-2029db866a07,2.E.9.d
45876aa1-94b0-5a0e-b711-7ee76d0c09f3,2.E.9.d
fd8df9c2-51ec-51b9-ba7e-9f69d16d690f,2.E.9.d
230a5741-d2dd-521a-9a5e-aae627b22b80,2.E.9.d
a17b85d7-1239-552b-aa97-b49a2b7620d1,2.E.9.d
47a5ff40-4de1-5eae-b63d-77f3198dd4ca,2.E.8.b
69a78117-fea0-5740-a302-6e5b4def52ba,2.E.9.d
7b232a88-c5c7-5bc6-ad2d-d24d746a6a1f,2.E.9.d
945405ec-9427-510c-bd64-8d40f642f561,2.E.9.d
72699bcc-8d78-55e2-b7f3-de2bb97c05e9,2.E.1.e
b0fcc5cc-0ec0-5e63-96f2-f9845a40e81b,2.E.4.g
a1744b9f-ddc4-5b3c-aca1-7852dc23bd33,2.E.4.b
22fca1ca-7da7-5424-887d-f6b33ca7fe0e,2.E.9.d
a93d32b3-7ca7-53bf-ba40-b1d00f32db48,2.E.9.d
2b63f214-c148-537d-8001-6027843dc3a2,2.E.9.i
f417ebd4-8aa4-564f-9a79-e091046f6637,2.E.9.i
636c3739-835e-5afd-ada9-37cc28c05f0b,2.E.4.b
50902675-cc7b-5751-9184-3ee503ad9db8,2.E.8.e
8c656188-729a-56b5-b65a-bb1bd9864beb,2.E.8.e
41cbcc1b-009e-5446-8de6-866db005c1e1,2.E.4.f
d82c7110-c2d4-5b88-97f7-a87957ebc8f8,2.E.4.d
173ee1f4-d639-5703-80b0-72aa7fee5611,2.E.8.b
549ca1fe-efff-5b2b-bfce-ee06b834b22e,2.E.6.f
6d686ed9-dd35-557f-b12a-333a3fdad209,2.E.6.d
a8236a06-403e-5958-a0af-457569fcb0a3,2.E.9.h
57cda4a8-d140-5601-9f02-1f87b7140a50,2.E.9.h
50293144-bceb-5f26-b9a4-31bf5345f3ee,2.E.9.h
aded7549-fb32-53bf-8441-c6fe797c04b5,2.E.9.h
f15f68d6-0860-509e-acad-a73fded663c3,2.E.9.h
e69d3861-816b-5c8e-9ada-e5d97d921335,2.E.9.h
7cfed3c1-8837-532f-ac3f-17d51cd638a8,2.E.6.f
3753c159-9cae-5ce7-9aef-520d43274845,2.E.9.h
85ab9a93-0347-5ba0-9f4b-e7595cede552,2.E.9.h
88801030-e068-5928-b51e-b268339878aa,2.E.9.h
3ea180a9-f2f6-5f03-a89d-03817a1f40aa,2.E.9.h
532c0ca9-00ce-5dbe-88c7-c0fdeb5ef190,2.E.9.h
d67450aa-5c33-5a1b-b2a3-a7476586e150,2.E.9.h
053b55f6-0920-566b-bb62-7276033865c2,2.E.9.h
bf970773-46e4-59cf-9559-8bb46c2c2984,2.E.4.g
9769996c-a0ee-511a-8a4a-a2b4e7308756,2.E.9.h
f0e5d8e1-5443-5a2b-a6e4-b869b35bf15a,2.E.9.h
29b50a3d-d2f6-5248-869e-4336c42cfb62,2.E.8.b
aa3947c5-6455-5335-a791-b2a7a85fdcf6,2.E.8.b
d8c318ff-61ac-5c97-951d-f05ba3696423,2.E.4.g
e8d30e19-128d-55cc-a6b7-734177c55a06,2.E.9.n
4e6b5e35-3ff6-5f81-b512-b13940320ba6,2.E.8.b
e6765520-69fe-5a2c-9f6b-561e0aba517e,2.E.8.b
904e20e9-a6f0-558c-9a2a-7b51b45aa322,2.E.8.b
914de784-45f4-54c2-9200-0411c8368dd5,2.E.9.n
b8f79356-8123-516b-ae65-d0fc9195de25,2.E.4.c
1df6f415-e7f1-5165-8ccc-bdf77e9b1828,2.E.3.b
307a0037-ff0e-5b08-a24a-a9321d8ef7fd,2.E.9.c
c7ae4570-6c77-510b-ae7d-4d9f20a022f9,2.E.4.c
2d5bf028-d7eb-5038-950b-a841cdf5de69,2.E.4.b
a9a0dab3-1925-5b59-9041-a1cf1fc70d19,2.E.3.b
2acab30f-09f4-52e3-8793-3c4881f47afd,2.E.4.b
a75b0fa4-ee13-5acd-a7e3-b1813c0d5248,2.E.7.b
daa6af46-56a6-5a6f-846c-461d3f5dc666,2.E.4.c
fe9a2eed-05c2-581e-bc64-cb5261913d69,2.E.3.b
6c450561-ccc3-5100-ac8c-ec2452deb576,2.E.3.b
cc623c60-31ec-55f7-bc78-4cf03e19dbeb,2.E.4.b
2bcc3c8f-4de3-5751-b59c-451590f9df16,2.E.3.b
d0b41450-a9b7-548e-a26e-8c920724ea94,2.E.4.c
7c519b7c-e09c-5261-bae5-126e9ee6e944,2.E.4.b
d1c2663d-a22d-56d6-9740-59f684444a85,2.E.3.b
cb227e2b-347d-5ad5-9272-a7c12b147420,2.E.4.c
ec280238-09c9-5c63-ae58-3c01741d073a,2.E.3.b
3dd60238-06b5-5f96-832c-a55da14e9260,2.E.4.c
e7a84846-14e2-5172-81ac-089276ec639a,2.E.3.b
73acc5cd-4c12-500b-9751-17987fc8749a,2.E.4.c
04ff0c39-9b77-56de-af06-3bf9042f7354,2.E.8.b
5fb4c841-57ec-5727-8195-556bc608c21b,2.E.3.b
f050c811-7af3-53c8-8db0-bf5928425e36,2.E.8.f
81cc20b9-fa12-5267-a057-a0c42d32a8b7,2.E.8.a
df9220d7-27f0-565f-8963-3bc7d8069350,2.E.16.e
fff03298-1593-5c8a-bd10-ac7ef7e26df8,2.E.9.d
d5a04fb6-1ab1-5d0c-877f-50470dc7481e,2.E.6.f
c9fcf1bb-4faf-55bb-b5f1-a728c4a78440,2.E.6.f
47e546ba-ed5d-5f7e-a8d3-2e14facd25cd,2.E.8.f
4307bac2-3290-5861-be2f-7f59b95309f9,2.E.4.g
bb170891-6dab-5b4c-8f75-10bb7890d639,2.E.4.c
2dd0bd95-1f6f-541c-9312-60aab70a79c0,2.E.8.b
f468499e-b9b2-5ece-bc26-b5fc22e24f09,2.E.6.f
b4340ba6-c873-504b-b40c-5ccb5c4889e6,2.E.8.b
9cfcfeed-ca36-563f-8de2-1aa367c834ef,2.E.10.b
e324413e-a92e-575c-9849-f1aeb085bb63,2.E.10.b
9d1523e3-09d2-5574-a22f-90af155d1c3c,2.E.7.b
198da52d-d928-5bfd-9c6e-601643e67d3d,2.E.6.f
b7471d87-bcb5-50eb-958a-3d80a442ac1d,2.E.6.f
9a7ea017-dc8b-563c-ab2e-cf15e9b4ae14,2.E.4.b
caade5a6-de3f-5070-8365-fabee5e92318,2.E.15.c
a6e00cab-16c3-5b8c-93b1-6092db02e141,2.E.15.c
d5b8f002-a84a-59cc-9a4e-e384002c5c0c,2.E.15.d
19c0b809-db46-55f2-b261-c01d66e0408c,2.E.6.f
9ed2aa70-b539-5135-9b80-27966bab07ec,2.E.8.b
ed154ea3-2f06-5a87-acbc-47e589d7beaa,2.E.15.c
8ed9636e-0f04-50fa-9142-027b78298b10,2.E.15.c
12a3ce09-348c-5590-82c6-50224a5c3487,2.E.8.c
56ef0ff8-2f18-5f54-be1f-a71eb45d9109,2.E.8.b
01557430-dd82-5d39-98f9-344a6d901d98,2.E.8.b
3f9503f8-ca19-561b-ab4c-026dd8913d86,2.E.8.b
172f5e00-f800-503a-84ef-293c6fbfd8dc,2.E.8.b
f52ee409-d12f-5905-8383-2b7b892f29e2,2.E.8.b
455a38b7-9c90-5386-9b69-d122fc300a78,2.E.6.f
3d828265-427f-544b-9969-d8534aeebed1,2.E.6.f
e6c418c0-c4f3-5a91-9944-2b4848fe9fe8,2.E.6.f
130ce6bc-39bc-5e4e-be8f-8908ff4668e2,2.E.6.f
eee53ca6-5b96-5ce9-9f0c-445782dc0cf9,2.E.6.f
59e87ea6-2802-5b42-b303-ee36c5b9c908,2.E.7.b
73dfffb4-3420-573e-b7ab-97d677d58823,2.E.6.f
75a8a999-06b2-5cfa-9583-ae694736db9e,2.E.5.b
f8674193-0873-5a5d-9c3a-ce7f50989a56,2.E.6.f
a2009a9f-9f22-5688-a8c6-e52fb5ec9d30,2.E.6.f
a990a2da-c1ad-5de1-ac34-9f172bbb87c6,2.E.6.f
b3f0d1f0-ea87-5f22-bdc8-04c6a82bb2c3,2.E.1.e
b9759a00-aa98-5126-acb4-447e63c77462,2.E.6.f
2137f0fc-8f00-55f6-be66-6095b3e70bf3,2.E.6.f
1d4a2e17-5cec-51ba-bbe0-577312355ee3,2.E.6.f
02efb5ec-135b-573b-af9a-f05307d3a787,2.E.6.f
08aa8adc-dfd3-53ea-81d6-d216c31b9e81,2.E.6.f
a0d6d2e0-0ea3-5ee2-af8b-7b1b04896403,2.E.6.f
8b96d910-5ffd-5675-84a7-1e0acd209db3,2.E.6.f
81d0e14e-cd34-5775-b8cc-a9f38aae5de8,2.E.6.f
0517d94a-9b55-5be4-b4b3-58851acf1888,2.E.6.f
9078dac3-70b7-55d4-895d-217a3899a85a,2.E.6.f
4174df2d-64fb-5a1f-b722-915371e2b78d,2.E.6.f
6bab5328-7978-5709-9204-ee70c2c970e1,2.E.6.f
98406c72-f118-5008-87e8-354679546864,2.E.9.h
0b66b4b2-ea53-57ae-a187-7bb22b78e62b,2.E.6.h
efd210dc-3250-5b4d-8b0d-770d39f55d7a,2.E.9.h
8c38f82a-2669-59a7-aa95-e382fe4904ad,2.E.9.h
9f499c94-c103-5848-b068-12720af724c1,2.E.6.f
d62d0592-4591-58e7-966f-db24a4ebe6f5,2.E.9.h
2266f6ff-8e7e-5a49-9516-5794d0ac0a9c,2.E.6.f
2c8223f4-ae3f-553a-9292-236493d86d11,2.E.9.h
5018bbe4-ab1f-5b3d-aea4-72721aaa3f04,2.E.9.h
98b9cb1d-94af-5c95-b1f9-0ccf4bace86d,2.E.6.f
2ce01fef-7a00-5222-b9c9-5ec16ae79913,2.E.9.h
15190186-2796-5938-b149-dab4f9f76ffa,2.E.9.h
63ee0f90-8069-5b35-b475-7e531ffeeed2,2.E.6.f
ad1103d6-e114-53cf-81ad-54ed35180551,2.E.9.h
70e62afb-073c-5d72-a890-aa0ee28c2cb7,2.E.6.f
4aff99be-f13a-5042-b144-f6a6480bc8c1,2.E.9.h
ab087904-f754-501b-8365-0a572792f62a,2.E.6.f
97da57d7-0a68-5cab-ad6c-d738fafae0c8,2.E.9.h
6e59a7b5-699e-5466-b7f9-5cb861eccf4d,2.E.9.h
f4f4b6de-15c5-52d1-8bb4-563d69a40c37,2.E.9.h
547c7a5b-0095-5718-ba46-c2c4a12f2bb6,2.E.4.g
f594988c-3beb-5af8-b806-23f934549602,2.E.6.f
2a347d11-05c2-5700-a60d-af95d89678b8,2.E.9.h
c0561b60-bebf-587f-91d7-183f5ea2eb31,2.E.7.h
a3b4f0ea-383a-5d7a-986b-6e0ea0c7cf2b,2.E.7.b
a59ffac0-074f-5bd2-9792-33fc309eb6bb,2.E.9.h
c8d1eb8e-4390-5d7e-9be4-89978d07e70d,2.E.6.f
48bb54ec-aba1-5c11-bcfc-4f298b908d46,2.E.9.h
0afd7c86-789d-5a2f-89cc-e8382fc8d6be,2.E.9.h
ce8c74bf-ef4d-54d4-98b0-13c2210ada9b,2.E.4.d
31a902cc-7611-5dd2-8b31-388711a1036a,2.E.16.c
77cc2c53-8b48-5b52-bb69-46e7e9c2ca14,2.E.8.b
86854dfc-e131-55b4-877e-433259f93fad,2.E.4.f
19a9ec7b-9bf8-5eef-ac5c-a29ef8c97b31,2.E.7.d
8e1ed998-a248-5e86-acfa-aec15fe12e8a,2.E.8.b
57476d12-f5d6-59ff-a853-cfd6f892d335,2.E.8.b
3c9513be-a8dc-5a91-95d1-e50994db218e,2.E.4.c
17fccef4-cd6c-5fbb-ad1e-e851ef4f6a2a,2.E.4.b
51703352-2d87-5530-a57d-c2bf1b117179,2.E.1.e
ab546f5b-c5ab-5755-8c4f-6a8310d34d4e,2.E.4.g
ecb28a8a-7184-57c4-934f-abc53a90b2e6,2.E.8.b
68b03d08-7f4a-508d-a3c2-0df0cfb6a71a,2.E.4.g
62cf61b5-e313-58b1-883e-18c0e8790d43,2.E.4.g
0b3e471d-23c2-5bc7-ae83-8af0af7c63c6,2.E.4.k
fe67402c-374b-56f1-a0a2-21aa5f1cfa7a,2.E.4.g
5dce6bf7-124e-5c29-86a1-76ea77d28408,2.E.4.e
b74e1e48-ed52-5fe5-930b-704c07127998,2.E.8.b
03036f33-e2e6-596d-b498-4198755387d6,2.E.8.b
f56c88c2-306f-5538-af2d-3497a7e80494,2.E.8.b
e6f9ce0d-deb9-53e0-b907-38b91757ddff,2.E.5.b
c9fb5d97-e40b-5357-aa36-5d7f8f0d611d,2.E.16.c
ef42576e-7153-5854-8a8e-c267ee88d0d2,2.E.8.b
869186b3-34e0-58ed-8dd7-eac25cc61795,2.E.6.f
7e555894-c6e0-5e49-8bec-953306f4a72a,2.E.4.h
329f8502-86c7-5d7c-8bc7-8cdc59253c30,2.E.6.f
b0bbe1b7-6233-5229-82f8-9219a12ab7a3,2.E.4.b
2d63a873-e74c-5370-b462-d0b87a79c8fc,2.E.7.h
ac9cee06-2f0a-51fd-81c4-3ff1918ca8aa,2.E.16.c
455b4781-18d6-5966-a9a0-01920293387f,2.E.16.f
16a24123-3049-5981-8c7d-065b6e5edcc9,2.E.4.c
dfb03ba2-5a23-5b29-9511-16b0f607e88c,2.E.16.f
bd0728e6-2196-542f-863f-be6ba75a9353,2.E.10.e
61a54028-6c21-55ff-82dd-a22c25fa8275,2.E.7.h
ff01989d-f67e-5189-94ce-5ca547a094e9,2.E.9.c
6b7409bf-3964-5ae1-8ae6-3d1771e8a5fa,2.E.9.c
5f303d4e-2fe3-50c1-81f2-04c2af6ced70,2.E.9.c
8380e7b2-4811-59ce-b89b-29b65b5720d4,2.E.9.c
05b081bd-3f33-57c9-99b9-4dbaefdde2bd,2.E.9.d
83ec4e05-53c2-5ac9-8a5c-069f826202d6,2.E.9.c
e48cb23d-862d-5eac-be07-2d697db05711,2.E.9.j
3b0ccf09-0917-59f9-81f7-14931c4c6a5e,2.E.6.f
c838d8a1-02a8-5940-a4f5-ae2efd200e45,2.E.6.f
01814181-b609-50be-9e72-010b983703a5,2.E.5.b
94899fec-155f-5056-933a-a502348b0130,2.E.4.b
9b99bba1-9e78-5f80-90d5-1a7dbbaf8c54,2.E.9.j
f1355e38-c31c-5c0f-9c69-41d0b75f995f,2.E.6.f
afe0450c-ea28-50e4-9bb6-789b6f9c2b77,2.E.6.f
7c26beac-4523-5bbe-af86-c35e22263846,2.E.4.b
50e554ee-221d-5d08-837f-d764e5ea96f1,2.E.4.b
bfe7b027-4484-5fa1-b2c1-3d8e99600296,2.E.4.b
ef485c38-1b7d-59b5-9314-7ef09ecf004d,2.E.4.b
37d5812c-7fdb-55f2-8e43-8033ac6d5912,2.E.1.e
976db1b2-1ceb-5758-803f-5d7842d66b81,2.E.4.b
26fc2a38-63df-56a6-a742-932dfaaee379,2.E.4.b
0e948a79-776e-5a47-ba8c-4255dd2fecf5,2.E.4.b
8d91477f-2918-5450-a0d5-798a978be5e8,2.E.4.b
4849f067-e479-5816-a6e4-577ff964bafe,2.E.9.c
8a06a1bf-6160-52cf-8e18-fecfa3147e17,2.E.9.c
2c3c9f2f-a3f2-56cb-98fb-2d40551de3f8,2.E.4.b
a68eeb7b-a57f-5c5d-bc4e-2d33ff000261,2.E.4.b
97aa1421-f363-5505-8bbf-4ec5a968befd,2.E.4.b
d828e299-1a0f-56cd-be1a-b5ffe231605d,2.E.4.b
fd5d0547-8a18-5eec-bdb7-bd51f112e591,2.E.4.b
d6bb2984-65f8-5e46-bf70-e96d1b3b3373,2.E.4.b
7ca85477-cce6-5bcc-bcba-9f56c0b94295,2.E.4.b
53d0e40e-7610-5277-ab81-3db61b0fb66c,2.E.4.b
82c3c3ff-e8f5-5d09-82e4-5d185bb8dac5,2.E.4.c
8a819fc9-7861-5643-92ae-4d8e7f8563d6,2.E.4.b
e72c052a-5fe8-51e9-9968-847ff411f3bf,2.E.4.b
fc9e64db-b965-5e85-85a6-a4ed47f00042,2.E.7.b
91038f02-185a-5135-8ccc-40c16f8720b9,2.E.7.b
70ff659b-f70f-5c15-83b3-880ec5d36b06,2.E.7.b
97c93526-4218-5190-935b-753c07da4b8d,2.E.4.b
b23229fd-965d-5435-afb6-c37804738807,2.E.4.b
40162017-e594-55f6-927a-fe6974e53a75,2.E.4.b
dceae3fb-35a0-5316-96aa-735a4fb4121e,2.E.7.b
94e86dca-4af6-5b5e-9ce8-1c79373e129f,2.E.4.b
fc390a72-cbe1-5b46-b537-cada63f726f0,2.E.4.b
8986220b-7104-5611-a44c-7e7a422ba318,2.E.4.b
092005e2-480c-54ba-a4e5-9f3dbc6fb132,2.E.4.b
c921a1d6-be3a-535f-9c02-54f924fefdba,2.E.4.b
5dffb76f-c840-5107-8423-7ca978ca8a2b,2.E.4.b
3747f62c-3f54-5d05-b933-67c4d24a34ef,2.E.4.b
14c9ee21-4433-5217-b283-f3a2c824047c,2.E.4.b
40df2480-d397-579e-bc60-610dd7e4ff84,2.E.4.b
7f8f811f-a968-58cb-8418-5da651371b76,2.E.4.b
e9e961a3-fd64-5920-bbe9-f6a57ed272f5,2.E.4.b
b58fd88e-b67d-5cad-9d38-222441a6ed79,2.E.7.b
2822b02e-dd1c-5a2a-98d8-5a625fd9e036,2.E.7.b
a6db434e-366b-50e7-bc31-d9128562346b,2.E.4.b
4f2643e4-a705-5481-b039-760a75714368,2.E.4.b
65dab2ca-1626-5c03-823f-c032762fc86d,2.E.4.b
47ef9d88-c6bb-566f-97c2-0a31f94ec20e,2.E.4.b
c685b1dc-670f-5983-9539-fda4d0de0f44,2.E.4.b
906c4d46-27d6-5289-bb67-0bdbe00079de,2.E.4.b
60d3777c-35d1-5e60-b576-52ba58590e60,2.E.7.e
dc52d890-3bb4-52ea-af98-9ab5a5bd59ea,2.E.4.b
42bfe9aa-dad6-5479-8391-6742ad7c4416,2.E.4.b
bf905f9b-c429-591a-b9be-6a3d8761a3a8,2.E.4.b
d447cb01-0030-523b-b127-9188517b6128,2.E.4.b
9e024ee8-eea1-5cbb-9ad1-2e966acecca2,2.E.4.b
8f9c87f5-8181-5713-8dd3-46f0478a478b,2.E.4.b
30901f66-7e1f-565c-8e0a-b64bb9ce9442,2.E.4.b
c18528a1-ce19-5bdb-a5aa-a46cade9773f,2.E.4.b
443f4046-401d-5f68-a56c-53b52929519c,2.E.4.b
4b502c2b-7309-55ca-b962-3b4223acc912,2.E.4.b
ef9d04b2-7c2a-5e35-afb8-d6befdacc03f,2.E.4.b
7e51dfa9-8c64-59c5-85f2-f9b592fb80a7,2.E.4.b
35e6978f-4a7c-5f35-af22-04cef5c1b894,2.E.9.c
6665c463-41c1-54a7-a121-47324029776d,2.E.4.b
020dcf83-36bd-5c35-bb9e-2952df179b61,2.E.4.b
78b49c19-293d-504b-94b8-31e072685bfa,2.E.4.b
c38e3022-29c4-5403-9558-4a8aeb28ca1d,2.E.4.b
37a51cff-6459-565d-9d01-1e9b78de589a,2.E.4.b
1ec47e15-e431-5a37-98bd-3a0044d3e910,2.E.4.b
773a48e2-4fde-5ede-9a30-99d12322eba2,2.E.4.b
1d6b8477-1463-555b-a147-857b6f6f4e24,2.E.7.b
ed6663d0-3d09-5f23-9c65-e9a194331c0d,2.E.9.c
d85ba36d-f37b-58e1-9088-8cedf7d3d034,2.E.9.c
ecec3e7a-b781-566d-bb3d-5a09335a889c,2.E.9.c
5d209dc5-2a93-52ff-8464-269c953d14ba,2.E.9.c
55bb19db-5ebb-58a8-8daf-2566b3170e74,2.E.9.c
ad68974b-e297-5c9b-838b-d03dec2a4758,2.E.9.c
8415701a-0699-59d4-8174-c35c0475ea04,2.E.9.c
0133204b-e881-548c-8db1-c9220f003df6,2.E.4.b
d8a3dc4e-fe68-5fe6-9b7d-dbb185cbd3af,2.E.9.c
6d02fcdd-4016-5b25-8eb6-42dd09bcaa00,2.E.9.c
302ea9ba-dde3-5e35-9770-f947fa6c2ed3,2.E.9.c
02a66ef5-ce39-5649-8f6f-ef961e50878d,2.E.1.b
0bdf6669-67bc-55e5-b4e6-1d70c83c0da5,2.E.2.e
d5a564e7-0450-5fc3-9031-6c9d3d1e7fa9,2.E.2.a
3cc4802a-1a1a-5dae-bbb6-24152b523ed8,2.E.3.b
9638f892-ba98-5daf-bcc8-c42db4ca908a,2.E.4.j
7cf3fa8a-ed16-5dd0-b56e-65b316709b86,2.E.9.c
a641d5cd-532f-5625-a261-e29e8a1093d3,2.E.9.c
16bc5a80-695a-50ed-9f68-63585da79dcd,2.E.4.b
8b12516b-9ab0-5e82-9917-d42db155bfe2,2.E.9.c
8fda5230-2330-564a-88df-5a3cbd00c053,2.E.10.e
c4ddbd45-26ab-5417-8abe-56fa94e9ccb0,2.E.4.c
c25a880c-f4ce-5ad8-9c15-edeaad19b340,2.E.4.c
3c266008-408e-5ebd-837b-212bde6e6bcc,2.E.9.c
16484337-347a-5656-8386-ddddccbad8dd,2.E.4.c
51b7a827-2420-5f72-b10e-0c451a15af5f,2.E.4.c
b05587c1-37af-563d-bef5-5b81b2250997,2.E.3.b
df36dd7b-877a-56e1-892e-3395bdc20261,2.E.4.c
4c01ec57-18f4-5215-9f66-d78816ff1365,2.E.3.b
ce565d17-2314-5176-bb4d-0981611edf81,2.E.4.b
9577e6ba-cae5-5a8d-80e4-6f7ff8b24355,2.E.4.c
77778b78-a2ea-5c7e-bf0a-0d7f198f221e,2.E.4.c
aa2ac75d-eac5-5415-8598-6d3425c05cd0,2.E.3.b
b3ffec85-a7c3-5eab-aebb-24c57e1f1730,2.E.3.b
93c3056c-92c8-50be-b2f7-0b402a0acd6b,2.E.4.c
7a691602-4689-58c2-8d27-a6218717f8e3,2.E.4.d
b5f22da0-d3ec-5f42-91a9-dcf154fa36f4,2.E.16.d
e7a84846-14e2-5172-81ac-089276ec639a,2.E.4.c
30c60dab-61e9-5cb6-872f-acfafd776500,2.E.4.h
a7a44342-a1b2-5e26-8a23-c357f63fe279,2.E.4.h
6967b808-4c92-51a9-812d-cdfdecdf4fb5,2.E.6.f
a05609b4-7676-59df-8e88-469a04831133,2.E.6.f
d6c4d7ac-eaac-5869-9110-f46b779a4d2f,2.E.4.c
c5d894c7-36b2-5d4f-b04a-8fda4d8374c4,2.E.4.c
3f920cdb-9910-51a7-a749-d33732da83de,2.E.4.c
a935f82c-c7ef-5b3a-a570-6a3b9897f386,2.E.4.c
97c49a0b-d356-5c9c-be5c-5c782eaf0370,2.E.4.c
5b46cfb3-a10c-581e-a557-a44024b47d5b,2.E.6.f
4fad30e7-c17d-5503-b0bf-8a5482dadb20,2.E.6.f
c7df1cbe-0247-518c-9f3b-8b1a7981e31a,2.E.15.a
749e4a4e-6280-5eac-8305-82b2eefc04e5,2.E.4.g
ed431006-ffdf-5bd6-be95-73c2f1953dea,2.E.4.b
696900a2-e69a-51eb-9c74-30d171bb30af,2.E.4.b
38c0056e-911a-55ee-8f0e-16035d72af25,2.E.4.b
1bd2fcfc-886a-55e3-9959-2855bce7d9f3,2.E.3.b
f896d73f-db23-5ea8-b925-7ec6ee13ec56,2.E.3.b
30b4e84f-cb3a-585c-abc5-be302bf4c3b0,2.E.3.b
3fdbdaab-7ef1-5371-8ce8-c158f011915f,2.E.3.b
fc89813a-a69f-5f33-99ec-d8f3024cb430,2.E.3.b
704307f3-5ce4-5d38-a845-eab39b29b6cb,2.E.3.b
97532347-1ec4-5952-8208-ad2635659b0d,2.E.3.b
af9cee28-51d6-5fbf-a8b5-e0f04d999e21,2.E.3.b
1cbd40f6-6b0e-5e08-b9e8-7a61201d1155,2.E.3.b
a743e1b4-848b-58d8-87ef-0a7d3b65d8dd,2.E.3.b
079762a6-a85a-5e08-aacb-fccf66246f71,2.E.3.b
6e796405-966b-53c6-9628-2f9c721068dd,2.E.3.b
b7bd3513-9e63-5dc3-a789-c896de77accf,2.E.3.b
ed8d64f9-7c15-5da4-b8af-d6487aa12986,2.E.3.b
d690f108-ae91-54fb-a93a-544202512e81,2.E.3.b
51b2e314-ecb0-5d12-8a18-96a6a24c9304,2.E.3.b
01abd4ee-6c74-5b66-8c58-5af7142b148c,2.E.3.b
6a88dfde-d860-530c-8cae-98f2688300a5,2.E.3.b
ec7bb7ad-4e15-569d-bbff-005db610d112,2.E.3.b
d8f0a44e-6fbb-5fda-af30-d9a7e279a630,2.E.3.b
2ec54bf2-7006-59f9-931f-13331c974e14,2.E.3.b
8c47d002-4fd5-5bba-b1a0-bc9c9f32a9d0,2.E.3.b
d8595a9a-dc7e-5f58-9cec-eaf880147160,2.E.3.b
a03f16b3-f6ea-5353-aa78-d947a111dbf9,2.E.3.b
a650f2b0-d983-5b79-b392-448fb6eb9804,2.E.3.b
c86e95c7-d66b-5696-b134-de7971498338,2.E.3.b
4ca6bd94-05ae-563b-a875-e8c8475f25bb,2.E.3.b
730327f7-1977-5f3e-93d4-c5f5081a2923,2.E.3.b
529dff10-4d3d-5348-ae6b-4d4f9e44ad0c,2.E.3.b
3ac1c0cf-2514-513f-9b45-1b649ca3225a,2.E.3.b
7e1d364d-de9d-598b-9ff2-9b030b0bd53d,2.E.3.b
bffdfd63-ba5b-554e-961d-3553a0a7b4ca,2.E.3.b
02dc593a-7268-5093-b0c9-7e555ccbff20,2.E.3.b
253654e0-5c99-57aa-afe1-8424ff2d1e93,2.E.3.b
108b2543-e04a-55c8-bd5e-e31dd640e3a8,2.E.3.b
6c392256-69af-5f76-8050-189ecc9bb08d,2.E.3.b
91251d61-89a8-5b59-a54d-d41c1217158b,2.E.3.b
dd5791dc-e274-5429-8d94-6a258bd6766d,2.E.4.f
7194984b-559e-5ea9-a182-1774313e4741,2.E.3.b
aba1d5e3-e8f9-5c32-b768-45dd8816a8fe,2.E.3.b
c1aa8adf-aa00-51b3-a477-a96437495786,2.E.3.b
9d324901-564d-5d0b-b52b-cc31dfe79a8d,2.E.3.b
6cbbbba2-3be9-516f-b387-ac99e94ac984,2.E.3.b
74ae518b-aca0-5225-842f-64c859561563,2.E.6.f
5fc074cc-cade-514d-9517-03ee7c61bad4,2.E.3.b
afc8a9c6-ca05-544f-9db8-e35fff790118,2.E.3.b
dabe88d9-be59-5359-a32b-5cd4e22007ef,2.E.3.b
c12437d0-ddd1-5ca4-be85-5af4a5b0c7ab,2.E.3.b
2ed4b002-8b42-5517-915e-e241bc9f0135,2.E.3.b
c133c9ed-14e1-5223-bfcc-35593bfe9bbe,2.E.3.b
3f19a1c9-01f7-5faa-b8c6-dc4e5992bcc6,2.E.3.b
8c97e8d8-fd15-52d9-bc95-3783de31f852,2.E.3.b
bd75fbc5-6135-5ff0-8111-64567fe67919,2.E.3.b
65c4a453-8aa9-5d9b-8d85-65d2a033a601,2.E.3.b
afa51930-8c41-568d-804b-8797a746c1cf,2.E.3.b
556be6ba-ee39-5f14-b73a-4ef403ca4cf0,2.E.3.b
d2ad6907-6997-5e19-8502-5928f6943638,2.E.3.b
765c86d6-3c0b-59f7-b00d-76e648c8dda2,2.E.3.b
98488491-148b-53cc-8795-c339990d8e62,2.E.3.b
75583c1e-b755-518e-b998-c5adcc876dd5,2.E.3.b
a283c125-dbaf-5b7b-801b-add1eedd0df4,2.E.3.b
3f54f505-7218-50a0-bcd2-382a7ac0bf0c,2.E.3.b
61f57cfb-cf52-50e4-9a8f-940560c37751,2.E.3.b
4fa877d5-687d-53bf-b1c7-4fcad753e0db,2.E.3.b
4e62ee99-0de6-5a8e-9930-1a3d1365165c,2.E.3.b
a4cf2cf5-63a6-5be0-8d16-33190a566cd4,2.E.3.b
362fb751-40c7-594e-aac4-afb8fffaae4f,2.E.3.b
a346b10d-ca18-5ffd-a2e1-20b8b4da795f,2.E.3.b
7f3ebfda-c1bb-5cc3-9b62-432e65037636,2.E.3.b
b91dfc8e-d84c-5507-9798-01c4d38a80f0,2.E.3.b
12eb6173-0562-5423-a1c1-4899db09ad95,2.E.3.b
5ea06e3a-d2c1-59e9-955a-39444418853d,2.E.3.b
faecd9a0-33e2-58fc-bace-34ec8bb0d20b,2.E.3.b
06cf1fc4-f000-5022-8191-e806b044d6dd,2.E.3.b
873ff0dc-4c93-5635-9de7-ef079730f8c5,2.E.3.b
ef8edc3b-ce7a-5654-877b-824c2f281f38,2.E.3.b
a7e8f992-2212-53b8-a2ea-7c1ae7e844cf,2.E.3.b
39f5ba10-0a93-571e-9b88-d8864a973aa6,2.E.3.b
7b309ae8-fa38-55ad-a334-326c5c22f287,2.E.3.b
0624f9b7-2861-5bae-ab9b-bc2ae2fd0161,2.E.8.b
4e1021ed-f6bb-5e9b-a37e-fb2fcfdd4781,2.E.2.a
4089a865-25a3-5c8d-b08a-bf5866057731,2.E.3.b
f8421b83-08f5-5922-b591-d32f9356fbb7,2.E.6.f
13f28203-9a0a-54a5-a301-356779729165,2.E.3.b
63ca84b8-edb5-53bc-9244-e3e8a7c75324,2.E.4.d
5992cb29-19d8-51ec-ac07-80d11cd713a8,2.E.2.b
2a745a36-0623-5ee7-b4fe-be5c5d085822,2.E.6.f
52890daf-3703-591f-9dc3-5c547f905c9b,2.E.1.e
3f595b92-e388-51a0-b77e-be00aaf56580,2.E.9.d
f9e78b35-dd62-5446-aac7-7c1f0f394704,2.E.9.d
d2b5661a-f80e-5af4-a5dd-20f151e41464,2.E.9.b
a2ec325c-cd23-5995-b1ba-ab784a350abc,2.E.6.f
d75dbafc-240a-5e64-8d75-122ebc773250,2.E.4.b
6198f802-5911-5d2d-95db-37f7a499d831,2.E.6.f
dc883a73-932b-5f5b-a040-d2274b0c599f,2.E.4.g
7f491112-1dd1-5638-a9fe-ff4db796853c,2.E.4.g
fa7e29e1-6c57-59b8-bf93-9ad1b19b19c4,2.E.4.g
35d995b4-c41d-5825-b7dd-9dc05e6688b5,2.E.4.d
b0ec4ff3-c10f-5bc9-8971-a834305f231a,2.E.4.d
6cd2d49e-fe32-5ded-8163-27ed66e855c9,2.E.4.d
2126bd59-8a4b-5ae7-8967-39fbe517641e,2.E.4.g
59578ddd-7a0e-5859-a61e-752d7332cc32,2.E.4.d
e5bce2ed-0cca-5c9f-8ec2-3e007e54fdd6,2.E.4.d
1df6f736-d396-59aa-92c7-9df92cde4f9b,2.E.11.d
9df1def8-fcf5-5bb8-9612-2d19acca9e57,2.E.4.d
53e6ba45-9951-5d6a-933f-43ffa860b67b,2.E.4.g
faf457c1-3b34-5632-98e7-0f960d7682a7,2.E.4.d
4270a300-232a-5e6c-aa52-45da33a47b01,2.E.4.d
675b8f57-eb0a-55bb-852b-0dd710c37291,2.E.16.b
df46713d-bd71-5060-a160-94564f5a96e1,2.E.6.f
be329eda-fc0a-54b1-bf47-e14c4eb86d46,2.E.4.d
1c0915e4-8c0b-5c7e-b352-f78aff1ef1c1,2.E.6.f
cb1cd20b-37cc-58e6-a328-b298068b5410,2.E.4.k
5c799d75-4007-53d8-b273-e327c81bab0f,2.E.7.b
acdee886-d64c-5094-9833-5845d41528d7,2.E.4.g
972066ad-4cec-53ae-82fa-f02a0314ef6e,2.E.4.k
76eac4af-e32b-56e8-b6b4-791e1555e7e8,2.E.4.g
55604a68-3113-518c-88fe-a714aed59a2a,2.E.6.f
9fb4c65c-f089-594f-9c45-1e65c196231b,2.E.4.f
b79ca58f-a327-539b-8851-724466a858cf,2.E.4.k
7032a67a-c70e-5aa6-a801-1b9775c60bb6,2.E.16.a
dea06d03-3b87-5a0f-96e4-ddbc98b01359,2.E.4.d
8d4a4f0b-3586-5b5c-84f1-f7b0f427bcb3,2.E.4.g
736bd5d7-6cdb-5c19-a27d-c89183f2f58e,2.E.4.g
0bd6b290-5145-52f4-bc64-efcb9fd092d1,2.E.4.d
6da176e6-284a-5b32-bdad-1384cb858e7b,2.E.4.d
eeb819a7-9e23-588d-99ea-b621ed99cb72,2.E.4.d
105bfe90-a002-5b7f-939a-c4b32bfb0ada,2.E.4.d
4aaeb1b4-748d-5329-99e7-018fd163482a,2.E.4.d
f89c5825-1776-5055-83cb-623c73574052,2.E.4.g
99f39bfa-c9f2-5e20-bfa1-1ed632930941,2.E.4.d
cc835ec2-60a6-5a32-bef1-930163d1804d,2.E.4.d
8ff816ed-e7f3-5522-bef5-bafe56be1ca6,2.E.4.d
56ef0ff8-2f18-5f54-be1f-a71eb45d9109,2.E.15.g
38c74b23-9bdc-5f06-a612-446049e9cd42,2.E.4.g
fab9d554-915e-5d1f-8049-fe25e7b4aadb,2.E.4.d
aa5307af-1dac-518f-b4ca-677e2586b186,2.E.4.d
3acdf609-3f15-55a9-abcf-bc8ebc30d2d6,2.E.8.a
70767954-2758-5a91-9293-81c5bd5f4b31,2.E.8.a
d9dbebea-3f5b-54ce-9222-e08781676d5a,2.E.8.a
8275b2a8-f229-5181-9630-e7e0e8ae6a9c,2.E.8.a
40abbf29-da60-5a9a-8f3f-b253a8689f4e,2.E.8.a
24a31799-4aad-5ab4-bba6-5e92073de28a,2.E.8.a
8ef04261-084f-5cb1-ba2d-6a513fc6c38d,2.E.8.f
ea345c8e-6c0c-5f5c-a416-1c029d969ddc,2.E.8.a
825d320d-9ff9-5310-8bd3-c31be5609c2a,2.E.8.a
314571c6-6fa3-5c1a-beb9-10e5312858b8,2.E.8.a
3571247d-f4c5-5065-981d-ae79bd27f029,2.E.8.a
b972327b-ff80-5510-b99a-22ccab4594f6,2.E.8.a
991518de-6d49-5a3f-a443-1fb0982a4fef,2.E.8.a
b19a98bc-fc20-5fd6-97b8-687dd99a9963,2.E.8.a
9b9c7dc6-ff0f-5bbc-beaf-7c897ae0be06,2.E.8.a
978f50c4-9933-56d1-9c7e-4b9e8232615c,2.E.8.a
2edb22bd-4683-52c4-bb7c-692f877f3d96,2.E.6.f
c503be85-0731-5288-9613-232de9bf7062,2.E.2.b
44be032a-15c3-5546-bc7a-385df524cebf,2.E.4.d
707d7560-fae3-5352-9b80-2da7f01357bc,2.E.4.d
235bd247-ea61-5d21-a66e-14994e0e72c2,2.E.6.f
b52692cb-8c2d-5d7a-a2b7-4c4a0ddefe8a,2.E.4.d
20cef1fa-a801-5c9e-983e-20d55f40b16b,2.E.6.f
a2f590e2-a780-5e25-8d7f-c63597cad8d0,2.E.15.d
ed16542b-60c0-5e82-bbe6-a96f5bed9b10,2.E.4.d
d3654f5c-8df6-566f-91bf-70025040383e,2.E.4.f
9102fa0b-0af7-592c-9120-e5d503e039d0,2.E.4.d
3a2864fc-d8b8-5fc3-8f7e-9e35efd847ef,2.E.4.d
166bb717-04a5-55b7-a5b6-e18b27819ea9,2.E.6.f
833050a0-500a-51d0-9ced-8a780da426e8,2.E.4.d
b1032b3d-a7f6-5bd0-adec-32a5afcd7c78,2.E.2.b
b036b500-c920-5f62-ae9a-9c7c12a1a9ec,2.E.4.d
5b21743d-103f-545a-9f97-0b79c12406c5,2.E.4.d
f0ca9eb1-19e5-5075-ab19-67ecc58537e2,2.E.4.d
64724cb0-2826-5bab-982e-6d19dfb303db,2.E.4.d
fe4b1d73-a6f7-5827-b314-e536b39ba4ef,2.E.4.c
30b31e0b-f1df-5e7c-a7d0-5244d0fa9713,2.E.4.c
895b8eee-4620-51bb-bcbc-aa647c743b2d,2.E.4.c
30849edc-6de0-5b49-9c25-1671bb41d85d,2.E.3.b
d0d149fb-142e-5cea-9cb9-c001c5f10154,2.E.2.b
4d0e09fc-8442-5e7d-812b-26169dc681a6,2.E.4.b
36c32e48-5cdb-565a-8215-b7cf036f9585,2.E.2.a
f01126be-3065-5713-ac82-129cf513f196,2.E.6.f
4f445c72-768e-51ed-ba25-bf630ca212a0,2.E.4.h
b2f8f490-0388-5d3e-8758-ebdf44a1d42f,2.E.6.f
514c1c20-5731-5412-a410-ac74f9e0e05c,2.E.6.f
27c53fba-9bff-5192-8e16-0956eac7d73f,2.E.6.f
0605e1a0-7337-53eb-83d4-bd5dbb1951de,2.E.6.f
5e47739f-bc71-5d67-9745-bd649688ae75,2.E.6.f
4604246a-1f87-5517-912a-600889d60146,2.E.6.f
f88e63fc-50b0-5d25-8438-495b78e046a5,2.E.6.f
f7b24338-e791-57b8-82a0-d1effaa954b5,2.E.6.f
42b9b377-07ae-5e67-83ac-4bbb31ba4019,2.E.6.f
05ed457c-6b5d-53b5-99e7-c5ce171116cb,2.E.6.f
ca7154c7-263d-5c9f-9a44-d0ac185d3039,2.E.4.c
efd1ed55-216e-512c-9a7c-ed23445c3b51,2.E.4.c
08d8b699-7967-5fa5-9a0c-aa800cd42054,2.E.13.a
b959e90f-18b6-5752-bbbb-841a4a85f717,2.E.4.c
2ce13d54-0bc3-58da-9d76-00e314be8d6b,2.E.4.c
ad1a285c-dcc0-5e57-9bf5-c9b6ff97b2a0,2.E.4.g
03eabf5e-685e-5149-bd64-24b5f4e70828,2.E.4.g
166e0d72-d518-565a-b085-27e1cbc37073,2.E.7.h
b984d554-5238-56cd-8356-f6ca79476e5b,2.E.4.c
b470cc39-5d8b-5952-b792-197f25a9da5f,2.E.9.i
a25161c4-6767-508b-8df1-661a49765bdb,2.E.9.i
065a5d7d-d790-56d3-807c-37bd6c63c51a,2.E.9.i
3c2438e1-6f20-5093-9dbd-623386396c69,2.E.9.i
e7b5469a-b82e-5b3d-9d23-b35ece3830e7,2.E.9.i
f9db87de-7151-5b16-a322-2f1ed5f9532c,2.E.9.i
5ebb22bb-2063-5ad9-ab9c-cca9ec23a625,2.E.9.i
115db288-38a4-5625-8dc9-53d75030ddaa,2.E.9.i
3139b4a5-e197-5397-83af-2761a727ec8a,2.E.9.i
38f729a0-d34f-567c-8154-c5befe3d1f9d,2.E.9.i
765a34dd-281d-5ff9-84c9-b34ec6b28b06,2.E.9.i
ec0669ff-291a-5bba-a221-8fc8c7593dfe,2.E.9.i
671b1687-bb3c-5cdb-950d-dde413902faf,2.E.9.i
5a6a9802-6457-5cac-b817-aa4728e75d3d,2.E.2.b
5bd0af3b-f448-508b-914f-1e6788ab8d5e,2.E.9.i
082023e9-093a-55e6-bbe0-e29f76c92b04,2.E.9.i
e95bf1c2-7486-58dc-b83e-5ef2531eb89a,2.E.9.i
4c869c76-3873-5251-81b5-c1fb9e051c95,2.E.9.i
b52ceea4-5c14-56d0-b90f-b65ea3378bc1,2.E.9.i
45db108d-54e4-5426-96ff-039a3991da1f,2.E.9.i
01c2b6ef-228e-55a0-8d21-94e16f5eb35e,2.E.9.i
c04a1b4b-c221-543b-9c88-746ef6023a26,2.E.9.i
967dc09a-7ce2-57de-bcc7-7a5fedbf7c8d,2.E.9.i
411f149e-e5e2-5d29-b76c-708152916ef1,2.E.9.i
84f57ccb-40af-5cd0-8e7a-e5a296d909ae,2.E.9.i
9958d023-a280-50b2-b2ef-902225dd9a94,2.E.9.i
0054ee7e-5a06-5cac-92d8-a7622d8f0ca1,2.E.9.i
068460cb-e558-5fc6-a9e9-e91d3f748c5a,2.E.9.i
ca2fe8e4-8de8-5f0c-a31f-fae60e3e5ba3,2.E.9.i
a6a5cc19-9059-59d4-8381-77d2332e6ec1,2.E.9.i
081f43ab-4252-5550-817f-6903b85464de,2.E.9.i
548a3b37-d813-5671-9f58-9631faa521a6,2.E.9.i
367e3985-75d7-513b-a13d-8e85df129c32,2.E.9.i
5deca111-46c5-5e65-bf87-32beafa5ece6,2.E.9.i
b68d3f88-1b1f-550b-82d4-3f66e3918a2e,2.E.9.i
8d447118-5661-5975-bdd8-df68342a6d10,2.E.9.i
5988e14c-56db-5072-ae49-d280c4a3de83,2.E.9.i
a6f736ea-e646-5a73-9236-3ee535911203,2.E.9.i
230d3440-ab44-5745-96ad-914ae127cbe3,2.E.9.i
6c385690-bd19-5b8c-b50f-81dab38cca06,2.E.9.i
bb9f3396-ddaf-5237-b4d0-ac479ff783b4,2.E.9.i
a8e7d2d6-8b44-5a31-bfd8-5c1ee6727ee0,2.E.9.i
c8aff4f9-5da7-59c3-bf5d-3ea3589f8471,2.E.9.i
39117dec-4224-5a5a-a9fa-42b7660e041b,2.E.9.i
70652be8-bea0-5b3c-9713-c6af7d323e0d,2.E.9.i
192a21ca-db0a-511f-9565-a88f5c836a8d,2.E.9.i
163484e7-f2a3-5b08-ac32-942355f094f2,2.E.9.i
cb0f58a9-40c2-5348-a5cd-181a81b8efd9,2.E.9.i
5b621d8c-64d6-598e-9533-67a98b49482c,2.E.9.i
6b97f24f-4dbc-575a-a6cd-5963d99ca79a,2.E.9.i
01baa2cb-d38f-5d7e-9d11-97297d84df5e,2.E.9.i
65b83680-3fa4-5cd6-bc94-4b3c651499de,2.E.9.i
29aebd94-e5f1-523c-8f5a-8808a51ff31f,2.E.9.i
218b57c1-3d10-5d20-938e-1f91b22c28d6,2.E.9.i
788cbadb-20a7-5b70-bfb7-c88e5e3aa32c,2.E.9.i
284ff023-a066-540f-96d2-d54f6b3bd070,2.E.4.b
74cba7fd-a8fc-5f46-bb0d-19260f17fa60,2.E.9.i
2fddbfde-fc61-5204-86c1-c2fcc1b4969f,2.E.4.b
4167484d-2a9e-56da-88cc-c3abdb911a5c,2.E.9.i
f84e34ff-6313-528c-a5cf-7715c73bf265,2.E.4.b
703ce607-c397-52c3-91de-778287c5bc9b,2.E.4.b
1b15f3a5-5b9f-5587-b0a1-fd7fa8bbb9fb,2.E.4.b
e1683427-0427-5532-aa33-7d8e1d826e90,2.E.4.b
cc5114f1-0a5d-53b0-b520-957dc027d41c,2.E.9.i
013ef4a4-82ce-5bdd-a43e-5e4c82a7ed09,2.E.9.i
b955f81d-a8d3-5a44-a4e5-de38196af71e,2.E.9.i
398f4834-5adc-5c81-b8c0-a9467848c3c8,2.E.4.b
ac2ebfdb-d60c-5bfa-82e9-8538626c79ac,2.E.4.b
bd02eaa3-0d5b-52fa-9cf8-a33d8b126e76,2.E.4.h
d1fb5b22-e2ad-5214-830f-dee3bfd05924,2.E.4.b
b4189624-f522-5e9e-8834-c74f4889a748,2.E.4.b
1137316a-6bc0-56fd-b4e2-02d53472109e,2.E.4.b
554fef62-913e-5ca8-8f8f-32e390467c78,2.E.9.i
faa27c34-a7c0-5bf9-a2b4-1ac69bc945a8,2.E.9.i
17e5af42-8d16-51db-9cad-c426ee6e3786,2.E.9.i
bc8c71bf-7061-5174-8e70-79022157c238,2.E.9.i
dd23f7d3-6d85-5442-be23-3b4815a721c4,2.E.9.i
651d4f92-394a-5036-bc48-20a17b5d399e,2.E.9.i
ed71667d-237e-5453-813b-2f80fdd44f2d,2.E.9.i
40317512-cafc-5601-aac8-74e4e73f8d28,2.E.9.i
a5653552-f819-5661-aa92-50918f19f95f,2.E.9.i
8cec6416-2b32-554f-9a58-ee4ffa7a7f4f,2.E.9.i
fa81f6fc-dd40-54f1-a6d8-9a5ee28dc02a,2.E.9.i
5831eec0-00a9-5c27-9d90-512d2ece55da,2.E.9.i
b23972c2-4e45-56bb-9b62-babf9b58c565,2.E.9.i
f8f91474-8c95-5833-afd6-f70d0c903fb1,2.E.9.i
81e98aaf-a6c8-5e91-aaec-b975b262ff1e,2.E.4.b
037b82fa-efe6-55c3-821c-3a83a9911ddc,2.E.9.i
d65ef391-a05e-5a6c-92a0-ad9c15dd1284,2.E.9.i
e1981607-616a-5c10-9d7a-069755011022,2.E.9.i
9e8cd444-f9d3-5cfa-9a23-e26beb6aaa51,2.E.9.i
126ee734-f8bd-507b-9e70-92e06be268f7,2.E.9.i
588467cd-63e2-5dcd-ac83-cbb043c8c4b9,2.E.9.i
a6dd00c7-f3b4-522a-8f2c-2f149845b070,2.E.9.d
d83695b2-b0aa-5d97-911c-5c0cb2ea6700,2.E.9.d
b2754d26-6f30-53cb-8564-1264f0770bb2,2.E.9.i
cb04c773-b1cc-519b-ba14-bc99959e2f92,2.E.9.d
ea7da920-0027-5656-8bf1-7525b0db04fa,2.E.9.d
9ee2653f-042f-5f56-8b37-b813111ba12d,2.E.6.f
731a93a6-caee-5ecc-a1ad-b7df5edd0fd9,2.E.6.f
43f66287-39c0-5394-bbc3-fbed9ba771df,2.E.9.d
b6e991dd-b5e0-5e18-befd-789487728b22,2.E.9.d
5ecf2b5d-d94b-507b-9da6-2eac0efca2f7,2.E.9.i
d85d76b7-e180-57f3-869f-0eff006ad6d2,2.E.9.i
b6962900-a62c-5119-ba71-289a09d3f1ed,2.E.9.d
1b3b7e79-702c-524c-b363-eb2e0a5a5b56,2.E.9.d
891e575e-0bb7-5ca9-ac15-555cec5a6c62,2.E.9.d
3e07eac4-25ac-5b10-aab7-e3e2f3eed19b,2.E.9.d
f7fef640-cc8f-55c2-b049-04b4ae9c951e,2.E.9.d
698c640b-ef6b-5397-9d53-81bcfacd996f,2.E.16.c
fcdcbb5f-0f4c-519c-b5cb-df383d0d0e65,2.E.9.i
adab3ad4-13cb-5eca-98f4-a6fcab0740a6,2.E.9.d
4fddeac1-767b-513b-8706-ead7d76eb6eb,2.E.9.i
5bb98391-32f8-56d0-992c-f160528cddfb,2.E.9.i
d41fb866-c0d7-5e52-89a5-79a0920e560b,2.E.9.i
d2488771-414c-56ba-a52a-e40bace2510c,2.E.9.i
cfcc9a3f-60f5-58b1-b312-30fc9125dbe3,2.E.9.i
7471b3bb-3f01-5125-bb27-ee08b064e2fa,2.E.9.i
993e6f72-3c18-55f7-92fe-1cc172114e47,2.E.9.i
e0c46ce9-3afd-5506-a3f5-8d80c0d76298,2.E.9.i
6ead3a12-4a7f-55f7-a51f-4ee4b9132dc0,2.E.9.i
a086fe23-e640-58be-abbe-3212b1e85dc8,2.E.9.i
eea127d8-0a69-5fe4-ab90-cb0b5f6a868e,2.E.9.i
b74d57c0-f1c1-5507-ab96-67b718e641de,2.E.9.i
dadcb8f0-6a67-5519-a6b4-c233acf960c8,2.E.9.i
52ca5b15-adca-54ef-a55d-638f1af10cad,2.E.9.i
b9055ddb-1697-5d4a-910b-61861fbaa94f,2.E.9.i
654ee447-8455-534b-9063-e8d8d5842a51,2.E.9.i
99ba0f71-a7a7-5db5-8c63-af76563fba91,2.E.6.f
22c96190-77f3-544b-a492-bd868d28ec42,2.E.8.b
ca0940f0-5110-56ff-8c72-2d93803332d0,2.E.6.f
65e4e115-60d6-56ca-8b7c-55c4dbc257ec,2.E.2.a
1476442f-451b-5f80-9fb1-d2e6861e5578,2.E.1.h
0261d1be-6291-5e2f-878d-28428cf998e6,2.E.4.h
996e5b20-a811-514b-9126-177c7aaa5dd2,2.E.1.f
d3b8911c-7f30-5d0e-977b-9d49014dea3b,2.E.6.f
66ab3de8-4ab3-55d0-80da-1d4a6dea777e,2.E.1.h
df98caac-ae88-51d3-b49c-b99109f0b46e,2.E.9.d
0ca6fe82-e98f-509e-be19-99eaeb713623,2.E.9.d
a3d087ef-28e8-508e-a796-99056124129c,2.E.15.e
b9d3e9c0-cb40-5b83-83fa-ea9738db6d34,2.E.9.i
ddc02527-e719-542e-ba45-b28d0df1c145,2.E.9.i
db7cf295-b135-5efe-aed7-35da42e04683,2.E.9.i
2ea45fad-6c2b-520d-ba42-581126d261e5,2.E.9.i
63a146bc-1579-501f-ad5c-ec1e249ab882,2.E.9.i
4e6ecdce-8327-5ffe-8968-505340431fc1,2.E.9.i
c69e30ed-33c0-51ba-9225-675f8583d7ce,2.E.9.i
f3573457-d918-583a-acce-0f10f2082cc6,2.E.9.i
80f6dc90-8a8d-561e-8c41-1e2ab84efb4f,2.E.9.i
418bdeb6-0847-52c9-99a3-0ad9439f06bf,2.E.9.i
9b372024-27dd-5754-897d-a74dc6b500ba,2.E.9.i
b02e2773-183a-55f2-aa10-c1453da39ec5,2.E.9.i
6709e7dd-fe37-50c9-bc7a-f1e1ba356465,2.E.9.i
323a4824-255c-5ead-a9fb-5d6698006da6,2.E.9.i
34c6053c-b685-53c6-aae1-48bfef5cd371,2.E.9.i
8e329ac2-bad4-549b-b797-3430ec40475c,2.E.9.i
1d7ea839-8d2c-553e-b46a-8d30ab162a1f,2.E.9.i
a481ace5-26a7-5b7a-8a28-6a8fcbb8e88d,2.E.9.i
ab0a678c-a640-5e0a-96ee-2696443a9193,2.E.9.i
cdbcae60-7ece-52f7-907a-76ca939f6cb6,2.E.9.i
e94da235-5380-5134-8a4f-8674ff2f44a0,2.E.9.i
08f03bad-f5b7-5de8-b87b-a49138012003,2.E.9.i
656e9cb1-5649-5274-9da6-640868fc49df,2.E.9.i
88638851-791d-5180-a8a3-f616c4ee5aea,2.E.4.b
90c42bd2-c595-5ebf-b905-86d001bcd600,2.E.4.b
7d25fbf1-5941-51ee-afd8-f4939d7fee8c,2.E.4.d
d346802a-5dc9-5e13-9bf7-bbef229ae4b8,2.E.4.j
9102db92-0974-5ac9-8bf2-fbdc6aa7cac8,2.E.2.f
c27288eb-949d-5e98-bbe0-20ead97b83f8,2.E.9.i
c7b907d3-b943-529d-b78f-0a53ca023d66,2.E.8.b
a2487e38-1adc-5bd6-ae2e-6a0b6a0f72b2,2.E.9.i
4a5c967c-d8fd-5c6d-a56d-92f032db4816,2.E.8.b
06e3ed79-51e4-57a0-becf-8cc556d78f84,2.E.4.b
b11b3d81-1c89-59f6-b9c7-355bd458757f,2.E.3.b
034e5860-7deb-512b-9dc4-400021adbbd5,2.E.4.d
8e4703a7-d7cb-5212-a926-a62a9f1f79f2,2.E.8.b
9a82cda9-cbc8-50b1-ad2b-7ad710da0854,2.E.9.i
1336d3a6-6e63-5209-b74e-d926d9d3261f,2.E.8.b
5590e7cf-1cc4-5857-b214-72fa76a708f6,2.E.8.b
69518c58-d660-506c-8c5a-064c45a25938,2.E.8.b
f7bfce2a-8d55-5725-8a1f-0099890d0029,2.E.10.e
27f3fcce-f0ef-5d3a-8d5a-98e46d0ebc55,2.E.4.a
317e9771-6c99-5233-ace2-c1813063b903,2.E.8.b
c10e348c-e73c-5ed4-8cd2-0e215d9d8480,2.E.4.j
e67beaff-b84e-5e58-97f4-83047fcc7f00,2.E.15.c
3b53a975-e2da-5577-b542-5ab02f4da116,2.E.15.c
677a6e62-b216-536c-a2de-34aba24becf5,2.E.8.b
e50f78b6-fc6b-512d-94a4-44fbcaec450a,2.E.9.d
542b41f0-e5ce-5407-bd7f-989b9dd8c7f1,2.E.15.c
da72eb52-4f8e-5d4d-8bfb-dc49e0f12359,2.E.15.c
1f34711c-3699-5a32-9655-3e8f90dd51b8,2.E.15.c
fe1aac10-0fb0-56e9-bdf7-be259f017fd0,2.E.15.c
fd3a7750-8f7f-5e9c-a558-2c69f3e5d4ff,2.E.9.i
4c810b61-e3ac-58a6-a75d-4e94edb11a17,2.E.3.a
c44a9f9f-f204-529b-b8b2-077f3b1693a4,2.E.9.d
fbe4e97f-d17d-5a14-970c-814a401025f1,2.E.9.i
1c4eec1e-a01a-5ffc-ad7d-152b32400cea,2.E.4.d
667dcfea-690b-5f8a-916e-f410a05b0575,2.E.9.i
b7fcfdb3-8239-5bfa-8a34-30799879b20b,2.E.2.a
4b70f2c5-0b77-5662-98f4-a95e03976f30,2.E.9.i
1c83dfa3-ae5a-5d6f-a3a9-fb71988ad343,2.E.9.i
d3b8911c-7f30-5d0e-977b-9d49014dea3b,2.E.9.i
d87d6f98-41d5-5fa4-9ecd-1f2be9732b3d,2.E.4.h
1d454884-b450-5933-8480-f3132281bb8a,2.E.9.i
7c0fe6f7-0b23-5b60-97b8-0dd4998694b7,2.E.9.i
3cf2f0c3-6db3-5af0-85c6-3dcb8bc396f1,2.E.9.i
27c6675a-1684-5728-ae7a-80f7ba255b5b,2.E.9.i
6a57d7f6-18cf-5153-80fe-cfadaf75d747,2.E.9.i
0718945b-5141-5fdb-85a3-ed4da75f901c,2.E.9.i
aeed9d8b-d55a-5d0f-8817-c23c554372f4,2.E.9.i
3e1a33b0-808d-56cf-a5e0-39750dc733ed,2.E.9.i
f600478e-85fd-56d0-8fcc-3cb30e145421,2.E.9.i
da95f64b-984a-5001-9821-f7ac4be6ad11,2.E.9.i
9dbe907e-531a-5ae1-8dc6-f3bd43f07b04,2.E.3.b
9b8e4d6f-a0b4-53c7-a3da-8a273fd6ed11,2.E.3.b
93226273-6bd1-5c3a-8bdb-e4be70654930,2.E.9.i
80e5aced-3830-5e78-a7cf-c0eb6e98b963,2.E.9.d
c90356fd-c9ca-56e3-a454-b5ee335372f7,2.E.9.i
f4a9d83d-59a5-5b42-8365-9b4f8a757780,2.E.9.i
f55850dd-56a9-51b7-afc8-5c167061117c,2.E.9.i
ab550e07-1c42-5fd5-a9a7-a9c1fd3de43f,2.E.9.i
b7b62f69-df58-584a-b769-4cd300317e05,2.E.9.i
a4fbd0a9-315d-5ee7-afa2-9a1b9d2bc737,2.E.9.i
7250664e-d09c-5534-968f-b1167c84c23e,2.E.9.d
ceef7437-abf6-5c23-90b1-0df43f3e6efa,2.E.9.i
ed6a3ab4-be61-506f-801b-5e10394ef534,2.E.9.i
38e58901-f9c2-518c-8ce2-9f5b8acbdc74,2.E.9.i
d390ed48-7340-5451-9af7-7e7b28ad8d4a,2.E.9.d
cb694d12-7b6d-5f4e-932a-8f8be1932711,2.E.9.d
570187b0-835b-5cf8-bcf1-7ac45d49f1b8,2.E.15.d
029110c4-eae7-5241-b281-8751d1392dc4,2.E.6.f
fcd01898-1d7e-58b2-9b8b-d37f0384e39c,2.E.3.b
2e665c78-59b9-5744-b690-83b3852ad91c,2.E.9.i
a68d325e-a55d-5234-b310-7e4d3c4e14d9,2.E.9.i
684b6e35-783d-5b90-b089-3bcfccca64e7,2.E.9.i
5d65b2d1-4cb6-5cd3-9466-bd1421bf20ee,2.E.9.i
71924a49-5fa0-505c-ad70-2e3b1a53ca07,2.E.9.i
3c106d33-1f62-50c4-ac27-0d6eb2269e87,2.E.6.f
1c14d652-41df-5768-b8b6-18df7409e8f4,2.E.9.i
5c25260f-ad6d-5122-ad26-13b946f804be,2.E.9.i
3ef14046-3ac1-508e-bb4f-b165565c0513,2.E.9.i
5d5e291c-5587-5ae9-87e6-36ec7517f853,2.E.9.i
0b13ba00-d626-530e-b0a3-39164f4c0253,2.E.9.i
9aa4231d-b813-5f8c-a3ea-e33f5be52927,2.E.9.i
4a790943-831d-5397-a0be-da8aecc317c8,2.E.6.a
e7f313a3-b0cd-59a0-aa89-633590e52c29,2.E.9.i
adf08f9d-d689-557c-89c0-9673d324fac3,2.E.6.h
8fc221bb-be30-5f3f-a819-50a9bff4912c,2.E.4.h
e561aed7-679b-531a-9f68-d8171ab0c3d8,2.E.9.i
47c0dc8e-2c7d-5088-816f-55818a997448,2.E.9.i
1d97108f-c9b0-50b9-ba65-4b05b41e9020,2.E.9.i
8532d38f-8083-51d8-96e3-361cc86f6e34,2.E.9.i
74b1baee-fa4e-57e7-a397-854d83b9922a,2.E.9.i
b6855aea-22fe-5a0c-82c7-191d69bd8ace,2.E.9.i
2defe95b-91b8-555e-9c66-17cfc7d481c5,2.E.9.i
9bf43d87-1c78-5a9b-bd03-a96ba3158609,2.E.9.i
84d1879d-92fe-59f3-ad79-2b6848e3005b,2.E.9.i
a8b428b6-a28a-585b-b1cc-00e0e31204cd,2.E.9.i
d5c1241f-1d6c-55b5-9b36-f8037e73da6a,2.E.9.i
aa1c4e59-2039-57d4-8844-a72e457893e7,2.E.9.i
2e435b10-c759-505f-b06f-6def2aef553f,2.E.9.i
8bcf1171-a644-5a8a-a336-48b68f337971,2.E.9.i
14ab6f86-bd1b-5670-af45-136c341b60d8,2.E.9.i
3d6d0e44-cae4-5040-9c2a-d76b37e75c4a,2.E.9.i
12a9c174-ae73-58cd-91ea-983df369df0c,2.E.9.i
47e8528b-8da5-5886-9c8a-593ac5ce2372,2.E.9.i
36ae88b3-7be4-5521-8f53-4d930f7d3008,2.E.9.i
38563085-2076-57f6-b228-d2ec88068dd2,2.E.9.i
fad6464b-ab23-5444-baf9-5282256146ce,2.E.9.i
11686b74-8dc5-5846-8c77-d0e80b5b1186,2.E.6.h
94fca1db-26aa-5593-9d03-7be124f19eae,2.E.6.h
d1d6f8fd-79e5-5587-abd1-9bbdb07e6bc3,2.E.6.h
6dbb80cb-48aa-5c50-8b1b-498d948ed8b9,2.E.9.i
ee164c76-d790-50dc-92c7-34311adb898f,2.E.9.i
2dfa306a-6cb8-5985-8c86-3b140ef4093b,2.E.9.i
07a8c5f0-87fa-56f8-9cea-74994dc73811,2.E.9.i
ad9783ff-bed3-515b-b513-b7b9b02972c4,2.E.9.i
aa7d8056-11e0-5722-bb1e-9d80f1698286,2.E.9.i
253ddea3-9034-5d33-8ce2-dbde7dfe15fa,2.E.9.i
bab4e651-ff9e-53ac-9ff4-ee85b7020bf4,2.E.9.i
5f92f5bd-d830-5233-add2-6185ab950857,2.E.9.i
57861c1f-37bc-5fb2-946e-e59692192556,2.E.9.i
1c226bf8-dae7-5389-bea7-7dbb1bb7b02f,2.E.9.i
6468de40-aea4-5551-b64a-dfc176d8c677,2.E.9.i
92231158-06a7-5a57-968c-df9ab2e4add1,2.E.9.i
16290c08-77ab-5f22-9a3d-deede2965f35,2.E.9.i
94267106-2f0d-51d9-a1e7-f9c07dc5fbeb,2.E.9.i
7c13ed0e-9b25-5987-8ba0-4aa67d462aa9,2.E.9.i
d8723cbd-538f-511e-b807-2209e65dc380,2.E.9.i
7983ded5-4226-5dab-9adc-e26f14483757,2.E.9.i
6199ab8c-925f-5615-ad9f-8f9614b0e623,2.E.9.i
2ef88fee-49c1-55b1-b666-9b982da4d6d2,2.E.9.i
d6b1a030-5b18-5f17-bf99-a03a72076ab8,2.E.9.i
1a672538-ee28-5553-ba6c-188b634c1280,2.E.9.i
8bc2ae5b-11b8-5f1e-8890-187e5855e8b0,2.E.9.i
686eeba2-ac7f-52d2-90b5-1b1ff61f9caa,2.E.9.i
5c366830-b479-5430-876e-2df1eaed648f,2.E.4.h
227af050-777a-5495-b09a-31144625c087,2.E.2.f
c1de790c-ed5d-5c36-b5e3-057604f1f31d,2.E.9.i
b06c4947-44ad-5127-be40-eb1cb8832595,2.E.9.i
c9e1f3f5-0d3d-5a2d-8709-34d769f2d2d4,2.E.14.d
aec91213-df15-5ea9-be2a-3f1ba8822eed,2.E.9.i
6231fd90-6405-5080-9384-e8706da7748f,2.E.9.i
389c00f0-5e7d-5e70-aa70-337a74b41889,2.E.9.i
9cc85fdc-699c-5fa6-8750-4acc6b24acee,2.E.9.i
0a50a8b5-236a-5a60-b9d4-b751017a341a,2.E.9.i
e9947cce-41f1-5345-844f-ccac131158e6,2.E.9.i
1b02d070-298e-5f48-8b65-576d2db54a81,2.E.9.i
52b7011d-ac5d-57ad-909b-e8df85d2108a,2.E.9.i
2c64f496-118d-5359-bc34-976ee9dc0965,2.E.9.i
f8ea606b-faec-5ae5-a9ff-7bda54d09772,2.E.9.i
1d090d81-630e-5fd3-b990-185f57968315,2.E.9.i
0fb0a77d-378d-59b8-bea1-f3adf4513cb5,2.E.6.h
061ea4c3-5cff-507f-b19c-3caf8419029c,2.E.9.i
f48154ba-7d30-551e-88e8-c8ec1efb1762,2.E.9.i
c6ae5806-cf6a-5f11-9e9a-63459ae3cb0f,2.E.9.i
6b627c19-d715-558c-9a6d-bfbb99551299,2.E.9.i
c0579b6f-cb90-525a-b038-0722017b6fe9,2.E.9.i
c87d343a-e4cf-5c6e-b169-ec4024cc6be7,2.E.6.h
c443f81d-68c7-535b-a514-93e010579651,2.E.9.i
2a88d974-49f1-5cf1-badd-26b440da8812,2.E.9.i
fb965e4e-bac0-5091-8335-e9decfe8f393,2.E.9.i
16d246ae-9151-550c-8236-5ceadb2a381e,2.E.6.h
139cb29e-1d58-5e27-924d-bc099a450f25,2.E.9.i
fbf5a39d-981e-542b-99d8-9d0f0216bd01,2.E.2.a
ecc1c0a5-3f8a-512a-9c27-a6e0e4f36ed7,2.E.9.i
fb428622-909a-5d83-9ebe-632d73cfe50d,2.E.9.i
9ac7893f-e79d-5fc1-a53e-4242447152dd,2.E.9.i
4a06b6d1-9993-5496-ae2d-3037888fa471,2.E.9.i
159dfc45-98f0-50fa-9682-486f63054f89,2.E.9.i
75240d8c-4ad1-57dc-84c5-cf750bbbc2fe,2.E.9.i
64f27684-49e3-5a98-ac2f-b0f55629080e,2.E.9.i
e1dd3cca-d4ae-5f98-9d6f-33ad5ccb336c,2.E.9.i
8115509d-079b-5e40-86cc-8a4328587df4,2.E.9.i
bd1a737c-a0b5-52ca-a9c9-dc0160b3f7b3,2.E.2.a
c5ab4f95-ea90-546f-aa2b-87a9a15165d2,2.E.9.i
f229f7aa-2c17-5e6c-8b44-b8a440595616,2.E.9.i
c93ae6f2-71cb-5a97-ba4b-8f39a0139bec,2.E.9.i
f75e8d24-19cb-56af-9e53-d2cd3ecffaae,2.E.9.i
0ec5659f-be90-5a2e-bcb8-98bf806df227,2.E.2.a
20e04b21-68e6-52fd-81f7-a3f5fa382871,2.E.9.i
67caf598-a694-5647-a8c2-797b80829648,2.E.2.f
d323064c-dd25-525c-83d5-c466e4a4d5b7,2.E.9.i
00a2566e-6fd6-5ebf-acd0-6ffbbc731632,2.E.9.i
0c74ef85-3b8f-5011-bae0-d0662aff5c6e,2.E.9.i
cb36fe4a-8786-5835-adfe-36edb03f6c88,2.E.9.i
c4fe939d-6e91-5cfb-9a4c-59daf9d61bb9,2.E.6.h
1ee2acdb-9a60-5dfc-a0ab-704d140f605a,2.E.9.i
822190c4-66cf-5231-b002-db265e1bdf82,2.E.9.i
0919e4d3-d413-56ba-b6a3-73b1fa9d8425,2.E.9.i
2f091d3e-11a2-5fe4-9e25-ff5b79d994a0,2.E.9.i
81a851be-16bb-5795-bfd6-eb07811f3af1,2.E.9.i
051c4323-46ac-5048-a61f-43009a6ef160,2.E.9.i
39df0ad2-f8c9-537c-98b1-8aa52fdf1414,2.E.9.i
9bb530e1-8076-505f-a685-93deffd42b9f,2.E.9.i
1e0f496d-e3ea-5b70-9d89-ba6cf78d7af5,2.E.9.i
5845d6c8-ca36-5cb1-afe2-53eab2284639,2.E.9.i
d79df086-a722-58aa-82ba-8f9667078719,2.E.9.i
693ee26d-a870-5dae-8492-2e445681e914,2.E.9.i
508038c4-3e77-51bd-b968-0fd21ed9b139,2.E.2.a
c4cfaa1a-ef3f-5987-ae3b-1bfe4a1d33e1,2.E.9.i
b1906bb7-927d-5155-9a41-0f5956212ad6,2.E.9.i
59c55f24-93a1-52b9-84f9-1f9094b36d22,2.E.2.a
a1a50260-11b4-51e0-83cb-1f9c99ff9cf5,2.E.9.i
744f9c69-12a6-5861-991f-349d5390737f,2.E.9.i
9c08c23d-8b6b-5ef1-aecc-880df03575d2,2.E.9.i
7288688f-c88d-53fb-bd30-144349b69055,2.E.9.i
b9e7333c-e67f-5995-8802-2ba49f1c9e48,2.E.9.i
d4bf3440-c753-5927-8bb2-a167583be1bb,2.E.9.i
52427810-d94d-544a-919e-b67a52a5a7e3,2.E.9.i
c64e9236-c4e9-5e99-81a5-a434e63f97b3,2.E.9.i
438e38ce-ac81-599b-9e5d-b3322301eae8,2.E.9.i
21ce3a0b-fb2e-5f19-806a-f4091d8d6dc3,2.E.9.i
aa5334d3-6552-549c-b014-af1c4dced4a2,2.E.2.a
c38d3012-b0f6-5f21-8cde-cf79d80fee87,2.E.9.i
c905a067-74da-5a1e-b8b1-a55e19c267ce,2.E.9.i
d19a2e27-07fb-5f9d-b1cc-ca9df821d59f,2.E.9.i
1ce7fceb-0e55-5aed-b134-cee8bed789be,2.E.9.i
112d2a19-0ce7-5513-8c2f-5bd3e5c7cf01,2.E.9.i
06ada9ac-d981-5711-9271-556c0873c0ce,2.E.9.i
b5d83eff-c479-5ecb-a7db-f1ea039c806b,2.E.9.i
474c5670-ebeb-598f-b2bb-f58368a7bf55,2.E.9.i
74419bfc-e835-5807-86cf-cfe989436471,2.E.9.i
d8ba7805-fd92-51cd-b23d-8e2007358c74,2.E.9.i
114fcf0a-ba2c-5c5f-b588-304a9914b16a,2.E.9.i
4755a363-8aef-5965-b126-790e24fa4d35,2.E.9.i
acdb87cd-bfc3-5f1c-bde2-2d3feae008e2,2.E.9.i
f05de3ef-763d-5dd2-aff3-ff38fae2a5c4,2.E.9.i
aefe5e00-5262-5279-9278-08ecf381dcfc,2.E.9.i
9ca49b6b-14c9-5abf-8c9b-f2819582c244,2.E.9.i
e42cf055-b82d-591f-a040-7c78e39ea446,2.E.9.i
3bb1bcab-6f2a-52eb-8428-96fbec325f66,2.E.9.i
ad6c7116-c064-5531-87fe-47d56ff41933,2.E.9.i
144d41e7-f1b1-56e6-b02c-5d05995ccd41,2.E.9.i
7f11ac0c-e487-5ec1-8f04-0571fbb8a73a,2.E.9.i
ac2584ea-1cf9-574b-852d-358b01ea66b9,2.E.2.a
f066938c-c1d5-5cdb-99aa-efa02f0b1c34,2.E.9.i
fea9f85d-cc07-59a2-befe-b8f621892dcc,2.E.9.i
17f5ee9e-0c88-572c-aa43-6747030206eb,2.E.9.i
cc721581-56f3-5d19-982a-cd4d4e4367b8,2.E.9.i
fe81acca-a6b5-5189-9083-0efa37c22704,2.E.9.i
43730376-d151-5c1b-b979-8b0fab42887d,2.E.2.a
53c68268-ca02-5920-943f-83753038906e,2.E.9.i
8312205d-278a-529d-962d-ed78653225a6,2.E.9.i
9c8ceec9-2741-51c9-8853-b7d10dbb7ba0,2.E.9.i
f5457107-3ad1-53e2-ba83-be40e5e0a8d9,2.E.9.i
f3cd7864-b3c3-5e96-ac2a-bad5204f4483,2.E.9.i
ce67b5b1-bda0-5e2b-9468-2e659d035a33,2.E.2.a
5e249c69-54f7-5b63-b331-fab492e6038e,2.E.9.i
4bd958ce-eb2f-59be-a283-cdcb3d7699eb,2.E.9.i
7e099a03-0ad3-5c7f-a4fb-2ef28fb46d46,2.E.9.i
f5fdf422-47e1-59a9-ae8b-7025de3417db,2.E.9.i
6848d371-3942-580a-b12f-21a0aeb24530,2.E.2.f
57bcc6a6-83e7-5bff-82aa-f5412090b858,2.E.9.i
3f361d10-d957-5511-b32a-ec341ad7f921,2.E.9.i
5a84391d-4c83-5376-af13-c86cb378b567,2.E.9.i
ddfb03eb-65d1-5b4e-ab04-b92171357ee9,2.E.2.a
c7514480-3ef4-5d79-ae81-e2d39ac32380,2.E.9.i
dfbdf560-f194-5944-bf3d-e3aff4a959f3,2.E.2.e
34476f44-98c8-59d5-a7b1-56c3281228a8,2.E.9.i
1379dc5c-fa28-5c91-a20c-a514f8ba0856,2.E.9.i
aec9d812-892b-5e63-8bb0-ff961e84a227,2.E.2.f
4e7a4dd9-eda4-5545-881b-5343087b042c,2.E.9.i
bb5831f2-8574-52ff-a0c1-2fa2f5a28051,2.E.9.i
fa8bdd19-5369-5cde-88c4-8294722cda78,2.E.9.i
32e3e33d-3821-5131-a98a-a0bdb243a2b7,2.E.9.i
1f2aefee-fb3e-50c7-9933-0c07e0d90cf9,2.E.9.i
bfd56e83-915f-5c60-953a-3c1ee87d6ffa,2.E.6.f
6dce1158-4c33-5f9a-a8f7-047e37a78c71,2.E.9.i
a17d334c-1dd2-5dd1-8676-2a39e35a46a1,2.E.9.i
b708776f-4555-5181-8733-869606f61fd2,2.E.4.b
5788dedc-3fe7-555e-8a90-d3fd018f7d21,2.E.9.i
cc85cfec-5814-5bc0-b7e8-771c22e8ecfe,2.E.9.i
9eef686b-389a-5f5f-a585-abd4bed6af33,2.E.9.i
e972ec00-945a-58f8-b169-a67e3a145fcc,2.E.4.b
18202b31-3850-591f-80df-20f91aab6c6c,2.E.9.i
a5dfffa5-23f8-5f12-b36a-a048034958bb,2.E.9.i
13836ee6-d57e-5ee7-9de7-c42231a956bc,2.E.9.i
16f8f07d-f3ac-566b-8cf4-8ab56c656a47,2.E.9.i
ba569f15-92bd-5c8a-934c-628b6bc31bf1,2.E.9.i
67a9a7e0-ce30-5443-9fa7-4e66778a49a6,2.E.9.i
4fb1c3c1-9608-5b21-a5ed-4d4f53f0f1da,2.E.9.i
66922836-80de-50c0-b862-9b780c18ec3e,2.E.9.i
05874567-d52d-5c9d-9b52-cdbf1b5632fd,2.E.9.i
bf36aa68-4d72-5e12-bd0a-5053157568cf,2.E.9.i
7b753636-7b74-561b-853b-d70ce12db29e,2.E.9.i
68d12f7d-4dd5-56dc-bc38-eca3750acd5b,2.E.9.i
636438f2-fddc-515a-82cb-63bb31a131a7,2.E.9.i
fa646e2f-e31a-5b4b-be49-5163466db4a9,2.E.9.i
fc04596f-94a8-5319-af79-b5290ab5b8e0,2.E.9.i
f22a30e5-38a6-5602-af1f-940f7dd7ee1c,2.E.9.i
3a258b27-c62d-5361-8c7b-f7a06ce2c6a8,2.E.9.i
8f93a1ec-18d7-5bbf-ade4-d8360410503f,2.E.9.i
91664086-4ae4-5a5c-8170-3b060da80f23,2.E.9.d
fb24e859-b062-50fe-b9cb-d37e6454a763,2.E.9.i
3aeb3149-7881-5179-bcf1-9d9f63f9c308,2.E.9.d
27a038e7-db5f-553a-9aab-3574e482e4f1,2.E.9.i
c75703b5-3a41-519c-a965-9f1a77a5f225,2.E.9.d
0fa4064a-2c78-5546-a843-0734e579ea8b,2.E.9.i
534a2ba5-03ea-5114-aada-8b99c1dd9064,2.E.9.i
255303ac-413d-5dbd-bb8d-8506dcc7a549,2.E.9.i
abb8ac39-6edc-5359-bae4-7a70d66afbe8,2.E.9.i
a0edd43b-0937-583e-acbf-5c25acf2ce43,2.E.9.i
4e854875-cd44-5b14-96c9-d45f666e87a5,2.E.9.i
988625c0-47ec-5037-b806-0af9000d35a8,2.E.9.i
f66c9f44-2d5d-5502-8af7-627886351e52,2.E.9.i
920da63f-963a-5958-a29b-c2ba4a66d46c,2.E.9.i
cc071c3a-1d3d-5390-82c6-15ee23c50d5c,2.E.9.d
8cda66bd-fbba-5625-8a94-3e631a4fc5df,2.E.9.d
39ef4973-eceb-53dd-ac94-cb4c98585389,2.E.9.d
ac21c0f6-37fd-5756-b9b3-45cbd5712813,2.E.9.d
4e995d57-41e8-5e01-b91c-c306d93e52df,2.E.9.d
beeba21e-537a-5ee2-9316-dcb3acbe782d,2.E.6.f
110910ac-c413-5ec4-85c4-b822f7c41841,2.E.9.d
56786d59-6aee-594a-a159-e8ba6a640278,2.E.9.d
07452d9b-d523-5bfe-b7c5-0a27fcacd49d,2.E.9.i
ae1dffc7-0163-5167-83c4-2a03687fc599,2.E.9.i
02509354-c18d-5df8-8a71-507d985274de,2.E.9.i
bdf16c5d-7dd8-5a90-885a-16b383ae91b8,2.E.9.i
0b815725-5c12-502a-bfcb-e74d615fbf32,2.E.9.i
8d59de8e-c9f5-5d82-926e-48128048e81c,2.E.9.i
f49787f6-8828-51cd-9ea4-0b9833b43460,2.E.9.d
18e91f27-c4c7-5406-a578-aadaaf4f3f8d,2.E.4.b
d77dbd88-ef91-5590-b883-4f72b9f4630c,2.E.9.i
a831174e-bc81-5ad4-acbe-392378b8eb8a,2.E.9.i
0121dfe3-cac3-587e-9409-8dd611b44c6c,2.E.9.i
29b745d0-bb6f-5479-9254-da88f58afb58,2.E.9.i
bc5c3cdf-57e4-57bf-9378-d7294357e99d,2.E.9.i
247efa7f-010d-5199-96f4-12e8ea09f5d1,2.E.9.i
73b4b691-ac3f-54ab-818a-4f5f0c02a425,2.E.9.i
44d64f5c-c79f-5c59-8145-4982f1bc1788,2.E.9.i
0fc69ed6-418f-589c-9273-f9fe0d7348a9,2.E.9.i
bfc1ef10-d687-5a48-b002-56713d3b59f9,2.E.9.i
91076e03-2730-52f8-a8f8-b9fe2d78ca42,2.E.9.i
f0f78a2a-c6f1-5cd9-b941-8d3abe6b4f91,2.E.2.f
e3b24322-be78-5387-a113-28e05ddd1c9c,2.E.9.i
ca50193b-072d-52b1-82ca-acbab2a30d72,2.E.9.i
2b46c6c9-61b6-5012-927d-e5456d8a50f3,2.E.2.f
fc7617c3-4aa4-544c-b9df-22bc8b80f526,2.E.1.h
ddd1d31d-c419-59e0-8da3-fa37feccac49,2.E.9.i
067779ae-88c2-5459-960b-a2fbf78afd81,2.E.9.i
258435da-e638-5db6-a468-bbc6e6d5d793,2.E.9.i
17c18284-152f-5322-89e1-9a2b043c2844,2.E.9.i
556cf55a-fa92-598c-82aa-cbc9728cf2f0,2.E.9.i
d1da92b1-dfa5-5b17-bf3c-dfd172508466,2.E.9.i
c21a2e62-5550-5f14-9a1f-ad76fddac17a,2.E.9.i
897b7ce4-4c18-5f8d-98b3-50c4c689758a,2.E.8.b
f30e4ff4-a191-5f4b-bbef-fd4bdc6b8773,2.E.15.h
ae5d603b-eb2d-5878-9bf3-c426f13aac4f,2.E.15.h
616762b8-3046-557a-94f8-937015008888,2.E.15.h
ab06a135-1942-5a41-8649-1462ba6b22ae,2.E.9.i
b3b4b6fa-e76e-54ce-872e-9cc98bdfded2,2.E.8.b
87796871-e265-5246-b591-936b8d62fa1d,2.E.9.i
8d3724e8-5a6d-5920-a9da-816fd7c7519f,2.E.9.i
f0223c9c-42b2-5c69-b5ac-a310e4bb006f,2.E.9.i
71767a60-ed28-5d58-8751-b82d35d8dd15,2.E.9.i
e488f2ad-0199-561d-9a26-8d16e27f23a9,2.E.9.i
46112345-4d74-5187-a421-089bf371ac80,2.E.9.i
c511de59-6606-52b2-b7cb-f664df68318b,2.E.9.i
4ddc1e8d-345a-5af4-8171-859a3bd8a6f2,2.E.9.i
0391f086-5bc5-59d5-b27b-bee281961cb1,2.E.9.i
6cec9ae6-b226-55a8-8d07-6b5955725e66,2.E.9.i
c05346e1-8a6d-54b6-9853-8b437b32f403,2.E.9.i
3abe788f-7d0c-54f1-8fcb-b71f169da4b2,2.E.9.d
e430ed6c-1433-582e-a3c5-80fb3474ab2c,2.E.9.d
3fb86c69-6ce9-57ec-ac0a-8a007dec9451,2.E.9.d
d5ad5a50-b245-5f3c-96ec-e1a0a4942754,2.E.6.f
5c959832-70dd-5cf9-aa90-31205bd94224,2.E.6.f
7a36b59a-15ba-5c2f-afbf-03d0bdd54e74,2.E.9.d
5e0ecdee-4530-5092-9293-a65809e1c39b,2.E.9.d
8680712f-6ee3-5227-a461-7dc8546aa2a6,2.E.9.d
7e0c3a3d-ac3b-5408-80b5-a9f88ce14f45,2.E.9.d
da2c6cf0-e025-5826-9d44-e57540126664,2.E.9.d
976f63e7-38a7-5503-9b8c-7fb522d3d0b3,2.E.9.d
9800b86f-0586-5af9-b675-9ab12ce00158,2.E.9.d
4ac788fe-ade2-5839-b88a-07de62e2cd7e,2.E.9.d
d7daeba2-1a3c-534c-9fad-5a9edde98eea,2.E.9.d
e63b3f62-60ac-524a-a1f6-385fde2c1dc4,2.E.9.d
4f89592a-a3ac-582b-8857-15682396a7d7,2.E.9.i
5d446c89-8ce2-53e9-81ef-a847d01b3ca5,2.E.1.h
85ee4825-f716-525d-8d0c-c3bae1639991,2.E.1.h
9ce641d6-777a-5e06-9844-c1e5d8c93262,2.E.9.i
b0c80d93-ec7e-599f-87cc-9a9e26f3e1ec,2.E.9.i
8927f58f-2762-5659-8ec2-156daadd6627,2.E.9.i
dabf88df-1e20-5570-af4c-ad079657c570,2.E.9.i
ad409639-5f5d-5861-b651-c033510a7a37,2.E.6.f
057e3cf6-b693-5c73-9017-a51b826cc65f,2.E.9.i
219dfaf5-b15f-58f7-a001-1a705679930b,2.E.9.i
97af0a72-409e-58dd-93b8-b590dbce1d1b,2.E.9.i
d761b3ad-c9ce-5e6f-a4d2-437f3d7504f6,2.E.9.i
82643ef3-259b-5395-9709-3168eb1bff19,2.E.9.i
e42be602-f677-5d0c-9252-e765ebb990f4,2.E.9.i
c8b4ae96-ef08-55ff-b187-aa0a41b61613,2.E.9.i
c822d73d-ad0c-5415-b401-60d9db2630f8,2.E.9.i
575c168d-8186-552b-ae09-048db234421b,2.E.9.i
8976d2fb-636b-530e-aad5-2da19b6b2353,2.E.9.i
52b7011d-ac5d-57ad-909b-e8df85d2108a,2.E.6.h
5e1bad18-3edd-5187-9a7e-e2fbee1c102c,2.E.6.h
8a76ada7-0901-53db-927b-2d2d38e27164,2.E.6.h
9bb65b3d-5b7f-5d05-96fa-78b123e67837,2.E.6.h
4a52fa3c-ff37-59c9-b24d-5da5d360d480,2.E.9.i
58492172-8e8c-51d0-a4d1-9e536fe84da8,2.E.6.h
4fc3af2f-2cf8-5ede-8f72-ac0efb04011d,2.E.6.h
a71d10ea-d89f-5d4e-83da-3b9c1da33d57,2.E.6.h
e75b260c-d6f4-56a0-b9ad-70e18ba2c607,2.E.6.h
f6e739fd-ad7e-5af6-89f2-1a2891462e10,2.E.6.h
1858f934-68c1-5db5-977f-fefdf5ea2a92,2.E.6.h
80c62c18-f0d5-5d7a-9545-b9fa1bde966f,2.E.6.h
3ecd27d9-b258-5292-ac24-64e54e097523,2.E.6.h
b34989fc-be8d-5a5c-a13e-28c92133e9fc,2.E.6.h
4d5eb9c5-0b33-59c8-b131-48efbcede02e,2.E.6.h
2b93667e-3aba-5ded-8a9b-dc6a6a2d419d,2.E.6.f
aa6361ef-caf3-57b5-9392-edbeb6c28f23,2.E.9.i
6f880a82-607e-554c-aa08-305d368d7632,2.E.2.b
f1abdd82-a4f1-5ecc-98c0-1c0b0e770c34,2.E.6.f
8d7e07f4-2141-5f46-9c76-fd2a0d5bb340,2.E.2.b
87291351-6e1a-5a53-815b-1529fb06a8fb,2.E.9.d
9e4fef12-e6e0-5c01-80c8-d3cacec542f4,2.E.2.b
28d7f287-58a8-598e-82f5-156aa3938538,2.E.9.d
262e4a3a-cc5a-53d7-a4b8-56d8287ecc47,2.E.6.f
69215391-7385-549f-bb1b-4228f2cdc014,2.E.2.f
d5c59458-9d3f-5271-80b1-85130b544983,2.E.9.i
231a2b36-b9c9-5057-9594-d99d60bbce79,2.E.6.f
75e8bacf-f643-5a99-b9d1-5442605ec8c3,2.E.9.i
5250916c-66af-50cf-8dce-f53fed06c8e8,2.E.9.i
2b1d8a62-a57c-5a3a-823a-3f2779738f0f,2.E.2.b
50f612f6-98ea-5b53-8c0d-6ce0c69a33cf,2.E.9.i
ff8a6435-b30d-5c8a-9dd7-c62b514b67d0,2.E.1.f
dd777892-e582-54b1-a3b3-92c6889eb1f0,2.E.9.i
f4818e04-8615-5c0e-8cfa-2edabc41630c,2.E.9.i
5b8d7f26-4eb9-5a55-b8b5-e2b067d1401a,2.E.9.i
6be79104-d7c9-5a5d-afb8-05a43e2ad405,2.E.9.i
5e0baf2a-a366-5d05-bed7-1bc49cdd3dd3,2.E.9.i
55a3af00-a825-58a4-82ba-432fdbfa45a8,2.E.9.i
a87a74eb-0d2c-5ac5-9b33-4dcea38859da,2.E.9.i
31d47392-b2e2-5ab5-a49e-4ed544c9204f,2.E.9.i
31d7cf54-00f9-5421-bdfe-234c0a7839c3,2.E.9.i
fb8e2394-48c1-5afd-b0b6-093842581dd0,2.E.9.i
8fa1cae4-5648-5455-8331-ac4331f26676,2.E.9.i
bb066a7e-5051-5e94-88e0-7963094d6ec5,2.E.9.i
7e8cd0c1-a1b4-505a-9183-7555e1546b18,2.E.9.i
76403a37-b6e9-5897-a2fb-c67489d5f012,2.E.9.i
5c6135ed-a082-5c38-93ff-2e4c02886ea5,2.E.9.i
bc1b2172-d287-51c5-8b69-058d55611e29,2.E.9.i
30c81a18-65f8-5e34-8442-ca61f646a777,2.E.6.a
f2a24f9f-2780-5c04-82c2-d0c3bcce6c31,2.E.9.i
a1c0dca7-9975-5762-8346-3f1cc70aa004,2.E.9.i
9b5bef12-6c91-5b59-b277-60c0a652ae10,2.E.9.i
da4805a8-afea-5d84-b803-2359cb03ee96,2.E.6.h
2b1e6d8c-5ccc-5820-81b1-e2015e7351e3,2.E.9.i
26227e87-defd-5fee-9d67-219c22095475,2.E.6.a
294968ec-c8c3-534b-a561-a54a2adee85b,2.E.15.d
4b1a3ded-7010-54c3-afd8-49436b266ff4,2.E.6.a
05b658c4-46e0-5d11-a43d-20faa5a7cd1b,2.E.9.i
10f1a1ae-1b6e-5b93-9543-769c1ae83d73,2.E.9.i
afe7f737-da5a-5cbe-8b4b-8f040e2e44d9,2.E.9.i
8d23b0ae-f7d0-5399-9cc3-3aff36b151f3,2.E.9.i
59e87ea6-2802-5b42-b303-ee36c5b9c908,2.E.6.f
5f86f986-0e74-5fc2-a058-8157dbb800b1,2.E.14.d
df1ea933-a349-5792-8633-a6081983e969,2.E.6.f
be3661f5-72d2-5573-944c-0f5ae7effa56,2.E.6.f
9ca80c47-33b4-5c7a-a882-9e4eaff53316,2.E.5.b
63341c59-285f-5d66-9c0e-fd4891894915,2.E.6.f
d2ff8e14-ed59-5ddf-b8a0-3df7d133f0e9,2.E.9.i
2fe2b989-17fa-5f08-b98a-70ac773d76ef,2.E.9.i
1733c7f5-1897-5308-b113-a69a10e36143,2.E.9.i
2ed6f57c-a9e7-5ad7-8230-f8ddfdad8f58,2.E.9.i
764afbb2-c363-5bd6-ace8-74a4b6d96035,2.E.9.i
24c521ad-767c-570a-bb67-ccd36382d605,2.E.9.i
cf8da0a5-87e7-554c-a7b0-61a656f226cd,2.E.5.b
2945235e-9e88-5dd6-9877-1f9625e1bf61,2.E.1.i
822bc956-23bb-5380-b65c-6d64cde2c60c,2.E.5.b
148da76f-9ec5-5788-ade5-34104863cbd8,2.E.9.i
c69f2dd1-7ec0-5ec3-9b6f-3583f29cdb89,2.E.4.h
91ebb19c-a963-5cae-aeba-0a87717c4eea,2.E.9.i
2682e1cd-5675-5fa0-8bdd-de63a2c3a150,2.E.9.i
792ff883-75d2-52b1-9cb3-21ec639e1258,2.E.9.i
c15186c8-e671-5c44-b6d2-79b2fe80cc0d,2.E.2.a
e166c994-7d9b-51f6-b644-d8b07bb14cb9,2.E.9.i
8cd28871-0e4d-5d3a-8403-58b21512f6b2,2.E.9.i
ce523cbb-d0cb-59aa-9c11-b9b13e21c705,2.E.6.f
29034a33-6796-5d91-9623-565a4e4fb860,2.E.2.a
6c7c2041-c53f-5108-8790-db887dce96c2,2.E.15.d
a7a5b912-ef61-52a2-b6ea-b5966c4a4671,2.E.4.j
960d3525-f542-5f8d-b242-54de2c887b35,2.E.2.a
281cfff0-3c18-5294-abf2-fe7c729bf4ca,2.E.4.h
569b9f47-6b91-54e4-b478-49db72ab369f,2.E.5.b
89ffece5-3444-558f-bc62-1ad12499aeeb,2.E.6.e
0af16872-0b67-5764-861a-e6bef43814ca,2.E.5.b
a450ca9b-e045-56a0-bf99-6cc1799e6851,2.E.9.i
6e56ac6d-310b-5b7e-be9c-29243e882b3b,2.E.9.i
1160886c-7c4f-50a8-8aff-460d7fbe45ef,2.E.15.d
190a90ad-33a5-5c1b-b3f3-b2252d58265b,2.E.9.i
c0bfb844-1046-5ec3-9e68-00a9e8e3cc43,2.E.9.i
992ca2da-5efe-56f0-8767-a6f24f0a9418,2.E.9.i
ba048320-c23f-5d0f-a699-20e3ebe06389,2.E.9.i
4efb3b96-68c8-5dcc-96df-09f46c1200c9,2.E.9.i
b8f60198-b8aa-5551-8091-0b6b6b4be66c,2.E.6.f
5f18544a-c615-59f9-95d2-239fa6690e4f,2.E.9.i
d718121e-5425-57fe-93cd-6cedf63eb020,2.E.9.c
1f5bb551-530f-5bae-88dd-dd5f90454575,2.E.9.i
a0c25e3f-e0d8-51d2-927d-4afae9a6e493,2.E.9.i
3390eafd-87dc-528a-b989-0a057f3b53aa,2.E.9.i
62205e33-e096-55d0-bb7a-29914e7771f6,2.E.9.i
d5d2dcc7-9ea8-5fb8-ae76-2d13f75ed366,2.E.9.c
ee4cc902-1fb9-5f85-a669-175ccd8f1ec5,2.E.9.i
4cc24099-306e-59e1-89b8-b4fcaafd6d34,2.E.9.i
972763e0-d46e-54bd-8e0d-df43f3b301ea,2.E.9.c
4bf8065a-2ad8-57ed-822a-82d36e49be74,2.E.9.i
a77b890a-70e4-5fe8-a5ad-cf554bf1e476,2.E.9.c
3a27946b-1a60-55df-92db-d60f20e200f0,2.E.9.c
7b22ddcb-38dd-5197-b27d-8497439b08d1,2.E.9.c
350f6caa-8543-5ab8-af3a-d698cc234ffa,2.E.9.i
be6e0c9e-994b-5351-a8f3-44cbc1482a09,2.E.9.i
ef57d504-fa18-5043-a951-fb9b2cc19807,2.E.9.i
ab811659-3598-53e2-8ec5-4ff69d5eab5e,2.E.9.i
67be7ca3-b300-513d-aa6f-45f54697f03f,2.E.9.i
c9ce76b9-133f-56ba-88d6-241d6a3d197a,2.E.9.i
f160a09d-da5b-501d-bc9c-78c7d18b6899,2.E.9.i
28c78741-a535-5a15-9ad4-42f0e35eb812,2.E.9.i
b4895bb5-272f-5159-bc18-2b2f6f7b3990,2.E.9.i
fa023f4f-0411-5fcd-b214-7af2a1fedf25,2.E.9.i
b2b09851-a48f-5dfa-86fe-78b3d1976a49,2.E.6.c
56b4191c-9b48-5ba3-8b99-f28253786caf,2.E.6.c
94072d89-5a9c-5b06-9ff1-c4ed2cae5ed0,2.E.6.c
baf25983-7b48-5c2c-8f8c-14a48a2c835f,2.E.6.c
cfb8f324-bd30-5594-a9b0-9e01aa4ec60a,2.E.9.d
9b93d9e9-b060-56f5-a268-47fc5ab20413,2.E.6.c
5b5f6956-fdf8-5ecf-ae83-e44855fd2e02,2.E.9.i
ef95dfd0-7411-5e6f-beed-8591110351a5,2.E.6.c
c93a69e4-58fe-5cdd-b750-836ccb8ba038,2.E.6.c
797188b1-e81c-5b20-ad27-7033bcb99879,2.E.6.f
d70fa448-21a1-556c-ae11-45035f9633dd,2.E.6.f
f8dd0dc3-a90b-5341-8769-489c38c515ce,2.E.9.i
59ee00b4-ff5c-5a04-acc3-74aab7abc53d,2.E.6.f
c8e40997-6c6c-5009-8c63-4d4defe9fef9,2.E.6.f
0effad99-d055-5832-b8e5-17cd2a830f1a,2.E.6.f
51213057-a24f-5a00-9c2c-9089e9bde90a,2.E.9.i
3e6f8c73-e082-5b7e-83c9-c1c952cf8fa0,2.E.9.i
8dd94af5-24f1-5862-a408-c457713d616b,2.E.9.i
9897a02f-1595-5ca8-8f90-3be0b5b6644d,2.E.9.i
25b17638-cbb2-56df-9dfd-cc982af02206,2.E.9.i
0a562990-63a3-52ee-b3cf-7192cf74183b,2.E.9.d
35eb5fad-2284-5889-b61f-e817dfed8670,2.E.9.i
a19340e4-4f50-5ebc-b81b-72e61e2f52d1,2.E.9.i
31788782-2b69-57eb-be41-5561cfcb1480,2.E.9.i
af6c9ece-cee4-5e37-a02e-b945d5e2ae41,2.E.9.i
0e6a06bb-822c-58d9-abca-3e5cfce73559,2.E.9.d
c1d6d883-542e-5bbb-aa73-63e7cd602936,2.E.9.i
6f08c7b2-0cbc-5c22-ad02-35f2f04508db,2.E.9.i
bfe381fe-7ec4-5a05-8ec1-1f3431cee3a8,2.E.9.i
e1837990-3300-5d4d-9fc4-93b4d3f8700c,2.E.6.f
f86b532a-8f26-507d-a84f-10730944134b,2.E.9.i
f80a7edc-bf59-5229-98a6-264f21915ebe,2.E.9.i
b5da5c31-3aed-56d1-b344-661f56318dab,2.E.6.e
8b759708-8d57-5255-9a55-8f2d6507c556,2.E.4.h
e4e294d8-2ee4-56c1-9aa6-d7e67eacf5dc,2.E.4.j
f3109127-57d4-512e-9a6e-a7dba19686b7,2.E.6.e
31d82732-8b66-57b6-bb65-9036c6afb148,2.E.16.a
76f15b18-90ab-53fa-a1c1-1e3a83b566e0,2.E.6.f
44f03c01-c595-5a44-b743-a282edd809e9,2.E.9.i
14077a54-b5b0-5b16-bdec-4a3cbb6dbcab,2.E.9.i
17d7ac95-4854-5ada-8669-92b5b13b128e,2.E.8.b
ca69977f-be6f-50d4-a527-aebd1d248047,2.E.3.a
476738e1-e6ca-5397-8008-600a4282e448,2.E.9.i
6661c632-d29f-56d7-a206-d855c8db874d,2.E.2.a
7641a150-671e-5246-92b9-0e2174d23a8e,2.E.9.i
d76e615a-c55e-53bc-a802-accdc178a44a,2.E.9.i
96872360-12fd-5d4f-b0ee-d57e852e37e5,2.E.9.i
bcc88acd-19a2-5ac6-adba-a90bee85b882,2.E.9.i
60605c0a-0f24-58fa-9b4e-3e64f281b94e,2.E.9.i
7739dc25-1c89-5235-a0af-e7f32b75c10b,2.E.9.i
4434cfba-cce7-5671-85f4-3fed0dd65963,2.E.9.i
e91382bc-f67b-57dc-9e9d-7ead5840bbef,2.E.9.i
e4bde855-6b1c-5b2a-b3e3-270b3a582501,2.E.9.i
06ff0d0f-141b-5e18-800e-c682b5ccbf87,2.E.9.i
db4deb39-5795-548c-8dd3-3d80dd1e4ca9,2.E.3.a
af8c4505-f087-540f-b397-f2136a70a8ec,2.E.3.a
3f16ff96-29d6-531a-b11a-62f91d0daaf3,2.E.4.h
bf94137c-4cf4-569b-81a8-a321f66839d5,2.E.9.i
da915634-cf4d-5914-be5b-d67387522592,2.E.9.i
3e7a4d66-0fc8-5b5b-a6f7-7da6534ee64b,2.E.9.i
66ec998a-c02d-5663-a151-68d6371bb197,2.E.9.i
3e174bf3-92d3-531e-ad95-e542d7861aca,2.E.9.i
297ef113-1b7b-585e-82c5-188b90274069,2.E.13.c
8e096078-c39c-5029-bd23-0e52d452cd4a,2.E.9.i
df785dd0-99ec-5b43-ab4d-32bdb9804cd3,2.E.1.d
90d3cfe3-ca28-5870-aecf-47fd440faa98,2.E.4.d
cb8c3a88-36ad-5636-aa3c-1363ce1638cf,2.E.4.d
a61f3b4b-59a8-5b1a-8e99-338f0ad5f09a,2.E.9.i
2d9475fc-b5b7-5a35-8297-83a8a1997da8,2.E.15.d
81661cc7-a26c-54e2-b56c-e9fb435ade86,2.E.4.d
ee6fd4a9-fc9e-5bad-b12e-afe9b1563963,2.E.15.d
1dc0cda9-8510-5ca4-8916-e2040e5a6582,2.E.6.h
eda4d910-2a97-5297-b310-1e9b8bb48065,2.E.9.i
dd15122a-c089-56b5-9ace-e0557dac7701,2.E.4.d
3d14d082-fd8e-5490-869d-6c1aff4dc9e2,2.E.2.f
dc8bd0fc-e79a-59df-863e-fc313c75dccf,2.E.4.d
c3d0f990-d4b7-55df-8732-692735ba8265,2.E.9.i
55b9137f-b05e-558a-9e2c-7cf399e60f57,2.E.4.d
712c7431-def2-5933-a5b1-c7c322601b9f,2.E.4.d
74117e06-1a7d-5643-ad04-2eed975d7f01,2.E.8.c
88c8a762-10db-5c1b-b487-de530d7e7a75,2.E.8.c
a0df88b9-308c-52a6-ab9f-7019e9426cd5,2.E.10.b
32276855-686c-546a-a7dc-dc65eba615d3,2.E.4.d
8aa48425-4b9c-5bc5-8a28-7be0df4cd799,2.E.9.i
94b38576-377b-5d96-93fb-d4cdac60c458,2.E.9.i
fdb87c87-0a45-5158-8979-c510894bc573,2.E.9.i
a3a76538-0d96-5fcf-8610-97c2608134f7,2.E.9.i
7f5d1691-ce3c-5777-8b5a-bd4330ebed0e,2.E.6.f
c821a430-cc30-542e-92cb-5e98679d487d,2.E.6.f
5502ccab-d369-5b75-96e8-6e45ccf34a0d,2.E.6.f
e34e4b96-86a3-58d5-8333-56920770b63d,2.E.4.b
42e48ecb-e887-5afa-99cc-30224ebafb09,2.E.1.a
9b558702-0dfa-5614-a1c6-fdd5a4793fea,2.E.16.e
67fef52b-8721-555f-9705-90b97c048a61,2.E.6.f
d0e6fd46-e454-5e48-8152-543be7c5b3ea,2.E.6.f
4460ba2a-7a6c-5768-bb25-e4258b27189e,2.E.6.f
6e0a98b7-ac2c-5fc7-8f6d-3eff24bb5158,2.E.6.f
f3cad7b9-47cc-5b6b-b1bc-9555af4ab394,2.E.6.f
67a7acca-9ab2-5cda-bf93-3b925f6f9f40,2.E.9.d
0b864529-2c6d-549c-a6ac-5ed13ba88acd,2.E.1.e
7c1d62b4-af27-59f8-ab79-3d7064b33c1b,2.E.6.f
c3277d2d-5f77-5341-ab7e-02dc56ff507f,2.E.6.f
2228c980-c659-5f36-98dd-47ca6f978760,2.E.6.f
037e2571-0d86-5ba8-8f22-a947bfdd359e,2.E.9.d
fd2898b9-d412-5591-ad8c-51e0b11b5196,2.E.9.d
e0910e79-892a-54bd-a51f-1f69e6c9e050,2.E.6.f
e31896df-676c-5c4c-a0d0-a4409408a827,2.E.1.c
ae9fb3dd-1e6c-5747-b12c-ff8cf3f5c0c4,2.E.6.f
e0bc3901-855f-5989-9586-1e8d3a80f20b,2.E.4.h
a9133394-14c2-5dc0-add7-0a5b237ff014,2.E.6.f
f7b831df-aad6-5435-a827-cb68dd8d3660,2.E.9.d
94bd5a71-3346-5230-ba63-31927895b871,2.E.6.d
d2dc91d0-999b-5d6f-9cd6-7e23bc7bd38f,2.E.4.b
32ff33aa-da5c-5037-8305-8cc89f76a536,2.E.4.b
fd4014aa-a00a-5d56-8cd0-01cc130296df,2.E.6.f
455fa4c0-b4da-572f-9f35-35ac5933f992,2.E.6.f
d558c95b-cc35-53ef-895c-69ff83d26d69,2.E.6.f
a0bd92a4-7c21-5b29-a8a8-a42aaf1ead6d,2.E.6.f
47d83e35-cbe7-5b3f-98ad-6bbdcbdc747f,2.E.6.f
bcc77aec-6df7-5829-9a3a-f6991a514ad8,2.E.6.f
24003a60-97ff-5f88-966a-00737398674a,2.E.6.f
31dc04cd-9605-552e-8bcb-851d3338168a,2.E.1.p
12691066-5e81-5c81-ac8d-228a70011746,2.E.6.f
1e38aa51-e7dc-53ec-a760-44b390215ee3,2.E.9.d
075f777d-e958-5df7-a1c3-f6c7f67b305a,2.E.6.f
f164340d-ec4c-5e30-a8ee-5fc034497a5a,2.E.4.b
56717c7e-4bc6-53fb-9687-c4d6b93a5239,2.E.6.f
47471d1d-3e78-5710-a328-7c939ad1f0f3,2.E.9.d
cbd9592f-f921-5938-b573-f8237158844a,2.E.6.f
b8cb07d1-05f0-5aed-9552-d1ecf06e0446,2.E.6.f
d6eff0f2-2213-5809-ae04-836caf9a5181,2.E.4.e
c70002e0-a488-56f3-bc3a-bb8c1ef3bb52,2.E.6.f
31604e07-cf66-587a-b670-7f59469ddb67,2.E.6.f
4e74d970-6bd2-5f78-9086-387a4a39f49e,2.E.6.f
e30fe6f8-13a0-5ddb-9638-71c035bbbf9e,2.E.6.f
0b7b7624-9fd5-5676-811a-def543861fad,2.E.6.f
c3299977-6f88-5b14-b982-b9900be44191,2.E.6.f
bef52a0f-7cf6-581f-9b33-0f5819f181f2,2.E.16.e
f6cb35a3-4949-5f25-9336-740f9597bfc2,2.E.6.f
dca076a1-688e-5ec4-a2bd-75b5683349b9,2.E.6.f
2e127787-1aff-5cb2-ba50-d0c0459830ba,2.E.6.f
eb8a34bc-f2b8-5026-b539-64dd70f1164a,2.E.6.f
db15a1bd-527c-5032-913f-f4199bc8f009,2.E.6.f
5dca74b8-35b6-563c-a272-e3c42f20c970,2.E.6.f
6f39b379-a36f-521d-8ed7-ad9c63186530,2.E.6.f
52c7928c-cf09-5b6a-835f-95e993370e4d,2.E.6.f
5ce1ef01-6175-5a3b-866b-daddb77af65b,2.E.1.c
b5501e8a-0d83-59c9-9c14-309793e5745e,2.E.4.h
cb30081f-a06a-53f2-97c1-9c4f8babc589,2.E.8.b
ad52f0fb-4927-57a7-bb6f-d8c257431c46,2.E.9.d
8c1e450f-f7a0-5b69-a49f-ad482b269fb8,2.E.9.d
9c31e022-e87f-59e7-9b1c-29a8d486078d,2.E.2.e
b6ae9d05-ca48-5ee6-81e3-d790b5de0160,2.E.6.f
933a0be8-4c60-51a9-95d7-d0090923f60f,2.E.6.f
4f764584-b3e8-5a7f-8abf-84dfa2b9006b,2.E.6.f
a11fa803-4c7f-531e-8554-38f307cbbfb9,2.E.6.f
37570d7c-89ce-53e1-afb8-135dd9019a07,2.E.1.d
b1f3c9fb-b998-5932-b965-ac02ea0a0f04,2.E.9.d
c5f898b7-4e49-59ef-ad6f-b714f5f0f9cb,2.E.6.f
18cd350b-f801-5d01-85a2-bde706255639,2.E.9.d
e49ad7af-8496-580f-ba60-3405c8653740,2.E.6.f
eefbaa1b-4f3d-51ca-a3a6-ee4e477ef9dd,2.E.6.f
066de2ef-6c84-5ecc-921b-89655be183bc,2.E.6.f
20903b3b-89e4-5fa4-867a-56016ff5e1b8,2.E.1.f
546998ab-75d6-52b8-b635-846317e50d1f,2.E.2.a
1f2b0869-b291-54f2-9e84-e15aaa8fb577,2.E.9.j
cf394bd2-9fe0-56a5-aba9-48a38ecb31e1,2.E.9.j
933a0be8-4c60-51a9-95d7-d0090923f60f,2.E.2.a
e78a1c55-5f32-5bf2-96b4-77b3225ca980,2.E.9.j
95ef1c46-64fa-541f-b4cf-01ccab7bc291,2.E.9.j
d1a95132-4c79-5256-b2fc-8330ffefe6a0,2.E.9.j
4e9ef5e1-15bf-5262-b025-c1be404e9835,2.E.9.j
877b027a-bb5c-58a3-9152-9e79f28f3e26,2.E.1.b
7df9df15-7341-5628-b0b8-198146634576,2.E.9.j
03f6342f-4918-5cb4-b893-8c4c330ce07b,2.E.1.f
ed04f5eb-cd3f-58b1-b3d1-deba724e2431,2.E.4.i
53657472-2655-5fde-87ca-eb7f7d79498f,2.E.1.c
e50cea0f-1bf6-5de8-9cdd-64d171190255,2.E.9.j
498cb2e5-41a8-5bf6-8908-3c924c3c1818,2.E.9.j
8097e16f-0a37-52a7-b644-2074efe0ecbd,2.E.9.j
dec5c3a4-8700-5911-91f0-5025f6b4bc77,2.E.9.j
7c7edf92-e1f1-5045-89a5-f07f1bbe4de5,2.E.6.f
1ecb6e64-478f-55ed-b0fd-a364dc727515,2.E.9.j
693b3384-71aa-586c-b778-6319e78ac20b,2.E.6.f
99b2fdd5-347e-5afc-80c0-747ebb98a776,2.E.6.f
1be9c8a5-9501-50eb-baef-81c40c1c46a4,2.E.2.a
261603b4-a904-5aa2-b52f-497959964f7f,2.E.1.f
5c9fe20c-5ffa-50e8-a966-a38942cb145e,2.E.9.e
4b8aa0c9-46b0-59ff-9273-a66807b032f8,2.E.9.j
ee799de4-060e-5022-8a5d-5a6e33a834ae,2.E.1.d
22d60653-8885-5f68-9528-db72f5cdfc2c,2.E.6.f
808774e1-4dbf-58af-af35-615800cc826f,2.E.6.f
09036f30-443d-56bb-8eba-eb00baf67c4c,2.E.6.f
35143255-c180-5690-94fa-a7920b59f93a,2.E.6.f
c31fca19-0ce2-540d-baff-3a9b6f87d47a,2.E.6.f
d20ffd68-57b6-5904-b964-71d44c5cf6b7,2.E.6.f
fc7d1433-2ea2-55a4-b881-8aabb60d299f,2.E.9.j
61e97728-2903-5e72-b4b7-f718a9c9caec,2.E.6.f
fd076575-493d-5a9e-bab1-871962c7c4dd,2.E.9.j
b2adcd61-ae2a-51d3-a85e-cc6f7943fddc,2.E.2.b
a8b32162-0178-52f4-9d7c-880f77d9b35b,2.E.6.f
91c951bd-0f36-5083-9429-10c8a3e4fe8e,2.E.9.j
a54197c7-cd6f-5140-a168-cbf8478010cc,2.E.6.f
9508a885-2d04-57fe-b10b-3e215eb52b7a,2.E.6.f
b6cdda61-112b-539e-b4aa-58ab37ef2ce3,2.E.6.f
768f393a-eeb4-5901-be32-b5e2660dc69c,2.E.6.f
891168f7-725f-5194-994e-abfb413ec871,2.E.1.d
c4123b13-aeb1-5659-a7f8-6cbd3929593d,2.E.6.f
229aa550-dcf3-5834-a357-36f1c4ececbe,2.E.6.f
de90c4f4-3e18-5638-a595-f6b44add7be5,2.E.16.i
de25812c-2281-5790-81f6-92d30df8dc32,2.E.6.f
afa233c1-a230-5d8a-aad9-2dd44301ac6d,2.E.4.d
ae914530-a674-5767-8a48-e1a52cc42899,2.E.1.f
388c3c33-c021-5faa-9850-eac00500698e,2.E.6.f
9af89e88-9fec-5354-aae1-da3187d5a81c,2.E.1.f
776694f4-dec4-5292-92c7-4d7704e125e6,2.E.9.d
a2b5fccd-edf5-5fd0-8ab5-5a0a0aa0112e,2.E.9.d
a371c0dc-e9ee-59d3-b768-129567eaa664,2.E.6.f
dc332f9e-ce1b-594c-8ad9-34922bc06767,2.E.6.f
609839f9-12e1-5fe5-aa6d-58bcbabc8eec,2.E.6.f
350814de-32d1-56bd-8567-7a206b4580a8,2.E.4.h
67547b42-1176-556f-b0c7-15c9595aba36,2.E.6.f
0c78849d-61ec-5f36-946f-8c9710cf09f9,2.E.4.h
931bddd1-4de8-572f-82ca-b687e09b9edb,2.E.6.f
c25c0dad-0d2a-5541-8b1f-df52fae1d366,2.E.6.f
9dfe0987-6646-59b3-b756-17e1bd167887,2.E.6.f
53991947-cf30-54b3-95d4-c3fa83cf74a3,2.E.4.h
7f38ac22-94bd-5d65-bf75-e9ad581675d4,2.E.4.h
e8a6010c-5a2b-57dd-928f-4dda392b951f,2.E.6.f
e50e98bb-9c10-5aa9-9e11-10e7ca294810,2.E.9.d
b058feb3-9ba8-5896-84c7-68fe18591769,2.E.4.j
b34140c7-8126-5287-83a5-b8ebc2cc5b53,2.E.4.j
3ec10297-78e1-507a-a303-6bcd7ffbb9c1,2.E.1.f
ef0462d6-7314-5173-a326-3c4c9ef4f00b,2.E.1.f
002c9ff5-99c4-58db-9f3f-8540124c4eea,2.E.1.f
f95f66f3-0cf1-5207-880d-010fe92c02eb,2.E.6.f
8a3ebad7-23aa-58b3-b66d-796f143e79df,2.E.6.f
153c1120-3586-5ff5-ad01-b1b9f08199f9,2.E.6.f
66799b96-b909-50c0-a836-cf8e480580aa,2.E.1.e
b4af3e86-193f-50b5-a23b-8343bb467762,2.E.6.f
3b2343cc-3729-5299-bd23-d8ddfaeb9754,2.E.9.j
febcf509-9877-5d94-b043-cd36e8a7e9a7,2.E.9.j
dc85990c-1d13-52e7-9dbc-3078b70b5ae0,2.E.6.f
16548af4-d82a-5d7f-b116-c3abae94d91f,2.E.2.a
87c94bd6-d009-5db0-9fae-7b92a10d2363,2.E.4.b
ccb20e70-6f99-558c-8d1e-dbb27cdc2abd,2.E.4.b
e0aca976-f9d6-5bca-9d24-6ddc3a9cf105,2.E.6.f
6d136d06-edf3-5cef-9781-8f8b16911313,2.E.4.h
496f8f2f-b114-5a1c-8270-0c817314a31f,2.E.4.h
84c33623-457b-5c69-9bd0-32118aba6b9a,2.E.6.f
64620a53-edda-5a30-b342-582bea988870,2.E.6.c
cb964b67-e80d-5c71-99dc-3b2ad1564f9b,2.E.6.c
720c7699-5e20-5c60-83a5-79e508d3e5a8,2.E.6.c
3a865565-5b12-5482-9370-3e34c0d208db,2.E.6.c
7cc54666-34c8-534f-8224-8b01c94274bc,2.E.6.c
f696b7ae-1d49-5612-a496-39e906916d02,2.E.6.f
a6f8957d-e7f0-5518-84fc-c0ab6fcf3a32,2.E.6.f
6ec7e8ed-9257-5134-8844-654311e71524,2.E.1.e
d048188e-b2ed-5120-8327-39b0c2e4432a,2.E.2.b
6aa9291d-2cce-5145-bbc7-80c4d1f742ab,2.E.6.f
cec59366-18bd-5dab-92b8-22853415f6e3,2.E.2.a
3e6242ec-8f78-55b6-9c1f-ccf1fdcfb00f,2.E.1.e
265a11ae-9f9f-504f-94a7-0cdd0cf7815d,2.E.2.a
4b1fb6ce-8785-52b8-a0db-3f9e79ec7a4b,2.E.4.k
544c490f-1b58-55aa-b4d4-b813d7ad1d91,2.E.9.j
9e716e99-f5ea-51a8-be30-4cb74b7ec80f,2.E.9.j
c8e7ef6c-bb3a-553d-8975-6381db2743cc,2.E.9.j
11cadbd0-fb6b-5c01-83fe-72fe1a9f744d,2.E.9.j
e53c0237-9b3a-54e1-9b8a-c94231c55894,2.E.9.j
79acfb62-008e-5a63-bd53-af6d861d6848,2.E.9.j
fdd20346-d534-5d84-bcd9-924ea4ef4155,2.E.9.j
e173b0fd-5308-591a-9697-1c0019ad047e,2.E.9.j
5a37f739-df48-591a-bd37-ba5be4832f20,2.E.9.j
b5305b68-0eae-5ad3-98de-17141020ed8c,2.E.1.c
16623cfa-85fe-5469-805f-fd148c108074,2.E.9.j
f809a309-f354-5cfb-896a-e333fa86f400,2.E.6.f
65901678-ea72-5dcd-b737-b1c39a78d3ec,2.E.2.e
45786fd5-f753-5727-ae67-e0326000a45c,2.E.13.c
83165258-9f7f-5745-a38c-9c601b5a2200,2.E.9.j
33056086-b12c-5c61-b310-0327b83ff1ad,2.E.9.j
51af0a23-011d-58ae-981f-217c5a421a91,2.E.2.e
4f48e8f9-b5c0-538d-b1f9-9a471a373a8f,2.E.9.j
b287fbc3-37d6-56f7-b525-224a995ee008,2.E.9.j
a6182a5a-34ba-55d3-afe5-4da61c41fc88,2.E.9.j
19047bf5-b074-532e-a0b2-34f1a9b3ccfd,2.E.9.j
28860e19-479a-5d7a-998b-2f48449f6fcd,2.E.9.j
e3c93338-b1db-5544-8d9b-d733e4eb3cb6,2.E.9.j
2df17527-2d60-5fd6-90a1-0dcf4e3874a1,2.E.9.j
a04fa53c-7ad0-5fbc-802a-98c433dfc22c,2.E.4.h
0c88b86b-dec4-525a-9dee-d185721fc87d,2.E.9.j
3c9188ff-813e-5e3d-b681-61eec87fba83,2.E.9.j
0540120a-2ced-5bd3-acb1-54944fb7fd9f,2.E.9.j
3eccad9d-4cad-5912-9eac-03f1ea8e23b7,2.E.9.j
7e707748-46c2-5755-a573-8799f60b140c,2.E.9.j
dd6dbbb6-2d2e-5748-a93f-e1d8dc685d60,2.E.9.j
cf6b5550-a055-5ae6-8c6b-c8b6264fa764,2.E.9.j
a0afbf31-f3e6-54aa-8449-f3c25d152a57,2.E.1.c
d561b3e8-1f32-5548-80b3-94e70cc92002,2.E.2.e
de57fabf-7811-524b-8c1c-5b6c811e420e,2.E.4.h
d022df6c-10d0-5bfb-b44f-d63cfa2daf8c,2.E.9.j
2b5bd39a-9a09-5a26-8d79-8f4b6f515ec4,2.E.9.j
80d2c9a0-d6db-506d-8544-b9cb6f181f57,2.E.9.j
ec025a3f-84b3-54e8-9144-858a483fe9bf,2.E.9.j
0f1f9ebd-0f3a-5c0e-935e-f407015ee7f0,2.E.9.j
c61faf69-a63e-5faa-8be2-7fe2a4c5d07f,2.E.16.b
66d1bb10-eac7-5222-b365-665cfcdce10b,2.E.16.b
e6c8fe3e-4da8-502d-a96b-0d1369540516,2.E.6.c
3ab9c40a-bd30-5bf7-8ebf-f827b065f628,2.E.9.j
a6240ffe-a7fa-5891-8a3c-2b2725236170,2.E.6.f
4c1e82a4-5255-5265-a14f-e0f2a12f2220,2.E.9.j
81492d0e-a939-5492-8b84-c48cc9506346,2.E.9.j
1edb20f8-550d-5fd5-88be-b04657dcf233,2.E.9.j
13d50653-e8b9-5948-a1e2-3fa75fd0ad66,2.E.2.b
7be3a1ba-e718-53dc-b67f-05cc36da25c5,2.E.2.b
b4199269-9425-5a96-8a67-004daed2c50e,2.E.2.b
0c21d493-8aea-5846-8089-2fcf2b43fc3c,2.E.2.b
dc47bc2f-073a-556c-b261-90e176b36efa,2.E.6.c
7b430e29-1b47-57cc-ac43-6cd0953ceaac,2.E.5.b
5d3f0647-0d87-546f-aeed-94e624a9f3b3,2.E.2.b
895e6724-bdfd-5cf5-9141-1adc85c1485b,2.E.2.b
3221b5bc-d50b-58e3-86ad-b4b8d49fa340,2.E.2.b
a3381f36-4fa5-5f0b-9501-d49cd3792b4d,2.E.6.c
0d02517b-bf41-54db-ba5a-d49e1ebfe702,2.E.6.c
2263fc08-0d29-59b8-ad4f-0c3e998a00fb,2.E.2.b
16be3b47-0781-562a-91c0-931fa67a8cd1,2.E.6.c
e237f438-e017-5b06-ac77-999397b53e60,2.E.2.d
83a1749b-fd4f-51ae-ade1-e9c2ea3a67c5,2.E.2.b
c9793491-b9be-5406-ace6-9645a8a39dbd,2.E.6.c
d67562a9-afe3-5494-a6b2-4c1800dbc488,2.E.2.b
a2c5884c-8bd4-52ad-85e9-d7a1ebacade8,2.E.6.c
1b06569d-89a9-5451-997e-2e60f32c44a1,2.E.2.b
8309bbfc-363f-5636-b8a6-7de14cb22c26,2.E.2.b
17b1ea93-fb9b-5950-b98d-64467959aab5,2.E.6.c
de58c92f-aae4-56ed-acbf-115ffd8f78c7,2.E.6.c
d0e91341-f53a-5d70-9ccb-1925bb009867,2.E.6.c
d054ed50-7186-5aa7-ab34-176a4264d350,2.E.2.d
c49ca9d3-fdee-5d69-8e37-11f9a3e29549,2.E.2.d
5c8e52f3-4522-5d24-8bd0-177b0238a08e,2.E.6.c
3c5ea5d3-12c4-55a0-9991-b841e1bef8f6,2.E.2.b
b77181b7-60f4-5ac6-966f-6677be93e19d,2.E.6.c
4f8d20c9-19fe-5082-89c6-0d7afb12512f,2.E.6.f
23a6bb60-409d-5b9a-a74d-60aee4326000,2.E.2.b
db077c69-d936-5c8c-9113-1835a0bbc315,2.E.2.b
8ee1f68b-1a25-5875-a200-2438c8e0649a,2.E.2.b
a082b5c1-0e03-5af0-921f-9e139517b0ab,2.E.2.b
20f9344a-743f-5818-ac08-668cd671f229,2.E.2.b
a46b7d07-d3e9-57c6-b577-16b6eac6df73,2.E.2.b
0c99a88e-3492-5830-a594-532e839c33ea,2.E.2.b
c020f3d6-bf54-53e4-ae24-339dcdbdc266,2.E.2.b
c0166937-726d-52ad-8968-3d8c873830fb,2.E.2.b
0fd52d7d-10cd-5e77-ada4-4204602bc549,2.E.2.b
9cd3eadc-3081-5926-a22c-ba0e47939a1d,2.E.6.c
07cf7d67-7330-5cb3-80f1-3b3a106b4572,2.E.2.b
c50e596c-d52d-5ed9-9730-f46cb6fb5f61,2.E.2.b
5eb5e8bc-effa-5295-bc8e-83ab2eb43599,2.E.2.d
eb6f0012-eef9-59ea-94ee-60b60804f7d1,2.E.2.b
0c6b663a-e8cf-5412-9006-c614a66e1fde,2.E.2.b
377b5bc1-b510-521f-b992-bc94886275a8,2.E.10.b
7037f0f7-3c47-5c6b-a2ce-e635481df601,2.E.2.d
7730fd3c-f423-5c0b-ade3-f8af839c425d,2.E.2.d
82f07586-d9da-5948-a9e4-ec15f691c69f,2.E.2.d
fe911f6f-abf4-5327-a551-d14cbf66ec2f,2.E.2.d
e484a04b-39c1-5189-9028-92b15f5738f0,2.E.2.d
c8c5d98b-d640-5ef4-bd38-56b7536eaf3f,2.E.2.d
95f9cf38-ac46-5a5d-81e9-633702ab077c,2.E.2.d
59175aaf-493d-52c1-975a-879a17164b81,2.E.6.c
8749ccb7-0376-58d6-9317-ccccf4ee1ff2,2.E.2.d
a82f41fd-e82c-514b-b25b-710b8a8d5774,2.E.2.d
c4b38e4a-b749-5fb9-8d71-5dee12ce9423,2.E.6.f
cf322560-3c0c-5d60-915f-580a282d8d34,2.E.10.b
472ba261-41af-56db-8dac-10cd561c78cc,2.E.2.d
bdd59f0c-0414-5699-b3a4-0da55f69d423,2.E.2.d
82e8a1c8-8d64-5800-9889-db6e876e72f6,2.E.6.c
255643e9-78fe-56a5-852a-c2ed01bc5d25,2.E.2.d
11da355a-6f29-59f1-af17-6bcddd244f2e,2.E.2.d
9a1a06d9-c411-5173-93a6-e365e39f9228,2.E.9.e
566b93ff-822c-5338-bc42-7a19da946b38,2.E.2.d
cace70bc-694e-5228-b3aa-216bc11eb885,2.E.2.d
0a76ad5a-83cd-57e7-8a5b-1a976f6db6b3,2.E.2.d
894ec7cc-6713-581c-9f69-f13433ad71fb,2.E.2.d
f6e42288-c5f0-54c8-9b12-0b7f29edb0d7,2.E.2.d
ed0913bb-6c80-569f-86b2-1448c242e854,2.E.2.d
6e09320e-daa9-5f27-8ba2-ac6ab129d19e,2.E.2.d
ddc8c4c3-7e0c-51d2-9ea2-e635e777f6af,2.E.6.f
cd56216e-15a4-57b5-9789-c4a9c1dbc045,2.E.2.d
b47462e5-bc46-53f4-a916-87c9f199564f,2.E.6.f
b6efdf16-2ae1-51ff-9ac0-f653f88c4470,2.E.4.h
61e83754-5bc2-5deb-9226-9588d93b36d2,2.E.6.c
45b341c6-7e05-5858-837e-3aa8ba6278db,2.E.6.m
9f0c8b30-6b06-5474-9e90-90c84ade5c99,2.E.6.f
b5397c10-2e22-500a-b1b1-8961c0221cce,2.E.6.f
c80add81-ab8a-5615-8315-c9bb27bbc83f,2.E.4.h
ac096241-de82-5763-98b7-5346964ca2cf,2.E.6.m
62c7d960-25b7-57d1-ac16-2e3eecdaf86e,2.E.4.h
5e29f32e-728a-5c1d-866e-102406231733,2.E.6.c
d761742c-ad2b-54f9-afaa-20c74de03cf9,2.E.6.f
dddbfe6c-14a4-5574-be24-42350fbe47c8,2.E.4.h
7d90d7bb-6c55-59aa-aa45-a89b1d247145,2.E.4.h
102318fe-aba5-5cd2-84c6-233505560ebd,2.E.6.f
cf571b96-d3cd-59b2-8274-5dce06adffa0,2.E.6.c
3a68a239-1169-5064-953f-dc304933fc2d,2.E.2.b
b7aedf3e-0c01-5334-8e2c-6bd6a2d144e5,2.E.6.f
e638cb8c-0f52-58fb-9824-6d14fea3b68b,2.E.6.f
2e19ffbb-3207-5dfb-8453-07e4ea414a64,2.E.6.f
1ae5af4e-6ccb-5d5e-9fc8-b65a948366a7,2.E.6.f
bbc02675-5521-57d1-a9ea-28bad7b39d8e,2.E.6.c
f61b539e-4b65-52b2-b126-aa4cf9f219e6,2.E.6.c
71cd5607-0578-5e89-82ba-bd523a1cdcdd,2.E.6.c
c96f87dd-a183-5a4c-b6ee-86c853e4e540,2.E.1.e
7c561028-09f4-589b-b42f-ca70b31b3d14,2.E.6.c
ee366581-37f4-514d-a9f5-1f8cfe0b7b2d,2.E.9.d
a3b062a7-5570-5195-9c4c-15042148b53b,2.E.6.c
c0691e28-da3c-5578-ab23-b87c0b30199c,2.E.6.c
1d0894fb-0e09-5f38-b943-ebe55f58d9b9,2.E.6.c
9a50d57d-39e4-5ee9-ad05-c13740d5f1f7,2.E.6.c
72e9e25a-71bf-5b66-b11a-a403656bdc87,2.E.6.c
86f055ed-f5d4-57bc-9d70-6edc21551a48,2.E.4.h
9e444893-8e99-5c74-b067-99c2045f20bd,2.E.4.h
97bc6649-85c4-59f3-940e-c6c8415fa31d,2.E.6.c
f5c55138-8523-5ccd-bed4-c59b3e23fec5,2.E.4.k
7538d4a6-9f6a-5977-9edc-0579c7d87ff0,2.E.6.c
8abb9aad-bee2-5d66-8324-d64b6e5c2ecd,2.E.6.c
e8331be6-b7e6-5490-af76-35f11cb94d0f,2.E.6.c
0989c4ad-9712-587b-a58a-bd298eadeebf,2.E.1.i
28f479b0-b4d2-5d19-bd55-0b88d5e0a816,2.E.6.c
98a01345-7f7b-5baa-9129-50bdda9d16c6,2.E.6.c
05c617d1-f00b-5124-b8ca-7c5c447470bc,2.E.6.c
50db3252-6d39-5fbc-9776-14fdc2f177b0,2.E.6.e
56bded23-73fb-577c-8ccb-5f41e249a55b,2.E.6.c
1ee7c2a6-5c71-59bd-a161-ea7713b7c83e,2.E.6.c
286288b5-2150-5020-bce4-d6f900b5ccb4,2.E.2.b
b8edc76f-cda1-5d92-980a-5a55104cdef2,2.E.6.c
7060dfa1-aa76-5d09-97e7-eda22417da06,2.E.16.d
140335b1-845d-5a69-98ee-7e82700f3f48,2.E.6.f
0e9fcc36-0979-5d80-809c-eb4359415d3c,2.E.6.f
cadfe04c-5258-5b09-b3b3-2e93de18ac74,2.E.6.f
500692bd-ad85-5ef3-8703-aea0dd893027,2.E.6.f
a505c778-c838-5a27-abc2-bedceea47dcd,2.E.6.f
6cc2d455-95b2-590a-84a0-e0f762c1443c,2.E.6.f
3ac9f810-862a-59b6-90c1-f9b8d63ecf32,2.E.6.f
40d1573e-b76f-5862-9391-668e16751ac1,2.E.6.f
c450ca00-02e1-59e3-a019-adf7511cebe5,2.E.6.c
ba3b1f3c-4a4c-5f43-ad91-3e98db037128,2.E.6.f
64772b59-635d-5656-bd0a-945492ed79ff,2.E.9.d
d73b9cc1-681b-5a9d-8482-23668274b762,2.E.6.f
3e0e1d77-621e-547a-adcc-49b6aebb9485,2.E.6.f
f29d4cb5-140a-52f9-90c9-573a5cf9d765,2.E.6.c
9b2e4959-12ad-5165-8528-837f05d14555,2.E.1.i
df7ef5d6-8b31-5fd3-b95e-73e20cabfecb,2.E.2.d
5c1af03a-bd80-54fe-91ac-1c737145bf02,2.E.6.c
47f74917-9e8b-5a2e-88c4-89f81758ebfa,2.E.16.e
07de5547-7f9a-5b0d-bbed-2fae8d89e5e2,2.E.1.i
2164948d-0098-5054-a520-6ad9567a991b,2.E.4.b
302574c9-0c29-5cde-9bf4-99003d69b1fc,2.E.6.g
0c0b88aa-00c2-515b-8755-8a8dd5163e20,2.E.2.d
8575c9d2-78e2-551d-a2fd-dfafd208570a,2.E.16.e
808dc934-0275-53ee-b3f1-934c0e7b05f0,2.E.6.f
62bf372e-b157-57e3-91b6-2dd518c2b542,2.E.8.d
b674021c-105d-5179-8fc1-05d6f3f6c6ef,2.E.15.d
0a1b2fde-afff-5736-8bde-e9d8f0b980c6,2.E.9.d
d07571ac-b534-543e-989a-432b7164638d,2.E.4.d
ed318063-9033-5703-a059-c83220521807,2.E.6.e
591a6a30-303a-55d4-8a41-9f121e9c02b8,2.E.2.d
c6028c87-72a5-5018-8ce9-60b63cb0ba7c,2.E.6.e
a743d71f-2c7b-5a60-afd7-7ef187700f81,2.E.4.b
d8e9cb54-7257-5062-af23-ef9f2327f56d,2.E.2.d
031865d8-cdaa-59d8-b898-5509a902d55d,2.E.1.i
c7f2df79-abb4-581d-ad8d-14be4364245c,2.E.4.g
6b0537fc-644e-56f7-8693-036eb4299c2e,2.E.6.c
12ac1eb6-b8dd-5074-a9c7-c430d902ba1b,2.E.1.l
c7a1e51e-705d-5eab-966e-54f78f2ef868,2.E.4.f
66b71c65-9044-588f-8826-ef4e10230f7f,2.E.6.e
21b52c11-e3e8-5c8c-9e76-9e723ce65156,2.E.8.d
bd291783-9e77-56ea-b240-91474bacc89a,2.E.1.i
c92c7920-20e8-5557-83c7-40552d57e59d,2.E.2.a
1bb3aec8-cf93-5add-94f7-15c0d2c20793,2.E.4.c
c00823a1-0f33-5c79-b6dd-9f5301cd5729,2.E.4.b
f5d313f5-10f1-5bce-9c72-25f86ad0bb18,2.E.1.i
770f8298-3565-5a2c-bf6a-c1162fa453b6,2.E.6.c
db9d0d0f-33ef-5cdb-937b-7f1895facc61,2.E.1.i
1b1dd6ed-9b45-5bc9-bcf8-03751cfd370f,2.E.1.i
d69636eb-d507-5aed-8403-d2fc50a4e81e,2.E.2.d
5531cf71-8677-585a-a4bf-62ea15da17da,2.E.2.d
632526f1-006c-59cb-aba6-b85306a1ca9c,2.E.2.d
48e61772-6403-531d-a740-be0150b31c23,2.E.4.f
2269a7c7-c27d-5613-8fd4-c45674fbb056,2.E.6.e
43f9e7ae-db7d-5c93-aa9d-ad7e41687d14,2.E.1.k
ce185b2a-69a1-5764-8bc3-292b91d0124f,2.E.6.c
60888aa8-7c9f-5bf4-86c8-eba3b2047c2d,2.E.1.i
44a552b7-d16c-5abb-aa72-90a669ae0549,2.E.1.i
21c19580-16d0-578d-8e3f-b664fb2f198c,2.E.6.f
c888ba8c-308c-515a-ab8e-a59397eeac65,2.E.6.f
26f5fb90-2886-5434-9be8-ed45a8ad4424,2.E.4.h
3a73145d-1fb5-5a21-8334-778f4a19ca96,2.E.2.d
bc74b5a8-e90c-5973-b092-81a031e10ea9,2.E.1.e
776527fd-a1d5-58d6-af67-2ac7593ca359,2.E.4.b
7ec051df-e282-56e8-98c2-49a88a4fc08a,2.E.1.i
9af55188-9fd8-53cc-95a3-e9393af90edd,2.E.6.c
639c9833-9fe9-5ffa-a241-b1fffe2ec5ec,2.E.6.c
fdab850b-5618-59d6-98fc-654346f6366f,2.E.6.f
97f38d87-c91f-5516-9730-10544f9dec79,2.E.2.d
085d66a5-c8b7-5b29-8c23-8db123451990,2.E.14.b
cf4e5182-ecfc-5836-9f8c-9f57df6128fe,2.E.2.b
8d29233d-79a2-5b50-b41b-69dee5b57160,2.E.16.b
8647cb4c-d338-524c-8648-81c14abbac9d,2.E.6.f
dc622534-70c9-5a7b-a9b2-02fecfa999ac,2.E.4.f
c9c68204-90a1-51f8-8f6b-7895f4bb2cbf,2.E.1.a
5a2cd343-d97e-55bb-b478-ef822ef78988,2.E.1.a
5ab95bea-95b6-59fc-879a-486c35f19705,2.E.6.c
da64fccc-1b07-5026-acec-e843d6e9fb86,2.E.12.a
d61923f9-e942-511c-9955-934f481d6c30,2.E.1.a
83c09c29-ed6f-5708-bee2-5d6df79f642c,2.E.8.d
856ec229-1e7a-590b-8725-2998598ff1ed,2.E.16.b
c9e35f17-cbe9-57ee-945b-8721bed43c89,2.E.2.a
e54c6d2d-8a7d-56bf-81ab-8c08f15280f4,2.E.6.c
5c4b49cb-07dd-5a3b-b336-dafd089d3191,2.E.6.c
5f14c798-d0e9-5835-bbff-12f20f41a894,2.E.6.c
9c66d0ec-b69e-588d-9eda-d98069ac805e,2.E.6.c
ab52afaa-f05e-5211-8982-5bb6c1f087cb,2.E.6.c
c2c55d15-8767-5976-91d4-192012dca91d,2.E.9.j
67637219-58f2-5cc7-b5f2-7995309e057c,2.E.6.c
18764322-7390-5de0-b436-76c061a40275,2.E.12.a
ee5fc048-925c-5ac0-9f78-2352e96980ad,2.E.6.c
46247677-9942-5925-90bb-7bd831e7420b,2.E.6.c
c27288eb-949d-5e98-bbe0-20ead97b83f8,2.E.2.e
e117c6ca-6df4-5b50-8b62-1a4a70b93b1b,2.E.6.h
d30f718c-6163-574c-904b-8f9475133156,2.E.6.c
ead8b0e7-118f-5b8b-8cf5-f1c84877a61a,2.E.2.a
7ab4a975-1939-5087-90aa-a6eb618d8251,2.E.6.c
2e01b4c9-b837-5877-abfc-7ded215f1068,2.E.9.j
32fc95e1-bcaf-5366-bc3d-1fa1fd421fb9,2.E.6.h
57388eec-39eb-5aa6-b6c1-87b2da393c1c,2.E.6.h
a419e962-b95b-554d-8da6-fa9221cb9b0f,2.E.2.d
c2d24401-b996-5d11-892a-bd1c44241ee6,2.E.1.i
0517fa31-6d75-57ea-a746-32b9f88d436a,2.E.2.a
8cc39416-bd57-5b73-8464-c395f3b7a188,2.E.2.f
da76311c-4c9a-5493-ae8c-9f10f239a698,2.E.2.a
dded5fa9-07b2-556f-9eac-6222e7923409,2.E.4.b
35b94663-9e0a-5049-b8af-c6f09f71199f,2.E.5.b
f603083a-59b7-59f1-bd43-81c48b6e5c60,2.E.9.g
78bd888f-7bec-56fd-b23e-ad2d9fb60760,2.E.5.b
59355aa6-b672-5bf2-87e1-6e14e78d4a6f,2.E.4.b
30761e43-2d63-5b10-bed1-0033e2c3ec47,2.E.2.a
3cfeac9b-8eaf-5647-b3a5-016e3c39e2e3,2.E.6.c
f9d00f6c-4e95-572b-a908-5446dfc35c08,2.E.12.a
f321b93d-4b99-5f4d-9157-cce758b8171f,2.E.4.b
11badf60-18d4-59bb-a51b-3ccf6f155a41,2.E.4.b
0085e27c-08fd-54fe-bbd9-5274b85cb620,2.E.2.d
506182c1-4891-5a1c-b21a-93456b8da05a,2.E.2.f
e5cf7add-7312-52b1-be50-c3e20ec38bf7,2.E.4.b
0274411a-0738-5796-bfd9-5051169edc91,2.E.2.d
5f2278c1-d931-5e5f-9dd0-c5d61c0bff4e,2.E.2.a
8af0e0b0-4bbb-53e1-ba90-e64a1b87819f,2.E.2.d
5ee2109f-3bbd-5402-813f-5804e2e1355b,2.E.12.a
4119af57-65bc-5e38-992e-b31e27fb45e7,2.E.2.a
45ecf6ee-2f94-51a1-9069-81a57f295899,2.E.2.a
bdcbff60-213f-54fb-8e60-70f7f8d96e0f,2.E.5.b
61c53905-2675-52b0-a25e-9de354b1d9fd,2.E.4.b
5bd186be-c6f0-5401-9189-659a31e41949,2.E.2.a
d5db50a2-c8fb-5b68-aae9-d93d1cffc759,2.E.2.a
ba14749b-e7ed-59e8-9653-be340788e32f,2.E.2.b
83996377-72f9-52a4-a52c-8c4434f00b1f,2.E.2.a
c05a0ce0-6dbe-5420-9f79-41559bee12eb,2.E.2.a
04cfb7b8-3359-53fe-aa20-b0d2f888856d,2.E.2.a
a7a48c5b-5888-5913-bd49-4a4307c1bb03,2.E.2.f
a679e790-5e3b-5c75-a2eb-4aaaba619cce,2.E.9.e
26f9fc5a-8647-5ef7-bc21-14a9bf8bf036,2.E.2.a
195f6a04-bd3b-5057-9e24-b85103875883,2.E.2.a
3b24823b-64fb-57a7-b130-400118acee03,2.E.2.b
c747374f-6b28-5a57-8bfe-de1a2b3adc2f,2.E.2.e
534a67bb-302d-5d72-b4f6-7e8bba181699,2.E.6.f
b97a9443-451f-53e7-95d5-fa47da764ea6,2.E.1.c
be376191-a9a3-5da4-8e22-6cb2d32b9c1f,2.E.2.e
58952a00-537c-500b-a574-e66c46041a6e,2.E.2.e
423ed785-956b-5e03-9978-359310cc3abe,2.E.2.e
9b904467-5d3b-5e5d-88e2-5f4b26e92da6,2.E.2.e
5a44eeb9-55c9-5b4e-9a3e-ee1cd457e5f8,2.E.9.e
3cf688e7-f90e-5607-891e-f3d83ccb42ef,2.E.2.e
1e3ac88e-df22-5455-abfa-4d32d61ff08f,2.E.2.e
3649fa9a-fcf5-5bff-8217-b762707510df,2.E.2.e
13b15ade-38e6-52a7-b11f-a5da717a0937,2.E.1.c
d65b0ed2-8ffe-5bec-afc4-698be2d2d4ee,2.E.2.e
a9291f0b-681a-5fa3-a10c-9e5352e28ead,2.E.2.e
83d18c5e-1ffc-5936-a93c-ce09cb82cecf,2.E.2.e
05a8fd0b-ccba-5784-842e-0529c3f95163,2.E.2.e
3f4c3eb9-150b-56ea-83ee-89eafa6c163c,2.E.2.e
685c759e-d8c8-53ed-a0bc-43c82da40eb7,2.E.2.e
62fef74e-d03d-52ca-a595-e198af76e9b8,2.E.2.e
b58512dc-cf6b-577b-abe1-bb3cb2597b99,2.E.2.a
c9f0a37f-f4a9-5abb-a059-3e3b08ea7db0,2.E.2.e
f27816e2-9ff4-55ea-b360-8e53278258ae,2.E.2.e
7888a894-5b5b-559d-917b-e03c6401f927,2.E.2.e
688aa157-bf8e-5490-a473-d01581b04446,2.E.2.e
82346bc8-4f61-5fd2-b305-1797d99ef9cb,2.E.2.e
ff6d5374-4775-5962-a5f9-5939005dea39,2.E.2.b
34e331a8-53ea-50cb-b5b1-f0fda9f54eae,2.E.2.b
081b2667-ab2d-5d1e-81a7-51c0e465b7e6,2.E.2.a
b513ad43-d4e8-5c18-b397-b3c4abd59e8c,2.E.2.b
9a93d483-4b5c-5547-a976-7109ff26a1f3,2.E.2.a
0746c727-516b-592a-9bcc-3820ae9d0a0e,2.E.6.f
855df2ee-8f85-5a23-ba17-69f591ce7234,2.E.2.a
e37b3490-46aa-54dd-b583-b2cda06e8d34,2.E.10.b
fcd72da5-3a22-5c5d-baae-9376d8edcbf3,2.E.6.c
ec60ff31-3495-50e9-afb6-18f8fc1dd42e,2.E.6.f
88806f7b-5c1c-5500-9955-dce260f01c3e,2.E.10.b
fc21b670-0f01-5eba-b68a-0f26002ba679,2.E.4.b
66df256c-6707-528b-8c87-0985cd5aea9e,2.E.6.f
948d872b-3272-5384-b02c-9e2a39882206,2.E.6.e
4e88749f-bef2-5f46-997e-8cdfdc92e459,2.E.6.f
ed5fd029-3bc3-5b66-ad8e-97a7fd2dc60d,2.E.4.i
504e880f-d29b-5fb4-ab73-2078415f55c8,2.E.2.d
8d7c8217-280c-5d9b-94d2-459124291ef6,2.E.2.d
b44bb1b8-d8ed-55cf-a270-3a0c1dd86d92,2.E.4.i
5323bd40-c0d3-5d6c-a079-60b26c086262,2.E.16.c
49060920-d900-538b-9bc0-6c1a41c69b39,2.E.16.a
b58eda8e-1584-5181-97b6-31011be1a628,2.E.6.c
4e09ba09-cbd7-5aa6-96fe-9a74d47ceaad,2.E.6.c
7cb70a9d-7ce6-50b8-ae33-923782cfb77a,2.E.6.c
b7d450e7-3179-5941-b478-a05a1b3fd851,2.E.6.c
96559225-1e28-5d47-b78d-2b79ead95612,2.E.6.c
10de2b92-1843-5237-bb7b-912235016dca,2.E.6.f
88494830-f4f0-5065-95bc-2c911d49e8ad,2.E.15.d
88fc53d9-632f-53ca-a41d-ef69ab825724,2.E.16.c
f8036564-72e4-59f1-bf77-d48aa0cafea8,2.E.6.c
a599d073-4953-547e-a466-9d2b47d62c85,2.E.1.d
2ac48f63-bcb7-5bf1-86de-00e7da6b6b90,2.E.1.a
ae2a465d-3106-54da-8126-845a26230e3b,2.E.6.c
1186dbb9-14d2-599c-916c-488482e1480a,2.E.9.j
0bebabcb-2709-5261-8f24-1346ad22e0f0,2.E.12.c
e877b319-4f25-5321-9d34-9f94527385a3,2.E.12.d
d93c9387-3a5a-568a-96e2-4bd4d5c2cd78,2.E.16.c
93d88066-8207-5c4b-a514-dfe4fb7b8b52,2.E.6.c
be4ca760-d922-5bbe-899f-c9fa7c6ea24d,2.E.12.b
1ca97722-50b8-5656-b1ff-4acf33fe9131,2.E.6.f
84c4d2de-dbe1-5186-81c6-07a46cd824cf,2.E.15.f
2c2586b0-c54d-50da-9deb-776433859204,2.E.6.c
6262d6ac-5412-5c86-b936-945f04a4d078,2.E.16.c
aa2d01bc-414c-5fef-811a-4585cbad3a06,2.E.12.c
8117a1e8-d388-5bf9-bf7d-9d1a194e81e0,2.E.12.c
55e53272-c06e-5a24-a821-7a7e18cfb5ee,2.E.16.g
15e74849-577f-57a2-8cd8-f3ad60ff0959,2.E.9.d
5bc51c18-e431-5c06-97b1-1dbd50dad61f,2.E.15.b
419a9241-dba4-51e9-ae28-b48ef8f26642,2.E.9.i
36c9bd44-a289-5243-9e8a-4b56d7cc2a2b,2.E.6.e
c88047d9-cd18-5c03-b614-4ee4b3dcabf5,2.E.4.h
7908b78b-1f46-5fad-b5db-df7f859765da,2.E.13.a
ec0d4b21-bc15-53c3-96be-30d44b86506f,2.E.4.j
fa3db921-87e9-5634-b425-a06c18539a34,2.E.9.b
2ded485d-be54-5a0e-bf2b-204aec5f37fe,2.E.9.b
0990f938-35fe-5536-84e3-514189d9a98d,2.E.9.b
728f2ec3-c829-583a-904b-02ee15daa43d,2.E.9.b
0eaac81f-7444-59e1-8b68-840fc1e12ec1,2.E.1.e
28341434-2eb4-5faf-8bd8-38335289d0f3,2.E.1.e
e3f3cbea-825d-5321-ad34-f43c90d11d70,2.E.1.e
f9758958-ba1c-5070-b388-7dbcb310f25a,2.E.1.c
df728882-526d-5367-a99f-e66489673eec,2.E.1.e
738a03a4-a434-54b5-80a8-f02c6e73df21,2.E.9.h
b1895178-0f26-57f2-ad51-4472d3ba4222,2.E.9.h
3de3a110-0516-5e48-89c7-d726bc3d0cda,2.E.9.h
9ba6d67c-3645-5148-aad2-2b15123d0c21,2.E.6.h
ce3a0b23-f8f0-5f37-979a-ee507d6821ea,2.E.2.a
b7f936d3-3261-5975-9d67-85a360fe64d3,2.E.2.d
1744bf99-a413-5aad-99ad-f8554815fd42,2.E.2.d
7e252264-564e-55f4-b9bb-674ceea5abcd,2.E.2.d
a03b85ee-9969-5bf6-90ff-39e54fd84d72,2.E.2.d
24fdc5bf-2b98-589d-bc04-94d5c452e37c,2.E.6.c
c365b03d-bb66-59d7-b3c6-6105be5004b8,2.E.4.i
e8bddd50-a1c8-5274-aa98-f1f774d5ae12,2.E.2.d
c01ab691-a225-50db-86b4-37b211382573,2.E.6.f
0f714178-332e-5bfb-ace9-a4f55676e154,2.E.2.b
92213cf0-dfad-5bb7-bf41-08d93d247299,2.E.6.f
ed21daa6-6736-596c-b8ef-a31d929cbeff,2.E.6.f
dfeaca5e-1dcd-5ef3-a19d-eb6dcef12715,2.E.6.c
04d403b8-8103-59af-aab8-9674b16d6cde,2.E.2.d
c63ee212-fedb-5cdb-a87b-9f405cb449b9,2.E.6.f
ac37661a-4b47-5a94-ab42-75c1df434141,2.E.2.b
ff81d92b-5001-50da-8d3b-c5c415942259,2.E.17.a
5e14080a-1ebf-576d-90c7-44bb0a507fe6,2.E.8.b
5e1943ba-c2f1-5100-983e-28ee24e18178,2.E.1.c
5daeb4af-5997-5a12-b1db-c94c9962da26,2.E.1.c
3d416e88-fee0-5adb-9ad3-b8d6b9ed6f3b,2.E.1.c
290df64b-a356-5a0a-9a4d-fcd8edbed06c,2.E.1.c
215a1908-1428-5278-b618-d45a9533f304,2.E.6.f
135308c4-4b1f-5fe7-a128-29987f2f59a0,2.E.6.f
37923d5b-9bce-5ab6-920f-40c0a9772ef2,2.E.6.f
bfac91f6-00b4-5b08-a890-77dc3164b9b8,2.E.4.h
15852e91-aad8-5369-b34e-1be56585697a,2.E.5.b
79c5fba4-ec19-56e7-842c-83d0f671d39d,2.E.6.f
a709f1d9-3d04-5911-85e5-a2bcbab761ab,2.E.9.i
27709b9a-68f1-58c3-a741-96567641f671,2.E.6.f
f960d0c1-bb7f-5c77-92ae-71add2bff203,2.E.6.f
933787c3-387a-5e8c-8429-3f13845064f3,2.E.6.f
ad0340bd-9533-533f-a4bc-6d3fa0738416,2.E.6.f
d5439c77-2490-547e-9c5e-80c9fa63f526,2.E.6.f
e0d19179-b7b8-519b-a0c0-d1cc7a2c3676,2.E.9.j
3539a63c-2c1a-5a67-8951-d76de199b30c,2.E.6.f
5a9ee522-3d31-5ada-aa61-fbc955708058,2.E.4.h
5a0b48c2-3a30-5780-92e5-40b860308569,2.E.6.f
64b09aab-e637-5d92-abac-c53e410cc73b,2.E.6.f
83830251-9c67-522d-84d8-0d13869f9faa,2.E.1.b
008f8cde-0938-5ca9-8428-c3dfde9636f0,2.E.1.f
e4dd09a3-7c8b-5748-84bc-0d5efae2e543,2.E.16.h
9c204d3a-cdc7-5e19-b239-77252a6e67ae,2.E.16.h
72c357c9-8588-5a7e-8171-8dcfb6a1eac0,2.E.6.f
314b70c9-0e94-55cb-9df8-8ad38280dcc7,2.E.1.d
66bc3872-1738-5707-85ea-0b8a7e55dbc6,2.E.1.d
25a029d1-cd85-518c-9391-bd258da45ef7,2.E.1.d
ebaea06e-2d0d-5fe7-aece-ed531f116b36,2.E.9.e
8af36cf3-cec6-5922-800d-346ba5352ea0,2.E.1.d
e1576aa7-2299-53e3-bac2-c1b65b1a8730,2.E.9.g
d348d842-fe22-5079-9076-754574ae5a47,2.E.9.e
3c9e2521-f89e-50d3-88c2-c3ca86dcea8f,2.E.1.d
8928f020-77c3-5299-b808-4d35ba4f9ce7,2.E.1.d
8f282aec-a6cd-5de4-94c2-d3a1f983f985,2.E.1.d
be794992-d748-506a-bf5c-39c8d6889f89,2.E.1.d
320a4f13-51dd-5637-b9d7-7bf81105ed71,2.E.1.d
edb03fbe-fdf1-5a53-8a2d-aed3b0f878d4,2.E.6.f
631340aa-27b0-52cf-94c9-98276c0eb1a6,2.E.6.f
59ddb279-d3f2-5a52-9373-b2d4955e82a9,2.E.1.a
71a9ff6d-7c02-5ee8-a096-d4f731bd6d99,2.E.16.h
2304fe32-456d-590a-ac2d-030440b5b1ea,2.E.9.a
04e2a637-28f2-573e-8ca2-50bd78fc03bd,2.E.6.c
6b82ea63-2022-55ca-9b57-d1ee70a0a11a,2.E.1.i
e5ba2276-30d5-5150-b4d3-e9221aef0cab,2.E.6.c
5e2c7633-035f-5fda-b4cb-d2918a1dd700,2.E.16.h
76ca2b82-9cf3-5706-bc15-6016eacb8567,2.E.6.e
90f9cff5-5d4f-51f8-b201-83c59f28d935,2.E.1.i
f3530376-6d4e-56d8-830c-d8883292b381,2.E.8.d
aa51d45e-f2ea-5db8-a76c-15c2d99bdb85,2.E.9.a
d26a915c-acec-5470-9dab-cdc8a49ddb56,2.E.16.h
938866d9-df52-5ff6-9c92-53095e26b757,2.E.6.f
265d3177-617c-59af-99f9-3b47867fb886,2.E.4.e
7d50307c-f970-5166-9282-4b31fef14438,2.E.6.e
4bfb4e29-90ba-5080-beab-63b327c21c6f,2.E.2.b
563a7baa-abe2-5501-bb6e-1079ad9a2e0b,2.E.2.e
acc5e7c2-ff79-5d3f-90a6-d0d458005cd8,2.E.9.j
4edb6d16-8e96-5e91-abc9-ba1c7c04c549,2.E.1.c
02c2945c-efa6-5d18-a7ce-7008722b1837,2.E.6.f
ddf88186-d068-5f05-875c-593f64f33540,2.E.6.f
90a744c4-c173-5f1b-b717-f04c9d44bfcf,2.E.16.e
e721a455-485f-5570-9060-a5fdac94efc5,2.E.6.f
ac8c520f-f57b-5415-9e80-d9545a41025f,2.E.1.f
6335cfc6-bfb9-5276-b71a-bc62a9a91c5f,2.E.1.g
e52d9867-1ddd-5558-9403-b507f24d980c,2.E.6.f
5b193071-e781-5fb5-9601-3303b450afb9,2.E.4.j
a47ee83e-01ff-5a1d-ab74-90edc0808d95,2.E.1.d
cf90ca3f-6dbe-5584-8fe8-03546345481e,2.E.1.f
7c913725-5117-50c4-8957-866ab06cd2d4,2.E.1.d
32cabf03-1fd8-589e-bf73-9d72cd9b301e,2.E.1.b
0c7f9195-ed8e-5b3a-ac91-82c102c58371,2.E.1.d
c555a116-5ffe-5536-aaa9-36c5ac72cd6b,2.E.1.d
4d1af519-f7c1-5797-8fda-11326bbeca4e,2.E.1.d
5d221952-e906-5249-a669-6745e7cd715c,2.E.1.d
fad2f9ee-1fcf-5f29-8c8a-20bdbeb90e0a,2.E.1.d
c591d5ae-37d0-585d-a3fe-74d67229bcf9,2.E.1.d
cca6e564-7989-5907-ab9f-8b8f11786941,2.E.1.d
ed0cb4ad-2074-520a-9ef9-8027f13e96c2,2.E.1.d
99870857-2c9a-52c3-912d-faf2515a1575,2.E.2.b
3fe6261c-bf50-5985-951b-302861202cae,2.E.1.d
6b9ea448-676a-585d-91e8-cfdc009af16a,2.E.2.b
c4bab649-347f-5f47-bdca-615ecaa55b59,2.E.2.b
900ad5eb-799d-5bef-9965-f3fee8809c26,2.E.9.g
152f6701-1b95-5d00-aa48-140529c4b3e6,2.E.1.f
4b9c421d-b6ec-5f0a-b506-e6f59c581e01,2.E.6.e
7fe60f39-51ea-5925-9065-6e9273713a16,2.E.1.d
803cf082-930e-5584-948a-cbbc74006e3b,2.E.1.d
752851c2-99b7-5847-a10a-3a61f293bc3f,2.E.1.d
592d9c5a-f4cd-59e7-b031-618ac7b887e2,2.E.1.d
83f699ff-e518-5e80-a7fe-cc86cbdb489b,2.E.9.d
b72b47a0-93c6-58f9-b8b5-03bc83d72372,2.E.1.d
93dfddcf-fb17-5fd7-8b2a-2ba5c3faa18f,2.E.1.d
c18fe384-eb10-5f49-aa51-abb21537bdab,2.E.1.d
bac4de36-798e-5450-a775-5a2f5bfc1240,2.E.2.b
7dd02c6c-9a5d-5d2e-b678-24275fb870c3,2.E.9.d
eb608743-765f-534f-8e6b-168e29e6c10e,2.E.2.b
599c6eaa-60d7-58f9-aae0-1e97f11f7ddc,2.E.2.b
ff12784a-43bd-515a-84fb-8937259fa77a,2.E.9.d
116f4cad-92e0-5d1a-a85b-a10ccf17f092,2.E.1.d
df666b98-61bf-5b2d-adb1-9fc1d97053fd,2.E.1.d
a310b4a0-5f88-59c8-aa3f-7a6e2dddbeac,2.E.1.d
3fbaf278-b296-5ba1-8b21-8948522000c0,2.E.1.d
8b114d4e-0c39-549e-9cc6-0335a35a5902,2.E.1.d
da564978-ed9a-534e-bc53-6e473935ca77,2.E.1.d
d63d3301-4cd8-5b23-8d31-7be7619e208d,2.E.1.d
809ab754-080f-5056-ac9f-7a4a763d11c9,2.E.2.b
918fe374-2fde-5925-9a9f-26752b7b1b2c,2.E.2.b
4ee2f8e5-0880-5cb5-b98a-16b07d66417e,2.E.1.c
eb399fbb-bc84-5965-a59b-7e206190e838,2.E.1.d
29314ee9-cfa0-576d-b966-56f353af228e,2.E.1.f
32a35de5-2e5c-5f3a-9070-1ed9fc72dd37,2.E.2.a
76043e93-9e31-53de-9fad-80c7263fb38b,2.E.1.d
bf4e7ba8-9e82-5741-b2eb-a76c78aed7a0,2.E.2.b
2e20f938-f2c5-5365-a2ed-27af5a1d9519,2.E.1.d
c1e67101-f6ee-5c02-8110-245204d9bd21,2.E.2.e
5173f975-9ac4-5e8e-a031-00ca738db108,2.E.4.h
04cdd03b-8103-581f-849d-b19e8d16014e,2.E.2.e
49810688-fa3c-5503-b31f-6f983803a503,2.E.1.d
7aee5e6a-a4c3-5a69-b5ee-6262b9aa8d8f,2.E.1.d
583743c5-99bf-5a0e-aa1e-5c9703d722d4,2.E.1.h
802731a2-b0c5-5289-9612-61da7387393f,2.E.1.d
edcf90ff-f607-501b-a43e-5a24eaf71668,2.E.1.d
f1e1ba1a-21b8-52c1-a847-139b31e9609b,2.E.7.c
d2b8dd6b-afdc-55b6-a507-50a78697c1a3,2.E.1.h
84e86cf4-4394-50ef-83aa-1ded70428059,2.E.4.j
218881ee-b62f-5a74-8fb8-d4c45507b44a,2.E.1.d
9839e09b-4ee2-5638-b7e0-240b2b46c874,2.E.1.d
629146fd-5e12-54d3-8d49-ced7acfb94b7,2.E.2.b
24b61224-8095-51b7-9855-48a523ff57ac,2.E.1.d
ff782b7e-426c-5e90-95c3-74e89d9f38ba,2.E.9.e
afb97cc5-b342-59fa-8da1-b70ac411aa14,2.E.1.d
d01c994c-f795-53a8-9575-107fedecc753,2.E.1.h
a3aa7b78-dc5d-5e94-b79f-7dca3ffa95ac,2.E.6.f
e5c0615b-957f-59a4-8f99-df2e690d3ada,2.E.5.b
f5be9cfd-3a23-5e18-b895-66e9332def1d,2.E.7.c
1173a050-4f4b-529e-97c8-7943545f23c0,2.E.1.d
4b767615-5987-5832-b85f-88b907fc3bbf,2.E.1.d
fac80281-0729-506c-b054-a2ab5c4eec6d,2.E.1.d
b3441a4e-b0e5-5d7c-b0a9-f664422032df,2.E.1.d
7cb7a84e-5b92-5556-af78-a894d47ba3a3,2.E.1.d
375c2b84-6247-5fea-9e69-d403813d6027,2.E.1.d
e55aa7b4-c5e1-5107-871e-787345134c8b,2.E.1.d
c6ff984c-2afe-5bc4-b8de-a83ddfe18f91,2.E.1.d
5c7f4ac8-3986-5dd7-973e-388fae5de67b,2.E.2.b
db52aa1f-8f03-5a08-8e5a-660316e3e3cb,2.E.4.g
8b8435cb-ab45-5c54-9edb-0e92150f35f2,2.E.1.f
2e555b1e-3d9d-5cb8-9f86-3c7a21f5bb08,2.E.6.f
772f6b55-3a49-51fd-ac7e-7ab8433efe23,2.E.4.g
36ea0347-feab-5092-b18f-92e7d2b8892e,2.E.5.b
0062e625-fd67-55f6-a520-1d0c0ef7243a,2.E.4.d
e58738e2-d585-55c3-9465-1938d82b47df,2.E.1.c
eb690bef-0d12-53c6-a964-7539d0686e9e,2.E.6.f
9448b2fc-6843-5353-b8b4-53c7cb0127f8,2.E.2.a
2bc2e7e7-70a7-5b00-a818-7c4c5b1152f3,2.E.2.a
385acb6e-fce6-50d6-8c5b-11b34ad92f9c,2.E.6.f
4f9d9eb0-9d8d-505b-b55a-af1d7e93f1ba,2.E.4.d
8212a5d7-b815-5e84-b215-20334e823c8c,2.E.6.h
532f6c19-4cf8-5092-99bd-398cf9cf3fec,2.E.1.i
0e736daa-074a-5740-b588-86590dd5ee7a,2.E.9.d
0e85a3cb-e207-5263-b920-f02e292b1da1,2.E.6.h
c65e4145-1973-5eca-b065-975b6ffe2f85,2.E.2.f
71260faf-2e3f-5d4e-bb56-0980d23a0f61,2.E.2.a
5081d3c1-2727-5579-9234-850c5461f1b7,2.E.4.d
2fefc168-7833-5c13-b7dd-460713b0af86,2.E.9.i
a53245f0-e7a4-58e2-b381-3a4771d502b5,2.E.4.h
5d09374b-a76b-5e3d-87be-016aebf83346,2.E.9.i
bb79ebee-c73f-536a-a775-8bf130ff5e34,2.E.9.i
49b3ecdc-d127-5b2e-81fa-d9a8d8b367ba,2.E.9.i
f3b47aad-4fcb-54cc-a0f3-b358a9533ae3,2.E.15.d
6fe86dd7-bfb5-5cf4-bb59-da364461768a,2.E.2.b
589fc386-3eb2-5db0-ab7f-abdf5b5a4305,2.E.2.b
ce6271e1-217a-5926-9096-17423b851ec0,2.E.5.b
429301fd-74c2-57e6-ac8e-7d50cd130148,2.E.6.c
4fb4f1f5-3d4b-5a50-be31-87074cc01668,2.E.9.i
8fa0cefc-f572-568e-a6ad-51936c622555,2.E.4.g
e5b948c6-8099-5d7c-9b53-aed677e3ee98,2.E.7.e
9e1d14f8-e84e-528f-95af-16255da8cf82,2.E.15.a
78db5866-fd69-51e6-b887-221ef72c255e,2.E.13.c
1fe73686-a82e-5d36-ab9e-a9482a09a2a4,2.E.4.b
ac8636c3-e225-5a9b-bea1-fffc4a9c40d9,2.E.4.k
ec0ec9a1-4b01-54ee-971c-417f06b8a06f,2.E.4.b
82bd3e07-e099-5f1f-bfac-b701001c3b96,2.E.4.b
b6eb2d67-e8c0-5236-b9dd-fd526e898258,2.E.5.b
3abf6dbf-94c4-57f0-ba3d-c491682fe858,2.E.4.j
e32613df-86de-575d-8d49-9181424bb92f,2.E.4.j
76f4eefd-51d3-5dc6-9640-94bd36051125,2.E.4.c
7693d837-3986-5597-89f2-1bb2eb08db49,2.E.4.k
9c0dd0d9-6714-5e16-b533-378262f898d2,2.E.4.k
fb9bdf89-d898-5049-9975-3fd1aa6a1623,2.E.15.a
891a3635-42e3-54ef-984f-b1f1d34c68f8,2.E.4.b
c2e71cd0-930f-5afd-bb0a-76c54ea0ba76,2.E.4.k
be2e3f53-a3ab-5227-ba94-6ff3098885a8,2.E.6.h
b5b77fcf-a610-5353-b05c-fca7c09b5db7,2.E.4.j
4c640ec8-1b52-508f-9c30-cadf593d820c,2.E.15.a
5baf512f-2b33-5450-add0-435bf2546867,2.E.15.a
0a1d4f41-d7c4-5cd4-b540-ab92696291f1,2.E.4.b
93f81e74-0b45-5b7e-a295-a4b99b462caf,2.E.7.b
1fbe4079-127c-52cb-9709-fc11fd487c19,2.E.4.k
a98d8907-3b7c-5eca-b044-73a2674554aa,2.E.8.c
480e2de0-1bba-5b82-968a-7ba1a717f63c,2.E.15.a
a968f222-e168-5114-ac85-f637b01b7868,2.E.4.b
32f36e9d-4618-5c70-addd-c11147c791ea,2.E.4.b
c038fd00-dcbd-50a6-8c78-fc31bef5d1fd,2.E.6.f
a48f308a-b1fe-5605-b502-3ff8863ffe14,2.E.5.b
b25df472-c816-53b8-9a9e-32d246622d01,2.E.6.f
e3356ff7-b2ad-5ffc-8955-fc6e26c1616d,2.E.1.m
17e972eb-590d-5e78-acaf-b46979e55a6b,2.E.1.e
4721585c-aa75-54a9-827f-b95136c51414,2.E.5.b
4e16b3df-527a-5080-9346-f0fc81fd001a,2.E.11.d
a0aecbd6-818c-57c3-b75c-b9ba4fd4894e,2.E.4.d
a9500f03-cf63-5ddd-b65b-34b659aa63c9,2.E.4.d
badb57f2-d32a-5380-a52d-4722538b6f6b,2.E.4.d
59555792-1b12-5fd2-92d1-f0d2bb610f9f,2.E.9.d
d7ae3077-e6ca-5d6c-86dd-206075a31c02,2.E.2.a
79db2894-5fc0-53a4-abd3-3e77ad7ef320,2.E.1.f
7f8c4cf4-3d3d-5726-bf07-87a8bd8a81cd,2.E.1.f
0d20e6c0-8569-5e1b-ab09-25ac4bb6f9e7,2.E.6.f
8f36930a-0a56-59ef-9374-82f8624e9205,2.E.1.i
e9045eb2-d276-5773-a06c-fc2359954d30,2.E.6.f
533891df-bfd4-5324-807d-fff6e2202126,2.E.6.f
89f5f4db-ce63-5b20-aa16-157a64048d69,2.E.6.f
d1f95574-c481-5d63-b45b-33eecd0fd1f7,2.E.9.d
ea5d5de1-cc40-5c67-b054-26e028f9b4ea,2.E.8.b
62077034-d7b9-5cc0-8f53-ffcc406d8e31,2.E.6.f
f7e7694d-dd84-51aa-a000-c176a10f44b0,2.E.9.d
27c0befe-dd80-52dd-952a-9a4971c546f7,2.E.6.f
66807001-60e0-5be4-baa8-959bd5376f56,2.E.6.f
7a9e30a7-fac3-5a0e-aa8f-7bbc4e24a74c,2.E.2.b
4be8ccce-2f3a-50a8-b5fc-09baabca90cd,2.E.16.e
6b1c5139-a7e2-5e4f-a416-339b832635b6,2.E.6.f
e2c13d30-2f07-5daf-aaa3-a53b547f706b,2.E.6.f
44ab01b8-b083-59e8-b1a2-c9384e8e2815,2.E.6.f
6954a8ff-a116-586c-968b-473504faada1,2.E.6.f
64af5d6b-ba91-5e88-b9af-59a392f5fea5,2.E.6.f
76d94877-5f09-52cb-967c-cb1dd3dc2951,2.E.9.d
ec9f31ce-b5b6-5a8c-9252-dd5600ee1fe3,2.E.8.d
12f07a77-311b-5133-8214-7cc667dce61e,2.E.16.e
54a70f7e-005a-576e-9fb8-2f1cb79297af,2.E.6.f
063be174-ffd1-580a-b19a-4e53c41ddebd,2.E.16.e
79f44d70-b451-5617-8296-a5735231c39e,2.E.16.e
3f2e8f8d-9161-5a8e-9c7c-3a4c314b9669,2.E.9.d
6f4a92ed-713f-560e-b34c-97e35c1dcdad,2.E.16.e
bc4d30be-86cd-5cc7-9129-c89580b4e109,2.E.9.d
7c99bb77-e85b-51af-a1ae-781fab29fd5a,2.E.9.d
b9abd2dc-1f03-59d8-9a3c-18730ab62ca7,2.E.1.f
c8322f16-a6c7-5287-a74e-e5aff4316400,2.E.6.f
7be5f9ad-98d2-5b2e-8498-1fb8b9fa6f0f,2.E.9.d
154fbb14-2ebe-58d7-b9b4-88c383ed25ff,2.E.2.b
bc081ea7-38b3-585b-94b5-262450e47fd8,2.E.6.f
0075807e-e599-56ef-83e3-b950f0564be8,2.E.1.f
89f93681-8180-5f68-8084-61458309a6c7,2.E.1.c
9e448d31-01ec-594d-8ba0-9930f8321bef,2.E.1.f
f915f9ed-37b9-5672-808f-6df9783f2fe5,2.E.4.h
f3109127-57d4-512e-9a6e-a7dba19686b7,2.E.6.f
e34ba751-25c7-5655-a129-7754d53376b1,2.E.8.b
0c908fac-580e-5e6b-9b67-e9cb4d6a633a,2.E.1.e
3d6b3c7e-fcc9-555c-aeb3-3e86917d7552,2.E.1.e
bb20ef2f-5f1c-53ac-b26e-d40e43bf192f,2.E.1.e
f9197b34-c9d6-5325-bf86-68811a004c5a,2.E.9.c
96828940-53ea-5a96-97a8-0829a2ccaec2,2.E.1.e
1bb7e088-b3ea-52cc-a23c-84e7e0f8e60f,2.E.9.d
fce4b6fa-bfa8-56ef-9760-23f70984164e,2.E.9.d
67819c3a-bc44-5b98-92e0-e21621ffa2d5,2.E.9.d
c0538e4d-1c3f-58a4-b726-ff9748db36b4,2.E.1.e
43db1752-96f9-57b3-8669-50be29fb8d04,2.E.6.h
161cbbcc-bad6-567b-96ac-c98f24b93f5f,2.E.4.d
3c6a5d11-2022-5202-8c22-6e2313398eac,2.E.6.f
eed6eecb-b093-5078-9525-6d2afdf812b2,2.E.6.f
7251965f-869f-591f-bc82-91607069d27e,2.E.1.e
4ad8e07a-55ef-5ef7-8d87-942b7b2d20ab,2.E.1.e
a6dd3699-7e71-5fcf-9808-1010d636a52b,2.E.1.e
d315f032-e2d4-515f-ada0-803c51d158e2,2.E.6.f
6b2cd99d-195d-5c04-8762-2361a42cd8fd,2.E.6.f
90377912-49c7-5148-a3d6-7f95e7169e2f,2.E.1.e
135fa3f8-1ecb-571e-8057-532fa9323d37,2.E.1.e
4f57717e-9d84-5c10-9619-a85b2a1469b3,2.E.4.h
cfbfecb6-2ab2-522f-be61-27a39e0a96cd,2.E.6.f
9b338f5e-6559-5938-b42d-656e57c1052e,2.E.1.e
cc10db30-6ad4-5822-90a3-f90342bcd224,2.E.9.c
bf5aa8bd-4508-51fc-b1c8-28357a9451b8,2.E.1.e
d0234ff2-798b-578b-bfb7-0e1442e20a5a,2.E.9.c
e1ff432d-0943-5396-b4f6-f70c27a1f2cd,2.E.9.c
dce1755e-8807-5998-b544-e8cd1d849d9f,2.E.6.h
b64df56f-2a22-56b7-8e67-2e8f4f01efd7,2.E.9.d
6926a107-25a3-5bbb-a895-c80e6dfc219e,2.E.1.e
bb3b2fb6-5f6d-5563-8adc-380466ba9632,2.E.9.d
fc59bbb0-b626-5abf-ab09-936e51891003,2.E.9.d
0a95b4e3-e18d-5d7b-8915-74863f054fe0,2.E.1.e
cb9479e0-c0d4-5021-9000-99f90bb04816,2.E.1.e
17637d7f-20c7-5df8-a1aa-7c1ac3639ebd,2.E.9.d
226151f8-02cf-505a-b4d9-c2277a322cb2,2.E.2.a
25c9e69f-11bf-5169-b62d-70c334c8d8c1,2.E.1.e
83b30b8b-110c-5cf5-98c1-d921bbb17968,2.E.2.a
c1ad22c8-0950-5ab9-af1b-5f64b81ef7b2,2.E.2.e
3ce5a825-f839-5886-a046-a843fc0cad8e,2.E.9.d
37ca7c1d-6806-534b-85ec-05af5c822755,2.E.9.d
7be9e94d-68e3-511c-afad-2ec3dc8ed7a5,2.E.9.d
ec2f9a96-c9f4-56a5-9c5b-9beec14b3c76,2.E.9.b
8f0714de-c218-5b30-a678-779383fdb325,2.E.2.e
8138a1ed-3d33-5c6a-9354-9bfa86082694,2.E.6.f
42b4ac11-4aef-5b72-a1b5-78d8eee0ba16,2.E.1.e
bb367f55-8c65-52c0-9548-602213e39e0c,2.E.1.e
d6b97d03-8631-5037-b643-5414e9cfcc65,2.E.4.j
dd170f87-4743-5ece-a3f6-a52871fdce7c,2.E.2.a
018e14cc-1248-534d-bb0a-90ff9ed7a9ff,2.E.9.d
c030d64a-d57c-5d5b-9f25-a0f0fa4b43ce,2.E.9.d
cae8a25e-999e-506a-bfd2-fb47d74b2ac4,2.E.9.d
4f560163-295d-5529-a97a-ea672c8ef56e,2.E.9.d
1be24773-c133-5c55-b00b-f50335e84c3b,2.E.9.d
de1fe11f-8902-52ee-9ab4-b8928171e7fe,2.E.9.d
e2277f9f-4899-5618-816a-54e931424a5a,2.E.9.d
3251d2b9-66e4-5653-a6c1-eb803a70d571,2.E.6.f
192c13f0-8a86-5a54-bdb3-ddc2d263d8dd,2.E.9.d
4198024a-0f62-522e-bc07-56658be17fa7,2.E.9.c
726ba24e-b095-5d52-ab11-74df154089f5,2.E.6.f
f2512bbc-9704-5aba-bed4-31d0756a3364,2.E.6.f
d8393f93-44ab-5baf-8218-6ec11f481976,2.E.1.p
aba4bfdc-76e6-5b3c-a8ca-f0307f866f0b,2.E.4.d
cb4c1f7f-c54d-5786-a996-d6f1d41126b5,2.E.9.d
e23f0f8f-54a7-5539-949b-5729977fabed,2.E.1.e
cc73e4a0-3eb5-5871-af63-c74077b6f2b6,2.E.1.e
c69b056d-ef87-5256-bcc8-41f19edb73fa,2.E.9.c
9aa31060-cd5d-55f1-b53b-e42ca31ffe19,2.E.6.f
4b7cfe8a-3c52-5dd6-9451-693dae76ae1a,2.E.6.f
78886d9c-9b94-55ec-91f9-4dc44999e152,2.E.9.d
86249e6e-6b2e-5d34-8797-b60a645cd83e,2.E.1.e
495d2fca-1b35-56df-aff5-d36e62f5960b,2.E.9.d
c4513309-6c92-5d66-b3b2-0afe3a19ca51,2.E.2.a
2133ed0f-0e8f-5e93-bb1a-b6c03b61329e,2.E.1.e
26500bf4-dc4b-5f58-8941-b6748893542c,2.E.9.c
0389889e-79fa-57b4-bf6b-da402874d42f,2.E.4.d
af54b0d3-bb3c-5744-9083-10fed27248aa,2.E.9.c
bd0cf5fc-e2ba-543e-b4cb-24a2cde55316,2.E.9.d
339f1988-e83b-5d96-a845-b30912633b91,2.E.9.d
dcd5d7fc-d7f6-573d-96af-d1a5b5878be1,2.E.9.d
ea8296e9-3406-5bde-ac6a-1a2f9378aeeb,2.E.9.d
4f5e9c52-e8cf-5a06-ad04-74b351235240,2.E.9.d
993e8826-abbd-5b83-84d7-a7f1325bbe2d,2.E.9.c
77d0ab63-196d-539c-8b96-5f2cdd886c7c,2.E.9.d
adfbb516-9133-5f96-828f-d42cca5fccbd,2.E.9.c
d3364d73-70bc-56a5-820d-8daeccd244a3,2.E.1.e
ef2c8d78-f61e-59c0-9a7b-074a3233360b,2.E.1.e
fe4e75da-1e6a-5d6b-b519-d3d65926c6b8,2.E.9.d
531d1088-bdc6-53f4-ae0a-f5c4db79f869,2.E.9.c
505d5d6d-4854-5d57-9c76-d59247a2717f,2.E.9.d
e12f181b-bdc5-505c-80b6-1d9538e19cf4,2.E.2.a
7a42496c-1233-5b46-b5ea-7c2ab4dad90e,2.E.9.d
c3fc529d-ff48-5980-af3e-4cb147eb553e,2.E.1.e
c818d7c4-c3a6-5f56-844f-daa041eaa374,2.E.4.i
190c8573-e809-5453-b01d-ab373662b21b,2.E.6.f
63251f01-cbdb-5dd3-87ca-7125f5fe9bd9,2.E.9.d
685d11c0-9914-5a35-a328-13d1b82a3730,2.E.1.e
dd121ff7-cd74-5c10-8a1b-15c74517ea9a,2.E.9.c
7d0e01e4-fdd0-55de-89e1-ddda7e88dbfc,2.E.9.d
36cb5a4e-fd81-574c-9771-d24c383bec9c,2.E.6.f
88568384-540f-533f-8e4b-84d74bf7c757,2.E.1.e
bec8306a-c36c-5eef-b1ce-439734f4d030,2.E.1.e
5ab4035c-0f8a-50aa-8e3c-fb8ba23e9f6a,2.E.1.e
b78a3616-e327-596c-8665-1d116071c91d,2.E.9.c
79177743-0df2-55c2-b338-8c6f4f8ccfb8,2.E.6.f
7dbc9617-b1a0-52bc-bfd9-739adea6313b,2.E.9.c
097a664f-679a-5681-b3df-45d7281757e1,2.E.9.c
fa527d86-a17e-5bdf-8afe-164aac22fb0f,2.E.9.c
e3c7be01-0d98-5a28-9b43-68862d9aa62c,2.E.9.c
aa9045ee-79cf-5054-883f-366a618b4123,2.E.9.c
acd10586-ac97-5c76-a0b6-8cd847d53370,2.E.6.f
e7c17d9c-5246-53fe-8555-58a8835135f8,2.E.9.c
759479d4-20bc-51fd-bb2e-ca81c57213a6,2.E.9.d
525c7f27-844f-51df-82d3-40543481a7a1,2.E.9.d
6ed3d855-ed1d-5c3b-9a0d-8589bf8882ec,2.E.9.d
ec2f9a96-c9f4-56a5-9c5b-9beec14b3c76,2.E.1.e
bcc2ebfe-ce51-55ae-8bfc-591bcf8ddf08,2.E.6.f
ecc1dadc-3502-544e-b319-e06651cce564,2.E.9.d
441db1b2-535d-5f8d-a979-13b1d57001ad,2.E.6.f
16bde921-b610-584c-b288-c98c83e9bf77,2.E.9.c
d91fd0b2-4115-5488-afe6-6b3e4abc583f,2.E.9.k
4741b5f1-a995-531e-8dbb-63ab520a73b8,2.E.9.c
ca6749b3-1d6d-5596-ae7b-11bcf299b7dc,2.E.9.c
d60355e6-e3cc-54fa-96da-cc87726d28b1,2.E.9.c
72ddd7fa-a730-5355-ba33-ceaa58bd899b,2.E.9.k
322f2965-6f8d-54cf-a803-4138a20fcbf5,2.E.9.k
c0d1de2a-a86c-5817-a989-ad6defaa15c9,2.E.9.c
2359d062-094d-51d9-8472-12c9f41b048b,2.E.9.c
296a43dd-c8a2-5cb9-8666-49f23522e0e1,2.E.9.k
7f8f54af-15c3-5c2f-8d49-c3461f5862c1,2.E.9.k
0a0da3cb-e68d-53e1-a9a3-298d3b3f78ef,2.E.9.c
4dcde4ff-8ccb-54b2-9c59-4de213e5bf68,2.E.1.e
12728dcc-6d97-5ca0-9bb8-4380666efb6b,2.E.9.c
8e23cae7-4bea-5ba5-ae68-fe9c79aa483e,2.E.9.e
74521a64-608e-5893-a967-277f09eb8c1e,2.E.4.d
31e35d8c-23b5-5583-b6ed-e842d77044d1,2.E.6.e
7c9428b7-0b88-59f8-996b-b1dd975424f9,2.E.2.b
65a8945d-3375-57a9-8596-06e35aea3ca3,2.E.4.d
74aabd37-a0e8-5346-b2d9-92d2bd204f68,2.E.9.e
58f5acfe-152e-5cb4-8f91-00149e12b8b2,2.E.9.e
844c9705-fe30-532d-9219-4cf2f9e6fdc6,2.E.6.f
a1c13ef3-bdce-56c3-91b5-c07f3a1eb0b3,2.E.4.d
563c0bc4-1640-5cb4-b2a7-d58c456037a5,2.E.1.b
f444cf05-3cbd-55b0-be34-834e8f30dc18,2.E.6.f
746b51c4-5546-5e88-b0a4-842944e75f52,2.E.9.d
a0f676e2-e720-57a3-8d27-e5e6a42990e7,2.E.9.d
365e66e1-b0cd-5f59-899b-06ad549129af,2.E.9.d
1bf7ae2b-2412-5e52-9a36-78f27f1bfe79,2.E.9.d
39c91878-8323-565e-bd24-f60e3a7f79c6,2.E.9.d
9e937df9-0f64-568d-a400-881616201a24,2.E.9.d
3f09e72b-7ea4-529a-9cba-2ea495fbf782,2.E.9.d
fbfcc4cf-6d1a-5824-ab49-8d455b113861,2.E.9.d
c5d95e6b-c19b-5b65-bdf3-de72f916d7d8,2.E.9.d
42325704-de90-567f-a6d2-3fc65051063f,2.E.9.d
bbdda0b4-ff7d-5003-b01a-dabf39ddf263,2.E.9.d
6da00015-c660-570c-9ade-a21860e606f4,2.E.9.d
abcab33c-4a0e-5174-a07b-a5d97c022b64,2.E.9.d
a71e4e4f-e961-5818-86f9-60003822122b,2.E.9.d
2c879e5e-c666-5133-8422-38b044798f2f,2.E.9.d
d420fcce-39e5-539d-b24a-71ab98e00f97,2.E.9.d
05673895-8b4a-5d88-9b4a-a49079972050,2.E.9.c
f19e9241-4056-51f3-9caf-a2e28cb15102,2.E.1.e
5fde448e-d5ae-5ccb-a560-2224c9f87a91,2.E.1.e
e2f2259c-6003-5716-a227-a2ab1acb7149,2.E.9.b
8151d605-7cbd-5a30-9147-5952a08ae534,2.E.4.b
fea5f16e-f4a3-561a-8aff-f42ca98965c7,2.E.4.b
51b13de8-27c3-5bf6-b302-469bdf23e6b3,2.E.1.e
3e5168c0-da53-52bd-88ad-3e3d1c4c7365,2.E.9.c
74122846-3343-565a-8ec7-576ea9d2ebc5,2.E.9.c
55e83411-2bc4-5aab-9c4e-9382c8eb3479,2.E.9.d
70f096a0-c009-5500-abfc-83c04e9c2989,2.E.6.f
977771fc-2789-5f9d-875e-53ac56af3e98,2.E.9.g
84adef97-e8e5-566e-bbca-382187eeeef0,2.E.9.g
a022b6de-af5f-5420-999a-d53464a6a925,2.E.6.f
b7a92687-4d7c-579f-9bb2-b123ef462594,2.E.6.f
effa9623-8c01-5646-95d2-d499038748da,2.E.9.g
10403f98-1cec-5cb5-96d9-d2fcdc374e02,2.E.9.g
3c35fcf2-8076-5d54-85be-2acecba74672,2.E.9.d
bedf1f5d-4ba0-5e79-91a8-21a1ea4c945c,2.E.9.d
aad8918d-7298-5320-86e2-1adb17627917,2.E.9.d
aea9b277-ea56-5277-826c-46a552489a4e,2.E.16.h
724a8f13-9e28-5479-8090-c883d3c17f85,2.E.16.h
bd9e70de-8a11-5e72-ba0e-e40f49dcac0a,2.E.16.h
7e1f1ad3-007f-5ddf-9e8c-ca87d0fb7652,2.E.2.b
355f296b-3fa4-5d08-8525-005a76fd84db,2.E.9.g
0e8adfef-8b6d-5d82-a1bf-908355da2faa,2.E.9.g
0e256eb6-0f39-5c1b-b17c-cc88fda1dca9,2.E.9.b
e9e47589-0d7e-5bff-a7f4-7cdaef69ea3e,2.E.2.e
d1662411-f56a-5c2d-88d1-14267b8b1158,2.E.9.b
e8fc5a90-b3a1-5eaa-ba66-3c6a576eb818,2.E.1.f
0a53d897-2d47-5898-a8ae-92379756951d,2.E.2.b
0d1aa019-23ad-5f5a-83fd-eb03c5bd4882,2.E.11.d
aa9d0068-8aa3-55a7-87e6-45fe6b2a1774,2.E.12.g
f0a25def-0743-531a-a964-dd47479dad2f,2.E.1.f
40c61bf1-5d92-5b98-94e5-7d461c785c8d,2.E.1.e
b50ccffa-83c8-5954-a205-c847f570a558,2.E.6.f
93884a89-5ac3-5415-a8f2-9c445b8e3d10,2.E.1.a
7f5966d1-7065-53e8-a8f0-fc23d0ca80a0,2.E.4.g
5b618057-f324-58b2-99a4-ed70e3530647,2.E.12.m
831c39b3-35ce-5fcc-b613-84230e71fd75,2.E.7.a
d45c0bfc-8192-5b18-9758-95db6c3f4b90,2.E.14.d
91afbc78-4cff-589c-bcbf-9a49d7a47a2f,2.E.9.d
83391717-900a-58d6-bdab-2fbf94505d3c,2.E.16.e
23bbab17-7c69-58e3-9ddb-96633721ea82,2.E.9.b
52e6b50f-9408-510d-9a94-2c0c2706f77f,2.E.9.d
dafc8e14-9820-5fa9-a32b-5fc6d60a3e41,2.E.9.d
e09b64ff-feed-5c8a-8357-225effe5f349,2.E.9.d
bdb58b4d-e7e3-5272-af91-e032e15312ef,2.E.1.i
62685ceb-b548-58d9-ae02-bbeb783039a8,2.E.9.d
95f5d511-d9ef-5e6f-88e5-48dd16926954,2.E.9.d
1b50808b-2ed2-51d9-b350-17b0147ae3dd,2.E.5.b
0ba45f1a-7f6c-5df6-89da-0bc9b3ba4e3d,2.E.9.d
93613edd-af30-5bb4-99f2-e054eb0936ec,2.E.9.d
8a2c161c-a89a-58e6-b313-b35e1eefe58f,2.E.9.d
37c6f5cb-3c7b-50cb-9920-a7e24dccc852,2.E.9.e
3753971c-40d7-5790-91e6-0acffc7cd8a3,2.E.9.d
25880452-8d98-5c35-8bf3-fb5c5e014f63,2.E.9.d
01746c16-45f5-5a61-8a24-dac73d4f80e6,2.E.9.d
2cbd18b4-a9c1-505f-bb28-32003d579e4d,2.E.9.d
6b3d5983-5fb5-5db8-854e-d34ab6a3b9ad,2.E.6.f
e27f8b26-de04-5c1a-85a5-ecb8197a5d2a,2.E.9.d
7aeb992a-23a8-55f5-99a5-c4fb6f7f3ddd,2.E.6.f
0502f820-445b-5915-92e9-d6caeb87609a,2.E.9.d
c5775320-c7d4-5cf0-b43a-efe99394e3c8,2.E.9.c
6f714fd1-0227-5870-b141-40ab58fc5acb,2.E.4.c
cd4781d8-5b99-575a-bb44-56a9cd2cc0d7,2.E.9.b
41b95c13-d5e9-571b-87ec-09cae2066610,2.E.9.d
dd0a7b04-1e77-5395-b8c1-342bbbe9583e,2.E.6.h
fbdb9057-7888-5c08-b56e-f9eb08cb9c2a,2.E.2.a
9bd50abf-1fa8-5256-8dfa-2096f583b950,2.E.9.d
88cd5020-b040-5c51-a479-ce5d55324378,2.E.9.b
d0bdd766-2b32-5807-a72e-5c9cdc429b91,2.E.9.b
60c7a280-3ed1-5c84-8478-800017eaa81b,2.E.6.f
0f12cfc8-9141-5ead-8e66-fb93d915541d,2.E.6.f
72e1d8b7-0e52-5471-b685-3326fc9ab0bd,2.E.1.f
7cb6abf6-9e3c-54b4-aefc-58b8338f28d2,2.E.6.h
61213d1e-285c-5474-8836-4006c6938a05,2.E.2.b
2662f782-ef54-529c-af19-b3be03a640ef,2.E.9.j
b146ac6b-a551-5cea-8b1a-455356fd148f,2.E.6.f
e5c1f0cd-621e-5d25-8a69-4ae10ac65338,2.E.9.d
005adcd3-27cb-55be-88bc-d51c01e9e276,2.E.9.d
99cfc41b-e6e6-5d74-8903-256687e99c89,2.E.6.f
5521eb9f-3d7b-5591-b8ad-513f102e537b,2.E.1.f
6e60127f-cc8e-5c31-8439-2d6acff36346,2.E.9.d
f1e62db4-2009-5b71-956b-963c2019f052,2.E.9.d
ee54d600-184a-5a6c-8f93-630863e58011,2.E.9.b
e043ccb6-e6ad-5e40-97c3-01d0cb8155c4,2.E.9.b
d89fa68c-a913-5244-b460-9bb8b8743192,2.E.9.d
01f543e1-a34f-590f-beaf-b76e35319908,2.E.9.d
4075cdef-7ade-5d04-b82d-c1c00c33a6cc,2.E.6.e
914b2732-bb42-54b2-b71c-513f87e3b0bc,2.E.9.d
c1c41ce0-56b9-5ace-acc4-e9d193d350bf,2.E.9.b
14403fa0-f413-5c1d-bcdc-c9eb156d592d,2.E.2.f
ea6fcf08-5f71-5748-a159-069e54430d46,2.E.9.b
488f7317-3091-58ee-ab39-e60a3c5463e4,2.E.9.d
7dbfab9a-ea99-57f2-9211-2626ef0efa3a,2.E.6.h
9471e05d-53e0-5fea-a64f-c1df0bceeb5d,2.E.9.b
ecaceeba-3b6d-55f1-b056-8e15a907f9fc,2.E.9.b
b0afe8b9-8117-5813-a975-9ee0a0c52e4c,2.E.9.d
3a038535-5a23-55b6-b761-ad3508c6f8ed,2.E.6.f
a05c769f-6d66-5810-a105-e2cab5496eef,2.E.9.d
3e66cd87-8b35-5e91-a0d5-742de796a0c7,2.E.9.d
c7691f68-1417-55ed-836c-257879cdef8e,2.E.9.b
2e4cdd9f-81ef-5263-9ebf-9e8f05016d8b,2.E.6.f
cc4590a9-aa3f-5eb0-9589-939cca025efb,2.E.6.f
e8822da6-ecfc-5504-8e28-f18ffb115bca,2.E.1.f
accf0ac0-df35-59a4-93d5-82ea361094a9,2.E.2.a
72c8962e-1b96-5944-8f54-5c9cdc282b2f,2.E.6.f
ff73571b-9647-59a5-afad-8d4524452e5e,2.E.9.d
24f23b64-1dd4-584c-bbeb-d5e2f9de9f5f,2.E.9.d
24d37008-3b25-5320-ad74-ea74d1e0b870,2.E.9.d
3ab5fcad-dd8f-5954-8999-c09a19a8e677,2.E.9.d
66e3bc97-b6da-5717-a01c-d16752f9ee61,2.E.6.f
3be2a073-1a99-57f3-9006-2c2db326bde8,2.E.6.f
345d1a2f-84d9-57ce-a576-f0cc182b8ade,2.E.9.j
27fecdc4-5b85-5ff2-8f20-a1dbd33b0b48,2.E.9.j
b50eb2a6-fa88-559c-8b51-5871615bd50a,2.E.6.f
53d4fd25-8662-55c4-9a75-0e3750b455cf,2.E.6.f
4e133100-341c-5e24-8430-22eeadc0d18d,2.E.9.d
2771b575-492b-51d5-af49-86f140d05b09,2.E.6.f
376624dd-44a3-5e0c-a07a-5c60c795cf67,2.E.6.f
c9d6c529-b6f8-5663-8900-7560251071fd,2.E.9.d
d132a2f7-300b-5d32-9483-cb9e735e758e,2.E.6.f
6b1dbcc9-51da-577b-8813-e19d1c77d47d,2.E.6.f
0331f1ae-8d4c-517e-9911-bb8c4e35c190,2.E.6.f
e3a6ed15-65eb-5c24-b9d2-a0ba26b76dfa,2.E.9.j
415eac49-5d9a-5bf5-8ad2-d3d6a2998b04,2.E.6.f
74ae8733-c4c1-58de-b9ec-6cda0468a4f3,2.E.9.d
e2bd9f6a-9a7f-577d-a43e-e9b450cf2ba6,2.E.9.g
aaa0134a-1d31-583b-86d7-032e77d372d8,2.E.9.g
5876182a-16bf-5e90-be48-d4ac8d095f51,2.E.9.b
1470f8c3-503c-5294-bd4b-7a1b9cb02f99,2.E.9.g
20297457-4cd8-5b9b-9c47-1a2c85e993fd,2.E.9.b
bf116dd2-bbcc-5e57-b1be-90589e8314ec,2.E.9.g
994bfcaf-29f5-53a8-82b2-81aa38e99c67,2.E.9.c
4b7d17e9-774d-5a6b-96ef-d5ede000afe8,2.E.9.b
bab58824-01d0-5b41-9852-39aa3c240304,2.E.9.b
8eafa8d6-f5f8-593c-9be4-4ff15a3890be,2.E.9.b
549b8efc-2ec0-5072-b4bf-e1a74f3acc28,2.E.9.g
4a497b34-70f6-53ce-90f9-ba4356acc683,2.E.6.f
92feb869-0537-5cc3-ae6a-4c8b99b6ec34,2.E.6.f
00891c72-c662-560a-93fb-dc4e9e59f27b,2.E.6.f
e64a16c5-0f7a-548a-8f3f-575f1e12f1d0,2.E.6.f
449ed738-b8fd-5ff8-aec1-f8780251944d,2.E.9.g
b7fa6c15-e318-5fc2-afef-e510ccfdc3cf,2.E.9.k
d832c8aa-b919-5556-924a-3d0304a7eb25,2.E.9.g
3b864582-a3d0-5eaa-9421-4212eae4c332,2.E.6.f
4d07dbfe-8648-590a-b719-4f7ad8d8e6bf,2.E.2.e
1cc9c1b0-5142-58be-a279-c54c6db48ad7,2.E.9.b
ba36233f-4a41-5a6e-a475-de28a84a7210,2.E.14.d
7f700b92-d704-507c-b21a-017c65c1e713,2.E.2.b
6a40daa0-68ce-58c5-a1c9-bae007aa3c39,2.E.9.i
c2302a02-7e7b-544c-96cf-d7ea54f98eba,2.E.9.d
0434b10f-c162-547c-be2f-90fc73eeb684,2.E.9.d
30770566-c0e1-522e-b8d0-f78fb68c10b5,2.E.9.d
7ead4ad0-f400-57fe-a5cd-ec73ecfa7d69,2.E.9.d
96f23911-1bc8-5791-b22e-3c3e92bbf5d5,2.E.9.d
af7dc248-1165-5e46-b70e-64b3eee6e71a,2.E.9.d
d8131900-bec2-56ef-a677-9896a12bf5f1,2.E.9.d
1ccd686b-bcef-5d74-ac26-fbbb98ae1b85,2.E.9.d
128162c3-033d-5c8f-af0e-76ee32a0312d,2.E.9.d
ef678add-59ba-599a-a748-bf57da21aac9,2.E.9.d
4fb9d1a8-2778-5296-8b5e-71a7e1c19dc6,2.E.1.e
aefc0407-c84e-5d7d-acf8-76b90ca6ac16,2.E.2.a
6b1dbcc9-51da-577b-8813-e19d1c77d47d,2.E.1.e
40f608ab-a730-53c4-ae82-7fef4df5e54f,2.E.6.f
8477e708-867e-5021-9d71-4d57c9bce784,2.E.9.g
9a32aa8b-050a-5800-93d2-3359903eb94b,2.E.9.g
7c496140-47a0-5a3b-9c80-eb84386013c3,2.E.9.g
8c508a8b-da0a-5cb8-b70d-9df6a09eec52,2.E.6.f
d741be8b-573a-5acb-b09a-77adc30c4274,2.E.6.f
655671fc-20ed-546e-8618-06f0dccebd66,2.E.9.d
0f505b94-5431-5247-80d4-f43eb105ba4a,2.E.6.f
53f1a88c-ae1d-5459-83f8-c46a985212f5,2.E.6.f
f64f625e-2b2d-5c8a-a736-18f4be680124,2.E.6.f
32e76cda-ffee-5c0a-9079-276c7bec5a78,2.E.1.f
d237197b-9d7e-5672-b1fd-a070f3afed6a,2.E.9.d
baea0614-f5b6-586b-8463-8d5f138d9beb,2.E.9.d
fdfbf8bf-7425-5d5e-be77-cf99c426bfd5,2.E.9.d
5e6438d0-b256-5142-8fa8-67dfa2d727a2,2.E.9.d
62bd2947-d468-5fb0-a827-af0585dfd074,2.E.2.b
35af44aa-b6f9-5b5e-9c54-7b3d8d6ee4cf,2.E.2.b
a7480367-5178-55c3-be93-774588c3d1ad,2.E.2.b
535296fb-2f77-51db-9be9-cfa7b97ec429,2.E.1.c
9c89b75c-c08f-5586-97cd-430f85381196,2.E.2.b
8e0afb72-ea73-597c-bd57-575c0fcd5e5b,2.E.1.d
5521eb9f-3d7b-5591-b8ad-513f102e537b,2.E.1.d
d7b2f9cd-92a6-5ef0-bb0f-8c40e003e464,2.E.2.b
15db92b4-2e88-5bc0-b13c-f615b3b8ad78,2.E.6.f
3307bab1-1e99-5b2a-a34e-aab77fdf66fb,2.E.1.d
51e69b85-ab84-5fb3-8256-8a2c4bd84191,2.E.2.b
473ff502-bd47-57a7-9d75-aa8b97b2c7fc,2.E.2.b
5722536c-1304-5c5b-8148-6953937eecea,2.E.9.g
4ce5fb72-1cf9-52be-8b62-b21d164b956d,2.E.4.b
c26437d4-232d-53f1-ba75-dc435fb1ba88,2.E.9.d
14a1a5f2-2b7b-543d-ba69-aef9e1916836,2.E.9.g
798edca6-f6c2-588a-a949-4450d7911960,2.E.9.g
f4e5eeb1-e4d0-5fa9-8ec4-18f5bd0c64fb,2.E.12.j
70057096-aa01-58ba-8441-8e4e5c883371,2.E.6.f
b4f99832-ffed-5a8c-ae51-1dafec1477b8,2.E.9.j
81df252e-5819-5ae7-8b10-ca28ab2e4a97,2.E.2.b
b19ca103-2e84-5e08-a204-9d0bcde4a70e,2.E.6.f
eee3d88a-4347-5edf-8d32-4d3cb391b25a,2.E.6.f
a11fa803-4c7f-531e-8554-38f307cbbfb9,2.E.9.d
4c2ae3b5-04bd-5ebd-9684-2afbecdaa63c,2.E.2.b
fe009828-9100-576e-b95e-8ccc86441e33,2.E.2.b
08737c90-f3d6-57ea-a864-f54ce8b8cf78,2.E.2.b
e19eda3f-1454-56e6-9777-5a00c2246d38,2.E.9.d
337af073-12ee-5d6d-8524-cfa721375e9a,2.E.2.b
ebfc4e4e-f6ea-5685-8e8a-4be225b11670,2.E.1.f
1c1d3fdc-0062-5543-86e0-a826df239298,2.E.2.b
54beb0a7-aae7-5547-afa4-ecd80622f36e,2.E.1.f
2ab6ce07-c81b-5e03-b438-925716ce7059,2.E.9.j
142db723-5417-5ca7-bced-2aa0560da023,2.E.2.a
c74bead6-4beb-58fa-8202-2cfcb383db98,2.E.1.f
ccca7194-dc7f-57ba-a3f4-c0ea73581100,2.E.2.b
0241d44f-c727-519b-ab30-4a87c47f35d4,2.E.1.f
af6479a4-8797-5089-8836-f8643d5ed59f,2.E.2.b
5f6e7320-bd1f-5433-a4d4-a3d81992314b,2.E.1.f
13151dd7-3258-55e9-9332-0d158ecbe7ce,2.E.1.f
690bc0b2-bd81-520e-b932-8feee941101d,2.E.2.b
206eb05a-63d3-5c4d-b5aa-c8c1403d9565,2.E.9.g
bd592bc0-b389-5c93-bf0a-7020ce1bfa1b,2.E.9.k
7ec60b44-144d-5c04-aef9-98a889e063dc,2.E.1.f
cb894a25-f00a-5247-88d4-1a8876692b8c,2.E.9.g
95c4ef91-6c42-53f8-83f3-47860ca892e7,2.E.9.g
49e6cab3-f236-5161-87d5-639c64c2ee86,2.E.9.g
495856c7-6283-5bac-8588-de3c4ff03676,2.E.7.e
9a7189d2-45a0-54c7-ab6b-6932c1f41d49,2.E.9.g
c61f64a8-817e-53c0-8b9b-73bae9d5e9e3,2.E.9.d
594ed848-7886-50be-956d-ddcb833ae10c,2.E.9.k
4b95dda2-70ce-51ac-a960-dca929bacd5f,2.E.9.c
415913ba-cbfb-5589-aa23-3e4f7c0626e3,2.E.1.d
3d98c317-da4b-5ef0-ac16-5fb30d1010dd,2.E.9.c
d3826a32-db96-5240-a289-6ffd9abc832e,2.E.9.m
6f9eb0cd-9685-5333-b7c4-835a466f70dc,2.E.9.c
55c20e77-ff98-5499-a96f-e9197ec0018c,2.E.9.d
b351e5f2-4c1c-5bfe-9a0d-7646a2148f92,2.E.9.k
95c4ef91-6c42-53f8-83f3-47860ca892e7,2.E.9.k
d6326f12-8452-59b6-bbd8-bc1df7a16439,2.E.9.d
0ed3d7d4-b27c-51b0-8179-9ae62f8e2afe,2.E.9.k
66816446-0d1e-540d-852d-c77131a514e5,2.E.9.k
dca50019-a340-593a-8539-d4e3e12213f0,2.E.1.o
c8e245ac-0dfb-5df8-8f89-e6f2c045e579,2.E.9.k
472a62b4-c018-5593-90e4-2f41f72f196b,2.E.9.k
c833fbd2-2672-58f6-a980-13db81ab546b,2.E.2.b
ba690aef-dae7-5359-9280-e2897efd5fa1,2.E.9.c
6d7928c5-83a4-51c8-9988-787631989840,2.E.9.d
10ebe99e-2bf8-5605-8197-9a3e7d294da4,2.E.9.k
93fdce80-8e90-5ae0-9f11-15e0cee2da7a,2.E.9.c
9e578785-7621-528c-bb3d-c468c24b004a,2.E.9.c
8ee3ee82-c55f-5032-b1be-828cbde8e68f,2.E.9.g
2cbe670c-935a-5632-84b5-c248b257d539,2.E.6.f
0f9cf3e5-0f30-561e-b819-77a5e66094b2,2.E.1.f
85d81c31-13a7-5661-9e00-7a9085ecd1c7,2.E.9.g
82fde2f1-2067-5c26-b817-df5d24e8ff9c,2.E.9.k
504f0b7c-788c-50f3-abba-2cb208931afd,2.E.9.c
cad84396-80f4-5935-91a1-efd0db275bb9,2.E.9.d
29afcca1-6463-5401-aba1-d0fe186b38fe,2.E.9.k
c01ed85a-36bf-53e2-bd4a-fa94f6a0faa9,2.E.9.k
88ddb670-1bf5-5a1c-b99d-254a3128d84c,2.E.9.k
453b0a6c-71a6-5dfe-83f2-eb147c61d756,2.E.9.c
ab87f3f2-70e6-5179-8312-27add375e895,2.E.9.c
f64b4ace-4571-53b9-89d4-2b07833481d9,2.E.9.k
faaa4aad-5686-5e1c-b16b-d36f75a97ce4,2.E.1.d
e5c60abf-76cb-5864-baba-08321a7e2078,2.E.9.c
93c941c3-c48e-5021-99ae-b889413a7587,2.E.9.c
11d107b3-16ec-52f1-b473-fb6fa0e7c521,2.E.9.c
0ac5077f-ebce-5597-ab20-72f277304ba9,2.E.9.k
98b4333e-51c0-5794-af2c-7a2026007c6f,2.E.9.k
2d245904-a845-5bb1-bd75-1b3a2a15ae61,2.E.1.f
4259fdf9-7a17-58c9-ada4-7bd1ed65a432,2.E.9.c
dff1ea7f-d841-58c2-9485-86d1d3080fbe,2.E.9.c
27d6b607-2641-5c1f-a402-138144039e27,2.E.9.c
e01ef97c-ab2a-5214-9620-664bfebe777e,2.E.9.c
3208ca2e-f7ce-57b2-b636-fa7b6df18e7b,2.E.9.k
81677ebd-6532-5aad-a5c3-e3937f7b7fef,2.E.9.c
04de57c3-fd3c-5399-ac51-aeb41cd97b04,2.E.9.c
95ab7ac5-564e-5e6c-83d7-52a1704ad803,2.E.9.d
bf5fa3df-da98-5afa-886e-25f4f68bad58,2.E.4.h
2f71a542-786b-544e-9f59-1412b8d0701c,2.E.9.d
3fc1c915-ec8a-53c4-af86-599eb79aeae5,2.E.9.g
33385ec9-9084-53f9-8967-332cd07e9877,2.E.1.o
25bd6068-547c-58a5-b6ec-7418807f50aa,2.E.9.k
212ce101-9937-5e42-b25f-f9bf76962ddc,2.E.6.f
759dc03d-5e51-56ba-adf9-d27b98d9cac1,2.E.4.k
66d22548-6617-52d5-8fcf-e70d8d54d06f,2.E.5.b
adc5bd33-a066-5768-aa1f-b2a1e5fe0759,2.E.4.j
47b5e041-d8ac-5cef-9b2a-0859ac344b9a,2.E.4.b
239fd3c3-1b7c-5183-b510-d19551b284a5,2.E.11.d
24987526-da1a-56fd-acd1-b552a7306189,2.E.9.g
c9e7eae0-2739-5e2b-b340-de823a5becd4,2.E.5.b
f2c12050-9adf-545a-aa5d-70d2b8a24975,2.E.2.b
d6b27243-dfa8-5ed0-98f2-76012418abbb,2.E.2.b
8ef4ecbc-d981-55a4-8cb8-93c268660469,2.E.4.k
7032a9f7-d917-5dc1-a65c-e478c7281709,2.E.4.h
df4d6d01-00eb-5b21-8f8f-804b3a7cb0ae,2.E.1.e
adea77e5-4d71-5a68-a123-008002207d3b,2.E.6.f
e3ba667e-1cc4-583f-8189-cdf0f5c60519,2.E.6.f
662f7a23-719c-579a-91f4-c6472fa2bbb8,2.E.5.b
91279434-73c8-53be-a127-2d42a6871b45,2.E.2.d
80b787d5-9980-57b3-ae91-bae9a1da1365,2.E.9.h
549bc11a-0435-5e24-b660-6a8f448307ae,2.E.1.h
b60ac261-6daf-5fc8-a83a-6f284db038a7,2.E.2.a
ce1f5720-78e9-5b0b-8ec2-a9b2b1709310,2.E.2.b
eeb7648c-0312-5923-9abc-2eceee46a258,2.E.9.j
4fc711e5-c112-597d-95d0-6cd0d56abee5,2.E.9.j
e76366e5-6f3e-51c4-951d-5addf67b785f,2.E.9.j
0c4868eb-f260-5c6a-9b77-a55606b813b6,2.E.9.j
6e4a9739-156b-5d3c-b491-0251c6ea4fc2,2.E.4.j
59bf5bd7-dc0c-5342-9000-1da2aacf5d66,2.E.9.c
729264a5-106c-5f9a-9d7e-fceb93a5d6cf,2.E.9.j
df892796-f87d-542b-86ac-7bd5cfbb8e8f,2.E.9.c
68ea2915-3f17-5217-b2e8-6e1f49a041cb,2.E.6.c
dae36540-21fd-51a3-83cd-258b8db45318,2.E.9.g
7dae649f-9045-526f-85cc-dec2026eb056,2.E.6.d
f5714285-b465-5818-a342-31bab827b32c,2.E.9.g
2dc1dd9f-6860-5671-81c1-5db274e32cda,2.E.9.c
53120fe3-ef31-521f-8b3f-92d7d424dd85,2.E.9.c
c38cc3fb-4525-51a8-871a-e5b29b037e4b,2.E.1.p
4aac061c-a7b8-5c80-a79b-0cb587668332,2.E.1.e
58251d84-4d64-5382-a8aa-591f97d51d46,2.E.6.f
6e49b6e7-babd-55a8-a7cd-edb958a8a728,2.E.6.f
155a5cfd-a8b7-5e5a-9114-00f9f1b498a2,2.E.9.g
6d299d07-a3da-550c-aac7-260b8e58e7ed,2.E.6.f
d5eb3821-e6db-5491-8d1d-306c2f1e5162,2.E.9.g
9dac419e-36cd-54be-af42-3d28e547390e,2.E.9.g
10fe95f6-fb41-55a4-9cb1-a4c606556a77,2.E.9.g
bc316d24-c577-53a7-a4d3-e3bc347b29cc,2.E.9.g
e680a545-7a25-5457-bcde-fba63267c939,2.E.9.g
4af227d7-872e-5d6a-a835-aaf9af388c4b,2.E.9.g
9f8ba988-08d2-58e5-b751-8fd88422b5a9,2.E.9.g
a7766be2-2d67-5af5-bad2-d2b125e40154,2.E.9.g
eba6950b-df1f-5b26-96dd-809cbc1371f6,2.E.9.g
46bcba39-0b97-5b49-810b-19f61ac1c3fd,2.E.9.g
5a47833f-878f-5fca-b680-3f5a297e3850,2.E.9.g
04eb3571-8abc-5306-afe2-b78e37a528f8,2.E.9.g
9944d47a-d119-5b71-915b-e26643b82407,2.E.9.g
c19582b1-309d-56f0-ab32-064888f428cb,2.E.9.g
97eb6986-8a32-55cd-8cd6-5979ccd26a8b,2.E.9.g
f0e68934-343e-5e20-801a-4ae645cfcf79,2.E.9.g
ffd0ccc0-0d94-52d4-bfa9-cbba626b79dc,2.E.9.g
46db5b53-cfff-54ff-bf1b-8cfcc2ae28b6,2.E.9.g
d440f31c-e39b-5990-b7f0-9c41f35038c0,2.E.9.g
f0214cd8-80d3-53ad-8079-bb536d1ceab5,2.E.9.g
c2b9a871-b390-5a47-9b4d-da2f418f852d,2.E.9.g
9675e37d-e94a-530a-ad56-25ef759b7322,2.E.9.g
90e07f80-29a7-5578-9de0-f4423e631899,2.E.9.g
96647544-2f08-5bbf-871b-fec63118b4b9,2.E.9.g
c3c6ca55-1ee3-55e1-906e-03a2a8431bbc,2.E.9.g
a060147d-3b67-5e51-8295-415ce7bef505,2.E.9.g
17a7593c-30fb-53f8-b0a5-1f8e562e027d,2.E.9.g
f363236f-2706-5319-a88e-aeb756e5aaaf,2.E.9.g
2e32f114-f62c-5cae-836c-0ddd4fe2a183,2.E.9.g
2c546799-61d4-5111-9a30-cdc9c737c114,2.E.9.g
4ee71d3f-ae28-5076-b35c-e4b6ad157abf,2.E.9.d
1005f8dd-174c-5693-b7a1-5c1b073d47c4,2.E.9.b
0a0ef9c3-e90d-5d80-bcd1-d14cf0b1fdf7,2.E.9.g
7655dae1-451f-535e-9206-d3973d958fbd,2.E.9.g
e54637e7-fe63-5c58-bab4-464bf02805f7,2.E.14.b
fcf6f424-29b1-5c5f-9030-d6357f5c0588,2.E.6.f
3d93b6cf-3016-5e1f-a517-a0b1c0928bb5,2.E.6.f
5d1227d1-984c-52dc-9f01-72151a978d6c,2.E.9.g
936dc7bb-0326-5415-af91-305b22d00fb6,2.E.1.d
50f34542-9431-58c4-999b-e4b6ba3db664,2.E.9.g
f5c6d9fd-2066-5314-ab47-a866de85881f,2.E.9.k
88f5ffe6-3c03-556a-8f3f-437f81b35605,2.E.9.g
558b889d-1c50-584c-a4da-aa2868c3e240,2.E.9.g
774f57b1-405e-5453-adb3-89c7cd3e8a3e,2.E.1.h
2065a99c-8237-5bbf-8c20-b10c4400400f,2.E.4.j
ada5f9d6-066b-543f-b033-de94bd797b88,2.E.9.c
8348bf4a-e335-53e3-ad2e-d993efc64dea,2.E.9.g
db817d0e-d0dc-50b7-8e6c-524b76c9b479,2.E.9.d
914505ba-2b10-5d94-aaf6-8b74627bf035,2.E.9.g
2d27ffbe-e869-594d-a9e8-4484ff92416b,2.E.9.g
a6bac6fd-82e6-58c6-b5c2-d7387cd4188f,2.E.9.c
c75b1ac2-96d7-5a84-8d5a-833f970ebe10,2.E.9.j
bc5bfa32-2d94-5f25-b94a-d2026e5a989d,2.E.9.c
819f745e-517d-5d3b-822a-fba5783e7dc8,2.E.6.f
8ae6ca27-010e-5e7a-b4e1-c47995f5f6e0,2.E.2.a
00703d83-d9d9-5609-960b-36e25d7b2f33,2.E.6.f
9e74c58c-ac03-5c96-83a7-923c1d742690,2.E.9.c
06e5f47c-6fc4-5738-a590-24012541575c,2.E.9.c
5b833da6-24a4-529c-85fe-7b233493d41f,2.E.9.d
8dd0fd96-8353-5477-86c8-b358812dab2d,2.E.9.c
340517d7-231d-5e5b-b4d6-527f286de851,2.E.9.k
2ffb2762-f2a4-5b52-bf94-c0adee8d2621,2.E.6.f
a7d32085-7b7c-56ce-853b-705a0ca569d2,2.E.6.f
f6e9944d-e29a-5e3d-9506-0ae8e335c35b,2.E.6.f
f0aa8873-c4f5-5343-85d2-1275cee1b9ef,2.E.6.f
320681a0-c8b7-586a-a58d-2da1efd8b715,2.E.6.f
8fc08879-57bd-511e-8036-565ca915e802,2.E.6.f
a6aa1360-db5c-5a97-a66f-28180d906669,2.E.4.d
c8f9ef08-4936-53b9-b068-8e4f1ccc0db4,2.E.9.i
d0541f9e-7531-5d24-b3cd-ffea95d4c34b,2.E.9.k
887c22c0-4e04-581c-90ad-4f86c0710f69,2.E.9.c
cae8b014-d6d5-5234-a8dc-abeef454424b,2.E.9.c
caab9d4d-2626-5f3e-8832-bf2519be7cc5,2.E.9.g
2e184c46-ed7a-549a-aa72-9fb77f62e4ff,2.E.2.e
db43a77b-26f4-5bc3-ab95-96d7a44e7f53,2.E.9.g
28a79a75-5d59-5acc-af35-22ff25bfad98,2.E.9.g
f4e2e15c-636c-5e3c-b7e0-2376b31a351c,2.E.7.b
f2fd57e2-1388-5736-ac20-b9dc31ac89ec,2.E.9.d
34093f2c-e04c-52f3-ae0b-d0f620781f37,2.E.4.b
664bd4ac-0890-5a97-b689-a5f1069a35a4,2.E.4.b
57c69b6d-8734-56ac-bade-23b3229b2225,2.E.4.b
ba2509ed-8d1a-506e-85d7-4592f9c6d306,2.E.4.b
0a9fb8bf-b0df-5ec0-9fd6-67d1055c24be,2.E.9.k
351aa738-a221-5803-9fb4-3b0652df705e,2.E.9.k
cf8324b7-5067-5907-9a65-87db19b21ccb,2.E.9.k
f7cfc1f5-a140-5928-8755-78eda6351dd2,2.E.9.k
ac67b4e4-c919-50db-a257-cc42808be55e,2.E.9.k
e3bb66e5-ca99-52b8-9a86-b254926c963b,2.E.9.k
a4e3ec97-f283-52a9-9e35-42dfecff3050,2.E.9.k
b5f25aa2-8e46-5504-9f46-88df04de6aff,2.E.9.k
84be6b78-cf72-58f3-947d-f1ca7dd8146b,2.E.9.k
245c9252-a369-5978-b19b-c69704bb7c06,2.E.9.k
b7df27eb-4f86-519e-af11-010adb24605b,2.E.9.k
6f128172-386a-5aba-8e4e-fb27dd864041,2.E.9.c
293030b4-13a9-5ba9-8b93-8966daf1c242,2.E.9.k
95924340-7423-5555-b9fc-65ec84303f4a,2.E.9.k
fdfb603f-4f06-5196-8a8e-b44a41ac1fcf,2.E.9.k
c61f64a8-817e-53c0-8b9b-73bae9d5e9e3,2.E.9.k
c3adb1c5-04c3-5f27-b1c1-63e7d48ea59e,2.E.6.h
902b8517-fb10-5c18-a2bc-b4fbb517b1b3,2.E.9.k
0d7ea8c3-0fb7-52be-85ee-7fb90b90c4a0,2.E.9.k
37870169-1114-5c6b-860e-411c6a034844,2.E.9.k
00bc60ca-d117-53f5-b4ad-372d99d8b663,2.E.9.k
9f3611f1-2555-5de2-844e-69fa733bd200,2.E.9.k
4b95dda2-70ce-51ac-a960-dca929bacd5f,2.E.9.k
adc62042-4c86-534d-8ebf-842f2c9365b7,2.E.9.k
d3826a32-db96-5240-a289-6ffd9abc832e,2.E.9.k
2771b169-41d6-5393-b369-e622cd9e863a,2.E.9.g
7ce822a3-b5c0-536f-8902-1bae2be52a37,2.E.9.k
114be514-37db-51e2-bba3-0f8de03160cf,2.E.9.k
3cf8bd21-603d-5b4f-99b2-4c1d1455bee1,2.E.9.k
b40a7366-3438-5e14-94b1-417b014a0bf6,2.E.9.k
05252c1c-3039-56aa-a830-3167061c6814,2.E.9.k
1261f92b-05d1-5fd1-9854-58a4abd2dc9b,2.E.9.k
6e72a823-2ef8-5f42-8780-71b08aa4d91a,2.E.9.k
de216768-9c3f-5cb6-bac9-1f42a4af77c8,2.E.9.k
88827785-282c-5918-8315-3087ca1ff9dc,2.E.9.k
a1376110-753b-5d86-9995-39ca8870a77c,2.E.9.k
2389ee4c-0080-59fd-9b65-41e5673cb07c,2.E.9.k
62220bd2-13e1-5708-93e9-4ed70c4ee258,2.E.9.k
a51ec0b3-5d1f-5fad-9630-84f3e1278a47,2.E.9.k
fb80248d-9e47-5b74-bca6-1b28ee07fd76,2.E.9.k
ed6b40fa-2a4a-5d45-848b-3f918028835c,2.E.9.k
96b3d7fa-611c-534e-891a-2d70af76f93e,2.E.9.k
8973d5ac-46bc-5f89-840f-e86c535b6ba2,2.E.9.k
c6de1fe1-3246-5451-8c17-2f306c75fe04,2.E.9.k
dccb7c7f-c0c0-525e-9861-20b644b5854d,2.E.9.k
2ed0175c-9ee2-5927-9975-3e072928981b,2.E.9.k
fac55d69-06b9-5d34-b0d4-53e8f32976af,2.E.9.k
a06c0751-8919-5c89-bb72-5621272fc384,2.E.9.k
62b2f1e6-073e-5437-bd31-845f35b8a3c3,2.E.9.k
31e4e361-f56d-5226-8a3f-bbf389ce031e,2.E.9.k
191db790-d285-5499-8406-75f926bdff9f,2.E.9.k
3b0e6be9-83f2-5097-95b9-0a961d5b47f7,2.E.9.k
9f815fbc-1afd-5c49-af48-d1a3f43f4787,2.E.9.k
41596fa6-de44-502a-bbf9-d24e7f5215e0,2.E.9.k
9f4f7011-6eb4-54f0-88ec-4bd15e27cc46,2.E.9.k
1e042530-c2dd-5b8d-b02c-16a729c774e6,2.E.9.k
430221c1-930c-50a3-870a-ed949cee2633,2.E.9.k
fe0c7f29-95b7-5221-a99d-dacf9061d335,2.E.9.k
cd4ae812-e6b4-5f4b-8737-64f6709a1ce9,2.E.9.k
87910968-7649-55e8-9596-cc79db7036d6,2.E.9.k
9e578785-7621-528c-bb3d-c468c24b004a,2.E.9.k
f6fa7a03-f90a-5df3-b4b4-348e8a690117,2.E.9.k
e5ff9fff-e923-5fb9-b81b-c940c6d2b702,2.E.9.k
88a7848c-ffd0-5be1-8d85-774134d9406a,2.E.9.k
632c2ead-c673-5d41-81ed-d62ea787f51c,2.E.9.k
2291de19-3150-5100-92f4-5da3ec21a36e,2.E.9.k
47f9de1d-a94f-58dc-977a-b936bfc534e1,2.E.9.k
8574a743-94da-5088-8000-d7d21e37e0b9,2.E.9.k
91662499-5d2f-5209-9ddb-e90cc2593389,2.E.9.k
ed9d337f-ddfc-5913-919f-8fb55800ffb6,2.E.9.k
f13729fd-22d0-5549-9057-49c7da33451a,2.E.9.k
329678c0-9a5d-56c1-b7c6-6887da2920bb,2.E.9.k
b7cfa909-7c0d-532b-8815-5c58a303ebbc,2.E.9.k
5f39f8ae-006f-5f47-b8c8-7f92d0954493,2.E.9.k
02f0318b-96a7-5af7-aa10-74474aedc7d4,2.E.9.k
32136864-b29e-5c42-8f53-1328a6d1c7d3,2.E.9.m
ae96b053-a1cd-51d4-bd74-3ec77bf080db,2.E.9.k
666def32-2627-5ff4-b2d5-a269dbf1a14e,2.E.9.k
34a831c9-2cff-5153-975b-40a200f3e3df,2.E.9.k
91df7ebf-a81c-5717-8e56-e31641af3d6f,2.E.16.a
bb8abb78-f64c-54e5-97a7-75f7d7767bf8,2.E.6.c
07102741-3def-5587-bd2c-5ebe0e4e14e2,2.E.1.f
ad4ebe26-b2f3-5089-bcea-29e7b6a9a8bd,2.E.1.d
02488a32-6eec-518f-a079-4353ff9d95a0,2.E.16.h
e3ced9c5-29dd-5ab1-bd46-4c980a3f4ae6,2.E.1.d
c73ffd41-2e4e-59dc-9fd2-076d9f0ba67c,2.E.1.g
2b010516-f890-5143-ac88-f0f0a797807a,2.E.1.d
acdae21e-ff6f-528e-a258-540f1b79ee73,2.E.1.d
79ace7b5-eb9d-5cb4-94d1-d85e72e20b36,2.E.16.h
24016381-1825-58c2-817f-ce0a559797e0,2.E.1.d
42aeb7a0-0efc-5a35-82af-a9027f974387,2.E.1.d
55ccd91f-36a2-59e2-88e5-2f108b74a99b,2.E.1.d
a0e4c2fa-0008-594b-bfe9-c251fdffac41,2.E.1.d
28c2edc3-6fad-5d76-9960-2e335e471286,2.E.1.d
b1b3bafa-76fa-5bcf-b8b7-34363ddf3972,2.E.1.d
16c688e2-4f5b-55d9-81c8-2b67b948fda0,2.E.1.d
9abd64fa-9803-5f82-9532-f0d4921ee876,2.E.1.d
6e9307be-8171-560c-9073-42540b9de3f6,2.E.1.d
31c9ebf1-b0a7-5b7b-8479-327b97bc672a,2.E.1.d
8839848b-96b3-56de-ba4c-0a98ea89ad78,2.E.1.d
39a1e01a-b6f6-5cb8-9992-cacdd693564b,2.E.1.d
35672e2a-90ba-55da-879c-53ac38a09dc6,2.E.1.d
aee2c691-1da3-566d-ae11-5ec4bc695056,2.E.6.h
59f3c329-81f0-5076-bb5a-6d14ea5b6864,2.E.6.f
49e0069b-31af-503f-bdab-d5b4273b03d1,2.E.6.f
49df8e49-3b49-50c6-8ff8-0ea689210765,2.E.6.f
e0b9e10a-371c-535e-8c5e-5d0f8be01c77,2.E.6.f
5b185311-a46f-5a26-aa0c-6b64f9e0f8f4,2.E.6.f
33861a58-a6cc-596c-94f1-99a1bcc14bfd,2.E.8.d
b18bd99e-7f98-57e5-ae49-8b90f346dd92,2.E.6.f
12cedcc5-2e66-5793-9daf-6e8532bedd61,2.E.8.d
824a40be-bf73-59e9-9362-c979757542b1,2.E.6.f
ca6d50c6-4a84-5eb9-92d3-ecd68b72d544,2.E.6.h
be50c0a8-412c-562a-8760-3284f4571475,2.E.9.d
826009a4-5ee9-5de4-9a91-22a97c75d8a3,2.E.6.f
a3ac3144-38d4-5d74-b005-6fbd524d8c75,2.E.6.f
029bb736-e3b6-5749-a41a-1139d1a0a19e,2.E.6.f
a55e443f-9682-5f3f-a689-d4d38e35788f,2.E.4.h
46578573-4183-551e-8934-7d66f4f7eff1,2.E.6.f
92fe1ab4-f8e7-5b25-bece-32fcbcfcb1e6,2.E.9.f
39b9a200-aebf-5356-91f2-7891b0497a3c,2.E.1.i
ccde3a3c-bc64-5ff4-9cb6-8629a22fe4e6,2.E.1.i
54d1549c-8835-5a2a-ad0a-9553b90c7105,2.E.1.i
4a8907a1-af65-57f3-83e1-510f66f9fa04,2.E.9.f
cca4603c-0931-5d32-991d-be87158cb1a2,2.E.9.f
e2c431c8-bf82-5b87-8f29-1b74e8922e76,2.E.9.f
6c76d3f6-5408-5f3a-bc05-7dec8ecb4682,2.E.9.f
1c210c9b-975b-53e1-8d63-b5e872432623,2.E.9.f
5c2de0c8-6e3e-53d8-b6a0-dff8dd4fcff4,2.E.9.f
4a1dbf1f-54dc-55bd-90ad-c4cde47530fe,2.E.6.f
4ec9b12e-e03e-5ece-b96f-6f91086f1d8b,2.E.1.i
ab8f6ff4-0455-5db5-9b8c-321b2e8ac764,2.E.6.f
124df9b6-9210-5719-a6de-fc6fa686875c,2.E.11.d
d3ea71f9-e651-5c89-af51-e6bb3dc03949,2.E.4.h
eae87bb0-d8b3-5b96-bc56-5aa9b8da7bf6,2.E.6.f
e17944ce-5a76-5c88-a3e8-fe6cef93a062,2.E.6.f
cff39284-d785-5c31-bae2-af84afaeb2b7,2.E.4.h
b0bf96e9-cfc6-5436-8b7c-ac023f80a8e3,2.E.4.h
cc8c0bb6-b577-52b5-aefc-015963b80880,2.E.4.h
9bcb23bf-453c-52c2-b413-d365346a4988,2.E.8.b
d72f3d6a-aabb-5b17-87e7-dc0e466b2c2a,2.E.4.h
1938aec0-03e0-5c6b-94ec-7f3d820b70a0,2.E.1.e
4e4b1463-d91e-5795-89f5-315303d8bc58,2.E.1.e
a7b38c64-a3ea-5245-aaf1-8c37d96bf61f,2.E.1.f
94dced01-cb3d-564c-8e2b-cc706f15c4ac,2.E.16.e
0b063b0c-fe88-5627-9528-e6f5b8a2c80e,2.E.6.f
a348c021-974e-53f4-bd30-691e0704a15d,2.E.6.f
029e1f8f-7de4-5375-84a5-0862d205bd86,2.E.16.e
f444b36f-3351-5db7-a2bf-fdb6de33447d,2.E.6.f
b08af9fb-b154-5de4-a63d-5d409c2dc7c7,2.E.1.f
2bffa1ea-83ac-534c-a033-8fb397828cd9,2.E.6.f
4070f4ae-0e5c-59ea-bdc7-bc16c1025074,2.E.6.f
bed8f4e5-1c62-55c6-a6fd-d3d984517adf,2.E.8.d
8f09544d-1b3d-5470-b40c-bd8e9db46ced,2.E.9.d
c78d8d53-d009-5611-a0e6-7081d095cc0a,2.E.1.d
b2d0e1f7-0e66-50ac-9153-6361b1cd9e02,2.E.6.f
8dc186d8-5fd1-53fb-9ae2-a324dd81bcfe,2.E.8.d
e34a58fd-ece2-5c9a-a54f-c31956b930c8,2.E.9.g
7dc0f258-11f1-5fa8-a580-f8c55f74d343,2.E.9.g
eef55a93-5f8b-59f8-9f93-41fa6582b991,2.E.9.g
6278aaa4-6617-573c-a67c-afb5fdb9fd5a,2.E.16.e
e3ced9c5-29dd-5ab1-bd46-4c980a3f4ae6,2.E.6.f
97befe99-2b04-5d6e-81a5-1dfb4eb78991,2.E.16.h
aab09212-7b33-5294-bdce-979cd1cf30c0,2.E.16.h
46c73c17-550f-533c-8e6a-569ef245ce97,2.E.16.h
ca2b49b1-c222-56a5-88fc-dfeaefd67096,2.E.16.h
e4bfc43f-9795-5e2e-9f29-aaa437978c05,2.E.16.h
5c00af71-38f0-505c-abb1-2eb2dbd4ed11,2.E.16.h
7723346f-f4bf-56e6-860a-7529c9e7384d,2.E.6.f
e5d21754-deee-504c-9f90-711cb4f84c55,2.E.16.h
abd06284-0aac-5f79-a432-51eae903fac3,2.E.6.f
db35ec77-b856-526f-8afd-5a1bac26e3bc,2.E.16.h
c8558806-db4e-5dd3-aca3-ebe3f297b9e8,2.E.1.i
aa0a2237-d0b8-5ac8-ae90-1a1cde07f0b4,2.E.1.i
083beb84-ee51-5fbb-b966-d52de530822a,2.E.9.b
c3a7f77e-015a-542e-96ed-fb687040e9db,2.E.9.g
1696d9e0-b77c-5986-8732-17a10d07107f,2.E.1.f
681d4395-ba7c-5b51-a167-fa93869d1760,2.E.6.f
209d5394-8ff9-5e25-b018-1a593ed74c36,2.E.9.g
13fd99bb-207c-545e-93a7-a3872359c6b9,2.E.1.f
ef614dc2-703c-5c82-85d8-c8304471fa6f,2.E.6.f
efea8ae0-94df-573d-85ea-1cc2214577b7,2.E.9.g
e7e11b8f-c029-5e74-aa6f-027c330e7eae,2.E.1.d
806b03fe-c92f-5395-9093-b55ce46d5af1,2.E.1.d
78fb3f97-45d5-5bb5-a7e1-a7754b9e35fb,2.E.9.g
16568dae-712c-5b59-a897-38c33a1c40fe,2.E.6.f
5a3b4ab2-d6d9-59f0-9f11-f84c87b17c03,2.E.6.f
75cd3c7f-890d-5014-910c-cf5a61e06b66,2.E.6.f
3661b9b4-e96b-5d5a-bbcf-2ee7e80fab28,2.E.8.d
ddc4073a-36f8-5461-9947-62973ece771b,2.E.8.d
09054902-281f-5b94-b376-5381b642c1c5,2.E.8.d
610586dd-39ea-5107-8315-dae3c3f09c1d,2.E.8.d
1e8e90aa-9dd3-5692-94b0-f30e7b512fe2,2.E.8.d
ec805d1e-49a0-5854-bf3f-426eead312b5,2.E.1.d
2660a429-ab46-518b-b88c-b1dea6f44b53,2.E.1.i
4d5706bc-9c30-5b47-bc21-fb59a4319dff,2.E.9.d
c3a38b11-8967-5fff-b146-b8ecd0e41a97,2.E.9.d
98278a8e-610d-50cd-860f-da824c67a258,2.E.1.i
6599b6f8-c964-5d43-a11e-44d2a13bc9bf,2.E.16.h
5900f2cf-37c8-5ea9-b48b-680ee689d525,2.E.9.b
03b4d7df-c101-5e70-9354-746faa4bc1ef,2.E.6.f
0e05bc42-d799-5849-9bb5-b7f9bc63157b,2.E.9.b
5352ae48-7d0f-5267-ba13-031c448f7550,2.E.5.b
aed74d03-885f-566b-80e4-b16753cfaba3,2.E.9.j
573de85e-6967-5fcb-8060-5ca9469a6daf,2.E.9.j
e95a49a5-fc3c-50a2-8d04-753c96b25924,2.E.9.j
7f19f760-73bd-5f4b-8f21-e8a5c44c9b1b,2.E.9.d
d9069466-fb7b-5197-a477-a44779165a57,2.E.9.d
762bee4f-ff5f-55cf-8e88-14659f168d97,2.E.9.g
d91020c0-f251-537a-8887-852d28b12c99,2.E.6.f
c1935e9a-123d-5cea-a1f7-f950accfe9bf,2.E.9.g
51c325fd-defe-5532-af38-3dcfe55dc78c,2.E.6.f
c71a99d6-8b31-5020-bce6-b31f86d0081c,2.E.9.d
045be93d-a5e1-59d3-9b54-ee5bb4a14559,2.E.6.f
c3b91ff4-4d84-53cd-a5dd-d0835132277a,2.E.6.f
5d9c5ff1-e606-5d41-84ff-6c1b911b30e2,2.E.6.f
8abb874c-fe42-5d4f-9c13-6997ce5ec3c2,2.E.6.f
9b205dae-38db-5da1-8b18-9e10ef5593e4,2.E.6.f
d6cff4c2-63e3-5f93-b921-bea6db049e1f,2.E.9.g
788cba7a-0478-5a20-9596-63b591c4f3df,2.E.9.g
5ea35009-10b6-5a87-95fc-991d7823fdf0,2.E.1.d
a7e8d99b-2c0e-5987-af0c-42b017a7bb66,2.E.9.g
009c0bfa-0102-5471-b779-949b8816af15,2.E.9.g
1f779801-4d57-5ee2-a721-3f83ea813088,2.E.9.g
04163d90-d54b-55ad-b445-3291171d4356,2.E.6.f
3ab9408f-2f12-55d7-90ab-c76636aebda9,2.E.1.f
a701dc4b-f14e-577d-b7fe-f2329424833e,2.E.1.f
ec8fb9ff-12a9-5897-b587-bde07ace122f,2.E.1.f
391ee0a3-a1a7-52a2-9ad4-f8aba4d944f5,2.E.1.f
739df1f3-6da8-56de-bd72-acd145c38dbf,2.E.1.f
a55404a7-a5e8-5725-8d95-ad14f46d4090,2.E.1.f
66de8189-69ad-583c-b43f-d38d1ec47507,2.E.1.f
b747ed6e-b057-562d-8211-442d341c7a11,2.E.1.d
423b89dd-0b11-5d7e-a59e-e4d76042c953,2.E.1.d
9aec6815-95ee-51f9-a066-b211e7464042,2.E.6.f
5a65c4ca-3eca-57ea-bfb6-3f8ae82e7f55,2.E.4.h
d1e336fa-b50d-53c9-bdd4-5244b1099a34,2.E.6.f
ebc87a97-ec93-5ef9-b50f-087c7821f61d,2.E.4.h
d7aae7ef-bcdf-5271-9ada-54bd871e816c,2.E.2.e
086c8142-8f1a-5173-a82a-99f1ee8552ca,2.E.1.f
5af4394e-140d-5e91-87cd-08f33776a11e,2.E.8.g
48a476c8-e0c3-5a8d-be98-238ad1ac1a47,2.E.9.g
19d1c9ef-3b55-53f3-a33a-8a468ec48053,2.E.9.d
a3aacc0e-d1d1-5b7a-83cb-d9c3bba6e7d2,2.E.6.f
b4c0feeb-ee05-565c-9a88-12c6dfa6690d,2.E.6.f
9b26d080-8333-5373-bce4-3a3315651006,2.E.16.e
c35a8f41-d3a4-50fa-b0ba-e2fc6d77f242,2.E.9.e
42eacf97-ee40-5466-860d-843b62a633c5,2.E.6.f
38423a39-53af-56ca-8715-fa76ce9bec3e,2.E.1.d
