arm,replicate,id_j,has_rel,ndcg@10
B_only,-1,102,True,0.7142857142857143
B_only,-1,314,True,0.2846617543894001
B_only,-1,1068,True,0.2705097847659305
B_only,-1,1525,True,0.10314075525207357
B_only,-1,1795,True,0.33629925699312285
B_only,-1,1929,True,0.425
B_only,-1,1931,True,0.17018378769117365
B_only,-1,1991,True,0.16074803969920937
B_only,-1,2528,True,0.4686561817884514
B_only,-1,2697,True,0.2224374540312181
B_only,-1,2834,True,0.3
B_only,-1,2845,True,0.32564712631624015
B_only,-1,3031,True,0.16828530685396167
B_only,-1,3250,True,0.2879452044058685
B_only,-1,3308,True,0.15548414285743367
B_only,-1,3402,True,0.09523133054860486
B_only,-1,3426,True,0.0753862510823921
B_only,-1,3449,True,0.21315756085428536
B_only,-1,3756,True,0.18470281597185834
B_only,-1,4141,True,0.41025641025641024
B_only,-1,4210,True,0.27388213676175105
B_only,-1,4516,True,0.27268082891231943
B_only,-1,4692,True,0.0
B_only,-1,4700,False,0.0
B_only,-1,4910,False,0.0
B_only,-1,4962,False,0.0
B_only,-1,5275,True,0.1425409532972557
B_only,-1,5671,True,0.11332427285924032
B_only,-1,5683,True,0.42
B_only,-1,6067,True,0.4117647058823529
B_only,-1,6378,True,0.32978723404255317
B_only,-1,6495,True,0.46153846153846156
B_only,-1,6868,True,0.28726735397191183
B_only,-1,6880,True,0.3621792473596132
B_only,-1,7144,True,0.16616192799048327
B_only,-1,7413,True,0.435888311408769
B_only,-1,7526,True,0.1638747443124796
B_only,-1,7531,True,0.06794806471493058
B_only,-1,7577,True,0.1638747443124796
B_only,-1,7621,True,0.19444495202315187
B_only,-1,8198,True,0.2524279602809425
B_only,-1,8442,True,0.26977905614252407
B_only,-1,8452,True,0.435031674227153
B_only,-1,8476,True,0.25527501845762735
B_only,-1,8541,True,0.5588235294117647
B_only,-1,8802,True,0.5351712522631865
B_only,-1,8816,True,0.12345533231596209
B_only,-1,8852,False,0.0
B_only,-1,9099,True,0.08219407696760031
B_only,-1,9479,True,0.0
B_only,-1,9625,False,0.0
B_only,-1,96,True,0.09286235511040511
B_only,-1,171,True,0.42925164730874843
B_only,-1,328,False,0.0
B_only,-1,387,True,0.08093371684275721
B_only,-1,754,False,0.0
B_only,-1,983,True,0.4073047031527402
B_only,-1,1039,True,0.3709677419354839
B_only,-1,1098,True,0.27021862711475114
B_only,-1,1120,True,0.1663963174693402
B_only,-1,1275,True,0.38461538461538464
B_only,-1,1343,True,0.08737614111708357
B_only,-1,1483,True,0.13874115694999842
B_only,-1,2005,True,0.17122161308654427
B_only,-1,2048,True,0.5570895173628323
B_only,-1,2379,True,0.5967741935483871
B_only,-1,2516,True,0.3902439024390244
B_only,-1,2601,True,0.22266470175469413
B_only,-1,3210,True,0.3564824120424451
B_only,-1,3601,False,0.0
B_only,-1,3729,True,0.205426144199492
B_only,-1,3832,True,0.43103448275862066
B_only,-1,4104,True,0.22691171692156484
B_only,-1,4286,True,0.5
B_only,-1,4329,True,0.0
B_only,-1,4553,True,0.20375533126716555
B_only,-1,4790,True,0.0
B_only,-1,4844,True,0.0
B_only,-1,4994,True,0.25150919779916636
B_only,-1,5020,True,0.39285714285714285
B_only,-1,5293,True,0.16968768441107807
B_only,-1,5338,True,0.45652173913043476
B_only,-1,5343,True,0.21233646070691045
B_only,-1,5464,True,0.21674515221392268
B_only,-1,5560,True,0.2908931732761338
B_only,-1,5719,True,0.24258132113183667
B_only,-1,6055,True,0.1569980530101233
B_only,-1,6121,True,0.5054240469207338
B_only,-1,6128,True,0.15959297442883988
B_only,-1,6197,True,0.2126467292010256
B_only,-1,6336,True,0.25
B_only,-1,6577,True,0.4523809523809524
B_only,-1,6717,True,0.14198622931526078
B_only,-1,6906,False,0.0
B_only,-1,8550,True,0.0
B_only,-1,8576,True,0.22840449067607999
B_only,-1,8790,False,0.0
B_only,-1,8840,False,0.0
B_only,-1,8878,True,0.2524199632271303
B_only,-1,9337,True,0.1475278304546672
B_only,-1,9501,True,0.377870221514415
B_only,-1,9512,False,0.0
B_only,-1,45,True,0.16699852631602058
B_only,-1,199,True,0.15667445993408086
B_only,-1,458,True,0.5172413793103449
B_only,-1,564,True,0.7142857142857143
B_only,-1,717,True,0.0
B_only,-1,1109,True,0.640625
B_only,-1,1576,True,0.178901810913959
B_only,-1,1711,True,0.0
B_only,-1,1868,True,0.0
B_only,-1,1942,True,0.18011100319713036
B_only,-1,2001,True,0.167240901548863
B_only,-1,2217,True,0.09751839640223765
B_only,-1,2354,True,0.3387096774193548
B_only,-1,2761,True,0.050832269658547216
B_only,-1,2980,True,1.0
B_only,-1,3021,True,0.23633135279242315
B_only,-1,3030,True,0.15667445993408086
B_only,-1,3046,True,0.12103155082194623
B_only,-1,3050,True,0.5256410256410257
B_only,-1,3288,True,0.19215917057368426
B_only,-1,3302,True,0.23938946164325986
B_only,-1,3794,True,0.15145197793627815
B_only,-1,3920,True,0.2380035054077458
B_only,-1,3965,True,0.17454747455504985
B_only,-1,4193,True,0.3950802817773238
B_only,-1,4294,True,0.072774396339551
B_only,-1,4383,True,0.25
B_only,-1,4474,True,0.1609366530504622
B_only,-1,5068,True,0.19449575736134128
B_only,-1,5258,True,0.035183209840358984
B_only,-1,5306,True,0.5806451612903226
B_only,-1,5323,True,0.5164277709167764
B_only,-1,5421,True,0.5394736842105263
B_only,-1,5766,True,0.2978216284595539
B_only,-1,5877,True,0.1310098652418569
B_only,-1,5887,True,0.15709272709954492
B_only,-1,6126,True,0.8154648767857287
B_only,-1,6190,True,0.42857142857142855
B_only,-1,6224,True,0.25675675675675674
B_only,-1,6465,True,0.0
B_only,-1,6853,True,0.19019786269600072
B_only,-1,6949,True,0.3717948717948718
B_only,-1,7107,True,0.15264244824060222
B_only,-1,7240,False,0.0
B_only,-1,7937,True,0.4375
B_only,-1,8015,True,0.10400954818472671
B_only,-1,8066,True,0.2929918665955374
B_only,-1,8202,True,0.2813679803276567
B_only,-1,8321,True,0.22448979591836732
B_only,-1,9222,True,0.05581482051292492
B_only,-1,9453,True,0.5166666666666667
B_only,-1,73,True,0.1527563508774787
B_only,-1,390,True,0.38181818181818183
B_only,-1,424,True,0.08332865488506076
B_only,-1,715,True,0.4375
B_only,-1,915,False,0.0
B_only,-1,1579,True,0.1183591096027201
B_only,-1,1643,True,0.0
B_only,-1,1679,True,0.33772017982968483
B_only,-1,1982,True,0.10431145576972867
B_only,-1,2027,True,0.3582816582972076
B_only,-1,2211,True,0.6131471927654585
B_only,-1,2228,True,0.15843662757442004
B_only,-1,2352,True,0.16226997636029802
B_only,-1,2520,True,0.17153428875917176
B_only,-1,2573,True,0.00449519524539292
B_only,-1,2630,True,0.4772727272727273
B_only,-1,2666,True,0.2932542168046179
B_only,-1,2745,True,0.1579928000961482
B_only,-1,3149,True,0.3253968253968254
B_only,-1,3369,True,0.2558139534883721
B_only,-1,3617,True,0.21617490169180095
B_only,-1,3862,True,0.07778339604954737
B_only,-1,4124,True,0.14657574607239932
B_only,-1,4218,True,0.2003555442033848
B_only,-1,4268,True,0.2754636820327984
B_only,-1,4452,True,0.22075799004449917
B_only,-1,4522,True,0.16886008991484242
B_only,-1,4784,True,0.4507042253521127
B_only,-1,5139,False,0.0
B_only,-1,5438,True,0.1517797187887445
B_only,-1,5565,True,0.0348287419348287
B_only,-1,5684,True,0.18565504111764394
B_only,-1,5775,True,0.21720263334464784
B_only,-1,6110,True,0.10170215243305127
B_only,-1,6488,True,0.13269605958958966
B_only,-1,6590,True,0.0
B_only,-1,6793,True,0.2453279039612067
B_only,-1,7090,True,0.023366397255523103
B_only,-1,7112,True,0.16124681104954625
B_only,-1,7167,True,0.4494638124131208
B_only,-1,7287,True,0.3529737818779898
B_only,-1,7370,True,0.1793294133990864
B_only,-1,7547,True,0.26785714285714285
B_only,-1,7589,True,0.02517474259149827
B_only,-1,7622,True,0.11868709142177375
B_only,-1,7640,True,0.0
B_only,-1,7757,True,0.14036400106258987
B_only,-1,8162,True,0.48214285714285715
B_only,-1,8508,True,0.20692604386158997
B_only,-1,8597,True,0.36666666666666664
B_only,-1,8771,False,0.0
B_only,-1,288,True,0.5
B_only,-1,635,True,0.35376442665059515
B_only,-1,654,True,0.12395253930872727
B_only,-1,699,True,0.25996941123397327
B_only,-1,743,True,0.319736341281428
B_only,-1,946,True,0.005899282169752809
B_only,-1,976,False,0.0
B_only,-1,1144,True,0.5952380952380952
B_only,-1,1187,True,0.3055563531792386
B_only,-1,1384,True,0.12663048424146153
B_only,-1,1415,True,0.29411764705882354
B_only,-1,1443,True,0.4610098979251759
B_only,-1,1629,True,0.1660001845863488
B_only,-1,1684,True,0.10094009452161441
B_only,-1,1802,True,0.13377646385946876
B_only,-1,1914,True,0.34966133990638104
B_only,-1,2046,True,0.07390478839770868
B_only,-1,2071,True,0.12871906039155728
B_only,-1,2340,True,0.10407641076935059
B_only,-1,2749,True,0.31237960084766636
B_only,-1,3517,True,0.2021511009431972
B_only,-1,3758,True,0.0604311575599568
B_only,-1,4110,True,0.2653210146011575
B_only,-1,4111,True,0.0
B_only,-1,4144,True,0.15342825477275226
B_only,-1,5021,True,0.19982670867715316
B_only,-1,5032,True,0.22052559981617867
B_only,-1,5096,True,0.2185696845855107
B_only,-1,5109,True,0.41379310344827586
B_only,-1,5114,True,0.036279633333401194
B_only,-1,5977,True,0.0
B_only,-1,5984,True,0.13284450639318127
B_only,-1,6353,True,0.3333333333333333
B_only,-1,6373,True,0.13103554155494024
B_only,-1,6539,True,0.0
B_only,-1,6554,True,0.4230769230769231
B_only,-1,6884,False,0.0
B_only,-1,6955,True,0.14372177594616012
B_only,-1,7020,True,0.36363636363636365
B_only,-1,7029,True,0.25384615384615383
B_only,-1,7280,True,0.14147392376203108
B_only,-1,7394,True,0.14717199336299946
B_only,-1,7795,True,0.36693552144086744
B_only,-1,8108,True,0.15217391304347827
B_only,-1,8560,True,0.3888888888888889
B_only,-1,8632,True,0.21094027924507533
B_only,-1,8657,True,0.072774396339551
B_only,-1,8777,True,0.4725274725274725
B_only,-1,9151,True,0.0
B_only,-1,9609,False,0.0
SY_raw,-1,102,True,0.7142857142857143
SY_raw,-1,314,True,0.2846617543894001
SY_raw,-1,1068,True,0.2705097847659305
SY_raw,-1,1525,True,0.7559640647838927
SY_raw,-1,1795,True,0.4880221032994614
SY_raw,-1,1929,True,0.7805861723075904
SY_raw,-1,1931,True,0.17018378769117365
SY_raw,-1,1991,True,0.16074803969920937
SY_raw,-1,2528,True,0.706345560065912
SY_raw,-1,2697,True,0.2224374540312181
SY_raw,-1,2834,True,0.4
SY_raw,-1,2845,True,0.32564712631624015
SY_raw,-1,3031,True,0.16828530685396167
SY_raw,-1,3250,True,0.31536855720642737
SY_raw,-1,3308,True,0.6395735159687085
SY_raw,-1,3402,True,0.318552128743556
SY_raw,-1,3426,True,0.05956796789980256
SY_raw,-1,3449,True,0.9250042468401141
SY_raw,-1,3756,True,0.438205123854557
SY_raw,-1,4141,True,0.8633219136685286
SY_raw,-1,4210,True,0.27388213676175105
SY_raw,-1,4516,True,0.27268082891231943
SY_raw,-1,4692,True,0.0
SY_raw,-1,4700,False,0.0
SY_raw,-1,4910,False,0.0
SY_raw,-1,4962,False,0.0
SY_raw,-1,5275,True,0.5915488850516608
SY_raw,-1,5671,True,0.11332427285924032
SY_raw,-1,5683,True,0.42
SY_raw,-1,6067,True,0.5993463813572717
SY_raw,-1,6378,True,0.7756339735600721
SY_raw,-1,6495,True,0.41978700579871986
SY_raw,-1,6868,True,0.3265517784467032
SY_raw,-1,6880,True,0.5195299977190128
SY_raw,-1,7144,True,0.6074637223956415
SY_raw,-1,7413,True,0.435888311408769
SY_raw,-1,7526,True,0.1638747443124796
SY_raw,-1,7531,True,0.06794806471493058
SY_raw,-1,7577,True,0.1638747443124796
SY_raw,-1,7621,True,0.19444495202315187
SY_raw,-1,8198,True,0.7027299423815409
SY_raw,-1,8442,True,0.26977905614252407
SY_raw,-1,8452,True,0.7600930567214643
SY_raw,-1,8476,True,0.3863853744675629
SY_raw,-1,8541,True,1.0
SY_raw,-1,8802,True,0.5652448961697598
SY_raw,-1,8816,True,0.3121779370879175
SY_raw,-1,8852,False,0.0
SY_raw,-1,9099,True,0.08219407696760031
SY_raw,-1,9479,True,0.1596969716198995
SY_raw,-1,9625,False,0.0
SY_raw,-1,96,True,0.09286235511040511
SY_raw,-1,171,True,0.7421380011061667
SY_raw,-1,328,False,0.0
SY_raw,-1,387,True,0.0631208721497661
SY_raw,-1,754,False,0.0
SY_raw,-1,983,True,0.6867754718141672
SY_raw,-1,1039,True,0.42920001244275663
SY_raw,-1,1098,True,0.27021862711475114
SY_raw,-1,1120,True,0.47376075777075893
SY_raw,-1,1275,True,0.7442001395616644
SY_raw,-1,1343,True,0.48711477971984796
SY_raw,-1,1483,True,0.13874115694999842
SY_raw,-1,2005,True,0.3352144592061575
SY_raw,-1,2048,True,0.5570895173628323
SY_raw,-1,2379,True,0.9945885411811107
SY_raw,-1,2516,True,0.8588457389060505
SY_raw,-1,2601,True,0.22266470175469413
SY_raw,-1,3210,True,0.3564824120424451
SY_raw,-1,3601,False,0.0
SY_raw,-1,3729,True,0.205426144199492
SY_raw,-1,3832,True,0.8166830205739581
SY_raw,-1,4104,True,0.22691171692156484
SY_raw,-1,4286,True,0.5
SY_raw,-1,4329,True,0.0
SY_raw,-1,4553,True,0.9623349134425857
SY_raw,-1,4790,True,0.0
SY_raw,-1,4844,True,0.0
SY_raw,-1,4994,True,0.22016550759309905
SY_raw,-1,5020,True,0.39285714285714285
SY_raw,-1,5293,True,0.42540722192506814
SY_raw,-1,5338,True,0.8853309668360613
SY_raw,-1,5343,True,0.21233646070691045
SY_raw,-1,5464,True,0.16904132882661418
SY_raw,-1,5560,True,0.605827104674262
SY_raw,-1,5719,True,0.6094578376808457
SY_raw,-1,6055,True,0.4855292286042477
SY_raw,-1,6121,True,0.961004588314904
SY_raw,-1,6128,True,0.6972506881087867
SY_raw,-1,6197,True,0.8761566285973128
SY_raw,-1,6336,True,0.25
SY_raw,-1,6577,True,0.7064310643713821
SY_raw,-1,6717,True,0.11430836574478533
SY_raw,-1,6906,False,0.0
SY_raw,-1,8550,True,0.0
SY_raw,-1,8576,True,0.22840449067607999
SY_raw,-1,8790,False,0.0
SY_raw,-1,8840,False,0.0
SY_raw,-1,8878,True,0.2524199632271303
SY_raw,-1,9337,True,0.5773783179583575
SY_raw,-1,9501,True,0.9098681706407139
SY_raw,-1,9512,False,0.0
SY_raw,-1,45,True,0.16699852631602058
SY_raw,-1,199,True,0.1221917013133912
SY_raw,-1,458,True,0.5174957687652435
SY_raw,-1,564,True,0.9860829525814794
SY_raw,-1,717,True,0.4144986582335955
SY_raw,-1,1109,True,0.9381866459098356
SY_raw,-1,1576,True,0.178901810913959
SY_raw,-1,1711,True,1.0
SY_raw,-1,1868,True,0.0
SY_raw,-1,1942,True,0.40100571580286154
SY_raw,-1,2001,True,0.6328293584037846
SY_raw,-1,2217,True,0.5529467283910295
SY_raw,-1,2354,True,0.7314694506067384
SY_raw,-1,2761,True,0.050832269658547216
SY_raw,-1,2980,True,1.0
SY_raw,-1,3021,True,0.6618245240867703
SY_raw,-1,3030,True,0.15667445993408086
SY_raw,-1,3046,True,0.12103155082194623
SY_raw,-1,3050,True,0.8435231724189186
SY_raw,-1,3288,True,0.2575065969272832
SY_raw,-1,3302,True,0.23938946164325986
SY_raw,-1,3794,True,0.15145197793627815
SY_raw,-1,3920,True,0.627417241144157
SY_raw,-1,3965,True,0.17454747455504985
SY_raw,-1,4193,True,0.8597186998521971
SY_raw,-1,4294,True,0.072774396339551
SY_raw,-1,4383,True,0.25
SY_raw,-1,4474,True,0.1609366530504622
SY_raw,-1,5068,True,0.1309147207157655
SY_raw,-1,5258,True,0.035183209840358984
SY_raw,-1,5306,True,0.5806451612903226
SY_raw,-1,5323,True,0.8869808334128775
SY_raw,-1,5421,True,0.5394736842105263
SY_raw,-1,5766,True,0.6188501370588132
SY_raw,-1,5877,True,0.2579551124306306
SY_raw,-1,5887,True,0.33977235848779974
SY_raw,-1,6126,True,0.8154648767857287
SY_raw,-1,6190,True,0.8551579843307396
SY_raw,-1,6224,True,0.5359066852610216
SY_raw,-1,6465,True,0.0
SY_raw,-1,6853,True,0.30182715215435424
SY_raw,-1,6949,True,0.3717948717948718
SY_raw,-1,7107,True,0.7631738581820507
SY_raw,-1,7240,False,0.0
SY_raw,-1,7937,True,0.7592258573651337
SY_raw,-1,8015,True,0.10400954818472671
SY_raw,-1,8066,True,0.2929918665955374
SY_raw,-1,8202,True,0.48039090037324433
SY_raw,-1,8321,True,0.6794771050858174
SY_raw,-1,9222,True,0.05581482051292492
SY_raw,-1,9453,True,0.8874750935955789
SY_raw,-1,73,True,0.1527563508774787
SY_raw,-1,390,True,0.38181818181818183
SY_raw,-1,424,True,0.08332865488506076
SY_raw,-1,715,True,0.7167363788417199
SY_raw,-1,915,False,0.0
SY_raw,-1,1579,True,0.09415542899504517
SY_raw,-1,1643,True,0.5307212739772434
SY_raw,-1,1679,True,0.33772017982968483
SY_raw,-1,1982,True,0.5185133548978442
SY_raw,-1,2027,True,0.3582816582972076
SY_raw,-1,2211,True,0.6131471927654585
SY_raw,-1,2228,True,0.8233584856575281
SY_raw,-1,2352,True,0.16226997636029802
SY_raw,-1,2520,True,0.36260208266907124
SY_raw,-1,2573,True,0.25568838516737624
SY_raw,-1,2630,True,0.923971352952777
SY_raw,-1,2666,True,0.2932542168046179
SY_raw,-1,2745,True,0.6553044931846479
SY_raw,-1,3149,True,0.3253968253968254
SY_raw,-1,3369,True,0.19951140862142133
SY_raw,-1,3617,True,0.6079034413650483
SY_raw,-1,3862,True,0.07778339604954737
SY_raw,-1,4124,True,0.3226011484953325
SY_raw,-1,4218,True,0.1417248447615836
SY_raw,-1,4268,True,0.12907121815329908
SY_raw,-1,4452,True,0.22075799004449917
SY_raw,-1,4522,True,0.7128206008867165
SY_raw,-1,4784,True,0.4507042253521127
SY_raw,-1,5139,False,0.0
SY_raw,-1,5438,True,0.12292710825354627
SY_raw,-1,5565,True,0.18397246392903513
SY_raw,-1,5684,True,0.18565504111764394
SY_raw,-1,5775,True,0.21720263334464784
SY_raw,-1,6110,True,0.5265173000923014
SY_raw,-1,6488,True,0.13269605958958966
SY_raw,-1,6590,True,0.0
SY_raw,-1,6793,True,0.2453279039612067
SY_raw,-1,7090,True,0.19081837151009126
SY_raw,-1,7112,True,0.16124681104954625
SY_raw,-1,7167,True,0.7918002068743893
SY_raw,-1,7287,True,0.39410982412692847
SY_raw,-1,7370,True,0.4463572583303418
SY_raw,-1,7547,True,0.26785714285714285
SY_raw,-1,7589,True,1.0
SY_raw,-1,7622,True,0.5850313432414277
SY_raw,-1,7640,True,0.0
SY_raw,-1,7757,True,0.33586911816941034
SY_raw,-1,8162,True,0.7095323680483346
SY_raw,-1,8508,True,0.20692604386158997
SY_raw,-1,8597,True,0.905305410179605
SY_raw,-1,8771,False,0.0
SY_raw,-1,288,True,0.5
SY_raw,-1,635,True,0.7770589653349012
SY_raw,-1,654,True,0.12395253930872727
SY_raw,-1,699,True,0.2339724701105759
SY_raw,-1,743,True,0.8234661752733015
SY_raw,-1,946,True,0.005899282169752809
SY_raw,-1,976,False,0.0
SY_raw,-1,1144,True,0.8284227643407395
SY_raw,-1,1187,True,0.659832135079826
SY_raw,-1,1384,True,0.6060139174371344
SY_raw,-1,1415,True,0.29411764705882354
SY_raw,-1,1443,True,0.6973361696914715
SY_raw,-1,1629,True,0.2515154311914376
SY_raw,-1,1684,True,0.10094009452161441
SY_raw,-1,1802,True,0.6569910780653908
SY_raw,-1,1914,True,0.34966133990638104
SY_raw,-1,2046,True,0.07390478839770868
SY_raw,-1,2071,True,0.12871906039155728
SY_raw,-1,2340,True,0.2430461734516896
SY_raw,-1,2749,True,0.7035684746040901
SY_raw,-1,3517,True,0.48525776264064435
SY_raw,-1,3758,True,0.0604311575599568
SY_raw,-1,4110,True,0.2653210146011575
SY_raw,-1,4111,True,0.0
SY_raw,-1,4144,True,0.2695369492061207
SY_raw,-1,5021,True,0.19982670867715316
SY_raw,-1,5032,True,0.22052559981617867
SY_raw,-1,5096,True,0.2185696845855107
SY_raw,-1,5109,True,0.622584257941604
SY_raw,-1,5114,True,0.023256906204893655
SY_raw,-1,5977,True,0.0
SY_raw,-1,5984,True,0.13284450639318127
SY_raw,-1,6353,True,0.6421522368030635
SY_raw,-1,6373,True,0.50595351080742
SY_raw,-1,6539,True,0.0
SY_raw,-1,6554,True,0.5430225193152813
SY_raw,-1,6884,False,0.0
SY_raw,-1,6955,True,0.6612792852724331
SY_raw,-1,7020,True,0.7737802550745435
SY_raw,-1,7029,True,0.5281632717476735
SY_raw,-1,7280,True,0.08632142624070566
SY_raw,-1,7394,True,0.21545268673483298
SY_raw,-1,7795,True,0.36693552144086744
SY_raw,-1,8108,True,0.15217391304347827
SY_raw,-1,8560,True,0.5909090909090909
SY_raw,-1,8632,True,0.21094027924507533
SY_raw,-1,8657,True,0.05675735090790267
SY_raw,-1,8777,True,0.4725274725274725
SY_raw,-1,9151,True,1.0
SY_raw,-1,9609,False,0.0
SY_esco,-1,102,True,0.7142857142857143
SY_esco,-1,314,True,0.31165903282917684
SY_esco,-1,1068,True,0.5115873704068703
SY_esco,-1,1525,True,0.7393275845483893
SY_esco,-1,1795,True,0.7118890800632238
SY_esco,-1,1929,True,0.8496230754036967
SY_esco,-1,1931,True,0.17018378769117365
SY_esco,-1,1991,True,0.3393161308965946
SY_esco,-1,2528,True,0.7496249980591565
SY_esco,-1,2697,True,0.12205140957698227
SY_esco,-1,2834,True,0.5125573539363002
SY_esco,-1,2845,True,0.32564712631624015
SY_esco,-1,3031,True,0.8371409873149078
SY_esco,-1,3250,True,0.646210049777504
SY_esco,-1,3308,True,0.9290418219495132
SY_esco,-1,3402,True,0.7728244002408083
SY_esco,-1,3426,True,0.6876819643834762
SY_esco,-1,3449,True,0.6491986005842463
SY_esco,-1,3756,True,0.2637380576315542
SY_esco,-1,4141,True,0.8633219136685286
SY_esco,-1,4210,True,0.5775529912101453
SY_esco,-1,4516,True,0.8350144676760588
SY_esco,-1,4692,True,0.0
SY_esco,-1,4700,False,0.0
SY_esco,-1,4910,False,0.0
SY_esco,-1,4962,False,0.0
SY_esco,-1,5275,True,0.6305108742982258
SY_esco,-1,5671,True,0.11332427285924032
SY_esco,-1,5683,True,0.34120985224458994
SY_esco,-1,6067,True,0.6809466316673966
SY_esco,-1,6378,True,0.7377539950702142
SY_esco,-1,6495,True,0.6184615617206414
SY_esco,-1,6868,True,0.41573433751722744
SY_esco,-1,6880,True,0.8193158953567611
SY_esco,-1,7144,True,0.36358590059998386
SY_esco,-1,7413,True,0.435888311408769
SY_esco,-1,7526,True,0.1278072623850997
SY_esco,-1,7531,True,0.06794806471493058
SY_esco,-1,7577,True,0.1638747443124796
SY_esco,-1,7621,True,0.9355132807389029
SY_esco,-1,8198,True,0.5
SY_esco,-1,8442,True,0.412281813686453
SY_esco,-1,8452,True,0.7244013168585342
SY_esco,-1,8476,True,0.4725522384929894
SY_esco,-1,8541,True,1.0
SY_esco,-1,8802,True,0.6509821450513278
SY_esco,-1,8816,True,0.07007578855531274
SY_esco,-1,8852,False,0.0
SY_esco,-1,9099,True,0.0641038373885608
SY_esco,-1,9479,True,0.0
SY_esco,-1,9625,False,0.0
SY_esco,-1,96,True,0.09286235511040511
SY_esco,-1,171,True,0.7421380011061667
SY_esco,-1,328,False,0.0
SY_esco,-1,387,True,0.6377190275444966
SY_esco,-1,754,False,0.0
SY_esco,-1,983,True,0.4568208868698668
SY_esco,-1,1039,True,0.7497127379658888
SY_esco,-1,1098,True,0.15305180349967815
SY_esco,-1,1120,True,0.6699910643441889
SY_esco,-1,1275,True,0.8466624462998464
SY_esco,-1,1343,True,0.4396666065534579
SY_esco,-1,1483,True,0.35045425964743465
SY_esco,-1,2005,True,0.13524862944472466
SY_esco,-1,2048,True,0.7793806853412204
SY_esco,-1,2379,True,0.9566717647943379
SY_esco,-1,2516,True,0.8588457389060505
SY_esco,-1,2601,True,0.8882877908862391
SY_esco,-1,3210,True,0.4892241370209213
SY_esco,-1,3601,False,0.0
SY_esco,-1,3729,True,0.21207895294984475
SY_esco,-1,3832,True,0.7894126881782834
SY_esco,-1,4104,True,0.22691171692156484
SY_esco,-1,4286,True,0.5
SY_esco,-1,4329,True,0.9298593499260984
SY_esco,-1,4553,True,0.9267033460284025
SY_esco,-1,4790,True,0.0
SY_esco,-1,4844,True,0.0
SY_esco,-1,4994,True,0.7179158605335783
SY_esco,-1,5020,True,0.5009976664258976
SY_esco,-1,5293,True,0.6179130609680247
SY_esco,-1,5338,True,0.5333333333333333
SY_esco,-1,5343,True,0.785744908590053
SY_esco,-1,5464,True,0.8361221851702674
SY_esco,-1,5560,True,0.5357733897303582
SY_esco,-1,5719,True,0.6953489662937103
SY_esco,-1,6055,True,0.42985934992609853
SY_esco,-1,6121,True,0.9030616233458749
SY_esco,-1,6128,True,0.8064324893856109
SY_esco,-1,6197,True,0.6242780426579326
SY_esco,-1,6336,True,0.3693203175983365
SY_esco,-1,6577,True,0.6766680217697523
SY_esco,-1,6717,True,0.5
SY_esco,-1,6906,False,0.0
SY_esco,-1,8550,True,0.5654648767857287
SY_esco,-1,8576,True,0.48684178338157125
SY_esco,-1,8790,False,0.0
SY_esco,-1,8840,False,0.0
SY_esco,-1,8878,True,0.5
SY_esco,-1,9337,True,0.41071016623592577
SY_esco,-1,9501,True,0.7566251211576346
SY_esco,-1,9512,False,0.0
SY_esco,-1,45,True,0.6896141478464605
SY_esco,-1,199,True,0.6404015779112125
SY_esco,-1,458,True,0.7873058369566681
SY_esco,-1,564,True,0.9755304660773263
SY_esco,-1,717,True,0.0
SY_esco,-1,1109,True,0.7563737672485938
SY_esco,-1,1576,True,0.6590927138031041
SY_esco,-1,1711,True,0.0
SY_esco,-1,1868,True,0.0
SY_esco,-1,1942,True,0.5079962845338103
SY_esco,-1,2001,True,0.14581306895648774
SY_esco,-1,2217,True,0.5529467283910295
SY_esco,-1,2354,True,0.7112212247780532
SY_esco,-1,2761,True,0.6588420716843112
SY_esco,-1,2980,True,0.5
SY_esco,-1,3021,True,0.39228257780553377
SY_esco,-1,3030,True,0.15667445993408086
SY_esco,-1,3046,True,0.7218074288837831
SY_esco,-1,3050,True,0.9316858766316714
SY_esco,-1,3288,True,0.6353557688991636
SY_esco,-1,3302,True,0.5240279643238571
SY_esco,-1,3794,True,0.08616534230417455
SY_esco,-1,3920,True,0.7841951061659408
SY_esco,-1,3965,True,0.17454747455504985
SY_esco,-1,4193,True,0.8597186998521971
SY_esco,-1,4294,True,0.072774396339551
SY_esco,-1,4383,True,0.6131021167509018
SY_esco,-1,4474,True,0.4324963668289566
SY_esco,-1,5068,True,0.3684205173543825
SY_esco,-1,5258,True,0.035183209840358984
SY_esco,-1,5306,True,0.6325283701802737
SY_esco,-1,5323,True,0.4574751551902347
SY_esco,-1,5421,True,0.66134862764977
SY_esco,-1,5766,True,0.5156954870238996
SY_esco,-1,5877,True,0.18283082905290599
SY_esco,-1,5887,True,0.3782759072689085
SY_esco,-1,6126,True,0.0
SY_esco,-1,6190,True,0.7591270910877161
SY_esco,-1,6224,True,0.9446105848303192
SY_esco,-1,6465,True,0.2398124665681314
SY_esco,-1,6853,True,0.8540163186228235
SY_esco,-1,6949,True,0.5100576480590504
SY_esco,-1,7107,True,0.5210347493912926
SY_esco,-1,7240,False,0.0
SY_esco,-1,7937,True,0.6568220605865602
SY_esco,-1,8015,True,0.10400954818472671
SY_esco,-1,8066,True,0.22850676916555407
SY_esco,-1,8202,True,0.6003249249868698
SY_esco,-1,8321,True,0.6794771050858174
SY_esco,-1,9222,True,0.682318324560223
SY_esco,-1,9453,True,0.84375
SY_esco,-1,73,True,0.1527563508774787
SY_esco,-1,390,True,0.38181818181818183
SY_esco,-1,424,True,0.08332865488506076
SY_esco,-1,715,True,0.6466771606984637
SY_esco,-1,915,False,0.0
SY_esco,-1,1579,True,0.365944712911398
SY_esco,-1,1643,True,0.9060254355346823
SY_esco,-1,1679,True,0.5725632777402627
SY_esco,-1,1982,True,0.5064177685462934
SY_esco,-1,2027,True,0.6450675512867765
SY_esco,-1,2211,True,0.6131471927654585
SY_esco,-1,2228,True,0.7975404176150624
SY_esco,-1,2352,True,0.16226997636029802
SY_esco,-1,2520,True,1.0
SY_esco,-1,2573,True,0.1430094208842333
SY_esco,-1,2630,True,0.923971352952777
SY_esco,-1,2666,True,0.5364473192685268
SY_esco,-1,2745,True,0.1579928000961482
SY_esco,-1,3149,True,0.3253968253968254
SY_esco,-1,3369,True,0.7551678953049955
SY_esco,-1,3617,True,0.4200842132295339
SY_esco,-1,3862,True,0.07778339604954737
SY_esco,-1,4124,True,0.7880217394431338
SY_esco,-1,4218,True,0.62741025173975
SY_esco,-1,4268,True,0.37647275372687233
SY_esco,-1,4452,True,0.22075799004449917
SY_esco,-1,4522,True,0.7229191671579982
SY_esco,-1,4784,True,0.5654796983660733
SY_esco,-1,5139,False,0.0
SY_esco,-1,5438,True,0.5370612367160316
SY_esco,-1,5565,True,0.6381994758410855
SY_esco,-1,5684,True,0.18565504111764394
SY_esco,-1,5775,True,0.4666086381673762
SY_esco,-1,6110,True,0.49499542243643196
SY_esco,-1,6488,True,0.07410616053079247
SY_esco,-1,6590,True,0.0
SY_esco,-1,6793,True,0.16355707676021905
SY_esco,-1,7090,True,0.3149856127383432
SY_esco,-1,7112,True,0.8345191446705386
SY_esco,-1,7167,True,0.6665968838822275
SY_esco,-1,7287,True,0.4113823323156462
SY_esco,-1,7370,True,0.8131163366530815
SY_esco,-1,7547,True,0.5
SY_esco,-1,7589,True,0.6448244864271548
SY_esco,-1,7622,True,0.39987374917328145
SY_esco,-1,7640,True,0.0
SY_esco,-1,7757,True,0.567674509701528
SY_esco,-1,8162,True,0.7507044150667468
SY_esco,-1,8508,True,0.6131471927654585
SY_esco,-1,8597,True,0.7365639843594679
SY_esco,-1,8771,False,0.0
SY_esco,-1,288,True,0.6710884215798602
SY_esco,-1,635,True,0.7973067152187767
SY_esco,-1,654,True,0.12395253930872727
SY_esco,-1,699,True,0.3311761808220641
SY_esco,-1,743,True,0.6387701587076777
SY_esco,-1,946,True,0.8154648767857287
SY_esco,-1,976,False,0.0
SY_esco,-1,1144,True,1.0
SY_esco,-1,1187,True,0.7697408388554832
SY_esco,-1,1384,True,0.5617658700457956
SY_esco,-1,1415,True,0.09090909090909091
SY_esco,-1,1443,True,0.7668526075789497
SY_esco,-1,1629,True,0.38752958640166063
SY_esco,-1,1684,True,0.08012979673570102
SY_esco,-1,1802,True,0.72774396339551
SY_esco,-1,1914,True,0.89790159707912
SY_esco,-1,2046,True,0.21389690236462613
SY_esco,-1,2071,True,0.12871906039155728
SY_esco,-1,2340,True,0.32894403316032006
SY_esco,-1,2749,True,0.8173987591425567
SY_esco,-1,3517,True,0.5802487271822735
SY_esco,-1,3758,True,0.039513921910830196
SY_esco,-1,4110,True,0.6555203811862252
SY_esco,-1,4111,True,0.611126256860492
SY_esco,-1,4144,True,0.759503237373299
SY_esco,-1,5021,True,0.22415199495126517
SY_esco,-1,5032,True,0.17915596983197113
SY_esco,-1,5096,True,0.6910965179841699
SY_esco,-1,5109,True,0.622584257941604
SY_esco,-1,5114,True,0.319393943239799
SY_esco,-1,5977,True,0.0
SY_esco,-1,5984,True,0.7601875334318686
SY_esco,-1,6353,True,0.6130687710345525
SY_esco,-1,6373,True,0.2358977001310334
SY_esco,-1,6539,True,0.5
SY_esco,-1,6554,True,0.751584695334757
SY_esco,-1,6884,False,0.0
SY_esco,-1,6955,True,0.6545949040327556
SY_esco,-1,7020,True,0.7347272351230145
SY_esco,-1,7029,True,0.7098278145823028
SY_esco,-1,7280,True,0.33889871836954705
SY_esco,-1,7394,True,0.4675327422900529
SY_esco,-1,7795,True,0.36693552144086744
SY_esco,-1,8108,True,0.12131905857585419
SY_esco,-1,8560,True,0.5909090909090909
SY_esco,-1,8632,True,0.432794816241681
SY_esco,-1,8657,True,0.8171208714612633
SY_esco,-1,8777,True,0.5840489420256428
SY_esco,-1,9151,True,0.46533827903669644
SY_esco,-1,9609,False,0.0
KB_hop_esco,-1,102,True,0.8217805191527449
KB_hop_esco,-1,314,True,0.3988079525041288
KB_hop_esco,-1,1068,True,0.5371473664993938
KB_hop_esco,-1,1525,True,0.8216457575161246
KB_hop_esco,-1,1795,True,0.7233970373606051
KB_hop_esco,-1,1929,True,0.9668728882728055
KB_hop_esco,-1,1931,True,0.10975069116694905
KB_hop_esco,-1,1991,True,0.3201837579238444
KB_hop_esco,-1,2528,True,0.8453535157558494
KB_hop_esco,-1,2697,True,0.09010000865236774
KB_hop_esco,-1,2834,True,0.4647374806367267
KB_hop_esco,-1,2845,True,0.3326495578030243
KB_hop_esco,-1,3031,True,0.8891264386045886
KB_hop_esco,-1,3250,True,0.3367710010630006
KB_hop_esco,-1,3308,True,0.9540734464808887
KB_hop_esco,-1,3402,True,0.7928972997975037
KB_hop_esco,-1,3426,True,0.8193939432397991
KB_hop_esco,-1,3449,True,0.7325232756806216
KB_hop_esco,-1,3756,True,0.4857227733184726
KB_hop_esco,-1,4141,True,0.9178902068468359
KB_hop_esco,-1,4210,True,0.5996091568007716
KB_hop_esco,-1,4516,True,0.7601875334318686
KB_hop_esco,-1,4692,True,1.0
KB_hop_esco,-1,4700,False,0.0
KB_hop_esco,-1,4910,False,0.0
KB_hop_esco,-1,4962,False,0.0
KB_hop_esco,-1,5275,True,0.6452868076087945
KB_hop_esco,-1,5671,True,0.26785381881830533
KB_hop_esco,-1,5683,True,0.3326431718481109
KB_hop_esco,-1,6067,True,0.8519750832354629
KB_hop_esco,-1,6378,True,0.6794771050858174
KB_hop_esco,-1,6495,True,0.7594168428055775
KB_hop_esco,-1,6868,True,0.2669507571941387
KB_hop_esco,-1,6880,True,0.819819813875391
KB_hop_esco,-1,7144,True,0.38384225482326545
KB_hop_esco,-1,7413,True,0.33990745925579546
KB_hop_esco,-1,7526,True,0.3868528072345415
KB_hop_esco,-1,7531,True,0.0
KB_hop_esco,-1,7577,True,0.2113949172033253
KB_hop_esco,-1,7621,True,0.9305527638726646
KB_hop_esco,-1,8198,True,0.629914439301496
KB_hop_esco,-1,8442,True,0.201878906520566
KB_hop_esco,-1,8452,True,0.6859309950018484
KB_hop_esco,-1,8476,True,0.517847067773699
KB_hop_esco,-1,8541,True,1.0
KB_hop_esco,-1,8802,True,0.6111808829204866
KB_hop_esco,-1,8816,True,0.0
KB_hop_esco,-1,8852,False,0.0
KB_hop_esco,-1,9099,True,0.46026786929868196
KB_hop_esco,-1,9479,True,0.0
KB_hop_esco,-1,9625,False,0.0
KB_hop_esco,-1,96,True,0.0
KB_hop_esco,-1,171,True,0.827248515399347
KB_hop_esco,-1,328,False,0.0
KB_hop_esco,-1,387,True,0.747589107979818
KB_hop_esco,-1,754,False,0.0
KB_hop_esco,-1,983,True,0.48173026916371686
KB_hop_esco,-1,1039,True,0.7756655312309665
KB_hop_esco,-1,1098,True,0.4496251382001415
KB_hop_esco,-1,1120,True,0.8696227755743193
KB_hop_esco,-1,1275,True,0.9574284411791895
KB_hop_esco,-1,1343,True,1.0
KB_hop_esco,-1,1483,True,0.4243314347843553
KB_hop_esco,-1,2005,True,0.21476261949869827
KB_hop_esco,-1,2048,True,0.8564935926590562
KB_hop_esco,-1,2379,True,0.8952013594235408
KB_hop_esco,-1,2516,True,0.6203700608548804
KB_hop_esco,-1,2601,True,0.8802796499549013
KB_hop_esco,-1,3210,True,0.6219019869700285
KB_hop_esco,-1,3601,False,0.0
KB_hop_esco,-1,3729,True,0.2502697956808873
KB_hop_esco,-1,3832,True,0.736460839485686
KB_hop_esco,-1,4104,True,0.5520501967887232
KB_hop_esco,-1,4286,True,0.7351523281000042
KB_hop_esco,-1,4329,True,0.5306165378285053
KB_hop_esco,-1,4553,True,0.9240503877946847
KB_hop_esco,-1,4790,True,0.5131234342713903
KB_hop_esco,-1,4844,True,0.3618149835636156
KB_hop_esco,-1,4994,True,0.7395454574298493
KB_hop_esco,-1,5020,True,0.5408620024379752
KB_hop_esco,-1,5293,True,0.6278189701171625
KB_hop_esco,-1,5338,True,0.49545657715292873
KB_hop_esco,-1,5343,True,0.7946465898264851
KB_hop_esco,-1,5464,True,0.8120706214759499
KB_hop_esco,-1,5560,True,0.4423968354487764
KB_hop_esco,-1,5719,True,0.6708298207508385
KB_hop_esco,-1,6055,True,0.7601875334318686
KB_hop_esco,-1,6121,True,0.8070793808025308
KB_hop_esco,-1,6128,True,0.8533473419881645
KB_hop_esco,-1,6197,True,0.3543075284622089
KB_hop_esco,-1,6336,True,0.3693203175983365
KB_hop_esco,-1,6577,True,0.6188748331996305
KB_hop_esco,-1,6717,True,1.0
KB_hop_esco,-1,6906,False,0.0
KB_hop_esco,-1,8550,True,1.0
KB_hop_esco,-1,8576,True,0.22889883586484905
KB_hop_esco,-1,8790,False,0.0
KB_hop_esco,-1,8840,False,0.0
KB_hop_esco,-1,8878,True,0.6309297535714573
KB_hop_esco,-1,9337,True,0.30257029730098406
KB_hop_esco,-1,9501,True,0.8548372411650028
KB_hop_esco,-1,9512,False,0.0
KB_hop_esco,-1,45,True,0.7767883104979499
KB_hop_esco,-1,199,True,0.3010299956639808
KB_hop_esco,-1,458,True,0.8919204669322511
KB_hop_esco,-1,564,True,0.9675312470866648
KB_hop_esco,-1,717,True,0.15101961822780524
KB_hop_esco,-1,1109,True,0.8032593978931604
KB_hop_esco,-1,1576,True,0.5435681158457485
KB_hop_esco,-1,1711,True,0.0
KB_hop_esco,-1,1868,True,0.0
KB_hop_esco,-1,1942,True,0.5042267814862281
KB_hop_esco,-1,2001,True,0.5011385844668469
KB_hop_esco,-1,2217,True,0.5065267082131061
KB_hop_esco,-1,2354,True,0.6166122545585693
KB_hop_esco,-1,2761,True,0.9484679026971163
KB_hop_esco,-1,2980,True,0.0
KB_hop_esco,-1,3021,True,0.3288677925100842
KB_hop_esco,-1,3030,True,0.26478450768335343
KB_hop_esco,-1,3046,True,0.8152555781955895
KB_hop_esco,-1,3050,True,0.8426283490663891
KB_hop_esco,-1,3288,True,0.7083840792698121
KB_hop_esco,-1,3302,True,0.5999320089430547
KB_hop_esco,-1,3794,True,0.16516275220362456
KB_hop_esco,-1,3920,True,0.7305669764614283
KB_hop_esco,-1,3965,True,0.0833453092333332
KB_hop_esco,-1,4193,True,1.0
KB_hop_esco,-1,4294,True,0.41234891077258184
KB_hop_esco,-1,4383,True,0.7825438612986856
KB_hop_esco,-1,4474,True,0.5006637062560905
KB_hop_esco,-1,5068,True,0.4723933594750523
KB_hop_esco,-1,5258,True,0.0
KB_hop_esco,-1,5306,True,0.7093792800118915
KB_hop_esco,-1,5323,True,0.8549449925203799
KB_hop_esco,-1,5421,True,0.6446841826155537
KB_hop_esco,-1,5766,True,0.5546034100887628
KB_hop_esco,-1,5877,True,0.42141681632398786
KB_hop_esco,-1,5887,True,0.31926484923530546
KB_hop_esco,-1,6126,True,0.3154648767857289
KB_hop_esco,-1,6190,True,0.8520135690814511
KB_hop_esco,-1,6224,True,0.9633180389503199
KB_hop_esco,-1,6465,True,0.8099531166420328
KB_hop_esco,-1,6853,True,0.8427121572072093
KB_hop_esco,-1,6949,True,0.6525456075044713
KB_hop_esco,-1,7107,True,0.43673949858938654
KB_hop_esco,-1,7240,False,0.0
KB_hop_esco,-1,7937,True,0.7818745837832112
KB_hop_esco,-1,8015,True,0.0
KB_hop_esco,-1,8066,True,0.3132133303742047
KB_hop_esco,-1,8202,True,0.6938819091910016
KB_hop_esco,-1,8321,True,0.5515710520506847
KB_hop_esco,-1,9222,True,0.638787886479598
KB_hop_esco,-1,9453,True,0.8020730463943758
KB_hop_esco,-1,73,True,0.638787886479598
KB_hop_esco,-1,390,True,0.45
KB_hop_esco,-1,424,True,0.7226703302904282
KB_hop_esco,-1,715,True,0.6953995875768086
KB_hop_esco,-1,915,False,0.0
KB_hop_esco,-1,1579,True,0.30218378209774915
KB_hop_esco,-1,1643,True,0.9325210919548241
KB_hop_esco,-1,1679,True,0.7831587006911319
KB_hop_esco,-1,1982,True,0.4346298575932762
KB_hop_esco,-1,2027,True,0.5228465898358717
KB_hop_esco,-1,2211,True,0.6131471927654585
KB_hop_esco,-1,2228,True,0.5805156294128602
KB_hop_esco,-1,2352,True,0.0
KB_hop_esco,-1,2520,True,0.9000265366363484
KB_hop_esco,-1,2573,True,0.06425604298318159
KB_hop_esco,-1,2630,True,0.9009499979225329
KB_hop_esco,-1,2666,True,0.6131271714868123
KB_hop_esco,-1,2745,True,0.04895445613640148
KB_hop_esco,-1,3149,True,0.6523255176772202
KB_hop_esco,-1,3369,True,0.7551678953049955
KB_hop_esco,-1,3617,True,0.27887331041154007
KB_hop_esco,-1,3862,True,0.0
KB_hop_esco,-1,4124,True,0.7212285761416279
KB_hop_esco,-1,4218,True,0.41441190345335793
KB_hop_esco,-1,4268,True,0.26769516319263065
KB_hop_esco,-1,4452,True,0.05583786044522723
KB_hop_esco,-1,4522,True,0.6867848199137166
KB_hop_esco,-1,4784,True,0.80502294157452
KB_hop_esco,-1,5139,False,0.0
KB_hop_esco,-1,5438,True,0.4259633517264886
KB_hop_esco,-1,5565,True,0.7347061880835177
KB_hop_esco,-1,5684,True,0.19998996898452723
KB_hop_esco,-1,5775,True,0.560395094066266
KB_hop_esco,-1,6110,True,0.49499542243643196
KB_hop_esco,-1,6488,True,0.17116499676280603
KB_hop_esco,-1,6590,True,0.0
KB_hop_esco,-1,6793,True,0.7416824147355667
KB_hop_esco,-1,7090,True,0.7260562550820305
KB_hop_esco,-1,7112,True,0.7365896932159578
KB_hop_esco,-1,7167,True,0.7568934485956956
KB_hop_esco,-1,7287,True,0.19083192690518577
KB_hop_esco,-1,7370,True,0.9230004199791668
KB_hop_esco,-1,7547,True,0.5
KB_hop_esco,-1,7589,True,0.6448244864271548
KB_hop_esco,-1,7622,True,0.5397070375520996
KB_hop_esco,-1,7640,True,0.0
KB_hop_esco,-1,7757,True,0.5453156587914634
KB_hop_esco,-1,8162,True,0.7926553935664475
KB_hop_esco,-1,8508,True,0.6131471927654585
KB_hop_esco,-1,8597,True,0.8257367227545926
KB_hop_esco,-1,8771,False,0.0
KB_hop_esco,-1,288,True,0.6486078270872787
KB_hop_esco,-1,635,True,0.7975846724945562
KB_hop_esco,-1,654,True,0.25903812219964306
KB_hop_esco,-1,699,True,0.26012650661733144
KB_hop_esco,-1,743,True,0.673681595672671
KB_hop_esco,-1,946,True,1.0
KB_hop_esco,-1,976,False,0.0
KB_hop_esco,-1,1144,True,0.8436067978706628
KB_hop_esco,-1,1187,True,0.572421557411247
KB_hop_esco,-1,1384,True,0.812051593368337
KB_hop_esco,-1,1415,True,0.3589542101716347
KB_hop_esco,-1,1443,True,0.7837801703173669
KB_hop_esco,-1,1629,True,0.2833081593237985
KB_hop_esco,-1,1684,True,0.22245460412784365
KB_hop_esco,-1,1802,True,0.7362950427907238
KB_hop_esco,-1,1914,True,0.9668728882728055
KB_hop_esco,-1,2046,True,0.5205067333228023
KB_hop_esco,-1,2071,True,0.2883528873597474
KB_hop_esco,-1,2340,True,0.7050687579368828
KB_hop_esco,-1,2749,True,0.7810036190006622
KB_hop_esco,-1,3517,True,0.4951475808198793
KB_hop_esco,-1,3758,True,0.4640967646883222
KB_hop_esco,-1,4110,True,0.5510955993971216
KB_hop_esco,-1,4111,True,0.5413996682199069
KB_hop_esco,-1,4144,True,0.5795202624970331
KB_hop_esco,-1,5021,True,0.13743816645714546
KB_hop_esco,-1,5032,True,0.20975745675570567
KB_hop_esco,-1,5096,True,0.6169011531169316
KB_hop_esco,-1,5109,True,0.5623722118280573
KB_hop_esco,-1,5114,True,0.5209090851403015
KB_hop_esco,-1,5977,True,0.3495045644683343
KB_hop_esco,-1,5984,True,0.8597186998521971
KB_hop_esco,-1,6353,True,0.722478606186943
KB_hop_esco,-1,6373,True,0.12737140874229597
KB_hop_esco,-1,6539,True,0.5
KB_hop_esco,-1,6554,True,0.8061150815348983
KB_hop_esco,-1,6884,False,0.0
KB_hop_esco,-1,6955,True,0.7097694758787408
KB_hop_esco,-1,7020,True,0.6929804564917663
KB_hop_esco,-1,7029,True,0.7888244121950455
KB_hop_esco,-1,7280,True,0.3022727128507537
KB_hop_esco,-1,7394,True,0.4748505837018622
KB_hop_esco,-1,7795,True,0.4204651322173109
KB_hop_esco,-1,8108,True,0.1244541635112973
KB_hop_esco,-1,8560,True,0.8926333265882929
KB_hop_esco,-1,8632,True,0.39723610610147564
KB_hop_esco,-1,8657,True,0.8786594159261206
KB_hop_esco,-1,8777,True,0.607812816316723
KB_hop_esco,-1,9151,True,0.35620718710802235
KB_hop_esco,-1,9609,False,0.0
KB_neighbor_esco,-1,102,True,0.8412509874809571
KB_neighbor_esco,-1,314,True,0.38577060421292003
KB_neighbor_esco,-1,1068,True,0.5718167769406712
KB_neighbor_esco,-1,1525,True,0.7943508443255041
KB_neighbor_esco,-1,1795,True,0.5250396447755598
KB_neighbor_esco,-1,1929,True,0.9516704391399649
KB_neighbor_esco,-1,1931,True,0.2788757447326814
KB_neighbor_esco,-1,1991,True,0.11076246003769862
KB_neighbor_esco,-1,2528,True,0.7689808928618064
KB_neighbor_esco,-1,2697,True,0.2663675653175515
KB_neighbor_esco,-1,2834,True,0.5056577939952956
KB_neighbor_esco,-1,2845,True,0.5472612520618456
KB_neighbor_esco,-1,3031,True,0.7992843899192404
KB_neighbor_esco,-1,3250,True,0.6362367569183126
KB_neighbor_esco,-1,3308,True,0.9234463066997708
KB_neighbor_esco,-1,3402,True,0.5407301827155935
KB_neighbor_esco,-1,3426,True,0.7113812416700669
KB_neighbor_esco,-1,3449,True,0.6506832987719724
KB_neighbor_esco,-1,3756,True,0.6182800358435749
KB_neighbor_esco,-1,4141,True,0.8173496297932501
KB_neighbor_esco,-1,4210,True,0.48463972351731394
KB_neighbor_esco,-1,4516,True,0.7601875334318686
KB_neighbor_esco,-1,4692,True,1.0
KB_neighbor_esco,-1,4700,False,0.0
KB_neighbor_esco,-1,4910,False,0.0
KB_neighbor_esco,-1,4962,False,0.0
KB_neighbor_esco,-1,5275,True,0.6882432547912131
KB_neighbor_esco,-1,5671,True,0.26371127787582865
KB_neighbor_esco,-1,5683,True,0.5358714736295294
KB_neighbor_esco,-1,6067,True,0.7358584145729752
KB_neighbor_esco,-1,6378,True,0.750083834745637
KB_neighbor_esco,-1,6495,True,0.7380352509209214
KB_neighbor_esco,-1,6868,True,0.4381987313561857
KB_neighbor_esco,-1,6880,True,0.8691027984728453
KB_neighbor_esco,-1,7144,True,0.26703394979613426
KB_neighbor_esco,-1,7413,True,0.6316326115034655
KB_neighbor_esco,-1,7526,True,0.30657359638272924
KB_neighbor_esco,-1,7531,True,0.0
KB_neighbor_esco,-1,7577,True,0.0
KB_neighbor_esco,-1,7621,True,0.9305527638726646
KB_neighbor_esco,-1,8198,True,0.4524054424185991
KB_neighbor_esco,-1,8442,True,0.201878906520566
KB_neighbor_esco,-1,8452,True,0.7528914276615334
KB_neighbor_esco,-1,8476,True,0.6654449676970562
KB_neighbor_esco,-1,8541,True,1.0
KB_neighbor_esco,-1,8802,True,0.6111808829204866
KB_neighbor_esco,-1,8816,True,0.19360380123621987
KB_neighbor_esco,-1,8852,False,0.0
KB_neighbor_esco,-1,9099,True,0.34347758107039134
KB_neighbor_esco,-1,9479,True,0.0
KB_neighbor_esco,-1,9625,False,0.0
KB_neighbor_esco,-1,96,True,0.15192475695387456
KB_neighbor_esco,-1,171,True,0.5581667696218635
KB_neighbor_esco,-1,328,False,0.0
KB_neighbor_esco,-1,387,True,0.3862792964992139
KB_neighbor_esco,-1,754,False,0.0
KB_neighbor_esco,-1,983,True,0.5747987215571054
KB_neighbor_esco,-1,1039,True,0.6844781475741565
KB_neighbor_esco,-1,1098,True,0.24532613430850234
KB_neighbor_esco,-1,1120,True,0.8387049772774957
KB_neighbor_esco,-1,1275,True,0.8938076529802378
KB_neighbor_esco,-1,1343,True,1.0
KB_neighbor_esco,-1,1483,True,0.35211897637420586
KB_neighbor_esco,-1,2005,True,0.10699313236726382
KB_neighbor_esco,-1,2048,True,0.6754337638928819
KB_neighbor_esco,-1,2379,True,0.9643012139909657
KB_neighbor_esco,-1,2516,True,0.6168190904879118
KB_neighbor_esco,-1,2601,True,0.5081598995710933
KB_neighbor_esco,-1,3210,True,0.4642945458147223
KB_neighbor_esco,-1,3601,False,0.0
KB_neighbor_esco,-1,3729,True,0.2066589749515551
KB_neighbor_esco,-1,3832,True,0.9225483765838718
KB_neighbor_esco,-1,4104,True,0.627448408632562
KB_neighbor_esco,-1,4286,True,0.4083821661185704
KB_neighbor_esco,-1,4329,True,0.9298593499260984
KB_neighbor_esco,-1,4553,True,0.9035507376760773
KB_neighbor_esco,-1,4790,True,0.6995926547001672
KB_neighbor_esco,-1,4844,True,0.0
KB_neighbor_esco,-1,4994,True,0.8403030283801005
KB_neighbor_esco,-1,5020,True,0.48511624103353634
KB_neighbor_esco,-1,5293,True,0.6558960712925387
KB_neighbor_esco,-1,5338,True,0.5769230769230769
KB_neighbor_esco,-1,5343,True,0.9228952411091786
KB_neighbor_esco,-1,5464,True,0.7680554668431058
KB_neighbor_esco,-1,5560,True,0.2941647556365266
KB_neighbor_esco,-1,5719,True,0.7224057816587537
KB_neighbor_esco,-1,6055,True,0.7601875334318686
KB_neighbor_esco,-1,6121,True,0.8152744284979687
KB_neighbor_esco,-1,6128,True,0.8710707165956255
KB_neighbor_esco,-1,6197,True,0.5908086129072702
KB_neighbor_esco,-1,6336,True,0.3693203175983365
KB_neighbor_esco,-1,6577,True,0.7002516431545087
KB_neighbor_esco,-1,6717,True,0.5
KB_neighbor_esco,-1,6906,False,0.0
KB_neighbor_esco,-1,8550,True,1.0
KB_neighbor_esco,-1,8576,True,0.5782986506629331
KB_neighbor_esco,-1,8790,False,0.0
KB_neighbor_esco,-1,8840,False,0.0
KB_neighbor_esco,-1,8878,True,0.6309297535714573
KB_neighbor_esco,-1,9337,True,0.49747585773719905
KB_neighbor_esco,-1,9501,True,0.7692708647424766
KB_neighbor_esco,-1,9512,False,0.0
KB_neighbor_esco,-1,45,True,0.7760874319685339
KB_neighbor_esco,-1,199,True,0.4306765580733929
KB_neighbor_esco,-1,458,True,0.8894032934925937
KB_neighbor_esco,-1,564,True,1.0
KB_neighbor_esco,-1,717,True,0.0
KB_neighbor_esco,-1,1109,True,0.6803861723911689
KB_neighbor_esco,-1,1576,True,0.697290670912525
KB_neighbor_esco,-1,1711,True,1.0
KB_neighbor_esco,-1,1868,True,0.0
KB_neighbor_esco,-1,1942,True,0.38679456415031443
KB_neighbor_esco,-1,2001,True,0.3612081112025342
KB_neighbor_esco,-1,2217,True,0.6156012978458393
KB_neighbor_esco,-1,2354,True,0.6822214669881521
KB_neighbor_esco,-1,2761,True,0.6495885704906159
KB_neighbor_esco,-1,2980,True,0.0
KB_neighbor_esco,-1,3021,True,0.3118455813630601
KB_neighbor_esco,-1,3030,True,1.0
KB_neighbor_esco,-1,3046,True,0.39210975349080746
KB_neighbor_esco,-1,3050,True,0.924301329451995
KB_neighbor_esco,-1,3288,True,0.6863614897485592
KB_neighbor_esco,-1,3302,True,0.6746038736237758
KB_neighbor_esco,-1,3794,True,0.3010299956639808
KB_neighbor_esco,-1,3920,True,0.845871435914081
KB_neighbor_esco,-1,3965,True,0.32200779640699567
KB_neighbor_esco,-1,4193,True,0.8597186998521971
KB_neighbor_esco,-1,4294,True,0.3559343429255183
KB_neighbor_esco,-1,4383,True,0.6695625408336671
KB_neighbor_esco,-1,4474,True,0.6063223748915132
KB_neighbor_esco,-1,5068,True,0.5970546078110466
KB_neighbor_esco,-1,5258,True,0.0
KB_neighbor_esco,-1,5306,True,0.5949141841094027
KB_neighbor_esco,-1,5323,True,0.5115745073606791
KB_neighbor_esco,-1,5421,True,0.7592114180364041
KB_neighbor_esco,-1,5766,True,0.6348585806378729
KB_neighbor_esco,-1,5877,True,0.34433998297086915
KB_neighbor_esco,-1,5887,True,0.4286660221182562
KB_neighbor_esco,-1,6126,True,0.0
KB_neighbor_esco,-1,6190,True,0.7388893190176271
KB_neighbor_esco,-1,6224,True,0.9178902068468359
KB_neighbor_esco,-1,6465,True,0.474138324798601
KB_neighbor_esco,-1,6853,True,0.8415542045411862
KB_neighbor_esco,-1,6949,True,0.4591293574925105
KB_neighbor_esco,-1,7107,True,0.4689542131734558
KB_neighbor_esco,-1,7240,False,0.0
KB_neighbor_esco,-1,7937,True,0.6038012650678829
KB_neighbor_esco,-1,8015,True,0.0
KB_neighbor_esco,-1,8066,True,0.16905294360024073
KB_neighbor_esco,-1,8202,True,0.716753862960032
KB_neighbor_esco,-1,8321,True,0.6877780145389302
KB_neighbor_esco,-1,9222,True,0.7623463300356241
KB_neighbor_esco,-1,9453,True,0.7971519658059131
KB_neighbor_esco,-1,73,True,0.7330242425186861
KB_neighbor_esco,-1,390,True,0.5136346318487706
KB_neighbor_esco,-1,424,True,0.4190407913545338
KB_neighbor_esco,-1,715,True,0.6537776805558368
KB_neighbor_esco,-1,915,False,0.0
KB_neighbor_esco,-1,1579,True,0.36439937541759837
KB_neighbor_esco,-1,1643,True,0.9674679834891693
KB_neighbor_esco,-1,1679,True,0.6867940710842905
KB_neighbor_esco,-1,1982,True,0.49143237382263394
KB_neighbor_esco,-1,2027,True,0.7198552937918723
KB_neighbor_esco,-1,2211,True,0.6131471927654585
KB_neighbor_esco,-1,2228,True,0.7556538799591567
KB_neighbor_esco,-1,2352,True,0.0
KB_neighbor_esco,-1,2520,True,0.6929817957235749
KB_neighbor_esco,-1,2573,True,0.0408383695176551
KB_neighbor_esco,-1,2630,True,0.827288795962251
KB_neighbor_esco,-1,2666,True,0.5908354671474914
KB_neighbor_esco,-1,2745,True,0.39299397061810554
KB_neighbor_esco,-1,3149,True,0.4897178590313171
KB_neighbor_esco,-1,3369,True,0.5265270508980254
KB_neighbor_esco,-1,3617,True,0.15558668174010043
KB_neighbor_esco,-1,3862,True,0.1462892511287546
KB_neighbor_esco,-1,4124,True,0.8467772251069624
KB_neighbor_esco,-1,4218,True,0.451722915389374
KB_neighbor_esco,-1,4268,True,0.4252623028230666
KB_neighbor_esco,-1,4452,True,0.5658362316216232
KB_neighbor_esco,-1,4522,True,0.7147256419757604
KB_neighbor_esco,-1,4784,True,0.4723351024989953
KB_neighbor_esco,-1,5139,False,0.0
KB_neighbor_esco,-1,5438,True,0.5916285483148647
KB_neighbor_esco,-1,5565,True,0.7504952221894711
KB_neighbor_esco,-1,5684,True,0.06905895790187869
KB_neighbor_esco,-1,5775,True,0.5170692479728304
KB_neighbor_esco,-1,6110,True,0.6259491888136218
KB_neighbor_esco,-1,6488,True,0.22926916966943497
KB_neighbor_esco,-1,6590,True,0.0
KB_neighbor_esco,-1,6793,True,0.5894158415507427
KB_neighbor_esco,-1,7090,True,0.6268769549283688
KB_neighbor_esco,-1,7112,True,0.7383045196580519
KB_neighbor_esco,-1,7167,True,0.6523783187828542
KB_neighbor_esco,-1,7287,True,0.3216728217892411
KB_neighbor_esco,-1,7370,True,0.9036722561458606
KB_neighbor_esco,-1,7547,True,0.5
KB_neighbor_esco,-1,7589,True,0.8626199664389336
KB_neighbor_esco,-1,7622,True,0.426000824284589
KB_neighbor_esco,-1,7640,True,0.0
KB_neighbor_esco,-1,7757,True,0.39013919957965576
KB_neighbor_esco,-1,8162,True,0.7226140360323168
KB_neighbor_esco,-1,8508,True,0.3868528072345415
KB_neighbor_esco,-1,8597,True,0.8169203724240583
KB_neighbor_esco,-1,8771,False,0.0
KB_neighbor_esco,-1,288,True,0.7547877322045672
KB_neighbor_esco,-1,635,True,0.768305125925192
KB_neighbor_esco,-1,654,True,0.19697325187645742
KB_neighbor_esco,-1,699,True,0.6989768911376771
KB_neighbor_esco,-1,743,True,0.6888896717575439
KB_neighbor_esco,-1,946,True,1.0
KB_neighbor_esco,-1,976,False,0.0
KB_neighbor_esco,-1,1144,True,0.8678781302916059
KB_neighbor_esco,-1,1187,True,0.7626526390906047
KB_neighbor_esco,-1,1384,True,0.6240505200038378
KB_neighbor_esco,-1,1415,True,0.16836400998426126
KB_neighbor_esco,-1,1443,True,0.6797023862612831
KB_neighbor_esco,-1,1629,True,0.1681275362711174
KB_neighbor_esco,-1,1684,True,0.3336819061917655
KB_neighbor_esco,-1,1802,True,0.8162604183899579
KB_neighbor_esco,-1,1914,True,0.8938076529802378
KB_neighbor_esco,-1,2046,True,0.11751610475642699
KB_neighbor_esco,-1,2071,True,0.30974139191202427
KB_neighbor_esco,-1,2340,True,0.5462169152524983
KB_neighbor_esco,-1,2749,True,0.9174844743912854
KB_neighbor_esco,-1,3517,True,0.5915182777402462
KB_neighbor_esco,-1,3758,True,0.0
KB_neighbor_esco,-1,4110,True,0.8503449055347547
KB_neighbor_esco,-1,4111,True,0.6984152163370877
KB_neighbor_esco,-1,4144,True,0.28770478028468555
KB_neighbor_esco,-1,5021,True,0.20424960638019773
KB_neighbor_esco,-1,5032,True,0.3552194487889097
KB_neighbor_esco,-1,5096,True,0.6480080998919181
KB_neighbor_esco,-1,5109,True,0.5377205928503032
KB_neighbor_esco,-1,5114,True,0.7224242270408039
KB_neighbor_esco,-1,5977,True,1.0
KB_neighbor_esco,-1,5984,True,0.8597186998521971
KB_neighbor_esco,-1,6353,True,0.5680439466200256
KB_neighbor_esco,-1,6373,True,0.302818359780849
KB_neighbor_esco,-1,6539,True,0.4306765580733929
KB_neighbor_esco,-1,6554,True,0.6831709690436267
KB_neighbor_esco,-1,6884,False,0.0
KB_neighbor_esco,-1,6955,True,0.6495634253905755
KB_neighbor_esco,-1,7020,True,0.6898502263778968
KB_neighbor_esco,-1,7029,True,0.7508148571637653
KB_neighbor_esco,-1,7280,True,0.2428625839210405
KB_neighbor_esco,-1,7394,True,0.31715452879836087
KB_neighbor_esco,-1,7795,True,0.1285431724869026
KB_neighbor_esco,-1,8108,True,0.2532082427574216
KB_neighbor_esco,-1,8560,True,0.7244599755886103
KB_neighbor_esco,-1,8632,True,0.45771984765812157
KB_neighbor_esco,-1,8657,True,0.5770762370141853
KB_neighbor_esco,-1,8777,True,0.6365001446417888
KB_neighbor_esco,-1,9151,True,0.3333333333333335
KB_neighbor_esco,-1,9609,False,0.0
Transformer_esco,-1,102,True,0.8262393681039416
Transformer_esco,-1,314,True,0.47985736285332203
Transformer_esco,-1,1068,True,0.6055264442494854
Transformer_esco,-1,1525,True,0.7606102824286077
Transformer_esco,-1,1795,True,0.5847010089475486
Transformer_esco,-1,1929,True,0.8264321377472147
Transformer_esco,-1,1931,True,0.18518839596835288
Transformer_esco,-1,1991,True,0.38199919657834325
Transformer_esco,-1,2528,True,0.6939274898199458
Transformer_esco,-1,2697,True,0.0
Transformer_esco,-1,2834,True,0.42107953034986195
Transformer_esco,-1,2845,True,0.5018941883889696
Transformer_esco,-1,3031,True,0.8446266324938427
Transformer_esco,-1,3250,True,0.7536288244015783
Transformer_esco,-1,3308,True,0.9230050525882246
Transformer_esco,-1,3402,True,0.8627741278364258
Transformer_esco,-1,3426,True,0.8951340458112402
Transformer_esco,-1,3449,True,0.7924374151452307
Transformer_esco,-1,3756,True,0.49095058740129915
Transformer_esco,-1,4141,True,0.7989933998667081
Transformer_esco,-1,4210,True,0.40268656405538145
Transformer_esco,-1,4516,True,0.8700592720921219
Transformer_esco,-1,4692,True,1.0
Transformer_esco,-1,4700,False,0.0
Transformer_esco,-1,4910,False,0.0
Transformer_esco,-1,4962,False,0.0
Transformer_esco,-1,5275,True,0.6243759508243992
Transformer_esco,-1,5671,True,0.5728377273682008
Transformer_esco,-1,5683,True,0.4906853985027261
Transformer_esco,-1,6067,True,0.8244555950767655
Transformer_esco,-1,6378,True,0.7288376373518841
Transformer_esco,-1,6495,True,0.7510437346586734
Transformer_esco,-1,6868,True,0.6333663461510572
Transformer_esco,-1,6880,True,0.8671865001513771
Transformer_esco,-1,7144,True,0.29366848115436667
Transformer_esco,-1,7413,True,0.0896516830212934
Transformer_esco,-1,7526,True,0.49187069736632105
Transformer_esco,-1,7531,True,0.18457569677956798
Transformer_esco,-1,7577,True,0.0
Transformer_esco,-1,7621,True,0.9146324563457876
Transformer_esco,-1,8198,True,0.568548763228273
Transformer_esco,-1,8442,True,0.5357469703713735
Transformer_esco,-1,8452,True,0.7122669750485517
Transformer_esco,-1,8476,True,0.7584049156456971
Transformer_esco,-1,8541,True,0.9305687780632227
Transformer_esco,-1,8802,True,0.788664998319642
Transformer_esco,-1,8816,True,0.10431529053521328
Transformer_esco,-1,8852,False,0.0
Transformer_esco,-1,9099,True,0.7650506917018767
Transformer_esco,-1,9479,True,0.4715609680921813
Transformer_esco,-1,9625,False,0.0
Transformer_esco,-1,96,True,0.0
Transformer_esco,-1,171,True,0.7439856260350818
Transformer_esco,-1,328,False,0.0
Transformer_esco,-1,387,True,0.7119438849411881
Transformer_esco,-1,754,False,0.0
Transformer_esco,-1,983,True,0.5300751720600284
Transformer_esco,-1,1039,True,0.7486777604954555
Transformer_esco,-1,1098,True,0.27264287964804007
Transformer_esco,-1,1120,True,0.8637656884247635
Transformer_esco,-1,1275,True,0.9585382908638491
Transformer_esco,-1,1343,True,0.40876468265396726
Transformer_esco,-1,1483,True,0.4721018896524186
Transformer_esco,-1,2005,True,0.35093212461088513
Transformer_esco,-1,2048,True,0.7665774163961226
Transformer_esco,-1,2379,True,1.0
Transformer_esco,-1,2516,True,0.7782141378541437
Transformer_esco,-1,2601,True,0.9081389856979345
Transformer_esco,-1,3210,True,0.44462082323355134
Transformer_esco,-1,3601,False,0.0
Transformer_esco,-1,3729,True,0.18169421079767148
Transformer_esco,-1,3832,True,0.799019288610687
Transformer_esco,-1,4104,True,0.8157823674520008
Transformer_esco,-1,4286,True,0.6685209499873576
Transformer_esco,-1,4329,True,1.0
Transformer_esco,-1,4553,True,0.9656575943683696
Transformer_esco,-1,4790,True,0.2184074368181643
Transformer_esco,-1,4844,True,0.57064171895532
Transformer_esco,-1,4994,True,0.7623463300356241
Transformer_esco,-1,5020,True,0.47840016544480346
Transformer_esco,-1,5293,True,0.7392063378930235
Transformer_esco,-1,5338,True,0.7510410750275195
Transformer_esco,-1,5343,True,0.7982930374015834
Transformer_esco,-1,5464,True,0.9666230067972283
Transformer_esco,-1,5560,True,0.789758865079894
Transformer_esco,-1,5719,True,0.597205400261366
Transformer_esco,-1,6055,True,0.975117208394918
Transformer_esco,-1,6121,True,0.873560598990858
Transformer_esco,-1,6128,True,0.841268878295563
Transformer_esco,-1,6197,True,0.467503786866295
Transformer_esco,-1,6336,True,0.3693203175983365
Transformer_esco,-1,6577,True,0.5496018035898464
Transformer_esco,-1,6717,True,0.6309297535714573
Transformer_esco,-1,6906,False,0.0
Transformer_esco,-1,8550,True,0.6309297535714573
Transformer_esco,-1,8576,True,0.38876433650641634
Transformer_esco,-1,8790,False,0.0
Transformer_esco,-1,8840,False,0.0
Transformer_esco,-1,8878,True,1.0
Transformer_esco,-1,9337,True,0.3195827711902565
Transformer_esco,-1,9501,True,0.9247777339392342
Transformer_esco,-1,9512,False,0.0
Transformer_esco,-1,45,True,0.6338087240284427
Transformer_esco,-1,199,True,0.0
Transformer_esco,-1,458,True,0.9350624941733298
Transformer_esco,-1,564,True,0.9675312470866648
Transformer_esco,-1,717,True,0.1681275362711174
Transformer_esco,-1,1109,True,0.9060352570516291
Transformer_esco,-1,1576,True,0.8119876847615581
Transformer_esco,-1,1711,True,0.46533827903669644
Transformer_esco,-1,1868,True,0.0
Transformer_esco,-1,1942,True,0.6188105037216044
Transformer_esco,-1,2001,True,0.35831537498454175
Transformer_esco,-1,2217,True,0.7422329748991158
Transformer_esco,-1,2354,True,0.7838821849675842
Transformer_esco,-1,2761,True,0.664550862590272
Transformer_esco,-1,2980,True,0.4306765580733929
Transformer_esco,-1,3021,True,0.6405486247512905
Transformer_esco,-1,3030,True,0.30824743622485484
Transformer_esco,-1,3046,True,0.9051448016575612
Transformer_esco,-1,3050,True,0.8222815750222857
Transformer_esco,-1,3288,True,0.6443145611779529
Transformer_esco,-1,3302,True,0.5758833919584749
Transformer_esco,-1,3794,True,0.40876468265396726
Transformer_esco,-1,3920,True,0.8311348778633562
Transformer_esco,-1,3965,True,0.09325030741737927
Transformer_esco,-1,4193,True,1.0
Transformer_esco,-1,4294,True,0.10912004154869837
Transformer_esco,-1,4383,True,0.8770048601917618
Transformer_esco,-1,4474,True,0.566768368731731
Transformer_esco,-1,5068,True,0.40913658210752385
Transformer_esco,-1,5258,True,0.07328439752622516
Transformer_esco,-1,5306,True,0.6812610301760961
Transformer_esco,-1,5323,True,0.7301820157263696
Transformer_esco,-1,5421,True,0.6827037309191686
Transformer_esco,-1,5766,True,0.7261729379550654
Transformer_esco,-1,5877,True,0.43113784331214217
Transformer_esco,-1,5887,True,0.5164063492027552
Transformer_esco,-1,6126,True,0.3587977758919658
Transformer_esco,-1,6190,True,0.8660086221855945
Transformer_esco,-1,6224,True,0.966782294401647
Transformer_esco,-1,6465,True,0.6433224083306326
Transformer_esco,-1,6853,True,0.9108018161122793
Transformer_esco,-1,6949,True,0.7345000466603374
Transformer_esco,-1,7107,True,0.5056274846443675
Transformer_esco,-1,7240,False,0.0
Transformer_esco,-1,7937,True,0.745429548566726
Transformer_esco,-1,8015,True,0.0
Transformer_esco,-1,8066,True,0.12116745611854099
Transformer_esco,-1,8202,True,0.7613047007980949
Transformer_esco,-1,8321,True,0.8562761817653992
Transformer_esco,-1,9222,True,0.7763433706236034
Transformer_esco,-1,9453,True,0.784512989113351
Transformer_esco,-1,73,True,0.2592129779820184
Transformer_esco,-1,390,True,0.7136215535409447
Transformer_esco,-1,424,True,0.6700785824987328
Transformer_esco,-1,715,True,0.7568074017969435
Transformer_esco,-1,915,False,0.0
Transformer_esco,-1,1579,True,0.46945889121580475
Transformer_esco,-1,1643,True,0.8854598815714875
Transformer_esco,-1,1679,True,0.8281251985064745
Transformer_esco,-1,1982,True,0.4615890699208637
Transformer_esco,-1,2027,True,0.6381982808439712
Transformer_esco,-1,2211,True,0.6131471927654585
Transformer_esco,-1,2228,True,0.7967572111616954
Transformer_esco,-1,2352,True,0.5
Transformer_esco,-1,2520,True,0.9631681300427327
Transformer_esco,-1,2573,True,0.0543026559841585
Transformer_esco,-1,2630,True,0.9256180470797135
Transformer_esco,-1,2666,True,0.6090355515002621
Transformer_esco,-1,2745,True,0.08376355393230296
Transformer_esco,-1,3149,True,0.6454962574082183
Transformer_esco,-1,3369,True,0.8108753386308655
Transformer_esco,-1,3617,True,0.47455869547384916
Transformer_esco,-1,3862,True,0.0
Transformer_esco,-1,4124,True,0.8473321476260315
Transformer_esco,-1,4218,True,0.5410429157193735
Transformer_esco,-1,4268,True,0.22486199286338604
Transformer_esco,-1,4452,True,0.09750766134500015
Transformer_esco,-1,4522,True,0.6475553980534058
Transformer_esco,-1,4784,True,0.941506882472356
Transformer_esco,-1,5139,False,0.0
Transformer_esco,-1,5438,True,0.6926727636487382
Transformer_esco,-1,5565,True,0.8455221914852642
Transformer_esco,-1,5684,True,0.1973977853906857
Transformer_esco,-1,5775,True,0.7085674426824531
Transformer_esco,-1,6110,True,0.5014721341201344
Transformer_esco,-1,6488,True,0.4306347451445803
Transformer_esco,-1,6590,True,0.0
Transformer_esco,-1,6793,True,0.4330609855720537
Transformer_esco,-1,7090,True,0.7186114799359464
Transformer_esco,-1,7112,True,0.7668091220635322
Transformer_esco,-1,7167,True,0.628706645964547
Transformer_esco,-1,7287,True,0.33097056207157377
Transformer_esco,-1,7370,True,0.8660480323506797
Transformer_esco,-1,7547,True,0.5
Transformer_esco,-1,7589,True,0.9705437052559006
Transformer_esco,-1,7622,True,0.5967929884130543
Transformer_esco,-1,7640,True,0.0
Transformer_esco,-1,7757,True,0.6233244227626905
Transformer_esco,-1,8162,True,0.6732544199462541
Transformer_esco,-1,8508,True,0.2184074368181643
Transformer_esco,-1,8597,True,0.8288046940198481
Transformer_esco,-1,8771,False,0.0
Transformer_esco,-1,288,True,0.7576050586798886
Transformer_esco,-1,635,True,0.7230500513233185
Transformer_esco,-1,654,True,0.40734773697178256
Transformer_esco,-1,699,True,0.5645252544249326
Transformer_esco,-1,743,True,0.5330820520092293
Transformer_esco,-1,946,True,1.0
Transformer_esco,-1,976,False,0.0
Transformer_esco,-1,1144,True,0.715349674886011
Transformer_esco,-1,1187,True,0.8286341846178973
Transformer_esco,-1,1384,True,0.4491485849662196
Transformer_esco,-1,1415,True,0.6725846471716782
Transformer_esco,-1,1443,True,0.7230437555514853
Transformer_esco,-1,1629,True,0.3638184934971569
Transformer_esco,-1,1684,True,0.19595127901151166
Transformer_esco,-1,1802,True,0.7906930333677917
Transformer_esco,-1,1914,True,0.8948256838011641
Transformer_esco,-1,2046,True,0.13905617951077567
Transformer_esco,-1,2071,True,0.35322957208088773
Transformer_esco,-1,2340,True,0.6724559848537955
Transformer_esco,-1,2749,True,0.9282319980581043
Transformer_esco,-1,3517,True,0.5710432081945414
Transformer_esco,-1,3758,True,0.10209739512291151
Transformer_esco,-1,4110,True,0.8175295903539447
Transformer_esco,-1,4111,True,0.7095272044910244
Transformer_esco,-1,4144,True,0.7186119177860233
Transformer_esco,-1,5021,True,0.26505310129300313
Transformer_esco,-1,5032,True,0.5435141111470252
Transformer_esco,-1,5096,True,0.6966366520231376
Transformer_esco,-1,5109,True,0.7126042168130119
Transformer_esco,-1,5114,True,0.7224242270408039
Transformer_esco,-1,5977,True,1.0
Transformer_esco,-1,5984,True,0.8597186998521971
Transformer_esco,-1,6353,True,0.5665260050678644
Transformer_esco,-1,6373,True,0.12737140874229597
Transformer_esco,-1,6539,True,0.5
Transformer_esco,-1,6554,True,0.8482378089219645
Transformer_esco,-1,6884,False,0.0
Transformer_esco,-1,6955,True,0.5003562821195411
Transformer_esco,-1,7020,True,0.8865247743480511
Transformer_esco,-1,7029,True,0.7678989400010074
Transformer_esco,-1,7280,True,0.2938406966301002
Transformer_esco,-1,7394,True,0.5448093677928257
Transformer_esco,-1,7795,True,0.45458116667444537
Transformer_esco,-1,8108,True,0.2200917662980802
Transformer_esco,-1,8560,True,0.7564837669012545
Transformer_esco,-1,8632,True,0.5110450921250046
Transformer_esco,-1,8657,True,0.5998659576511136
Transformer_esco,-1,8777,True,0.8606422196025294
Transformer_esco,-1,9151,True,0.3010299956639808
Transformer_esco,-1,9609,False,0.0
Transformer_raw,-1,102,True,0.941723110015603
Transformer_raw,-1,314,True,0.3295218741901082
Transformer_raw,-1,1068,True,0.8121708286190871
Transformer_raw,-1,1525,True,0.7771875255014237
Transformer_raw,-1,1795,True,0.7220553329579463
Transformer_raw,-1,1929,True,0.8877170813268572
Transformer_raw,-1,1931,True,0.0
Transformer_raw,-1,1991,True,0.7674472757581255
Transformer_raw,-1,2528,True,0.8058461824069421
Transformer_raw,-1,2697,True,0.3214262881596697
Transformer_raw,-1,2834,True,0.6694852418961832
Transformer_raw,-1,2845,True,0.9175985653872264
Transformer_raw,-1,3031,True,0.8139080918003926
Transformer_raw,-1,3250,True,0.7426933703308447
Transformer_raw,-1,3308,True,0.9467676761267002
Transformer_raw,-1,3402,True,0.6982433396005299
Transformer_raw,-1,3426,True,0.5694371272018832
Transformer_raw,-1,3449,True,0.8949860606153299
Transformer_raw,-1,3756,True,0.6186334620300613
Transformer_raw,-1,4141,True,0.8497704642898524
Transformer_raw,-1,4210,True,0.6207677237269676
Transformer_raw,-1,4516,True,0.9238850086262383
Transformer_raw,-1,4692,True,1.0
Transformer_raw,-1,4700,False,0.0
Transformer_raw,-1,4910,False,0.0
Transformer_raw,-1,4962,False,0.0
Transformer_raw,-1,5275,True,0.6128546346776627
Transformer_raw,-1,5671,True,0.7148867630751978
Transformer_raw,-1,5683,True,0.7753549986204096
Transformer_raw,-1,6067,True,0.7882978203255309
Transformer_raw,-1,6378,True,0.7431502441333564
Transformer_raw,-1,6495,True,0.5743457957928938
Transformer_raw,-1,6868,True,0.6758448243890244
Transformer_raw,-1,6880,True,0.8920319660003765
Transformer_raw,-1,7144,True,0.23570028823871036
Transformer_raw,-1,7413,True,0.3602015447252028
Transformer_raw,-1,7526,True,0.30657359638272924
Transformer_raw,-1,7531,True,0.2184074368181643
Transformer_raw,-1,7577,True,0.19412816599510838
Transformer_raw,-1,7621,True,0.9659804619501942
Transformer_raw,-1,8198,True,0.6512523526921962
Transformer_raw,-1,8442,True,0.201878906520566
Transformer_raw,-1,8452,True,0.6794996753341389
Transformer_raw,-1,8476,True,0.8107335834257124
Transformer_raw,-1,8541,True,1.0
Transformer_raw,-1,8802,True,0.7273339048874957
Transformer_raw,-1,8816,True,0.330417763772725
Transformer_raw,-1,8852,False,0.0
Transformer_raw,-1,9099,True,0.6947165746827002
Transformer_raw,-1,9479,True,0.6105097004455943
Transformer_raw,-1,9625,False,0.0
Transformer_raw,-1,96,True,0.23719771276929624
Transformer_raw,-1,171,True,0.5844522846044453
Transformer_raw,-1,328,False,0.0
Transformer_raw,-1,387,True,0.7690923576472853
Transformer_raw,-1,754,False,0.0
Transformer_raw,-1,983,True,0.7845917487185172
Transformer_raw,-1,1039,True,0.70834788175474
Transformer_raw,-1,1098,True,0.5469583689689029
Transformer_raw,-1,1120,True,0.9602393641058814
Transformer_raw,-1,1275,True,0.9608008655106622
Transformer_raw,-1,1343,True,0.4306765580733929
Transformer_raw,-1,1483,True,0.48040277270746906
Transformer_raw,-1,2005,True,0.27167749775971956
Transformer_raw,-1,2048,True,0.45452815524184786
Transformer_raw,-1,2379,True,1.0
Transformer_raw,-1,2516,True,0.7860546276133161
Transformer_raw,-1,2601,True,0.9189406705673389
Transformer_raw,-1,3210,True,0.9409232273217173
Transformer_raw,-1,3601,False,0.0
Transformer_raw,-1,3729,True,0.2653474052555245
Transformer_raw,-1,3832,True,0.8644089961449912
Transformer_raw,-1,4104,True,0.6956651546530347
Transformer_raw,-1,4286,True,0.7
Transformer_raw,-1,4329,True,0.6696718164942299
Transformer_raw,-1,4553,True,0.9656575943683696
Transformer_raw,-1,4790,True,0.5
Transformer_raw,-1,4844,True,0.6934264036172708
Transformer_raw,-1,4994,True,0.7763433706236034
Transformer_raw,-1,5020,True,0.585621899194027
Transformer_raw,-1,5293,True,0.5687513795691695
Transformer_raw,-1,5338,True,0.893175480929574
Transformer_raw,-1,5343,True,0.9487681814601266
Transformer_raw,-1,5464,True,0.7829440859954672
Transformer_raw,-1,5560,True,0.7980794348171792
Transformer_raw,-1,5719,True,0.7159897109064421
Transformer_raw,-1,6055,True,0.4841275646907875
Transformer_raw,-1,6121,True,0.9500000000000001
Transformer_raw,-1,6128,True,0.8206416790499369
Transformer_raw,-1,6197,True,0.6286147208824258
Transformer_raw,-1,6336,True,0.49331206158120083
Transformer_raw,-1,6577,True,0.7590595322101659
Transformer_raw,-1,6717,True,0.6309297535714573
Transformer_raw,-1,6906,False,0.0
Transformer_raw,-1,8550,True,0.5654648767857287
Transformer_raw,-1,8576,True,0.3842937245136025
Transformer_raw,-1,8790,False,0.0
Transformer_raw,-1,8840,False,0.0
Transformer_raw,-1,8878,True,1.0
Transformer_raw,-1,9337,True,0.6663180938082344
Transformer_raw,-1,9501,True,0.8575216318228506
Transformer_raw,-1,9512,False,0.0
Transformer_raw,-1,45,True,0.8817014705428208
Transformer_raw,-1,199,True,0.0
Transformer_raw,-1,458,True,0.699636683010503
Transformer_raw,-1,564,True,1.0
Transformer_raw,-1,717,True,0.4979149844112483
Transformer_raw,-1,1109,True,0.9276737537834677
Transformer_raw,-1,1576,True,0.8544313634495576
Transformer_raw,-1,1711,True,1.0
Transformer_raw,-1,1868,True,0.19004688335796716
Transformer_raw,-1,1942,True,0.6924957205894821
Transformer_raw,-1,2001,True,0.8048002717580061
Transformer_raw,-1,2217,True,0.5909478262486239
Transformer_raw,-1,2354,True,0.5007458580872269
Transformer_raw,-1,2761,True,0.8018549481012739
Transformer_raw,-1,2980,True,0.0
Transformer_raw,-1,3021,True,0.7137029869251247
Transformer_raw,-1,3030,True,0.4306765580733929
Transformer_raw,-1,3046,True,0.9100975801781551
Transformer_raw,-1,3050,True,0.7774720784110998
Transformer_raw,-1,3288,True,0.6628882329714392
Transformer_raw,-1,3302,True,0.7034379977174043
Transformer_raw,-1,3794,True,0.5
Transformer_raw,-1,3920,True,0.7752160840429317
Transformer_raw,-1,3965,True,0.14458812061175566
Transformer_raw,-1,4193,True,1.0
Transformer_raw,-1,4294,True,0.30245367082350266
Transformer_raw,-1,4383,True,0.9681896059005243
Transformer_raw,-1,4474,True,0.5894009844715778
Transformer_raw,-1,5068,True,0.4948096808775999
Transformer_raw,-1,5258,True,0.23230604393401819
Transformer_raw,-1,5306,True,0.7303355427219197
Transformer_raw,-1,5323,True,0.8869808334128775
Transformer_raw,-1,5421,True,0.646910724408373
Transformer_raw,-1,5766,True,0.684162207646587
Transformer_raw,-1,5877,True,0.5374891772931593
Transformer_raw,-1,5887,True,0.4316524597011296
Transformer_raw,-1,6126,True,0.4306765580733929
Transformer_raw,-1,6190,True,0.8774715178841748
Transformer_raw,-1,6224,True,0.8967920338824555
Transformer_raw,-1,6465,True,1.0
Transformer_raw,-1,6853,True,0.7814050560947583
Transformer_raw,-1,6949,True,0.6704390190997876
Transformer_raw,-1,7107,True,0.8214763174566566
Transformer_raw,-1,7240,False,0.0
Transformer_raw,-1,7937,True,0.6422826128546903
Transformer_raw,-1,8015,True,0.0
Transformer_raw,-1,8066,True,0.3132133303742047
Transformer_raw,-1,8202,True,0.7006847850207913
Transformer_raw,-1,8321,True,0.8277801660067685
Transformer_raw,-1,9222,True,0.638787886479598
Transformer_raw,-1,9453,True,0.8697099791774218
Transformer_raw,-1,73,True,0.4793650192039576
Transformer_raw,-1,390,True,0.37414808202999217
Transformer_raw,-1,424,True,0.6389290305258715
Transformer_raw,-1,715,True,0.7307990435975122
Transformer_raw,-1,915,False,0.0
Transformer_raw,-1,1579,True,0.541319556756116
Transformer_raw,-1,1643,True,0.9674679834891693
Transformer_raw,-1,1679,True,0.8029685055237263
Transformer_raw,-1,1982,True,0.5676386556466452
Transformer_raw,-1,2027,True,0.8605667665201555
Transformer_raw,-1,2211,True,0.30657359638272924
Transformer_raw,-1,2228,True,0.9271551316264938
Transformer_raw,-1,2352,True,0.4306765580733929
Transformer_raw,-1,2520,True,0.9663038934433613
Transformer_raw,-1,2573,True,0.12538879825521929
Transformer_raw,-1,2630,True,0.9668728882728055
Transformer_raw,-1,2666,True,0.7900763169550569
Transformer_raw,-1,2745,True,0.6932463489836049
Transformer_raw,-1,3149,True,0.718560201369789
Transformer_raw,-1,3369,True,0.7551678953049955
Transformer_raw,-1,3617,True,0.8604692066817927
Transformer_raw,-1,3862,True,0.0
Transformer_raw,-1,4124,True,0.859335287097131
Transformer_raw,-1,4218,True,0.5511373702966393
Transformer_raw,-1,4268,True,0.49077759338472843
Transformer_raw,-1,4452,True,0.3605632814169306
Transformer_raw,-1,4522,True,0.6792979438982307
Transformer_raw,-1,4784,True,0.9166666666666666
Transformer_raw,-1,5139,False,0.0
Transformer_raw,-1,5438,True,0.6607873898045202
Transformer_raw,-1,5565,True,0.5046475058643667
Transformer_raw,-1,5684,True,0.18136106425441778
Transformer_raw,-1,5775,True,0.557943253315104
Transformer_raw,-1,6110,True,0.6000858342569355
Transformer_raw,-1,6488,True,0.46944773626110625
Transformer_raw,-1,6590,True,0.0
Transformer_raw,-1,6793,True,0.4137430865621692
Transformer_raw,-1,7090,True,0.7014383594183784
Transformer_raw,-1,7112,True,0.871181124636696
Transformer_raw,-1,7167,True,0.9352766419533457
Transformer_raw,-1,7287,True,0.36369963130939215
Transformer_raw,-1,7370,True,0.7822895829928059
Transformer_raw,-1,7547,True,0.7308337686846587
Transformer_raw,-1,7589,True,1.0
Transformer_raw,-1,7622,True,0.6070471366520381
Transformer_raw,-1,7640,True,0.40876468265396726
Transformer_raw,-1,7757,True,0.766305752141883
Transformer_raw,-1,8162,True,0.8742923460634529
Transformer_raw,-1,8508,True,0.24612585322625338
Transformer_raw,-1,8597,True,0.86445576451351
Transformer_raw,-1,8771,False,0.0
Transformer_raw,-1,288,True,0.7694428460914032
Transformer_raw,-1,635,True,0.7632539715889916
Transformer_raw,-1,654,True,0.8131548886591975
Transformer_raw,-1,699,True,0.7605591431973849
Transformer_raw,-1,743,True,0.843953363170606
Transformer_raw,-1,946,True,1.0
Transformer_raw,-1,976,False,0.0
Transformer_raw,-1,1144,True,0.8261050447584347
Transformer_raw,-1,1187,True,0.8500983324556813
Transformer_raw,-1,1384,True,0.7640681225725908
Transformer_raw,-1,1415,True,0.4966060056440924
Transformer_raw,-1,1443,True,0.7105580406801116
Transformer_raw,-1,1629,True,0.15101961822780524
Transformer_raw,-1,1684,True,0.21814917926546634
Transformer_raw,-1,1802,True,0.9359333490595959
Transformer_raw,-1,1914,True,0.6671635541723223
Transformer_raw,-1,2046,True,0.0
Transformer_raw,-1,2071,True,0.3008473407542965
Transformer_raw,-1,2340,True,0.7170961403808231
Transformer_raw,-1,2749,True,0.7728616354844007
Transformer_raw,-1,3517,True,0.6044664082650584
Transformer_raw,-1,3758,True,0.5111381318124145
Transformer_raw,-1,4110,True,0.8503449055347547
Transformer_raw,-1,4111,True,0.7877020569606368
Transformer_raw,-1,4144,True,0.7413215337096128
Transformer_raw,-1,5021,True,0.331188413952008
Transformer_raw,-1,5032,True,0.4619991601071226
Transformer_raw,-1,5096,True,0.8902015106163806
Transformer_raw,-1,5109,True,0.5587953081132435
Transformer_raw,-1,5114,True,0.8821211986607034
Transformer_raw,-1,5977,True,1.0
Transformer_raw,-1,5984,True,0.6199062332840659
Transformer_raw,-1,6353,True,0.6925112569661658
Transformer_raw,-1,6373,True,0.40015054857209137
Transformer_raw,-1,6539,True,0.5
Transformer_raw,-1,6554,True,0.9681896059005243
Transformer_raw,-1,6884,False,0.0
Transformer_raw,-1,6955,True,0.673930768815825
Transformer_raw,-1,7020,True,0.7536284914789646
Transformer_raw,-1,7029,True,0.6240428610253764
Transformer_raw,-1,7280,True,0.10075757095025129
Transformer_raw,-1,7394,True,0.48923422411346895
Transformer_raw,-1,7795,True,0.6603867557409308
Transformer_raw,-1,8108,True,0.20773264986280773
Transformer_raw,-1,8560,True,0.8583837417513669
Transformer_raw,-1,8632,True,0.7150222276040685
Transformer_raw,-1,8657,True,0.6615580905572639
Transformer_raw,-1,8777,True,0.8076923076923077
Transformer_raw,-1,9151,True,1.0
Transformer_raw,-1,9609,False,0.0
Placebo,0,102,True,0.8165901947515998
Placebo,0,314,True,0.30553379432601485
Placebo,0,1068,True,0.2091359283744574
Placebo,0,1525,True,0.1775974789821119
Placebo,0,1795,True,0.4086505729640723
Placebo,0,1929,True,0.32168895016448124
Placebo,0,1931,True,0.18701145604403488
Placebo,0,1991,True,0.3671454793333969
Placebo,0,2528,True,0.24625940144334468
Placebo,0,2697,True,0.18873103118020407
Placebo,0,2834,True,0.3551006740423568
Placebo,0,2845,True,0.10698375590820809
Placebo,0,3031,True,0.040742031470253154
Placebo,0,3250,True,0.24293507976653914
Placebo,0,3308,True,0.22754083620157634
Placebo,0,3402,True,0.0
Placebo,0,3426,True,0.0
Placebo,0,3449,True,0.22008110959723584
Placebo,0,3756,True,0.1643548980682564
Placebo,0,4141,True,0.6227150018926831
Placebo,0,4210,True,0.15752625954440025
Placebo,0,4516,True,0.0
Placebo,0,4692,True,0.3333333333333335
Placebo,0,4700,False,0.0
Placebo,0,4910,False,0.0
Placebo,0,4962,False,0.0
Placebo,0,5275,True,0.1447096542708443
Placebo,0,5671,True,0.04565679690686911
Placebo,0,5683,True,0.4379541111907366
Placebo,0,6067,True,0.5226738416683689
Placebo,0,6378,True,0.4539944751012504
Placebo,0,6495,True,0.1421353189934067
Placebo,0,6868,True,0.17034151401622252
Placebo,0,6880,True,0.3248181101455799
Placebo,0,7144,True,0.05109165667032166
Placebo,0,7413,True,0.2395946327817041
Placebo,0,7526,True,0.3868528072345415
Placebo,0,7531,True,0.48381288316677684
Placebo,0,7577,True,0.0
Placebo,0,7621,True,0.23537653116186527
Placebo,0,8198,True,0.08942343011587106
Placebo,0,8442,True,0.18960006410513758
Placebo,0,8452,True,0.42465278335053686
Placebo,0,8476,True,0.251303007559502
Placebo,0,8541,True,0.41330558103635634
Placebo,0,8802,True,0.2629715906500914
Placebo,0,8816,True,0.2000261432283434
Placebo,0,8852,False,0.0
Placebo,0,9099,True,0.2244868345280454
Placebo,0,9479,True,0.0
Placebo,0,9625,False,0.0
Placebo,0,96,True,0.0
Placebo,0,171,True,0.20877271093718397
Placebo,0,328,False,0.0
Placebo,0,387,True,0.40734773697178256
Placebo,0,754,False,0.0
Placebo,0,983,True,0.27466449744243837
Placebo,0,1039,True,0.6209577102477948
Placebo,0,1098,True,0.1773643015798721
Placebo,0,1120,True,0.1000130716141717
Placebo,0,1275,True,0.6867742629219658
Placebo,0,1343,True,0.0
Placebo,0,1483,True,0.16195671984435944
Placebo,0,2005,True,0.5087403079104241
Placebo,0,2048,True,0.379560201094857
Placebo,0,2379,True,0.5693071930047476
Placebo,0,2516,True,0.11827022936881548
Placebo,0,2601,True,0.16078277618017145
Placebo,0,3210,True,0.3512513728817765
Placebo,0,3601,False,0.0
Placebo,0,3729,True,0.1375437987065647
Placebo,0,3832,True,0.6448046210393557
Placebo,0,4104,True,0.2078616071373639
Placebo,0,4286,True,0.329798019301918
Placebo,0,4329,True,0.0
Placebo,0,4553,True,0.06562469259663067
Placebo,0,4790,True,0.0
Placebo,0,4844,True,0.0
Placebo,0,4994,True,0.0
Placebo,0,5020,True,0.1654372230909137
Placebo,0,5293,True,0.37340723435971335
Placebo,0,5338,True,0.45207656448129313
Placebo,0,5343,True,0.04353781328125618
Placebo,0,5464,True,0.0
Placebo,0,5560,True,0.4063527819376604
Placebo,0,5719,True,0.12870538059179573
Placebo,0,6055,True,0.07324782577350217
Placebo,0,6121,True,0.30504156573647795
Placebo,0,6128,True,0.3480742290008767
Placebo,0,6197,True,0.11219946564606692
Placebo,0,6336,True,0.11479194327966748
Placebo,0,6577,True,0.33765396715433993
Placebo,0,6717,True,0.0
Placebo,0,6906,False,0.0
Placebo,0,8550,True,0.0
Placebo,0,8576,True,0.3932711387832976
Placebo,0,8790,False,0.0
Placebo,0,8840,False,0.0
Placebo,0,8878,True,0.3154648767857289
Placebo,0,9337,True,0.0
Placebo,0,9501,True,0.3499309911536631
Placebo,0,9512,False,0.0
Placebo,0,45,True,0.10975131898723874
Placebo,0,199,True,0.0
Placebo,0,458,True,0.5908013839835797
Placebo,0,564,True,0.7163862545981746
Placebo,0,717,True,0.0
Placebo,0,1109,True,0.43650150275628025
Placebo,0,1576,True,0.11853000556688278
Placebo,0,1711,True,0.0
Placebo,0,1868,True,0.0
Placebo,0,1942,True,0.2987643789256531
Placebo,0,2001,True,0.16195671984435944
Placebo,0,2217,True,0.21814917926546634
Placebo,0,2354,True,0.3778805849373476
Placebo,0,2761,True,0.3903800499921017
Placebo,0,2980,True,0.3154648767857289
Placebo,0,3021,True,0.22304004934627805
Placebo,0,3030,True,0.0
Placebo,0,3046,True,0.0
Placebo,0,3050,True,0.3514666606865664
Placebo,0,3288,True,0.0879405409051344
Placebo,0,3302,True,0.14713639966302222
Placebo,0,3794,True,0.0
Placebo,0,3920,True,0.08148406294050631
Placebo,0,3965,True,0.049941400570997205
Placebo,0,4193,True,0.0
Placebo,0,4294,True,0.24844481188052703
Placebo,0,4383,True,0.20576970704386424
Placebo,0,4474,True,0.1322093249512809
Placebo,0,5068,True,0.2031926591658812
Placebo,0,5258,True,0.0898682452334257
Placebo,0,5306,True,0.3833570208694601
Placebo,0,5323,True,0.2005000107421525
Placebo,0,5421,True,0.6611785224424231
Placebo,0,5766,True,0.4774950364891247
Placebo,0,5877,True,0.0
Placebo,0,5887,True,0.38489674511249816
Placebo,0,6126,True,0.0
Placebo,0,6190,True,0.3202525795295785
Placebo,0,6224,True,0.1243422521309587
Placebo,0,6465,True,0.0
Placebo,0,6853,True,0.10232684867015737
Placebo,0,6949,True,0.31888017972858024
Placebo,0,7107,True,0.08113091233775095
Placebo,0,7240,False,0.0
Placebo,0,7937,True,0.31943336574914116
Placebo,0,8015,True,0.1356519734324477
Placebo,0,8066,True,0.05578441968866557
Placebo,0,8202,True,0.17388186533293087
Placebo,0,8321,True,0.25087467710388606
Placebo,0,9222,True,0.13755548414400526
Placebo,0,9453,True,0.45849541558635515
Placebo,0,73,True,0.0
Placebo,0,390,True,0.4318422940593944
Placebo,0,424,True,0.08274908245792928
Placebo,0,715,True,0.30689165894684606
Placebo,0,915,False,0.0
Placebo,0,1579,True,0.0
Placebo,0,1643,True,0.23463936301137828
Placebo,0,1679,True,0.2364129188265675
Placebo,0,1982,True,0.13998536112599322
Placebo,0,2027,True,0.3023126614031546
Placebo,0,2211,True,0.3868528072345415
Placebo,0,2228,True,0.19152630200924847
Placebo,0,2352,True,0.0
Placebo,0,2520,True,0.20780872359379304
Placebo,0,2573,True,0.0
Placebo,0,2630,True,0.4913825083136667
Placebo,0,2666,True,0.20323160666093484
Placebo,0,2745,True,0.11209999637596213
Placebo,0,3149,True,0.38649807662368085
Placebo,0,3369,True,0.18963536293585728
Placebo,0,3617,True,0.19369752095583895
Placebo,0,3862,True,0.0
Placebo,0,4124,True,0.17700209229735756
Placebo,0,4218,True,0.2992209799041961
Placebo,0,4268,True,0.1472113322159851
Placebo,0,4452,True,0.10218331334064325
Placebo,0,4522,True,0.27333508795416966
Placebo,0,4784,True,0.3311091004991553
Placebo,0,5139,False,0.0
Placebo,0,5438,True,0.297410420602804
Placebo,0,5565,True,0.0
Placebo,0,5684,True,0.18905709333163614
Placebo,0,5775,True,0.05851819837674865
Placebo,0,6110,True,0.21959302813206014
Placebo,0,6488,True,0.048753830672500074
Placebo,0,6590,True,0.0
Placebo,0,6793,True,0.4743759901023643
Placebo,0,7090,True,0.0776895369576595
Placebo,0,7112,True,0.0
Placebo,0,7167,True,0.3564586610744946
Placebo,0,7287,True,0.5404143155097096
Placebo,0,7370,True,0.0
Placebo,0,7547,True,0.4754405144501715
Placebo,0,7589,True,0.0
Placebo,0,7622,True,0.2043666266812865
Placebo,0,7640,True,0.0
Placebo,0,7757,True,0.09823075220596503
Placebo,0,8162,True,0.5333988933406699
Placebo,0,8508,True,0.0
Placebo,0,8597,True,0.47189679192709505
Placebo,0,8771,False,0.0
Placebo,0,288,True,0.2849622256431367
Placebo,0,635,True,0.24536788796262735
Placebo,0,654,True,0.17337315591936417
Placebo,0,699,True,0.3312392961638529
Placebo,0,743,True,0.044399369745528
Placebo,0,946,True,0.0
Placebo,0,976,False,0.0
Placebo,0,1144,True,0.7702043899253147
Placebo,0,1187,True,0.5577669365442418
Placebo,0,1384,True,0.0
Placebo,0,1415,True,0.09478836436955075
Placebo,0,1443,True,0.5643226951503958
Placebo,0,1629,True,0.15101961822780524
Placebo,0,1684,True,0.03660476373374822
Placebo,0,1802,True,0.08451911957937785
Placebo,0,1914,True,0.2730899617323258
Placebo,0,2046,True,0.0
Placebo,0,2071,True,0.11436286362810683
Placebo,0,2340,True,0.22415199495126517
Placebo,0,2749,True,0.35878166163276437
Placebo,0,3517,True,0.05163532490696953
Placebo,0,3758,True,0.10454526374508766
Placebo,0,4110,True,0.23719771276929624
Placebo,0,4111,True,0.0
Placebo,0,4144,True,0.15676031934798057
Placebo,0,5021,True,0.0
Placebo,0,5032,True,0.17334238849102268
Placebo,0,5096,True,0.06614490841700407
Placebo,0,5109,True,0.3972939136545824
Placebo,0,5114,True,0.0
Placebo,0,5977,True,0.5
Placebo,0,5984,True,0.11990623328406579
Placebo,0,6353,True,0.36123082771238985
Placebo,0,6373,True,0.0869445126078976
Placebo,0,6539,True,0.0
Placebo,0,6554,True,0.5211003988956312
Placebo,0,6884,False,0.0
Placebo,0,6955,True,0.06760523069231987
Placebo,0,7020,True,0.2667677273811419
Placebo,0,7029,True,0.5709531027840982
Placebo,0,7280,True,0.2202350658473879
Placebo,0,7394,True,0.28279933917410655
Placebo,0,7795,True,0.3167613875455128
Placebo,0,8108,True,0.1244541635112973
Placebo,0,8560,True,0.5844487217163837
Placebo,0,8632,True,0.09181541754729351
Placebo,0,8657,True,0.16842717545221186
Placebo,0,8777,True,0.37320572659438556
Placebo,0,9151,True,0.0
Placebo,0,9609,False,0.0
Placebo,1,102,True,0.7799082337019198
Placebo,1,314,True,0.05250875318146675
Placebo,1,1068,True,0.36391991760239734
Placebo,1,1525,True,0.31834015118674247
Placebo,1,1795,True,0.07930007128354423
Placebo,1,1929,True,0.18437889248308714
Placebo,1,1931,True,0.35301686087887274
Placebo,1,1991,True,0.2371524322619555
Placebo,1,2528,True,0.19467830313404594
Placebo,1,2697,True,0.3290860434850406
Placebo,1,2834,True,0.38799721924241226
Placebo,1,2845,True,0.055247804935900736
Placebo,1,3031,True,0.22781960059415665
Placebo,1,3250,True,0.33298728754840623
Placebo,1,3308,True,0.0
Placebo,1,3402,True,0.17451855981580688
Placebo,1,3426,True,0.0
Placebo,1,3449,True,0.37829980825281034
Placebo,1,3756,True,0.10245661517893642
Placebo,1,4141,True,0.29062890944937525
Placebo,1,4210,True,0.200213067895604
Placebo,1,4516,True,0.22883924989280766
Placebo,1,4692,True,0.0
Placebo,1,4700,False,0.0
Placebo,1,4910,False,0.0
Placebo,1,4962,False,0.0
Placebo,1,5275,True,0.06978419164318803
Placebo,1,5671,True,0.31834015118674247
Placebo,1,5683,True,0.23055715390859677
Placebo,1,6067,True,0.625096284525603
Placebo,1,6378,True,0.44371052163269625
Placebo,1,6495,True,0.394502048905475
Placebo,1,6868,True,0.17951419323578852
Placebo,1,6880,True,0.1803690492077165
Placebo,1,7144,True,0.16195671984435944
Placebo,1,7413,True,0.39444918942765134
Placebo,1,7526,True,0.0
Placebo,1,7531,True,0.0
Placebo,1,7577,True,0.0
Placebo,1,7621,True,0.035427698077529574
Placebo,1,8198,True,0.32846166415567174
Placebo,1,8442,True,0.30044616792866585
Placebo,1,8452,True,0.4870141189651581
Placebo,1,8476,True,0.2639364841142927
Placebo,1,8541,True,0.6781157943073004
Placebo,1,8802,True,0.3115780820369428
Placebo,1,8816,True,0.0
Placebo,1,8852,False,0.0
Placebo,1,9099,True,0.299332013487051
Placebo,1,9479,True,0.0
Placebo,1,9625,False,0.0
Placebo,1,96,True,0.0
Placebo,1,171,True,0.41445652659008014
Placebo,1,328,False,0.0
Placebo,1,387,True,0.07500406956852738
Placebo,1,754,False,0.0
Placebo,1,983,True,0.22998996518395148
Placebo,1,1039,True,0.28032098413404327
Placebo,1,1098,True,0.21580732486867715
Placebo,1,1120,True,0.17714752793103516
Placebo,1,1275,True,0.48848166736959947
Placebo,1,1343,True,0.52053543721495
Placebo,1,1483,True,0.10218331334064325
Placebo,1,2005,True,0.13120507751234178
Placebo,1,2048,True,0.31002354217885536
Placebo,1,2379,True,0.7731287127294073
Placebo,1,2516,True,0.42636576251603575
Placebo,1,2601,True,0.08494489033580488
Placebo,1,3210,True,0.2220486844796459
Placebo,1,3601,False,0.0
Placebo,1,3729,True,0.3867836195437879
Placebo,1,3832,True,0.3326359179412905
Placebo,1,4104,True,0.3408955870294367
Placebo,1,4286,True,0.40879901649168415
Placebo,1,4329,True,0.0
Placebo,1,4553,True,0.05690937110282942
Placebo,1,4790,True,0.0
Placebo,1,4844,True,0.0
Placebo,1,4994,True,0.1235584435560261
Placebo,1,5020,True,0.5252142457033367
Placebo,1,5293,True,0.3193737780901159
Placebo,1,5338,True,0.4385169922340816
Placebo,1,5343,True,0.12107356542200555
Placebo,1,5464,True,0.4770382338730849
Placebo,1,5560,True,0.4520321902155729
Placebo,1,5719,True,0.03858303713187615
Placebo,1,6055,True,0.0
Placebo,1,6121,True,0.4413068948725754
Placebo,1,6128,True,0.0
Placebo,1,6197,True,0.3941436051094754
Placebo,1,6336,True,0.2978623357647767
Placebo,1,6577,True,0.46664569981012827
Placebo,1,6717,True,0.40876468265396726
Placebo,1,6906,False,0.0
Placebo,1,8550,True,0.0
Placebo,1,8576,True,0.23027059365964253
Placebo,1,8790,False,0.0
Placebo,1,8840,False,0.0
Placebo,1,8878,True,0.0
Placebo,1,9337,True,0.1524797327770818
Placebo,1,9501,True,0.5070372904208926
Placebo,1,9512,False,0.0
Placebo,1,45,True,0.0
Placebo,1,199,True,0.3154648767857289
Placebo,1,458,True,0.49734161665566606
Placebo,1,564,True,0.6893916693379676
Placebo,1,717,True,0.0
Placebo,1,1109,True,0.64867454921811
Placebo,1,1576,True,0.15232257932946244
Placebo,1,1711,True,0.0
Placebo,1,1868,True,0.0
Placebo,1,1942,True,0.04247244516790244
Placebo,1,2001,True,0.10218331334064332
Placebo,1,2217,True,0.25326335410655304
Placebo,1,2354,True,0.2338840419161783
Placebo,1,2761,True,0.0
Placebo,1,2980,True,0.3154648767857289
Placebo,1,3021,True,0.2619518299520752
Placebo,1,3030,True,0.35620718710802235
Placebo,1,3046,True,0.0
Placebo,1,3050,True,0.517550138166591
Placebo,1,3288,True,0.0
Placebo,1,3302,True,0.18511070350403888
Placebo,1,3794,True,0.0
Placebo,1,3920,True,0.2769629224019738
Placebo,1,3965,True,0.3495898039969803
Placebo,1,4193,True,0.22883924989280766
Placebo,1,4294,True,0.15276689716300743
Placebo,1,4383,True,0.06625422345438896
Placebo,1,4474,True,0.35226745367295853
Placebo,1,5068,True,0.08472032376115692
Placebo,1,5258,True,0.04569419788018552
Placebo,1,5306,True,0.6551837548060183
Placebo,1,5323,True,0.3215392907501564
Placebo,1,5421,True,0.6399388707534639
Placebo,1,5766,True,0.2801493450946239
Placebo,1,5877,True,0.04750922006459467
Placebo,1,5887,True,0.11789422896273459
Placebo,1,6126,True,0.0
Placebo,1,6190,True,0.2852304064381543
Placebo,1,6224,True,0.37076133828126906
Placebo,1,6465,True,0.0
Placebo,1,6853,True,0.3957178242259594
Placebo,1,6949,True,0.5269945852602069
Placebo,1,7107,True,0.49392169351461673
Placebo,1,7240,False,0.0
Placebo,1,7937,True,0.424708500946131
Placebo,1,8015,True,0.0
Placebo,1,8066,True,0.11636814774793607
Placebo,1,8202,True,0.27716010874508223
Placebo,1,8321,True,0.11695351174109685
Placebo,1,9222,True,0.0
Placebo,1,9453,True,0.4184485011292945
Placebo,1,73,True,0.4230050525882245
Placebo,1,390,True,0.3192551208727033
Placebo,1,424,True,0.10004876742114935
Placebo,1,715,True,0.2884853123520296
Placebo,1,915,False,0.0
Placebo,1,1579,True,0.0
Placebo,1,1643,True,0.0
Placebo,1,1679,True,0.31746897604761537
Placebo,1,1982,True,0.0733639220993601
Placebo,1,2027,True,0.14982420171299154
Placebo,1,2211,True,0.3868528072345415
Placebo,1,2228,True,0.12836635541145003
Placebo,1,2352,True,0.38685280723454163
Placebo,1,2520,True,0.21716783510538215
Placebo,1,2573,True,0.0
Placebo,1,2630,True,0.4447825757494885
Placebo,1,2666,True,0.13777597210996173
Placebo,1,2745,True,0.0999055563214396
Placebo,1,3149,True,0.13398749885888844
Placebo,1,3369,True,0.3624792218430608
Placebo,1,3617,True,0.2854698956559739
Placebo,1,3862,True,0.0
Placebo,1,4124,True,0.1634691588297124
Placebo,1,4218,True,0.25276055944907105
Placebo,1,4268,True,0.0
Placebo,1,4452,True,0.11167572089045447
Placebo,1,4522,True,0.3079333549869056
Placebo,1,4784,True,0.43444726228139735
Placebo,1,5139,False,0.0
Placebo,1,5438,True,0.0776895369576595
Placebo,1,5565,True,0.08560942975487791
Placebo,1,5684,True,0.0
Placebo,1,5775,True,0.2501737101839677
Placebo,1,6110,True,0.10352593758913044
Placebo,1,6488,True,0.0
Placebo,1,6590,True,0.0
Placebo,1,6793,True,0.31082574853455797
Placebo,1,7090,True,0.48516491957833424
Placebo,1,7112,True,0.3903800499921017
Placebo,1,7167,True,0.32488693379532807
Placebo,1,7287,True,0.3557919288756292
Placebo,1,7370,True,0.11405248139090926
Placebo,1,7547,True,0.12987501165334064
Placebo,1,7589,True,0.0
Placebo,1,7622,True,0.15987346094964455
Placebo,1,7640,True,0.3587977758919658
Placebo,1,7757,True,0.06052362090625398
Placebo,1,8162,True,0.36286726527231594
Placebo,1,8508,True,0.0
Placebo,1,8597,True,0.42474674987284833
Placebo,1,8771,False,0.0
Placebo,1,288,True,0.41920692447455465
Placebo,1,635,True,0.6310841982650733
Placebo,1,654,True,0.06960184313416146
Placebo,1,699,True,0.17993148201117176
Placebo,1,743,True,0.2720250423108105
Placebo,1,946,True,0.0
Placebo,1,976,False,0.0
Placebo,1,1144,True,0.5702295625844459
Placebo,1,1187,True,0.2627966901372219
Placebo,1,1384,True,0.0
Placebo,1,1415,True,0.22716217481924805
Placebo,1,1443,True,0.6339658250595696
Placebo,1,1629,True,0.32182896384658366
Placebo,1,1684,True,0.30450300935659647
Placebo,1,1802,True,0.13347537859706934
Placebo,1,1914,True,0.4201372607121601
Placebo,1,2046,True,0.1681275362711174
Placebo,1,2071,True,0.0
Placebo,1,2340,True,0.09476918482736578
Placebo,1,2749,True,0.15070352096757453
Placebo,1,3517,True,0.16842717545221186
Placebo,1,3758,True,0.0
Placebo,1,4110,True,0.8065735963827294
Placebo,1,4111,True,0.0
Placebo,1,4144,True,0.12198323851117018
Placebo,1,5021,True,0.25617367829355936
Placebo,1,5032,True,0.17334238849102268
Placebo,1,5096,True,0.1266915438184808
Placebo,1,5109,True,0.4279140445312772
Placebo,1,5114,True,0.0
Placebo,1,5977,True,0.0
Placebo,1,5984,True,0.3800937667159343
Placebo,1,6353,True,0.352837558241948
Placebo,1,6373,True,0.07191071742813421
Placebo,1,6539,True,0.0
Placebo,1,6554,True,0.4375796676129873
Placebo,1,6884,False,0.0
Placebo,1,6955,True,0.1930764358146017
Placebo,1,7020,True,0.4031040756444815
Placebo,1,7029,True,0.34857307150811784
Placebo,1,7280,True,0.0
Placebo,1,7394,True,0.11519202669817605
Placebo,1,7795,True,0.23246806447087867
Placebo,1,8108,True,0.1100458831490401
Placebo,1,8560,True,0.3123380398079028
Placebo,1,8632,True,0.07876312977220012
Placebo,1,8657,True,0.0771660742637523
Placebo,1,8777,True,0.477643505466884
Placebo,1,9151,True,0.0
Placebo,1,9609,False,0.0
Placebo,2,102,True,0.8191802127482292
Placebo,2,314,True,0.20928532968196448
Placebo,2,1068,True,0.21358538024667156
Placebo,2,1525,True,0.0
Placebo,2,1795,True,0.29587688444713756
Placebo,2,1929,True,0.16459743714642527
Placebo,2,1931,True,0.0923658521249303
Placebo,2,1991,True,0.0
Placebo,2,2528,True,0.2589279300595037
Placebo,2,2697,True,0.09785159463516044
Placebo,2,2834,True,0.18494380364741214
Placebo,2,2845,True,0.46127841408936465
Placebo,2,3031,True,0.5160043445055994
Placebo,2,3250,True,0.3578910976298963
Placebo,2,3308,True,0.0
Placebo,2,3402,True,0.0
Placebo,2,3426,True,0.0
Placebo,2,3449,True,0.04236776600349701
Placebo,2,3756,True,0.13436495550299193
Placebo,2,4141,True,0.491605346340903
Placebo,2,4210,True,0.16182746761501549
Placebo,2,4516,True,0.19004688335796716
Placebo,2,4692,True,0.0
Placebo,2,4700,False,0.0
Placebo,2,4910,False,0.0
Placebo,2,4962,False,0.0
Placebo,2,5275,True,0.0
Placebo,2,5671,True,0.08676713574902502
Placebo,2,5683,True,0.24173760157363697
Placebo,2,6067,True,0.19602998040580386
Placebo,2,6378,True,0.06882589773622884
Placebo,2,6495,True,0.5682617886220167
Placebo,2,6868,True,0.4400157217886307
Placebo,2,6880,True,0.29175622208904506
Placebo,2,7144,True,0.06975096265942549
Placebo,2,7413,True,0.4834698058878033
Placebo,2,7526,True,0.30657359638272924
Placebo,2,7531,True,0.0
Placebo,2,7577,True,0.0
Placebo,2,7621,True,0.17562418269327687
Placebo,2,8198,True,0.4239759162018989
Placebo,2,8442,True,0.0869445126078976
Placebo,2,8452,True,0.2604552212427212
Placebo,2,8476,True,0.0
Placebo,2,8541,True,0.45625634071849513
Placebo,2,8802,True,0.46461208786803637
Placebo,2,8816,True,0.1690417015938837
Placebo,2,8852,False,0.0
Placebo,2,9099,True,0.10907458963273317
Placebo,2,9479,True,0.0
Placebo,2,9625,False,0.0
Placebo,2,96,True,0.0
Placebo,2,171,True,0.19009452199071541
Placebo,2,328,False,0.0
Placebo,2,387,True,0.14943206888023555
Placebo,2,754,False,0.0
Placebo,2,983,True,0.4121367901618364
Placebo,2,1039,True,0.4732522482643718
Placebo,2,1098,True,0.2004140865245265
Placebo,2,1120,True,0.0
Placebo,2,1275,True,0.5217168121186608
Placebo,2,1343,True,0.0
Placebo,2,1483,True,0.06265341172228864
Placebo,2,2005,True,0.1130534017578721
Placebo,2,2048,True,0.668515526887336
Placebo,2,2379,True,0.619031773202727
Placebo,2,2516,True,0.1923828647648813
Placebo,2,2601,True,0.15710426799847974
Placebo,2,3210,True,0.30691656602804607
Placebo,2,3601,False,0.0
Placebo,2,3729,True,0.2784435312595381
Placebo,2,3832,True,0.6046234928404696
Placebo,2,4104,True,0.2306834897894088
Placebo,2,4286,True,0.5287463321669325
Placebo,2,4329,True,0.0
Placebo,2,4553,True,0.0
Placebo,2,4790,True,0.0
Placebo,2,4844,True,0.0
Placebo,2,4994,True,0.0
Placebo,2,5020,True,0.33219405348104786
Placebo,2,5293,True,0.13530904695048596
Placebo,2,5338,True,0.36134477842503326
Placebo,2,5343,True,0.1961153989764104
Placebo,2,5464,True,0.0
Placebo,2,5560,True,0.18961263643003617
Placebo,2,5719,True,0.35068221951498774
Placebo,2,6055,True,0.10987173866025325
Placebo,2,6121,True,0.5953544039439032
Placebo,2,6128,True,0.30466039702038117
Placebo,2,6197,True,0.2531061988270246
Placebo,2,6336,True,0.18124020231908505
Placebo,2,6577,True,0.5287272041020517
Placebo,2,6717,True,0.28906482631788766
Placebo,2,6906,False,0.0
Placebo,2,8550,True,0.0
Placebo,2,8576,True,0.2074956825810308
Placebo,2,8790,False,0.0
Placebo,2,8840,False,0.0
Placebo,2,8878,True,0.30824743622485484
Placebo,2,9337,True,0.5734258578494299
Placebo,2,9501,True,0.3062890408819827
Placebo,2,9512,False,0.0
Placebo,2,45,True,0.5357111738646503
Placebo,2,199,True,0.0
Placebo,2,458,True,0.4042383682811875
Placebo,2,564,True,0.5062226851395633
Placebo,2,717,True,0.0
Placebo,2,1109,True,0.6462008727585863
Placebo,2,1576,True,0.0
Placebo,2,1711,True,0.0
Placebo,2,1868,True,0.0
Placebo,2,1942,True,0.04019569404504289
Placebo,2,2001,True,0.05109165667032166
Placebo,2,2217,True,0.1432115313242024
Placebo,2,2354,True,0.2652727648769854
Placebo,2,2761,True,0.3183412193664158
Placebo,2,2980,True,0.0
Placebo,2,3021,True,0.38020912346808255
Placebo,2,3030,True,0.0
Placebo,2,3046,True,0.07590931260996128
Placebo,2,3050,True,0.4477437033377641
Placebo,2,3288,True,0.03285554183355297
Placebo,2,3302,True,0.1407822457359327
Placebo,2,3794,True,0.0
Placebo,2,3920,True,0.19153347858582864
Placebo,2,3965,True,0.2057127895039103
Placebo,2,4193,True,0.32739495038873945
Placebo,2,4294,True,0.04018009264032398
Placebo,2,4383,True,0.06113005339549952
Placebo,2,4474,True,0.3403739363521544
Placebo,2,5068,True,0.19973885611563796
Placebo,2,5258,True,0.07328439752622516
Placebo,2,5306,True,0.678573586445197
Placebo,2,5323,True,0.4111352732998237
Placebo,2,5421,True,0.3350852449162079
Placebo,2,5766,True,0.4929562966814972
Placebo,2,5877,True,0.2345045257903776
Placebo,2,5887,True,0.3367186005037399
Placebo,2,6126,True,0.0
Placebo,2,6190,True,0.5976884867128479
Placebo,2,6224,True,0.25677372734776027
Placebo,2,6465,True,0.0
Placebo,2,6853,True,0.10934867679127507
Placebo,2,6949,True,0.3205263021765306
Placebo,2,7107,True,0.09404673201358821
Placebo,2,7240,False,0.0
Placebo,2,7937,True,0.5942819753899798
Placebo,2,8015,True,0.32619575670873346
Placebo,2,8066,True,0.16097274171440426
Placebo,2,8202,True,0.17759747898211195
Placebo,2,8321,True,0.06493750582667032
Placebo,2,9222,True,0.0
Placebo,2,9453,True,0.24497562686001187
Placebo,2,73,True,0.0
Placebo,2,390,True,0.42406976506447225
Placebo,2,424,True,0.0
Placebo,2,715,True,0.6090682653643374
Placebo,2,915,False,0.0
Placebo,2,1579,True,0.09489593857046195
Placebo,2,1643,True,0.0
Placebo,2,1679,True,0.22567017593660682
Placebo,2,1982,True,0.26462022272743835
Placebo,2,2027,True,0.2519893575565382
Placebo,2,2211,True,0.6131471927654585
Placebo,2,2228,True,0.1485060568024601
Placebo,2,2352,True,0.5
Placebo,2,2520,True,0.36675205845769954
Placebo,2,2573,True,0.2212278880584348
Placebo,2,2630,True,0.570984580499917
Placebo,2,2666,True,0.32586943613713815
Placebo,2,2745,True,0.1448871434814198
Placebo,2,3149,True,0.3495802766886929
Placebo,2,3369,True,0.3928842818087694
Placebo,2,3617,True,0.11505002084395087
Placebo,2,3862,True,0.1462892511287546
Placebo,2,4124,True,0.1247991599125066
Placebo,2,4218,True,0.0
Placebo,2,4268,True,0.1728691418450222
Placebo,2,4452,True,0.26702003840357513
Placebo,2,4522,True,0.11247838177042752
Placebo,2,4784,True,0.30321959027217055
Placebo,2,5139,False,0.0
Placebo,2,5438,True,0.25009348083140387
Placebo,2,5565,True,0.2504514870549941
Placebo,2,5684,True,0.13808878121404658
Placebo,2,5775,True,0.1727118884100173
Placebo,2,6110,True,0.0
Placebo,2,6488,True,0.10218331334064332
Placebo,2,6590,True,0.0
Placebo,2,6793,True,0.12092199990360368
Placebo,2,7090,True,0.056906557239904024
Placebo,2,7112,True,0.0
Placebo,2,7167,True,0.5965178393540733
Placebo,2,7287,True,0.36149704769773994
Placebo,2,7370,True,0.0
Placebo,2,7547,True,0.20578290145804604
Placebo,2,7589,True,0.0
Placebo,2,7622,True,0.13950192531885097
Placebo,2,7640,True,0.0
Placebo,2,7757,True,0.4057600263908676
Placebo,2,8162,True,0.3472413481254731
Placebo,2,8508,True,0.30657359638272924
Placebo,2,8597,True,0.6172839611614819
Placebo,2,8771,False,0.0
Placebo,2,288,True,0.47772631931257714
Placebo,2,635,True,0.26999238852005863
Placebo,2,654,True,0.06960184313416146
Placebo,2,699,True,0.31148806127425654
Placebo,2,743,True,0.15149447328034032
Placebo,2,946,True,0.6309297535714573
Placebo,2,976,False,0.0
Placebo,2,1144,True,0.682902478870168
Placebo,2,1187,True,0.24587085161864383
Placebo,2,1384,True,0.17723928678404763
Placebo,2,1415,True,0.3098064936645124
Placebo,2,1443,True,0.5898086528473675
Placebo,2,1629,True,0.32531670832675147
Placebo,2,1684,True,0.0
Placebo,2,1802,True,0.042106793863052994
Placebo,2,1914,True,0.4799240379711206
Placebo,2,2046,True,0.0
Placebo,2,2071,True,0.0
Placebo,2,2340,True,0.0
Placebo,2,2749,True,0.41503813971393444
Placebo,2,3517,True,0.08421358772610593
Placebo,2,3758,True,0.3391602052736161
Placebo,2,4110,True,0.23719771276929624
Placebo,2,4111,True,0.0
Placebo,2,4144,True,0.2026097735578014
Placebo,2,5021,True,0.2528847364210068
Placebo,2,5032,True,0.11392706306680984
Placebo,2,5096,True,0.18649248177092903
Placebo,2,5109,True,0.1774574354934411
Placebo,2,5114,True,0.0
Placebo,2,5977,True,0.0
Placebo,2,5984,True,0.0
Placebo,2,6353,True,0.49010824054791785
Placebo,2,6373,True,0.49510301562508646
Placebo,2,6539,True,0.0
Placebo,2,6554,True,0.49227434042261536
Placebo,2,6884,False,0.0
Placebo,2,6955,True,0.12652791809394934
Placebo,2,7020,True,0.48497648774581037
Placebo,2,7029,True,0.14672784419872015
Placebo,2,7280,True,0.32507358545652854
Placebo,2,7394,True,0.12570750300395883
Placebo,2,7795,True,0.45260528244831055
Placebo,2,8108,True,0.0
Placebo,2,8560,True,0.45489162267763017
Placebo,2,8632,True,0.27476238652533225
Placebo,2,8657,True,0.207010212584088
Placebo,2,8777,True,0.4409203293308674
Placebo,2,9151,True,0.0
Placebo,2,9609,False,0.0
Placebo,3,102,True,0.5229751664232091
Placebo,3,314,True,0.42695753458220714
Placebo,3,1068,True,0.3489876937276639
Placebo,3,1525,True,0.0
Placebo,3,1795,True,0.2295839197369515
Placebo,3,1929,True,0.19426323628817183
Placebo,3,1931,True,0.049941400570997205
Placebo,3,1991,True,0.41687948467076197
Placebo,3,2528,True,0.469170696095402
Placebo,3,2697,True,0.2529427027676572
Placebo,3,2834,True,0.44475032518144286
Placebo,3,2845,True,0.3584462355301743
Placebo,3,3031,True,0.22750592170591827
Placebo,3,3250,True,0.3239134396887189
Placebo,3,3308,True,0.10112312534847648
Placebo,3,3402,True,0.0
Placebo,3,3426,True,0.23732886165681427
Placebo,3,3449,True,0.3265891871359747
Placebo,3,3756,True,0.06106277481438564
Placebo,3,4141,True,0.40853247842763496
Placebo,3,4210,True,0.25502576218095463
Placebo,3,4516,True,0.4804422807909817
Placebo,3,4692,True,0.0
Placebo,3,4700,False,0.0
Placebo,3,4910,False,0.0
Placebo,3,4962,False,0.0
Placebo,3,5275,True,0.17394295399340123
Placebo,3,5671,True,0.21111400830694582
Placebo,3,5683,True,0.6638477806766265
Placebo,3,6067,True,0.5438422757281689
Placebo,3,6378,True,0.5893994526998928
Placebo,3,6495,True,0.4334335059582563
Placebo,3,6868,True,0.2995871479787668
Placebo,3,6880,True,0.33975529252626546
Placebo,3,7144,True,0.06975096265942549
Placebo,3,7413,True,0.16632919980331648
Placebo,3,7526,True,0.0
Placebo,3,7531,True,0.0
Placebo,3,7577,True,0.0
Placebo,3,7621,True,0.06803907609961145
Placebo,3,8198,True,0.32717700872458905
Placebo,3,8442,True,0.0
Placebo,3,8452,True,0.2637737966388433
Placebo,3,8476,True,0.28681538868740697
Placebo,3,8541,True,0.7373950709400924
Placebo,3,8802,True,0.31907613024870934
Placebo,3,8816,True,0.08857376396551764
Placebo,3,8852,False,0.0
Placebo,3,9099,True,0.08442111803551772
Placebo,3,9479,True,0.0
Placebo,3,9625,False,0.0
Placebo,3,96,True,0.0
Placebo,3,171,True,0.43179864360757436
Placebo,3,328,False,0.0
Placebo,3,387,True,0.0
Placebo,3,754,False,0.0
Placebo,3,983,True,0.351152879953614
Placebo,3,1039,True,0.35366019923053504
Placebo,3,1098,True,0.11845062512806952
Placebo,3,1120,True,0.17714752793103516
Placebo,3,1275,True,0.44503421723576725
Placebo,3,1343,True,0.0
Placebo,3,1483,True,0.12373653594087865
Placebo,3,2005,True,0.28982246951702473
Placebo,3,2048,True,0.3126631837737206
Placebo,3,2379,True,0.7351152785522697
Placebo,3,2516,True,0.1918165764591883
Placebo,3,2601,True,0.07671287990839397
Placebo,3,3210,True,0.3498521494782158
Placebo,3,3601,False,0.0
Placebo,3,3729,True,0.08039138809008572
Placebo,3,3832,True,0.44653379505308144
Placebo,3,4104,True,0.4134527402535461
Placebo,3,4286,True,0.4244829083145358
Placebo,3,4329,True,0.0
Placebo,3,4553,True,0.0
Placebo,3,4790,True,0.6131471927654585
Placebo,3,4844,True,0.0
Placebo,3,4994,True,0.0
Placebo,3,5020,True,0.34097143542499037
Placebo,3,5293,True,0.052639913647579424
Placebo,3,5338,True,0.5643624893917275
Placebo,3,5343,True,0.11920621131432921
Placebo,3,5464,True,0.0
Placebo,3,5560,True,0.3984064423100182
Placebo,3,5719,True,0.09578133795393315
Placebo,3,6055,True,0.1353921314791758
Placebo,3,6121,True,0.4671933621213046
Placebo,3,6128,True,0.12632038158915893
Placebo,3,6197,True,0.27683350217252417
Placebo,3,6336,True,0.3850927424899136
Placebo,3,6577,True,0.47844326999569026
Placebo,3,6717,True,0.0
Placebo,3,6906,False,0.0
Placebo,3,8550,True,0.0
Placebo,3,8576,True,0.13347537859706934
Placebo,3,8790,False,0.0
Placebo,3,8840,False,0.0
Placebo,3,8878,True,0.0
Placebo,3,9337,True,0.0
Placebo,3,9501,True,0.30242760212068404
Placebo,3,9512,False,0.0
Placebo,3,45,True,0.0
Placebo,3,199,True,0.0
Placebo,3,458,True,0.3897167357991248
Placebo,3,564,True,0.7854294331056967
Placebo,3,717,True,0.0
Placebo,3,1109,True,0.6791432776009704
Placebo,3,1576,True,0.0
Placebo,3,1711,True,0.0
Placebo,3,1868,True,0.0
Placebo,3,1942,True,0.15710426799847968
Placebo,3,2001,True,0.16195671984435944
Placebo,3,2217,True,0.15979138559512826
Placebo,3,2354,True,0.46321922985511343
Placebo,3,2761,True,0.5855700749881525
Placebo,3,2980,True,0.0
Placebo,3,3021,True,0.2433584877264268
Placebo,3,3030,True,0.38685280723454163
Placebo,3,3046,True,0.0824400285598464
Placebo,3,3050,True,0.37529900296412383
Placebo,3,3288,True,0.22732300053290733
Placebo,3,3302,True,0.502157898751033
Placebo,3,3794,True,1.0
Placebo,3,3920,True,0.040742031470253154
Placebo,3,3965,True,0.20778411473733654
Placebo,3,4193,True,0.4796249331362628
Placebo,3,4294,True,0.12461519256642671
Placebo,3,4383,True,0.2349389586383651
Placebo,3,4474,True,0.153490273005236
Placebo,3,5068,True,0.253458177914462
Placebo,3,5258,True,0.0
Placebo,3,5306,True,0.5600855839383677
Placebo,3,5323,True,0.03585621117683789
Placebo,3,5421,True,0.4832475187163542
Placebo,3,5766,True,0.2338344923044743
Placebo,3,5877,True,0.0969849743174359
Placebo,3,5887,True,0.24007060315213943
Placebo,3,6126,True,0.28906482631788766
Placebo,3,6190,True,0.5193808316253884
Placebo,3,6224,True,0.23205211641275325
Placebo,3,6465,True,0.0
Placebo,3,6853,True,0.3499160675245286
Placebo,3,6949,True,0.6289962789015
Placebo,3,7107,True,0.06312301365295118
Placebo,3,7240,False,0.0
Placebo,3,7937,True,0.2846514212846533
Placebo,3,8015,True,0.14465396417138077
Placebo,3,8066,True,0.32514907771062934
Placebo,3,8202,True,0.3041271097144061
Placebo,3,8321,True,0.23369511649612962
Placebo,3,9222,True,0.0
Placebo,3,9453,True,0.34858749796692706
Placebo,3,73,True,0.0
Placebo,3,390,True,0.2618838120620972
Placebo,3,424,True,0.06993108739817402
Placebo,3,715,True,0.3375067447750806
Placebo,3,915,False,0.0
Placebo,3,1579,True,0.0
Placebo,3,1643,True,0.0
Placebo,3,1679,True,0.5255820032852655
Placebo,3,1982,True,0.0
Placebo,3,2027,True,0.07491210085649577
Placebo,3,2211,True,0.30657359638272924
Placebo,3,2228,True,0.07085539615505915
Placebo,3,2352,True,0.0
Placebo,3,2520,True,0.10416741342357394
Placebo,3,2573,True,0.056906557239904024
Placebo,3,2630,True,0.5373936393746243
Placebo,3,2666,True,0.07778487414574674
Placebo,3,2745,True,0.0
Placebo,3,3149,True,0.22028998379852488
Placebo,3,3369,True,0.3811343541220199
Placebo,3,3617,True,0.2702438030353732
Placebo,3,3862,True,0.0
Placebo,3,4124,True,0.20833590424697052
Placebo,3,4218,True,0.0
Placebo,3,4268,True,0.3117223583019408
Placebo,3,4452,True,0.21713933120400045
Placebo,3,4522,True,0.10726849795992235
Placebo,3,4784,True,0.4977962688668735
Placebo,3,5139,False,0.0
Placebo,3,5438,True,0.10428852969311572
Placebo,3,5565,True,0.0
Placebo,3,5684,True,0.21202618887909785
Placebo,3,5775,True,0.18099340486725055
Placebo,3,6110,True,0.22351679754397336
Placebo,3,6488,True,0.37789901297017203
Placebo,3,6590,True,0.0
Placebo,3,6793,True,0.1000130716141717
Placebo,3,7090,True,0.02607213242327893
Placebo,3,7112,True,0.11518062305268108
Placebo,3,7167,True,0.5075736805020519
Placebo,3,7287,True,0.19917002985503196
Placebo,3,7370,True,0.0
Placebo,3,7547,True,0.1551346154095083
Placebo,3,7589,True,0.0
Placebo,3,7622,True,0.0576901476090013
Placebo,3,7640,True,0.4306765580733929
Placebo,3,7757,True,0.05663709501730687
Placebo,3,8162,True,0.43491446974395737
Placebo,3,8508,True,0.36624033698246705
Placebo,3,8597,True,0.4381587864558859
Placebo,3,8771,False,0.0
Placebo,3,288,True,0.47460072850568313
Placebo,3,635,True,0.37913708703685595
Placebo,3,654,True,0.19466437758248467
Placebo,3,699,True,0.4631896595828493
Placebo,3,743,True,0.3647024586484999
Placebo,3,946,True,0.0
Placebo,3,976,False,0.0
Placebo,3,1144,True,0.5511289924090187
Placebo,3,1187,True,0.12507560988690186
Placebo,3,1384,True,0.1934264036172709
Placebo,3,1415,True,0.2897748887949223
Placebo,3,1443,True,0.32186891417460994
Placebo,3,1629,True,0.3207149601443598
Placebo,3,1684,True,0.0
Placebo,3,1802,True,0.26761885448405254
Placebo,3,1914,True,0.31777853301184783
Placebo,3,2046,True,0.12315119437036504
Placebo,3,2071,True,0.2931375901049005
Placebo,3,2340,True,0.0
Placebo,3,2749,True,0.3072180967267248
Placebo,3,3517,True,0.22337498664429642
Placebo,3,3758,True,0.0
Placebo,3,4110,True,0.0
Placebo,3,4111,True,0.0
Placebo,3,4144,True,0.2026097735578014
Placebo,3,5021,True,0.16781537886316344
Placebo,3,5032,True,0.3512937381435265
Placebo,3,5096,True,0.2376691687817084
Placebo,3,5109,True,0.5237352551041821
Placebo,3,5114,True,0.13755548414400526
Placebo,3,5977,True,0.0
Placebo,3,5984,True,0.0
Placebo,3,6353,True,0.43128045638816687
Placebo,3,6373,True,0.0
Placebo,3,6539,True,0.0
Placebo,3,6554,True,0.6700195557070693
Placebo,3,6884,False,0.0
Placebo,3,6955,True,0.0
Placebo,3,7020,True,0.3762216540818926
Placebo,3,7029,True,0.3719920833368814
Placebo,3,7280,True,0.43316436134058717
Placebo,3,7394,True,0.2859010772167762
Placebo,3,7795,True,0.2459160688957798
Placebo,3,8108,True,0.08514311764162101
Placebo,3,8560,True,0.5478677449796308
Placebo,3,8632,True,0.11428257845677507
Placebo,3,8657,True,0.0
Placebo,3,8777,True,0.5057270360233301
Placebo,3,9151,True,0.0
Placebo,3,9609,False,0.0
Placebo,4,102,True,0.6072784981203417
Placebo,4,314,True,0.32579924776335234
Placebo,4,1068,True,0.16289242294636927
Placebo,4,1525,True,0.0
Placebo,4,1795,True,0.5057715345873062
Placebo,4,1929,True,0.381938333099345
Placebo,4,1931,True,0.31452102964311585
Placebo,4,1991,True,0.06132415464301173
Placebo,4,2528,True,0.4561833310180488
Placebo,4,2697,True,0.07463008958064667
Placebo,4,2834,True,0.2984960477513386
Placebo,4,2845,True,0.5058667516867668
Placebo,4,3031,True,0.1222260944107594
Placebo,4,3250,True,0.40280854071618366
Placebo,4,3308,True,0.638787886479598
Placebo,4,3402,True,0.17451855981580688
Placebo,4,3426,True,0.2611139277000314
Placebo,4,3449,True,0.3091568183597705
Placebo,4,3756,True,0.29502483426110254
Placebo,4,4141,True,0.3961184059315401
Placebo,4,4210,True,0.0771660742637523
Placebo,4,4516,True,0.0
Placebo,4,4692,True,0.0
Placebo,4,4700,False,0.0
Placebo,4,4910,False,0.0
Placebo,4,4962,False,0.0
Placebo,4,5275,True,0.29420263302058774
Placebo,4,5671,True,0.04236776600349701
Placebo,4,5683,True,0.499283049316887
Placebo,4,6067,True,0.2808815010511816
Placebo,4,6378,True,0.12130892764250172
Placebo,4,6495,True,0.29062463495159
Placebo,4,6868,True,0.15754942617274703
Placebo,4,6880,True,0.14061109204751876
Placebo,4,7144,True,0.16647195188832425
Placebo,4,7413,True,0.33951445944812747
Placebo,4,7526,True,0.08861964339202381
Placebo,4,7531,True,0.0
Placebo,4,7577,True,0.0
Placebo,4,7621,True,0.21905941987297947
Placebo,4,8198,True,0.14908422560531903
Placebo,4,8442,True,0.2691718753607547
Placebo,4,8452,True,0.28954120620365015
Placebo,4,8476,True,0.0
Placebo,4,8541,True,0.6888408459796014
Placebo,4,8802,True,0.1548706959560122
Placebo,4,8816,True,0.17560309759072476
Placebo,4,8852,False,0.0
Placebo,4,9099,True,0.25776702510088406
Placebo,4,9479,True,0.0
Placebo,4,9625,False,0.0
Placebo,4,96,True,0.0
Placebo,4,171,True,0.3866550433578426
Placebo,4,328,False,0.0
Placebo,4,387,True,0.07500406956852738
Placebo,4,754,False,0.0
Placebo,4,983,True,0.20348645585291122
Placebo,4,1039,True,0.1265987584690266
Placebo,4,1098,True,0.24790240327538338
Placebo,4,1120,True,0.1000130716141717
Placebo,4,1275,True,0.22120037440521254
Placebo,4,1343,True,0.0
Placebo,4,1483,True,0.16338294484507457
Placebo,4,2005,True,0.0
Placebo,4,2048,True,0.23790917847075957
Placebo,4,2379,True,0.6630915982883874
Placebo,4,2516,True,0.26330641479569394
Placebo,4,2601,True,0.08384830532074372
Placebo,4,3210,True,0.41213814279860317
Placebo,4,3601,False,0.0
Placebo,4,3729,True,0.20444489950601727
Placebo,4,3832,True,0.4245674859290256
Placebo,4,4104,True,0.2986844436335023
Placebo,4,4286,True,0.5122595052899531
Placebo,4,4329,True,0.0
Placebo,4,4553,True,0.0
Placebo,4,4790,True,0.0
Placebo,4,4844,True,0.0
Placebo,4,4994,True,0.0
Placebo,4,5020,True,0.43300598541946256
Placebo,4,5293,True,0.5128873850036537
Placebo,4,5338,True,0.3687241572567607
Placebo,4,5343,True,0.11567411943987319
Placebo,4,5464,True,0.3180254892487233
Placebo,4,5560,True,0.3582013652860255
Placebo,4,5719,True,0.03858303713187615
Placebo,4,6055,True,0.2707842629583516
Placebo,4,6121,True,0.3222722491219548
Placebo,4,6128,True,0.200213067895604
Placebo,4,6197,True,0.16439938366374046
Placebo,4,6336,True,0.2683664192114939
Placebo,4,6577,True,0.3898168219097652
Placebo,4,6717,True,0.0
Placebo,4,6906,False,0.0
Placebo,4,8550,True,0.0
Placebo,4,8576,True,0.18953431415651675
Placebo,4,8790,False,0.0
Placebo,4,8840,False,0.0
Placebo,4,8878,True,0.8154648767857287
Placebo,4,9337,True,0.0
Placebo,4,9501,True,0.4542854322639247
Placebo,4,9512,False,0.0
Placebo,4,45,True,0.21603058111607218
Placebo,4,199,True,0.0
Placebo,4,458,True,0.2892424802610954
Placebo,4,564,True,0.5487108998124941
Placebo,4,717,True,0.11284514134893517
Placebo,4,1109,True,0.8341531634553964
Placebo,4,1576,True,0.45585501227207614
Placebo,4,1711,True,0.0
Placebo,4,1868,True,0.0
Placebo,4,1942,True,0.08039138809008572
Placebo,4,2001,True,0.0
Placebo,4,2217,True,0.0
Placebo,4,2354,True,0.37676038010660046
Placebo,4,2761,True,0.1681275362711174
Placebo,4,2980,True,0.0
Placebo,4,3021,True,0.0
Placebo,4,3030,True,1.0
Placebo,4,3046,True,0.06722694773176713
Placebo,4,3050,True,0.35219768310469474
Placebo,4,3288,True,0.0
Placebo,4,3302,True,0.3248229426500904
Placebo,4,3794,True,0.0
Placebo,4,3920,True,0.3571229296681509
Placebo,4,3965,True,0.07961436644753603
Placebo,4,4193,True,0.29408068133282034
Placebo,4,4294,True,0.0475448891582404
Placebo,4,4383,True,0.1108929310729282
Placebo,4,4474,True,0.22036321526776131
Placebo,4,5068,True,0.14982420171299154
Placebo,4,5258,True,0.09495850632728751
Placebo,4,5306,True,0.4645783147023797
Placebo,4,5323,True,0.16275869341927465
Placebo,4,5421,True,0.3729309501245027
Placebo,4,5766,True,0.28282183344621575
Placebo,4,5877,True,0.2050785256699407
Placebo,4,5887,True,0.2971885925551939
Placebo,4,6126,True,0.0
Placebo,4,6190,True,0.26384413586892813
Placebo,4,6224,True,0.1896678013868842
Placebo,4,6465,True,0.0
Placebo,4,6853,True,0.18925193255726816
Placebo,4,6949,True,0.21870440137028982
Placebo,4,7107,True,0.36481378549159516
Placebo,4,7240,False,0.0
Placebo,4,7937,True,0.25774986724491594
Placebo,4,8015,True,0.8691938733160721
Placebo,4,8066,True,0.0
Placebo,4,8202,True,0.08879873949105595
Placebo,4,8321,True,0.1416162582486331
Placebo,4,9222,True,0.0
Placebo,4,9453,True,0.5616784336150028
Placebo,4,73,True,0.0
Placebo,4,390,True,0.4577878119246572
Placebo,4,424,True,0.2000975348422987
Placebo,4,715,True,0.23138410931587952
Placebo,4,915,False,0.0
Placebo,4,1579,True,0.07342152046227965
Placebo,4,1643,True,0.0
Placebo,4,1679,True,0.2134477708064431
Placebo,4,1982,True,0.1478294909154527
Placebo,4,2027,True,0.4528996620208672
Placebo,4,2211,True,0.6131471927654585
Placebo,4,2228,True,0.0
Placebo,4,2352,True,0.0
Placebo,4,2520,True,0.0
Placebo,4,2573,True,0.0
Placebo,4,2630,True,0.3398501943598864
Placebo,4,2666,True,0.21836974929469327
Placebo,4,2745,True,0.0
Placebo,4,3149,True,0.230455435117416
Placebo,4,3369,True,0.2528410271851775
Placebo,4,3617,True,0.20203776200865248
Placebo,4,3862,True,0.14025592292804678
Placebo,4,4124,True,0.1621079476947327
Placebo,4,4218,True,0.20887883007085575
Placebo,4,4268,True,0.12307223393672269
Placebo,4,4452,True,0.0
Placebo,4,4522,True,0.11768826558093264
Placebo,4,4784,True,0.7708896378615473
Placebo,4,5139,False,0.0
Placebo,4,5438,True,0.11855869896734009
Placebo,4,5565,True,0.0
Placebo,4,5684,True,0.32194197647339357
Placebo,4,5775,True,0.0
Placebo,4,6110,True,0.0
Placebo,4,6488,True,0.16195671984435944
Placebo,4,6590,True,0.0
Placebo,4,6793,True,0.0
Placebo,4,7090,True,0.1101300176552622
Placebo,4,7112,True,0.13012668333070063
Placebo,4,7167,True,0.42089338190367975
Placebo,4,7287,True,0.27765127146244123
Placebo,4,7370,True,0.0
Placebo,4,7547,True,0.2177373727875337
Placebo,4,7589,True,0.0
Placebo,4,7622,True,0.3195518314671711
Placebo,4,7640,True,0.0
Placebo,4,7757,True,0.07317680742398827
Placebo,4,8162,True,0.5082340835902931
Placebo,4,8508,True,0.20438239758848625
Placebo,4,8597,True,0.568098266509505
Placebo,4,8771,False,0.0
Placebo,4,288,True,0.5103028728324986
Placebo,4,635,True,0.39020567983202864
Placebo,4,654,True,0.07809742170892058
Placebo,4,699,True,0.3418440004324095
Placebo,4,743,True,0.41428362069072294
Placebo,4,946,True,0.0
Placebo,4,976,False,0.0
Placebo,4,1144,True,0.8066756304994496
Placebo,4,1187,True,0.20456839450561243
Placebo,4,1384,True,0.3868528072345415
Placebo,4,1415,True,0.31833954895937194
Placebo,4,1443,True,0.5482805206256537
Placebo,4,1629,True,0.22074620686839036
Placebo,4,1684,True,0.0
Placebo,4,1802,True,0.4434651203646548
Placebo,4,1914,True,0.4127296773105097
Placebo,4,2046,True,0.12453906066344071
Placebo,4,2071,True,0.16018443043593536
Placebo,4,2340,True,0.0
Placebo,4,2749,True,0.47608020937737666
Placebo,4,3517,True,0.342426395706459
Placebo,4,3758,True,0.0
Placebo,4,4110,True,0.0
Placebo,4,4111,True,0.0
Placebo,4,4144,True,0.0
Placebo,4,5021,True,0.19524738545322526
Placebo,4,5032,True,0.48220254795285283
Placebo,4,5096,True,0.20686327196426296
Placebo,4,5109,True,0.3917349487745507
Placebo,4,5114,True,0.0
Placebo,4,5977,True,0.0
Placebo,4,5984,True,0.2398124665681314
Placebo,4,6353,True,0.5910552701706273
Placebo,4,6373,True,0.07809742170892058
Placebo,4,6539,True,0.0
Placebo,4,6554,True,0.38954112533280805
Placebo,4,6884,False,0.0
Placebo,4,6955,True,0.3795837542818478
Placebo,4,7020,True,0.1935201247797082
Placebo,4,7029,True,0.06784272269558313
Placebo,4,7280,True,0.22754083620157634
Placebo,4,7394,True,0.09158083663141148
Placebo,4,7795,True,0.4300091405156076
Placebo,4,8108,True,0.1100458831490401
Placebo,4,8560,True,0.3569682150284417
Placebo,4,8632,True,0.20578685618610054
Placebo,4,8657,True,0.2138355638777173
Placebo,4,8777,True,0.6626506115874853
Placebo,4,9151,True,0.0
Placebo,4,9609,False,0.0
Placebo,5,102,True,0.933745776545611
Placebo,5,314,True,0.14964979909082998
Placebo,5,1068,True,0.11190974143083829
Placebo,5,1525,True,0.12050488747439317
Placebo,5,1795,True,0.3749480030805892
Placebo,5,1929,True,0.20759143995813137
Placebo,5,1931,True,0.0
Placebo,5,1991,True,0.07117026412480269
Placebo,5,2528,True,0.43819199280804105
Placebo,5,2697,True,0.0
Placebo,5,2834,True,0.11588653733393127
Placebo,5,2845,True,0.2739213103937233
Placebo,5,3031,True,0.2917356965616352
Placebo,5,3250,True,0.17413731812801747
Placebo,5,3308,True,0.0
Placebo,5,3402,True,0.18347524551037375
Placebo,5,3426,True,0.0
Placebo,5,3449,True,0.10501393938467007
Placebo,5,3756,True,0.0
Placebo,5,4141,True,0.4377066385033285
Placebo,5,4210,True,0.3392110954001562
Placebo,5,4516,True,0.10987173866025325
Placebo,5,4692,True,0.0
Placebo,5,4700,False,0.0
Placebo,5,4910,False,0.0
Placebo,5,4962,False,0.0
Placebo,5,5275,True,0.1340402346263696
Placebo,5,5671,True,0.1775974789821119
Placebo,5,5683,True,0.5845086461251112
Placebo,5,6067,True,0.518080353981789
Placebo,5,6378,True,0.5667531935305417
Placebo,5,6495,True,0.2947527609632573
Placebo,5,6868,True,0.15855310684582818
Placebo,5,6880,True,0.2167931098909922
Placebo,5,7144,True,0.24004116315540766
Placebo,5,7413,True,0.25694010074496526
Placebo,5,7526,True,0.0
Placebo,5,7531,True,0.18457569677956798
Placebo,5,7577,True,0.0
Placebo,5,7621,True,0.03712651420061505
Placebo,5,8198,True,0.4532289734234354
Placebo,5,8442,True,0.0869445126078976
Placebo,5,8452,True,0.2985330553815722
Placebo,5,8476,True,0.46416039869725995
Placebo,5,8541,True,0.272670155689478
Placebo,5,8802,True,0.44749441502502935
Placebo,5,8816,True,0.0
Placebo,5,8852,False,0.0
Placebo,5,9099,True,0.19595127901151166
Placebo,5,9479,True,0.0
Placebo,5,9625,False,0.0
Placebo,5,96,True,0.0
Placebo,5,171,True,0.38841874834663226
Placebo,5,328,False,0.0
Placebo,5,387,True,0.07191071742813421
Placebo,5,754,False,0.0
Placebo,5,983,True,0.25665979387278676
Placebo,5,1039,True,0.19056717706100995
Placebo,5,1098,True,0.18351205520241196
Placebo,5,1120,True,0.0
Placebo,5,1275,True,0.3273956677259588
Placebo,5,1343,True,0.0
Placebo,5,1483,True,0.10218331334064325
Placebo,5,2005,True,0.10209739512291151
Placebo,5,2048,True,0.4947528397716107
Placebo,5,2379,True,0.6518299776760634
Placebo,5,2516,True,0.2642223921463495
Placebo,5,2601,True,0.1503766198229283
Placebo,5,3210,True,0.13309716119169637
Placebo,5,3601,False,0.0
Placebo,5,3729,True,0.19923230927725075
Placebo,5,3832,True,0.364225197986371
Placebo,5,4104,True,0.0
Placebo,5,4286,True,0.4176012442607138
Placebo,5,4329,True,0.30995311664203284
Placebo,5,4553,True,0.13124938519326135
Placebo,5,4790,True,0.0
Placebo,5,4844,True,0.0
Placebo,5,4994,True,0.0
Placebo,5,5020,True,0.2885841214472361
Placebo,5,5293,True,0.0
Placebo,5,5338,True,0.46163727339068883
Placebo,5,5343,True,0.13998212523899578
Placebo,5,5464,True,0.16446859602763608
Placebo,5,5560,True,0.3739630900986679
Placebo,5,5719,True,0.11894322241252411
Placebo,5,6055,True,0.0
Placebo,5,6121,True,0.4808138099641264
Placebo,5,6128,True,0.0
Placebo,5,6197,True,0.18758897940720837
Placebo,5,6336,True,0.2265747756815209
Placebo,5,6577,True,0.4666260547482267
Placebo,5,6717,True,0.0
Placebo,5,6906,False,0.0
Placebo,5,8550,True,0.0
Placebo,5,8576,True,0.4193700921072085
Placebo,5,8790,False,0.0
Placebo,5,8840,False,0.0
Placebo,5,8878,True,0.0
Placebo,5,9337,True,0.07989569279756419
Placebo,5,9501,True,0.24532292141676065
Placebo,5,9512,False,0.0
Placebo,5,45,True,0.0
Placebo,5,199,True,0.0
Placebo,5,458,True,0.5862249183067596
Placebo,5,564,True,0.5876799361431804
Placebo,5,717,True,0.19519002499605084
Placebo,5,1109,True,0.503593600319567
Placebo,5,1576,True,0.1161743738862708
Placebo,5,1711,True,0.0
Placebo,5,1868,True,0.25339584447728963
Placebo,5,1942,True,0.12514058438084777
Placebo,5,2001,True,0.0
Placebo,5,2217,True,0.16884223607103543
Placebo,5,2354,True,0.31927643838188347
Placebo,5,2761,True,0.0
Placebo,5,2980,True,0.0
Placebo,5,3021,True,0.34126695872764834
Placebo,5,3030,True,0.0
Placebo,5,3046,True,0.0
Placebo,5,3050,True,0.7281880048983114
Placebo,5,3288,True,0.22732300053290733
Placebo,5,3302,True,0.14169830436783482
Placebo,5,3794,True,0.0
Placebo,5,3920,True,0.2985932721107235
Placebo,5,3965,True,0.04510157879202123
Placebo,5,4193,True,0.0
Placebo,5,4294,True,0.18948022682934632
Placebo,5,4383,True,0.26489153597242626
Placebo,5,4474,True,0.09645033199756525
Placebo,5,5068,True,0.36944892491197256
Placebo,5,5258,True,0.0
Placebo,5,5306,True,0.4732522482643718
Placebo,5,5323,True,0.42392922826964824
Placebo,5,5421,True,0.5147265454464776
Placebo,5,5766,True,0.337027910848525
Placebo,5,5877,True,0.13066993619284614
Placebo,5,5887,True,0.23765993028358928
Placebo,5,6126,True,0.3333333333333335
Placebo,5,6190,True,0.3436855009426038
Placebo,5,6224,True,0.1100458831490401
Placebo,5,6465,True,0.0
Placebo,5,6853,True,0.1978589121129797
Placebo,5,6949,True,0.25480737726646885
Placebo,5,7107,True,0.26959057893954
Placebo,5,7240,False,0.0
Placebo,5,7937,True,0.105783270465092
Placebo,5,8015,True,0.7039180890341348
Placebo,5,8066,True,0.1976156093482924
Placebo,5,8202,True,0.43409285588246016
Placebo,5,8321,True,0.26063857897861625
Placebo,5,9222,True,0.0
Placebo,5,9453,True,0.3359044426257016
Placebo,5,73,True,0.0
Placebo,5,390,True,0.24394858478102505
Placebo,5,424,True,0.06993108739817402
Placebo,5,715,True,0.6464872882998175
Placebo,5,915,False,0.0
Placebo,5,1579,True,0.3795837542818478
Placebo,5,1643,True,0.0
Placebo,5,1679,True,0.5208555248791866
Placebo,5,1982,True,0.04329167055111354
Placebo,5,2027,True,0.11822100770287784
Placebo,5,2211,True,0.0
Placebo,5,2228,True,0.44296968682828186
Placebo,5,2352,True,0.0
Placebo,5,2520,True,0.10975131898723874
Placebo,5,2573,True,0.0
Placebo,5,2630,True,0.5691992874910474
Placebo,5,2666,True,0.10918487464734664
Placebo,5,2745,True,0.0
Placebo,5,3149,True,0.14317299487623458
Placebo,5,3369,True,0.2535516864427368
Placebo,5,3617,True,0.20811152339610287
Placebo,5,3862,True,0.13124938519326135
Placebo,5,4124,True,0.10717691230510988
Placebo,5,4218,True,0.0
Placebo,5,4268,True,0.28085222449738356
Placebo,5,4452,True,0.1497682310142326
Placebo,5,4522,True,0.0694472361273353
Placebo,5,4784,True,0.574520880931165
Placebo,5,5139,False,0.0
Placebo,5,5438,True,0.1734831394425447
Placebo,5,5565,True,0.0
Placebo,5,5684,True,0.1079013135953422
Placebo,5,5775,True,0.2303735953838052
Placebo,5,6110,True,0.0
Placebo,5,6488,True,0.2021553370411396
Placebo,5,6590,True,0.0
Placebo,5,6793,True,0.25761546555940135
Placebo,5,7090,True,0.3307141173247628
Placebo,5,7112,True,0.3183412193664158
Placebo,5,7167,True,0.41120682717679796
Placebo,5,7287,True,0.4023446530517245
Placebo,5,7370,True,0.09278942916914837
Placebo,5,7547,True,0.2592909007874179
Placebo,5,7589,True,0.2719785076304419
Placebo,5,7622,True,0.05109165667032166
Placebo,5,7640,True,0.0
Placebo,5,7757,True,0.08495564252596027
Placebo,5,8162,True,0.48466304543927935
Placebo,5,8508,True,0.30657359638272924
Placebo,5,8597,True,0.5242301230773303
Placebo,5,8771,False,0.0
Placebo,5,288,True,0.23045543511741606
Placebo,5,635,True,0.3809527071752228
Placebo,5,654,True,0.06368570437114804
Placebo,5,699,True,0.14465249243306436
Placebo,5,743,True,0.43843112731130124
Placebo,5,946,True,0.0
Placebo,5,976,False,0.0
Placebo,5,1144,True,0.5350445182222466
Placebo,5,1187,True,0.3038580362334605
Placebo,5,1384,True,0.0
Placebo,5,1415,True,0.12987501165334064
Placebo,5,1443,True,0.17064031170284585
Placebo,5,1629,True,0.2463023887407299
Placebo,5,1684,True,0.11785313334300485
Placebo,5,1802,True,0.0475448891582404
Placebo,5,1914,True,0.3301376494471203
Placebo,5,2046,True,0.3903800499921017
Placebo,5,2071,True,0.07535987275211563
Placebo,5,2340,True,0.0
Placebo,5,2749,True,0.2786317466198628
Placebo,5,3517,True,0.16561630926217574
Placebo,5,3758,True,0.0
Placebo,5,4110,True,0.22780257479373028
Placebo,5,4111,True,0.0
Placebo,5,4144,True,0.0
Placebo,5,5021,True,0.25639996673230847
Placebo,5,5032,True,0.22402987070607894
Placebo,5,5096,True,0.05117668701077937
Placebo,5,5109,True,0.31832935637021403
Placebo,5,5114,True,0.0
Placebo,5,5977,True,0.0
Placebo,5,5984,True,0.3800937667159343
Placebo,5,6353,True,0.3049890482755061
Placebo,5,6373,True,0.19466437758248467
Placebo,5,6539,True,0.0
Placebo,5,6554,True,0.3220663295246546
Placebo,5,6884,False,0.0
Placebo,5,6955,True,0.0
Placebo,5,7020,True,0.5417850923874069
Placebo,5,7029,True,0.39618699457968104
Placebo,5,7280,True,0.0
Placebo,5,7394,True,0.15472192831653064
Placebo,5,7795,True,0.22125560731059765
Placebo,5,8108,True,0.1951890007906611
Placebo,5,8560,True,0.5039860196736677
Placebo,5,8632,True,0.24469339579466312
Placebo,5,8657,True,0.2669507571941387
Placebo,5,8777,True,0.5759481420206315
Placebo,5,9151,True,0.0
Placebo,5,9609,False,0.0
Placebo,6,102,True,0.6329279812036993
Placebo,6,314,True,0.15855310684582818
Placebo,6,1068,True,0.25055338489180234
Placebo,6,1525,True,0.0
Placebo,6,1795,True,0.18893070523814523
Placebo,6,1929,True,0.3695227573127988
Placebo,6,1931,True,0.0
Placebo,6,1991,True,0.35479571194738335
Placebo,6,2528,True,0.45871586517821145
Placebo,6,2697,True,0.0731168384439099
Placebo,6,2834,True,0.33123929616385284
Placebo,6,2845,True,0.21755319545614063
Placebo,6,3031,True,0.1429557075370525
Placebo,6,3250,True,0.06975096265942549
Placebo,6,3308,True,0.1596969716198995
Placebo,6,3402,True,0.1278325345019925
Placebo,6,3426,True,0.0
Placebo,6,3449,True,0.33237242192454786
Placebo,6,3756,True,0.4813176207866947
Placebo,6,4141,True,0.31307656051545074
Placebo,6,4210,True,0.2149637373462224
Placebo,6,4516,True,0.0
Placebo,6,4692,True,0.6309297535714573
Placebo,6,4700,False,0.0
Placebo,6,4910,False,0.0
Placebo,6,4962,False,0.0
Placebo,6,5275,True,0.056906557239904024
Placebo,6,5671,True,0.19092246656720352
Placebo,6,5683,True,0.42236427789504133
Placebo,6,6067,True,0.5903564223828887
Placebo,6,6378,True,0.33185112079343715
Placebo,6,6495,True,0.661562918987314
Placebo,6,6868,True,0.5055402952034728
Placebo,6,6880,True,0.25753514136124533
Placebo,6,7144,True,0.05253861497588741
Placebo,6,7413,True,0.24468103313594472
Placebo,6,7526,True,0.0
Placebo,6,7531,True,0.0
Placebo,6,7577,True,0.0
Placebo,6,7621,True,0.1183809233169497
Placebo,6,8198,True,0.3811091141505595
Placebo,6,8442,True,0.0
Placebo,6,8452,True,0.5378655255777118
Placebo,6,8476,True,0.07070708635036677
Placebo,6,8541,True,0.46601809259963045
Placebo,6,8802,True,0.46461208786803637
Placebo,6,8816,True,0.12092199990360368
Placebo,6,8852,False,0.0
Placebo,6,9099,True,0.17118516697325226
Placebo,6,9479,True,0.0
Placebo,6,9625,False,0.0
Placebo,6,96,True,0.0
Placebo,6,171,True,0.23920159340979297
Placebo,6,328,False,0.0
Placebo,6,387,True,0.07809742170892058
Placebo,6,754,False,0.0
Placebo,6,983,True,0.08228688650337697
Placebo,6,1039,True,0.31959589316299764
Placebo,6,1098,True,0.06779095235709008
Placebo,6,1120,True,0.43881590665901216
Placebo,6,1275,True,0.41396695915699694
Placebo,6,1343,True,0.4306765580733929
Placebo,6,1483,True,0.37789901297017203
Placebo,6,2005,True,0.12081130269949425
Placebo,6,2048,True,0.3744596322854255
Placebo,6,2379,True,0.6534971725820748
Placebo,6,2516,True,0.07756730770475415
Placebo,6,2601,True,0.22449144393202514
Placebo,6,3210,True,0.4550250275530439
Placebo,6,3601,False,0.0
Placebo,6,3729,True,0.27031591163261354
Placebo,6,3832,True,0.5819129993854888
Placebo,6,4104,True,0.0
Placebo,6,4286,True,0.3335035310018236
Placebo,6,4329,True,0.0
Placebo,6,4553,True,0.0
Placebo,6,4790,True,0.18457569677956798
Placebo,6,4844,True,0.0
Placebo,6,4994,True,0.18465110945919555
Placebo,6,5020,True,0.32891754857327965
Placebo,6,5293,True,0.0691145634159809
Placebo,6,5338,True,0.5555737649328862
Placebo,6,5343,True,0.09543452023977064
Placebo,6,5464,True,0.0
Placebo,6,5560,True,0.5185090782240884
Placebo,6,5719,True,0.0460183410119651
Placebo,6,6055,True,0.0
Placebo,6,6121,True,0.24979350424092409
Placebo,6,6128,True,0.0460183410119651
Placebo,6,6197,True,0.3287987673274809
Placebo,6,6336,True,0.1526174419698506
Placebo,6,6577,True,0.32048803913390206
Placebo,6,6717,True,0.38685280723454163
Placebo,6,6906,False,0.0
Placebo,6,8550,True,0.0
Placebo,6,8576,True,0.22357389443163989
Placebo,6,8790,False,0.0
Placebo,6,8840,False,0.0
Placebo,6,8878,True,0.0
Placebo,6,9337,True,0.25326335410655304
Placebo,6,9501,True,0.38871148728905774
Placebo,6,9512,False,0.0
Placebo,6,45,True,0.2478782093356291
Placebo,6,199,True,0.0
Placebo,6,458,True,0.03312711172719448
Placebo,6,564,True,0.6338986106049134
Placebo,6,717,True,0.1681275362711174
Placebo,6,1109,True,0.422142361790533
Placebo,6,1576,True,0.0
Placebo,6,1711,True,0.0
Placebo,6,1868,True,0.0
Placebo,6,1942,True,0.1642492054609744
Placebo,6,2001,True,0.3239134396887189
Placebo,6,2217,True,0.0
Placebo,6,2354,True,0.26465489503700534
Placebo,6,2761,True,0.0
Placebo,6,2980,True,0.0
Placebo,6,3021,True,0.2284608424494273
Placebo,6,3030,True,0.0
Placebo,6,3046,True,0.501186402069016
Placebo,6,3050,True,0.35603880071356403
Placebo,6,3288,True,0.11366150026645366
Placebo,6,3302,True,0.08421358772610599
Placebo,6,3794,True,0.0
Placebo,6,3920,True,0.047283507740116394
Placebo,6,3965,True,0.0
Placebo,6,4193,True,0.2707842629583516
Placebo,6,4294,True,0.11122948216422447
Placebo,6,4383,True,0.1297253683433055
Placebo,6,4474,True,0.09684158012280931
Placebo,6,5068,True,0.16995508021951422
Placebo,6,5258,True,0.10004876742114935
Placebo,6,5306,True,0.35743622454111473
Placebo,6,5323,True,0.5538413144923232
Placebo,6,5421,True,0.2758403688450564
Placebo,6,5766,True,0.4585277548913611
Placebo,6,5877,True,0.0821774490341282
Placebo,6,5887,True,0.1940294445321932
Placebo,6,6126,True,0.38685280723454163
Placebo,6,6190,True,0.29764079685952344
Placebo,6,6224,True,0.32252459314247517
Placebo,6,6465,True,0.0
Placebo,6,6853,True,0.09684158012280926
Placebo,6,6949,True,0.4762855727528289
Placebo,6,7107,True,0.12624602730590237
Placebo,6,7240,False,0.0
Placebo,6,7937,True,0.39723892082539736
Placebo,6,8015,True,0.1480409554829327
Placebo,6,8066,True,0.05578441968866557
Placebo,6,8202,True,0.19971070314852926
Placebo,6,8321,True,0.3946953502503692
Placebo,6,9222,True,0.2976622992490809
Placebo,6,9453,True,0.548553422910378
Placebo,6,73,True,0.0
Placebo,6,390,True,0.33770691660721763
Placebo,6,424,True,0.0
Placebo,6,715,True,0.4788793094258241
Placebo,6,915,False,0.0
Placebo,6,1579,True,0.23949068454877484
Placebo,6,1643,True,0.0
Placebo,6,1679,True,0.49920960896378935
Placebo,6,1982,True,0.09965311679505898
Placebo,6,2027,True,0.5229382963117052
Placebo,6,2211,True,0.6131471927654585
Placebo,6,2228,True,0.2434679554816964
Placebo,6,2352,True,0.0
Placebo,6,2520,True,0.2548346710074145
Placebo,6,2573,True,0.1419455799408411
Placebo,6,2630,True,0.348051918873498
Placebo,6,2666,True,0.10918487464734664
Placebo,6,2745,True,0.2897742869628396
Placebo,6,3149,True,0.4257551062809464
Placebo,6,3369,True,0.06362078819895167
Placebo,6,3617,True,0.13366037064974126
Placebo,6,3862,True,0.0
Placebo,6,4124,True,0.2688342904127771
Placebo,6,4218,True,0.13228981683400814
Placebo,6,4268,True,0.29205166090145473
Placebo,6,4452,True,0.04681599109282455
Placebo,6,4522,True,0.14665622413710477
Placebo,6,4784,True,0.32827568323595696
Placebo,6,5139,False,0.0
Placebo,6,5438,True,0.0
Placebo,6,5565,True,0.42762543051224616
Placebo,6,5684,True,0.0
Placebo,6,5775,True,0.08459033080002758
Placebo,6,6110,True,0.05969015030748495
Placebo,6,6488,True,0.21715077938211808
Placebo,6,6590,True,0.0
Placebo,6,6793,True,0.2807721888661444
Placebo,6,7090,True,0.11381311447980805
Placebo,6,7112,True,0.0
Placebo,6,7167,True,0.4739405679461367
Placebo,6,7287,True,0.5358302753307107
Placebo,6,7370,True,0.10232684867015737
Placebo,6,7547,True,0.2200917662980802
Placebo,6,7589,True,0.0
Placebo,6,7622,True,0.18018928526437644
Placebo,6,7640,True,0.0
Placebo,6,7757,True,0.0
Placebo,6,8162,True,0.5526607692890476
Placebo,6,8508,True,0.1934264036172709
Placebo,6,8597,True,0.5609723592857712
Placebo,6,8771,False,0.0
Placebo,6,288,True,0.3424131675055653
Placebo,6,635,True,0.4507558554250264
Placebo,6,654,True,0.1738890252157952
Placebo,6,699,True,0.17221983399323143
Placebo,6,743,True,0.24646108457048618
Placebo,6,946,True,0.0
Placebo,6,976,False,0.0
Placebo,6,1144,True,0.4785854654211932
Placebo,6,1187,True,0.2227590852036902
Placebo,6,1384,True,0.15192475695387456
Placebo,6,1415,True,0.1388624438735545
Placebo,6,1443,True,0.2037101573512657
Placebo,6,1629,True,0.2476427880871276
Placebo,6,1684,True,0.0
Placebo,6,1802,True,0.08421358772610599
Placebo,6,1914,True,0.3708961856430068
Placebo,6,2046,True,0.0
Placebo,6,2071,True,0.06715150624238254
Placebo,6,2340,True,0.0
Placebo,6,2749,True,0.1298982802325927
Placebo,6,3517,True,0.5576736373638851
Placebo,6,3758,True,0.0
Placebo,6,4110,True,0.0
Placebo,6,4111,True,0.31037064804873193
Placebo,6,4144,True,0.13507318237186766
Placebo,6,5021,True,0.08274602130531994
Placebo,6,5032,True,0.22344957591370795
Placebo,6,5096,True,0.1916163915281036
Placebo,6,5109,True,0.3222526040600531
Placebo,6,5114,True,0.0
Placebo,6,5977,True,0.0
Placebo,6,5984,True,0.6433224083306326
Placebo,6,6353,True,0.48461410185304005
Placebo,6,6373,True,0.06762979687982364
Placebo,6,6539,True,0.0
Placebo,6,6554,True,0.403398582336699
Placebo,6,6884,False,0.0
Placebo,6,6955,True,0.23949068454877484
Placebo,6,7020,True,0.3428498951126903
Placebo,6,7029,True,0.4099325402032334
Placebo,6,7280,True,0.0
Placebo,6,7394,True,0.2912545416159074
Placebo,6,7795,True,0.17251344293946977
Placebo,6,8108,True,0.1314635108945348
Placebo,6,8560,True,0.5513724186712495
Placebo,6,8632,True,0.35307868348425525
Placebo,6,8657,True,0.06673768929853467
Placebo,6,8777,True,0.36982580397349324
Placebo,6,9151,True,0.0
Placebo,6,9609,False,0.0
Placebo,7,102,True,0.795925159258328
Placebo,7,314,True,0.15229360184896548
Placebo,7,1068,True,0.3530093347200556
Placebo,7,1525,True,0.05013355137207789
Placebo,7,1795,True,0.2565852287133882
Placebo,7,1929,True,0.4976334889377624
Placebo,7,1931,True,0.1394378723663407
Placebo,7,1991,True,0.0
Placebo,7,2528,True,0.4694374593121768
Placebo,7,2697,True,0.08431423425588576
Placebo,7,2834,True,0.2352780584813809
Placebo,7,2845,True,0.26830221213643135
Placebo,7,3031,True,0.0
Placebo,7,3250,True,0.14495572912115998
Placebo,7,3308,True,0.0
Placebo,7,3402,True,0.0
Placebo,7,3426,True,0.09614715734857844
Placebo,7,3449,True,0.040683756096346925
Placebo,7,3756,True,0.44176670408980595
Placebo,7,4141,True,0.59155424024678
Placebo,7,4210,True,0.1371965721795338
Placebo,7,4516,True,0.0
Placebo,7,4692,True,0.0
Placebo,7,4700,False,0.0
Placebo,7,4910,False,0.0
Placebo,7,4962,False,0.0
Placebo,7,5275,True,0.23982331334635168
Placebo,7,5671,True,0.0
Placebo,7,5683,True,0.3725907541108227
Placebo,7,6067,True,0.20959487175095404
Placebo,7,6378,True,0.3286452465705825
Placebo,7,6495,True,0.34555851833461815
Placebo,7,6868,True,0.41479471187920675
Placebo,7,6880,True,0.1905454946517453
Placebo,7,7144,True,0.3750050963590405
Placebo,7,7413,True,0.5200069441513688
Placebo,7,7526,True,0.0
Placebo,7,7531,True,0.6131471927654585
Placebo,7,7577,True,0.26406812257259077
Placebo,7,7621,True,0.2571791021284041
Placebo,7,8198,True,0.25326922566364124
Placebo,7,8442,True,0.32925031526286197
Placebo,7,8452,True,0.48861537685272227
Placebo,7,8476,True,0.12347490489631424
Placebo,7,8541,True,0.5912463455842708
Placebo,7,8802,True,0.23230604393401819
Placebo,7,8816,True,0.16568221480642703
Placebo,7,8852,False,0.0
Placebo,7,9099,True,0.0
Placebo,7,9479,True,0.0
Placebo,7,9625,False,0.0
Placebo,7,96,True,0.0
Placebo,7,171,True,0.20029617776434833
Placebo,7,328,False,0.0
Placebo,7,387,True,0.0869445126078976
Placebo,7,754,False,0.0
Placebo,7,983,True,0.3420826466896052
Placebo,7,1039,True,0.2731592230191031
Placebo,7,1098,True,0.2752680828036179
Placebo,7,1120,True,0.3743629184881926
Placebo,7,1275,True,0.4556934596751501
Placebo,7,1343,True,0.0
Placebo,7,1483,True,0.08097835992217972
Placebo,7,2005,True,0.2530614822099702
Placebo,7,2048,True,0.35528166372447767
Placebo,7,2379,True,0.6871114217315049
Placebo,7,2516,True,0.6367262112037991
Placebo,7,2601,True,0.3500695253448865
Placebo,7,3210,True,0.43900040755805525
Placebo,7,3601,False,0.0
Placebo,7,3729,True,0.27378319786197963
Placebo,7,3832,True,0.3185996717548183
Placebo,7,4104,True,0.22803305302620458
Placebo,7,4286,True,0.5662954385407254
Placebo,7,4329,True,0.0
Placebo,7,4553,True,0.038724791295423604
Placebo,7,4790,True,0.0
Placebo,7,4844,True,0.0
Placebo,7,4994,True,0.2471168871120522
Placebo,7,5020,True,0.37533815939852944
Placebo,7,5293,True,0.37915267736789093
Placebo,7,5338,True,0.6263715700063495
Placebo,7,5343,True,0.10465086048663588
Placebo,7,5464,True,0.0
Placebo,7,5560,True,0.17586517716782343
Placebo,7,5719,True,0.1937325630556578
Placebo,7,6055,True,0.0
Placebo,7,6121,True,0.28843362076984297
Placebo,7,6128,True,0.14441409306562755
Placebo,7,6197,True,0.19237618842756576
Placebo,7,6336,True,0.6184495166608412
Placebo,7,6577,True,0.6714724162039781
Placebo,7,6717,True,0.4306765580733929
Placebo,7,6906,False,0.0
Placebo,7,8550,True,0.0
Placebo,7,8576,True,0.17365547123739333
Placebo,7,8790,False,0.0
Placebo,7,8840,False,0.0
Placebo,7,8878,True,0.0
Placebo,7,9337,True,0.09797563950575583
Placebo,7,9501,True,0.2641158222364685
Placebo,7,9512,False,0.0
Placebo,7,45,True,0.08006660012363451
Placebo,7,199,True,0.6309297535714573
Placebo,7,458,True,0.17679907667958178
Placebo,7,564,True,0.597922723884465
Placebo,7,717,True,0.0
Placebo,7,1109,True,0.5413960510977682
Placebo,7,1576,True,0.05690937110282942
Placebo,7,1711,True,0.0
Placebo,7,1868,True,0.0
Placebo,7,1942,True,0.09077394133714942
Placebo,7,2001,True,0.6790093889516106
Placebo,7,2217,True,0.09797563950575583
Placebo,7,2354,True,0.3827925649237752
Placebo,7,2761,True,0.0
Placebo,7,2980,True,0.0
Placebo,7,3021,True,0.07171242235367578
Placebo,7,3030,True,0.0
Placebo,7,3046,True,0.12830162261101535
Placebo,7,3050,True,0.5817706933101482
Placebo,7,3288,True,0.30743882416087104
Placebo,7,3302,True,0.17794334383741006
Placebo,7,3794,True,0.0
Placebo,7,3920,True,0.28413043948575695
Placebo,7,3965,True,0.2607251523768003
Placebo,7,4193,True,0.42985934992609853
Placebo,7,4294,True,0.10327064981393906
Placebo,7,4383,True,0.28385112645366045
Placebo,7,4474,True,0.0
Placebo,7,5068,True,0.014436302282127354
Placebo,7,5258,True,0.0
Placebo,7,5306,True,0.6402135620629135
Placebo,7,5323,True,0.25995972447845883
Placebo,7,5421,True,0.5423443703581333
Placebo,7,5766,True,0.2089957187466602
Placebo,7,5877,True,0.0
Placebo,7,5887,True,0.04330890684638207
Placebo,7,6126,True,0.35620718710802235
Placebo,7,6190,True,0.5623532859053989
Placebo,7,6224,True,0.03312711172719448
Placebo,7,6465,True,0.0
Placebo,7,6853,True,0.153490273005236
Placebo,7,6949,True,0.24794981517307166
Placebo,7,7107,True,0.2442412963481659
Placebo,7,7240,False,0.0
Placebo,7,7937,True,0.29275191579371523
Placebo,7,8015,True,0.0
Placebo,7,8066,True,0.3358480696104713
Placebo,7,8202,True,0.35186035434339136
Placebo,7,8321,True,0.284930463029544
Placebo,7,9222,True,0.0
Placebo,7,9453,True,0.552914285417888
Placebo,7,73,True,0.11866443082840714
Placebo,7,390,True,0.669965339762661
Placebo,7,424,True,0.14656879505245024
Placebo,7,715,True,0.38963048195527084
Placebo,7,915,False,0.0
Placebo,7,1579,True,0.0
Placebo,7,1643,True,0.0
Placebo,7,1679,True,0.3237566896695487
Placebo,7,1982,True,0.1688525349560014
Placebo,7,2027,True,0.1484114368159081
Placebo,7,2211,True,0.6131471927654585
Placebo,7,2228,True,0.13712968724038696
Placebo,7,2352,True,0.35620718710802235
Placebo,7,2520,True,0.03683186995726716
Placebo,7,2573,True,0.0
Placebo,7,2630,True,0.5843618894561425
Placebo,7,2666,True,0.1597825766969143
Placebo,7,2745,True,0.2058295499696895
Placebo,7,3149,True,0.4546190944399452
Placebo,7,3369,True,0.3301376494471203
Placebo,7,3617,True,0.06003715030609779
Placebo,7,3862,True,0.23711162952588652
Placebo,7,4124,True,0.3480118863481435
Placebo,7,4218,True,0.13228981683400814
Placebo,7,4268,True,0.16852485926922595
Placebo,7,4452,True,0.05398557328145317
Placebo,7,4522,True,0.25448711795050905
Placebo,7,4784,True,0.42304468220992475
Placebo,7,5139,False,0.0
Placebo,7,5438,True,0.0
Placebo,7,5565,True,0.0
Placebo,7,5684,True,0.1549647870358303
Placebo,7,5775,True,0.0543026559841585
Placebo,7,6110,True,0.1385478132642137
Placebo,7,6488,True,0.2130483765146811
Placebo,7,6590,True,0.0
Placebo,7,6793,True,0.10431529053521328
Placebo,7,7090,True,0.06425604298318159
Placebo,7,7112,True,0.14503789886929047
Placebo,7,7167,True,0.5720334994232591
Placebo,7,7287,True,0.30774440827935823
Placebo,7,7370,True,0.09684158012280931
Placebo,7,7547,True,0.2489083270225946
Placebo,7,7589,True,0.0
Placebo,7,7622,True,0.0
Placebo,7,7640,True,0.0
Placebo,7,7757,True,0.11327419003461374
Placebo,7,8162,True,0.30116388356841634
Placebo,7,8508,True,0.1934264036172709
Placebo,7,8597,True,0.5249921221298818
Placebo,7,8771,False,0.0
Placebo,7,288,True,0.3760325553237666
Placebo,7,635,True,0.22245896432844894
Placebo,7,654,True,0.029178045525306246
Placebo,7,699,True,0.1610425878239397
Placebo,7,743,True,0.2100278787693401
Placebo,7,946,True,0.0
Placebo,7,976,False,0.0
Placebo,7,1144,True,0.689624220710329
Placebo,7,1187,True,0.13163148578635453
Placebo,7,1384,True,0.3467132018086354
Placebo,7,1415,True,0.43227884214719153
Placebo,7,1443,True,0.35414007715155665
Placebo,7,1629,True,0.0
Placebo,7,1684,True,0.28671292892471495
Placebo,7,1802,True,0.13301672926512065
Placebo,7,1914,True,0.46633394647462134
Placebo,7,2046,True,0.1681275362711174
Placebo,7,2071,True,0.2593685068914083
Placebo,7,2340,True,0.08671382849411978
Placebo,7,2749,True,0.2472479706325219
Placebo,7,3517,True,0.08421358772610593
Placebo,7,3758,True,0.1460683498427064
Placebo,7,4110,True,0.3868528072345415
Placebo,7,4111,True,0.11518062305268108
Placebo,7,4144,True,0.07838015967399029
Placebo,7,5021,True,0.09791292534996787
Placebo,7,5032,True,0.18895964012403324
Placebo,7,5096,True,0.08582939637888308
Placebo,7,5109,True,0.30785451628695376
Placebo,7,5114,True,0.0
Placebo,7,5977,True,0.3154648767857289
Placebo,7,5984,True,0.0
Placebo,7,6353,True,0.2366739401424044
Placebo,7,6373,True,0.06960184313416146
Placebo,7,6539,True,0.0
Placebo,7,6554,True,0.18939166933796767
Placebo,7,6884,False,0.0
Placebo,7,6955,True,0.0
Placebo,7,7020,True,0.3048245946485771
Placebo,7,7029,True,0.2492861778626919
Placebo,7,7280,True,0.0
Placebo,7,7394,True,0.1561688866220964
Placebo,7,7795,True,0.6358826506650841
Placebo,7,8108,True,0.3306790203327428
Placebo,7,8560,True,0.3058779736165045
Placebo,7,8632,True,0.2769261210513324
Placebo,7,8657,True,0.38192019047759634
Placebo,7,8777,True,0.40992234761407553
Placebo,7,9151,True,0.0
Placebo,7,9609,False,0.0
Placebo,8,102,True,0.723662959352738
Placebo,8,314,True,0.6587802010997831
Placebo,8,1068,True,0.274183073981333
Placebo,8,1525,True,0.04338356787451251
Placebo,8,1795,True,0.13582776257060772
Placebo,8,1929,True,0.21522019934787603
Placebo,8,1931,True,0.049941400570997205
Placebo,8,1991,True,0.0
Placebo,8,2528,True,0.4433455604778422
Placebo,8,2697,True,0.20626588994627681
Placebo,8,2834,True,0.2404204017775532
Placebo,8,2845,True,0.2249539159559384
Placebo,8,3031,True,0.1921670881766535
Placebo,8,3250,True,0.21397554151693904
Placebo,8,3308,True,0.319393943239799
Placebo,8,3402,True,0.0
Placebo,8,3426,True,0.11866443082840714
Placebo,8,3449,True,0.13116650549455303
Placebo,8,3756,True,0.2646955828952079
Placebo,8,4141,True,0.2783250959063978
Placebo,8,4210,True,0.17001186830194134
Placebo,8,4516,True,0.23981246656813157
Placebo,8,4692,True,0.0
Placebo,8,4700,False,0.0
Placebo,8,4910,False,0.0
Placebo,8,4962,False,0.0
Placebo,8,5275,True,0.2451389255393547
Placebo,8,5671,True,0.19733338079823662
Placebo,8,5683,True,0.3579305731885007
Placebo,8,6067,True,0.49411380949121747
Placebo,8,6378,True,0.31474496713587513
Placebo,8,6495,True,0.4074153667635757
Placebo,8,6868,True,0.31265399049955417
Placebo,8,6880,True,0.04996171069384791
Placebo,8,7144,True,0.0
Placebo,8,7413,True,0.20274979082177558
Placebo,8,7526,True,0.0
Placebo,8,7531,True,0.0
Placebo,8,7577,True,0.0
Placebo,8,7621,True,0.1755097010391551
Placebo,8,8198,True,0.30452646914800174
Placebo,8,8442,True,0.07191071742813421
Placebo,8,8452,True,0.5249341411992899
Placebo,8,8476,True,0.568576762144262
Placebo,8,8541,True,0.8407117934929068
Placebo,8,8802,True,0.16549816491585856
Placebo,8,8816,True,0.2559134576410185
Placebo,8,8852,False,0.0
Placebo,8,9099,True,0.0
Placebo,8,9479,True,0.0
Placebo,8,9625,False,0.0
Placebo,8,96,True,0.0
Placebo,8,171,True,0.1653928156762419
Placebo,8,328,False,0.0
Placebo,8,387,True,0.05835609105061249
Placebo,8,754,False,0.0
Placebo,8,983,True,0.12983177566161738
Placebo,8,1039,True,0.3952046308119256
Placebo,8,1098,True,0.1773643015798721
Placebo,8,1120,True,0.10861750945625488
Placebo,8,1275,True,0.37523530387814574
Placebo,8,1343,True,0.0
Placebo,8,1483,True,0.05398557328145317
Placebo,8,2005,True,0.0
Placebo,8,2048,True,0.6301552048390004
Placebo,8,2379,True,0.6318394966388111
Placebo,8,2516,True,0.3724039786843689
Placebo,8,2601,True,0.0
Placebo,8,3210,True,0.30896713110471213
Placebo,8,3601,False,0.0
Placebo,8,3729,True,0.03683186995726716
Placebo,8,3832,True,0.42999190055558295
Placebo,8,4104,True,0.0
Placebo,8,4286,True,0.4295955107139609
Placebo,8,4329,True,0.30995311664203284
Placebo,8,4553,True,0.0
Placebo,8,4790,True,0.0
Placebo,8,4844,True,0.0
Placebo,8,4994,True,0.0
Placebo,8,5020,True,0.2200917662980802
Placebo,8,5293,True,0.37371232933429904
Placebo,8,5338,True,0.4627793331436448
Placebo,8,5343,True,0.5270209255053777
Placebo,8,5464,True,0.0
Placebo,8,5560,True,0.21131494255250785
Placebo,8,5719,True,0.0432992933643714
Placebo,8,6055,True,0.3800937667159343
Placebo,8,6121,True,0.23187096184034114
Placebo,8,6128,True,0.13347537859706934
Placebo,8,6197,True,0.2575556506992387
Placebo,8,6336,True,0.2141825234650481
Placebo,8,6577,True,0.5461261429922029
Placebo,8,6717,True,0.0
Placebo,8,6906,False,0.0
Placebo,8,8550,True,0.0
Placebo,8,8576,True,0.0475448891582404
Placebo,8,8790,False,0.0
Placebo,8,8840,False,0.0
Placebo,8,8878,True,0.0
Placebo,8,9337,True,0.0
Placebo,8,9501,True,0.294157798912973
Placebo,8,9512,False,0.0
Placebo,8,45,True,0.2081221384794361
Placebo,8,199,True,0.0
Placebo,8,458,True,0.426959712796329
Placebo,8,564,True,0.7911145806427395
Placebo,8,717,True,0.0
Placebo,8,1109,True,0.4744376943476243
Placebo,8,1576,True,0.25378344889272136
Placebo,8,1711,True,0.6309297535714573
Placebo,8,1868,True,0.0
Placebo,8,1942,True,0.11905071058310902
Placebo,8,2001,True,0.3239134396887189
Placebo,8,2217,True,0.0
Placebo,8,2354,True,0.4491316746925711
Placebo,8,2761,True,0.0
Placebo,8,2980,True,0.0
Placebo,8,3021,True,0.3784198469876835
Placebo,8,3030,True,0.0
Placebo,8,3046,True,0.0
Placebo,8,3050,True,0.6339025058217143
Placebo,8,3288,True,0.23860585730380324
Placebo,8,3302,True,0.2273702632937278
Placebo,8,3794,True,0.0
Placebo,8,3920,True,0.3176019226000127
Placebo,8,3965,True,0.227848358004744
Placebo,8,4193,True,0.2707842629583516
Placebo,8,4294,True,0.025722024754584096
Placebo,8,4383,True,0.06943122193677725
Placebo,8,4474,True,0.1322093249512809
Placebo,8,5068,True,0.5471132072400494
Placebo,8,5258,True,0.0
Placebo,8,5306,True,0.42003871676804694
Placebo,8,5323,True,0.35372884446509145
Placebo,8,5421,True,0.4098024552185793
Placebo,8,5766,True,0.09452854666581807
Placebo,8,5877,True,0.13436495550299193
Placebo,8,5887,True,0.05566418523861733
Placebo,8,6126,True,0.6309297535714573
Placebo,8,6190,True,0.6071062657184869
Placebo,8,6224,True,0.3016800346172157
Placebo,8,6465,True,0.0
Placebo,8,6853,True,0.0
Placebo,8,6949,True,0.5716375910179514
Placebo,8,7107,True,0.0
Placebo,8,7240,False,0.0
Placebo,8,7937,True,0.43293528912546037
Placebo,8,8015,True,0.0
Placebo,8,8066,True,0.38555049538710523
Placebo,8,8202,True,0.285261664093787
Placebo,8,8321,True,0.14498868258010594
Placebo,8,9222,True,0.0
Placebo,8,9453,True,0.5361148998917602
Placebo,8,73,True,0.0
Placebo,8,390,True,0.6209863829315821
Placebo,8,424,True,0.0
Placebo,8,715,True,0.4569265614070625
Placebo,8,915,False,0.0
Placebo,8,1579,True,0.23949068454877484
Placebo,8,1643,True,0.46927872602275655
Placebo,8,1679,True,0.21785461897055533
Placebo,8,1982,True,0.14201905717762706
Placebo,8,2027,True,0.29440192843010066
Placebo,8,2211,True,0.6131471927654585
Placebo,8,2228,True,0.1408373442900444
Placebo,8,2352,True,0.3010299956639808
Placebo,8,2520,True,0.0
Placebo,8,2573,True,0.0543026559841585
Placebo,8,2630,True,0.4156673326304493
Placebo,8,2666,True,0.13777597210996173
Placebo,8,2745,True,0.4346614304442594
Placebo,8,3149,True,0.39289590949923364
Placebo,8,3369,True,0.25957598441802293
Placebo,8,3617,True,0.21584165036143071
Placebo,8,3862,True,0.0
Placebo,8,4124,True,0.22122857614162786
Placebo,8,4218,True,0.5257559638131594
Placebo,8,4268,True,0.15540385629974685
Placebo,8,4452,True,0.05109165667032166
Placebo,8,4522,True,0.16425268916418295
Placebo,8,4784,True,0.3125746807433238
Placebo,8,5139,False,0.0
Placebo,8,5438,True,0.10428852969311572
Placebo,8,5565,True,0.5519173917871053
Placebo,8,5684,True,0.08472032376115692
Placebo,8,5775,True,0.3357685924560987
Placebo,8,6110,True,0.0
Placebo,8,6488,True,0.06265341172228864
Placebo,8,6590,True,0.0
Placebo,8,6793,True,0.08452085079694185
Placebo,8,7090,True,0.269192188395127
Placebo,8,7112,True,0.12663893885053282
Placebo,8,7167,True,0.3689729929576629
Placebo,8,7287,True,0.11198218785936039
Placebo,8,7370,True,0.0
Placebo,8,7547,True,0.29221840655095305
Placebo,8,7589,True,0.0
Placebo,8,7622,True,0.08097835992217972
Placebo,8,7640,True,0.0
Placebo,8,7757,True,0.28207620195138977
Placebo,8,8162,True,0.44485873795776953
Placebo,8,8508,True,0.5343761711764595
Placebo,8,8597,True,0.26873745552689515
Placebo,8,8771,False,0.0
Placebo,8,288,True,0.35489940603955544
Placebo,8,635,True,0.3802214893441462
Placebo,8,654,True,0.100939453260283
Placebo,8,699,True,0.0
Placebo,8,743,True,0.30037087341778634
Placebo,8,946,True,0.6309297535714573
Placebo,8,976,False,0.0
Placebo,8,1144,True,0.7257522214232094
Placebo,8,1187,True,0.24507141882061223
Placebo,8,1384,True,0.0
Placebo,8,1415,True,0.17381469577736414
Placebo,8,1443,True,0.5020804184220199
Placebo,8,1629,True,0.13012668333070063
Placebo,8,1684,True,0.0
Placebo,8,1802,True,0.0
Placebo,8,1914,True,0.261477896554617
Placebo,8,2046,True,0.0
Placebo,8,2071,True,0.06993108739817402
Placebo,8,2340,True,0.07945707943276738
Placebo,8,2749,True,0.1575573591631193
Placebo,8,3517,True,0.27204907136105394
Placebo,8,3758,True,0.0
Placebo,8,4110,True,0.3467132018086354
Placebo,8,4111,True,0.0
Placebo,8,4144,True,0.0
Placebo,8,5021,True,0.22415199495126517
Placebo,8,5032,True,0.05010718742268528
Placebo,8,5096,True,0.12888064997255383
Placebo,8,5109,True,0.18630093431135428
Placebo,8,5114,True,0.0
Placebo,8,5977,True,0.0
Placebo,8,5984,True,0.0
Placebo,8,6353,True,0.17679907667958178
Placebo,8,6373,True,0.05835609105061249
Placebo,8,6539,True,0.0
Placebo,8,6554,True,0.2978490532458136
Placebo,8,6884,False,0.0
Placebo,8,6955,True,0.0
Placebo,8,7020,True,0.4409126008309645
Placebo,8,7029,True,0.20001162415462598
Placebo,8,7280,True,0.0
Placebo,8,7394,True,0.11140724239478872
Placebo,8,7795,True,0.45284294060663943
Placebo,8,8108,True,0.07839826897867538
Placebo,8,8560,True,0.26212752900818975
Placebo,8,8632,True,0.25439996142060706
Placebo,8,8657,True,0.06673768929853467
Placebo,8,8777,True,0.5287763351327651
Placebo,8,9151,True,0.0
Placebo,8,9609,False,0.0
Placebo,9,102,True,0.7350236959985563
Placebo,9,314,True,0.3651164866166391
Placebo,9,1068,True,0.371408294247889
Placebo,9,1525,True,0.14074267220463055
Placebo,9,1795,True,0.12386934723300858
Placebo,9,1929,True,0.19018932622091272
Placebo,9,1931,True,0.2443527483788097
Placebo,9,1991,True,0.17739785597369176
Placebo,9,2528,True,0.2729687533184379
Placebo,9,2697,True,0.0
Placebo,9,2834,True,0.41320707736222756
Placebo,9,2845,True,0.20920119768740142
Placebo,9,3031,True,0.09992342138769582
Placebo,9,3250,True,0.6521331095967252
Placebo,9,3308,True,0.0
Placebo,9,3402,True,0.06099161925558509
Placebo,9,3426,True,0.0
Placebo,9,3449,True,0.40015547876249635
Placebo,9,3756,True,0.2118518485933428
Placebo,9,4141,True,0.42437035446275767
Placebo,9,4210,True,0.42402698434064934
Placebo,9,4516,True,0.22883924989280766
Placebo,9,4692,True,0.0
Placebo,9,4700,False,0.0
Placebo,9,4910,False,0.0
Placebo,9,4962,False,0.0
Placebo,9,5275,True,0.06978419164318803
Placebo,9,5671,True,0.27190917769918355
Placebo,9,5683,True,0.18854632613753639
Placebo,9,6067,True,0.5420207354624442
Placebo,9,6378,True,0.2456807125066885
Placebo,9,6495,True,0.6167459683403212
Placebo,9,6868,True,0.23879610502748017
Placebo,9,6880,True,0.17884686023174212
Placebo,9,7144,True,0.22881376589265348
Placebo,9,7413,True,0.5078759732004846
Placebo,9,7526,True,0.0
Placebo,9,7531,True,0.0
Placebo,9,7577,True,0.0
Placebo,9,7621,True,0.06654858059584819
Placebo,9,8198,True,0.25466431116387417
Placebo,9,8442,True,0.12737140874229608
Placebo,9,8452,True,0.18955967204666818
Placebo,9,8476,True,0.19031326377064928
Placebo,9,8541,True,0.5754681040208659
Placebo,9,8802,True,0.22519171085559986
Placebo,9,8816,True,0.0
Placebo,9,8852,False,0.0
Placebo,9,9099,True,0.0
Placebo,9,9479,True,0.22754083620157634
Placebo,9,9625,False,0.0
Placebo,9,96,True,0.0
Placebo,9,171,True,0.5163503399523284
Placebo,9,328,False,0.0
Placebo,9,387,True,0.0
Placebo,9,754,False,0.0
Placebo,9,983,True,0.4873002809070615
Placebo,9,1039,True,0.284930463029544
Placebo,9,1098,True,0.12280382289494315
Placebo,9,1120,True,0.21772390052171361
Placebo,9,1275,True,0.1787010182273071
Placebo,9,1343,True,0.0
Placebo,9,1483,True,0.031210660728549694
Placebo,9,2005,True,0.4412576003965276
Placebo,9,2048,True,0.6868086106892077
Placebo,9,2379,True,0.6973508781480973
Placebo,9,2516,True,0.12154894664238454
Placebo,9,2601,True,0.15513828965581344
Placebo,9,3210,True,0.33884048419275764
Placebo,9,3601,False,0.0
Placebo,9,3729,True,0.3930052994852654
Placebo,9,3832,True,0.32364848572107663
Placebo,9,4104,True,0.19441134780781247
Placebo,9,4286,True,0.3911071069642067
Placebo,9,4329,True,0.11990623328406579
Placebo,9,4553,True,0.11885415371904204
Placebo,9,4790,True,0.0
Placebo,9,4844,True,0.0
Placebo,9,4994,True,0.19229431469715688
Placebo,9,5020,True,0.31581218293055635
Placebo,9,5293,True,0.143461234668952
Placebo,9,5338,True,0.6120798028110876
Placebo,9,5343,True,0.3055652360268985
Placebo,9,5464,True,0.07037444792397074
Placebo,9,5560,True,0.3210767420379
Placebo,9,5719,True,0.1378449019223768
Placebo,9,6055,True,0.32739495038873945
Placebo,9,6121,True,0.3716715323851029
Placebo,9,6128,True,0.0
Placebo,9,6197,True,0.07325852105000331
Placebo,9,6336,True,0.40645425411408537
Placebo,9,6577,True,0.4439994406407771
Placebo,9,6717,True,0.14453241315894383
Placebo,9,6906,False,0.0
Placebo,9,8550,True,0.0
Placebo,9,8576,True,0.0896516830212934
Placebo,9,8790,False,0.0
Placebo,9,8840,False,0.0
Placebo,9,8878,True,0.0
Placebo,9,9337,True,0.08731767249967799
Placebo,9,9501,True,0.23024588467687204
Placebo,9,9512,False,0.0
Placebo,9,45,True,0.12692568741458904
Placebo,9,199,True,0.0
Placebo,9,458,True,0.7184107355873559
Placebo,9,564,True,0.7143433784316261
Placebo,9,717,True,0.0
Placebo,9,1109,True,0.5979203105087401
Placebo,9,1576,True,0.05690937110282942
Placebo,9,1711,True,0.0
Placebo,9,1868,True,0.0
Placebo,9,1942,True,0.2931911109616115
Placebo,9,2001,True,0.1485993180153218
Placebo,9,2217,True,0.0
Placebo,9,2354,True,0.3778532405963341
Placebo,9,2761,True,0.0
Placebo,9,2980,True,0.0
Placebo,9,3021,True,0.22719337011876947
Placebo,9,3030,True,0.38685280723454163
Placebo,9,3046,True,0.07103479412852805
Placebo,9,3050,True,0.48583201038555207
Placebo,9,3288,True,0.07577433351096914
Placebo,9,3302,True,0.21615623684754082
Placebo,9,3794,True,0.0
Placebo,9,3920,True,0.0
Placebo,9,3965,True,0.09414664339019885
Placebo,9,4193,True,0.2197434773205065
Placebo,9,4294,True,0.0
Placebo,9,4383,True,0.23461823343865024
Placebo,9,4474,True,0.2675427543961453
Placebo,9,5068,True,0.268941545388689
Placebo,9,5258,True,0.07535987275211563
Placebo,9,5306,True,0.2749104626019654
Placebo,9,5323,True,0.19097287566507695
Placebo,9,5421,True,0.42872086000933846
Placebo,9,5766,True,0.29892977930173187
Placebo,9,5877,True,0.10956993204550432
Placebo,9,5887,True,0.26384450726111286
Placebo,9,6126,True,0.0
Placebo,9,6190,True,0.4763786411213788
Placebo,9,6224,True,0.17947710508581735
Placebo,9,6465,True,0.0
Placebo,9,6853,True,0.0
Placebo,9,6949,True,0.2414207775375263
Placebo,9,7107,True,0.07778487414574674
Placebo,9,7240,False,0.0
Placebo,9,7937,True,0.48859574560186214
Placebo,9,8015,True,0.0
Placebo,9,8066,True,0.33383046105595654
Placebo,9,8202,True,0.041525761049921964
Placebo,9,8321,True,0.14306545942074156
Placebo,9,9222,True,0.0
Placebo,9,9453,True,0.7081241005544108
Placebo,9,73,True,0.2751109682880105
Placebo,9,390,True,0.6355570660236955
Placebo,9,424,True,0.46461208786803637
Placebo,9,715,True,0.5276027795080499
Placebo,9,915,False,0.0
Placebo,9,1579,True,0.25739710783324377
Placebo,9,1643,True,0.0
Placebo,9,1679,True,0.6231964886029593
Placebo,9,1982,True,0.06784272269558313
Placebo,9,2027,True,0.053368457452889664
Placebo,9,2211,True,0.6131471927654585
Placebo,9,2228,True,0.2762700382055548
Placebo,9,2352,True,0.0
Placebo,9,2520,True,0.07366373991453432
Placebo,9,2573,True,0.08163746459870086
Placebo,9,2630,True,0.638901194870636
Placebo,9,2666,True,0.46968334826960106
Placebo,9,2745,True,0.3631879301970333
Placebo,9,3149,True,0.21194585799915253
Placebo,9,3369,True,0.4393979932649064
Placebo,9,3617,True,0.19642704323858662
Placebo,9,3862,True,0.0
Placebo,9,4124,True,0.15011866325607978
Placebo,9,4218,True,0.0
Placebo,9,4268,True,0.2775341683999947
Placebo,9,4452,True,0.10644397828150137
Placebo,9,4522,True,0.26349143776919387
Placebo,9,4784,True,0.46256623248692635
Placebo,9,5139,False,0.0
Placebo,9,5438,True,0.05560460661203127
Placebo,9,5565,True,0.0
Placebo,9,5684,True,0.09452854666581807
Placebo,9,5775,True,0.0
Placebo,9,6110,True,0.0
Placebo,9,6488,True,0.06265341172228864
Placebo,9,6590,True,0.0
Placebo,9,6793,True,0.5039993907024302
Placebo,9,7090,True,0.03548230694357212
Placebo,9,7112,True,0.056422570674467584
Placebo,9,7167,True,0.4425792828173344
Placebo,9,7287,True,0.2914923347846996
Placebo,9,7370,True,0.08873727821548741
Placebo,9,7547,True,0.20136999206726383
Placebo,9,7589,True,0.0
Placebo,9,7622,True,0.0
Placebo,9,7640,True,0.0
Placebo,9,7757,True,0.05128827070294417
Placebo,9,8162,True,0.4190657145698783
Placebo,9,8508,True,0.5857572078374201
Placebo,9,8597,True,0.5429046461892434
Placebo,9,8771,False,0.0
Placebo,9,288,True,0.4804997787495574
Placebo,9,635,True,0.3242919621589968
Placebo,9,654,True,0.05835609105061249
Placebo,9,699,True,0.16421958630632805
Placebo,9,743,True,0.36223019882229507
Placebo,9,946,True,0.0
Placebo,9,976,False,0.0
Placebo,9,1144,True,0.4851702443093448
Placebo,9,1187,True,0.3953387432500379
Placebo,9,1384,True,0.0
Placebo,9,1415,True,0.25044204052383257
Placebo,9,1443,True,0.43795260289103904
Placebo,9,1629,True,0.0
Placebo,9,1684,True,0.0
Placebo,9,1802,True,0.20317292059362024
Placebo,9,1914,True,0.3718539573761157
Placebo,9,2046,True,0.0
Placebo,9,2071,True,0.10004876742114935
Placebo,9,2340,True,0.2542871667877044
Placebo,9,2749,True,0.22781960059415665
Placebo,9,3517,True,0.033072343300188586
Placebo,9,3758,True,0.0
Placebo,9,4110,True,0.4415801103577825
Placebo,9,4111,True,0.0
Placebo,9,4144,True,0.12783253450199242
Placebo,9,5021,True,0.15543291172269244
Placebo,9,5032,True,0.37073066190086357
Placebo,9,5096,True,0.28526983075580753
Placebo,9,5109,True,0.636415784044571
Placebo,9,5114,True,0.0
Placebo,9,5977,True,0.0
Placebo,9,5984,True,0.036623912886751084
Placebo,9,6353,True,0.39592073667559013
Placebo,9,6373,True,0.1302668084787467
Placebo,9,6539,True,0.0
Placebo,9,6554,True,0.4391027202789934
Placebo,9,6884,False,0.0
Placebo,9,6955,True,0.10972431200457408
Placebo,9,7020,True,0.22910832279469545
Placebo,9,7029,True,0.1595584103320006
Placebo,9,7280,True,0.0
Placebo,9,7394,True,0.0
Placebo,9,7795,True,0.44205918052931154
Placebo,9,8108,True,0.13936624499368425
Placebo,9,8560,True,0.4274019721699924
Placebo,9,8632,True,0.3440093479123342
Placebo,9,8657,True,0.08421358772610599
Placebo,9,8777,True,0.5743371894486219
Placebo,9,9151,True,0.0
Placebo,9,9609,False,0.0
Placebo,10,102,True,0.6042477068768981
Placebo,10,314,True,0.16937052320897875
Placebo,10,1068,True,0.10795889886469456
Placebo,10,1525,True,0.2839881095357388
Placebo,10,1795,True,0.3408965007792584
Placebo,10,1929,True,0.39076460427111054
Placebo,10,1931,True,0.10673691490577933
Placebo,10,1991,True,0.14234052824960539
Placebo,10,2528,True,0.2869986319708456
Placebo,10,2697,True,0.0939758016437641
Placebo,10,2834,True,0.2983998766041798
Placebo,10,2845,True,0.31223918864404443
Placebo,10,3031,True,0.1222260944107594
Placebo,10,3250,True,0.2807160802793917
Placebo,10,3308,True,0.3507279964604777
Placebo,10,3402,True,0.0
Placebo,10,3426,True,0.0
Placebo,10,3449,True,0.16562850902381215
Placebo,10,3756,True,0.15848136135921922
Placebo,10,4141,True,0.48133956469404576
Placebo,10,4210,True,0.0837748158187315
Placebo,10,4516,True,0.2197434773205065
Placebo,10,4692,True,0.0
Placebo,10,4700,False,0.0
Placebo,10,4910,False,0.0
Placebo,10,4962,False,0.0
Placebo,10,5275,True,0.0
Placebo,10,5671,True,0.0
Placebo,10,5683,True,0.7189230730997339
Placebo,10,6067,True,0.121277165028909
Placebo,10,6378,True,0.24602063301317142
Placebo,10,6495,True,0.3061248071410833
Placebo,10,6868,True,0.28369245390029935
Placebo,10,6880,True,0.3259362517620251
Placebo,10,7144,True,0.06265341172228864
Placebo,10,7413,True,0.22629117748449976
Placebo,10,7526,True,0.0
Placebo,10,7531,True,0.0
Placebo,10,7577,True,0.2184074368181643
Placebo,10,7621,True,0.04629815741822353
Placebo,10,8198,True,0.34176497358580793
Placebo,10,8442,True,0.0869445126078976
Placebo,10,8452,True,0.3768013475657867
Placebo,10,8476,True,0.0
Placebo,10,8541,True,0.28109461777884354
Placebo,10,8802,True,0.46461208786803637
Placebo,10,8816,True,0.0
Placebo,10,8852,False,0.0
Placebo,10,9099,True,0.0
Placebo,10,9479,True,0.319393943239799
Placebo,10,9625,False,0.0
Placebo,10,96,True,0.0
Placebo,10,171,True,0.5438087222872415
Placebo,10,328,False,0.0
Placebo,10,387,True,0.1728501706884172
Placebo,10,754,False,0.0
Placebo,10,983,True,0.2815169088532765
Placebo,10,1039,True,0.24206239261966161
Placebo,10,1098,True,0.1200743006121955
Placebo,10,1120,True,0.10861750945625488
Placebo,10,1275,True,0.22935669809665776
Placebo,10,1343,True,0.0
Placebo,10,1483,True,0.0576901476090013
Placebo,10,2005,True,0.10209739512291151
Placebo,10,2048,True,0.5223838956256005
Placebo,10,2379,True,0.5507218430445838
Placebo,10,2516,True,0.37726535304541525
Placebo,10,2601,True,0.09077394133714942
Placebo,10,3210,True,0.2096437207430826
Placebo,10,3601,False,0.0
Placebo,10,3729,True,0.14637680696479893
Placebo,10,3832,True,0.2931148685553442
Placebo,10,4104,True,0.1396301254578393
Placebo,10,4286,True,0.5000196450619017
Placebo,10,4329,True,0.0
Placebo,10,4553,True,0.11381874220565884
Placebo,10,4790,True,0.0
Placebo,10,4844,True,0.0
Placebo,10,4994,True,0.0
Placebo,10,5020,True,0.5806114525845456
Placebo,10,5293,True,0.19288862391547923
Placebo,10,5338,True,0.7556841981827188
Placebo,10,5343,True,0.09456701548023279
Placebo,10,5464,True,0.1845435799320107
Placebo,10,5560,True,0.03855803981329108
Placebo,10,5719,True,0.26624736731224513
Placebo,10,6055,True,0.2343258582304696
Placebo,10,6121,True,0.4605736770479851
Placebo,10,6128,True,0.3090575510571917
Placebo,10,6197,True,0.1894260707385654
Placebo,10,6336,True,0.3251578209289659
Placebo,10,6577,True,0.4491369470507399
Placebo,10,6717,True,0.0
Placebo,10,6906,False,0.0
Placebo,10,8550,True,0.0
Placebo,10,8576,True,0.05861924361574434
Placebo,10,8790,False,0.0
Placebo,10,8840,False,0.0
Placebo,10,8878,True,0.0
Placebo,10,9337,True,0.0
Placebo,10,9501,True,0.5919441685690103
Placebo,10,9512,False,0.0
Placebo,10,45,True,0.37905562834283935
Placebo,10,199,True,0.40876468265396726
Placebo,10,458,True,0.38788552487934547
Placebo,10,564,True,0.7313332407671069
Placebo,10,717,True,0.0
Placebo,10,1109,True,0.28921633477015796
Placebo,10,1576,True,0.13124938519326135
Placebo,10,1711,True,0.0
Placebo,10,1868,True,0.0
Placebo,10,1942,True,0.08039138809008572
Placebo,10,2001,True,0.25488222053685355
Placebo,10,2217,True,0.09797563950575583
Placebo,10,2354,True,0.4411950206403171
Placebo,10,2761,True,0.298254219601818
Placebo,10,2980,True,0.0
Placebo,10,3021,True,0.21357917022897835
Placebo,10,3030,True,0.6309297535714573
Placebo,10,3046,True,0.0
Placebo,10,3050,True,0.46147984720210306
Placebo,10,3288,True,0.0926869613100647
Placebo,10,3302,True,0.3761289673971707
Placebo,10,3794,True,0.0
Placebo,10,3920,True,0.4891847232567215
Placebo,10,3965,True,0.16797975717287428
Placebo,10,4193,True,0.4796249331362628
Placebo,10,4294,True,0.15611287653514616
Placebo,10,4383,True,0.4119354276899126
Placebo,10,4474,True,0.306980546010472
Placebo,10,5068,True,0.2586993436811807
Placebo,10,5258,True,0.0
Placebo,10,5306,True,0.4537627766470295
Placebo,10,5323,True,0.278803378624689
Placebo,10,5421,True,0.43519351148884816
Placebo,10,5766,True,0.22970470369517257
Placebo,10,5877,True,0.0821774490341282
Placebo,10,5887,True,0.09452854666581807
Placebo,10,6126,True,0.38685280723454163
Placebo,10,6190,True,0.22319811748039675
Placebo,10,6224,True,0.3679212572135329
Placebo,10,6465,True,0.32739495038873945
Placebo,10,6853,True,0.0
Placebo,10,6949,True,0.4801022828475585
Placebo,10,7107,True,0.08447695052975515
Placebo,10,7240,False,0.0
Placebo,10,7937,True,0.49677532834997307
Placebo,10,8015,True,0.0
Placebo,10,8066,True,0.35446167828156255
Placebo,10,8202,True,0.3372508051561344
Placebo,10,8321,True,0.15532569082315179
Placebo,10,9222,True,0.09845236414941486
Placebo,10,9453,True,0.3561773726701926
Placebo,10,73,True,0.0
Placebo,10,390,True,0.24309789328476902
Placebo,10,424,True,0.0
Placebo,10,715,True,0.2864114268152451
Placebo,10,915,False,0.0
Placebo,10,1579,True,0.1897918771409239
Placebo,10,1643,True,0.0
Placebo,10,1679,True,0.13297747787530204
Placebo,10,1982,True,0.04329167055111354
Placebo,10,2027,True,0.2465807095169562
Placebo,10,2211,True,0.6131471927654585
Placebo,10,2228,True,0.2505610582901751
Placebo,10,2352,True,0.0
Placebo,10,2520,True,0.21278740875805394
Placebo,10,2573,True,0.1803895185407797
Placebo,10,2630,True,0.5987631935936768
Placebo,10,2666,True,0.13777597210996173
Placebo,10,2745,True,0.0
Placebo,10,3149,True,0.3081834235408117
Placebo,10,3369,True,0.10452468374526318
Placebo,10,3617,True,0.30764041504442363
Placebo,10,3862,True,0.19687407778989194
Placebo,10,4124,True,0.0
Placebo,10,4218,True,0.1512192900571853
Placebo,10,4268,True,0.06654858059584819
Placebo,10,4452,True,0.10218331334064332
Placebo,10,4522,True,0.20903810527970798
Placebo,10,4784,True,0.46065020313324223
Placebo,10,5139,False,0.0
Placebo,10,5438,True,0.253381497766184
Placebo,10,5565,True,0.11607370133068003
Placebo,10,5684,True,0.35301686087887274
Placebo,10,5775,True,0.24051935805437297
Placebo,10,6110,True,0.22596175094486826
Placebo,10,6488,True,0.10218331334064325
Placebo,10,6590,True,0.0
Placebo,10,6793,True,0.0
Placebo,10,7090,True,0.0
Placebo,10,7112,True,0.0
Placebo,10,7167,True,0.5492319370576904
Placebo,10,7287,True,0.42405237775819565
Placebo,10,7370,True,0.13141947489825553
Placebo,10,7547,True,0.13422751785877127
Placebo,10,7589,True,0.0
Placebo,10,7622,True,0.0
Placebo,10,7640,True,0.38685280723454163
Placebo,10,7757,True,0.2655525638160768
Placebo,10,8162,True,0.4968331941067696
Placebo,10,8508,True,0.0
Placebo,10,8597,True,0.5081992278100125
Placebo,10,8771,False,0.0
Placebo,10,288,True,0.38644143853260604
Placebo,10,635,True,0.35301049285451225
Placebo,10,654,True,0.0
Placebo,10,699,True,0.2984900352767556
Placebo,10,743,True,0.2142180275943969
Placebo,10,946,True,0.0
Placebo,10,976,False,0.0
Placebo,10,1144,True,0.8026533019664774
Placebo,10,1187,True,0.24125004432633787
Placebo,10,1384,True,0.0
Placebo,10,1415,True,0.22309462729492746
Placebo,10,1443,True,0.4483431430768974
Placebo,10,1629,True,0.11284514134893517
Placebo,10,1684,True,0.1035251145692445
Placebo,10,1802,True,0.12422240594026351
Placebo,10,1914,True,0.2308877867996955
Placebo,10,2046,True,0.0
Placebo,10,2071,True,0.0
Placebo,10,2340,True,0.15543291172269244
Placebo,10,2749,True,0.3535743332905058
Placebo,10,3517,True,0.18329877988649756
Placebo,10,3758,True,0.0
Placebo,10,4110,True,0.30657359638272924
Placebo,10,4111,True,0.0
Placebo,10,4144,True,0.22420679858568615
Placebo,10,5021,True,0.07945707943276738
Placebo,10,5032,True,0.20223278657285984
Placebo,10,5096,True,0.2645796336680163
Placebo,10,5109,True,0.26794687831973935
Placebo,10,5114,True,0.0
Placebo,10,5977,True,0.0
Placebo,10,5984,True,0.14704034066641017
Placebo,10,6353,True,0.245877603334105
Placebo,10,6373,True,0.0
Placebo,10,6539,True,0.0
Placebo,10,6554,True,0.5750197395700944
Placebo,10,6884,False,0.0
Placebo,10,6955,True,0.0
Placebo,10,7020,True,0.44156996178444025
Placebo,10,7029,True,0.28582692900769563
Placebo,10,7280,True,0.0
Placebo,10,7394,True,0.0
Placebo,10,7795,True,0.33325094381895515
Placebo,10,8108,True,0.16836400998426126
Placebo,10,8560,True,0.2927169353129138
Placebo,10,8632,True,0.052221643568979584
Placebo,10,8657,True,0.18748423754004498
Placebo,10,8777,True,0.584391136930291
Placebo,10,9151,True,0.0
Placebo,10,9609,False,0.0
Placebo,11,102,True,0.6968404678259545
Placebo,11,314,True,0.17795570649612846
Placebo,11,1068,True,0.35221680591597243
Placebo,11,1525,True,0.0
Placebo,11,1795,True,0.07644375631226832
Placebo,11,1929,True,0.28319239758159415
Placebo,11,1931,True,0.18905709333163614
Placebo,11,1991,True,0.2676007148833068
Placebo,11,2528,True,0.2446405935510602
Placebo,11,2697,True,0.2327059155688062
Placebo,11,2834,True,0.1775899190378309
Placebo,11,2845,True,0.34831191589291066
Placebo,11,3031,True,0.359069274197544
Placebo,11,3250,True,0.4169957338836165
Placebo,11,3308,True,0.0
Placebo,11,3402,True,0.16563943958189373
Placebo,11,3426,True,0.0
Placebo,11,3449,True,0.28290535378956205
Placebo,11,3756,True,0.21654240453712012
Placebo,11,4141,True,0.5957616317188126
Placebo,11,4210,True,0.17949371960903443
Placebo,11,4516,True,0.19004688335796716
Placebo,11,4692,True,0.6309297535714573
Placebo,11,4700,False,0.0
Placebo,11,4910,False,0.0
Placebo,11,4962,False,0.0
Placebo,11,5275,True,0.24364691628402532
Placebo,11,5671,True,0.0
Placebo,11,5683,True,0.3599702868092368
Placebo,11,6067,True,0.27707160548114795
Placebo,11,6378,True,0.2855553833857291
Placebo,11,6495,True,0.3575386834487096
Placebo,11,6868,True,0.2705471966365012
Placebo,11,6880,True,0.3315278153840312
Placebo,11,7144,True,0.2107105505168595
Placebo,11,7413,True,0.3070600208687777
Placebo,11,7526,True,0.0
Placebo,11,7531,True,0.0
Placebo,11,7577,True,0.0
Placebo,11,7621,True,0.017009769024902862
Placebo,11,8198,True,0.2917356965616352
Placebo,11,8442,True,0.12154321270907034
Placebo,11,8452,True,0.5246486005969944
Placebo,11,8476,True,0.11845062512806952
Placebo,11,8541,True,0.21887166542423955
Placebo,11,8802,True,0.554480333101462
Placebo,11,8816,True,0.0
Placebo,11,8852,False,0.0
Placebo,11,9099,True,0.25326335410655304
Placebo,11,9479,True,0.0
Placebo,11,9625,False,0.0
Placebo,11,96,True,0.0
Placebo,11,171,True,0.31289386385750273
Placebo,11,328,False,0.0
Placebo,11,387,True,0.0
Placebo,11,754,False,0.0
Placebo,11,983,True,0.5738874026691736
Placebo,11,1039,True,0.22399536892601768
Placebo,11,1098,True,0.23023997372305144
Placebo,11,1120,True,0.17714752793103528
Placebo,11,1275,True,0.5400062438450265
Placebo,11,1343,True,0.0
Placebo,11,1483,True,0.26414003318500273
Placebo,11,2005,True,0.2530614822099702
Placebo,11,2048,True,0.43639337575684767
Placebo,11,2379,True,0.5988819194987115
Placebo,11,2516,True,0.2609270731962508
Placebo,11,2601,True,0.2007089299759602
Placebo,11,3210,True,0.427711807759788
Placebo,11,3601,False,0.0
Placebo,11,3729,True,0.08039138809008572
Placebo,11,3832,True,0.24936270394794902
Placebo,11,4104,True,0.0
Placebo,11,4286,True,0.5934299964569129
Placebo,11,4329,True,0.0
Placebo,11,4553,True,0.16957810039284812
Placebo,11,4790,True,0.0
Placebo,11,4844,True,0.0
Placebo,11,4994,True,0.40303028380100486
Placebo,11,5020,True,0.4162629566085604
Placebo,11,5293,True,0.09992342138769582
Placebo,11,5338,True,0.6526671200343436
Placebo,11,5343,True,0.047283507740116394
Placebo,11,5464,True,0.07180140873718391
Placebo,11,5560,True,0.47952595299265915
Placebo,11,5719,True,0.3199222766809359
Placebo,11,6055,True,0.0
Placebo,11,6121,True,0.06625422345438896
Placebo,11,6128,True,0.5376414655075107
Placebo,11,6197,True,0.3223743872724564
Placebo,11,6336,True,0.2735872697693365
Placebo,11,6577,True,0.4062706163866187
Placebo,11,6717,True,0.0
Placebo,11,6906,False,0.0
Placebo,11,8550,True,0.0
Placebo,11,8576,True,0.26912141555421976
Placebo,11,8790,False,0.0
Placebo,11,8840,False,0.0
Placebo,11,8878,True,0.0
Placebo,11,9337,True,0.0
Placebo,11,9501,True,0.6895631661542279
Placebo,11,9512,False,0.0
Placebo,11,45,True,0.2548346710074145
Placebo,11,199,True,0.0
Placebo,11,458,True,0.32194207144949616
Placebo,11,564,True,0.648444722807385
Placebo,11,717,True,0.0
Placebo,11,1109,True,0.6848499292981295
Placebo,11,1576,True,0.3937481555797839
Placebo,11,1711,True,0.0
Placebo,11,1868,True,0.29408068133282034
Placebo,11,1942,True,0.11918532507629641
Placebo,11,2001,True,0.0
Placebo,11,2217,True,0.09542139353446125
Placebo,11,2354,True,0.4640127360346149
Placebo,11,2761,True,0.19519002499605084
Placebo,11,2980,True,0.0
Placebo,11,3021,True,0.04048704329239119
Placebo,11,3030,True,0.0
Placebo,11,3046,True,0.0
Placebo,11,3050,True,0.5100294350221136
Placebo,11,3288,True,0.47994315249044067
Placebo,11,3302,True,0.12279662485798208
Placebo,11,3794,True,0.0
Placebo,11,3920,True,0.17884686023174212
Placebo,11,3965,True,0.21434997322283647
Placebo,11,4193,True,0.0
Placebo,11,4294,True,0.0950897783164808
Placebo,11,4383,True,0.03668196104968005
Placebo,11,4474,True,0.0
Placebo,11,5068,True,0.24879729379799095
Placebo,11,5258,True,0.0
Placebo,11,5306,True,0.840274129803779
Placebo,11,5323,True,0.24626658391064962
Placebo,11,5421,True,0.4182293066898518
Placebo,11,5766,True,0.10216515584354664
Placebo,11,5877,True,0.01583640668819822
Placebo,11,5887,True,0.1305762860951131
Placebo,11,6126,True,0.3333333333333335
Placebo,11,6190,True,0.28589664056825675
Placebo,11,6224,True,0.47590772191273156
Placebo,11,6465,True,0.0
Placebo,11,6853,True,0.0
Placebo,11,6949,True,0.4411431673581037
Placebo,11,7107,True,0.0
Placebo,11,7240,False,0.0
Placebo,11,7937,True,0.21335743132648022
Placebo,11,8015,True,0.0
Placebo,11,8066,True,0.5288718569195574
Placebo,11,8202,True,0.33252374733832557
Placebo,11,8321,True,0.17567228942338545
Placebo,11,9222,True,0.47909091485969857
Placebo,11,9453,True,0.36660265266556347
Placebo,11,73,True,0.09232555472959778
Placebo,11,390,True,0.30060387288839957
Placebo,11,424,True,0.0
Placebo,11,715,True,0.43795671640297157
Placebo,11,915,False,0.0
Placebo,11,1579,True,0.0
Placebo,11,1643,True,0.0
Placebo,11,1679,True,0.22895123663270098
Placebo,11,1982,True,0.2895229882348575
Placebo,11,2027,True,0.351764093817231
Placebo,11,2211,True,0.9197207891481877
Placebo,11,2228,True,0.04552803591854807
Placebo,11,2352,True,0.4306765580733929
Placebo,11,2520,True,0.09858350785990916
Placebo,11,2573,True,0.0
Placebo,11,2630,True,0.39825411473545735
Placebo,11,2666,True,0.21836974929469327
Placebo,11,2745,True,0.0
Placebo,11,3149,True,0.20567403346307928
Placebo,11,3369,True,0.26550551059560545
Placebo,11,3617,True,0.06343775459021646
Placebo,11,3862,True,0.0
Placebo,11,4124,True,0.10176933156101463
Placebo,11,4218,True,0.2645796336680163
Placebo,11,4268,True,0.3361420699905375
Placebo,11,4452,True,0.33482904248016215
Placebo,11,4522,True,0.2117466284027785
Placebo,11,4784,True,0.37063385650227504
Placebo,11,5139,False,0.0
Placebo,11,5438,True,0.11381311447980796
Placebo,11,5565,True,0.0683512890031482
Placebo,11,5684,True,0.4107873903089654
Placebo,11,5775,True,0.09019475927038985
Placebo,11,6110,True,0.0
Placebo,11,6488,True,0.1489993044334678
Placebo,11,6590,True,0.0
Placebo,11,6793,True,0.0
Placebo,11,7090,True,0.056906557239904024
Placebo,11,7112,True,0.13459143142073815
Placebo,11,7167,True,0.3069190531012131
Placebo,11,7287,True,0.49315004217680053
Placebo,11,7370,True,0.0
Placebo,11,7547,True,0.168519502041155
Placebo,11,7589,True,0.04373585705070407
Placebo,11,7622,True,0.2043666266812865
Placebo,11,7640,True,0.0
Placebo,11,7757,True,0.20601624062571294
Placebo,11,8162,True,0.45140961791211637
Placebo,11,8508,True,0.30657359638272924
Placebo,11,8597,True,0.15845809615474177
Placebo,11,8771,False,0.0
Placebo,11,288,True,0.5748722382398644
Placebo,11,635,True,0.22930724304827801
Placebo,11,654,True,0.07809742170892058
Placebo,11,699,True,0.4006705181006301
Placebo,11,743,True,0.34088706552569975
Placebo,11,946,True,0.0
Placebo,11,976,False,0.0
Placebo,11,1144,True,0.5825721709362504
Placebo,11,1187,True,0.45443595103484474
Placebo,11,1384,True,0.0
Placebo,11,1415,True,0.2349389586383651
Placebo,11,1443,True,0.3460250353813064
Placebo,11,1629,True,0.11284514134893517
Placebo,11,1684,True,0.0
Placebo,11,1802,True,0.18577880079395273
Placebo,11,1914,True,0.03312711172719448
Placebo,11,2046,True,0.0
Placebo,11,2071,True,0.08630866384567748
Placebo,11,2340,True,0.07945707943276738
Placebo,11,2749,True,0.5438492007815803
Placebo,11,3517,True,0.12246697914370096
Placebo,11,3758,True,0.13120507751234178
Placebo,11,4110,True,0.20438239758848625
Placebo,11,4111,True,0.0
Placebo,11,4144,True,0.13507318237186766
Placebo,11,5021,True,0.12247456102170362
Placebo,11,5032,True,0.2734171761353219
Placebo,11,5096,True,0.36693300768957504
Placebo,11,5109,True,0.42916270381304134
Placebo,11,5114,True,0.0
Placebo,11,5977,True,0.0
Placebo,11,5984,True,0.11990623328406579
Placebo,11,6353,True,0.3310342242859146
Placebo,11,6373,True,0.10108876295344045
Placebo,11,6539,True,0.0
Placebo,11,6554,True,0.5697061129782245
Placebo,11,6884,False,0.0
Placebo,11,6955,True,0.1897918771409239
Placebo,11,7020,True,0.33600760215634917
Placebo,11,7029,True,0.20385642664534198
Placebo,11,7280,True,0.0
Placebo,11,7394,True,0.05398557328145317
Placebo,11,7795,True,0.35856608668920803
Placebo,11,8108,True,0.07839826897867538
Placebo,11,8560,True,0.37587548385897473
Placebo,11,8632,True,0.0
Placebo,11,8657,True,0.0865985867287428
Placebo,11,8777,True,0.6130416938891113
Placebo,11,9151,True,0.0
Placebo,11,9609,False,0.0
Placebo,12,102,True,0.6709686150838485
Placebo,12,314,True,0.24326351743568156
Placebo,12,1068,True,0.16864539602946613
Placebo,12,1525,True,0.08136751219269385
Placebo,12,1795,True,0.28580571594699455
Placebo,12,1929,True,0.4764754960332611
Placebo,12,1931,True,0.0
Placebo,12,1991,True,0.0
Placebo,12,2528,True,0.28374921463118685
Placebo,12,2697,True,0.2757315305451219
Placebo,12,2834,True,0.23776346930744585
Placebo,12,2845,True,0.2796410996588484
Placebo,12,3031,True,0.11272712605505354
Placebo,12,3250,True,0.218402735082472
Placebo,12,3308,True,0.0
Placebo,12,3402,True,0.0
Placebo,12,3426,True,0.4569494273838043
Placebo,12,3449,True,0.14074267220463055
Placebo,12,3756,True,0.0
Placebo,12,4141,True,0.3083183456850519
Placebo,12,4210,True,0.20395301901483728
Placebo,12,4516,True,0.0
Placebo,12,4692,True,0.0
Placebo,12,4700,False,0.0
Placebo,12,4910,False,0.0
Placebo,12,4962,False,0.0
Placebo,12,5275,True,0.2832308355716472
Placebo,12,5671,True,0.18172536848574963
Placebo,12,5683,True,0.2507656754195217
Placebo,12,6067,True,0.1658468365446036
Placebo,12,6378,True,0.3388638754390226
Placebo,12,6495,True,0.22293858710800993
Placebo,12,6868,True,0.03858303713187615
Placebo,12,6880,True,0.035331264752359905
Placebo,12,7144,True,0.1507293225816052
Placebo,12,7413,True,0.451699511102051
Placebo,12,7526,True,0.0
Placebo,12,7531,True,0.0
Placebo,12,7577,True,0.0
Placebo,12,7621,True,0.3013513206022581
Placebo,12,8198,True,0.49938689776156203
Placebo,12,8442,True,0.08994965187984141
Placebo,12,8452,True,0.4034496281347981
Placebo,12,8476,True,0.453323142512481
Placebo,12,8541,True,0.4741225264038523
Placebo,12,8802,True,0.46461208786803637
Placebo,12,8816,True,0.21723501891250976
Placebo,12,8852,False,0.0
Placebo,12,9099,True,0.07989569279756419
Placebo,12,9479,True,0.0
Placebo,12,9625,False,0.0
Placebo,12,96,True,0.0
Placebo,12,171,True,0.27177976334289045
Placebo,12,328,False,0.0
Placebo,12,387,True,0.0
Placebo,12,754,False,0.0
Placebo,12,983,True,0.37050049458465606
Placebo,12,1039,True,0.37559451492384877
Placebo,12,1098,True,0.13228679598053064
Placebo,12,1120,True,0.0
Placebo,12,1275,True,0.34268844772305285
Placebo,12,1343,True,0.0
Placebo,12,1483,True,0.10218331334064332
Placebo,12,2005,True,0.0
Placebo,12,2048,True,0.6160896443320221
Placebo,12,2379,True,0.3588997093294526
Placebo,12,2516,True,0.3407760095759058
Placebo,12,2601,True,0.08320577491785851
Placebo,12,3210,True,0.24131221226511415
Placebo,12,3601,False,0.0
Placebo,12,3729,True,0.10975131898723874
Placebo,12,3832,True,0.7682269253321374
Placebo,12,4104,True,0.24969413359406933
Placebo,12,4286,True,0.39508822041084235
Placebo,12,4329,True,0.10987173866025325
Placebo,12,4553,True,0.13124938519326135
Placebo,12,4790,True,0.0
Placebo,12,4844,True,0.0
Placebo,12,4994,True,0.10075757095025129
Placebo,12,5020,True,0.28178522716074844
Placebo,12,5293,True,0.08148406294050631
Placebo,12,5338,True,0.4216233010457594
Placebo,12,5343,True,0.08584154755340748
Placebo,12,5464,True,0.21313937805694239
Placebo,12,5560,True,0.7152448556817806
Placebo,12,5719,True,0.41804538374289646
Placebo,12,6055,True,0.0
Placebo,12,6121,True,0.2417868940110822
Placebo,12,6128,True,0.0
Placebo,12,6197,True,0.11366150026645366
Placebo,12,6336,True,0.17301703889441908
Placebo,12,6577,True,0.2857782085408496
Placebo,12,6717,True,0.3010299956639808
Placebo,12,6906,False,0.0
Placebo,12,8550,True,0.0
Placebo,12,8576,True,0.3737100182864685
Placebo,12,8790,False,0.0
Placebo,12,8840,False,0.0
Placebo,12,8878,True,0.0
Placebo,12,9337,True,0.15979138559512837
Placebo,12,9501,True,0.1951893700446828
Placebo,12,9512,False,0.0
Placebo,12,45,True,0.07518830991146415
Placebo,12,199,True,0.371529997171282
Placebo,12,458,True,0.2522216151786703
Placebo,12,564,True,0.7066027076615428
Placebo,12,717,True,0.0
Placebo,12,1109,True,0.6585700075350804
Placebo,12,1576,True,0.4222028411311986
Placebo,12,1711,True,0.0
Placebo,12,1868,True,0.0
Placebo,12,1942,True,0.2342362228012761
Placebo,12,2001,True,0.09750766134500015
Placebo,12,2217,True,0.24421250363064598
Placebo,12,2354,True,0.26377362225825396
Placebo,12,2761,True,0.0
Placebo,12,2980,True,0.0
Placebo,12,3021,True,0.25380496448487366
Placebo,12,3030,True,0.0
Placebo,12,3046,True,0.2775704178072998
Placebo,12,3050,True,0.642314569137352
Placebo,12,3288,True,0.29830413171361364
Placebo,12,3302,True,0.057484716641728835
Placebo,12,3794,True,0.0
Placebo,12,3920,True,0.44086701602628864
Placebo,12,3965,True,0.014436302282127354
Placebo,12,4193,True,0.0
Placebo,12,4294,True,0.14128700792826293
Placebo,12,4383,True,0.06362078819895167
Placebo,12,4474,True,0.4208921760644946
Placebo,12,5068,True,0.42792896173536854
Placebo,12,5258,True,0.30974139191202427
Placebo,12,5306,True,0.4041404811087088
Placebo,12,5323,True,0.2542742702103072
Placebo,12,5421,True,0.4491706214999232
Placebo,12,5766,True,0.3914730766853623
Placebo,12,5877,True,0.19104335785792123
Placebo,12,5887,True,0.36421406400659245
Placebo,12,6126,True,0.0
Placebo,12,6190,True,0.19668833921966322
Placebo,12,6224,True,0.21875540360845996
Placebo,12,6465,True,0.0
Placebo,12,6853,True,0.11341764561495749
Placebo,12,6949,True,0.3614713836112924
Placebo,12,7107,True,0.2092565635123989
Placebo,12,7240,False,0.0
Placebo,12,7937,True,0.407793217603673
Placebo,12,8015,True,0.2960819109658652
Placebo,12,8066,True,0.2554144698612486
Placebo,12,8202,True,0.5411504882053658
Placebo,12,8321,True,0.16867134721368437
Placebo,12,9222,True,0.0
Placebo,12,9453,True,0.6493026116472478
Placebo,12,73,True,0.061550369819731846
Placebo,12,390,True,0.228449593922629
Placebo,12,424,True,0.0898682452334257
Placebo,12,715,True,0.36551595800613346
Placebo,12,915,False,0.0
Placebo,12,1579,True,0.23740272608975063
Placebo,12,1643,True,0.0
Placebo,12,1679,True,0.31231143482014
Placebo,12,1982,True,0.0
Placebo,12,2027,True,0.39610805857473214
Placebo,12,2211,True,0.30657359638272924
Placebo,12,2228,True,0.19614710930155443
Placebo,12,2352,True,0.0
Placebo,12,2520,True,0.31191946737039655
Placebo,12,2573,True,0.0776895369576595
Placebo,12,2630,True,0.4439590276045537
Placebo,12,2666,True,0.20351181679328784
Placebo,12,2745,True,0.0
Placebo,12,3149,True,0.19446815457471348
Placebo,12,3369,True,0.1325372998263964
Placebo,12,3617,True,0.26490788715489644
Placebo,12,3862,True,0.0
Placebo,12,4124,True,0.10753371616511088
Placebo,12,4218,True,0.21224751651271734
Placebo,12,4268,True,0.06803907609961145
Placebo,12,4452,True,0.25545828335160814
Placebo,12,4522,True,0.03817796803046297
Placebo,12,4784,True,0.5109435897123473
Placebo,12,5139,False,0.0
Placebo,12,5438,True,0.25785355687881817
Placebo,12,5565,True,0.36794492785807026
Placebo,12,5684,True,0.14177894309129296
Placebo,12,5775,True,0.10774887145858912
Placebo,12,6110,True,0.2920513263948889
Placebo,12,6488,True,0.46362318643910794
Placebo,12,6590,True,0.0
Placebo,12,6793,True,0.1403860944330722
Placebo,12,7090,True,0.14710131651029384
Placebo,12,7112,True,0.3903800499921017
Placebo,12,7167,True,0.6370625717808399
Placebo,12,7287,True,0.24814783162888723
Placebo,12,7370,True,0.10934867679127507
Placebo,12,7547,True,0.27360902247709934
Placebo,12,7589,True,0.1303237659103706
Placebo,12,7622,True,0.0
Placebo,12,7640,True,0.0
Placebo,12,7757,True,0.16066172397989256
Placebo,12,8162,True,0.47315343916916536
Placebo,12,8508,True,0.26406812257259077
Placebo,12,8597,True,0.5033080157979068
Placebo,12,8771,False,0.0
Placebo,12,288,True,0.5517081112519173
Placebo,12,635,True,0.3805781302868247
Placebo,12,654,True,0.0
Placebo,12,699,True,0.4162845266329952
Placebo,12,743,True,0.38497946408378547
Placebo,12,946,True,0.0
Placebo,12,976,False,0.0
Placebo,12,1144,True,0.4066392799050655
Placebo,12,1187,True,0.3582536711961488
Placebo,12,1384,True,0.22780257479373028
Placebo,12,1415,True,0.0
Placebo,12,1443,True,0.2923369880146532
Placebo,12,1629,True,0.2945039219825193
Placebo,12,1684,True,0.0
Placebo,12,1802,True,0.0
Placebo,12,1914,True,0.3476293915547283
Placebo,12,2046,True,0.0
Placebo,12,2071,True,0.0
Placebo,12,2340,True,0.0
Placebo,12,2749,True,0.22530475339447423
Placebo,12,3517,True,0.0
Placebo,12,3758,True,0.13120507751234178
Placebo,12,4110,True,0.0
Placebo,12,4111,True,0.0
Placebo,12,4144,True,0.2363780691507684
Placebo,12,5021,True,0.3812130139445208
Placebo,12,5032,True,0.14277166206925226
Placebo,12,5096,True,0.1366205289580908
Placebo,12,5109,True,0.5438270078416523
Placebo,12,5114,True,0.20151514190050257
Placebo,12,5977,True,0.0
Placebo,12,5984,True,0.14704034066641017
Placebo,12,6353,True,0.2665865728087298
Placebo,12,6373,True,0.0
Placebo,12,6539,True,0.0
Placebo,12,6554,True,0.49150096247077485
Placebo,12,6884,False,0.0
Placebo,12,6955,True,0.0
Placebo,12,7020,True,0.4696486296035834
Placebo,12,7029,True,0.07318797894842881
Placebo,12,7280,True,0.0
Placebo,12,7394,True,0.0
Placebo,12,7795,True,0.37247893134814947
Placebo,12,8108,True,0.06968312249684212
Placebo,12,8560,True,0.3848519833736166
Placebo,12,8632,True,0.12870538059179573
Placebo,12,8657,True,0.3535378789562507
Placebo,12,8777,True,0.48292024237407327
Placebo,12,9151,True,0.0
Placebo,12,9609,False,0.0
Placebo,13,102,True,0.7982492142267598
Placebo,13,314,True,0.2848734884349871
Placebo,13,1068,True,0.15448541895589818
Placebo,13,1525,True,0.1695079653192465
Placebo,13,1795,True,0.22909885217101247
Placebo,13,1929,True,0.537472803407929
Placebo,13,1931,True,0.3250586707951466
Placebo,13,1991,True,0.05538123001884931
Placebo,13,2528,True,0.54340466546981
Placebo,13,2697,True,0.23573241784227975
Placebo,13,2834,True,0.28216491428792406
Placebo,13,2845,True,0.4214644043779282
Placebo,13,3031,True,0.16092402506210624
Placebo,13,3250,True,0.39294710161816643
Placebo,13,3308,True,0.2672906587103595
Placebo,13,3402,True,0.0
Placebo,13,3426,True,0.0
Placebo,13,3449,True,0.11240717693893888
Placebo,13,3756,True,0.10605361599291402
Placebo,13,4141,True,0.38200590268010104
Placebo,13,4210,True,0.24911290917044088
Placebo,13,4516,True,0.6095588313097495
Placebo,13,4692,True,0.0
Placebo,13,4700,False,0.0
Placebo,13,4910,False,0.0
Placebo,13,4962,False,0.0
Placebo,13,5275,True,0.0
Placebo,13,5671,True,0.07037133610231527
Placebo,13,5683,True,0.559355802718049
Placebo,13,6067,True,0.4301625718718808
Placebo,13,6378,True,0.34178533010748907
Placebo,13,6495,True,0.5877722024616172
Placebo,13,6868,True,0.22551206062099954
Placebo,13,6880,True,0.18742864477307403
Placebo,13,7144,True,0.0
Placebo,13,7413,True,0.3652857124044554
Placebo,13,7526,True,0.17723928678404763
Placebo,13,7531,True,0.3868528072345415
Placebo,13,7577,True,0.0
Placebo,13,7621,True,0.22511506785772656
Placebo,13,8198,True,0.48819630066318254
Placebo,13,8442,True,0.1728501706884172
Placebo,13,8452,True,0.48175971900440673
Placebo,13,8476,True,0.19572455057074709
Placebo,13,8541,True,0.3603866658430559
Placebo,13,8802,True,0.27102371792302127
Placebo,13,8816,True,0.0
Placebo,13,8852,False,0.0
Placebo,13,9099,True,0.25087521138789687
Placebo,13,9479,True,0.0
Placebo,13,9625,False,0.0
Placebo,13,96,True,0.0
Placebo,13,171,True,0.34551622164707135
Placebo,13,328,False,0.0
Placebo,13,387,True,0.14339658950771497
Placebo,13,754,False,0.0
Placebo,13,983,True,0.44440290521387765
Placebo,13,1039,True,0.2211097971190065
Placebo,13,1098,True,0.3503142743352469
Placebo,13,1120,True,0.08116136400948519
Placebo,13,1275,True,0.3371878558624441
Placebo,13,1343,True,0.0
Placebo,13,1483,True,0.18371776387613295
Placebo,13,2005,True,0.0
Placebo,13,2048,True,0.44885330891360475
Placebo,13,2379,True,0.691589387996511
Placebo,13,2516,True,0.4201382462329868
Placebo,13,2601,True,0.16078277618017145
Placebo,13,3210,True,0.2583051610966901
Placebo,13,3601,False,0.0
Placebo,13,3729,True,0.4435167637132815
Placebo,13,3832,True,0.39908201885943595
Placebo,13,4104,True,0.2608117375614545
Placebo,13,4286,True,0.48076909627377795
Placebo,13,4329,True,0.0
Placebo,13,4553,True,0.14025592292804678
Placebo,13,4790,True,0.0
Placebo,13,4844,True,0.0
Placebo,13,4994,True,0.0
Placebo,13,5020,True,0.4608749892850451
Placebo,13,5293,True,0.3055652360268985
Placebo,13,5338,True,0.2983982041569014
Placebo,13,5343,True,0.0
Placebo,13,5464,True,0.34124370925347763
Placebo,13,5560,True,0.29821231332004533
Placebo,13,5719,True,0.1653818527840708
Placebo,13,6055,True,0.0
Placebo,13,6121,True,0.46139070942947086
Placebo,13,6128,True,0.21631784442917842
Placebo,13,6197,True,0.10891808515713539
Placebo,13,6336,True,0.2573150982333828
Placebo,13,6577,True,0.5168091573435486
Placebo,13,6717,True,0.0
Placebo,13,6906,False,0.0
Placebo,13,8550,True,0.0
Placebo,13,8576,True,0.2307636687271181
Placebo,13,8790,False,0.0
Placebo,13,8840,False,0.0
Placebo,13,8878,True,0.3243991050595312
Placebo,13,9337,True,0.12663167705327652
Placebo,13,9501,True,0.4013752637304952
Placebo,13,9512,False,0.0
Placebo,13,45,True,0.0
Placebo,13,199,True,0.0
Placebo,13,458,True,0.50749146444855
Placebo,13,564,True,0.6404063499639504
Placebo,13,717,True,0.0
Placebo,13,1109,True,0.44980163597276906
Placebo,13,1576,True,0.3008274855861095
Placebo,13,1711,True,0.0
Placebo,13,1868,True,0.0
Placebo,13,1942,True,0.18670949912644375
Placebo,13,2001,True,0.3239134396887189
Placebo,13,2217,True,0.0
Placebo,13,2354,True,0.3701234461801322
Placebo,13,2761,True,0.11518062305268108
Placebo,13,2980,True,0.35620718710802235
Placebo,13,3021,True,0.03918710502393788
Placebo,13,3030,True,0.0
Placebo,13,3046,True,0.0
Placebo,13,3050,True,0.3279749669865723
Placebo,13,3288,True,0.16497375020635366
Placebo,13,3302,True,0.5204819694289063
Placebo,13,3794,True,0.0
Placebo,13,3920,True,0.1222260944107594
Placebo,13,3965,True,0.16835930025186996
Placebo,13,4193,True,0.4796249331362628
Placebo,13,4294,True,0.1352698709568048
Placebo,13,4383,True,0.2968920835628177
Placebo,13,4474,True,0.3471734332508545
Placebo,13,5068,True,0.09988280114199441
Placebo,13,5258,True,0.14656879505245024
Placebo,13,5306,True,0.49613866523190275
Placebo,13,5323,True,0.4746124225310931
Placebo,13,5421,True,0.5558395729309493
Placebo,13,5766,True,0.3583582460941324
Placebo,13,5877,True,0.3287097961365128
Placebo,13,5887,True,0.13466172433215412
Placebo,13,6126,True,0.0
Placebo,13,6190,True,0.3120722982007548
Placebo,13,6224,True,0.07839826897867538
Placebo,13,6465,True,0.0
Placebo,13,6853,True,0.20170662764446978
Placebo,13,6949,True,0.31857618989479286
Placebo,13,7107,True,0.206643732482024
Placebo,13,7240,False,0.0
Placebo,13,7937,True,0.6374729712999029
Placebo,13,8015,True,0.0
Placebo,13,8066,True,0.13888706065282166
Placebo,13,8202,True,0.28237192800147387
Placebo,13,8321,True,0.20089473283131207
Placebo,13,9222,True,0.20151514190050243
Placebo,13,9453,True,0.513528549750033
Placebo,13,73,True,0.319393943239799
Placebo,13,390,True,0.16332966310494598
Placebo,13,424,True,0.0
Placebo,13,715,True,0.14011370836755374
Placebo,13,915,False,0.0
Placebo,13,1579,True,0.0
Placebo,13,1643,True,0.0
Placebo,13,1679,True,0.23910490300446255
Placebo,13,1982,True,0.14020492086306013
Placebo,13,2027,True,0.1868805218833142
Placebo,13,2211,True,0.6131471927654585
Placebo,13,2228,True,0.30793074344000987
Placebo,13,2352,True,0.0
Placebo,13,2520,True,0.16165777024419883
Placebo,13,2573,True,0.0
Placebo,13,2630,True,0.6290427629862628
Placebo,13,2666,True,0.356145721404655
Placebo,13,2745,True,0.0
Placebo,13,3149,True,0.2368455801211998
Placebo,13,3369,True,0.3052695562492681
Placebo,13,3617,True,0.09529738762601661
Placebo,13,3862,True,0.0
Placebo,13,4124,True,0.0
Placebo,13,4218,True,0.3442260396438768
Placebo,13,4268,True,0.2725030453624803
Placebo,13,4452,True,0.0576901476090013
Placebo,13,4522,True,0.2672830526311248
Placebo,13,4784,True,0.6874708847784536
Placebo,13,5139,False,0.0
Placebo,13,5438,True,0.183597306122996
Placebo,13,5565,True,0.18771229431149994
Placebo,13,5684,True,0.14982420171299154
Placebo,13,5775,True,0.19417007413996287
Placebo,13,6110,True,0.17907045092245477
Placebo,13,6488,True,0.29436109422607354
Placebo,13,6590,True,0.0
Placebo,13,6793,True,0.10861750945625488
Placebo,13,7090,True,0.1281324640969925
Placebo,13,7112,True,0.13459143142073815
Placebo,13,7167,True,0.30192453085441895
Placebo,13,7287,True,0.11525289614447737
Placebo,13,7370,True,0.19473720110461623
Placebo,13,7547,True,0.37348081100160246
Placebo,13,7589,True,0.3026024134988135
Placebo,13,7622,True,0.05109165667032166
Placebo,13,7640,True,0.0
Placebo,13,7757,True,0.15660248477264305
Placebo,13,8162,True,0.6587567829615342
Placebo,13,8508,True,0.20438239758848625
Placebo,13,8597,True,0.42143851339255206
Placebo,13,8771,False,0.0
Placebo,13,288,True,0.45087610866935407
Placebo,13,635,True,0.263873833276239
Placebo,13,654,True,0.0
Placebo,13,699,True,0.16815228646891087
Placebo,13,743,True,0.49315634509686507
Placebo,13,946,True,0.0
Placebo,13,976,False,0.0
Placebo,13,1144,True,0.3699573188553854
Placebo,13,1187,True,0.2264467641789487
Placebo,13,1384,True,0.0
Placebo,13,1415,True,0.3301376494471203
Placebo,13,1443,True,0.33538730921234133
Placebo,13,1629,True,0.19519002499605084
Placebo,13,1684,True,0.0
Placebo,13,1802,True,0.0865985867287428
Placebo,13,1914,True,0.24740580633940135
Placebo,13,2046,True,0.0
Placebo,13,2071,True,0.0
Placebo,13,2340,True,0.08671382849411978
Placebo,13,2749,True,0.14996260078826404
Placebo,13,3517,True,0.11374652787710128
Placebo,13,3758,True,0.0
Placebo,13,4110,True,0.0
Placebo,13,4111,True,0.0
Placebo,13,4144,True,0.2026097735578014
Placebo,13,5021,True,0.0
Placebo,13,5032,True,0.11392706306680984
Placebo,13,5096,True,0.13261521680922245
Placebo,13,5109,True,0.35691927144220237
Placebo,13,5114,True,0.0
Placebo,13,5977,True,0.0
Placebo,13,5984,True,0.11990623328406579
Placebo,13,6353,True,0.2734614500294845
Placebo,13,6373,True,0.40734773697178256
Placebo,13,6539,True,0.0
Placebo,13,6554,True,0.5428183923453894
Placebo,13,6884,False,0.0
Placebo,13,6955,True,0.19588890715688656
Placebo,13,7020,True,0.230455435117416
Placebo,13,7029,True,0.0
Placebo,13,7280,True,0.0
Placebo,13,7394,True,0.05253861497588741
Placebo,13,7795,True,0.33759243393594984
Placebo,13,8108,True,0.06943122193677731
Placebo,13,8560,True,0.5343765111253728
Placebo,13,8632,True,0.1666047581904272
Placebo,13,8657,True,0.20156802001220048
Placebo,13,8777,True,0.20614415062161356
Placebo,13,9151,True,0.0
Placebo,13,9609,False,0.0
Placebo,14,102,True,0.7764718385365422
Placebo,14,314,True,0.17081217445484873
Placebo,14,1068,True,0.11366150026645366
Placebo,14,1525,True,0.0
Placebo,14,1795,True,0.08209585309454726
Placebo,14,1929,True,0.26338343684919374
Placebo,14,1931,True,0.1118576110072335
Placebo,14,1991,True,0.07923262754523827
Placebo,14,2528,True,0.4575440932092657
Placebo,14,2697,True,0.0
Placebo,14,2834,True,0.4830074997164713
Placebo,14,2845,True,0.22312646342018225
Placebo,14,3031,True,0.11244734437894206
Placebo,14,3250,True,0.1153802952180026
Placebo,14,3308,True,0.0
Placebo,14,3402,True,0.0
Placebo,14,3426,True,0.0
Placebo,14,3449,True,0.14692038226940124
Placebo,14,3756,True,0.1858738443705952
Placebo,14,4141,True,0.7499014097546242
Placebo,14,4210,True,0.338489256337464
Placebo,14,4516,True,0.0
Placebo,14,4692,True,0.0
Placebo,14,4700,False,0.0
Placebo,14,4910,False,0.0
Placebo,14,4962,False,0.0
Placebo,14,5275,True,0.0
Placebo,14,5671,True,0.14074267220463055
Placebo,14,5683,True,0.5437470665438527
Placebo,14,6067,True,0.3787126423819331
Placebo,14,6378,True,0.13071943690480453
Placebo,14,6495,True,0.10156133596846055
Placebo,14,6868,True,0.20859137624434987
Placebo,14,6880,True,0.1681544568212252
Placebo,14,7144,True,0.12744111026842678
Placebo,14,7413,True,0.09374211877002252
Placebo,14,7526,True,0.0
Placebo,14,7531,True,0.0
Placebo,14,7577,True,0.20438239758848625
Placebo,14,7621,True,0.3530647967427979
Placebo,14,8198,True,0.2998878842801013
Placebo,14,8442,True,0.0869445126078976
Placebo,14,8452,True,0.4994718939854449
Placebo,14,8476,True,0.314425276513732
Placebo,14,8541,True,0.6338179044050812
Placebo,14,8802,True,0.554480333101462
Placebo,14,8816,True,0.17714752793103516
Placebo,14,8852,False,0.0
Placebo,14,9099,True,0.17463534499935598
Placebo,14,9479,True,0.0
Placebo,14,9625,False,0.0
Placebo,14,96,True,0.25063291767094353
Placebo,14,171,True,0.3791798186558478
Placebo,14,328,False,0.0
Placebo,14,387,True,0.201878906520566
Placebo,14,754,False,0.0
Placebo,14,983,True,0.3442849062994449
Placebo,14,1039,True,0.4040951190327538
Placebo,14,1098,True,0.027506435268926537
Placebo,14,1120,True,0.20544285070054552
Placebo,14,1275,True,0.40811607964713525
Placebo,14,1343,True,0.0
Placebo,14,1483,True,0.0979076477631462
Placebo,14,2005,True,0.0
Placebo,14,2048,True,0.4895893314274796
Placebo,14,2379,True,0.6342219606028283
Placebo,14,2516,True,0.4264631053823709
Placebo,14,2601,True,0.21819127684085668
Placebo,14,3210,True,0.33548689808115734
Placebo,14,3601,False,0.0
Placebo,14,3729,True,0.1798792457578651
Placebo,14,3832,True,0.4552089698128831
Placebo,14,4104,True,0.2438244387741752
Placebo,14,4286,True,0.47227539049808204
Placebo,14,4329,True,0.0
Placebo,14,4553,True,0.0
Placebo,14,4790,True,0.0
Placebo,14,4844,True,0.0
Placebo,14,4994,True,0.22754083620157634
Placebo,14,5020,True,0.2229283945188521
Placebo,14,5293,True,0.14818867376789208
Placebo,14,5338,True,0.4621621762891793
Placebo,14,5343,True,0.1787924994213119
Placebo,14,5464,True,0.2397129998630633
Placebo,14,5560,True,0.4179907609690568
Placebo,14,5719,True,0.13347537859706934
Placebo,14,6055,True,0.11441962494640383
Placebo,14,6121,True,0.5254189165562184
Placebo,14,6128,True,0.2379186657350285
Placebo,14,6197,True,0.03788716675548457
Placebo,14,6336,True,0.3309846973710084
Placebo,14,6577,True,0.2555853890875123
Placebo,14,6717,True,0.5
Placebo,14,6906,False,0.0
Placebo,14,8550,True,0.0
Placebo,14,8576,True,0.22551206062099954
Placebo,14,8790,False,0.0
Placebo,14,8840,False,0.0
Placebo,14,8878,True,1.0
Placebo,14,9337,True,0.0
Placebo,14,9501,True,0.4040790856602975
Placebo,14,9512,False,0.0
Placebo,14,45,True,0.5249393606877023
Placebo,14,199,True,0.0
Placebo,14,458,True,0.3953698979575172
Placebo,14,564,True,0.5980844857351597
Placebo,14,717,True,0.0
Placebo,14,1109,True,0.6590089195131079
Placebo,14,1576,True,0.12421371338458453
Placebo,14,1711,True,0.0
Placebo,14,1868,True,0.0
Placebo,14,1942,True,0.07366373991453432
Placebo,14,2001,True,0.16195671984435944
Placebo,14,2217,True,0.11785313334300485
Placebo,14,2354,True,0.13668777312699304
Placebo,14,2761,True,0.1400674936897605
Placebo,14,2980,True,0.0
Placebo,14,3021,True,0.502907350319268
Placebo,14,3030,True,0.0
Placebo,14,3046,True,0.1382617418602952
Placebo,14,3050,True,0.4021632546735359
Placebo,14,3288,True,0.17887677402521096
Placebo,14,3302,True,0.09169690089565796
Placebo,14,3794,True,0.0
Placebo,14,3920,True,0.03855803981329108
Placebo,14,3965,True,0.245102678022614
Placebo,14,4193,True,0.2707842629583516
Placebo,14,4294,True,0.04225955978968893
Placebo,14,4383,True,0.1819899579255483
Placebo,14,4474,True,0.27800144122926523
Placebo,14,5068,True,0.2639691941881319
Placebo,14,5258,True,0.0
Placebo,14,5306,True,0.4966919842020932
Placebo,14,5323,True,0.4345355528672675
Placebo,14,5421,True,0.2903010000559009
Placebo,14,5766,True,0.28797096556997687
Placebo,14,5877,True,0.17422658159046156
Placebo,14,5887,True,0.057959913024345
Placebo,14,6126,True,0.0
Placebo,14,6190,True,0.5022037311331264
Placebo,14,6224,True,0.13436872776344758
Placebo,14,6465,True,0.0
Placebo,14,6853,True,0.409408685671011
Placebo,14,6949,True,0.3091222903284331
Placebo,14,7107,True,0.17440571976203187
Placebo,14,7240,False,0.0
Placebo,14,7937,True,0.37989152816943733
Placebo,14,8015,True,0.0
Placebo,14,8066,True,0.17057135845561414
Placebo,14,8202,True,0.47536149395548455
Placebo,14,8321,True,0.02164583527555677
Placebo,14,9222,True,0.11011753292369394
Placebo,14,9453,True,0.7074926308629248
Placebo,14,73,True,0.22754083620157634
Placebo,14,390,True,0.2983871797563719
Placebo,14,424,True,0.07328439752622516
Placebo,14,715,True,0.39370876794737547
Placebo,14,915,False,0.0
Placebo,14,1579,True,0.24308603519155733
Placebo,14,1643,True,0.20210734650054754
Placebo,14,1679,True,0.2022948797471686
Placebo,14,1982,True,0.13633507784473903
Placebo,14,2027,True,0.2982356385288996
Placebo,14,2211,True,0.6131471927654585
Placebo,14,2228,True,0.13309716119169637
Placebo,14,2352,True,0.371529997171282
Placebo,14,2520,True,0.0
Placebo,14,2573,True,0.05560460661203127
Placebo,14,2630,True,0.6510044709355368
Placebo,14,2666,True,0.10918487464734664
Placebo,14,2745,True,0.33202345215081613
Placebo,14,3149,True,0.2568835578239935
Placebo,14,3369,True,0.3262841133178424
Placebo,14,3617,True,0.0
Placebo,14,3862,True,0.12421371338458453
Placebo,14,4124,True,0.1017693315610147
Placebo,14,4218,True,0.038240332926747736
Placebo,14,4268,True,0.09419063566795548
Placebo,14,4452,True,0.0
Placebo,14,4522,True,0.10487493420486488
Placebo,14,4784,True,0.5155387234545773
Placebo,14,5139,False,0.0
Placebo,14,5438,True,0.2942026330205877
Placebo,14,5565,True,0.1085611983517697
Placebo,14,5684,True,0.13171939248478537
Placebo,14,5775,True,0.1306434215403278
Placebo,14,6110,True,0.05176296879456522
Placebo,14,6488,True,0.06265341172228864
Placebo,14,6590,True,0.0
Placebo,14,6793,True,0.12092199990360368
Placebo,14,7090,True,0.23559509572083737
Placebo,14,7112,True,0.14503789886929047
Placebo,14,7167,True,0.2903432618231407
Placebo,14,7287,True,0.21739563065236853
Placebo,14,7370,True,0.0
Placebo,14,7547,True,0.3204310637943284
Placebo,14,7589,True,0.08928205866243305
Placebo,14,7622,True,0.031210660728549694
Placebo,14,7640,True,0.0
Placebo,14,7757,True,0.3791921284043101
Placebo,14,8162,True,0.3151508161104422
Placebo,14,8508,True,0.5000000000000001
Placebo,14,8597,True,0.3600558568883673
Placebo,14,8771,False,0.0
Placebo,14,288,True,0.7144199045168832
Placebo,14,635,True,0.1702427955905787
Placebo,14,654,True,0.0
Placebo,14,699,True,0.21801394003503294
Placebo,14,743,True,0.5658941083528777
Placebo,14,946,True,0.0
Placebo,14,976,False,0.0
Placebo,14,1144,True,0.430790694167731
Placebo,14,1187,True,0.5323777443304816
Placebo,14,1384,True,0.0
Placebo,14,1415,True,0.3072264538578158
Placebo,14,1443,True,0.4627245936260898
Placebo,14,1629,True,0.11518062305268108
Placebo,14,1684,True,0.0
Placebo,14,1802,True,0.3501342980342042
Placebo,14,1914,True,0.2875471856808224
Placebo,14,2046,True,0.36331756126716824
Placebo,14,2071,True,0.0898682452334257
Placebo,14,2340,True,0.2748763329142909
Placebo,14,2749,True,0.15422083851740337
Placebo,14,3517,True,0.10532072643041082
Placebo,14,3758,True,0.13120507751234178
Placebo,14,4110,True,0.0
Placebo,14,4111,True,0.0
Placebo,14,4144,True,0.0
Placebo,14,5021,True,0.18953836965473156
Placebo,14,5032,True,0.3156108664014126
Placebo,14,5096,True,0.0
Placebo,14,5109,True,0.5468081173554851
Placebo,14,5114,True,0.0
Placebo,14,5977,True,0.0
Placebo,14,5984,True,0.14704034066641017
Placebo,14,6353,True,0.3185565448328912
Placebo,14,6373,True,0.09136274777833836
Placebo,14,6539,True,0.0
Placebo,14,6554,True,0.37690277134237404
Placebo,14,6884,False,0.0
Placebo,14,6955,True,0.07342152046227965
Placebo,14,7020,True,0.34111073349407606
Placebo,14,7029,True,0.5034654927000228
Placebo,14,7280,True,0.0
Placebo,14,7394,True,0.4416122274803885
Placebo,14,7795,True,0.40399365240799273
Placebo,14,8108,True,0.12987501165334064
Placebo,14,8560,True,0.4615395604661466
Placebo,14,8632,True,0.13039845467916966
Placebo,14,8657,True,0.14061891063834914
Placebo,14,8777,True,0.4769645244994608
Placebo,14,9151,True,0.0
Placebo,14,9609,False,0.0
Placebo,15,102,True,0.8660125011411115
Placebo,15,314,True,0.12756662286325576
Placebo,15,1068,True,0.18536377736460208
Placebo,15,1525,True,0.0
Placebo,15,1795,True,0.1092205693180109
Placebo,15,1929,True,0.21479147773130422
Placebo,15,1931,True,0.19492578050501277
Placebo,15,1991,True,0.0
Placebo,15,2528,True,0.30925008730740405
Placebo,15,2697,True,0.07614334071738343
Placebo,15,2834,True,0.23771161602523233
Placebo,15,2845,True,0.20470795113269474
Placebo,15,3031,True,0.0
Placebo,15,3250,True,0.332304239133073
Placebo,15,3308,True,0.0
Placebo,15,3402,True,0.13145285843693008
Placebo,15,3426,True,0.1486262278819524
Placebo,15,3449,True,0.1671857999458645
Placebo,15,3756,True,0.10407261196255128
Placebo,15,4141,True,0.13305201013572893
Placebo,15,4210,True,0.29308202302468245
Placebo,15,4516,True,0.29408068133282034
Placebo,15,4692,True,0.0
Placebo,15,4700,False,0.0
Placebo,15,4910,False,0.0
Placebo,15,4962,False,0.0
Placebo,15,5275,True,0.0
Placebo,15,5671,True,0.16814336334649435
Placebo,15,5683,True,0.419991721622408
Placebo,15,6067,True,0.2687462242349154
Placebo,15,6378,True,0.3345431318471847
Placebo,15,6495,True,0.3225706349600296
Placebo,15,6868,True,0.07876312977220012
Placebo,15,6880,True,0.0
Placebo,15,7144,True,0.0576901476090013
Placebo,15,7413,True,0.35296932943473064
Placebo,15,7526,True,0.0
Placebo,15,7531,True,0.0
Placebo,15,7577,True,0.0
Placebo,15,7621,True,0.034019538049805724
Placebo,15,8198,True,0.37209907677655835
Placebo,15,8442,True,0.15654945426760222
Placebo,15,8452,True,0.23570490145790968
Placebo,15,8476,True,0.24491104563887167
Placebo,15,8541,True,0.6412544455436113
Placebo,15,8802,True,0.14656879505245032
Placebo,15,8816,True,0.21723501891250976
Placebo,15,8852,False,0.0
Placebo,15,9099,True,0.2357062666860097
Placebo,15,9479,True,0.0
Placebo,15,9625,False,0.0
Placebo,15,96,True,0.0
Placebo,15,171,True,0.565863530394604
Placebo,15,328,False,0.0
Placebo,15,387,True,0.08252096715840908
Placebo,15,754,False,0.0
Placebo,15,983,True,0.1455008190707348
Placebo,15,1039,True,0.3854643157043346
Placebo,15,1098,True,0.13925346236413355
Placebo,15,1120,True,0.16568221480642703
Placebo,15,1275,True,0.5643872193673238
Placebo,15,1343,True,0.19669827399395615
Placebo,15,1483,True,0.10218331334064325
Placebo,15,2005,True,0.3255928779197504
Placebo,15,2048,True,0.34003235881170857
Placebo,15,2379,True,0.5671257720124699
Placebo,15,2516,True,0.37739687233957514
Placebo,15,2601,True,0.29966458327815076
Placebo,15,3210,True,0.4373489978917374
Placebo,15,3601,False,0.0
Placebo,15,3729,True,0.1138594339595772
Placebo,15,3832,True,0.36937610080201727
Placebo,15,4104,True,0.22236848567618434
Placebo,15,4286,True,0.3442954530692436
Placebo,15,4329,True,0.0
Placebo,15,4553,True,0.0731446255643773
Placebo,15,4790,True,0.0
Placebo,15,4844,True,0.0
Placebo,15,4994,True,0.0
Placebo,15,5020,True,0.37829986788105313
Placebo,15,5293,True,0.1716830951068149
Placebo,15,5338,True,0.345208627400002
Placebo,15,5343,True,0.07711607962658211
Placebo,15,5464,True,0.0
Placebo,15,5560,True,0.2554313255335099
Placebo,15,5719,True,0.1731971734574856
Placebo,15,6055,True,0.19004688335796716
Placebo,15,6121,True,0.39041267389088913
Placebo,15,6128,True,0.0771660742637523
Placebo,15,6197,True,0.12215606183750649
Placebo,15,6336,True,0.20969899994409907
Placebo,15,6577,True,0.25305197784830097
Placebo,15,6717,True,0.0
Placebo,15,6906,False,0.0
Placebo,15,8550,True,0.0
Placebo,15,8576,True,0.24392703105684585
Placebo,15,8790,False,0.0
Placebo,15,8840,False,0.0
Placebo,15,8878,True,0.6309297535714573
Placebo,15,9337,True,0.0
Placebo,15,9501,True,0.34115784833434537
Placebo,15,9512,False,0.0
Placebo,15,45,True,0.43913042089439674
Placebo,15,199,True,0.3154648767857289
Placebo,15,458,True,0.7533487236216168
Placebo,15,564,True,0.6751563614939794
Placebo,15,717,True,0.13905617951077567
Placebo,15,1109,True,0.6485931592535544
Placebo,15,1576,True,0.36645217818274006
Placebo,15,1711,True,0.0
Placebo,15,1868,True,0.0
Placebo,15,1942,True,0.04064868395859684
Placebo,15,2001,True,0.22335144178090893
Placebo,15,2217,True,0.0
Placebo,15,2354,True,0.28126954448043673
Placebo,15,2761,True,0.0
Placebo,15,2980,True,0.0
Placebo,15,3021,True,0.10578209385344112
Placebo,15,3030,True,0.4306765580733929
Placebo,15,3046,True,0.2338486501732356
Placebo,15,3050,True,0.4074153667635757
Placebo,15,3288,True,0.24237280090523797
Placebo,15,3302,True,0.2779339994695185
Placebo,15,3794,True,0.0
Placebo,15,3920,True,0.36510608172935716
Placebo,15,3965,True,0.19842703866494468
Placebo,15,4193,True,0.25339584447728963
Placebo,15,4294,True,0.2259118920939407
Placebo,15,4383,True,0.45860732696669376
Placebo,15,4474,True,0.14284979897825845
Placebo,15,5068,True,0.0
Placebo,15,5258,True,0.0
Placebo,15,5306,True,0.4093715242557092
Placebo,15,5323,True,0.21357917022897835
Placebo,15,5421,True,0.6077895726212429
Placebo,15,5766,True,0.2456342247687365
Placebo,15,5877,True,0.15218888249518495
Placebo,15,5887,True,0.1312818037250572
Placebo,15,6126,True,0.35620718710802235
Placebo,15,6190,True,0.2782678811785121
Placebo,15,6224,True,0.20483424751859086
Placebo,15,6465,True,0.0
Placebo,15,6853,True,0.14341161661112495
Placebo,15,6949,True,0.4724974897572704
Placebo,15,7107,True,0.24065656401399882
Placebo,15,7240,False,0.0
Placebo,15,7937,True,0.46529357635326185
Placebo,15,8015,True,0.2960819109658652
Placebo,15,8066,True,0.04526947847253332
Placebo,15,8202,True,0.14515991199054096
Placebo,15,8321,True,0.2914798858434052
Placebo,15,9222,True,0.1596969716198995
Placebo,15,9453,True,0.5970436770369644
Placebo,15,73,True,0.21292929549319944
Placebo,15,390,True,0.47885942915417373
Placebo,15,424,True,0.18991701265457503
Placebo,15,715,True,0.35701723189092616
Placebo,15,915,False,0.0
Placebo,15,1579,True,0.0
Placebo,15,1643,True,0.06782598671622385
Placebo,15,1679,True,0.2855846648310943
Placebo,15,1982,True,0.11695351174109685
Placebo,15,2027,True,0.29727594764618376
Placebo,15,2211,True,0.23719771276929624
Placebo,15,2228,True,0.26489959779691774
Placebo,15,2352,True,0.0
Placebo,15,2520,True,0.04247244516790244
Placebo,15,2573,True,0.0
Placebo,15,2630,True,0.5538865902858833
Placebo,15,2666,True,0.13777597210996173
Placebo,15,2745,True,0.0
Placebo,15,3149,True,0.38554746948362345
Placebo,15,3369,True,0.23365080824310527
Placebo,15,3617,True,0.20287429419481687
Placebo,15,3862,True,0.0
Placebo,15,4124,True,0.16130057424766625
Placebo,15,4218,True,0.0
Placebo,15,4268,True,0.4623414316849471
Placebo,15,4452,True,0.0
Placebo,15,4522,True,0.1558511674462499
Placebo,15,4784,True,0.40198278386584735
Placebo,15,5139,False,0.0
Placebo,15,5438,True,0.0
Placebo,15,5565,True,0.2976797165428536
Placebo,15,5684,True,0.04420524281920165
Placebo,15,5775,True,0.21550891342891226
Placebo,15,6110,True,0.1193803006149699
Placebo,15,6488,True,0.048887159478548756
Placebo,15,6590,True,0.0
Placebo,15,6793,True,0.0
Placebo,15,7090,True,0.0
Placebo,15,7112,True,0.2463023887407299
Placebo,15,7167,True,0.4229533044058751
Placebo,15,7287,True,0.17976628214350443
Placebo,15,7370,True,0.24099614338493555
Placebo,15,7547,True,0.08514311764162101
Placebo,15,7589,True,0.0
Placebo,15,7622,True,0.10507722995177482
Placebo,15,7640,True,0.0
Placebo,15,7757,True,0.22849164301370095
Placebo,15,8162,True,0.38350083598637147
Placebo,15,8508,True,0.0
Placebo,15,8597,True,0.40327823095785986
Placebo,15,8771,False,0.0
Placebo,15,288,True,0.35349934426395707
Placebo,15,635,True,0.3245764690676591
Placebo,15,654,True,0.21520329094107846
Placebo,15,699,True,0.33639564558560436
Placebo,15,743,True,0.3088206523115072
Placebo,15,946,True,0.0
Placebo,15,976,False,0.0
Placebo,15,1144,True,0.5776108046848882
Placebo,15,1187,True,0.300189238414342
Placebo,15,1384,True,0.0
Placebo,15,1415,True,0.40537726698695337
Placebo,15,1443,True,0.5420017764612453
Placebo,15,1629,True,0.13012668333070063
Placebo,15,1684,True,0.0
Placebo,15,1802,True,0.14776244267962885
Placebo,15,1914,True,0.4270490694187918
Placebo,15,2046,True,0.0
Placebo,15,2071,True,0.23230604393401819
Placebo,15,2340,True,0.0
Placebo,15,2749,True,0.2237927686207044
Placebo,15,3517,True,0.0
Placebo,15,3758,True,0.0
Placebo,15,4110,True,0.2184074368181643
Placebo,15,4111,True,0.12315119437036504
Placebo,15,4144,True,0.25566506900398484
Placebo,15,5021,True,0.0
Placebo,15,5032,True,0.6429372165270559
Placebo,15,5096,True,0.12170591446184177
Placebo,15,5109,True,0.4200253493318215
Placebo,15,5114,True,0.0
Placebo,15,5977,True,0.0
Placebo,15,5984,True,0.11214568180332854
Placebo,15,6353,True,0.18622795337454243
Placebo,15,6373,True,0.26736824312623436
Placebo,15,6539,True,0.0
Placebo,15,6554,True,0.46970637080609406
Placebo,15,6884,False,0.0
Placebo,15,6955,True,0.11700571908998486
Placebo,15,7020,True,0.43228829461993534
Placebo,15,7029,True,0.23690530871965648
Placebo,15,7280,True,0.7311134412091959
Placebo,15,7394,True,0.12779435101500425
Placebo,15,7795,True,0.3301032928571182
Placebo,15,8108,True,0.06362078819895167
Placebo,15,8560,True,0.4768458485839388
Placebo,15,8632,True,0.221976838923192
Placebo,15,8657,True,0.2602540579661361
Placebo,15,8777,True,0.34575629331270047
Placebo,15,9151,True,0.0
Placebo,15,9609,False,0.0
Placebo,16,102,True,0.5325024273625184
Placebo,16,314,True,0.19809949458906884
Placebo,16,1068,True,0.29553190521535233
Placebo,16,1525,True,0.07037133610231527
Placebo,16,1795,True,0.27436218815496255
Placebo,16,1929,True,0.603612514682012
Placebo,16,1931,True,0.22781300805704446
Placebo,16,1991,True,0.1310646277629874
Placebo,16,2528,True,0.4178823967553558
Placebo,16,2697,True,0.1595890771248963
Placebo,16,2834,True,0.10241712375929543
Placebo,16,2845,True,0.07969050956066964
Placebo,16,3031,True,0.07358744134099243
Placebo,16,3250,True,0.11271039464153237
Placebo,16,3308,True,0.638787886479598
Placebo,16,3402,True,0.05977948912968875
Placebo,16,3426,True,0.0
Placebo,16,3449,True,0.3158252968640603
Placebo,16,3756,True,0.10369639533646707
Placebo,16,4141,True,0.5381658440437675
Placebo,16,4210,True,0.3600471380132146
Placebo,16,4516,True,0.11990623328406579
Placebo,16,4692,True,0.0
Placebo,16,4700,False,0.0
Placebo,16,4910,False,0.0
Placebo,16,4962,False,0.0
Placebo,16,5275,True,0.2346921745249382
Placebo,16,5671,True,0.08136751219269385
Placebo,16,5683,True,0.42050646112962664
Placebo,16,6067,True,0.3258750367631722
Placebo,16,6378,True,0.3072264538578158
Placebo,16,6495,True,0.4171444128580254
Placebo,16,6868,True,0.14367200693089974
Placebo,16,6880,True,0.040742031470253154
Placebo,16,7144,True,0.18316167326282304
Placebo,16,7413,True,0.28680018965771614
Placebo,16,7526,True,0.0
Placebo,16,7531,True,0.0
Placebo,16,7577,True,0.0
Placebo,16,7621,True,0.212987232943057
Placebo,16,8198,True,0.15214659244522613
Placebo,16,8442,True,0.07191071742813421
Placebo,16,8452,True,0.1175356459335424
Placebo,16,8476,True,0.1200743006121955
Placebo,16,8541,True,0.6835381846158708
Placebo,16,8802,True,0.33883132986323306
Placebo,16,8816,True,0.08452085079694185
Placebo,16,8852,False,0.0
Placebo,16,9099,True,0.21814917926546634
Placebo,16,9479,True,0.0
Placebo,16,9625,False,0.0
Placebo,16,96,True,0.0
Placebo,16,171,True,0.45301286522305
Placebo,16,328,False,0.0
Placebo,16,387,True,0.0
Placebo,16,754,False,0.0
Placebo,16,983,True,0.28355199131365005
Placebo,16,1039,True,0.39258438300205345
Placebo,16,1098,True,0.4379165285089751
Placebo,16,1120,True,0.5579327884113513
Placebo,16,1275,True,0.43998146254324605
Placebo,16,1343,True,0.0
Placebo,16,1483,True,0.14115013958782469
Placebo,16,2005,True,0.0
Placebo,16,2048,True,0.3463182471211809
Placebo,16,2379,True,0.4859308194807586
Placebo,16,2516,True,0.31810675650098214
Placebo,16,2601,True,0.08948744797499747
Placebo,16,3210,True,0.2258442604818917
Placebo,16,3601,False,0.0
Placebo,16,3729,True,0.2950303650524574
Placebo,16,3832,True,0.2616060041741612
Placebo,16,4104,True,0.33888129504462766
Placebo,16,4286,True,0.33396023392622015
Placebo,16,4329,True,0.0
Placebo,16,4553,True,0.0
Placebo,16,4790,True,0.0
Placebo,16,4844,True,0.0
Placebo,16,4994,True,0.0
Placebo,16,5020,True,0.4567841865351142
Placebo,16,5293,True,0.15423215925316422
Placebo,16,5338,True,0.32366813078297824
Placebo,16,5343,True,0.27209027034999955
Placebo,16,5464,True,0.17723401368146058
Placebo,16,5560,True,0.2647109866678051
Placebo,16,5719,True,0.03938156488610006
Placebo,16,6055,True,0.0
Placebo,16,6121,True,0.24992297977905906
Placebo,16,6128,True,0.13347537859706934
Placebo,16,6197,True,0.18148959159977335
Placebo,16,6336,True,0.34071857881971673
Placebo,16,6577,True,0.12229210268314741
Placebo,16,6717,True,0.0
Placebo,16,6906,False,0.0
Placebo,16,8550,True,0.0
Placebo,16,8576,True,0.2652014736351708
Placebo,16,8790,False,0.0
Placebo,16,8840,False,0.0
Placebo,16,8878,True,0.0
Placebo,16,9337,True,0.0
Placebo,16,9501,True,0.3168958913432989
Placebo,16,9512,False,0.0
Placebo,16,45,True,0.12741733550370726
Placebo,16,199,True,0.0
Placebo,16,458,True,0.5347156109683886
Placebo,16,564,True,0.7948833326720566
Placebo,16,717,True,0.2463023887407299
Placebo,16,1109,True,0.8029924018094933
Placebo,16,1576,True,0.07012796146402339
Placebo,16,1711,True,0.0
Placebo,16,1868,True,0.0
Placebo,16,1942,True,0.03683186995726716
Placebo,16,2001,True,0.14761755546710226
Placebo,16,2217,True,0.10907458963273317
Placebo,16,2354,True,0.3036507606233526
Placebo,16,2761,True,0.0
Placebo,16,2980,True,0.0
Placebo,16,3021,True,0.3531507081935263
Placebo,16,3030,True,0.0
Placebo,16,3046,True,0.07590931260996128
Placebo,16,3050,True,0.44221305146124357
Placebo,16,3288,True,0.03711148553927144
Placebo,16,3302,True,0.200213067895604
Placebo,16,3794,True,0.0
Placebo,16,3920,True,0.16155861974093175
Placebo,16,3965,True,0.23644201540575568
Placebo,16,4193,True,0.2707842629583516
Placebo,16,4294,True,0.200213067895604
Placebo,16,4383,True,0.1897443646202217
Placebo,16,4474,True,0.2924848783916138
Placebo,16,5068,True,0.2537572795608901
Placebo,16,5258,True,0.0
Placebo,16,5306,True,0.554785560522685
Placebo,16,5323,True,0.3573539618301788
Placebo,16,5421,True,0.49007524315869183
Placebo,16,5766,True,0.40747189699864833
Placebo,16,5877,True,0.0
Placebo,16,5887,True,0.11263296128189104
Placebo,16,6126,True,0.0
Placebo,16,6190,True,0.49780646145603136
Placebo,16,6224,True,0.31675104971817775
Placebo,16,6465,True,0.2343258582304696
Placebo,16,6853,True,0.0
Placebo,16,6949,True,0.3528223674693708
Placebo,16,7107,True,0.18809346402717642
Placebo,16,7240,False,0.0
Placebo,16,7937,True,0.31689930935729876
Placebo,16,8015,True,0.0
Placebo,16,8066,True,0.04940390233707313
Placebo,16,8202,True,0.16975302699842817
Placebo,16,8321,True,0.255034565729146
Placebo,16,9222,True,0.26239664598274054
Placebo,16,9453,True,0.517642404485028
Placebo,16,73,True,0.44295238679582516
Placebo,16,390,True,0.33232464521431937
Placebo,16,424,True,0.0
Placebo,16,715,True,0.13376340356289915
Placebo,16,915,False,0.0
Placebo,16,1579,True,0.21010699997153395
Placebo,16,1643,True,0.0
Placebo,16,1679,True,0.1950373696966681
Placebo,16,1982,True,0.04329167055111354
Placebo,16,2027,True,0.240027359297034
Placebo,16,2211,True,0.6131471927654585
Placebo,16,2228,True,0.0742530284012301
Placebo,16,2352,True,0.3154648767857289
Placebo,16,2520,True,0.03683186995726716
Placebo,16,2573,True,0.0
Placebo,16,2630,True,0.41566733263044925
Placebo,16,2666,True,0.3028466998244484
Placebo,16,2745,True,0.3770050393107963
Placebo,16,3149,True,0.48985406717059776
Placebo,16,3369,True,0.32667339399579326
Placebo,16,3617,True,0.26364721779093936
Placebo,16,3862,True,0.0
Placebo,16,4124,True,0.21506743233022171
Placebo,16,4218,True,0.038240332926747736
Placebo,16,4268,True,0.45214133004589036
Placebo,16,4452,True,0.2686552652289675
Placebo,16,4522,True,0.19732526233795272
Placebo,16,4784,True,0.3975187717174023
Placebo,16,5139,False,0.0
Placebo,16,5438,True,0.056906557239904024
Placebo,16,5565,True,0.21477271742262605
Placebo,16,5684,True,0.0
Placebo,16,5775,True,0.16941772109183922
Placebo,16,6110,True,0.0
Placebo,16,6488,True,0.04681599109282455
Placebo,16,6590,True,0.0
Placebo,16,6793,True,0.1690417015938837
Placebo,16,7090,True,0.183597306122996
Placebo,16,7112,True,0.2032066500026327
Placebo,16,7167,True,0.27379206539338585
Placebo,16,7287,True,0.21058685982780814
Placebo,16,7370,True,0.044368639107743704
Placebo,16,7547,True,0.25084483945282654
Placebo,16,7589,True,0.09109240322345795
Placebo,16,7622,True,0.07216182621891234
Placebo,16,7640,True,0.29504741099093423
Placebo,16,7757,True,0.0
Placebo,16,8162,True,0.44001322515683877
Placebo,16,8508,True,0.0
Placebo,16,8597,True,0.49762285366990927
Placebo,16,8771,False,0.0
Placebo,16,288,True,0.6831697862485173
Placebo,16,635,True,0.36859525327432024
Placebo,16,654,True,0.07191071742813421
Placebo,16,699,True,0.20323893375270075
Placebo,16,743,True,0.3271867199547679
Placebo,16,946,True,0.0
Placebo,16,976,False,0.0
Placebo,16,1144,True,0.8226818625756446
Placebo,16,1187,True,0.12398687963916986
Placebo,16,1384,True,0.1809074917818078
Placebo,16,1415,True,0.39798037214270343
Placebo,16,1443,True,0.3408965007792584
Placebo,16,1629,True,0.11518062305268108
Placebo,16,1684,True,0.0
Placebo,16,1802,True,0.342426395706459
Placebo,16,1914,True,0.20511666732794354
Placebo,16,2046,True,0.0
Placebo,16,2071,True,0.14656879505245024
Placebo,16,2340,True,0.39325912586965384
Placebo,16,2749,True,0.24527053644780733
Placebo,16,3517,True,0.31144255005982846
Placebo,16,3758,True,0.12081130269949425
Placebo,16,4110,True,0.0
Placebo,16,4111,True,0.0
Placebo,16,4144,True,0.1278325345019925
Placebo,16,5021,True,0.1694598497994397
Placebo,16,5032,True,0.0
Placebo,16,5096,True,0.2645796336680163
Placebo,16,5109,True,0.32264064748930826
Placebo,16,5114,True,0.0
Placebo,16,5977,True,0.0
Placebo,16,5984,True,0.0
Placebo,16,6353,True,0.12543224225736407
Placebo,16,6373,True,0.1326823237826694
Placebo,16,6539,True,0.0
Placebo,16,6554,True,0.7013816606794115
Placebo,16,6884,False,0.0
Placebo,16,6955,True,0.0571330479527911
Placebo,16,7020,True,0.3370398314330718
Placebo,16,7029,True,0.31580273045781265
Placebo,16,7280,True,0.0
Placebo,16,7394,True,0.15472192831653064
Placebo,16,7795,True,0.18739511515991866
Placebo,16,8108,True,0.0
Placebo,16,8560,True,0.26212752900818975
Placebo,16,8632,True,0.17558217246012234
Placebo,16,8657,True,0.1317584768843464
Placebo,16,8777,True,0.3471873319130623
Placebo,16,9151,True,0.0
Placebo,16,9609,False,0.0
Placebo,17,102,True,0.6092353957288894
Placebo,17,314,True,0.26227947761450887
Placebo,17,1068,True,0.3356006163362595
Placebo,17,1525,True,0.10507741005516748
Placebo,17,1795,True,0.0826147724924763
Placebo,17,1929,True,0.3007542701147264
Placebo,17,1931,True,0.18905709333163614
Placebo,17,1991,True,0.11607370133067994
Placebo,17,2528,True,0.6080792548897846
Placebo,17,2697,True,0.4419632332306522
Placebo,17,2834,True,0.22466337602289138
Placebo,17,2845,True,0.18170924240169326
Placebo,17,3031,True,0.09125307371717238
Placebo,17,3250,True,0.164080096618509
Placebo,17,3308,True,0.0
Placebo,17,3402,True,0.0
Placebo,17,3426,True,0.1235584435560261
Placebo,17,3449,True,0.2814853444092611
Placebo,17,3756,True,0.2113030419085017
Placebo,17,4141,True,0.4080548066279906
Placebo,17,4210,True,0.289297099087465
Placebo,17,4516,True,0.0
Placebo,17,4692,True,0.0
Placebo,17,4700,False,0.0
Placebo,17,4910,False,0.0
Placebo,17,4962,False,0.0
Placebo,17,5275,True,0.22985725111440444
Placebo,17,5671,True,0.0
Placebo,17,5683,True,0.2191434470377151
Placebo,17,6067,True,0.4508564636074525
Placebo,17,6378,True,0.24904393293155838
Placebo,17,6495,True,0.40702732333432057
Placebo,17,6868,True,0.2691090528955014
Placebo,17,6880,True,0.4751773168114634
Placebo,17,7144,True,0.3901156268795759
Placebo,17,7413,True,0.5861934716185301
Placebo,17,7526,True,0.1934264036172709
Placebo,17,7531,True,0.0
Placebo,17,7577,True,0.0
Placebo,17,7621,True,0.034019538049805724
Placebo,17,8198,True,0.142597110145886
Placebo,17,8442,True,0.0
Placebo,17,8452,True,0.4788132656855388
Placebo,17,8476,True,0.19369752095583895
Placebo,17,8541,True,0.3737619113984241
Placebo,17,8802,True,0.1404359037686077
Placebo,17,8816,True,0.08284110740321352
Placebo,17,8852,False,0.0
Placebo,17,9099,True,0.0
Placebo,17,9479,True,0.0
Placebo,17,9625,False,0.0
Placebo,17,96,True,0.0
Placebo,17,171,True,0.3433834033942394
Placebo,17,328,False,0.0
Placebo,17,387,True,0.07191071742813421
Placebo,17,754,False,0.0
Placebo,17,983,True,0.30667255205455485
Placebo,17,1039,True,0.23912400723373595
Placebo,17,1098,True,0.18351205520241196
Placebo,17,1120,True,0.2739494285491452
Placebo,17,1275,True,0.44947077453558687
Placebo,17,1343,True,0.0
Placebo,17,1483,True,0.0
Placebo,17,2005,True,0.3391602052736161
Placebo,17,2048,True,0.5240995053696443
Placebo,17,2379,True,0.7410088821900387
Placebo,17,2516,True,0.5064954143383994
Placebo,17,2601,True,0.0
Placebo,17,3210,True,0.2641861854011659
Placebo,17,3601,False,0.0
Placebo,17,3729,True,0.17670908943366184
Placebo,17,3832,True,0.6478965373970665
Placebo,17,4104,True,0.14982420171299154
Placebo,17,4286,True,0.4087536544157292
Placebo,17,4329,True,0.7601875334318686
Placebo,17,4553,True,0.12421371338458444
Placebo,17,4790,True,0.0
Placebo,17,4844,True,0.0
Placebo,17,4994,True,0.1235584435560261
Placebo,17,5020,True,0.25920414937719016
Placebo,17,5293,True,0.3872367738249767
Placebo,17,5338,True,0.322542934564766
Placebo,17,5343,True,0.11375296085295913
Placebo,17,5464,True,0.0
Placebo,17,5560,True,0.16026274252206596
Placebo,17,5719,True,0.13347537859706934
Placebo,17,6055,True,0.1353921314791758
Placebo,17,6121,True,0.34303686634941477
Placebo,17,6128,True,0.16457377300675388
Placebo,17,6197,True,0.0780848680493171
Placebo,17,6336,True,0.18929940301953066
Placebo,17,6577,True,0.45143780838160186
Placebo,17,6717,True,0.38685280723454163
Placebo,17,6906,False,0.0
Placebo,17,8550,True,0.0
Placebo,17,8576,True,0.5061214354476423
Placebo,17,8790,False,0.0
Placebo,17,8840,False,0.0
Placebo,17,8878,True,0.0
Placebo,17,9337,True,0.08442111803551772
Placebo,17,9501,True,0.3896033030813823
Placebo,17,9512,False,0.0
Placebo,17,45,True,0.0
Placebo,17,199,True,0.4306765580733929
Placebo,17,458,True,0.5017168786086649
Placebo,17,564,True,0.7263124972543193
Placebo,17,717,True,0.39732200696853515
Placebo,17,1109,True,0.4102072315126831
Placebo,17,1576,True,0.11853000556688278
Placebo,17,1711,True,0.0
Placebo,17,1868,True,0.0
Placebo,17,1942,True,0.09176419909785702
Placebo,17,2001,True,0.0936319821856491
Placebo,17,2217,True,0.10907458963273317
Placebo,17,2354,True,0.6566329559781267
Placebo,17,2761,True,0.12315119437036504
Placebo,17,2980,True,0.3010299956639808
Placebo,17,3021,True,0.14869736632105865
Placebo,17,3030,True,0.14453241315894383
Placebo,17,3046,True,0.37436170889175724
Placebo,17,3050,True,0.5654610700044561
Placebo,17,3288,True,0.13075822927398156
Placebo,17,3302,True,0.11496943328345767
Placebo,17,3794,True,0.0
Placebo,17,3920,True,0.22469296324043328
Placebo,17,3965,True,0.12018995674846226
Placebo,17,4193,True,0.4796249331362628
Placebo,17,4294,True,0.11496943328345767
Placebo,17,4383,True,0.10611318298645736
Placebo,17,4474,True,0.1570011870657949
Placebo,17,5068,True,0.38985156101002555
Placebo,17,5258,True,0.0
Placebo,17,5306,True,0.4745952311860477
Placebo,17,5323,True,0.33257095426954564
Placebo,17,5421,True,0.7077426254346936
Placebo,17,5766,True,0.2880415622737474
Placebo,17,5877,True,0.10369639533646699
Placebo,17,5887,True,0.04510157879202123
Placebo,17,6126,True,0.0
Placebo,17,6190,True,0.386725265086358
Placebo,17,6224,True,0.06943122193677731
Placebo,17,6465,True,0.0
Placebo,17,6853,True,0.0
Placebo,17,6949,True,0.596700498506434
Placebo,17,7107,True,0.23961980366945132
Placebo,17,7240,False,0.0
Placebo,17,7937,True,0.44769985030338005
Placebo,17,8015,True,0.13845947314613827
Placebo,17,8066,True,0.21751784670724686
Placebo,17,8202,True,0.39374119593442225
Placebo,17,8321,True,0.35743204442653986
Placebo,17,9222,True,0.13755548414400526
Placebo,17,9453,True,0.4481646921757213
Placebo,17,73,True,0.22754083620157634
Placebo,17,390,True,0.27613441114080506
Placebo,17,424,True,0.0
Placebo,17,715,True,0.4547409603002101
Placebo,17,915,False,0.0
Placebo,17,1579,True,0.10972431200457408
Placebo,17,1643,True,0.0
Placebo,17,1679,True,0.37959834512629126
Placebo,17,1982,True,0.29508240833352933
Placebo,17,2027,True,0.18904321642420202
Placebo,17,2211,True,0.3868528072345415
Placebo,17,2228,True,0.29014138613011015
Placebo,17,2352,True,0.0
Placebo,17,2520,True,0.16078277618017145
Placebo,17,2573,True,0.13329414356969077
Placebo,17,2630,True,0.4171397775248104
Placebo,17,2666,True,0.22703781338163342
Placebo,17,2745,True,0.18698323758756893
Placebo,17,3149,True,0.4909753589492319
Placebo,17,3369,True,0.22429515190347432
Placebo,17,3617,True,0.2105995522779535
Placebo,17,3862,True,0.12421371338458453
Placebo,17,4124,True,0.10753371616511088
Placebo,17,4218,True,0.2462298708316449
Placebo,17,4268,True,0.3354428519465867
Placebo,17,4452,True,0.36893378400447274
Placebo,17,4522,True,0.16457211894417478
Placebo,17,4784,True,0.6299753629150743
Placebo,17,5139,False,0.0
Placebo,17,5438,True,0.28453278619952
Placebo,17,5565,True,0.07923262754523827
Placebo,17,5684,True,0.14982420171299154
Placebo,17,5775,True,0.0
Placebo,17,6110,True,0.16665667091716063
Placebo,17,6488,True,0.16656172867515268
Placebo,17,6590,True,0.0
Placebo,17,6793,True,0.0
Placebo,17,7090,True,0.1398824782060469
Placebo,17,7112,True,0.0
Placebo,17,7167,True,0.5257441562890244
Placebo,17,7287,True,0.4461434890157504
Placebo,17,7370,True,0.2879057070084541
Placebo,17,7547,True,0.1755342123340767
Placebo,17,7589,True,0.0
Placebo,17,7622,True,0.16195671984435944
Placebo,17,7640,True,0.0
Placebo,17,7757,True,0.42477821262980137
Placebo,17,8162,True,0.3803085354439401
Placebo,17,8508,True,0.26406812257259077
Placebo,17,8597,True,0.44055193096351397
Placebo,17,8771,False,0.0
Placebo,17,288,True,0.46326909536408073
Placebo,17,635,True,0.394463638284616
Placebo,17,654,True,0.06077160635453517
Placebo,17,699,True,0.13501836021702038
Placebo,17,743,True,0.2239091632071294
Placebo,17,946,True,0.0
Placebo,17,976,False,0.0
Placebo,17,1144,True,0.6077244649885402
Placebo,17,1187,True,0.4547379841193845
Placebo,17,1384,True,0.1934264036172709
Placebo,17,1415,True,0.1794771050858174
Placebo,17,1443,True,0.2834194024479541
Placebo,17,1629,True,0.0
Placebo,17,1684,True,0.0
Placebo,17,1802,True,0.22316212201204172
Placebo,17,1914,True,0.2784869985146754
Placebo,17,2046,True,0.0
Placebo,17,2071,True,0.11615302196700909
Placebo,17,2340,True,0.2748763329142909
Placebo,17,2749,True,0.31609264221875455
Placebo,17,3517,True,0.16457377300675388
Placebo,17,3758,True,0.12081130269949425
Placebo,17,4110,True,0.1934264036172709
Placebo,17,4111,True,0.0
Placebo,17,4144,True,0.434503226617499
Placebo,17,5021,True,0.44595885665182194
Placebo,17,5032,True,0.05468343522706441
Placebo,17,5096,True,0.5079914625916997
Placebo,17,5109,True,0.5213968597711729
Placebo,17,5114,True,0.21292929549319944
Placebo,17,5977,True,0.0
Placebo,17,5984,True,0.3800937667159343
Placebo,17,6353,True,0.23466282658944854
Placebo,17,6373,True,0.100939453260283
Placebo,17,6539,True,0.0
Placebo,17,6554,True,0.17885769307931018
Placebo,17,6884,False,0.0
Placebo,17,6955,True,0.0
Placebo,17,7020,True,0.1951890007906611
Placebo,17,7029,True,0.13474657860354486
Placebo,17,7280,True,0.1235584435560261
Placebo,17,7394,True,0.2732201561803261
Placebo,17,7795,True,0.24480454929026293
Placebo,17,8108,True,0.04982655839752949
Placebo,17,8560,True,0.6288454207138093
Placebo,17,8632,True,0.2447048607612938
Placebo,17,8657,True,0.17000833911247373
Placebo,17,8777,True,0.46939825117372996
Placebo,17,9151,True,0.0
Placebo,17,9609,False,0.0
Placebo,18,102,True,0.7559666179920714
Placebo,18,314,True,0.10502960579996924
Placebo,18,1068,True,0.36548127319736573
Placebo,18,1525,True,0.14957715177645137
Placebo,18,1795,True,0.3120662586903071
Placebo,18,1929,True,0.3284907541469431
Placebo,18,1931,True,0.09452854666581807
Placebo,18,1991,True,0.1310646277629874
Placebo,18,2528,True,0.3513629802895096
Placebo,18,2697,True,0.07979453856244821
Placebo,18,2834,True,0.594039651072845
Placebo,18,2845,True,0.27236154770316634
Placebo,18,3031,True,0.07066252950471981
Placebo,18,3250,True,0.06975096265942549
Placebo,18,3308,True,0.21292929549319944
Placebo,18,3402,True,0.4052195471156028
Placebo,18,3426,True,0.0
Placebo,18,3449,True,0.060614569639142066
Placebo,18,3756,True,0.25490201073752866
Placebo,18,4141,True,0.3080817047496309
Placebo,18,4210,True,0.3019025540492812
Placebo,18,4516,True,0.16369747519436972
Placebo,18,4692,True,0.0
Placebo,18,4700,False,0.0
Placebo,18,4910,False,0.0
Placebo,18,4962,False,0.0
Placebo,18,5275,True,0.0776895369576595
Placebo,18,5671,True,0.17495158531444538
Placebo,18,5683,True,0.31635281369976476
Placebo,18,6067,True,0.11200278075758777
Placebo,18,6378,True,0.38579950058386875
Placebo,18,6495,True,0.3260457667652381
Placebo,18,6868,True,0.14068794706446575
Placebo,18,6880,True,0.04353781328125618
Placebo,18,7144,True,0.41313933761847044
Placebo,18,7413,True,0.27374790188262266
Placebo,18,7526,True,0.26406812257259077
Placebo,18,7531,True,0.17723928678404763
Placebo,18,7577,True,0.0
Placebo,18,7621,True,0.36847369235356164
Placebo,18,8198,True,0.040742031470253154
Placebo,18,8442,True,0.029178045525306246
Placebo,18,8452,True,0.287990002102775
Placebo,18,8476,True,0.057290000967676585
Placebo,18,8541,True,0.5144470313593387
Placebo,18,8802,True,0.3788748389864685
Placebo,18,8816,True,0.2807721888661444
Placebo,18,8852,False,0.0
Placebo,18,9099,True,0.5085530536205538
Placebo,18,9479,True,0.0
Placebo,18,9625,False,0.0
Placebo,18,96,True,0.0
Placebo,18,171,True,0.5672324366025878
Placebo,18,328,False,0.0
Placebo,18,387,True,0.0
Placebo,18,754,False,0.0
Placebo,18,983,True,0.17097521891330586
Placebo,18,1039,True,0.22007212123617861
Placebo,18,1098,True,0.15519378219142238
Placebo,18,1120,True,0.09359072962204817
Placebo,18,1275,True,0.5206309655018205
Placebo,18,1343,True,0.0
Placebo,18,1483,True,0.2814036788151819
Placebo,18,2005,True,0.0
Placebo,18,2048,True,0.37205931287674965
Placebo,18,2379,True,0.5221748715922164
Placebo,18,2516,True,0.14022346975429753
Placebo,18,2601,True,0.12600463383834856
Placebo,18,3210,True,0.3798101643228799
Placebo,18,3601,False,0.0
Placebo,18,3729,True,0.22144734111789732
Placebo,18,3832,True,0.3941140054762199
Placebo,18,4104,True,0.4291375352054011
Placebo,18,4286,True,0.2394018340576072
Placebo,18,4329,True,0.0
Placebo,18,4553,True,0.0
Placebo,18,4790,True,0.0
Placebo,18,4844,True,0.0
Placebo,18,4994,True,0.0
Placebo,18,5020,True,0.4144315286715092
Placebo,18,5293,True,0.15423215925316422
Placebo,18,5338,True,0.5268465608308347
Placebo,18,5343,True,0.164408762362365
Placebo,18,5464,True,0.15048880767085435
Placebo,18,5560,True,0.07739586130269363
Placebo,18,5719,True,0.23936311364988758
Placebo,18,6055,True,0.11990623328406579
Placebo,18,6121,True,0.5977810164134149
Placebo,18,6128,True,0.2535431260474422
Placebo,18,6197,True,0.14951771144329154
Placebo,18,6336,True,0.21942358495327008
Placebo,18,6577,True,0.5316193186858323
Placebo,18,6717,True,0.0
Placebo,18,6906,False,0.0
Placebo,18,8550,True,0.0
Placebo,18,8576,True,0.12813600172752573
Placebo,18,8790,False,0.0
Placebo,18,8840,False,0.0
Placebo,18,8878,True,0.0
Placebo,18,9337,True,0.08442111803551772
Placebo,18,9501,True,0.17136269065036203
Placebo,18,9512,False,0.0
Placebo,18,45,True,0.11191738745028504
Placebo,18,199,True,0.0
Placebo,18,458,True,0.4802313752005437
Placebo,18,564,True,0.7708429078670017
Placebo,18,717,True,0.0
Placebo,18,1109,True,0.47688869070760054
Placebo,18,1576,True,0.0
Placebo,18,1711,True,0.0
Placebo,18,1868,True,0.0
Placebo,18,1942,True,0.1771203646215963
Placebo,18,2001,True,0.19581529552629234
Placebo,18,2217,True,0.25326335410655304
Placebo,18,2354,True,0.29672712841598603
Placebo,18,2761,True,0.18165878063358412
Placebo,18,2980,True,0.0
Placebo,18,3021,True,0.21159444885011197
Placebo,18,3030,True,0.0
Placebo,18,3046,True,0.21310438238558405
Placebo,18,3050,True,0.47956716257429166
Placebo,18,3288,True,0.0
Placebo,18,3302,True,0.04018009264032398
Placebo,18,3794,True,0.0
Placebo,18,3920,True,0.18026112768929087
Placebo,18,3965,True,0.14446994723681528
Placebo,18,4193,True,0.7601875334318686
Placebo,18,4294,True,0.0889835857313796
Placebo,18,4383,True,0.43567091154056603
Placebo,18,4474,True,0.0
Placebo,18,5068,True,0.1079013135953422
Placebo,18,5258,True,0.0
Placebo,18,5306,True,0.609097563888675
Placebo,18,5323,True,0.3281497753086836
Placebo,18,5421,True,0.5691049818288532
Placebo,18,5766,True,0.3472872805854554
Placebo,18,5877,True,0.1858738443705952
Placebo,18,5887,True,0.26771843067572615
Placebo,18,6126,True,0.0
Placebo,18,6190,True,0.29708997350115723
Placebo,18,6224,True,0.14876390584057267
Placebo,18,6465,True,0.2707842629583516
Placebo,18,6853,True,0.2704282967482365
Placebo,18,6949,True,0.261477896554617
Placebo,18,7107,True,0.09404673201358821
Placebo,18,7240,False,0.0
Placebo,18,7937,True,0.21283140527568906
Placebo,18,8015,True,0.0
Placebo,18,8066,True,0.05578441968866557
Placebo,18,8202,True,0.27794102838381546
Placebo,18,8321,True,0.2836951353663809
Placebo,18,9222,True,0.20151514190050243
Placebo,18,9453,True,0.640494966469999
Placebo,18,73,True,0.12564847471878413
Placebo,18,390,True,0.4885468020156227
Placebo,18,424,True,0.0
Placebo,18,715,True,0.5378480162999787
Placebo,18,915,False,0.0
Placebo,18,1579,True,0.4471889849741677
Placebo,18,1643,True,0.0
Placebo,18,1679,True,0.38706050428920075
Placebo,18,1982,True,0.0
Placebo,18,2027,True,0.30307546030787563
Placebo,18,2211,True,0.23719771276929624
Placebo,18,2228,True,0.0
Placebo,18,2352,True,0.0
Placebo,18,2520,True,0.09467872459852929
Placebo,18,2573,True,0.0
Placebo,18,2630,True,0.5835541631817867
Placebo,18,2666,True,0.08447695052975515
Placebo,18,2745,True,0.08723075234795674
Placebo,18,3149,True,0.18174992767910558
Placebo,18,3369,True,0.309352116739158
Placebo,18,3617,True,0.03667524702523538
Placebo,18,3862,True,0.0
Placebo,18,4124,True,0.14728862752466526
Placebo,18,4218,True,0.10235337402155874
Placebo,18,4268,True,0.36240793544796424
Placebo,18,4452,True,0.0979076477631462
Placebo,18,4522,True,0.15809584047764183
Placebo,18,4784,True,0.7584020710576657
Placebo,18,5139,False,0.0
Placebo,18,5438,True,0.20400787375019783
Placebo,18,5565,True,0.0
Placebo,18,5684,True,0.4042001525394601
Placebo,18,5775,True,0.1799904891088061
Placebo,18,6110,True,0.17907045092245477
Placebo,18,6488,True,0.18316167326282295
Placebo,18,6590,True,0.0
Placebo,18,6793,True,0.09359072962204817
Placebo,18,7090,True,0.24104301502827988
Placebo,18,7112,True,0.0
Placebo,18,7167,True,0.3934156554968146
Placebo,18,7287,True,0.3550568070646234
Placebo,18,7370,True,0.0
Placebo,18,7547,True,0.6280763310633232
Placebo,18,7589,True,0.0
Placebo,18,7622,True,0.09158083663141148
Placebo,18,7640,True,0.0
Placebo,18,7757,True,0.24308809247590882
Placebo,18,8162,True,0.36764074923977075
Placebo,18,8508,True,0.42787220445499113
Placebo,18,8597,True,0.26632775487541727
Placebo,18,8771,False,0.0
Placebo,18,288,True,0.5012648643455051
Placebo,18,635,True,0.42741291896670597
Placebo,18,654,True,0.1929420287309899
Placebo,18,699,True,0.2329726085570737
Placebo,18,743,True,0.2783676111296244
Placebo,18,946,True,0.0
Placebo,18,976,False,0.0
Placebo,18,1144,True,0.405003002044904
Placebo,18,1187,True,0.3603151367091188
Placebo,18,1384,True,0.0
Placebo,18,1415,True,0.3242221139700326
Placebo,18,1443,True,0.40914856374866343
Placebo,18,1629,True,0.0
Placebo,18,1684,True,0.12663167705327652
Placebo,18,1802,True,0.14441409306562755
Placebo,18,1914,True,0.32903138491615147
Placebo,18,2046,True,0.0
Placebo,18,2071,True,0.46461208786803637
Placebo,18,2340,True,0.23220735128451123
Placebo,18,2749,True,0.4233194574576701
Placebo,18,3517,True,0.2637073073351404
Placebo,18,3758,True,0.0
Placebo,18,4110,True,0.0
Placebo,18,4111,True,0.0
Placebo,18,4144,True,0.1443421150392356
Placebo,18,5021,True,0.07945707943276738
Placebo,18,5032,True,0.2187337409082575
Placebo,18,5096,True,0.26590395983272125
Placebo,18,5109,True,0.277234385410259
Placebo,18,5114,True,0.0
Placebo,18,5977,True,0.0
Placebo,18,5984,True,0.0
Placebo,18,6353,True,0.28778382661624335
Placebo,18,6373,True,0.100939453260283
Placebo,18,6539,True,0.0
Placebo,18,6554,True,0.18215411442466806
Placebo,18,6884,False,0.0
Placebo,18,6955,True,0.0
Placebo,18,7020,True,0.43501742954260747
Placebo,18,7029,True,0.19781808561065742
Placebo,18,7280,True,0.0
Placebo,18,7394,True,0.3175545152165069
Placebo,18,7795,True,0.43225341500314196
Placebo,18,8108,True,0.2895229882348575
Placebo,18,8560,True,0.7078133560626397
Placebo,18,8632,True,0.24672791016780402
Placebo,18,8657,True,0.3019025540492812
Placebo,18,8777,True,0.5263088397576005
Placebo,18,9151,True,0.0
Placebo,18,9609,False,0.0
Placebo,19,102,True,0.5680921941682097
Placebo,19,314,True,0.207010212584088
Placebo,19,1068,True,0.447461074532614
Placebo,19,1525,True,0.21433333561081358
Placebo,19,1795,True,0.48627538311366864
Placebo,19,1929,True,0.4832964623025935
Placebo,19,1931,True,0.20147913072493498
Placebo,19,1991,True,0.10635993666584077
Placebo,19,2528,True,0.41883595239490556
Placebo,19,2697,True,0.07614334071738343
Placebo,19,2834,True,0.17422986251323647
Placebo,19,2845,True,0.3603443187812151
Placebo,19,3031,True,0.1927901990664553
Placebo,19,3250,True,0.30826495753342825
Placebo,19,3308,True,0.0
Placebo,19,3402,True,0.13970764870555163
Placebo,19,3426,True,0.319393943239799
Placebo,19,3449,True,0.31957956081394784
Placebo,19,3756,True,0.1622407912647864
Placebo,19,4141,True,0.44221305146124346
Placebo,19,4210,True,0.09918021406520994
Placebo,19,4516,True,0.5807373796003845
Placebo,19,4692,True,0.0
Placebo,19,4700,False,0.0
Placebo,19,4910,False,0.0
Placebo,19,4962,False,0.0
Placebo,19,5275,True,0.11855869896734009
Placebo,19,5671,True,0.44980930750885106
Placebo,19,5683,True,0.4129331205310315
Placebo,19,6067,True,0.4463436415621658
Placebo,19,6378,True,0.469729161555479
Placebo,19,6495,True,0.7019027806901339
Placebo,19,6868,True,0.20729723593782945
Placebo,19,6880,True,0.2124251265770681
Placebo,19,7144,True,0.15778302382226855
Placebo,19,7413,True,0.3786270721716403
Placebo,19,7526,True,0.6131471927654585
Placebo,19,7531,True,0.0
Placebo,19,7577,True,0.1934264036172709
Placebo,19,7621,True,0.0
Placebo,19,8198,True,0.4923110587846358
Placebo,19,8442,True,0.23671512918334556
Placebo,19,8452,True,0.6676896101132538
Placebo,19,8476,True,0.41669860260328045
Placebo,19,8541,True,0.4972772081220999
Placebo,19,8802,True,0.6081927164968479
Placebo,19,8816,True,0.17714752793103516
Placebo,19,8852,False,0.0
Placebo,19,9099,True,0.0
Placebo,19,9479,True,0.0
Placebo,19,9625,False,0.0
Placebo,19,96,True,0.0
Placebo,19,171,True,0.49438937734759514
Placebo,19,328,False,0.0
Placebo,19,387,True,0.2691718753607547
Placebo,19,754,False,0.0
Placebo,19,983,True,0.08612792629011655
Placebo,19,1039,True,0.510069131458292
Placebo,19,1098,True,0.4938996195852567
Placebo,19,1120,True,0.0
Placebo,19,1275,True,0.2879955501315937
Placebo,19,1343,True,0.0
Placebo,19,1483,True,0.11167572089045447
Placebo,19,2005,True,0.0
Placebo,19,2048,True,0.5815663128452875
Placebo,19,2379,True,0.6083169141195838
Placebo,19,2516,True,0.30840459952890587
Placebo,19,2601,True,0.0
Placebo,19,3210,True,0.1485060568024601
Placebo,19,3601,False,0.0
Placebo,19,3729,True,0.04538697066857471
Placebo,19,3832,True,0.36861447180767276
Placebo,19,4104,True,0.40715630304206685
Placebo,19,4286,True,0.32412959751888176
Placebo,19,4329,True,0.0
Placebo,19,4553,True,0.16095033986115528
Placebo,19,4790,True,0.0
Placebo,19,4844,True,0.0
Placebo,19,4994,True,0.2202350658473879
Placebo,19,5020,True,0.2899773651602119
Placebo,19,5293,True,0.44081992216695426
Placebo,19,5338,True,0.6375936645645678
Placebo,19,5343,True,0.287990002102775
Placebo,19,5464,True,0.23851911693654246
Placebo,19,5560,True,0.20037363670554978
Placebo,19,5719,True,0.0
Placebo,19,6055,True,0.12669792223864482
Placebo,19,6121,True,0.4143550025862521
Placebo,19,6128,True,0.31144255005982846
Placebo,19,6197,True,0.185063907893846
Placebo,19,6336,True,0.22591277542106972
Placebo,19,6577,True,0.5917862925887557
Placebo,19,6717,True,0.0
Placebo,19,6906,False,0.0
Placebo,19,8550,True,0.0
Placebo,19,8576,True,0.24860494294357524
Placebo,19,8790,False,0.0
Placebo,19,8840,False,0.0
Placebo,19,8878,True,0.35620718710802235
Placebo,19,9337,True,0.0
Placebo,19,9501,True,0.4149740152771961
Placebo,19,9512,False,0.0
Placebo,19,45,True,0.11938079650334489
Placebo,19,199,True,0.0
Placebo,19,458,True,0.487509866249209
Placebo,19,564,True,0.6807938227135361
Placebo,19,717,True,0.0
Placebo,19,1109,True,0.6910257341009391
Placebo,19,1576,True,0.0
Placebo,19,1711,True,0.0
Placebo,19,1868,True,0.0
Placebo,19,1942,True,0.08764819388415157
Placebo,19,2001,True,0.048753830672500074
Placebo,19,2217,True,0.12663167705327652
Placebo,19,2354,True,0.31516255047698355
Placebo,19,2761,True,0.0
Placebo,19,2980,True,0.0
Placebo,19,3021,True,0.15965296325881018
Placebo,19,3030,True,0.0
Placebo,19,3046,True,0.06722694773176713
Placebo,19,3050,True,0.5895071839656566
Placebo,19,3288,True,0.13742350602078168
Placebo,19,3302,True,0.1780138511995826
Placebo,19,3794,True,0.0
Placebo,19,3920,True,0.3583619891185971
Placebo,19,3965,True,0.06452577150984494
Placebo,19,4193,True,0.29408068133282034
Placebo,19,4294,True,0.25786905896349926
Placebo,19,4383,True,0.22386752645756672
Placebo,19,4474,True,0.0
Placebo,19,5068,True,0.2510930215837186
Placebo,19,5258,True,0.0
Placebo,19,5306,True,0.37316987295372134
Placebo,19,5323,True,0.4284221933765496
Placebo,19,5421,True,0.35960188844188334
Placebo,19,5766,True,0.3950587448216905
Placebo,19,5877,True,0.2987198535712483
Placebo,19,5887,True,0.04420524281920165
Placebo,19,6126,True,0.0
Placebo,19,6190,True,0.6576224903248282
Placebo,19,6224,True,0.2415162085682709
Placebo,19,6465,True,0.0
Placebo,19,6853,True,0.0
Placebo,19,6949,True,0.28005889607933987
Placebo,19,7107,True,0.0
Placebo,19,7240,False,0.0
Placebo,19,7937,True,0.40950500566048265
Placebo,19,8015,True,0.0
Placebo,19,8066,True,0.07830333259355117
Placebo,19,8202,True,0.5270775948201218
Placebo,19,8321,True,0.3057857072980675
Placebo,19,9222,True,0.0
Placebo,19,9453,True,0.2791200292917184
Placebo,19,73,True,0.20151514190050257
Placebo,19,390,True,0.29156877409738025
Placebo,19,424,True,0.0
Placebo,19,715,True,0.5288260131972582
Placebo,19,915,False,0.0
Placebo,19,1579,True,0.05987267113719375
Placebo,19,1643,True,0.0
Placebo,19,1679,True,0.26360774703830453
Placebo,19,1982,True,0.2687340774624333
Placebo,19,2027,True,0.09720567390390628
Placebo,19,2211,True,0.26406812257259077
Placebo,19,2228,True,0.3784014721741728
Placebo,19,2352,True,0.0
Placebo,19,2520,True,0.07671287990839397
Placebo,19,2573,True,0.0
Placebo,19,2630,True,0.5418796872577948
Placebo,19,2666,True,0.1672009908910189
Placebo,19,2745,True,0.0
Placebo,19,3149,True,0.24835281356856834
Placebo,19,3369,True,0.22565118639675213
Placebo,19,3617,True,0.25810421612773937
Placebo,19,3862,True,0.0
Placebo,19,4124,True,0.0523257619315314
Placebo,19,4218,True,0.1512192900571853
Placebo,19,4268,True,0.32502235307528266
Placebo,19,4452,True,0.2422413292728042
Placebo,19,4522,True,0.0419214060382059
Placebo,19,4784,True,0.5595645960033591
Placebo,19,5139,False,0.0
Placebo,19,5438,True,0.20561951488704247
Placebo,19,5565,True,0.09198623196451756
Placebo,19,5684,True,0.217014231200008
Placebo,19,5775,True,0.20142165151256444
Placebo,19,6110,True,0.10352593758913044
Placebo,19,6488,True,0.3239134396887189
Placebo,19,6590,True,0.0
Placebo,19,6793,True,0.6460652285292307
Placebo,19,7090,True,0.11855869896734009
Placebo,19,7112,True,0.0
Placebo,19,7167,True,0.7518940967105654
Placebo,19,7287,True,0.24727708984563257
Placebo,19,7370,True,0.09266307025758518
Placebo,19,7547,True,0.14798643091854896
Placebo,19,7589,True,0.08928205866243305
Placebo,19,7622,True,0.04681599109282455
Placebo,19,7640,True,0.0
Placebo,19,7757,True,0.1385566851293692
Placebo,19,8162,True,0.5581897474677504
Placebo,19,8508,True,0.5
Placebo,19,8597,True,0.4068543508160516
Placebo,19,8771,False,0.0
Placebo,19,288,True,0.5097234888385068
Placebo,19,635,True,0.26063038341724076
Placebo,19,654,True,0.0
Placebo,19,699,True,0.1834098052484002
Placebo,19,743,True,0.1775974789821119
Placebo,19,946,True,0.0
Placebo,19,976,False,0.0
Placebo,19,1144,True,0.5553465764702091
Placebo,19,1187,True,0.310108203935474
Placebo,19,1384,True,0.0
Placebo,19,1415,True,0.08514311764162101
Placebo,19,1443,True,0.4185318016295787
Placebo,19,1629,True,0.24743657276967332
Placebo,19,1684,True,0.0
Placebo,19,1802,True,0.08387335775178986
Placebo,19,1914,True,0.354838344901625
Placebo,19,2046,True,0.0
Placebo,19,2071,True,0.1548706959560122
Placebo,19,2340,True,0.09791292534996787
Placebo,19,2749,True,0.30654315991941444
Placebo,19,3517,True,0.2460410553411214
Placebo,19,3758,True,0.0
Placebo,19,4110,True,0.26406812257259077
Placebo,19,4111,True,0.0
Placebo,19,4144,True,0.02928367950189621
Placebo,19,5021,True,0.22906361076190915
Placebo,19,5032,True,0.09801903234982004
Placebo,19,5096,True,0.12057727146483153
Placebo,19,5109,True,0.5990231294033878
Placebo,19,5114,True,0.11377041810078817
Placebo,19,5977,True,0.0
Placebo,19,5984,True,0.14704034066641017
Placebo,19,6353,True,0.306075863554844
Placebo,19,6373,True,0.0
Placebo,19,6539,True,0.0
Placebo,19,6554,True,0.285677808407659
Placebo,19,6884,False,0.0
Placebo,19,6955,True,0.10732064042242469
Placebo,19,7020,True,0.48456423634407275
Placebo,19,7029,True,0.5665802210122726
Placebo,19,7280,True,0.19229431469715688
Placebo,19,7394,True,0.09158083663141148
Placebo,19,7795,True,0.24005812888533262
Placebo,19,8108,True,0.1545743395783983
Placebo,19,8560,True,0.4964546031502582
Placebo,19,8632,True,0.06673768929853467
Placebo,19,8657,True,0.0
Placebo,19,8777,True,0.508804267112787
Placebo,19,9151,True,0.0
Placebo,19,9609,False,0.0
Placebo,20,102,True,0.7353797772725615
Placebo,20,314,True,0.43071836444283335
Placebo,20,1068,True,0.17598755548974568
Placebo,20,1525,True,0.08879873949105595
Placebo,20,1795,True,0.2895298854678893
Placebo,20,1929,True,0.37986658008054064
Placebo,20,1931,True,0.13615494312359075
Placebo,20,1991,True,0.36794492785807026
Placebo,20,2528,True,0.3033175741644689
Placebo,20,2697,True,0.23131456557046032
Placebo,20,2834,True,0.33314454795913345
Placebo,20,2845,True,0.3846943350493024
Placebo,20,3031,True,0.12672566220428447
Placebo,20,3250,True,0.24293507976653914
Placebo,20,3308,True,0.0
Placebo,20,3402,True,0.17451855981580688
Placebo,20,3426,True,0.0
Placebo,20,3449,True,0.34682697186621203
Placebo,20,3756,True,0.11927628896125794
Placebo,20,4141,True,0.4733165394923802
Placebo,20,4210,True,0.05250875318146675
Placebo,20,4516,True,0.0
Placebo,20,4692,True,0.0
Placebo,20,4700,False,0.0
Placebo,20,4910,False,0.0
Placebo,20,4962,False,0.0
Placebo,20,5275,True,0.22762622895961593
Placebo,20,5671,True,0.20199263104045376
Placebo,20,5683,True,0.3910840590522248
Placebo,20,6067,True,0.5803865520015605
Placebo,20,6378,True,0.3161098850039077
Placebo,20,6495,True,0.5745326152977065
Placebo,20,6868,True,0.1312839823907026
Placebo,20,6880,True,0.09456701548023279
Placebo,20,7144,True,0.06975096265942549
Placebo,20,7413,True,0.16536171650094292
Placebo,20,7526,True,0.17723928678404763
Placebo,20,7531,True,0.0
Placebo,20,7577,True,0.0
Placebo,20,7621,True,0.0
Placebo,20,8198,True,0.20243819055748466
Placebo,20,8442,True,0.18400515094141368
Placebo,20,8452,True,0.4525093320846627
Placebo,20,8476,True,0.17160886122065372
Placebo,20,8541,True,0.5428951937164996
Placebo,20,8802,True,0.22647843841821177
Placebo,20,8816,True,0.09359072962204817
Placebo,20,8852,False,0.0
Placebo,20,9099,True,0.4462144482435331
Placebo,20,9479,True,0.0
Placebo,20,9625,False,0.0
Placebo,20,96,True,0.0
Placebo,20,171,True,0.3083690532084945
Placebo,20,328,False,0.0
Placebo,20,387,True,0.0
Placebo,20,754,False,0.0
Placebo,20,983,True,0.3311007071256045
Placebo,20,1039,True,0.3325920509029494
Placebo,20,1098,True,0.06779095235709008
Placebo,20,1120,True,0.35429505586207033
Placebo,20,1275,True,0.20183343791890654
Placebo,20,1343,True,0.0
Placebo,20,1483,True,0.3267934449072913
Placebo,20,2005,True,0.10209739512291151
Placebo,20,2048,True,0.4216691188572056
Placebo,20,2379,True,0.522593135468537
Placebo,20,2516,True,0.21104748018541042
Placebo,20,2601,True,0.10975131898723874
Placebo,20,3210,True,0.22092426640081064
Placebo,20,3601,False,0.0
Placebo,20,3729,True,0.24345091539311675
Placebo,20,3832,True,0.4846029873411542
Placebo,20,4104,True,0.15004582175216138
Placebo,20,4286,True,0.3664092840575959
Placebo,20,4329,True,0.12669792223864482
Placebo,20,4553,True,0.0
Placebo,20,4790,True,0.0
Placebo,20,4844,True,0.0
Placebo,20,4994,True,0.1402702997733103
Placebo,20,5020,True,0.4051822034167139
Placebo,20,5293,True,0.08707562656251236
Placebo,20,5338,True,0.2726615052668473
Placebo,20,5343,True,0.14061109204751876
Placebo,20,5464,True,0.07524440383542721
Placebo,20,5560,True,0.3527838842555618
Placebo,20,5719,True,0.19225423554531867
Placebo,20,6055,True,0.4796249331362628
Placebo,20,6121,True,0.3183165258330084
Placebo,20,6128,True,0.12790507443888835
Placebo,20,6197,True,0.1247221580213848
Placebo,20,6336,True,0.214192716054206
Placebo,20,6577,True,0.7969203790473501
Placebo,20,6717,True,0.0
Placebo,20,6906,False,0.0
Placebo,20,8550,True,0.0
Placebo,20,8576,True,0.18690519586377433
Placebo,20,8790,False,0.0
Placebo,20,8840,False,0.0
Placebo,20,8878,True,0.0
Placebo,20,9337,True,0.0
Placebo,20,9501,True,0.19176932505125227
Placebo,20,9512,False,0.0
Placebo,20,45,True,0.09077394133714942
Placebo,20,199,True,0.0
Placebo,20,458,True,0.16907414614267832
Placebo,20,564,True,0.7185948496105994
Placebo,20,717,True,0.0
Placebo,20,1109,True,0.6528555067864092
Placebo,20,1576,True,0.2835719645227238
Placebo,20,1711,True,0.0
Placebo,20,1868,True,0.0
Placebo,20,1942,True,0.12741733550370726
Placebo,20,2001,True,0.24400806402067682
Placebo,20,2217,True,0.0
Placebo,20,2354,True,0.400439149523378
Placebo,20,2761,True,0.13459143142073815
Placebo,20,2980,True,0.0
Placebo,20,3021,True,0.09790268744042858
Placebo,20,3030,True,0.0
Placebo,20,3046,True,0.0
Placebo,20,3050,True,0.731732661631639
Placebo,20,3288,True,0.0
Placebo,20,3302,True,0.29446520153084216
Placebo,20,3794,True,0.3333333333333335
Placebo,20,3920,True,0.276337187343378
Placebo,20,3965,True,0.12153725456518544
Placebo,20,4193,True,0.2707842629583516
Placebo,20,4294,True,0.21005921159993848
Placebo,20,4383,True,0.29305819249544146
Placebo,20,4474,True,0.0
Placebo,20,5068,True,0.19842703866494468
Placebo,20,5258,True,0.11615302196700909
Placebo,20,5306,True,0.40381157385485084
Placebo,20,5323,True,0.3737379871113463
Placebo,20,5421,True,0.5301427308249769
Placebo,20,5766,True,0.22473630256948732
Placebo,20,5877,True,0.419500022658762
Placebo,20,5887,True,0.33920347465032946
Placebo,20,6126,True,0.0
Placebo,20,6190,True,0.3258616693269468
Placebo,20,6224,True,0.17318663334822615
Placebo,20,6465,True,0.0
Placebo,20,6853,True,0.2508588735575441
Placebo,20,6949,True,0.2771897922594607
Placebo,20,7107,True,0.08447695052975515
Placebo,20,7240,False,0.0
Placebo,20,7937,True,0.6038231980094768
Placebo,20,8015,True,0.0
Placebo,20,8066,True,0.12144014024298332
Placebo,20,8202,True,0.401424995120042
Placebo,20,8321,True,0.1814434551671088
Placebo,20,9222,True,0.2751109682880105
Placebo,20,9453,True,0.1427951440361374
Placebo,20,73,True,0.38888138638879866
Placebo,20,390,True,0.3204807366547532
Placebo,20,424,True,0.0
Placebo,20,715,True,0.32383308592980986
Placebo,20,915,False,0.0
Placebo,20,1579,True,0.1468430409245593
Placebo,20,1643,True,0.0
Placebo,20,1679,True,0.3490330659686911
Placebo,20,1982,True,0.28952298823485745
Placebo,20,2027,True,0.159054318175663
Placebo,20,2211,True,0.3868528072345415
Placebo,20,2228,True,0.12507560988690186
Placebo,20,2352,True,0.0
Placebo,20,2520,True,0.10975131898723874
Placebo,20,2573,True,0.11381311447980796
Placebo,20,2630,True,0.27421096861318595
Placebo,20,2666,True,0.13777597210996173
Placebo,20,2745,True,0.08376355393230296
Placebo,20,3149,True,0.2432459177141414
Placebo,20,3369,True,0.0
Placebo,20,3617,True,0.12804592097842035
Placebo,20,3862,True,0.13124938519326135
Placebo,20,4124,True,0.32283974439088325
Placebo,20,4218,True,0.48470317871558943
Placebo,20,4268,True,0.1426869448668781
Placebo,20,4452,True,0.1948977270903053
Placebo,20,4522,True,0.14990020462756246
Placebo,20,4784,True,0.34050131826645613
Placebo,20,5139,False,0.0
Placebo,20,5438,True,0.06425604298318159
Placebo,20,5565,True,0.0
Placebo,20,5684,True,0.14982420171299154
Placebo,20,5775,True,0.1662599798582805
Placebo,20,6110,True,0.0
Placebo,20,6488,True,0.0
Placebo,20,6590,True,0.0
Placebo,20,6793,True,0.08116136400948519
Placebo,20,7090,True,0.4509737963519493
Placebo,20,7112,True,0.0
Placebo,20,7167,True,0.41529393208201393
Placebo,20,7287,True,0.3108515642454218
Placebo,20,7370,True,0.0
Placebo,20,7547,True,0.23429542149470028
Placebo,20,7589,True,0.0981639521278693
Placebo,20,7622,True,0.11503946436906079
Placebo,20,7640,True,0.0
Placebo,20,7757,True,0.35252099366068934
Placebo,20,8162,True,0.30434594908629065
Placebo,20,8508,True,0.2113949172033253
Placebo,20,8597,True,0.27108847097297983
Placebo,20,8771,False,0.0
Placebo,20,288,True,0.5326252319550675
Placebo,20,635,True,0.20899505851027117
Placebo,20,654,True,0.06729296884018869
Placebo,20,699,True,0.1585070397409811
Placebo,20,743,True,0.20020698949384266
Placebo,20,946,True,0.0
Placebo,20,976,False,0.0
Placebo,20,1144,True,0.48488478729585116
Placebo,20,1187,True,0.3852767357894277
Placebo,20,1384,True,0.0
Placebo,20,1415,True,0.13568544539116625
Placebo,20,1443,True,0.29709210246909823
Placebo,20,1629,True,0.0
Placebo,20,1684,True,0.07472469692801867
Placebo,20,1802,True,0.11496943328345767
Placebo,20,1914,True,0.2936184683265514
Placebo,20,2046,True,0.13012668333070063
Placebo,20,2071,True,0.10004876742114935
Placebo,20,2340,True,0.09208406604961711
Placebo,20,2749,True,0.3409960494888294
Placebo,20,3517,True,0.21620909791372347
Placebo,20,3758,True,0.0
Placebo,20,4110,True,0.18457569677956798
Placebo,20,4111,True,0.0
Placebo,20,4144,True,0.40000718404322044
Placebo,20,5021,True,0.3936118447507048
Placebo,20,5032,True,0.4808007561830306
Placebo,20,5096,True,0.3113774590204666
Placebo,20,5109,True,0.35258063023937086
Placebo,20,5114,True,0.1036111093484255
Placebo,20,5977,True,0.0
Placebo,20,5984,True,0.0
Placebo,20,6353,True,0.45087610866935407
Placebo,20,6373,True,0.1878839658681806
Placebo,20,6539,True,0.0
Placebo,20,6554,True,0.47393799376697837
Placebo,20,6884,False,0.0
Placebo,20,6955,True,0.12313663018416841
Placebo,20,7020,True,0.15480553390771395
Placebo,20,7029,True,0.26349535315234496
Placebo,20,7280,True,0.0
Placebo,20,7394,True,0.10507722995177482
Placebo,20,7795,True,0.23333526206465072
Placebo,20,8108,True,0.2200917662980802
Placebo,20,8560,True,0.42191858059020376
Placebo,20,8632,True,0.09918021406520994
Placebo,20,8657,True,0.04018009264032398
Placebo,20,8777,True,0.5430165204215015
Placebo,20,9151,True,0.0
Placebo,20,9609,False,0.0
Placebo,21,102,True,0.5688251701597595
Placebo,21,314,True,0.3451397108707374
Placebo,21,1068,True,0.40035481277635254
Placebo,21,1525,True,0.18543260358150956
Placebo,21,1795,True,0.5265078620261696
Placebo,21,1929,True,0.29274792503597774
Placebo,21,1931,True,0.2424255507845258
Placebo,21,1991,True,0.31082893245354054
Placebo,21,2528,True,0.309250087307404
Placebo,21,2697,True,0.0
Placebo,21,2834,True,0.31055938707579306
Placebo,21,2845,True,0.288188310128789
Placebo,21,3031,True,0.16436601678651408
Placebo,21,3250,True,0.5702707038945815
Placebo,21,3308,True,0.0
Placebo,21,3402,True,0.17451855981580688
Placebo,21,3426,True,0.0942363560390881
Placebo,21,3449,True,0.18381491118931312
Placebo,21,3756,True,0.0
Placebo,21,4141,True,0.5249475289790836
Placebo,21,4210,True,0.12756662286325576
Placebo,21,4516,True,0.5345608024663895
Placebo,21,4692,True,0.0
Placebo,21,4700,False,0.0
Placebo,21,4910,False,0.0
Placebo,21,4962,False,0.0
Placebo,21,5275,True,0.0776895369576595
Placebo,21,5671,True,0.1775974789821119
Placebo,21,5683,True,0.23654583252286024
Placebo,21,6067,True,0.5119400505088388
Placebo,21,6378,True,0.18746962750970056
Placebo,21,6495,True,0.39983955682670885
Placebo,21,6868,True,0.40897737772361503
Placebo,21,6880,True,0.3551879334034843
Placebo,21,7144,True,0.280461513176285
Placebo,21,7413,True,0.2876574212184774
Placebo,21,7526,True,0.23719771276929624
Placebo,21,7531,True,0.0
Placebo,21,7577,True,0.0
Placebo,21,7621,True,0.07845884372062178
Placebo,21,8198,True,0.21345658924527627
Placebo,21,8442,True,0.22831086200257897
Placebo,21,8452,True,0.4028278956109267
Placebo,21,8476,True,0.06343775459021646
Placebo,21,8541,True,0.3846729364470658
Placebo,21,8802,True,0.24293351289386464
Placebo,21,8816,True,0.0
Placebo,21,8852,False,0.0
Placebo,21,9099,True,0.08442111803551772
Placebo,21,9479,True,0.319393943239799
Placebo,21,9625,False,0.0
Placebo,21,96,True,0.23719771276929624
Placebo,21,171,True,0.4439164892728513
Placebo,21,328,False,0.0
Placebo,21,387,True,0.100939453260283
Placebo,21,754,False,0.0
Placebo,21,983,True,0.2756081531194629
Placebo,21,1039,True,0.17342665234810895
Placebo,21,1098,True,0.44409283808458894
Placebo,21,1120,True,0.18117443562365687
Placebo,21,1275,True,0.17005022214999768
Placebo,21,1343,True,0.0
Placebo,21,1483,True,0.5072665269031668
Placebo,21,2005,True,0.04901964291567849
Placebo,21,2048,True,0.46743744361757644
Placebo,21,2379,True,0.4689219713497767
Placebo,21,2516,True,0.4323496099868135
Placebo,21,2601,True,0.1414076712771021
Placebo,21,3210,True,0.07324895991011662
Placebo,21,3601,False,0.0
Placebo,21,3729,True,0.20833482684714788
Placebo,21,3832,True,0.19602998040580386
Placebo,21,4104,True,0.17211777476040205
Placebo,21,4286,True,0.17630010660342907
Placebo,21,4329,True,0.0
Placebo,21,4553,True,0.09843703889494597
Placebo,21,4790,True,0.0
Placebo,21,4844,True,0.0
Placebo,21,4994,True,0.0
Placebo,21,5020,True,0.6012048498843939
Placebo,21,5293,True,0.04996171069384791
Placebo,21,5338,True,0.28327014434204695
Placebo,21,5343,True,0.18045757168034493
Placebo,21,5464,True,0.24061956653845037
Placebo,21,5560,True,0.2825846012539438
Placebo,21,5719,True,0.4260488234357086
Placebo,21,6055,True,0.0
Placebo,21,6121,True,0.4773767057782156
Placebo,21,6128,True,0.057484716641728835
Placebo,21,6197,True,0.08485881278152069
Placebo,21,6336,True,0.18138555999918093
Placebo,21,6577,True,0.39422064449838967
Placebo,21,6717,True,0.3333333333333335
Placebo,21,6906,False,0.0
Placebo,21,8550,True,0.0
Placebo,21,8576,True,0.10532072643041082
Placebo,21,8790,False,0.0
Placebo,21,8840,False,0.0
Placebo,21,8878,True,1.0
Placebo,21,9337,True,0.1432115313242024
Placebo,21,9501,True,0.15917007559337124
Placebo,21,9512,False,0.0
Placebo,21,45,True,0.44313812399389313
Placebo,21,199,True,1.0
Placebo,21,458,True,0.25908883073450356
Placebo,21,564,True,0.6233195859768174
Placebo,21,717,True,0.0
Placebo,21,1109,True,0.5897438149589921
Placebo,21,1576,True,0.0
Placebo,21,1711,True,0.0
Placebo,21,1868,True,0.0
Placebo,21,1942,True,0.01841593497863358
Placebo,21,2001,True,0.16195671984435944
Placebo,21,2217,True,0.0
Placebo,21,2354,True,0.3923429109231468
Placebo,21,2761,True,0.2565722842672027
Placebo,21,2980,True,0.0
Placebo,21,3021,True,0.2569737619800402
Placebo,21,3030,True,0.3333333333333335
Placebo,21,3046,True,0.061600981281869575
Placebo,21,3050,True,0.39326213264886667
Placebo,21,3288,True,0.07374337793232247
Placebo,21,3302,True,0.15826872664782907
Placebo,21,3794,True,0.0
Placebo,21,3920,True,0.040742031470253154
Placebo,21,3965,True,0.08472032376115692
Placebo,21,4193,True,0.23981246656813157
Placebo,21,4294,True,0.0
Placebo,21,4383,True,0.08514311764162101
Placebo,21,4474,True,0.10934867679127507
Placebo,21,5068,True,0.29619460037573986
Placebo,21,5258,True,0.0774353479780061
Placebo,21,5306,True,0.6229463704699352
Placebo,21,5323,True,0.35034767282648305
Placebo,21,5421,True,0.5946994761155756
Placebo,21,5766,True,0.2792602509156787
Placebo,21,5877,True,0.20774621685942035
Placebo,21,5887,True,0.3576083164503281
Placebo,21,6126,True,0.3010299956639808
Placebo,21,6190,True,0.4221620068524346
Placebo,21,6224,True,0.18191740237186235
Placebo,21,6465,True,0.2707842629583516
Placebo,21,6853,True,0.11047330158338416
Placebo,21,6949,True,0.36248941443221866
Placebo,21,7107,True,0.5145243727351333
Placebo,21,7240,False,0.0
Placebo,21,7937,True,0.3996451650538742
Placebo,21,8015,True,0.43734888382569403
Placebo,21,8066,True,0.05220222172903413
Placebo,21,8202,True,0.13116650549455294
Placebo,21,8321,True,0.17936519370547874
Placebo,21,9222,True,0.0
Placebo,21,9453,True,0.36241552275708266
Placebo,21,73,True,0.0
Placebo,21,390,True,0.31047885512389745
Placebo,21,424,True,0.0
Placebo,21,715,True,0.5191768875138113
Placebo,21,915,False,0.0
Placebo,21,1579,True,0.0
Placebo,21,1643,True,0.0
Placebo,21,1679,True,0.3850607410007238
Placebo,21,1982,True,0.1388624438735545
Placebo,21,2027,True,0.16299580775475583
Placebo,21,2211,True,0.6131471927654585
Placebo,21,2228,True,0.1485060568024601
Placebo,21,2352,True,0.0
Placebo,21,2520,True,0.0
Placebo,21,2573,True,0.07373686430042375
Placebo,21,2630,True,0.7124528143191777
Placebo,21,2666,True,0.21072297783565752
Placebo,21,2745,True,0.3770050393107963
Placebo,21,3149,True,0.292629339417174
Placebo,21,3369,True,0.33418882128578997
Placebo,21,3617,True,0.11505002084395087
Placebo,21,3862,True,0.11853000556688278
Placebo,21,4124,True,0.0
Placebo,21,4218,True,0.0
Placebo,21,4268,True,0.116174434439436
Placebo,21,4452,True,0.05109165667032166
Placebo,21,4522,True,0.19194129398216273
Placebo,21,4784,True,0.48777998582354243
Placebo,21,5139,False,0.0
Placebo,21,5438,True,0.3182088950120325
Placebo,21,5565,True,0.0
Placebo,21,5684,True,0.4755025454130627
Placebo,21,5775,True,0.22286393656626985
Placebo,21,6110,True,0.06653004412467982
Placebo,21,6488,True,0.10218331334064325
Placebo,21,6590,True,0.0
Placebo,21,6793,True,0.12092199990360368
Placebo,21,7090,True,0.14449741525454834
Placebo,21,7112,True,0.0
Placebo,21,7167,True,0.46683251373616913
Placebo,21,7287,True,0.1970884750459006
Placebo,21,7370,True,0.0
Placebo,21,7547,True,0.33760920368267544
Placebo,21,7589,True,0.09546043308946738
Placebo,21,7622,True,0.05398557328145317
Placebo,21,7640,True,0.0
Placebo,21,7757,True,0.0
Placebo,21,8162,True,0.4624278505978447
Placebo,21,8508,True,0.0
Placebo,21,8597,True,0.6499500867613088
Placebo,21,8771,False,0.0
Placebo,21,288,True,0.48284735773540804
Placebo,21,635,True,0.03858303713187615
Placebo,21,654,True,0.07191071742813421
Placebo,21,699,True,0.3693362536342715
Placebo,21,743,True,0.16197549154740448
Placebo,21,946,True,0.0
Placebo,21,976,False,0.0
Placebo,21,1144,True,0.47781567593504
Placebo,21,1187,True,0.32912458717685644
Placebo,21,1384,True,0.1934264036172709
Placebo,21,1415,True,0.0
Placebo,21,1443,True,0.4052363230455693
Placebo,21,1629,True,0.308035166344986
Placebo,21,1684,True,0.08215840541654096
Placebo,21,1802,True,0.0444917928656898
Placebo,21,1914,True,0.35351297685127564
Placebo,21,2046,True,0.1681275362711174
Placebo,21,2071,True,0.0
Placebo,21,2340,True,0.17342765698823942
Placebo,21,2749,True,0.2295839197369515
Placebo,21,3517,True,0.08036018528064796
Placebo,21,3758,True,0.0
Placebo,21,4110,True,0.20438239758848625
Placebo,21,4111,True,0.0
Placebo,21,4144,True,0.1278325345019925
Placebo,21,5021,True,0.0
Placebo,21,5032,True,0.06174580461097321
Placebo,21,5096,True,0.1373428464968006
Placebo,21,5109,True,0.4387657799419846
Placebo,21,5114,True,0.1235584435560261
Placebo,21,5977,True,0.0
Placebo,21,5984,True,0.10987173866025325
Placebo,21,6353,True,0.36586183876369144
Placebo,21,6373,True,0.13645351275953305
Placebo,21,6539,True,0.0
Placebo,21,6554,True,0.5979767271602733
Placebo,21,6884,False,0.0
Placebo,21,6955,True,0.1897918771409239
Placebo,21,7020,True,0.210564080507913
Placebo,21,7029,True,0.23287663447072493
Placebo,21,7280,True,0.0
Placebo,21,7394,True,0.04681599109282455
Placebo,21,7795,True,0.39547607570662496
Placebo,21,8108,True,0.22400556151517553
Placebo,21,8560,True,0.5325762883688281
Placebo,21,8632,True,0.11428257845677507
Placebo,21,8657,True,0.0
Placebo,21,8777,True,0.2986760086530964
Placebo,21,9151,True,0.0
Placebo,21,9609,False,0.0
Placebo,22,102,True,0.9574284411791895
Placebo,22,314,True,0.3428982235449713
Placebo,22,1068,True,0.25261311353793614
Placebo,22,1525,True,0.13776279273686462
Placebo,22,1795,True,0.17574438324128386
Placebo,22,1929,True,0.29210987323507626
Placebo,22,1931,True,0.120013679648517
Placebo,22,1991,True,0.4948013963825757
Placebo,22,2528,True,0.34442895013425123
Placebo,22,2697,True,0.30884925628618964
Placebo,22,2834,True,0.32265009996205196
Placebo,22,2845,True,0.22676819505488469
Placebo,22,3031,True,0.19776997253442039
Placebo,22,3250,True,0.1705525270337032
Placebo,22,3308,True,0.0
Placebo,22,3402,True,0.1625348885047075
Placebo,22,3426,True,0.04711817801954405
Placebo,22,3449,True,0.5125502496469082
Placebo,22,3756,True,0.2287749572898391
Placebo,22,4141,True,0.32061225153664535
Placebo,22,4210,True,0.06673768929853467
Placebo,22,4516,True,0.0
Placebo,22,4692,True,0.35620718710802235
Placebo,22,4700,False,0.0
Placebo,22,4910,False,0.0
Placebo,22,4962,False,0.0
Placebo,22,5275,True,0.11120921322406253
Placebo,22,5671,True,0.31834015118674247
Placebo,22,5683,True,0.5535821950147718
Placebo,22,6067,True,0.3777730494818545
Placebo,22,6378,True,0.3090198314208382
Placebo,22,6495,True,0.11827022936881548
Placebo,22,6868,True,0.0
Placebo,22,6880,True,0.4930980503595423
Placebo,22,7144,True,0.15093714401314332
Placebo,22,7413,True,0.7034500148217306
Placebo,22,7526,True,0.30657359638272924
Placebo,22,7531,True,0.0
Placebo,22,7577,True,0.0
Placebo,22,7621,True,0.0
Placebo,22,8198,True,0.3768796658362106
Placebo,22,8442,True,0.21575869212041496
Placebo,22,8452,True,0.2016063415235303
Placebo,22,8476,True,0.17309072849606683
Placebo,22,8541,True,0.667905452944332
Placebo,22,8802,True,0.09495850632728751
Placebo,22,8816,True,0.05522740493547568
Placebo,22,8852,False,0.0
Placebo,22,9099,True,0.17463534499935598
Placebo,22,9479,True,0.1884727120781762
Placebo,22,9625,False,0.0
Placebo,22,96,True,0.30657359638272924
Placebo,22,171,True,0.42119435367370517
Placebo,22,328,False,0.0
Placebo,22,387,True,0.3988521583970234
Placebo,22,754,False,0.0
Placebo,22,983,True,0.20362214044243968
Placebo,22,1039,True,0.42916948913985115
Placebo,22,1098,True,0.27367815027175524
Placebo,22,1120,True,0.0
Placebo,22,1275,True,0.39954922632199596
Placebo,22,1343,True,0.0
Placebo,22,1483,True,0.0
Placebo,22,2005,True,0.09803928583135697
Placebo,22,2048,True,0.2591346059075323
Placebo,22,2379,True,0.582017526834727
Placebo,22,2516,True,0.5190371033509422
Placebo,22,2601,True,0.3685914997739645
Placebo,22,3210,True,0.4656180219690625
Placebo,22,3601,False,0.0
Placebo,22,3729,True,0.08856782092957452
Placebo,22,3832,True,0.5062226851395633
Placebo,22,4104,True,0.2836113279432793
Placebo,22,4286,True,0.3485614438176536
Placebo,22,4329,True,0.0
Placebo,22,4553,True,0.1113253761397652
Placebo,22,4790,True,0.0
Placebo,22,4844,True,0.0
Placebo,22,4994,True,0.0
Placebo,22,5020,True,0.24313400633380278
Placebo,22,5293,True,0.08707562656251236
Placebo,22,5338,True,0.46654925337711645
Placebo,22,5343,True,0.29987738557907834
Placebo,22,5464,True,0.15218475828440192
Placebo,22,5560,True,0.4981767762124508
Placebo,22,5719,True,0.25264076317831785
Placebo,22,6055,True,0.0
Placebo,22,6121,True,0.5666130738106349
Placebo,22,6128,True,0.2825740158565258
Placebo,22,6197,True,0.3433454070190467
Placebo,22,6336,True,0.19477056266640405
Placebo,22,6577,True,0.6215978902286239
Placebo,22,6717,True,0.0
Placebo,22,6906,False,0.0
Placebo,22,8550,True,0.0
Placebo,22,8576,True,0.13347537859706934
Placebo,22,8790,False,0.0
Placebo,22,8840,False,0.0
Placebo,22,8878,True,0.0
Placebo,22,9337,True,0.5065267082131061
Placebo,22,9501,True,0.3070799745695148
Placebo,22,9512,False,0.0
Placebo,22,45,True,0.1747566978029719
Placebo,22,199,True,0.0
Placebo,22,458,True,0.18176290994822294
Placebo,22,564,True,0.5372903784169164
Placebo,22,717,True,0.0
Placebo,22,1109,True,0.6798867185395073
Placebo,22,1576,True,0.11853000556688278
Placebo,22,1711,True,0.0
Placebo,22,1868,True,0.0
Placebo,22,1942,True,0.11743699858954439
Placebo,22,2001,True,0.17848602126717986
Placebo,22,2217,True,0.0
Placebo,22,2354,True,0.43633026821480897
Placebo,22,2761,True,0.3903800499921017
Placebo,22,2980,True,0.0
Placebo,22,3021,True,0.2707398710032442
Placebo,22,3030,True,1.0
Placebo,22,3046,True,0.0
Placebo,22,3050,True,0.3172887707914119
Placebo,22,3288,True,0.25793446267509634
Placebo,22,3302,True,0.39518547734730824
Placebo,22,3794,True,0.0
Placebo,22,3920,True,0.440466966723043
Placebo,22,3965,True,0.1394378723663407
Placebo,22,4193,True,0.2707842629583516
Placebo,22,4294,True,0.0754756385123203
Placebo,22,4383,True,0.371111256553993
Placebo,22,4474,True,0.076745136502618
Placebo,22,5068,True,0.21122597945202753
Placebo,22,5258,True,0.0
Placebo,22,5306,True,0.44717059696944855
Placebo,22,5323,True,0.3104931300906019
Placebo,22,5421,True,0.44276826025686744
Placebo,22,5766,True,0.21701423120000807
Placebo,22,5877,True,0.2680512934047234
Placebo,22,5887,True,0.047264273332909064
Placebo,22,6126,True,0.38685280723454163
Placebo,22,6190,True,0.19723965053248232
Placebo,22,6224,True,0.2734614500294845
Placebo,22,6465,True,0.0
Placebo,22,6853,True,0.22810496278181852
Placebo,22,6949,True,0.33263517782487634
Placebo,22,7107,True,0.5212164491191417
Placebo,22,7240,False,0.0
Placebo,22,7937,True,0.1565413734244132
Placebo,22,8015,True,0.0
Placebo,22,8066,True,0.21393564874761542
Placebo,22,8202,True,0.2911618289346569
Placebo,22,8321,True,0.05847675587054842
Placebo,22,9222,True,0.0
Placebo,22,9453,True,0.6618879310243709
Placebo,22,73,True,0.638787886479598
Placebo,22,390,True,0.4631896595828493
Placebo,22,424,True,0.016787876560595636
Placebo,22,715,True,0.5296134774910454
Placebo,22,915,False,0.0
Placebo,22,1579,True,0.018287385334095678
Placebo,22,1643,True,0.0
Placebo,22,1679,True,0.37736425798479256
Placebo,22,1982,True,0.07839826897867538
Placebo,22,2027,True,0.19492578050501277
Placebo,22,2211,True,0.6131471927654585
Placebo,22,2228,True,0.3648395016176923
Placebo,22,2352,True,0.0
Placebo,22,2520,True,0.08494489033580488
Placebo,22,2573,True,0.0
Placebo,22,2630,True,0.43819335733839254
Placebo,22,2666,True,0.10918487464734664
Placebo,22,2745,True,0.16385718147311448
Placebo,22,3149,True,0.3266568435316825
Placebo,22,3369,True,0.4119017999804991
Placebo,22,3617,True,0.057290000967676585
Placebo,22,3862,True,0.07012796146402339
Placebo,22,4124,True,0.09711262233274517
Placebo,22,4218,True,0.22048302805668027
Placebo,22,4268,True,0.16416802740756437
Placebo,22,4452,True,0.15987346094964455
Placebo,22,4522,True,0.14580317218826125
Placebo,22,4784,True,0.4889708837114092
Placebo,22,5139,False,0.0
Placebo,22,5438,True,0.1411531810560194
Placebo,22,5565,True,0.0
Placebo,22,5684,True,0.18701145604403488
Placebo,22,5775,True,0.1713390527376558
Placebo,22,6110,True,0.0
Placebo,22,6488,True,0.06975096265942549
Placebo,22,6590,True,0.0
Placebo,22,6793,True,0.08116136400948519
Placebo,22,7090,True,0.11381311447980805
Placebo,22,7112,True,0.2770896820058883
Placebo,22,7167,True,0.39890733827370717
Placebo,22,7287,True,0.635590328117568
Placebo,22,7370,True,0.04842079006140466
Placebo,22,7547,True,0.38627770268569966
Placebo,22,7589,True,0.0
Placebo,22,7622,True,0.3865668514110075
Placebo,22,7640,True,0.0
Placebo,22,7757,True,0.16991128505192055
Placebo,22,8162,True,0.3015666824974103
Placebo,22,8508,True,0.0
Placebo,22,8597,True,0.24011568760027185
Placebo,22,8771,False,0.0
Placebo,22,288,True,0.35215140092166547
Placebo,22,635,True,0.27543048381524604
Placebo,22,654,True,0.2799763282294866
Placebo,22,699,True,0.0
Placebo,22,743,True,0.5576700263830767
Placebo,22,946,True,0.0
Placebo,22,976,False,0.0
Placebo,22,1144,True,0.7418398434639599
Placebo,22,1187,True,0.09105607183709614
Placebo,22,1384,True,0.25063291767094353
Placebo,22,1415,True,0.06362078819895167
Placebo,22,1443,True,0.36442943206386297
Placebo,22,1629,True,0.19519002499605084
Placebo,22,1684,True,0.0
Placebo,22,1802,True,0.08421358772610599
Placebo,22,1914,True,0.43868996475235056
Placebo,22,2046,True,0.0
Placebo,22,2071,True,0.39960963714544995
Placebo,22,2340,True,0.0
Placebo,22,2749,True,0.13224289572212644
Placebo,22,3517,True,0.05861924361574434
Placebo,22,3758,True,0.0
Placebo,22,4110,True,0.0
Placebo,22,4111,True,0.0
Placebo,22,4144,True,0.346951888597037
Placebo,22,5021,True,0.12071921348091273
Placebo,22,5032,True,0.06174580461097321
Placebo,22,5096,True,0.14961048995209805
Placebo,22,5109,True,0.5844641866637106
Placebo,22,5114,True,0.0
Placebo,22,5977,True,0.0
Placebo,22,5984,True,0.054935869330126626
Placebo,22,6353,True,0.5250308731269633
Placebo,22,6373,True,0.201878906520566
Placebo,22,6539,True,0.0
Placebo,22,6554,True,0.44426538010053573
Placebo,22,6884,False,0.0
Placebo,22,6955,True,0.12652791809394934
Placebo,22,7020,True,0.30319470484450456
Placebo,22,7029,True,0.18844415212771548
Placebo,22,7280,True,0.0
Placebo,22,7394,True,0.258540410130814
Placebo,22,7795,True,0.3846910954849265
Placebo,22,8108,True,0.14876390584057267
Placebo,22,8560,True,0.4048795461224001
Placebo,22,8632,True,0.07972648038356464
Placebo,22,8657,True,0.0
Placebo,22,8777,True,0.5854623692665476
Placebo,22,9151,True,0.0
Placebo,22,9609,False,0.0
Placebo,23,102,True,0.7556841981827188
Placebo,23,314,True,0.29263721873375703
Placebo,23,1068,True,0.46206429997930704
Placebo,23,1525,True,0.060614569639142066
Placebo,23,1795,True,0.14075183057806426
Placebo,23,1929,True,0.29128726826323453
Placebo,23,1931,True,0.0
Placebo,23,1991,True,0.3305518697711869
Placebo,23,2528,True,0.5441100541011198
Placebo,23,2697,True,0.17011914236114753
Placebo,23,2834,True,0.3593124159498304
Placebo,23,2845,True,0.3823478930564345
Placebo,23,3031,True,0.25596293985832425
Placebo,23,3250,True,0.27852367359660946
Placebo,23,3308,True,0.2476779192653013
Placebo,23,3402,True,0.17451855981580688
Placebo,23,3426,True,0.10646464774659972
Placebo,23,3449,True,0.2814853444092611
Placebo,23,3756,True,0.12556876782529217
Placebo,23,4141,True,0.3565010075658817
Placebo,23,4210,True,0.16263648752399
Placebo,23,4516,True,0.0
Placebo,23,4692,True,0.0
Placebo,23,4700,False,0.0
Placebo,23,4910,False,0.0
Placebo,23,4962,False,0.0
Placebo,23,5275,True,0.0543026559841585
Placebo,23,5671,True,0.20135724184377263
Placebo,23,5683,True,0.2951691597437571
Placebo,23,6067,True,0.34070427524028163
Placebo,23,6378,True,0.22409202068171238
Placebo,23,6495,True,0.6695625408336671
Placebo,23,6868,True,0.4592355820461338
Placebo,23,6880,True,0.1222260944107594
Placebo,23,7144,True,0.0
Placebo,23,7413,True,0.351637340158643
Placebo,23,7526,True,0.1934264036172709
Placebo,23,7531,True,0.17723928678404763
Placebo,23,7577,True,0.20019798370087236
Placebo,23,7621,True,0.08212634458209148
Placebo,23,8198,True,0.390371276419181
Placebo,23,8442,True,0.13886902806345575
Placebo,23,8452,True,0.437440361446569
Placebo,23,8476,True,0.18188837971828598
Placebo,23,8541,True,0.5804634281551733
Placebo,23,8802,True,0.0
Placebo,23,8816,True,0.4807983320944878
Placebo,23,8852,False,0.0
Placebo,23,9099,True,0.0
Placebo,23,9479,True,0.0
Placebo,23,9625,False,0.0
Placebo,23,96,True,0.0
Placebo,23,171,True,0.27594135470343745
Placebo,23,328,False,0.0
Placebo,23,387,True,0.0
Placebo,23,754,False,0.0
Placebo,23,983,True,0.057484716641728835
Placebo,23,1039,True,0.35361125564429563
Placebo,23,1098,True,0.0
Placebo,23,1120,True,0.17714752793103516
Placebo,23,1275,True,0.3021921069785005
Placebo,23,1343,True,0.0
Placebo,23,1483,True,0.0576901476090013
Placebo,23,2005,True,0.1460683498427064
Placebo,23,2048,True,0.5771664822595856
Placebo,23,2379,True,0.7664584651891855
Placebo,23,2516,True,0.41433535752435047
Placebo,23,2601,True,0.14410005584193936
Placebo,23,3210,True,0.2567750105917937
Placebo,23,3601,False,0.0
Placebo,23,3729,True,0.20616974684874614
Placebo,23,3832,True,0.353775513460954
Placebo,23,4104,True,0.5130344168563388
Placebo,23,4286,True,0.27622236706391584
Placebo,23,4329,True,0.0
Placebo,23,4553,True,0.14025592292804678
Placebo,23,4790,True,0.0
Placebo,23,4844,True,0.0
Placebo,23,4994,True,0.18465110945919555
Placebo,23,5020,True,0.34516308666384304
Placebo,23,5293,True,0.04213992237575467
Placebo,23,5338,True,0.4585540074556088
Placebo,23,5343,True,0.41840480561292137
Placebo,23,5464,True,0.1590127446243617
Placebo,23,5560,True,0.36492363846000164
Placebo,23,5719,True,0.3144956463523791
Placebo,23,6055,True,0.2707842629583516
Placebo,23,6121,True,0.49751544718659496
Placebo,23,6128,True,0.05163532490696953
Placebo,23,6197,True,0.0926869613100647
Placebo,23,6336,True,0.1976121660133572
Placebo,23,6577,True,0.39516504879527314
Placebo,23,6717,True,0.3333333333333335
Placebo,23,6906,False,0.0
Placebo,23,8550,True,0.0
Placebo,23,8576,True,0.10589010529468088
Placebo,23,8790,False,0.0
Placebo,23,8840,False,0.0
Placebo,23,8878,True,0.0
Placebo,23,9337,True,0.27584697180907586
Placebo,23,9501,True,0.193812678875726
Placebo,23,9512,False,0.0
Placebo,23,45,True,0.12286383325798822
Placebo,23,199,True,0.0
Placebo,23,458,True,0.3627166028948959
Placebo,23,564,True,0.7015260263980013
Placebo,23,717,True,0.11751610475642699
Placebo,23,1109,True,0.6373664761018907
Placebo,23,1576,True,0.0
Placebo,23,1711,True,0.0
Placebo,23,1868,True,0.0
Placebo,23,1942,True,0.382431475597117
Placebo,23,2001,True,0.0
Placebo,23,2217,True,0.19595127901151166
Placebo,23,2354,True,0.3151943130905763
Placebo,23,2761,True,0.11284514134893517
Placebo,23,2980,True,0.0
Placebo,23,3021,True,0.30806864427266617
Placebo,23,3030,True,0.0
Placebo,23,3046,True,0.18355812383235903
Placebo,23,3050,True,0.5069301833499327
Placebo,23,3288,True,0.5098991282892777
Placebo,23,3302,True,0.10532072643041082
Placebo,23,3794,True,0.0
Placebo,23,3920,True,0.24787693744104486
Placebo,23,3965,True,0.0
Placebo,23,4193,True,0.0
Placebo,23,4294,True,0.2367460284110084
Placebo,23,4383,True,0.3407812819340747
Placebo,23,4474,True,0.0
Placebo,23,5068,True,0.0984700362449109
Placebo,23,5258,True,0.0
Placebo,23,5306,True,0.35481582979242887
Placebo,23,5323,True,0.3327450901953973
Placebo,23,5421,True,0.6163133317602678
Placebo,23,5766,True,0.2215308657267647
Placebo,23,5877,True,0.0
Placebo,23,5887,True,0.1931331085593736
Placebo,23,6126,True,0.3010299956639808
Placebo,23,6190,True,0.36886539635932314
Placebo,23,6224,True,0.03312711172719448
Placebo,23,6465,True,0.0
Placebo,23,6853,True,0.30800821854781163
Placebo,23,6949,True,0.6301131947552887
Placebo,23,7107,True,0.0
Placebo,23,7240,False,0.0
Placebo,23,7937,True,0.5353490056224077
Placebo,23,8015,True,0.0
Placebo,23,8066,True,0.14648882921348194
Placebo,23,8202,True,0.4539970112006404
Placebo,23,8321,True,0.6427057874136746
Placebo,23,9222,True,0.20151514190050243
Placebo,23,9453,True,0.5380304412909914
Placebo,23,73,True,0.0
Placebo,23,390,True,0.35256465759091055
Placebo,23,424,True,0.15347322227871427
Placebo,23,715,True,0.3293177095542259
Placebo,23,915,False,0.0
Placebo,23,1579,True,0.3795837542818478
Placebo,23,1643,True,0.0
Placebo,23,1679,True,0.4717477531442874
Placebo,23,1982,True,0.2491602275826595
Placebo,23,2027,True,0.29295558533076277
Placebo,23,2211,True,0.3868528072345415
Placebo,23,2228,True,0.501570853545258
Placebo,23,2352,True,0.09635494210596254
Placebo,23,2520,True,0.08494489033580488
Placebo,23,2573,True,0.0
Placebo,23,2630,True,0.25498768005506955
Placebo,23,2666,True,0.3278776365917913
Placebo,23,2745,True,0.11933479437650561
Placebo,23,3149,True,0.39862006995516736
Placebo,23,3369,True,0.0
Placebo,23,3617,True,0.15558668174010043
Placebo,23,3862,True,0.0
Placebo,23,4124,True,0.218051804872261
Placebo,23,4218,True,0.10235337402155874
Placebo,23,4268,True,0.16943568649424373
Placebo,23,4452,True,0.10450613870182585
Placebo,23,4522,True,0.3096295595630953
Placebo,23,4784,True,0.7636488718015455
Placebo,23,5139,False,0.0
Placebo,23,5438,True,0.0
Placebo,23,5565,True,0.12948204501090532
Placebo,23,5684,True,0.341068454125795
Placebo,23,5775,True,0.14241289500431378
Placebo,23,6110,True,0.11618058804370206
Placebo,23,6488,True,0.22883907041672588
Placebo,23,6590,True,0.0
Placebo,23,6793,True,0.3943825468435449
Placebo,23,7090,True,0.05851819837674865
Placebo,23,7112,True,0.0
Placebo,23,7167,True,0.2516324909510607
Placebo,23,7287,True,0.4398646614233626
Placebo,23,7370,True,0.08873727821548741
Placebo,23,7547,True,0.25307789123999175
Placebo,23,7589,True,0.09109240322345795
Placebo,23,7622,True,0.09158083663141148
Placebo,23,7640,True,0.0
Placebo,23,7757,True,0.051148393402441046
Placebo,23,8162,True,0.3261462683277805
Placebo,23,8508,True,0.6131471927654585
Placebo,23,8597,True,0.41358616545102056
Placebo,23,8771,False,0.0
Placebo,23,288,True,0.6390990848089755
Placebo,23,635,True,0.5196496650759107
Placebo,23,654,True,0.03970923246838255
Placebo,23,699,True,0.0
Placebo,23,743,True,0.1482125498036992
Placebo,23,946,True,0.0
Placebo,23,976,False,0.0
Placebo,23,1144,True,0.5200759620288794
Placebo,23,1187,True,0.4077877759704911
Placebo,23,1384,True,0.1206049945212052
Placebo,23,1415,True,0.11358108740962403
Placebo,23,1443,True,0.3587632559199923
Placebo,23,1629,True,0.25327787770106563
Placebo,23,1684,True,0.0
Placebo,23,1802,True,0.4527295579880914
Placebo,23,1914,True,0.5795003533950693
Placebo,23,2046,True,0.13905617951077567
Placebo,23,2071,True,0.07328439752622516
Placebo,23,2340,True,0.07945707943276738
Placebo,23,2749,True,0.3010933630469107
Placebo,23,3517,True,0.22959103140309797
Placebo,23,3758,True,0.0
Placebo,23,4110,True,0.17723928678404763
Placebo,23,4111,True,0.0
Placebo,23,4144,True,0.1505512171936081
Placebo,23,5021,True,0.11235973699279639
Placebo,23,5032,True,0.5457228510861013
Placebo,23,5096,True,0.43151079673820425
Placebo,23,5109,True,0.3568868250638862
Placebo,23,5114,True,0.0
Placebo,23,5977,True,0.0
Placebo,23,5984,True,0.2398124665681314
Placebo,23,6353,True,0.22401501398791931
Placebo,23,6373,True,0.2510902172985157
Placebo,23,6539,True,0.0
Placebo,23,6554,True,0.1881558653790275
Placebo,23,6884,False,0.0
Placebo,23,6955,True,0.0
Placebo,23,7020,True,0.4774458113388151
Placebo,23,7029,True,0.08815005330171453
Placebo,23,7280,True,0.0
Placebo,23,7394,True,0.43790053776223825
Placebo,23,7795,True,0.3146809062196965
Placebo,23,8108,True,0.14201905717762706
Placebo,23,8560,True,0.4682821373700544
Placebo,23,8632,True,0.3379763190926901
Placebo,23,8657,True,0.16842717545221186
Placebo,23,8777,True,0.6799903857712885
Placebo,23,9151,True,0.0
Placebo,23,9609,False,0.0
Placebo,24,102,True,0.6514385561823464
Placebo,24,314,True,0.1941555003801338
Placebo,24,1068,True,0.18391188799974267
Placebo,24,1525,True,0.08473553200699402
Placebo,24,1795,True,0.4131858944231387
Placebo,24,1929,True,0.3351711942763227
Placebo,24,1931,True,0.25656111661877085
Placebo,24,1991,True,0.17802953930487278
Placebo,24,2528,True,0.30930655520027756
Placebo,24,2697,True,0.2529427027676572
Placebo,24,2834,True,0.3437995469125291
Placebo,24,2845,True,0.4083493669162686
Placebo,24,3031,True,0.2008925561034788
Placebo,24,3250,True,0.278155751602038
Placebo,24,3308,True,0.0
Placebo,24,3402,True,0.0
Placebo,24,3426,True,0.2471168871120522
Placebo,24,3449,True,0.2646672655586926
Placebo,24,3756,True,0.06358115370045193
Placebo,24,4141,True,0.28988119401305307
Placebo,24,4210,True,0.0475448891582404
Placebo,24,4516,True,0.0
Placebo,24,4692,True,0.0
Placebo,24,4700,False,0.0
Placebo,24,4910,False,0.0
Placebo,24,4962,False,0.0
Placebo,24,5275,True,0.11909949848829145
Placebo,24,5671,True,0.0970477754402881
Placebo,24,5683,True,0.6033586284949646
Placebo,24,6067,True,0.42389171599830505
Placebo,24,6378,True,0.07473983759629423
Placebo,24,6495,True,0.5213818033027166
Placebo,24,6868,True,0.3366363214267085
Placebo,24,6880,True,0.6952357117090685
Placebo,24,7144,True,0.09556982176532462
Placebo,24,7413,True,0.5421006125336938
Placebo,24,7526,True,0.0
Placebo,24,7531,True,0.0
Placebo,24,7577,True,0.17723928678404763
Placebo,24,7621,True,0.16719028451508597
Placebo,24,8198,True,0.17884686023174212
Placebo,24,8442,True,0.07191071742813421
Placebo,24,8452,True,0.5498925377803077
Placebo,24,8476,True,0.1454012159866734
Placebo,24,8541,True,0.4700082033003697
Placebo,24,8802,True,0.0
Placebo,24,8816,True,0.0
Placebo,24,8852,False,0.0
Placebo,24,9099,True,0.2861655059753499
Placebo,24,9479,True,0.0
Placebo,24,9625,False,0.0
Placebo,24,96,True,0.0
Placebo,24,171,True,0.16056105948543484
Placebo,24,328,False,0.0
Placebo,24,387,True,0.10508512487015885
Placebo,24,754,False,0.0
Placebo,24,983,True,0.07876312977220012
Placebo,24,1039,True,0.4345116708149634
Placebo,24,1098,True,0.23981344300779917
Placebo,24,1120,True,0.17714752793103516
Placebo,24,1275,True,0.1395018837379694
Placebo,24,1343,True,0.0
Placebo,24,1483,True,0.281258649728292
Placebo,24,2005,True,0.09803928583135697
Placebo,24,2048,True,0.36409585113474585
Placebo,24,2379,True,0.46212970069007203
Placebo,24,2516,True,0.41470621998095897
Placebo,24,2601,True,0.16596225124861355
Placebo,24,3210,True,0.2920553047887556
Placebo,24,3601,False,0.0
Placebo,24,3729,True,0.1337999389351406
Placebo,24,3832,True,0.5546463279831184
Placebo,24,4104,True,0.05566418523861733
Placebo,24,4286,True,0.5173633627401372
Placebo,24,4329,True,0.7601875334318686
Placebo,24,4553,True,0.3937481555797839
Placebo,24,4790,True,0.0
Placebo,24,4844,True,0.0
Placebo,24,4994,True,0.0
Placebo,24,5020,True,0.32796922931291456
Placebo,24,5293,True,0.19268847987863802
Placebo,24,5338,True,0.5043633825593121
Placebo,24,5343,True,0.11609379195404045
Placebo,24,5464,True,0.0
Placebo,24,5560,True,0.20749567546625788
Placebo,24,5719,True,0.48463972351731394
Placebo,24,6055,True,0.14704034066641017
Placebo,24,6121,True,0.2712311694775676
Placebo,24,6128,True,0.0475448891582404
Placebo,24,6197,True,0.4181330438272044
Placebo,24,6336,True,0.30291664755654735
Placebo,24,6577,True,0.46560802392730044
Placebo,24,6717,True,0.0
Placebo,24,6906,False,0.0
Placebo,24,8550,True,0.0
Placebo,24,8576,True,0.33265839960663296
Placebo,24,8790,False,0.0
Placebo,24,8840,False,0.0
Placebo,24,8878,True,0.3333333333333335
Placebo,24,9337,True,0.0
Placebo,24,9501,True,0.25609822265735604
Placebo,24,9512,False,0.0
Placebo,24,45,True,0.24616516354799
Placebo,24,199,True,0.0
Placebo,24,458,True,0.3888795934408446
Placebo,24,564,True,0.48493263471142634
Placebo,24,717,True,0.0
Placebo,24,1109,True,0.6835381846158708
Placebo,24,1576,True,0.0
Placebo,24,1711,True,0.0
Placebo,24,1868,True,0.7601875334318686
Placebo,24,1942,True,0.25141954432312524
Placebo,24,2001,True,0.3663233465256459
Placebo,24,2217,True,0.07989569279756419
Placebo,24,2354,True,0.4177125331310335
Placebo,24,2761,True,0.0
Placebo,24,2980,True,0.0
Placebo,24,3021,True,0.22732300053290733
Placebo,24,3030,True,0.0
Placebo,24,3046,True,0.2689077909270683
Placebo,24,3050,True,0.4136338717885641
Placebo,24,3288,True,0.05683075013322683
Placebo,24,3302,True,0.2980491516038232
Placebo,24,3794,True,0.0
Placebo,24,3920,True,0.10527982729515885
Placebo,24,3965,True,0.09370441574397437
Placebo,24,4193,True,0.0
Placebo,24,4294,True,0.04018009264032398
Placebo,24,4383,True,0.1443356428641852
Placebo,24,4474,True,0.153490273005236
Placebo,24,5068,True,0.057959913024345
Placebo,24,5258,True,0.06854129682027829
Placebo,24,5306,True,0.5373416628946636
Placebo,24,5323,True,0.4723151400842026
Placebo,24,5421,True,0.7147541746804252
Placebo,24,5766,True,0.0
Placebo,24,5877,True,0.15859959382964126
Placebo,24,5887,True,0.24970700285498595
Placebo,24,6126,True,0.3010299956639808
Placebo,24,6190,True,0.4594342823739765
Placebo,24,6224,True,0.20511666732794348
Placebo,24,6465,True,0.0
Placebo,24,6853,True,0.39755436133544514
Placebo,24,6949,True,0.5095856569982923
Placebo,24,7107,True,0.0
Placebo,24,7240,False,0.0
Placebo,24,7937,True,0.30666543791029166
Placebo,24,8015,True,0.0
Placebo,24,8066,True,0.07830333259355117
Placebo,24,8202,True,0.09429809679054406
Placebo,24,8321,True,0.05062080801812657
Placebo,24,9222,True,0.0
Placebo,24,9453,True,0.44960519911345326
Placebo,24,73,True,0.0
Placebo,24,390,True,0.40536493241799043
Placebo,24,424,True,0.0
Placebo,24,715,True,0.5163278620750299
Placebo,24,915,False,0.0
Placebo,24,1579,True,0.0
Placebo,24,1643,True,0.0
Placebo,24,1679,True,0.34795076574528416
Placebo,24,1982,True,0.16710711229666342
Placebo,24,2027,True,0.4428133652460088
Placebo,24,2211,True,0.6131471927654585
Placebo,24,2228,True,0.17562418269327687
Placebo,24,2352,True,0.8154648767857287
Placebo,24,2520,True,0.08266813921294533
Placebo,24,2573,True,0.0
Placebo,24,2630,True,0.39250503952230315
Placebo,24,2666,True,0.08447695052975515
Placebo,24,2745,True,0.11209999637596213
Placebo,24,3149,True,0.4244425393566713
Placebo,24,3369,True,0.21128749918529324
Placebo,24,3617,True,0.24013097416871754
Placebo,24,3862,True,0.14025592292804678
Placebo,24,4124,True,0.3226011484953325
Placebo,24,4218,True,0.35918289791817776
Placebo,24,4268,True,0.4116921263800083
Placebo,24,4452,True,0.1509371440131434
Placebo,24,4522,True,0.0
Placebo,24,4784,True,0.6985064690613116
Placebo,24,5139,False,0.0
Placebo,24,5438,True,0.05560460661203127
Placebo,24,5565,True,0.18397246392903513
Placebo,24,5684,True,0.3862662171187472
Placebo,24,5775,True,0.0
Placebo,24,6110,True,0.0
Placebo,24,6488,True,0.14740106144681359
Placebo,24,6590,True,0.0
Placebo,24,6793,True,0.0
Placebo,24,7090,True,0.21757201516370642
Placebo,24,7112,True,0.15101961822780524
Placebo,24,7167,True,0.31125069543586026
Placebo,24,7287,True,0.2900120037231366
Placebo,24,7370,True,0.2558171216753934
Placebo,24,7547,True,0.21408371436984164
Placebo,24,7589,True,0.0
Placebo,24,7622,True,0.16195671984435944
Placebo,24,7640,True,0.0
Placebo,24,7757,True,0.10229678680488209
Placebo,24,8162,True,0.31407302131194215
Placebo,24,8508,True,0.0
Placebo,24,8597,True,0.3775318316318957
Placebo,24,8771,False,0.0
Placebo,24,288,True,0.6328609347220854
Placebo,24,635,True,0.17625964851842052
Placebo,24,654,True,0.08252096715840908
Placebo,24,699,True,0.1585070397409811
Placebo,24,743,True,0.3696140006375633
Placebo,24,946,True,0.0
Placebo,24,976,False,0.0
Placebo,24,1144,True,0.3517863806187738
Placebo,24,1187,True,0.5140633964956728
Placebo,24,1384,True,0.0
Placebo,24,1415,True,0.07186190911730043
Placebo,24,1443,True,0.5026090300401913
Placebo,24,1629,True,0.0
Placebo,24,1684,True,0.6100518227823506
Placebo,24,1802,True,0.0
Placebo,24,1914,True,0.2795789563898548
Placebo,24,2046,True,0.19519002499605084
Placebo,24,2071,True,0.0
Placebo,24,2340,True,0.13743816645714546
Placebo,24,2749,True,0.2719718281982478
Placebo,24,3517,True,0.2105625413225939
Placebo,24,3758,True,0.0
Placebo,24,4110,True,0.0
Placebo,24,4111,True,0.0
Placebo,24,4144,True,0.12198323851117018
Placebo,24,5021,True,0.5857421563596759
Placebo,24,5032,True,0.24799689173455722
Placebo,24,5096,True,0.0
Placebo,24,5109,True,0.29545153281334013
Placebo,24,5114,True,0.0
Placebo,24,5977,True,0.0
Placebo,24,5984,True,0.0
Placebo,24,6353,True,0.526187020685878
Placebo,24,6373,True,0.0869445126078976
Placebo,24,6539,True,0.0
Placebo,24,6554,True,0.3761654443054805
Placebo,24,6884,False,0.0
Placebo,24,6955,True,0.0
Placebo,24,7020,True,0.4059034307557191
Placebo,24,7029,True,0.38353990107911295
Placebo,24,7280,True,0.30907645284177787
Placebo,24,7394,True,0.04681599109282455
Placebo,24,7795,True,0.4632393796249884
Placebo,24,8108,True,0.28371255449703187
Placebo,24,8560,True,0.3281618468930852
Placebo,24,8632,True,0.23114018787912216
Placebo,24,8657,True,0.052221643568979584
Placebo,24,8777,True,0.44377442739582035
Placebo,24,9151,True,0.0
Placebo,24,9609,False,0.0
Placebo,25,102,True,0.8284907541469431
Placebo,25,314,True,0.3114310850931978
Placebo,25,1068,True,0.10619812695949712
Placebo,25,1525,True,0.08879873949105595
Placebo,25,1795,True,0.33678085183435935
Placebo,25,1929,True,0.14539148150909986
Placebo,25,1931,True,0.06452577150984494
Placebo,25,1991,True,0.11607370133068003
Placebo,25,2528,True,0.21955141738008097
Placebo,25,2697,True,0.4549608590243352
Placebo,25,2834,True,0.3157993523933507
Placebo,25,2845,True,0.04929175392995458
Placebo,25,3031,True,0.0
Placebo,25,3250,True,0.20877271093718397
Placebo,25,3308,True,0.0
Placebo,25,3402,True,0.0
Placebo,25,3426,True,0.10646464774659972
Placebo,25,3449,True,0.4159408808071861
Placebo,25,3756,True,0.19488418545057284
Placebo,25,4141,True,0.6952907195818417
Placebo,25,4210,True,0.15638937231982802
Placebo,25,4516,True,0.0
Placebo,25,4692,True,0.0
Placebo,25,4700,False,0.0
Placebo,25,4910,False,0.0
Placebo,25,4962,False,0.0
Placebo,25,5275,True,0.0
Placebo,25,5671,True,0.2814853444092611
Placebo,25,5683,True,0.35687885840597894
Placebo,25,6067,True,0.1498113059440708
Placebo,25,6378,True,0.24149656350636928
Placebo,25,6495,True,0.3221603377416162
Placebo,25,6868,True,0.11894322241252411
Placebo,25,6880,True,0.3676994646826073
Placebo,25,7144,True,0.20471489586305835
Placebo,25,7413,True,0.19933840358754404
Placebo,25,7526,True,0.18457569677956798
Placebo,25,7531,True,0.0
Placebo,25,7577,True,0.2184074368181643
Placebo,25,7621,True,0.0
Placebo,25,8198,True,0.12975599327416154
Placebo,25,8442,True,0.100939453260283
Placebo,25,8452,True,0.36144831341849787
Placebo,25,8476,True,0.22462299475723346
Placebo,25,8541,True,0.7710127193380807
Placebo,25,8802,True,0.13986217479634805
Placebo,25,8816,True,0.17811158041899003
Placebo,25,8852,False,0.0
Placebo,25,9099,True,0.12663167705327652
Placebo,25,9479,True,0.0
Placebo,25,9625,False,0.0
Placebo,25,96,True,0.0
Placebo,25,171,True,0.33236382756302324
Placebo,25,328,False,0.0
Placebo,25,387,True,0.0
Placebo,25,754,False,0.0
Placebo,25,983,True,0.10660299583582156
Placebo,25,1039,True,0.4280983729920839
Placebo,25,1098,True,0.05501287053785307
Placebo,25,1120,True,0.09359072962204817
Placebo,25,1275,True,0.408526465953052
Placebo,25,1343,True,0.0
Placebo,25,1483,True,0.05398557328145317
Placebo,25,2005,True,0.31405460521166173
Placebo,25,2048,True,0.35599274983965035
Placebo,25,2379,True,0.599320831476739
Placebo,25,2516,True,0.3369464689439705
Placebo,25,2601,True,0.16078277618017145
Placebo,25,3210,True,0.21469530023671624
Placebo,25,3601,False,0.0
Placebo,25,3729,True,0.1901427070773245
Placebo,25,3832,True,0.47906082788666476
Placebo,25,4104,True,0.047264273332909064
Placebo,25,4286,True,0.6950952937327572
Placebo,25,4329,True,0.0
Placebo,25,4553,True,0.0
Placebo,25,4790,True,0.0
Placebo,25,4844,True,0.0
Placebo,25,4994,True,0.0
Placebo,25,5020,True,0.41284740535516057
Placebo,25,5293,True,0.2248511147689494
Placebo,25,5338,True,0.43621194774709854
Placebo,25,5343,True,0.126419767127264
Placebo,25,5464,True,0.18151955612798992
Placebo,25,5560,True,0.32384048807887306
Placebo,25,5719,True,0.12422240594026351
Placebo,25,6055,True,0.49451339166233815
Placebo,25,6121,True,0.30793368032025864
Placebo,25,6128,True,0.3856413840600608
Placebo,25,6197,True,0.2615385214652794
Placebo,25,6336,True,0.26265387264614704
Placebo,25,6577,True,0.28874690137634723
Placebo,25,6717,True,0.0
Placebo,25,6906,False,0.0
Placebo,25,8550,True,0.0
Placebo,25,8576,True,0.09480888520723664
Placebo,25,8790,False,0.0
Placebo,25,8840,False,0.0
Placebo,25,8878,True,0.0
Placebo,25,9337,True,0.09021422696383827
Placebo,25,9501,True,0.2528553951886027
Placebo,25,9512,False,0.0
Placebo,25,45,True,0.12084926530173508
Placebo,25,199,True,0.0
Placebo,25,458,True,0.46789382878970603
Placebo,25,564,True,0.46465970466693524
Placebo,25,717,True,0.0
Placebo,25,1109,True,0.48731724866903847
Placebo,25,1576,True,0.0
Placebo,25,1711,True,0.0
Placebo,25,1868,True,0.0
Placebo,25,1942,True,0.3596398588088012
Placebo,25,2001,True,0.0936319821856491
Placebo,25,2217,True,0.5797362356806025
Placebo,25,2354,True,0.2994591225114425
Placebo,25,2761,True,0.0
Placebo,25,2980,True,0.0
Placebo,25,3021,True,0.19870370802622261
Placebo,25,3030,True,0.0
Placebo,25,3046,True,0.0
Placebo,25,3050,True,0.8402816280931985
Placebo,25,3288,True,0.13838973073281977
Placebo,25,3302,True,0.1183730142055042
Placebo,25,3794,True,0.0
Placebo,25,3920,True,0.37979974571768643
Placebo,25,3965,True,0.09020315758404246
Placebo,25,4193,True,0.4796249331362628
Placebo,25,4294,True,0.0
Placebo,25,4383,True,0.18095660264264718
Placebo,25,4474,True,0.0
Placebo,25,5068,True,0.04330890684638207
Placebo,25,5258,True,0.26272181701945935
Placebo,25,5306,True,0.5152533386649145
Placebo,25,5323,True,0.2510850062872354
Placebo,25,5421,True,0.4609832905016751
Placebo,25,5766,True,0.3210986654221233
Placebo,25,5877,True,0.0
Placebo,25,5887,True,0.3223100028415787
Placebo,25,6126,True,0.0
Placebo,25,6190,True,0.5609023467564926
Placebo,25,6224,True,0.06943122193677731
Placebo,25,6465,True,0.0
Placebo,25,6853,True,0.21167552546143242
Placebo,25,6949,True,0.5746233398387599
Placebo,25,7107,True,0.0
Placebo,25,7240,False,0.0
Placebo,25,7937,True,0.3221603377416162
Placebo,25,8015,True,0.0
Placebo,25,8066,True,0.15112268500433712
Placebo,25,8202,True,0.22568639084749673
Placebo,25,8321,True,0.10452468374526318
Placebo,25,9222,True,0.319393943239799
Placebo,25,9453,True,0.4889060130613258
Placebo,25,73,True,0.0
Placebo,25,390,True,0.33123929616385284
Placebo,25,424,True,0.0
Placebo,25,715,True,0.44095500164043433
Placebo,25,915,False,0.0
Placebo,25,1579,True,0.0
Placebo,25,1643,True,0.0
Placebo,25,1679,True,0.29500397662269334
Placebo,25,1982,True,0.26144322424505007
Placebo,25,2027,True,0.3968412080689728
Placebo,25,2211,True,0.6131471927654585
Placebo,25,2228,True,0.1485060568024601
Placebo,25,2352,True,0.0
Placebo,25,2520,True,0.0
Placebo,25,2573,True,0.05214426484655786
Placebo,25,2630,True,0.6356335921089525
Placebo,25,2666,True,0.21836974929469327
Placebo,25,2745,True,0.09141360973240463
Placebo,25,3149,True,0.3700442821468274
Placebo,25,3369,True,0.47656608072659096
Placebo,25,3617,True,0.07362322034364345
Placebo,25,3862,True,0.2835719645227238
Placebo,25,4124,True,0.09325264495975438
Placebo,25,4218,True,0.0
Placebo,25,4268,True,0.2346193320260131
Placebo,25,4452,True,0.2328715809667791
Placebo,25,4522,True,0.26493356623623665
Placebo,25,4784,True,0.29854995968548304
Placebo,25,5139,False,0.0
Placebo,25,5438,True,0.05214426484655786
Placebo,25,5565,True,0.11076246003769862
Placebo,25,5684,True,0.14982420171299154
Placebo,25,5775,True,0.19924558135685175
Placebo,25,6110,True,0.0
Placebo,25,6488,True,0.06568957105465931
Placebo,25,6590,True,0.0
Placebo,25,6793,True,0.5226161886733518
Placebo,25,7090,True,0.06425604298318159
Placebo,25,7112,True,0.0
Placebo,25,7167,True,0.39082846214688316
Placebo,25,7287,True,0.22358008968550794
Placebo,25,7370,True,0.0
Placebo,25,7547,True,0.18489795322786068
Placebo,25,7589,True,0.0
Placebo,25,7622,True,0.04681599109282455
Placebo,25,7640,True,0.0
Placebo,25,7757,True,0.05360104260340897
Placebo,25,8162,True,0.5386483111309714
Placebo,25,8508,True,0.0
Placebo,25,8597,True,0.35894544146361457
Placebo,25,8771,False,0.0
Placebo,25,288,True,0.47360126672091696
Placebo,25,635,True,0.14632479069623774
Placebo,25,654,True,0.0625265926541211
Placebo,25,699,True,0.14258922443883718
Placebo,25,743,True,0.0
Placebo,25,946,True,0.0
Placebo,25,976,False,0.0
Placebo,25,1144,True,0.5964158316250983
Placebo,25,1187,True,0.1405932883777561
Placebo,25,1384,True,0.0
Placebo,25,1415,True,0.47293279348325773
Placebo,25,1443,True,0.41914716414500053
Placebo,25,1629,True,0.12315119437036504
Placebo,25,1684,True,0.16881963016281573
Placebo,25,1802,True,0.17120436780325976
Placebo,25,1914,True,0.5138574570038908
Placebo,25,2046,True,0.0
Placebo,25,2071,True,0.15435682492012887
Placebo,25,2340,True,0.0
Placebo,25,2749,True,0.42474153153327565
Placebo,25,3517,True,0.08228688650337697
Placebo,25,3758,True,0.0
Placebo,25,4110,True,0.2184074368181643
Placebo,25,4111,True,0.0
Placebo,25,4144,True,0.10040473467852304
Placebo,25,5021,True,0.0
Placebo,25,5032,True,0.4324932972711517
Placebo,25,5096,True,0.03982320298793029
Placebo,25,5109,True,0.42571685617492017
Placebo,25,5114,True,0.0
Placebo,25,5977,True,0.0
Placebo,25,5984,True,0.0
Placebo,25,6353,True,0.379437687084885
Placebo,25,6373,True,0.17903687496920356
Placebo,25,6539,True,0.0
Placebo,25,6554,True,0.47788352446676674
Placebo,25,6884,False,0.0
Placebo,25,6955,True,0.23949068454877484
Placebo,25,7020,True,0.3557057133451313
Placebo,25,7029,True,0.047394182184775376
Placebo,25,7280,True,0.18465110945919555
Placebo,25,7394,True,0.11850479333192555
Placebo,25,7795,True,0.4024553410166314
Placebo,25,8108,True,0.04982655839752949
Placebo,25,8560,True,0.3679863495118225
Placebo,25,8632,True,0.042106793863052994
Placebo,25,8657,True,0.17796717146275914
Placebo,25,8777,True,0.3880253741737723
Placebo,25,9151,True,0.0
Placebo,25,9609,False,0.0
Placebo,26,102,True,0.7779513360933721
Placebo,26,314,True,0.26228592740782486
Placebo,26,1068,True,0.12979330313894272
Placebo,26,1525,True,0.10889339568010445
Placebo,26,1795,True,0.15469892237455926
Placebo,26,1929,True,0.3414265896148393
Placebo,26,1931,True,0.14014455815503968
Placebo,26,1991,True,0.11607370133068003
Placebo,26,2528,True,0.34944578135244686
Placebo,26,2697,True,0.1595890771248963
Placebo,26,2834,True,0.30840459952890587
Placebo,26,2845,True,0.2132630518440023
Placebo,26,3031,True,0.17347828582162125
Placebo,26,3250,True,0.3667938847230545
Placebo,26,3308,True,0.1235584435560261
Placebo,26,3402,True,0.11713471800758483
Placebo,26,3426,True,0.0
Placebo,26,3449,True,0.1718502615908999
Placebo,26,3756,True,0.5409727184341906
Placebo,26,4141,True,0.35716269770443326
Placebo,26,4210,True,0.3144956463523791
Placebo,26,4516,True,0.0
Placebo,26,4692,True,0.0
Placebo,26,4700,False,0.0
Placebo,26,4910,False,0.0
Placebo,26,4962,False,0.0
Placebo,26,5275,True,0.0
Placebo,26,5671,True,0.07037133610231527
Placebo,26,5683,True,0.6324023776821561
Placebo,26,6067,True,0.17728304836551909
Placebo,26,6378,True,0.3710269648207525
Placebo,26,6495,True,0.2829758533006886
Placebo,26,6868,True,0.3291829600619485
Placebo,26,6880,True,0.0
Placebo,26,7144,True,0.13684282694997021
Placebo,26,7413,True,0.5213993593891578
Placebo,26,7526,True,0.19412816599510838
Placebo,26,7531,True,0.0
Placebo,26,7577,True,0.6131471927654585
Placebo,26,7621,True,0.03817796803046297
Placebo,26,8198,True,0.2730167820804632
Placebo,26,8442,True,0.07809742170892058
Placebo,26,8452,True,0.3130254151134018
Placebo,26,8476,True,0.18076490586399083
Placebo,26,8541,True,0.5770599813265219
Placebo,26,8802,True,0.23403946173613685
Placebo,26,8816,True,0.17714752793103528
Placebo,26,8852,False,0.0
Placebo,26,9099,True,0.0
Placebo,26,9479,True,0.0
Placebo,26,9625,False,0.0
Placebo,26,96,True,0.0
Placebo,26,171,True,0.37443574585223144
Placebo,26,328,False,0.0
Placebo,26,387,True,0.1376612704114944
Placebo,26,754,False,0.0
Placebo,26,983,True,0.17118097643649383
Placebo,26,1039,True,0.05502294157452005
Placebo,26,1098,True,0.12782810266318786
Placebo,26,1120,True,0.0
Placebo,26,1275,True,0.3857995005838688
Placebo,26,1343,True,0.0
Placebo,26,1483,True,0.19608697533323732
Placebo,26,2005,True,0.1560127752829423
Placebo,26,2048,True,0.32021894131741174
Placebo,26,2379,True,0.6648081981805092
Placebo,26,2516,True,0.48285851280583236
Placebo,26,2601,True,0.1409992833808411
Placebo,26,3210,True,0.4993697385931218
Placebo,26,3601,False,0.0
Placebo,26,3729,True,0.21063423754422098
Placebo,26,3832,True,0.4316806173691131
Placebo,26,4104,True,0.21167284598474842
Placebo,26,4286,True,0.4159819876734344
Placebo,26,4329,True,0.22883924989280766
Placebo,26,4553,True,0.11381874220565884
Placebo,26,4790,True,0.0
Placebo,26,4844,True,0.0
Placebo,26,4994,True,0.0
Placebo,26,5020,True,0.3164618153841292
Placebo,26,5293,True,0.3848004477989896
Placebo,26,5338,True,0.4876503360374711
Placebo,26,5343,True,0.3211581548544258
Placebo,26,5464,True,0.2620268653157979
Placebo,26,5560,True,0.38239291118779284
Placebo,26,5719,True,0.09245971405311876
Placebo,26,6055,True,0.0
Placebo,26,6121,True,0.43112429151724896
Placebo,26,6128,True,0.04018009264032398
Placebo,26,6197,True,0.2990354228865831
Placebo,26,6336,True,0.31522866579177206
Placebo,26,6577,True,0.49079557190626677
Placebo,26,6717,True,0.0
Placebo,26,6906,False,0.0
Placebo,26,8550,True,0.0
Placebo,26,8576,True,0.4559131639114757
Placebo,26,8790,False,0.0
Placebo,26,8840,False,0.0
Placebo,26,8878,True,0.0
Placebo,26,9337,True,0.09797563950575583
Placebo,26,9501,True,0.5787515203120728
Placebo,26,9512,False,0.0
Placebo,26,45,True,0.12741733550370726
Placebo,26,199,True,0.0
Placebo,26,458,True,0.7326794950771677
Placebo,26,564,True,0.6502381003704073
Placebo,26,717,True,0.0
Placebo,26,1109,True,0.8029580012478529
Placebo,26,1576,True,0.08047516993057764
Placebo,26,1711,True,0.0
Placebo,26,1868,True,0.0
Placebo,26,1942,True,0.09143411317762115
Placebo,26,2001,True,0.2315335479128991
Placebo,26,2217,True,0.1852933120054338
Placebo,26,2354,True,0.41190179998049903
Placebo,26,2761,True,0.0
Placebo,26,2980,True,0.0
Placebo,26,3021,True,0.3923415364980696
Placebo,26,3030,True,0.0
Placebo,26,3046,True,0.0
Placebo,26,3050,True,0.6147565951326663
Placebo,26,3288,True,0.07007173210920999
Placebo,26,3302,True,0.18419022700910231
Placebo,26,3794,True,0.3350017990756949
Placebo,26,3920,True,0.09992342138769582
Placebo,26,3965,True,0.04330890684638207
Placebo,26,4193,True,0.0
Placebo,26,4294,True,0.0
Placebo,26,4383,True,0.37587491799049694
Placebo,26,4474,True,0.29927966361894875
Placebo,26,5068,True,0.2826962155938323
Placebo,26,5258,True,0.0
Placebo,26,5306,True,0.5477178170804644
Placebo,26,5323,True,0.2710418468215016
Placebo,26,5421,True,0.8455833604431111
Placebo,26,5766,True,0.36185220480500835
Placebo,26,5877,True,0.09501844012918934
Placebo,26,5887,True,0.24039738189228269
Placebo,26,6126,True,0.0
Placebo,26,6190,True,0.5763495402502734
Placebo,26,6224,True,0.17184834569607274
Placebo,26,6465,True,0.22429136360665708
Placebo,26,6853,True,0.306980546010472
Placebo,26,6949,True,0.4323181322709948
Placebo,26,7107,True,0.0
Placebo,26,7240,False,0.0
Placebo,26,7937,True,0.682692854565287
Placebo,26,8015,True,0.0
Placebo,26,8066,True,0.12116745611854099
Placebo,26,8202,True,0.2659148033086809
Placebo,26,8321,True,0.24559011863553
Placebo,26,9222,True,0.3377791825468667
Placebo,26,9453,True,0.5109992295378932
Placebo,26,73,True,0.638787886479598
Placebo,26,390,True,0.1732975468681811
Placebo,26,424,True,0.0
Placebo,26,715,True,0.7471786178767241
Placebo,26,915,False,0.0
Placebo,26,1579,True,0.3366349180654832
Placebo,26,1643,True,0.0
Placebo,26,1679,True,0.5440008499371599
Placebo,26,1982,True,0.0
Placebo,26,2027,True,0.3126323555106903
Placebo,26,2211,True,0.6131471927654585
Placebo,26,2228,True,0.1527118721218519
Placebo,26,2352,True,0.0
Placebo,26,2520,True,0.08494489033580488
Placebo,26,2573,True,0.0
Placebo,26,2630,True,0.5010853784615978
Placebo,26,2666,True,0.24696084675730848
Placebo,26,2745,True,0.1247989925273274
Placebo,26,3149,True,0.6177669088572217
Placebo,26,3369,True,0.2899773651602119
Placebo,26,3617,True,0.06561435347365327
Placebo,26,3862,True,0.3937481555797839
Placebo,26,4124,True,0.09711262233274517
Placebo,26,4218,True,0.32888835793052196
Placebo,26,4268,True,0.25918694849056206
Placebo,26,4452,True,0.0
Placebo,26,4522,True,0.0419214060382059
Placebo,26,4784,True,0.7857184200060854
Placebo,26,5139,False,0.0
Placebo,26,5438,True,0.0543026559841585
Placebo,26,5565,True,0.15846525509047654
Placebo,26,5684,True,0.262852044742544
Placebo,26,5775,True,0.05560460661203127
Placebo,26,6110,True,0.0
Placebo,26,6488,True,0.08097835992217972
Placebo,26,6590,True,0.0
Placebo,26,6793,True,0.0
Placebo,26,7090,True,0.18099340486725055
Placebo,26,7112,True,0.2476427880871276
Placebo,26,7167,True,0.4200837621675693
Placebo,26,7287,True,0.5899568482329882
Placebo,26,7370,True,0.05467433839563753
Placebo,26,7547,True,0.14251463606237527
Placebo,26,7589,True,0.0
Placebo,26,7622,True,0.10507722995177482
Placebo,26,7640,True,0.0
Placebo,26,7757,True,0.18037889263080614
Placebo,26,8162,True,0.6543816722169117
Placebo,26,8508,True,0.20438239758848625
Placebo,26,8597,True,0.21034863239767182
Placebo,26,8771,False,0.0
Placebo,26,288,True,0.492553665601268
Placebo,26,635,True,0.4428507648475195
Placebo,26,654,True,0.0869445126078976
Placebo,26,699,True,0.06784272269558313
Placebo,26,743,True,0.19985383168971815
Placebo,26,946,True,0.0
Placebo,26,976,False,0.0
Placebo,26,1144,True,0.7759944384848245
Placebo,26,1187,True,0.21314750065590068
Placebo,26,1384,True,0.1809074917818078
Placebo,26,1415,True,0.13765179547245768
Placebo,26,1443,True,0.2241715715384487
Placebo,26,1629,True,0.0
Placebo,26,1684,True,0.16431681083308192
Placebo,26,1802,True,0.28192820529284845
Placebo,26,1914,True,0.4538217385744903
Placebo,26,2046,True,0.0
Placebo,26,2071,True,0.23230604393401819
Placebo,26,2340,True,0.0
Placebo,26,2749,True,0.41004149141729646
Placebo,26,3517,True,0.13916139891819043
Placebo,26,3758,True,0.0
Placebo,26,4110,True,0.18457569677956798
Placebo,26,4111,True,0.0
Placebo,26,4144,True,0.17451855981580688
Placebo,26,5021,True,0.16781537886316344
Placebo,26,5032,True,0.14171249284402718
Placebo,26,5096,True,0.505020260495034
Placebo,26,5109,True,0.49273448673193543
Placebo,26,5114,True,0.1884727120781762
Placebo,26,5977,True,0.0
Placebo,26,5984,True,0.4540928726273843
Placebo,26,6353,True,0.487032466197491
Placebo,26,6373,True,0.19466437758248467
Placebo,26,6539,True,0.0
Placebo,26,6554,True,0.4375479049993946
Placebo,26,6884,False,0.0
Placebo,26,6955,True,0.23949068454877484
Placebo,26,7020,True,0.3716715323851029
Placebo,26,7029,True,0.2568192580445736
Placebo,26,7280,True,0.0
Placebo,26,7394,True,0.3109560242778272
Placebo,26,7795,True,0.25847978411453
Placebo,26,8108,True,0.1478294909154527
Placebo,26,8560,True,0.7432071623047922
Placebo,26,8632,True,0.3810006062076464
Placebo,26,8657,True,0.13347537859706934
Placebo,26,8777,True,0.587291892713925
Placebo,26,9151,True,0.0
Placebo,26,9609,False,0.0
Placebo,27,102,True,0.5857862073184243
Placebo,27,314,True,0.2716727104817496
Placebo,27,1068,True,0.45587634975049596
Placebo,27,1525,True,0.0
Placebo,27,1795,True,0.15872630975160093
Placebo,27,1929,True,0.1446359872978519
Placebo,27,1931,True,0.25656111661877085
Placebo,27,1991,True,0.17121885950975582
Placebo,27,2528,True,0.41115169421464487
Placebo,27,2697,True,0.10339404362645815
Placebo,27,2834,True,0.3787517988163387
Placebo,27,2845,True,0.3017820595610126
Placebo,27,3031,True,0.07067116000329346
Placebo,27,3250,True,0.34308198525180017
Placebo,27,3308,True,0.19229431469715688
Placebo,27,3402,True,0.12198323851117018
Placebo,27,3426,True,0.0
Placebo,27,3449,True,0.08473553200699402
Placebo,27,3756,True,0.037208292996417355
Placebo,27,4141,True,0.40201745617541434
Placebo,27,4210,True,0.10884448316158767
Placebo,27,4516,True,0.0
Placebo,27,4692,True,0.0
Placebo,27,4700,False,0.0
Placebo,27,4910,False,0.0
Placebo,27,4962,False,0.0
Placebo,27,5275,True,0.19150265143746747
Placebo,27,5671,True,0.046914224068210206
Placebo,27,5683,True,0.5041732560614853
Placebo,27,6067,True,0.5050813056203323
Placebo,27,6378,True,0.2520822519692088
Placebo,27,6495,True,0.660520892669045
Placebo,27,6868,True,0.17710298812308228
Placebo,27,6880,True,0.4167575727833977
Placebo,27,7144,True,0.08097835992217972
Placebo,27,7413,True,0.3572799162737303
Placebo,27,7526,True,0.26406812257259077
Placebo,27,7531,True,0.0
Placebo,27,7577,True,0.17723928678404763
Placebo,27,7621,True,0.19614710930155443
Placebo,27,8198,True,0.3499671738312207
Placebo,27,8442,True,0.06729296884018869
Placebo,27,8452,True,0.6479031953222474
Placebo,27,8476,True,0.12782810266318786
Placebo,27,8541,True,0.5381811036684114
Placebo,27,8802,True,0.2000975348422987
Placebo,27,8816,True,0.0
Placebo,27,8852,False,0.0
Placebo,27,9099,True,0.0
Placebo,27,9479,True,0.0
Placebo,27,9625,False,0.0
Placebo,27,96,True,0.0
Placebo,27,171,True,0.24374573748295583
Placebo,27,328,False,0.0
Placebo,27,387,True,0.302818359780849
Placebo,27,754,False,0.0
Placebo,27,983,True,0.4561939507202139
Placebo,27,1039,True,0.3159807795239798
Placebo,27,1098,True,0.16959287247320626
Placebo,27,1120,True,0.08452085079694185
Placebo,27,1275,True,0.32138084803302547
Placebo,27,1343,True,0.0
Placebo,27,1483,True,0.08606140726870092
Placebo,27,2005,True,0.4371994911049731
Placebo,27,2048,True,0.4961521542497611
Placebo,27,2379,True,0.6638804864633122
Placebo,27,2516,True,0.36006450731099804
Placebo,27,2601,True,0.17139160450692326
Placebo,27,3210,True,0.5149382031614079
Placebo,27,3601,False,0.0
Placebo,27,3729,True,0.14523843140336914
Placebo,27,3832,True,0.37766418148688785
Placebo,27,4104,True,0.18382348759667042
Placebo,27,4286,True,0.45451377183753294
Placebo,27,4329,True,0.0
Placebo,27,4553,True,0.35013138464604404
Placebo,27,4790,True,0.0
Placebo,27,4844,True,0.0
Placebo,27,4994,True,0.0
Placebo,27,5020,True,0.4812700135646382
Placebo,27,5293,True,0.07358744134099243
Placebo,27,5338,True,0.2088880690634928
Placebo,27,5343,True,0.10527982729515885
Placebo,27,5464,True,0.08558012866454714
Placebo,27,5560,True,0.15059862635648721
Placebo,27,5719,True,0.3812558930001362
Placebo,27,6055,True,0.0
Placebo,27,6121,True,0.35576657642139337
Placebo,27,6128,True,0.0
Placebo,27,6197,True,0.253268849718086
Placebo,27,6336,True,0.2899773651602119
Placebo,27,6577,True,0.469729161555479
Placebo,27,6717,True,0.0
Placebo,27,6906,False,0.0
Placebo,27,8550,True,0.0
Placebo,27,8576,True,0.4839477986020511
Placebo,27,8790,False,0.0
Placebo,27,8840,False,0.0
Placebo,27,8878,True,0.09635494210596254
Placebo,27,9337,True,0.1671101945569115
Placebo,27,9501,True,0.14121383358907724
Placebo,27,9512,False,0.0
Placebo,27,45,True,0.09880048716907458
Placebo,27,199,True,0.5
Placebo,27,458,True,0.6091903310981671
Placebo,27,564,True,0.8126669470617608
Placebo,27,717,True,0.0
Placebo,27,1109,True,0.7634987474780905
Placebo,27,1576,True,0.22884310317628953
Placebo,27,1711,True,0.0
Placebo,27,1868,True,0.0
Placebo,27,1942,True,0.08039138809008572
Placebo,27,2001,True,0.3865668514110075
Placebo,27,2217,True,0.08018555907387427
Placebo,27,2354,True,0.33663666244587076
Placebo,27,2761,True,0.0
Placebo,27,2980,True,0.0
Placebo,27,3021,True,0.07007173210920999
Placebo,27,3030,True,0.0
Placebo,27,3046,True,0.0
Placebo,27,3050,True,0.6349684947080532
Placebo,27,3288,True,0.13709330207285644
Placebo,27,3302,True,0.26291844941090114
Placebo,27,3794,True,0.0
Placebo,27,3920,True,0.4610305834657218
Placebo,27,3965,True,0.11302784302955242
Placebo,27,4193,True,0.25339584447728963
Placebo,27,4294,True,0.03938156488610006
Placebo,27,4383,True,0.29483160389437446
Placebo,27,4474,True,0.17936850595522832
Placebo,27,5068,True,0.5864117264512917
Placebo,27,5258,True,0.14656879505245024
Placebo,27,5306,True,0.565816552674171
Placebo,27,5323,True,0.33932428447718044
Placebo,27,5421,True,0.5168089559946262
Placebo,27,5766,True,0.29036534661748603
Placebo,27,5877,True,0.45587210353741664
Placebo,27,5887,True,0.159054318175663
Placebo,27,6126,True,0.5
Placebo,27,6190,True,0.322532371917401
Placebo,27,6224,True,0.22401501398791931
Placebo,27,6465,True,0.0
Placebo,27,6853,True,0.19368316024561852
Placebo,27,6949,True,0.32909873631559666
Placebo,27,7107,True,0.08926184127167168
Placebo,27,7240,False,0.0
Placebo,27,7937,True,0.3445567950371718
Placebo,27,8015,True,0.2685523563694902
Placebo,27,8066,True,0.20601056752417546
Placebo,27,8202,True,0.300411496065225
Placebo,27,8321,True,0.4740499051473169
Placebo,27,9222,True,0.0
Placebo,27,9453,True,0.29643257060509315
Placebo,27,73,True,0.3443480810790951
Placebo,27,390,True,0.27966794295411046
Placebo,27,424,True,0.0
Placebo,27,715,True,0.5560706763571082
Placebo,27,915,False,0.0
Placebo,27,1579,True,0.08173891239734137
Placebo,27,1643,True,0.0
Placebo,27,1679,True,0.23729366011398578
Placebo,27,1982,True,0.1610425878239397
Placebo,27,2027,True,0.29630844093461584
Placebo,27,2211,True,0.6131471927654585
Placebo,27,2228,True,0.0742530284012301
Placebo,27,2352,True,0.0
Placebo,27,2520,True,0.23716865449094598
Placebo,27,2573,True,0.16788429622804935
Placebo,27,2630,True,0.6208993141888118
Placebo,27,2666,True,0.21836974929469327
Placebo,27,2745,True,0.3770050393107963
Placebo,27,3149,True,0.4374794500406513
Placebo,27,3369,True,0.50415988862526
Placebo,27,3617,True,0.3427598966236505
Placebo,27,3862,True,0.13575265406065407
Placebo,27,4124,True,0.1674473206110481
Placebo,27,4218,True,0.025493555284498485
Placebo,27,4268,True,0.16837384272695605
Placebo,27,4452,True,0.3014586451632104
Placebo,27,4522,True,0.15170780363073835
Placebo,27,4784,True,0.37970045275579384
Placebo,27,5139,False,0.0
Placebo,27,5438,True,0.16119508693301976
Placebo,27,5565,True,0.0
Placebo,27,5684,True,0.0
Placebo,27,5775,True,0.02607213242327893
Placebo,27,6110,True,0.1078111541294673
Placebo,27,6488,True,0.08097835992217972
Placebo,27,6590,True,0.0
Placebo,27,6793,True,0.1403860944330722
Placebo,27,7090,True,0.0
Placebo,27,7112,True,0.4144299250118473
Placebo,27,7167,True,0.5817105193520657
Placebo,27,7287,True,0.3073354982526913
Placebo,27,7370,True,0.10232684867015737
Placebo,27,7547,True,0.40111848593861266
Placebo,27,7589,True,0.0
Placebo,27,7622,True,0.08097835992217972
Placebo,27,7640,True,0.0
Placebo,27,7757,True,0.2439385659509581
Placebo,27,8162,True,0.6199706399903483
Placebo,27,8508,True,0.20438239758848625
Placebo,27,8597,True,0.4419240888751213
Placebo,27,8771,False,0.0
Placebo,27,288,True,0.5910513552071456
Placebo,27,635,True,0.2722092770081861
Placebo,27,654,True,0.35762718504900565
Placebo,27,699,True,0.39798037214270343
Placebo,27,743,True,0.37359256848146016
Placebo,27,946,True,0.0
Placebo,27,976,False,0.0
Placebo,27,1144,True,0.576489512906254
Placebo,27,1187,True,0.3034156072614767
Placebo,27,1384,True,0.0
Placebo,27,1415,True,0.22309462729492746
Placebo,27,1443,True,0.4290320874002219
Placebo,27,1629,True,0.0
Placebo,27,1684,True,0.0
Placebo,27,1802,True,0.11496943328345767
Placebo,27,1914,True,0.3938480660164613
Placebo,27,2046,True,0.15101961822780524
Placebo,27,2071,True,0.0
Placebo,27,2340,True,0.08274602130531994
Placebo,27,2749,True,0.36622629258030415
Placebo,27,3517,True,0.23339475641744892
Placebo,27,3758,True,0.0
Placebo,27,4110,True,0.0
Placebo,27,4111,True,0.0
Placebo,27,4144,True,0.11713471800758483
Placebo,27,5021,True,0.0
Placebo,27,5032,True,0.05468343522706441
Placebo,27,5096,True,0.4611781747645301
Placebo,27,5109,True,0.367399928189775
Placebo,27,5114,True,0.0
Placebo,27,5977,True,0.0
Placebo,27,5984,True,0.0
Placebo,27,6353,True,0.5498253770664322
Placebo,27,6373,True,0.0869445126078976
Placebo,27,6539,True,0.0
Placebo,27,6554,True,0.3026773220616517
Placebo,27,6884,False,0.0
Placebo,27,6955,True,0.3129122050110545
Placebo,27,7020,True,0.47978722258024425
Placebo,27,7029,True,0.22512611317739553
Placebo,27,7280,True,0.0
Placebo,27,7394,True,0.050161762929274864
Placebo,27,7795,True,0.3632489411225698
Placebo,27,8108,True,0.1388624438735545
Placebo,27,8560,True,0.494109909862149
Placebo,27,8632,True,0.20054138405724556
Placebo,27,8657,True,0.0
Placebo,27,8777,True,0.5366393727957361
Placebo,27,9151,True,0.0
Placebo,27,9609,False,0.0
Placebo,28,102,True,0.8454256604216018
Placebo,28,314,True,0.47475418994429963
Placebo,28,1068,True,0.07171242235367574
Placebo,28,1525,True,0.28901781818110317
Placebo,28,1795,True,0.23185583754191458
Placebo,28,1929,True,0.40562124908413916
Placebo,28,1931,True,0.25045693249879025
Placebo,28,1991,True,0.12264830928602347
Placebo,28,2528,True,0.43696792172652293
Placebo,28,2697,True,0.0
Placebo,28,2834,True,0.1918165764591883
Placebo,28,2845,True,0.2816887226403848
Placebo,28,3031,True,0.1382291268319618
Placebo,28,3250,True,0.32726398310469984
Placebo,28,3308,True,0.13755548414400526
Placebo,28,3402,True,0.2026097735578014
Placebo,28,3426,True,0.0
Placebo,28,3449,True,0.4778128776076694
Placebo,28,3756,True,0.10663316369098569
Placebo,28,4141,True,0.4485931997030454
Placebo,28,4210,True,0.2808873366472023
Placebo,28,4516,True,0.0
Placebo,28,4692,True,0.0
Placebo,28,4700,False,0.0
Placebo,28,4910,False,0.0
Placebo,28,4962,False,0.0
Placebo,28,5275,True,0.20400787375019783
Placebo,28,5671,True,0.088798739491056
Placebo,28,5683,True,0.4363552163037057
Placebo,28,6067,True,0.3755070854916212
Placebo,28,6378,True,0.30668167570984534
Placebo,28,6495,True,0.3410615940975661
Placebo,28,6868,True,0.4870132575533201
Placebo,28,6880,True,0.4431502545670125
Placebo,28,7144,True,0.04681599109282455
Placebo,28,7413,True,0.2752724013905479
Placebo,28,7526,True,0.0
Placebo,28,7531,True,0.23719771276929624
Placebo,28,7577,True,0.0
Placebo,28,7621,True,0.3418414986097251
Placebo,28,8198,True,0.3699281249297572
Placebo,28,8442,True,0.27276179929140526
Placebo,28,8452,True,0.45464946163221753
Placebo,28,8476,True,0.6455314936851831
Placebo,28,8541,True,0.7555853890875123
Placebo,28,8802,True,0.5013074418217455
Placebo,28,8816,True,0.0
Placebo,28,8852,False,0.0
Placebo,28,9099,True,0.1432115313242024
Placebo,28,9479,True,0.0
Placebo,28,9625,False,0.0
Placebo,28,96,True,0.0
Placebo,28,171,True,0.5014070629625127
Placebo,28,328,False,0.0
Placebo,28,387,True,0.0
Placebo,28,754,False,0.0
Placebo,28,983,True,0.43869158633135164
Placebo,28,1039,True,0.2609476453603019
Placebo,28,1098,True,0.19031326377064928
Placebo,28,1120,True,0.5615443777322888
Placebo,28,1275,True,0.21937063550039226
Placebo,28,1343,True,0.6309297535714573
Placebo,28,1483,True,0.20877271093718397
Placebo,28,2005,True,0.10699313236726382
Placebo,28,2048,True,0.6287864512974923
Placebo,28,2379,True,0.6375650864099635
Placebo,28,2516,True,0.357820087855795
Placebo,28,2601,True,0.07671287990839397
Placebo,28,3210,True,0.3315212626982315
Placebo,28,3601,False,0.0
Placebo,28,3729,True,0.16152315575101148
Placebo,28,3832,True,0.3238127479500026
Placebo,28,4104,True,0.270244855873846
Placebo,28,4286,True,0.5416947379045606
Placebo,28,4329,True,0.0
Placebo,28,4553,True,0.0
Placebo,28,4790,True,0.0
Placebo,28,4844,True,0.0
Placebo,28,4994,True,0.2471168871120522
Placebo,28,5020,True,0.27784961730219143
Placebo,28,5293,True,0.4402657245732706
Placebo,28,5338,True,0.4682193653862257
Placebo,28,5343,True,0.23830938766377682
Placebo,28,5464,True,0.09227178996600535
Placebo,28,5560,True,0.4699987778839951
Placebo,28,5719,True,0.4133358679428437
Placebo,28,6055,True,0.25339584447728963
Placebo,28,6121,True,0.4553242592576837
Placebo,28,6128,True,0.04018009264032398
Placebo,28,6197,True,0.33386609897699543
Placebo,28,6336,True,0.395863359683992
Placebo,28,6577,True,0.4491316746925711
Placebo,28,6717,True,0.0
Placebo,28,6906,False,0.0
Placebo,28,8550,True,0.0
Placebo,28,8576,True,0.13043270395417003
Placebo,28,8790,False,0.0
Placebo,28,8840,False,0.0
Placebo,28,8878,True,0.0
Placebo,28,9337,True,0.35232637763557006
Placebo,28,9501,True,0.28609277385076665
Placebo,28,9512,False,0.0
Placebo,28,45,True,0.22360206111568956
Placebo,28,199,True,0.14453241315894383
Placebo,28,458,True,0.5923046695688057
Placebo,28,564,True,0.7809008612153092
Placebo,28,717,True,0.0
Placebo,28,1109,True,0.8095989502637368
Placebo,28,1576,True,0.1462892511287546
Placebo,28,1711,True,0.0
Placebo,28,1868,True,0.0
Placebo,28,1942,True,0.21236222583951214
Placebo,28,2001,True,0.13950192531885097
Placebo,28,2217,True,0.15979138559512826
Placebo,28,2354,True,0.3546232739906389
Placebo,28,2761,True,0.11751610475642699
Placebo,28,2980,True,0.0
Placebo,28,3021,True,0.3056972105807831
Placebo,28,3030,True,0.29504741099093423
Placebo,28,3046,True,0.0
Placebo,28,3050,True,0.5417807164625613
Placebo,28,3288,True,0.18584322834556297
Placebo,28,3302,True,0.15945296076712928
Placebo,28,3794,True,0.0
Placebo,28,3920,True,0.3516130155959554
Placebo,28,3965,True,0.12485350142749298
Placebo,28,4193,True,0.0
Placebo,28,4294,True,0.0
Placebo,28,4383,True,0.053394476458588885
Placebo,28,4474,True,0.0
Placebo,28,5068,True,0.21562346350988676
Placebo,28,5258,True,0.0
Placebo,28,5306,True,0.4684194323112491
Placebo,28,5323,True,0.2698603234312607
Placebo,28,5421,True,0.2297468001778437
Placebo,28,5766,True,0.29669784120419407
Placebo,28,5877,True,0.10956993204550432
Placebo,28,5887,True,0.29600767739075307
Placebo,28,6126,True,0.0
Placebo,28,6190,True,0.2780571978510473
Placebo,28,6224,True,0.19675371200345915
Placebo,28,6465,True,0.0
Placebo,28,6853,True,0.0
Placebo,28,6949,True,0.45618584732585366
Placebo,28,7107,True,0.09404673201358821
Placebo,28,7240,False,0.0
Placebo,28,7937,True,0.5495213872326448
Placebo,28,8015,True,0.0
Placebo,28,8066,True,0.09053895694506664
Placebo,28,8202,True,0.1995062378548373
Placebo,28,8321,True,0.3890772959347099
Placebo,28,9222,True,0.319393943239799
Placebo,28,9453,True,0.43772087751766364
Placebo,28,73,True,0.319393943239799
Placebo,28,390,True,0.24351864250070987
Placebo,28,424,True,0.0
Placebo,28,715,True,0.42375050609362874
Placebo,28,915,False,0.0
Placebo,28,1579,True,0.018287385334095678
Placebo,28,1643,True,0.0
Placebo,28,1679,True,0.20058578177358588
Placebo,28,1982,True,0.17788860584462324
Placebo,28,2027,True,0.23664354627024695
Placebo,28,2211,True,0.3868528072345415
Placebo,28,2228,True,0.034019538049805724
Placebo,28,2352,True,0.38685280723454163
Placebo,28,2520,True,0.20108107541824158
Placebo,28,2573,True,0.0
Placebo,28,2630,True,0.38719010988672337
Placebo,28,2666,True,0.21836974929469327
Placebo,28,2745,True,0.0999055563214396
Placebo,28,3149,True,0.3971311337254713
Placebo,28,3369,True,0.21795826372253566
Placebo,28,3617,True,0.0
Placebo,28,3862,True,0.05690937110282942
Placebo,28,4124,True,0.057456423831669906
Placebo,28,4218,True,0.0
Placebo,28,4268,True,0.3781685800123085
Placebo,28,4452,True,0.347441218468365
Placebo,28,4522,True,0.2907543987338348
Placebo,28,4784,True,0.507085434320798
Placebo,28,5139,False,0.0
Placebo,28,5438,True,0.20400787375019783
Placebo,28,5565,True,0.5535374920691493
Placebo,28,5684,True,0.14982420171299154
Placebo,28,5775,True,0.1760060557281954
Placebo,28,6110,True,0.1745783080154453
Placebo,28,6488,True,0.05253861497588741
Placebo,28,6590,True,0.0
Placebo,28,6793,True,0.0
Placebo,28,7090,True,0.0543026559841585
Placebo,28,7112,True,0.1595735772494613
Placebo,28,7167,True,0.2790935094521118
Placebo,28,7287,True,0.292366951355523
Placebo,28,7370,True,0.17194242520635666
Placebo,28,7547,True,0.0
Placebo,28,7589,True,0.0
Placebo,28,7622,True,0.16195671984435944
Placebo,28,7640,True,0.0
Placebo,28,7757,True,0.06052362090625398
Placebo,28,8162,True,0.5070718908209827
Placebo,28,8508,True,0.3868528072345415
Placebo,28,8597,True,0.6279317138962988
Placebo,28,8771,False,0.0
Placebo,28,288,True,0.38485536143807847
Placebo,28,635,True,0.5396715721301756
Placebo,28,654,True,0.17903687496920356
Placebo,28,699,True,0.1100458831490401
Placebo,28,743,True,0.24323739956423066
Placebo,28,946,True,0.0
Placebo,28,976,False,0.0
Placebo,28,1144,True,0.7852564605874277
Placebo,28,1187,True,0.25606936252351775
Placebo,28,1384,True,0.30657359638272924
Placebo,28,1415,True,0.09478836436955075
Placebo,28,1443,True,0.4143152902646584
Placebo,28,1629,True,0.11751610475642699
Placebo,28,1684,True,0.0
Placebo,28,1802,True,0.0771660742637523
Placebo,28,1914,True,0.24458420536629483
Placebo,28,2046,True,0.34620964322385606
Placebo,28,2071,True,0.0
Placebo,28,2340,True,0.07945707943276738
Placebo,28,2749,True,0.07711607962658211
Placebo,28,3517,True,0.08421358772610593
Placebo,28,3758,True,0.16958010263680806
Placebo,28,4110,True,0.26406812257259077
Placebo,28,4111,True,0.0
Placebo,28,4144,True,0.2227222747132259
Placebo,28,5021,True,0.0870284313680678
Placebo,28,5032,True,0.1493090064870691
Placebo,28,5096,True,0.21575539836910218
Placebo,28,5109,True,0.3605772802953355
Placebo,28,5114,True,0.21292929549319944
Placebo,28,5977,True,0.3010299956639808
Placebo,28,5984,True,0.2398124665681314
Placebo,28,6353,True,0.3465917156719003
Placebo,28,6373,True,0.0
Placebo,28,6539,True,0.0
Placebo,28,6554,True,0.47114468827840417
Placebo,28,6884,False,0.0
Placebo,28,6955,True,0.0775802164298105
Placebo,28,7020,True,0.2634052238909005
Placebo,28,7029,True,0.4667921820729735
Placebo,28,7280,True,0.18465110945919555
Placebo,28,7394,True,0.19948315325410526
Placebo,28,7795,True,0.2695415121498591
Placebo,28,8108,True,0.28634598975246917
Placebo,28,8560,True,0.37648470327632405
Placebo,28,8632,True,0.18160936140171147
Placebo,28,8657,True,0.0
Placebo,28,8777,True,0.6297684661309418
Placebo,28,9151,True,0.0
Placebo,28,9609,False,0.0
Placebo,29,102,True,0.5150080473068629
Placebo,29,314,True,0.21958800586553767
Placebo,29,1068,True,0.49122242821787243
Placebo,29,1525,True,0.24827146591198282
Placebo,29,1795,True,0.15963160523529663
Placebo,29,1929,True,0.17587548739481298
Placebo,29,1931,True,0.09452854666581813
Placebo,29,1991,True,0.0
Placebo,29,2528,True,0.5309975398303702
Placebo,29,2697,True,0.0
Placebo,29,2834,True,0.12734918779105223
Placebo,29,2845,True,0.4072109913548389
Placebo,29,3031,True,0.26568732907971143
Placebo,29,3250,True,0.4293890428024225
Placebo,29,3308,True,0.21292929549319944
Placebo,29,3402,True,0.2623892626874902
Placebo,29,3426,True,0.24992289720054633
Placebo,29,3449,True,0.2358731261410297
Placebo,29,3756,True,0.1622407912647864
Placebo,29,4141,True,0.25039195334461567
Placebo,29,4210,True,0.16728841772367187
Placebo,29,4516,True,0.0
Placebo,29,4692,True,0.0
Placebo,29,4700,False,0.0
Placebo,29,4910,False,0.0
Placebo,29,4962,False,0.0
Placebo,29,5275,True,0.17868853848093336
Placebo,29,5671,True,0.0
Placebo,29,5683,True,0.6018568479281854
Placebo,29,6067,True,0.2796863175974114
Placebo,29,6378,True,0.6246639042594945
Placebo,29,6495,True,0.4137673531933376
Placebo,29,6868,True,0.14742752029346382
Placebo,29,6880,True,0.20152616569430365
Placebo,29,7144,True,0.16195671984435944
Placebo,29,7413,True,0.480996120581862
Placebo,29,7526,True,0.7903864795495061
Placebo,29,7531,True,0.0
Placebo,29,7577,True,0.20540541267464046
Placebo,29,7621,True,0.18521396636845863
Placebo,29,8198,True,0.21451604370011096
Placebo,29,8442,True,0.07809742170892058
Placebo,29,8452,True,0.2887034551179762
Placebo,29,8476,True,0.0
Placebo,29,8541,True,0.6677916166014601
Placebo,29,8802,True,0.2931375901049005
Placebo,29,8816,True,0.37757408948425436
Placebo,29,8852,False,0.0
Placebo,29,9099,True,0.0
Placebo,29,9479,True,0.0
Placebo,29,9625,False,0.0
Placebo,29,96,True,0.26406812257259077
Placebo,29,171,True,0.476359875336076
Placebo,29,328,False,0.0
Placebo,29,387,True,0.05835609105061249
Placebo,29,754,False,0.0
Placebo,29,983,True,0.44376770596172715
Placebo,29,1039,True,0.43554280392102185
Placebo,29,1098,True,0.05501287053785307
Placebo,29,1120,True,0.35429505586207033
Placebo,29,1275,True,0.5141863642577488
Placebo,29,1343,True,0.3010299956639808
Placebo,29,1483,True,0.05253861497588741
Placebo,29,2005,True,0.10209739512291151
Placebo,29,2048,True,0.3969373978575334
Placebo,29,2379,True,0.4610114522968098
Placebo,29,2516,True,0.47486666796544186
Placebo,29,2601,True,0.08764819388415157
Placebo,29,3210,True,0.27595194511112364
Placebo,29,3601,False,0.0
Placebo,29,3729,True,0.10975131898723874
Placebo,29,3832,True,0.516983849860898
Placebo,29,4104,True,0.14982420171299154
Placebo,29,4286,True,0.5234256970380275
Placebo,29,4329,True,0.0
Placebo,29,4553,True,0.0
Placebo,29,4790,True,0.0
Placebo,29,4844,True,0.0
Placebo,29,4994,True,0.41171949796939683
Placebo,29,5020,True,0.4627182720057143
Placebo,29,5293,True,0.14996260078826404
Placebo,29,5338,True,0.41256689738139857
Placebo,29,5343,True,0.17594235679987866
Placebo,29,5464,True,0.335032387602865
Placebo,29,5560,True,0.5679256523384711
Placebo,29,5719,True,0.15752625954440025
Placebo,29,6055,True,0.3800937667159343
Placebo,29,6121,True,0.5698897789767065
Placebo,29,6128,True,0.0
Placebo,29,6197,True,0.12992543030499668
Placebo,29,6336,True,0.5224040142382177
Placebo,29,6577,True,0.46552177008344636
Placebo,29,6717,True,0.0
Placebo,29,6906,False,0.0
Placebo,29,8550,True,0.0
Placebo,29,8576,True,0.0
Placebo,29,8790,False,0.0
Placebo,29,8840,False,0.0
Placebo,29,8878,True,0.0
Placebo,29,9337,True,0.07989569279756419
Placebo,29,9501,True,0.3624931735708695
Placebo,29,9512,False,0.0
Placebo,29,45,True,0.15710426799847968
Placebo,29,199,True,0.0
Placebo,29,458,True,0.4783759517661499
Placebo,29,564,True,0.7294339970341417
Placebo,29,717,True,0.13905617951077567
Placebo,29,1109,True,0.6096575745686917
Placebo,29,1576,True,0.0
Placebo,29,1711,True,0.0
Placebo,29,1868,True,0.0
Placebo,29,1942,True,0.29490415674925063
Placebo,29,2001,True,0.2880742010053534
Placebo,29,2217,True,0.24356693299905413
Placebo,29,2354,True,0.5224185374764634
Placebo,29,2761,True,0.27167683771982326
Placebo,29,2980,True,0.0
Placebo,29,3021,True,0.44834300687211015
Placebo,29,3030,True,0.0
Placebo,29,3046,True,0.1420695882570561
Placebo,29,3050,True,0.4015582153707615
Placebo,29,3288,True,0.14205433813633503
Placebo,29,3302,True,0.547658232429644
Placebo,29,3794,True,0.3447702602206779
Placebo,29,3920,True,0.16139592437809144
Placebo,29,3965,True,0.07491210085649577
Placebo,29,4193,True,0.0
Placebo,29,4294,True,0.0
Placebo,29,4383,True,0.1100458831490401
Placebo,29,4474,True,0.4883998706018197
Placebo,29,5068,True,0.251526339440473
Placebo,29,5258,True,0.07328439752622516
Placebo,29,5306,True,0.4879449481810173
Placebo,29,5323,True,0.18063050751081117
Placebo,29,5421,True,0.49326461679636485
Placebo,29,5766,True,0.16995508021951422
Placebo,29,5877,True,0.23338306443518986
Placebo,29,5887,True,0.053368457452889664
Placebo,29,6126,True,0.0
Placebo,29,6190,True,0.29352830965397564
Placebo,29,6224,True,0.10189997485011247
Placebo,29,6465,True,0.0
Placebo,29,6853,True,0.24811623928387008
Placebo,29,6949,True,0.1932507138169235
Placebo,29,7107,True,0.0
Placebo,29,7240,False,0.0
Placebo,29,7937,True,0.6200320130772843
Placebo,29,8015,True,0.0
Placebo,29,8066,True,0.04526947847253332
Placebo,29,8202,True,0.22834065236918769
Placebo,29,8321,True,0.14492427404653987
Placebo,29,9222,True,0.0
Placebo,29,9453,True,0.5660587976053044
Placebo,29,73,True,0.20151514190050243
Placebo,29,390,True,0.15972587019622106
Placebo,29,424,True,0.0
Placebo,29,715,True,0.46818960590052416
Placebo,29,915,False,0.0
Placebo,29,1579,True,0.07051337557729975
Placebo,29,1643,True,0.14465396417138077
Placebo,29,1679,True,0.3521492932900742
Placebo,29,1982,True,0.06493750582667032
Placebo,29,2027,True,0.16126977104823187
Placebo,29,2211,True,0.30657359638272924
Placebo,29,2228,True,0.23537653116186527
Placebo,29,2352,True,0.0
Placebo,29,2520,True,0.18667398829157675
Placebo,29,2573,True,0.0
Placebo,29,2630,True,0.3521061005509813
Placebo,29,2666,True,0.3739394975861867
Placebo,29,2745,True,0.2897742869628396
Placebo,29,3149,True,0.18049513590674365
Placebo,29,3369,True,0.10807953306774876
Placebo,29,3617,True,0.35326084801306395
Placebo,29,3862,True,0.3937481555797839
Placebo,29,4124,True,0.11491284766333981
Placebo,29,4218,True,0.36693300768957504
Placebo,29,4268,True,0.5398972071542747
Placebo,29,4452,True,0.27446585852248384
Placebo,29,4522,True,0.19083155437727642
Placebo,29,4784,True,0.3501465649943859
Placebo,29,5139,False,0.0
Placebo,29,5438,True,0.0408383695176551
Placebo,29,5565,True,0.11607370133067994
Placebo,29,5684,True,0.2996484034259831
Placebo,29,5775,True,0.056906557239904024
Placebo,29,6110,True,0.0
Placebo,29,6488,True,0.04778491088266231
Placebo,29,6590,True,0.0
Placebo,29,6793,True,0.10861750945625488
Placebo,29,7090,True,0.294469465292729
Placebo,29,7112,True,0.13905617951077567
Placebo,29,7167,True,0.45676877728409704
Placebo,29,7287,True,0.2971885925551939
Placebo,29,7370,True,0.3997520793474262
Placebo,29,7547,True,0.3312392961638529
Placebo,29,7589,True,0.0
Placebo,29,7622,True,0.46616883386846764
Placebo,29,7640,True,0.0
Placebo,29,7757,True,0.05663709501730687
Placebo,29,8162,True,0.3704906617523764
Placebo,29,8508,True,0.26406812257259077
Placebo,29,8597,True,0.15267725481888136
Placebo,29,8771,False,0.0
Placebo,29,288,True,0.3549095986287133
Placebo,29,635,True,0.2912299576886736
Placebo,29,654,True,0.0939419829340903
Placebo,29,699,True,0.3701723897663715
Placebo,29,743,True,0.30422837041754375
Placebo,29,946,True,0.0
Placebo,29,976,False,0.0
Placebo,29,1144,True,0.64713745765241
Placebo,29,1187,True,0.16530910023832623
Placebo,29,1384,True,0.26406812257259077
Placebo,29,1415,True,0.4904177210661695
Placebo,29,1443,True,0.4123895894694735
Placebo,29,1629,True,0.0
Placebo,29,1684,True,0.0
Placebo,29,1802,True,0.25502576218095463
Placebo,29,1914,True,0.42631244300495086
Placebo,29,2046,True,0.0
Placebo,29,2071,True,0.2000975348422987
Placebo,29,2340,True,0.0
Placebo,29,2749,True,0.11785811109683532
Placebo,29,3517,True,0.42984615357200917
Placebo,29,3758,True,0.3391602052736161
Placebo,29,4110,True,0.0
Placebo,29,4111,True,0.0
Placebo,29,4144,True,0.0
Placebo,29,5021,True,0.17833927279888345
Placebo,29,5032,True,0.10686469368290105
Placebo,29,5096,True,0.19843472525101222
Placebo,29,5109,True,0.4329079024367132
Placebo,29,5114,True,0.40303028380100486
Placebo,29,5977,True,0.0
Placebo,29,5984,True,0.3800937667159343
Placebo,29,6353,True,0.4195155029017874
Placebo,29,6373,True,0.2014323416311645
Placebo,29,6539,True,0.0
Placebo,29,6554,True,0.2665865728087298
Placebo,29,6884,False,0.0
Placebo,29,6955,True,0.5627295867487015
Placebo,29,7020,True,0.508336257600114
Placebo,29,7029,True,0.09478836436955075
Placebo,29,7280,True,0.0
Placebo,29,7394,True,0.3797513001339461
Placebo,29,7795,True,0.2375883407931529
Placebo,29,8108,True,0.06625422345438896
Placebo,29,8560,True,0.4509819748392971
Placebo,29,8632,True,0.18738259673484303
Placebo,29,8657,True,0.0
Placebo,29,8777,True,0.42908273772962346
Placebo,29,9151,True,0.0
Placebo,29,9609,False,0.0
Placebo,30,102,True,0.8526298006027303
Placebo,30,314,True,0.3066158263914424
Placebo,30,1068,True,0.3733011461461334
Placebo,30,1525,True,0.16562850902381215
Placebo,30,1795,True,0.17218780510460732
Placebo,30,1929,True,0.3115456552831266
Placebo,30,1931,True,0.25485635512853133
Placebo,30,1991,True,0.0
Placebo,30,2528,True,0.5249761372346918
Placebo,30,2697,True,0.10893649261775587
Placebo,30,2834,True,0.22396607040167996
Placebo,30,2845,True,0.33522605909750025
Placebo,30,3031,True,0.398684348074683
Placebo,30,3250,True,0.0
Placebo,30,3308,True,0.22754083620157634
Placebo,30,3402,True,0.06753659118593383
Placebo,30,3426,True,0.319393943239799
Placebo,30,3449,True,0.2661483583814439
Placebo,30,3756,True,0.17210775372361475
Placebo,30,4141,True,0.5260283317838386
Placebo,30,4210,True,0.10502960579996924
Placebo,30,4516,True,0.10987173866025325
Placebo,30,4692,True,0.0
Placebo,30,4700,False,0.0
Placebo,30,4910,False,0.0
Placebo,30,4962,False,0.0
Placebo,30,5275,True,0.06012983951359326
Placebo,30,5671,True,0.31736735731882126
Placebo,30,5683,True,0.3638061320599373
Placebo,30,6067,True,0.18663447689842722
Placebo,30,6378,True,0.3690315543528961
Placebo,30,6495,True,0.40286405664459873
Placebo,30,6868,True,0.17558217246012234
Placebo,30,6880,True,0.10465086048663588
Placebo,30,7144,True,0.280461513176285
Placebo,30,7413,True,0.4334773938487428
Placebo,30,7526,True,0.8503449055347547
Placebo,30,7531,True,0.0
Placebo,30,7577,True,0.0
Placebo,30,7621,True,0.07425302840123005
Placebo,30,8198,True,0.16653950974245316
Placebo,30,8442,True,0.07809742170892058
Placebo,30,8452,True,0.49013756582869666
Placebo,30,8476,True,0.11002574107570615
Placebo,30,8541,True,0.5681687202534669
Placebo,30,8802,True,0.46461208786803637
Placebo,30,8816,True,0.0
Placebo,30,8852,False,0.0
Placebo,30,9099,True,0.0
Placebo,30,9479,True,0.0
Placebo,30,9625,False,0.0
Placebo,30,96,True,0.30657359638272924
Placebo,30,171,True,0.2475400885973324
Placebo,30,328,False,0.0
Placebo,30,387,True,0.25532934292706994
Placebo,30,754,False,0.0
Placebo,30,983,True,0.2639940090853693
Placebo,30,1039,True,0.3124884370342296
Placebo,30,1098,True,0.0
Placebo,30,1120,True,0.0
Placebo,30,1275,True,0.4916542899271422
Placebo,30,1343,True,0.0
Placebo,30,1483,True,0.19761734492592153
Placebo,30,2005,True,0.16958010263680806
Placebo,30,2048,True,0.36840529765767294
Placebo,30,2379,True,0.34650282741792515
Placebo,30,2516,True,0.20603661516612048
Placebo,30,2601,True,0.07366373991453432
Placebo,30,3210,True,0.19303002422989474
Placebo,30,3601,False,0.0
Placebo,30,3729,True,0.0973481046615218
Placebo,30,3832,True,0.3162665598559108
Placebo,30,4104,True,0.45715969996568284
Placebo,30,4286,True,0.32712293376156154
Placebo,30,4329,True,0.10987173866025325
Placebo,30,4553,True,0.10247993415865148
Placebo,30,4790,True,0.0
Placebo,30,4844,True,0.0
Placebo,30,4994,True,0.0
Placebo,30,5020,True,0.28219821867890027
Placebo,30,5293,True,0.24287998731859775
Placebo,30,5338,True,0.28834069518500527
Placebo,30,5343,True,0.07753575214074937
Placebo,30,5464,True,0.0
Placebo,30,5560,True,0.16743187351605518
Placebo,30,5719,True,0.03858303713187615
Placebo,30,6055,True,0.0
Placebo,30,6121,True,0.5248010467162384
Placebo,30,6128,True,0.08036018528064796
Placebo,30,6197,True,0.3322211892239511
Placebo,30,6336,True,0.2230177511413148
Placebo,30,6577,True,0.39332654118243277
Placebo,30,6717,True,0.0
Placebo,30,6906,False,0.0
Placebo,30,8550,True,0.0
Placebo,30,8576,True,0.1622425157768955
Placebo,30,8790,False,0.0
Placebo,30,8840,False,0.0
Placebo,30,8878,True,0.0
Placebo,30,9337,True,0.07989569279756419
Placebo,30,9501,True,0.331618895781339
Placebo,30,9512,False,0.0
Placebo,30,45,True,0.08039138809008572
Placebo,30,199,True,0.0
Placebo,30,458,True,0.26096748623247423
Placebo,30,564,True,0.6677426730152208
Placebo,30,717,True,0.19519002499605084
Placebo,30,1109,True,0.54605567751535
Placebo,30,1576,True,0.3622461689748277
Placebo,30,1711,True,0.0
Placebo,30,1868,True,0.32739495038873945
Placebo,30,1942,True,0.20097847022521434
Placebo,30,2001,True,0.10218331334064325
Placebo,30,2217,True,0.0
Placebo,30,2354,True,0.38690769007737075
Placebo,30,2761,True,0.0
Placebo,30,2980,True,0.0
Placebo,30,3021,True,0.14217441979706666
Placebo,30,3030,True,0.0
Placebo,30,3046,True,0.12320196256373915
Placebo,30,3050,True,0.4168006776817946
Placebo,30,3288,True,0.0
Placebo,30,3302,True,0.4099852561418011
Placebo,30,3794,True,0.0
Placebo,30,3920,True,0.035331264752359905
Placebo,30,3965,True,0.2996484034259831
Placebo,30,4193,True,0.0
Placebo,30,4294,True,0.10327064981393906
Placebo,30,4383,True,0.21343209414302247
Placebo,30,4474,True,0.24917402821937223
Placebo,30,5068,True,0.35426835395896084
Placebo,30,5258,True,0.18991701265457503
Placebo,30,5306,True,0.4188248935198825
Placebo,30,5323,True,0.3482054464129635
Placebo,30,5421,True,0.4419255667626684
Placebo,30,5766,True,0.30938008332493827
Placebo,30,5877,True,0.0
Placebo,30,5887,True,0.0
Placebo,30,6126,True,1.0
Placebo,30,6190,True,0.3651499769680336
Placebo,30,6224,True,0.43332624225068966
Placebo,30,6465,True,0.0
Placebo,30,6853,True,0.21559786611335277
Placebo,30,6949,True,0.3064442619221975
Placebo,30,7107,True,0.06312301365295118
Placebo,30,7240,False,0.0
Placebo,30,7937,True,0.28648188236647215
Placebo,30,8015,True,0.0
Placebo,30,8066,True,0.05220222172903413
Placebo,30,8202,True,0.09029779194272271
Placebo,30,8321,True,0.06493750582667032
Placebo,30,9222,True,0.0
Placebo,30,9453,True,0.5280283563143131
Placebo,30,73,True,0.40303028380100486
Placebo,30,390,True,0.5785886277922739
Placebo,30,424,True,0.38300583533832616
Placebo,30,715,True,0.12849573166884687
Placebo,30,915,False,0.0
Placebo,30,1579,True,0.060547412966313295
Placebo,30,1643,True,0.0
Placebo,30,1679,True,0.307574037242134
Placebo,30,1982,True,0.0
Placebo,30,2027,True,0.120013679648517
Placebo,30,2211,True,0.26406812257259077
Placebo,30,2228,True,0.25993686690677764
Placebo,30,2352,True,0.0
Placebo,30,2520,True,0.0
Placebo,30,2573,True,0.0
Placebo,30,2630,True,0.5126831865295443
Placebo,30,2666,True,0.14352071882907283
Placebo,30,2745,True,0.08723075234795674
Placebo,30,3149,True,0.4215019743407574
Placebo,30,3369,True,0.1930552750957233
Placebo,30,3617,True,0.2877092901113798
Placebo,30,3862,True,0.0
Placebo,30,4124,True,0.1634691588297124
Placebo,30,4218,True,0.13228981683400814
Placebo,30,4268,True,0.04095134450441998
Placebo,30,4452,True,0.24884479177628951
Placebo,30,4522,True,0.1257796899007638
Placebo,30,4784,True,0.6072886907094996
Placebo,30,5139,False,0.0
Placebo,30,5438,True,0.2346921745249382
Placebo,30,5565,True,0.0
Placebo,30,5684,True,0.358754847127658
Placebo,30,5775,True,0.32793454830328667
Placebo,30,6110,True,0.0
Placebo,30,6488,True,0.3707294307815434
Placebo,30,6590,True,0.0
Placebo,30,6793,True,0.2613080943366759
Placebo,30,7090,True,0.3024550399597644
Placebo,30,7112,True,0.11518062305268108
Placebo,30,7167,True,0.2145806417671647
Placebo,30,7287,True,0.42575339793356415
Placebo,30,7370,True,0.09684158012280926
Placebo,30,7547,True,0.34319224884318256
Placebo,30,7589,True,0.0
Placebo,30,7622,True,0.19381332709946764
Placebo,30,7640,True,0.0
Placebo,30,7757,True,0.0
Placebo,30,8162,True,0.18592697868805785
Placebo,30,8508,True,0.3868528072345415
Placebo,30,8597,True,0.575192440340437
Placebo,30,8771,False,0.0
Placebo,30,288,True,0.6000729228379068
Placebo,30,635,True,0.1620742252410631
Placebo,30,654,True,0.12154321270907034
Placebo,30,699,True,0.2984900352767556
Placebo,30,743,True,0.12050488747439317
Placebo,30,946,True,0.0
Placebo,30,976,False,0.0
Placebo,30,1144,True,0.4755196784834765
Placebo,30,1187,True,0.21273979645758803
Placebo,30,1384,True,0.0
Placebo,30,1415,True,0.2809977628669612
Placebo,30,1443,True,0.2660467848647273
Placebo,30,1629,True,0.12663893885053282
Placebo,30,1684,True,0.3195827711902565
Placebo,30,1802,True,0.06673768929853467
Placebo,30,1914,True,0.41555860050944576
Placebo,30,2046,True,0.0
Placebo,30,2071,True,0.14656879505245024
Placebo,30,2340,True,0.0
Placebo,30,2749,True,0.34278865603794884
Placebo,30,3517,True,0.37441304968269534
Placebo,30,3758,True,0.0
Placebo,30,4110,True,0.0
Placebo,30,4111,True,0.0
Placebo,30,4144,True,0.346951888597037
Placebo,30,5021,True,0.08916963639944173
Placebo,30,5032,True,0.12880379421146584
Placebo,30,5096,True,0.2551243742928601
Placebo,30,5109,True,0.1582525137332446
Placebo,30,5114,True,0.11459783646780466
Placebo,30,5977,True,0.3447702602206779
Placebo,30,5984,True,0.12330207776135531
Placebo,30,6353,True,0.24599291756452393
Placebo,30,6373,True,0.07809742170892058
Placebo,30,6539,True,0.0
Placebo,30,6554,True,0.4849670352730667
Placebo,30,6884,False,0.0
Placebo,30,6955,True,0.0
Placebo,30,7020,True,0.3631737377843128
Placebo,30,7029,True,0.3589542101716347
Placebo,30,7280,True,0.0
Placebo,30,7394,True,0.22749013678522054
Placebo,30,7795,True,0.36526936922901915
Placebo,30,8108,True,0.08514311764162101
Placebo,30,8560,True,0.5678175671377399
Placebo,30,8632,True,0.4306609524944538
Placebo,30,8657,True,0.12675618129635727
Placebo,30,8777,True,0.24635406385761593
Placebo,30,9151,True,0.0
Placebo,30,9609,False,0.0
Placebo,31,102,True,0.7648067387455227
Placebo,31,314,True,0.4469765144371133
Placebo,31,1068,True,0.43767305857357713
Placebo,31,1525,True,0.0970477754402881
Placebo,31,1795,True,0.3182922809626579
Placebo,31,1929,True,0.07588109553901774
Placebo,31,1931,True,0.0
Placebo,31,1991,True,0.22305085972750496
Placebo,31,2528,True,0.6340817916027509
Placebo,31,2697,True,0.0
Placebo,31,2834,True,0.45703542940202935
Placebo,31,2845,True,0.20508267388383009
Placebo,31,3031,True,0.06057002268256014
Placebo,31,3250,True,0.35461080065699363
Placebo,31,3308,True,0.2751109682880105
Placebo,31,3402,True,0.30235109431779933
Placebo,31,3426,True,0.0
Placebo,31,3449,True,0.12050488747439317
Placebo,31,3756,True,0.5827739225640477
Placebo,31,4141,True,0.4856019122269007
Placebo,31,4210,True,0.1861066681095504
Placebo,31,4516,True,0.14704034066641017
Placebo,31,4692,True,0.0
Placebo,31,4700,False,0.0
Placebo,31,4910,False,0.0
Placebo,31,4962,False,0.0
Placebo,31,5275,True,0.2942026330205877
Placebo,31,5671,True,0.23802829743262646
Placebo,31,5683,True,0.5792637124596485
Placebo,31,6067,True,0.3634824971642483
Placebo,31,6378,True,0.20853030674575274
Placebo,31,6495,True,0.20641593223508903
Placebo,31,6868,True,0.3735089597787334
Placebo,31,6880,True,0.0
Placebo,31,7144,True,0.1507293225816052
Placebo,31,7413,True,0.28860614698408227
Placebo,31,7526,True,0.0
Placebo,31,7531,True,0.3868528072345415
Placebo,31,7577,True,0.20438239758848625
Placebo,31,7621,True,0.15960967161913853
Placebo,31,8198,True,0.36037485824196464
Placebo,31,8442,True,0.05835609105061249
Placebo,31,8452,True,0.4290320874002219
Placebo,31,8476,True,0.2701666836754536
Placebo,31,8541,True,0.32305026094299816
Placebo,31,8802,True,0.46461208786803637
Placebo,31,8816,True,0.0
Placebo,31,8852,False,0.0
Placebo,31,9099,True,0.3195827711902565
Placebo,31,9479,True,0.0
Placebo,31,9625,False,0.0
Placebo,31,96,True,0.0
Placebo,31,171,True,0.24187377719682732
Placebo,31,328,False,0.0
Placebo,31,387,True,0.0939419829340903
Placebo,31,754,False,0.0
Placebo,31,983,True,0.3913444375605686
Placebo,31,1039,True,0.6384178832979199
Placebo,31,1098,True,0.1297746560964083
Placebo,31,1120,True,0.3619335528756296
Placebo,31,1275,True,0.24594180772340596
Placebo,31,1343,True,0.0
Placebo,31,1483,True,0.04992274367141086
Placebo,31,2005,True,0.46215200970014536
Placebo,31,2048,True,0.36191601012325786
Placebo,31,2379,True,0.4284209800825807
Placebo,31,2516,True,0.6143344360395447
Placebo,31,2601,True,0.22968272055555694
Placebo,31,3210,True,0.25206478051082143
Placebo,31,3601,False,0.0
Placebo,31,3729,True,0.0
Placebo,31,3832,True,0.377280817992742
Placebo,31,4104,True,0.12485350142749298
Placebo,31,4286,True,0.20361414664475022
Placebo,31,4329,True,0.4796249331362628
Placebo,31,4553,True,0.13575265406065407
Placebo,31,4790,True,0.2184074368181643
Placebo,31,4844,True,0.0
Placebo,31,4994,True,0.638787886479598
Placebo,31,5020,True,0.6151378240372255
Placebo,31,5293,True,0.42403049449547286
Placebo,31,5338,True,0.511856251142319
Placebo,31,5343,True,0.24234562461153472
Placebo,31,5464,True,0.06894748711075759
Placebo,31,5560,True,0.4517958790694615
Placebo,31,5719,True,0.3022903444670165
Placebo,31,6055,True,0.0
Placebo,31,6121,True,0.45101744924392545
Placebo,31,6128,True,0.0475448891582404
Placebo,31,6197,True,0.05821323209881291
Placebo,31,6336,True,0.034715610968388655
Placebo,31,6577,True,0.11508023002835543
Placebo,31,6717,True,0.5
Placebo,31,6906,False,0.0
Placebo,31,8550,True,0.0
Placebo,31,8576,True,0.30059119234193526
Placebo,31,8790,False,0.0
Placebo,31,8840,False,0.0
Placebo,31,8878,True,0.0
Placebo,31,9337,True,0.0
Placebo,31,9501,True,0.3539898782778384
Placebo,31,9512,False,0.0
Placebo,31,45,True,0.0
Placebo,31,199,True,0.0
Placebo,31,458,True,0.5716289405953208
Placebo,31,564,True,0.69938693978995
Placebo,31,717,True,0.36331756126716824
Placebo,31,1109,True,0.6616869479193436
Placebo,31,1576,True,0.06562469259663067
Placebo,31,1711,True,0.0
Placebo,31,1868,True,0.0
Placebo,31,1942,True,0.1101234644295201
Placebo,31,2001,True,0.0936319821856491
Placebo,31,2217,True,0.07989569279756419
Placebo,31,2354,True,0.11364840563916434
Placebo,31,2761,True,0.0
Placebo,31,2980,True,0.0
Placebo,31,3021,True,0.07007173210920999
Placebo,31,3030,True,0.0
Placebo,31,3046,True,0.14062181886738925
Placebo,31,3050,True,0.33297427766789217
Placebo,31,3288,True,0.26317921170974523
Placebo,31,3302,True,0.1324423841409511
Placebo,31,3794,True,1.0
Placebo,31,3920,True,0.14777860913130192
Placebo,31,3965,True,0.2718297020949031
Placebo,31,4193,True,0.25339584447728963
Placebo,31,4294,True,0.09918021406520994
Placebo,31,4383,True,0.14498868258010594
Placebo,31,4474,True,0.1496398318094744
Placebo,31,5068,True,0.4177899066288292
Placebo,31,5258,True,0.0
Placebo,31,5306,True,0.40948343563604783
Placebo,31,5323,True,0.44265748281198913
Placebo,31,5421,True,0.459627076017737
Placebo,31,5766,True,0.07673443521237683
Placebo,31,5877,True,0.1643548980682564
Placebo,31,5887,True,0.1568791153691975
Placebo,31,6126,True,0.3333333333333335
Placebo,31,6190,True,0.34836063677621615
Placebo,31,6224,True,0.1794771050858174
Placebo,31,6465,True,0.0
Placebo,31,6853,True,0.0
Placebo,31,6949,True,0.5155769735606035
Placebo,31,7107,True,0.4350543107844848
Placebo,31,7240,False,0.0
Placebo,31,7937,True,0.349077377849181
Placebo,31,8015,True,0.0
Placebo,31,8066,True,0.05578441968866557
Placebo,31,8202,True,0.44424024473746715
Placebo,31,8321,True,0.2743935770749123
Placebo,31,9222,True,0.10646464774659972
Placebo,31,9453,True,0.5198805361797949
Placebo,31,73,True,0.0
Placebo,31,390,True,0.1409632185327124
Placebo,31,424,True,0.4120425344008696
Placebo,31,715,True,0.25909902332366147
Placebo,31,915,False,0.0
Placebo,31,1579,True,0.0
Placebo,31,1643,True,0.16179334848689397
Placebo,31,1679,True,0.5121599446795055
Placebo,31,1982,True,0.4252084336260237
Placebo,31,2027,True,0.0923658521249303
Placebo,31,2211,True,0.3868528072345415
Placebo,31,2228,True,0.1367988523695764
Placebo,31,2352,True,0.6309297535714573
Placebo,31,2520,True,0.0
Placebo,31,2573,True,0.09019475927038985
Placebo,31,2630,True,0.517649690702893
Placebo,31,2666,True,0.3472286076309705
Placebo,31,2745,True,0.11209999637596213
Placebo,31,3149,True,0.3944085649669646
Placebo,31,3369,True,0.2200917662980802
Placebo,31,3617,True,0.11845062512806952
Placebo,31,3862,True,0.04457030764464077
Placebo,31,4124,True,0.0
Placebo,31,4218,True,0.19550423971993774
Placebo,31,4268,True,0.17040358479544185
Placebo,31,4452,True,0.18513125787742807
Placebo,31,4522,True,0.0742530284012301
Placebo,31,4784,True,0.18081539273797081
Placebo,31,5139,False,0.0
Placebo,31,5438,True,0.0
Placebo,31,5565,True,0.06132415464301173
Placebo,31,5684,True,0.08472032376115692
Placebo,31,5775,True,0.13799290728360533
Placebo,31,6110,True,0.0
Placebo,31,6488,True,0.2757017882369697
Placebo,31,6590,True,0.0
Placebo,31,6793,True,0.3437937952254171
Placebo,31,7090,True,0.0543026559841585
Placebo,31,7112,True,0.13905617951077567
Placebo,31,7167,True,0.3293966720054171
Placebo,31,7287,True,0.452358483155316
Placebo,31,7370,True,0.051163424335078686
Placebo,31,7547,True,0.4291411337886066
Placebo,31,7589,True,0.0
Placebo,31,7622,True,0.2021553370411396
Placebo,31,7640,True,0.0
Placebo,31,7757,True,0.16971750201899963
Placebo,31,8162,True,0.326842933996014
Placebo,31,8508,True,0.0
Placebo,31,8597,True,0.47388496061767943
Placebo,31,8771,False,0.0
Placebo,31,288,True,0.06943122193677731
Placebo,31,635,True,0.5110450921250047
Placebo,31,654,True,0.201878906520566
Placebo,31,699,True,0.08996574100558588
Placebo,31,743,True,0.2819565057937078
Placebo,31,946,True,0.0
Placebo,31,976,False,0.0
Placebo,31,1144,True,0.6902786828433755
Placebo,31,1187,True,0.21462098601536653
Placebo,31,1384,True,0.0
Placebo,31,1415,True,0.1100458831490401
Placebo,31,1443,True,0.3390192043017516
Placebo,31,1629,True,0.24362316041954893
Placebo,31,1684,True,0.17673464203674094
Placebo,31,1802,True,0.0
Placebo,31,1914,True,0.21357330404769878
Placebo,31,2046,True,0.0
Placebo,31,2071,True,0.1499005887003118
Placebo,31,2340,True,0.0
Placebo,31,2749,True,0.2444521888215188
Placebo,31,3517,True,0.11374652787710128
Placebo,31,3758,True,0.0
Placebo,31,4110,True,0.0
Placebo,31,4111,True,0.0
Placebo,31,4144,True,0.1443421150392356
Placebo,31,5021,True,0.0
Placebo,31,5032,True,0.2825329780574698
Placebo,31,5096,True,0.04409660561133607
Placebo,31,5109,True,0.4743286751442812
Placebo,31,5114,True,0.0
Placebo,31,5977,True,0.0
Placebo,31,5984,True,0.40622636313614885
Placebo,31,6353,True,0.5848669855927043
Placebo,31,6373,True,0.12737140874229597
Placebo,31,6539,True,0.0
Placebo,31,6554,True,0.4974252325514722
Placebo,31,6884,False,0.0
Placebo,31,6955,True,0.0
Placebo,31,7020,True,0.4728642048351167
Placebo,31,7029,True,0.1859631358154505
Placebo,31,7280,True,0.04616277736479889
Placebo,31,7394,True,0.11167572089045447
Placebo,31,7795,True,0.3168333895171683
Placebo,31,8108,True,0.0
Placebo,31,8560,True,0.386258057623798
Placebo,31,8632,True,0.29223828495290355
Placebo,31,8657,True,0.15752625954440025
Placebo,31,8777,True,0.47093396780285895
Placebo,31,9151,True,0.0
Placebo,31,9609,False,0.0
Placebo,32,102,True,0.4841787981270526
Placebo,32,314,True,0.17949371960903443
Placebo,32,1068,True,0.21658877420921663
Placebo,32,1525,True,0.054446697840052224
Placebo,32,1795,True,0.388699229743113
Placebo,32,1929,True,0.2607892413560363
Placebo,32,1931,True,0.4504163962214829
Placebo,32,1991,True,0.18397246392903513
Placebo,32,2528,True,0.4144097579949889
Placebo,32,2697,True,0.4273569456759107
Placebo,32,2834,True,0.3644453367146035
Placebo,32,2845,True,0.3748759539963204
Placebo,32,3031,True,0.16991877596402008
Placebo,32,3250,True,0.46643155063433805
Placebo,32,3308,True,0.499440378143814
Placebo,32,3402,True,0.0
Placebo,32,3426,True,0.0
Placebo,32,3449,True,0.044399369745528
Placebo,32,3756,True,0.1643548980682564
Placebo,32,4141,True,0.39320183641296885
Placebo,32,4210,True,0.2691920823671513
Placebo,32,4516,True,0.11441962494640383
Placebo,32,4692,True,0.0
Placebo,32,4700,False,0.0
Placebo,32,4910,False,0.0
Placebo,32,4962,False,0.0
Placebo,32,5275,True,0.2942026330205877
Placebo,32,5671,True,0.0
Placebo,32,5683,True,0.40927271516050273
Placebo,32,6067,True,0.4801606789065416
Placebo,32,6378,True,0.5308413068647889
Placebo,32,6495,True,0.3978728366872104
Placebo,32,6868,True,0.24844481188052703
Placebo,32,6880,True,0.052639913647579424
Placebo,32,7144,True,0.2437457374829558
Placebo,32,7413,True,0.6550227793183275
Placebo,32,7526,True,0.0
Placebo,32,7531,True,0.0
Placebo,32,7577,True,0.0
Placebo,32,7621,True,0.15380060236958384
Placebo,32,8198,True,0.136464807689167
Placebo,32,8442,True,0.0
Placebo,32,8452,True,0.34437561020921464
Placebo,32,8476,True,0.15558668174010043
Placebo,32,8541,True,0.5287272041020517
Placebo,32,8802,True,0.2387825624420837
Placebo,32,8816,True,0.17714752793103528
Placebo,32,8852,False,0.0
Placebo,32,9099,True,0.0
Placebo,32,9479,True,0.40303028380100486
Placebo,32,9625,False,0.0
Placebo,32,96,True,0.3868528072345415
Placebo,32,171,True,0.4603710145454823
Placebo,32,328,False,0.0
Placebo,32,387,True,0.100939453260283
Placebo,32,754,False,0.0
Placebo,32,983,True,0.5498381804073426
Placebo,32,1039,True,0.2672025391789158
Placebo,32,1098,True,0.4601419781363918
Placebo,32,1120,True,0.09359072962204817
Placebo,32,1275,True,0.27000312192251325
Placebo,32,1343,True,0.48711477971984796
Placebo,32,1483,True,0.14472363885597075
Placebo,32,2005,True,0.0
Placebo,32,2048,True,0.4633358631110337
Placebo,32,2379,True,0.7286104488892069
Placebo,32,2516,True,0.5598455649384849
Placebo,32,2601,True,0.42741681062084447
Placebo,32,3210,True,0.358842747714348
Placebo,32,3601,False,0.0
Placebo,32,3729,True,0.08039138809008578
Placebo,32,3832,True,0.503981643748822
Placebo,32,4104,True,0.2700141584614538
Placebo,32,4286,True,0.29927669752042985
Placebo,32,4329,True,0.0
Placebo,32,4553,True,0.16054389558723822
Placebo,32,4790,True,0.20438239758848625
Placebo,32,4844,True,0.0
Placebo,32,4994,True,0.061550369819731846
Placebo,32,5020,True,0.5479796563599694
Placebo,32,5293,True,0.2037101573512657
Placebo,32,5338,True,0.7920977556833853
Placebo,32,5343,True,0.0911979534608705
Placebo,32,5464,True,0.1845435799320107
Placebo,32,5560,True,0.11420034278597599
Placebo,32,5719,True,0.1853662609195147
Placebo,32,6055,True,0.0
Placebo,32,6121,True,0.5615752740843555
Placebo,32,6128,True,0.19333362927480435
Placebo,32,6197,True,0.18455357749789653
Placebo,32,6336,True,0.3610082112582055
Placebo,32,6577,True,0.46684112565921293
Placebo,32,6717,True,0.0
Placebo,32,6906,False,0.0
Placebo,32,8550,True,0.0
Placebo,32,8576,True,0.2106867352419008
Placebo,32,8790,False,0.0
Placebo,32,8840,False,0.0
Placebo,32,8878,True,1.0
Placebo,32,9337,True,0.0
Placebo,32,9501,True,0.28279191471712756
Placebo,32,9512,False,0.0
Placebo,32,45,True,0.025062769970488046
Placebo,32,199,True,0.0
Placebo,32,458,True,0.5397160200163907
Placebo,32,564,True,0.4975676252512579
Placebo,32,717,True,0.0
Placebo,32,1109,True,0.6168641551186341
Placebo,32,1576,True,0.15232257932946244
Placebo,32,1711,True,0.0
Placebo,32,1868,True,0.0
Placebo,32,1942,True,0.22795787321282804
Placebo,32,2001,True,0.09556982176532462
Placebo,32,2217,True,0.0
Placebo,32,2354,True,0.39300999609729276
Placebo,32,2761,True,0.13459143142073815
Placebo,32,2980,True,0.0
Placebo,32,3021,True,0.24742039888372014
Placebo,32,3030,True,0.0
Placebo,32,3046,True,0.0
Placebo,32,3050,True,0.5544558804166002
Placebo,32,3288,True,0.14651704210000663
Placebo,32,3302,True,0.14169830436783476
Placebo,32,3794,True,0.0
Placebo,32,3920,True,0.10745625017521603
Placebo,32,3965,True,0.0
Placebo,32,4193,True,0.4796249331362628
Placebo,32,4294,True,0.3511643449202446
Placebo,32,4383,True,0.1892504594332913
Placebo,32,4474,True,0.1978589121129797
Placebo,32,5068,True,0.19492578050501277
Placebo,32,5258,True,0.0
Placebo,32,5306,True,0.6294114456373725
Placebo,32,5323,True,0.31651697164393866
Placebo,32,5421,True,0.29843163921777255
Placebo,32,5766,True,0.3593214838959355
Placebo,32,5877,True,0.0821774490341282
Placebo,32,5887,True,0.19976560228398874
Placebo,32,6126,True,0.38685280723454163
Placebo,32,6190,True,0.5157344504627196
Placebo,32,6224,True,0.09833639916734033
Placebo,32,6465,True,0.25339584447728963
Placebo,32,6853,True,0.09684158012280926
Placebo,32,6949,True,0.39225956677526713
Placebo,32,7107,True,0.1689539010595103
Placebo,32,7240,False,0.0
Placebo,32,7937,True,0.478555674530135
Placebo,32,8015,True,0.0
Placebo,32,8066,True,0.3642953747689743
Placebo,32,8202,True,0.15917007559337124
Placebo,32,8321,True,0.22096204443756065
Placebo,32,9222,True,0.0
Placebo,32,9453,True,0.5672824468644732
Placebo,32,73,True,0.1987902024761975
Placebo,32,390,True,0.42898027882202855
Placebo,32,424,True,0.0
Placebo,32,715,True,0.6666539167024063
Placebo,32,915,False,0.0
Placebo,32,1579,True,0.0
Placebo,32,1643,True,0.0
Placebo,32,1679,True,0.30962955956309535
Placebo,32,1982,True,0.0
Placebo,32,2027,True,0.18293903230422137
Placebo,32,2211,True,0.6131471927654585
Placebo,32,2228,True,0.12493860554725351
Placebo,32,2352,True,0.0
Placebo,32,2520,True,0.12057528058003886
Placebo,32,2573,True,0.1803895185407797
Placebo,32,2630,True,0.549969751683416
Placebo,32,2666,True,0.13777597210996173
Placebo,32,2745,True,0.23689898890328953
Placebo,32,3149,True,0.3080366563801925
Placebo,32,3369,True,0.3080955555182604
Placebo,32,3617,True,0.2048707368487986
Placebo,32,3862,True,0.0
Placebo,32,4124,True,0.06993948371981579
Placebo,32,4218,True,0.0
Placebo,32,4268,True,0.4345681651103488
Placebo,32,4452,True,0.06265341172228864
Placebo,32,4522,True,0.11808224819669269
Placebo,32,4784,True,0.609489014580278
Placebo,32,5139,False,0.0
Placebo,32,5438,True,0.06012983951359326
Placebo,32,5565,True,0.36794492785807026
Placebo,32,5684,True,0.14982420171299154
Placebo,32,5775,True,0.0543026559841585
Placebo,32,6110,True,0.07712144545593325
Placebo,32,6488,True,0.048753830672500074
Placebo,32,6590,True,0.0
Placebo,32,6793,True,0.0
Placebo,32,7090,True,0.0776895369576595
Placebo,32,7112,True,0.0
Placebo,32,7167,True,0.3037767557976186
Placebo,32,7287,True,0.6807490276721287
Placebo,32,7370,True,0.06610466247564045
Placebo,32,7547,True,0.433393081263357
Placebo,32,7589,True,0.11706259313796355
Placebo,32,7622,True,0.25986436760750564
Placebo,32,7640,True,0.3333333333333335
Placebo,32,7757,True,0.3565803111698329
Placebo,32,8162,True,0.31289413552443796
Placebo,32,8508,True,0.18900105019841942
Placebo,32,8597,True,0.5810820381115674
Placebo,32,8771,False,0.0
Placebo,32,288,True,0.32865474681250817
Placebo,32,635,True,0.27554900046688163
Placebo,32,654,True,0.0
Placebo,32,699,True,0.20323893375270075
Placebo,32,743,True,0.19410661429850612
Placebo,32,946,True,0.0
Placebo,32,976,False,0.0
Placebo,32,1144,True,0.4943025028120194
Placebo,32,1187,True,0.27565866005027817
Placebo,32,1384,True,0.0
Placebo,32,1415,True,0.2895229882348575
Placebo,32,1443,True,0.42028721601401103
Placebo,32,1629,True,0.0
Placebo,32,1684,True,0.12663167705327652
Placebo,32,1802,True,0.10884448316158767
Placebo,32,1914,True,0.26092416350027653
Placebo,32,2046,True,0.0
Placebo,32,2071,True,0.11615302196700909
Placebo,32,2340,True,0.3047816410093868
Placebo,32,2749,True,0.24017213165559562
Placebo,32,3517,True,0.08036018528064796
Placebo,32,3758,True,0.0
Placebo,32,4110,True,0.20438239758848625
Placebo,32,4111,True,0.0
Placebo,32,4144,True,0.12198323851117018
Placebo,32,5021,True,0.45635934623577645
Placebo,32,5032,True,0.16006924204219616
Placebo,32,5096,True,0.40776718024824055
Placebo,32,5109,True,0.5166645908900545
Placebo,32,5114,True,0.0
Placebo,32,5977,True,0.0
Placebo,32,5984,True,0.3800937667159343
Placebo,32,6353,True,0.42369672562117994
Placebo,32,6373,True,0.201878906520566
Placebo,32,6539,True,0.0
Placebo,32,6554,True,0.5505781690506524
Placebo,32,6884,False,0.0
Placebo,32,6955,True,0.05599760197753907
Placebo,32,7020,True,0.33717670079201967
Placebo,32,7029,True,0.263214148477257
Placebo,32,7280,True,0.0
Placebo,32,7394,True,0.12779435101500425
Placebo,32,7795,True,0.21173231585876393
Placebo,32,8108,True,0.0
Placebo,32,8560,True,0.40749744049285486
Placebo,32,8632,True,0.0771660742637523
Placebo,32,8657,True,0.0
Placebo,32,8777,True,0.6985350362937703
Placebo,32,9151,True,0.0
Placebo,32,9609,False,0.0
Placebo,33,102,True,0.5677378234191744
Placebo,33,314,True,0.2789761976678041
Placebo,33,1068,True,0.05683075013322683
Placebo,33,1525,True,0.15917007559337124
Placebo,33,1795,True,0.40554036429662527
Placebo,33,1929,True,0.3149094291919687
Placebo,33,1931,True,0.0
Placebo,33,1991,True,0.18644585778183673
Placebo,33,2528,True,0.6373777747168448
Placebo,33,2697,True,0.2408818088895229
Placebo,33,2834,True,0.3077520573793589
Placebo,33,2845,True,0.12286383325798816
Placebo,33,3031,True,0.14908422560531903
Placebo,33,3250,True,0.26703394979613426
Placebo,33,3308,True,0.0
Placebo,33,3402,True,0.0
Placebo,33,3426,True,0.319393943239799
Placebo,33,3449,True,0.13116650549455303
Placebo,33,3756,True,0.1527136035063162
Placebo,33,4141,True,0.3462026743822615
Placebo,33,4210,True,0.11122948216422447
Placebo,33,4516,True,0.0
Placebo,33,4692,True,0.0
Placebo,33,4700,False,0.0
Placebo,33,4910,False,0.0
Placebo,33,4962,False,0.0
Placebo,33,5275,True,0.1803895185407797
Placebo,33,5671,True,0.088798739491056
Placebo,33,5683,True,0.4685132407962132
Placebo,33,6067,True,0.731172385800529
Placebo,33,6378,True,0.28178231746477417
Placebo,33,6495,True,0.2771638717995849
Placebo,33,6868,True,0.29310787917238323
Placebo,33,6880,True,0.4087318211586143
Placebo,33,7144,True,0.15093714401314332
Placebo,33,7413,True,0.47632214115551447
Placebo,33,7526,True,0.20438239758848625
Placebo,33,7531,True,0.0
Placebo,33,7577,True,0.0
Placebo,33,7621,True,0.07845884372062178
Placebo,33,8198,True,0.29840360892518114
Placebo,33,8442,True,0.41177128242127115
Placebo,33,8452,True,0.3130512482018102
Placebo,33,8476,True,0.2216111598793019
Placebo,33,8541,True,0.2750117186628189
Placebo,33,8802,True,0.37322980532286826
Placebo,33,8816,True,0.12092199990360368
Placebo,33,8852,False,0.0
Placebo,33,9099,True,0.25326335410655304
Placebo,33,9479,True,0.22754083620157634
Placebo,33,9625,False,0.0
Placebo,33,96,True,0.0
Placebo,33,171,True,0.5597192551144842
Placebo,33,328,False,0.0
Placebo,33,387,True,0.0
Placebo,33,754,False,0.0
Placebo,33,983,True,0.25013149108985056
Placebo,33,1039,True,0.3349895713354229
Placebo,33,1098,True,0.0
Placebo,33,1120,True,0.2807721888661444
Placebo,33,1275,True,0.31936703225304197
Placebo,33,1343,True,0.0
Placebo,33,1483,True,0.0633648406635718
Placebo,33,2005,True,0.0
Placebo,33,2048,True,0.36426787703416996
Placebo,33,2379,True,0.799664740949685
Placebo,33,2516,True,0.3293698009944438
Placebo,33,2601,True,0.0
Placebo,33,3210,True,0.4403353586193518
Placebo,33,3601,False,0.0
Placebo,33,3729,True,0.08039138809008572
Placebo,33,3832,True,0.47215670662474735
Placebo,33,4104,True,0.1396301254578393
Placebo,33,4286,True,0.4637404829412155
Placebo,33,4329,True,0.0
Placebo,33,4553,True,0.0
Placebo,33,4790,True,0.0
Placebo,33,4844,True,0.0
Placebo,33,4994,True,0.2471168871120522
Placebo,33,5020,True,0.22286980264959833
Placebo,33,5293,True,0.3536727581395297
Placebo,33,5338,True,0.3517033016219874
Placebo,33,5343,True,0.164244928361156
Placebo,33,5464,True,0.0
Placebo,33,5560,True,0.3783020116037956
Placebo,33,5719,True,0.3630664100001673
Placebo,33,6055,True,0.0
Placebo,33,6121,True,0.43369404776792897
Placebo,33,6128,True,0.2082564538581849
Placebo,33,6197,True,0.20488642695613166
Placebo,33,6336,True,0.10149351659631796
Placebo,33,6577,True,0.3806118861148984
Placebo,33,6717,True,0.0
Placebo,33,6906,False,0.0
Placebo,33,8550,True,0.0
Placebo,33,8576,True,0.10327064981393906
Placebo,33,8790,False,0.0
Placebo,33,8840,False,0.0
Placebo,33,8878,True,0.3154648767857289
Placebo,33,9337,True,0.0
Placebo,33,9501,True,0.42130572972253927
Placebo,33,9512,False,0.0
Placebo,33,45,True,0.07366373991453432
Placebo,33,199,True,0.0
Placebo,33,458,True,0.38373143171139656
Placebo,33,564,True,0.6443029370774995
Placebo,33,717,True,0.13012668333070063
Placebo,33,1109,True,0.645080948898543
Placebo,33,1576,True,0.05690937110282942
Placebo,33,1711,True,0.5
Placebo,33,1868,True,0.0
Placebo,33,1942,True,0.10217000240402263
Placebo,33,2001,True,0.05398557328145317
Placebo,33,2217,True,0.10907458963273317
Placebo,33,2354,True,0.44195218854938295
Placebo,33,2761,True,0.0
Placebo,33,2980,True,0.0
Placebo,33,3021,True,0.03788716675548457
Placebo,33,3030,True,0.0
Placebo,33,3046,True,0.0
Placebo,33,3050,True,0.6592574420699177
Placebo,33,3288,True,0.0
Placebo,33,3302,True,0.0
Placebo,33,3794,True,0.0
Placebo,33,3920,True,0.1106830252361472
Placebo,33,3965,True,0.2134935263207813
Placebo,33,4193,True,0.0
Placebo,33,4294,True,0.0
Placebo,33,4383,True,0.16867134721368437
Placebo,33,4474,True,0.09266307025758518
Placebo,33,5068,True,0.37722476225965046
Placebo,33,5258,True,0.0
Placebo,33,5306,True,0.5969860830280942
Placebo,33,5323,True,0.1663337293051728
Placebo,33,5421,True,0.6670797385445186
Placebo,33,5766,True,0.0
Placebo,33,5877,True,0.16141812971373784
Placebo,33,5887,True,0.0
Placebo,33,6126,True,0.0
Placebo,33,6190,True,0.4107895179959134
Placebo,33,6224,True,0.3450003067347319
Placebo,33,6465,True,0.0
Placebo,33,6853,True,0.13116199742045734
Placebo,33,6949,True,0.40173415721266936
Placebo,33,7107,True,0.0
Placebo,33,7240,False,0.0
Placebo,33,7937,True,0.2777045025687933
Placebo,33,8015,True,0.0
Placebo,33,8066,True,0.0
Placebo,33,8202,True,0.46058493021391883
Placebo,33,8321,True,0.11864372977347172
Placebo,33,9222,True,0.09232555472959778
Placebo,33,9453,True,0.32664386126256517
Placebo,33,73,True,0.36121211352040195
Placebo,33,390,True,0.15251909383600806
Placebo,33,424,True,0.0
Placebo,33,715,True,0.5663511674537746
Placebo,33,915,False,0.0
Placebo,33,1579,True,0.155160432859621
Placebo,33,1643,True,0.0
Placebo,33,1679,True,0.07465711993784047
Placebo,33,1982,True,0.1314635108945348
Placebo,33,2027,True,0.45862438526036925
Placebo,33,2211,True,0.3868528072345415
Placebo,33,2228,True,0.33423339848300415
Placebo,33,2352,True,0.0
Placebo,33,2520,True,0.18493962889870288
Placebo,33,2573,True,0.06978419164318803
Placebo,33,2630,True,0.5945025840376198
Placebo,33,2666,True,0.13777597210996173
Placebo,33,2745,True,0.3521737832265033
Placebo,33,3149,True,0.32446578766592327
Placebo,33,3369,True,0.4139771517461548
Placebo,33,3617,True,0.40894480055228816
Placebo,33,3862,True,0.06562469259663067
Placebo,33,4124,True,0.2058520778725618
Placebo,33,4218,True,0.17771074861004912
Placebo,33,4268,True,0.28700372529512197
Placebo,33,4452,True,0.21964686745336073
Placebo,33,4522,True,0.1556128539339181
Placebo,33,4784,True,0.5803844872412617
Placebo,33,5139,False,0.0
Placebo,33,5438,True,0.05214426484655786
Placebo,33,5565,True,0.15846525509047654
Placebo,33,5684,True,0.09325030741737927
Placebo,33,5775,True,0.3403684694543576
Placebo,33,6110,True,0.0
Placebo,33,6488,True,0.321830180794004
Placebo,33,6590,True,0.0
Placebo,33,6793,True,0.17714752793103516
Placebo,33,7090,True,0.0776895369576595
Placebo,33,7112,True,0.0
Placebo,33,7167,True,0.21172977158402911
Placebo,33,7287,True,0.11911734367569742
Placebo,33,7370,True,0.1322093249512809
Placebo,33,7547,True,0.21913061650050944
Placebo,33,7589,True,0.0
Placebo,33,7622,True,0.13207001659250134
Placebo,33,7640,True,0.0
Placebo,33,7757,True,0.13855668512936925
Placebo,33,8162,True,0.4742702790852981
Placebo,33,8508,True,0.23719771276929624
Placebo,33,8597,True,0.4917216081566826
Placebo,33,8771,False,0.0
Placebo,33,288,True,0.49685476413120433
Placebo,33,635,True,0.23294281214305151
Placebo,33,654,True,0.3474385594077266
Placebo,33,699,True,0.22699939489013696
Placebo,33,743,True,0.4279380198480324
Placebo,33,946,True,0.0
Placebo,33,976,False,0.0
Placebo,33,1144,True,0.7065443116025597
Placebo,33,1187,True,0.38808840328371713
Placebo,33,1384,True,0.1934264036172709
Placebo,33,1415,True,0.2200917662980802
Placebo,33,1443,True,0.7050593478142174
Placebo,33,1629,True,0.11518062305268108
Placebo,33,1684,True,0.18042845392767654
Placebo,33,1802,True,0.14390376356228696
Placebo,33,1914,True,0.3834214294030262
Placebo,33,2046,True,0.0
Placebo,33,2071,True,0.0
Placebo,33,2340,True,0.3665017772190546
Placebo,33,2749,True,0.23218758390808084
Placebo,33,3517,True,0.25694010074496526
Placebo,33,3758,True,0.0
Placebo,33,4110,True,0.05907976226134921
Placebo,33,4111,True,0.0
Placebo,33,4144,True,0.0
Placebo,33,5021,True,0.0
Placebo,33,5032,True,0.20310043408354891
Placebo,33,5096,True,0.11394824596446043
Placebo,33,5109,True,0.34688067825802243
Placebo,33,5114,True,0.0
Placebo,33,5977,True,0.0
Placebo,33,5984,True,0.0
Placebo,33,6353,True,0.5271064966405455
Placebo,33,6373,True,0.062228655362841605
Placebo,33,6539,True,0.0
Placebo,33,6554,True,0.4702547650770221
Placebo,33,6884,False,0.0
Placebo,33,6955,True,0.40483256670848855
Placebo,33,7020,True,0.2960125487608642
Placebo,33,7029,True,0.1435413932435881
Placebo,33,7280,True,0.0
Placebo,33,7394,True,0.18677190368559132
Placebo,33,7795,True,0.30544273738210675
Placebo,33,8108,True,0.14081860136568805
Placebo,33,8560,True,0.47993268839375136
Placebo,33,8632,True,0.06673768929853467
Placebo,33,8657,True,0.0
Placebo,33,8777,True,0.408798455035474
Placebo,33,9151,True,0.0
Placebo,33,9609,False,0.0
Placebo,34,102,True,0.7169370779565408
Placebo,34,314,True,0.0950897783164808
Placebo,34,1068,True,0.0896862919667798
Placebo,34,1525,True,0.0
Placebo,34,1795,True,0.1975778548945467
Placebo,34,1929,True,0.14863579822102846
Placebo,34,1931,True,0.0
Placebo,34,1991,True,0.24870046491544615
Placebo,34,2528,True,0.37443845696430667
Placebo,34,2697,True,0.09785159463516044
Placebo,34,2834,True,0.2914893383161489
Placebo,34,2845,True,0.3064898383593056
Placebo,34,3031,True,0.1222260944107594
Placebo,34,3250,True,0.28230027917564937
Placebo,34,3308,True,0.10646464774659972
Placebo,34,3402,True,0.07838015967399029
Placebo,34,3426,True,0.0
Placebo,34,3449,True,0.5435502573652219
Placebo,34,3756,True,0.20011199953339934
Placebo,34,4141,True,0.5913759953703422
Placebo,34,4210,True,0.1310903795944326
Placebo,34,4516,True,0.0
Placebo,34,4692,True,0.0
Placebo,34,4700,False,0.0
Placebo,34,4910,False,0.0
Placebo,34,4962,False,0.0
Placebo,34,5275,True,0.3649857908800122
Placebo,34,5671,True,0.2619718114829147
Placebo,34,5683,True,0.46315077489637013
Placebo,34,6067,True,0.5599838651471869
Placebo,34,6378,True,0.3710047189588836
Placebo,34,6495,True,0.4054584691550281
Placebo,34,6868,True,0.3481135834274661
Placebo,34,6880,True,0.07066252950471981
Placebo,34,7144,True,0.34239861108693687
Placebo,34,7413,True,0.2716854626074326
Placebo,34,7526,True,0.8175295903539447
Placebo,34,7531,True,0.1934264036172709
Placebo,34,7577,True,0.0
Placebo,34,7621,True,0.10846998663405408
Placebo,34,8198,True,0.33947738676160055
Placebo,34,8442,True,0.0
Placebo,34,8452,True,0.14913858641574926
Placebo,34,8476,True,0.08196346139645697
Placebo,34,8541,True,0.4687404292588905
Placebo,34,8802,True,0.27978525788800074
Placebo,34,8816,True,0.0
Placebo,34,8852,False,0.0
Placebo,34,9099,True,0.07320952746749644
Placebo,34,9479,True,0.0
Placebo,34,9625,False,0.0
Placebo,34,96,True,0.0
Placebo,34,171,True,0.5560835107271486
Placebo,34,328,False,0.0
Placebo,34,387,True,0.1417831260800686
Placebo,34,754,False,0.0
Placebo,34,983,True,0.1216578671294421
Placebo,34,1039,True,0.3538368159863999
Placebo,34,1098,True,0.2357777764018439
Placebo,34,1120,True,0.0
Placebo,34,1275,True,0.391075408629594
Placebo,34,1343,True,0.5
Placebo,34,1483,True,0.4131343660536649
Placebo,34,2005,True,0.3347975674340217
Placebo,34,2048,True,0.3252705208110453
Placebo,34,2379,True,0.45885608545380563
Placebo,34,2516,True,0.4177424541653902
Placebo,34,2601,True,0.27138781403219114
Placebo,34,3210,True,0.3499000216492668
Placebo,34,3601,False,0.0
Placebo,34,3729,True,0.07366373991453432
Placebo,34,3832,True,0.3610443042871818
Placebo,34,4104,True,0.3023126614031546
Placebo,34,4286,True,0.6919732513111914
Placebo,34,4329,True,0.14704034066641017
Placebo,34,4553,True,0.0
Placebo,34,4790,True,0.20438239758848625
Placebo,34,4844,True,0.0
Placebo,34,4994,True,0.0
Placebo,34,5020,True,0.3579165342888068
Placebo,34,5293,True,0.20930172097327177
Placebo,34,5338,True,0.4678214257144815
Placebo,34,5343,True,0.04541066051068629
Placebo,34,5464,True,0.0
Placebo,34,5560,True,0.16855968950301867
Placebo,34,5719,True,0.12485197814633776
Placebo,34,6055,True,0.7601875334318686
Placebo,34,6121,True,0.45709535381075667
Placebo,34,6128,True,0.08421358772610593
Placebo,34,6197,True,0.07171242235367578
Placebo,34,6336,True,0.2647091109814135
Placebo,34,6577,True,0.44322783790710557
Placebo,34,6717,True,0.0
Placebo,34,6906,False,0.0
Placebo,34,8550,True,0.0
Placebo,34,8576,True,0.4922997219928353
Placebo,34,8790,False,0.0
Placebo,34,8840,False,0.0
Placebo,34,8878,True,0.0
Placebo,34,9337,True,0.26681787557679126
Placebo,34,9501,True,0.35465000726940504
Placebo,34,9512,False,0.0
Placebo,34,45,True,0.5080303652697822
Placebo,34,199,True,0.0
Placebo,34,458,True,0.623048089261116
Placebo,34,564,True,0.7158666962870273
Placebo,34,717,True,0.13012668333070063
Placebo,34,1109,True,0.6782147651025339
Placebo,34,1576,True,0.31053428346146117
Placebo,34,1711,True,0.0
Placebo,34,1868,True,0.0
Placebo,34,1942,True,0.28392060567136357
Placebo,34,2001,True,0.0
Placebo,34,2217,True,0.0
Placebo,34,2354,True,0.30668508297219327
Placebo,34,2761,True,0.13012668333070063
Placebo,34,2980,True,0.0
Placebo,34,3021,True,0.13211820837280067
Placebo,34,3030,True,0.0
Placebo,34,3046,True,0.19933641673954341
Placebo,34,3050,True,0.8065461549613145
Placebo,34,3288,True,0.47772650286811785
Placebo,34,3302,True,0.3587661747414322
Placebo,34,3794,True,0.0
Placebo,34,3920,True,0.1960147779015242
Placebo,34,3965,True,0.20778411473733654
Placebo,34,4193,True,0.0
Placebo,34,4294,True,0.11496943328345767
Placebo,34,4383,True,0.11101497038372705
Placebo,34,4474,True,0.1322093249512809
Placebo,34,5068,True,0.049941400570997205
Placebo,34,5258,True,0.0
Placebo,34,5306,True,0.4728935033594544
Placebo,34,5323,True,0.13375889861726648
Placebo,34,5421,True,0.453781325538267
Placebo,34,5766,True,0.16440393376534299
Placebo,34,5877,True,0.1766380616537451
Placebo,34,5887,True,0.0
Placebo,34,6126,True,0.5
Placebo,34,6190,True,0.4094834356360479
Placebo,34,6224,True,0.18647780204642414
Placebo,34,6465,True,0.4298593499260987
Placebo,34,6853,True,0.12548280547091217
Placebo,34,6949,True,0.4212571845722035
Placebo,34,7107,True,0.08447695052975515
Placebo,34,7240,False,0.0
Placebo,34,7937,True,0.5565668476649159
Placebo,34,8015,True,0.1356519734324477
Placebo,34,8066,True,0.060583728059270495
Placebo,34,8202,True,0.2420915049166884
Placebo,34,8321,True,0.06222708175564865
Placebo,34,9222,True,0.0
Placebo,34,9453,True,0.5809798509518991
Placebo,34,73,True,0.09232555472959778
Placebo,34,390,True,0.4938853889839129
Placebo,34,424,True,0.0
Placebo,34,715,True,0.4628912445239834
Placebo,34,915,False,0.0
Placebo,34,1579,True,0.5268963387102524
Placebo,34,1643,True,0.2960819109658652
Placebo,34,1679,True,0.12307223393672269
Placebo,34,1982,True,0.22279491311407867
Placebo,34,2027,True,0.11832177313512349
Placebo,34,2211,True,0.23719771276929624
Placebo,34,2228,True,0.2725030453624803
Placebo,34,2352,True,0.0
Placebo,34,2520,True,0.3957772847412852
Placebo,34,2573,True,0.056906557239904024
Placebo,34,2630,True,0.5254735550298747
Placebo,34,2666,True,0.10918487464734664
Placebo,34,2745,True,0.414573279490167
Placebo,34,3149,True,0.4581943354485419
Placebo,34,3369,True,0.2665865728087298
Placebo,34,3617,True,0.21360725701339417
Placebo,34,3862,True,0.0
Placebo,34,4124,True,0.19502197652076908
Placebo,34,4218,True,0.04914963527412845
Placebo,34,4268,True,0.14859965518324186
Placebo,34,4452,True,0.11656695375225003
Placebo,34,4522,True,0.1470869963384324
Placebo,34,4784,True,0.51113374195588
Placebo,34,5139,False,0.0
Placebo,34,5438,True,0.0
Placebo,34,5565,True,0.0655323138814937
Placebo,34,5684,True,0.053368457452889664
Placebo,34,5775,True,0.20723115602388714
Placebo,34,6110,True,0.0
Placebo,34,6488,True,0.0
Placebo,34,6590,True,0.0
Placebo,34,6793,True,0.31371185132257134
Placebo,34,7090,True,0.02607213242327893
Placebo,34,7112,True,0.0
Placebo,34,7167,True,0.19408984478739894
Placebo,34,7287,True,0.42065468782397436
Placebo,34,7370,True,0.24835749864125603
Placebo,34,7547,True,0.2081105007029049
Placebo,34,7589,True,0.3026024134988135
Placebo,34,7622,True,0.05398557328145317
Placebo,34,7640,True,0.0
Placebo,34,7757,True,0.10474943600585002
Placebo,34,8162,True,0.6138714179143369
Placebo,34,8508,True,0.6131471927654585
Placebo,34,8597,True,0.5360735436824438
Placebo,34,8771,False,0.0
Placebo,34,288,True,0.3183184800163326
Placebo,34,635,True,0.35993109489509345
Placebo,34,654,True,0.33104459835730127
Placebo,34,699,True,0.06943122193677731
Placebo,34,743,True,0.34948106240646737
Placebo,34,946,True,0.0
Placebo,34,976,False,0.0
Placebo,34,1144,True,0.4248305827859265
Placebo,34,1187,True,0.25066574345623466
Placebo,34,1384,True,0.18457569677956798
Placebo,34,1415,True,0.2685529228900212
Placebo,34,1443,True,0.6275017762366842
Placebo,34,1629,True,0.5078961547485287
Placebo,34,1684,True,0.10907458963273317
Placebo,34,1802,True,0.06211120297013176
Placebo,34,1914,True,0.30289886507245567
Placebo,34,2046,True,0.0
Placebo,34,2071,True,0.08274908245792928
Placebo,34,2340,True,0.0
Placebo,34,2749,True,0.5844054549063791
Placebo,34,3517,True,0.28442665562170993
Placebo,34,3758,True,0.09803928583135697
Placebo,34,4110,True,0.25063291767094353
Placebo,34,4111,True,0.1681275362711174
Placebo,34,4144,True,0.0
Placebo,34,5021,True,0.21689524588991282
Placebo,34,5032,True,0.2713270499104726
Placebo,34,5096,True,0.08582939637888308
Placebo,34,5109,True,0.3667799992708094
Placebo,34,5114,True,0.0
Placebo,34,5977,True,0.0
Placebo,34,5984,True,0.054935869330126626
Placebo,34,6353,True,0.35050814883704334
Placebo,34,6373,True,0.0
Placebo,34,6539,True,0.0
Placebo,34,6554,True,0.5379887709860147
Placebo,34,6884,False,0.0
Placebo,34,6955,True,0.0
Placebo,34,7020,True,0.3247894225616124
Placebo,34,7029,True,0.1100458831490401
Placebo,34,7280,True,0.10075757095025129
Placebo,34,7394,True,0.04681599109282455
Placebo,34,7795,True,0.5642252996639202
Placebo,34,8108,True,0.1585070397409811
Placebo,34,8560,True,0.4321572773044169
Placebo,34,8632,True,0.16842717545221186
Placebo,34,8657,True,0.13347537859706934
Placebo,34,8777,True,0.37458074001175323
Placebo,34,9151,True,0.0
Placebo,34,9609,False,0.0
Placebo,35,102,True,0.7243803191885849
Placebo,35,314,True,0.401494064554063
Placebo,35,1068,True,0.3593291096689312
Placebo,35,1525,True,0.0
Placebo,35,1795,True,0.2672497913274813
Placebo,35,1929,True,0.45898517780679093
Placebo,35,1931,True,0.047264273332909064
Placebo,35,1991,True,0.10635993666584077
Placebo,35,2528,True,0.6911874097246097
Placebo,35,2697,True,0.0
Placebo,35,2834,True,0.31511750242357883
Placebo,35,2845,True,0.3325670096272277
Placebo,35,3031,True,0.0
Placebo,35,3250,True,0.28279933917410655
Placebo,35,3308,True,0.0
Placebo,35,3402,True,0.0
Placebo,35,3426,True,0.0
Placebo,35,3449,True,0.5882027175301943
Placebo,35,3756,True,0.16893698952487224
Placebo,35,4141,True,0.40381157385485084
Placebo,35,4210,True,0.047890668976966574
Placebo,35,4516,True,0.0
Placebo,35,4692,True,0.0
Placebo,35,4700,False,0.0
Placebo,35,4910,False,0.0
Placebo,35,4962,False,0.0
Placebo,35,5275,True,0.05851819837674865
Placebo,35,5671,True,0.046914224068210206
Placebo,35,5683,True,0.46367073423257393
Placebo,35,6067,True,0.36122982244488244
Placebo,35,6378,True,0.2428578742848862
Placebo,35,6495,True,0.3957989511504259
Placebo,35,6868,True,0.0889835857313796
Placebo,35,6880,True,0.16855968950301867
Placebo,35,7144,True,0.12779435101500425
Placebo,35,7413,True,0.4608434513128447
Placebo,35,7526,True,0.0
Placebo,35,7531,True,0.0
Placebo,35,7577,True,0.0
Placebo,35,7621,True,0.27358166668936196
Placebo,35,8198,True,0.3763816750516195
Placebo,35,8442,True,0.06729296884018869
Placebo,35,8452,True,0.2920361487539191
Placebo,35,8476,True,0.3375597044579362
Placebo,35,8541,True,0.41017451298129515
Placebo,35,8802,True,0.1797364904668514
Placebo,35,8816,True,0.475217055765674
Placebo,35,8852,False,0.0
Placebo,35,9099,True,0.09797563950575583
Placebo,35,9479,True,0.0
Placebo,35,9625,False,0.0
Placebo,35,96,True,0.0
Placebo,35,171,True,0.4372382076480656
Placebo,35,328,False,0.0
Placebo,35,387,True,0.0
Placebo,35,754,False,0.0
Placebo,35,983,True,0.18102026775530974
Placebo,35,1039,True,0.3995002827357566
Placebo,35,1098,True,0.2516409768692131
Placebo,35,1120,True,0.08116136400948519
Placebo,35,1275,True,0.28052541977717627
Placebo,35,1343,True,0.0
Placebo,35,1483,True,0.1601610730672888
Placebo,35,2005,True,0.1460683498427064
Placebo,35,2048,True,0.37811602802052596
Placebo,35,2379,True,0.34587253905753657
Placebo,35,2516,True,0.33636320713457746
Placebo,35,2601,True,0.21236222583951214
Placebo,35,3210,True,0.2656761860392596
Placebo,35,3601,False,0.0
Placebo,35,3729,True,0.23689071313705853
Placebo,35,3832,True,0.3920098235547141
Placebo,35,4104,True,0.2806980790885624
Placebo,35,4286,True,0.4531762862354925
Placebo,35,4329,True,0.0
Placebo,35,4553,True,0.11381874220565884
Placebo,35,4790,True,0.1934264036172709
Placebo,35,4844,True,0.0
Placebo,35,4994,True,0.0
Placebo,35,5020,True,0.4142137926815757
Placebo,35,5293,True,0.2764582536639237
Placebo,35,5338,True,0.5460339615910281
Placebo,35,5343,True,0.14651042471867454
Placebo,35,5464,True,0.4770382338730849
Placebo,35,5560,True,0.08943363431807563
Placebo,35,5719,True,0.0
Placebo,35,6055,True,0.0
Placebo,35,6121,True,0.4440871352240979
Placebo,35,6128,True,0.0950897783164808
Placebo,35,6197,True,0.1006065941488876
Placebo,35,6336,True,0.26977175334526116
Placebo,35,6577,True,0.40814009622161473
Placebo,35,6717,True,0.0
Placebo,35,6906,False,0.0
Placebo,35,8550,True,0.0
Placebo,35,8576,True,0.2923499992529849
Placebo,35,8790,False,0.0
Placebo,35,8840,False,0.0
Placebo,35,8878,True,0.3010299956639808
Placebo,35,9337,True,0.0
Placebo,35,9501,True,0.3844676800519002
Placebo,35,9512,False,0.0
Placebo,35,45,True,0.16787608117542757
Placebo,35,199,True,0.0
Placebo,35,458,True,0.3092402053588194
Placebo,35,564,True,0.5975872141774654
Placebo,35,717,True,0.1681275362711174
Placebo,35,1109,True,0.8024624223631047
Placebo,35,1576,True,0.0
Placebo,35,1711,True,0.0
Placebo,35,1868,True,0.0
Placebo,35,1942,True,0.14410005584193936
Placebo,35,2001,True,0.5216665747946867
Placebo,35,2217,True,0.39430746811827516
Placebo,35,2354,True,0.49331206158120094
Placebo,35,2761,True,0.3903800499921017
Placebo,35,2980,True,0.0
Placebo,35,3021,True,0.16824036448806914
Placebo,35,3030,True,0.3333333333333335
Placebo,35,3046,True,0.0
Placebo,35,3050,True,0.6008736728875398
Placebo,35,3288,True,0.3707478452402588
Placebo,35,3302,True,0.22034952371292285
Placebo,35,3794,True,0.0
Placebo,35,3920,True,0.16957603526698528
Placebo,35,3965,True,0.111790044842754
Placebo,35,4193,True,0.2343258582304696
Placebo,35,4294,True,0.08036018528064796
Placebo,35,4383,True,0.14082879395484596
Placebo,35,4474,True,0.14975335325636577
Placebo,35,5068,True,0.16165943362804033
Placebo,35,5258,True,0.07328439752622516
Placebo,35,5306,True,0.5424759353395378
Placebo,35,5323,True,0.5534063030341045
Placebo,35,5421,True,0.46088225547521783
Placebo,35,5766,True,0.35285986397881364
Placebo,35,5877,True,0.22289929399657574
Placebo,35,5887,True,0.02887260456425471
Placebo,35,6126,True,0.0
Placebo,35,6190,True,0.3778600529545348
Placebo,35,6224,True,0.4323181322709948
Placebo,35,6465,True,0.0
Placebo,35,6853,True,0.4038221261332812
Placebo,35,6949,True,0.5167524812836458
Placebo,35,7107,True,0.25476470751047553
Placebo,35,7240,False,0.0
Placebo,35,7937,True,0.5010895291650416
Placebo,35,8015,True,0.0
Placebo,35,8066,True,0.3302379789809027
Placebo,35,8202,True,0.13098590574145735
Placebo,35,8321,True,0.16735462958596575
Placebo,35,9222,True,0.0
Placebo,35,9453,True,0.44924885843107853
Placebo,35,73,True,0.0
Placebo,35,390,True,0.18985022637789695
Placebo,35,424,True,0.0
Placebo,35,715,True,0.5567330056584889
Placebo,35,915,False,0.0
Placebo,35,1579,True,0.0
Placebo,35,1643,True,0.0
Placebo,35,1679,True,0.20058578177358588
Placebo,35,1982,True,0.21984075265892652
Placebo,35,2027,True,0.35398009868067587
Placebo,35,2211,True,0.3868528072345415
Placebo,35,2228,True,0.10968072647875968
Placebo,35,2352,True,0.0
Placebo,35,2520,True,0.03683186995726716
Placebo,35,2573,True,0.27058427781116956
Placebo,35,2630,True,0.45836390070446287
Placebo,35,2666,True,0.3847368188672701
Placebo,35,2745,True,0.0
Placebo,35,3149,True,0.2699639654881077
Placebo,35,3369,True,0.19601013953363156
Placebo,35,3617,True,0.3228809282147537
Placebo,35,3862,True,0.0
Placebo,35,4124,True,0.15011866325607978
Placebo,35,4218,True,0.17072583292845056
Placebo,35,4268,True,0.12013281327335872
Placebo,35,4452,True,0.3239134396887189
Placebo,35,4522,True,0.3656889961440584
Placebo,35,4784,True,0.4870300242379371
Placebo,35,5139,False,0.0
Placebo,35,5438,True,0.0
Placebo,35,5565,True,0.0
Placebo,35,5684,True,0.0884104856384033
Placebo,35,5775,True,0.19212203245541126
Placebo,35,6110,True,0.2405532387069397
Placebo,35,6488,True,0.0
Placebo,35,6590,True,0.0
Placebo,35,6793,True,0.2807721888661444
Placebo,35,7090,True,0.0
Placebo,35,7112,True,0.03761504711631172
Placebo,35,7167,True,0.40708062370720965
Placebo,35,7287,True,0.44720365992970423
Placebo,35,7370,True,0.21338225226917754
Placebo,35,7547,True,0.30823118433194163
Placebo,35,7589,True,0.09580676915973217
Placebo,35,7622,True,0.0576901476090013
Placebo,35,7640,True,0.0
Placebo,35,7757,True,0.09607886386638907
Placebo,35,8162,True,0.28268212833748274
Placebo,35,8508,True,0.26406812257259077
Placebo,35,8597,True,0.46137133393093016
Placebo,35,8771,False,0.0
Placebo,35,288,True,0.3997465390913313
Placebo,35,635,True,0.35794002969633554
Placebo,35,654,True,0.0
Placebo,35,699,True,0.1593969629423632
Placebo,35,743,True,0.28457545343432605
Placebo,35,946,True,0.0
Placebo,35,976,False,0.0
Placebo,35,1144,True,0.8701249883466594
Placebo,35,1187,True,0.25625405688503766
Placebo,35,1384,True,0.1809074917818078
Placebo,35,1415,True,0.2892719745957038
Placebo,35,1443,True,0.4779844193582273
Placebo,35,1629,True,0.5585075862632191
Placebo,35,1684,True,0.0
Placebo,35,1802,True,0.09959151050478184
Placebo,35,1914,True,0.5680801037474182
Placebo,35,2046,True,0.28114630155850584
Placebo,35,2071,True,0.23230604393401819
Placebo,35,2340,True,0.08916963639944173
Placebo,35,2749,True,0.15963160523529663
Placebo,35,3517,True,0.3708551273632946
Placebo,35,3758,True,0.0
Placebo,35,4110,True,0.2820460470092947
Placebo,35,4111,True,0.0
Placebo,35,4144,True,0.06391626725099625
Placebo,35,5021,True,0.2857873939810358
Placebo,35,5032,True,0.2442882914408673
Placebo,35,5096,True,0.22653498390896323
Placebo,35,5109,True,0.5825780196831088
Placebo,35,5114,True,0.22754083620157634
Placebo,35,5977,True,0.0
Placebo,35,5984,True,0.6208411692090559
Placebo,35,6353,True,0.32227224912195473
Placebo,35,6373,True,0.15128252884720722
Placebo,35,6539,True,0.0
Placebo,35,6554,True,0.6315236449303157
Placebo,35,6884,False,0.0
Placebo,35,6955,True,0.05599760197753907
Placebo,35,7020,True,0.43094736901973413
Placebo,35,7029,True,0.31488013066763093
Placebo,35,7280,True,0.403030283801005
Placebo,35,7394,True,0.08097835992217972
Placebo,35,7795,True,0.24634109589756562
Placebo,35,8108,True,0.17498338897571042
Placebo,35,8560,True,0.5446399977514897
Placebo,35,8632,True,0.1341434758869832
Placebo,35,8657,True,0.0
Placebo,35,8777,True,0.355888138336144
Placebo,35,9151,True,0.0
Placebo,35,9609,False,0.0
Placebo,36,102,True,0.5747055878159754
Placebo,36,314,True,0.27868507703736256
Placebo,36,1068,True,0.11867283467733049
Placebo,36,1525,True,0.040683756096346925
Placebo,36,1795,True,0.23932209196737672
Placebo,36,1929,True,0.5543982572098439
Placebo,36,1931,True,0.2825204134444435
Placebo,36,1991,True,0.1786434428120796
Placebo,36,2528,True,0.39508040375538056
Placebo,36,2697,True,0.35928084892379014
Placebo,36,2834,True,0.5204358436629998
Placebo,36,2845,True,0.3512708502647884
Placebo,36,3031,True,0.14674551794757526
Placebo,36,3250,True,0.23031202214486032
Placebo,36,3308,True,0.40303028380100486
Placebo,36,3402,True,0.0
Placebo,36,3426,True,0.2471168871120522
Placebo,36,3449,True,0.2095535659493615
Placebo,36,3756,True,0.13165320328696942
Placebo,36,4141,True,0.5813315643148486
Placebo,36,4210,True,0.13347537859706934
Placebo,36,4516,True,0.0
Placebo,36,4692,True,0.0
Placebo,36,4700,False,0.0
Placebo,36,4910,False,0.0
Placebo,36,4962,False,0.0
Placebo,36,5275,True,0.0705765905280097
Placebo,36,5671,True,0.17856398014341443
Placebo,36,5683,True,0.510069131458292
Placebo,36,6067,True,0.5624520950006053
Placebo,36,6378,True,0.3484589849100587
Placebo,36,6495,True,0.17041884730592377
Placebo,36,6868,True,0.3652725204029872
Placebo,36,6880,True,0.23437157556504293
Placebo,36,7144,True,0.1045916911177273
Placebo,36,7413,True,0.35619843634599835
Placebo,36,7526,True,0.3868528072345415
Placebo,36,7531,True,0.0
Placebo,36,7577,True,0.0
Placebo,36,7621,True,0.11768826558093264
Placebo,36,8198,True,0.1451059496881961
Placebo,36,8442,True,0.14530060365851008
Placebo,36,8452,True,0.25138818409266683
Placebo,36,8476,True,0.19652757478497332
Placebo,36,8541,True,0.330901573462205
Placebo,36,8802,True,0.33235481135516753
Placebo,36,8816,True,0.0
Placebo,36,8852,False,0.0
Placebo,36,9099,True,0.0
Placebo,36,9479,True,0.0
Placebo,36,9625,False,0.0
Placebo,36,96,True,0.0
Placebo,36,171,True,0.15894443650285983
Placebo,36,328,False,0.0
Placebo,36,387,True,0.201878906520566
Placebo,36,754,False,0.0
Placebo,36,983,True,0.39727935571950346
Placebo,36,1039,True,0.40884592073416615
Placebo,36,1098,True,0.1310698942808526
Placebo,36,1120,True,0.0
Placebo,36,1275,True,0.37682380311933983
Placebo,36,1343,True,1.0
Placebo,36,1483,True,0.2529126359222485
Placebo,36,2005,True,0.09803928583135697
Placebo,36,2048,True,0.5189416062205412
Placebo,36,2379,True,0.42572390883738886
Placebo,36,2516,True,0.42412199439078746
Placebo,36,2601,True,0.16533627842589066
Placebo,36,3210,True,0.3983723674606632
Placebo,36,3601,False,0.0
Placebo,36,3729,True,0.22795787321282804
Placebo,36,3832,True,0.35514623956413427
Placebo,36,4104,True,0.120013679648517
Placebo,36,4286,True,0.5662988166051873
Placebo,36,4329,True,0.0
Placebo,36,4553,True,0.11853000556688278
Placebo,36,4790,True,0.0
Placebo,36,4844,True,0.0
Placebo,36,4994,True,0.10075757095025129
Placebo,36,5020,True,0.5387476571251977
Placebo,36,5293,True,0.035331264752359905
Placebo,36,5338,True,0.22003337023909716
Placebo,36,5343,True,0.13424155544535724
Placebo,36,5464,True,0.0
Placebo,36,5560,True,0.143461234668952
Placebo,36,5719,True,0.1291636783717036
Placebo,36,6055,True,0.3800937667159343
Placebo,36,6121,True,0.4244868525545519
Placebo,36,6128,True,0.27954320629021157
Placebo,36,6197,True,0.12048837535491917
Placebo,36,6336,True,0.06362078819895167
Placebo,36,6577,True,0.4245686927928913
Placebo,36,6717,True,0.0
Placebo,36,6906,False,0.0
Placebo,36,8550,True,0.0
Placebo,36,8576,True,0.20234123920663835
Placebo,36,8790,False,0.0
Placebo,36,8840,False,0.0
Placebo,36,8878,True,0.0
Placebo,36,9337,True,0.09797563950575583
Placebo,36,9501,True,0.3258847141547891
Placebo,36,9512,False,0.0
Placebo,36,45,True,0.21236222583951214
Placebo,36,199,True,0.6309297535714573
Placebo,36,458,True,0.49101330789620024
Placebo,36,564,True,0.5348936600345559
Placebo,36,717,True,0.0
Placebo,36,1109,True,0.7777810578748414
Placebo,36,1576,True,0.21794727192609312
Placebo,36,1711,True,0.0
Placebo,36,1868,True,0.0
Placebo,36,1942,True,0.2405245883373548
Placebo,36,2001,True,0.34579139094317407
Placebo,36,2217,True,0.07989569279756419
Placebo,36,2354,True,0.4742298660490747
Placebo,36,2761,True,0.11751610475642699
Placebo,36,2980,True,0.0
Placebo,36,3021,True,0.20880221481804226
Placebo,36,3030,True,0.0
Placebo,36,3046,True,0.0
Placebo,36,3050,True,0.488816656438863
Placebo,36,3288,True,0.11423042122471365
Placebo,36,3302,True,0.1397716031451058
Placebo,36,3794,True,0.6309297535714573
Placebo,36,3920,True,0.16873370560161988
Placebo,36,3965,True,0.049941400570997205
Placebo,36,4193,True,0.22883924989280766
Placebo,36,4294,True,0.0
Placebo,36,4383,True,0.46561329628546927
Placebo,36,4474,True,0.20749356420603088
Placebo,36,5068,True,0.3419933504798844
Placebo,36,5258,True,0.0
Placebo,36,5306,True,0.5206309655018205
Placebo,36,5323,True,0.47075802197094485
Placebo,36,5421,True,0.4191131802685705
Placebo,36,5766,True,0.17905493994330593
Placebo,36,5877,True,0.23513869987079639
Placebo,36,5887,True,0.2031926591658812
Placebo,36,6126,True,0.4306765580733929
Placebo,36,6190,True,0.3998781335758539
Placebo,36,6224,True,0.5978648157799347
Placebo,36,6465,True,0.0
Placebo,36,6853,True,0.3884203613502348
Placebo,36,6949,True,0.6750640951755424
Placebo,36,7107,True,0.07778487414574674
Placebo,36,7240,False,0.0
Placebo,36,7937,True,0.2526801722185995
Placebo,36,8015,True,0.2960819109658652
Placebo,36,8066,True,0.24288508782082577
Placebo,36,8202,True,0.14121383358907724
Placebo,36,8321,True,0.06943122193677725
Placebo,36,9222,True,0.1305569638500157
Placebo,36,9453,True,0.5709293199553553
Placebo,36,73,True,0.13755548414400526
Placebo,36,390,True,0.6268877210551488
Placebo,36,424,True,0.0
Placebo,36,715,True,0.2561784147836669
Placebo,36,915,False,0.0
Placebo,36,1579,True,0.0
Placebo,36,1643,True,0.0
Placebo,36,1679,True,0.30550840600032225
Placebo,36,1982,True,0.0
Placebo,36,2027,True,0.10063273078579874
Placebo,36,2211,True,0.30657359638272924
Placebo,36,2228,True,0.36045214104876716
Placebo,36,2352,True,0.0
Placebo,36,2520,True,0.415617447187586
Placebo,36,2573,True,0.10200393687509891
Placebo,36,2630,True,0.4397026925462818
Placebo,36,2666,True,0.20323160666093484
Placebo,36,2745,True,0.2904870594804232
Placebo,36,3149,True,0.3004761908511022
Placebo,36,3369,True,0.21867623957515508
Placebo,36,3617,True,0.15635099899798088
Placebo,36,3862,True,0.1759255988979511
Placebo,36,4124,True,0.25592937020600276
Placebo,36,4218,True,0.36693300768957504
Placebo,36,4268,True,0.1345283892224352
Placebo,36,4452,True,0.1598734609496446
Placebo,36,4522,True,0.2732910105940004
Placebo,36,4784,True,0.22279056267863764
Placebo,36,5139,False,0.0
Placebo,36,5438,True,0.22762622895961593
Placebo,36,5565,True,0.059680502654175877
Placebo,36,5684,True,0.0
Placebo,36,5775,True,0.2501737101839677
Placebo,36,6110,True,0.1643015918656844
Placebo,36,6488,True,0.0
Placebo,36,6590,True,0.0
Placebo,36,6793,True,0.2807721888661444
Placebo,36,7090,True,0.10428852969311572
Placebo,36,7112,True,0.11284514134893517
Placebo,36,7167,True,0.49866111392844426
Placebo,36,7287,True,0.568134851907531
Placebo,36,7370,True,0.39830945696150094
Placebo,36,7547,True,0.12987501165334064
Placebo,36,7589,True,0.0
Placebo,36,7622,True,0.0
Placebo,36,7640,True,0.35620718710802235
Placebo,36,7757,True,0.06052362090625398
Placebo,36,8162,True,0.46608204591455643
Placebo,36,8508,True,0.4029831335977323
Placebo,36,8597,True,0.693924136445156
Placebo,36,8771,False,0.0
Placebo,36,288,True,0.39923869371143905
Placebo,36,635,True,0.3214113076924987
Placebo,36,654,True,0.0
Placebo,36,699,True,0.35970991185182927
Placebo,36,743,True,0.53126577179614
Placebo,36,946,True,0.0
Placebo,36,976,False,0.0
Placebo,36,1144,True,0.5490184305980271
Placebo,36,1187,True,0.20453852209863707
Placebo,36,1384,True,0.26406812257259077
Placebo,36,1415,True,0.42520843362602373
Placebo,36,1443,True,0.3707473633794916
Placebo,36,1629,True,0.11284514134893517
Placebo,36,1684,True,0.25326335410655304
Placebo,36,1802,True,0.24911290917044088
Placebo,36,1914,True,0.5861837032204231
Placebo,36,2046,True,0.0
Placebo,36,2071,True,0.0
Placebo,36,2340,True,0.1279104797062542
Placebo,36,2749,True,0.07066252950471981
Placebo,36,3517,True,0.31966547583059396
Placebo,36,3758,True,0.12081130269949425
Placebo,36,4110,True,0.17723928678404763
Placebo,36,4111,True,0.0
Placebo,36,4144,True,0.1278325345019925
Placebo,36,5021,True,0.3696455177416567
Placebo,36,5032,True,0.06174580461097321
Placebo,36,5096,True,0.16222621498951437
Placebo,36,5109,True,0.4693195481017891
Placebo,36,5114,True,0.09232555472959778
Placebo,36,5977,True,0.0
Placebo,36,5984,True,0.2398124665681314
Placebo,36,6353,True,0.3911327856211922
Placebo,36,6373,True,0.12737140874229597
Placebo,36,6539,True,0.0
Placebo,36,6554,True,0.4079756425946857
Placebo,36,6884,False,0.0
Placebo,36,6955,True,0.05987267113719375
Placebo,36,7020,True,0.46080086551066224
Placebo,36,7029,True,0.1497958409967441
Placebo,36,7280,True,0.0
Placebo,36,7394,True,0.18334703680059297
Placebo,36,7795,True,0.4260664829937617
Placebo,36,8108,True,0.0
Placebo,36,8560,True,0.13248815200072184
Placebo,36,8632,True,0.24550500476144763
Placebo,36,8657,True,0.09918021406520994
Placebo,36,8777,True,0.4202356312170429
Placebo,36,9151,True,0.0
Placebo,36,9609,False,0.0
Placebo,37,102,True,0.5653376668076165
Placebo,37,314,True,0.460284386468943
Placebo,37,1068,True,0.03285554183355297
Placebo,37,1525,True,0.0
Placebo,37,1795,True,0.17268201640137681
Placebo,37,1929,True,0.23796135924578535
Placebo,37,1931,True,0.23899849390263334
Placebo,37,1991,True,0.07117026412480269
Placebo,37,2528,True,0.3616426136984568
Placebo,37,2697,True,0.07979453856244821
Placebo,37,2834,True,0.39469730443369344
Placebo,37,2845,True,0.22209606010223656
Placebo,37,3031,True,0.0
Placebo,37,3250,True,0.04681599109282455
Placebo,37,3308,True,0.14230993471337733
Placebo,37,3402,True,0.0
Placebo,37,3426,True,0.0
Placebo,37,3449,True,0.5844364806442732
Placebo,37,3756,True,0.19104335785792123
Placebo,37,4141,True,0.5221743346931965
Placebo,37,4210,True,0.31144255005982846
Placebo,37,4516,True,0.32739495038873945
Placebo,37,4692,True,0.0
Placebo,37,4700,False,0.0
Placebo,37,4910,False,0.0
Placebo,37,4962,False,0.0
Placebo,37,5275,True,0.30201943382733804
Placebo,37,5671,True,0.0
Placebo,37,5683,True,0.41902014904810087
Placebo,37,6067,True,0.2680367718412219
Placebo,37,6378,True,0.36689223175333574
Placebo,37,6495,True,0.3718565625883507
Placebo,37,6868,True,0.454321888962351
Placebo,37,6880,True,0.0
Placebo,37,7144,True,0.0
Placebo,37,7413,True,0.36726465889930837
Placebo,37,7526,True,0.0
Placebo,37,7531,True,0.0
Placebo,37,7577,True,0.0
Placebo,37,7621,True,0.06253780494345093
Placebo,37,8198,True,0.33519667160144145
Placebo,37,8442,True,0.0
Placebo,37,8452,True,0.3260136792090031
Placebo,37,8476,True,0.38062652754129855
Placebo,37,8541,True,0.6886454201305169
Placebo,37,8802,True,0.27978525788800074
Placebo,37,8816,True,0.0
Placebo,37,8852,False,0.0
Placebo,37,9099,True,0.08215840541654096
Placebo,37,9479,True,0.0
Placebo,37,9625,False,0.0
Placebo,37,96,True,0.30657359638272924
Placebo,37,171,True,0.4420549632022337
Placebo,37,328,False,0.0
Placebo,37,387,True,0.06729296884018869
Placebo,37,754,False,0.0
Placebo,37,983,True,0.26523385548141565
Placebo,37,1039,True,0.27118200771001744
Placebo,37,1098,True,0.057290000967676585
Placebo,37,1120,True,0.08116136400948519
Placebo,37,1275,True,0.47496885512511017
Placebo,37,1343,True,0.0
Placebo,37,1483,True,0.1137450683926103
Placebo,37,2005,True,0.2139862647345275
Placebo,37,2048,True,0.4671318531105592
Placebo,37,2379,True,0.783193255594254
Placebo,37,2516,True,0.3387190656234559
Placebo,37,2601,True,0.30022164167598925
Placebo,37,3210,True,0.11786235012621753
Placebo,37,3601,False,0.0
Placebo,37,3729,True,0.5433427024098514
Placebo,37,3832,True,0.19557122755560397
Placebo,37,4104,True,0.06124284226709497
Placebo,37,4286,True,0.546917250501545
Placebo,37,4329,True,0.054935869330126626
Placebo,37,4553,True,0.15232257932946244
Placebo,37,4790,True,0.17723928678404763
Placebo,37,4844,True,0.0
Placebo,37,4994,True,0.0
Placebo,37,5020,True,0.5761184765908529
Placebo,37,5293,True,0.040742031470253154
Placebo,37,5338,True,0.518572349102092
Placebo,37,5343,True,0.040742031470253154
Placebo,37,5464,True,0.0
Placebo,37,5560,True,0.3761567336703225
Placebo,37,5719,True,0.13347537859706934
Placebo,37,6055,True,0.0
Placebo,37,6121,True,0.15457433957839825
Placebo,37,6128,True,0.13039845467916966
Placebo,37,6197,True,0.14668517025188832
Placebo,37,6336,True,0.6376835580860504
Placebo,37,6577,True,0.3646022467763553
Placebo,37,6717,True,0.0
Placebo,37,6906,False,0.0
Placebo,37,8550,True,0.0
Placebo,37,8576,True,0.3177743109815702
Placebo,37,8790,False,0.0
Placebo,37,8840,False,0.0
Placebo,37,8878,True,0.0
Placebo,37,9337,True,0.15127730706054898
Placebo,37,9501,True,0.5295660932209824
Placebo,37,9512,False,0.0
Placebo,37,45,True,0.20833482684714788
Placebo,37,199,True,0.0
Placebo,37,458,True,0.4601728030815243
Placebo,37,564,True,0.5968286061259781
Placebo,37,717,True,0.11284514134893517
Placebo,37,1109,True,0.43403346871313253
Placebo,37,1576,True,0.1462892511287546
Placebo,37,1711,True,0.0
Placebo,37,1868,True,0.0
Placebo,37,1942,True,0.0837434106227717
Placebo,37,2001,True,0.11167572089045447
Placebo,37,2217,True,0.0
Placebo,37,2354,True,0.22315976309610414
Placebo,37,2761,True,0.0
Placebo,37,2980,True,0.38685280723454163
Placebo,37,3021,True,0.28935971375764064
Placebo,37,3030,True,0.0
Placebo,37,3046,True,0.12830162261101535
Placebo,37,3050,True,0.35846972030936775
Placebo,37,3288,True,0.14342484470735148
Placebo,37,3302,True,0.03858303713187615
Placebo,37,3794,True,0.0
Placebo,37,3920,True,0.12944443782926063
Placebo,37,3965,True,0.08661781369276414
Placebo,37,4193,True,0.29408068133282034
Placebo,37,4294,True,0.2669507571941387
Placebo,37,4383,True,0.44166303015299013
Placebo,37,4474,True,0.2537221375099111
Placebo,37,5068,True,0.26121947401920964
Placebo,37,5258,True,0.0
Placebo,37,5306,True,0.5554433806685612
Placebo,37,5323,True,0.41422503040373754
Placebo,37,5421,True,0.30981067377908733
Placebo,37,5766,True,0.1484114368159081
Placebo,37,5877,True,0.14156760360508
Placebo,37,5887,True,0.2031926591658812
Placebo,37,6126,True,0.0
Placebo,37,6190,True,0.312392255752311
Placebo,37,6224,True,0.12987501165334064
Placebo,37,6465,True,0.0
Placebo,37,6853,True,0.25033185312804523
Placebo,37,6949,True,0.4985939257498187
Placebo,37,7107,True,0.2003596754216331
Placebo,37,7240,False,0.0
Placebo,37,7937,True,0.34264929128864724
Placebo,37,8015,True,0.14126697285982884
Placebo,37,8066,True,0.1617334270185813
Placebo,37,8202,True,0.2400599011746574
Placebo,37,8321,True,0.3595936500360496
Placebo,37,9222,True,0.13755548414400526
Placebo,37,9453,True,0.5604951973920577
Placebo,37,73,True,0.2471168871120522
Placebo,37,390,True,0.293020384671453
Placebo,37,424,True,0.0
Placebo,37,715,True,0.36602461869280256
Placebo,37,915,False,0.0
Placebo,37,1579,True,0.018287385334095678
Placebo,37,1643,True,0.14126697285982884
Placebo,37,1679,True,0.17562418269327693
Placebo,37,1982,True,0.0
Placebo,37,2027,True,0.33071041857054573
Placebo,37,2211,True,0.3868528072345415
Placebo,37,2228,True,0.17222655044710597
Placebo,37,2352,True,0.6309297535714573
Placebo,37,2520,True,0.30639223145370215
Placebo,37,2573,True,0.0
Placebo,37,2630,True,0.527237513956064
Placebo,37,2666,True,0.3639495821578222
Placebo,37,2745,True,0.1247989925273274
Placebo,37,3149,True,0.2992963425823314
Placebo,37,3369,True,0.400907159036051
Placebo,37,3617,True,0.11732715127377438
Placebo,37,3862,True,0.0
Placebo,37,4124,True,0.3150483919325686
Placebo,37,4218,True,0.4794020722078029
Placebo,37,4268,True,0.4227650972319379
Placebo,37,4452,True,0.3338909958444282
Placebo,37,4522,True,0.2388251473454049
Placebo,37,4784,True,0.5358944967558928
Placebo,37,5139,False,0.0
Placebo,37,5438,True,0.20582200105465198
Placebo,37,5565,True,0.0
Placebo,37,5684,True,0.17278042799953658
Placebo,37,5775,True,0.06425604298318159
Placebo,37,6110,True,0.05969015030748495
Placebo,37,6488,True,0.04681599109282455
Placebo,37,6590,True,0.0
Placebo,37,6793,True,0.5894158415507427
Placebo,37,7090,True,0.0
Placebo,37,7112,True,0.0
Placebo,37,7167,True,0.35163328187562903
Placebo,37,7287,True,0.37376799771508135
Placebo,37,7370,True,0.09462596627863408
Placebo,37,7547,True,0.20379533438706723
Placebo,37,7589,True,0.0
Placebo,37,7622,True,0.048753830672500074
Placebo,37,7640,True,0.35620718710802235
Placebo,37,7757,True,0.24914560264786798
Placebo,37,8162,True,0.34593235899765734
Placebo,37,8508,True,0.0
Placebo,37,8597,True,0.4250074037812266
Placebo,37,8771,False,0.0
Placebo,37,288,True,0.46985726917502313
Placebo,37,635,True,0.1675519650041051
Placebo,37,654,True,0.09680784240512989
Placebo,37,699,True,0.03986124671802359
Placebo,37,743,True,0.36453686650910505
Placebo,37,946,True,0.0
Placebo,37,976,False,0.0
Placebo,37,1144,True,0.29171311951647816
Placebo,37,1187,True,0.5057346501503412
Placebo,37,1384,True,0.20438239758848625
Placebo,37,1415,True,0.06362078819895167
Placebo,37,1443,True,0.2588830197398001
Placebo,37,1629,True,0.0
Placebo,37,1684,True,0.07472469692801867
Placebo,37,1802,True,0.0
Placebo,37,1914,True,0.4968649567203623
Placebo,37,2046,True,0.14503789886929047
Placebo,37,2071,True,0.0
Placebo,37,2340,True,0.29181044994360233
Placebo,37,2749,True,0.38993330875221793
Placebo,37,3517,True,0.24707839479729993
Placebo,37,3758,True,0.0
Placebo,37,4110,True,0.0
Placebo,37,4111,True,0.0
Placebo,37,4144,True,0.2026097735578014
Placebo,37,5021,True,0.4123144993714364
Placebo,37,5032,True,0.01670239580756176
Placebo,37,5096,True,0.12643354414941987
Placebo,37,5109,True,0.420001413717168
Placebo,37,5114,True,0.0
Placebo,37,5977,True,0.0
Placebo,37,5984,True,0.4841275646907875
Placebo,37,6353,True,0.27519752171829354
Placebo,37,6373,True,0.26265051287510116
Placebo,37,6539,True,0.0
Placebo,37,6554,True,0.4248302929432962
Placebo,37,6884,False,0.0
Placebo,37,6955,True,0.13521046138463974
Placebo,37,7020,True,0.44086056010427693
Placebo,37,7029,True,0.08996574100558588
Placebo,37,7280,True,0.36088730521284035
Placebo,37,7394,True,0.0
Placebo,37,7795,True,0.10659891976587543
Placebo,37,8108,True,0.43350839549377596
Placebo,37,8560,True,0.39646158446207047
Placebo,37,8632,True,0.14128700792826293
Placebo,37,8657,True,0.05163532490696953
Placebo,37,8777,True,0.6140217102335499
Placebo,37,9151,True,0.0
Placebo,37,9609,False,0.0
Placebo,38,102,True,0.6971011349275443
Placebo,38,314,True,0.14169407361331027
Placebo,38,1068,True,0.11626137680336034
Placebo,38,1525,True,0.14074267220463055
Placebo,38,1795,True,0.17004650596707674
Placebo,38,1929,True,0.3889018362497148
Placebo,38,1931,True,0.07491210085649577
Placebo,38,1991,True,0.0
Placebo,38,2528,True,0.5256348721666616
Placebo,38,2697,True,0.18356658219840252
Placebo,38,2834,True,0.359273664952749
Placebo,38,2845,True,0.3923675251074527
Placebo,38,3031,True,0.3357863797878743
Placebo,38,3250,True,0.5004527245195809
Placebo,38,3308,True,0.21452798905103945
Placebo,38,3402,True,0.0721710575196178
Placebo,38,3426,True,0.2751109682880105
Placebo,38,3449,True,0.21132219494281798
Placebo,38,3756,True,0.10605361599291402
Placebo,38,4141,True,0.11248203843986014
Placebo,38,4210,True,0.0889835857313796
Placebo,38,4516,True,0.0
Placebo,38,4692,True,0.0
Placebo,38,4700,False,0.0
Placebo,38,4910,False,0.0
Placebo,38,4962,False,0.0
Placebo,38,5275,True,0.17070296381389793
Placebo,38,5671,True,0.055064939617090726
Placebo,38,5683,True,0.5055790651605735
Placebo,38,6067,True,0.2632077931449616
Placebo,38,6378,True,0.4776012971079422
Placebo,38,6495,True,0.43840167800366264
Placebo,38,6868,True,0.3759576929710043
Placebo,38,6880,True,0.29079539179135516
Placebo,38,7144,True,0.24085182087182425
Placebo,38,7413,True,0.7190380587139249
Placebo,38,7526,True,0.0
Placebo,38,7531,True,0.0
Placebo,38,7577,True,0.08861964339202381
Placebo,38,7621,True,0.3054237442437036
Placebo,38,8198,True,0.2624184669242078
Placebo,38,8442,True,0.15000813913705477
Placebo,38,8452,True,0.5799169254808381
Placebo,38,8476,True,0.21602514318390964
Placebo,38,8541,True,0.46457949603347704
Placebo,38,8802,True,0.2931375901049005
Placebo,38,8816,True,0.027053788003161727
Placebo,38,8852,False,0.0
Placebo,38,9099,True,0.0
Placebo,38,9479,True,0.11377041810078817
Placebo,38,9625,False,0.0
Placebo,38,96,True,0.0
Placebo,38,171,True,0.29834687804870746
Placebo,38,328,False,0.0
Placebo,38,387,True,0.062228655362841605
Placebo,38,754,False,0.0
Placebo,38,983,True,0.14390376356228696
Placebo,38,1039,True,0.0
Placebo,38,1098,True,0.19031326377064928
Placebo,38,1120,True,0.16150268190834627
Placebo,38,1275,True,0.17197936301159114
Placebo,38,1343,True,0.0
Placebo,38,1483,True,0.1153802952180026
Placebo,38,2005,True,0.12081130269949425
Placebo,38,2048,True,0.23445177653856777
Placebo,38,2379,True,0.5749112062542179
Placebo,38,2516,True,0.3929091992288399
Placebo,38,2601,True,0.27552509444514295
Placebo,38,3210,True,0.1668260431461405
Placebo,38,3601,False,0.0
Placebo,38,3729,True,0.140065695267104
Placebo,38,3832,True,0.2909094174231373
Placebo,38,4104,True,0.11822100770287784
Placebo,38,4286,True,0.24010405990980765
Placebo,38,4329,True,0.0
Placebo,38,4553,True,0.0
Placebo,38,4790,True,0.0
Placebo,38,4844,True,0.0
Placebo,38,4994,True,0.0
Placebo,38,5020,True,0.19921396727168092
Placebo,38,5293,True,0.08148406294050631
Placebo,38,5338,True,0.5444029867578617
Placebo,38,5343,True,0.040742031470253154
Placebo,38,5464,True,0.07950637231218086
Placebo,38,5560,True,0.1556832944355397
Placebo,38,5719,True,0.10327064981393906
Placebo,38,6055,True,0.11441962494640383
Placebo,38,6121,True,0.28634598975246917
Placebo,38,6128,True,0.2138355638777173
Placebo,38,6197,True,0.09790268744042858
Placebo,38,6336,True,0.3125291152215463
Placebo,38,6577,True,0.5600761314656241
Placebo,38,6717,True,0.0
Placebo,38,6906,False,0.0
Placebo,38,8550,True,0.0
Placebo,38,8576,True,0.17949371960903443
Placebo,38,8790,False,0.0
Placebo,38,8840,False,0.0
Placebo,38,8878,True,0.0
Placebo,38,9337,True,0.0
Placebo,38,9501,True,0.27211736433505573
Placebo,38,9512,False,0.0
Placebo,38,45,True,0.21236222583951214
Placebo,38,199,True,0.6309297535714573
Placebo,38,458,True,0.4774860285647679
Placebo,38,564,True,0.7468361107713603
Placebo,38,717,True,0.11751610475642699
Placebo,38,1109,True,0.4208843119697239
Placebo,38,1576,True,0.0
Placebo,38,1711,True,0.0
Placebo,38,1868,True,0.0
Placebo,38,1942,True,0.12621585579067413
Placebo,38,2001,True,0.05253861497588741
Placebo,38,2217,True,0.10907458963273317
Placebo,38,2354,True,0.33941469879738895
Placebo,38,2761,True,0.0
Placebo,38,2980,True,0.0
Placebo,38,3021,True,0.14651704210000663
Placebo,38,3030,True,0.0
Placebo,38,3046,True,0.2305689366383302
Placebo,38,3050,True,0.5024466598289835
Placebo,38,3288,True,0.04048704329239119
Placebo,38,3302,True,0.11428257845677507
Placebo,38,3794,True,0.0
Placebo,38,3920,True,0.17594235679987866
Placebo,38,3965,True,0.021654453423191035
Placebo,38,4193,True,0.32739495038873945
Placebo,38,4294,True,0.0444917928656898
Placebo,38,4383,True,0.2536769341741488
Placebo,38,4474,True,0.0
Placebo,38,5068,True,0.049941400570997205
Placebo,38,5258,True,0.0
Placebo,38,5306,True,0.5257383713373326
Placebo,38,5323,True,0.4280479010989192
Placebo,38,5421,True,0.33347046255260215
Placebo,38,5766,True,0.48901480710240436
Placebo,38,5877,True,0.0
Placebo,38,5887,True,0.11132837047723466
Placebo,38,6126,True,0.38685280723454163
Placebo,38,6190,True,0.4703383809728283
Placebo,38,6224,True,0.08610991699661572
Placebo,38,6465,True,0.0
Placebo,38,6853,True,0.10934867679127507
Placebo,38,6949,True,0.2470502163795525
Placebo,38,7107,True,0.08447695052975515
Placebo,38,7240,False,0.0
Placebo,38,7937,True,0.34971421331210645
Placebo,38,8015,True,0.0
Placebo,38,8066,True,0.25340002903695796
Placebo,38,8202,True,0.39236414039677786
Placebo,38,8321,True,0.554536222739456
Placebo,38,9222,True,0.0
Placebo,38,9453,True,0.46234477160105814
Placebo,38,73,True,0.0
Placebo,38,390,True,0.2730453685815275
Placebo,38,424,True,0.0
Placebo,38,715,True,0.47614095558580455
Placebo,38,915,False,0.0
Placebo,38,1579,True,0.5878505847731386
Placebo,38,1643,True,0.0
Placebo,38,1679,True,0.2870984959725909
Placebo,38,1982,True,0.30701473034246535
Placebo,38,2027,True,0.34646314966361175
Placebo,38,2211,True,0.6131471927654585
Placebo,38,2228,True,0.18421351053904744
Placebo,38,2352,True,0.0
Placebo,38,2520,True,0.09077394133714942
Placebo,38,2573,True,0.11381311447980796
Placebo,38,2630,True,0.40557230549789985
Placebo,38,2666,True,0.10918487464734664
Placebo,38,2745,True,0.23630075321382443
Placebo,38,3149,True,0.11312593763204278
Placebo,38,3369,True,0.23429024810752017
Placebo,38,3617,True,0.21562383204619823
Placebo,38,3862,True,0.02845468555141471
Placebo,38,4124,True,0.0
Placebo,38,4218,True,0.2992209799041961
Placebo,38,4268,True,0.22964598426467303
Placebo,38,4452,True,0.05109165667032166
Placebo,38,4522,True,0.25828884173329036
Placebo,38,4784,True,0.4639359087903
Placebo,38,5139,False,0.0
Placebo,38,5438,True,0.16788429622804935
Placebo,38,5565,True,0.0
Placebo,38,5684,True,0.057959913024345
Placebo,38,5775,True,0.14449741525454834
Placebo,38,6110,True,0.0
Placebo,38,6488,True,0.10218331334064332
Placebo,38,6590,True,0.0
Placebo,38,6793,True,0.0
Placebo,38,7090,True,0.06012983951359326
Placebo,38,7112,True,0.19519002499605084
Placebo,38,7167,True,0.4336098019843051
Placebo,38,7287,True,0.45213686311614615
Placebo,38,7370,True,0.0
Placebo,38,7547,True,0.16973397118540903
Placebo,38,7589,True,0.0
Placebo,38,7622,True,0.13950192531885097
Placebo,38,7640,True,0.0
Placebo,38,7757,True,0.16991128505192055
Placebo,38,8162,True,0.4438233709820597
Placebo,38,8508,True,0.5109559939712155
Placebo,38,8597,True,0.5504904744673316
Placebo,38,8771,False,0.0
Placebo,38,288,True,0.21130419396099787
Placebo,38,635,True,0.2700055805215269
Placebo,38,654,True,0.0
Placebo,38,699,True,0.13305201013572898
Placebo,38,743,True,0.3307133659968289
Placebo,38,946,True,0.0
Placebo,38,976,False,0.0
Placebo,38,1144,True,0.5933607200949346
Placebo,38,1187,True,0.25998037008177416
Placebo,38,1384,True,0.0
Placebo,38,1415,True,0.41619973087010365
Placebo,38,1443,True,0.32156826844810094
Placebo,38,1629,True,0.19519002499605084
Placebo,38,1684,True,0.09021422696383827
Placebo,38,1802,True,0.04018009264032398
Placebo,38,1914,True,0.5393802811344605
Placebo,38,2046,True,0.0
Placebo,38,2071,True,0.0
Placebo,38,2340,True,0.10633668103022988
Placebo,38,2749,True,0.03606249271142806
Placebo,38,3517,True,0.10502960579996924
Placebo,38,3758,True,0.10699313236726382
Placebo,38,4110,True,0.18457569677956798
Placebo,38,4111,True,0.0
Placebo,38,4144,True,0.0
Placebo,38,5021,True,0.3665017772190546
Placebo,38,5032,True,0.08667119424551134
Placebo,38,5096,True,0.03903176795733901
Placebo,38,5109,True,0.2223091567602813
Placebo,38,5114,True,0.0
Placebo,38,5977,True,0.0
Placebo,38,5984,True,0.0
Placebo,38,6353,True,0.27004160776850145
Placebo,38,6373,True,0.09647101436549495
Placebo,38,6539,True,0.0
Placebo,38,6554,True,0.1918165764591883
Placebo,38,6884,False,0.0
Placebo,38,6955,True,0.1987446314873262
Placebo,38,7020,True,0.3075452113087566
Placebo,38,7029,True,0.17184834569607269
Placebo,38,7280,True,0.10075757095025129
Placebo,38,7394,True,0.13351697489806713
Placebo,38,7795,True,0.26877070078126336
Placebo,38,8108,True,0.3544604940615278
Placebo,38,8560,True,0.4830040924541233
Placebo,38,8632,True,0.22596563386671917
Placebo,38,8657,True,0.0
Placebo,38,8777,True,0.48203687031525716
Placebo,38,9151,True,0.0
Placebo,38,9609,False,0.0
Placebo,39,102,True,0.7641616656875091
Placebo,39,314,True,0.21655020859463528
Placebo,39,1068,True,0.19682836491904004
Placebo,39,1525,True,0.040683756096346925
Placebo,39,1795,True,0.23613589470783775
Placebo,39,1929,True,0.361098805129364
Placebo,39,1931,True,0.04420524281920165
Placebo,39,1991,True,0.0
Placebo,39,2528,True,0.39583395438825564
Placebo,39,2697,True,0.1995881898277385
Placebo,39,2834,True,0.31674085712901984
Placebo,39,2845,True,0.3247540740942192
Placebo,39,3031,True,0.09456701548023279
Placebo,39,3250,True,0.34044274111153927
Placebo,39,3308,True,0.1596969716198995
Placebo,39,3402,True,0.3039146603367021
Placebo,39,3426,True,0.0
Placebo,39,3449,True,0.08928199007170722
Placebo,39,3756,True,0.4250642705866833
Placebo,39,4141,True,0.5328536524623723
Placebo,39,4210,True,0.3711687540273234
Placebo,39,4516,True,0.2197434773205065
Placebo,39,4692,True,0.5
Placebo,39,4700,False,0.0
Placebo,39,4910,False,0.0
Placebo,39,4962,False,0.0
Placebo,39,5275,True,0.11120921322406253
Placebo,39,5671,True,0.0
Placebo,39,5683,True,0.1610425878239397
Placebo,39,6067,True,0.43032875906333995
Placebo,39,6378,True,0.2395791570113172
Placebo,39,6495,True,0.28951353576211375
Placebo,39,6868,True,0.42514428468570287
Placebo,39,6880,True,0.0
Placebo,39,7144,True,0.0
Placebo,39,7413,True,0.3447432040793528
Placebo,39,7526,True,0.0
Placebo,39,7531,True,0.0
Placebo,39,7577,True,0.17723928678404763
Placebo,39,7621,True,0.26619432238339275
Placebo,39,8198,True,0.3281097447179643
Placebo,39,8442,True,0.07809742170892058
Placebo,39,8452,True,0.29339102956551705
Placebo,39,8476,True,0.25810421612773937
Placebo,39,8541,True,0.44988737637276555
Placebo,39,8802,True,0.3931863575260498
Placebo,39,8816,True,0.0
Placebo,39,8852,False,0.0
Placebo,39,9099,True,0.0
Placebo,39,9479,True,0.40303028380100486
Placebo,39,9625,False,0.0
Placebo,39,96,True,0.25063291767094353
Placebo,39,171,True,0.4786353680052495
Placebo,39,328,False,0.0
Placebo,39,387,True,0.2628167071126645
Placebo,39,754,False,0.0
Placebo,39,983,True,0.11003698266290607
Placebo,39,1039,True,0.2685529228900212
Placebo,39,1098,True,0.19369752095583895
Placebo,39,1120,True,0.0
Placebo,39,1275,True,0.5798239882907584
Placebo,39,1343,True,0.0
Placebo,39,1483,True,0.09158083663141148
Placebo,39,2005,True,0.0
Placebo,39,2048,True,0.36796956821204996
Placebo,39,2379,True,0.45493283776396665
Placebo,39,2516,True,0.30713943069966154
Placebo,39,2601,True,0.04538697066857471
Placebo,39,3210,True,0.35303367846479333
Placebo,39,3601,False,0.0
Placebo,39,3729,True,0.1465831889445059
Placebo,39,3832,True,0.30755536111167375
Placebo,39,4104,True,0.047264273332909064
Placebo,39,4286,True,0.2538612332238242
Placebo,39,4329,True,0.0
Placebo,39,4553,True,0.08478905019642406
Placebo,39,4790,True,0.0
Placebo,39,4844,True,0.0
Placebo,39,4994,True,0.0
Placebo,39,5020,True,0.14624099167425852
Placebo,39,5293,True,0.0737886834907648
Placebo,39,5338,True,0.49252573303389474
Placebo,39,5343,True,0.07066252950471981
Placebo,39,5464,True,0.09227178996600535
Placebo,39,5560,True,0.176775845909492
Placebo,39,5719,True,0.13347537859706934
Placebo,39,6055,True,0.0
Placebo,39,6121,True,0.6622616908373967
Placebo,39,6128,True,0.16934377101202755
Placebo,39,6197,True,0.15452904585416838
Placebo,39,6336,True,0.3447295109507259
Placebo,39,6577,True,0.7590500797374221
Placebo,39,6717,True,0.0
Placebo,39,6906,False,0.0
Placebo,39,8550,True,0.0
Placebo,39,8576,True,0.13995992667241436
Placebo,39,8790,False,0.0
Placebo,39,8840,False,0.0
Placebo,39,8878,True,0.4306765580733929
Placebo,39,9337,True,0.41305473970168133
Placebo,39,9501,True,0.459082823391373
Placebo,39,9512,False,0.0
Placebo,39,45,True,0.09266867807584149
Placebo,39,199,True,0.0
Placebo,39,458,True,0.23953439353965275
Placebo,39,564,True,0.5581029960575228
Placebo,39,717,True,0.0
Placebo,39,1109,True,0.6024558747563769
Placebo,39,1576,True,0.216417212592778
Placebo,39,1711,True,0.0
Placebo,39,1868,True,0.0
Placebo,39,1942,True,0.24600166274918026
Placebo,39,2001,True,0.22461013156664808
Placebo,39,2217,True,0.0
Placebo,39,2354,True,0.48724753710847724
Placebo,39,2761,True,0.0
Placebo,39,2980,True,0.0
Placebo,39,3021,True,0.14544527281380082
Placebo,39,3030,True,0.0
Placebo,39,3046,True,0.4114356354945556
Placebo,39,3050,True,0.5024682298534184
Placebo,39,3288,True,0.0
Placebo,39,3302,True,0.22749305575420256
Placebo,39,3794,True,0.0
Placebo,39,3920,True,0.12707779032043007
Placebo,39,3965,True,0.053368457452889664
Placebo,39,4193,True,0.0
Placebo,39,4294,True,0.2138355638777173
Placebo,39,4383,True,0.1516691227094855
Placebo,39,4474,True,0.153490273005236
Placebo,39,5068,True,0.3052324637469127
Placebo,39,5258,True,0.0
Placebo,39,5306,True,0.6182942503555626
Placebo,39,5323,True,0.19748957836001024
Placebo,39,5421,True,0.5267477517356282
Placebo,39,5766,True,0.28573445763090793
Placebo,39,5877,True,0.0
Placebo,39,5887,True,0.20548838695160887
Placebo,39,6126,True,0.0
Placebo,39,6190,True,0.4487154827871924
Placebo,39,6224,True,0.22119341301481274
Placebo,39,6465,True,0.0
Placebo,39,6853,True,0.0
Placebo,39,6949,True,0.3438366805718716
Placebo,39,7107,True,0.0
Placebo,39,7240,False,0.0
Placebo,39,7937,True,0.28071872112207047
Placebo,39,8015,True,0.0
Placebo,39,8066,True,0.31511671061776764
Placebo,39,8202,True,0.2637503248055014
Placebo,39,8321,True,0.13763324658122025
Placebo,39,9222,True,0.0
Placebo,39,9453,True,0.6625414586947446
Placebo,39,73,True,0.09614715734857844
Placebo,39,390,True,0.3401418420696599
Placebo,39,424,True,0.0
Placebo,39,715,True,0.44323789680686576
Placebo,39,915,False,0.0
Placebo,39,1579,True,0.17983523498670725
Placebo,39,1643,True,0.0
Placebo,39,1679,True,0.3108830591612484
Placebo,39,1982,True,0.4207758007835482
Placebo,39,2027,True,0.1931331085593736
Placebo,39,2211,True,0.30657359638272924
Placebo,39,2228,True,0.0419214060382059
Placebo,39,2352,True,0.0
Placebo,39,2520,True,0.18935744919705857
Placebo,39,2573,True,0.0543026559841585
Placebo,39,2630,True,0.48133538457947095
Placebo,39,2666,True,0.10918487464734664
Placebo,39,2745,True,0.19933074872391887
Placebo,39,3149,True,0.6701385047314972
Placebo,39,3369,True,0.32768444684136727
Placebo,39,3617,True,0.07362322034364345
Placebo,39,3862,True,0.06210685669229227
Placebo,39,4124,True,0.22331495056237735
Placebo,39,4218,True,0.0
Placebo,39,4268,True,0.1555083551168325
Placebo,39,4452,True,0.048753830672500074
Placebo,39,4522,True,0.1485060568024601
Placebo,39,4784,True,0.30728066980222396
Placebo,39,5139,False,0.0
Placebo,39,5438,True,0.0776895369576595
Placebo,39,5565,True,0.0
Placebo,39,5684,True,0.35568111885604425
Placebo,39,5775,True,0.1281324640969925
Placebo,39,6110,True,0.12757236323450558
Placebo,39,6488,True,0.38928804993411886
Placebo,39,6590,True,0.0
Placebo,39,6793,True,0.08116136400948519
Placebo,39,7090,True,0.2340727935069945
Placebo,39,7112,True,0.0
Placebo,39,7167,True,0.4073331778904668
Placebo,39,7287,True,0.4493017313314814
Placebo,39,7370,True,0.6194199922466339
Placebo,39,7547,True,0.14795646180579386
Placebo,39,7589,True,0.0
Placebo,39,7622,True,0.11140724239478872
Placebo,39,7640,True,0.0
Placebo,39,7757,True,0.21173349255335747
Placebo,39,8162,True,0.44151280297415285
Placebo,39,8508,True,0.23719771276929624
Placebo,39,8597,True,0.2532885895858359
Placebo,39,8771,False,0.0
Placebo,39,288,True,0.2657313219169146
Placebo,39,635,True,0.2375498637533834
Placebo,39,654,True,0.12324955307372186
Placebo,39,699,True,0.1585070397409811
Placebo,39,743,True,0.5115100066855989
Placebo,39,946,True,0.0
Placebo,39,976,False,0.0
Placebo,39,1144,True,0.48234544874249
Placebo,39,1187,True,0.5257711539956961
Placebo,39,1384,True,0.0
Placebo,39,1415,True,0.07588109553901774
Placebo,39,1443,True,0.5213861733221575
Placebo,39,1629,True,0.4414924137367807
Placebo,39,1684,True,0.0
Placebo,39,1802,True,0.0
Placebo,39,1914,True,0.5425378843716272
Placebo,39,2046,True,0.0
Placebo,39,2071,True,0.11615302196700909
Placebo,39,2340,True,0.09162544430476369
Placebo,39,2749,True,0.57255143483846
Placebo,39,3517,True,0.026254376590733375
Placebo,39,3758,True,0.0
Placebo,39,4110,True,0.20438239758848625
Placebo,39,4111,True,0.0
Placebo,39,4144,True,0.5314885155986925
Placebo,39,5021,True,0.15543291172269244
Placebo,39,5032,True,0.25867587694119787
Placebo,39,5096,True,0.24341182892368343
Placebo,39,5109,True,0.4316064539460506
Placebo,39,5114,True,0.0
Placebo,39,5977,True,0.0
Placebo,39,5984,True,0.0
Placebo,39,6353,True,0.5050440163693309
Placebo,39,6373,True,0.12204179542176052
Placebo,39,6539,True,0.0
Placebo,39,6554,True,0.3822360008387525
Placebo,39,6884,False,0.0
Placebo,39,6955,True,0.21227763579420655
Placebo,39,7020,True,0.24890832702259466
Placebo,39,7029,True,0.19724761719038952
Placebo,39,7280,True,0.0
Placebo,39,7394,True,0.2230259326703904
Placebo,39,7795,True,0.47381747956302833
Placebo,39,8108,True,0.0
Placebo,39,8560,True,0.7740293294110024
Placebo,39,8632,True,0.17999492568003908
Placebo,39,8657,True,0.19532961856410563
Placebo,39,8777,True,0.3546051112285522
Placebo,39,9151,True,0.0
Placebo,39,9609,False,0.0
Placebo,40,102,True,0.6610871809747381
Placebo,40,314,True,0.21768896632317528
Placebo,40,1068,True,0.4263627211809732
Placebo,40,1525,True,0.2906767031273865
Placebo,40,1795,True,0.0826147724924763
Placebo,40,1929,True,0.5617033817038997
Placebo,40,1931,True,0.21434997322283647
Placebo,40,1991,True,0.18397246392903513
Placebo,40,2528,True,0.43976819527220945
Placebo,40,2697,True,0.15593787927983163
Placebo,40,2834,True,0.276126195916757
Placebo,40,2845,True,0.3421370284460532
Placebo,40,3031,True,0.3055652360268985
Placebo,40,3250,True,0.35802442643594495
Placebo,40,3308,True,0.1596969716198995
Placebo,40,3402,True,0.48359970678959313
Placebo,40,3426,True,0.10112312534847648
Placebo,40,3449,True,0.2373613656054046
Placebo,40,3756,True,0.0
Placebo,40,4141,True,0.5195236453904102
Placebo,40,4210,True,0.16842717545221186
Placebo,40,4516,True,0.0
Placebo,40,4692,True,0.0
Placebo,40,4700,False,0.0
Placebo,40,4910,False,0.0
Placebo,40,4962,False,0.0
Placebo,40,5275,True,0.1853673790681961
Placebo,40,5671,True,0.0
Placebo,40,5683,True,0.5243390824139611
Placebo,40,6067,True,0.5594633381735421
Placebo,40,6378,True,0.3018624596082284
Placebo,40,6495,True,0.3803718379171294
Placebo,40,6868,True,0.13689352907499336
Placebo,40,6880,True,0.04996171069384791
Placebo,40,7144,True,0.10218331334064332
Placebo,40,7413,True,0.43689576441897654
Placebo,40,7526,True,0.0
Placebo,40,7531,True,0.0
Placebo,40,7577,True,0.0
Placebo,40,7621,True,0.11972499138462404
Placebo,40,8198,True,0.5836521900273832
Placebo,40,8442,True,0.06762979687982364
Placebo,40,8452,True,0.17414068793106063
Placebo,40,8476,True,0.09515663188532464
Placebo,40,8541,True,0.5121732841819118
Placebo,40,8802,True,0.25302088799307654
Placebo,40,8816,True,0.5615443777322888
Placebo,40,8852,False,0.0
Placebo,40,9099,True,0.0
Placebo,40,9479,True,0.0
Placebo,40,9625,False,0.0
Placebo,40,96,True,0.0
Placebo,40,171,True,0.6452576914205261
Placebo,40,328,False,0.0
Placebo,40,387,True,0.0
Placebo,40,754,False,0.0
Placebo,40,983,True,0.20859137624434987
Placebo,40,1039,True,0.30859641505896357
Placebo,40,1098,True,0.3026161352761789
Placebo,40,1120,True,0.655135107354337
Placebo,40,1275,True,0.470511024061024
Placebo,40,1343,True,0.3333333333333335
Placebo,40,1483,True,0.0
Placebo,40,2005,True,0.0
Placebo,40,2048,True,0.6467163375271319
Placebo,40,2379,True,0.3369745320515244
Placebo,40,2516,True,0.3986110996507888
Placebo,40,2601,True,0.10909563842042834
Placebo,40,3210,True,0.2939128986502197
Placebo,40,3601,False,0.0
Placebo,40,3729,True,0.25969021505796863
Placebo,40,3832,True,0.6397083042263247
Placebo,40,4104,True,0.1665725686464161
Placebo,40,4286,True,0.6020521034564038
Placebo,40,4329,True,0.0
Placebo,40,4553,True,0.0
Placebo,40,4790,True,0.0
Placebo,40,4844,True,0.0
Placebo,40,4994,True,0.0
Placebo,40,5020,True,0.4076123964730057
Placebo,40,5293,True,0.27753460240546346
Placebo,40,5338,True,0.6354832797998882
Placebo,40,5343,True,0.3289453767514181
Placebo,40,5464,True,0.19499638228294056
Placebo,40,5560,True,0.4312269494805911
Placebo,40,5719,True,0.17566645544943169
Placebo,40,6055,True,0.32739495038873945
Placebo,40,6121,True,0.3536112556442957
Placebo,40,6128,True,0.12677867936906678
Placebo,40,6197,True,0.23275362421622703
Placebo,40,6336,True,0.27816123911479607
Placebo,40,6577,True,0.4296484601668387
Placebo,40,6717,True,0.3350017990756949
Placebo,40,6906,False,0.0
Placebo,40,8550,True,0.0
Placebo,40,8576,True,0.1728569434831694
Placebo,40,8790,False,0.0
Placebo,40,8840,False,0.0
Placebo,40,8878,True,0.0
Placebo,40,9337,True,0.07320952746749644
Placebo,40,9501,True,0.34228051380149876
Placebo,40,9512,False,0.0
Placebo,40,45,True,0.04929175392995458
Placebo,40,199,True,0.5
Placebo,40,458,True,0.4978284866991063
Placebo,40,564,True,0.750713822137308
Placebo,40,717,True,0.2565722842672027
Placebo,40,1109,True,0.6279600692475436
Placebo,40,1576,True,0.06068592973786683
Placebo,40,1711,True,0.3010299956639808
Placebo,40,1868,True,0.0
Placebo,40,1942,True,0.1441000558419394
Placebo,40,2001,True,0.12744111026842678
Placebo,40,2217,True,0.0
Placebo,40,2354,True,0.4463436415621658
Placebo,40,2761,True,0.0
Placebo,40,2980,True,0.3010299956639808
Placebo,40,3021,True,0.3811822020931936
Placebo,40,3030,True,0.0
Placebo,40,3046,True,0.0
Placebo,40,3050,True,0.26849452683103814
Placebo,40,3288,True,0.0
Placebo,40,3302,True,0.22260265940695811
Placebo,40,3794,True,0.0
Placebo,40,3920,True,0.13836054336698586
Placebo,40,3965,True,0.2856236476113229
Placebo,40,4193,True,0.0
Placebo,40,4294,True,0.08036018528064796
Placebo,40,4383,True,0.28886339918363585
Placebo,40,4474,True,0.2046536973403147
Placebo,40,5068,True,0.06452577150984494
Placebo,40,5258,True,0.24661756247359956
Placebo,40,5306,True,0.4300236631691757
Placebo,40,5323,True,0.03585621117683789
Placebo,40,5421,True,0.5191446826181808
Placebo,40,5766,True,0.45976555307815953
Placebo,40,5877,True,0.1643548980682564
Placebo,40,5887,True,0.20504035226013329
Placebo,40,6126,True,0.35620718710802235
Placebo,40,6190,True,0.4018839747706409
Placebo,40,6224,True,0.33854442065790846
Placebo,40,6465,True,0.2620900537178206
Placebo,40,6853,True,0.29717078715905376
Placebo,40,6949,True,0.38793591671696626
Placebo,40,7107,True,0.1723078883002978
Placebo,40,7240,False,0.0
Placebo,40,7937,True,0.4234203284211702
Placebo,40,8015,True,0.0
Placebo,40,8066,True,0.23129984286757888
Placebo,40,8202,True,0.5032647359897853
Placebo,40,8321,True,0.17985495592591463
Placebo,40,9222,True,0.0
Placebo,40,9453,True,0.5336813423479089
Placebo,40,73,True,0.0
Placebo,40,390,True,0.39074158114474705
Placebo,40,424,True,0.0
Placebo,40,715,True,0.5412139272658133
Placebo,40,915,False,0.0
Placebo,40,1579,True,0.17663485096780332
Placebo,40,1643,True,0.0
Placebo,40,1679,True,0.14689919021059492
Placebo,40,1982,True,0.1794771050858174
Placebo,40,2027,True,0.3090707729801531
Placebo,40,2211,True,0.26406812257259077
Placebo,40,2228,True,0.3855603947302566
Placebo,40,2352,True,0.0
Placebo,40,2520,True,0.09077394133714942
Placebo,40,2573,True,0.1419455799408411
Placebo,40,2630,True,0.39300708640131854
Placebo,40,2666,True,0.23367882450685837
Placebo,40,2745,True,0.0
Placebo,40,3149,True,0.16814547194421486
Placebo,40,3369,True,0.1570154461251994
Placebo,40,3617,True,0.2639364841142927
Placebo,40,3862,True,0.19687407778989194
Placebo,40,4124,True,0.0
Placebo,40,4218,True,0.13228981683400814
Placebo,40,4268,True,0.20153107765734443
Placebo,40,4452,True,0.0
Placebo,40,4522,True,0.1462935747472203
Placebo,40,4784,True,0.4929242391863421
Placebo,40,5139,False,0.0
Placebo,40,5438,True,0.1803895185407797
Placebo,40,5565,True,0.1310646277629874
Placebo,40,5684,True,0.08472032376115692
Placebo,40,5775,True,0.29664762164031117
Placebo,40,6110,True,0.0
Placebo,40,6488,True,0.19706871316397784
Placebo,40,6590,True,0.0
Placebo,40,6793,True,0.0
Placebo,40,7090,True,0.11282085436090715
Placebo,40,7112,True,0.12315119437036504
Placebo,40,7167,True,0.3569196658841124
Placebo,40,7287,True,0.2581604435055023
Placebo,40,7370,True,0.04842079006140466
Placebo,40,7547,True,0.19163415146817558
Placebo,40,7589,True,0.0
Placebo,40,7622,True,0.17193427600006872
Placebo,40,7640,True,0.0
Placebo,40,7757,True,0.2548669275778808
Placebo,40,8162,True,0.6042917152232834
Placebo,40,8508,True,0.23719771276929624
Placebo,40,8597,True,0.19125630062807836
Placebo,40,8771,False,0.0
Placebo,40,288,True,0.6276189107525968
Placebo,40,635,True,0.44471286230586754
Placebo,40,654,True,0.12737140874229597
Placebo,40,699,True,0.23365080824310527
Placebo,40,743,True,0.31551635332988587
Placebo,40,946,True,0.0
Placebo,40,976,False,0.0
Placebo,40,1144,True,0.53714916851224
Placebo,40,1187,True,0.21040451847756894
Placebo,40,1384,True,0.0
Placebo,40,1415,True,0.371926271630901
Placebo,40,1443,True,0.4365832069015095
Placebo,40,1629,True,0.0
Placebo,40,1684,True,0.09908815203410908
Placebo,40,1802,True,0.08421358772610599
Placebo,40,1914,True,0.40993236595529703
Placebo,40,2046,True,0.0
Placebo,40,2071,True,0.0
Placebo,40,2340,True,0.0
Placebo,40,2749,True,0.17386708676377702
Placebo,40,3517,True,0.394463638284616
Placebo,40,3758,True,0.10699313236726382
Placebo,40,4110,True,0.2774871990795135
Placebo,40,4111,True,0.0
Placebo,40,4144,True,0.0
Placebo,40,5021,True,0.3615901614084107
Placebo,40,5032,True,0.0
Placebo,40,5096,True,0.22092447011158187
Placebo,40,5109,True,0.2726004069808365
Placebo,40,5114,True,0.0
Placebo,40,5977,True,0.0
Placebo,40,5984,True,0.30995311664203284
Placebo,40,6353,True,0.4095750181897613
Placebo,40,6373,True,0.05835609105061249
Placebo,40,6539,True,0.0
Placebo,40,6554,True,0.3818905884496821
Placebo,40,6884,False,0.0
Placebo,40,6955,True,0.1897918771409239
Placebo,40,7020,True,0.12369890450979801
Placebo,40,7029,True,0.15058086924358957
Placebo,40,7280,True,0.0
Placebo,40,7394,True,0.05253861497588741
Placebo,40,7795,True,0.4658885597918474
Placebo,40,8108,True,0.16815228646891087
Placebo,40,8560,True,0.2992401217410689
Placebo,40,8632,True,0.10884448316158764
Placebo,40,8657,True,0.0950897783164808
Placebo,40,8777,True,0.3036878423348839
Placebo,40,9151,True,0.0
Placebo,40,9609,False,0.0
Placebo,41,102,True,0.6384494523554026
Placebo,41,314,True,0.32844778804877356
Placebo,41,1068,True,0.204501607206304
Placebo,41,1525,True,0.19397652152197936
Placebo,41,1795,True,0.0
Placebo,41,1929,True,0.6364293275443862
Placebo,41,1931,True,0.06971893618317035
Placebo,41,1991,True,0.16893051241606558
Placebo,41,2528,True,0.35993916365247525
Placebo,41,2697,True,0.2685255697426522
Placebo,41,2834,True,0.5439423220720712
Placebo,41,2845,True,0.5096583974083025
Placebo,41,3031,True,0.07711607962658211
Placebo,41,3250,True,0.3160365858419456
Placebo,41,3308,True,0.0
Placebo,41,3402,True,0.0
Placebo,41,3426,True,0.09641009434280916
Placebo,41,3449,True,0.38499587363987664
Placebo,41,3756,True,0.21284738522697436
Placebo,41,4141,True,0.5981649688155984
Placebo,41,4210,True,0.3444451476195325
Placebo,41,4516,True,0.12330207776135531
Placebo,41,4692,True,0.0
Placebo,41,4700,False,0.0
Placebo,41,4910,False,0.0
Placebo,41,4962,False,0.0
Placebo,41,5275,True,0.05214426484655786
Placebo,41,5671,True,0.08879873949105595
Placebo,41,5683,True,0.6445343056547516
Placebo,41,6067,True,0.5502003182105552
Placebo,41,6378,True,0.5122784102354405
Placebo,41,6495,True,0.3174937133922201
Placebo,41,6868,True,0.3058621104876565
Placebo,41,6880,True,0.13470048854637212
Placebo,41,7144,True,0.1894899449626971
Placebo,41,7413,True,0.35638117573879546
Placebo,41,7526,True,0.30657359638272924
Placebo,41,7531,True,0.0
Placebo,41,7577,True,0.18457569677956798
Placebo,41,7621,True,0.13458765669545963
Placebo,41,8198,True,0.25067271925204787
Placebo,41,8442,True,0.0
Placebo,41,8452,True,0.5166408840205423
Placebo,41,8476,True,0.13923757381729673
Placebo,41,8541,True,0.5418056645514581
Placebo,41,8802,True,0.1404359037686077
Placebo,41,8816,True,0.0
Placebo,41,8852,False,0.0
Placebo,41,9099,True,0.0
Placebo,41,9479,True,0.0
Placebo,41,9625,False,0.0
Placebo,41,96,True,0.0
Placebo,41,171,True,0.5631150330985119
Placebo,41,328,False,0.0
Placebo,41,387,True,0.07191071742813421
Placebo,41,754,False,0.0
Placebo,41,983,True,0.08421358772610593
Placebo,41,1039,True,0.4655157576088633
Placebo,41,1098,True,0.23221760681918455
Placebo,41,1120,True,0.16973512797500284
Placebo,41,1275,True,0.2762223670639158
Placebo,41,1343,True,0.0
Placebo,41,1483,True,0.05583786044522723
Placebo,41,2005,True,0.3391602052736161
Placebo,41,2048,True,0.2534912948023503
Placebo,41,2379,True,0.4129198308014253
Placebo,41,2516,True,0.22199972032038856
Placebo,41,2601,True,0.0
Placebo,41,3210,True,0.16649736219557493
Placebo,41,3601,False,0.0
Placebo,41,3729,True,0.16787608117542757
Placebo,41,3832,True,0.46700126764027616
Placebo,41,4104,True,0.3584246440998571
Placebo,41,4286,True,0.3612615850584751
Placebo,41,4329,True,0.0
Placebo,41,4553,True,0.11381874220565884
Placebo,41,4790,True,0.0
Placebo,41,4844,True,0.0
Placebo,41,4994,True,0.0
Placebo,41,5020,True,0.3782574926043519
Placebo,41,5293,True,0.07711607962658211
Placebo,41,5338,True,0.42901541950008315
Placebo,41,5343,True,0.0
Placebo,41,5464,True,0.0
Placebo,41,5560,True,0.3777402739701364
Placebo,41,5719,True,0.19292233283523244
Placebo,41,6055,True,0.0
Placebo,41,6121,True,0.45273433087209286
Placebo,41,6128,True,0.2138355638777173
Placebo,41,6197,True,0.2939580339399664
Placebo,41,6336,True,0.2532188780252747
Placebo,41,6577,True,0.23921075864396368
Placebo,41,6717,True,0.0
Placebo,41,6906,False,0.0
Placebo,41,8550,True,0.0
Placebo,41,8576,True,0.14672510322345034
Placebo,41,8790,False,0.0
Placebo,41,8840,False,0.0
Placebo,41,8878,True,0.0
Placebo,41,9337,True,0.16884223607103543
Placebo,41,9501,True,0.44950665668129547
Placebo,41,9512,False,0.0
Placebo,41,45,True,0.1326715736335365
Placebo,41,199,True,0.0
Placebo,41,458,True,0.44617751423741897
Placebo,41,564,True,0.6590316577416976
Placebo,41,717,True,0.2463023887407299
Placebo,41,1109,True,0.3714196970951284
Placebo,41,1576,True,0.24842742676916887
Placebo,41,1711,True,0.0
Placebo,41,1868,True,0.0
Placebo,41,1942,True,0.2548346710074145
Placebo,41,2001,True,0.13207001659250137
Placebo,41,2217,True,0.28351477939783615
Placebo,41,2354,True,0.7128510503375907
Placebo,41,2761,True,0.13012668333070063
Placebo,41,2980,True,0.0
Placebo,41,3021,True,0.4494414784569762
Placebo,41,3030,True,0.0
Placebo,41,3046,True,0.0
Placebo,41,3050,True,0.6835381846158708
Placebo,41,3288,True,0.33332998421020793
Placebo,41,3302,True,0.41687198733273895
Placebo,41,3794,True,0.0
Placebo,41,3920,True,0.21147521392921087
Placebo,41,3965,True,0.42869994644567294
Placebo,41,4193,True,0.0
Placebo,41,4294,True,0.0889835857313796
Placebo,41,4383,True,0.1912563006280783
Placebo,41,4474,True,0.19368316024561852
Placebo,41,5068,True,0.24483353628932822
Placebo,41,5258,True,0.13986217479634805
Placebo,41,5306,True,0.2714526931528288
Placebo,41,5323,True,0.4444912231725813
Placebo,41,5421,True,0.45709953392533154
Placebo,41,5766,True,0.08949183290884721
Placebo,41,5877,True,0.0
Placebo,41,5887,True,0.053368457452889664
Placebo,41,6126,True,0.0
Placebo,41,6190,True,0.6851353342796959
Placebo,41,6224,True,0.35155527719261503
Placebo,41,6465,True,0.2707842629583516
Placebo,41,6853,True,0.10232684867015737
Placebo,41,6949,True,0.5336975801474624
Placebo,41,7107,True,0.21836974929469327
Placebo,41,7240,False,0.0
Placebo,41,7937,True,0.40642755638971506
Placebo,41,8015,True,0.0
Placebo,41,8066,True,0.0
Placebo,41,8202,True,0.3112788387993471
Placebo,41,8321,True,0.21597542840803075
Placebo,41,9222,True,0.0
Placebo,41,9453,True,0.6196213475581746
Placebo,41,73,True,0.0
Placebo,41,390,True,0.20800878191172417
Placebo,41,424,True,0.0
Placebo,41,715,True,0.34012637712233307
Placebo,41,915,False,0.0
Placebo,41,1579,True,0.11974534227438742
Placebo,41,1643,True,0.0
Placebo,41,1679,True,0.535728949926058
Placebo,41,1982,True,0.1531682653282169
Placebo,41,2027,True,0.2573321013290753
Placebo,41,2211,True,0.3868528072345415
Placebo,41,2228,True,0.0
Placebo,41,2352,True,0.0
Placebo,41,2520,True,0.23716865449094598
Placebo,41,2573,True,0.0
Placebo,41,2630,True,0.4307993445903618
Placebo,41,2666,True,0.3561457214046551
Placebo,41,2745,True,0.09141360973240457
Placebo,41,3149,True,0.41195748215377853
Placebo,41,3369,True,0.21482270344587717
Placebo,41,3617,True,0.18351205520241204
Placebo,41,3862,True,0.0
Placebo,41,4124,True,0.23173149148809713
Placebo,41,4218,True,0.4550085454859722
Placebo,41,4268,True,0.2799899213779662
Placebo,41,4452,True,0.05109165667032166
Placebo,41,4522,True,0.18854366173599177
Placebo,41,4784,True,0.5339153161373958
Placebo,41,5139,False,0.0
Placebo,41,5438,True,0.1803895185407797
Placebo,41,5565,True,0.5737136903699284
Placebo,41,5684,True,0.3250586707951466
Placebo,41,5775,True,0.0408383695176551
Placebo,41,6110,True,0.1078111541294673
Placebo,41,6488,True,0.3014586451632104
Placebo,41,6590,True,0.0
Placebo,41,6793,True,0.10861750945625488
Placebo,41,7090,True,0.16551186920822103
Placebo,41,7112,True,0.26386475957674044
Placebo,41,7167,True,0.3881443315385737
Placebo,41,7287,True,0.304963042472892
Placebo,41,7370,True,0.17358671662542732
Placebo,41,7547,True,0.14115214395276102
Placebo,41,7589,True,0.0
Placebo,41,7622,True,0.26414003318500273
Placebo,41,7640,True,0.0
Placebo,41,7757,True,0.16991128505192055
Placebo,41,8162,True,0.35459832590174223
Placebo,41,8508,True,0.2184074368181643
Placebo,41,8597,True,0.5518071920950502
Placebo,41,8771,False,0.0
Placebo,41,288,True,0.6251527395511094
Placebo,41,635,True,0.2104096962294344
Placebo,41,654,True,0.23653587505956525
Placebo,41,699,True,0.23678585152274306
Placebo,41,743,True,0.19811278957903822
Placebo,41,946,True,0.0
Placebo,41,976,False,0.0
Placebo,41,1144,True,0.30798671493356955
Placebo,41,1187,True,0.2704001377027845
Placebo,41,1384,True,0.0
Placebo,41,1415,True,0.44974976271386197
Placebo,41,1443,True,0.15423215925316422
Placebo,41,1629,True,0.0
Placebo,41,1684,True,0.21194806657780188
Placebo,41,1802,True,0.0
Placebo,41,1914,True,0.48281925806114623
Placebo,41,2046,True,0.0
Placebo,41,2071,True,0.11615302196700909
Placebo,41,2340,True,0.0
Placebo,41,2749,True,0.1106830252361472
Placebo,41,3517,True,0.1728569434831694
Placebo,41,3758,True,0.0
Placebo,41,4110,True,0.575853857432961
Placebo,41,4111,True,0.0
Placebo,41,4144,True,0.0
Placebo,41,5021,True,0.4873167673732739
Placebo,41,5032,True,0.14026948529802455
Placebo,41,5096,True,0.08346558153509404
Placebo,41,5109,True,0.2843081413270626
Placebo,41,5114,True,0.1596969716198995
Placebo,41,5977,True,0.0
Placebo,41,5984,True,0.14704034066641017
Placebo,41,6353,True,0.3919306595214092
Placebo,41,6373,True,0.1326823237826694
Placebo,41,6539,True,0.0
Placebo,41,6554,True,0.5248397977133199
Placebo,41,6884,False,0.0
Placebo,41,6955,True,0.40296850934345757
Placebo,41,7020,True,0.3781402886478117
Placebo,41,7029,True,0.3689076841928693
Placebo,41,7280,True,0.0
Placebo,41,7394,True,0.12400675517968418
Placebo,41,7795,True,0.30438750927347236
Placebo,41,8108,True,0.22400556151517553
Placebo,41,8560,True,0.46766035256659266
Placebo,41,8632,True,0.39507559544254783
Placebo,41,8657,True,0.13684690727772617
Placebo,41,8777,True,0.3128342111157105
Placebo,41,9151,True,0.0
Placebo,41,9609,False,0.0
Placebo,42,102,True,0.4293838178674367
Placebo,42,314,True,0.26024259299950536
Placebo,42,1068,True,0.1601223073528444
Placebo,42,1525,True,0.13647410437529392
Placebo,42,1795,True,0.23715807617317253
Placebo,42,1929,True,0.5033818768042165
Placebo,42,1931,True,0.0
Placebo,42,1991,True,0.0
Placebo,42,2528,True,0.4393934725210742
Placebo,42,2697,True,0.18528806519233637
Placebo,42,2834,True,0.39579895115042596
Placebo,42,2845,True,0.1693260753363893
Placebo,42,3031,True,0.1222260944107594
Placebo,42,3250,True,0.18548449862400557
Placebo,42,3308,True,0.1472192918642443
Placebo,42,3402,True,0.07838015967399029
Placebo,42,3426,True,0.0
Placebo,42,3449,True,0.38730500324859657
Placebo,42,3756,True,0.15317214958930822
Placebo,42,4141,True,0.5088924424041524
Placebo,42,4210,True,0.16842717545221186
Placebo,42,4516,True,0.5271341073823445
Placebo,42,4692,True,0.0
Placebo,42,4700,False,0.0
Placebo,42,4910,False,0.0
Placebo,42,4962,False,0.0
Placebo,42,5275,True,0.0
Placebo,42,5671,True,0.060614569639142066
Placebo,42,5683,True,0.42781158562368227
Placebo,42,6067,True,0.32005568745162266
Placebo,42,6378,True,0.32885915251429665
Placebo,42,6495,True,0.363341287259572
Placebo,42,6868,True,0.2529277865320592
Placebo,42,6880,True,0.5202873315956407
Placebo,42,7144,True,0.08025882068683979
Placebo,42,7413,True,0.4375293045136323
Placebo,42,7526,True,0.0
Placebo,42,7531,True,0.0
Placebo,42,7577,True,0.0
Placebo,42,7621,True,0.22365193003352957
Placebo,42,8198,True,0.2584580759428182
Placebo,42,8442,True,0.06729296884018869
Placebo,42,8452,True,0.28378471415169115
Placebo,42,8476,True,0.05501287053785307
Placebo,42,8541,True,0.522215088818169
Placebo,42,8802,True,0.06993108739817402
Placebo,42,8816,True,0.283811456273813
Placebo,42,8852,False,0.0
Placebo,42,9099,True,0.25905646303487373
Placebo,42,9479,True,0.20151514190050243
Placebo,42,9625,False,0.0
Placebo,42,96,True,0.0
Placebo,42,171,True,0.1555977953721475
Placebo,42,328,False,0.0
Placebo,42,387,True,0.0
Placebo,42,754,False,0.0
Placebo,42,983,True,0.33186219073042583
Placebo,42,1039,True,0.2217279387069131
Placebo,42,1098,True,0.1190274534158337
Placebo,42,1120,True,0.0
Placebo,42,1275,True,0.4992830493168869
Placebo,42,1343,True,0.0
Placebo,42,1483,True,0.10273940395395324
Placebo,42,2005,True,0.09803928583135697
Placebo,42,2048,True,0.4306107359500193
Placebo,42,2379,True,0.6332000345651013
Placebo,42,2516,True,0.5005704684202679
Placebo,42,2601,True,0.4649092011175405
Placebo,42,3210,True,0.28365262285945214
Placebo,42,3601,False,0.0
Placebo,42,3729,True,0.15731405739442372
Placebo,42,3832,True,0.4908720979915239
Placebo,42,4104,True,0.047264273332909064
Placebo,42,4286,True,0.5361527077157485
Placebo,42,4329,True,0.4796249331362628
Placebo,42,4553,True,0.0
Placebo,42,4790,True,0.0
Placebo,42,4844,True,0.0
Placebo,42,4994,True,0.0
Placebo,42,5020,True,0.4151330144072955
Placebo,42,5293,True,0.03855803981329108
Placebo,42,5338,True,0.3967702136028334
Placebo,42,5343,True,0.24008420550759466
Placebo,42,5464,True,0.0
Placebo,42,5560,True,0.1956844057264823
Placebo,42,5719,True,0.2880737426894775
Placebo,42,6055,True,0.0
Placebo,42,6121,True,0.34817002232393657
Placebo,42,6128,True,0.2756675171185172
Placebo,42,6197,True,0.06427158624345128
Placebo,42,6336,True,0.29433615912607863
Placebo,42,6577,True,0.3725452177869314
Placebo,42,6717,True,0.3154648767857289
Placebo,42,6906,False,0.0
Placebo,42,8550,True,0.0
Placebo,42,8576,True,0.24844481188052703
Placebo,42,8790,False,0.0
Placebo,42,8840,False,0.0
Placebo,42,8878,True,0.4306765580733929
Placebo,42,9337,True,0.07989569279756419
Placebo,42,9501,True,0.23246483123004194
Placebo,42,9512,False,0.0
Placebo,42,45,True,0.0
Placebo,42,199,True,0.0
Placebo,42,458,True,0.6298860062926115
Placebo,42,564,True,0.7169370779565408
Placebo,42,717,True,0.0
Placebo,42,1109,True,0.5218947336766614
Placebo,42,1576,True,0.11853000556688278
Placebo,42,1711,True,0.0
Placebo,42,1868,True,0.0
Placebo,42,1942,True,0.13877920190495205
Placebo,42,2001,True,0.2183502806747473
Placebo,42,2217,True,0.0
Placebo,42,2354,True,0.7093700926902411
Placebo,42,2761,True,0.3903800499921017
Placebo,42,2980,True,0.0
Placebo,42,3021,True,0.05683075013322683
Placebo,42,3030,True,0.0
Placebo,42,3046,True,0.1420695882570561
Placebo,42,3050,True,0.674054714777247
Placebo,42,3288,True,0.16217427368387988
Placebo,42,3302,True,0.14208814342392015
Placebo,42,3794,True,0.0
Placebo,42,3920,True,0.07930007128354423
Placebo,42,3965,True,0.0
Placebo,42,4193,True,0.2707842629583516
Placebo,42,4294,True,0.2669507571941387
Placebo,42,4383,True,0.21165589755264674
Placebo,42,4474,True,0.06610466247564045
Placebo,42,5068,True,0.07491210085649577
Placebo,42,5258,True,0.0
Placebo,42,5306,True,0.37704497910743406
Placebo,42,5323,True,0.4730236304123083
Placebo,42,5421,True,0.29007381159322376
Placebo,42,5766,True,0.3076002806402158
Placebo,42,5877,True,0.10369639533646707
Placebo,42,5887,True,0.2529770628368193
Placebo,42,6126,True,0.0
Placebo,42,6190,True,0.32412959751888176
Placebo,42,6224,True,0.22528278802939855
Placebo,42,6465,True,0.4796249331362628
Placebo,42,6853,True,0.07245905225997851
Placebo,42,6949,True,0.6517723836671934
Placebo,42,7107,True,0.13777597210996173
Placebo,42,7240,False,0.0
Placebo,42,7937,True,0.4832964623025934
Placebo,42,8015,True,0.2653606369886217
Placebo,42,8066,True,0.09241278221475722
Placebo,42,8202,True,0.15149447328034032
Placebo,42,8321,True,0.19120735704183897
Placebo,42,9222,True,0.09232555472959778
Placebo,42,9453,True,0.6417129089210802
Placebo,42,73,True,0.0
Placebo,42,390,True,0.5316374215812069
Placebo,42,424,True,0.08274908245792928
Placebo,42,715,True,0.31060833066203236
Placebo,42,915,False,0.0
Placebo,42,1579,True,0.18244031395963212
Placebo,42,1643,True,0.0
Placebo,42,1679,True,0.3830691429636723
Placebo,42,1982,True,0.2200917662980802
Placebo,42,2027,True,0.20051553192779314
Placebo,42,2211,True,0.30657359638272924
Placebo,42,2228,True,0.09621361306457149
Placebo,42,2352,True,0.0
Placebo,42,2520,True,0.12741733550370726
Placebo,42,2573,True,0.1185279064753146
Placebo,42,2630,True,0.5005681087996195
Placebo,42,2666,True,0.21491187955185984
Placebo,42,2745,True,0.0
Placebo,42,3149,True,0.17383964881111708
Placebo,42,3369,True,0.034715610968388655
Placebo,42,3617,True,0.06003715030609779
Placebo,42,3862,True,0.11381874220565884
Placebo,42,4124,True,0.26373591217699993
Placebo,42,4218,True,0.09424516707495509
Placebo,42,4268,True,0.03627710613907231
Placebo,42,4452,True,0.24257682448404505
Placebo,42,4522,True,0.3013513206022581
Placebo,42,4784,True,0.740116680022883
Placebo,42,5139,False,0.0
Placebo,42,5438,True,0.02607213242327893
Placebo,42,5565,True,0.11936100530835175
Placebo,42,5684,True,0.26574402776168154
Placebo,42,5775,True,0.1503245987839831
Placebo,42,6110,True,0.05969015030748495
Placebo,42,6488,True,0.06975096265942549
Placebo,42,6590,True,0.0
Placebo,42,6793,True,0.3980015599924735
Placebo,42,7090,True,0.06425604298318159
Placebo,42,7112,True,0.0
Placebo,42,7167,True,0.5194440936461997
Placebo,42,7287,True,0.2948775067990346
Placebo,42,7370,True,0.0
Placebo,42,7547,True,0.44522652989810646
Placebo,42,7589,True,0.0
Placebo,42,7622,True,0.0
Placebo,42,7640,True,0.0
Placebo,42,7757,True,0.07317680742398827
Placebo,42,8162,True,0.5573283914988272
Placebo,42,8508,True,0.08861964339202381
Placebo,42,8597,True,0.4682300189367476
Placebo,42,8771,False,0.0
Placebo,42,288,True,0.542120589157804
Placebo,42,635,True,0.23726885038295503
Placebo,42,654,True,0.06368570437114804
Placebo,42,699,True,0.07839826897867538
Placebo,42,743,True,0.5349535167931764
Placebo,42,946,True,0.0
Placebo,42,976,False,0.0
Placebo,42,1144,True,0.6509008351091122
Placebo,42,1187,True,0.17215455715258313
Placebo,42,1384,True,0.0
Placebo,42,1415,True,0.192205303653167
Placebo,42,1443,True,0.1556800626856125
Placebo,42,1629,True,0.0
Placebo,42,1684,True,0.18042845392767654
Placebo,42,1802,True,0.23323816352801757
Placebo,42,1914,True,0.3574865452687221
Placebo,42,2046,True,0.0
Placebo,42,2071,True,0.06993108739817402
Placebo,42,2340,True,0.0
Placebo,42,2749,True,0.2595119865483231
Placebo,42,3517,True,0.15611287653514616
Placebo,42,3758,True,0.19178318368566777
Placebo,42,4110,True,0.17723928678404763
Placebo,42,4111,True,0.15101961822780524
Placebo,42,4144,True,0.17451855981580688
Placebo,42,5021,True,0.0
Placebo,42,5032,True,0.1493090064870691
Placebo,42,5096,True,0.07964640597586058
Placebo,42,5109,True,0.45088630125851203
Placebo,42,5114,True,0.0
Placebo,42,5977,True,0.0
Placebo,42,5984,True,0.0
Placebo,42,6353,True,0.3967566857354544
Placebo,42,6373,True,0.26265051287510116
Placebo,42,6539,True,0.0
Placebo,42,6554,True,0.20117186274061225
Placebo,42,6884,False,0.0
Placebo,42,6955,True,0.0
Placebo,42,7020,True,0.19004361288322416
Placebo,42,7029,True,0.22458744338746559
Placebo,42,7280,True,0.0
Placebo,42,7394,True,0.11863812213797424
Placebo,42,7795,True,0.6027947082709251
Placebo,42,8108,True,0.1692318461641877
Placebo,42,8560,True,0.3224449367424497
Placebo,42,8632,True,0.200213067895604
Placebo,42,8657,True,0.2833966087356695
Placebo,42,8777,True,0.7095590272881185
Placebo,42,9151,True,0.0
Placebo,42,9609,False,0.0
Placebo,43,102,True,0.7353797772725617
Placebo,43,314,True,0.4297447352996477
Placebo,43,1068,True,0.2964152558386217
Placebo,43,1525,True,0.07478857588822568
Placebo,43,1795,True,0.3199960669451798
Placebo,43,1929,True,0.3437758554254503
Placebo,43,1931,True,0.09783785507440858
Placebo,43,1991,True,0.2853273709942803
Placebo,43,2528,True,0.44367297853358934
Placebo,43,2697,True,0.0
Placebo,43,2834,True,0.4714208203273207
Placebo,43,2845,True,0.2608451289965665
Placebo,43,3031,True,0.0
Placebo,43,3250,True,0.16394585737067613
Placebo,43,3308,True,0.638787886479598
Placebo,43,3402,True,0.1278325345019925
Placebo,43,3426,True,0.0
Placebo,43,3449,True,0.3723026518776859
Placebo,43,3756,True,0.1110903737650466
Placebo,43,4141,True,0.23060191738026117
Placebo,43,4210,True,0.3108520434169271
Placebo,43,4516,True,0.0
Placebo,43,4692,True,0.0
Placebo,43,4700,False,0.0
Placebo,43,4910,False,0.0
Placebo,43,4962,False,0.0
Placebo,43,5275,True,0.1299140311567813
Placebo,43,5671,True,0.046914224068210206
Placebo,43,5683,True,0.3748574530380485
Placebo,43,6067,True,0.306075863554844
Placebo,43,6378,True,0.4190157731232554
Placebo,43,6495,True,0.34806830353275586
Placebo,43,6868,True,0.11523796232211297
Placebo,43,6880,True,0.2155862200918081
Placebo,43,7144,True,0.0
Placebo,43,7413,True,0.21576226510044633
Placebo,43,7526,True,0.08861964339202381
Placebo,43,7531,True,0.30657359638272924
Placebo,43,7577,True,0.3868528072345415
Placebo,43,7621,True,0.11786235012621753
Placebo,43,8198,True,0.28761399816378985
Placebo,43,8442,True,0.23552539094066038
Placebo,43,8452,True,0.34861202850157014
Placebo,43,8476,True,0.19685680927087526
Placebo,43,8541,True,0.502744361902335
Placebo,43,8802,True,0.2931375901049005
Placebo,43,8816,True,0.0
Placebo,43,8852,False,0.0
Placebo,43,9099,True,0.0
Placebo,43,9479,True,0.319393943239799
Placebo,43,9625,False,0.0
Placebo,43,96,True,0.0
Placebo,43,171,True,0.46133210611285497
Placebo,43,328,False,0.0
Placebo,43,387,True,0.0
Placebo,43,754,False,0.0
Placebo,43,983,True,0.34274570956389416
Placebo,43,1039,True,0.2994591225114425
Placebo,43,1098,True,0.3183103510886926
Placebo,43,1120,True,0.0
Placebo,43,1275,True,0.3125060920951828
Placebo,43,1343,True,0.0
Placebo,43,1483,True,0.10450613870182585
Placebo,43,2005,True,0.0
Placebo,43,2048,True,0.5878351453110809
Placebo,43,2379,True,0.5653471192803603
Placebo,43,2516,True,0.2538101144198644
Placebo,43,2601,True,0.07366373991453432
Placebo,43,3210,True,0.4257967374535283
Placebo,43,3601,False,0.0
Placebo,43,3729,True,0.31854333875926816
Placebo,43,3832,True,0.6797137460212382
Placebo,43,4104,True,0.06452577150984494
Placebo,43,4286,True,0.33712889393498335
Placebo,43,4329,True,0.3800937667159343
Placebo,43,4553,True,0.11381874220565884
Placebo,43,4790,True,0.0
Placebo,43,4844,True,0.0
Placebo,43,4994,True,0.0
Placebo,43,5020,True,0.42271283021080086
Placebo,43,5293,True,0.29041906117766636
Placebo,43,5338,True,0.363535446617126
Placebo,43,5343,True,0.19829939063337246
Placebo,43,5464,True,0.26950580364746596
Placebo,43,5560,True,0.26718849872133676
Placebo,43,5719,True,0.11496943328345767
Placebo,43,6055,True,0.054935869330126626
Placebo,43,6121,True,0.33976399122956263
Placebo,43,6128,True,0.0
Placebo,43,6197,True,0.21325613583581654
Placebo,43,6336,True,0.46096992306544965
Placebo,43,6577,True,0.39444783296106684
Placebo,43,6717,True,0.0
Placebo,43,6906,False,0.0
Placebo,43,8550,True,0.0
Placebo,43,8576,True,0.2434952740670688
Placebo,43,8790,False,0.0
Placebo,43,8840,False,0.0
Placebo,43,8878,True,0.3154648767857289
Placebo,43,9337,True,0.0
Placebo,43,9501,True,0.21708047575196
Placebo,43,9512,False,0.0
Placebo,43,45,True,0.0
Placebo,43,199,True,0.0
Placebo,43,458,True,0.4904245355908656
Placebo,43,564,True,0.5932934018653943
Placebo,43,717,True,0.13905617951077567
Placebo,43,1109,True,0.5459867400160032
Placebo,43,1576,True,0.0
Placebo,43,1711,True,0.0
Placebo,43,1868,True,0.0
Placebo,43,1942,True,0.3921044734807752
Placebo,43,2001,True,0.13950192531885097
Placebo,43,2217,True,0.0
Placebo,43,2354,True,0.5047107119836263
Placebo,43,2761,True,0.0
Placebo,43,2980,True,0.0
Placebo,43,3021,True,0.25383777067634594
Placebo,43,3030,True,0.5
Placebo,43,3046,True,0.0
Placebo,43,3050,True,0.7397821450131989
Placebo,43,3288,True,0.16797441954963857
Placebo,43,3302,True,0.48166421787177577
Placebo,43,3794,True,0.0
Placebo,43,3920,True,0.08209585309454726
Placebo,43,3965,True,0.22756165034950976
Placebo,43,4193,True,0.0
Placebo,43,4294,True,0.13347537859706934
Placebo,43,4383,True,0.06222708175564865
Placebo,43,4474,True,0.0
Placebo,43,5068,True,0.5434599729392416
Placebo,43,5258,True,0.0
Placebo,43,5306,True,0.5140296894057458
Placebo,43,5323,True,0.4856199559631263
Placebo,43,5421,True,0.5753302721806515
Placebo,43,5766,True,0.28672907448038665
Placebo,43,5877,True,0.0
Placebo,43,5887,True,0.31957415958009056
Placebo,43,6126,True,1.0
Placebo,43,6190,True,0.5181009615249572
Placebo,43,6224,True,0.14876390584057267
Placebo,43,6465,True,0.0
Placebo,43,6853,True,0.0
Placebo,43,6949,True,0.25787537406449274
Placebo,43,7107,True,0.22225292263971688
Placebo,43,7240,False,0.0
Placebo,43,7937,True,0.7124535544355919
Placebo,43,8015,True,0.16716045496620238
Placebo,43,8066,True,0.05818407387396803
Placebo,43,8202,True,0.29036416797070075
Placebo,43,8321,True,0.08396738679918538
Placebo,43,9222,True,0.0
Placebo,43,9453,True,0.42424728382845295
Placebo,43,73,True,0.0
Placebo,43,390,True,0.2743935770749123
Placebo,43,424,True,0.0
Placebo,43,715,True,0.5290551558432595
Placebo,43,915,False,0.0
Placebo,43,1579,True,0.05486215600228704
Placebo,43,1643,True,0.0
Placebo,43,1679,True,0.5344806519901774
Placebo,43,1982,True,0.22745962437734468
Placebo,43,2027,True,0.3841062147017318
Placebo,43,2211,True,0.3868528072345415
Placebo,43,2228,True,0.19964574178754455
Placebo,43,2352,True,0.0
Placebo,43,2520,True,0.1465831889445059
Placebo,43,2573,True,0.06978419164318803
Placebo,43,2630,True,0.7501186905259175
Placebo,43,2666,True,0.27144669932284854
Placebo,43,2745,True,0.1247989925273274
Placebo,43,3149,True,0.12453555347585286
Placebo,43,3369,True,0.0
Placebo,43,3617,True,0.23885754572993873
Placebo,43,3862,True,0.5214797048687069
Placebo,43,4124,True,0.25030766663448556
Placebo,43,4218,True,0.07648066585349547
Placebo,43,4268,True,0.316698295121008
Placebo,43,4452,True,0.21069489838116062
Placebo,43,4522,True,0.23530939983725352
Placebo,43,4784,True,0.5258863957667049
Placebo,43,5139,False,0.0
Placebo,43,5438,True,0.17233131285655662
Placebo,43,5565,True,0.05538123001884931
Placebo,43,5684,True,0.12485350142749298
Placebo,43,5775,True,0.20207541945443433
Placebo,43,6110,True,0.06927390663210685
Placebo,43,6488,True,0.16195671984435944
Placebo,43,6590,True,0.0
Placebo,43,6793,True,0.2807721888661444
Placebo,43,7090,True,0.02607213242327893
Placebo,43,7112,True,0.12315119437036504
Placebo,43,7167,True,0.3804014016191895
Placebo,43,7287,True,0.06780475973501701
Placebo,43,7370,True,0.19684989908031778
Placebo,43,7547,True,0.2200917662980802
Placebo,43,7589,True,0.1008674711662712
Placebo,43,7622,True,0.06265341172228864
Placebo,43,7640,True,0.0
Placebo,43,7757,True,0.16802744440804596
Placebo,43,8162,True,0.3201450440740854
Placebo,43,8508,True,0.18900105019841942
Placebo,43,8597,True,0.12445416351129736
Placebo,43,8771,False,0.0
Placebo,43,288,True,0.7007731679885374
Placebo,43,635,True,0.17250524854222266
Placebo,43,654,True,0.12737140874229597
Placebo,43,699,True,0.35359815335916356
Placebo,43,743,True,0.23743216655622362
Placebo,43,946,True,0.0
Placebo,43,976,False,0.0
Placebo,43,1144,True,0.6041017682744436
Placebo,43,1187,True,0.2840756292245128
Placebo,43,1384,True,0.0
Placebo,43,1415,True,0.2344065099232998
Placebo,43,1443,True,0.6032209357758619
Placebo,43,1629,True,0.11518062305268108
Placebo,43,1684,True,0.0
Placebo,43,1802,True,0.16842717545221186
Placebo,43,1914,True,0.30569992455033734
Placebo,43,2046,True,0.0
Placebo,43,2071,True,0.13136090850972965
Placebo,43,2340,True,0.0
Placebo,43,2749,True,0.309303663534663
Placebo,43,3517,True,0.09021836203884567
Placebo,43,3758,True,0.0
Placebo,43,4110,True,0.08861964339202381
Placebo,43,4111,True,0.0
Placebo,43,4144,True,0.25566506900398484
Placebo,43,5021,True,0.10212480319009887
Placebo,43,5032,True,0.5010011485022154
Placebo,43,5096,True,0.13531579476014968
Placebo,43,5109,True,0.477874071994023
Placebo,43,5114,True,0.0
Placebo,43,5977,True,0.0
Placebo,43,5984,True,0.2398124665681314
Placebo,43,6353,True,0.1814434551671088
Placebo,43,6373,True,0.12737140874229597
Placebo,43,6539,True,0.0
Placebo,43,6554,True,0.25057151606196754
Placebo,43,6884,False,0.0
Placebo,43,6955,True,0.22335049593187647
Placebo,43,7020,True,0.37068835734445726
Placebo,43,7029,True,0.2200917662980802
Placebo,43,7280,True,0.0
Placebo,43,7394,True,0.1532749700109649
Placebo,43,7795,True,0.17039459061713433
Placebo,43,8108,True,0.1100458831490401
Placebo,43,8560,True,0.2833434300172212
Placebo,43,8632,True,0.0
Placebo,43,8657,True,0.057484716641728835
Placebo,43,8777,True,0.5314107562176719
Placebo,43,9151,True,0.0
Placebo,43,9609,False,0.0
Placebo,44,102,True,0.9118499466982855
Placebo,44,314,True,0.27663835849588214
Placebo,44,1068,True,0.18073256303237872
Placebo,44,1525,True,0.054446697840052224
Placebo,44,1795,True,0.33578410056805597
Placebo,44,1929,True,0.33225732698477906
Placebo,44,1931,True,0.04330890684638207
Placebo,44,1991,True,0.15040289167004095
Placebo,44,2528,True,0.40043781989294047
Placebo,44,2697,True,0.049753393053764444
Placebo,44,2834,True,0.3543098316841078
Placebo,44,2845,True,0.33749186561383326
Placebo,44,3031,True,0.2024553672119666
Placebo,44,3250,True,0.2758215714702036
Placebo,44,3308,True,0.0
Placebo,44,3402,True,0.2026097735578014
Placebo,44,3426,True,0.0
Placebo,44,3449,True,0.2898694326490543
Placebo,44,3756,True,0.0
Placebo,44,4141,True,0.4107353946618449
Placebo,44,4210,True,0.18920466844223563
Placebo,44,4516,True,0.1171629291152348
Placebo,44,4692,True,0.0
Placebo,44,4700,False,0.0
Placebo,44,4910,False,0.0
Placebo,44,4962,False,0.0
Placebo,44,5275,True,0.2501737101839677
Placebo,44,5671,True,0.0
Placebo,44,5683,True,0.46921708919419414
Placebo,44,6067,True,0.5312019767322395
Placebo,44,6378,True,0.29052818851857815
Placebo,44,6495,True,0.40011969474226383
Placebo,44,6868,True,0.17949371960903443
Placebo,44,6880,True,0.18063158777894614
Placebo,44,7144,True,0.0
Placebo,44,7413,True,0.36335432648695504
Placebo,44,7526,True,0.0
Placebo,44,7531,True,0.0
Placebo,44,7577,True,0.0
Placebo,44,7621,True,0.1485060568024601
Placebo,44,8198,True,0.3413056745924027
Placebo,44,8442,True,0.14650836131047143
Placebo,44,8452,True,0.4094622426369018
Placebo,44,8476,True,0.2179604547802678
Placebo,44,8541,True,0.5988179661837856
Placebo,44,8802,True,0.2293178775103796
Placebo,44,8816,True,0.10861750945625488
Placebo,44,8852,False,0.0
Placebo,44,9099,True,0.0
Placebo,44,9479,True,0.13755548414400526
Placebo,44,9625,False,0.0
Placebo,44,96,True,0.0
Placebo,44,171,True,0.4463263465221647
Placebo,44,328,False,0.0
Placebo,44,387,True,0.12737140874229597
Placebo,44,754,False,0.0
Placebo,44,983,True,0.19591489772884266
Placebo,44,1039,True,0.1515308225007834
Placebo,44,1098,True,0.09515663188532464
Placebo,44,1120,True,0.08452085079694185
Placebo,44,1275,True,0.4928569118036197
Placebo,44,1343,True,0.3912455174719856
Placebo,44,1483,True,0.05109165667032166
Placebo,44,2005,True,0.11002326706256796
Placebo,44,2048,True,0.5292780559542739
Placebo,44,2379,True,0.5351765408052724
Placebo,44,2516,True,0.41565354138094035
Placebo,44,2601,True,0.0
Placebo,44,3210,True,0.3338878622234679
Placebo,44,3601,False,0.0
Placebo,44,3729,True,0.25568777585838887
Placebo,44,3832,True,0.5534833859195653
Placebo,44,4104,True,0.31422813547833456
Placebo,44,4286,True,0.5983853427535796
Placebo,44,4329,True,0.0
Placebo,44,4553,True,0.12421371338458444
Placebo,44,4790,True,0.0
Placebo,44,4844,True,0.0
Placebo,44,4994,True,0.638787886479598
Placebo,44,5020,True,0.45088002363283575
Placebo,44,5293,True,0.4117673006144096
Placebo,44,5338,True,0.4193419572686325
Placebo,44,5343,True,0.0611130472053797
Placebo,44,5464,True,0.5565446061852658
Placebo,44,5560,True,0.29234748671567623
Placebo,44,5719,True,0.25264076317831785
Placebo,44,6055,True,0.0
Placebo,44,6121,True,0.6125414865642629
Placebo,44,6128,True,0.09374211877002252
Placebo,44,6197,True,0.0
Placebo,44,6336,True,0.231677481937091
Placebo,44,6577,True,0.4378068560756645
Placebo,44,6717,True,0.0
Placebo,44,6906,False,0.0
Placebo,44,8550,True,0.0
Placebo,44,8576,True,0.34191137226343876
Placebo,44,8790,False,0.0
Placebo,44,8840,False,0.0
Placebo,44,8878,True,0.0
Placebo,44,9337,True,0.15979138559512826
Placebo,44,9501,True,0.4146704178811829
Placebo,44,9512,False,0.0
Placebo,44,45,True,0.1138594339595772
Placebo,44,199,True,0.0
Placebo,44,458,True,0.3243049326993454
Placebo,44,564,True,0.4990657685455936
Placebo,44,717,True,0.13905617951077567
Placebo,44,1109,True,0.3903842933155189
Placebo,44,1576,True,0.563326255972632
Placebo,44,1711,True,0.0
Placebo,44,1868,True,0.0
Placebo,44,1942,True,0.3510444001075066
Placebo,44,2001,True,0.0
Placebo,44,2217,True,0.07472469692801867
Placebo,44,2354,True,0.27680488875689474
Placebo,44,2761,True,0.0
Placebo,44,2980,True,0.0
Placebo,44,3021,True,0.2305918351605654
Placebo,44,3030,True,0.0
Placebo,44,3046,True,0.0
Placebo,44,3050,True,0.4456266908790528
Placebo,44,3288,True,0.08445731374495839
Placebo,44,3302,True,0.04018009264032398
Placebo,44,3794,True,0.0
Placebo,44,3920,True,0.2486546915491036
Placebo,44,3965,True,0.18905709333163614
Placebo,44,4193,True,0.2707842629583516
Placebo,44,4294,True,0.0
Placebo,44,4383,True,0.48835231933963125
Placebo,44,4474,True,0.3996436162680571
Placebo,44,5068,True,0.240027359297034
Placebo,44,5258,True,0.11615302196700909
Placebo,44,5306,True,0.5002422449311336
Placebo,44,5323,True,0.16961510979410438
Placebo,44,5421,True,0.46332786148127075
Placebo,44,5766,True,0.3543900103466889
Placebo,44,5877,True,0.22289929399657574
Placebo,44,5887,True,0.13963012545783937
Placebo,44,6126,True,0.0
Placebo,44,6190,True,0.8217865779285903
Placebo,44,6224,True,0.1325372998263964
Placebo,44,6465,True,0.0
Placebo,44,6853,True,0.306980546010472
Placebo,44,6949,True,0.5659570788141237
Placebo,44,7107,True,0.07778487414574674
Placebo,44,7240,False,0.0
Placebo,44,7937,True,0.29549465973526706
Placebo,44,8015,True,0.0
Placebo,44,8066,True,0.36112706083845236
Placebo,44,8202,True,0.3997659391923231
Placebo,44,8321,True,0.16836400998426126
Placebo,44,9222,True,0.0
Placebo,44,9453,True,0.3699265541021764
Placebo,44,73,True,0.20151514190050243
Placebo,44,390,True,0.6005953908450284
Placebo,44,424,True,0.0
Placebo,44,715,True,0.5283044883632295
Placebo,44,915,False,0.0
Placebo,44,1579,True,0.08831742548390166
Placebo,44,1643,True,0.0
Placebo,44,1679,True,0.1485060568024601
Placebo,44,1982,True,0.14201905717762706
Placebo,44,2027,True,0.1694406475223139
Placebo,44,2211,True,0.26406812257259077
Placebo,44,2228,True,0.31106078759383415
Placebo,44,2352,True,0.3154648767857289
Placebo,44,2520,True,0.0
Placebo,44,2573,True,0.06978419164318803
Placebo,44,2630,True,0.3895823112212584
Placebo,44,2666,True,0.13777597210996173
Placebo,44,2745,True,0.0
Placebo,44,3149,True,0.37134245088330864
Placebo,44,3369,True,0.18325286524530388
Placebo,44,3617,True,0.13830633559390287
Placebo,44,3862,True,0.0
Placebo,44,4124,True,0.1017693315610147
Placebo,44,4218,True,0.09424516707495509
Placebo,44,4268,True,0.387615612368081
Placebo,44,4452,True,0.10644397828150137
Placebo,44,4522,True,0.24366325879288833
Placebo,44,4784,True,0.47338717040861206
Placebo,44,5139,False,0.0
Placebo,44,5438,True,0.12408684762734652
Placebo,44,5565,True,0.35057051294614483
Placebo,44,5684,True,0.19492578050501277
Placebo,44,5775,True,0.11381311447980796
Placebo,44,6110,True,0.11298087547243421
Placebo,44,6488,True,0.1267296813271436
Placebo,44,6590,True,0.0
Placebo,44,6793,True,0.08857376396551764
Placebo,44,7090,True,0.18754997878023172
Placebo,44,7112,True,0.13012668333070063
Placebo,44,7167,True,0.4246558158427488
Placebo,44,7287,True,0.29697127618789504
Placebo,44,7370,True,0.0
Placebo,44,7547,True,0.1565406896596897
Placebo,44,7589,True,0.0
Placebo,44,7622,True,0.06017177966564497
Placebo,44,7640,True,0.3010299956639808
Placebo,44,7757,True,0.15813244994994854
Placebo,44,8162,True,0.3275070867395769
Placebo,44,8508,True,0.3508834180787411
Placebo,44,8597,True,0.5544629308945034
Placebo,44,8771,False,0.0
Placebo,44,288,True,0.43893679827692944
Placebo,44,635,True,0.08148835874915306
Placebo,44,654,True,0.06368570437114804
Placebo,44,699,True,0.5677061281040644
Placebo,44,743,True,0.3670396316355827
Placebo,44,946,True,0.0
Placebo,44,976,False,0.0
Placebo,44,1144,True,0.6839959767537676
Placebo,44,1187,True,0.6164279051915031
Placebo,44,1384,True,0.30657359638272924
Placebo,44,1415,True,0.19296930142134192
Placebo,44,1443,True,0.360738098415433
Placebo,44,1629,True,0.0
Placebo,44,1684,True,0.15979138559512837
Placebo,44,1802,True,0.12279662485798208
Placebo,44,1914,True,0.3355309422210454
Placebo,44,2046,True,0.0
Placebo,44,2071,True,0.06993108739817402
Placebo,44,2340,True,0.0
Placebo,44,2749,True,0.398684348074683
Placebo,44,3517,True,0.17051835397768944
Placebo,44,3758,True,0.0
Placebo,44,4110,True,0.30657359638272924
Placebo,44,4111,True,0.0
Placebo,44,4144,True,0.11713471800758483
Placebo,44,5021,True,0.15811133267174657
Placebo,44,5032,True,0.22705013654474174
Placebo,44,5096,True,0.11394824596446043
Placebo,44,5109,True,0.2957526483302704
Placebo,44,5114,True,0.0
Placebo,44,5977,True,0.0
Placebo,44,5984,True,0.10987173866025325
Placebo,44,6353,True,0.4248174805007944
Placebo,44,6373,True,0.0
Placebo,44,6539,True,0.0
Placebo,44,6554,True,0.34844953243731497
Placebo,44,6884,False,0.0
Placebo,44,6955,True,0.1197453422743875
Placebo,44,7020,True,0.18618951529773617
Placebo,44,7029,True,0.20452930064477334
Placebo,44,7280,True,0.0
Placebo,44,7394,True,0.16483672506293187
Placebo,44,7795,True,0.5327812407964695
Placebo,44,8108,True,0.0
Placebo,44,8560,True,0.5533272769360399
Placebo,44,8632,True,0.0475448891582404
Placebo,44,8657,True,0.3019025540492812
Placebo,44,8777,True,0.34111073349407606
Placebo,44,9151,True,0.0
Placebo,44,9609,False,0.0
Placebo,45,102,True,0.8876193684023149
Placebo,45,314,True,0.4691754095296223
Placebo,45,1068,True,0.08943838701260548
Placebo,45,1525,True,0.3662208764162551
Placebo,45,1795,True,0.4309532459871359
Placebo,45,1929,True,0.43206711863184116
Placebo,45,1931,True,0.06452577150984494
Placebo,45,1991,True,0.0
Placebo,45,2528,True,0.5679929105864472
Placebo,45,2697,True,0.0
Placebo,45,2834,True,0.1746055381356132
Placebo,45,2845,True,0.2829970335052571
Placebo,45,3031,True,0.12386934723300858
Placebo,45,3250,True,0.5139409019927482
Placebo,45,3308,True,0.19282018868561832
Placebo,45,3402,True,0.0
Placebo,45,3426,True,0.0
Placebo,45,3449,True,0.09071321415048873
Placebo,45,3756,True,0.4216141294622321
Placebo,45,4141,True,0.22204866390662786
Placebo,45,4210,True,0.2138355638777173
Placebo,45,4516,True,0.0
Placebo,45,4692,True,1.0
Placebo,45,4700,False,0.0
Placebo,45,4910,False,0.0
Placebo,45,4962,False,0.0
Placebo,45,5275,True,0.05214426484655786
Placebo,45,5671,True,0.0
Placebo,45,5683,True,0.461176541133039
Placebo,45,6067,True,0.7439444937539534
Placebo,45,6378,True,0.3462526158288845
Placebo,45,6495,True,0.5124411901645516
Placebo,45,6868,True,0.1287053805917958
Placebo,45,6880,True,0.0
Placebo,45,7144,True,0.05109165667032166
Placebo,45,7413,True,0.48178406407605096
Placebo,45,7526,True,0.5640920940185892
Placebo,45,7531,True,0.6131471927654585
Placebo,45,7577,True,0.0
Placebo,45,7621,True,0.2505610582901751
Placebo,45,8198,True,0.13691975839908876
Placebo,45,8442,True,0.21455093446845364
Placebo,45,8452,True,0.39515570978909337
Placebo,45,8476,True,0.2762297942984436
Placebo,45,8541,True,0.4179471250182719
Placebo,45,8802,True,0.2717052773044983
Placebo,45,8816,True,0.0
Placebo,45,8852,False,0.0
Placebo,45,9099,True,0.5396864167549579
Placebo,45,9479,True,0.0
Placebo,45,9625,False,0.0
Placebo,45,96,True,0.0
Placebo,45,171,True,0.3855387431280598
Placebo,45,328,False,0.0
Placebo,45,387,True,0.0
Placebo,45,754,False,0.0
Placebo,45,983,True,0.19016801905360015
Placebo,45,1039,True,0.4380151124619547
Placebo,45,1098,True,0.3400676775241963
Placebo,45,1120,True,0.4579197167971796
Placebo,45,1275,True,0.39523529725485407
Placebo,45,1343,True,0.0
Placebo,45,1483,True,0.3663233465256459
Placebo,45,2005,True,0.09803928583135697
Placebo,45,2048,True,0.5329308078020736
Placebo,45,2379,True,0.7812445963915401
Placebo,45,2516,True,0.4919933897701581
Placebo,45,2601,True,0.21408528757478193
Placebo,45,3210,True,0.45362513274818067
Placebo,45,3601,False,0.0
Placebo,45,3729,True,0.3322739315149625
Placebo,45,3832,True,0.502895024279755
Placebo,45,4104,True,0.2996484034259831
Placebo,45,4286,True,0.41040920013853716
Placebo,45,4329,True,0.0
Placebo,45,4553,True,0.24013546019419946
Placebo,45,4790,True,0.0
Placebo,45,4844,True,0.0
Placebo,45,4994,True,0.0
Placebo,45,5020,True,0.4212476254233827
Placebo,45,5293,True,0.19102587992366044
Placebo,45,5338,True,0.3386468795655033
Placebo,45,5343,True,0.0
Placebo,45,5464,True,0.16992444743091048
Placebo,45,5560,True,0.3135043087034449
Placebo,45,5719,True,0.25769778453733283
Placebo,45,6055,True,0.0
Placebo,45,6121,True,0.4388657187977775
Placebo,45,6128,True,0.10502960579996924
Placebo,45,6197,True,0.14187295789299578
Placebo,45,6336,True,0.17963988501492847
Placebo,45,6577,True,0.5568415389743656
Placebo,45,6717,True,0.0
Placebo,45,6906,False,0.0
Placebo,45,8550,True,0.0
Placebo,45,8576,True,0.1130336373359606
Placebo,45,8790,False,0.0
Placebo,45,8840,False,0.0
Placebo,45,8878,True,0.3333333333333335
Placebo,45,9337,True,0.25326335410655304
Placebo,45,9501,True,0.38186423009785386
Placebo,45,9512,False,0.0
Placebo,45,45,True,0.33522605909750025
Placebo,45,199,True,0.0
Placebo,45,458,True,0.5159594637076763
Placebo,45,564,True,0.5993140169520431
Placebo,45,717,True,0.13905617951077567
Placebo,45,1109,True,0.6108583315484692
Placebo,45,1576,True,0.0
Placebo,45,1711,True,0.0
Placebo,45,1868,True,0.0
Placebo,45,1942,True,0.08384830532074372
Placebo,45,2001,True,0.21875026709289336
Placebo,45,2217,True,0.16037111814774854
Placebo,45,2354,True,0.2206362343241511
Placebo,45,2761,True,0.0
Placebo,45,2980,True,0.0
Placebo,45,3021,True,0.11489184895113494
Placebo,45,3030,True,0.0
Placebo,45,3046,True,0.22185676571500376
Placebo,45,3050,True,0.35546987445982337
Placebo,45,3288,True,0.10998985444334124
Placebo,45,3302,True,0.1393603067055339
Placebo,45,3794,True,0.0
Placebo,45,3920,True,0.36126751651438505
Placebo,45,3965,True,0.11070869757231008
Placebo,45,4193,True,0.2707842629583516
Placebo,45,4294,True,0.11496943328345767
Placebo,45,4383,True,0.06989966664803303
Placebo,45,4474,True,0.08679335831271362
Placebo,45,5068,True,0.29339581674992365
Placebo,45,5258,True,0.0
Placebo,45,5306,True,0.4999510564137606
Placebo,45,5323,True,0.2852915925826541
Placebo,45,5421,True,0.3827967450383501
Placebo,45,5766,True,0.3393114742804077
Placebo,45,5877,True,0.4353429598274985
Placebo,45,5887,True,0.15667831547677652
Placebo,45,6126,True,0.0
Placebo,45,6190,True,0.2349389586383651
Placebo,45,6224,True,0.30925157989309254
Placebo,45,6465,True,0.0
Placebo,45,6853,True,0.153490273005236
Placebo,45,6949,True,0.5718561290579979
Placebo,45,7107,True,0.27555194421992346
Placebo,45,7240,False,0.0
Placebo,45,7937,True,0.6570783129075963
Placebo,45,8015,True,0.30446719749051826
Placebo,45,8066,True,0.24947309150381689
Placebo,45,8202,True,0.06181086786050318
Placebo,45,8321,True,0.24573132854020632
Placebo,45,9222,True,0.11011753292369394
Placebo,45,9453,True,0.5946994761155756
Placebo,45,73,True,0.1235584435560261
Placebo,45,390,True,0.4113918905494114
Placebo,45,424,True,0.20404668974772275
Placebo,45,715,True,0.4526150051368751
Placebo,45,915,False,0.0
Placebo,45,1579,True,0.1564023817007268
Placebo,45,1643,True,0.0
Placebo,45,1679,True,0.26762555041413155
Placebo,45,1982,True,0.27519752171829354
Placebo,45,2027,True,0.25390504444718287
Placebo,45,2211,True,0.3868528072345415
Placebo,45,2228,True,0.0
Placebo,45,2352,True,0.0
Placebo,45,2520,True,0.12741733550370726
Placebo,45,2573,True,0.0
Placebo,45,2630,True,0.5849657841561102
Placebo,45,2666,True,0.10918487464734664
Placebo,45,2745,True,0.0
Placebo,45,3149,True,0.5300427919691839
Placebo,45,3369,True,0.3848611781023909
Placebo,45,3617,True,0.18454127534310028
Placebo,45,3862,True,0.0
Placebo,45,4124,True,0.09325264495975438
Placebo,45,4218,True,0.2645796336680163
Placebo,45,4268,True,0.47612692175867016
Placebo,45,4452,True,0.04681599109282455
Placebo,45,4522,True,0.1283172832165813
Placebo,45,4784,True,0.532897013568543
Placebo,45,5139,False,0.0
Placebo,45,5438,True,0.19233211228155941
Placebo,45,5565,True,0.11341808068418932
Placebo,45,5684,True,0.04330890684638207
Placebo,45,5775,True,0.19827935420896997
Placebo,45,6110,True,0.3179328107921716
Placebo,45,6488,True,0.2641400331850027
Placebo,45,6590,True,0.0
Placebo,45,6793,True,0.0
Placebo,45,7090,True,0.2682639167333794
Placebo,45,7112,True,0.0
Placebo,45,7167,True,0.4036258671976033
Placebo,45,7287,True,0.28809797916019714
Placebo,45,7370,True,0.07142489948912922
Placebo,45,7547,True,0.3207602759660177
Placebo,45,7589,True,0.0
Placebo,45,7622,True,0.10507722995177482
Placebo,45,7640,True,0.3154648767857289
Placebo,45,7757,True,0.05262547678153485
Placebo,45,8162,True,0.37458347832864375
Placebo,45,8508,True,0.31916484206328716
Placebo,45,8597,True,0.2929713602352002
Placebo,45,8771,False,0.0
Placebo,45,288,True,0.611913424135125
Placebo,45,635,True,0.1814671005685869
Placebo,45,654,True,0.0
Placebo,45,699,True,0.37960256558331523
Placebo,45,743,True,0.4276542012747247
Placebo,45,946,True,0.0
Placebo,45,976,False,0.0
Placebo,45,1144,True,0.5885380967309697
Placebo,45,1187,True,0.27460595302217616
Placebo,45,1384,True,0.0
Placebo,45,1415,True,0.16815228646891087
Placebo,45,1443,True,0.4959803948081229
Placebo,45,1629,True,0.29007579773858094
Placebo,45,1684,True,0.0
Placebo,45,1802,True,0.1310903795944326
Placebo,45,1914,True,0.3758338135539982
Placebo,45,2046,True,0.0
Placebo,45,2071,True,0.0
Placebo,45,2340,True,0.02648569314425579
Placebo,45,2749,True,0.3855577566613888
Placebo,45,3517,True,0.21960330488718588
Placebo,45,3758,True,0.10699313236726382
Placebo,45,4110,True,0.3467132018086354
Placebo,45,4111,True,0.0
Placebo,45,4144,True,0.0
Placebo,45,5021,True,0.0
Placebo,45,5032,True,0.01670239580756176
Placebo,45,5096,True,0.2645796336680163
Placebo,45,5109,True,0.5302415399201833
Placebo,45,5114,True,0.20151514190050243
Placebo,45,5977,True,0.0
Placebo,45,5984,True,0.2197434773205065
Placebo,45,6353,True,0.14569016831589227
Placebo,45,6373,True,0.201878906520566
Placebo,45,6539,True,0.0
Placebo,45,6554,True,0.5250286703774982
Placebo,45,6884,False,0.0
Placebo,45,6955,True,0.0
Placebo,45,7020,True,0.418357414309396
Placebo,45,7029,True,0.35876040979635476
Placebo,45,7280,True,0.20151514190050257
Placebo,45,7394,True,0.08097835992217972
Placebo,45,7795,True,0.28733148279825416
Placebo,45,8108,True,0.3301376494471203
Placebo,45,8560,True,0.24094046778983416
Placebo,45,8632,True,0.1339222114103465
Placebo,45,8657,True,0.13347537859706934
Placebo,45,8777,True,0.6707270539174386
Placebo,45,9151,True,0.0
Placebo,45,9609,False,0.0
Placebo,46,102,True,0.6946023361311877
Placebo,46,314,True,0.36892726670155734
Placebo,46,1068,True,0.2635597140050687
Placebo,46,1525,True,0.12122913927828413
Placebo,46,1795,True,0.037675880241893646
Placebo,46,1929,True,0.1887863451374192
Placebo,46,1931,True,0.12828055830938542
Placebo,46,1991,True,0.1085611983517697
Placebo,46,2528,True,0.5750326655470607
Placebo,46,2697,True,0.0
Placebo,46,2834,True,0.573927605192818
Placebo,46,2845,True,0.4054746723277453
Placebo,46,3031,True,0.11609379195404045
Placebo,46,3250,True,0.47255950337560915
Placebo,46,3308,True,0.0
Placebo,46,3402,True,0.15676031934798057
Placebo,46,3426,True,0.0
Placebo,46,3449,True,0.12492212726030358
Placebo,46,3756,True,0.06358115370045193
Placebo,46,4141,True,0.49938476810806764
Placebo,46,4210,True,0.08268085825047146
Placebo,46,4516,True,0.5995311664203286
Placebo,46,4692,True,0.0
Placebo,46,4700,False,0.0
Placebo,46,4910,False,0.0
Placebo,46,4962,False,0.0
Placebo,46,5275,True,0.0
Placebo,46,5671,True,0.20446811812731652
Placebo,46,5683,True,0.30671438149653096
Placebo,46,6067,True,0.2837985359830568
Placebo,46,6378,True,0.4401207606123318
Placebo,46,6495,True,0.4129263735781948
Placebo,46,6868,True,0.09766480928205282
Placebo,46,6880,True,0.30107295464250156
Placebo,46,7144,True,0.29972862701507297
Placebo,46,7413,True,0.34545709796269836
Placebo,46,7526,True,0.1934264036172709
Placebo,46,7531,True,0.0
Placebo,46,7577,True,0.0
Placebo,46,7621,True,0.034019538049805724
Placebo,46,8198,True,0.2669966975125846
Placebo,46,8442,True,0.17989930375968283
Placebo,46,8452,True,0.1575573591631193
Placebo,46,8476,True,0.37712493315870105
Placebo,46,8541,True,0.5066872546540756
Placebo,46,8802,True,0.2931375901049005
Placebo,46,8816,True,0.0
Placebo,46,8852,False,0.0
Placebo,46,9099,True,0.09021422696383827
Placebo,46,9479,True,0.0
Placebo,46,9625,False,0.0
Placebo,46,96,True,0.0
Placebo,46,171,True,0.5201023845773624
Placebo,46,328,False,0.0
Placebo,46,387,True,0.13903522230101914
Placebo,46,754,False,0.0
Placebo,46,983,True,0.3912777412858927
Placebo,46,1039,True,0.38799721924241226
Placebo,46,1098,True,0.24176030718934327
Placebo,46,1120,True,0.12330853459764358
Placebo,46,1275,True,0.610458874667192
Placebo,46,1343,True,0.0
Placebo,46,1483,True,0.215921559820962
Placebo,46,2005,True,0.2139862647345275
Placebo,46,2048,True,0.51164656936742
Placebo,46,2379,True,0.4390772680651916
Placebo,46,2516,True,0.23196322815877812
Placebo,46,2601,True,0.33575216235085514
Placebo,46,3210,True,0.2610306516149349
Placebo,46,3601,False,0.0
Placebo,46,3729,True,0.3106150678192468
Placebo,46,3832,True,0.6023277671368327
Placebo,46,4104,True,0.18535305454695564
Placebo,46,4286,True,0.44773452261294694
Placebo,46,4329,True,0.282432472145586
Placebo,46,4553,True,0.15232257932946244
Placebo,46,4790,True,0.0
Placebo,46,4844,True,0.0
Placebo,46,4994,True,0.0
Placebo,46,5020,True,0.42374076872311106
Placebo,46,5293,True,0.2694761865101373
Placebo,46,5338,True,0.6253059615561483
Placebo,46,5343,True,0.3108218137928871
Placebo,46,5464,True,0.0
Placebo,46,5560,True,0.22688876817715653
Placebo,46,5719,True,0.40680175193160595
Placebo,46,6055,True,0.0
Placebo,46,6121,True,0.5006152318919324
Placebo,46,6128,True,0.2449689541817739
Placebo,46,6197,True,0.0879405409051344
Placebo,46,6336,True,0.07327210323562675
Placebo,46,6577,True,0.30798215553801034
Placebo,46,6717,True,0.4306765580733929
Placebo,46,6906,False,0.0
Placebo,46,8550,True,0.0
Placebo,46,8576,True,0.38134495461139184
Placebo,46,8790,False,0.0
Placebo,46,8840,False,0.0
Placebo,46,8878,True,0.40876468265396726
Placebo,46,9337,True,0.40616007854228736
Placebo,46,9501,True,0.4171983079685273
Placebo,46,9512,False,0.0
Placebo,46,45,True,0.0
Placebo,46,199,True,0.0
Placebo,46,458,True,0.1775899190378309
Placebo,46,564,True,0.3053271502581382
Placebo,46,717,True,0.0
Placebo,46,1109,True,0.5089282960448166
Placebo,46,1576,True,0.1462892511287546
Placebo,46,1711,True,0.0
Placebo,46,1868,True,0.0
Placebo,46,1942,True,0.2988089400106305
Placebo,46,2001,True,0.0
Placebo,46,2217,True,0.0
Placebo,46,2354,True,0.4163978787528006
Placebo,46,2761,True,0.0
Placebo,46,2980,True,0.0
Placebo,46,3021,True,0.40969625380975183
Placebo,46,3030,True,0.0
Placebo,46,3046,True,0.07347205336924467
Placebo,46,3050,True,0.5782252964604064
Placebo,46,3288,True,0.30633813351069844
Placebo,46,3302,True,0.08387335775178986
Placebo,46,3794,True,0.6309297535714573
Placebo,46,3920,True,0.0
Placebo,46,3965,True,0.21166955316018818
Placebo,46,4193,True,0.7601875334318686
Placebo,46,4294,True,0.0
Placebo,46,4383,True,0.3016235761566044
Placebo,46,4474,True,0.11741574113109363
Placebo,46,5068,True,0.0
Placebo,46,5258,True,0.0
Placebo,46,5306,True,0.5484445549154111
Placebo,46,5323,True,0.2925382742916646
Placebo,46,5421,True,0.42043367128952963
Placebo,46,5766,True,0.15971287851200586
Placebo,46,5877,True,0.04750922006459467
Placebo,46,5887,True,0.0
Placebo,46,6126,True,0.0
Placebo,46,6190,True,0.6007295436749683
Placebo,46,6224,True,0.22975239799232536
Placebo,46,6465,True,0.0
Placebo,46,6853,True,0.2797541725952731
Placebo,46,6949,True,0.27346781257242303
Placebo,46,7107,True,0.24366228755762448
Placebo,46,7240,False,0.0
Placebo,46,7937,True,0.6034744237536328
Placebo,46,8015,True,0.46927872602275655
Placebo,46,8066,True,0.17336967784757512
Placebo,46,8202,True,0.4252124812973537
Placebo,46,8321,True,0.33125476111117963
Placebo,46,9222,True,0.0
Placebo,46,9453,True,0.5942796700727279
Placebo,46,73,True,0.21292929549319944
Placebo,46,390,True,0.3205228949141826
Placebo,46,424,True,0.14656879505245024
Placebo,46,715,True,0.6291038143569933
Placebo,46,915,False,0.0
Placebo,46,1579,True,0.155160432859621
Placebo,46,1643,True,0.0
Placebo,46,1679,True,0.4216038171920111
Placebo,46,1982,True,0.0
Placebo,46,2027,True,0.30884747183062944
Placebo,46,2211,True,0.6131471927654585
Placebo,46,2228,True,0.27004703010354264
Placebo,46,2352,True,0.0
Placebo,46,2520,True,0.207808723593793
Placebo,46,2573,True,0.0
Placebo,46,2630,True,0.355888138336144
Placebo,46,2666,True,0.21836974929469327
Placebo,46,2745,True,0.10321968365526596
Placebo,46,3149,True,0.21072435299085496
Placebo,46,3369,True,0.16017942593921658
Placebo,46,3617,True,0.18011145091829328
Placebo,46,3862,True,0.0
Placebo,46,4124,True,0.05088466578050735
Placebo,46,4218,True,0.10235337402155874
Placebo,46,4268,True,0.1655784945960665
Placebo,46,4452,True,0.04681599109282455
Placebo,46,4522,True,0.3436768653165535
Placebo,46,4784,True,0.5880054361346903
Placebo,46,5139,False,0.0
Placebo,46,5438,True,0.13459609419756352
Placebo,46,5565,True,0.15846525509047654
Placebo,46,5684,True,0.12018995674846226
Placebo,46,5775,True,0.27624584260724666
Placebo,46,6110,True,0.0
Placebo,46,6488,True,0.21002631909921807
Placebo,46,6590,True,0.0
Placebo,46,6793,True,0.10868386149911138
Placebo,46,7090,True,0.0776895369576595
Placebo,46,7112,True,0.0
Placebo,46,7167,True,0.24947766547594644
Placebo,46,7287,True,0.41429495933740723
Placebo,46,7370,True,0.1201047625776998
Placebo,46,7547,True,0.1961220509139702
Placebo,46,7589,True,0.15130120674940675
Placebo,46,7622,True,0.0
Placebo,46,7640,True,0.0
Placebo,46,7757,True,0.15271595888369593
Placebo,46,8162,True,0.26517104608580466
Placebo,46,8508,True,0.0
Placebo,46,8597,True,0.06625422345438896
Placebo,46,8771,False,0.0
Placebo,46,288,True,0.4796452036951765
Placebo,46,635,True,0.17835464027698197
Placebo,46,654,True,0.22191885656518898
Placebo,46,699,True,0.18844415212771548
Placebo,46,743,True,0.3175659746060526
Placebo,46,946,True,0.0
Placebo,46,976,False,0.0
Placebo,46,1144,True,0.4900262995724524
Placebo,46,1187,True,0.2557745547623824
Placebo,46,1384,True,0.30657359638272924
Placebo,46,1415,True,0.23365080824310527
Placebo,46,1443,True,0.3615774434437674
Placebo,46,1629,True,0.0
Placebo,46,1684,True,0.0
Placebo,46,1802,True,0.057484716641728835
Placebo,46,1914,True,0.35855333620517404
Placebo,46,2046,True,0.3183412193664158
Placebo,46,2071,True,0.10004876742114935
Placebo,46,2340,True,0.0
Placebo,46,2749,True,0.24338465605664783
Placebo,46,3517,True,0.4018836111953121
Placebo,46,3758,True,0.0
Placebo,46,4110,True,0.1934264036172709
Placebo,46,4111,True,0.0
Placebo,46,4144,True,0.11713471800758483
Placebo,46,5021,True,0.09791292534996787
Placebo,46,5032,True,0.17334238849102268
Placebo,46,5096,True,0.17771074861004912
Placebo,46,5109,True,0.27996346212057116
Placebo,46,5114,True,0.0
Placebo,46,5977,True,0.0
Placebo,46,5984,True,0.0
Placebo,46,6353,True,0.2172464738378948
Placebo,46,6373,True,0.062228655362841605
Placebo,46,6539,True,0.0
Placebo,46,6554,True,0.6720263947622398
Placebo,46,6884,False,0.0
Placebo,46,6955,True,0.299516189145498
Placebo,46,7020,True,0.12075810428413547
Placebo,46,7029,True,0.11684477962009338
Placebo,46,7280,True,0.1305569638500157
Placebo,46,7394,True,0.128763270804842
Placebo,46,7795,True,0.16329110484801101
Placebo,46,8108,True,0.2200917662980802
Placebo,46,8560,True,0.5124513827537095
Placebo,46,8632,True,0.36103265709243343
Placebo,46,8657,True,0.2659979713502556
Placebo,46,8777,True,0.3695714414906687
Placebo,46,9151,True,0.0
Placebo,46,9609,False,0.0
Placebo,47,102,True,0.7529694065526481
Placebo,47,314,True,0.3411771705420282
Placebo,47,1068,True,0.4465116512790306
Placebo,47,1525,True,0.0
Placebo,47,1795,True,0.5495191592785112
Placebo,47,1929,True,0.46427553173245806
Placebo,47,1931,True,0.11132837047723466
Placebo,47,1991,True,0.0
Placebo,47,2528,True,0.42295589762052194
Placebo,47,2697,True,0.1264713513838286
Placebo,47,2834,True,0.3363372495266212
Placebo,47,2845,True,0.29275361392959787
Placebo,47,3031,True,0.2939091895175743
Placebo,47,3250,True,0.1998147309620832
Placebo,47,3308,True,0.3212737456528094
Placebo,47,3402,True,0.0
Placebo,47,3426,True,0.0
Placebo,47,3449,True,0.29176780516670575
Placebo,47,3756,True,0.0
Placebo,47,4141,True,0.41232006385681974
Placebo,47,4210,True,0.3939392360732114
Placebo,47,4516,True,0.36423138137198346
Placebo,47,4692,True,0.0
Placebo,47,4700,False,0.0
Placebo,47,4910,False,0.0
Placebo,47,4962,False,0.0
Placebo,47,5275,True,0.0776895369576595
Placebo,47,5671,True,0.0970477754402881
Placebo,47,5683,True,0.4658230948382865
Placebo,47,6067,True,0.4914915099980311
Placebo,47,6378,True,0.4153533883452767
Placebo,47,6495,True,0.4930781729521469
Placebo,47,6868,True,0.21404536338772331
Placebo,47,6880,True,0.32375226010506303
Placebo,47,7144,True,0.15325996937432593
Placebo,47,7413,True,0.19626271570320708
Placebo,47,7526,True,0.3868528072345415
Placebo,47,7531,True,0.0
Placebo,47,7577,True,0.0
Placebo,47,7621,True,0.17467245678519328
Placebo,47,8198,True,0.18956342400552412
Placebo,47,8442,True,0.100939453260283
Placebo,47,8452,True,0.3911929178972203
Placebo,47,8476,True,0.27880559330467425
Placebo,47,8541,True,0.6274424396303159
Placebo,47,8802,True,0.38340206305169033
Placebo,47,8816,True,0.0
Placebo,47,8852,False,0.0
Placebo,47,9099,True,0.1871423692257857
Placebo,47,9479,True,0.0
Placebo,47,9625,False,0.0
Placebo,47,96,True,0.0
Placebo,47,171,True,0.2789343448948801
Placebo,47,328,False,0.0
Placebo,47,387,True,0.2799763282294866
Placebo,47,754,False,0.0
Placebo,47,983,True,0.46285212486437693
Placebo,47,1039,True,0.17788860584462324
Placebo,47,1098,True,0.06779095235709008
Placebo,47,1120,True,0.1403860944330722
Placebo,47,1275,True,0.38812559860988294
Placebo,47,1343,True,0.0
Placebo,47,1483,True,0.14363177164446836
Placebo,47,2005,True,0.3718399672174018
Placebo,47,2048,True,0.46386227871659985
Placebo,47,2379,True,0.6892892104303727
Placebo,47,2516,True,0.5509979750935002
Placebo,47,2601,True,0.17670908943366184
Placebo,47,3210,True,0.25287822551147454
Placebo,47,3601,False,0.0
Placebo,47,3729,True,0.09246981444935144
Placebo,47,3832,True,0.6653924596192493
Placebo,47,4104,True,0.053368457452889664
Placebo,47,4286,True,0.5796631333241805
Placebo,47,4329,True,0.0
Placebo,47,4553,True,0.0
Placebo,47,4790,True,0.0
Placebo,47,4844,True,0.0
Placebo,47,4994,True,0.2471168871120522
Placebo,47,5020,True,0.3252566300241724
Placebo,47,5293,True,0.0
Placebo,47,5338,True,0.4308156115878016
Placebo,47,5343,True,0.280192627387023
Placebo,47,5464,True,0.23851911693654246
Placebo,47,5560,True,0.40916281440854235
Placebo,47,5719,True,0.2669507571941387
Placebo,47,6055,True,0.0
Placebo,47,6121,True,0.40113354544861524
Placebo,47,6128,True,0.057484716641728835
Placebo,47,6197,True,0.30806864427266617
Placebo,47,6336,True,0.07504031173414566
Placebo,47,6577,True,0.39513621641172103
Placebo,47,6717,True,0.0
Placebo,47,6906,False,0.0
Placebo,47,8550,True,0.0
Placebo,47,8576,True,0.35657861259008305
Placebo,47,8790,False,0.0
Placebo,47,8840,False,0.0
Placebo,47,8878,True,1.0
Placebo,47,9337,True,0.3753696059218762
Placebo,47,9501,True,0.4116360480327986
Placebo,47,9512,False,0.0
Placebo,47,45,True,0.09858350785990916
Placebo,47,199,True,0.6309297535714573
Placebo,47,458,True,0.43791876745600317
Placebo,47,564,True,0.3990583273723571
Placebo,47,717,True,0.0
Placebo,47,1109,True,0.4772711695349959
Placebo,47,1576,True,0.24842742676916887
Placebo,47,1711,True,0.0
Placebo,47,1868,True,0.2197434773205065
Placebo,47,1942,True,0.1901738180281228
Placebo,47,2001,True,0.167525281616523
Placebo,47,2217,True,0.09797563950575583
Placebo,47,2354,True,0.6919361803226847
Placebo,47,2761,True,0.0
Placebo,47,2980,True,0.38685280723454163
Placebo,47,3021,True,0.14531518436907387
Placebo,47,3030,True,0.0
Placebo,47,3046,True,0.0
Placebo,47,3050,True,0.1897695201780649
Placebo,47,3288,True,0.14869736632105865
Placebo,47,3302,True,0.08421358772610593
Placebo,47,3794,True,0.0
Placebo,47,3920,True,0.18675632145876025
Placebo,47,3965,True,0.15004582175216138
Placebo,47,4193,True,0.0
Placebo,47,4294,True,0.0
Placebo,47,4383,True,0.08177069331014819
Placebo,47,4474,True,0.022184319553871852
Placebo,47,5068,True,0.2896898241174349
Placebo,47,5258,True,0.0
Placebo,47,5306,True,0.6042456420003725
Placebo,47,5323,True,0.3697781314756206
Placebo,47,5421,True,0.663717706534201
Placebo,47,5766,True,0.05566418523861733
Placebo,47,5877,True,0.14156760360508
Placebo,47,5887,True,0.0
Placebo,47,6126,True,0.0
Placebo,47,6190,True,0.32685262755478606
Placebo,47,6224,True,0.0490323087769324
Placebo,47,6465,True,0.0
Placebo,47,6853,True,0.15074763873156205
Placebo,47,6949,True,0.2311712030054197
Placebo,47,7107,True,0.18809346402717642
Placebo,47,7240,False,0.0
Placebo,47,7937,True,0.298908034001983
Placebo,47,8015,True,0.0
Placebo,47,8066,True,0.24622112800989862
Placebo,47,8202,True,0.3238531104127581
Placebo,47,8321,True,0.2648949140368881
Placebo,47,9222,True,0.0
Placebo,47,9453,True,0.39829982692381766
Placebo,47,73,True,0.0
Placebo,47,390,True,0.3321766207849471
Placebo,47,424,True,0.0
Placebo,47,715,True,0.47562821179935316
Placebo,47,915,False,0.0
Placebo,47,1579,True,0.06760523069231987
Placebo,47,1643,True,0.17435112375177755
Placebo,47,1679,True,0.31392393992087675
Placebo,47,1982,True,0.09063815133642786
Placebo,47,2027,True,0.09452854666581807
Placebo,47,2211,True,0.6131471927654585
Placebo,47,2228,True,0.0
Placebo,47,2352,True,0.0
Placebo,47,2520,True,0.5705554594976004
Placebo,47,2573,True,0.0
Placebo,47,2630,True,0.5720128039100009
Placebo,47,2666,True,0.09404673201358821
Placebo,47,2745,True,0.1448871434814198
Placebo,47,3149,True,0.3090198314208382
Placebo,47,3369,True,0.28071872112207047
Placebo,47,3617,True,0.3934648889195399
Placebo,47,3862,True,0.0
Placebo,47,4124,True,0.22723455229191625
Placebo,47,4218,True,0.16024906543137105
Placebo,47,4268,True,0.19614710930155443
Placebo,47,4452,True,0.42401349413464723
Placebo,47,4522,True,0.12005045867751842
Placebo,47,4784,True,0.33594604505017617
Placebo,47,5139,False,0.0
Placebo,47,5438,True,0.26310853590318806
Placebo,47,5565,True,0.0
Placebo,47,5684,True,0.3561427932215636
Placebo,47,5775,True,0.1340402346263696
Placebo,47,6110,True,0.08953522546122739
Placebo,47,6488,True,0.15093714401314332
Placebo,47,6590,True,0.0
Placebo,47,6793,True,0.5788417167007833
Placebo,47,7090,True,0.056906557239904024
Placebo,47,7112,True,0.0
Placebo,47,7167,True,0.45195726787671275
Placebo,47,7287,True,0.4713769754617099
Placebo,47,7370,True,0.0
Placebo,47,7547,True,0.19246425472943687
Placebo,47,7589,True,0.09546043308946738
Placebo,47,7622,True,0.04681599109282455
Placebo,47,7640,True,0.0
Placebo,47,7757,True,0.05663709501730687
Placebo,47,8162,True,0.3286637266652121
Placebo,47,8508,True,0.26406812257259077
Placebo,47,8597,True,0.333387269186044
Placebo,47,8771,False,0.0
Placebo,47,288,True,0.5143974040083757
Placebo,47,635,True,0.3061904266492979
Placebo,47,654,True,0.0
Placebo,47,699,True,0.2984900352767556
Placebo,47,743,True,0.21158238770677074
Placebo,47,946,True,0.0
Placebo,47,976,False,0.0
Placebo,47,1144,True,0.2991583770527193
Placebo,47,1187,True,0.3489436431800248
Placebo,47,1384,True,0.0
Placebo,47,1415,True,0.17655905767969896
Placebo,47,1443,True,0.3270669613139951
Placebo,47,1629,True,0.1681275362711174
Placebo,47,1684,True,0.0
Placebo,47,1802,True,0.15666493070693877
Placebo,47,1914,True,0.23850245838348139
Placebo,47,2046,True,0.0
Placebo,47,2071,True,0.0
Placebo,47,2340,True,0.09791292534996787
Placebo,47,2749,True,0.41947503632397687
Placebo,47,3517,True,0.2242534566881844
Placebo,47,3758,True,0.0
Placebo,47,4110,True,0.0
Placebo,47,4111,True,0.0
Placebo,47,4144,True,0.13507318237186766
Placebo,47,5021,True,0.39325912586965384
Placebo,47,5032,True,0.15372918384600395
Placebo,47,5096,True,0.3574777483144188
Placebo,47,5109,True,0.36099999603415756
Placebo,47,5114,True,0.30797978964710226
Placebo,47,5977,True,0.0
Placebo,47,5984,True,0.16369747519436972
Placebo,47,6353,True,0.3703548147573843
Placebo,47,6373,True,0.0
Placebo,47,6539,True,0.0
Placebo,47,6554,True,0.6086398088988588
Placebo,47,6884,False,0.0
Placebo,47,6955,True,0.10972431200457408
Placebo,47,7020,True,0.32270652576676734
Placebo,47,7029,True,0.31453157835187145
Placebo,47,7280,True,0.0
Placebo,47,7394,True,0.08097835992217972
Placebo,47,7795,True,0.14525685415086437
Placebo,47,8108,True,0.3589542101716347
Placebo,47,8560,True,0.5340659785148159
Placebo,47,8632,True,0.3137567200967803
Placebo,47,8657,True,0.0
Placebo,47,8777,True,0.7841475873292021
Placebo,47,9151,True,0.0
Placebo,47,9609,False,0.0
Placebo,48,102,True,0.441285179312893
Placebo,48,314,True,0.25883240957486375
Placebo,48,1068,True,0.2759333184143331
Placebo,48,1525,True,0.020341878048173462
Placebo,48,1795,True,0.31848408217141
Placebo,48,1929,True,0.2854812863879103
Placebo,48,1931,True,0.09504297936301843
Placebo,48,1991,True,0.2039716346462205
Placebo,48,2528,True,0.4030952931480368
Placebo,48,2697,True,0.1264713513838286
Placebo,48,2834,True,0.45850197779377155
Placebo,48,2845,True,0.47680644720918364
Placebo,48,3031,True,0.1297559932741616
Placebo,48,3250,True,0.7729162522554839
Placebo,48,3308,True,0.0
Placebo,48,3402,True,0.27014636474373527
Placebo,48,3426,True,0.0
Placebo,48,3449,True,0.18163461493684963
Placebo,48,3756,True,0.11305690795329316
Placebo,48,4141,True,0.33933108290158265
Placebo,48,4210,True,0.6737471789909281
Placebo,48,4516,True,0.10987173866025325
Placebo,48,4692,True,0.0
Placebo,48,4700,False,0.0
Placebo,48,4910,False,0.0
Placebo,48,4962,False,0.0
Placebo,48,5275,True,0.28192888494377444
Placebo,48,5671,True,0.5196973930305151
Placebo,48,5683,True,0.38327367672158036
Placebo,48,6067,True,0.4383954273913069
Placebo,48,6378,True,0.4761867636576224
Placebo,48,6495,True,0.39682643444409593
Placebo,48,6868,True,0.22668747292941133
Placebo,48,6880,True,0.1222260944107594
Placebo,48,7144,True,0.06975096265942549
Placebo,48,7413,True,0.34097152232224226
Placebo,48,7526,True,0.1934264036172709
Placebo,48,7531,True,0.6131471927654585
Placebo,48,7577,True,0.30657359638272924
Placebo,48,7621,True,0.18057887682178997
Placebo,48,8198,True,0.15165819242924167
Placebo,48,8442,True,0.22006715066543067
Placebo,48,8452,True,0.27084111864627775
Placebo,48,8476,True,0.0
Placebo,48,8541,True,0.6231468983563225
Placebo,48,8802,True,0.5254436340389186
Placebo,48,8816,True,0.1000130716141717
Placebo,48,8852,False,0.0
Placebo,48,9099,True,0.0
Placebo,48,9479,True,0.0
Placebo,48,9625,False,0.0
Placebo,48,96,True,0.0
Placebo,48,171,True,0.3181256064664558
Placebo,48,328,False,0.0
Placebo,48,387,True,0.2515696702393286
Placebo,48,754,False,0.0
Placebo,48,983,True,0.4130185848872809
Placebo,48,1039,True,0.5443902899100537
Placebo,48,1098,True,0.25859723953429925
Placebo,48,1120,True,0.0
Placebo,48,1275,True,0.41617069029012344
Placebo,48,1343,True,0.0
Placebo,48,1483,True,0.2159422931258126
Placebo,48,2005,True,0.09803928583135697
Placebo,48,2048,True,0.27498982671708583
Placebo,48,2379,True,0.537418302565747
Placebo,48,2516,True,0.2536190390062209
Placebo,48,2601,True,0.14564960083076878
Placebo,48,3210,True,0.2367636818324349
Placebo,48,3601,False,0.0
Placebo,48,3729,True,0.14955438409214866
Placebo,48,3832,True,0.35898878105414134
Placebo,48,4104,True,0.0
Placebo,48,4286,True,0.34911753953418867
Placebo,48,4329,True,0.0
Placebo,48,4553,True,0.0
Placebo,48,4790,True,0.0
Placebo,48,4844,True,0.0
Placebo,48,4994,True,0.638787886479598
Placebo,48,5020,True,0.41142168604307755
Placebo,48,5293,True,0.08148406294050631
Placebo,48,5338,True,0.46692183185904484
Placebo,48,5343,True,0.17486600805833882
Placebo,48,5464,True,0.16992444743091048
Placebo,48,5560,True,0.33751207979342757
Placebo,48,5719,True,0.24003511208947081
Placebo,48,6055,True,0.4796249331362628
Placebo,48,6121,True,0.3921161776791098
Placebo,48,6128,True,0.1247109634219927
Placebo,48,6197,True,0.0
Placebo,48,6336,True,0.429354519343099
Placebo,48,6577,True,0.43846822289577864
Placebo,48,6717,True,0.6309297535714573
Placebo,48,6906,False,0.0
Placebo,48,8550,True,0.0
Placebo,48,8576,True,0.17365547123739333
Placebo,48,8790,False,0.0
Placebo,48,8840,False,0.0
Placebo,48,8878,True,0.0
Placebo,48,9337,True,0.09021422696383827
Placebo,48,9501,True,0.24442948082845517
Placebo,48,9512,False,0.0
Placebo,48,45,True,0.16834246451306362
Placebo,48,199,True,0.0
Placebo,48,458,True,0.48648064497874116
Placebo,48,564,True,0.6679694062592579
Placebo,48,717,True,0.13012668333070063
Placebo,48,1109,True,0.6996856265967424
Placebo,48,1576,True,0.0
Placebo,48,1711,True,0.0
Placebo,48,1868,True,0.25339584447728963
Placebo,48,1942,True,0.3284984109219488
Placebo,48,2001,True,0.0
Placebo,48,2217,True,0.18897028243029734
Placebo,48,2354,True,0.4991231790837501
Placebo,48,2761,True,0.0
Placebo,48,2980,True,0.0
Placebo,48,3021,True,0.11642646419762577
Placebo,48,3030,True,0.0
Placebo,48,3046,True,0.0
Placebo,48,3050,True,0.4348156606487509
Placebo,48,3288,True,0.22732300053290733
Placebo,48,3302,True,0.17272651301885936
Placebo,48,3794,True,0.0
Placebo,48,3920,True,0.1524678401103694
Placebo,48,3965,True,0.0
Placebo,48,4193,True,0.0
Placebo,48,4294,True,0.2669507571941387
Placebo,48,4383,True,0.17498338897571042
Placebo,48,4474,True,0.09684158012280926
Placebo,48,5068,True,0.5227668187459718
Placebo,48,5258,True,0.0
Placebo,48,5306,True,0.621686778482599
Placebo,48,5323,True,0.20037780279136544
Placebo,48,5421,True,0.43210833371817753
Placebo,48,5766,True,0.4294498760894773
Placebo,48,5877,True,0.04750922006459467
Placebo,48,5887,True,0.1221763741894048
Placebo,48,6126,True,0.28906482631788766
Placebo,48,6190,True,0.314255446302955
Placebo,48,6224,True,0.0733639220993601
Placebo,48,6465,True,0.32739495038873945
Placebo,48,6853,True,0.0
Placebo,48,6949,True,0.2836137454018254
Placebo,48,7107,True,0.0
Placebo,48,7240,False,0.0
Placebo,48,7937,True,0.6266761290014938
Placebo,48,8015,True,0.0
Placebo,48,8066,True,0.05578441968866557
Placebo,48,8202,True,0.2438347071290315
Placebo,48,8321,True,0.14396724449683168
Placebo,48,9222,True,0.0
Placebo,48,9453,True,0.34500321643070614
Placebo,48,73,True,0.0
Placebo,48,390,True,0.37490176129107283
Placebo,48,424,True,0.16549816491585856
Placebo,48,715,True,0.4722588806345682
Placebo,48,915,False,0.0
Placebo,48,1579,True,0.5067449948661733
Placebo,48,1643,True,0.1564262420075856
Placebo,48,1679,True,0.13163148578635453
Placebo,48,1982,True,0.14961341600573133
Placebo,48,2027,True,0.33886741813719357
Placebo,48,2211,True,0.3868528072345415
Placebo,48,2228,True,0.1623016557970336
Placebo,48,2352,True,0.0
Placebo,48,2520,True,0.07518830991146415
Placebo,48,2573,True,0.06219294124838742
Placebo,48,2630,True,0.37236957812272853
Placebo,48,2666,True,0.21836974929469327
Placebo,48,2745,True,0.2897742869628396
Placebo,48,3149,True,0.1593969629423632
Placebo,48,3369,True,0.03668196104968005
Placebo,48,3617,True,0.26122129423699
Placebo,48,3862,True,0.0
Placebo,48,4124,True,0.2273897199530341
Placebo,48,4218,True,0.0
Placebo,48,4268,True,0.08991499900633432
Placebo,48,4452,True,0.15325996937432593
Placebo,48,4522,True,0.113482450261541
Placebo,48,4784,True,0.5833737266130994
Placebo,48,5139,False,0.0
Placebo,48,5438,True,0.2942026330205877
Placebo,48,5565,True,0.059680502654175877
Placebo,48,5684,True,0.09020315758404246
Placebo,48,5775,True,0.0
Placebo,48,6110,True,0.11039601480095076
Placebo,48,6488,True,0.11778864370491816
Placebo,48,6590,True,0.0
Placebo,48,6793,True,0.0
Placebo,48,7090,True,0.2707176939472402
Placebo,48,7112,True,0.03761504711631172
Placebo,48,7167,True,0.32701552580874405
Placebo,48,7287,True,0.36878579261131844
Placebo,48,7370,True,0.0
Placebo,48,7547,True,0.28580728394579397
Placebo,48,7589,True,0.0
Placebo,48,7622,True,0.0576901476090013
Placebo,48,7640,True,0.0
Placebo,48,7757,True,0.10229678680488209
Placebo,48,8162,True,0.4517565793979924
Placebo,48,8508,True,0.0
Placebo,48,8597,True,0.2702639848343737
Placebo,48,8771,False,0.0
Placebo,48,288,True,0.7446417993751648
Placebo,48,635,True,0.36034912694730736
Placebo,48,654,True,0.06368570437114804
Placebo,48,699,True,0.20483424751859086
Placebo,48,743,True,0.36453686650910505
Placebo,48,946,True,0.0
Placebo,48,976,False,0.0
Placebo,48,1144,True,0.6296829930666041
Placebo,48,1187,True,0.25102839284611916
Placebo,48,1384,True,0.26406812257259077
Placebo,48,1415,True,0.22625187526408555
Placebo,48,1443,True,0.3360049552851034
Placebo,48,1629,True,0.12315119437036504
Placebo,48,1684,True,0.0
Placebo,48,1802,True,0.06211120297013176
Placebo,48,1914,True,0.20511666732794354
Placebo,48,2046,True,0.3183412193664158
Placebo,48,2071,True,0.08274908245792928
Placebo,48,2340,True,0.08671382849411978
Placebo,48,2749,True,0.3377025689177828
Placebo,48,3517,True,0.10827510429731768
Placebo,48,3758,True,0.12081130269949425
Placebo,48,4110,True,0.30657359638272924
Placebo,48,4111,True,0.0
Placebo,48,4144,True,0.12198323851117018
Placebo,48,5021,True,0.10633668103022988
Placebo,48,5032,True,0.29405709704946015
Placebo,48,5096,True,0.2645796336680163
Placebo,48,5109,True,0.3221113941553768
Placebo,48,5114,True,0.0
Placebo,48,5977,True,0.0
Placebo,48,5984,True,0.0
Placebo,48,6353,True,0.23756804345836138
Placebo,48,6373,True,0.0
Placebo,48,6539,True,0.0
Placebo,48,6554,True,0.3675074636452681
Placebo,48,6884,False,0.0
Placebo,48,6955,True,0.05987267113719375
Placebo,48,7020,True,0.4839490044521404
Placebo,48,7029,True,0.3341368448058293
Placebo,48,7280,True,0.5078666553179753
Placebo,48,7394,True,0.2969206530479923
Placebo,48,7795,True,0.26302420434660345
Placebo,48,8108,True,0.0
Placebo,48,8560,True,0.4098835966169941
Placebo,48,8632,True,0.2526812921276943
Placebo,48,8657,True,0.3144956463523791
Placebo,48,8777,True,0.583886468520164
Placebo,48,9151,True,0.0
Placebo,48,9609,False,0.0
Placebo,49,102,True,0.5270672065167423
Placebo,49,314,True,0.4948495438526126
Placebo,49,1068,True,0.3312199882403085
Placebo,49,1525,True,0.3446026791748808
Placebo,49,1795,True,0.36765620712479413
Placebo,49,1929,True,0.522032859637427
Placebo,49,1931,True,0.09988280114199441
Placebo,49,1991,True,0.0
Placebo,49,2528,True,0.38397201388123214
Placebo,49,2697,True,0.1264713513838286
Placebo,49,2834,True,0.27392636961235234
Placebo,49,2845,True,0.13861907011639105
Placebo,49,3031,True,0.07066252950471981
Placebo,49,3250,True,0.2916889104390392
Placebo,49,3308,True,0.0
Placebo,49,3402,True,0.0
Placebo,49,3426,True,0.0
Placebo,49,3449,True,0.2993098688410473
Placebo,49,3756,True,0.06358115370045193
Placebo,49,4141,True,0.3587487620542585
Placebo,49,4210,True,0.3290247609706957
Placebo,49,4516,True,0.12669792223864482
Placebo,49,4692,True,0.0
Placebo,49,4700,False,0.0
Placebo,49,4910,False,0.0
Placebo,49,4962,False,0.0
Placebo,49,5275,True,0.31158405463610694
Placebo,49,5671,True,0.2814853444092611
Placebo,49,5683,True,0.31500002306312713
Placebo,49,6067,True,0.31488013066763093
Placebo,49,6378,True,0.30813428414430166
Placebo,49,6495,True,0.3157012694106014
Placebo,49,6868,True,0.1509512770246406
Placebo,49,6880,True,0.18457989857870308
Placebo,49,7144,True,0.05398557328145317
Placebo,49,7413,True,0.6747286836375197
Placebo,49,7526,True,0.2184074368181643
Placebo,49,7531,True,0.0
Placebo,49,7577,True,0.0
Placebo,49,7621,True,0.343649097612901
Placebo,49,8198,True,0.20140509937375795
Placebo,49,8442,True,0.0
Placebo,49,8452,True,0.5404767260961496
Placebo,49,8476,True,0.17234002181162744
Placebo,49,8541,True,0.840603037057637
Placebo,49,8802,True,0.1797364904668514
Placebo,49,8816,True,0.12092199990360368
Placebo,49,8852,False,0.0
Placebo,49,9099,True,0.0
Placebo,49,9479,True,0.0
Placebo,49,9625,False,0.0
Placebo,49,96,True,0.30657359638272924
Placebo,49,171,True,0.4066089126766505
Placebo,49,328,False,0.0
Placebo,49,387,True,0.07191071742813421
Placebo,49,754,False,0.0
Placebo,49,983,True,0.46659207598361013
Placebo,49,1039,True,0.24140767525239415
Placebo,49,1098,True,0.10087204509205966
Placebo,49,1120,True,0.0
Placebo,49,1275,True,0.1664562517722236
Placebo,49,1343,True,0.0
Placebo,49,1483,True,0.2362406600830864
Placebo,49,2005,True,0.0
Placebo,49,2048,True,0.4736709064997326
Placebo,49,2379,True,0.4848258253683904
Placebo,49,2516,True,0.4982804834432874
Placebo,49,2601,True,0.28547015066019304
Placebo,49,3210,True,0.21029524876516195
Placebo,49,3601,False,0.0
Placebo,49,3729,True,0.1648661715789832
Placebo,49,3832,True,0.5374913522991664
Placebo,49,4104,True,0.17108852148614306
Placebo,49,4286,True,0.5272346042600897
Placebo,49,4329,True,0.25339584447728963
Placebo,49,4553,True,0.0
Placebo,49,4790,True,0.0
Placebo,49,4844,True,0.0
Placebo,49,4994,True,0.0
Placebo,49,5020,True,0.38318478846760523
Placebo,49,5293,True,0.19424133424883072
Placebo,49,5338,True,0.29007381159322376
Placebo,49,5343,True,0.0
Placebo,49,5464,True,0.0
Placebo,49,5560,True,0.44943322853159645
Placebo,49,5719,True,0.1744319497649516
Placebo,49,6055,True,0.0
Placebo,49,6121,True,0.160197257773356
Placebo,49,6128,True,0.18043672407769135
Placebo,49,6197,True,0.11568269280624298
Placebo,49,6336,True,0.283932516418216
Placebo,49,6577,True,0.4009899728817443
Placebo,49,6717,True,0.0
Placebo,49,6906,False,0.0
Placebo,49,8550,True,0.0
Placebo,49,8576,True,0.2430942715318668
Placebo,49,8790,False,0.0
Placebo,49,8840,False,0.0
Placebo,49,8878,True,0.0
Placebo,49,9337,True,0.19595127901151166
Placebo,49,9501,True,0.5951284697942388
Placebo,49,9512,False,0.0
Placebo,49,45,True,0.5210312084160739
Placebo,49,199,True,0.35620718710802235
Placebo,49,458,True,0.1908682571988232
Placebo,49,564,True,0.6446359872978519
Placebo,49,717,True,0.0
Placebo,49,1109,True,0.5834514588697793
Placebo,49,1576,True,0.0
Placebo,49,1711,True,0.0
Placebo,49,1868,True,0.0
Placebo,49,1942,True,0.1642492054609744
Placebo,49,2001,True,0.05398557328145317
Placebo,49,2217,True,0.09797563950575583
Placebo,49,2354,True,0.46059988240563493
Placebo,49,2761,True,0.0
Placebo,49,2980,True,0.0
Placebo,49,3021,True,0.18537392262012944
Placebo,49,3030,True,0.0
Placebo,49,3046,True,0.07103479412852805
Placebo,49,3050,True,0.21141614370385717
Placebo,49,3288,True,0.07171242235367578
Placebo,49,3302,True,0.16360397082636358
Placebo,49,3794,True,0.38685280723454163
Placebo,49,3920,True,0.0
Placebo,49,3965,True,0.16944064752231383
Placebo,49,4193,True,0.0
Placebo,49,4294,True,0.19532961856410563
Placebo,49,4383,True,0.23598819463979795
Placebo,49,4474,True,0.0
Placebo,49,5068,True,0.2854989606843039
Placebo,49,5258,True,0.23230604393401819
Placebo,49,5306,True,0.6463398007694651
Placebo,49,5323,True,0.19876803538600893
Placebo,49,5421,True,0.5071702023498155
Placebo,49,5766,True,0.49315004217680053
Placebo,49,5877,True,0.1643548980682564
Placebo,49,5887,True,0.053368457452889664
Placebo,49,6126,True,0.0
Placebo,49,6190,True,0.5374913522991664
Placebo,49,6224,True,0.1746055381356132
Placebo,49,6465,True,0.0
Placebo,49,6853,True,0.1570011870657949
Placebo,49,6949,True,0.41938786365073083
Placebo,49,7107,True,0.0
Placebo,49,7240,False,0.0
Placebo,49,7937,True,0.1857445536970451
Placebo,49,8015,True,0.0
Placebo,49,8066,True,0.38624333684661355
Placebo,49,8202,True,0.1995468605022759
Placebo,49,8321,True,0.21962037872094534
Placebo,49,9222,True,0.372626267113099
Placebo,49,9453,True,0.2768741747352091
Placebo,49,73,True,0.0
Placebo,49,390,True,0.35086133648601797
Placebo,49,424,True,0.08274908245792928
Placebo,49,715,True,0.25487708882703
Placebo,49,915,False,0.0
Placebo,49,1579,True,0.282053502309199
Placebo,49,1643,True,0.0
Placebo,49,1679,True,0.19242722612914298
Placebo,49,1982,True,0.09478836436955075
Placebo,49,2027,True,0.131984597094066
Placebo,49,2211,True,0.6131471927654585
Placebo,49,2228,True,0.0
Placebo,49,2352,True,0.0
Placebo,49,2520,True,0.08785941583647715
Placebo,49,2573,True,0.0
Placebo,49,2630,True,0.5931204293471252
Placebo,49,2666,True,0.21836974929469327
Placebo,49,2745,True,0.24810682713668578
Placebo,49,3149,True,0.07839826897867538
Placebo,49,3369,True,0.12987501165334064
Placebo,49,3617,True,0.19207384547171297
Placebo,49,3862,True,0.0
Placebo,49,4124,True,0.0
Placebo,49,4218,True,0.22048302805668027
Placebo,49,4268,True,0.2911930016693382
Placebo,49,4452,True,0.05398557328145317
Placebo,49,4522,True,0.2754379956138655
Placebo,49,4784,True,0.6675298889721734
Placebo,49,5139,False,0.0
Placebo,49,5438,True,0.20176132453476348
Placebo,49,5565,True,0.07117026412480269
Placebo,49,5684,True,0.08661781369276414
Placebo,49,5775,True,0.11381311447980796
Placebo,49,6110,True,0.0
Placebo,49,6488,True,0.11043832260495096
Placebo,49,6590,True,0.0
Placebo,49,6793,True,0.0
Placebo,49,7090,True,0.227626228959616
Placebo,49,7112,True,0.11751610475642699
Placebo,49,7167,True,0.46475435195113246
Placebo,49,7287,True,0.19842703866494468
Placebo,49,7370,True,0.5260893261843836
Placebo,49,7547,True,0.2330312004263274
Placebo,49,7589,True,0.1008674711662712
Placebo,49,7622,True,0.16195671984435944
Placebo,49,7640,True,0.0
Placebo,49,7757,True,0.0
Placebo,49,8162,True,0.06784272269558313
Placebo,49,8508,True,0.0
Placebo,49,8597,True,0.2144199045168832
Placebo,49,8771,False,0.0
Placebo,49,288,True,0.3378862576543198
Placebo,49,635,True,0.28403393975596997
Placebo,49,654,True,0.06729296884018869
Placebo,49,699,True,0.44725394111732825
Placebo,49,743,True,0.18603385774248302
Placebo,49,946,True,0.0
Placebo,49,976,False,0.0
Placebo,49,1144,True,0.6581810421830974
Placebo,49,1187,True,0.13764826043111913
Placebo,49,1384,True,0.26406812257259077
Placebo,49,1415,True,0.33816867746367246
Placebo,49,1443,True,0.33818894694206547
Placebo,49,1629,True,0.29007579773858094
Placebo,49,1684,True,0.09409493323479705
Placebo,49,1802,True,0.12422240594026351
Placebo,49,1914,True,0.24506424336606047
Placebo,49,2046,True,0.13905617951077567
Placebo,49,2071,True,0.10810089469407921
Placebo,49,2340,True,0.0
Placebo,49,2749,True,0.1298982802325927
Placebo,49,3517,True,0.11110693611323158
Placebo,49,3758,True,0.27167749775971956
Placebo,49,4110,True,0.0
Placebo,49,4111,True,0.0
Placebo,49,4144,True,0.0
Placebo,49,5021,True,0.0
Placebo,49,5032,True,0.05010718742268528
Placebo,49,5096,True,0.13228981683400814
Placebo,49,5109,True,0.2959144657781149
Placebo,49,5114,True,0.0
Placebo,49,5977,True,0.0
Placebo,49,5984,True,0.0
Placebo,49,6353,True,0.39563617122131484
Placebo,49,6373,True,0.0869445126078976
Placebo,49,6539,True,0.0
Placebo,49,6554,True,0.37204794812389386
Placebo,49,6884,False,0.0
Placebo,49,6955,True,0.0
Placebo,49,7020,True,0.3864986135227006
Placebo,49,7029,True,0.18240698514585285
Placebo,49,7280,True,0.0
Placebo,49,7394,True,0.0
Placebo,49,7795,True,0.14505500747961989
Placebo,49,8108,True,0.2914893383161489
Placebo,49,8560,True,0.4346039371334004
Placebo,49,8632,True,0.15366414334287515
Placebo,49,8657,True,0.13347537859706934
Placebo,49,8777,True,0.5003390998430158
Placebo,49,9151,True,0.0
Placebo,49,9609,False,0.0
Placebo,50,102,True,0.5578595697952919
Placebo,50,314,True,0.1464641696820993
Placebo,50,1068,True,0.06871175301039086
Placebo,50,1525,True,0.10889339568010445
Placebo,50,1795,True,0.21742530844944236
Placebo,50,1929,True,0.3063955834870514
Placebo,50,1931,True,0.10962735030186617
Placebo,50,1991,True,0.4334772417395639
Placebo,50,2528,True,0.29318016635508504
Placebo,50,2697,True,0.0
Placebo,50,2834,True,0.2833737264019425
Placebo,50,2845,True,0.4018383077434997
Placebo,50,3031,True,0.037675880241893646
Placebo,50,3250,True,0.5070751129515418
Placebo,50,3308,True,0.0
Placebo,50,3402,True,0.0
Placebo,50,3426,True,0.1596969716198995
Placebo,50,3449,True,0.24840685731630557
Placebo,50,3756,True,0.20011199953339934
Placebo,50,4141,True,0.5900720951299816
Placebo,50,4210,True,0.11927286812680529
Placebo,50,4516,True,0.3800937667159343
Placebo,50,4692,True,0.3154648767857289
Placebo,50,4700,False,0.0
Placebo,50,4910,False,0.0
Placebo,50,4962,False,0.0
Placebo,50,5275,True,0.22026003531052432
Placebo,50,5671,True,0.10010349474692133
Placebo,50,5683,True,0.2771638717995849
Placebo,50,6067,True,0.3377743462739812
Placebo,50,6378,True,0.28013960227917184
Placebo,50,6495,True,0.29588270316452225
Placebo,50,6868,True,0.08228688650337697
Placebo,50,6880,True,0.2444521888215188
Placebo,50,7144,True,0.159062803233228
Placebo,50,7413,True,0.21290660565918332
Placebo,50,7526,True,0.0
Placebo,50,7531,True,0.0
Placebo,50,7577,True,0.0
Placebo,50,7621,True,0.07845884372062178
Placebo,50,8198,True,0.22230635524257442
Placebo,50,8442,True,0.201878906520566
Placebo,50,8452,True,0.21742530844944236
Placebo,50,8476,True,0.43046186499504036
Placebo,50,8541,True,0.6657090047043892
Placebo,50,8802,True,0.1797364904668514
Placebo,50,8816,True,0.0
Placebo,50,8852,False,0.0
Placebo,50,9099,True,0.0
Placebo,50,9479,True,0.0
Placebo,50,9625,False,0.0
Placebo,50,96,True,0.0
Placebo,50,171,True,0.3291162702684739
Placebo,50,328,False,0.0
Placebo,50,387,True,0.0
Placebo,50,754,False,0.0
Placebo,50,983,True,0.3096932665008606
Placebo,50,1039,True,0.36572380370608265
Placebo,50,1098,True,0.07070708635036677
Placebo,50,1120,True,0.11157463880010357
Placebo,50,1275,True,0.17067283797303034
Placebo,50,1343,True,0.0
Placebo,50,1483,True,0.21015445990354958
Placebo,50,2005,True,0.0
Placebo,50,2048,True,0.42710318480119075
Placebo,50,2379,True,0.5700740690635401
Placebo,50,2516,True,0.3099044810360156
Placebo,50,2601,True,0.5176825548936365
Placebo,50,3210,True,0.2892436372944662
Placebo,50,3601,False,0.0
Placebo,50,3729,True,0.22034906520622616
Placebo,50,3832,True,0.6440498157924845
Placebo,50,4104,True,0.35721354391379223
Placebo,50,4286,True,0.27613441114080506
Placebo,50,4329,True,0.0
Placebo,50,4553,True,0.28339684259850695
Placebo,50,4790,True,0.0
Placebo,50,4844,True,0.0
Placebo,50,4994,True,0.0
Placebo,50,5020,True,0.39944650226330786
Placebo,50,5293,True,0.48794396629415754
Placebo,50,5338,True,0.6038614901863959
Placebo,50,5343,True,0.29709210246909823
Placebo,50,5464,True,0.3890079246073968
Placebo,50,5560,True,0.3431800411457914
Placebo,50,5719,True,0.2173937130017246
Placebo,50,6055,True,0.0
Placebo,50,6121,True,0.37391972297963005
Placebo,50,6128,True,0.1604798080685572
Placebo,50,6197,True,0.034215520932372095
Placebo,50,6336,True,0.1388624438735545
Placebo,50,6577,True,0.5074780970123245
Placebo,50,6717,True,0.0
Placebo,50,6906,False,0.0
Placebo,50,8550,True,0.0
Placebo,50,8576,True,0.14533109494586463
Placebo,50,8790,False,0.0
Placebo,50,8840,False,0.0
Placebo,50,8878,True,0.0
Placebo,50,9337,True,0.0
Placebo,50,9501,True,0.34682697186621203
Placebo,50,9512,False,0.0
Placebo,50,45,True,0.12448006384141873
Placebo,50,199,True,0.0
Placebo,50,458,True,0.3560361627655163
Placebo,50,564,True,0.8219486142262656
Placebo,50,717,True,0.0
Placebo,50,1109,True,0.5745231628249626
Placebo,50,1576,True,0.0
Placebo,50,1711,True,0.0
Placebo,50,1868,True,0.25339584447728963
Placebo,50,1942,True,0.18911230375937882
Placebo,50,2001,True,0.023407995546412274
Placebo,50,2217,True,0.207050229138489
Placebo,50,2354,True,0.33400250107797635
Placebo,50,2761,True,0.0
Placebo,50,2980,True,0.0
Placebo,50,3021,True,0.10359825042259051
Placebo,50,3030,True,0.0
Placebo,50,3046,True,0.061600981281869575
Placebo,50,3050,True,0.6623855239591557
Placebo,50,3288,True,0.13260508364419596
Placebo,50,3302,True,0.3336884464926734
Placebo,50,3794,True,0.0
Placebo,50,3920,True,0.23437157556504293
Placebo,50,3965,True,0.1549647870358303
Placebo,50,4193,True,0.0
Placebo,50,4294,True,0.0
Placebo,50,4383,True,0.500003407262348
Placebo,50,4474,True,0.0
Placebo,50,5068,True,0.2502085662912697
Placebo,50,5258,True,0.1432154849243992
Placebo,50,5306,True,0.560003376519691
Placebo,50,5323,True,0.31065799333737537
Placebo,50,5421,True,0.5541137787485605
Placebo,50,5766,True,0.2501419310521545
Placebo,50,5877,True,0.0
Placebo,50,5887,True,0.323314822170782
Placebo,50,6126,True,0.0
Placebo,50,6190,True,0.40250321252921173
Placebo,50,6224,True,0.19018932622091278
Placebo,50,6465,True,0.0
Placebo,50,6853,True,0.19368316024561852
Placebo,50,6949,True,0.38349167786260707
Placebo,50,7107,True,0.21836974929469327
Placebo,50,7240,False,0.0
Placebo,50,7937,True,0.41375790072059376
Placebo,50,8015,True,0.1815417925373527
Placebo,50,8066,True,0.047143303742223905
Placebo,50,8202,True,0.12050488747439317
Placebo,50,8321,True,0.43282545864922695
Placebo,50,9222,True,0.20151514190050243
Placebo,50,9453,True,0.39174144920358656
Placebo,50,73,True,0.0
Placebo,50,390,True,0.3424199620102039
Placebo,50,424,True,0.0
Placebo,50,715,True,0.5551514546313884
Placebo,50,915,False,0.0
Placebo,50,1579,True,0.02743107800114352
Placebo,50,1643,True,0.0
Placebo,50,1679,True,0.4570149763243653
Placebo,50,1982,True,0.1654578306340819
Placebo,50,2027,True,0.20800573477650638
Placebo,50,2211,True,0.3868528072345415
Placebo,50,2228,True,0.037261211379485175
Placebo,50,2352,True,0.0
Placebo,50,2520,True,0.16078277618017145
Placebo,50,2573,True,0.1803895185407797
Placebo,50,2630,True,0.4810987436440499
Placebo,50,2666,True,0.2872577353496742
Placebo,50,2745,True,0.08723075234795674
Placebo,50,3149,True,0.5021800780781382
Placebo,50,3369,True,0.3018624596082284
Placebo,50,3617,True,0.33540321164589204
Placebo,50,3862,True,0.0
Placebo,50,4124,True,0.08065028712383313
Placebo,50,4218,True,0.13228981683400814
Placebo,50,4268,True,0.13183640504454022
Placebo,50,4452,True,0.28230027917564937
Placebo,50,4522,True,0.0
Placebo,50,4784,True,0.2784122659302559
Placebo,50,5139,False,0.0
Placebo,50,5438,True,0.09032817540646051
Placebo,50,5565,True,0.11607370133068003
Placebo,50,5684,True,0.34474998221800435
Placebo,50,5775,True,0.11381311447980796
Placebo,50,6110,True,0.0
Placebo,50,6488,True,0.05109165667032166
Placebo,50,6590,True,0.0
Placebo,50,6793,True,0.0
Placebo,50,7090,True,0.12025967902718653
Placebo,50,7112,True,0.2575835984461875
Placebo,50,7167,True,0.13781937647125275
Placebo,50,7287,True,0.3925933113872244
Placebo,50,7370,True,0.17841450116851032
Placebo,50,7547,True,0.19296930142134192
Placebo,50,7589,True,0.107789154524511
Placebo,50,7622,True,0.04992274367141086
Placebo,50,7640,True,0.0
Placebo,50,7757,True,0.16991128505192055
Placebo,50,8162,True,0.4131666643260042
Placebo,50,8508,True,0.3578027072905014
Placebo,50,8597,True,0.43844437097754624
Placebo,50,8771,False,0.0
Placebo,50,288,True,0.42387207093640344
Placebo,50,635,True,0.4662939092667505
Placebo,50,654,True,0.4818552347500526
Placebo,50,699,True,0.35342281817869997
Placebo,50,743,True,0.5409171766086269
Placebo,50,946,True,0.0
Placebo,50,976,False,0.0
Placebo,50,1144,True,0.8346083132329777
Placebo,50,1187,True,0.10487493420486488
Placebo,50,1384,True,0.17723928678404763
Placebo,50,1415,True,0.09478836436955075
Placebo,50,1443,True,0.3233212668551349
Placebo,50,1629,True,0.7246262544989283
Placebo,50,1684,True,0.3798950311598296
Placebo,50,1802,True,0.21064145286082164
Placebo,50,1914,True,0.27654125597655227
Placebo,50,2046,True,0.3903800499921017
Placebo,50,2071,True,0.0
Placebo,50,2340,True,0.0
Placebo,50,2749,True,0.29951792979406244
Placebo,50,3517,True,0.17239686730457818
Placebo,50,3758,True,0.0
Placebo,50,4110,True,0.0
Placebo,50,4111,True,0.0
Placebo,50,4144,True,0.13507318237186766
Placebo,50,5021,True,0.03972853971638369
Placebo,50,5032,True,0.12933793847059896
Placebo,50,5096,True,0.44948399498974206
Placebo,50,5109,True,0.535761643153296
Placebo,50,5114,True,0.1235584435560261
Placebo,50,5977,True,0.0
Placebo,50,5984,True,0.3487454831768735
Placebo,50,6353,True,0.41162275823560823
Placebo,50,6373,True,0.22254093440717984
Placebo,50,6539,True,0.0
Placebo,50,6554,True,0.33807641114523546
Placebo,50,6884,False,0.0
Placebo,50,6955,True,0.0
Placebo,50,7020,True,0.321461761701804
Placebo,50,7029,True,0.28580728394579397
Placebo,50,7280,True,0.20244308765329172
Placebo,50,7394,True,0.06620218719085706
Placebo,50,7795,True,0.27829553679291086
Placebo,50,8108,True,0.06362078819895167
Placebo,50,8560,True,0.3437354423892269
Placebo,50,8632,True,0.30944501987141454
Placebo,50,8657,True,0.25741076118359146
Placebo,50,8777,True,0.39829982692381766
Placebo,50,9151,True,0.0
Placebo,50,9609,False,0.0
Placebo,51,102,True,0.5750284498594376
Placebo,51,314,True,0.48967381494306766
Placebo,51,1068,True,0.12854317248690256
Placebo,51,1525,True,0.08305152209984393
Placebo,51,1795,True,0.2591353541088252
Placebo,51,1929,True,0.26551014592882044
Placebo,51,1931,True,0.12905154301968988
Placebo,51,1991,True,0.11607370133068003
Placebo,51,2528,True,0.5310206735023293
Placebo,51,2697,True,0.44167373394786125
Placebo,51,2834,True,0.20075352292663573
Placebo,51,2845,True,0.19713646124471287
Placebo,51,3031,True,0.0
Placebo,51,3250,True,0.10273940395395324
Placebo,51,3308,True,0.0
Placebo,51,3402,True,0.12198323851117018
Placebo,51,3426,True,0.18060605676020097
Placebo,51,3449,True,0.331618895781339
Placebo,51,3756,True,0.1858738443705952
Placebo,51,4141,True,0.32384110330124727
Placebo,51,4210,True,0.1339222114103465
Placebo,51,4516,True,0.16369747519436972
Placebo,51,4692,True,0.0
Placebo,51,4700,False,0.0
Placebo,51,4910,False,0.0
Placebo,51,4962,False,0.0
Placebo,51,5275,True,0.0
Placebo,51,5671,True,0.042483630615123974
Placebo,51,5683,True,0.5189012563559501
Placebo,51,6067,True,0.40702732333432057
Placebo,51,6378,True,0.47565110123631904
Placebo,51,6495,True,0.3958962940167611
Placebo,51,6868,True,0.44614123999773325
Placebo,51,6880,True,0.211333130748587
Placebo,51,7144,True,0.0
Placebo,51,7413,True,0.2923093514181594
Placebo,51,7526,True,0.6131471927654585
Placebo,51,7531,True,0.19890440060287856
Placebo,51,7577,True,0.0
Placebo,51,7621,True,0.14049834477064024
Placebo,51,8198,True,0.1265843384695323
Placebo,51,8442,True,0.29834992088606094
Placebo,51,8452,True,0.46659443766887826
Placebo,51,8476,True,0.2385286875600801
Placebo,51,8541,True,0.37193913388400357
Placebo,51,8802,True,0.33145844335202834
Placebo,51,8816,True,0.3386459004253173
Placebo,51,8852,False,0.0
Placebo,51,9099,True,0.1524797327770818
Placebo,51,9479,True,0.0
Placebo,51,9625,False,0.0
Placebo,51,96,True,0.0
Placebo,51,171,True,0.16715955042411448
Placebo,51,328,False,0.0
Placebo,51,387,True,0.07191071742813421
Placebo,51,754,False,0.0
Placebo,51,983,True,0.22006250035918146
Placebo,51,1039,True,0.34621386483180305
Placebo,51,1098,True,0.24532613430850234
Placebo,51,1120,True,0.16232272801897038
Placebo,51,1275,True,0.42492601381667106
Placebo,51,1343,True,0.40876468265396726
Placebo,51,1483,True,0.18976016420150263
Placebo,51,2005,True,0.10209739512291151
Placebo,51,2048,True,0.36266101044230475
Placebo,51,2379,True,0.6191274467835118
Placebo,51,2516,True,0.4996316016326464
Placebo,51,2601,True,0.3284984109219488
Placebo,51,3210,True,0.34759822527625006
Placebo,51,3601,False,0.0
Placebo,51,3729,True,0.07671287990839397
Placebo,51,3832,True,0.5199192871768763
Placebo,51,4104,True,0.0
Placebo,51,4286,True,0.6704207014214565
Placebo,51,4329,True,0.0
Placebo,51,4553,True,0.0
Placebo,51,4790,True,0.0
Placebo,51,4844,True,0.19890440060287856
Placebo,51,4994,True,0.09232555472959778
Placebo,51,5020,True,0.6173958725418205
Placebo,51,5293,True,0.04353781328125618
Placebo,51,5338,True,0.5570533961791136
Placebo,51,5343,True,0.039650035641772115
Placebo,51,5464,True,0.10272459231693522
Placebo,51,5560,True,0.32343020595913907
Placebo,51,5719,True,0.19096009523879817
Placebo,51,6055,True,0.0
Placebo,51,6121,True,0.22644666806197675
Placebo,51,6128,True,0.10912004154869837
Placebo,51,6197,True,0.3275811486086684
Placebo,51,6336,True,0.23522911489514153
Placebo,51,6577,True,0.4019958861509795
Placebo,51,6717,True,0.0
Placebo,51,6906,False,0.0
Placebo,51,8550,True,0.0
Placebo,51,8576,True,0.1482260480476877
Placebo,51,8790,False,0.0
Placebo,51,8840,False,0.0
Placebo,51,8878,True,0.6309297535714573
Placebo,51,9337,True,0.0
Placebo,51,9501,True,0.2663962184731679
Placebo,51,9512,False,0.0
Placebo,51,45,True,0.0
Placebo,51,199,True,0.6309297535714573
Placebo,51,458,True,0.39159138543045696
Placebo,51,564,True,0.7699936694497695
Placebo,51,717,True,0.0
Placebo,51,1109,True,0.5756054187087414
Placebo,51,1576,True,0.36645217818274006
Placebo,51,1711,True,0.0
Placebo,51,1868,True,0.0
Placebo,51,1942,True,0.039276066999619934
Placebo,51,2001,True,0.41549427632013036
Placebo,51,2217,True,0.0
Placebo,51,2354,True,0.2832325164972662
Placebo,51,2761,True,0.0
Placebo,51,2980,True,0.0
Placebo,51,3021,True,0.11466242738732023
Placebo,51,3030,True,0.0
Placebo,51,3046,True,0.0
Placebo,51,3050,True,0.8361195135366878
Placebo,51,3288,True,0.3707478452402588
Placebo,51,3302,True,0.21768896632317528
Placebo,51,3794,True,0.0
Placebo,51,3920,True,0.13435913430262875
Placebo,51,3965,True,0.0
Placebo,51,4193,True,0.0
Placebo,51,4294,True,0.06673768929853467
Placebo,51,4383,True,0.3210616007208578
Placebo,51,4474,True,0.0
Placebo,51,5068,True,0.1647619155461888
Placebo,51,5258,True,0.07328439752622516
Placebo,51,5306,True,0.6680532056257779
Placebo,51,5323,True,0.15414854355884486
Placebo,51,5421,True,0.5589654642680537
Placebo,51,5766,True,0.30287261494276085
Placebo,51,5877,True,0.45587210353741664
Placebo,51,5887,True,0.19976560228398874
Placebo,51,6126,True,0.0
Placebo,51,6190,True,0.20174133330049646
Placebo,51,6224,True,0.1545743395783983
Placebo,51,6465,True,0.0
Placebo,51,6853,True,0.20654160386708356
Placebo,51,6949,True,0.4011248950259845
Placebo,51,7107,True,0.08447695052975515
Placebo,51,7240,False,0.0
Placebo,51,7937,True,0.47922546193130855
Placebo,51,8015,True,0.0
Placebo,51,8066,True,0.3654155521032388
Placebo,51,8202,True,0.1772387246091882
Placebo,51,8321,True,0.45054720141549615
Placebo,51,9222,True,0.11377041810078817
Placebo,51,9453,True,0.7277692041229709
Placebo,51,73,True,0.19229431469715688
Placebo,51,390,True,0.43917681727681224
Placebo,51,424,True,0.0
Placebo,51,715,True,0.26551959840156425
Placebo,51,915,False,0.0
Placebo,51,1579,True,0.0
Placebo,51,1643,True,0.0
Placebo,51,1679,True,0.4849372148339452
Placebo,51,1982,True,0.0733639220993601
Placebo,51,2027,True,0.3839828738366489
Placebo,51,2211,True,0.3868528072345415
Placebo,51,2228,True,0.034019538049805724
Placebo,51,2352,True,0.0
Placebo,51,2520,True,0.0
Placebo,51,2573,True,0.0776895369576595
Placebo,51,2630,True,0.5397378402960129
Placebo,51,2666,True,0.21836974929469327
Placebo,51,2745,True,0.0
Placebo,51,3149,True,0.4827230368658408
Placebo,51,3369,True,0.18081539273797081
Placebo,51,3617,True,0.3400676775241963
Placebo,51,3862,True,0.19051438797670275
Placebo,51,4124,True,0.06946837613224666
Placebo,51,4218,True,0.0
Placebo,51,4268,True,0.12172624184777518
Placebo,51,4452,True,0.15472192831653064
Placebo,51,4522,True,0.16995608729996478
Placebo,51,4784,True,0.6433554198672474
Placebo,51,5139,False,0.0
Placebo,51,5438,True,0.19448328896350559
Placebo,51,5565,True,0.18397246392903513
Placebo,51,5684,True,0.4390862757923238
Placebo,51,5775,True,0.256676230211893
Placebo,51,6110,True,0.17907045092245477
Placebo,51,6488,True,0.08097835992217972
Placebo,51,6590,True,0.0
Placebo,51,6793,True,0.5226161886733518
Placebo,51,7090,True,0.1803895185407797
Placebo,51,7112,True,0.0
Placebo,51,7167,True,0.5029560912583176
Placebo,51,7287,True,0.346136000946737
Placebo,51,7370,True,0.06610466247564045
Placebo,51,7547,True,0.24469511888624976
Placebo,51,7589,True,0.0
Placebo,51,7622,True,0.21756360855864584
Placebo,51,7640,True,0.0
Placebo,51,7757,True,0.2304349059581745
Placebo,51,8162,True,0.6547152148039846
Placebo,51,8508,True,0.18457569677956798
Placebo,51,8597,True,0.3591169901007458
Placebo,51,8771,False,0.0
Placebo,51,288,True,0.3387354960715519
Placebo,51,635,True,0.5191155523456793
Placebo,51,654,True,0.3635899661353842
Placebo,51,699,True,0.13305201013572898
Placebo,51,743,True,0.2739407814412145
Placebo,51,946,True,0.0
Placebo,51,976,False,0.0
Placebo,51,1144,True,0.6836403717755393
Placebo,51,1187,True,0.17232658305200732
Placebo,51,1384,True,0.0
Placebo,51,1415,True,0.46160116034165516
Placebo,51,1443,True,0.37690790508674654
Placebo,51,1629,True,0.5294362295028774
Placebo,51,1684,True,0.09963292923735823
Placebo,51,1802,True,0.37607079874283705
Placebo,51,1914,True,0.3727440640482114
Placebo,51,2046,True,0.3903800499921017
Placebo,51,2071,True,0.0
Placebo,51,2340,True,0.07945707943276738
Placebo,51,2749,True,0.08427984475150933
Placebo,51,3517,True,0.12711096341928982
Placebo,51,3758,True,0.10454526374508766
Placebo,51,4110,True,0.38162168437253385
Placebo,51,4111,True,0.12315119437036504
Placebo,51,4144,True,0.22913742128089312
Placebo,51,5021,True,0.0870284313680678
Placebo,51,5032,True,0.07465450324353455
Placebo,51,5096,True,0.14770090217248139
Placebo,51,5109,True,0.42977793570497363
Placebo,51,5114,True,0.20151514190050243
Placebo,51,5977,True,0.0
Placebo,51,5984,True,0.1353921314791758
Placebo,51,6353,True,0.35184451152666363
Placebo,51,6373,True,0.12737140874229597
Placebo,51,6539,True,0.0
Placebo,51,6554,True,0.38791242201550874
Placebo,51,6884,False,0.0
Placebo,51,6955,True,0.0
Placebo,51,7020,True,0.30556770615704076
Placebo,51,7029,True,0.27144477349787655
Placebo,51,7280,True,0.1235584435560261
Placebo,51,7394,True,0.16195671984435944
Placebo,51,7795,True,0.408538402058529
Placebo,51,8108,True,0.13125281254869064
Placebo,51,8560,True,0.34850812430656875
Placebo,51,8632,True,0.0
Placebo,51,8657,True,0.0
Placebo,51,8777,True,0.23187387153631542
Placebo,51,9151,True,0.0
Placebo,51,9609,False,0.0
Placebo,52,102,True,0.6935659306669605
Placebo,52,314,True,0.1799516957854298
Placebo,52,1068,True,0.30106637846522977
Placebo,52,1525,True,0.0
Placebo,52,1795,True,0.45603926981409454
Placebo,52,1929,True,0.1427951440361374
Placebo,52,1931,True,0.15196183456288342
Placebo,52,1991,True,0.0
Placebo,52,2528,True,0.569832164677293
Placebo,52,2697,True,0.08431423425588576
Placebo,52,2834,True,0.31071050467185324
Placebo,52,2845,True,0.33002298091887866
Placebo,52,3031,True,0.0
Placebo,52,3250,True,0.10273940395395324
Placebo,52,3308,True,0.11377041810078817
Placebo,52,3402,True,0.0
Placebo,52,3426,True,0.10075757095025129
Placebo,52,3449,True,0.32204272907126147
Placebo,52,3756,True,0.07078380180254
Placebo,52,4141,True,0.4455768253700855
Placebo,52,4210,True,0.26351695376869266
Placebo,52,4516,True,0.0
Placebo,52,4692,True,0.3333333333333335
Placebo,52,4700,False,0.0
Placebo,52,4910,False,0.0
Placebo,52,4962,False,0.0
Placebo,52,5275,True,0.056906557239904024
Placebo,52,5671,True,0.459082823391373
Placebo,52,5683,True,0.44040126858609396
Placebo,52,6067,True,0.5617033817038997
Placebo,52,6378,True,0.4688881819403362
Placebo,52,6495,True,0.40216743478811084
Placebo,52,6868,True,0.25627200345505147
Placebo,52,6880,True,0.19907180461998508
Placebo,52,7144,True,0.2768111417774346
Placebo,52,7413,True,0.5170349013892612
Placebo,52,7526,True,0.0
Placebo,52,7531,True,0.1934264036172709
Placebo,52,7577,True,0.18457569677956798
Placebo,52,7621,True,0.41971437757846536
Placebo,52,8198,True,0.22416940106020233
Placebo,52,8442,True,0.201878906520566
Placebo,52,8452,True,0.1317755767100995
Placebo,52,8476,True,0.2639364841142927
Placebo,52,8541,True,0.38513149348699505
Placebo,52,8802,True,0.37431727425016237
Placebo,52,8816,True,0.43953900004819807
Placebo,52,8852,False,0.0
Placebo,52,9099,True,0.0
Placebo,52,9479,True,0.319393943239799
Placebo,52,9625,False,0.0
Placebo,52,96,True,0.0
Placebo,52,171,True,0.6187508338419963
Placebo,52,328,False,0.0
Placebo,52,387,True,0.0
Placebo,52,754,False,0.0
Placebo,52,983,True,0.14169830436783476
Placebo,52,1039,True,0.3912802869514223
Placebo,52,1098,True,0.2626962888225299
Placebo,52,1120,True,0.08452085079694185
Placebo,52,1275,True,0.4380987283577609
Placebo,52,1343,True,0.38685280723454163
Placebo,52,1483,True,0.13207001659250134
Placebo,52,2005,True,0.0
Placebo,52,2048,True,0.608292007753776
Placebo,52,2379,True,0.6317021291950656
Placebo,52,2516,True,0.2745361548981794
Placebo,52,2601,True,0.2628327133208836
Placebo,52,3210,True,0.23537653116186527
Placebo,52,3601,False,0.0
Placebo,52,3729,True,0.207808723593793
Placebo,52,3832,True,0.6494506360766201
Placebo,52,4104,True,0.292366951355523
Placebo,52,4286,True,0.4114619032690303
Placebo,52,4329,True,0.0
Placebo,52,4553,True,0.0
Placebo,52,4790,True,0.0
Placebo,52,4844,True,0.0
Placebo,52,4994,True,0.2751109682880105
Placebo,52,5020,True,0.2828696714120952
Placebo,52,5293,True,0.07358744134099243
Placebo,52,5338,True,0.6586087585321618
Placebo,52,5343,True,0.34026694497309873
Placebo,52,5464,True,0.19348648817974048
Placebo,52,5560,True,0.20867943211820789
Placebo,52,5719,True,0.20780874033831193
Placebo,52,6055,True,0.0
Placebo,52,6121,True,0.24458420536629483
Placebo,52,6128,True,0.39134443756056864
Placebo,52,6197,True,0.04048704329239119
Placebo,52,6336,True,0.2598571890931109
Placebo,52,6577,True,0.5560160243065496
Placebo,52,6717,True,0.0
Placebo,52,6906,False,0.0
Placebo,52,8550,True,0.0
Placebo,52,8576,True,0.21699704140791246
Placebo,52,8790,False,0.0
Placebo,52,8840,False,0.0
Placebo,52,8878,True,0.0
Placebo,52,9337,True,0.07644836221786716
Placebo,52,9501,True,0.35902390728308936
Placebo,52,9512,False,0.0
Placebo,52,45,True,0.16577377545790425
Placebo,52,199,True,0.3010299956639808
Placebo,52,458,True,0.36426314693333944
Placebo,52,564,True,0.8058779736165045
Placebo,52,717,True,0.0
Placebo,52,1109,True,0.3093392862019524
Placebo,52,1576,True,0.12421371338458444
Placebo,52,1711,True,0.0
Placebo,52,1868,True,0.0
Placebo,52,1942,True,0.35209725522644164
Placebo,52,2001,True,0.2107105505168595
Placebo,52,2217,True,0.0
Placebo,52,2354,True,0.4202661703818173
Placebo,52,2761,True,0.0
Placebo,52,2980,True,0.0
Placebo,52,3021,True,0.23087230032339742
Placebo,52,3030,True,0.0
Placebo,52,3046,True,0.0
Placebo,52,3050,True,0.4364196248372718
Placebo,52,3288,True,0.10524795373663832
Placebo,52,3302,True,0.14776244267962885
Placebo,52,3794,True,0.0
Placebo,52,3920,True,0.16653950974245316
Placebo,52,3965,True,0.053368457452889664
Placebo,52,4193,True,0.0
Placebo,52,4294,True,0.0950897783164808
Placebo,52,4383,True,0.06784272269558313
Placebo,52,4474,True,0.26038007493814086
Placebo,52,5068,True,0.3707061090939113
Placebo,52,5258,True,0.10004876742114935
Placebo,52,5306,True,0.4505501111114705
Placebo,52,5323,True,0.31148185766940695
Placebo,52,5421,True,0.3599654556657511
Placebo,52,5766,True,0.2796256743764858
Placebo,52,5877,True,0.1133293619510715
Placebo,52,5887,True,0.04330890684638207
Placebo,52,6126,True,0.3010299956639808
Placebo,52,6190,True,0.5823411617304161
Placebo,52,6224,True,0.31833954895937194
Placebo,52,6465,True,0.0
Placebo,52,6853,True,0.051163424335078686
Placebo,52,6949,True,0.3267557726429038
Placebo,52,7107,True,0.0
Placebo,52,7240,False,0.0
Placebo,52,7937,True,0.45775177491582075
Placebo,52,8015,True,0.2960819109658652
Placebo,52,8066,True,0.2581993374075629
Placebo,52,8202,True,0.1963275331984083
Placebo,52,8321,True,0.03312711172719448
Placebo,52,9222,True,0.11377041810078817
Placebo,52,9453,True,0.27429476797970587
Placebo,52,73,True,0.0
Placebo,52,390,True,0.7126967482825421
Placebo,52,424,True,0.0
Placebo,52,715,True,0.40980289041716206
Placebo,52,915,False,0.0
Placebo,52,1579,True,0.16218279642471173
Placebo,52,1643,True,0.0
Placebo,52,1679,True,0.38782807174037354
Placebo,52,1982,True,0.1478294909154527
Placebo,52,2027,True,0.24478803757131704
Placebo,52,2211,True,0.43062411638656717
Placebo,52,2228,True,0.306601897280102
Placebo,52,2352,True,0.0
Placebo,52,2520,True,0.16078277618017145
Placebo,52,2573,True,0.0
Placebo,52,2630,True,0.45475432773643554
Placebo,52,2666,True,0.3509286921384214
Placebo,52,2745,True,0.08723075234795674
Placebo,52,3149,True,0.11690025547240467
Placebo,52,3369,True,0.07588109553901774
Placebo,52,3617,True,0.26867149755918407
Placebo,52,3862,True,0.06562469259663067
Placebo,52,4124,True,0.4799821210134599
Placebo,52,4218,True,0.36693300768957504
Placebo,52,4268,True,0.10854196080877607
Placebo,52,4452,True,0.24293507976653914
Placebo,52,4522,True,0.21905941987297947
Placebo,52,4784,True,0.3568168125346075
Placebo,52,5139,False,0.0
Placebo,52,5438,True,0.16811577046396647
Placebo,52,5565,True,0.22925571017509586
Placebo,52,5684,True,0.219624723198981
Placebo,52,5775,True,0.34374299661140006
Placebo,52,6110,True,0.17267102577991916
Placebo,52,6488,True,0.38160358729772015
Placebo,52,6590,True,0.0
Placebo,52,6793,True,0.24184399980720736
Placebo,52,7090,True,0.1503245987839831
Placebo,52,7112,True,0.0
Placebo,52,7167,True,0.56606224411821
Placebo,52,7287,True,0.23020330563713043
Placebo,52,7370,True,0.04620517621722942
Placebo,52,7547,True,0.32062535382177754
Placebo,52,7589,True,0.0
Placebo,52,7622,True,0.0
Placebo,52,7640,True,0.0
Placebo,52,7757,True,0.0
Placebo,52,8162,True,0.5264868888237676
Placebo,52,8508,True,0.5
Placebo,52,8597,True,0.6407958485461439
Placebo,52,8771,False,0.0
Placebo,52,288,True,0.5141679896144479
Placebo,52,635,True,0.3134159310193809
Placebo,52,654,True,0.28908246835711415
Placebo,52,699,True,0.24506424336606047
Placebo,52,743,True,0.21390733506477452
Placebo,52,946,True,0.0
Placebo,52,976,False,0.0
Placebo,52,1144,True,0.6726544571913777
Placebo,52,1187,True,0.3846907710375462
Placebo,52,1384,True,0.30657359638272924
Placebo,52,1415,True,0.1551346154095083
Placebo,52,1443,True,0.4293457662884603
Placebo,52,1629,True,0.12315119437036504
Placebo,52,1684,True,0.0
Placebo,52,1802,True,0.17205841572894548
Placebo,52,1914,True,0.7127900490663726
Placebo,52,2046,True,0.0
Placebo,52,2071,True,0.0735502776341351
Placebo,52,2340,True,0.3018981066475279
Placebo,52,2749,True,0.047283507740116394
Placebo,52,3517,True,0.240393160535928
Placebo,52,3758,True,0.0
Placebo,52,4110,True,0.0
Placebo,52,4111,True,0.2463023887407299
Placebo,52,4144,True,0.0
Placebo,52,5021,True,0.13743816645714546
Placebo,52,5032,True,0.14171249284402718
Placebo,52,5096,True,0.3262700232059008
Placebo,52,5109,True,0.5890695202765286
Placebo,52,5114,True,0.0
Placebo,52,5977,True,0.0
Placebo,52,5984,True,0.0
Placebo,52,6353,True,0.41707040064333917
Placebo,52,6373,True,0.100939453260283
Placebo,52,6539,True,0.0
Placebo,52,6554,True,0.09478836436955075
Placebo,52,6884,False,0.0
Placebo,52,6955,True,0.3795837542818478
Placebo,52,7020,True,0.41578264686086824
Placebo,52,7029,True,0.40041591930778564
Placebo,52,7280,True,0.1305569638500157
Placebo,52,7394,True,0.10878180427932295
Placebo,52,7795,True,0.3431009911174725
Placebo,52,8108,True,0.08514311764162101
Placebo,52,8560,True,0.26878980637548255
Placebo,52,8632,True,0.0950897783164808
Placebo,52,8657,True,0.0475448891582404
Placebo,52,8777,True,0.5816020967167248
Placebo,52,9151,True,0.0
Placebo,52,9609,False,0.0
Placebo,53,102,True,0.7654999533396626
Placebo,53,314,True,0.3147159380171357
Placebo,53,1068,True,0.21675690236109832
Placebo,53,1525,True,0.0
Placebo,53,1795,True,0.25784023633583103
Placebo,53,1929,True,0.32535571086730536
Placebo,53,1931,True,0.0
Placebo,53,1991,True,0.05317996833292039
Placebo,53,2528,True,0.549957011291462
Placebo,53,2697,True,0.07463008958064667
Placebo,53,2834,True,0.5328480699823037
Placebo,53,2845,True,0.4038581118735897
Placebo,53,3031,True,0.2444521888215188
Placebo,53,3250,True,0.25118261777411105
Placebo,53,3308,True,0.0
Placebo,53,3402,True,0.2026097735578014
Placebo,53,3426,True,0.0
Placebo,53,3449,True,0.42222801661389164
Placebo,53,3756,True,0.0
Placebo,53,4141,True,0.35351297685127564
Placebo,53,4210,True,0.0889835857313796
Placebo,53,4516,True,0.23981246656813157
Placebo,53,4692,True,0.3018532329225324
Placebo,53,4700,False,0.0
Placebo,53,4910,False,0.0
Placebo,53,4962,False,0.0
Placebo,53,5275,True,0.0
Placebo,53,5671,True,0.0
Placebo,53,5683,True,0.6131335250089657
Placebo,53,6067,True,0.40601874498613805
Placebo,53,6378,True,0.4035810073277118
Placebo,53,6495,True,0.22025454622719132
Placebo,53,6868,True,0.03858303713187615
Placebo,53,6880,True,0.047283507740116394
Placebo,53,7144,True,0.0
Placebo,53,7413,True,0.3324298425598582
Placebo,53,7526,True,0.0
Placebo,53,7531,True,0.0
Placebo,53,7577,True,0.0
Placebo,53,7621,True,0.035427698077529574
Placebo,53,8198,True,0.23862668667444112
Placebo,53,8442,True,0.201878906520566
Placebo,53,8452,True,0.45192473114054266
Placebo,53,8476,True,0.3780455671803376
Placebo,53,8541,True,0.4555999229381125
Placebo,53,8802,True,0.23230604393401819
Placebo,53,8816,True,0.09680190061810993
Placebo,53,8852,False,0.0
Placebo,53,9099,True,0.07806777959305254
Placebo,53,9479,True,0.0
Placebo,53,9625,False,0.0
Placebo,53,96,True,0.0
Placebo,53,171,True,0.3834554842333449
Placebo,53,328,False,0.0
Placebo,53,387,True,0.05835609105061249
Placebo,53,754,False,0.0
Placebo,53,983,True,0.2957684365621308
Placebo,53,1039,True,0.5601761978295836
Placebo,53,1098,True,0.0
Placebo,53,1120,True,0.23206069843274205
Placebo,53,1275,True,0.24659609177147754
Placebo,53,1343,True,0.0
Placebo,53,1483,True,0.08704852117377691
Placebo,53,2005,True,0.0
Placebo,53,2048,True,0.5956822902004274
Placebo,53,2379,True,0.44639258514840513
Placebo,53,2516,True,0.19176422561060097
Placebo,53,2601,True,0.3681382898731383
Placebo,53,3210,True,0.37797795652184824
Placebo,53,3601,False,0.0
Placebo,53,3729,True,0.31388153439933997
Placebo,53,3832,True,0.6344004903770404
Placebo,53,4104,True,0.4644790350140743
Placebo,53,4286,True,0.30765417020688024
Placebo,53,4329,True,0.0
Placebo,53,4553,True,0.14025592292804678
Placebo,53,4790,True,0.0
Placebo,53,4844,True,0.0
Placebo,53,4994,True,0.0
Placebo,53,5020,True,0.2517680031553485
Placebo,53,5293,True,0.07930007128354423
Placebo,53,5338,True,0.28030572960391864
Placebo,53,5343,True,0.13989172678693937
Placebo,53,5464,True,0.0
Placebo,53,5560,True,0.0803315339517524
Placebo,53,5719,True,0.1955493823736264
Placebo,53,6055,True,0.0
Placebo,53,6121,True,0.36914490647270154
Placebo,53,6128,True,0.16934377101202755
Placebo,53,6197,True,0.22644585992733116
Placebo,53,6336,True,0.4127982659586506
Placebo,53,6577,True,0.2415162085682709
Placebo,53,6717,True,0.0
Placebo,53,6906,False,0.0
Placebo,53,8550,True,0.0
Placebo,53,8576,True,0.2890147435769364
Placebo,53,8790,False,0.0
Placebo,53,8840,False,0.0
Placebo,53,8878,True,0.4306765580733929
Placebo,53,9337,True,0.39947846398782066
Placebo,53,9501,True,0.20118130435826542
Placebo,53,9512,False,0.0
Placebo,53,45,True,0.21029185669635952
Placebo,53,199,True,0.0
Placebo,53,458,True,0.17618384478764945
Placebo,53,564,True,0.7864266959523012
Placebo,53,717,True,0.0
Placebo,53,1109,True,0.5833470749996513
Placebo,53,1576,True,0.0
Placebo,53,1711,True,0.0
Placebo,53,1868,True,0.0
Placebo,53,1942,True,0.09507135353866225
Placebo,53,2001,True,0.1561688866220965
Placebo,53,2217,True,0.1696873585312801
Placebo,53,2354,True,0.33683893348847754
Placebo,53,2761,True,0.0
Placebo,53,2980,True,0.28906482631788766
Placebo,53,3021,True,0.21311254892712067
Placebo,53,3030,True,0.3010299956639808
Placebo,53,3046,True,0.2689077909270683
Placebo,53,3050,True,0.6432219384624739
Placebo,53,3288,True,0.12269472165253675
Placebo,53,3302,True,0.3357233668002933
Placebo,53,3794,True,0.0
Placebo,53,3920,True,0.09456701548023279
Placebo,53,3965,True,0.2154266816067841
Placebo,53,4193,True,0.23981246656813157
Placebo,53,4294,True,0.0460183410119651
Placebo,53,4383,True,0.17883433770993767
Placebo,53,4474,True,0.0
Placebo,53,5068,True,0.08949183290884721
Placebo,53,5258,True,0.0
Placebo,53,5306,True,0.37741337747478765
Placebo,53,5323,True,0.30521033530938785
Placebo,53,5421,True,0.5078559478524218
Placebo,53,5766,True,0.06579926179689523
Placebo,53,5877,True,0.16517755961930503
Placebo,53,5887,True,0.26271452759388514
Placebo,53,6126,True,0.0
Placebo,53,6190,True,0.4459479997756997
Placebo,53,6224,True,0.20483424751859086
Placebo,53,6465,True,0.0
Placebo,53,6853,True,0.08873727821548741
Placebo,53,6949,True,0.24077529840456044
Placebo,53,7107,True,0.21056588854152627
Placebo,53,7240,False,0.0
Placebo,53,7937,True,0.36764218605751087
Placebo,53,8015,True,0.1815417925373527
Placebo,53,8066,True,0.10440444345806826
Placebo,53,8202,True,0.23205626601836876
Placebo,53,8321,True,0.43543500874851643
Placebo,53,9222,True,0.10646464774659972
Placebo,53,9453,True,0.6212200393885267
Placebo,53,73,True,0.319393943239799
Placebo,53,390,True,0.3568168125346075
Placebo,53,424,True,0.0
Placebo,53,715,True,0.5564485271972054
Placebo,53,915,False,0.0
Placebo,53,1579,True,0.11974534227438742
Placebo,53,1643,True,0.0
Placebo,53,1679,True,0.465998032110113
Placebo,53,1982,True,0.07839826897867538
Placebo,53,2027,True,0.21434997322283647
Placebo,53,2211,True,0.6131471927654585
Placebo,53,2228,True,0.2860621083078887
Placebo,53,2352,True,0.4306765580733929
Placebo,53,2520,True,0.2548346710074145
Placebo,53,2573,True,0.12669074888309206
Placebo,53,2630,True,0.3134646039447059
Placebo,53,2666,True,0.10918487464734664
Placebo,53,2745,True,0.0
Placebo,53,3149,True,0.5993371501263062
Placebo,53,3369,True,0.21615906613549746
Placebo,53,3617,True,0.06779095235709008
Placebo,53,3862,True,0.0
Placebo,53,4124,True,0.3053079946830439
Placebo,53,4218,True,0.16693116307018796
Placebo,53,4268,True,0.08540919520969106
Placebo,53,4452,True,0.23170768250378493
Placebo,53,4522,True,0.08733622839259664
Placebo,53,4784,True,0.44091597889542644
Placebo,53,5139,False,0.0
Placebo,53,5438,True,0.0
Placebo,53,5565,True,0.14234052824960539
Placebo,53,5684,True,0.047264273332909064
Placebo,53,5775,True,0.12983380180421736
Placebo,53,6110,True,0.0
Placebo,53,6488,True,0.11503946436906079
Placebo,53,6590,True,0.0
Placebo,53,6793,True,0.0
Placebo,53,7090,True,0.0
Placebo,53,7112,True,0.0
Placebo,53,7167,True,0.3563756902112924
Placebo,53,7287,True,0.4198975800211041
Placebo,53,7370,True,0.21143625211114
Placebo,53,7547,True,0.14671839172597642
Placebo,53,7589,True,0.0
Placebo,53,7622,True,0.12779435101500425
Placebo,53,7640,True,0.0
Placebo,53,7757,True,0.0
Placebo,53,8162,True,0.289891386602211
Placebo,53,8508,True,0.17723928678404763
Placebo,53,8597,True,0.31879392588472627
Placebo,53,8771,False,0.0
Placebo,53,288,True,0.7079719850979669
Placebo,53,635,True,0.392130010812895
Placebo,53,654,True,0.06368570437114804
Placebo,53,699,True,0.1585070397409811
Placebo,53,743,True,0.2564507774644171
Placebo,53,946,True,0.0
Placebo,53,976,False,0.0
Placebo,53,1144,True,0.6363762929310754
Placebo,53,1187,True,0.3325418701345204
Placebo,53,1384,True,0.0
Placebo,53,1415,True,0.20483424751859086
Placebo,53,1443,True,0.5793159358536292
Placebo,53,1629,True,0.0
Placebo,53,1684,True,0.20652736985084066
Placebo,53,1802,True,0.0
Placebo,53,1914,True,0.2867805512950558
Placebo,53,2046,True,0.0
Placebo,53,2071,True,0.30559044146024333
Placebo,53,2340,True,0.11838279295536289
Placebo,53,2749,True,0.19288862391547923
Placebo,53,3517,True,0.5330315985652853
Placebo,53,3758,True,0.0
Placebo,53,4110,True,0.0
Placebo,53,4111,True,0.0
Placebo,53,4144,True,0.12198323851117018
Placebo,53,5021,True,0.2599127274788491
Placebo,53,5032,True,0.20345829745500038
Placebo,53,5096,True,0.10235337402155874
Placebo,53,5109,True,0.3481952206680206
Placebo,53,5114,True,0.0
Placebo,53,5977,True,0.30824743622485484
Placebo,53,5984,True,0.0
Placebo,53,6353,True,0.16737886107481745
Placebo,53,6373,True,0.12737140874229597
Placebo,53,6539,True,0.0
Placebo,53,6554,True,0.49490124458711854
Placebo,53,6884,False,0.0
Placebo,53,6955,True,0.0
Placebo,53,7020,True,0.07504031173414566
Placebo,53,7029,True,0.2565140632859758
Placebo,53,7280,True,0.0
Placebo,53,7394,True,0.051277020208091634
Placebo,53,7795,True,0.3367026991454458
Placebo,53,8108,True,0.0733639220993601
Placebo,53,8560,True,0.4994201211386882
Placebo,53,8632,True,0.2781490264576888
Placebo,53,8657,True,0.0
Placebo,53,8777,True,0.6693101033133757
Placebo,53,9151,True,0.0
Placebo,53,9609,False,0.0
Placebo,54,102,True,0.7819835854675755
Placebo,54,314,True,0.327484437437409
Placebo,54,1068,True,0.0879405409051344
Placebo,54,1525,True,0.08592513079544997
Placebo,54,1795,True,0.3161082893056958
Placebo,54,1929,True,0.654547216271781
Placebo,54,1931,True,0.1383518862094005
Placebo,54,1991,True,0.2321474026613599
Placebo,54,2528,True,0.43557796622278044
Placebo,54,2697,True,0.0
Placebo,54,2834,True,0.45556090019310463
Placebo,54,2845,True,0.5288351954556276
Placebo,54,3031,True,0.22869099206831853
Placebo,54,3250,True,0.2641400331850027
Placebo,54,3308,True,0.40303028380100486
Placebo,54,3402,True,0.0
Placebo,54,3426,True,0.0
Placebo,54,3449,True,0.1995468605022759
Placebo,54,3756,True,0.16835304488142425
Placebo,54,4141,True,0.3688556721386529
Placebo,54,4210,True,0.16609591822235348
Placebo,54,4516,True,0.16369747519436972
Placebo,54,4692,True,0.28906482631788766
Placebo,54,4700,False,0.0
Placebo,54,4910,False,0.0
Placebo,54,4962,False,0.0
Placebo,54,5275,True,0.18618449947292748
Placebo,54,5671,True,0.17604912582073223
Placebo,54,5683,True,0.5387016306420563
Placebo,54,6067,True,0.47642815057609594
Placebo,54,6378,True,0.2784098931333014
Placebo,54,6495,True,0.3569682150284417
Placebo,54,6868,True,0.33151964187809296
Placebo,54,6880,True,0.22781960059415665
Placebo,54,7144,True,0.04778491088266231
Placebo,54,7413,True,0.7321911135530123
Placebo,54,7526,True,0.0
Placebo,54,7531,True,0.0
Placebo,54,7577,True,0.26406812257259077
Placebo,54,7621,True,0.0
Placebo,54,8198,True,0.1287132098701925
Placebo,54,8442,True,0.201878906520566
Placebo,54,8452,True,0.276856106741307
Placebo,54,8476,True,0.2786686870877366
Placebo,54,8541,True,0.6411393265654028
Placebo,54,8802,True,0.5666354327418978
Placebo,54,8816,True,0.7076962518215258
Placebo,54,8852,False,0.0
Placebo,54,9099,True,0.16884223607103543
Placebo,54,9479,True,0.0
Placebo,54,9625,False,0.0
Placebo,54,96,True,0.0
Placebo,54,171,True,0.3666427036782198
Placebo,54,328,False,0.0
Placebo,54,387,True,0.100939453260283
Placebo,54,754,False,0.0
Placebo,54,983,True,0.25013149108985056
Placebo,54,1039,True,0.38123076340695145
Placebo,54,1098,True,0.05501287053785307
Placebo,54,1120,True,0.11476975467992928
Placebo,54,1275,True,0.5618858066949123
Placebo,54,1343,True,0.22638992469189934
Placebo,54,1483,True,0.0
Placebo,54,2005,True,0.3391602052736161
Placebo,54,2048,True,0.3791648953068989
Placebo,54,2379,True,0.29857521178464347
Placebo,54,2516,True,0.2783024490194723
Placebo,54,2601,True,0.07671287990839397
Placebo,54,3210,True,0.25482340303947154
Placebo,54,3601,False,0.0
Placebo,54,3729,True,0.3496320283128728
Placebo,54,3832,True,0.422223067990365
Placebo,54,4104,True,0.1478970041187078
Placebo,54,4286,True,0.41256689738139857
Placebo,54,4329,True,0.3800937667159343
Placebo,54,4553,True,0.0
Placebo,54,4790,True,0.0
Placebo,54,4844,True,0.0
Placebo,54,4994,True,0.0
Placebo,54,5020,True,0.45088630125851203
Placebo,54,5293,True,0.39326982939793387
Placebo,54,5338,True,0.364225197986371
Placebo,54,5343,True,0.17922349267124005
Placebo,54,5464,True,0.6149332080946001
Placebo,54,5560,True,0.1600823585873595
Placebo,54,5719,True,0.21938204041054926
Placebo,54,6055,True,0.32739495038873945
Placebo,54,6121,True,0.5095856569982923
Placebo,54,6128,True,0.22971440679684074
Placebo,54,6197,True,0.2858764865974647
Placebo,54,6336,True,0.21713278870339936
Placebo,54,6577,True,0.34012637712233307
Placebo,54,6717,True,0.0
Placebo,54,6906,False,0.0
Placebo,54,8550,True,0.0
Placebo,54,8576,True,0.19096009523879817
Placebo,54,8790,False,0.0
Placebo,54,8840,False,0.0
Placebo,54,8878,True,1.0
Placebo,54,9337,True,0.5438890566771154
Placebo,54,9501,True,0.3206086581480237
Placebo,54,9512,False,0.0
Placebo,54,45,True,0.2267681950548847
Placebo,54,199,True,0.3154648767857289
Placebo,54,458,True,0.3399853842349287
Placebo,54,564,True,0.6165982156588755
Placebo,54,717,True,0.11751610475642699
Placebo,54,1109,True,0.8262959948780244
Placebo,54,1576,True,0.0
Placebo,54,1711,True,0.0
Placebo,54,1868,True,0.0
Placebo,54,1942,True,0.22948244320975789
Placebo,54,2001,True,0.048753830672500074
Placebo,54,2217,True,0.41305473970168133
Placebo,54,2354,True,0.38026674106148683
Placebo,54,2761,True,0.0
Placebo,54,2980,True,0.3154648767857289
Placebo,54,3021,True,0.24162686763529806
Placebo,54,3030,True,0.0
Placebo,54,3046,True,0.0
Placebo,54,3050,True,0.42654672127817717
Placebo,54,3288,True,0.16497375020635366
Placebo,54,3302,True,0.18102026775530974
Placebo,54,3794,True,0.0
Placebo,54,3920,True,0.07886907803361609
Placebo,54,3965,True,0.09720567390390628
Placebo,54,4193,True,0.10987173866025325
Placebo,54,4294,True,0.04018009264032398
Placebo,54,4383,True,0.3388835205009243
Placebo,54,4474,True,0.15935308936561202
Placebo,54,5068,True,0.19567571014881716
Placebo,54,5258,True,0.0
Placebo,54,5306,True,0.40582105085806924
Placebo,54,5323,True,0.4839980252281369
Placebo,54,5421,True,0.5342484035058286
Placebo,54,5766,True,0.46716185335401317
Placebo,54,5877,True,0.3776212254502278
Placebo,54,5887,True,0.09859337710999377
Placebo,54,6126,True,0.5
Placebo,54,6190,True,0.665161091041997
Placebo,54,6224,True,0.3253402459199787
Placebo,54,6465,True,0.0
Placebo,54,6853,True,0.11875628599054346
Placebo,54,6949,True,0.25376970138364097
Placebo,54,7107,True,0.10918487464734664
Placebo,54,7240,False,0.0
Placebo,54,7937,True,0.309579842100855
Placebo,54,8015,True,0.0
Placebo,54,8066,True,0.504433917263108
Placebo,54,8202,True,0.26556070614699806
Placebo,54,8321,True,0.33050604781447385
Placebo,54,9222,True,0.0
Placebo,54,9453,True,0.4598438958276665
Placebo,54,73,True,0.0
Placebo,54,390,True,0.3945815140978377
Placebo,54,424,True,0.1432154849243992
Placebo,54,715,True,0.3138349564953835
Placebo,54,915,False,0.0
Placebo,54,1579,True,0.3795837542818478
Placebo,54,1643,True,0.0
Placebo,54,1679,True,0.06803907609961145
Placebo,54,1982,True,0.1388624438735545
Placebo,54,2027,True,0.053368457452889664
Placebo,54,2211,True,0.3868528072345415
Placebo,54,2228,True,0.2878956204513682
Placebo,54,2352,True,0.0
Placebo,54,2520,True,0.24572766651597638
Placebo,54,2573,True,0.0
Placebo,54,2630,True,0.5361527077157485
Placebo,54,2666,True,0.2630006330730985
Placebo,54,2745,True,0.0
Placebo,54,3149,True,0.18307962757594165
Placebo,54,3369,True,0.14503180950203295
Placebo,54,3617,True,0.19369752095583895
Placebo,54,3862,True,0.12421371338458444
Placebo,54,4124,True,0.28402491530519114
Placebo,54,4218,True,0.0
Placebo,54,4268,True,0.0405754139492584
Placebo,54,4452,True,0.12373653594087865
Placebo,54,4522,True,0.2584898745780109
Placebo,54,4784,True,0.47220511990880026
Placebo,54,5139,False,0.0
Placebo,54,5438,True,0.0
Placebo,54,5565,True,0.0
Placebo,54,5684,True,0.35561448361692916
Placebo,54,5775,True,0.0862019719368722
Placebo,54,6110,True,0.4178310521523945
Placebo,54,6488,True,0.3239134396887189
Placebo,54,6590,True,0.0
Placebo,54,6793,True,0.15876681118205369
Placebo,54,7090,True,0.0
Placebo,54,7112,True,0.056422570674467584
Placebo,54,7167,True,0.45240037452175524
Placebo,54,7287,True,0.2587760295148065
Placebo,54,7370,True,0.11875628599054346
Placebo,54,7547,True,0.27510934642692814
Placebo,54,7589,True,0.4103915680233245
Placebo,54,7622,True,0.0
Placebo,54,7640,True,0.0
Placebo,54,7757,True,0.09823075220596503
Placebo,54,8162,True,0.34397546138910967
Placebo,54,8508,True,0.0
Placebo,54,8597,True,0.34517618894897517
Placebo,54,8771,False,0.0
Placebo,54,288,True,0.6243648068888347
Placebo,54,635,True,0.3407611495682681
Placebo,54,654,True,0.25474281748459193
Placebo,54,699,True,0.5330752584449809
Placebo,54,743,True,0.17926473178241972
Placebo,54,946,True,0.0
Placebo,54,976,False,0.0
Placebo,54,1144,True,0.7422082418313135
Placebo,54,1187,True,0.38321114694978686
Placebo,54,1384,True,0.0
Placebo,54,1415,True,0.06943122193677731
Placebo,54,1443,True,0.4120782515077164
Placebo,54,1629,True,0.0
Placebo,54,1684,True,0.0
Placebo,54,1802,True,0.17606853674647277
Placebo,54,1914,True,0.22315976309610414
Placebo,54,2046,True,0.3903800499921017
Placebo,54,2071,True,0.14724372146035022
Placebo,54,2340,True,0.0
Placebo,54,2749,True,0.13588956590018858
Placebo,54,3517,True,0.12823472015316956
Placebo,54,3758,True,0.0
Placebo,54,4110,True,0.30657359638272924
Placebo,54,4111,True,0.11284514134893517
Placebo,54,4144,True,0.0
Placebo,54,5021,True,0.09791292534996787
Placebo,54,5032,True,0.14061518603869114
Placebo,54,5096,True,0.10235337402155874
Placebo,54,5109,True,0.45475041277295386
Placebo,54,5114,True,0.0
Placebo,54,5977,True,0.0
Placebo,54,5984,True,0.14704034066641017
Placebo,54,6353,True,0.4665623556622485
Placebo,54,6373,True,0.07809742170892058
Placebo,54,6539,True,0.0
Placebo,54,6554,True,0.6792302715612385
Placebo,54,6884,False,0.0
Placebo,54,6955,True,0.1897918771409239
Placebo,54,7020,True,0.22527360070774813
Placebo,54,7029,True,0.2532188780252747
Placebo,54,7280,True,0.0
Placebo,54,7394,True,0.0576901476090013
Placebo,54,7795,True,0.20228655041922503
Placebo,54,8108,True,0.0733639220993601
Placebo,54,8560,True,0.44890975858806276
Placebo,54,8632,True,0.17381251297286848
Placebo,54,8657,True,0.057484716641728835
Placebo,54,8777,True,0.4949872231451195
Placebo,54,9151,True,0.0
Placebo,54,9609,False,0.0
Placebo,55,102,True,0.4599839690031398
Placebo,55,314,True,0.12206242313657152
Placebo,55,1068,True,0.2212301337969673
Placebo,55,1525,True,0.0
Placebo,55,1795,True,0.1849501008796647
Placebo,55,1929,True,0.32885915251429665
Placebo,55,1931,True,0.3167359425391515
Placebo,55,1991,True,0.17121885950975582
Placebo,55,2528,True,0.37382028592689254
Placebo,55,2697,True,0.07463008958064667
Placebo,55,2834,True,0.21128749918529324
Placebo,55,2845,True,0.31774851837174106
Placebo,55,3031,True,0.19155966601959937
Placebo,55,3250,True,0.10032352585854973
Placebo,55,3308,True,0.0
Placebo,55,3402,True,0.0
Placebo,55,3426,True,0.0
Placebo,55,3449,True,0.3715860897002959
Placebo,55,3756,True,0.10082580191008751
Placebo,55,4141,True,0.4129263735781948
Placebo,55,4210,True,0.30553379432601485
Placebo,55,4516,True,0.40913039438423077
Placebo,55,4692,True,0.8154648767857287
Placebo,55,4700,False,0.0
Placebo,55,4910,False,0.0
Placebo,55,4962,False,0.0
Placebo,55,5275,True,0.06425604298318159
Placebo,55,5671,True,0.0
Placebo,55,5683,True,0.30824181959979474
Placebo,55,6067,True,0.3273152464239008
Placebo,55,6378,True,0.3154113089640956
Placebo,55,6495,True,0.4073218300265381
Placebo,55,6868,True,0.2198512299131196
Placebo,55,6880,True,0.22781960059415665
Placebo,55,7144,True,0.21084387932290816
Placebo,55,7413,True,0.2753909180421836
Placebo,55,7526,True,0.3978088012057571
Placebo,55,7531,True,0.0
Placebo,55,7577,True,0.3868528072345415
Placebo,55,7621,True,0.38388258796432534
Placebo,55,8198,True,0.2572272286836405
Placebo,55,8442,True,0.4058071516874148
Placebo,55,8452,True,0.36729007338631925
Placebo,55,8476,True,0.3456953221869462
Placebo,55,8541,True,0.5361679673403925
Placebo,55,8802,True,0.14656879505245032
Placebo,55,8816,True,0.0
Placebo,55,8852,False,0.0
Placebo,55,9099,True,0.0
Placebo,55,9479,True,0.22754083620157634
Placebo,55,9625,False,0.0
Placebo,55,96,True,0.0
Placebo,55,171,True,0.3273495355206013
Placebo,55,328,False,0.0
Placebo,55,387,True,0.0
Placebo,55,754,False,0.0
Placebo,55,983,True,0.10210490993258958
Placebo,55,1039,True,0.5074557868714757
Placebo,55,1098,True,0.31038756438284476
Placebo,55,1120,True,0.2807721888661444
Placebo,55,1275,True,0.3322573269847791
Placebo,55,1343,True,0.0
Placebo,55,1483,True,0.0
Placebo,55,2005,True,0.0
Placebo,55,2048,True,0.4977582293261728
Placebo,55,2379,True,0.6254024827716623
Placebo,55,2516,True,0.542042305486879
Placebo,55,2601,True,0.17670908943366184
Placebo,55,3210,True,0.3713985336840965
Placebo,55,3601,False,0.0
Placebo,55,3729,True,0.05487565949361937
Placebo,55,3832,True,0.3459418114704011
Placebo,55,4104,True,0.18701145604403488
Placebo,55,4286,True,0.108630356426115
Placebo,55,4329,True,0.0
Placebo,55,4553,True,0.05942707685952102
Placebo,55,4790,True,0.17723928678404763
Placebo,55,4844,True,0.0
Placebo,55,4994,True,0.0
Placebo,55,5020,True,0.3710885183254034
Placebo,55,5293,True,0.27778131128800454
Placebo,55,5338,True,0.5475550371513532
Placebo,55,5343,True,0.2535868305614884
Placebo,55,5464,True,0.13789497422151517
Placebo,55,5560,True,0.08707562656251236
Placebo,55,5719,True,0.41597533299605033
Placebo,55,6055,True,0.11990623328406579
Placebo,55,6121,True,0.6004636042152096
Placebo,55,6128,True,0.08421358772610593
Placebo,55,6197,True,0.09790268744042858
Placebo,55,6336,True,0.2083694517791748
Placebo,55,6577,True,0.28907654874661926
Placebo,55,6717,True,0.0
Placebo,55,6906,False,0.0
Placebo,55,8550,True,0.0
Placebo,55,8576,True,0.08307482999756595
Placebo,55,8790,False,0.0
Placebo,55,8840,False,0.0
Placebo,55,8878,True,0.0
Placebo,55,9337,True,0.17851605127031478
Placebo,55,9501,True,0.2621524112360103
Placebo,55,9512,False,0.0
Placebo,55,45,True,0.2548346710074145
Placebo,55,199,True,0.0
Placebo,55,458,True,0.588529000312476
Placebo,55,564,True,0.5550127489853621
Placebo,55,717,True,0.0
Placebo,55,1109,True,0.6670155297429499
Placebo,55,1576,True,0.15770204167838736
Placebo,55,1711,True,0.0
Placebo,55,1868,True,0.0
Placebo,55,1942,True,0.2882001116838787
Placebo,55,2001,True,0.3239134396887189
Placebo,55,2217,True,0.0
Placebo,55,2354,True,0.5174872144508506
Placebo,55,2761,True,0.11751610475642699
Placebo,55,2980,True,0.0
Placebo,55,3021,True,0.3002460333429969
Placebo,55,3030,True,0.0
Placebo,55,3046,True,0.1420695882570561
Placebo,55,3050,True,0.6790185480458881
Placebo,55,3288,True,0.0
Placebo,55,3302,True,0.11428257845677507
Placebo,55,3794,True,0.3154648767857289
Placebo,55,3920,True,0.18239590692174096
Placebo,55,3965,True,0.2796302735109273
Placebo,55,4193,True,0.4796249331362628
Placebo,55,4294,True,0.21053396931526486
Placebo,55,4383,True,0.1624744122131308
Placebo,55,4474,True,0.5643426133649466
Placebo,55,5068,True,0.32370790225068197
Placebo,55,5258,True,0.0774353479780061
Placebo,55,5306,True,0.7572756071198871
Placebo,55,5323,True,0.2660978051853095
Placebo,55,5421,True,0.3764651919038201
Placebo,55,5766,True,0.2360044266460275
Placebo,55,5877,True,0.14156760360508
Placebo,55,5887,True,0.2376401647294014
Placebo,55,6126,True,0.28906482631788766
Placebo,55,6190,True,0.27574915634955005
Placebo,55,6224,True,0.1517708415006662
Placebo,55,6465,True,0.0
Placebo,55,6853,True,0.18961679282835436
Placebo,55,6949,True,0.4537425745411855
Placebo,55,7107,True,0.09404673201358821
Placebo,55,7240,False,0.0
Placebo,55,7937,True,0.3201968973562989
Placebo,55,8015,True,0.7039180890341348
Placebo,55,8066,True,0.17185126299220174
Placebo,55,8202,True,0.13571296355926615
Placebo,55,8321,True,0.10096983442277761
Placebo,55,9222,True,0.09845236414941486
Placebo,55,9453,True,0.53147129425646
Placebo,55,73,True,0.22754083620157634
Placebo,55,390,True,0.38972231307512506
Placebo,55,424,True,0.0
Placebo,55,715,True,0.210108613397789
Placebo,55,915,False,0.0
Placebo,55,1579,True,0.05987267113719375
Placebo,55,1643,True,0.0
Placebo,55,1679,True,0.2594299145640522
Placebo,55,1982,True,0.17947710508581735
Placebo,55,2027,True,0.19299858291072902
Placebo,55,2211,True,0.6131471927654585
Placebo,55,2228,True,0.10621704413007442
Placebo,55,2352,True,0.3010299956639808
Placebo,55,2520,True,0.09858350785990916
Placebo,55,2573,True,0.0
Placebo,55,2630,True,0.558148532381414
Placebo,55,2666,True,0.5212164491191417
Placebo,55,2745,True,0.0
Placebo,55,3149,True,0.4754489745003041
Placebo,55,3369,True,0.398909046341167
Placebo,55,3617,True,0.18233695403642522
Placebo,55,3862,True,0.0
Placebo,55,4124,True,0.29957126569376463
Placebo,55,4218,True,0.4292535107441839
Placebo,55,4268,True,0.33332340534171545
Placebo,55,4452,True,0.08097835992217972
Placebo,55,4522,True,0.21437891624475855
Placebo,55,4784,True,0.45795769451312096
Placebo,55,5139,False,0.0
Placebo,55,5438,True,0.0
Placebo,55,5565,True,0.0
Placebo,55,5684,True,0.09020315758404246
Placebo,55,5775,True,0.17070296381389793
Placebo,55,6110,True,0.18522743451961055
Placebo,55,6488,True,0.1746103421078288
Placebo,55,6590,True,0.0
Placebo,55,6793,True,0.49468115029514254
Placebo,55,7090,True,0.23253378338733757
Placebo,55,7112,True,0.0
Placebo,55,7167,True,0.2812375961570008
Placebo,55,7287,True,0.5298530602170252
Placebo,55,7370,True,0.10934867679127507
Placebo,55,7547,True,0.4035015715464804
Placebo,55,7589,True,0.05952137244162203
Placebo,55,7622,True,0.0
Placebo,55,7640,True,0.0
Placebo,55,7757,True,0.1480827817806692
Placebo,55,8162,True,0.34890394651074974
Placebo,55,8508,True,0.19890440060287856
Placebo,55,8597,True,0.17498338897571042
Placebo,55,8771,False,0.0
Placebo,55,288,True,0.6253862449721088
Placebo,55,635,True,0.5411322998885703
Placebo,55,654,True,0.0
Placebo,55,699,True,0.1433357748053457
Placebo,55,743,True,0.22593820505802834
Placebo,55,946,True,0.0
Placebo,55,976,False,0.0
Placebo,55,1144,True,0.7808030774881497
Placebo,55,1187,True,0.15200622405357594
Placebo,55,1384,True,0.0
Placebo,55,1415,True,0.13568544539116625
Placebo,55,1443,True,0.43362472972766614
Placebo,55,1629,True,0.15101961822780524
Placebo,55,1684,True,0.1432115313242024
Placebo,55,1802,True,0.3336884464926734
Placebo,55,1914,True,0.45810737215709996
Placebo,55,2046,True,0.0
Placebo,55,2071,True,0.0
Placebo,55,2340,True,0.2131561967046231
Placebo,55,2749,True,0.3951557097890934
Placebo,55,3517,True,0.13347537859706934
Placebo,55,3758,True,0.11361927894154338
Placebo,55,4110,True,0.0
Placebo,55,4111,True,0.0
Placebo,55,4144,True,0.2026097735578014
Placebo,55,5021,True,0.11838279295536289
Placebo,55,5032,True,0.33281644636783675
Placebo,55,5096,True,0.1763864224453442
Placebo,55,5109,True,0.4102716400462492
Placebo,55,5114,True,0.0
Placebo,55,5977,True,0.0
Placebo,55,5984,True,0.3800937667159343
Placebo,55,6353,True,0.5478527392247046
Placebo,55,6373,True,0.28860636051657496
Placebo,55,6539,True,0.0
Placebo,55,6554,True,0.14072583415619586
Placebo,55,6884,False,0.0
Placebo,55,6955,True,0.10972431200457408
Placebo,55,7020,True,0.6176358915417033
Placebo,55,7029,True,0.19098180251749802
Placebo,55,7280,True,0.0
Placebo,55,7394,True,0.10450613870182585
Placebo,55,7795,True,0.322793939588311
Placebo,55,8108,True,0.0
Placebo,55,8560,True,0.3884644267049722
Placebo,55,8632,True,0.14870978969887455
Placebo,55,8657,True,0.0
Placebo,55,8777,True,0.4535381388980525
Placebo,55,9151,True,0.0
Placebo,55,9609,False,0.0
Placebo,56,102,True,0.8466406592581396
Placebo,56,314,True,0.13823391163571233
Placebo,56,1068,True,0.1704922503996805
Placebo,56,1525,True,0.31025063752387705
Placebo,56,1795,True,0.15901981508125562
Placebo,56,1929,True,0.24282611167129356
Placebo,56,1931,True,0.15248845969016306
Placebo,56,1991,True,0.0
Placebo,56,2528,True,0.27031447907623196
Placebo,56,2697,True,0.14926017916129333
Placebo,56,2834,True,0.2598571890931109
Placebo,56,2845,True,0.41451942961614335
Placebo,56,3031,True,0.15070352096757458
Placebo,56,3250,True,0.3683056621396711
Placebo,56,3308,True,0.0
Placebo,56,3402,True,0.06753659118593383
Placebo,56,3426,True,0.0
Placebo,56,3449,True,0.17136269065036203
Placebo,56,3756,True,0.18621315317122547
Placebo,56,4141,True,0.29618719056468346
Placebo,56,4210,True,0.11632779633113964
Placebo,56,4516,True,0.0
Placebo,56,4692,True,0.0
Placebo,56,4700,False,0.0
Placebo,56,4910,False,0.0
Placebo,56,4962,False,0.0
Placebo,56,5275,True,0.12438588249677485
Placebo,56,5671,True,0.0
Placebo,56,5683,True,0.16506882472356016
Placebo,56,6067,True,0.6745711375739727
Placebo,56,6378,True,0.46533333261785076
Placebo,56,6495,True,0.24655393351204813
Placebo,56,6868,True,0.28395599518308384
Placebo,56,6880,True,0.3469195410188711
Placebo,56,7144,True,0.16133179929083696
Placebo,56,7413,True,0.20609799600406858
Placebo,56,7526,True,0.0
Placebo,56,7531,True,0.0
Placebo,56,7577,True,0.18457569677956798
Placebo,56,7621,True,0.03712651420061505
Placebo,56,8198,True,0.44638752832896667
Placebo,56,8442,True,0.1728501706884172
Placebo,56,8452,True,0.2698949579572765
Placebo,56,8476,True,0.05501287053785307
Placebo,56,8541,True,0.585565833380443
Placebo,56,8802,True,0.1797364904668514
Placebo,56,8816,True,0.2899637014974874
Placebo,56,8852,False,0.0
Placebo,56,9099,True,0.0
Placebo,56,9479,True,0.0
Placebo,56,9625,False,0.0
Placebo,56,96,True,0.0
Placebo,56,171,True,0.3574908058755661
Placebo,56,328,False,0.0
Placebo,56,387,True,0.15619484341784115
Placebo,56,754,False,0.0
Placebo,56,983,True,0.3223589312581048
Placebo,56,1039,True,0.1590781919259725
Placebo,56,1098,True,0.27252093346519674
Placebo,56,1120,True,0.09359072962204817
Placebo,56,1275,True,0.31177702386037864
Placebo,56,1343,True,0.0
Placebo,56,1483,True,0.05109165667032166
Placebo,56,2005,True,0.19178318368566777
Placebo,56,2048,True,0.43741680433938535
Placebo,56,2379,True,0.30727076211084015
Placebo,56,2516,True,0.30372147004429745
Placebo,56,2601,True,0.08068305277809487
Placebo,56,3210,True,0.26723487577693683
Placebo,56,3601,False,0.0
Placebo,56,3729,True,0.2950303650524574
Placebo,56,3832,True,0.5840803233490303
Placebo,56,4104,True,0.1970884750459006
Placebo,56,4286,True,0.43117719543045907
Placebo,56,4329,True,0.0
Placebo,56,4553,True,0.06210685669229227
Placebo,56,4790,True,0.0
Placebo,56,4844,True,0.0
Placebo,56,4994,True,0.20151514190050243
Placebo,56,5020,True,0.5529735124964422
Placebo,56,5293,True,0.09616664723047483
Placebo,56,5338,True,0.31785505909710493
Placebo,56,5343,True,0.27572216543940986
Placebo,56,5464,True,0.07180140873718391
Placebo,56,5560,True,0.39576426819320715
Placebo,56,5719,True,0.23265559266227928
Placebo,56,6055,True,0.3758795905592178
Placebo,56,6121,True,0.41409533852446756
Placebo,56,6128,True,0.12422240594026351
Placebo,56,6197,True,0.3475531676089468
Placebo,56,6336,True,0.37385866184169964
Placebo,56,6577,True,0.4381975374529674
Placebo,56,6717,True,0.0
Placebo,56,6906,False,0.0
Placebo,56,8550,True,0.0
Placebo,56,8576,True,0.17636774571244873
Placebo,56,8790,False,0.0
Placebo,56,8840,False,0.0
Placebo,56,8878,True,0.0
Placebo,56,9337,True,0.579183847756401
Placebo,56,9501,True,0.8511105640978918
Placebo,56,9512,False,0.0
Placebo,56,45,True,0.0
Placebo,56,199,True,0.28906482631788766
Placebo,56,458,True,0.3796623855234359
Placebo,56,564,True,0.5350261435789456
Placebo,56,717,True,0.13905617951077567
Placebo,56,1109,True,0.5276960709959932
Placebo,56,1576,True,0.13124938519326135
Placebo,56,1711,True,0.0
Placebo,56,1868,True,0.0
Placebo,56,1942,True,0.2548346710074145
Placebo,56,2001,True,0.17639848011489895
Placebo,56,2217,True,0.3593750334428464
Placebo,56,2354,True,0.23662917667073996
Placebo,56,2761,True,0.0
Placebo,56,2980,True,0.0
Placebo,56,3021,True,0.23876767979296062
Placebo,56,3030,True,0.0
Placebo,56,3046,True,0.2689077909270683
Placebo,56,3050,True,0.4888609844385681
Placebo,56,3288,True,0.07577433351096914
Placebo,56,3302,True,0.53091802525875
Placebo,56,3794,True,0.0
Placebo,56,3920,True,0.2917356965616352
Placebo,56,3965,True,0.17094738792161338
Placebo,56,4193,True,0.0
Placebo,56,4294,True,0.21337726609780958
Placebo,56,4383,True,0.32329027994288095
Placebo,56,4474,True,0.4323735154682774
Placebo,56,5068,True,0.09452854666581807
Placebo,56,5258,True,0.06715150624238254
Placebo,56,5306,True,0.5763614052867099
Placebo,56,5323,True,0.40749240054419833
Placebo,56,5421,True,0.5615650814951975
Placebo,56,5766,True,0.3911700135742788
Placebo,56,5877,True,0.23093905426716332
Placebo,56,5887,True,0.04420524281920165
Placebo,56,6126,True,0.0
Placebo,56,6190,True,0.5504904744673317
Placebo,56,6224,True,0.17947710508581735
Placebo,56,6465,True,0.0
Placebo,56,6853,True,0.04620517621722942
Placebo,56,6949,True,0.22569240148308856
Placebo,56,7107,True,0.12624602730590237
Placebo,56,7240,False,0.0
Placebo,56,7937,True,0.6120224258194894
Placebo,56,8015,True,0.0
Placebo,56,8066,True,0.15660666518710234
Placebo,56,8202,True,0.39276224120822756
Placebo,56,8321,True,0.034715610968388655
Placebo,56,9222,True,0.0
Placebo,56,9453,True,0.5553465764702091
Placebo,56,73,True,0.0
Placebo,56,390,True,0.4770426423516141
Placebo,56,424,True,0.0
Placebo,56,715,True,0.40844575975321995
Placebo,56,915,False,0.0
Placebo,56,1579,True,0.0
Placebo,56,1643,True,0.0
Placebo,56,1679,True,0.14689919021059492
Placebo,56,1982,True,0.22498410122260626
Placebo,56,2027,True,0.2491658239894348
Placebo,56,2211,True,0.30657359638272924
Placebo,56,2228,True,0.26746825948980496
Placebo,56,2352,True,0.0
Placebo,56,2520,True,0.43154376044107634
Placebo,56,2573,True,0.0
Placebo,56,2630,True,0.4510396287148794
Placebo,56,2666,True,0.1749207193306727
Placebo,56,2745,True,0.0
Placebo,56,3149,True,0.30791189327855195
Placebo,56,3369,True,0.14279514403613736
Placebo,56,3617,True,0.2659205482864081
Placebo,56,3862,True,0.13124938519326135
Placebo,56,4124,True,0.28048444463314565
Placebo,56,4218,True,0.3442260396438768
Placebo,56,4268,True,0.04552803591854807
Placebo,56,4452,True,0.06975096265942549
Placebo,56,4522,True,0.21905941987297947
Placebo,56,4784,True,0.3323217355183452
Placebo,56,5139,False,0.0
Placebo,56,5438,True,0.2612868430806555
Placebo,56,5565,True,0.27453895642115655
Placebo,56,5684,True,0.17479490199849018
Placebo,56,5775,True,0.2446455615239613
Placebo,56,6110,True,0.10352593758913044
Placebo,56,6488,True,0.43061198507332693
Placebo,56,6590,True,0.0
Placebo,56,6793,True,0.20949576386912133
Placebo,56,7090,True,0.0670201173131848
Placebo,56,7112,True,0.13905617951077567
Placebo,56,7167,True,0.5004042559446104
Placebo,56,7287,True,0.6033203855571367
Placebo,56,7370,True,0.11405248139090926
Placebo,56,7547,True,0.4119083427572685
Placebo,56,7589,True,0.0
Placebo,56,7622,True,0.16297693758083837
Placebo,56,7640,True,0.0
Placebo,56,7757,True,0.19430961607235409
Placebo,56,8162,True,0.5108628835125154
Placebo,56,8508,True,0.1934264036172709
Placebo,56,8597,True,0.7768402369038958
Placebo,56,8771,False,0.0
Placebo,56,288,True,0.4646857588162087
Placebo,56,635,True,0.5393389664764399
Placebo,56,654,True,0.0
Placebo,56,699,True,0.25880978898961277
Placebo,56,743,True,0.188065461484514
Placebo,56,946,True,0.3010299956639808
Placebo,56,976,False,0.0
Placebo,56,1144,True,0.5666183389581607
Placebo,56,1187,True,0.25221665480336786
Placebo,56,1384,True,0.0
Placebo,56,1415,True,0.3822360008387525
Placebo,56,1443,True,0.4337990403250857
Placebo,56,1629,True,0.13012668333070063
Placebo,56,1684,True,0.0
Placebo,56,1802,True,0.03858303713187615
Placebo,56,1914,True,0.32763767847284847
Placebo,56,2046,True,0.0
Placebo,56,2071,True,0.06993108739817402
Placebo,56,2340,True,0.0
Placebo,56,2749,True,0.5350853908536501
Placebo,56,3517,True,0.3440093479123342
Placebo,56,3758,True,0.0
Placebo,56,4110,True,0.4244403210544053
Placebo,56,4111,True,0.0
Placebo,56,4144,True,0.383160371072764
Placebo,56,5021,True,0.3074654952909127
Placebo,56,5032,True,0.0
Placebo,56,5096,True,0.22863924186542567
Placebo,56,5109,True,0.5524473720758792
Placebo,56,5114,True,0.19229431469715688
Placebo,56,5977,True,0.0
Placebo,56,5984,True,0.1353921314791758
Placebo,56,6353,True,0.45323050217990063
Placebo,56,6373,True,0.0
Placebo,56,6539,True,0.0
Placebo,56,6554,True,0.4747961543547677
Placebo,56,6884,False,0.0
Placebo,56,6955,True,0.05599760197753907
Placebo,56,7020,True,0.5818394777685598
Placebo,56,7029,True,0.2931560412939469
Placebo,56,7280,True,0.11377041810078817
Placebo,56,7394,True,0.2118794635157703
Placebo,56,7795,True,0.18209254213119785
Placebo,56,8108,True,0.19930623359011795
Placebo,56,8560,True,0.32192896916436403
Placebo,56,8632,True,0.22007396532581214
Placebo,56,8657,True,0.0
Placebo,56,8777,True,0.31639206667548764
Placebo,56,9151,True,0.0
Placebo,56,9609,False,0.0
Placebo,57,102,True,0.6751626391196557
Placebo,57,314,True,0.23164110801956975
Placebo,57,1068,True,0.15351930790744306
Placebo,57,1525,True,0.0
Placebo,57,1795,True,0.41648124849934237
Placebo,57,1929,True,0.5280601189279057
Placebo,57,1931,True,0.12828055830938542
Placebo,57,1991,True,0.0
Placebo,57,2528,True,0.32338120334100934
Placebo,57,2697,True,0.15593787927983163
Placebo,57,2834,True,0.5067000851912812
Placebo,57,2845,True,0.4700210619324857
Placebo,57,3031,True,0.2444521888215188
Placebo,57,3250,True,0.2872635432889367
Placebo,57,3308,True,0.0
Placebo,57,3402,True,0.12231683034024916
Placebo,57,3426,True,0.0
Placebo,57,3449,True,0.4243655347400403
Placebo,57,3756,True,0.0
Placebo,57,4141,True,0.636514800608724
Placebo,57,4210,True,0.0
Placebo,57,4516,True,0.2707842629583516
Placebo,57,4692,True,0.0
Placebo,57,4700,False,0.0
Placebo,57,4910,False,0.0
Placebo,57,4962,False,0.0
Placebo,57,5275,True,0.0776895369576595
Placebo,57,5671,True,0.09829678403910964
Placebo,57,5683,True,0.6465669892321422
Placebo,57,6067,True,0.4074625847125743
Placebo,57,6378,True,0.21792457820850195
Placebo,57,6495,True,0.367817996255825
Placebo,57,6868,True,0.27598529193168864
Placebo,57,6880,True,0.31728423247804804
Placebo,57,7144,True,0.20298487771492102
Placebo,57,7413,True,0.4518822504948481
Placebo,57,7526,True,0.0
Placebo,57,7531,True,0.20438239758848625
Placebo,57,7577,True,0.0
Placebo,57,7621,True,0.150608964462156
Placebo,57,8198,True,0.12476489907043554
Placebo,57,8442,True,0.0
Placebo,57,8452,True,0.5744144806560879
Placebo,57,8476,True,0.0
Placebo,57,8541,True,0.5372451142460968
Placebo,57,8802,True,0.25302088799307654
Placebo,57,8816,True,0.12092199990360368
Placebo,57,8852,False,0.0
Placebo,57,9099,True,0.07989569279756419
Placebo,57,9479,True,0.0
Placebo,57,9625,False,0.0
Placebo,57,96,True,0.2113949172033253
Placebo,57,171,True,0.2948373941532774
Placebo,57,328,False,0.0
Placebo,57,387,True,0.08866046252570038
Placebo,57,754,False,0.0
Placebo,57,983,True,0.207010212584088
Placebo,57,1039,True,0.1157777808986612
Placebo,57,1098,True,0.09515663188532464
Placebo,57,1120,True,0.08857376396551764
Placebo,57,1275,True,0.16421958630632805
Placebo,57,1343,True,0.0
Placebo,57,1483,True,0.0
Placebo,57,2005,True,0.1130534017578721
Placebo,57,2048,True,0.39657487737833763
Placebo,57,2379,True,0.505333327806659
Placebo,57,2516,True,0.4247707628458057
Placebo,57,2601,True,0.0
Placebo,57,3210,True,0.46952000023383655
Placebo,57,3601,False,0.0
Placebo,57,3729,True,0.34415972499918634
Placebo,57,3832,True,0.6099565265265774
Placebo,57,4104,True,0.10426702219057046
Placebo,57,4286,True,0.4317939459725494
Placebo,57,4329,True,0.0
Placebo,57,4553,True,0.0
Placebo,57,4790,True,0.17723928678404763
Placebo,57,4844,True,0.0
Placebo,57,4994,True,0.0
Placebo,57,5020,True,0.37031496758963856
Placebo,57,5293,True,0.2468812478964102
Placebo,57,5338,True,0.595967250157055
Placebo,57,5343,True,0.281245909492015
Placebo,57,5464,True,0.0
Placebo,57,5560,True,0.32212796285620554
Placebo,57,5719,True,0.14061891063834914
Placebo,57,6055,True,0.22883924989280766
Placebo,57,6121,True,0.2733559011920844
Placebo,57,6128,True,0.1666047581904272
Placebo,57,6197,True,0.340984500799361
Placebo,57,6336,True,0.321288789183535
Placebo,57,6577,True,0.49650354673649755
Placebo,57,6717,True,0.0
Placebo,57,6906,False,0.0
Placebo,57,8550,True,0.0
Placebo,57,8576,True,0.289297099087465
Placebo,57,8790,False,0.0
Placebo,57,8840,False,0.0
Placebo,57,8878,True,0.29504741099093423
Placebo,57,9337,True,0.3798950311598296
Placebo,57,9501,True,0.41970107309500493
Placebo,57,9512,False,0.0
Placebo,57,45,True,0.11538400395650703
Placebo,57,199,True,0.0
Placebo,57,458,True,0.6153294363498887
Placebo,57,564,True,0.5404673768993047
Placebo,57,717,True,0.0
Placebo,57,1109,True,0.6509214072731635
Placebo,57,1576,True,0.19687407778989194
Placebo,57,1711,True,0.0
Placebo,57,1868,True,0.0
Placebo,57,1942,True,0.13822038818494123
Placebo,57,2001,True,0.0
Placebo,57,2217,True,0.0
Placebo,57,2354,True,0.2672493075474347
Placebo,57,2761,True,0.0
Placebo,57,2980,True,0.0
Placebo,57,3021,True,0.40863501199574337
Placebo,57,3030,True,0.4306765580733929
Placebo,57,3046,True,0.0
Placebo,57,3050,True,0.6002184889207478
Placebo,57,3288,True,0.10631820862022877
Placebo,57,3302,True,0.1789537011407791
Placebo,57,3794,True,0.3333333333333335
Placebo,57,3920,True,0.11214548115428351
Placebo,57,3965,True,0.08661781369276414
Placebo,57,4193,True,0.29408068133282034
Placebo,57,4294,True,0.041143443251688484
Placebo,57,4383,True,0.23814278637641445
Placebo,57,4474,True,0.044368639107743704
Placebo,57,5068,True,0.0
Placebo,57,5258,True,0.0
Placebo,57,5306,True,0.41569082799713497
Placebo,57,5323,True,0.2291985106528588
Placebo,57,5421,True,0.4345842920714988
Placebo,57,5766,True,0.13159852359379046
Placebo,57,5877,True,0.1643548980682564
Placebo,57,5887,True,0.18997096460748536
Placebo,57,6126,True,0.3010299956639808
Placebo,57,6190,True,0.3862708881610037
Placebo,57,6224,True,0.06784272269558313
Placebo,57,6465,True,0.0
Placebo,57,6853,True,0.0
Placebo,57,6949,True,0.39465299618066907
Placebo,57,7107,True,0.2755519442199236
Placebo,57,7240,False,0.0
Placebo,57,7937,True,0.22129364599115692
Placebo,57,8015,True,0.0
Placebo,57,8066,True,0.17711113726769742
Placebo,57,8202,True,0.3851604029506429
Placebo,57,8321,True,0.2452122677954328
Placebo,57,9222,True,0.09614715734857844
Placebo,57,9453,True,0.438949628814135
Placebo,57,73,True,0.0
Placebo,57,390,True,0.37455283891710617
Placebo,57,424,True,0.23230604393401819
Placebo,57,715,True,0.6896002600379505
Placebo,57,915,False,0.0
Placebo,57,1579,True,0.05486215600228704
Placebo,57,1643,True,0.0
Placebo,57,1679,True,0.5901810190442668
Placebo,57,1982,True,0.09478836436955075
Placebo,57,2027,True,0.22510483276093118
Placebo,57,2211,True,0.30657359638272924
Placebo,57,2228,True,0.3048237672892006
Placebo,57,2352,True,0.0
Placebo,57,2520,True,0.14410005584193936
Placebo,57,2573,True,0.3607790370815594
Placebo,57,2630,True,0.5231050120195512
Placebo,57,2666,True,0.21072297783565752
Placebo,57,2745,True,0.11844949445164477
Placebo,57,3149,True,0.19962889982330942
Placebo,57,3369,True,0.11077883033936134
Placebo,57,3617,True,0.09515663188532464
Placebo,57,3862,True,0.2644696363126313
Placebo,57,4124,True,0.2808891872439901
Placebo,57,4218,True,0.15232711917987013
Placebo,57,4268,True,0.14680724067937467
Placebo,57,4452,True,0.2830071606056447
Placebo,57,4522,True,0.21040846232931934
Placebo,57,4784,True,0.5436055932570466
Placebo,57,5139,False,0.0
Placebo,57,5438,True,0.0
Placebo,57,5565,True,0.18397246392903513
Placebo,57,5684,True,0.23619438017030536
Placebo,57,5775,True,0.1340402346263696
Placebo,57,6110,True,0.17907045092245477
Placebo,57,6488,True,0.22777213644529595
Placebo,57,6590,True,0.0
Placebo,57,6793,True,0.12092199990360368
Placebo,57,7090,True,0.20400787375019783
Placebo,57,7112,True,0.0
Placebo,57,7167,True,0.34258399691767305
Placebo,57,7287,True,0.4759302954511653
Placebo,57,7370,True,0.0
Placebo,57,7547,True,0.38043182501409656
Placebo,57,7589,True,0.0
Placebo,57,7622,True,0.11863812213797424
Placebo,57,7640,True,0.0
Placebo,57,7757,True,0.08495564252596027
Placebo,57,8162,True,0.4724719054970308
Placebo,57,8508,True,0.2398910907200171
Placebo,57,8597,True,0.5522049239885582
Placebo,57,8771,False,0.0
Placebo,57,288,True,0.46159920615833094
Placebo,57,635,True,0.23283360752088814
Placebo,57,654,True,0.16642878986595136
Placebo,57,699,True,0.5550801003848074
Placebo,57,743,True,0.466798683983155
Placebo,57,946,True,0.0
Placebo,57,976,False,0.0
Placebo,57,1144,True,0.5513564657694698
Placebo,57,1187,True,0.48873425879599497
Placebo,57,1384,True,0.20438239758848625
Placebo,57,1415,True,0.28793448899366336
Placebo,57,1443,True,0.44560667692801764
Placebo,57,1629,True,0.3130275051546266
Placebo,57,1684,True,0.07989569279756419
Placebo,57,1802,True,0.18748423754004498
Placebo,57,1914,True,0.6471864012386495
Placebo,57,2046,True,0.0
Placebo,57,2071,True,0.0
Placebo,57,2340,True,0.13743816645714546
Placebo,57,2749,True,0.39087272269905204
Placebo,57,3517,True,0.23252719223710833
Placebo,57,3758,True,0.0
Placebo,57,4110,True,0.25063291767094353
Placebo,57,4111,True,0.0
Placebo,57,4144,True,0.1278325345019925
Placebo,57,5021,True,0.2713405823382073
Placebo,57,5032,True,0.2232939335209386
Placebo,57,5096,True,0.0456095945744068
Placebo,57,5109,True,0.3800395525988096
Placebo,57,5114,True,0.0
Placebo,57,5977,True,0.0
Placebo,57,5984,True,0.13637679812807693
Placebo,57,6353,True,0.03668196104968005
Placebo,57,6373,True,0.0
Placebo,57,6539,True,0.0
Placebo,57,6554,True,0.47088840228108153
Placebo,57,6884,False,0.0
Placebo,57,6955,True,0.06543459486964727
Placebo,57,7020,True,0.2567642748750165
Placebo,57,7029,True,0.0
Placebo,57,7280,True,0.22201080770544096
Placebo,57,7394,True,0.0576901476090013
Placebo,57,7795,True,0.18854713505402199
Placebo,57,8108,True,0.07839826897867538
Placebo,57,8560,True,0.5438589779241914
Placebo,57,8632,True,0.1322167746642542
Placebo,57,8657,True,0.1287053805917958
Placebo,57,8777,True,0.5675232679144689
Placebo,57,9151,True,0.0
Placebo,57,9609,False,0.0
Placebo,58,102,True,0.6761945382678625
Placebo,58,314,True,0.41972312918825544
Placebo,58,1068,True,0.16181604600351082
Placebo,58,1525,True,0.4171983079685273
Placebo,58,1795,True,0.0
Placebo,58,1929,True,0.4982710309705437
Placebo,58,1931,True,0.18044559755853493
Placebo,58,1991,True,0.05317996833292039
Placebo,58,2528,True,0.37995250922664603
Placebo,58,2697,True,0.1264713513838286
Placebo,58,2834,True,0.3175842899578726
Placebo,58,2845,True,0.13526704758370514
Placebo,58,3031,True,0.19497419072341737
Placebo,58,3250,True,0.20974163072702173
Placebo,58,3308,True,0.0
Placebo,58,3402,True,0.21509181440989594
Placebo,58,3426,True,0.36121211352040195
Placebo,58,3449,True,0.11506126747919429
Placebo,58,3756,True,0.05666468097553575
Placebo,58,4141,True,0.47122995719847677
Placebo,58,4210,True,0.1395815711821706
Placebo,58,4516,True,0.0
Placebo,58,4692,True,0.0
Placebo,58,4700,False,0.0
Placebo,58,4910,False,0.0
Placebo,58,4962,False,0.0
Placebo,58,5275,True,0.17233131285655662
Placebo,58,5671,True,0.14108886409712107
Placebo,58,5683,True,0.24151280130592295
Placebo,58,6067,True,0.6349055370689453
Placebo,58,6378,True,0.3592739301038422
Placebo,58,6495,True,0.5333765831998211
Placebo,58,6868,True,0.21597206461045232
Placebo,58,6880,True,0.11286701689310927
Placebo,58,7144,True,0.1963586551401823
Placebo,58,7413,True,0.4578332830348094
Placebo,58,7526,True,0.3868528072345415
Placebo,58,7531,True,0.0
Placebo,58,7577,True,0.1809074917818078
Placebo,58,7621,True,0.23595549875921407
Placebo,58,8198,True,0.39369325387095705
Placebo,58,8442,True,0.0
Placebo,58,8452,True,0.2808262369778478
Placebo,58,8476,True,0.09671239733133316
Placebo,58,8541,True,0.4323372426184423
Placebo,58,8802,True,0.27800024181420374
Placebo,58,8816,True,0.0
Placebo,58,8852,False,0.0
Placebo,58,9099,True,0.07320952746749644
Placebo,58,9479,True,0.0
Placebo,58,9625,False,0.0
Placebo,58,96,True,0.0
Placebo,58,171,True,0.3180966944372578
Placebo,58,328,False,0.0
Placebo,58,387,True,0.0
Placebo,58,754,False,0.0
Placebo,58,983,True,0.09606775377360499
Placebo,58,1039,True,0.10241712375929543
Placebo,58,1098,True,0.3427598966236505
Placebo,58,1120,True,0.17714752793103528
Placebo,58,1275,True,0.41948815856077387
Placebo,58,1343,True,0.0
Placebo,58,1483,True,0.11043832260495096
Placebo,58,2005,True,0.36005461457723387
Placebo,58,2048,True,0.40752535453119265
Placebo,58,2379,True,0.5827276629931442
Placebo,58,2516,True,0.5810917623322377
Placebo,58,2601,True,0.048006707315012775
Placebo,58,3210,True,0.2881549070467342
Placebo,58,3601,False,0.0
Placebo,58,3729,True,0.45883981081765346
Placebo,58,3832,True,0.4262676795332864
Placebo,58,4104,True,0.2234451940601319
Placebo,58,4286,True,0.6051399156371955
Placebo,58,4329,True,0.0
Placebo,58,4553,True,0.45022812834528536
Placebo,58,4790,True,0.0
Placebo,58,4844,True,0.0
Placebo,58,4994,True,0.0
Placebo,58,5020,True,0.4996763651043109
Placebo,58,5293,True,0.11794603724483621
Placebo,58,5338,True,0.2780002796796115
Placebo,58,5343,True,0.29578648599508117
Placebo,58,5464,True,0.0
Placebo,58,5560,True,0.5317135964257679
Placebo,58,5719,True,0.08036018528064796
Placebo,58,6055,True,0.0
Placebo,58,6121,True,0.5044619534965142
Placebo,58,6128,True,0.4092786337680477
Placebo,58,6197,True,0.05683075013322683
Placebo,58,6336,True,0.22609314176015166
Placebo,58,6577,True,0.3577784175508184
Placebo,58,6717,True,0.0
Placebo,58,6906,False,0.0
Placebo,58,8550,True,0.0
Placebo,58,8576,True,0.2506955534560584
Placebo,58,8790,False,0.0
Placebo,58,8840,False,0.0
Placebo,58,8878,True,0.0
Placebo,58,9337,True,0.0
Placebo,58,9501,True,0.5414047475491648
Placebo,58,9512,False,0.0
Placebo,58,45,True,0.0
Placebo,58,199,True,0.5654648767857287
Placebo,58,458,True,0.4065111722855212
Placebo,58,564,True,0.5671257720124699
Placebo,58,717,True,0.0
Placebo,58,1109,True,0.7079598383254848
Placebo,58,1576,True,0.15232257932946244
Placebo,58,1711,True,0.0
Placebo,58,1868,True,0.0
Placebo,58,1942,True,0.2548346710074145
Placebo,58,2001,True,0.08097835992217972
Placebo,58,2217,True,0.0
Placebo,58,2354,True,0.309761730192848
Placebo,58,2761,True,0.11284514134893517
Placebo,58,2980,True,0.0
Placebo,58,3021,True,0.14264477126213324
Placebo,58,3030,True,0.09635494210596254
Placebo,58,3046,True,0.0
Placebo,58,3050,True,0.46660110665933
Placebo,58,3288,True,0.14964779988801852
Placebo,58,3302,True,0.3617722696936469
Placebo,58,3794,True,1.0
Placebo,58,3920,True,0.2682479531761714
Placebo,58,3965,True,0.21434997322283647
Placebo,58,4193,True,0.0
Placebo,58,4294,True,0.06673768929853467
Placebo,58,4383,True,0.19388538544807463
Placebo,58,4474,True,0.1399007025505661
Placebo,58,5068,True,0.120013679648517
Placebo,58,5258,True,0.06993108739817402
Placebo,58,5306,True,0.5111925308827875
Placebo,58,5323,True,0.07007173210920999
Placebo,58,5421,True,0.45194417227856754
Placebo,58,5766,True,0.4638425759524145
Placebo,58,5877,True,0.05854439592831935
Placebo,58,5887,True,0.17147865513618257
Placebo,58,6126,True,0.5
Placebo,58,6190,True,0.40557665593334086
Placebo,58,6224,True,0.31879392588472627
Placebo,58,6465,True,0.0
Placebo,58,6853,True,0.0
Placebo,58,6949,True,0.7092288827855648
Placebo,58,7107,True,0.0
Placebo,58,7240,False,0.0
Placebo,58,7937,True,0.5371587826850107
Placebo,58,8015,True,0.0
Placebo,58,8066,True,0.22238061574023069
Placebo,58,8202,True,0.33843480737579096
Placebo,58,8321,True,0.3109474305050482
Placebo,58,9222,True,0.0
Placebo,58,9453,True,0.554317353430778
Placebo,58,73,True,0.0
Placebo,58,390,True,0.2935368132109026
Placebo,58,424,True,0.0
Placebo,58,715,True,0.47955483755365413
Placebo,58,915,False,0.0
Placebo,58,1579,True,0.1897918771409239
Placebo,58,1643,True,0.0
Placebo,58,1679,True,0.20039253470050378
Placebo,58,1982,True,0.28634598975246917
Placebo,58,2027,True,0.24733918596168292
Placebo,58,2211,True,0.30657359638272924
Placebo,58,2228,True,0.05068557714602342
Placebo,58,2352,True,0.35620718710802235
Placebo,58,2520,True,0.12741733550370726
Placebo,58,2573,True,0.0
Placebo,58,2630,True,0.2732311716370021
Placebo,58,2666,True,0.21836974929469327
Placebo,58,2745,True,0.16385718147311448
Placebo,58,3149,True,0.32091093834343776
Placebo,58,3369,True,0.17357805484194316
Placebo,58,3617,True,0.1454012159866734
Placebo,58,3862,True,0.05690937110282942
Placebo,58,4124,True,0.26373591217699993
Placebo,58,4218,True,0.20214145718713256
Placebo,58,4268,True,0.27863274528761095
Placebo,58,4452,True,0.0
Placebo,58,4522,True,0.34253935800801477
Placebo,58,4784,True,0.6317023777612064
Placebo,58,5139,False,0.0
Placebo,58,5438,True,0.1474737286008475
Placebo,58,5565,True,0.0
Placebo,58,5684,True,0.04510157879202123
Placebo,58,5775,True,0.31498561273834325
Placebo,58,6110,True,0.35814090184490954
Placebo,58,6488,True,0.4260967530293621
Placebo,58,6590,True,0.0
Placebo,58,6793,True,0.09359072962204817
Placebo,58,7090,True,0.27109930852231695
Placebo,58,7112,True,0.0
Placebo,58,7167,True,0.6097754241795877
Placebo,58,7287,True,0.3098035054684373
Placebo,58,7370,True,0.0
Placebo,58,7547,True,0.4642098656214961
Placebo,58,7589,True,0.0
Placebo,58,7622,True,0.2043666266812865
Placebo,58,7640,True,0.0
Placebo,58,7757,True,0.16991128505192055
Placebo,58,8162,True,0.6582309076920645
Placebo,58,8508,True,0.17723928678404763
Placebo,58,8597,True,0.31909525063956645
Placebo,58,8771,False,0.0
Placebo,58,288,True,0.4594046989518648
Placebo,58,635,True,0.20458259122091146
Placebo,58,654,True,0.0869445126078976
Placebo,58,699,True,0.24441461091248773
Placebo,58,743,True,0.15580761974831464
Placebo,58,946,True,0.0
Placebo,58,976,False,0.0
Placebo,58,1144,True,0.4609515278880824
Placebo,58,1187,True,0.0795475739683538
Placebo,58,1384,True,0.0
Placebo,58,1415,True,0.12987501165334064
Placebo,58,1443,True,0.44429921119438553
Placebo,58,1629,True,0.15101961822780524
Placebo,58,1684,True,0.11785313334300485
Placebo,58,1802,True,0.19930777514966555
Placebo,58,1914,True,0.35173260014632507
Placebo,58,2046,True,0.13012668333070063
Placebo,58,2071,True,0.34845906590102727
Placebo,58,2340,True,0.09162544430476369
Placebo,58,2749,True,0.23482652627496467
Placebo,58,3517,True,0.08421358772610599
Placebo,58,3758,True,0.10699313236726382
Placebo,58,4110,True,0.23719771276929624
Placebo,58,4111,True,0.0
Placebo,58,4144,True,0.0
Placebo,58,5021,True,0.20736755913902155
Placebo,58,5032,True,0.3270715723370266
Placebo,58,5096,True,0.4141901236201143
Placebo,58,5109,True,0.2586816813700686
Placebo,58,5114,True,0.0
Placebo,58,5977,True,0.0
Placebo,58,5984,True,0.14704034066641017
Placebo,58,6353,True,0.15916977447968597
Placebo,58,6373,True,0.12737140874229597
Placebo,58,6539,True,0.0
Placebo,58,6554,True,0.4256628105513781
Placebo,58,6884,False,0.0
Placebo,58,6955,True,0.0
Placebo,58,7020,True,0.7433314370797417
Placebo,58,7029,True,0.3775503542495806
Placebo,58,7280,True,0.0
Placebo,58,7394,True,0.23714724654427616
Placebo,58,7795,True,0.5456950247729738
Placebo,58,8108,True,0.031810394099475836
Placebo,58,8560,True,0.3659549071322415
Placebo,58,8632,True,0.19096009523879817
Placebo,58,8657,True,0.08421358772610599
Placebo,58,8777,True,0.4204032001719188
Placebo,58,9151,True,0.0
Placebo,58,9609,False,0.0
Placebo,59,102,True,0.6919732513111914
Placebo,59,314,True,0.2425954201457677
Placebo,59,1068,True,0.23123102661517655
Placebo,59,1525,True,0.10099631552022688
Placebo,59,1795,True,0.37750106386782867
Placebo,59,1929,True,0.52058974748746
Placebo,59,1931,True,0.0
Placebo,59,1991,True,0.30004616525971506
Placebo,59,2528,True,0.406772637374262
Placebo,59,2697,True,0.17215439506153474
Placebo,59,2834,True,0.3228753636525362
Placebo,59,2845,True,0.2988089400106305
Placebo,59,3031,True,0.08209585309454726
Placebo,59,3250,True,0.36100028977099613
Placebo,59,3308,True,0.638787886479598
Placebo,59,3402,True,0.1278325345019925
Placebo,59,3426,True,0.0
Placebo,59,3449,True,0.1839291934274551
Placebo,59,3756,True,0.2339765298523359
Placebo,59,4141,True,0.5782742400466457
Placebo,59,4210,True,0.0
Placebo,59,4516,True,0.32739495038873945
Placebo,59,4692,True,0.5
Placebo,59,4700,False,0.0
Placebo,59,4910,False,0.0
Placebo,59,4962,False,0.0
Placebo,59,5275,True,0.2372960757806837
Placebo,59,5671,True,0.14429776948862216
Placebo,59,5683,True,0.6265098702150516
Placebo,59,6067,True,0.36922146970603903
Placebo,59,6378,True,0.10975592270253431
Placebo,59,6495,True,0.35828493265616035
Placebo,59,6868,True,0.5169179845299319
Placebo,59,6880,True,0.295283159364735
Placebo,59,7144,True,0.10946940281511319
Placebo,59,7413,True,0.3039840697627581
Placebo,59,7526,True,0.0
Placebo,59,7531,True,0.0
Placebo,59,7577,True,0.0
Placebo,59,7621,True,0.0
Placebo,59,8198,True,0.2881621592536206
Placebo,59,8442,True,0.12737140874229597
Placebo,59,8452,True,0.41058223025200935
Placebo,59,8476,True,0.09515663188532464
Placebo,59,8541,True,0.45151628865018323
Placebo,59,8802,True,0.21649988245062435
Placebo,59,8816,True,0.2197017206493535
Placebo,59,8852,False,0.0
Placebo,59,9099,True,0.0
Placebo,59,9479,True,0.0
Placebo,59,9625,False,0.0
Placebo,59,96,True,0.6131471927654585
Placebo,59,171,True,0.39325353429652227
Placebo,59,328,False,0.0
Placebo,59,387,True,0.07809742170892058
Placebo,59,754,False,0.0
Placebo,59,983,True,0.1644024985805875
Placebo,59,1039,True,0.2543205247420072
Placebo,59,1098,True,0.17508717115004857
Placebo,59,1120,True,0.19360380123621987
Placebo,59,1275,True,0.4823575955149721
Placebo,59,1343,True,0.3010299956639808
Placebo,59,1483,True,0.06017177966564497
Placebo,59,2005,True,0.13120507751234178
Placebo,59,2048,True,0.36989481146345016
Placebo,59,2379,True,0.2571559169646227
Placebo,59,2516,True,0.6787274358713163
Placebo,59,2601,True,0.3352260590975003
Placebo,59,3210,True,0.2293107742562679
Placebo,59,3601,False,0.0
Placebo,59,3729,True,0.1702490258505032
Placebo,59,3832,True,0.3938970096027005
Placebo,59,4104,True,0.1383518862094005
Placebo,59,4286,True,0.5399994293203304
Placebo,59,4329,True,0.0
Placebo,59,4553,True,0.15232257932946244
Placebo,59,4790,True,0.0
Placebo,59,4844,True,0.0
Placebo,59,4994,True,0.10646464774659972
Placebo,59,5020,True,0.4438083652271337
Placebo,59,5293,True,0.08707562656251236
Placebo,59,5338,True,0.42322997911998383
Placebo,59,5343,True,0.13515731523572191
Placebo,59,5464,True,0.32470874310214165
Placebo,59,5560,True,0.22352210227816963
Placebo,59,5719,True,0.16842717545221186
Placebo,59,6055,True,0.0
Placebo,59,6121,True,0.43467445074407457
Placebo,59,6128,True,0.0
Placebo,59,6197,True,0.12854317248690256
Placebo,59,6336,True,0.10882578227519947
Placebo,59,6577,True,0.33834672652983966
Placebo,59,6717,True,0.0
Placebo,59,6906,False,0.0
Placebo,59,8550,True,0.0
Placebo,59,8576,True,0.37669773261296935
Placebo,59,8790,False,0.0
Placebo,59,8840,False,0.0
Placebo,59,8878,True,0.38685280723454163
Placebo,59,9337,True,0.08442111803551772
Placebo,59,9501,True,0.249636067884735
Placebo,59,9512,False,0.0
Placebo,59,45,True,0.0
Placebo,59,199,True,0.6309297535714573
Placebo,59,458,True,0.403503367243336
Placebo,59,564,True,0.7495795655173474
Placebo,59,717,True,0.0
Placebo,59,1109,True,0.5910161137362218
Placebo,59,1576,True,0.08478905019642406
Placebo,59,1711,True,0.0
Placebo,59,1868,True,0.0
Placebo,59,1942,True,0.08764819388415157
Placebo,59,2001,True,0.16195671984435944
Placebo,59,2217,True,0.07320952746749644
Placebo,59,2354,True,0.2293019744511159
Placebo,59,2761,True,0.12315119437036504
Placebo,59,2980,True,0.0
Placebo,59,3021,True,0.20755719613553264
Placebo,59,3030,True,0.0
Placebo,59,3046,True,0.0
Placebo,59,3050,True,0.559301083694556
Placebo,59,3288,True,0.21716822263967395
Placebo,59,3302,True,0.1509512770246406
Placebo,59,3794,True,0.4306765580733929
Placebo,59,3920,True,0.32840997942710426
Placebo,59,3965,True,0.3945199052232681
Placebo,59,4193,True,0.4796249331362628
Placebo,59,4294,True,0.13465079090548113
Placebo,59,4383,True,0.3176339158448235
Placebo,59,4474,True,0.10232684867015737
Placebo,59,5068,True,0.26100844455108374
Placebo,59,5258,True,0.0774353479780061
Placebo,59,5306,True,0.7156879437094558
Placebo,59,5323,True,0.15589015713893287
Placebo,59,5421,True,0.4061037340495518
Placebo,59,5766,True,0.2938988725900122
Placebo,59,5877,True,0.0
Placebo,59,5887,True,0.3426305315322219
Placebo,59,6126,True,0.0
Placebo,59,6190,True,0.3940382195073769
Placebo,59,6224,True,0.20969899994409907
Placebo,59,6465,True,0.0
Placebo,59,6853,True,0.33397757913291787
Placebo,59,6949,True,0.5580759111248788
Placebo,59,7107,True,0.0
Placebo,59,7240,False,0.0
Placebo,59,7937,True,0.3216124240792241
Placebo,59,8015,True,0.0
Placebo,59,8066,True,0.2526445643843304
Placebo,59,8202,True,0.13619621413991742
Placebo,59,8321,True,0.2532188780252747
Placebo,59,9222,True,0.0
Placebo,59,9453,True,0.5405750499862719
Placebo,59,73,True,0.0
Placebo,59,390,True,0.4577513415966248
Placebo,59,424,True,0.0
Placebo,59,715,True,0.7356602852463237
Placebo,59,915,False,0.0
Placebo,59,1579,True,0.11974534227438742
Placebo,59,1643,True,0.0
Placebo,59,1679,True,0.3759669983933726
Placebo,59,1982,True,0.08658334110222708
Placebo,59,2027,True,0.21434997322283647
Placebo,59,2211,True,0.30657359638272924
Placebo,59,2228,True,0.03817796803046297
Placebo,59,2352,True,1.0
Placebo,59,2520,True,0.27053409516741017
Placebo,59,2573,True,0.0
Placebo,59,2630,True,0.5148328995708732
Placebo,59,2666,True,0.16163869708022274
Placebo,59,2745,True,0.0
Placebo,59,3149,True,0.14567586232862265
Placebo,59,3369,True,0.4061785808853311
Placebo,59,3617,True,0.35326084801306395
Placebo,59,3862,True,0.0
Placebo,59,4124,True,0.26099508695369916
Placebo,59,4218,True,0.0
Placebo,59,4268,True,0.21412830577381883
Placebo,59,4452,True,0.2159422931258126
Placebo,59,4522,True,0.12551654829574888
Placebo,59,4784,True,0.5744718464417689
Placebo,59,5139,False,0.0
Placebo,59,5438,True,0.10644692083071636
Placebo,59,5565,True,0.11076246003769862
Placebo,59,5684,True,0.16440857265183934
Placebo,59,5775,True,0.09019475927038985
Placebo,59,6110,True,0.0
Placebo,59,6488,True,0.0
Placebo,59,6590,True,0.0
Placebo,59,6793,True,0.09680190061810993
Placebo,59,7090,True,0.0670201173131848
Placebo,59,7112,True,0.11518062305268108
Placebo,59,7167,True,0.5723610186795135
Placebo,59,7287,True,0.34133942302286646
Placebo,59,7370,True,0.0
Placebo,59,7547,True,0.06362078819895167
Placebo,59,7589,True,0.0
Placebo,59,7622,True,0.11415735294709814
Placebo,59,7640,True,0.0
Placebo,59,7757,True,0.10720208520681786
Placebo,59,8162,True,0.3555625945328884
Placebo,59,8508,True,0.0
Placebo,59,8597,True,0.43925369343042486
Placebo,59,8771,False,0.0
Placebo,59,288,True,0.6133512609988991
Placebo,59,635,True,0.35455175378537
Placebo,59,654,True,0.07191071742813421
Placebo,59,699,True,0.3718539573761157
Placebo,59,743,True,0.2824803790217977
Placebo,59,946,True,0.0
Placebo,59,976,False,0.0
Placebo,59,1144,True,0.7331658858332114
Placebo,59,1187,True,0.16854792727224094
Placebo,59,1384,True,0.20438239758848625
Placebo,59,1415,True,0.4690000933206748
Placebo,59,1443,True,0.3302288768634731
Placebo,59,1629,True,0.2691828628414763
Placebo,59,1684,True,0.0
Placebo,59,1802,True,0.26357069554147117
Placebo,59,1914,True,0.4468850124477883
Placebo,59,2046,True,0.0
Placebo,59,2071,True,0.11615302196700909
Placebo,59,2340,True,0.11838279295536289
Placebo,59,2749,True,0.25003325374250196
Placebo,59,3517,True,0.5543079630574064
Placebo,59,3758,True,0.16958010263680806
Placebo,59,4110,True,0.4399916981172979
Placebo,59,4111,True,0.0
Placebo,59,4144,True,0.2466896173354247
Placebo,59,5021,True,0.23424716073648405
Placebo,59,5032,True,0.17421003600171187
Placebo,59,5096,True,0.44643794683840193
Placebo,59,5109,True,0.2229283945188521
Placebo,59,5114,True,0.20151514190050243
Placebo,59,5977,True,0.0
Placebo,59,5984,True,0.3800937667159343
Placebo,59,6353,True,0.23571041016366034
Placebo,59,6373,True,0.07898421724831746
Placebo,59,6539,True,0.0
Placebo,59,6554,True,0.43854368995845194
Placebo,59,6884,False,0.0
Placebo,59,6955,True,0.0
Placebo,59,7020,True,0.36155054764459726
Placebo,59,7029,True,0.12073824104092297
Placebo,59,7280,True,0.21292929549319944
Placebo,59,7394,True,0.0
Placebo,59,7795,True,0.2573104703643246
Placebo,59,8108,True,0.25206494032666715
Placebo,59,8560,True,0.4433397898459829
Placebo,59,8632,True,0.06673768929853467
Placebo,59,8657,True,0.0
Placebo,59,8777,True,0.595845923452053
Placebo,59,9151,True,0.0
Placebo,59,9609,False,0.0
Placebo,60,102,True,0.8100911817528494
Placebo,60,314,True,0.15361183441438817
Placebo,60,1068,True,0.45026534278900776
Placebo,60,1525,True,0.04236776600349701
Placebo,60,1795,True,0.4011206741006702
Placebo,60,1929,True,0.21316567543923118
Placebo,60,1931,True,0.1925550021173839
Placebo,60,1991,True,0.11607370133068003
Placebo,60,2528,True,0.5144073370272022
Placebo,60,2697,True,0.07979453856244821
Placebo,60,2834,True,0.46168738144969634
Placebo,60,2845,True,0.07671287990839397
Placebo,60,3031,True,0.285194220291772
Placebo,60,3250,True,0.1507293225816052
Placebo,60,3308,True,0.638787886479598
Placebo,60,3402,True,0.11713471800758483
Placebo,60,3426,True,0.0
Placebo,60,3449,True,0.20457656914764036
Placebo,60,3756,True,0.24204579688352232
Placebo,60,4141,True,0.3842895323247861
Placebo,60,4210,True,0.3372421413221591
Placebo,60,4516,True,0.29408068133282034
Placebo,60,4692,True,0.0
Placebo,60,4700,False,0.0
Placebo,60,4910,False,0.0
Placebo,60,4962,False,0.0
Placebo,60,5275,True,0.13459609419756352
Placebo,60,5671,True,0.14074267220463055
Placebo,60,5683,True,0.8290415775053094
Placebo,60,6067,True,0.6046639818143489
Placebo,60,6378,True,0.34551501704406445
Placebo,60,6495,True,0.26081081138047113
Placebo,60,6868,True,0.47538675086050813
Placebo,60,6880,True,0.2329091196469066
Placebo,60,7144,True,0.10507722995177482
Placebo,60,7413,True,0.35824851296247007
Placebo,60,7526,True,0.1934264036172709
Placebo,60,7531,True,0.0
Placebo,60,7577,True,0.17723928678404763
Placebo,60,7621,True,0.11768826558093264
Placebo,60,8198,True,0.41161369292021754
Placebo,60,8442,True,0.06368570437114804
Placebo,60,8452,True,0.27523681137905154
Placebo,60,8476,True,0.15382020752221182
Placebo,60,8541,True,0.43303143439941444
Placebo,60,8802,True,0.531763594110419
Placebo,60,8816,True,0.0
Placebo,60,8852,False,0.0
Placebo,60,9099,True,0.07320952746749644
Placebo,60,9479,True,0.0
Placebo,60,9625,False,0.0
Placebo,60,96,True,0.23719771276929624
Placebo,60,171,True,0.19472342831479
Placebo,60,328,False,0.0
Placebo,60,387,True,0.15063021697904563
Placebo,60,754,False,0.0
Placebo,60,983,True,0.25273268448054376
Placebo,60,1039,True,0.25399565259762236
Placebo,60,1098,True,0.37550501949439014
Placebo,60,1120,True,0.2807721888661444
Placebo,60,1275,True,0.22348942040846162
Placebo,60,1343,True,0.0
Placebo,60,1483,True,0.372111179747909
Placebo,60,2005,True,0.2139862647345275
Placebo,60,2048,True,0.38076189023096346
Placebo,60,2379,True,0.6684628190794677
Placebo,60,2516,True,0.4462385155086371
Placebo,60,2601,True,0.13715116976643174
Placebo,60,3210,True,0.4067839980994466
Placebo,60,3601,False,0.0
Placebo,60,3729,True,0.22622465857242655
Placebo,60,3832,True,0.4220949603708208
Placebo,60,4104,True,0.09988280114199441
Placebo,60,4286,True,0.30344968843082193
Placebo,60,4329,True,0.0
Placebo,60,4553,True,0.15232257932946244
Placebo,60,4790,True,0.0
Placebo,60,4844,True,0.0
Placebo,60,4994,True,0.0
Placebo,60,5020,True,0.12531392676069636
Placebo,60,5293,True,0.08427984475150933
Placebo,60,5338,True,0.6023253369661467
Placebo,60,5343,True,0.07739586130269363
Placebo,60,5464,True,0.15475077614760807
Placebo,60,5560,True,0.0826147724924763
Placebo,60,5719,True,0.042106793863052994
Placebo,60,6055,True,0.32739495038873945
Placebo,60,6121,True,0.6107476013001069
Placebo,60,6128,True,0.16842717545221186
Placebo,60,6197,True,0.0761536141498091
Placebo,60,6336,True,0.22088503774376758
Placebo,60,6577,True,0.44590573262394345
Placebo,60,6717,True,0.0
Placebo,60,6906,False,0.0
Placebo,60,8550,True,0.0
Placebo,60,8576,True,0.3676002040449197
Placebo,60,8790,False,0.0
Placebo,60,8840,False,0.0
Placebo,60,8878,True,0.0
Placebo,60,9337,True,0.25326335410655304
Placebo,60,9501,True,0.28978466448147144
Placebo,60,9512,False,0.0
Placebo,60,45,True,0.10909563842042834
Placebo,60,199,True,0.0
Placebo,60,458,True,0.5611593728702294
Placebo,60,564,True,0.7740675795170285
Placebo,60,717,True,0.0
Placebo,60,1109,True,0.5985878680251341
Placebo,60,1576,True,0.12421371338458444
Placebo,60,1711,True,0.0
Placebo,60,1868,True,0.0
Placebo,60,1942,True,0.2875505357509763
Placebo,60,2001,True,0.05253861497588741
Placebo,60,2217,True,0.3195827711902565
Placebo,60,2354,True,0.4853840425475696
Placebo,60,2761,True,0.2429718246796358
Placebo,60,2980,True,0.0
Placebo,60,3021,True,0.21349657681656145
Placebo,60,3030,True,0.0
Placebo,60,3046,True,0.2501284030859872
Placebo,60,3050,True,0.550539418053571
Placebo,60,3288,True,0.3471293825290379
Placebo,60,3302,True,0.0889835857313796
Placebo,60,3794,True,0.0
Placebo,60,3920,True,0.3273768882433776
Placebo,60,3965,True,0.021654453423191035
Placebo,60,4193,True,0.2707842629583516
Placebo,60,4294,True,0.0771660742637523
Placebo,60,4383,True,0.0
Placebo,60,4474,True,0.05702624069545463
Placebo,60,5068,True,0.1914187870842558
Placebo,60,5258,True,0.016787876560595636
Placebo,60,5306,True,0.4966275756685272
Placebo,60,5323,True,0.24924696274287977
Placebo,60,5421,True,0.5210615971850195
Placebo,60,5766,True,0.15642994926925588
Placebo,60,5877,True,0.04849248715871795
Placebo,60,5887,True,0.4499741685752584
Placebo,60,6126,True,0.35620718710802235
Placebo,60,6190,True,0.2680273193684781
Placebo,60,6224,True,0.214192716054206
Placebo,60,6465,True,0.0
Placebo,60,6853,True,0.19368316024561852
Placebo,60,6949,True,0.23561034379970067
Placebo,60,7107,True,0.0
Placebo,60,7240,False,0.0
Placebo,60,7937,True,0.5072380780124418
Placebo,60,8015,True,0.0
Placebo,60,8066,True,0.14821170701121933
Placebo,60,8202,True,0.250711634865687
Placebo,60,8321,True,0.22761195399797501
Placebo,60,9222,True,0.0
Placebo,60,9453,True,0.5757398856343414
Placebo,60,73,True,0.315852758253183
Placebo,60,390,True,0.10414683290516591
Placebo,60,424,True,0.0
Placebo,60,715,True,0.5881500533017145
Placebo,60,915,False,0.0
Placebo,60,1579,True,0.0
Placebo,60,1643,True,0.0
Placebo,60,1679,True,0.1842756784778238
Placebo,60,1982,True,0.20365873979554858
Placebo,60,2027,True,0.3757453621234517
Placebo,60,2211,True,0.26406812257259077
Placebo,60,2228,True,0.31652735906038204
Placebo,60,2352,True,0.0
Placebo,60,2520,True,0.0
Placebo,60,2573,True,0.17806915746298954
Placebo,60,2630,True,0.4420985392809375
Placebo,60,2666,True,0.08447695052975515
Placebo,60,2745,True,0.22865069741372276
Placebo,60,3149,True,0.19427402130038926
Placebo,60,3369,True,0.17578126897804883
Placebo,60,3617,True,0.2259008685417892
Placebo,60,3862,True,0.0
Placebo,60,4124,True,0.3064156700588707
Placebo,60,4218,True,0.34702431745165246
Placebo,60,4268,True,0.37147130351757973
Placebo,60,4452,True,0.05398557328145317
Placebo,60,4522,True,0.3426450291217876
Placebo,60,4784,True,0.6058826164593183
Placebo,60,5139,False,0.0
Placebo,60,5438,True,0.12669074888309206
Placebo,60,5565,True,0.06132415464301173
Placebo,60,5684,True,0.166992555715852
Placebo,60,5775,True,0.2675394542370207
Placebo,60,6110,True,0.0
Placebo,60,6488,True,0.0
Placebo,60,6590,True,0.0
Placebo,60,6793,True,0.39840945453616666
Placebo,60,7090,True,0.0
Placebo,60,7112,True,0.0
Placebo,60,7167,True,0.4149859690216811
Placebo,60,7287,True,0.3570005023456618
Placebo,60,7370,True,0.05937814299527173
Placebo,60,7547,True,0.31488013066763093
Placebo,60,7589,True,0.0
Placebo,60,7622,True,0.27336396223914816
Placebo,60,7640,True,0.0
Placebo,60,7757,True,0.08495564252596027
Placebo,60,8162,True,0.32658862014865064
Placebo,60,8508,True,0.4449756143543986
Placebo,60,8597,True,0.3304965953417301
Placebo,60,8771,False,0.0
Placebo,60,288,True,0.34508730069500004
Placebo,60,635,True,0.3345686054796345
Placebo,60,654,True,0.0869445126078976
Placebo,60,699,True,0.1918165764591883
Placebo,60,743,True,0.3443121175435297
Placebo,60,946,True,0.28906482631788766
Placebo,60,976,False,0.0
Placebo,60,1144,True,0.5068182719695941
Placebo,60,1187,True,0.40327293041202694
Placebo,60,1384,True,0.0
Placebo,60,1415,True,0.16102421318063875
Placebo,60,1443,True,0.41053273406282015
Placebo,60,1629,True,0.13012668333070063
Placebo,60,1684,True,0.2330009130626247
Placebo,60,1802,True,0.08421358772610593
Placebo,60,1914,True,0.343731547172426
Placebo,60,2046,True,0.0
Placebo,60,2071,True,0.0
Placebo,60,2340,True,0.08916963639944173
Placebo,60,2749,True,0.18063158777894614
Placebo,60,3517,True,0.0865985867287428
Placebo,60,3758,True,0.0
Placebo,60,4110,True,0.2113949172033253
Placebo,60,4111,True,0.0
Placebo,60,4144,True,0.12198323851117018
Placebo,60,5021,True,0.3872360699070873
Placebo,60,5032,True,0.6520897121358141
Placebo,60,5096,True,0.07964640597586058
Placebo,60,5109,True,0.2177373727875337
Placebo,60,5114,True,0.40303028380100486
Placebo,60,5977,True,0.0
Placebo,60,5984,True,0.11441962494640383
Placebo,60,6353,True,0.4330428245809534
Placebo,60,6373,True,0.06077160635453517
Placebo,60,6539,True,0.0
Placebo,60,6554,True,0.5191514679449907
Placebo,60,6884,False,0.0
Placebo,60,6955,True,0.0
Placebo,60,7020,True,0.3679703966100428
Placebo,60,7029,True,0.07578926441916349
Placebo,60,7280,True,0.0
Placebo,60,7394,True,0.17754797463144584
Placebo,60,7795,True,0.5873331303968753
Placebo,60,8108,True,0.14876390584057267
Placebo,60,8560,True,0.3038343684094747
Placebo,60,8632,True,0.3244354738358675
Placebo,60,8657,True,0.15707622714651068
Placebo,60,8777,True,0.46728112250737824
Placebo,60,9151,True,0.0
Placebo,60,9609,False,0.0
Placebo,61,102,True,0.7963858533552498
Placebo,61,314,True,0.16699459724651258
Placebo,61,1068,True,0.2594978028477754
Placebo,61,1525,True,0.1695079653192465
Placebo,61,1795,True,0.29915315189406805
Placebo,61,1929,True,0.47680709758685735
Placebo,61,1931,True,0.14446994723681528
Placebo,61,1991,True,0.05803685066534001
Placebo,61,2528,True,0.5800601656190016
Placebo,61,2697,True,0.1595890771248963
Placebo,61,2834,True,0.3589542101716347
Placebo,61,2845,True,0.32253220701087104
Placebo,61,3031,True,0.08427984475150933
Placebo,61,3250,True,0.08097835992217972
Placebo,61,3308,True,0.319393943239799
Placebo,61,3402,True,0.0
Placebo,61,3426,True,0.0
Placebo,61,3449,True,0.1671857999458645
Placebo,61,3756,True,0.05478496602275216
Placebo,61,4141,True,0.624232247406789
Placebo,61,4210,True,0.17625026975003613
Placebo,61,4516,True,0.3800937667159343
Placebo,61,4692,True,0.0
Placebo,61,4700,False,0.0
Placebo,61,4910,False,0.0
Placebo,61,4962,False,0.0
Placebo,61,5275,True,0.11381311447980796
Placebo,61,5671,True,0.04852388772014405
Placebo,61,5683,True,0.3402149936283817
Placebo,61,6067,True,0.6257219375527766
Placebo,61,6378,True,0.2352780584813809
Placebo,61,6495,True,0.36876996532857853
Placebo,61,6868,True,0.46558261637232873
Placebo,61,6880,True,0.24715161731376664
Placebo,61,7144,True,0.22461013156664808
Placebo,61,7413,True,0.3228145907020707
Placebo,61,7526,True,0.0
Placebo,61,7531,True,0.0
Placebo,61,7577,True,0.0
Placebo,61,7621,True,0.5015708535452581
Placebo,61,8198,True,0.39282833744698276
Placebo,61,8442,True,0.06729296884018869
Placebo,61,8452,True,0.24475283454802788
Placebo,61,8476,True,0.06779095235709008
Placebo,61,8541,True,0.7087703257456355
Placebo,61,8802,True,0.14656879505245032
Placebo,61,8816,True,0.0
Placebo,61,8852,False,0.0
Placebo,61,9099,True,0.0
Placebo,61,9479,True,0.10075757095025129
Placebo,61,9625,False,0.0
Placebo,61,96,True,0.0
Placebo,61,171,True,0.31602734693510204
Placebo,61,328,False,0.0
Placebo,61,387,True,0.1592955443108955
Placebo,61,754,False,0.0
Placebo,61,983,True,0.1183730142055042
Placebo,61,1039,True,0.31307227593226916
Placebo,61,1098,True,0.07362322034364345
Placebo,61,1120,True,0.20220823907830307
Placebo,61,1275,True,0.17853823829819598
Placebo,61,1343,True,0.0
Placebo,61,1483,True,0.05398557328145317
Placebo,61,2005,True,0.26687965254220064
Placebo,61,2048,True,0.4602385240252513
Placebo,61,2379,True,0.7818942288451128
Placebo,61,2516,True,0.4668411256592128
Placebo,61,2601,True,0.08494489033580488
Placebo,61,3210,True,0.3542143979716575
Placebo,61,3601,False,0.0
Placebo,61,3729,True,0.21008547471665256
Placebo,61,3832,True,0.6747528224485714
Placebo,61,4104,True,0.09020315758404246
Placebo,61,4286,True,0.417422197334163
Placebo,61,4329,True,0.0
Placebo,61,4553,True,0.0
Placebo,61,4790,True,0.0
Placebo,61,4844,True,0.0
Placebo,61,4994,True,0.0
Placebo,61,5020,True,0.3154822704091911
Placebo,61,5293,True,0.281245909492015
Placebo,61,5338,True,0.625284162303952
Placebo,61,5343,True,0.035331264752359905
Placebo,61,5464,True,0.20544918463387044
Placebo,61,5560,True,0.20935494314533334
Placebo,61,5719,True,0.31966547583059396
Placebo,61,6055,True,0.22883924989280766
Placebo,61,6121,True,0.3896281192930762
Placebo,61,6128,True,0.13347537859706934
Placebo,61,6197,True,0.22732300053290733
Placebo,61,6336,True,0.21553965412899023
Placebo,61,6577,True,0.638738414941525
Placebo,61,6717,True,0.0
Placebo,61,6906,False,0.0
Placebo,61,8550,True,0.0
Placebo,61,8576,True,0.22007396532581214
Placebo,61,8790,False,0.0
Placebo,61,8840,False,0.0
Placebo,61,8878,True,1.0
Placebo,61,9337,True,0.0
Placebo,61,9501,True,0.34276376438215006
Placebo,61,9512,False,0.0
Placebo,61,45,True,0.23030334816038564
Placebo,61,199,True,0.5
Placebo,61,458,True,0.47740222919824804
Placebo,61,564,True,0.5134599611018921
Placebo,61,717,True,0.0
Placebo,61,1109,True,0.5525922543939968
Placebo,61,1576,True,0.37264114015375344
Placebo,61,1711,True,0.0
Placebo,61,1868,True,0.0
Placebo,61,1942,True,0.1590430729171933
Placebo,61,2001,True,0.3166786481608901
Placebo,61,2217,True,0.25326335410655304
Placebo,61,2354,True,0.3216419607615661
Placebo,61,2761,True,0.0
Placebo,61,2980,True,0.0
Placebo,61,3021,True,0.1563715827698786
Placebo,61,3030,True,0.0
Placebo,61,3046,True,0.1382617418602952
Placebo,61,3050,True,0.5920365041777964
Placebo,61,3288,True,0.35170765192530223
Placebo,61,3302,True,0.12422240594026351
Placebo,61,3794,True,0.0
Placebo,61,3920,True,0.47963029634927035
Placebo,61,3965,True,0.021654453423191035
Placebo,61,4193,True,0.22883924989280766
Placebo,61,4294,True,0.0
Placebo,61,4383,True,0.1526174419698506
Placebo,61,4474,True,0.1629462425984497
Placebo,61,5068,True,0.1423072526959275
Placebo,61,5258,True,0.0
Placebo,61,5306,True,0.7651417475614669
Placebo,61,5323,True,0.22682908684191486
Placebo,61,5421,True,0.4170765817276982
Placebo,61,5766,True,0.34809753459986503
Placebo,61,5877,True,0.1643548980682564
Placebo,61,5887,True,0.04510157879202123
Placebo,61,6126,True,0.38685280723454163
Placebo,61,6190,True,0.40750425501755083
Placebo,61,6224,True,0.1100458831490401
Placebo,61,6465,True,0.0
Placebo,61,6853,True,0.0
Placebo,61,6949,True,0.4442889401259189
Placebo,61,7107,True,0.16933747893643733
Placebo,61,7240,False,0.0
Placebo,61,7937,True,0.5603041219784141
Placebo,61,8015,True,0.37029133644382595
Placebo,61,8066,True,0.2717210574149249
Placebo,61,8202,True,0.1671857999458645
Placebo,61,8321,True,0.08210979315316402
Placebo,61,9222,True,0.0
Placebo,61,9453,True,0.35847700049241504
Placebo,61,73,True,0.319393943239799
Placebo,61,390,True,0.2298721733080229
Placebo,61,424,True,0.0
Placebo,61,715,True,0.291011136214318
Placebo,61,915,False,0.0
Placebo,61,1579,True,0.1142660959055822
Placebo,61,1643,True,0.05538378925845531
Placebo,61,1679,True,0.12662652123403503
Placebo,61,1982,True,0.14973070519556736
Placebo,61,2027,True,0.3207764858164215
Placebo,61,2211,True,0.6131471927654585
Placebo,61,2228,True,0.0694472361273353
Placebo,61,2352,True,0.14453241315894383
Placebo,61,2520,True,0.23716865449094598
Placebo,61,2573,True,0.0
Placebo,61,2630,True,0.44094505430037073
Placebo,61,2666,True,0.13777597210996173
Placebo,61,2745,True,0.0
Placebo,61,3149,True,0.18137170547177783
Placebo,61,3369,True,0.17067283797303034
Placebo,61,3617,True,0.23213296381963466
Placebo,61,3862,True,0.0
Placebo,61,4124,True,0.34591144537648416
Placebo,61,4218,True,0.1824383782976272
Placebo,61,4268,True,0.17022367539231142
Placebo,61,4452,True,0.05109165667032166
Placebo,61,4522,True,0.3845752457003424
Placebo,61,4784,True,0.5226127805304387
Placebo,61,5139,False,0.0
Placebo,61,5438,True,0.08394214811402467
Placebo,61,5565,True,0.09198623196451756
Placebo,61,5684,True,0.23374066632255025
Placebo,61,5775,True,0.12126229517217338
Placebo,61,6110,True,0.0
Placebo,61,6488,True,0.0
Placebo,61,6590,True,0.0
Placebo,61,6793,True,0.0
Placebo,61,7090,True,0.05214426484655786
Placebo,61,7112,True,0.18165878063358412
Placebo,61,7167,True,0.44258919225294024
Placebo,61,7287,True,0.27058781100531293
Placebo,61,7370,True,0.17358671662542724
Placebo,61,7547,True,0.17806157836289221
Placebo,61,7589,True,0.09546043308946738
Placebo,61,7622,True,0.0
Placebo,61,7640,True,0.0
Placebo,61,7757,True,0.40555322770700497
Placebo,61,8162,True,0.43268653063834833
Placebo,61,8508,True,0.1934264036172709
Placebo,61,8597,True,0.43416602819517813
Placebo,61,8771,False,0.0
Placebo,61,288,True,0.4182293066898518
Placebo,61,635,True,0.2085949054338175
Placebo,61,654,True,0.201878906520566
Placebo,61,699,True,0.45795769451312096
Placebo,61,743,True,0.3059331333535151
Placebo,61,946,True,0.0
Placebo,61,976,False,0.0
Placebo,61,1144,True,0.27913022188087633
Placebo,61,1187,True,0.22344293239935833
Placebo,61,1384,True,0.0
Placebo,61,1415,True,0.2528410271851775
Placebo,61,1443,True,0.45812857106217375
Placebo,61,1629,True,0.0
Placebo,61,1684,True,0.15979138559512826
Placebo,61,1802,True,0.0
Placebo,61,1914,True,0.21298206765310912
Placebo,61,2046,True,0.0
Placebo,61,2071,True,0.13986217479634805
Placebo,61,2340,True,0.09162544430476369
Placebo,61,2749,True,0.2193185222846388
Placebo,61,3517,True,0.10912004154869837
Placebo,61,3758,True,0.0
Placebo,61,4110,True,0.0
Placebo,61,4111,True,0.0
Placebo,61,4144,True,0.13970764870555163
Placebo,61,5021,True,0.08671382849411978
Placebo,61,5032,True,0.34668477698204536
Placebo,61,5096,True,0.45384357348425464
Placebo,61,5109,True,0.2948421175857201
Placebo,61,5114,True,0.0
Placebo,61,5977,True,0.0
Placebo,61,5984,True,0.1171629291152348
Placebo,61,6353,True,0.24982680863190027
Placebo,61,6373,True,0.201878906520566
Placebo,61,6539,True,0.0
Placebo,61,6554,True,0.5630170061649303
Placebo,61,6884,False,0.0
Placebo,61,6955,True,0.0
Placebo,61,7020,True,0.3727387026025392
Placebo,61,7029,True,0.4122178898469988
Placebo,61,7280,True,0.2751109682880105
Placebo,61,7394,True,0.05109165667032166
Placebo,61,7795,True,0.2931772090133598
Placebo,61,8108,True,0.1100458831490401
Placebo,61,8560,True,0.27190003243409383
Placebo,61,8632,True,0.260071318573339
Placebo,61,8657,True,0.0
Placebo,61,8777,True,0.5157662130763123
Placebo,61,9151,True,0.0
Placebo,61,9609,False,0.0
Placebo,62,102,True,0.7004246156727778
Placebo,62,314,True,0.31494247916565626
Placebo,62,1068,True,0.14975236430600833
Placebo,62,1525,True,0.040683756096346925
Placebo,62,1795,True,0.13003577495027305
Placebo,62,1929,True,0.4635452274129972
Placebo,62,1931,True,0.12351493780844891
Placebo,62,1991,True,0.026589984166460193
Placebo,62,2528,True,0.31943322015723186
Placebo,62,2697,True,0.10893649261775587
Placebo,62,2834,True,0.3566445801327527
Placebo,62,2845,True,0.2611937365758368
Placebo,62,3031,True,0.035331264752359905
Placebo,62,3250,True,0.2522295896615308
Placebo,62,3308,True,0.0
Placebo,62,3402,True,0.2026097735578014
Placebo,62,3426,True,0.0
Placebo,62,3449,True,0.18142642830097747
Placebo,62,3756,True,0.1531721495893083
Placebo,62,4141,True,0.3010563481129233
Placebo,62,4210,True,0.28020048182051965
Placebo,62,4516,True,0.2620900537178206
Placebo,62,4692,True,0.0
Placebo,62,4700,False,0.0
Placebo,62,4910,False,0.0
Placebo,62,4962,False,0.0
Placebo,62,5275,True,0.20400787375019783
Placebo,62,5671,True,0.2295414116956865
Placebo,62,5683,True,0.38851473820980237
Placebo,62,6067,True,0.6311096555517801
Placebo,62,6378,True,0.5658047138390229
Placebo,62,6495,True,0.4138652403658162
Placebo,62,6868,True,0.27613290088525955
Placebo,62,6880,True,0.30201076838446617
Placebo,62,7144,True,0.10507722995177482
Placebo,62,7413,True,0.2889939132625516
Placebo,62,7526,True,0.0
Placebo,62,7531,True,0.2184074368181643
Placebo,62,7577,True,0.1809074917818078
Placebo,62,7621,True,0.23595549875921412
Placebo,62,8198,True,0.08495938798201004
Placebo,62,8442,True,0.0
Placebo,62,8452,True,0.42470714416096705
Placebo,62,8476,True,0.06561435347365327
Placebo,62,8541,True,0.39815334466097246
Placebo,62,8802,True,0.40929061207190953
Placebo,62,8816,True,0.1690417015938837
Placebo,62,8852,False,0.0
Placebo,62,9099,True,0.29726445610232727
Placebo,62,9479,True,0.0
Placebo,62,9625,False,0.0
Placebo,62,96,True,0.0
Placebo,62,171,True,0.26469612379831264
Placebo,62,328,False,0.0
Placebo,62,387,True,0.0
Placebo,62,754,False,0.0
Placebo,62,983,True,0.34399698525361583
Placebo,62,1039,True,0.46589237120026494
Placebo,62,1098,True,0.16250255255487547
Placebo,62,1120,True,0.0
Placebo,62,1275,True,0.33423573475104923
Placebo,62,1343,True,0.3010299956639808
Placebo,62,1483,True,0.2531204573537866
Placebo,62,2005,True,0.1386367136775241
Placebo,62,2048,True,0.2398183154002144
Placebo,62,2379,True,0.603985977938588
Placebo,62,2516,True,0.36750746364526804
Placebo,62,2601,True,0.0
Placebo,62,3210,True,0.3926757660174393
Placebo,62,3601,False,0.0
Placebo,62,3729,True,0.2552612234329017
Placebo,62,3832,True,0.2767910975073859
Placebo,62,4104,True,0.14982420171299154
Placebo,62,4286,True,0.30597705445963747
Placebo,62,4329,True,0.0
Placebo,62,4553,True,0.05926500278344139
Placebo,62,4790,True,0.0
Placebo,62,4844,True,0.0
Placebo,62,4994,True,0.2604545425701507
Placebo,62,5020,True,0.5601148824627055
Placebo,62,5293,True,0.0
Placebo,62,5338,True,0.3995688713838976
Placebo,62,5343,True,0.0611130472053797
Placebo,62,5464,True,0.0
Placebo,62,5560,True,0.2779061570963719
Placebo,62,5719,True,0.15707622714651068
Placebo,62,6055,True,0.0
Placebo,62,6121,True,0.5169450988638165
Placebo,62,6128,True,0.2241405734491922
Placebo,62,6197,True,0.1952204808660466
Placebo,62,6336,True,0.14820734175554992
Placebo,62,6577,True,0.25141530787309446
Placebo,62,6717,True,0.0
Placebo,62,6906,False,0.0
Placebo,62,8550,True,0.0
Placebo,62,8576,True,0.04018009264032398
Placebo,62,8790,False,0.0
Placebo,62,8840,False,0.0
Placebo,62,8878,True,0.0
Placebo,62,9337,True,0.15979138559512826
Placebo,62,9501,True,0.32714214131613023
Placebo,62,9512,False,0.0
Placebo,62,45,True,0.06444712278125499
Placebo,62,199,True,0.0
Placebo,62,458,True,0.5775918774030092
Placebo,62,564,True,0.5797648521153612
Placebo,62,717,True,0.0
Placebo,62,1109,True,0.47975126126312234
Placebo,62,1576,True,0.15232257932946244
Placebo,62,1711,True,0.0
Placebo,62,1868,True,0.0
Placebo,62,1942,True,0.0
Placebo,62,2001,True,0.04681599109282455
Placebo,62,2217,True,0.09797563950575583
Placebo,62,2354,True,0.5095929342533154
Placebo,62,2761,True,0.13012668333070063
Placebo,62,2980,True,0.0
Placebo,62,3021,True,0.468878975525711
Placebo,62,3030,True,0.0
Placebo,62,3046,True,0.15834934116980767
Placebo,62,3050,True,0.6143469816789764
Placebo,62,3288,True,0.1284275841975256
Placebo,62,3302,True,0.057484716641728835
Placebo,62,3794,True,0.0
Placebo,62,3920,True,0.2519820876849209
Placebo,62,3965,True,0.18905709333163614
Placebo,62,4193,True,0.32739495038873945
Placebo,62,4294,True,0.10691778193885865
Placebo,62,4383,True,0.18694500950898413
Placebo,62,4474,True,0.10232684867015737
Placebo,62,5068,True,0.1615299145492599
Placebo,62,5258,True,0.2627218170194593
Placebo,62,5306,True,0.535983385009868
Placebo,62,5323,True,0.26634800920491175
Placebo,62,5421,True,0.25375415872969503
Placebo,62,5766,True,0.49596020265972857
Placebo,62,5877,True,0.0
Placebo,62,5887,True,0.11132837047723466
Placebo,62,6126,True,0.28906482631788766
Placebo,62,6190,True,0.21810577115488722
Placebo,62,6224,True,0.2886582848702986
Placebo,62,6465,True,0.0
Placebo,62,6853,True,0.04842079006140466
Placebo,62,6949,True,0.4051282914825695
Placebo,62,7107,True,0.37581970509358575
Placebo,62,7240,False,0.0
Placebo,62,7937,True,0.3726314322981394
Placebo,62,8015,True,0.1815417925373527
Placebo,62,8066,True,0.1305055543225853
Placebo,62,8202,True,0.5595998651194412
Placebo,62,8321,True,0.03668196104968005
Placebo,62,9222,True,0.0
Placebo,62,9453,True,0.2586271805278864
Placebo,62,73,True,0.20151514190050243
Placebo,62,390,True,0.450648920206677
Placebo,62,424,True,0.0
Placebo,62,715,True,0.3992704563250317
Placebo,62,915,False,0.0
Placebo,62,1579,True,0.0
Placebo,62,1643,True,0.0
Placebo,62,1679,True,0.17392536657019145
Placebo,62,1982,True,0.07839826897867538
Placebo,62,2027,True,0.227709870891444
Placebo,62,2211,True,0.2184074368181643
Placebo,62,2228,True,0.19413330235680287
Placebo,62,2352,True,0.0
Placebo,62,2520,True,0.1540551280046201
Placebo,62,2573,True,0.1803895185407797
Placebo,62,2630,True,0.2675208042631362
Placebo,62,2666,True,0.20323160666093484
Placebo,62,2745,True,0.09659142898761325
Placebo,62,3149,True,0.19242636174501537
Placebo,62,3369,True,0.4230293752959408
Placebo,62,3617,True,0.0
Placebo,62,3862,True,0.12421371338458453
Placebo,62,4124,True,0.015542107493292394
Placebo,62,4218,True,0.20135232043770235
Placebo,62,4268,True,0.3419502814898156
Placebo,62,4452,True,0.0
Placebo,62,4522,True,0.4167497840511485
Placebo,62,4784,True,0.36538443871197357
Placebo,62,5139,False,0.0
Placebo,62,5438,True,0.13956838328637605
Placebo,62,5565,True,0.17121885950975582
Placebo,62,5684,True,0.14789700411870774
Placebo,62,5775,True,0.0543026559841585
Placebo,62,6110,True,0.10352593758913044
Placebo,62,6488,True,0.0
Placebo,62,6590,True,0.0
Placebo,62,6793,True,0.30045606252867885
Placebo,62,7090,True,0.09019475927038985
Placebo,62,7112,True,0.0
Placebo,62,7167,True,0.4712814668273752
Placebo,62,7287,True,0.20846740914202572
Placebo,62,7370,True,0.0
Placebo,62,7547,True,0.21867623957515506
Placebo,62,7589,True,0.0
Placebo,62,7622,True,0.04681599109282455
Placebo,62,7640,True,0.0
Placebo,62,7757,True,0.11716071592356085
Placebo,62,8162,True,0.5070203420225083
Placebo,62,8508,True,0.30657359638272924
Placebo,62,8597,True,0.1139691308388792
Placebo,62,8771,False,0.0
Placebo,62,288,True,0.5389397156766476
Placebo,62,635,True,0.35254550314691047
Placebo,62,654,True,0.0
Placebo,62,699,True,0.3621108234757073
Placebo,62,743,True,0.09513045393639914
Placebo,62,946,True,0.0
Placebo,62,976,False,0.0
Placebo,62,1144,True,0.6586087585321617
Placebo,62,1187,True,0.15809584047764189
Placebo,62,1384,True,0.0
Placebo,62,1415,True,0.3763563239088534
Placebo,62,1443,True,0.47255940198045504
Placebo,62,1629,True,0.3903800499921017
Placebo,62,1684,True,0.09797563950575583
Placebo,62,1802,True,0.0
Placebo,62,1914,True,0.6475642520787466
Placebo,62,2046,True,0.0
Placebo,62,2071,True,0.034270648410139146
Placebo,62,2340,True,0.0
Placebo,62,2749,True,0.38327638284358717
Placebo,62,3517,True,0.3985839881807745
Placebo,62,3758,True,0.10209739512291151
Placebo,62,4110,True,0.18508046239362883
Placebo,62,4111,True,0.0
Placebo,62,4144,True,0.0
Placebo,62,5021,True,0.08472992489971985
Placebo,62,5032,True,0.28608738815526574
Placebo,62,5096,True,0.08582939637888308
Placebo,62,5109,True,0.2586370882192703
Placebo,62,5114,True,0.0
Placebo,62,5977,True,0.0
Placebo,62,5984,True,0.0
Placebo,62,6353,True,0.4572554686609204
Placebo,62,6373,True,0.08252096715840908
Placebo,62,6539,True,0.0
Placebo,62,6554,True,0.4677332062001067
Placebo,62,6884,False,0.0
Placebo,62,6955,True,0.22352788686854141
Placebo,62,7020,True,0.3485461841930097
Placebo,62,7029,True,0.20539587249058147
Placebo,62,7280,True,0.0
Placebo,62,7394,True,0.0
Placebo,62,7795,True,0.18688498245045734
Placebo,62,8108,True,0.1244541635112973
Placebo,62,8560,True,0.5400054417949135
Placebo,62,8632,True,0.16842717545221186
Placebo,62,8657,True,0.10005364233970715
Placebo,62,8777,True,0.40601874498613805
Placebo,62,9151,True,0.0
Placebo,62,9609,False,0.0
Placebo,63,102,True,0.6037243889142704
Placebo,63,314,True,0.10532072643041082
Placebo,63,1068,True,0.4202478194076783
Placebo,63,1525,True,0.3238531104127581
Placebo,63,1795,True,0.08529297544620781
Placebo,63,1929,True,0.20790224431661478
Placebo,63,1931,True,0.11446717208084213
Placebo,63,1991,True,0.15846525509047654
Placebo,63,2528,True,0.29957292269165003
Placebo,63,2697,True,0.5757486269888311
Placebo,63,2834,True,0.6281295305583933
Placebo,63,2845,True,0.23255431075738822
Placebo,63,3031,True,0.3865257367871739
Placebo,63,3250,True,0.10892561033814505
Placebo,63,3308,True,0.19229431469715688
Placebo,63,3402,True,0.1013048867789007
Placebo,63,3426,True,0.0
Placebo,63,3449,True,0.2730305837460667
Placebo,63,3756,True,0.1858738443705952
Placebo,63,4141,True,0.43521315655074977
Placebo,63,4210,True,0.18857509623616142
Placebo,63,4516,True,0.32739495038873945
Placebo,63,4692,True,0.0
Placebo,63,4700,False,0.0
Placebo,63,4910,False,0.0
Placebo,63,4962,False,0.0
Placebo,63,5275,True,0.0
Placebo,63,5671,True,0.0
Placebo,63,5683,True,0.5669966197927725
Placebo,63,6067,True,0.5115227085552461
Placebo,63,6378,True,0.27735270587796956
Placebo,63,6495,True,0.28634598975246917
Placebo,63,6868,True,0.1070748236743338
Placebo,63,6880,True,0.44637702962794373
Placebo,63,7144,True,0.4260967530293621
Placebo,63,7413,True,0.31585059846897556
Placebo,63,7526,True,0.25063291767094353
Placebo,63,7531,True,0.0
Placebo,63,7577,True,0.26406812257259077
Placebo,63,7621,True,0.23785241208016691
Placebo,63,8198,True,0.46977411887047504
Placebo,63,8442,True,0.201878906520566
Placebo,63,8452,True,0.2769629224019738
Placebo,63,8476,True,0.07362322034364345
Placebo,63,8541,True,0.44113142700566765
Placebo,63,8802,True,0.1343030124847651
Placebo,63,8816,True,0.0
Placebo,63,8852,False,0.0
Placebo,63,9099,True,0.0
Placebo,63,9479,True,0.0
Placebo,63,9625,False,0.0
Placebo,63,96,True,0.0
Placebo,63,171,True,0.1973403059294401
Placebo,63,328,False,0.0
Placebo,63,387,True,0.12737140874229597
Placebo,63,754,False,0.0
Placebo,63,983,True,0.12422240594026351
Placebo,63,1039,True,0.17788860584462324
Placebo,63,1098,True,0.5715768991587163
Placebo,63,1120,True,0.08284110740321352
Placebo,63,1275,True,0.40700020002770343
Placebo,63,1343,True,0.0
Placebo,63,1483,True,0.2958593504782805
Placebo,63,2005,True,0.0
Placebo,63,2048,True,0.3388404841927576
Placebo,63,2379,True,0.37508727944877346
Placebo,63,2516,True,0.051208561879647715
Placebo,63,2601,True,0.21462803235584524
Placebo,63,3210,True,0.31796862977714824
Placebo,63,3601,False,0.0
Placebo,63,3729,True,0.2582678789582953
Placebo,63,3832,True,0.2553995568341516
Placebo,63,4104,True,0.19975273302307214
Placebo,63,4286,True,0.3437157973273252
Placebo,63,4329,True,0.0
Placebo,63,4553,True,0.0
Placebo,63,4790,True,0.0
Placebo,63,4844,True,0.0
Placebo,63,4994,True,0.0
Placebo,63,5020,True,0.42424728382845295
Placebo,63,5293,True,0.10465086048663588
Placebo,63,5338,True,0.3971156687781445
Placebo,63,5343,True,0.16296812588101256
Placebo,63,5464,True,0.0
Placebo,63,5560,True,0.34387776543689735
Placebo,63,5719,True,0.29632872070163263
Placebo,63,6055,True,0.0
Placebo,63,6121,True,0.5230645230456719
Placebo,63,6128,True,0.13347537859706934
Placebo,63,6197,True,0.23493293358151876
Placebo,63,6336,True,0.3435976105490124
Placebo,63,6577,True,0.6267596134356046
Placebo,63,6717,True,0.0
Placebo,63,6906,False,0.0
Placebo,63,8550,True,0.3333333333333335
Placebo,63,8576,True,0.335024641072501
Placebo,63,8790,False,0.0
Placebo,63,8840,False,0.0
Placebo,63,8878,True,0.6309297535714573
Placebo,63,9337,True,0.0
Placebo,63,9501,True,0.2597280175221121
Placebo,63,9512,False,0.0
Placebo,63,45,True,0.0
Placebo,63,199,True,0.0
Placebo,63,458,True,0.5243812406733906
Placebo,63,564,True,0.75769294907348
Placebo,63,717,True,0.0
Placebo,63,1109,True,0.3649258816720443
Placebo,63,1576,True,0.06210685669229227
Placebo,63,1711,True,0.0
Placebo,63,1868,True,0.0
Placebo,63,1942,True,0.07366373991453432
Placebo,63,2001,True,0.0
Placebo,63,2217,True,0.35678846867579755
Placebo,63,2354,True,0.4217395628615391
Placebo,63,2761,True,0.19519002499605084
Placebo,63,2980,True,0.0
Placebo,63,3021,True,0.05235415329830783
Placebo,63,3030,True,0.0
Placebo,63,3046,True,0.13445389546353426
Placebo,63,3050,True,0.4918151448937202
Placebo,63,3288,True,0.06843104186474419
Placebo,63,3302,True,0.13367281544835696
Placebo,63,3794,True,0.0
Placebo,63,3920,True,0.03606249271142806
Placebo,63,3965,True,0.10673691490577933
Placebo,63,4193,True,0.0
Placebo,63,4294,True,0.0950897783164808
Placebo,63,4383,True,0.3254838184868496
Placebo,63,4474,True,0.19550142249316146
Placebo,63,5068,True,0.20778411473733654
Placebo,63,5258,True,0.0
Placebo,63,5306,True,0.4135789157277418
Placebo,63,5323,True,0.1691142798552346
Placebo,63,5421,True,0.4432473492796095
Placebo,63,5766,True,0.3651275424546928
Placebo,63,5877,True,0.06106277481438564
Placebo,63,5887,True,0.12828055830938542
Placebo,63,6126,True,1.0
Placebo,63,6190,True,0.30542623110127126
Placebo,63,6224,True,0.32478942256161236
Placebo,63,6465,True,0.0
Placebo,63,6853,True,0.28425697557059165
Placebo,63,6949,True,0.6562590003548303
Placebo,63,7107,True,0.07278991643156446
Placebo,63,7240,False,0.0
Placebo,63,7937,True,0.4553752588345918
Placebo,63,8015,True,0.0
Placebo,63,8066,True,0.24229735820698167
Placebo,63,8202,True,0.1414471451858161
Placebo,63,8321,True,0.1265987584690266
Placebo,63,9222,True,0.0
Placebo,63,9453,True,0.6235986114604244
Placebo,63,73,True,0.21292929549319944
Placebo,63,390,True,0.14531231747579504
Placebo,63,424,True,0.0898682452334257
Placebo,63,715,True,0.3796515091695545
Placebo,63,915,False,0.0
Placebo,63,1579,True,0.0
Placebo,63,1643,True,0.0
Placebo,63,1679,True,0.2686259750179442
Placebo,63,1982,True,0.07839826897867538
Placebo,63,2027,True,0.5280590371174744
Placebo,63,2211,True,0.6131471927654585
Placebo,63,2228,True,0.07452242275897035
Placebo,63,2352,True,0.3010299956639808
Placebo,63,2520,True,0.10975131898723874
Placebo,63,2573,True,0.0
Placebo,63,2630,True,0.30181010875964104
Placebo,63,2666,True,0.21836974929469327
Placebo,63,2745,True,0.0
Placebo,63,3149,True,0.4862643620678315
Placebo,63,3369,True,0.45766846017907226
Placebo,63,3617,True,0.057290000967676585
Placebo,63,3862,True,0.0
Placebo,63,4124,True,0.25841319658041145
Placebo,63,4218,True,0.14408616478910577
Placebo,63,4268,True,0.17232658305200732
Placebo,63,4452,True,0.1555977953721475
Placebo,63,4522,True,0.07734910411573546
Placebo,63,4784,True,0.46242811574893794
Placebo,63,5139,False,0.0
Placebo,63,5438,True,0.22716641440875943
Placebo,63,5565,True,0.0
Placebo,63,5684,True,0.12485350142749298
Placebo,63,5775,True,0.259375420870445
Placebo,63,6110,True,0.48571326507941515
Placebo,63,6488,True,0.13496393320363287
Placebo,63,6590,True,0.0
Placebo,63,6793,True,0.17714752793103516
Placebo,63,7090,True,0.0862019719368722
Placebo,63,7112,True,0.11284514134893517
Placebo,63,7167,True,0.5451469691058524
Placebo,63,7287,True,0.620852084574212
Placebo,63,7370,True,0.09241035243445885
Placebo,63,7547,True,0.23532118540330788
Placebo,63,7589,True,0.1303237659103706
Placebo,63,7622,True,0.16195671984435944
Placebo,63,7640,True,0.0
Placebo,63,7757,True,0.11327419003461374
Placebo,63,8162,True,0.3757188090069717
Placebo,63,8508,True,0.0
Placebo,63,8597,True,0.24636689320787772
Placebo,63,8771,False,0.0
Placebo,63,288,True,0.31412072389071216
Placebo,63,635,True,0.11405867564419644
Placebo,63,654,True,0.0
Placebo,63,699,True,0.4810159297983567
Placebo,63,743,True,0.2734444950959012
Placebo,63,946,True,0.0
Placebo,63,976,False,0.0
Placebo,63,1144,True,0.6522761669091144
Placebo,63,1187,True,0.0419214060382059
Placebo,63,1384,True,0.0
Placebo,63,1415,True,0.15972587019622106
Placebo,63,1443,True,0.287990002102775
Placebo,63,1629,True,0.0
Placebo,63,1684,True,0.41305473970168133
Placebo,63,1802,True,0.0
Placebo,63,1914,True,0.22199972032038856
Placebo,63,2046,True,0.0
Placebo,63,2071,True,0.3298733232618419
Placebo,63,2340,True,0.10633668103022988
Placebo,63,2749,True,0.28980403927369824
Placebo,63,3517,True,0.17602900527339943
Placebo,63,3758,True,0.10006834047713424
Placebo,63,4110,True,0.18457569677956798
Placebo,63,4111,True,0.0
Placebo,63,4144,True,0.12198323851117018
Placebo,63,5021,True,0.09791292534996787
Placebo,63,5032,True,0.10436251691167327
Placebo,63,5096,True,0.2992209799041961
Placebo,63,5109,True,0.3534330107678578
Placebo,63,5114,True,0.21292929549319944
Placebo,63,5977,True,0.0
Placebo,63,5984,True,0.0
Placebo,63,6353,True,0.17918714463931157
Placebo,63,6373,True,0.06548933660566837
Placebo,63,6539,True,0.0
Placebo,63,6554,True,0.3485512512284957
Placebo,63,6884,False,0.0
Placebo,63,6955,True,0.0
Placebo,63,7020,True,0.3497501459548777
Placebo,63,7029,True,0.15678702561789476
Placebo,63,7280,True,0.0
Placebo,63,7394,True,0.048753830672500074
Placebo,63,7795,True,0.27501415630397935
Placebo,63,8108,True,0.0
Placebo,63,8560,True,0.3995431811116002
Placebo,63,8632,True,0.42685055077454503
Placebo,63,8657,True,0.0
Placebo,63,8777,True,0.414323623157809
Placebo,63,9151,True,0.0
Placebo,63,9609,False,0.0
Placebo,64,102,True,0.5305455297539707
Placebo,64,314,True,0.22007396532581214
Placebo,64,1068,True,0.17846071076195646
Placebo,64,1525,True,0.08879873949105595
Placebo,64,1795,True,0.30385363622992206
Placebo,64,1929,True,0.5446498202824405
Placebo,64,1931,True,0.3435937693340249
Placebo,64,1991,True,0.05428059917588485
Placebo,64,2528,True,0.25839698683353024
Placebo,64,2697,True,0.16321684709627765
Placebo,64,2834,True,0.3823450025231169
Placebo,64,2845,True,0.15741895209239576
Placebo,64,3031,True,0.37976123577200477
Placebo,64,3250,True,0.5558289436240419
Placebo,64,3308,True,0.22754083620157634
Placebo,64,3402,True,0.0
Placebo,64,3426,True,0.0
Placebo,64,3449,True,0.2199652449856089
Placebo,64,3756,True,0.30434654919994436
Placebo,64,4141,True,0.38354299424580085
Placebo,64,4210,True,0.21064145286082164
Placebo,64,4516,True,0.10987173866025325
Placebo,64,4692,True,0.0
Placebo,64,4700,False,0.0
Placebo,64,4910,False,0.0
Placebo,64,4962,False,0.0
Placebo,64,5275,True,0.15045801492005378
Placebo,64,5671,True,0.201872399667087
Placebo,64,5683,True,0.5381227076094284
Placebo,64,6067,True,0.5296529686045409
Placebo,64,6378,True,0.16084579405626445
Placebo,64,6495,True,0.2981208348592891
Placebo,64,6868,True,0.15514952592378164
Placebo,64,6880,True,0.1607841342240505
Placebo,64,7144,True,0.20471489586305835
Placebo,64,7413,True,0.6701140682102266
Placebo,64,7526,True,0.1934264036172709
Placebo,64,7531,True,0.0
Placebo,64,7577,True,0.18900105019841942
Placebo,64,7621,True,0.0838428120764118
Placebo,64,8198,True,0.3910753390399488
Placebo,64,8442,True,0.0
Placebo,64,8452,True,0.23840488258868273
Placebo,64,8476,True,0.20145132300683133
Placebo,64,8541,True,0.6295919548190342
Placebo,64,8802,True,0.2968590734255882
Placebo,64,8816,True,0.08116136400948519
Placebo,64,8852,False,0.0
Placebo,64,9099,True,0.09797563950575583
Placebo,64,9479,True,0.0
Placebo,64,9625,False,0.0
Placebo,64,96,True,0.1934264036172709
Placebo,64,171,True,0.36461081470647105
Placebo,64,328,False,0.0
Placebo,64,387,True,0.07191071742813421
Placebo,64,754,False,0.0
Placebo,64,983,True,0.5720027557197518
Placebo,64,1039,True,0.3417852492574756
Placebo,64,1098,True,0.12347490489631424
Placebo,64,1120,True,0.08452085079694185
Placebo,64,1275,True,0.4384685929539858
Placebo,64,1343,True,0.0
Placebo,64,1483,True,0.1489993044334678
Placebo,64,2005,True,0.1460683498427064
Placebo,64,2048,True,0.4720917647462635
Placebo,64,2379,True,0.7442919498990488
Placebo,64,2516,True,0.2592814483146742
Placebo,64,2601,True,0.1138594339595772
Placebo,64,3210,True,0.2430576433295137
Placebo,64,3601,False,0.0
Placebo,64,3729,True,0.17756810171143084
Placebo,64,3832,True,0.4009063569859381
Placebo,64,4104,True,0.2996484034259831
Placebo,64,4286,True,0.3803786524418254
Placebo,64,4329,True,0.0
Placebo,64,4553,True,0.0
Placebo,64,4790,True,0.18457569677956798
Placebo,64,4844,True,0.0
Placebo,64,4994,True,0.0
Placebo,64,5020,True,0.4714237300232949
Placebo,64,5293,True,0.22750592170591827
Placebo,64,5338,True,0.5106131402919623
Placebo,64,5343,True,0.39021121451688273
Placebo,64,5464,True,0.217401346533696
Placebo,64,5560,True,0.3918159573934502
Placebo,64,5719,True,0.17000833911247373
Placebo,64,6055,True,0.0
Placebo,64,6121,True,0.6220673236224344
Placebo,64,6128,True,0.41790203421877936
Placebo,64,6197,True,0.04048704329239119
Placebo,64,6336,True,0.14465249243306436
Placebo,64,6577,True,0.4363813537808534
Placebo,64,6717,True,0.0
Placebo,64,6906,False,0.0
Placebo,64,8550,True,0.0
Placebo,64,8576,True,0.1702407469522286
Placebo,64,8790,False,0.0
Placebo,64,8840,False,0.0
Placebo,64,8878,True,0.0
Placebo,64,9337,True,0.42865736082298966
Placebo,64,9501,True,0.10026710274415578
Placebo,64,9512,False,0.0
Placebo,64,45,True,0.038356439954196984
Placebo,64,199,True,0.0
Placebo,64,458,True,0.2907711172144352
Placebo,64,564,True,0.5085922893684887
Placebo,64,717,True,0.0
Placebo,64,1109,True,0.47248079673907667
Placebo,64,1576,True,0.0
Placebo,64,1711,True,0.0
Placebo,64,1868,True,0.0
Placebo,64,1942,True,0.32746832224909245
Placebo,64,2001,True,0.10218331334064332
Placebo,64,2217,True,0.25326335410655304
Placebo,64,2354,True,0.36995731885538546
Placebo,64,2761,True,0.2463023887407299
Placebo,64,2980,True,0.0
Placebo,64,3021,True,0.19333659486437726
Placebo,64,3030,True,0.0
Placebo,64,3046,True,0.07590931260996128
Placebo,64,3050,True,0.5235361823707332
Placebo,64,3288,True,0.12086765599375915
Placebo,64,3302,True,0.14952139866565903
Placebo,64,3794,True,0.0
Placebo,64,3920,True,0.39248372864647335
Placebo,64,3965,True,0.11196152240848743
Placebo,64,4193,True,0.22883924989280766
Placebo,64,4294,True,0.12507174195585855
Placebo,64,4383,True,0.1210177462162189
Placebo,64,4474,True,0.06610466247564045
Placebo,64,5068,True,0.19214819551454881
Placebo,64,5258,True,0.0
Placebo,64,5306,True,0.5831901349965549
Placebo,64,5323,True,0.3505863692809279
Placebo,64,5421,True,0.3828142678978397
Placebo,64,5766,True,0.44314051396288345
Placebo,64,5877,True,0.0
Placebo,64,5887,True,0.21121117161922906
Placebo,64,6126,True,0.0
Placebo,64,6190,True,0.5975826188351485
Placebo,64,6224,True,0.06222708175564865
Placebo,64,6465,True,0.0
Placebo,64,6853,True,0.153490273005236
Placebo,64,6949,True,0.3784021097713761
Placebo,64,7107,True,0.0
Placebo,64,7240,False,0.0
Placebo,64,7937,True,0.3372080579682882
Placebo,64,8015,True,0.0
Placebo,64,8066,True,0.15660666518710234
Placebo,64,8202,True,0.3469570171323736
Placebo,64,8321,True,0.06362078819895167
Placebo,64,9222,True,0.0
Placebo,64,9453,True,0.4150874488855181
Placebo,64,73,True,0.22754083620157634
Placebo,64,390,True,0.17788860584462324
Placebo,64,424,True,0.0
Placebo,64,715,True,0.4483841550665197
Placebo,64,915,False,0.0
Placebo,64,1579,True,0.21227763579420655
Placebo,64,1643,True,0.0
Placebo,64,1679,True,0.10487493420486488
Placebo,64,1982,True,0.1593969629423632
Placebo,64,2027,True,0.20649300622798114
Placebo,64,2211,True,0.6131471927654585
Placebo,64,2228,True,0.30962955956309535
Placebo,64,2352,True,0.0
Placebo,64,2520,True,0.18341505890177304
Placebo,64,2573,True,0.05214426484655786
Placebo,64,2630,True,0.4984560939096041
Placebo,64,2666,True,0.4467294140177512
Placebo,64,2745,True,0.5312528594318726
Placebo,64,3149,True,0.35960188844188334
Placebo,64,3369,True,0.2478759234979356
Placebo,64,3617,True,0.13366037064974126
Placebo,64,3862,True,0.11885415371904204
Placebo,64,4124,True,0.10176933156101463
Placebo,64,4218,True,0.20686327196426296
Placebo,64,4268,True,0.4245061576497386
Placebo,64,4452,True,0.048753830672500074
Placebo,64,4522,True,0.12969952894552547
Placebo,64,4784,True,0.6073015212467053
Placebo,64,5139,False,0.0
Placebo,64,5438,True,0.13956838328637605
Placebo,64,5565,True,0.07117026412480269
Placebo,64,5684,True,0.09988280114199441
Placebo,64,5775,True,0.2065950671001293
Placebo,64,6110,True,0.0
Placebo,64,6488,True,0.06265341172228864
Placebo,64,6590,True,0.0
Placebo,64,6793,True,0.36529303966308624
Placebo,64,7090,True,0.15414820172165677
Placebo,64,7112,True,0.0
Placebo,64,7167,True,0.36903571453924455
Placebo,64,7287,True,0.049941400570997205
Placebo,64,7370,True,0.12548280547091217
Placebo,64,7547,True,0.1100458831490401
Placebo,64,7589,True,0.08928205866243305
Placebo,64,7622,True,0.0
Placebo,64,7640,True,0.0
Placebo,64,7757,True,0.06573065760316386
Placebo,64,8162,True,0.5655515549234932
Placebo,64,8508,True,0.23719771276929624
Placebo,64,8597,True,0.3322573269847791
Placebo,64,8771,False,0.0
Placebo,64,288,True,0.5549335849520574
Placebo,64,635,True,0.09901799894950271
Placebo,64,654,True,0.06391675985529063
Placebo,64,699,True,0.20511666732794348
Placebo,64,743,True,0.4835349700380146
Placebo,64,946,True,0.0
Placebo,64,976,False,0.0
Placebo,64,1144,True,0.5510800488227794
Placebo,64,1187,True,0.5244831641166832
Placebo,64,1384,True,0.0
Placebo,64,1415,True,0.14201905717762706
Placebo,64,1443,True,0.40250109385287136
Placebo,64,1629,True,0.15101961822780524
Placebo,64,1684,True,0.0
Placebo,64,1802,True,0.3491072132332056
Placebo,64,1914,True,0.38664873900110086
Placebo,64,2046,True,0.0
Placebo,64,2071,True,0.0
Placebo,64,2340,True,0.0
Placebo,64,2749,True,0.10527982729515885
Placebo,64,3517,True,0.2669507571941387
Placebo,64,3758,True,0.0
Placebo,64,4110,True,0.26406812257259077
Placebo,64,4111,True,0.0
Placebo,64,4144,True,0.0
Placebo,64,5021,True,0.4087787487953528
Placebo,64,5032,True,0.20259395140179146
Placebo,64,5096,True,0.3480452152031103
Placebo,64,5109,True,0.6174118407780133
Placebo,64,5114,True,0.0
Placebo,64,5977,True,0.0
Placebo,64,5984,True,0.0
Placebo,64,6353,True,0.33971794499974045
Placebo,64,6373,True,0.12737140874229597
Placebo,64,6539,True,0.0
Placebo,64,6554,True,0.35595002250748853
Placebo,64,6884,False,0.0
Placebo,64,6955,True,0.0
Placebo,64,7020,True,0.5171722873264937
Placebo,64,7029,True,0.21549924109276675
Placebo,64,7280,True,0.19229431469715688
Placebo,64,7394,True,0.12218065238362714
Placebo,64,7795,True,0.5369680046451307
Placebo,64,8108,True,0.06362078819895167
Placebo,64,8560,True,0.386418912590376
Placebo,64,8632,True,0.06673768929853467
Placebo,64,8657,True,0.15514952592378164
Placebo,64,8777,True,0.5452917202623498
Placebo,64,9151,True,0.0
Placebo,64,9609,False,0.0
Placebo,65,102,True,0.7065443116025597
Placebo,65,314,True,0.45331212885382965
Placebo,65,1068,True,0.2002555948405783
Placebo,65,1525,True,0.1961103536045265
Placebo,65,1795,True,0.24545255085006973
Placebo,65,1929,True,0.410281092518993
Placebo,65,1931,True,0.0
Placebo,65,1991,True,0.07923262754523827
Placebo,65,2528,True,0.3049705812948888
Placebo,65,2697,True,0.08431423425588576
Placebo,65,2834,True,0.2149801803479932
Placebo,65,2845,True,0.12741733550370726
Placebo,65,3031,True,0.3315278153840312
Placebo,65,3250,True,0.1507293225816052
Placebo,65,3308,True,0.0
Placebo,65,3402,True,0.0
Placebo,65,3426,True,0.0
Placebo,65,3449,True,0.4229324895950772
Placebo,65,3756,True,0.4735162624193017
Placebo,65,4141,True,0.4276388980031872
Placebo,65,4210,True,0.2687557417086247
Placebo,65,4516,True,0.16369747519436972
Placebo,65,4692,True,0.0
Placebo,65,4700,False,0.0
Placebo,65,4910,False,0.0
Placebo,65,4962,False,0.0
Placebo,65,5275,True,0.0
Placebo,65,5671,True,0.0
Placebo,65,5683,True,0.34803219048372214
Placebo,65,6067,True,0.24187779241092838
Placebo,65,6378,True,0.538042986930423
Placebo,65,6495,True,0.5810786600471055
Placebo,65,6868,True,0.18568091171105877
Placebo,65,6880,True,0.09887932589932978
Placebo,65,7144,True,0.08097835992217972
Placebo,65,7413,True,0.6527607158336481
Placebo,65,7526,True,0.17723928678404763
Placebo,65,7531,True,0.6131471927654585
Placebo,65,7577,True,0.17723928678404763
Placebo,65,7621,True,0.2899148160280386
Placebo,65,8198,True,0.14383786710844992
Placebo,65,8442,True,0.100939453260283
Placebo,65,8452,True,0.2823661203429621
Placebo,65,8476,True,0.21360725701339417
Placebo,65,8541,True,0.582568785391676
Placebo,65,8802,True,0.36668786773903556
Placebo,65,8816,True,0.16150268190834627
Placebo,65,8852,False,0.0
Placebo,65,9099,True,0.0
Placebo,65,9479,True,0.0
Placebo,65,9625,False,0.0
Placebo,65,96,True,0.0
Placebo,65,171,True,0.24400806402067682
Placebo,65,328,False,0.0
Placebo,65,387,True,0.07809742170892058
Placebo,65,754,False,0.0
Placebo,65,983,True,0.3290329972504539
Placebo,65,1039,True,0.316177203233448
Placebo,65,1098,True,0.06375528575113477
Placebo,65,1120,True,0.1000130716141717
Placebo,65,1275,True,0.24113589363891866
Placebo,65,1343,True,0.0
Placebo,65,1483,True,0.4545877959222956
Placebo,65,2005,True,0.0
Placebo,65,2048,True,0.25427315882231527
Placebo,65,2379,True,0.38869721916336203
Placebo,65,2516,True,0.30644844203677235
Placebo,65,2601,True,0.06370866775185363
Placebo,65,3210,True,0.26703647389593244
Placebo,65,3601,False,0.0
Placebo,65,3729,True,0.2191248649545938
Placebo,65,3832,True,0.19535178071977222
Placebo,65,4104,True,0.0
Placebo,65,4286,True,0.10030274924863172
Placebo,65,4329,True,0.0
Placebo,65,4553,True,0.0
Placebo,65,4790,True,0.0
Placebo,65,4844,True,0.0
Placebo,65,4994,True,0.20151514190050243
Placebo,65,5020,True,0.42987020202341064
Placebo,65,5293,True,0.12476489907043554
Placebo,65,5338,True,0.6153176110801906
Placebo,65,5343,True,0.1222260944107594
Placebo,65,5464,True,0.0
Placebo,65,5560,True,0.22214951579845524
Placebo,65,5719,True,0.38192019047759634
Placebo,65,6055,True,0.0
Placebo,65,6121,True,0.4959389204699465
Placebo,65,6128,True,0.15946122614914748
Placebo,65,6197,True,0.5309794924961864
Placebo,65,6336,True,0.32635995043872273
Placebo,65,6577,True,0.2172607128522299
Placebo,65,6717,True,0.0
Placebo,65,6906,False,0.0
Placebo,65,8550,True,0.0
Placebo,65,8576,True,0.19096009523879817
Placebo,65,8790,False,0.0
Placebo,65,8840,False,0.0
Placebo,65,8878,True,0.0
Placebo,65,9337,True,0.10907458963273317
Placebo,65,9501,True,0.33993385982745766
Placebo,65,9512,False,0.0
Placebo,65,45,True,0.3989347268493539
Placebo,65,199,True,0.0
Placebo,65,458,True,0.5093163394740718
Placebo,65,564,True,0.41824142424154287
Placebo,65,717,True,0.11751610475642699
Placebo,65,1109,True,0.311171719406511
Placebo,65,1576,True,0.20037500304931566
Placebo,65,1711,True,0.0
Placebo,65,1868,True,0.0
Placebo,65,1942,True,0.1120201798687313
Placebo,65,2001,True,0.0
Placebo,65,2217,True,0.0
Placebo,65,2354,True,0.20679378307518625
Placebo,65,2761,True,0.0
Placebo,65,2980,True,0.0
Placebo,65,3021,True,0.15820069167728085
Placebo,65,3030,True,0.5
Placebo,65,3046,True,0.0
Placebo,65,3050,True,0.4219234117336895
Placebo,65,3288,True,0.06571108366710594
Placebo,65,3302,True,0.09038355737371069
Placebo,65,3794,True,0.5
Placebo,65,3920,True,0.07571252835320018
Placebo,65,3965,True,0.0
Placebo,65,4193,True,0.25339584447728963
Placebo,65,4294,True,0.13347537859706934
Placebo,65,4383,True,0.1912781014696625
Placebo,65,4474,True,0.2623239948409147
Placebo,65,5068,True,0.3839828738366489
Placebo,65,5258,True,0.14656879505245024
Placebo,65,5306,True,0.5741758581862669
Placebo,65,5323,True,0.38852456379719624
Placebo,65,5421,True,0.32537591297314944
Placebo,65,5766,True,0.2968917716878631
Placebo,65,5877,True,0.23085870273737086
Placebo,65,5887,True,0.14637039866274829
Placebo,65,6126,True,0.0
Placebo,65,6190,True,0.11489780503734268
Placebo,65,6224,True,0.17993148201117176
Placebo,65,6465,True,0.0
Placebo,65,6853,True,0.09719292707580851
Placebo,65,6949,True,0.6070115608001995
Placebo,65,7107,True,0.17183160615933493
Placebo,65,7240,False,0.0
Placebo,65,7937,True,0.3069992653951386
Placebo,65,8015,True,0.0
Placebo,65,8066,True,0.36831307825070997
Placebo,65,8202,True,0.46392617263886365
Placebo,65,8321,True,0.23323636364592967
Placebo,65,9222,True,0.0
Placebo,65,9453,True,0.2625143351887491
Placebo,65,73,True,0.0
Placebo,65,390,True,0.3357188565874989
Placebo,65,424,True,0.0
Placebo,65,715,True,0.35381086160795505
Placebo,65,915,False,0.0
Placebo,65,1579,True,0.13086918973929454
Placebo,65,1643,True,0.0
Placebo,65,1679,True,0.2861903268988848
Placebo,65,1982,True,0.16354138662029638
Placebo,65,2027,True,0.28766165522519177
Placebo,65,2211,True,0.3868528072345415
Placebo,65,2228,True,0.30642569804716546
Placebo,65,2352,True,0.0
Placebo,65,2520,True,0.08494489033580488
Placebo,65,2573,True,0.0
Placebo,65,2630,True,0.4885967015196574
Placebo,65,2666,True,0.4760874659672478
Placebo,65,2745,True,0.2569871398573819
Placebo,65,3149,True,0.36255307290728517
Placebo,65,3369,True,0.4223121886213187
Placebo,65,3617,True,0.14357291717874388
Placebo,65,3862,True,0.0
Placebo,65,4124,True,0.15320783502943539
Placebo,65,4218,True,0.10235337402155874
Placebo,65,4268,True,0.09161483743306392
Placebo,65,4452,True,0.10492570196373892
Placebo,65,4522,True,0.16812974408218884
Placebo,65,4784,True,0.4593025249420438
Placebo,65,5139,False,0.0
Placebo,65,5438,True,0.0776895369576595
Placebo,65,5565,True,0.11607370133068003
Placebo,65,5684,True,0.11591982604869
Placebo,65,5775,True,0.18099340486725055
Placebo,65,6110,True,0.0
Placebo,65,6488,True,0.13207001659250134
Placebo,65,6590,True,0.0
Placebo,65,6793,True,0.0
Placebo,65,7090,True,0.0
Placebo,65,7112,True,0.0
Placebo,65,7167,True,0.5343248981056858
Placebo,65,7287,True,0.14177894309129296
Placebo,65,7370,True,0.14212848778529588
Placebo,65,7547,True,0.15954762531978323
Placebo,65,7589,True,0.0
Placebo,65,7622,True,0.16647195188832425
Placebo,65,7640,True,0.0
Placebo,65,7757,True,0.05360104260340897
Placebo,65,8162,True,0.3247894225616124
Placebo,65,8508,True,0.26406812257259077
Placebo,65,8597,True,0.3755458364887027
Placebo,65,8771,False,0.0
Placebo,65,288,True,0.6008388171072592
Placebo,65,635,True,0.5544213063288099
Placebo,65,654,True,0.07191071742813421
Placebo,65,699,True,0.3634275411034259
Placebo,65,743,True,0.3631341758815576
Placebo,65,946,True,0.0
Placebo,65,976,False,0.0
Placebo,65,1144,True,0.47126625312117887
Placebo,65,1187,True,0.21117599005258025
Placebo,65,1384,True,0.4217734095488642
Placebo,65,1415,True,0.10124161603625315
Placebo,65,1443,True,0.4102160965135344
Placebo,65,1629,True,0.0
Placebo,65,1684,True,0.14641905493499288
Placebo,65,1802,True,0.0444917928656898
Placebo,65,1914,True,0.1979963304870953
Placebo,65,2046,True,0.0
Placebo,65,2071,True,0.0
Placebo,65,2340,True,0.08513559338424269
Placebo,65,2749,True,0.4488719721782126
Placebo,65,3517,True,0.019291518565938075
Placebo,65,3758,True,0.4852285551163225
Placebo,65,4110,True,0.20438239758848625
Placebo,65,4111,True,0.0
Placebo,65,4144,True,0.17451855981580688
Placebo,65,5021,True,0.09791292534996787
Placebo,65,5032,True,0.10228844587852191
Placebo,65,5096,True,0.15803665960897278
Placebo,65,5109,True,0.23313873588182046
Placebo,65,5114,True,0.030775184909865923
Placebo,65,5977,True,0.0
Placebo,65,5984,True,0.0
Placebo,65,6353,True,0.37060180998199
Placebo,65,6373,True,0.06729296884018869
Placebo,65,6539,True,0.0
Placebo,65,6554,True,0.5290335565980337
Placebo,65,6884,False,0.0
Placebo,65,6955,True,0.0
Placebo,65,7020,True,0.37297444710463684
Placebo,65,7029,True,0.1316070742386285
Placebo,65,7280,True,0.10075757095025129
Placebo,65,7394,True,0.10946940281511319
Placebo,65,7795,True,0.3503316997699325
Placebo,65,8108,True,0.2934556883974403
Placebo,65,8560,True,0.5299021749260743
Placebo,65,8632,True,0.0771660742637523
Placebo,65,8657,True,0.16842717545221186
Placebo,65,8777,True,0.49376184991310995
Placebo,65,9151,True,0.0
Placebo,65,9609,False,0.0
Placebo,66,102,True,0.7612443911336175
Placebo,66,314,True,0.2146120424052756
Placebo,66,1068,True,0.36773392380551634
Placebo,66,1525,True,0.0
Placebo,66,1795,True,0.20126035853189644
Placebo,66,1929,True,0.16421958630632805
Placebo,66,1931,True,0.04860283695195314
Placebo,66,1991,True,0.11649482355146737
Placebo,66,2528,True,0.2781504531472728
Placebo,66,2697,True,0.0731168384439099
Placebo,66,2834,True,0.22569577954755046
Placebo,66,2845,True,0.1481077589414357
Placebo,66,3031,True,0.07711607962658217
Placebo,66,3250,True,0.15822323348761327
Placebo,66,3308,True,0.0
Placebo,66,3402,True,0.0
Placebo,66,3426,True,0.0
Placebo,66,3449,True,0.22954141169568656
Placebo,66,3756,True,0.1955068109851997
Placebo,66,4141,True,0.5344530743587104
Placebo,66,4210,True,0.17034151401622247
Placebo,66,4516,True,0.0
Placebo,66,4692,True,0.0
Placebo,66,4700,False,0.0
Placebo,66,4910,False,0.0
Placebo,66,4962,False,0.0
Placebo,66,5275,True,0.0543026559841585
Placebo,66,5671,True,0.25896499117480576
Placebo,66,5683,True,0.38220132852918554
Placebo,66,6067,True,0.34012622591395675
Placebo,66,6378,True,0.1847068778142172
Placebo,66,6495,True,0.3214515691126461
Placebo,66,6868,True,0.14709787457918264
Placebo,66,6880,True,0.3742081820956804
Placebo,66,7144,True,0.39621004977750407
Placebo,66,7413,True,0.5501188088830334
Placebo,66,7526,True,0.0
Placebo,66,7531,True,0.0
Placebo,66,7577,True,0.17723928678404763
Placebo,66,7621,True,0.40292736292689196
Placebo,66,8198,True,0.23815254821965764
Placebo,66,8442,True,0.2501063706164844
Placebo,66,8452,True,0.21019727281069875
Placebo,66,8476,True,0.0
Placebo,66,8541,True,0.46448673214866637
Placebo,66,8802,True,0.1548706959560122
Placebo,66,8816,True,0.0
Placebo,66,8852,False,0.0
Placebo,66,9099,True,0.10907458963273317
Placebo,66,9479,True,0.0
Placebo,66,9625,False,0.0
Placebo,66,96,True,0.0
Placebo,66,171,True,0.37037117549904935
Placebo,66,328,False,0.0
Placebo,66,387,True,0.1392036862683229
Placebo,66,754,False,0.0
Placebo,66,983,True,0.45970534479267233
Placebo,66,1039,True,0.3781119535145997
Placebo,66,1098,True,0.24022522788232445
Placebo,66,1120,True,0.0
Placebo,66,1275,True,0.23971263841609064
Placebo,66,1343,True,0.0
Placebo,66,1483,True,0.0576901476090013
Placebo,66,2005,True,0.0
Placebo,66,2048,True,0.29544668915978095
Placebo,66,2379,True,0.4946079060761509
Placebo,66,2516,True,0.12445416351129736
Placebo,66,2601,True,0.12448006384141873
Placebo,66,3210,True,0.24908661064954357
Placebo,66,3601,False,0.0
Placebo,66,3729,True,0.2687397091684451
Placebo,66,3832,True,0.6345167521928199
Placebo,66,4104,True,0.0
Placebo,66,4286,True,0.46756492153584817
Placebo,66,4329,True,0.0
Placebo,66,4553,True,0.0
Placebo,66,4790,True,0.0
Placebo,66,4844,True,0.0
Placebo,66,4994,True,0.0
Placebo,66,5020,True,0.2676487284119667
Placebo,66,5293,True,0.09608354408832676
Placebo,66,5338,True,0.5825322371440596
Placebo,66,5343,True,0.09456701548023279
Placebo,66,5464,True,0.37223039596440116
Placebo,66,5560,True,0.20483174239333707
Placebo,66,5719,True,0.2962766889781999
Placebo,66,6055,True,0.282432472145586
Placebo,66,6121,True,0.42211764969314536
Placebo,66,6128,True,0.30190255404928124
Placebo,66,6197,True,0.2078342455797041
Placebo,66,6336,True,0.4570604980304761
Placebo,66,6577,True,0.39112962457400224
Placebo,66,6717,True,0.0
Placebo,66,6906,False,0.0
Placebo,66,8550,True,0.0
Placebo,66,8576,True,0.2757603811699829
Placebo,66,8790,False,0.0
Placebo,66,8840,False,0.0
Placebo,66,8878,True,0.0
Placebo,66,9337,True,0.446214448243533
Placebo,66,9501,True,0.22499495363097335
Placebo,66,9512,False,0.0
Placebo,66,45,True,0.23229036427877567
Placebo,66,199,True,0.0
Placebo,66,458,True,0.4820565153771589
Placebo,66,564,True,0.6043064517870871
Placebo,66,717,True,0.0
Placebo,66,1109,True,0.5079971577570982
Placebo,66,1576,True,0.45937284817641455
Placebo,66,1711,True,0.0
Placebo,66,1868,True,0.0
Placebo,66,1942,True,0.22081293575033337
Placebo,66,2001,True,0.3663233465256459
Placebo,66,2217,True,0.0
Placebo,66,2354,True,0.5429212478657731
Placebo,66,2761,True,0.2662002412804863
Placebo,66,2980,True,0.0
Placebo,66,3021,True,0.19250850509236314
Placebo,66,3030,True,0.0
Placebo,66,3046,True,0.0
Placebo,66,3050,True,0.38138649067359387
Placebo,66,3288,True,0.2678100438252985
Placebo,66,3302,True,0.0
Placebo,66,3794,True,0.0
Placebo,66,3920,True,0.1429557075370525
Placebo,66,3965,True,0.09452854666581807
Placebo,66,4193,True,0.2197434773205065
Placebo,66,4294,True,0.0444917928656898
Placebo,66,4383,True,0.383194240940349
Placebo,66,4474,True,0.306980546010472
Placebo,66,5068,True,0.39289871084336236
Placebo,66,5258,True,0.0774353479780061
Placebo,66,5306,True,0.46252038206737495
Placebo,66,5323,True,0.30171706443400254
Placebo,66,5421,True,0.5135728580030574
Placebo,66,5766,True,0.48685211256151656
Placebo,66,5877,True,0.11181233720836507
Placebo,66,5887,True,0.120013679648517
Placebo,66,6126,True,0.35620718710802235
Placebo,66,6190,True,0.3628770878032667
Placebo,66,6224,True,0.43331313996555754
Placebo,66,6465,True,0.0
Placebo,66,6853,True,0.09241035243445885
Placebo,66,6949,True,0.5691226435095444
Placebo,66,7107,True,0.23784188711449122
Placebo,66,7240,False,0.0
Placebo,66,7937,True,0.6175241983426756
Placebo,66,8015,True,0.0
Placebo,66,8066,True,0.34550359825775495
Placebo,66,8202,True,0.2884090706638293
Placebo,66,8321,True,0.0733639220993601
Placebo,66,9222,True,0.0
Placebo,66,9453,True,0.48466304543927924
Placebo,66,73,True,0.0
Placebo,66,390,True,0.37413030976577755
Placebo,66,424,True,0.0
Placebo,66,715,True,0.33123170878693
Placebo,66,915,False,0.0
Placebo,66,1579,True,0.0571330479527911
Placebo,66,1643,True,0.0
Placebo,66,1679,True,0.43048845369430166
Placebo,66,1982,True,0.4586039489022318
Placebo,66,2027,True,0.34766260640269653
Placebo,66,2211,True,0.6131471927654585
Placebo,66,2228,True,0.2640914147236969
Placebo,66,2352,True,0.0
Placebo,66,2520,True,0.07855213399923987
Placebo,66,2573,True,0.0
Placebo,66,2630,True,0.2957294355748672
Placebo,66,2666,True,0.5459243732367332
Placebo,66,2745,True,0.20856254645963038
Placebo,66,3149,True,0.5618331320094636
Placebo,66,3369,True,0.36897946507917356
Placebo,66,3617,True,0.2683084914390151
Placebo,66,3862,True,0.13124938519326135
Placebo,66,4124,True,0.1157485745803191
Placebo,66,4218,True,0.35882480074297135
Placebo,66,4268,True,0.3402514653667301
Placebo,66,4452,True,0.16235509300628828
Placebo,66,4522,True,0.40141978551837915
Placebo,66,4784,True,0.3154113089640956
Placebo,66,5139,False,0.0
Placebo,66,5438,True,0.19387103927053456
Placebo,66,5565,True,0.0
Placebo,66,5684,True,0.049941400570997205
Placebo,66,5775,True,0.06425604298318159
Placebo,66,6110,True,0.0
Placebo,66,6488,True,0.2831336969633193
Placebo,66,6590,True,0.0
Placebo,66,6793,True,0.2583088919405205
Placebo,66,7090,True,0.12438588249677485
Placebo,66,7112,True,0.13012668333070063
Placebo,66,7167,True,0.6775846721658153
Placebo,66,7287,True,0.17211777476040202
Placebo,66,7370,True,0.20242489933531047
Placebo,66,7547,True,0.4447999948801394
Placebo,66,7589,True,0.0
Placebo,66,7622,True,0.1777221092223318
Placebo,66,7640,True,0.0
Placebo,66,7757,True,0.2054328374127829
Placebo,66,8162,True,0.4271963537317499
Placebo,66,8508,True,0.26406812257259077
Placebo,66,8597,True,0.2843212436121947
Placebo,66,8771,False,0.0
Placebo,66,288,True,0.2996157973634457
Placebo,66,635,True,0.2887961789470174
Placebo,66,654,True,0.16462515763143099
Placebo,66,699,True,0.3111591540203987
Placebo,66,743,True,0.7169996996015154
Placebo,66,946,True,0.0
Placebo,66,976,False,0.0
Placebo,66,1144,True,0.656037369148096
Placebo,66,1187,True,0.12038024975882769
Placebo,66,1384,True,0.0
Placebo,66,1415,True,0.22634976243656424
Placebo,66,1443,True,0.2015156669932806
Placebo,66,1629,True,0.2463023887407299
Placebo,66,1684,True,0.0
Placebo,66,1802,True,0.057484716641728835
Placebo,66,1914,True,0.07504031173414566
Placebo,66,2046,True,0.0
Placebo,66,2071,True,0.09138839576037104
Placebo,66,2340,True,0.02648569314425579
Placebo,66,2749,True,0.3333347340904032
Placebo,66,3517,True,0.3144956463523791
Placebo,66,3758,True,0.2591217516005785
Placebo,66,4110,True,0.0
Placebo,66,4111,True,0.0
Placebo,66,4144,True,0.2026097735578014
Placebo,66,5021,True,0.19029015441717345
Placebo,66,5032,True,0.0
Placebo,66,5096,True,0.16107082950193796
Placebo,66,5109,True,0.501922041828267
Placebo,66,5114,True,0.319393943239799
Placebo,66,5977,True,0.0
Placebo,66,5984,True,0.0
Placebo,66,6353,True,0.10281992268828936
Placebo,66,6373,True,0.1302668084787467
Placebo,66,6539,True,0.0
Placebo,66,6554,True,0.5219345808444069
Placebo,66,6884,False,0.0
Placebo,66,6955,True,0.0
Placebo,66,7020,True,0.3291241488009622
Placebo,66,7029,True,0.2650746368008731
Placebo,66,7280,True,0.29305188564740814
Placebo,66,7394,True,0.12744111026842678
Placebo,66,7795,True,0.23209536462656322
Placebo,66,8108,True,0.1388624438735545
Placebo,66,8560,True,0.5454474771653856
Placebo,66,8632,True,0.42572512851660355
Placebo,66,8657,True,0.21064145286082164
Placebo,66,8777,True,0.5150966638129113
Placebo,66,9151,True,0.0
Placebo,66,9609,False,0.0
Placebo,67,102,True,0.8620764229140668
Placebo,67,314,True,0.4834798380101426
Placebo,67,1068,True,0.45219396216973495
Placebo,67,1525,True,0.054446697840052224
Placebo,67,1795,True,0.30642936054996456
Placebo,67,1929,True,0.257788622654265
Placebo,67,1931,True,0.2443527483788096
Placebo,67,1991,True,0.11076246003769862
Placebo,67,2528,True,0.5476802601686024
Placebo,67,2697,True,0.1264713513838286
Placebo,67,2834,True,0.4101720908346286
Placebo,67,2845,True,0.33658318317493685
Placebo,67,3031,True,0.321568268448101
Placebo,67,3250,True,0.2445791552706258
Placebo,67,3308,True,0.0
Placebo,67,3402,True,0.0
Placebo,67,3426,True,0.0
Placebo,67,3449,True,0.32980851443984227
Placebo,67,3756,True,0.0821774490341282
Placebo,67,4141,True,0.405960348927155
Placebo,67,4210,True,0.19044507179577796
Placebo,67,4516,True,0.0
Placebo,67,4692,True,0.0
Placebo,67,4700,False,0.0
Placebo,67,4910,False,0.0
Placebo,67,4962,False,0.0
Placebo,67,5275,True,0.07373686430042375
Placebo,67,5671,True,0.15713847185134025
Placebo,67,5683,True,0.6265583454328032
Placebo,67,6067,True,0.3003662266854713
Placebo,67,6378,True,0.5734924351562285
Placebo,67,6495,True,0.5150966638129113
Placebo,67,6868,True,0.10912004154869837
Placebo,67,6880,True,0.24287998731859775
Placebo,67,7144,True,0.21779458028958665
Placebo,67,7413,True,0.2649532270057247
Placebo,67,7526,True,0.0
Placebo,67,7531,True,0.0
Placebo,67,7577,True,0.0
Placebo,67,7621,True,0.151824112899849
Placebo,67,8198,True,0.362398226066355
Placebo,67,8442,True,0.12204179542176052
Placebo,67,8452,True,0.28232225823355483
Placebo,67,8476,True,0.24491104563887167
Placebo,67,8541,True,0.6646102676836309
Placebo,67,8802,True,0.36253434034593
Placebo,67,8816,True,0.0
Placebo,67,8852,False,0.0
Placebo,67,9099,True,0.0
Placebo,67,9479,True,0.0
Placebo,67,9625,False,0.0
Placebo,67,96,True,0.0
Placebo,67,171,True,0.28754802873141494
Placebo,67,328,False,0.0
Placebo,67,387,True,0.18144839984147818
Placebo,67,754,False,0.0
Placebo,67,983,True,0.623517904817591
Placebo,67,1039,True,0.23190563414990806
Placebo,67,1098,True,0.3576244437487529
Placebo,67,1120,True,0.17714752793103516
Placebo,67,1275,True,0.2969591943234115
Placebo,67,1343,True,0.0
Placebo,67,1483,True,0.23425332993314463
Placebo,67,2005,True,0.10209739512291151
Placebo,67,2048,True,0.35626033793199696
Placebo,67,2379,True,0.8267126457209768
Placebo,67,2516,True,0.14016605921614106
Placebo,67,2601,True,0.17926656063800403
Placebo,67,3210,True,0.30711165993048517
Placebo,67,3601,False,0.0
Placebo,67,3729,True,0.04247244516790244
Placebo,67,3832,True,0.5102381991478393
Placebo,67,4104,True,0.08949183290884721
Placebo,67,4286,True,0.49994140813074617
Placebo,67,4329,True,0.0
Placebo,67,4553,True,0.15232257932946244
Placebo,67,4790,True,0.0
Placebo,67,4844,True,0.0
Placebo,67,4994,True,0.0
Placebo,67,5020,True,0.2713447876391286
Placebo,67,5293,True,0.16155861974093175
Placebo,67,5338,True,0.5064600661913983
Placebo,67,5343,True,0.040742031470253154
Placebo,67,5464,True,0.0
Placebo,67,5560,True,0.23472349131008316
Placebo,67,5719,True,0.08421358772610599
Placebo,67,6055,True,0.19004688335796716
Placebo,67,6121,True,0.5627102928335186
Placebo,67,6128,True,0.2842909175692488
Placebo,67,6197,True,0.2844333296258355
Placebo,67,6336,True,0.31589816148855726
Placebo,67,6577,True,0.5461782614255095
Placebo,67,6717,True,0.0
Placebo,67,6906,False,0.0
Placebo,67,8550,True,0.0
Placebo,67,8576,True,0.286908002808128
Placebo,67,8790,False,0.0
Placebo,67,8840,False,0.0
Placebo,67,8878,True,0.0
Placebo,67,9337,True,0.41305473970168133
Placebo,67,9501,True,0.2189993099861719
Placebo,67,9512,False,0.0
Placebo,67,45,True,0.12741733550370726
Placebo,67,199,True,0.6309297535714573
Placebo,67,458,True,0.2766028558520608
Placebo,67,564,True,0.6459109476911975
Placebo,67,717,True,0.3903800499921017
Placebo,67,1109,True,0.6219369900716396
Placebo,67,1576,True,0.11853000556688278
Placebo,67,1711,True,0.0
Placebo,67,1868,True,0.0
Placebo,67,1942,True,0.04019569404504289
Placebo,67,2001,True,0.09887656755298396
Placebo,67,2217,True,0.09021422696383827
Placebo,67,2354,True,0.46664569981012827
Placebo,67,2761,True,0.25190132085971084
Placebo,67,2980,True,0.0
Placebo,67,3021,True,0.11756952634872292
Placebo,67,3030,True,0.38685280723454163
Placebo,67,3046,True,0.1420695882570561
Placebo,67,3050,True,0.5318491450965572
Placebo,67,3288,True,0.46865053268068735
Placebo,67,3302,True,0.35488553850270904
Placebo,67,3794,True,0.0
Placebo,67,3920,True,0.27311041228244687
Placebo,67,3965,True,0.04618292606246515
Placebo,67,4193,True,0.2197434773205065
Placebo,67,4294,True,0.3019025540492812
Placebo,67,4383,True,0.047394182184775376
Placebo,67,4474,True,0.17358671662542724
Placebo,67,5068,True,0.2501343650132303
Placebo,67,5258,True,0.0
Placebo,67,5306,True,0.5859211666107448
Placebo,67,5323,True,0.20682077259756396
Placebo,67,5421,True,0.45709953392533154
Placebo,67,5766,True,0.23847018429799888
Placebo,67,5877,True,0.06718247775149597
Placebo,67,5887,True,0.29453682405547676
Placebo,67,6126,True,0.0
Placebo,67,6190,True,0.4472716319959057
Placebo,67,6224,True,0.19781808561065742
Placebo,67,6465,True,0.0
Placebo,67,6853,True,0.3289436122721515
Placebo,67,6949,True,0.5125407393761723
Placebo,67,7107,True,0.09404673201358821
Placebo,67,7240,False,0.0
Placebo,67,7937,True,0.39857624387050816
Placebo,67,8015,True,0.2183733547559629
Placebo,67,8066,True,0.20374996892932623
Placebo,67,8202,True,0.4250529487941368
Placebo,67,8321,True,0.21913061650050944
Placebo,67,9222,True,0.0
Placebo,67,9453,True,0.7237836454106672
Placebo,67,73,True,0.2972524557639048
Placebo,67,390,True,0.5972134885080432
Placebo,67,424,True,0.2000975348422987
Placebo,67,715,True,0.320890838062896
Placebo,67,915,False,0.0
Placebo,67,1579,True,0.03733173465169271
Placebo,67,1643,True,0.0
Placebo,67,1679,True,0.2987000292917018
Placebo,67,1982,True,0.07839826897867538
Placebo,67,2027,True,0.41671319824488157
Placebo,67,2211,True,0.3868528072345415
Placebo,67,2228,True,0.3481533333551303
Placebo,67,2352,True,0.0
Placebo,67,2520,True,0.12741733550370726
Placebo,67,2573,True,0.0
Placebo,67,2630,True,0.47522975341608775
Placebo,67,2666,True,0.09404673201358821
Placebo,67,2745,True,0.09659142898761325
Placebo,67,3149,True,0.607053231105176
Placebo,67,3369,True,0.10282623181449238
Placebo,67,3617,True,0.19031326377064928
Placebo,67,3862,True,0.0
Placebo,67,4124,True,0.16130057424766625
Placebo,67,4218,True,0.17771074861004912
Placebo,67,4268,True,0.44980503482168843
Placebo,67,4452,True,0.08097835992217972
Placebo,67,4522,True,0.30793074344000987
Placebo,67,4784,True,0.048703129370002735
Placebo,67,5139,False,0.0
Placebo,67,5438,True,0.12116260022308561
Placebo,67,5565,True,0.07117026412480269
Placebo,67,5684,True,0.3586588306568009
Placebo,67,5775,True,0.18359730612299607
Placebo,67,6110,True,0.1081059890636773
Placebo,67,6488,True,0.12373653594087865
Placebo,67,6590,True,0.0
Placebo,67,6793,True,0.3134807091955317
Placebo,67,7090,True,0.05560460661203127
Placebo,67,7112,True,0.15101961822780524
Placebo,67,7167,True,0.31305869583665974
Placebo,67,7287,True,0.2443527483788096
Placebo,67,7370,True,0.2856995979565169
Placebo,67,7547,True,0.15489405951060572
Placebo,67,7589,True,0.09546043308946738
Placebo,67,7622,True,0.0576901476090013
Placebo,67,7640,True,0.0
Placebo,67,7757,True,0.06573065760316386
Placebo,67,8162,True,0.5674687670722867
Placebo,67,8508,True,0.0
Placebo,67,8597,True,0.22138883886389726
Placebo,67,8771,False,0.0
Placebo,67,288,True,0.5299735195563194
Placebo,67,635,True,0.3524295271327488
Placebo,67,654,True,0.14771611896243278
Placebo,67,699,True,0.2473198277814005
Placebo,67,743,True,0.4278147176399142
Placebo,67,946,True,0.0
Placebo,67,976,False,0.0
Placebo,67,1144,True,0.7207348559748835
Placebo,67,1187,True,0.20899041525783654
Placebo,67,1384,True,0.2184074368181643
Placebo,67,1415,True,0.2200917662980802
Placebo,67,1443,True,0.47838348993376023
Placebo,67,1629,True,0.1681275362711174
Placebo,67,1684,True,0.0
Placebo,67,1802,True,0.03858303713187615
Placebo,67,1914,True,0.4164007884487749
Placebo,67,2046,True,0.0
Placebo,67,2071,True,0.0
Placebo,67,2340,True,0.08274602130531994
Placebo,67,2749,True,0.28060180120016726
Placebo,67,3517,True,0.057484716641728835
Placebo,67,3758,True,0.0
Placebo,67,4110,True,0.6131471927654585
Placebo,67,4111,True,0.0
Placebo,67,4144,True,0.11742506567651854
Placebo,67,5021,True,0.2748763329142909
Placebo,67,5032,True,0.30451158278605134
Placebo,67,5096,True,0.0
Placebo,67,5109,True,0.4622135218702592
Placebo,67,5114,True,0.0
Placebo,67,5977,True,0.0
Placebo,67,5984,True,0.10987173866025325
Placebo,67,6353,True,0.298817456715777
Placebo,67,6373,True,0.19928212617043017
Placebo,67,6539,True,0.0
Placebo,67,6554,True,0.6049539422608547
Placebo,67,6884,False,0.0
Placebo,67,6955,True,0.42928256168969875
Placebo,67,7020,True,0.31300718363397956
Placebo,67,7029,True,0.497034245092299
Placebo,67,7280,True,0.22754083620157634
Placebo,67,7394,True,0.1557416014309696
Placebo,67,7795,True,0.44978009421064746
Placebo,67,8108,True,0.06625422345438896
Placebo,67,8560,True,0.2255099764920758
Placebo,67,8632,True,0.5970631264894807
Placebo,67,8657,True,0.0
Placebo,67,8777,True,0.4942806725201108
Placebo,67,9151,True,0.0
Placebo,67,9609,False,0.0
Placebo,68,102,True,0.7140413135603718
Placebo,68,314,True,0.24701903079824564
Placebo,68,1068,True,0.18391188799974267
Placebo,68,1525,True,0.0
Placebo,68,1795,True,0.2421800381873459
Placebo,68,1929,True,0.427994010614695
Placebo,68,1931,True,0.3108456065537028
Placebo,68,1991,True,0.0
Placebo,68,2528,True,0.24191454384109717
Placebo,68,2697,True,0.07979453856244821
Placebo,68,2834,True,0.29400651175580655
Placebo,68,2845,True,0.6717898612715659
Placebo,68,3031,True,0.0
Placebo,68,3250,True,0.2814036788151819
Placebo,68,3308,True,0.0
Placebo,68,3402,True,0.0
Placebo,68,3426,True,0.20151514190050243
Placebo,68,3449,True,0.2482463409511161
Placebo,68,3756,True,0.05478496602275216
Placebo,68,4141,True,0.5386972547172107
Placebo,68,4210,True,0.1247109634219927
Placebo,68,4516,True,0.12669792223864482
Placebo,68,4692,True,0.0
Placebo,68,4700,False,0.0
Placebo,68,4910,False,0.0
Placebo,68,4962,False,0.0
Placebo,68,5275,True,0.24264554659468662
Placebo,68,5671,True,0.0
Placebo,68,5683,True,0.5610733943122285
Placebo,68,6067,True,0.41761989146223183
Placebo,68,6378,True,0.18563701824155204
Placebo,68,6495,True,0.5304532634355337
Placebo,68,6868,True,0.1339222114103465
Placebo,68,6880,True,0.213047415432132
Placebo,68,7144,True,0.031210660728549694
Placebo,68,7413,True,0.32311000882594887
Placebo,68,7526,True,0.0
Placebo,68,7531,True,0.0
Placebo,68,7577,True,0.0
Placebo,68,7621,True,0.23537653116186527
Placebo,68,8198,True,0.3117857664574276
Placebo,68,8442,True,0.11671218210122498
Placebo,68,8452,True,0.18998309651969145
Placebo,68,8476,True,0.11458000193535317
Placebo,68,8541,True,0.41937989699282363
Placebo,68,8802,True,0.35158227428104166
Placebo,68,8816,True,0.33757736785484466
Placebo,68,8852,False,0.0
Placebo,68,9099,True,0.0
Placebo,68,9479,True,0.04616277736479889
Placebo,68,9625,False,0.0
Placebo,68,96,True,0.0
Placebo,68,171,True,0.24629914434692982
Placebo,68,328,False,0.0
Placebo,68,387,True,0.0
Placebo,68,754,False,0.0
Placebo,68,983,True,0.3172804768279572
Placebo,68,1039,True,0.3099022563328007
Placebo,68,1098,True,0.2678895532456301
Placebo,68,1120,True,0.1722436108032681
Placebo,68,1275,True,0.5749492602933642
Placebo,68,1343,True,0.0
Placebo,68,1483,True,0.1514932346264533
Placebo,68,2005,True,0.0
Placebo,68,2048,True,0.4956662221027809
Placebo,68,2379,True,0.4627129996475455
Placebo,68,2516,True,0.1837292600295144
Placebo,68,2601,True,0.0
Placebo,68,3210,True,0.14410435606517577
Placebo,68,3601,False,0.0
Placebo,68,3729,True,0.20823527601928019
Placebo,68,3832,True,0.2479600077622295
Placebo,68,4104,True,0.04510157879202123
Placebo,68,4286,True,0.630344026433521
Placebo,68,4329,True,0.0
Placebo,68,4553,True,0.3937481555797839
Placebo,68,4790,True,0.2184074368181643
Placebo,68,4844,True,0.0
Placebo,68,4994,True,0.0
Placebo,68,5020,True,0.1781157943073004
Placebo,68,5293,True,0.18604953838827915
Placebo,68,5338,True,0.4499471892217962
Placebo,68,5343,True,0.23238101363235153
Placebo,68,5464,True,0.0
Placebo,68,5560,True,0.1575573591631193
Placebo,68,5719,True,0.23093869094955627
Placebo,68,6055,True,0.14704034066641017
Placebo,68,6121,True,0.17578104585865553
Placebo,68,6128,True,0.2615902525459637
Placebo,68,6197,True,0.03285554183355297
Placebo,68,6336,True,0.0
Placebo,68,6577,True,0.10958096356617233
Placebo,68,6717,True,0.38685280723454163
Placebo,68,6906,False,0.0
Placebo,68,8550,True,0.0
Placebo,68,8576,True,0.0
Placebo,68,8790,False,0.0
Placebo,68,8840,False,0.0
Placebo,68,8878,True,0.0
Placebo,68,9337,True,0.0
Placebo,68,9501,True,0.10010349474692133
Placebo,68,9512,False,0.0
Placebo,68,45,True,0.16761302954875015
Placebo,68,199,True,0.3010299956639808
Placebo,68,458,True,0.4154717088129872
Placebo,68,564,True,0.6104554966027301
Placebo,68,717,True,0.15101961822780524
Placebo,68,1109,True,0.36524322880729726
Placebo,68,1576,True,0.5350241180633741
Placebo,68,1711,True,0.0
Placebo,68,1868,True,0.0
Placebo,68,1942,True,0.2560024599523049
Placebo,68,2001,True,0.0
Placebo,68,2217,True,0.0
Placebo,68,2354,True,0.29969931306022735
Placebo,68,2761,True,0.0
Placebo,68,2980,True,0.0
Placebo,68,3021,True,0.1779705901435387
Placebo,68,3030,True,0.0
Placebo,68,3046,True,0.4262087647711681
Placebo,68,3050,True,0.655236334200689
Placebo,68,3288,True,0.034215520932372095
Placebo,68,3302,True,0.12630801893044052
Placebo,68,3794,True,0.0
Placebo,68,3920,True,0.10527982729515885
Placebo,68,3965,True,0.1940294445321932
Placebo,68,4193,True,0.0
Placebo,68,4294,True,0.13347537859706934
Placebo,68,4383,True,0.5614340641796791
Placebo,68,4474,True,0.0
Placebo,68,5068,True,0.19783840468970493
Placebo,68,5258,True,0.0
Placebo,68,5306,True,0.5998311658612261
Placebo,68,5323,True,0.25205123099927346
Placebo,68,5421,True,0.553155400588435
Placebo,68,5766,True,0.23440170822466622
Placebo,68,5877,True,0.25490201073752866
Placebo,68,5887,True,0.24472127857025347
Placebo,68,6126,True,0.6309297535714573
Placebo,68,6190,True,0.2837867179200944
Placebo,68,6224,True,0.2172607128522299
Placebo,68,6465,True,0.0
Placebo,68,6853,True,0.0
Placebo,68,6949,True,0.2770226618949086
Placebo,68,7107,True,0.3236526935654564
Placebo,68,7240,False,0.0
Placebo,68,7937,True,0.47192607816390947
Placebo,68,8015,True,0.0
Placebo,68,8066,True,0.3689977500628702
Placebo,68,8202,True,0.21804360312183338
Placebo,68,8321,True,0.06943122193677725
Placebo,68,9222,True,0.10075757095025129
Placebo,68,9453,True,0.6660481045474049
Placebo,68,73,True,0.20151514190050243
Placebo,68,390,True,0.4918967390977109
Placebo,68,424,True,0.0
Placebo,68,715,True,0.32811290330684584
Placebo,68,915,False,0.0
Placebo,68,1579,True,0.0
Placebo,68,1643,True,0.0
Placebo,68,1679,True,0.20087954963526514
Placebo,68,1982,True,0.16006937327320506
Placebo,68,2027,True,0.3415584222827159
Placebo,68,2211,True,0.6131471927654585
Placebo,68,2228,True,0.06769534617092628
Placebo,68,2352,True,0.0
Placebo,68,2520,True,0.3333868050066544
Placebo,68,2573,True,0.13459609419756352
Placebo,68,2630,True,0.4883360815400777
Placebo,68,2666,True,0.2105658885415262
Placebo,68,2745,True,0.1448871434814198
Placebo,68,3149,True,0.459065884006623
Placebo,68,3369,True,0.03668196104968005
Placebo,68,3617,True,0.3815791210240536
Placebo,68,3862,True,0.0
Placebo,68,4124,True,0.0
Placebo,68,4218,True,0.038240332926747736
Placebo,68,4268,True,0.23055936503015956
Placebo,68,4452,True,0.12400675517968418
Placebo,68,4522,True,0.1590951479367076
Placebo,68,4784,True,0.7512854733526854
Placebo,68,5139,False,0.0
Placebo,68,5438,True,0.11381311447980796
Placebo,68,5565,True,0.4041319939753268
Placebo,68,5684,True,0.2921185851480024
Placebo,68,5775,True,0.18052293467685038
Placebo,68,6110,True,0.0
Placebo,68,6488,True,0.08097835992217972
Placebo,68,6590,True,0.0
Placebo,68,6793,True,0.14268133997184107
Placebo,68,7090,True,0.1474737286008475
Placebo,68,7112,True,0.3903800499921017
Placebo,68,7167,True,0.36452597632915557
Placebo,68,7287,True,0.21106704398008652
Placebo,68,7370,True,0.3471734332508545
Placebo,68,7547,True,0.1631024746422688
Placebo,68,7589,True,0.1303237659103706
Placebo,68,7622,True,0.1561688866220965
Placebo,68,7640,True,0.0
Placebo,68,7757,True,0.0
Placebo,68,8162,True,0.3130992987440402
Placebo,68,8508,True,0.2398910907200171
Placebo,68,8597,True,0.13713273472768409
Placebo,68,8771,False,0.0
Placebo,68,288,True,0.7143751410452188
Placebo,68,635,True,0.3447740713152437
Placebo,68,654,True,0.06077160635453517
Placebo,68,699,True,0.20511666732794348
Placebo,68,743,True,0.25459109116112144
Placebo,68,946,True,0.0
Placebo,68,976,False,0.0
Placebo,68,1144,True,0.3467329255765766
Placebo,68,1187,True,0.21365891257201397
Placebo,68,1384,True,0.0
Placebo,68,1415,True,0.13305201013572898
Placebo,68,1443,True,0.37523935026507016
Placebo,68,1629,True,0.11751610475642699
Placebo,68,1684,True,0.28326895151118964
Placebo,68,1802,True,0.06686546800627258
Placebo,68,1914,True,0.7386730375707296
Placebo,68,2046,True,0.0
Placebo,68,2071,True,0.4328709377702159
Placebo,68,2340,True,0.10633668103022988
Placebo,68,2749,True,0.1860347857199345
Placebo,68,3517,True,0.22954313237067434
Placebo,68,3758,True,0.0
Placebo,68,4110,True,0.08861964339202381
Placebo,68,4111,True,0.0
Placebo,68,4144,True,0.0
Placebo,68,5021,True,0.29575279773809815
Placebo,68,5032,True,0.1155615923273485
Placebo,68,5096,True,0.07480524497604903
Placebo,68,5109,True,0.44067813511326426
Placebo,68,5114,True,0.09614715734857844
Placebo,68,5977,True,0.0
Placebo,68,5984,True,0.2398124665681314
Placebo,68,6353,True,0.18914170299802124
Placebo,68,6373,True,0.1542374814480863
Placebo,68,6539,True,0.0
Placebo,68,6554,True,0.03312711172719448
Placebo,68,6884,False,0.0
Placebo,68,6955,True,0.199949438556229
Placebo,68,7020,True,0.3896346620698457
Placebo,68,7029,True,0.1787133860341855
Placebo,68,7280,True,0.0
Placebo,68,7394,True,0.10080156437427772
Placebo,68,7795,True,0.26384905600362746
Placebo,68,8108,True,0.1100458831490401
Placebo,68,8560,True,0.4796815143234441
Placebo,68,8632,True,0.10327064981393906
Placebo,68,8657,True,0.13347537859706934
Placebo,68,8777,True,0.40658503329183104
Placebo,68,9151,True,0.0
Placebo,68,9609,False,0.0
Placebo,69,102,True,0.8482378089219645
Placebo,69,314,True,0.23292337742498048
Placebo,69,1068,True,0.10080102058579403
Placebo,69,1525,True,0.1382278178819484
Placebo,69,1795,True,0.038697930651346815
Placebo,69,1929,True,0.3791929521296252
Placebo,69,1931,True,0.11789422896273459
Placebo,69,1991,True,0.15846525509047654
Placebo,69,2528,True,0.35136664032838444
Placebo,69,2697,True,0.10893649261775587
Placebo,69,2834,True,0.06643541119670597
Placebo,69,2845,True,0.03683186995726716
Placebo,69,3031,True,0.29709210246909823
Placebo,69,3250,True,0.2664628585461853
Placebo,69,3308,True,0.20151514190050243
Placebo,69,3402,True,0.0
Placebo,69,3426,True,0.0
Placebo,69,3449,True,0.046914224068210206
Placebo,69,3756,True,0.15356283605750867
Placebo,69,4141,True,0.48250407777781723
Placebo,69,4210,True,0.30437510799844525
Placebo,69,4516,True,0.0
Placebo,69,4692,True,0.0
Placebo,69,4700,False,0.0
Placebo,69,4910,False,0.0
Placebo,69,4962,False,0.0
Placebo,69,5275,True,0.0
Placebo,69,5671,True,0.07478857588822568
Placebo,69,5683,True,0.5774250016294136
Placebo,69,6067,True,0.646738036787878
Placebo,69,6378,True,0.39254622054479255
Placebo,69,6495,True,0.4414324016921523
Placebo,69,6868,True,0.13584891263307547
Placebo,69,6880,True,0.48046905674169843
Placebo,69,7144,True,0.20877271093718397
Placebo,69,7413,True,0.1799240925611312
Placebo,69,7526,True,0.23719771276929624
Placebo,69,7531,True,0.0
Placebo,69,7577,True,0.0
Placebo,69,7621,True,0.3115434782217408
Placebo,69,8198,True,0.24220766400428392
Placebo,69,8442,True,0.12445731072568321
Placebo,69,8452,True,0.48619682380584467
Placebo,69,8476,True,0.18181175306035263
Placebo,69,8541,True,0.5144027231063143
Placebo,69,8802,True,0.2931375901049005
Placebo,69,8816,True,0.20863058107042656
Placebo,69,8852,False,0.0
Placebo,69,9099,True,0.0
Placebo,69,9479,True,0.0
Placebo,69,9625,False,0.0
Placebo,69,96,True,0.0
Placebo,69,171,True,0.2225268726719332
Placebo,69,328,False,0.0
Placebo,69,387,True,0.0
Placebo,69,754,False,0.0
Placebo,69,983,True,0.361235504823524
Placebo,69,1039,True,0.27670607966168825
Placebo,69,1098,True,0.12280382289494315
Placebo,69,1120,True,0.3893896983223993
Placebo,69,1275,True,0.43095682149247794
Placebo,69,1343,True,0.0
Placebo,69,1483,True,0.1627673775607761
Placebo,69,2005,True,0.0
Placebo,69,2048,True,0.25582328468371
Placebo,69,2379,True,0.7595159140323745
Placebo,69,2516,True,0.5020925542310415
Placebo,69,2601,True,0.09077394133714942
Placebo,69,3210,True,0.2838899970462656
Placebo,69,3601,False,0.0
Placebo,69,3729,True,0.2736749298016386
Placebo,69,3832,True,0.3505983075096191
Placebo,69,4104,True,0.25772551530833376
Placebo,69,4286,True,0.7476725230636544
Placebo,69,4329,True,0.2707842629583516
Placebo,69,4553,True,0.0
Placebo,69,4790,True,0.0
Placebo,69,4844,True,0.0
Placebo,69,4994,True,0.0
Placebo,69,5020,True,0.45763598457996507
Placebo,69,5293,True,0.0
Placebo,69,5338,True,0.2513234767532402
Placebo,69,5343,True,0.12331107365087286
Placebo,69,5464,True,0.506426799975579
Placebo,69,5560,True,0.4385148641894465
Placebo,69,5719,True,0.0
Placebo,69,6055,True,0.0
Placebo,69,6121,True,0.4587867085723346
Placebo,69,6128,True,0.08421358772610593
Placebo,69,6197,True,0.05683075013322683
Placebo,69,6336,True,0.314598925992543
Placebo,69,6577,True,0.22805949184144306
Placebo,69,6717,True,0.3154648767857289
Placebo,69,6906,False,0.0
Placebo,69,8550,True,0.0
Placebo,69,8576,True,0.2769261210513324
Placebo,69,8790,False,0.0
Placebo,69,8840,False,0.0
Placebo,69,8878,True,0.4306765580733929
Placebo,69,9337,True,0.0
Placebo,69,9501,True,0.3348382230852067
Placebo,69,9512,False,0.0
Placebo,69,45,True,0.16533627842589066
Placebo,69,199,True,0.0
Placebo,69,458,True,0.3643724203656303
Placebo,69,564,True,0.5732161694179142
Placebo,69,717,True,0.0
Placebo,69,1109,True,0.6959505446245725
Placebo,69,1576,True,0.2835719645227238
Placebo,69,1711,True,0.3154648767857289
Placebo,69,1868,True,0.0
Placebo,69,1942,True,0.1229554938444889
Placebo,69,2001,True,0.10218331334064332
Placebo,69,2217,True,0.0
Placebo,69,2354,True,0.3837942260662654
Placebo,69,2761,True,0.0
Placebo,69,2980,True,0.0
Placebo,69,3021,True,0.2899418868073581
Placebo,69,3030,True,0.0
Placebo,69,3046,True,0.0
Placebo,69,3050,True,0.7327161215700588
Placebo,69,3288,True,0.15405894188402927
Placebo,69,3302,True,0.1799405524223116
Placebo,69,3794,True,0.0
Placebo,69,3920,True,0.21828302741305539
Placebo,69,3965,True,0.06452577150984494
Placebo,69,4193,True,0.0
Placebo,69,4294,True,0.3620405355106195
Placebo,69,4383,True,0.2197615886256217
Placebo,69,4474,True,0.0
Placebo,69,5068,True,0.4291276964837756
Placebo,69,5258,True,0.0
Placebo,69,5306,True,0.4357637147580228
Placebo,69,5323,True,0.18960396192930448
Placebo,69,5421,True,0.39665420204224106
Placebo,69,5766,True,0.3535184243151565
Placebo,69,5877,True,0.23806135083945892
Placebo,69,5887,True,0.14714707447490347
Placebo,69,6126,True,0.0
Placebo,69,6190,True,0.5108599738165412
Placebo,69,6224,True,0.15139734109600997
Placebo,69,6465,True,0.0
Placebo,69,6853,True,0.09684158012280931
Placebo,69,6949,True,0.2895229882348575
Placebo,69,7107,True,0.07778487414574674
Placebo,69,7240,False,0.0
Placebo,69,7937,True,0.4301483389691816
Placebo,69,8015,True,0.0
Placebo,69,8066,True,0.2919022168327402
Placebo,69,8202,True,0.5039654437175523
Placebo,69,8321,True,0.15626455761077315
Placebo,69,9222,True,0.0
Placebo,69,9453,True,0.4703959749816985
Placebo,69,73,True,0.2202350658473879
Placebo,69,390,True,0.38935415409608365
Placebo,69,424,True,0.10004876742114935
Placebo,69,715,True,0.43715504840437125
Placebo,69,915,False,0.0
Placebo,69,1579,True,0.25529284706018174
Placebo,69,1643,True,0.20210734650054754
Placebo,69,1679,True,0.3163112558007887
Placebo,69,1982,True,0.06362078819895167
Placebo,69,2027,True,0.10962735030186617
Placebo,69,2211,True,0.6131471927654585
Placebo,69,2228,True,0.0838428120764118
Placebo,69,2352,True,0.3010299956639808
Placebo,69,2520,True,0.1276058112944166
Placebo,69,2573,True,0.0
Placebo,69,2630,True,0.6069108398694024
Placebo,69,2666,True,0.13777597210996173
Placebo,69,2745,True,0.0
Placebo,69,3149,True,0.28793448899366336
Placebo,69,3369,True,0.12182507869130106
Placebo,69,3617,True,0.2542191415527787
Placebo,69,3862,True,0.0
Placebo,69,4124,True,0.19126251419602472
Placebo,69,4218,True,0.1275621871464301
Placebo,69,4268,True,0.23686288791265822
Placebo,69,4452,True,0.2130483765146811
Placebo,69,4522,True,0.1870298305944951
Placebo,69,4784,True,0.5570815579742484
Placebo,69,5139,False,0.0
Placebo,69,5438,True,0.11491342269152459
Placebo,69,5565,True,0.17189225054733448
Placebo,69,5684,True,0.25416097128347076
Placebo,69,5775,True,0.36452597632915557
Placebo,69,6110,True,0.0
Placebo,69,6488,True,0.13207001659250134
Placebo,69,6590,True,0.0
Placebo,69,6793,True,0.08116136400948519
Placebo,69,7090,True,0.09019475927038985
Placebo,69,7112,True,0.0
Placebo,69,7167,True,0.3511091902604917
Placebo,69,7287,True,0.24039738189228269
Placebo,69,7370,True,0.35134918511821567
Placebo,69,7547,True,0.1545743395783983
Placebo,69,7589,True,0.107789154524511
Placebo,69,7622,True,0.06265341172228864
Placebo,69,7640,True,0.0
Placebo,69,7757,True,0.10720208520681786
Placebo,69,8162,True,0.2758403688450564
Placebo,69,8508,True,0.0
Placebo,69,8597,True,0.4111022312619634
Placebo,69,8771,False,0.0
Placebo,69,288,True,0.6006709294346744
Placebo,69,635,True,0.5108928640744845
Placebo,69,654,True,0.26296783054157824
Placebo,69,699,True,0.14876390584057267
Placebo,69,743,True,0.2352755933222364
Placebo,69,946,True,0.0
Placebo,69,976,False,0.0
Placebo,69,1144,True,0.6700287430287197
Placebo,69,1187,True,0.2789940715052974
Placebo,69,1384,True,0.1934264036172709
Placebo,69,1415,True,0.4471807895586064
Placebo,69,1443,True,0.2281214638188152
Placebo,69,1629,True,0.0
Placebo,69,1684,True,0.13029013536623804
Placebo,69,1802,True,0.11496943328345767
Placebo,69,1914,True,0.49527645747916815
Placebo,69,2046,True,0.15101961822780524
Placebo,69,2071,True,0.06715150624238254
Placebo,69,2340,True,0.0
Placebo,69,2749,True,0.2444521888215188
Placebo,69,3517,True,0.19121689608914014
Placebo,69,3758,True,0.0
Placebo,69,4110,True,0.0
Placebo,69,4111,True,0.1681275362711174
Placebo,69,4144,True,0.05856735900379242
Placebo,69,5021,True,0.2748763329142909
Placebo,69,5032,True,0.06705798960049263
Placebo,69,5096,True,0.15736409756581768
Placebo,69,5109,True,0.49669462215014093
Placebo,69,5114,True,0.10075757095025129
Placebo,69,5977,True,0.3333333333333335
Placebo,69,5984,True,0.0
Placebo,69,6353,True,0.3760535329251419
Placebo,69,6373,True,0.06729296884018869
Placebo,69,6539,True,0.0
Placebo,69,6554,True,0.13184067796990853
Placebo,69,6884,False,0.0
Placebo,69,6955,True,0.05850285954499243
Placebo,69,7020,True,0.18442783606932645
Placebo,69,7029,True,0.07839826897867538
Placebo,69,7280,True,0.13755548414400526
Placebo,69,7394,True,0.0
Placebo,69,7795,True,0.19262060432913997
Placebo,69,8108,True,0.14465249243306436
Placebo,69,8560,True,0.462816159178193
Placebo,69,8632,True,0.20905133318175245
Placebo,69,8657,True,0.21211866216499434
Placebo,69,8777,True,0.8592741658438041
Placebo,69,9151,True,0.0
Placebo,69,9609,False,0.0
Placebo,70,102,True,0.5247598316299019
Placebo,70,314,True,0.16182746761501549
Placebo,70,1068,True,0.489614544164879
Placebo,70,1525,True,0.20153784159686822
Placebo,70,1795,True,0.24224637772777294
Placebo,70,1929,True,0.40133647351418955
Placebo,70,1931,True,0.3171852876202874
Placebo,70,1991,True,0.4033982400800172
Placebo,70,2528,True,0.5184089354927905
Placebo,70,2697,True,0.0731168384439099
Placebo,70,2834,True,0.375417457121232
Placebo,70,2845,True,0.5351976300342988
Placebo,70,3031,True,0.08121369352314983
Placebo,70,3250,True,0.5200004150219563
Placebo,70,3308,True,0.34326404446063064
Placebo,70,3402,True,0.20069926796113674
Placebo,70,3426,True,0.0
Placebo,70,3449,True,0.16088167238329784
Placebo,70,3756,True,0.19006009076379793
Placebo,70,4141,True,0.26055138077891293
Placebo,70,4210,True,0.2645542932248712
Placebo,70,4516,True,0.0
Placebo,70,4692,True,0.0
Placebo,70,4700,False,0.0
Placebo,70,4910,False,0.0
Placebo,70,4962,False,0.0
Placebo,70,5275,True,0.1400540863067494
Placebo,70,5671,True,0.10010349474692133
Placebo,70,5683,True,0.2896857681639686
Placebo,70,6067,True,0.6186449870422249
Placebo,70,6378,True,0.22723968563794628
Placebo,70,6495,True,0.4148734840349087
Placebo,70,6868,True,0.2796566576164364
Placebo,70,6880,True,0.33315459518052626
Placebo,70,7144,True,0.16195671984435944
Placebo,70,7413,True,0.5638221067551341
Placebo,70,7526,True,0.30657359638272924
Placebo,70,7531,True,0.0
Placebo,70,7577,True,0.1809074917818078
Placebo,70,7621,True,0.09105607183709614
Placebo,70,8198,True,0.1622259882035525
Placebo,70,8442,True,0.12737140874229597
Placebo,70,8452,True,0.4030200132508004
Placebo,70,8476,True,0.1501695024231777
Placebo,70,8541,True,0.6657705428746269
Placebo,70,8802,True,0.2878373851609306
Placebo,70,8816,True,0.10431529053521328
Placebo,70,8852,False,0.0
Placebo,70,9099,True,0.15979138559512826
Placebo,70,9479,True,0.0
Placebo,70,9625,False,0.0
Placebo,70,96,True,0.0
Placebo,70,171,True,0.26934286376475775
Placebo,70,328,False,0.0
Placebo,70,387,True,0.0
Placebo,70,754,False,0.0
Placebo,70,983,True,0.14818900389828504
Placebo,70,1039,True,0.3726568574193435
Placebo,70,1098,True,0.13366037064974126
Placebo,70,1120,True,0.17714752793103516
Placebo,70,1275,True,0.29437491012316
Placebo,70,1343,True,0.0
Placebo,70,1483,True,0.04681599109282455
Placebo,70,2005,True,0.0
Placebo,70,2048,True,0.3739018889931019
Placebo,70,2379,True,0.7260248610493447
Placebo,70,2516,True,0.14185627724851593
Placebo,70,2601,True,0.0
Placebo,70,3210,True,0.3007049942424514
Placebo,70,3601,False,0.0
Placebo,70,3729,True,0.19058020410933815
Placebo,70,3832,True,0.42206028806125384
Placebo,70,4104,True,0.38530225732626644
Placebo,70,4286,True,0.5192207111370643
Placebo,70,4329,True,0.0
Placebo,70,4553,True,0.0
Placebo,70,4790,True,0.0
Placebo,70,4844,True,0.0
Placebo,70,4994,True,0.0
Placebo,70,5020,True,0.6234511922003736
Placebo,70,5293,True,0.398684348074683
Placebo,70,5338,True,0.33043745916633294
Placebo,70,5343,True,0.2587587216693273
Placebo,70,5464,True,0.0
Placebo,70,5560,True,0.31406606439823603
Placebo,70,5719,True,0.16457377300675394
Placebo,70,6055,True,0.19004688335796716
Placebo,70,6121,True,0.5343919760726995
Placebo,70,6128,True,0.19333362927480435
Placebo,70,6197,True,0.36060945004729295
Placebo,70,6336,True,0.2270830107859432
Placebo,70,6577,True,0.32268737307158624
Placebo,70,6717,True,0.0
Placebo,70,6906,False,0.0
Placebo,70,8550,True,0.0
Placebo,70,8576,True,0.21223850836926947
Placebo,70,8790,False,0.0
Placebo,70,8840,False,0.0
Placebo,70,8878,True,0.0
Placebo,70,9337,True,0.0
Placebo,70,9501,True,0.5135295212314253
Placebo,70,9512,False,0.0
Placebo,70,45,True,0.07671287990839397
Placebo,70,199,True,0.3333333333333335
Placebo,70,458,True,0.68672383352089
Placebo,70,564,True,0.6464810106741412
Placebo,70,717,True,0.13012668333070063
Placebo,70,1109,True,0.722618615329875
Placebo,70,1576,True,0.0
Placebo,70,1711,True,0.0
Placebo,70,1868,True,0.0
Placebo,70,1942,True,0.09810644453930323
Placebo,70,2001,True,0.0
Placebo,70,2217,True,0.15979138559512826
Placebo,70,2354,True,0.20707128304269357
Placebo,70,2761,True,0.0
Placebo,70,2980,True,0.3010299956639808
Placebo,70,3021,True,0.2735598799152668
Placebo,70,3030,True,0.0
Placebo,70,3046,True,0.0
Placebo,70,3050,True,0.49725781331538565
Placebo,70,3288,True,0.03430909131425432
Placebo,70,3302,True,0.43701428107061213
Placebo,70,3794,True,0.0
Placebo,70,3920,True,0.24699099348119496
Placebo,70,3965,True,0.07491210085649577
Placebo,70,4193,True,0.0
Placebo,70,4294,True,0.2669507571941387
Placebo,70,4383,True,0.24010405990980765
Placebo,70,4474,True,0.052918881365358106
Placebo,70,5068,True,0.2996484034259831
Placebo,70,5258,True,0.16997985481932337
Placebo,70,5306,True,0.31696587037397655
Placebo,70,5323,True,0.5606557093623753
Placebo,70,5421,True,0.5727142896457873
Placebo,70,5766,True,0.4461309581702525
Placebo,70,5877,True,0.0
Placebo,70,5887,True,0.04330890684638207
Placebo,70,6126,True,0.5
Placebo,70,6190,True,0.5723708393673306
Placebo,70,6224,True,0.4251953313408916
Placebo,70,6465,True,0.0
Placebo,70,6853,True,0.2503318531280453
Placebo,70,6949,True,0.285340076483234
Placebo,70,7107,True,0.25698145008215734
Placebo,70,7240,False,0.0
Placebo,70,7937,True,0.5597467558432784
Placebo,70,8015,True,0.14126697285982884
Placebo,70,8066,True,0.20880888691613647
Placebo,70,8202,True,0.22426535568892117
Placebo,70,8321,True,0.25320725033481045
Placebo,70,9222,True,0.2611139277000314
Placebo,70,9453,True,0.603345797957759
Placebo,70,73,True,0.0
Placebo,70,390,True,0.3420637497814746
Placebo,70,424,True,0.06715150624238254
Placebo,70,715,True,0.5671454170743717
Placebo,70,915,False,0.0
Placebo,70,1579,True,0.06156831509208421
Placebo,70,1643,True,0.0
Placebo,70,1679,True,0.1963211938468393
Placebo,70,1982,True,0.14201905717762706
Placebo,70,2027,True,0.5435516247095123
Placebo,70,2211,True,0.3868528072345415
Placebo,70,2228,True,0.0
Placebo,70,2352,True,0.371529997171282
Placebo,70,2520,True,0.07366373991453432
Placebo,70,2573,True,0.06978419164318803
Placebo,70,2630,True,0.44825021844310603
Placebo,70,2666,True,0.16683664844515267
Placebo,70,2745,True,0.0
Placebo,70,3149,True,0.2327119414554839
Placebo,70,3369,True,0.1605082791491113
Placebo,70,3617,True,0.17848777543416733
Placebo,70,3862,True,0.25378344889272136
Placebo,70,4124,True,0.20353866312202926
Placebo,70,4218,True,0.09424516707495509
Placebo,70,4268,True,0.11667408816896885
Placebo,70,4452,True,0.26453840634693143
Placebo,70,4522,True,0.09286367084027204
Placebo,70,4784,True,0.36896744982959384
Placebo,70,5139,False,0.0
Placebo,70,5438,True,0.1803895185407797
Placebo,70,5565,True,0.20188093683126174
Placebo,70,5684,True,0.20523724423812814
Placebo,70,5775,True,0.05322346041535818
Placebo,70,6110,True,0.07712144545593325
Placebo,70,6488,True,0.0576901476090013
Placebo,70,6590,True,0.0
Placebo,70,6793,True,0.0
Placebo,70,7090,True,0.0
Placebo,70,7112,True,0.1595735772494613
Placebo,70,7167,True,0.5848611706085673
Placebo,70,7287,True,0.11822100770287784
Placebo,70,7370,True,0.306980546010472
Placebo,70,7547,True,0.042571558820810505
Placebo,70,7589,True,0.0
Placebo,70,7622,True,0.16235509300628823
Placebo,70,7640,True,0.0
Placebo,70,7757,True,0.1317571653857687
Placebo,70,8162,True,0.44173274171355137
Placebo,70,8508,True,0.08861964339202381
Placebo,70,8597,True,0.34800042787012947
Placebo,70,8771,False,0.0
Placebo,70,288,True,0.5465890562102969
Placebo,70,635,True,0.20053694346920714
Placebo,70,654,True,0.06077160635453517
Placebo,70,699,True,0.5326175034551647
Placebo,70,743,True,0.18142642830097747
Placebo,70,946,True,0.0
Placebo,70,976,False,0.0
Placebo,70,1144,True,0.7792605554316713
Placebo,70,1187,True,0.19221068833990299
Placebo,70,1384,True,0.2113949172033253
Placebo,70,1415,True,0.0
Placebo,70,1443,True,0.2764582536639236
Placebo,70,1629,True,0.15101961822780524
Placebo,70,1684,True,0.5594737946366742
Placebo,70,1802,True,0.14998792641327613
Placebo,70,1914,True,0.33165756004017355
Placebo,70,2046,True,0.1681275362711174
Placebo,70,2071,True,0.0
Placebo,70,2340,True,0.0
Placebo,70,2749,True,0.18499200231596538
Placebo,70,3517,True,0.3464903654938971
Placebo,70,3758,True,0.0
Placebo,70,4110,True,0.6934264036172708
Placebo,70,4111,True,0.3903800499921017
Placebo,70,4144,True,0.38930936754881285
Placebo,70,5021,True,0.08671382849411978
Placebo,70,5032,True,0.4385617217718935
Placebo,70,5096,True,0.23708317313153257
Placebo,70,5109,True,0.5546838417315043
Placebo,70,5114,True,0.0
Placebo,70,5977,True,0.6309297535714573
Placebo,70,5984,True,0.19004688335796716
Placebo,70,6353,True,0.47085453202162764
Placebo,70,6373,True,0.07809742170892058
Placebo,70,6539,True,0.0
Placebo,70,6554,True,0.5708588662113935
Placebo,70,6884,False,0.0
Placebo,70,6955,True,0.0
Placebo,70,7020,True,0.4326182071413006
Placebo,70,7029,True,0.24464179937516486
Placebo,70,7280,True,0.0
Placebo,70,7394,True,0.12084261932974714
Placebo,70,7795,True,0.29236310772018576
Placebo,70,8108,True,0.0
Placebo,70,8560,True,0.30206348236193553
Placebo,70,8632,True,0.24180334396056966
Placebo,70,8657,True,0.1352698709568048
Placebo,70,8777,True,0.325950842478696
Placebo,70,9151,True,0.0
Placebo,70,9609,False,0.0
Placebo,71,102,True,0.7975167679274938
Placebo,71,314,True,0.34542276633589725
Placebo,71,1068,True,0.15016839741206434
Placebo,71,1525,True,0.46075007619168085
Placebo,71,1795,True,0.3577141288678934
Placebo,71,1929,True,0.3310568711728401
Placebo,71,1931,True,0.19173422056972433
Placebo,71,1991,True,0.1310646277629874
Placebo,71,2528,True,0.37519872963512785
Placebo,71,2697,True,0.15668447598981367
Placebo,71,2834,True,0.5178391007527131
Placebo,71,2845,True,0.29639757439458364
Placebo,71,3031,True,0.052639913647579424
Placebo,71,3250,True,0.28289856794924
Placebo,71,3308,True,0.11377041810078817
Placebo,71,3402,True,0.06615388380303325
Placebo,71,3426,True,0.0
Placebo,71,3449,True,0.16814336334649435
Placebo,71,3756,True,0.0821774490341282
Placebo,71,4141,True,0.48831451151564287
Placebo,71,4210,True,0.3256108861442793
Placebo,71,4516,True,0.0
Placebo,71,4692,True,0.0
Placebo,71,4700,False,0.0
Placebo,71,4910,False,0.0
Placebo,71,4962,False,0.0
Placebo,71,5275,True,0.1803895185407797
Placebo,71,5671,True,0.14074267220463055
Placebo,71,5683,True,0.3034530664952838
Placebo,71,6067,True,0.21479775535698045
Placebo,71,6378,True,0.28249245362319125
Placebo,71,6495,True,0.6279772502201901
Placebo,71,6868,True,0.042106793863052994
Placebo,71,6880,True,0.07711607962658217
Placebo,71,7144,True,0.06975096265942549
Placebo,71,7413,True,0.32367779004349995
Placebo,71,7526,True,0.0
Placebo,71,7531,True,0.0
Placebo,71,7577,True,0.0
Placebo,71,7621,True,0.3530647967427979
Placebo,71,8198,True,0.39908220115206644
Placebo,71,8442,True,0.201878906520566
Placebo,71,8452,True,0.1723053839618789
Placebo,71,8476,True,0.19031326377064928
Placebo,71,8541,True,0.7720617383222416
Placebo,71,8802,True,0.37151943211629335
Placebo,71,8816,True,0.0
Placebo,71,8852,False,0.0
Placebo,71,9099,True,0.15979138559512826
Placebo,71,9479,True,0.0
Placebo,71,9625,False,0.0
Placebo,71,96,True,0.0
Placebo,71,171,True,0.580987276743365
Placebo,71,328,False,0.0
Placebo,71,387,True,0.0
Placebo,71,754,False,0.0
Placebo,71,983,True,0.28860614698408227
Placebo,71,1039,True,0.4068890231256185
Placebo,71,1098,True,0.06779095235709008
Placebo,71,1120,True,0.2613080943366759
Placebo,71,1275,True,0.6479067299862245
Placebo,71,1343,True,0.3447702602206779
Placebo,71,1483,True,0.1561688866220965
Placebo,71,2005,True,0.1130534017578721
Placebo,71,2048,True,0.6130265379834418
Placebo,71,2379,True,0.7495133663253691
Placebo,71,2516,True,0.4455768253700855
Placebo,71,2601,True,0.13295590353727083
Placebo,71,3210,True,0.17856921063991382
Placebo,71,3601,False,0.0
Placebo,71,3729,True,0.0
Placebo,71,3832,True,0.39009390287449847
Placebo,71,4104,True,0.07491210085649577
Placebo,71,4286,True,0.6835381846158709
Placebo,71,4329,True,0.0
Placebo,71,4553,True,0.0
Placebo,71,4790,True,0.17723928678404763
Placebo,71,4844,True,0.0
Placebo,71,4994,True,0.21292929549319944
Placebo,71,5020,True,0.5481579012364073
Placebo,71,5293,True,0.12004210275379738
Placebo,71,5338,True,0.28331723381275353
Placebo,71,5343,True,0.16242738704629966
Placebo,71,5464,True,0.2697483661391257
Placebo,71,5560,True,0.1961153989764104
Placebo,71,5719,True,0.370263461281385
Placebo,71,6055,True,0.23981246656813157
Placebo,71,6121,True,0.20735142095824854
Placebo,71,6128,True,0.11496943328345767
Placebo,71,6197,True,0.16497375020635366
Placebo,71,6336,True,0.28044693950859495
Placebo,71,6577,True,0.23865048281285373
Placebo,71,6717,True,0.0
Placebo,71,6906,False,0.0
Placebo,71,8550,True,0.0
Placebo,71,8576,True,0.5051751131154862
Placebo,71,8790,False,0.0
Placebo,71,8840,False,0.0
Placebo,71,8878,True,0.0
Placebo,71,9337,True,0.10907458963273317
Placebo,71,9501,True,0.2860066775131076
Placebo,71,9512,False,0.0
Placebo,71,45,True,0.17897489594999488
Placebo,71,199,True,0.4391764551026448
Placebo,71,458,True,0.27935741034355355
Placebo,71,564,True,0.6393210009134838
Placebo,71,717,True,0.5032251913410368
Placebo,71,1109,True,0.7178148836062319
Placebo,71,1576,True,0.19687407778989194
Placebo,71,1711,True,0.0
Placebo,71,1868,True,0.25339584447728963
Placebo,71,1942,True,0.15787567148264567
Placebo,71,2001,True,0.20547880790790649
Placebo,71,2217,True,0.0
Placebo,71,2354,True,0.20388592825822574
Placebo,71,2761,True,0.0
Placebo,71,2980,True,0.0
Placebo,71,3021,True,0.08097408658478238
Placebo,71,3030,True,0.0
Placebo,71,3046,True,0.0
Placebo,71,3050,True,0.5024736764595235
Placebo,71,3288,True,0.2444197295404352
Placebo,71,3302,True,0.13624784641392898
Placebo,71,3794,True,0.3154648767857289
Placebo,71,3920,True,0.3528487437670149
Placebo,71,3965,True,0.355947185345724
Placebo,71,4193,True,0.25339584447728963
Placebo,71,4294,True,0.0
Placebo,71,4383,True,0.5575503076033357
Placebo,71,4474,True,0.15776946685267973
Placebo,71,5068,True,0.4555639199980387
Placebo,71,5258,True,0.07535987275211563
Placebo,71,5306,True,0.6164741867268457
Placebo,71,5323,True,0.4861908032959409
Placebo,71,5421,True,0.4200024061397792
Placebo,71,5766,True,0.2687908353878029
Placebo,71,5877,True,0.0
Placebo,71,5887,True,0.06124284226709497
Placebo,71,6126,True,0.3154648767857289
Placebo,71,6190,True,0.3651143191376401
Placebo,71,6224,True,0.2934556883974403
Placebo,71,6465,True,0.0
Placebo,71,6853,True,0.0
Placebo,71,6949,True,0.30878319048541725
Placebo,71,7107,True,0.0
Placebo,71,7240,False,0.0
Placebo,71,7937,True,0.422316499276074
Placebo,71,8015,True,0.23463936301137828
Placebo,71,8066,True,0.1459511084163701
Placebo,71,8202,True,0.4522668642865558
Placebo,71,8321,True,0.2687340774624333
Placebo,71,9222,True,0.0
Placebo,71,9453,True,0.745600311224688
Placebo,71,73,True,0.21292929549319944
Placebo,71,390,True,0.47112504321650256
Placebo,71,424,True,0.0
Placebo,71,715,True,0.1478027931910823
Placebo,71,915,False,0.0
Placebo,71,1579,True,0.13521046138463974
Placebo,71,1643,True,0.0
Placebo,71,1679,True,0.44008913780578723
Placebo,71,1982,True,0.19388538544807463
Placebo,71,2027,True,0.10522418635725407
Placebo,71,2211,True,0.3868528072345415
Placebo,71,2228,True,0.011339846016601908
Placebo,71,2352,True,0.0
Placebo,71,2520,True,0.2548346710074145
Placebo,71,2573,True,0.0
Placebo,71,2630,True,0.4044556490524807
Placebo,71,2666,True,0.26588603538539085
Placebo,71,2745,True,0.048295714493806624
Placebo,71,3149,True,0.43228120603742204
Placebo,71,3369,True,0.4040429424321029
Placebo,71,3617,True,0.1540776685025121
Placebo,71,3862,True,0.0
Placebo,71,4124,True,0.05088466578050735
Placebo,71,4218,True,0.0
Placebo,71,4268,True,0.16316395891645094
Placebo,71,4452,True,0.0
Placebo,71,4522,True,0.4195900417009127
Placebo,71,4784,True,0.42106302521464944
Placebo,71,5139,False,0.0
Placebo,71,5438,True,0.19624823592499957
Placebo,71,5565,True,0.06342823426225272
Placebo,71,5684,True,0.2338140550114246
Placebo,71,5775,True,0.16855731014852018
Placebo,71,6110,True,0.14602566319744445
Placebo,71,6488,True,0.05253861497588741
Placebo,71,6590,True,0.0
Placebo,71,6793,True,0.22154745844255738
Placebo,71,7090,True,0.05214426484655786
Placebo,71,7112,True,0.2516125956705184
Placebo,71,7167,True,0.33993767929900903
Placebo,71,7287,True,0.04510157879202123
Placebo,71,7370,True,0.0
Placebo,71,7547,True,0.48283452719820236
Placebo,71,7589,True,0.0
Placebo,71,7622,True,0.05109165667032166
Placebo,71,7640,True,0.3154648767857289
Placebo,71,7757,True,0.17727364693518718
Placebo,71,8162,True,0.5291944115646117
Placebo,71,8508,True,0.08861964339202381
Placebo,71,8597,True,0.32412959751888176
Placebo,71,8771,False,0.0
Placebo,71,288,True,0.6825993178282495
Placebo,71,635,True,0.43035878093534646
Placebo,71,654,True,0.12737140874229597
Placebo,71,699,True,0.0733639220993601
Placebo,71,743,True,0.18226843325455253
Placebo,71,946,True,0.0
Placebo,71,976,False,0.0
Placebo,71,1144,True,0.6659391028630406
Placebo,71,1187,True,0.19597927024900527
Placebo,71,1384,True,0.0
Placebo,71,1415,True,0.2738808040905749
Placebo,71,1443,True,0.489629650735407
Placebo,71,1629,True,0.2274342896297075
Placebo,71,1684,True,0.0
Placebo,71,1802,True,0.2669507571941387
Placebo,71,1914,True,0.4394786417825917
Placebo,71,2046,True,0.0
Placebo,71,2071,True,0.16549816491585856
Placebo,71,2340,True,0.0
Placebo,71,2749,True,0.5241153981095898
Placebo,71,3517,True,0.21892638096658334
Placebo,71,3758,True,0.0
Placebo,71,4110,True,0.26406812257259077
Placebo,71,4111,True,0.0
Placebo,71,4144,True,0.05856735900379242
Placebo,71,5021,True,0.27228439096005147
Placebo,71,5032,True,0.22344957591370795
Placebo,71,5096,True,0.047122583537477544
Placebo,71,5109,True,0.16921926087607644
Placebo,71,5114,True,0.0
Placebo,71,5977,True,0.0
Placebo,71,5984,True,0.2398124665681314
Placebo,71,6353,True,0.15154101508994128
Placebo,71,6373,True,0.06077160635453517
Placebo,71,6539,True,0.0
Placebo,71,6554,True,0.1949455745284303
Placebo,71,6884,False,0.0
Placebo,71,6955,True,0.3660186026427242
Placebo,71,7020,True,0.33619603962194494
Placebo,71,7029,True,0.19229688620688043
Placebo,71,7280,True,0.7452525342261977
Placebo,71,7394,True,0.20668945204246916
Placebo,71,7795,True,0.43960195863065626
Placebo,71,8108,True,0.16354138662029638
Placebo,71,8560,True,0.4578867330680255
Placebo,71,8632,True,0.1731971734574856
Placebo,71,8657,True,0.11496943328345767
Placebo,71,8777,True,0.4989146215384022
Placebo,71,9151,True,0.0
Placebo,71,9609,False,0.0
Placebo,72,102,True,0.6330176095740885
Placebo,72,314,True,0.17127047223475658
Placebo,72,1068,True,0.18392401408781928
Placebo,72,1525,True,0.07037133610231527
Placebo,72,1795,True,0.14539289195688904
Placebo,72,1929,True,0.3372950212597301
Placebo,72,1931,True,0.021654453423191035
Placebo,72,1991,True,0.15846525509047654
Placebo,72,2528,True,0.34105511009884487
Placebo,72,2697,True,0.08431423425588576
Placebo,72,2834,True,0.4215029219261181
Placebo,72,2845,True,0.2626843830874123
Placebo,72,3031,True,0.0
Placebo,72,3250,True,0.15987346094964455
Placebo,72,3308,True,0.0
Placebo,72,3402,True,0.08725927990790344
Placebo,72,3426,True,0.0
Placebo,72,3449,True,0.1248180339423675
Placebo,72,3756,True,0.09895150850568246
Placebo,72,4141,True,0.5355693104708994
Placebo,72,4210,True,0.1613796619898583
Placebo,72,4516,True,0.0
Placebo,72,4692,True,0.0
Placebo,72,4700,False,0.0
Placebo,72,4910,False,0.0
Placebo,72,4962,False,0.0
Placebo,72,5275,True,0.06978419164318803
Placebo,72,5671,True,0.0
Placebo,72,5683,True,0.38977169185994714
Placebo,72,6067,True,0.27164267239580797
Placebo,72,6378,True,0.48427500201002416
Placebo,72,6495,True,0.2433497938448339
Placebo,72,6868,True,0.2314549739821593
Placebo,72,6880,True,0.24697760121516543
Placebo,72,7144,True,0.20974163072702173
Placebo,72,7413,True,0.17794334383741006
Placebo,72,7526,True,0.0
Placebo,72,7531,True,0.0
Placebo,72,7577,True,0.1934264036172709
Placebo,72,7621,True,0.3720607757935057
Placebo,72,8198,True,0.11317857233801017
Placebo,72,8442,True,0.22727058967965977
Placebo,72,8452,True,0.27749884084203047
Placebo,72,8476,True,0.21287668270777702
Placebo,72,8541,True,0.46574268092044735
Placebo,72,8802,True,0.2627218170194594
Placebo,72,8816,True,0.0
Placebo,72,8852,False,0.0
Placebo,72,9099,True,0.19984120452077297
Placebo,72,9479,True,0.22754083620157634
Placebo,72,9625,False,0.0
Placebo,72,96,True,0.0
Placebo,72,171,True,0.3898461537404864
Placebo,72,328,False,0.0
Placebo,72,387,True,0.0
Placebo,72,754,False,0.0
Placebo,72,983,True,0.21788640317446295
Placebo,72,1039,True,0.4946279211962596
Placebo,72,1098,True,0.11505002084395087
Placebo,72,1120,True,0.1821644935875658
Placebo,72,1275,True,0.3113252813451454
Placebo,72,1343,True,0.0
Placebo,72,1483,True,0.0
Placebo,72,2005,True,0.1130534017578721
Placebo,72,2048,True,0.49965446563227667
Placebo,72,2379,True,0.281616502089033
Placebo,72,2516,True,0.48395445105824575
Placebo,72,2601,True,0.07671287990839397
Placebo,72,3210,True,0.3799204699687176
Placebo,72,3601,False,0.0
Placebo,72,3729,True,0.05487565949361937
Placebo,72,3832,True,0.22813156302265253
Placebo,72,4104,True,0.38014456460340845
Placebo,72,4286,True,0.3690086649159303
Placebo,72,4329,True,0.0
Placebo,72,4553,True,0.0
Placebo,72,4790,True,0.0
Placebo,72,4844,True,0.0
Placebo,72,4994,True,0.45274885726730757
Placebo,72,5020,True,0.30561711070464403
Placebo,72,5293,True,0.03855803981329108
Placebo,72,5338,True,0.3254758518289424
Placebo,72,5343,True,0.16008277155676592
Placebo,72,5464,True,0.0
Placebo,72,5560,True,0.2697028403174028
Placebo,72,5719,True,0.19891919821206963
Placebo,72,6055,True,0.0
Placebo,72,6121,True,0.30447189936632313
Placebo,72,6128,True,0.03938156488610006
Placebo,72,6197,True,0.2212301337969673
Placebo,72,6336,True,0.4725316561346669
Placebo,72,6577,True,0.4489294036499643
Placebo,72,6717,True,0.0
Placebo,72,6906,False,0.0
Placebo,72,8550,True,0.0
Placebo,72,8576,True,0.1397716031451058
Placebo,72,8790,False,0.0
Placebo,72,8840,False,0.0
Placebo,72,8878,True,0.5
Placebo,72,9337,True,0.42210559017758853
Placebo,72,9501,True,0.5429651899067491
Placebo,72,9512,False,0.0
Placebo,72,45,True,0.07892822456220473
Placebo,72,199,True,0.0
Placebo,72,458,True,0.6788199276030554
Placebo,72,564,True,0.5640591431330368
Placebo,72,717,True,0.0
Placebo,72,1109,True,0.5721755838391122
Placebo,72,1576,True,0.15232257932946244
Placebo,72,1711,True,0.0
Placebo,72,1868,True,0.0
Placebo,72,1942,True,0.21365568078413522
Placebo,72,2001,True,0.0936319821856491
Placebo,72,2217,True,0.0
Placebo,72,2354,True,0.1764628865325402
Placebo,72,2761,True,0.0
Placebo,72,2980,True,1.0
Placebo,72,3021,True,0.1547334375736554
Placebo,72,3030,True,0.0
Placebo,72,3046,True,0.0
Placebo,72,3050,True,0.34109276212999234
Placebo,72,3288,True,0.11163054468780703
Placebo,72,3302,True,0.2186380208607427
Placebo,72,3794,True,0.0
Placebo,72,3920,True,0.18676389023566517
Placebo,72,3965,True,0.44947260513897463
Placebo,72,4193,True,0.0
Placebo,72,4294,True,0.0
Placebo,72,4383,True,0.0
Placebo,72,4474,True,0.10232684867015737
Placebo,72,5068,True,0.39180913319849825
Placebo,72,5258,True,0.0
Placebo,72,5306,True,0.7838605789264042
Placebo,72,5323,True,0.38648287850262897
Placebo,72,5421,True,0.4304755262239591
Placebo,72,5766,True,0.2981093387282202
Placebo,72,5877,True,0.21186411813285105
Placebo,72,5887,True,0.19529431069645664
Placebo,72,6126,True,0.28906482631788766
Placebo,72,6190,True,0.41228638940763646
Placebo,72,6224,True,0.4419240888751213
Placebo,72,6465,True,0.0
Placebo,72,6853,True,0.0
Placebo,72,6949,True,0.3470631032490352
Placebo,72,7107,True,0.5307862306029747
Placebo,72,7240,False,0.0
Placebo,72,7937,True,0.29044097271188146
Placebo,72,8015,True,0.20210734650054754
Placebo,72,8066,True,0.21291535382723312
Placebo,72,8202,True,0.22426535568892117
Placebo,72,8321,True,0.1585070397409811
Placebo,72,9222,True,0.0
Placebo,72,9453,True,0.4284601219065907
Placebo,72,73,True,0.0
Placebo,72,390,True,0.24945915038096092
Placebo,72,424,True,0.2000975348422987
Placebo,72,715,True,0.5784779253787008
Placebo,72,915,False,0.0
Placebo,72,1579,True,0.0
Placebo,72,1643,True,0.0
Placebo,72,1679,True,0.24950366126831858
Placebo,72,1982,True,0.09478836436955075
Placebo,72,2027,True,0.2514062933931591
Placebo,72,2211,True,0.26406812257259077
Placebo,72,2228,True,0.0742530284012301
Placebo,72,2352,True,0.28906482631788766
Placebo,72,2520,True,0.2891508724730529
Placebo,72,2573,True,0.0571130175792186
Placebo,72,2630,True,0.34531396605853504
Placebo,72,2666,True,0.13777597210996173
Placebo,72,2745,True,0.27257705571487856
Placebo,72,3149,True,0.4960869448993188
Placebo,72,3369,True,0.0
Placebo,72,3617,True,0.19031326377064928
Placebo,72,3862,True,0.0
Placebo,72,4124,True,0.29340712623171694
Placebo,72,4218,True,0.3527728448906884
Placebo,72,4268,True,0.22794716814158755
Placebo,72,4452,True,0.30323355278716796
Placebo,72,4522,True,0.1808267787291804
Placebo,72,4784,True,0.5587599507369252
Placebo,72,5139,False,0.0
Placebo,72,5438,True,0.06012983951359326
Placebo,72,5565,True,0.15846525509047654
Placebo,72,5684,True,0.25765888006921855
Placebo,72,5775,True,0.24617462302124093
Placebo,72,6110,True,0.0
Placebo,72,6488,True,0.0
Placebo,72,6590,True,0.0
Placebo,72,6793,True,0.3643289871751315
Placebo,72,7090,True,0.05445115935687345
Placebo,72,7112,True,0.2463023887407299
Placebo,72,7167,True,0.31305869583665974
Placebo,72,7287,True,0.336064673046722
Placebo,72,7370,True,0.017747455643097484
Placebo,72,7547,True,0.5384313152574521
Placebo,72,7589,True,0.0
Placebo,72,7622,True,0.16195671984435944
Placebo,72,7640,True,0.0
Placebo,72,7757,True,0.0
Placebo,72,8162,True,0.3767247222762069
Placebo,72,8508,True,0.20438239758848625
Placebo,72,8597,True,0.32133338233433334
Placebo,72,8771,False,0.0
Placebo,72,288,True,0.42060864828929506
Placebo,72,635,True,0.38365590861010745
Placebo,72,654,True,0.30331493157110634
Placebo,72,699,True,0.1714285396532249
Placebo,72,743,True,0.4983353554089385
Placebo,72,946,True,0.0
Placebo,72,976,False,0.0
Placebo,72,1144,True,0.6805950747625366
Placebo,72,1187,True,0.2958121596959141
Placebo,72,1384,True,0.0
Placebo,72,1415,True,0.398639032218162
Placebo,72,1443,True,0.5350079090873138
Placebo,72,1629,True,0.0
Placebo,72,1684,True,0.18042845392767654
Placebo,72,1802,True,0.3185860821011082
Placebo,72,1914,True,0.29653476578878085
Placebo,72,2046,True,0.12033364956339601
Placebo,72,2071,True,0.04476767082825503
Placebo,72,2340,True,0.0
Placebo,72,2749,True,0.28326256300383496
Placebo,72,3517,True,0.27755868196754097
Placebo,72,3758,True,0.12081130269949425
Placebo,72,4110,True,0.3868528072345415
Placebo,72,4111,True,0.0
Placebo,72,4144,True,0.08785103850568862
Placebo,72,5021,True,0.09162544430476369
Placebo,72,5032,True,0.2928689892656701
Placebo,72,5096,True,0.3044028366559466
Placebo,72,5109,True,0.4777357717853209
Placebo,72,5114,True,0.0
Placebo,72,5977,True,0.0
Placebo,72,5984,True,0.0
Placebo,72,6353,True,0.26834135058304703
Placebo,72,6373,True,0.11415543100128948
Placebo,72,6539,True,0.0
Placebo,72,6554,True,0.2684007091232967
Placebo,72,6884,False,0.0
Placebo,72,6955,True,0.0
Placebo,72,7020,True,0.28138746392309066
Placebo,72,7029,True,0.38431135260440824
Placebo,72,7280,True,0.1596969716198995
Placebo,72,7394,True,0.14363177164446836
Placebo,72,7795,True,0.44795067076910233
Placebo,72,8108,True,0.1423165067357237
Placebo,72,8560,True,0.48441621191470047
Placebo,72,8632,True,0.0865985867287428
Placebo,72,8657,True,0.0
Placebo,72,8777,True,0.48965503363928053
Placebo,72,9151,True,0.0
Placebo,72,9609,False,0.0
Placebo,73,102,True,0.41198777853849994
Placebo,73,314,True,0.3415691122499836
Placebo,73,1068,True,0.20691738253477832
Placebo,73,1525,True,0.0
Placebo,73,1795,True,0.27318194974735904
Placebo,73,1929,True,0.154880865096424
Placebo,73,1931,True,0.2528026421102389
Placebo,73,1991,True,0.03545331222194692
Placebo,73,2528,True,0.4576924234427369
Placebo,73,2697,True,0.0
Placebo,73,2834,True,0.38727608844472433
Placebo,73,2845,True,0.3873756688811567
Placebo,73,3031,True,0.0
Placebo,73,3250,True,0.2664628585461853
Placebo,73,3308,True,0.638787886479598
Placebo,73,3402,True,0.21509181440989594
Placebo,73,3426,True,0.0
Placebo,73,3449,True,0.1414471451858161
Placebo,73,3756,True,0.0
Placebo,73,4141,True,0.47837595176615
Placebo,73,4210,True,0.15597054997920679
Placebo,73,4516,True,0.0
Placebo,73,4692,True,0.0
Placebo,73,4700,False,0.0
Placebo,73,4910,False,0.0
Placebo,73,4962,False,0.0
Placebo,73,5275,True,0.19945204169616632
Placebo,73,5671,True,0.0
Placebo,73,5683,True,0.23869360973478074
Placebo,73,6067,True,0.5680219728395284
Placebo,73,6378,True,0.43057897065238065
Placebo,73,6495,True,0.4765047945575988
Placebo,73,6868,True,0.23334244748896188
Placebo,73,6880,True,0.30856757531014917
Placebo,73,7144,True,0.05109165667032166
Placebo,73,7413,True,0.6754417337036577
Placebo,73,7526,True,0.1934264036172709
Placebo,73,7531,True,0.30657359638272924
Placebo,73,7577,True,0.30657359638272924
Placebo,73,7621,True,0.20735018959292642
Placebo,73,8198,True,0.28430156201935153
Placebo,73,8442,True,0.12806457519472386
Placebo,73,8452,True,0.19074474240906839
Placebo,73,8476,True,0.1629475842424147
Placebo,73,8541,True,0.4313596204214718
Placebo,73,8802,True,0.46461208786803637
Placebo,73,8816,True,0.33543472942925556
Placebo,73,8852,False,0.0
Placebo,73,9099,True,0.25475394299921456
Placebo,73,9479,True,0.0
Placebo,73,9625,False,0.0
Placebo,73,96,True,0.0
Placebo,73,171,True,0.1489993044334678
Placebo,73,328,False,0.0
Placebo,73,387,True,0.16462515763143104
Placebo,73,754,False,0.0
Placebo,73,983,True,0.31998026193363105
Placebo,73,1039,True,0.4324920012225871
Placebo,73,1098,True,0.21902443633031687
Placebo,73,1120,True,0.0
Placebo,73,1275,True,0.35669715952742337
Placebo,73,1343,True,0.0
Placebo,73,1483,True,0.05398557328145317
Placebo,73,2005,True,0.1460683498427064
Placebo,73,2048,True,0.5276270209276497
Placebo,73,2379,True,0.6663365987650396
Placebo,73,2516,True,0.10863035642611495
Placebo,73,2601,True,0.2548346710074145
Placebo,73,3210,True,0.25507980713041045
Placebo,73,3601,False,0.0
Placebo,73,3729,True,0.17116532942723514
Placebo,73,3832,True,0.5722743929343187
Placebo,73,4104,True,0.37466865373950425
Placebo,73,4286,True,0.44464815117162204
Placebo,73,4329,True,0.0
Placebo,73,4553,True,0.0
Placebo,73,4790,True,0.0
Placebo,73,4844,True,0.0
Placebo,73,4994,True,0.20151514190050243
Placebo,73,5020,True,0.16517769271852692
Placebo,73,5293,True,0.35653281046434915
Placebo,73,5338,True,0.6207479116949776
Placebo,73,5343,True,0.287990002102775
Placebo,73,5464,True,0.0
Placebo,73,5560,True,0.5346051851792101
Placebo,73,5719,True,0.08421358772610599
Placebo,73,6055,True,0.32739495038873945
Placebo,73,6121,True,0.43002186966833805
Placebo,73,6128,True,0.05163532490696953
Placebo,73,6197,True,0.0
Placebo,73,6336,True,0.10629679077257938
Placebo,73,6577,True,0.3025915278430325
Placebo,73,6717,True,0.0
Placebo,73,6906,False,0.0
Placebo,73,8550,True,0.0
Placebo,73,8576,True,0.21960330488718588
Placebo,73,8790,False,0.0
Placebo,73,8840,False,0.0
Placebo,73,8878,True,0.0
Placebo,73,9337,True,0.09797563950575583
Placebo,73,9501,True,0.14074267220463055
Placebo,73,9512,False,0.0
Placebo,73,45,True,0.1499470130322816
Placebo,73,199,True,0.0
Placebo,73,458,True,0.44016388753425884
Placebo,73,564,True,0.8860798127473601
Placebo,73,717,True,0.0
Placebo,73,1109,True,0.6021797427074603
Placebo,73,1576,True,0.0
Placebo,73,1711,True,0.0
Placebo,73,1868,True,0.0
Placebo,73,1942,True,0.21884695740766708
Placebo,73,2001,True,0.04681599109282455
Placebo,73,2217,True,0.0
Placebo,73,2354,True,0.500160854966578
Placebo,73,2761,True,0.13012668333070063
Placebo,73,2980,True,0.0
Placebo,73,3021,True,0.09790268744042858
Placebo,73,3030,True,0.0
Placebo,73,3046,True,0.0824400285598464
Placebo,73,3050,True,0.7030091073419757
Placebo,73,3288,True,0.12854317248690256
Placebo,73,3302,True,0.26432066608951615
Placebo,73,3794,True,0.0
Placebo,73,3920,True,0.3623102999183541
Placebo,73,3965,True,0.21425682904876106
Placebo,73,4193,True,0.2620900537178206
Placebo,73,4294,True,0.10327064981393906
Placebo,73,4383,True,0.35941122504503686
Placebo,73,4474,True,0.1978589121129797
Placebo,73,5068,True,0.12248568453418994
Placebo,73,5258,True,0.11615302196700909
Placebo,73,5306,True,0.5482806981238094
Placebo,73,5323,True,0.5311813391674308
Placebo,73,5421,True,0.6686236740460457
Placebo,73,5766,True,0.09720567390390628
Placebo,73,5877,True,0.0
Placebo,73,5887,True,0.053368457452889664
Placebo,73,6126,True,0.0
Placebo,73,6190,True,0.3155218524258435
Placebo,73,6224,True,0.21937455046387389
Placebo,73,6465,True,0.0
Placebo,73,6853,True,0.1322093249512809
Placebo,73,6949,True,0.39616734951777943
Placebo,73,7107,True,0.0
Placebo,73,7240,False,0.0
Placebo,73,7937,True,0.42654672127817717
Placebo,73,8015,True,0.0
Placebo,73,8066,True,0.32306224568406744
Placebo,73,8202,True,0.18419984136961273
Placebo,73,8321,True,0.5847651552418272
Placebo,73,9222,True,0.2604545425701507
Placebo,73,9453,True,0.47679764511411366
Placebo,73,73,True,0.18465110945919555
Placebo,73,390,True,0.3206624323715805
Placebo,73,424,True,0.0
Placebo,73,715,True,0.27702266189490865
Placebo,73,915,False,0.0
Placebo,73,1579,True,0.05486215600228704
Placebo,73,1643,True,0.0
Placebo,73,1679,True,0.46052965354211994
Placebo,73,1982,True,0.2166066285361558
Placebo,73,2027,True,0.49181755219287593
Placebo,73,2211,True,0.30657359638272924
Placebo,73,2228,True,0.10597436129555879
Placebo,73,2352,True,0.0
Placebo,73,2520,True,0.0
Placebo,73,2573,True,0.0
Placebo,73,2630,True,0.4950624634306726
Placebo,73,2666,True,0.33364260899382103
Placebo,73,2745,True,0.09141360973240457
Placebo,73,3149,True,0.2680273193684781
Placebo,73,3369,True,0.07839826897867538
Placebo,73,3617,True,0.15400239829900975
Placebo,73,3862,True,0.0
Placebo,73,4124,True,0.1714254823923838
Placebo,73,4218,True,0.0
Placebo,73,4268,True,0.12704151320694937
Placebo,73,4452,True,0.24293507976653914
Placebo,73,4522,True,0.3503518032077486
Placebo,73,4784,True,0.48203687031525716
Placebo,73,5139,False,0.0
Placebo,73,5438,True,0.0670201173131848
Placebo,73,5565,True,0.05428059917588485
Placebo,73,5684,True,0.053368457452889664
Placebo,73,5775,True,0.1537263397572127
Placebo,73,6110,True,0.0
Placebo,73,6488,True,0.2225268726719332
Placebo,73,6590,True,0.0
Placebo,73,6793,True,0.16232272801897038
Placebo,73,7090,True,0.10376166938093842
Placebo,73,7112,True,0.1681275362711174
Placebo,73,7167,True,0.44574693348649896
Placebo,73,7287,True,0.2951044029642164
Placebo,73,7370,True,0.0
Placebo,73,7547,True,0.171989555600749
Placebo,73,7589,True,0.0
Placebo,73,7622,True,0.0936319821856491
Placebo,73,7640,True,0.0
Placebo,73,7757,True,0.0
Placebo,73,8162,True,0.4338964389230311
Placebo,73,8508,True,0.1934264036172709
Placebo,73,8597,True,0.32776097292662437
Placebo,73,8771,False,0.0
Placebo,73,288,True,0.5758321519527785
Placebo,73,635,True,0.21768896632317528
Placebo,73,654,True,0.11415543100128948
Placebo,73,699,True,0.2666821655395013
Placebo,73,743,True,0.5288022273747106
Placebo,73,946,True,0.0
Placebo,73,976,False,0.0
Placebo,73,1144,True,0.6582321449407602
Placebo,73,1187,True,0.04604500636759246
Placebo,73,1384,True,0.0
Placebo,73,1415,True,0.18844415212771548
Placebo,73,1443,True,0.6194787185434877
Placebo,73,1629,True,0.0
Placebo,73,1684,True,0.0
Placebo,73,1802,True,0.3336884464926734
Placebo,73,1914,True,0.4192481395608911
Placebo,73,2046,True,0.0
Placebo,73,2071,True,0.1614759876956253
Placebo,73,2340,True,0.0
Placebo,73,2749,True,0.0691145634159809
Placebo,73,3517,True,0.0
Placebo,73,3758,True,0.12600819010591802
Placebo,73,4110,True,0.0
Placebo,73,4111,True,0.0
Placebo,73,4144,True,0.15676031934798057
Placebo,73,5021,True,0.44830398990253034
Placebo,73,5032,True,0.16257141881342393
Placebo,73,5096,True,0.1599462473885895
Placebo,73,5109,True,0.6785382382981959
Placebo,73,5114,True,0.0
Placebo,73,5977,True,0.0
Placebo,73,5984,True,0.0
Placebo,73,6353,True,0.2888057724006512
Placebo,73,6373,True,0.0
Placebo,73,6539,True,0.0
Placebo,73,6554,True,0.47370135283155734
Placebo,73,6884,False,0.0
Placebo,73,6955,True,0.1897918771409239
Placebo,73,7020,True,0.3329648251951484
Placebo,73,7029,True,0.20904936749052636
Placebo,73,7280,True,0.10075757095025129
Placebo,73,7394,True,0.0
Placebo,73,7795,True,0.23401525161406025
Placebo,73,8108,True,0.07839826897867538
Placebo,73,8560,True,0.36469214029783775
Placebo,73,8632,True,0.25806649581478686
Placebo,73,8657,True,0.13347537859706934
Placebo,73,8777,True,0.7123770283503347
Placebo,73,9151,True,0.0
Placebo,73,9609,False,0.0
Placebo,74,102,True,0.7721596254947203
Placebo,74,314,True,0.23698048488911336
Placebo,74,1068,True,0.2712932709854745
Placebo,74,1525,True,0.10889339568010445
Placebo,74,1795,True,0.3837022796206659
Placebo,74,1929,True,0.21267473042368598
Placebo,74,1931,True,0.30039833306978747
Placebo,74,1991,True,0.0
Placebo,74,2528,True,0.4799520877621627
Placebo,74,2697,True,0.1821658288910462
Placebo,74,2834,True,0.33424305697687884
Placebo,74,2845,True,0.45427676968060926
Placebo,74,3031,True,0.07711607962658217
Placebo,74,3250,True,0.21015445990354958
Placebo,74,3308,True,0.0
Placebo,74,3402,True,0.0
Placebo,74,3426,True,0.0
Placebo,74,3449,True,0.2055880133162681
Placebo,74,3756,True,0.2580547666334714
Placebo,74,4141,True,0.2917967354122843
Placebo,74,4210,True,0.21768896632317528
Placebo,74,4516,True,0.0
Placebo,74,4692,True,0.0
Placebo,74,4700,False,0.0
Placebo,74,4910,False,0.0
Placebo,74,4962,False,0.0
Placebo,74,5275,True,0.37082169358629163
Placebo,74,5671,True,0.0
Placebo,74,5683,True,0.36853037128209515
Placebo,74,6067,True,0.38238375352019827
Placebo,74,6378,True,0.3057367637118282
Placebo,74,6495,True,0.4543820144056004
Placebo,74,6868,True,0.2189237426306414
Placebo,74,6880,True,0.4120889437429645
Placebo,74,7144,True,0.10218331334064325
Placebo,74,7413,True,0.3082457799376537
Placebo,74,7526,True,0.0
Placebo,74,7531,True,0.0
Placebo,74,7577,True,0.3868528072345415
Placebo,74,7621,True,0.035427698077529574
Placebo,74,8198,True,0.08707562656251236
Placebo,74,8442,True,0.18814301509683115
Placebo,74,8452,True,0.18333914161613912
Placebo,74,8476,True,0.09094418985914299
Placebo,74,8541,True,0.3959425237172969
Placebo,74,8802,True,0.3162179104200898
Placebo,74,8816,True,0.32062175615364147
Placebo,74,8852,False,0.0
Placebo,74,9099,True,0.11785313334300485
Placebo,74,9479,True,0.0
Placebo,74,9625,False,0.0
Placebo,74,96,True,0.0
Placebo,74,171,True,0.1137450683926103
Placebo,74,328,False,0.0
Placebo,74,387,True,0.0
Placebo,74,754,False,0.0
Placebo,74,983,True,0.39640878868814367
Placebo,74,1039,True,0.5336355342760909
Placebo,74,1098,True,0.25074331362542507
Placebo,74,1120,True,0.09359072962204817
Placebo,74,1275,True,0.18756024140091643
Placebo,74,1343,True,0.0
Placebo,74,1483,True,0.11850479333192555
Placebo,74,2005,True,0.10699313236726382
Placebo,74,2048,True,0.3544014111611888
Placebo,74,2379,True,0.6899948435449212
Placebo,74,2516,True,0.27889020288099353
Placebo,74,2601,True,0.44313812399389313
Placebo,74,3210,True,0.24376867520924175
Placebo,74,3601,False,0.0
Placebo,74,3729,True,0.13982054982942424
Placebo,74,3832,True,0.6745711375739727
Placebo,74,4104,True,0.14082217267297592
Placebo,74,4286,True,0.6173856799526625
Placebo,74,4329,True,0.0
Placebo,74,4553,True,0.12421371338458453
Placebo,74,4790,True,0.30657359638272924
Placebo,74,4844,True,0.0
Placebo,74,4994,True,0.0
Placebo,74,5020,True,0.34186790140314194
Placebo,74,5293,True,0.07358744134099243
Placebo,74,5338,True,0.36872587548687774
Placebo,74,5343,True,0.469756942215993
Placebo,74,5464,True,0.0
Placebo,74,5560,True,0.1933053665055284
Placebo,74,5719,True,0.14776244267962885
Placebo,74,6055,True,0.0
Placebo,74,6121,True,0.473571703045486
Placebo,74,6128,True,0.10327064981393906
Placebo,74,6197,True,0.16797441954963857
Placebo,74,6336,True,0.3043885552184433
Placebo,74,6577,True,0.28053291806659586
Placebo,74,6717,True,0.14453241315894383
Placebo,74,6906,False,0.0
Placebo,74,8550,True,0.0
Placebo,74,8576,True,0.5067498818976978
Placebo,74,8790,False,0.0
Placebo,74,8840,False,0.0
Placebo,74,8878,True,0.0
Placebo,74,9337,True,0.0
Placebo,74,9501,True,0.2814732552130566
Placebo,74,9512,False,0.0
Placebo,74,45,True,0.16078277618017145
Placebo,74,199,True,0.3912455174719856
Placebo,74,458,True,0.3335861022974765
Placebo,74,564,True,0.5496841671617558
Placebo,74,717,True,0.28564364102754436
Placebo,74,1109,True,0.7131558514442683
Placebo,74,1576,True,0.0
Placebo,74,1711,True,0.0
Placebo,74,1868,True,0.3800937667159343
Placebo,74,1942,True,0.04247244516790244
Placebo,74,2001,True,0.16195671984435944
Placebo,74,2217,True,0.0
Placebo,74,2354,True,0.508736048522853
Placebo,74,2761,True,0.26853572298423223
Placebo,74,2980,True,0.0
Placebo,74,3021,True,0.13477437640658982
Placebo,74,3030,True,0.0
Placebo,74,3046,True,0.061600981281869575
Placebo,74,3050,True,0.40834404096203925
Placebo,74,3288,True,0.12582770766061896
Placebo,74,3302,True,0.4708918623963014
Placebo,74,3794,True,0.0
Placebo,74,3920,True,0.3724438629528855
Placebo,74,3965,True,0.2193820480933111
Placebo,74,4193,True,0.22883924989280766
Placebo,74,4294,True,0.13347537859706934
Placebo,74,4383,True,0.4549500187366133
Placebo,74,4474,True,0.15074763873156205
Placebo,74,5068,True,0.1970884750459006
Placebo,74,5258,True,0.0
Placebo,74,5306,True,0.3797590446250476
Placebo,74,5323,True,0.45021957876432256
Placebo,74,5421,True,0.46725073911290277
Placebo,74,5766,True,0.16469682793012433
Placebo,74,5877,True,0.14156760360508
Placebo,74,5887,True,0.33370115151743274
Placebo,74,6126,True,0.5
Placebo,74,6190,True,0.05062080801812657
Placebo,74,6224,True,0.0
Placebo,74,6465,True,0.0
Placebo,74,6853,True,0.076745136502618
Placebo,74,6949,True,0.5202876855442297
Placebo,74,7107,True,0.08113091233775095
Placebo,74,7240,False,0.0
Placebo,74,7937,True,0.2606976588023229
Placebo,74,8015,True,0.0
Placebo,74,8066,True,0.235693876348324
Placebo,74,8202,True,0.1426348687476528
Placebo,74,8321,True,0.21015755698402835
Placebo,74,9222,True,0.0
Placebo,74,9453,True,0.5086569827998288
Placebo,74,73,True,0.0
Placebo,74,390,True,0.3799242383683907
Placebo,74,424,True,0.0
Placebo,74,715,True,0.2001744040837371
Placebo,74,915,False,0.0
Placebo,74,1579,True,0.16250116926278182
Placebo,74,1643,True,0.0
Placebo,74,1679,True,0.2936955304536657
Placebo,74,1982,True,0.06625422345438896
Placebo,74,2027,True,0.27888906964923965
Placebo,74,2211,True,0.3868528072345415
Placebo,74,2228,True,0.04552803591854807
Placebo,74,2352,True,0.40876468265396726
Placebo,74,2520,True,0.3822520065111218
Placebo,74,2573,True,0.0
Placebo,74,2630,True,0.7436237685542385
Placebo,74,2666,True,0.29365714458334885
Placebo,74,2745,True,0.09659142898761325
Placebo,74,3149,True,0.42435027303823436
Placebo,74,3369,True,0.32557688685539954
Placebo,74,3617,True,0.2854698956559739
Placebo,74,3862,True,0.0
Placebo,74,4124,True,0.2807457083906203
Placebo,74,4218,True,0.22048302805668027
Placebo,74,4268,True,0.21905941987297947
Placebo,74,4452,True,0.280461513176285
Placebo,74,4522,True,0.24785253516710462
Placebo,74,4784,True,0.473571703045486
Placebo,74,5139,False,0.0
Placebo,74,5438,True,0.11916438215974266
Placebo,74,5565,True,0.07520144583502048
Placebo,74,5684,True,0.28536047357100386
Placebo,74,5775,True,0.0
Placebo,74,6110,True,0.4162311958667606
Placebo,74,6488,True,0.09984548734282173
Placebo,74,6590,True,0.0
Placebo,74,6793,True,0.2289598583985898
Placebo,74,7090,True,0.16788429622804935
Placebo,74,7112,True,0.13012668333070063
Placebo,74,7167,True,0.36452597632915557
Placebo,74,7287,True,0.3338445812876568
Placebo,74,7370,True,0.1983727483816495
Placebo,74,7547,True,0.28351493630661884
Placebo,74,7589,True,0.0
Placebo,74,7622,True,0.04778491088266231
Placebo,74,7640,True,0.0
Placebo,74,7757,True,0.051148393402441046
Placebo,74,8162,True,0.5464655079863119
Placebo,74,8508,True,0.38895809436805423
Placebo,74,8597,True,0.455046189883772
Placebo,74,8771,False,0.0
Placebo,74,288,True,0.6619725324410038
Placebo,74,635,True,0.4973176990375624
Placebo,74,654,True,0.07809742170892058
Placebo,74,699,True,0.3169617480640219
Placebo,74,743,True,0.36153876160577164
Placebo,74,946,True,0.0
Placebo,74,976,False,0.0
Placebo,74,1144,True,0.5925846332364242
Placebo,74,1187,True,0.06803907609961145
Placebo,74,1384,True,0.2184074368181643
Placebo,74,1415,True,0.3111591540203987
Placebo,74,1443,True,0.23186853246879977
Placebo,74,1629,True,0.3183412193664158
Placebo,74,1684,True,0.12663167705327652
Placebo,74,1802,True,0.18633360891039527
Placebo,74,1914,True,0.24842383716032765
Placebo,74,2046,True,0.2463023887407299
Placebo,74,2071,True,0.0
Placebo,74,2340,True,0.0
Placebo,74,2749,True,0.11681532769286622
Placebo,74,3517,True,0.2049530911208383
Placebo,74,3758,True,0.1460683498427064
Placebo,74,4110,True,0.0
Placebo,74,4111,True,0.0
Placebo,74,4144,True,0.06099161925558509
Placebo,74,5021,True,0.0
Placebo,74,5032,True,0.21150386994544915
Placebo,74,5096,True,0.0
Placebo,74,5109,True,0.35401531184204277
Placebo,74,5114,True,0.11377041810078817
Placebo,74,5977,True,0.28906482631788766
Placebo,74,5984,True,0.12669792223864482
Placebo,74,6353,True,0.08827952883984948
Placebo,74,6373,True,0.18572749979290845
Placebo,74,6539,True,0.0
Placebo,74,6554,True,0.24385095701691584
Placebo,74,6884,False,0.0
Placebo,74,6955,True,0.11974534227438742
Placebo,74,7020,True,0.3040037281536232
Placebo,74,7029,True,0.13081220599368354
Placebo,74,7280,True,0.0
Placebo,74,7394,True,0.23771975429709089
Placebo,74,7795,True,0.352328256723792
Placebo,74,8108,True,0.40906099164515236
Placebo,74,8560,True,0.5833470749996513
Placebo,74,8632,True,0.18619009723352456
Placebo,74,8657,True,0.09181541754729351
Placebo,74,8777,True,0.5251975235508524
Placebo,74,9151,True,0.0
Placebo,74,9609,False,0.0
Placebo,75,102,True,0.6042010488495742
Placebo,75,314,True,0.3230096927535861
Placebo,75,1068,True,0.18462587844545306
Placebo,75,1525,True,0.1775974789821119
Placebo,75,1795,True,0.24210540285373874
Placebo,75,1929,True,0.40838445399826273
Placebo,75,1931,True,0.30841684552313525
Placebo,75,1991,True,0.18397246392903513
Placebo,75,2528,True,0.558716795831546
Placebo,75,2697,True,0.21722663056496658
Placebo,75,2834,True,0.16113612456097737
Placebo,75,2845,True,0.3273036660712021
Placebo,75,3031,True,0.27707004381796463
Placebo,75,3250,True,0.21648447234656354
Placebo,75,3308,True,0.0
Placebo,75,3402,True,0.05856735900379242
Placebo,75,3426,True,0.0
Placebo,75,3449,True,0.5076559324058666
Placebo,75,3756,True,0.11081836955207468
Placebo,75,4141,True,0.2776122362503563
Placebo,75,4210,True,0.3132370424195639
Placebo,75,4516,True,0.0
Placebo,75,4692,True,0.0
Placebo,75,4700,False,0.0
Placebo,75,4910,False,0.0
Placebo,75,4962,False,0.0
Placebo,75,5275,True,0.056906557239904024
Placebo,75,5671,True,0.0
Placebo,75,5683,True,0.40482095425314635
Placebo,75,6067,True,0.2885841214472361
Placebo,75,6378,True,0.32105420690004494
Placebo,75,6495,True,0.6535991962910869
Placebo,75,6868,True,0.21768896632317528
Placebo,75,6880,True,0.42471331651080974
Placebo,75,7144,True,0.04778491088266231
Placebo,75,7413,True,0.3615927298854623
Placebo,75,7526,True,0.0
Placebo,75,7531,True,0.26406812257259077
Placebo,75,7577,True,0.0
Placebo,75,7621,True,0.16941023039165828
Placebo,75,8198,True,0.28143802713188876
Placebo,75,8442,True,0.06368570437114804
Placebo,75,8452,True,0.3150162934772147
Placebo,75,8476,True,0.16218326698453425
Placebo,75,8541,True,0.46008682452352345
Placebo,75,8802,True,0.2775328828203048
Placebo,75,8816,True,0.0
Placebo,75,8852,False,0.0
Placebo,75,9099,True,0.08442111803551772
Placebo,75,9479,True,0.0
Placebo,75,9625,False,0.0
Placebo,75,96,True,0.0
Placebo,75,171,True,0.39838745582364726
Placebo,75,328,False,0.0
Placebo,75,387,True,0.0
Placebo,75,754,False,0.0
Placebo,75,983,True,0.32163917839365885
Placebo,75,1039,True,0.34555741785353433
Placebo,75,1098,True,0.19369752095583895
Placebo,75,1120,True,0.0
Placebo,75,1275,True,0.527946282585034
Placebo,75,1343,True,0.0
Placebo,75,1483,True,0.33400750313026956
Placebo,75,2005,True,0.032679761943785655
Placebo,75,2048,True,0.27208805338956604
Placebo,75,2379,True,0.818682051652468
Placebo,75,2516,True,0.36389502031391247
Placebo,75,2601,True,0.22372409224075693
Placebo,75,3210,True,0.3035007459871383
Placebo,75,3601,False,0.0
Placebo,75,3729,True,0.11858432724547299
Placebo,75,3832,True,0.3630496902633287
Placebo,75,4104,True,0.17479490199849018
Placebo,75,4286,True,0.7363055417750509
Placebo,75,4329,True,0.0
Placebo,75,4553,True,0.2863557854552551
Placebo,75,4790,True,0.0
Placebo,75,4844,True,0.0
Placebo,75,4994,True,0.20151514190050257
Placebo,75,5020,True,0.2956971850068216
Placebo,75,5293,True,0.15507150428149874
Placebo,75,5338,True,0.3022689831321131
Placebo,75,5343,True,0.15458726675469672
Placebo,75,5464,True,0.18009998039073924
Placebo,75,5560,True,0.46502950311705293
Placebo,75,5719,True,0.3511643449202446
Placebo,75,6055,True,0.22883924989280766
Placebo,75,6121,True,0.42762916063266954
Placebo,75,6128,True,0.2669507571941387
Placebo,75,6197,True,0.133656562419347
Placebo,75,6336,True,0.3271539151615458
Placebo,75,6577,True,0.2654999533396626
Placebo,75,6717,True,0.0
Placebo,75,6906,False,0.0
Placebo,75,8550,True,0.3154648767857289
Placebo,75,8576,True,0.1225171045056642
Placebo,75,8790,False,0.0
Placebo,75,8840,False,0.0
Placebo,75,8878,True,0.0
Placebo,75,9337,True,0.0
Placebo,75,9501,True,0.6060754172456378
Placebo,75,9512,False,0.0
Placebo,75,45,True,0.2226521898411792
Placebo,75,199,True,0.3154648767857289
Placebo,75,458,True,0.46387490751908195
Placebo,75,564,True,0.5370821220306262
Placebo,75,717,True,0.0
Placebo,75,1109,True,0.42134233211063343
Placebo,75,1576,True,0.15232257932946244
Placebo,75,1711,True,0.0
Placebo,75,1868,True,0.0
Placebo,75,1942,True,0.08039138809008572
Placebo,75,2001,True,0.13950192531885097
Placebo,75,2217,True,0.3195827711902565
Placebo,75,2354,True,0.3444340184290389
Placebo,75,2761,True,0.0
Placebo,75,2980,True,0.0
Placebo,75,3021,True,0.05683075013322683
Placebo,75,3030,True,0.0
Placebo,75,3046,True,0.18355812383235903
Placebo,75,3050,True,0.5127275148026261
Placebo,75,3288,True,0.08097408658478238
Placebo,75,3302,True,0.18034070549876527
Placebo,75,3794,True,0.0
Placebo,75,3920,True,0.3107868451628658
Placebo,75,3965,True,0.15400118823868839
Placebo,75,4193,True,0.25339584447728963
Placebo,75,4294,True,0.0889835857313796
Placebo,75,4383,True,0.10545335794372665
Placebo,75,4474,True,0.09057381532497312
Placebo,75,5068,True,0.30304871413952483
Placebo,75,5258,True,0.0
Placebo,75,5306,True,0.3971144315294488
Placebo,75,5323,True,0.334779051069656
Placebo,75,5421,True,0.4533838296362681
Placebo,75,5766,True,0.33917672848197866
Placebo,75,5877,True,0.0
Placebo,75,5887,True,0.09720567390390628
Placebo,75,6126,True,0.38685280723454163
Placebo,75,6190,True,0.4620531746048149
Placebo,75,6224,True,0.09478836436955075
Placebo,75,6465,True,0.0
Placebo,75,6853,True,0.21167552546143242
Placebo,75,6949,True,0.43268653063834833
Placebo,75,7107,True,0.21836974929469327
Placebo,75,7240,False,0.0
Placebo,75,7937,True,0.5831862200330733
Placebo,75,8015,True,0.0
Placebo,75,8066,True,0.3167955283338362
Placebo,75,8202,True,0.2619718114829147
Placebo,75,8321,True,0.26223870591027465
Placebo,75,9222,True,0.0
Placebo,75,9453,True,0.5580759111248788
Placebo,75,73,True,0.0
Placebo,75,390,True,0.22293858710800998
Placebo,75,424,True,0.0898682452334257
Placebo,75,715,True,0.464669157139679
Placebo,75,915,False,0.0
Placebo,75,1579,True,0.20462025057503605
Placebo,75,1643,True,0.16837616317038023
Placebo,75,1679,True,0.26427132412682736
Placebo,75,1982,True,0.06625422345438896
Placebo,75,2027,True,0.1873296879832558
Placebo,75,2211,True,0.26406812257259077
Placebo,75,2228,True,0.3235727797685173
Placebo,75,2352,True,0.0
Placebo,75,2520,True,0.16078277618017145
Placebo,75,2573,True,0.06425604298318159
Placebo,75,2630,True,0.45691710893431875
Placebo,75,2666,True,0.2105658885415262
Placebo,75,2745,True,0.2897742869628396
Placebo,75,3149,True,0.41056829231979386
Placebo,75,3369,True,0.24384345872749633
Placebo,75,3617,True,0.2830218848546102
Placebo,75,3862,True,0.0
Placebo,75,4124,True,0.14180895612612696
Placebo,75,4218,True,0.1904289118179559
Placebo,75,4268,True,0.16551582582736296
Placebo,75,4452,True,0.12559130888705552
Placebo,75,4522,True,0.12818258603771118
Placebo,75,4784,True,0.5611698724611374
Placebo,75,5139,False,0.0
Placebo,75,5438,True,0.09019475927038985
Placebo,75,5565,True,0.11607370133067994
Placebo,75,5684,True,0.21448731013954725
Placebo,75,5775,True,0.06978419164318803
Placebo,75,6110,True,0.08953522546122739
Placebo,75,6488,True,0.2243639657242704
Placebo,75,6590,True,0.0
Placebo,75,6793,True,0.0
Placebo,75,7090,True,0.05560460661203127
Placebo,75,7112,True,0.31178546396428475
Placebo,75,7167,True,0.5600228215724793
Placebo,75,7287,True,0.4923319848900763
Placebo,75,7370,True,0.14357377676953753
Placebo,75,7547,True,0.07839826897867538
Placebo,75,7589,True,0.09546043308946738
Placebo,75,7622,True,0.1507293225816052
Placebo,75,7640,True,0.0
Placebo,75,7757,True,0.35502717704672304
Placebo,75,8162,True,0.4567993808896678
Placebo,75,8508,True,0.0
Placebo,75,8597,True,0.2840877673890814
Placebo,75,8771,False,0.0
Placebo,75,288,True,0.21801394003503294
Placebo,75,635,True,0.4568672325767273
Placebo,75,654,True,0.4907023256490296
Placebo,75,699,True,0.2908200608006746
Placebo,75,743,True,0.2081028676389503
Placebo,75,946,True,0.0
Placebo,75,976,False,0.0
Placebo,75,1144,True,0.45825539658647224
Placebo,75,1187,True,0.2113316364298642
Placebo,75,1384,True,0.3868528072345415
Placebo,75,1415,True,0.38878542365261354
Placebo,75,1443,True,0.4114557451695087
Placebo,75,1629,True,0.3638184934971569
Placebo,75,1684,True,0.32410819642821015
Placebo,75,1802,True,0.07876312977220012
Placebo,75,1914,True,0.2904920754695445
Placebo,75,2046,True,0.0
Placebo,75,2071,True,0.0
Placebo,75,2340,True,0.17342765698823942
Placebo,75,2749,True,0.5720316934057932
Placebo,75,3517,True,0.0771660742637523
Placebo,75,3758,True,0.0
Placebo,75,4110,True,0.0
Placebo,75,4111,True,0.3183412193664158
Placebo,75,4144,True,0.15676031934798057
Placebo,75,5021,True,0.3812130139445208
Placebo,75,5032,True,0.29405709704946015
Placebo,75,5096,True,0.11033935561218748
Placebo,75,5109,True,0.27904920373203873
Placebo,75,5114,True,0.0
Placebo,75,5977,True,0.0
Placebo,75,5984,True,0.2398124665681314
Placebo,75,6353,True,0.39798037214270343
Placebo,75,6373,True,0.201878906520566
Placebo,75,6539,True,0.0
Placebo,75,6554,True,0.4185991936571168
Placebo,75,6884,False,0.0
Placebo,75,6955,True,0.0
Placebo,75,7020,True,0.30599930032150646
Placebo,75,7029,True,0.3008153312526568
Placebo,75,7280,True,0.0
Placebo,75,7394,True,0.05810971087091437
Placebo,75,7795,True,0.2740807377834136
Placebo,75,8108,True,0.5518071920950502
Placebo,75,8560,True,0.47201354962783687
Placebo,75,8632,True,0.18209696163807773
Placebo,75,8657,True,0.3398019316479128
Placebo,75,8777,True,0.6767327431834825
Placebo,75,9151,True,0.0
Placebo,75,9609,False,0.0
Placebo,76,102,True,0.5312053547967014
Placebo,76,314,True,0.28299677726272837
Placebo,76,1068,True,0.11602240648613936
Placebo,76,1525,True,0.1775974789821119
Placebo,76,1795,True,0.2721781964980004
Placebo,76,1929,True,0.2611988548097263
Placebo,76,1931,True,0.07491210085649577
Placebo,76,1991,True,0.0
Placebo,76,2528,True,0.3564395355198352
Placebo,76,2697,True,0.07463008958064667
Placebo,76,2834,True,0.2840877673890814
Placebo,76,2845,True,0.11858432724547299
Placebo,76,3031,True,0.040742031470253154
Placebo,76,3250,True,0.09158083663141148
Placebo,76,3308,True,0.32017957272890957
Placebo,76,3402,True,0.0
Placebo,76,3426,True,0.319393943239799
Placebo,76,3449,True,0.041525761049921964
Placebo,76,3756,True,0.3805579938047463
Placebo,76,4141,True,0.31326671400636635
Placebo,76,4210,True,0.08036018528064796
Placebo,76,4516,True,0.0
Placebo,76,4692,True,0.0
Placebo,76,4700,False,0.0
Placebo,76,4910,False,0.0
Placebo,76,4962,False,0.0
Placebo,76,5275,True,0.308429038825362
Placebo,76,5671,True,0.2623330109891059
Placebo,76,5683,True,0.25282355734099626
Placebo,76,6067,True,0.4313792654833734
Placebo,76,6378,True,0.25480737726646885
Placebo,76,6495,True,0.5041795336871616
Placebo,76,6868,True,0.4636286033919353
Placebo,76,6880,True,0.0
Placebo,76,7144,True,0.2670657478376257
Placebo,76,7413,True,0.2085949054338175
Placebo,76,7526,True,0.0
Placebo,76,7531,True,0.0
Placebo,76,7577,True,0.0
Placebo,76,7621,True,0.14689919021059492
Placebo,76,8198,True,0.1687372165230757
Placebo,76,8442,True,0.06729296884018869
Placebo,76,8452,True,0.47387926911435113
Placebo,76,8476,True,0.09515663188532464
Placebo,76,8541,True,0.5432635920838531
Placebo,76,8802,True,0.5378964853942615
Placebo,76,8816,True,0.2807721888661444
Placebo,76,8852,False,0.0
Placebo,76,9099,True,0.36233794373928624
Placebo,76,9479,True,0.5209090851403014
Placebo,76,9625,False,0.0
Placebo,76,96,True,0.0
Placebo,76,171,True,0.2411861786610371
Placebo,76,328,False,0.0
Placebo,76,387,True,0.0
Placebo,76,754,False,0.0
Placebo,76,983,True,0.26547088878468683
Placebo,76,1039,True,0.36258849527535164
Placebo,76,1098,True,0.08479643623660313
Placebo,76,1120,True,0.4016941887697481
Placebo,76,1275,True,0.26780540326396984
Placebo,76,1343,True,0.0
Placebo,76,1483,True,0.10390831695286404
Placebo,76,2005,True,0.10699313236726382
Placebo,76,2048,True,0.4529719455970975
Placebo,76,2379,True,0.5920440024672159
Placebo,76,2516,True,0.21738768374257111
Placebo,76,2601,True,0.20108107541824158
Placebo,76,3210,True,0.3078542797335082
Placebo,76,3601,False,0.0
Placebo,76,3729,True,0.09880536741185794
Placebo,76,3832,True,0.4107648051167654
Placebo,76,4104,True,0.17211777476040205
Placebo,76,4286,True,0.2415011788195269
Placebo,76,4329,True,0.0
Placebo,76,4553,True,0.3210877911744764
Placebo,76,4790,True,0.26406812257259077
Placebo,76,4844,True,0.6131471927654585
Placebo,76,4994,True,0.2471168871120522
Placebo,76,5020,True,0.44841659351754654
Placebo,76,5293,True,0.0
Placebo,76,5338,True,0.5461545699384308
Placebo,76,5343,True,0.2515680522173782
Placebo,76,5464,True,0.1590127446243617
Placebo,76,5560,True,0.4808318295711407
Placebo,76,5719,True,0.14770307868057453
Placebo,76,6055,True,0.3800937667159343
Placebo,76,6121,True,0.37273442810475405
Placebo,76,6128,True,0.13347537859706934
Placebo,76,6197,True,0.1284275841975256
Placebo,76,6336,True,0.35279500099865624
Placebo,76,6577,True,0.2932536183445259
Placebo,76,6717,True,0.0
Placebo,76,6906,False,0.0
Placebo,76,8550,True,0.0
Placebo,76,8576,True,0.23776605814143975
Placebo,76,8790,False,0.0
Placebo,76,8840,False,0.0
Placebo,76,8878,True,0.0
Placebo,76,9337,True,0.0
Placebo,76,9501,True,0.4830231860061293
Placebo,76,9512,False,0.0
Placebo,76,45,True,0.08494489033580488
Placebo,76,199,True,0.6309297535714573
Placebo,76,458,True,0.5453382037330946
Placebo,76,564,True,0.6656664164504452
Placebo,76,717,True,0.0
Placebo,76,1109,True,0.4057289803499029
Placebo,76,1576,True,0.06562469259663067
Placebo,76,1711,True,0.0
Placebo,76,1868,True,0.0
Placebo,76,1942,True,0.20413021541210122
Placebo,76,2001,True,0.21756360855864584
Placebo,76,2217,True,0.36631875544596904
Placebo,76,2354,True,0.15954762531978323
Placebo,76,2761,True,0.0
Placebo,76,2980,True,0.0
Placebo,76,3021,True,0.04022792605497787
Placebo,76,3030,True,0.0
Placebo,76,3046,True,0.13445389546353415
Placebo,76,3050,True,0.4381520011290761
Placebo,76,3288,True,0.21937829106554327
Placebo,76,3302,True,0.15241933491306978
Placebo,76,3794,True,0.0
Placebo,76,3920,True,0.0
Placebo,76,3965,True,0.35301686087887274
Placebo,76,4193,True,0.32739495038873945
Placebo,76,4294,True,0.042106793863052994
Placebo,76,4383,True,0.20365873979554858
Placebo,76,4474,True,0.4450690542326615
Placebo,76,5068,True,0.1880288306311321
Placebo,76,5258,True,0.0
Placebo,76,5306,True,0.38594763046456965
Placebo,76,5323,True,0.4174187355924081
Placebo,76,5421,True,0.4110046034978542
Placebo,76,5766,True,0.13954868238592563
Placebo,76,5877,True,0.2568685449257752
Placebo,76,5887,True,0.25237126083215755
Placebo,76,6126,True,0.0
Placebo,76,6190,True,0.46583499420866675
Placebo,76,6224,True,0.23835494201205543
Placebo,76,6465,True,0.0
Placebo,76,6853,True,0.10232684867015737
Placebo,76,6949,True,0.24904393293155838
Placebo,76,7107,True,0.3124164813082815
Placebo,76,7240,False,0.0
Placebo,76,7937,True,0.3527753441478866
Placebo,76,8015,True,0.0
Placebo,76,8066,True,0.21731083974192975
Placebo,76,8202,True,0.1995468605022759
Placebo,76,8321,True,0.5669389756843901
Placebo,76,9222,True,0.0
Placebo,76,9453,True,0.4703763299197968
Placebo,76,73,True,0.0
Placebo,76,390,True,0.034715610968388655
Placebo,76,424,True,0.0
Placebo,76,715,True,0.43665408658121174
Placebo,76,915,False,0.0
Placebo,76,1579,True,0.06760523069231987
Placebo,76,1643,True,0.0
Placebo,76,1679,True,0.4945564824978946
Placebo,76,1982,True,0.35837428927862314
Placebo,76,2027,True,0.1837285268012849
Placebo,76,2211,True,0.4413074093566384
Placebo,76,2228,True,0.05884413279046632
Placebo,76,2352,True,0.0
Placebo,76,2520,True,0.09077394133714942
Placebo,76,2573,True,0.0
Placebo,76,2630,True,0.31038114219935514
Placebo,76,2666,True,0.06312301365295118
Placebo,76,2745,True,0.10765984001561404
Placebo,76,3149,True,0.22766212962884186
Placebo,76,3369,True,0.4594395547321454
Placebo,76,3617,True,0.19031326377064928
Placebo,76,3862,True,0.0
Placebo,76,4124,True,0.36483923736969553
Placebo,76,4218,True,0.0
Placebo,76,4268,True,0.19005985620648622
Placebo,76,4452,True,0.06265341172228864
Placebo,76,4522,True,0.21905941987297947
Placebo,76,4784,True,0.570826668399218
Placebo,76,5139,False,0.0
Placebo,76,5438,True,0.1882306778071404
Placebo,76,5565,True,0.0
Placebo,76,5684,True,0.3288171453036786
Placebo,76,5775,True,0.06978419164318803
Placebo,76,6110,True,0.1542428909118665
Placebo,76,6488,True,0.24293507976653914
Placebo,76,6590,True,0.0
Placebo,76,6793,True,0.0
Placebo,76,7090,True,0.06012983951359326
Placebo,76,7112,True,0.12663893885053282
Placebo,76,7167,True,0.6876182885174023
Placebo,76,7287,True,0.41097677390321774
Placebo,76,7370,True,0.23453617362143828
Placebo,76,7547,True,0.10386632493140387
Placebo,76,7589,True,0.0
Placebo,76,7622,True,0.2178512206762901
Placebo,76,7640,True,0.0
Placebo,76,7757,True,0.08495564252596027
Placebo,76,8162,True,0.6504604774362797
Placebo,76,8508,True,0.5
Placebo,76,8597,True,0.30166792068005505
Placebo,76,8771,False,0.0
Placebo,76,288,True,0.41079070079102276
Placebo,76,635,True,0.5300751720600283
Placebo,76,654,True,0.06368570437114804
Placebo,76,699,True,0.4225749983705864
Placebo,76,743,True,0.31259293379553044
Placebo,76,946,True,0.3010299956639808
Placebo,76,976,False,0.0
Placebo,76,1144,True,0.6634415744852846
Placebo,76,1187,True,0.42311200982463626
Placebo,76,1384,True,0.0
Placebo,76,1415,True,0.3589542101716347
Placebo,76,1443,True,0.49744503627142034
Placebo,76,1629,True,0.0
Placebo,76,1684,True,0.12663167705327652
Placebo,76,1802,True,0.13347537859706934
Placebo,76,1914,True,0.2143609425894224
Placebo,76,2046,True,0.0
Placebo,76,2071,True,0.24152730137973785
Placebo,76,2340,True,0.0
Placebo,76,2749,True,0.04541066051068629
Placebo,76,3517,True,0.2736121638301615
Placebo,76,3758,True,0.0
Placebo,76,4110,True,0.4173118374210429
Placebo,76,4111,True,0.0
Placebo,76,4144,True,0.0
Placebo,76,5021,True,0.4413618437151261
Placebo,76,5032,True,0.39207612939928016
Placebo,76,5096,True,0.35918289791817776
Placebo,76,5109,True,0.3045612559887858
Placebo,76,5114,True,0.0
Placebo,76,5977,True,0.0
Placebo,76,5984,True,0.0
Placebo,76,6353,True,0.3893110271741566
Placebo,76,6373,True,0.1592955443108955
Placebo,76,6539,True,1.0
Placebo,76,6554,True,0.34454592980937754
Placebo,76,6884,False,0.0
Placebo,76,6955,True,0.0
Placebo,76,7020,True,0.200054751076553
Placebo,76,7029,True,0.3755070854916212
Placebo,76,7280,True,0.1884727120781762
Placebo,76,7394,True,0.0
Placebo,76,7795,True,0.4740653845172027
Placebo,76,8108,True,0.0
Placebo,76,8560,True,0.266438820127284
Placebo,76,8632,True,0.10611925418463473
Placebo,76,8657,True,0.0
Placebo,76,8777,True,0.41231597282974813
Placebo,76,9151,True,0.0
Placebo,76,9609,False,0.0
Placebo,77,102,True,0.5346959659064869
Placebo,77,314,True,0.2737479018826227
Placebo,77,1068,True,0.2433584877264268
Placebo,77,1525,True,0.29991274779800176
Placebo,77,1795,True,0.3440584163287364
Placebo,77,1929,True,0.4233212475780372
Placebo,77,1931,True,0.13818040864366707
Placebo,77,1991,True,0.0
Placebo,77,2528,True,0.6232281222658632
Placebo,77,2697,True,0.0
Placebo,77,2834,True,0.41191726492782577
Placebo,77,2845,True,0.13693994781410615
Placebo,77,3031,True,0.07711607962658217
Placebo,77,3250,True,0.1848340641059158
Placebo,77,3308,True,0.0
Placebo,77,3402,True,0.0
Placebo,77,3426,True,0.09232555472959778
Placebo,77,3449,True,0.10458024921213012
Placebo,77,3756,True,0.16459801192123336
Placebo,77,4141,True,0.2440135187647161
Placebo,77,4210,True,0.3096121970208807
Placebo,77,4516,True,0.1353921314791758
Placebo,77,4692,True,0.0
Placebo,77,4700,False,0.0
Placebo,77,4910,False,0.0
Placebo,77,4962,False,0.0
Placebo,77,5275,True,0.056906557239904024
Placebo,77,5671,True,0.0
Placebo,77,5683,True,0.5394047529275801
Placebo,77,6067,True,0.4733581100220471
Placebo,77,6378,True,0.4772663383915103
Placebo,77,6495,True,0.4845021904727013
Placebo,77,6868,True,0.3034837177095431
Placebo,77,6880,True,0.16097832339419288
Placebo,77,7144,True,0.322663598581674
Placebo,77,7413,True,0.4987590423631747
Placebo,77,7526,True,0.6131471927654585
Placebo,77,7531,True,0.0
Placebo,77,7577,True,0.0
Placebo,77,7621,True,0.1988777616194058
Placebo,77,8198,True,0.31640983609923284
Placebo,77,8442,True,0.37672014741743964
Placebo,77,8452,True,0.08707562656251236
Placebo,77,8476,True,0.0
Placebo,77,8541,True,0.6580398322784211
Placebo,77,8802,True,0.6230216299217403
Placebo,77,8816,True,0.08116136400948519
Placebo,77,8852,False,0.0
Placebo,77,9099,True,0.1035251145692445
Placebo,77,9479,True,0.0
Placebo,77,9625,False,0.0
Placebo,77,96,True,0.0
Placebo,77,171,True,0.43392502172458297
Placebo,77,328,False,0.0
Placebo,77,387,True,0.062228655362841605
Placebo,77,754,False,0.0
Placebo,77,983,True,0.29450983262931557
Placebo,77,1039,True,0.2020702405543544
Placebo,77,1098,True,0.3000273687341233
Placebo,77,1120,True,0.2807721888661444
Placebo,77,1275,True,0.2023463726032709
Placebo,77,1343,True,0.0
Placebo,77,1483,True,0.0
Placebo,77,2005,True,0.13120507751234178
Placebo,77,2048,True,0.37374960907955496
Placebo,77,2379,True,0.47104560743527113
Placebo,77,2516,True,0.2924847222501497
Placebo,77,2601,True,0.12853939940815368
Placebo,77,3210,True,0.2798046528312736
Placebo,77,3601,False,0.0
Placebo,77,3729,True,0.0
Placebo,77,3832,True,0.37204548800839937
Placebo,77,4104,True,0.3331391796011133
Placebo,77,4286,True,0.7410392768850406
Placebo,77,4329,True,0.0
Placebo,77,4553,True,0.3210877911744764
Placebo,77,4790,True,0.0
Placebo,77,4844,True,0.0
Placebo,77,4994,True,0.1235584435560261
Placebo,77,5020,True,0.4484425511255027
Placebo,77,5293,True,0.0
Placebo,77,5338,True,0.5275540590412039
Placebo,77,5343,True,0.3640527996243651
Placebo,77,5464,True,0.06894748711075759
Placebo,77,5560,True,0.4773613084684254
Placebo,77,5719,True,0.37701855169656173
Placebo,77,6055,True,0.0
Placebo,77,6121,True,0.37370499322698814
Placebo,77,6128,True,0.43537793264635055
Placebo,77,6197,True,0.41220300946204425
Placebo,77,6336,True,0.13305201013572898
Placebo,77,6577,True,0.5385940951865632
Placebo,77,6717,True,0.0
Placebo,77,6906,False,0.0
Placebo,77,8550,True,0.0
Placebo,77,8576,True,0.18326540136614491
Placebo,77,8790,False,0.0
Placebo,77,8840,False,0.0
Placebo,77,8878,True,0.0
Placebo,77,9337,True,0.15613555918610508
Placebo,77,9501,True,0.3662450521651014
Placebo,77,9512,False,0.0
Placebo,77,45,True,0.0
Placebo,77,199,True,0.0
Placebo,77,458,True,0.45662787460027016
Placebo,77,564,True,0.6297510470002909
Placebo,77,717,True,0.0
Placebo,77,1109,True,0.7892916196576054
Placebo,77,1576,True,0.0
Placebo,77,1711,True,0.0
Placebo,77,1868,True,0.0
Placebo,77,1942,True,0.10054053770912079
Placebo,77,2001,True,0.0
Placebo,77,2217,True,0.0
Placebo,77,2354,True,0.3512135394015514
Placebo,77,2761,True,0.0
Placebo,77,2980,True,0.28906482631788766
Placebo,77,3021,True,0.17737892791773988
Placebo,77,3030,True,0.0
Placebo,77,3046,True,0.0
Placebo,77,3050,True,0.5445977288422227
Placebo,77,3288,True,0.38147154409175216
Placebo,77,3302,True,0.28037849667912856
Placebo,77,3794,True,0.3154648767857289
Placebo,77,3920,True,0.40347200390277443
Placebo,77,3965,True,0.0
Placebo,77,4193,True,0.2197434773205065
Placebo,77,4294,True,0.20458259122091146
Placebo,77,4383,True,0.16421958630632802
Placebo,77,4474,True,0.153490273005236
Placebo,77,5068,True,0.4585503575809119
Placebo,77,5258,True,0.0
Placebo,77,5306,True,0.23716370236284026
Placebo,77,5323,True,0.31854360976808116
Placebo,77,5421,True,0.3667415693759157
Placebo,77,5766,True,0.14177894309129296
Placebo,77,5877,True,0.05854439592831935
Placebo,77,5887,True,0.0
Placebo,77,6126,True,0.5
Placebo,77,6190,True,0.30645371439494123
Placebo,77,6224,True,0.6591894195415876
Placebo,77,6465,True,0.0
Placebo,77,6853,True,0.21959493548087644
Placebo,77,6949,True,0.36889251966594033
Placebo,77,7107,True,0.07778487414574674
Placebo,77,7240,False,0.0
Placebo,77,7937,True,0.32573356170740264
Placebo,77,8015,True,0.20210734650054754
Placebo,77,8066,True,0.2610111086451706
Placebo,77,8202,True,0.1671857999458645
Placebo,77,8321,True,0.19278566369387523
Placebo,77,9222,True,0.0
Placebo,77,9453,True,0.27425865493067214
Placebo,77,73,True,0.11377041810078817
Placebo,77,390,True,0.45091145681635525
Placebo,77,424,True,0.14656879505245024
Placebo,77,715,True,0.3061248071410833
Placebo,77,915,False,0.0
Placebo,77,1579,True,0.0
Placebo,77,1643,True,0.0
Placebo,77,1679,True,0.45471814705891755
Placebo,77,1982,True,0.2122263659729146
Placebo,77,2027,True,0.36944892491197256
Placebo,77,2211,True,0.3868528072345415
Placebo,77,2228,True,0.16425268916418295
Placebo,77,2352,True,1.0
Placebo,77,2520,True,0.07366373991453432
Placebo,77,2573,True,0.15721487658357466
Placebo,77,2630,True,0.2901185750648882
Placebo,77,2666,True,0.49392169351461673
Placebo,77,2745,True,0.08376355393230296
Placebo,77,3149,True,0.3295792985785435
Placebo,77,3369,True,0.11834679260215304
Placebo,77,3617,True,0.13925346236413355
Placebo,77,3862,True,0.0
Placebo,77,4124,True,0.0
Placebo,77,4218,True,0.43151079673820425
Placebo,77,4268,True,0.21965210905288088
Placebo,77,4452,True,0.23108276195026245
Placebo,77,4522,True,0.13334012726518654
Placebo,77,4784,True,0.5519699720241614
Placebo,77,5139,False,0.0
Placebo,77,5438,True,0.05851819837674865
Placebo,77,5565,True,0.24950477781052882
Placebo,77,5684,True,0.4573977361848565
Placebo,77,5775,True,0.11433720609494528
Placebo,77,6110,True,0.08953522546122739
Placebo,77,6488,True,0.41948326145404347
Placebo,77,6590,True,0.0
Placebo,77,6793,True,0.0
Placebo,77,7090,True,0.17868853848093336
Placebo,77,7112,True,0.2856110496485434
Placebo,77,7167,True,0.2510944601271494
Placebo,77,7287,True,0.12248568453418994
Placebo,77,7370,True,0.16016217770461663
Placebo,77,7547,True,0.3262049492845376
Placebo,77,7589,True,0.0
Placebo,77,7622,True,0.25118261777411105
Placebo,77,7640,True,0.35620718710802235
Placebo,77,7757,True,0.05663709501730687
Placebo,77,8162,True,0.34437562237005587
Placebo,77,8508,True,0.0
Placebo,77,8597,True,0.4841640753631266
Placebo,77,8771,False,0.0
Placebo,77,288,True,0.5229657139504653
Placebo,77,635,True,0.2511723597354967
Placebo,77,654,True,0.201878906520566
Placebo,77,699,True,0.2784805894273036
Placebo,77,743,True,0.2905670458402069
Placebo,77,946,True,0.0
Placebo,77,976,False,0.0
Placebo,77,1144,True,0.535330842860321
Placebo,77,1187,True,0.6380484986716759
Placebo,77,1384,True,0.0
Placebo,77,1415,True,0.25190216039755603
Placebo,77,1443,True,0.38802722285992075
Placebo,77,1629,True,0.0
Placebo,77,1684,True,0.0
Placebo,77,1802,True,0.09408189989829477
Placebo,77,1914,True,0.22301775114131486
Placebo,77,2046,True,0.2565722842672027
Placebo,77,2071,True,0.0
Placebo,77,2340,True,0.17342765698823942
Placebo,77,2749,True,0.29952116154398956
Placebo,77,3517,True,0.18102026775530974
Placebo,77,3758,True,0.0
Placebo,77,4110,True,0.30657359638272924
Placebo,77,4111,True,0.2463023887407299
Placebo,77,4144,True,0.16522115402989693
Placebo,77,5021,True,0.4027868126205451
Placebo,77,5032,True,0.38499770482367335
Placebo,77,5096,True,0.28087940903464836
Placebo,77,5109,True,0.39676925112156675
Placebo,77,5114,True,0.0
Placebo,77,5977,True,0.0
Placebo,77,5984,True,0.12669792223864482
Placebo,77,6353,True,0.2528410271851775
Placebo,77,6373,True,0.12737140874229597
Placebo,77,6539,True,0.0
Placebo,77,6554,True,0.1139691308388792
Placebo,77,6884,False,0.0
Placebo,77,6955,True,0.10972431200457408
Placebo,77,7020,True,0.312392255752311
Placebo,77,7029,True,0.1977061742303188
Placebo,77,7280,True,0.0
Placebo,77,7394,True,0.10218331334064325
Placebo,77,7795,True,0.30883941190217057
Placebo,77,8108,True,0.0
Placebo,77,8560,True,0.3831745958784474
Placebo,77,8632,True,0.12422240594026351
Placebo,77,8657,True,0.24155808068958923
Placebo,77,8777,True,0.4894699387048242
Placebo,77,9151,True,0.0
Placebo,77,9609,False,0.0
Placebo,78,102,True,0.7838409338645025
Placebo,78,314,True,0.23796893381736478
Placebo,78,1068,True,0.22005048920185433
Placebo,78,1525,True,0.05013355137207789
Placebo,78,1795,True,0.22708219865919257
Placebo,78,1929,True,0.2783643276115239
Placebo,78,1931,True,0.19973885611563796
Placebo,78,1991,True,0.14234052824960539
Placebo,78,2528,True,0.3645973221115225
Placebo,78,2697,True,0.1264713513838286
Placebo,78,2834,True,0.1324466859351805
Placebo,78,2845,True,0.1703163330970969
Placebo,78,3031,True,0.0
Placebo,78,3250,True,0.18082384726500145
Placebo,78,3308,True,0.0
Placebo,78,3402,True,0.6078293206734042
Placebo,78,3426,True,0.22754083620157634
Placebo,78,3449,True,0.1858465149313441
Placebo,78,3756,True,0.04750922006459467
Placebo,78,4141,True,0.4450664150479427
Placebo,78,4210,True,0.1509512770246406
Placebo,78,4516,True,0.25339584447728963
Placebo,78,4692,True,0.0
Placebo,78,4700,False,0.0
Placebo,78,4910,False,0.0
Placebo,78,4962,False,0.0
Placebo,78,5275,True,0.16811577046396647
Placebo,78,5671,True,0.0
Placebo,78,5683,True,0.2964306168269142
Placebo,78,6067,True,0.2647912274969334
Placebo,78,6378,True,0.303120781176964
Placebo,78,6495,True,0.2925073691370752
Placebo,78,6868,True,0.3139121026747607
Placebo,78,6880,True,0.1297559932741616
Placebo,78,7144,True,0.17654818168750433
Placebo,78,7413,True,0.29700881081341296
Placebo,78,7526,True,0.0
Placebo,78,7531,True,0.0
Placebo,78,7577,True,0.0
Placebo,78,7621,True,0.31652735906038204
Placebo,78,8198,True,0.1720350145445224
Placebo,78,8442,True,0.05835609105061249
Placebo,78,8452,True,0.12263526822390369
Placebo,78,8476,True,0.45616989488454635
Placebo,78,8541,True,0.30046239783263007
Placebo,78,8802,True,0.06715150624238254
Placebo,78,8816,True,0.5615443777322888
Placebo,78,8852,False,0.0
Placebo,78,9099,True,0.0
Placebo,78,9479,True,0.09614715734857844
Placebo,78,9625,False,0.0
Placebo,78,96,True,0.0
Placebo,78,171,True,0.24746304280992398
Placebo,78,328,False,0.0
Placebo,78,387,True,0.1250531853082422
Placebo,78,754,False,0.0
Placebo,78,983,True,0.44386912423408864
Placebo,78,1039,True,0.2577823056959428
Placebo,78,1098,True,0.12290435444132985
Placebo,78,1120,True,0.0
Placebo,78,1275,True,0.49569890147006374
Placebo,78,1343,True,0.0
Placebo,78,1483,True,0.30668035870033017
Placebo,78,2005,True,0.30078518014914984
Placebo,78,2048,True,0.6555188597954096
Placebo,78,2379,True,0.6006913295769065
Placebo,78,2516,True,0.23657526473659563
Placebo,78,2601,True,0.10975131898723874
Placebo,78,3210,True,0.294558660097761
Placebo,78,3601,False,0.0
Placebo,78,3729,True,0.16587867015587626
Placebo,78,3832,True,0.44675015787540745
Placebo,78,4104,True,0.3433936342073705
Placebo,78,4286,True,0.6054211497234147
Placebo,78,4329,True,0.0
Placebo,78,4553,True,0.06787632703032703
Placebo,78,4790,True,0.0
Placebo,78,4844,True,0.0
Placebo,78,4994,True,0.20151514190050257
Placebo,78,5020,True,0.17047953662813617
Placebo,78,5293,True,0.07066252950471981
Placebo,78,5338,True,0.402512542693442
Placebo,78,5343,True,0.35668483667793155
Placebo,78,5464,True,0.0
Placebo,78,5560,True,0.10527982729515885
Placebo,78,5719,True,0.0
Placebo,78,6055,True,0.29408068133282034
Placebo,78,6121,True,0.3593158232121784
Placebo,78,6128,True,0.08421358772610599
Placebo,78,6197,True,0.20820024926753802
Placebo,78,6336,True,0.16473418596582298
Placebo,78,6577,True,0.4566056287384012
Placebo,78,6717,True,0.0
Placebo,78,6906,False,0.0
Placebo,78,8550,True,0.0
Placebo,78,8576,True,0.23112904451600397
Placebo,78,8790,False,0.0
Placebo,78,8840,False,0.0
Placebo,78,8878,True,0.0
Placebo,78,9337,True,0.15979138559512837
Placebo,78,9501,True,0.2163595932146833
Placebo,78,9512,False,0.0
Placebo,78,45,True,0.23487399717908883
Placebo,78,199,True,0.0
Placebo,78,458,True,0.20323893375270075
Placebo,78,564,True,0.807584793325409
Placebo,78,717,True,0.0
Placebo,78,1109,True,0.5828268492876056
Placebo,78,1576,True,0.0
Placebo,78,1711,True,0.0
Placebo,78,1868,True,0.0
Placebo,78,1942,True,0.24961927871532108
Placebo,78,2001,True,0.2713540914079809
Placebo,78,2217,True,0.0762398663885409
Placebo,78,2354,True,0.5532390164842415
Placebo,78,2761,True,0.05759031152634054
Placebo,78,2980,True,0.0
Placebo,78,3021,True,0.3707478452402588
Placebo,78,3030,True,0.0
Placebo,78,3046,True,0.13507303465111423
Placebo,78,3050,True,0.5518878982948823
Placebo,78,3288,True,0.06571108366710594
Placebo,78,3302,True,0.10532072643041082
Placebo,78,3794,True,0.0
Placebo,78,3920,True,0.2453642136846998
Placebo,78,3965,True,0.06452577150984494
Placebo,78,4193,True,0.0
Placebo,78,4294,True,0.0
Placebo,78,4383,True,0.2739263696123523
Placebo,78,4474,True,0.1570011870657949
Placebo,78,5068,True,0.165794591380572
Placebo,78,5258,True,0.0
Placebo,78,5306,True,0.420374759660241
Placebo,78,5323,True,0.5098485766349933
Placebo,78,5421,True,0.533836564120888
Placebo,78,5766,True,0.39205582201384825
Placebo,78,5877,True,0.0
Placebo,78,5887,True,0.15533975185773247
Placebo,78,6126,True,0.0
Placebo,78,6190,True,0.5963940445833915
Placebo,78,6224,True,0.0
Placebo,78,6465,True,0.0
Placebo,78,6853,True,0.08873727821548741
Placebo,78,6949,True,0.3880904908283566
Placebo,78,7107,True,0.2092565635123989
Placebo,78,7240,False,0.0
Placebo,78,7937,True,0.445601742790156
Placebo,78,8015,True,0.14465396417138077
Placebo,78,8066,True,0.0
Placebo,78,8202,True,0.2999127477980018
Placebo,78,8321,True,0.1100458831490401
Placebo,78,9222,True,0.18465110945919555
Placebo,78,9453,True,0.5376552283989419
Placebo,78,73,True,0.0
Placebo,78,390,True,0.25190216039755603
Placebo,78,424,True,0.13986217479634805
Placebo,78,715,True,0.3282541132115222
Placebo,78,915,False,0.0
Placebo,78,1579,True,0.0
Placebo,78,1643,True,0.0
Placebo,78,1679,True,0.20874433741802878
Placebo,78,1982,True,0.09478836436955075
Placebo,78,2027,True,0.12248568453418994
Placebo,78,2211,True,0.30657359638272924
Placebo,78,2228,True,0.11178363413845552
Placebo,78,2352,True,0.28906482631788766
Placebo,78,2520,True,0.0
Placebo,78,2573,True,0.06978419164318803
Placebo,78,2630,True,0.7325724475761275
Placebo,78,2666,True,0.3028466998244484
Placebo,78,2745,True,0.3046418610714088
Placebo,78,3149,True,0.34872967035286995
Placebo,78,3369,True,0.4744209414627182
Placebo,78,3617,True,0.05501287053785307
Placebo,78,3862,True,0.0
Placebo,78,4124,True,0.3176291974747005
Placebo,78,4218,True,0.25207071950064763
Placebo,78,4268,True,0.35695147290226675
Placebo,78,4452,True,0.04681599109282455
Placebo,78,4522,True,0.159010486180089
Placebo,78,4784,True,0.35287199482033366
Placebo,78,5139,False,0.0
Placebo,78,5438,True,0.32749083505107357
Placebo,78,5565,True,0.0
Placebo,78,5684,True,0.049941400570997205
Placebo,78,5775,True,0.11640030782973945
Placebo,78,6110,True,0.0
Placebo,78,6488,True,0.05109165667032166
Placebo,78,6590,True,0.0
Placebo,78,6793,True,0.37684728418107294
Placebo,78,7090,True,0.06425604298318159
Placebo,78,7112,True,0.4029209390875161
Placebo,78,7167,True,0.38492148390611486
Placebo,78,7287,True,0.1895715260288365
Placebo,78,7370,True,0.044368639107743704
Placebo,78,7547,True,0.031810394099475836
Placebo,78,7589,True,0.0
Placebo,78,7622,True,0.09750766134500015
Placebo,78,7640,True,0.0
Placebo,78,7757,True,0.0
Placebo,78,8162,True,0.29769839086839356
Placebo,78,8508,True,0.30657359638272924
Placebo,78,8597,True,0.5108357423276895
Placebo,78,8771,False,0.0
Placebo,78,288,True,0.43852696780596756
Placebo,78,635,True,0.30904563724451717
Placebo,78,654,True,0.23105695204587226
Placebo,78,699,True,0.3609103676637683
Placebo,78,743,True,0.3110852032815894
Placebo,78,946,True,0.0
Placebo,78,976,False,0.0
Placebo,78,1144,True,0.2957414932598459
Placebo,78,1187,True,0.22558446105953137
Placebo,78,1384,True,0.0
Placebo,78,1415,True,0.4152807670887413
Placebo,78,1443,True,0.5656367859274446
Placebo,78,1629,True,0.0
Placebo,78,1684,True,0.2691608064790081
Placebo,78,1802,True,0.21931751439156089
Placebo,78,1914,True,0.5631211343580754
Placebo,78,2046,True,0.1681275362711174
Placebo,78,2071,True,0.0
Placebo,78,2340,True,0.0
Placebo,78,2749,True,0.272929615378334
Placebo,78,3517,True,0.19590136767023825
Placebo,78,3758,True,0.1460683498427064
Placebo,78,4110,True,0.3868528072345415
Placebo,78,4111,True,0.0
Placebo,78,4144,True,0.5330520816175953
Placebo,78,5021,True,0.1808852350940369
Placebo,78,5032,True,0.1413546294725757
Placebo,78,5096,True,0.4572658314799926
Placebo,78,5109,True,0.5160509955478596
Placebo,78,5114,True,0.0
Placebo,78,5977,True,0.0
Placebo,78,5984,True,0.0
Placebo,78,6353,True,0.16206479875944088
Placebo,78,6373,True,0.06729296884018869
Placebo,78,6539,True,0.0
Placebo,78,6554,True,0.29893592658459855
Placebo,78,6884,False,0.0
Placebo,78,6955,True,0.23689934525696238
Placebo,78,7020,True,0.4764096016848586
Placebo,78,7029,True,0.3730451681842575
Placebo,78,7280,True,0.22754083620157634
Placebo,78,7394,True,0.07216182621891234
Placebo,78,7795,True,0.6845288310967572
Placebo,78,8108,True,0.09478836436955075
Placebo,78,8560,True,0.4251529969566654
Placebo,78,8632,True,0.22061681671801533
Placebo,78,8657,True,0.0
Placebo,78,8777,True,0.2704304194279346
Placebo,78,9151,True,0.0
Placebo,78,9609,False,0.0
Placebo,79,102,True,0.8649816397829796
Placebo,79,314,True,0.16886297515941026
Placebo,79,1068,True,0.158117333831524
Placebo,79,1525,True,0.14941330913019807
Placebo,79,1795,True,0.20354467676492632
Placebo,79,1929,True,0.43777537835984587
Placebo,79,1931,True,0.10962735030186617
Placebo,79,1991,True,0.15751854584601127
Placebo,79,2528,True,0.32498034917390733
Placebo,79,2697,True,0.27883103983257185
Placebo,79,2834,True,0.27732350604121275
Placebo,79,2845,True,0.09467872459852929
Placebo,79,3031,True,0.0
Placebo,79,3250,True,0.17152144682354095
Placebo,79,3308,True,0.0
Placebo,79,3402,True,0.0
Placebo,79,3426,True,0.10646464774659972
Placebo,79,3449,True,0.09382844813642041
Placebo,79,3756,True,0.23872141668312044
Placebo,79,4141,True,0.7246675561374663
Placebo,79,4210,True,0.2870278490124032
Placebo,79,4516,True,0.0
Placebo,79,4692,True,0.3154648767857289
Placebo,79,4700,False,0.0
Placebo,79,4910,False,0.0
Placebo,79,4962,False,0.0
Placebo,79,5275,True,0.2561521385967557
Placebo,79,5671,True,0.0
Placebo,79,5683,True,0.6419974871531923
Placebo,79,6067,True,0.2528386632949471
Placebo,79,6378,True,0.28622027546394585
Placebo,79,6495,True,0.21276699674212302
Placebo,79,6868,True,0.05163532490696953
Placebo,79,6880,True,0.11140456097497296
Placebo,79,7144,True,0.0576901476090013
Placebo,79,7413,True,0.4939185369957286
Placebo,79,7526,True,0.0
Placebo,79,7531,True,0.0
Placebo,79,7577,True,0.2184074368181643
Placebo,79,7621,True,0.1485060568024601
Placebo,79,8198,True,0.14217416904054123
Placebo,79,8442,True,0.0
Placebo,79,8452,True,0.213047415432132
Placebo,79,8476,True,0.0
Placebo,79,8541,True,0.6737950507154624
Placebo,79,8802,True,0.3221742891674439
Placebo,79,8816,True,0.0
Placebo,79,8852,False,0.0
Placebo,79,9099,True,0.0
Placebo,79,9479,True,0.319393943239799
Placebo,79,9625,False,0.0
Placebo,79,96,True,0.2184074368181643
Placebo,79,171,True,0.3409090500450209
Placebo,79,328,False,0.0
Placebo,79,387,True,0.16462515763143104
Placebo,79,754,False,0.0
Placebo,79,983,True,0.5406986590767614
Placebo,79,1039,True,0.3981533446609724
Placebo,79,1098,True,0.2639364841142927
Placebo,79,1120,True,0.0
Placebo,79,1275,True,0.5329987323597238
Placebo,79,1343,True,0.0
Placebo,79,1483,True,0.1673110784121504
Placebo,79,2005,True,0.0
Placebo,79,2048,True,0.3916740238069051
Placebo,79,2379,True,0.6080598880058472
Placebo,79,2516,True,0.29956702802514273
Placebo,79,2601,True,0.1757188316729543
Placebo,79,3210,True,0.38766330238995245
Placebo,79,3601,False,0.0
Placebo,79,3729,True,0.4476727913917187
Placebo,79,3832,True,0.4385561486684872
Placebo,79,4104,True,0.1890570933316362
Placebo,79,4286,True,0.6750246040620469
Placebo,79,4329,True,0.12669792223864482
Placebo,79,4553,True,0.0
Placebo,79,4790,True,0.0
Placebo,79,4844,True,0.0
Placebo,79,4994,True,0.09232555472959778
Placebo,79,5020,True,0.2658390531826784
Placebo,79,5293,True,0.13323803262823583
Placebo,79,5338,True,0.4432507273440714
Placebo,79,5343,True,0.5500980840453226
Placebo,79,5464,True,0.0
Placebo,79,5560,True,0.5944088639517167
Placebo,79,5719,True,0.13347537859706934
Placebo,79,6055,True,0.0
Placebo,79,6121,True,0.35060580579903866
Placebo,79,6128,True,0.0950897783164808
Placebo,79,6197,True,0.3753337512588277
Placebo,79,6336,True,0.11489780503734268
Placebo,79,6577,True,0.6142885856199933
Placebo,79,6717,True,0.0
Placebo,79,6906,False,0.0
Placebo,79,8550,True,0.0
Placebo,79,8576,True,0.3349232228001395
Placebo,79,8790,False,0.0
Placebo,79,8840,False,0.0
Placebo,79,8878,True,0.0
Placebo,79,9337,True,0.0
Placebo,79,9501,True,0.28512627268946417
Placebo,79,9512,False,0.0
Placebo,79,45,True,0.21286648289195842
Placebo,79,199,True,0.0
Placebo,79,458,True,0.3360207044414813
Placebo,79,564,True,0.6438131748570636
Placebo,79,717,True,0.0
Placebo,79,1109,True,0.6008191720453575
Placebo,79,1576,True,0.0
Placebo,79,1711,True,0.0
Placebo,79,1868,True,0.0
Placebo,79,1942,True,0.5854844816975794
Placebo,79,2001,True,0.12530682344457728
Placebo,79,2217,True,0.25000561255896664
Placebo,79,2354,True,0.7076016325472892
Placebo,79,2761,True,0.0
Placebo,79,2980,True,0.0
Placebo,79,3021,True,0.14217441979706666
Placebo,79,3030,True,0.0
Placebo,79,3046,True,0.30867298593956016
Placebo,79,3050,True,0.6316026131533499
Placebo,79,3288,True,0.0
Placebo,79,3302,True,0.15666493070693877
Placebo,79,3794,True,0.4306765580733929
Placebo,79,3920,True,0.2764582536639236
Placebo,79,3965,True,0.051654929011943435
Placebo,79,4193,True,0.4434427278352568
Placebo,79,4294,True,0.21223850836926947
Placebo,79,4383,True,0.17979209878165298
Placebo,79,4474,True,0.09057381532497312
Placebo,79,5068,True,0.13655921426376133
Placebo,79,5258,True,0.31179691303799156
Placebo,79,5306,True,0.32469345565388885
Placebo,79,5323,True,0.21494808396475082
Placebo,79,5421,True,0.3314308267961365
Placebo,79,5766,True,0.24395747201901505
Placebo,79,5877,True,0.2077690072990183
Placebo,79,5887,True,0.15509895168913607
Placebo,79,6126,True,0.0
Placebo,79,6190,True,0.2741535580750295
Placebo,79,6224,True,0.07920457628425122
Placebo,79,6465,True,0.0
Placebo,79,6853,True,0.15914078398951673
Placebo,79,6949,True,0.4324363190493077
Placebo,79,7107,True,0.0
Placebo,79,7240,False,0.0
Placebo,79,7937,True,0.6559254577677572
Placebo,79,8015,True,0.0
Placebo,79,8066,True,0.20880888691613647
Placebo,79,8202,True,0.3389180579564422
Placebo,79,8321,True,0.12182507869130106
Placebo,79,9222,True,0.0
Placebo,79,9453,True,0.42293056620073427
Placebo,79,73,True,0.0
Placebo,79,390,True,0.13909908480897548
Placebo,79,424,True,0.14656879505245024
Placebo,79,715,True,0.7126749474409579
Placebo,79,915,False,0.0
Placebo,79,1579,True,0.08173891239734137
Placebo,79,1643,True,0.0
Placebo,79,1679,True,0.27460595302217616
Placebo,79,1982,True,0.5119400505088388
Placebo,79,2027,True,0.30014996686226686
Placebo,79,2211,True,0.6131471927654585
Placebo,79,2228,True,0.16530910023832623
Placebo,79,2352,True,0.0
Placebo,79,2520,True,0.09077394133714942
Placebo,79,2573,True,0.056906557239904024
Placebo,79,2630,True,0.5253137521287166
Placebo,79,2666,True,0.4653305960520016
Placebo,79,2745,True,0.0
Placebo,79,3149,True,0.5152945537512509
Placebo,79,3369,True,0.3399504949080899
Placebo,79,3617,True,0.24760326473832586
Placebo,79,3862,True,0.0
Placebo,79,4124,True,0.05376685808255544
Placebo,79,4218,True,0.08819321122267214
Placebo,79,4268,True,0.21412830577381883
Placebo,79,4452,True,0.10390831695286404
Placebo,79,4522,True,0.232663537626816
Placebo,79,4784,True,0.6316243658611127
Placebo,79,5139,False,0.0
Placebo,79,5438,True,0.06425604298318159
Placebo,79,5565,True,0.0655323138814937
Placebo,79,5684,True,0.2671167215738561
Placebo,79,5775,True,0.13386670381401702
Placebo,79,6110,True,0.10352593758913044
Placebo,79,6488,True,0.11735041394502496
Placebo,79,6590,True,0.0
Placebo,79,6793,True,0.1000130716141717
Placebo,79,7090,True,0.0
Placebo,79,7112,True,0.3903800499921017
Placebo,79,7167,True,0.24740963585396453
Placebo,79,7287,True,0.2528856935293578
Placebo,79,7370,True,0.33364741687178573
Placebo,79,7547,True,0.4171038255738655
Placebo,79,7589,True,0.14081248632988866
Placebo,79,7622,True,0.16647195188832425
Placebo,79,7640,True,0.0
Placebo,79,7757,True,0.0
Placebo,79,8162,True,0.43169006984185687
Placebo,79,8508,True,0.26406812257259077
Placebo,79,8597,True,0.2530038071142886
Placebo,79,8771,False,0.0
Placebo,79,288,True,0.4182508767142866
Placebo,79,635,True,0.4943729839826563
Placebo,79,654,True,0.0
Placebo,79,699,True,0.15298584033720414
Placebo,79,743,True,0.3455515271707352
Placebo,79,946,True,0.0
Placebo,79,976,False,0.0
Placebo,79,1144,True,0.4760450985343059
Placebo,79,1187,True,0.16191146799215528
Placebo,79,1384,True,0.17723928678404763
Placebo,79,1415,True,0.0
Placebo,79,1443,True,0.5438985811506689
Placebo,79,1629,True,0.0
Placebo,79,1684,True,0.12663167705327652
Placebo,79,1802,True,0.0
Placebo,79,1914,True,0.3008153312526568
Placebo,79,2046,True,0.11751610475642699
Placebo,79,2071,True,0.10004876742114935
Placebo,79,2340,True,0.09791292534996787
Placebo,79,2749,True,0.29797047765204326
Placebo,79,3517,True,0.22245896432844894
Placebo,79,3758,True,0.0
Placebo,79,4110,True,0.23719771276929624
Placebo,79,4111,True,0.0
Placebo,79,4144,True,0.06099161925558509
Placebo,79,5021,True,0.14486848609961867
Placebo,79,5032,True,0.10436251691167327
Placebo,79,5096,True,0.14961048995209805
Placebo,79,5109,True,0.30943282293899005
Placebo,79,5114,True,0.1235584435560261
Placebo,79,5977,True,0.5654648767857287
Placebo,79,5984,True,0.11441962494640383
Placebo,79,6353,True,0.3235787741605155
Placebo,79,6373,True,0.11415543100128948
Placebo,79,6539,True,0.0
Placebo,79,6554,True,0.3451761889489751
Placebo,79,6884,False,0.0
Placebo,79,6955,True,0.23949068454877484
Placebo,79,7020,True,0.40391260888130803
Placebo,79,7029,True,0.4326959831110921
Placebo,79,7280,True,0.1596969716198995
Placebo,79,7394,True,0.0
Placebo,79,7795,True,0.2759333184143331
Placebo,79,8108,True,0.14201905717762706
Placebo,79,8560,True,0.3739675298366664
Placebo,79,8632,True,0.3007637963207413
Placebo,79,8657,True,0.0
Placebo,79,8777,True,0.7547085681712624
Placebo,79,9151,True,0.0
Placebo,79,9609,False,0.0
SY_onet,-1,102,True,0.766027529889424
SY_onet,-1,314,True,0.1575875082081123
SY_onet,-1,1068,True,0.31122848186615854
SY_onet,-1,1525,True,0.18708222273805003
SY_onet,-1,1795,True,0.6540134305272598
SY_onet,-1,1929,True,0.8555207409056326
SY_onet,-1,1931,True,0.23895416704719638
SY_onet,-1,1991,True,0.44617500895889267
SY_onet,-1,2528,True,0.8375734688038093
SY_onet,-1,2697,True,0.17348080188263926
SY_onet,-1,2834,True,0.3071677742927584
SY_onet,-1,2845,True,0.7159533763756072
SY_onet,-1,3031,True,0.8614765384232147
SY_onet,-1,3250,True,0.6734246613330807
SY_onet,-1,3308,True,0.9504205613037944
SY_onet,-1,3402,True,0.5430525288000052
SY_onet,-1,3426,True,0.6876819643834762
SY_onet,-1,3449,True,0.7105003525189225
SY_onet,-1,3756,True,0.6082130304189916
SY_onet,-1,4141,True,0.8346476309172469
SY_onet,-1,4210,True,0.4268769403891656
SY_onet,-1,4516,True,0.5411289525711123
SY_onet,-1,4692,True,0.0
SY_onet,-1,4700,False,0.0
SY_onet,-1,4910,False,0.0
SY_onet,-1,4962,False,0.0
SY_onet,-1,5275,True,0.5001359040199446
SY_onet,-1,5671,True,0.3113074749629624
SY_onet,-1,5683,True,0.4409230498894714
SY_onet,-1,6067,True,0.8418383083935865
SY_onet,-1,6378,True,0.7222134910743749
SY_onet,-1,6495,True,0.5829816617908926
SY_onet,-1,6868,True,0.4092143077352343
SY_onet,-1,6880,True,0.16961567643071693
SY_onet,-1,7144,True,0.4489083433296783
SY_onet,-1,7413,True,0.435888311408769
SY_onet,-1,7526,True,0.10505121490071491
SY_onet,-1,7531,True,0.06794806471493058
SY_onet,-1,7577,True,0.1638747443124796
SY_onet,-1,7621,True,0.6578649612515398
SY_onet,-1,8198,True,0.2524279602809425
SY_onet,-1,8442,True,0.26977905614252407
SY_onet,-1,8452,True,0.6974935507373216
SY_onet,-1,8476,True,0.6923595849555764
SY_onet,-1,8541,True,0.8676412214176955
SY_onet,-1,8802,True,0.4975808192949359
SY_onet,-1,8816,True,0.12345533231596209
SY_onet,-1,8852,False,0.0
SY_onet,-1,9099,True,0.6849090594067052
SY_onet,-1,9479,True,0.0
SY_onet,-1,9625,False,0.0
SY_onet,-1,96,True,0.09286235511040511
SY_onet,-1,171,True,0.29434398672599893
SY_onet,-1,328,False,0.0
SY_onet,-1,387,True,0.5290922873787058
SY_onet,-1,754,False,0.0
SY_onet,-1,983,True,0.6069683262726119
SY_onet,-1,1039,True,0.2720996639254718
SY_onet,-1,1098,True,0.37014962190306383
SY_onet,-1,1120,True,0.5377232835152445
SY_onet,-1,1275,True,0.8984385026883941
SY_onet,-1,1343,True,0.25311138129202465
SY_onet,-1,1483,True,0.3701658555652793
SY_onet,-1,2005,True,0.17626638635105232
SY_onet,-1,2048,True,0.6057770022016865
SY_onet,-1,2379,True,0.8958583154492195
SY_onet,-1,2516,True,0.6658690314344621
SY_onet,-1,2601,True,0.9205232597737636
SY_onet,-1,3210,True,0.6415268063223889
SY_onet,-1,3601,False,0.0
SY_onet,-1,3729,True,0.205426144199492
SY_onet,-1,3832,True,0.8353567716135102
SY_onet,-1,4104,True,0.22691171692156484
SY_onet,-1,4286,True,0.6361969794935687
SY_onet,-1,4329,True,0.0
SY_onet,-1,4553,True,0.9207541861985739
SY_onet,-1,4790,True,0.0
SY_onet,-1,4844,True,0.57064171895532
SY_onet,-1,4994,True,0.833890988117407
SY_onet,-1,5020,True,0.6013007892530899
SY_onet,-1,5293,True,0.6631426099442618
SY_onet,-1,5338,True,0.9272980762817044
SY_onet,-1,5343,True,0.7762951185593523
SY_onet,-1,5464,True,0.1313710148456773
SY_onet,-1,5560,True,0.5553415126180735
SY_onet,-1,5719,True,0.5367947160828069
SY_onet,-1,6055,True,0.34618444263053
SY_onet,-1,6121,True,0.5480848507626422
SY_onet,-1,6128,True,0.3703210172570469
SY_onet,-1,6197,True,0.31848401321814185
SY_onet,-1,6336,True,0.347339736299777
SY_onet,-1,6577,True,0.4978013651614525
SY_onet,-1,6717,True,1.0
SY_onet,-1,6906,False,0.0
SY_onet,-1,8550,True,0.0
SY_onet,-1,8576,True,0.40021208973521116
SY_onet,-1,8790,False,0.0
SY_onet,-1,8840,False,0.0
SY_onet,-1,8878,True,0.3912455174719856
SY_onet,-1,9337,True,0.5773783179583575
SY_onet,-1,9501,True,0.8057628517329887
SY_onet,-1,9512,False,0.0
SY_onet,-1,45,True,0.4972637374006365
SY_onet,-1,199,True,0.08935665127840324
SY_onet,-1,458,True,0.614733591179776
SY_onet,-1,564,True,0.9659162305388151
SY_onet,-1,717,True,0.3903800499921017
SY_onet,-1,1109,True,0.640625
SY_onet,-1,1576,True,0.7138532402733676
SY_onet,-1,1711,True,1.0
SY_onet,-1,1868,True,0.0
SY_onet,-1,1942,True,0.3312241283665798
SY_onet,-1,2001,True,0.6297797616590549
SY_onet,-1,2217,True,0.45187907327245624
SY_onet,-1,2354,True,0.8120040373338732
SY_onet,-1,2761,True,0.8600505318257203
SY_onet,-1,2980,True,1.0
SY_onet,-1,3021,True,0.4796440099949267
SY_onet,-1,3030,True,0.15667445993408086
SY_onet,-1,3046,True,0.5429602163816549
SY_onet,-1,3050,True,0.7274732348297266
SY_onet,-1,3288,True,0.2575065969272832
SY_onet,-1,3302,True,0.35807608783938116
SY_onet,-1,3794,True,0.15145197793627815
SY_onet,-1,3920,True,0.7911943948643574
SY_onet,-1,3965,True,0.17454747455504985
SY_onet,-1,4193,True,0.8597186998521971
SY_onet,-1,4294,True,0.39781606530101454
SY_onet,-1,4383,True,0.7994476500785205
SY_onet,-1,4474,True,0.4324963668289566
SY_onet,-1,5068,True,0.5745529609543539
SY_onet,-1,5258,True,0.12454445422394146
SY_onet,-1,5306,True,0.5800886078407393
SY_onet,-1,5323,True,0.83438395422836
SY_onet,-1,5421,True,0.6311244840599027
SY_onet,-1,5766,True,0.8305593524776861
SY_onet,-1,5877,True,0.18103000802976835
SY_onet,-1,5887,True,0.40672510835398173
SY_onet,-1,6126,True,0.371529997171282
SY_onet,-1,6190,True,0.6039854918007785
SY_onet,-1,6224,True,0.816481326756633
SY_onet,-1,6465,True,1.0
SY_onet,-1,6853,True,0.6158345802014673
SY_onet,-1,6949,True,0.5933405463442485
SY_onet,-1,7107,True,0.7631738581820507
SY_onet,-1,7240,False,0.0
SY_onet,-1,7937,True,0.510650310809163
SY_onet,-1,8015,True,0.10400954818472671
SY_onet,-1,8066,True,0.2929918665955374
SY_onet,-1,8202,True,0.48068779713633425
SY_onet,-1,8321,True,0.55502294157452
SY_onet,-1,9222,True,0.05581482051292492
SY_onet,-1,9453,True,0.836129915472446
SY_onet,-1,73,True,0.1527563508774787
SY_onet,-1,390,True,0.4061221570543985
SY_onet,-1,424,True,0.08332865488506076
SY_onet,-1,715,True,0.7681838843423245
SY_onet,-1,915,False,0.0
SY_onet,-1,1579,True,0.1183591096027201
SY_onet,-1,1643,True,1.0
SY_onet,-1,1679,True,0.898143791772177
SY_onet,-1,1982,True,0.4911309223240279
SY_onet,-1,2027,True,0.6651940366756602
SY_onet,-1,2211,True,0.6131471927654585
SY_onet,-1,2228,True,0.6243087869947608
SY_onet,-1,2352,True,0.10402248516131742
SY_onet,-1,2520,True,0.9827184954621127
SY_onet,-1,2573,True,0.276089172542396
SY_onet,-1,2630,True,0.8864755035046702
SY_onet,-1,2666,True,0.06312301365295118
SY_onet,-1,2745,True,0.4584177694835083
SY_onet,-1,3149,True,0.3253968253968254
SY_onet,-1,3369,True,0.19951140862142133
SY_onet,-1,3617,True,0.4512047823576596
SY_onet,-1,3862,True,0.07778339604954737
SY_onet,-1,4124,True,0.8614343694479238
SY_onet,-1,4218,True,0.13920004292178895
SY_onet,-1,4268,True,0.31132704673957473
SY_onet,-1,4452,True,0.22075799004449917
SY_onet,-1,4522,True,0.8477170747670149
SY_onet,-1,4784,True,0.4507042253521127
SY_onet,-1,5139,False,0.0
SY_onet,-1,5438,True,0.43180358851694167
SY_onet,-1,5565,True,0.725783858968135
SY_onet,-1,5684,True,0.18565504111764394
SY_onet,-1,5775,True,0.21720263334464784
SY_onet,-1,6110,True,0.5341946240062607
SY_onet,-1,6488,True,0.25811740594357596
SY_onet,-1,6590,True,0.0
SY_onet,-1,6793,True,0.08696167709849821
SY_onet,-1,7090,True,0.46208692924863703
SY_onet,-1,7112,True,0.5686366096552247
SY_onet,-1,7167,True,0.6705903939211804
SY_onet,-1,7287,True,0.4669242792336054
SY_onet,-1,7370,True,0.8065137971161619
SY_onet,-1,7547,True,0.5364894650907109
SY_onet,-1,7589,True,0.892210845475489
SY_onet,-1,7622,True,0.4148693557666079
SY_onet,-1,7640,True,0.0
SY_onet,-1,7757,True,0.6820066250677607
SY_onet,-1,8162,True,0.8357886178296302
SY_onet,-1,8508,True,0.1700829193630622
SY_onet,-1,8597,True,0.7424432814368407
SY_onet,-1,8771,False,0.0
SY_onet,-1,288,True,0.6538352734926828
SY_onet,-1,635,True,0.4203871192929745
SY_onet,-1,654,True,0.12395253930872727
SY_onet,-1,699,True,0.4259864454470672
SY_onet,-1,743,True,0.5934911048674075
SY_onet,-1,946,True,0.0
SY_onet,-1,976,False,0.0
SY_onet,-1,1144,True,0.8284227643407395
SY_onet,-1,1187,True,0.3055563531792386
SY_onet,-1,1384,True,0.48152433575834297
SY_onet,-1,1415,True,0.2160044521133194
SY_onet,-1,1443,True,0.751124038438233
SY_onet,-1,1629,True,0.4225175445808042
SY_onet,-1,1684,True,0.5546045862545268
SY_onet,-1,1802,True,0.13377646385946876
SY_onet,-1,1914,True,0.6818181818181818
SY_onet,-1,2046,True,0.36571757281692313
SY_onet,-1,2071,True,0.3326950989677684
SY_onet,-1,2340,True,0.5711905254602807
SY_onet,-1,2749,True,0.5781757182303268
SY_onet,-1,3517,True,0.6039419832302652
SY_onet,-1,3758,True,0.7290702207685058
SY_onet,-1,4110,True,0.7217833657927932
SY_onet,-1,4111,True,0.1934287303862522
SY_onet,-1,4144,True,0.5723647278962648
SY_onet,-1,5021,True,0.07307588314782311
SY_onet,-1,5032,True,0.10931342274386749
SY_onet,-1,5096,True,0.8047726130703401
SY_onet,-1,5109,True,0.622584257941604
SY_onet,-1,5114,True,0.14511853333360478
SY_onet,-1,5977,True,0.0
SY_onet,-1,5984,True,0.975117208394918
SY_onet,-1,6353,True,0.6883691393868723
SY_onet,-1,6373,True,0.5201086461471124
SY_onet,-1,6539,True,0.0
SY_onet,-1,6554,True,0.5327118852719374
SY_onet,-1,6884,False,0.0
SY_onet,-1,6955,True,0.4721231374941172
SY_onet,-1,7020,True,0.45260581781522463
SY_onet,-1,7029,True,0.5
SY_onet,-1,7280,True,0.10189306977516309
SY_onet,-1,7394,True,0.3852963042034846
SY_onet,-1,7795,True,0.36693552144086744
SY_onet,-1,8108,True,0.27702755136404683
SY_onet,-1,8560,True,0.75
SY_onet,-1,8632,True,0.38611928105577786
SY_onet,-1,8657,True,0.5200482327801663
SY_onet,-1,8777,True,0.82
SY_onet,-1,9151,True,0.30824743622485484
SY_onet,-1,9609,False,0.0
KB_neighbor_onet,-1,102,True,0.8476453597909209
KB_neighbor_onet,-1,314,True,0.33129198252340586
KB_neighbor_onet,-1,1068,True,0.534076679762164
KB_neighbor_onet,-1,1525,True,0.7942743712344629
KB_neighbor_onet,-1,1795,True,0.6597405443393008
KB_neighbor_onet,-1,1929,True,0.8831745958784473
KB_neighbor_onet,-1,1931,True,0.1383518862094005
KB_neighbor_onet,-1,1991,True,0.7150986453716426
KB_neighbor_onet,-1,2528,True,0.8301329654900066
KB_neighbor_onet,-1,2697,True,0.0731168384439099
KB_neighbor_onet,-1,2834,True,0.314873316142935
KB_neighbor_onet,-1,2845,True,0.7137302816014803
KB_neighbor_onet,-1,3031,True,0.7880832941198379
KB_neighbor_onet,-1,3250,True,0.3992329641203079
KB_neighbor_onet,-1,3308,True,0.6255380974307703
KB_neighbor_onet,-1,3402,True,0.7894128265611066
KB_neighbor_onet,-1,3426,True,0.6806060567602009
KB_neighbor_onet,-1,3449,True,0.9027518459839108
KB_neighbor_onet,-1,3756,True,0.705039576334319
KB_neighbor_onet,-1,4141,True,0.7656806715494531
KB_neighbor_onet,-1,4210,True,0.29997585282655226
KB_neighbor_onet,-1,4516,True,0.7601875334318686
KB_neighbor_onet,-1,4692,True,0.38685280723454163
KB_neighbor_onet,-1,4700,False,0.0
KB_neighbor_onet,-1,4910,False,0.0
KB_neighbor_onet,-1,4962,False,0.0
KB_neighbor_onet,-1,5275,True,0.43614821296142875
KB_neighbor_onet,-1,5671,True,0.4445792202876855
KB_neighbor_onet,-1,5683,True,0.5224944600627281
KB_neighbor_onet,-1,6067,True,0.9591146533449257
KB_neighbor_onet,-1,6378,True,0.7591411943277931
KB_neighbor_onet,-1,6495,True,0.48817169935774907
KB_neighbor_onet,-1,6868,True,0.5538944585287255
KB_neighbor_onet,-1,6880,True,0.91997839297763
KB_neighbor_onet,-1,7144,True,0.38874425745715074
KB_neighbor_onet,-1,7413,True,0.4746376229460603
KB_neighbor_onet,-1,7526,True,0.0
KB_neighbor_onet,-1,7531,True,0.5109559939712155
KB_neighbor_onet,-1,7577,True,0.0
KB_neighbor_onet,-1,7621,True,0.7811472514806126
KB_neighbor_onet,-1,8198,True,0.7229412769177963
KB_neighbor_onet,-1,8442,True,0.2888234191284636
KB_neighbor_onet,-1,8452,True,0.6380805831810227
KB_neighbor_onet,-1,8476,True,0.7831843743333884
KB_neighbor_onet,-1,8541,True,0.8310568711728401
KB_neighbor_onet,-1,8802,True,0.5646608552891857
KB_neighbor_onet,-1,8816,True,0.34578428667210126
KB_neighbor_onet,-1,8852,False,0.0
KB_neighbor_onet,-1,9099,True,0.7093982516549235
KB_neighbor_onet,-1,9479,True,0.0
KB_neighbor_onet,-1,9625,False,0.0
KB_neighbor_onet,-1,96,True,0.0
KB_neighbor_onet,-1,171,True,0.44785779706113565
KB_neighbor_onet,-1,328,False,0.0
KB_neighbor_onet,-1,387,True,0.5217520297189882
KB_neighbor_onet,-1,754,False,0.0
KB_neighbor_onet,-1,983,True,0.6158708142999217
KB_neighbor_onet,-1,1039,True,0.3479909753973857
KB_neighbor_onet,-1,1098,True,0.38109465073321147
KB_neighbor_onet,-1,1120,True,0.6615574493464605
KB_neighbor_onet,-1,1275,True,0.852303068566593
KB_neighbor_onet,-1,1343,True,0.5
KB_neighbor_onet,-1,1483,True,0.36884216443395723
KB_neighbor_onet,-1,2005,True,0.06671222698475615
KB_neighbor_onet,-1,2048,True,0.5397860979936051
KB_neighbor_onet,-1,2379,True,0.9591146533449257
KB_neighbor_onet,-1,2516,True,0.8630152897016883
KB_neighbor_onet,-1,2601,True,0.8431371776465469
KB_neighbor_onet,-1,3210,True,0.6866222811741686
KB_neighbor_onet,-1,3601,False,0.0
KB_neighbor_onet,-1,3729,True,0.3938073396327867
KB_neighbor_onet,-1,3832,True,0.8735794864074112
KB_neighbor_onet,-1,4104,True,0.12248568453418994
KB_neighbor_onet,-1,4286,True,0.824935221059734
KB_neighbor_onet,-1,4329,True,0.5998372440364408
KB_neighbor_onet,-1,4553,True,0.8770144117327363
KB_neighbor_onet,-1,4790,True,0.22780257479373028
KB_neighbor_onet,-1,4844,True,0.5012658353418871
KB_neighbor_onet,-1,4994,True,0.638787886479598
KB_neighbor_onet,-1,5020,True,0.4997728115373227
KB_neighbor_onet,-1,5293,True,0.6360569459604197
KB_neighbor_onet,-1,5338,True,0.8723175767170153
KB_neighbor_onet,-1,5343,True,0.8280847911714012
KB_neighbor_onet,-1,5464,True,0.3650409472570833
KB_neighbor_onet,-1,5560,True,0.6093255185314884
KB_neighbor_onet,-1,5719,True,0.5503473659298083
KB_neighbor_onet,-1,6055,True,0.7338381252682712
KB_neighbor_onet,-1,6121,True,0.5673381264263514
KB_neighbor_onet,-1,6128,True,0.597717991951748
KB_neighbor_onet,-1,6197,True,0.27121293964405396
KB_neighbor_onet,-1,6336,True,0.4817773399428705
KB_neighbor_onet,-1,6577,True,0.442017625612159
KB_neighbor_onet,-1,6717,True,1.0
KB_neighbor_onet,-1,6906,False,0.0
KB_neighbor_onet,-1,8550,True,0.40876468265396726
KB_neighbor_onet,-1,8576,True,0.2797526761953624
KB_neighbor_onet,-1,8790,False,0.0
KB_neighbor_onet,-1,8840,False,0.0
KB_neighbor_onet,-1,8878,True,0.46533827903669644
KB_neighbor_onet,-1,9337,True,0.6497382395373086
KB_neighbor_onet,-1,9501,True,0.8767392569796848
KB_neighbor_onet,-1,9512,False,0.0
KB_neighbor_onet,-1,45,True,0.7264498415930662
KB_neighbor_onet,-1,199,True,0.0
KB_neighbor_onet,-1,458,True,0.7414716682159997
KB_neighbor_onet,-1,564,True,0.9659162305388151
KB_neighbor_onet,-1,717,True,0.5078961547485287
KB_neighbor_onet,-1,1109,True,0.49711782744154714
KB_neighbor_onet,-1,1576,True,0.7890714892376691
KB_neighbor_onet,-1,1711,True,1.0
KB_neighbor_onet,-1,1868,True,0.0
KB_neighbor_onet,-1,1942,True,0.5482829556819803
KB_neighbor_onet,-1,2001,True,0.663278945919847
KB_neighbor_onet,-1,2217,True,0.6331583852663827
KB_neighbor_onet,-1,2354,True,0.8176278706344277
KB_neighbor_onet,-1,2761,True,0.9138452245523475
KB_neighbor_onet,-1,2980,True,0.0
KB_neighbor_onet,-1,3021,True,0.5141273816339559
KB_neighbor_onet,-1,3030,True,0.0
KB_neighbor_onet,-1,3046,True,0.5530469674411804
KB_neighbor_onet,-1,3050,True,0.5738712484775922
KB_neighbor_onet,-1,3288,True,0.24220467275335622
KB_neighbor_onet,-1,3302,True,0.4228767616454786
KB_neighbor_onet,-1,3794,True,0.3333333333333335
KB_neighbor_onet,-1,3920,True,0.9105120048714942
KB_neighbor_onet,-1,3965,True,0.1255346898225802
KB_neighbor_onet,-1,4193,True,1.0
KB_neighbor_onet,-1,4294,True,0.5758854116569639
KB_neighbor_onet,-1,4383,True,0.7916177176836195
KB_neighbor_onet,-1,4474,True,0.38519974713990024
KB_neighbor_onet,-1,5068,True,0.5745529609543539
KB_neighbor_onet,-1,5258,True,0.10004876742114935
KB_neighbor_onet,-1,5306,True,0.5710082142368383
KB_neighbor_onet,-1,5323,True,0.8137654734578793
KB_neighbor_onet,-1,5421,True,0.7202212418362152
KB_neighbor_onet,-1,5766,True,0.5189509470192624
KB_neighbor_onet,-1,5877,True,0.40143079198249804
KB_neighbor_onet,-1,5887,True,0.335301874142001
KB_neighbor_onet,-1,6126,True,0.0
KB_neighbor_onet,-1,6190,True,0.6115088755706573
KB_neighbor_onet,-1,6224,True,1.0
KB_neighbor_onet,-1,6465,True,0.8868854556705135
KB_neighbor_onet,-1,6853,True,0.8930496779510771
KB_neighbor_onet,-1,6949,True,0.824926717502807
KB_neighbor_onet,-1,7107,True,0.71229144280931
KB_neighbor_onet,-1,7240,False,0.0
KB_neighbor_onet,-1,7937,True,0.6260035912833802
KB_neighbor_onet,-1,8015,True,0.0
KB_neighbor_onet,-1,8066,True,0.22025034858455905
KB_neighbor_onet,-1,8202,True,0.6990747715791471
KB_neighbor_onet,-1,8321,True,0.5402368103721655
KB_neighbor_onet,-1,9222,True,0.2751109682880105
KB_neighbor_onet,-1,9453,True,0.8702136849336307
KB_neighbor_onet,-1,73,True,0.3906581324703145
KB_neighbor_onet,-1,390,True,0.43333333333333335
KB_neighbor_onet,-1,424,True,0.22804004260821895
KB_neighbor_onet,-1,715,True,0.6127228924878908
KB_neighbor_onet,-1,915,False,0.0
KB_neighbor_onet,-1,1579,True,0.0
KB_neighbor_onet,-1,1643,True,0.6173196815056893
KB_neighbor_onet,-1,1679,True,0.8685676864920701
KB_neighbor_onet,-1,1982,True,0.6318833169373826
KB_neighbor_onet,-1,2027,True,0.6387735417350355
KB_neighbor_onet,-1,2211,True,0.0
KB_neighbor_onet,-1,2228,True,0.540094627337293
KB_neighbor_onet,-1,2352,True,0.28906482631788766
KB_neighbor_onet,-1,2520,True,0.8037792206800266
KB_neighbor_onet,-1,2573,True,0.22915389370187697
KB_neighbor_onet,-1,2630,True,0.7833064841796532
KB_neighbor_onet,-1,2666,True,0.0
KB_neighbor_onet,-1,2745,True,0.38118789669524417
KB_neighbor_onet,-1,3149,True,0.3352669416250225
KB_neighbor_onet,-1,3369,True,0.5357142857142857
KB_neighbor_onet,-1,3617,True,0.4875076576646264
KB_neighbor_onet,-1,3862,True,0.09966213953998612
KB_neighbor_onet,-1,4124,True,0.8567860979792423
KB_neighbor_onet,-1,4218,True,0.3849379326599661
KB_neighbor_onet,-1,4268,True,0.5032110792101682
KB_neighbor_onet,-1,4452,True,0.3842867634956504
KB_neighbor_onet,-1,4522,True,0.878322699374118
KB_neighbor_onet,-1,4784,True,0.3589542101716347
KB_neighbor_onet,-1,5139,False,0.0
KB_neighbor_onet,-1,5438,True,0.4150816930657179
KB_neighbor_onet,-1,5565,True,0.7070795404486859
KB_neighbor_onet,-1,5684,True,0.25656111661877085
KB_neighbor_onet,-1,5775,True,0.31058270604701016
KB_neighbor_onet,-1,6110,True,0.6977503738892827
KB_neighbor_onet,-1,6488,True,0.30185500513208163
KB_neighbor_onet,-1,6590,True,0.0
KB_neighbor_onet,-1,6793,True,0.36529303966308624
KB_neighbor_onet,-1,7090,True,0.5610009168554356
KB_neighbor_onet,-1,7112,True,0.8377339489869944
KB_neighbor_onet,-1,7167,True,0.5432848231156988
KB_neighbor_onet,-1,7287,True,0.2691044494044589
KB_neighbor_onet,-1,7370,True,0.8630903913899458
KB_neighbor_onet,-1,7547,True,0.5738021553797207
KB_neighbor_onet,-1,7589,True,0.892210845475489
KB_neighbor_onet,-1,7622,True,0.5032058364147493
KB_neighbor_onet,-1,7640,True,0.0
KB_neighbor_onet,-1,7757,True,0.5436689691892547
KB_neighbor_onet,-1,8162,True,0.7225095937435116
KB_neighbor_onet,-1,8508,True,0.20438239758848625
KB_neighbor_onet,-1,8597,True,0.6280944938254099
KB_neighbor_onet,-1,8771,False,0.0
KB_neighbor_onet,-1,288,True,0.6375139636322432
KB_neighbor_onet,-1,635,True,0.2692649272310906
KB_neighbor_onet,-1,654,True,0.2069782778840923
KB_neighbor_onet,-1,699,True,0.6020196278572966
KB_neighbor_onet,-1,743,True,0.5934927870718376
KB_neighbor_onet,-1,946,True,0.0
KB_neighbor_onet,-1,976,False,0.0
KB_neighbor_onet,-1,1144,True,1.0
KB_neighbor_onet,-1,1187,True,0.493563314443085
KB_neighbor_onet,-1,1384,True,0.6509209298071323
KB_neighbor_onet,-1,1415,True,0.1478294909154527
KB_neighbor_onet,-1,1443,True,0.4972029061046
KB_neighbor_onet,-1,1629,True,0.5720388306256858
KB_neighbor_onet,-1,1684,True,0.5065267082131061
KB_neighbor_onet,-1,1802,True,0.2638144692771847
KB_neighbor_onet,-1,1914,True,0.5601688986751163
KB_neighbor_onet,-1,2046,True,0.2463023887407299
KB_neighbor_onet,-1,2071,True,0.240699982214316
KB_neighbor_onet,-1,2340,True,0.539929434207294
KB_neighbor_onet,-1,2749,True,0.6967843074094258
KB_neighbor_onet,-1,3517,True,0.5980147396282658
KB_neighbor_onet,-1,3758,True,0.6174310718287019
KB_neighbor_onet,-1,4110,True,0.8065735963827292
KB_neighbor_onet,-1,4111,True,0.25327787770106563
KB_neighbor_onet,-1,4144,True,0.6064535015965157
KB_neighbor_onet,-1,5021,True,0.18908270233554983
KB_neighbor_onet,-1,5032,True,0.11952660077464747
KB_neighbor_onet,-1,5096,True,0.7603991546687262
KB_neighbor_onet,-1,5109,True,0.5810471823312869
KB_neighbor_onet,-1,5114,True,0.11866443082840714
KB_neighbor_onet,-1,5977,True,0.0
KB_neighbor_onet,-1,5984,True,0.9502344167898358
KB_neighbor_onet,-1,6353,True,0.7086430699575204
KB_neighbor_onet,-1,6373,True,0.4042543848313893
KB_neighbor_onet,-1,6539,True,0.0
KB_neighbor_onet,-1,6554,True,0.5834209874435088
KB_neighbor_onet,-1,6884,False,0.0
KB_neighbor_onet,-1,6955,True,0.6190744388306226
KB_neighbor_onet,-1,7020,True,0.39646839898676645
KB_neighbor_onet,-1,7029,True,0.5339792694523218
KB_neighbor_onet,-1,7280,True,0.0
KB_neighbor_onet,-1,7394,True,0.36891785169377356
KB_neighbor_onet,-1,7795,True,0.22552317860717883
KB_neighbor_onet,-1,8108,True,0.04329167055111354
KB_neighbor_onet,-1,8560,True,0.8467145829256801
KB_neighbor_onet,-1,8632,True,0.42304803607164504
KB_neighbor_onet,-1,8657,True,0.34756975922338285
KB_neighbor_onet,-1,8777,True,0.82
KB_neighbor_onet,-1,9151,True,0.6309297535714573
KB_neighbor_onet,-1,9609,False,0.0
KB_hop_onet,-1,102,True,0.7788638060487907
KB_hop_onet,-1,314,True,0.3313772896402306
KB_hop_onet,-1,1068,True,0.4893586222575024
KB_hop_onet,-1,1525,True,0.27821432081542213
KB_hop_onet,-1,1795,True,0.6810467164587892
KB_hop_onet,-1,1929,True,0.8895857184836063
KB_hop_onet,-1,1931,True,0.16944064752231383
KB_hop_onet,-1,1991,True,0.7782397530410577
KB_hop_onet,-1,2528,True,0.7383687663921494
KB_hop_onet,-1,2697,True,0.14447080088506215
KB_hop_onet,-1,2834,True,0.3703636063877611
KB_hop_onet,-1,2845,True,0.8791894211582967
KB_hop_onet,-1,3031,True,0.7904699021176967
KB_hop_onet,-1,3250,True,0.5980310290294308
KB_hop_onet,-1,3308,True,0.6543561860457983
KB_hop_onet,-1,3402,True,0.639035546964485
KB_hop_onet,-1,3426,True,0.6806060567602009
KB_hop_onet,-1,3449,True,0.6664648084930467
KB_hop_onet,-1,3756,True,0.7971896249016823
KB_hop_onet,-1,4141,True,0.84269749917074
KB_hop_onet,-1,4210,True,0.40236233767318424
KB_hop_onet,-1,4516,True,0.8700592720921219
KB_hop_onet,-1,4692,True,0.0
KB_hop_onet,-1,4700,False,0.0
KB_hop_onet,-1,4910,False,0.0
KB_hop_onet,-1,4962,False,0.0
KB_hop_onet,-1,5275,True,0.4681455870139889
KB_hop_onet,-1,5671,True,0.3636452701879393
KB_hop_onet,-1,5683,True,0.4125225891283742
KB_hop_onet,-1,6067,True,0.7523553559918131
KB_hop_onet,-1,6378,True,0.7979263521832975
KB_hop_onet,-1,6495,True,0.5995011218781653
KB_hop_onet,-1,6868,True,0.6181036371477526
KB_hop_onet,-1,6880,True,0.8522455893660918
KB_hop_onet,-1,7144,True,0.6687919227413649
KB_hop_onet,-1,7413,True,0.7694616215776563
KB_hop_onet,-1,7526,True,0.0
KB_hop_onet,-1,7531,True,0.18457569677956798
KB_hop_onet,-1,7577,True,0.09254023119681441
KB_hop_onet,-1,7621,True,0.8357187590282781
KB_hop_onet,-1,8198,True,0.4169784275004451
KB_hop_onet,-1,8442,True,0.2641075618834076
KB_hop_onet,-1,8452,True,0.5959918335518732
KB_hop_onet,-1,8476,True,0.6655245626915767
KB_hop_onet,-1,8541,True,0.9681896059005243
KB_hop_onet,-1,8802,True,0.4789236064076178
KB_hop_onet,-1,8816,True,0.2289598583985898
KB_hop_onet,-1,8852,False,0.0
KB_hop_onet,-1,9099,True,0.7753926834409676
KB_hop_onet,-1,9479,True,0.0
KB_hop_onet,-1,9625,False,0.0
KB_hop_onet,-1,96,True,0.0
KB_hop_onet,-1,171,True,0.5213646319947504
KB_hop_onet,-1,328,False,0.0
KB_hop_onet,-1,387,True,0.3291236686991388
KB_hop_onet,-1,754,False,0.0
KB_hop_onet,-1,983,True,0.5128903942628986
KB_hop_onet,-1,1039,True,0.3356297513162519
KB_hop_onet,-1,1098,True,0.6040652926961126
KB_hop_onet,-1,1120,True,0.8637656884247635
KB_hop_onet,-1,1275,True,0.7995182586868398
KB_hop_onet,-1,1343,True,0.5
KB_hop_onet,-1,1483,True,0.3451183931071824
KB_hop_onet,-1,2005,True,0.16958010263680806
KB_hop_onet,-1,2048,True,0.4122658549287383
KB_hop_onet,-1,2379,True,0.9608008655106622
KB_hop_onet,-1,2516,True,0.7380460293696675
KB_hop_onet,-1,2601,True,0.8858058614268555
KB_hop_onet,-1,3210,True,0.6946383661954544
KB_hop_onet,-1,3601,False,0.0
KB_hop_onet,-1,3729,True,0.046153601582602816
KB_hop_onet,-1,3832,True,0.9100342589944143
KB_hop_onet,-1,4104,True,0.399685387309956
KB_hop_onet,-1,4286,True,0.7015286669603682
KB_hop_onet,-1,4329,True,0.5543887210051486
KB_hop_onet,-1,4553,True,0.8167739109086299
KB_hop_onet,-1,4790,True,0.0
KB_hop_onet,-1,4844,True,0.57064171895532
KB_hop_onet,-1,4994,True,0.7623463300356241
KB_hop_onet,-1,5020,True,0.5860229015433926
KB_hop_onet,-1,5293,True,0.6305506843176205
KB_hop_onet,-1,5338,True,0.9100342589944143
KB_hop_onet,-1,5343,True,0.7645953332512304
KB_hop_onet,-1,5464,True,0.3890079246073969
KB_hop_onet,-1,5560,True,0.5277991954107114
KB_hop_onet,-1,5719,True,0.6082348761295199
KB_hop_onet,-1,6055,True,0.3893400423059028
KB_hop_onet,-1,6121,True,0.7359464187717512
KB_hop_onet,-1,6128,True,0.649263757197524
KB_hop_onet,-1,6197,True,0.29033215214153907
KB_hop_onet,-1,6336,True,0.39916362767382224
KB_hop_onet,-1,6577,True,0.618839514993974
KB_hop_onet,-1,6717,True,1.0
KB_hop_onet,-1,6906,False,0.0
KB_hop_onet,-1,8550,True,0.5
KB_hop_onet,-1,8576,True,0.3278853302858432
KB_hop_onet,-1,8790,False,0.0
KB_hop_onet,-1,8840,False,0.0
KB_hop_onet,-1,8878,True,0.4306765580733929
KB_hop_onet,-1,9337,True,0.18042845392767654
KB_hop_onet,-1,9501,True,0.8058601731735954
KB_hop_onet,-1,9512,False,0.0
KB_hop_onet,-1,45,True,0.7302261634253054
KB_hop_onet,-1,199,True,0.0
KB_hop_onet,-1,458,True,0.8630595979547125
KB_hop_onet,-1,564,True,0.966782294401647
KB_hop_onet,-1,717,True,0.6760236910196461
KB_hop_onet,-1,1109,True,0.95202803769305
KB_hop_onet,-1,1576,True,0.8452729624100516
KB_hop_onet,-1,1711,True,1.0
KB_hop_onet,-1,1868,True,0.0
KB_hop_onet,-1,1942,True,0.5175190540948268
KB_hop_onet,-1,2001,True,0.7048097553282944
KB_hop_onet,-1,2217,True,0.5396864167549579
KB_hop_onet,-1,2354,True,0.7676487161558458
KB_hop_onet,-1,2761,True,0.9769103625981728
KB_hop_onet,-1,2980,True,0.4306765580733929
KB_hop_onet,-1,3021,True,0.5000492832344837
KB_hop_onet,-1,3030,True,0.06556609133131872
KB_hop_onet,-1,3046,True,0.5528658330997007
KB_hop_onet,-1,3050,True,0.6902786828433755
KB_hop_onet,-1,3288,True,0.5766969897179963
KB_hop_onet,-1,3302,True,0.6375638637709637
KB_hop_onet,-1,3794,True,0.0
KB_hop_onet,-1,3920,True,0.8720185300708378
KB_hop_onet,-1,3965,True,0.29546501603025443
KB_hop_onet,-1,4193,True,0.8868854556705135
KB_hop_onet,-1,4294,True,0.39230778817193307
KB_hop_onet,-1,4383,True,0.8322323788958824
KB_hop_onet,-1,4474,True,0.5863932398171121
KB_hop_onet,-1,5068,True,0.4773350376743663
KB_hop_onet,-1,5258,True,0.10004876742114935
KB_hop_onet,-1,5306,True,0.6054935751696794
KB_hop_onet,-1,5323,True,0.8339104127336251
KB_hop_onet,-1,5421,True,0.7998145735936126
KB_hop_onet,-1,5766,True,0.9117964576948578
KB_hop_onet,-1,5877,True,0.38598584390399454
KB_hop_onet,-1,5887,True,0.3537878455891772
KB_hop_onet,-1,6126,True,0.0
KB_hop_onet,-1,6190,True,0.7682188956731768
KB_hop_onet,-1,6224,True,0.900346883204941
KB_hop_onet,-1,6465,True,1.0
KB_hop_onet,-1,6853,True,0.8298210937600438
KB_hop_onet,-1,6949,True,0.6015121456592993
KB_hop_onet,-1,7107,True,0.71229144280931
KB_hop_onet,-1,7240,False,0.0
KB_hop_onet,-1,7937,True,0.5746103786316592
KB_hop_onet,-1,8015,True,0.0
KB_hop_onet,-1,8066,True,0.21797427181404333
KB_hop_onet,-1,8202,True,0.637874768993365
KB_hop_onet,-1,8321,True,0.6196315401473323
KB_hop_onet,-1,9222,True,0.638787886479598
KB_hop_onet,-1,9453,True,0.8052761791069604
KB_hop_onet,-1,73,True,0.38540432592086343
KB_hop_onet,-1,390,True,0.3397385525429087
KB_hop_onet,-1,424,True,0.33314981726168014
KB_hop_onet,-1,715,True,0.7676271583875319
KB_hop_onet,-1,915,False,0.0
KB_hop_onet,-1,1579,True,0.1458271079101719
KB_hop_onet,-1,1643,True,1.0
KB_hop_onet,-1,1679,True,0.9116185956212872
KB_hop_onet,-1,1982,True,0.5684579545875155
KB_hop_onet,-1,2027,True,0.6777312447864632
KB_hop_onet,-1,2211,True,0.3868528072345415
KB_hop_onet,-1,2228,True,0.6418087803077313
KB_hop_onet,-1,2352,True,0.28906482631788766
KB_hop_onet,-1,2520,True,0.8760608953321855
KB_hop_onet,-1,2573,True,0.21798238274039428
KB_hop_onet,-1,2630,True,0.8844534555912028
KB_hop_onet,-1,2666,True,0.2270378133816335
KB_hop_onet,-1,2745,True,0.511408847017897
KB_hop_onet,-1,3149,True,0.625
KB_hop_onet,-1,3369,True,0.6184121751518252
KB_hop_onet,-1,3617,True,0.418105226692337
KB_hop_onet,-1,3862,True,0.0
KB_hop_onet,-1,4124,True,0.9126639980037666
KB_hop_onet,-1,4218,True,0.5227089848061897
KB_hop_onet,-1,4268,True,0.34033330597710004
KB_hop_onet,-1,4452,True,0.1592177680079957
KB_hop_onet,-1,4522,True,0.8402016377031556
KB_hop_onet,-1,4784,True,0.6401391511291528
KB_hop_onet,-1,5139,False,0.0
KB_hop_onet,-1,5438,True,0.538848194544549
KB_hop_onet,-1,5565,True,0.8401150054371274
KB_hop_onet,-1,5684,True,0.5060131993202713
KB_hop_onet,-1,5775,True,0.39770325739481704
KB_hop_onet,-1,6110,True,0.3893268765771331
KB_hop_onet,-1,6488,True,0.18631791641167553
KB_hop_onet,-1,6590,True,0.0
KB_hop_onet,-1,6793,True,0.2613080943366759
KB_hop_onet,-1,7090,True,0.48982258276891355
KB_hop_onet,-1,7112,True,0.6715263515506076
KB_hop_onet,-1,7167,True,0.9478557351534421
KB_hop_onet,-1,7287,True,0.387028531266181
KB_hop_onet,-1,7370,True,0.8569437388677231
KB_hop_onet,-1,7547,True,0.5437793470718408
KB_hop_onet,-1,7589,True,0.892210845475489
KB_hop_onet,-1,7622,True,0.42649512619129093
KB_hop_onet,-1,7640,True,0.0
KB_hop_onet,-1,7757,True,0.707873523966999
KB_hop_onet,-1,8162,True,0.8669903914135089
KB_hop_onet,-1,8508,True,0.0
KB_hop_onet,-1,8597,True,0.6646776913644997
KB_hop_onet,-1,8771,False,0.0
KB_hop_onet,-1,288,True,0.6568643245553787
KB_hop_onet,-1,635,True,0.7457780731614202
KB_hop_onet,-1,654,True,0.44642839993019207
KB_hop_onet,-1,699,True,0.5428183923453894
KB_hop_onet,-1,743,True,0.6937387806498128
KB_hop_onet,-1,946,True,0.0
KB_hop_onet,-1,976,False,0.0
KB_hop_onet,-1,1144,True,0.8802983564316845
KB_hop_onet,-1,1187,True,0.2503072115884245
KB_hop_onet,-1,1384,True,0.57064171895532
KB_hop_onet,-1,1415,True,0.3492154267066674
KB_hop_onet,-1,1443,True,0.6900815876502486
KB_hop_onet,-1,1629,True,0.3903800499921017
KB_hop_onet,-1,1684,True,0.5065267082131061
KB_hop_onet,-1,1802,True,0.304680864062548
KB_hop_onet,-1,1914,True,0.7697437031098231
KB_hop_onet,-1,2046,True,0.27716877754285796
KB_hop_onet,-1,2071,True,0.27067434950369673
KB_hop_onet,-1,2340,True,0.539929434207294
KB_hop_onet,-1,2749,True,0.793084887024587
KB_hop_onet,-1,3517,True,0.6260011712681314
KB_hop_onet,-1,3758,True,0.5495131569368807
KB_hop_onet,-1,4110,True,0.8315546295836228
KB_hop_onet,-1,4111,True,0.14503789886929047
KB_hop_onet,-1,4144,True,0.49297719656450134
KB_hop_onet,-1,5021,True,0.1603820175020002
KB_hop_onet,-1,5032,True,0.1808996683017606
KB_hop_onet,-1,5096,True,0.7801022335582315
KB_hop_onet,-1,5109,True,0.632624172143524
KB_hop_onet,-1,5114,True,0.47909091485969857
KB_hop_onet,-1,5977,True,0.8154648767857287
KB_hop_onet,-1,5984,True,0.7601875334318686
KB_hop_onet,-1,6353,True,0.7837768677558147
KB_hop_onet,-1,6373,True,0.355682270744875
KB_hop_onet,-1,6539,True,0.0
KB_hop_onet,-1,6554,True,0.6032429982678377
KB_hop_onet,-1,6884,False,0.0
KB_hop_onet,-1,6955,True,0.5347441871414689
KB_hop_onet,-1,7020,True,0.5124419302809659
KB_hop_onet,-1,7029,True,0.5773659082402572
KB_hop_onet,-1,7280,True,0.36555672060459793
KB_hop_onet,-1,7394,True,0.4260967530293621
KB_hop_onet,-1,7795,True,0.48578408245483023
KB_hop_onet,-1,8108,True,0.1388624438735545
KB_hop_onet,-1,8560,True,0.7164216251638008
KB_hop_onet,-1,8632,True,0.5870630658380098
KB_hop_onet,-1,8657,True,0.6432905080995631
KB_hop_onet,-1,8777,True,0.82
KB_hop_onet,-1,9151,True,0.3154648767857289
KB_hop_onet,-1,9609,False,0.0
Transformer_onet,-1,102,True,0.9591146533449257
Transformer_onet,-1,314,True,0.3200529446448167
Transformer_onet,-1,1068,True,0.5792404135375376
Transformer_onet,-1,1525,True,0.8306062605450826
Transformer_onet,-1,1795,True,0.6002804048686562
Transformer_onet,-1,1929,True,0.8990301655772223
Transformer_onet,-1,1931,True,0.3142327743648309
Transformer_onet,-1,1991,True,0.8295670727715427
Transformer_onet,-1,2528,True,0.8045176860656724
Transformer_onet,-1,2697,True,0.337235210322505
Transformer_onet,-1,2834,True,0.3841067581892723
Transformer_onet,-1,2845,True,0.855966978451619
Transformer_onet,-1,3031,True,0.8614641779885828
Transformer_onet,-1,3250,True,0.7771024002525267
Transformer_onet,-1,3308,True,0.9109725579175766
Transformer_onet,-1,3402,True,0.6622269321221027
Transformer_onet,-1,3426,True,0.7224242270408039
Transformer_onet,-1,3449,True,0.6657405566891555
Transformer_onet,-1,3756,True,0.5996837405098987
Transformer_onet,-1,4141,True,0.7926452009772895
Transformer_onet,-1,4210,True,0.573420271420015
Transformer_onet,-1,4516,True,0.6696718164942299
Transformer_onet,-1,4692,True,0.28906482631788766
Transformer_onet,-1,4700,False,0.0
Transformer_onet,-1,4910,False,0.0
Transformer_onet,-1,4962,False,0.0
Transformer_onet,-1,5275,True,0.34634689786714556
Transformer_onet,-1,5671,True,0.4136676517748295
Transformer_onet,-1,5683,True,0.3227111610999823
Transformer_onet,-1,6067,True,0.9427172181013092
Transformer_onet,-1,6378,True,0.7528376199228294
Transformer_onet,-1,6495,True,0.6295873194858191
Transformer_onet,-1,6868,True,0.6759485108460398
Transformer_onet,-1,6880,True,0.8907718619050842
Transformer_onet,-1,7144,True,0.535711975096355
Transformer_onet,-1,7413,True,0.5751481012167162
Transformer_onet,-1,7526,True,0.0
Transformer_onet,-1,7531,True,0.0
Transformer_onet,-1,7577,True,0.5000000000000001
Transformer_onet,-1,7621,True,0.816457901455191
Transformer_onet,-1,8198,True,0.5945828800503178
Transformer_onet,-1,8442,True,0.5444764616773721
Transformer_onet,-1,8452,True,0.5284403413488447
Transformer_onet,-1,8476,True,0.7875162168409011
Transformer_onet,-1,8541,True,0.8993637081642952
Transformer_onet,-1,8802,True,0.6827886253826861
Transformer_onet,-1,8816,True,0.5615443777322888
Transformer_onet,-1,8852,False,0.0
Transformer_onet,-1,9099,True,0.855077605021405
Transformer_onet,-1,9479,True,0.2550908756285521
Transformer_onet,-1,9625,False,0.0
Transformer_onet,-1,96,True,0.0
Transformer_onet,-1,171,True,0.4206282769596729
Transformer_onet,-1,328,False,0.0
Transformer_onet,-1,387,True,0.5376145454505292
Transformer_onet,-1,754,False,0.0
Transformer_onet,-1,983,True,0.47866013881781533
Transformer_onet,-1,1039,True,0.3902035883235865
Transformer_onet,-1,1098,True,0.5347177919627903
Transformer_onet,-1,1120,True,0.5547216174152895
Transformer_onet,-1,1275,True,0.9651584387515788
Transformer_onet,-1,1343,True,0.0
Transformer_onet,-1,1483,True,0.3451183931071824
Transformer_onet,-1,2005,True,0.1130534017578721
Transformer_onet,-1,2048,True,0.5624867757174157
Transformer_onet,-1,2379,True,0.9681896059005243
Transformer_onet,-1,2516,True,0.8120369596700896
Transformer_onet,-1,2601,True,0.9202214112958275
Transformer_onet,-1,3210,True,0.7724698333629979
Transformer_onet,-1,3601,False,0.0
Transformer_onet,-1,3729,True,0.12902826813335322
Transformer_onet,-1,3832,True,0.8938868170135428
Transformer_onet,-1,4104,True,0.4493017313314814
Transformer_onet,-1,4286,True,0.6096431291361426
Transformer_onet,-1,4329,True,1.0
Transformer_onet,-1,4553,True,0.7447485788815702
Transformer_onet,-1,4790,True,0.0
Transformer_onet,-1,4844,True,0.4415801103577825
Transformer_onet,-1,4994,True,0.9220433016555237
Transformer_onet,-1,5020,True,0.7380059523965836
Transformer_onet,-1,5293,True,0.6575560470787224
Transformer_onet,-1,5338,True,0.8809479711248135
Transformer_onet,-1,5343,True,0.8024221451054533
Transformer_onet,-1,5464,True,0.6275270415439392
Transformer_onet,-1,5560,True,0.5494938626681866
Transformer_onet,-1,5719,True,0.6590716732822656
Transformer_onet,-1,6055,True,0.42578752891219035
Transformer_onet,-1,6121,True,0.8814334695031727
Transformer_onet,-1,6128,True,0.7045490981338877
Transformer_onet,-1,6197,True,0.3235779593092729
Transformer_onet,-1,6336,True,0.34173219919603176
Transformer_onet,-1,6577,True,0.6295427263350208
Transformer_onet,-1,6717,True,1.0
Transformer_onet,-1,6906,False,0.0
Transformer_onet,-1,8550,True,1.0
Transformer_onet,-1,8576,True,0.32303185755906577
Transformer_onet,-1,8790,False,0.0
Transformer_onet,-1,8840,False,0.0
Transformer_onet,-1,8878,True,0.5
Transformer_onet,-1,9337,True,0.5065267082131061
Transformer_onet,-1,9501,True,0.916948477900156
Transformer_onet,-1,9512,False,0.0
Transformer_onet,-1,45,True,0.836314499874246
Transformer_onet,-1,199,True,0.28906482631788766
Transformer_onet,-1,458,True,0.7761429312826844
Transformer_onet,-1,564,True,0.9643012139909657
Transformer_onet,-1,717,True,0.5078961547485287
Transformer_onet,-1,1109,True,0.9456659588731549
Transformer_onet,-1,1576,True,0.909177621602868
Transformer_onet,-1,1711,True,1.0
Transformer_onet,-1,1868,True,0.19004688335796716
Transformer_onet,-1,1942,True,0.4687508802273171
Transformer_onet,-1,2001,True,0.7694801564236015
Transformer_onet,-1,2217,True,0.5221293293344145
Transformer_onet,-1,2354,True,0.8025699578185977
Transformer_onet,-1,2761,True,0.961999147059583
Transformer_onet,-1,2980,True,0.0
Transformer_onet,-1,3021,True,0.5630582325993922
Transformer_onet,-1,3030,True,0.3010299956639808
Transformer_onet,-1,3046,True,0.8036469232220652
Transformer_onet,-1,3050,True,0.8793602161835751
Transformer_onet,-1,3288,True,0.5972754701781028
Transformer_onet,-1,3302,True,0.7049008935858996
Transformer_onet,-1,3794,True,0.49418306451330957
Transformer_onet,-1,3920,True,0.9040262031225114
Transformer_onet,-1,3965,True,0.08072066873862736
Transformer_onet,-1,4193,True,1.0
Transformer_onet,-1,4294,True,0.3511643449202446
Transformer_onet,-1,4383,True,0.8958531670948341
Transformer_onet,-1,4474,True,0.6450797326179365
Transformer_onet,-1,5068,True,0.6780059471432214
Transformer_onet,-1,5258,True,0.10004876742114935
Transformer_onet,-1,5306,True,0.7520305397650268
Transformer_onet,-1,5323,True,0.8651715660909685
Transformer_onet,-1,5421,True,0.7955472502058707
Transformer_onet,-1,5766,True,0.9830478121678492
Transformer_onet,-1,5877,True,0.45427856396180494
Transformer_onet,-1,5887,True,0.30455313080687896
Transformer_onet,-1,6126,True,0.28906482631788766
Transformer_onet,-1,6190,True,0.8404523746802167
Transformer_onet,-1,6224,True,1.0
Transformer_onet,-1,6465,True,0.9502344167898358
Transformer_onet,-1,6853,True,0.6818076575374458
Transformer_onet,-1,6949,True,0.4070924663461404
Transformer_onet,-1,7107,True,0.71229144280931
Transformer_onet,-1,7240,False,0.0
Transformer_onet,-1,7937,True,0.5967035516326605
Transformer_onet,-1,8015,True,0.0
Transformer_onet,-1,8066,True,0.4481069694424716
Transformer_onet,-1,8202,True,0.7749353427695223
Transformer_onet,-1,8321,True,0.6655360321861202
Transformer_onet,-1,9222,True,0.638787886479598
Transformer_onet,-1,9453,True,0.8638516061137355
Transformer_onet,-1,73,True,0.638787886479598
Transformer_onet,-1,390,True,0.46038592189418326
Transformer_onet,-1,424,True,0.3788748389864684
Transformer_onet,-1,715,True,0.9118499466982855
Transformer_onet,-1,915,False,0.0
Transformer_onet,-1,1579,True,0.0
Transformer_onet,-1,1643,True,0.7653606369886218
Transformer_onet,-1,1679,True,0.9236440639390741
Transformer_onet,-1,1982,True,0.6004311286161024
Transformer_onet,-1,2027,True,0.7562833407061187
Transformer_onet,-1,2211,True,0.5109559939712155
Transformer_onet,-1,2228,True,0.6761909677474215
Transformer_onet,-1,2352,True,0.28906482631788766
Transformer_onet,-1,2520,True,0.9530884593344955
Transformer_onet,-1,2573,True,0.2643515192405759
Transformer_onet,-1,2630,True,0.8410204792102542
Transformer_onet,-1,2666,True,0.4504466640071548
Transformer_onet,-1,2745,True,0.4536314684359541
Transformer_onet,-1,3149,True,0.699930767807754
Transformer_onet,-1,3369,True,0.4296825046742291
Transformer_onet,-1,3617,True,0.6494686742696837
Transformer_onet,-1,3862,True,0.0
Transformer_onet,-1,4124,True,0.8379394423225032
Transformer_onet,-1,4218,True,0.6129386762451763
Transformer_onet,-1,4268,True,0.27355449919232827
Transformer_onet,-1,4452,True,0.3109560242778272
Transformer_onet,-1,4522,True,0.6315838230240562
Transformer_onet,-1,4784,True,0.9642857142857143
Transformer_onet,-1,5139,False,0.0
Transformer_onet,-1,5438,True,0.5052764523361077
Transformer_onet,-1,5565,True,0.9452504533123316
Transformer_onet,-1,5684,True,0.4216763750593091
Transformer_onet,-1,5775,True,0.16813333374672987
Transformer_onet,-1,6110,True,0.6144425123588069
Transformer_onet,-1,6488,True,0.4404803934409689
Transformer_onet,-1,6590,True,0.0
Transformer_onet,-1,6793,True,0.36529303966308624
Transformer_onet,-1,7090,True,0.6479943060338172
Transformer_onet,-1,7112,True,0.660630599418428
Transformer_onet,-1,7167,True,0.7542097526286166
Transformer_onet,-1,7287,True,0.42874579320815637
Transformer_onet,-1,7370,True,0.7422217079986465
Transformer_onet,-1,7547,True,0.3465065597518319
Transformer_onet,-1,7589,True,0.892210845475489
Transformer_onet,-1,7622,True,0.3716983505713811
Transformer_onet,-1,7640,True,0.0
Transformer_onet,-1,7757,True,0.8209951523622225
Transformer_onet,-1,8162,True,0.9633180389503201
Transformer_onet,-1,8508,True,0.18457569677956798
Transformer_onet,-1,8597,True,0.6207384592222338
Transformer_onet,-1,8771,False,0.0
Transformer_onet,-1,288,True,0.8213784469650556
Transformer_onet,-1,635,True,0.5740107780629163
Transformer_onet,-1,654,True,0.73743895435808
Transformer_onet,-1,699,True,0.6494918511629566
Transformer_onet,-1,743,True,0.6530217027200101
Transformer_onet,-1,946,True,1.0
Transformer_onet,-1,976,False,0.0
Transformer_onet,-1,1144,True,0.8886025434429606
Transformer_onet,-1,1187,True,0.2419644426698029
Transformer_onet,-1,1384,True,0.8772153153380493
Transformer_onet,-1,1415,True,0.3395135078925954
Transformer_onet,-1,1443,True,0.7427314436676585
Transformer_onet,-1,1629,True,0.7803148733469252
Transformer_onet,-1,1684,True,0.6125007415020071
Transformer_onet,-1,1802,True,0.7635346000646825
Transformer_onet,-1,1914,True,0.7265442451125558
Transformer_onet,-1,2046,True,0.13905617951077567
Transformer_onet,-1,2071,True,0.23230604393401819
Transformer_onet,-1,2340,True,0.6286102176767672
Transformer_onet,-1,2749,True,0.8072295874424545
Transformer_onet,-1,3517,True,0.6604658531147886
Transformer_onet,-1,3758,True,0.642688118971914
Transformer_onet,-1,4110,True,1.0
Transformer_onet,-1,4111,True,0.4693608375942211
Transformer_onet,-1,4144,True,0.7527783623611751
Transformer_onet,-1,5021,True,0.20311271785508275
Transformer_onet,-1,5032,True,0.17111267506510203
Transformer_onet,-1,5096,True,0.8339936047923038
Transformer_onet,-1,5109,True,0.6664498365150732
Transformer_onet,-1,5114,True,0.2976622992490809
Transformer_onet,-1,5977,True,0.8154648767857287
Transformer_onet,-1,5984,True,0.6908315825767142
Transformer_onet,-1,6353,True,0.6594018268216616
Transformer_onet,-1,6373,True,0.34502304410380397
Transformer_onet,-1,6539,True,0.0
Transformer_onet,-1,6554,True,0.48479142480675
Transformer_onet,-1,6884,False,0.0
Transformer_onet,-1,6955,True,0.6411616223458879
Transformer_onet,-1,7020,True,0.5230550705729282
Transformer_onet,-1,7029,True,0.6391524043200604
Transformer_onet,-1,7280,True,0.319393943239799
Transformer_onet,-1,7394,True,0.40364195850385365
Transformer_onet,-1,7795,True,0.42822928134225846
Transformer_onet,-1,8108,True,0.09540622426744544
Transformer_onet,-1,8560,True,0.9334739949321356
Transformer_onet,-1,8632,True,0.5800578985214158
Transformer_onet,-1,8657,True,0.6728143450735091
Transformer_onet,-1,8777,True,0.82
Transformer_onet,-1,9151,True,0.6309297535714573
Transformer_onet,-1,9609,False,0.0
