arm,replicate,id_j,has_rel,ndcg@10
B_only,-1,102,True,0.35714285714285715
B_only,-1,314,True,0.36626071349853767
B_only,-1,1068,True,0.5
B_only,-1,1525,True,0.11719453897251411
B_only,-1,1795,True,0.2789870527032754
B_only,-1,1929,True,0.4647849938250988
B_only,-1,1931,True,0.0
B_only,-1,1991,True,0.2565763973509811
B_only,-1,2528,True,0.4214074742829062
B_only,-1,2697,True,0.4272735291183855
B_only,-1,2834,True,0.5
B_only,-1,2845,True,0.27976929862124955
B_only,-1,3031,True,0.17543279532188022
B_only,-1,3250,True,0.08695652173913043
B_only,-1,3308,True,0.375
B_only,-1,3402,True,0.25820988477281515
B_only,-1,3426,True,0.10178054112942417
B_only,-1,3449,True,0.40725044258658727
B_only,-1,3756,True,0.397878601536972
B_only,-1,4141,True,0.358974358974359
B_only,-1,4210,True,0.284849019412257
B_only,-1,4516,True,0.36308659186398345
B_only,-1,4692,True,0.13428474743139734
B_only,-1,4700,True,0.06657596412330874
B_only,-1,4910,True,0.15145197793627815
B_only,-1,4962,True,0.23116657226047505
B_only,-1,5275,True,0.11121264044571409
B_only,-1,5671,True,0.2858000095939998
B_only,-1,5683,True,0.13113767703347526
B_only,-1,6067,True,0.408906296166334
B_only,-1,6378,True,0.3829787234042553
B_only,-1,6495,True,0.5384615384615384
B_only,-1,6868,True,0.3582816582972076
B_only,-1,6880,True,0.5
B_only,-1,7144,True,0.24753781260497654
B_only,-1,7413,True,0.1875
B_only,-1,7526,True,0.0
B_only,-1,7531,True,0.15446287246986873
B_only,-1,7577,True,0.20281061985199297
B_only,-1,7621,True,0.2754636820327984
B_only,-1,8198,True,0.18627510942255004
B_only,-1,8442,True,0.0
B_only,-1,8452,True,0.44969220194249837
B_only,-1,8476,True,0.40181458139958515
B_only,-1,8541,True,0.3235294117647059
B_only,-1,8802,True,0.4097302042156619
B_only,-1,8816,True,0.20198591554801817
B_only,-1,8852,True,0.22171436519312607
B_only,-1,9099,True,0.07293590901050298
B_only,-1,9479,True,0.14001679347723459
B_only,-1,9625,False,0.0
B_only,-1,96,True,0.09286235511040511
B_only,-1,171,True,0.5416666666666666
B_only,-1,328,True,0.16179334848689397
B_only,-1,387,True,0.04821238126230707
B_only,-1,754,False,0.0
B_only,-1,983,True,0.58638541372203
B_only,-1,1039,True,0.39673042630530175
B_only,-1,1098,True,0.36183014035137795
B_only,-1,1120,True,0.21224978880568202
B_only,-1,1275,True,0.35752691832699907
B_only,-1,1343,True,0.23076923076923078
B_only,-1,1483,True,0.17464447104395847
B_only,-1,2005,True,0.18518518518518517
B_only,-1,2048,True,0.4809773485525513
B_only,-1,2379,True,0.5
B_only,-1,2516,True,0.3170731707317073
B_only,-1,2601,True,0.3076923076923077
B_only,-1,3210,True,0.2836396461519561
B_only,-1,3601,True,0.0850414596815311
B_only,-1,3729,True,0.1537143888823504
B_only,-1,3832,True,0.27586206896551724
B_only,-1,4104,True,0.3216267914234471
B_only,-1,4286,True,0.31237960084766636
B_only,-1,4329,True,0.2
B_only,-1,4553,True,0.2305135988841148
B_only,-1,4790,True,0.16124681104954625
B_only,-1,4844,True,0.01675253527208358
B_only,-1,4994,True,0.18498167027687712
B_only,-1,5020,True,0.427304165748294
B_only,-1,5293,True,0.2151782378819902
B_only,-1,5338,True,0.5760869565217391
B_only,-1,5343,True,0.2734029375441758
B_only,-1,5464,True,0.27767075630903676
B_only,-1,5560,True,0.3806385015255096
B_only,-1,5719,True,0.26683945324502034
B_only,-1,6055,True,0.3725502188451001
B_only,-1,6121,True,0.45786866681695815
B_only,-1,6128,True,0.14033519057297497
B_only,-1,6197,True,0.2352941176470588
B_only,-1,6336,True,0.5588235294117647
B_only,-1,6577,True,0.3819454414740483
B_only,-1,6717,True,0.08705845791600479
B_only,-1,6906,False,0.0
B_only,-1,8550,True,0.0
B_only,-1,8576,True,0.4675324675324676
B_only,-1,8790,False,0.0
B_only,-1,8840,True,0.0
B_only,-1,8878,True,0.2878297638518927
B_only,-1,9337,True,0.10047566239699565
B_only,-1,9501,True,0.47961312453379085
B_only,-1,9512,False,0.0
B_only,-1,45,True,0.1475706190529668
B_only,-1,199,True,0.15871959690295231
B_only,-1,458,True,0.39655172413793105
B_only,-1,564,True,0.8392857142857143
B_only,-1,717,True,0.07081304066434721
B_only,-1,1109,True,0.48437499999999994
B_only,-1,1576,True,0.19526980570122746
B_only,-1,1711,True,0.0
B_only,-1,1868,False,0.0
B_only,-1,1942,True,0.37777777777777777
B_only,-1,2001,True,0.29066940116493456
B_only,-1,2217,True,0.09838544632786764
B_only,-1,2354,True,0.2903225806451613
B_only,-1,2761,True,0.031202870596941955
B_only,-1,2980,True,0.5042875052177911
B_only,-1,3021,True,0.14966643392847404
B_only,-1,3030,True,0.15667445993408086
B_only,-1,3046,True,0.27499090666704723
B_only,-1,3050,True,0.4767025577693321
B_only,-1,3288,True,0.2820713036416705
B_only,-1,3302,True,0.18281943933543307
B_only,-1,3794,True,0.15342825477275226
B_only,-1,3920,True,0.32857142857142857
B_only,-1,3965,True,0.2564102564102564
B_only,-1,4193,True,0.43764324455204484
B_only,-1,4294,True,0.02931514921447986
B_only,-1,4383,True,0.4833078855575457
B_only,-1,4474,True,0.08856300426212084
B_only,-1,5068,True,0.17520475400357075
B_only,-1,5258,True,0.04263151217085707
B_only,-1,5306,True,0.5
B_only,-1,5323,True,0.8020854270955015
B_only,-1,5421,True,0.5921052631578947
B_only,-1,5766,True,0.551894975111248
B_only,-1,5877,True,0.11305239825360694
B_only,-1,5887,True,0.24880135500701195
B_only,-1,6126,True,0.8154648767857287
B_only,-1,6190,True,0.5892857142857143
B_only,-1,6224,True,0.3108108108108108
B_only,-1,6465,True,0.0
B_only,-1,6853,True,0.22052847375621515
B_only,-1,6949,True,0.5897435897435898
B_only,-1,7107,True,0.1094694886181129
B_only,-1,7240,False,0.0
B_only,-1,7937,True,0.4375
B_only,-1,8015,True,0.18276833110715227
B_only,-1,8066,True,0.0
B_only,-1,8202,True,0.38813011381093865
B_only,-1,8321,True,0.35714285714285715
B_only,-1,9222,True,0.0
B_only,-1,9453,True,0.4166666666666667
B_only,-1,73,True,0.1791408291486038
B_only,-1,390,True,0.39090909090909093
B_only,-1,424,True,0.16122674623374345
B_only,-1,715,True,0.328125
B_only,-1,915,True,0.09691798808122262
B_only,-1,1579,True,0.09604291258536349
B_only,-1,1643,True,0.07504147650578087
B_only,-1,1679,True,0.47368421052631576
B_only,-1,1982,True,0.11520593325627057
B_only,-1,2027,True,0.3485652474386829
B_only,-1,2211,True,0.4856648979862526
B_only,-1,2228,True,0.2037037037037037
B_only,-1,2352,True,0.16226997636029802
B_only,-1,2520,True,0.24074074074074076
B_only,-1,2573,True,0.2398946633885977
B_only,-1,2630,True,0.5113636363636364
B_only,-1,2666,True,0.4968333976116646
B_only,-1,2745,True,0.11948099710057353
B_only,-1,3149,True,0.25028231545348223
B_only,-1,3369,True,0.26768623921235835
B_only,-1,3617,True,0.27290398627331625
B_only,-1,3862,True,0.052512875029665285
B_only,-1,4124,True,0.48516264226367334
B_only,-1,4218,True,0.34965947090767596
B_only,-1,4268,True,0.9545454545454546
B_only,-1,4452,False,0.0
B_only,-1,4522,True,0.20193874186195457
B_only,-1,4784,True,0.443661971830986
B_only,-1,5139,True,0.13266050730057874
B_only,-1,5438,True,0.31687325514884007
B_only,-1,5565,True,0.06871605239806952
B_only,-1,5684,True,0.3094250685294066
B_only,-1,5775,True,0.15152518788617203
B_only,-1,6110,True,0.17018378769117365
B_only,-1,6488,True,0.09336591043034215
B_only,-1,6590,True,0.26698585022957266
B_only,-1,6793,True,0.26440231184242396
B_only,-1,7090,True,0.1929291172216605
B_only,-1,7112,True,0.11597319096347954
B_only,-1,7167,True,0.4494638124131208
B_only,-1,7287,True,0.5
B_only,-1,7370,True,0.2538704057682622
B_only,-1,7547,True,0.06389350389784249
B_only,-1,7589,True,0.027346723409636748
B_only,-1,7622,True,0.3506785678570501
B_only,-1,7640,False,0.0
B_only,-1,7757,True,0.19444495202315187
B_only,-1,8162,True,0.5714285714285714
B_only,-1,8508,True,0.06587308912156699
B_only,-1,8597,True,0.2673618090318338
B_only,-1,8771,True,0.0503248385700959
B_only,-1,288,True,0.5347733084470339
B_only,-1,635,True,0.2732034938197401
B_only,-1,654,True,0.24366798097436282
B_only,-1,699,True,0.18394888072753598
B_only,-1,743,True,0.39859081535812346
B_only,-1,946,True,0.005899282169752809
B_only,-1,976,True,0.07186088797308006
B_only,-1,1144,True,0.6547619047619048
B_only,-1,1187,True,0.4760070108154916
B_only,-1,1384,True,0.14319844143907703
B_only,-1,1415,True,0.34934819797311345
B_only,-1,1443,True,0.3704365299662102
B_only,-1,1629,True,0.09813424605613144
B_only,-1,1684,True,0.11419189045114528
B_only,-1,1802,True,0.11284812045226873
B_only,-1,1914,True,0.37111950096841173
B_only,-1,2046,True,0.060466055555668655
B_only,-1,2071,True,0.0933442756535323
B_only,-1,2340,True,0.22691171692156484
B_only,-1,2749,True,0.41650613446355517
B_only,-1,3517,True,0.5277777777777778
B_only,-1,3758,True,0.13621840577934227
B_only,-1,4110,True,0.28878728706171025
B_only,-1,4111,True,0.0
B_only,-1,4144,True,0.2701665047956956
B_only,-1,5021,True,0.13835193708275262
B_only,-1,5032,True,0.39248510589675006
B_only,-1,5096,True,0.18420443508797424
B_only,-1,5109,True,0.5344827586206896
B_only,-1,5114,True,0.16677465827813773
B_only,-1,5977,True,0.0
B_only,-1,5984,True,0.4500945111577862
B_only,-1,6353,True,0.6666666666666666
B_only,-1,6373,True,0.1046969614802852
B_only,-1,6539,True,0.0
B_only,-1,6554,True,0.31418545419908983
B_only,-1,6884,True,0.22057197287450664
B_only,-1,6955,True,0.09811466224199962
B_only,-1,7020,True,0.45454545454545453
B_only,-1,7029,True,0.2153846153846154
B_only,-1,7280,True,0.17618310768055
B_only,-1,7394,True,0.10512285240214246
B_only,-1,7795,True,0.4120239070417888
B_only,-1,8108,True,0.1956521739130435
B_only,-1,8560,True,0.24681845005247716
B_only,-1,8632,True,0.41304347826086957
B_only,-1,8657,True,0.18
B_only,-1,8777,True,0.42857142857142855
B_only,-1,9151,True,0.258737234546936
B_only,-1,9609,True,0.35810470223519947
SY_raw,-1,102,True,0.35714285714285715
SY_raw,-1,314,True,0.36626071349853767
SY_raw,-1,1068,True,0.5
SY_raw,-1,1525,True,0.9299645201461005
SY_raw,-1,1795,True,0.23507112795391077
SY_raw,-1,1929,True,0.8627133977568174
SY_raw,-1,1931,True,0.0
SY_raw,-1,1991,True,0.2565763973509811
SY_raw,-1,2528,True,0.6535890361271184
SY_raw,-1,2697,True,0.4272735291183855
SY_raw,-1,2834,True,0.6039877644935894
SY_raw,-1,2845,True,0.27976929862124955
SY_raw,-1,3031,True,0.17543279532188022
SY_raw,-1,3250,True,0.15384615384615385
SY_raw,-1,3308,True,0.7489062685401021
SY_raw,-1,3402,True,0.44493291290875064
SY_raw,-1,3426,True,0.2859811488783332
SY_raw,-1,3449,True,0.9467688217257894
SY_raw,-1,3756,True,0.6877008333360487
SY_raw,-1,4141,True,0.9024809931477351
SY_raw,-1,4210,True,0.284849019412257
SY_raw,-1,4516,True,0.36308659186398345
SY_raw,-1,4692,True,0.13428474743139734
SY_raw,-1,4700,True,0.04532819273975569
SY_raw,-1,4910,True,0.15145197793627815
SY_raw,-1,4962,True,0.6082727613235704
SY_raw,-1,5275,True,0.4093592318436363
SY_raw,-1,5671,True,0.2858000095939998
SY_raw,-1,5683,True,0.13113767703347526
SY_raw,-1,6067,True,0.61954543577036
SY_raw,-1,6378,True,0.8076862630514904
SY_raw,-1,6495,True,0.5999170712144566
SY_raw,-1,6868,True,0.4450960601153772
SY_raw,-1,6880,True,0.694679472599554
SY_raw,-1,7144,True,0.7836254414030481
SY_raw,-1,7413,True,0.1875
SY_raw,-1,7526,True,0.0
SY_raw,-1,7531,True,0.15446287246986873
SY_raw,-1,7577,True,0.20281061985199297
SY_raw,-1,7621,True,0.2754636820327984
SY_raw,-1,8198,True,0.6596405638975251
SY_raw,-1,8442,True,0.0
SY_raw,-1,8452,True,0.6205077323547548
SY_raw,-1,8476,True,0.4421382742756514
SY_raw,-1,8541,True,0.5284723190843026
SY_raw,-1,8802,True,0.4147945678613706
SY_raw,-1,8816,True,0.6288151468913357
SY_raw,-1,8852,True,0.22171436519312607
SY_raw,-1,9099,True,0.07293590901050298
SY_raw,-1,9479,True,0.4030587004064627
SY_raw,-1,9625,False,0.0
SY_raw,-1,96,True,0.09286235511040511
SY_raw,-1,171,True,0.8290544560457692
SY_raw,-1,328,True,0.16179334848689397
SY_raw,-1,387,True,0.21799075165362916
SY_raw,-1,754,False,0.0
SY_raw,-1,983,True,0.8215502333997696
SY_raw,-1,1039,True,0.459006767052724
SY_raw,-1,1098,True,0.36183014035137795
SY_raw,-1,1120,True,0.31063011981744365
SY_raw,-1,1275,True,0.6457919608243059
SY_raw,-1,1343,True,0.38745518640060356
SY_raw,-1,1483,True,0.17464447104395847
SY_raw,-1,2005,True,0.6100823411710511
SY_raw,-1,2048,True,0.4809773485525513
SY_raw,-1,2379,True,0.923971352952777
SY_raw,-1,2516,True,0.8747509359557885
SY_raw,-1,2601,True,0.3076923076923077
SY_raw,-1,3210,True,0.2836396461519561
SY_raw,-1,3601,True,0.8504898043902147
SY_raw,-1,3729,True,0.1537143888823504
SY_raw,-1,3832,True,0.6305985372654963
SY_raw,-1,4104,True,0.3216267914234471
SY_raw,-1,4286,True,0.31237960084766636
SY_raw,-1,4329,True,0.2
SY_raw,-1,4553,True,0.6954110198786608
SY_raw,-1,4790,True,0.16124681104954625
SY_raw,-1,4844,True,0.01675253527208358
SY_raw,-1,4994,True,0.17608616900740792
SY_raw,-1,5020,True,0.427304165748294
SY_raw,-1,5293,True,0.6415543715977302
SY_raw,-1,5338,True,0.9090909090909091
SY_raw,-1,5343,True,0.2734029375441758
SY_raw,-1,5464,True,0.3387838035144165
SY_raw,-1,5560,True,0.6976065627958429
SY_raw,-1,5719,True,0.6896133039463755
SY_raw,-1,6055,True,0.43058373208298567
SY_raw,-1,6121,True,0.922009176629808
SY_raw,-1,6128,True,0.6782071677616227
SY_raw,-1,6197,True,0.805738070796966
SY_raw,-1,6336,True,0.5588235294117647
SY_raw,-1,6577,True,0.7621841702889492
SY_raw,-1,6717,True,0.07008785356602242
SY_raw,-1,6906,False,0.0
SY_raw,-1,8550,True,0.0
SY_raw,-1,8576,True,0.4675324675324676
SY_raw,-1,8790,False,0.0
SY_raw,-1,8840,True,0.0
SY_raw,-1,8878,True,0.2878297638518927
SY_raw,-1,9337,True,0.4714323615983513
SY_raw,-1,9501,True,0.8484333301798489
SY_raw,-1,9512,False,0.0
SY_raw,-1,45,True,0.1475706190529668
SY_raw,-1,199,True,0.12378672047446224
SY_raw,-1,458,True,0.47808594114166897
SY_raw,-1,564,True,0.9980118503687828
SY_raw,-1,717,True,0.4235807405301616
SY_raw,-1,1109,True,0.961120629433974
SY_raw,-1,1576,True,0.19526980570122746
SY_raw,-1,1711,True,1.0
SY_raw,-1,1868,False,0.0
SY_raw,-1,1942,True,0.5660774722717368
SY_raw,-1,2001,True,0.8555958400458124
SY_raw,-1,2217,True,0.6778151757932619
SY_raw,-1,2354,True,0.498630421191623
SY_raw,-1,2761,True,0.031202870596941955
SY_raw,-1,2980,True,0.5042875052177911
SY_raw,-1,3021,True,0.5114219526542614
SY_raw,-1,3030,True,0.15667445993408086
SY_raw,-1,3046,True,0.27499090666704723
SY_raw,-1,3050,True,0.7048608002426066
SY_raw,-1,3288,True,0.34744158241654377
SY_raw,-1,3302,True,0.18281943933543307
SY_raw,-1,3794,True,0.15342825477275226
SY_raw,-1,3920,True,0.8
SY_raw,-1,3965,True,0.2564102564102564
SY_raw,-1,4193,True,0.7183332671452849
SY_raw,-1,4294,True,0.02931514921447986
SY_raw,-1,4383,True,0.4833078855575457
SY_raw,-1,4474,True,0.08856300426212084
SY_raw,-1,5068,True,0.3584840199110016
SY_raw,-1,5258,True,0.04263151217085707
SY_raw,-1,5306,True,0.5
SY_raw,-1,5323,True,0.91809731099116
SY_raw,-1,5421,True,0.5921052631578947
SY_raw,-1,5766,True,0.6500927061549983
SY_raw,-1,5877,True,0.46932309667620214
SY_raw,-1,5887,True,0.6874947075831658
SY_raw,-1,6126,True,0.8154648767857287
SY_raw,-1,6190,True,0.963923607874072
SY_raw,-1,6224,True,0.5646093829193635
SY_raw,-1,6465,True,0.0
SY_raw,-1,6853,True,0.30546735104525924
SY_raw,-1,6949,True,0.5897435897435898
SY_raw,-1,7107,True,0.5473199162150159
SY_raw,-1,7240,False,0.0
SY_raw,-1,7937,True,0.7592258573651337
SY_raw,-1,8015,True,0.18276833110715227
SY_raw,-1,8066,True,0.0
SY_raw,-1,8202,True,0.662679150904952
SY_raw,-1,8321,True,0.8251693300468095
SY_raw,-1,9222,True,0.0
SY_raw,-1,9453,True,0.7333333333333333
SY_raw,-1,73,True,0.1791408291486038
SY_raw,-1,390,True,0.39090909090909093
SY_raw,-1,424,True,0.16122674623374345
SY_raw,-1,715,True,0.6529063627501123
SY_raw,-1,915,True,0.40148759426574626
SY_raw,-1,1579,True,0.0764027514803195
SY_raw,-1,1643,True,0.4211582832992166
SY_raw,-1,1679,True,0.47368421052631576
SY_raw,-1,1982,True,0.5870469629193785
SY_raw,-1,2027,True,0.3485652474386829
SY_raw,-1,2211,True,0.4856648979862526
SY_raw,-1,2228,True,0.9452861221489015
SY_raw,-1,2352,True,0.16226997636029802
SY_raw,-1,2520,True,0.5968334041879197
SY_raw,-1,2573,True,0.29808258966827217
SY_raw,-1,2630,True,0.884019098031482
SY_raw,-1,2666,True,0.4968333976116646
SY_raw,-1,2745,True,0.7162091449492144
SY_raw,-1,3149,True,0.25028231545348223
SY_raw,-1,3369,True,0.3495133742150505
SY_raw,-1,3617,True,0.6103094794180032
SY_raw,-1,3862,True,0.052512875029665285
SY_raw,-1,4124,True,0.7173679092632721
SY_raw,-1,4218,True,0.513911109306167
SY_raw,-1,4268,True,0.9821428571428572
SY_raw,-1,4452,False,0.0
SY_raw,-1,4522,True,0.7715548484618914
SY_raw,-1,4784,True,0.443661971830986
SY_raw,-1,5139,True,0.13266050730057874
SY_raw,-1,5438,True,0.358285584320972
SY_raw,-1,5565,True,0.36297209628774124
SY_raw,-1,5684,True,0.3094250685294066
SY_raw,-1,5775,True,0.15152518788617203
SY_raw,-1,6110,True,0.5329388541065322
SY_raw,-1,6488,True,0.09336591043034215
SY_raw,-1,6590,True,0.4939728512146065
SY_raw,-1,6793,True,0.26440231184242396
SY_raw,-1,7090,True,0.37922949193761724
SY_raw,-1,7112,True,0.11597319096347954
SY_raw,-1,7167,True,0.8981073028330983
SY_raw,-1,7287,True,0.3253430693352505
SY_raw,-1,7370,True,0.4053137445030403
SY_raw,-1,7547,True,0.06389350389784249
SY_raw,-1,7589,True,0.6664055789564373
SY_raw,-1,7622,True,0.7303423537316641
SY_raw,-1,7640,False,0.0
SY_raw,-1,7757,True,0.212953643468279
SY_raw,-1,8162,True,0.7639151798200008
SY_raw,-1,8508,True,0.06587308912156699
SY_raw,-1,8597,True,0.6990873847524708
SY_raw,-1,8771,True,0.0
SY_raw,-1,288,True,0.5347733084470339
SY_raw,-1,635,True,0.7028531818061908
SY_raw,-1,654,True,0.24366798097436282
SY_raw,-1,699,True,0.361208711246798
SY_raw,-1,743,True,0.869112553400901
SY_raw,-1,946,True,0.0
SY_raw,-1,976,True,0.07186088797308006
SY_raw,-1,1144,True,0.8856151762271598
SY_raw,-1,1187,True,0.7930698199633427
SY_raw,-1,1384,True,0.5799769343655482
SY_raw,-1,1415,True,0.34934819797311345
SY_raw,-1,1443,True,0.46091817447421496
SY_raw,-1,1629,True,0.2713453395633083
SY_raw,-1,1684,True,0.11419189045114528
SY_raw,-1,1802,True,0.639472682562856
SY_raw,-1,1914,True,0.37111950096841173
SY_raw,-1,2046,True,0.060466055555668655
SY_raw,-1,2071,True,0.0933442756535323
SY_raw,-1,2340,True,0.3016093851515602
SY_raw,-1,2749,True,0.8321646395394949
SY_raw,-1,3517,True,0.7046048662852443
SY_raw,-1,3758,True,0.13621840577934227
SY_raw,-1,4110,True,0.28878728706171025
SY_raw,-1,4111,True,0.0
SY_raw,-1,4144,True,0.19824113582745717
SY_raw,-1,5021,True,0.10790181487944873
SY_raw,-1,5032,True,0.39248510589675006
SY_raw,-1,5096,True,0.18420443508797424
SY_raw,-1,5109,True,0.6889592462765195
SY_raw,-1,5114,True,0.1069101925392645
SY_raw,-1,5977,True,0.0
SY_raw,-1,5984,True,0.4500945111577862
SY_raw,-1,6353,True,0.5434782608695652
SY_raw,-1,6373,True,0.4042551707973797
SY_raw,-1,6539,True,0.0
SY_raw,-1,6554,True,0.5319219436361031
SY_raw,-1,6884,True,0.22057197287450664
SY_raw,-1,6955,True,0.5925622318579573
SY_raw,-1,7020,True,0.6977950735763758
SY_raw,-1,7029,True,0.47898241818427495
SY_raw,-1,7280,True,0.10749950754236831
SY_raw,-1,7394,True,0.39568786889219215
SY_raw,-1,7795,True,0.4120239070417888
SY_raw,-1,8108,True,0.1956521739130435
SY_raw,-1,8560,True,0.4543703285056966
SY_raw,-1,8632,True,0.41304347826086957
SY_raw,-1,8657,True,0.14038348206634554
SY_raw,-1,8777,True,0.42857142857142855
SY_raw,-1,9151,True,0.4371678307502854
SY_raw,-1,9609,True,0.5173329147293214
Transformer_raw,-1,102,True,0.5909090909090909
Transformer_raw,-1,314,True,0.4816460229725524
Transformer_raw,-1,1068,True,0.9293966776025285
Transformer_raw,-1,1525,True,0.9164984407603836
Transformer_raw,-1,1795,True,0.5878004243053861
Transformer_raw,-1,1929,True,0.9021973496920628
Transformer_raw,-1,1931,True,0.0
Transformer_raw,-1,1991,True,0.5205936423564477
Transformer_raw,-1,2528,True,0.7748230781314934
Transformer_raw,-1,2697,True,0.5743845614337583
Transformer_raw,-1,2834,True,0.7477783848213296
Transformer_raw,-1,2845,True,0.8489943832641367
Transformer_raw,-1,3031,True,0.8564948768497419
Transformer_raw,-1,3250,True,0.39076460427111054
Transformer_raw,-1,3308,True,0.9134066833258869
Transformer_raw,-1,3402,True,0.5792786769369104
Transformer_raw,-1,3426,True,0.8115403812787622
Transformer_raw,-1,3449,True,0.957493649386952
Transformer_raw,-1,3756,True,0.778147994864437
Transformer_raw,-1,4141,True,0.8730927675723474
Transformer_raw,-1,4210,True,0.9190216400778203
Transformer_raw,-1,4516,True,0.768418581920284
Transformer_raw,-1,4692,True,0.8767323473117403
Transformer_raw,-1,4700,True,0.7525583045803862
Transformer_raw,-1,4910,True,1.0
Transformer_raw,-1,4962,True,0.6633038885999629
Transformer_raw,-1,5275,True,0.5889067172271509
Transformer_raw,-1,5671,True,0.6764625761841525
Transformer_raw,-1,5683,True,0.29240359486089484
Transformer_raw,-1,6067,True,0.6552758937219193
Transformer_raw,-1,6378,True,0.8516451707140975
Transformer_raw,-1,6495,True,0.6922968862068805
Transformer_raw,-1,6868,True,0.7057118202179692
Transformer_raw,-1,6880,True,0.8204437308808777
Transformer_raw,-1,7144,True,0.5435630702762935
Transformer_raw,-1,7413,True,0.0733639220993601
Transformer_raw,-1,7526,True,0.46927872602275655
Transformer_raw,-1,7531,True,0.29154533894566503
Transformer_raw,-1,7577,True,0.2905801242021625
Transformer_raw,-1,7621,True,0.8683109988360274
Transformer_raw,-1,8198,True,0.6951279473349375
Transformer_raw,-1,8442,True,1.0
Transformer_raw,-1,8452,True,0.7155524465569196
Transformer_raw,-1,8476,True,0.820757414204806
Transformer_raw,-1,8541,True,0.5501526320954505
Transformer_raw,-1,8802,True,0.5012699896417744
Transformer_raw,-1,8816,True,0.8390496601388447
Transformer_raw,-1,8852,True,0.6366824387328316
Transformer_raw,-1,9099,True,0.6605610284030665
Transformer_raw,-1,9479,True,0.58880162531932
Transformer_raw,-1,9625,False,0.0
Transformer_raw,-1,96,True,0.0
Transformer_raw,-1,171,True,0.8644037337289079
Transformer_raw,-1,328,True,0.6713860725233041
Transformer_raw,-1,387,True,0.7799714389253928
Transformer_raw,-1,754,False,0.0
Transformer_raw,-1,983,True,0.9978160083430379
Transformer_raw,-1,1039,True,0.6707031535903194
Transformer_raw,-1,1098,True,0.8097089626892043
Transformer_raw,-1,1120,True,0.7438216974221113
Transformer_raw,-1,1275,True,0.7172073606186302
Transformer_raw,-1,1343,True,0.2899773651602119
Transformer_raw,-1,1483,True,0.43419184435375296
Transformer_raw,-1,2005,True,0.5884674004369674
Transformer_raw,-1,2048,True,0.3161654189035226
Transformer_raw,-1,2379,True,0.9386727274989306
Transformer_raw,-1,2516,True,0.8311948074931136
Transformer_raw,-1,2601,True,0.8929581428150791
Transformer_raw,-1,3210,True,0.6752414015287006
Transformer_raw,-1,3601,True,0.5572065140536727
Transformer_raw,-1,3729,True,0.3643664280273266
Transformer_raw,-1,3832,True,0.6247244788959014
Transformer_raw,-1,4104,True,0.6859271493406355
Transformer_raw,-1,4286,True,0.3887390588326515
Transformer_raw,-1,4329,True,0.6298276102336285
Transformer_raw,-1,4553,True,0.9509917988705759
Transformer_raw,-1,4790,True,0.44049733137943253
Transformer_raw,-1,4844,True,0.9221235176732557
Transformer_raw,-1,4994,True,0.5782757592566306
Transformer_raw,-1,5020,True,0.5789282245622047
Transformer_raw,-1,5293,True,0.7258076390863087
Transformer_raw,-1,5338,True,0.9272980762817044
Transformer_raw,-1,5343,True,0.9644244999688085
Transformer_raw,-1,5464,True,0.8136127422038327
Transformer_raw,-1,5560,True,0.8340771848605191
Transformer_raw,-1,5719,True,0.7394318585629135
Transformer_raw,-1,6055,True,0.5410656584705632
Transformer_raw,-1,6121,True,0.922009176629808
Transformer_raw,-1,6128,True,0.8816809127096263
Transformer_raw,-1,6197,True,0.664351874040447
Transformer_raw,-1,6336,True,0.5567714186517989
Transformer_raw,-1,6577,True,0.8371035834182687
Transformer_raw,-1,6717,True,0.5714285040141095
Transformer_raw,-1,6906,False,0.0
Transformer_raw,-1,8550,True,0.5418181702806029
Transformer_raw,-1,8576,True,0.8183317202604445
Transformer_raw,-1,8790,False,0.0
Transformer_raw,-1,8840,True,0.30657359638272924
Transformer_raw,-1,8878,True,0.8955796649110443
Transformer_raw,-1,9337,True,0.49923783028254776
Transformer_raw,-1,9501,True,0.8625613222029821
Transformer_raw,-1,9512,False,0.0
Transformer_raw,-1,45,True,0.6773346131490785
Transformer_raw,-1,199,True,0.4422336365368503
Transformer_raw,-1,458,True,0.8081834235408116
Transformer_raw,-1,564,True,1.0
Transformer_raw,-1,717,True,0.800256395049163
Transformer_raw,-1,1109,True,1.0
Transformer_raw,-1,1576,True,0.7539868068177331
Transformer_raw,-1,1711,True,1.0
Transformer_raw,-1,1868,False,0.0
Transformer_raw,-1,1942,True,0.8611477487156033
Transformer_raw,-1,2001,True,0.8814124340294955
Transformer_raw,-1,2217,True,0.638787886479598
Transformer_raw,-1,2354,True,0.37932954672114394
Transformer_raw,-1,2761,True,0.8726042431281988
Transformer_raw,-1,2980,True,0.23463936301137828
Transformer_raw,-1,3021,True,0.6449040507371082
Transformer_raw,-1,3030,True,0.6309297535714573
Transformer_raw,-1,3046,True,0.6574879341577223
Transformer_raw,-1,3050,True,0.7122806191176645
Transformer_raw,-1,3288,True,0.6494512959416392
Transformer_raw,-1,3302,True,0.7056401714346022
Transformer_raw,-1,3794,True,0.7966534744309818
Transformer_raw,-1,3920,True,0.8363031213228098
Transformer_raw,-1,3965,True,0.38933569688985603
Transformer_raw,-1,4193,True,0.9006670698348702
Transformer_raw,-1,4294,True,0.6399584213462836
Transformer_raw,-1,4383,True,0.8424932360405573
Transformer_raw,-1,4474,True,1.0
Transformer_raw,-1,5068,True,0.6632289989369994
Transformer_raw,-1,5258,True,0.04236776600349701
Transformer_raw,-1,5306,True,0.6574799012010347
Transformer_raw,-1,5323,True,0.7790163661985507
Transformer_raw,-1,5421,True,0.7667636363540703
Transformer_raw,-1,5766,True,0.7497730690291955
Transformer_raw,-1,5877,True,0.40528372145404923
Transformer_raw,-1,5887,True,0.7836710558820014
Transformer_raw,-1,6126,True,0.38685280723454163
Transformer_raw,-1,6190,True,0.9652843890316114
Transformer_raw,-1,6224,True,0.9608008655106622
Transformer_raw,-1,6465,True,0.5469347794413754
Transformer_raw,-1,6853,True,0.8854680255812354
Transformer_raw,-1,6949,True,0.8531464233138246
Transformer_raw,-1,7107,True,0.5666133594111626
Transformer_raw,-1,7240,False,0.0
Transformer_raw,-1,7937,True,0.5361746346714479
Transformer_raw,-1,8015,True,0.09791292534996787
Transformer_raw,-1,8066,True,0.7227265726449517
Transformer_raw,-1,8202,True,0.7349488839113814
Transformer_raw,-1,8321,True,0.8951505000279505
Transformer_raw,-1,9222,True,1.0
Transformer_raw,-1,9453,True,0.7387615995409843
Transformer_raw,-1,73,True,0.7006665980206526
Transformer_raw,-1,390,True,0.5064498736022406
Transformer_raw,-1,424,True,0.6924734168145648
Transformer_raw,-1,715,True,0.554235260263461
Transformer_raw,-1,915,True,0.3692678014667499
Transformer_raw,-1,1579,True,0.5551184058671026
Transformer_raw,-1,1643,True,0.5788417167007832
Transformer_raw,-1,1679,True,0.898758383963747
Transformer_raw,-1,1982,True,0.7678597097598933
Transformer_raw,-1,2027,True,0.9319790554887118
Transformer_raw,-1,2211,True,0.7967683933390651
Transformer_raw,-1,2228,True,1.0
Transformer_raw,-1,2352,True,0.28906482631788766
Transformer_raw,-1,2520,True,0.933745776545611
Transformer_raw,-1,2573,True,0.44173955623824734
Transformer_raw,-1,2630,True,0.93249081989149
Transformer_raw,-1,2666,True,0.7850610347383432
Transformer_raw,-1,2745,True,0.7019728814158683
Transformer_raw,-1,3149,True,0.6006582769419959
Transformer_raw,-1,3369,True,0.6139825041937818
Transformer_raw,-1,3617,True,0.7092882631933717
Transformer_raw,-1,3862,True,0.0
Transformer_raw,-1,4124,True,0.9016589615238396
Transformer_raw,-1,4218,True,0.795061165867803
Transformer_raw,-1,4268,True,1.0
Transformer_raw,-1,4452,False,0.0
Transformer_raw,-1,4522,True,0.5393121952955937
Transformer_raw,-1,4784,True,0.75
Transformer_raw,-1,5139,True,0.0
Transformer_raw,-1,5438,True,0.8230736190128409
Transformer_raw,-1,5565,True,0.7993798664604009
Transformer_raw,-1,5684,True,0.21281090852507362
Transformer_raw,-1,5775,True,0.08110155036904365
Transformer_raw,-1,6110,True,0.7365323692481518
Transformer_raw,-1,6488,True,0.5711524592308747
Transformer_raw,-1,6590,True,0.6969147967172347
Transformer_raw,-1,6793,True,0.7247145167543899
Transformer_raw,-1,7090,True,0.7089802136907065
Transformer_raw,-1,7112,True,0.31753362236410737
Transformer_raw,-1,7167,True,0.8935530791692837
Transformer_raw,-1,7287,True,0.505806518774344
Transformer_raw,-1,7370,True,0.6332334887939116
Transformer_raw,-1,7547,True,0.3722665259853179
Transformer_raw,-1,7589,True,0.719797361094606
Transformer_raw,-1,7622,True,0.7797947003596088
Transformer_raw,-1,7640,False,0.0
Transformer_raw,-1,7757,True,0.8098725256365854
Transformer_raw,-1,8162,True,0.8968875715892771
Transformer_raw,-1,8508,True,0.28649953412180235
Transformer_raw,-1,8597,True,0.7283528277326118
Transformer_raw,-1,8771,True,0.36659557281821686
Transformer_raw,-1,288,True,0.8073236003029944
Transformer_raw,-1,635,True,0.7448972578478599
Transformer_raw,-1,654,True,0.7125274717047461
Transformer_raw,-1,699,True,0.7043367005423484
Transformer_raw,-1,743,True,0.903731803433173
Transformer_raw,-1,946,True,1.0
Transformer_raw,-1,976,True,0.21746358139290034
Transformer_raw,-1,1144,True,0.9305687780632227
Transformer_raw,-1,1187,True,0.9304280698966989
Transformer_raw,-1,1384,True,0.7127961716516309
Transformer_raw,-1,1415,True,0.4969635715493813
Transformer_raw,-1,1443,True,0.38486732912909793
Transformer_raw,-1,1629,True,0.6167717826677644
Transformer_raw,-1,1684,True,0.25152868873664785
Transformer_raw,-1,1802,True,0.6659604514911687
Transformer_raw,-1,1914,True,0.7990333313298754
Transformer_raw,-1,2046,True,0.13755548414400526
Transformer_raw,-1,2071,True,0.7019304721653611
Transformer_raw,-1,2340,True,0.7578099461620781
Transformer_raw,-1,2749,True,0.8970230602041025
Transformer_raw,-1,3517,True,0.8335537889400381
Transformer_raw,-1,3758,True,0.6557345506645585
Transformer_raw,-1,4110,True,0.6320516815674468
Transformer_raw,-1,4111,True,0.7113187596895268
Transformer_raw,-1,4144,True,0.8301329654900066
Transformer_raw,-1,5021,True,0.12280382289494315
Transformer_raw,-1,5032,True,0.4596869502170406
Transformer_raw,-1,5096,True,0.8618398242123699
Transformer_raw,-1,5109,True,0.7086155500780158
Transformer_raw,-1,5114,True,0.6800589657822953
Transformer_raw,-1,5977,True,1.0
Transformer_raw,-1,5984,True,0.8172103171552035
Transformer_raw,-1,6353,True,0.9591146533449257
Transformer_raw,-1,6373,True,0.2704717051688338
Transformer_raw,-1,6539,True,0.6934264036172708
Transformer_raw,-1,6554,True,0.8305593524776861
Transformer_raw,-1,6884,True,0.7653606369886218
Transformer_raw,-1,6955,True,0.675816060897475
Transformer_raw,-1,7020,True,0.7342686780830854
Transformer_raw,-1,7029,True,0.436516506742243
Transformer_raw,-1,7280,True,0.6053118504564182
Transformer_raw,-1,7394,True,0.6195842516296662
Transformer_raw,-1,7795,True,0.8397894689403574
Transformer_raw,-1,8108,True,0.5057653691071033
Transformer_raw,-1,8560,True,0.8020794122843716
Transformer_raw,-1,8632,True,0.7094773887574222
Transformer_raw,-1,8657,True,0.699164827875171
Transformer_raw,-1,8777,True,0.6538461538461539
Transformer_raw,-1,9151,True,0.6240439020429313
Transformer_raw,-1,9609,True,0.6214635482263376
SY_esco,-1,102,True,0.35714285714285715
SY_esco,-1,314,True,0.3593670236089646
SY_esco,-1,1068,True,0.6716881508350852
SY_esco,-1,1525,True,0.9100555451393327
SY_esco,-1,1795,True,0.5015021598791631
SY_esco,-1,1929,True,0.7783796008688517
SY_esco,-1,1931,True,0.0
SY_esco,-1,1991,True,0.3731947009257418
SY_esco,-1,2528,True,0.6719968042383339
SY_esco,-1,2697,True,0.28303196017799676
SY_esco,-1,2834,True,0.6295292647331866
SY_esco,-1,2845,True,0.27976929862124955
SY_esco,-1,3031,True,0.6750719754429354
SY_esco,-1,3250,True,0.41237469265733184
SY_esco,-1,3308,True,0.8671742662923771
SY_esco,-1,3402,True,0.6257153950532296
SY_esco,-1,3426,True,0.7984212298691219
SY_esco,-1,3449,True,0.6755938767482523
SY_esco,-1,3756,True,0.42169007529000685
SY_esco,-1,4141,True,0.9024809931477351
SY_esco,-1,4210,True,0.5717983071070474
SY_esco,-1,4516,True,0.6037633471271934
SY_esco,-1,4692,True,0.13428474743139734
SY_esco,-1,4700,True,0.5133657189886576
SY_esco,-1,4910,True,0.8154648767857287
SY_esco,-1,4962,True,0.3683905291814213
SY_esco,-1,5275,True,0.5082077679138872
SY_esco,-1,5671,True,0.2858000095939998
SY_esco,-1,5683,True,0.10653682715307343
SY_esco,-1,6067,True,0.6524118836446002
SY_esco,-1,6378,True,0.7668924400624125
SY_esco,-1,6495,True,0.6973042277561822
SY_esco,-1,6868,True,0.5097513919034271
SY_esco,-1,6880,True,0.8008146121334627
SY_esco,-1,7144,True,0.6017219906992907
SY_esco,-1,7413,True,0.1875
SY_esco,-1,7526,True,0.0
SY_esco,-1,7531,True,0.15446287246986873
SY_esco,-1,7577,True,0.20281061985199297
SY_esco,-1,7621,True,0.8961483952787228
SY_esco,-1,8198,True,0.5300125566969112
SY_esco,-1,8442,True,1.0
SY_esco,-1,8452,True,0.6550663177809953
SY_esco,-1,8476,True,0.5412748831893567
SY_esco,-1,8541,True,0.5389528793842111
SY_esco,-1,8802,True,0.4667385005749452
SY_esco,-1,8816,True,0.6913118814351982
SY_esco,-1,8852,True,0.7706998341099534
SY_esco,-1,9099,True,0.44093220749028883
SY_esco,-1,9479,True,0.4530513886947624
SY_esco,-1,9625,False,0.0
SY_esco,-1,96,True,0.09286235511040511
SY_esco,-1,171,True,0.8290544560457692
SY_esco,-1,328,True,0.0
SY_esco,-1,387,True,0.5871590819377568
SY_esco,-1,754,False,0.0
SY_esco,-1,983,True,0.6216354280818377
SY_esco,-1,1039,True,0.6100913690433307
SY_esco,-1,1098,True,0.30722601746472367
SY_esco,-1,1120,True,0.7603523252705179
SY_esco,-1,1275,True,0.7299131960252281
SY_esco,-1,1343,True,0.5141642095525341
SY_esco,-1,1483,True,0.4808768652914705
SY_esco,-1,2005,True,0.5957781223779983
SY_esco,-1,2048,True,0.2433509939737678
SY_esco,-1,2379,True,0.9133435295886755
SY_esco,-1,2516,True,0.8747509359557885
SY_esco,-1,2601,True,0.8643270343839469
SY_esco,-1,3210,True,0.3575719643853971
SY_esco,-1,3601,True,0.44629234232380594
SY_esco,-1,3729,True,0.19306650849488882
SY_esco,-1,3832,True,0.6511127012543982
SY_esco,-1,4104,True,0.3216267914234471
SY_esco,-1,4286,True,0.31237960084766636
SY_esco,-1,4329,True,0.4871633681373078
SY_esco,-1,4553,True,0.8712740532028673
SY_esco,-1,4790,True,0.16124681104954625
SY_esco,-1,4844,True,0.029508791878849014
SY_esco,-1,4994,True,0.3947326493081483
SY_esco,-1,5020,True,0.7218858602984031
SY_esco,-1,5293,True,0.6514099692072346
SY_esco,-1,5338,True,0.7666666666666667
SY_esco,-1,5343,True,0.7581563236659185
SY_esco,-1,5464,True,0.6331815735547778
SY_esco,-1,5560,True,0.684811774413604
SY_esco,-1,5719,True,0.7643355060035327
SY_esco,-1,6055,True,0.49949313651793564
SY_esco,-1,6121,True,0.7473812048314701
SY_esco,-1,6128,True,0.8468865830060406
SY_esco,-1,6197,True,0.5671577235659261
SY_esco,-1,6336,True,0.5324687529133352
SY_esco,-1,6577,True,0.801428495756732
SY_esco,-1,6717,True,0.3868528072345415
SY_esco,-1,6906,False,0.0
SY_esco,-1,8550,True,0.36121211352040195
SY_esco,-1,8576,True,0.4952943836357485
SY_esco,-1,8790,False,0.0
SY_esco,-1,8840,True,0.0
SY_esco,-1,8878,True,0.8987343540044019
SY_esco,-1,9337,True,0.33519942508223105
SY_esco,-1,9501,True,0.9009304591729836
SY_esco,-1,9512,False,0.0
SY_esco,-1,45,True,0.4562959646018771
SY_esco,-1,199,True,0.16219025159692274
SY_esco,-1,458,True,0.6382324621122878
SY_esco,-1,564,True,0.9902121864309305
SY_esco,-1,717,True,0.24800417514062603
SY_esco,-1,1109,True,0.7518106742030594
SY_esco,-1,1576,True,0.571794668400432
SY_esco,-1,1711,True,0.0
SY_esco,-1,1868,False,0.0
SY_esco,-1,1942,True,0.4752660900735577
SY_esco,-1,2001,True,0.18016567568972347
SY_esco,-1,2217,True,0.6778151757932619
SY_esco,-1,2354,True,0.7400305887660268
SY_esco,-1,2761,True,0.758577865327667
SY_esco,-1,2980,True,1.0
SY_esco,-1,3021,True,0.44103500829625064
SY_esco,-1,3030,True,0.15667445993408086
SY_esco,-1,3046,True,0.7231236188633958
SY_esco,-1,3050,True,0.7712065129961885
SY_esco,-1,3288,True,0.819628518206185
SY_esco,-1,3302,True,0.5675219001878804
SY_esco,-1,3794,True,0.48412101631703236
SY_esco,-1,3920,True,0.8056547830817239
SY_esco,-1,3965,True,0.2564102564102564
SY_esco,-1,4193,True,0.7183332671452849
SY_esco,-1,4294,True,0.02931514921447986
SY_esco,-1,4383,True,0.7782900377351101
SY_esco,-1,4474,True,0.4491647829413406
SY_esco,-1,5068,True,0.5668940285269135
SY_esco,-1,5258,True,0.04263151217085707
SY_esco,-1,5306,True,0.6419948321318095
SY_esco,-1,5323,True,0.43396479424888196
SY_esco,-1,5421,True,0.7263925509907432
SY_esco,-1,5766,True,0.7963982548002994
SY_esco,-1,5877,True,0.33309279042929807
SY_esco,-1,5887,True,0.49696974002708366
SY_esco,-1,6126,True,0.0
SY_esco,-1,6190,True,0.7591270910877161
SY_esco,-1,6224,True,0.9321572773044168
SY_esco,-1,6465,True,0.7224242270408039
SY_esco,-1,6853,True,0.8941222324889742
SY_esco,-1,6949,True,0.6800376477120329
SY_esco,-1,7107,True,0.3736667501442741
SY_esco,-1,7240,False,0.0
SY_esco,-1,7937,True,0.6648869783131657
SY_esco,-1,8015,True,0.18276833110715227
SY_esco,-1,8066,True,0.3391602052736161
SY_esco,-1,8202,True,0.6402958209884818
SY_esco,-1,8321,True,0.8251693300468095
SY_esco,-1,9222,True,1.0
SY_esco,-1,9453,True,0.71875
SY_esco,-1,73,True,0.1791408291486038
SY_esco,-1,390,True,0.39090909090909093
SY_esco,-1,424,True,0.16122674623374345
SY_esco,-1,715,True,0.6686281191351221
SY_esco,-1,915,True,0.35978499120512214
SY_esco,-1,1579,True,0.39009360813856675
SY_esco,-1,1643,True,0.5983058112302517
SY_esco,-1,1679,True,0.780582234582404
SY_esco,-1,1982,True,0.5148644999589714
SY_esco,-1,2027,True,0.5822645992599352
SY_esco,-1,2211,True,0.6048026227069321
SY_esco,-1,2228,True,0.8034286563886854
SY_esco,-1,2352,True,0.0
SY_esco,-1,2520,True,0.9668728882728055
SY_esco,-1,2573,True,0.15694356654801725
SY_esco,-1,2630,True,0.884019098031482
SY_esco,-1,2666,True,0.5977439863750271
SY_esco,-1,2745,True,0.11948099710057353
SY_esco,-1,3149,True,0.25028231545348223
SY_esco,-1,3369,True,0.6139825041937818
SY_esco,-1,3617,True,0.3001553994638916
SY_esco,-1,3862,True,0.052512875029665285
SY_esco,-1,4124,True,0.8844945187111959
SY_esco,-1,4218,True,0.9054351657303219
SY_esco,-1,4268,True,1.0
SY_esco,-1,4452,False,0.0
SY_esco,-1,4522,True,0.5942214130419888
SY_esco,-1,4784,True,0.5599089252682025
SY_esco,-1,5139,True,0.0871156416249831
SY_esco,-1,5438,True,0.6063830128132781
SY_esco,-1,5565,True,0.6368858424686373
SY_esco,-1,5684,True,0.3094250685294066
SY_esco,-1,5775,True,0.06263647126956266
SY_esco,-1,6110,True,0.7882483314635159
SY_esco,-1,6488,True,0.052141632297552705
SY_esco,-1,6590,True,0.4939728512146065
SY_esco,-1,6793,True,0.36719461455950597
SY_esco,-1,7090,True,0.47332781634091464
SY_esco,-1,7112,True,0.3872983307371473
SY_esco,-1,7167,True,0.8661771582054967
SY_esco,-1,7287,True,0.4311222849865121
SY_esco,-1,7370,True,0.7486515219059037
SY_esco,-1,7547,True,0.2752335552522446
SY_esco,-1,7589,True,0.5546133266283941
SY_esco,-1,7622,True,0.7248009091721282
SY_esco,-1,7640,False,0.0
SY_esco,-1,7757,True,0.7558259472834757
SY_esco,-1,8162,True,0.8219317250476763
SY_esco,-1,8508,True,0.6419926456626202
SY_esco,-1,8597,True,0.5826005948677837
SY_esco,-1,8771,True,0.0
SY_esco,-1,288,True,0.6749363027017452
SY_esco,-1,635,True,0.7040078737501978
SY_esco,-1,654,True,0.24366798097436282
SY_esco,-1,699,True,0.3772869888648151
SY_esco,-1,743,True,0.7358599668149972
SY_esco,-1,946,True,0.8154648767857287
SY_esco,-1,976,True,0.027521551348324225
SY_esco,-1,1144,True,1.0
SY_esco,-1,1187,True,0.9714238323878212
SY_esco,-1,1384,True,0.5330470620783625
SY_esco,-1,1415,True,0.34934819797311345
SY_esco,-1,1443,True,0.593135288617487
SY_esco,-1,1629,True,0.3822630876326874
SY_esco,-1,1684,True,0.2583887969901992
SY_esco,-1,1802,True,0.7673672190754273
SY_esco,-1,1914,True,0.8952902412158474
SY_esco,-1,2046,True,0.1750022192332791
SY_esco,-1,2071,True,0.0933442756535323
SY_esco,-1,2340,True,0.35022708890163884
SY_esco,-1,2749,True,0.9204214379174397
SY_esco,-1,3517,True,0.7888186183243083
SY_esco,-1,3758,True,0.08906868023241882
SY_esco,-1,4110,True,0.8303424101505753
SY_esco,-1,4111,True,0.47371344996298415
SY_esco,-1,4144,True,0.8668599407493016
SY_esco,-1,5021,True,0.25066397562706166
SY_esco,-1,5032,True,0.41573620325419575
SY_esco,-1,5096,True,0.6038590961877143
SY_esco,-1,5109,True,0.6889592462765195
SY_esco,-1,5114,True,0.37609950894010535
SY_esco,-1,5977,True,0.0
SY_esco,-1,5984,True,0.7614950247782143
SY_esco,-1,6353,True,0.9414885958886412
SY_esco,-1,6373,True,0.1884814770926211
SY_esco,-1,6539,True,0.57064171895532
SY_esco,-1,6554,True,0.6536670839857057
SY_esco,-1,6884,True,0.5669098046512048
SY_esco,-1,6955,True,0.5925622318579573
SY_esco,-1,7020,True,0.6972770696312226
SY_esco,-1,7029,True,0.699794837627707
SY_esco,-1,7280,True,0.6719698982065795
SY_esco,-1,7394,True,0.6328841298216384
SY_esco,-1,7795,True,0.4120239070417888
SY_esco,-1,8108,True,0.297640484930929
SY_esco,-1,8560,True,0.4543703285056966
SY_esco,-1,8632,True,0.8227019237182958
SY_esco,-1,8657,True,0.8444556769799356
SY_esco,-1,8777,True,0.549386353861113
SY_esco,-1,9151,True,0.4261852273028176
SY_esco,-1,9609,True,0.5574864283894222
SY_onet,-1,102,True,0.29246558763821995
SY_onet,-1,314,True,0.20276033680241068
SY_onet,-1,1068,True,0.2277898140149511
SY_onet,-1,1525,True,0.1700589823307363
SY_onet,-1,1795,True,0.5742702431952482
SY_onet,-1,1929,True,0.7083090499259862
SY_onet,-1,1931,True,0.0
SY_onet,-1,1991,True,0.4372228099178467
SY_onet,-1,2528,True,0.6980058993603433
SY_onet,-1,2697,True,0.33323414340230584
SY_onet,-1,2834,True,0.3561365499046474
SY_onet,-1,2845,True,0.44847021925762554
SY_onet,-1,3031,True,0.8119842812556823
SY_onet,-1,3250,True,0.40826542477381667
SY_onet,-1,3308,True,0.791249319316266
SY_onet,-1,3402,True,0.30399036854171807
SY_onet,-1,3426,True,0.7984212298691219
SY_onet,-1,3449,True,0.7743753421163626
SY_onet,-1,3756,True,0.6529248120300322
SY_onet,-1,4141,True,0.9024809931477351
SY_onet,-1,4210,True,0.4958278256201076
SY_onet,-1,4516,True,0.42375516330265794
SY_onet,-1,4692,True,0.13428474743139734
SY_onet,-1,4700,True,0.037694542415635246
SY_onet,-1,4910,True,0.48711477971984796
SY_onet,-1,4962,True,0.5484704198015634
SY_onet,-1,5275,True,0.4824416243844198
SY_onet,-1,5671,True,0.4442427985766374
SY_onet,-1,5683,True,0.26829068422168745
SY_onet,-1,6067,True,0.7002888604487163
SY_onet,-1,6378,True,0.7649498770629327
SY_onet,-1,6495,True,0.52929035029649
SY_onet,-1,6868,True,0.6350721394210667
SY_onet,-1,6880,True,0.4230769230769231
SY_onet,-1,7144,True,0.8275315593895055
SY_onet,-1,7413,True,0.1875
SY_onet,-1,7526,True,0.0
SY_onet,-1,7531,True,0.15446287246986873
SY_onet,-1,7577,True,0.20281061985199297
SY_onet,-1,7621,True,0.6735232339985477
SY_onet,-1,8198,True,0.18627510942255004
SY_onet,-1,8442,True,0.0
SY_onet,-1,8452,True,0.5552102541408818
SY_onet,-1,8476,True,0.866637508627417
SY_onet,-1,8541,True,0.668809677243891
SY_onet,-1,8802,True,0.36138179964805034
SY_onet,-1,8816,True,0.20198591554801817
SY_onet,-1,8852,True,0.292784290898231
SY_onet,-1,9099,True,0.3899913573360767
SY_onet,-1,9479,True,0.15669149470249555
SY_onet,-1,9625,False,0.0
SY_onet,-1,96,True,0.09286235511040511
SY_onet,-1,171,True,0.7647058823529411
SY_onet,-1,328,True,0.46927872602275655
SY_onet,-1,387,True,0.5580356810376043
SY_onet,-1,754,False,0.0
SY_onet,-1,983,True,0.7979621910143205
SY_onet,-1,1039,True,0.29099623353627263
SY_onet,-1,1098,True,0.3983238689388057
SY_onet,-1,1120,True,0.6541539792613265
SY_onet,-1,1275,True,0.7457021743735297
SY_onet,-1,1343,True,0.44566184782966844
SY_onet,-1,1483,True,0.48227670137233397
SY_onet,-1,2005,True,0.5789205216894747
SY_onet,-1,2048,True,0.4200706863887583
SY_onet,-1,2379,True,0.8292360787094037
SY_onet,-1,2516,True,0.9198692762714542
SY_onet,-1,2601,True,0.8918127859646597
SY_onet,-1,3210,True,0.5750535314482171
SY_onet,-1,3601,True,0.18491213211617802
SY_onet,-1,3729,True,0.1537143888823504
SY_onet,-1,3832,True,0.6691330180967502
SY_onet,-1,4104,True,0.3216267914234471
SY_onet,-1,4286,True,0.4221670584485596
SY_onet,-1,4329,True,0.37607341303846414
SY_onet,-1,4553,True,0.9033916715425678
SY_onet,-1,4790,True,0.16124681104954625
SY_onet,-1,4844,True,0.5922216874835863
SY_onet,-1,4994,True,0.46874780886908296
SY_onet,-1,5020,True,0.6067769134646307
SY_onet,-1,5293,True,0.6864150474625291
SY_onet,-1,5338,True,0.9272980762817044
SY_onet,-1,5343,True,0.8050064189127583
SY_onet,-1,5464,True,0.31804515259699895
SY_onet,-1,5560,True,0.6976065627958429
SY_onet,-1,5719,True,0.5536975133222164
SY_onet,-1,6055,True,0.37432738691032735
SY_onet,-1,6121,True,0.5806034061404858
SY_onet,-1,6128,True,0.3963520941914969
SY_onet,-1,6197,True,0.2821145482995419
SY_onet,-1,6336,True,0.5449625341741728
SY_onet,-1,6577,True,0.7592376365853133
SY_onet,-1,6717,True,0.6131471927654585
SY_onet,-1,6906,False,0.0
SY_onet,-1,8550,True,0.319393943239799
SY_onet,-1,8576,True,0.4799435284319507
SY_onet,-1,8790,False,0.0
SY_onet,-1,8840,True,0.0
SY_onet,-1,8878,True,0.5629152508874034
SY_onet,-1,9337,True,0.4714323615983513
SY_onet,-1,9501,True,0.8573518421150844
SY_onet,-1,9512,False,0.0
SY_onet,-1,45,True,0.5246718267301201
SY_onet,-1,199,True,0.32115564975004707
SY_onet,-1,458,True,0.5745955088898619
SY_onet,-1,564,True,1.0
SY_onet,-1,717,True,0.5599400403330216
SY_onet,-1,1109,True,0.48437499999999994
SY_onet,-1,1576,True,0.45893851077351056
SY_onet,-1,1711,True,1.0
SY_onet,-1,1868,False,0.0
SY_onet,-1,1942,True,0.5705796501550173
SY_onet,-1,2001,True,0.8160274810041516
SY_onet,-1,2217,True,0.5535503570068189
SY_onet,-1,2354,True,0.6857237777281655
SY_onet,-1,2761,True,0.6557817173019881
SY_onet,-1,2980,True,0.32516350885519024
SY_onet,-1,3021,True,0.4213800110616675
SY_onet,-1,3030,True,0.15667445993408086
SY_onet,-1,3046,True,0.7100963725715598
SY_onet,-1,3050,True,0.6171193385793571
SY_onet,-1,3288,True,0.34744158241654377
SY_onet,-1,3302,True,0.31089747386279626
SY_onet,-1,3794,True,0.15342825477275226
SY_onet,-1,3920,True,0.7757672395188406
SY_onet,-1,3965,True,0.2564102564102564
SY_onet,-1,4193,True,0.9527978532552289
SY_onet,-1,4294,True,0.4431628330384798
SY_onet,-1,4383,True,0.8737395376276135
SY_onet,-1,4474,True,0.4491647829413406
SY_onet,-1,5068,True,0.3497892432438672
SY_onet,-1,5258,True,0.24946608063323739
SY_onet,-1,5306,True,0.6016122270582097
SY_onet,-1,5323,True,0.9329092331537905
SY_onet,-1,5421,True,0.6732816858816282
SY_onet,-1,5766,True,0.8699065742516556
SY_onet,-1,5877,True,0.2289277952549503
SY_onet,-1,5887,True,0.574915164846249
SY_onet,-1,6126,True,0.371529997171282
SY_onet,-1,6190,True,0.7876346633591641
SY_onet,-1,6224,True,0.8975828762407044
SY_onet,-1,6465,True,0.7224242270408039
SY_onet,-1,6853,True,0.6278692238940083
SY_onet,-1,6949,True,0.7703784187332648
SY_onet,-1,7107,True,0.5473199162150159
SY_onet,-1,7240,False,0.0
SY_onet,-1,7937,True,0.5969878191387583
SY_onet,-1,8015,True,0.18276833110715227
SY_onet,-1,8066,True,0.0
SY_onet,-1,8202,True,0.7012621880368283
SY_onet,-1,8321,True,0.7413069316954878
SY_onet,-1,9222,True,0.0
SY_onet,-1,9453,True,0.7850042612806688
SY_onet,-1,73,True,0.1791408291486038
SY_onet,-1,390,True,0.41334352958867554
SY_onet,-1,424,True,0.16122674623374345
SY_onet,-1,715,True,0.6441304324455962
SY_onet,-1,915,True,0.3325834023528282
SY_onet,-1,1579,True,0.09604291258536349
SY_onet,-1,1643,True,0.497766733818828
SY_onet,-1,1679,True,0.8300364684518944
SY_onet,-1,1982,True,0.4134806529603565
SY_onet,-1,2027,True,0.6960755603422687
SY_onet,-1,2211,True,0.49456042514931914
SY_onet,-1,2228,True,0.6401388288569091
SY_onet,-1,2352,True,0.0
SY_onet,-1,2520,True,0.9025937412599944
SY_onet,-1,2573,True,0.5221000839886074
SY_onet,-1,2630,True,0.8691365373070677
SY_onet,-1,2666,True,0.0910465272622274
SY_onet,-1,2745,True,0.547627597960419
SY_onet,-1,3149,True,0.25028231545348223
SY_onet,-1,3369,True,0.3495133742150505
SY_onet,-1,3617,True,0.26299712334526243
SY_onet,-1,3862,True,0.052512875029665285
SY_onet,-1,4124,True,0.8836774091120263
SY_onet,-1,4218,True,0.5055184298811883
SY_onet,-1,4268,True,0.9972942705905553
SY_onet,-1,4452,False,0.0
SY_onet,-1,4522,True,0.639472682562856
SY_onet,-1,4784,True,0.443661971830986
SY_onet,-1,5139,True,0.062319432531119656
SY_onet,-1,5438,True,0.5134000994836886
SY_onet,-1,5565,True,0.7812368764517296
SY_onet,-1,5684,True,0.3094250685294066
SY_onet,-1,5775,True,0.15152518788617203
SY_onet,-1,6110,True,0.8935783835882315
SY_onet,-1,6488,True,0.2604863865641266
SY_onet,-1,6590,True,0.4939728512146065
SY_onet,-1,6793,True,0.3288426622847457
SY_onet,-1,7090,True,0.6867518642125445
SY_onet,-1,7112,True,0.4089792640929039
SY_onet,-1,7167,True,0.7451004376902002
SY_onet,-1,7287,True,0.5687533181119695
SY_onet,-1,7370,True,0.7745778041696015
SY_onet,-1,7547,True,0.2562198967502736
SY_onet,-1,7589,True,0.6121018804079823
SY_onet,-1,7622,True,0.6729786997224205
SY_onet,-1,7640,False,0.0
SY_onet,-1,7757,True,0.778350827330843
SY_onet,-1,8162,True,0.7556796824016634
SY_onet,-1,8508,True,0.16418479443496958
SY_onet,-1,8597,True,0.3743065326445673
SY_onet,-1,8771,True,0.0
SY_onet,-1,288,True,0.7119637660257273
SY_onet,-1,635,True,0.563922096291844
SY_onet,-1,654,True,0.24366798097436282
SY_onet,-1,699,True,0.5808576780992778
SY_onet,-1,743,True,0.6551961536753917
SY_onet,-1,946,True,0.0
SY_onet,-1,976,True,0.07186088797308006
SY_onet,-1,1144,True,0.9004363002565786
SY_onet,-1,1187,True,0.4760070108154916
SY_onet,-1,1384,True,0.7048637930701872
SY_onet,-1,1415,True,0.44864809583243137
SY_onet,-1,1443,True,0.28603096052849947
SY_onet,-1,1629,True,0.619957619432367
SY_onet,-1,1684,True,0.4261280556172619
SY_onet,-1,1802,True,0.11284812045226873
SY_onet,-1,1914,True,0.7894475789484608
SY_onet,-1,2046,True,0.038761510341489426
SY_onet,-1,2071,True,0.6343443468834203
SY_onet,-1,2340,True,0.43879816200356864
SY_onet,-1,2749,True,0.7830315903746445
SY_onet,-1,3517,True,0.8768766623943889
SY_onet,-1,3758,True,0.7475565521944564
SY_onet,-1,4110,True,0.45614192688714755
SY_onet,-1,4111,True,0.2249039134661547
SY_onet,-1,4144,True,0.8523392373023067
SY_onet,-1,5021,True,0.050594788126488995
SY_onet,-1,5032,True,0.2434780923710559
SY_onet,-1,5096,True,0.7336491454333685
SY_onet,-1,5109,True,0.6889592462765195
SY_onet,-1,5114,True,0.48516264226367334
SY_onet,-1,5977,True,0.0
SY_onet,-1,5984,True,0.7954444060773918
SY_onet,-1,6353,True,0.8996998002552143
SY_onet,-1,6373,True,0.2945896461250807
SY_onet,-1,6539,True,0.0
SY_onet,-1,6554,True,0.6256944873214741
SY_onet,-1,6884,True,0.6576537658273699
SY_onet,-1,6955,True,0.5426328336275084
SY_onet,-1,7020,True,0.6841681303986252
SY_onet,-1,7029,True,0.3899541168509599
SY_onet,-1,7280,True,0.4994324699751986
SY_onet,-1,7394,True,0.5230241457129194
SY_onet,-1,7795,True,0.4120239070417888
SY_onet,-1,8108,True,0.1956521739130435
SY_onet,-1,8560,True,0.46278459384839465
SY_onet,-1,8632,True,0.6028404488532714
SY_onet,-1,8657,True,0.6586429171347196
SY_onet,-1,8777,True,0.68
SY_onet,-1,9151,True,0.09145395563914781
SY_onet,-1,9609,True,0.5266245621105874
KB_hop_esco,-1,102,True,0.1911138580454094
KB_hop_esco,-1,314,True,0.6948985252224172
KB_hop_esco,-1,1068,True,0.7219889353081712
KB_hop_esco,-1,1525,True,0.9231326646370291
KB_hop_esco,-1,1795,True,0.538305886174081
KB_hop_esco,-1,1929,True,0.883927041859576
KB_hop_esco,-1,1931,True,0.38685280723454163
KB_hop_esco,-1,1991,True,0.5287004355283084
KB_hop_esco,-1,2528,True,0.7007463691105527
KB_hop_esco,-1,2697,True,0.2828424583964003
KB_hop_esco,-1,2834,True,0.6527073354913332
KB_hop_esco,-1,2845,True,0.12347633991449249
KB_hop_esco,-1,3031,True,0.8468605539201195
KB_hop_esco,-1,3250,True,0.21924252788084805
KB_hop_esco,-1,3308,True,0.900346883204941
KB_hop_esco,-1,3402,True,0.8256698865269635
KB_hop_esco,-1,3426,True,0.851328034914996
KB_hop_esco,-1,3449,True,0.8464005595142147
KB_hop_esco,-1,3756,True,0.43910546638689496
KB_hop_esco,-1,4141,True,0.8265135277117702
KB_hop_esco,-1,4210,True,0.6539861869254892
KB_hop_esco,-1,4516,True,0.660852277378781
KB_hop_esco,-1,4692,True,0.6123955734866777
KB_hop_esco,-1,4700,True,0.6584645692843069
KB_hop_esco,-1,4910,True,0.6309297535714573
KB_hop_esco,-1,4962,True,0.5112012884186774
KB_hop_esco,-1,5275,True,0.63882383984281
KB_hop_esco,-1,5671,True,0.3934634432214371
KB_hop_esco,-1,5683,True,0.0
KB_hop_esco,-1,6067,True,0.7487451800255661
KB_hop_esco,-1,6378,True,0.8550113174198941
KB_hop_esco,-1,6495,True,0.8097048120214121
KB_hop_esco,-1,6868,True,0.5642663739458155
KB_hop_esco,-1,6880,True,0.7431565610916786
KB_hop_esco,-1,7144,True,0.5589983881048772
KB_hop_esco,-1,7413,True,0.2105307066265921
KB_hop_esco,-1,7526,True,0.0
KB_hop_esco,-1,7531,True,0.15169995768016728
KB_hop_esco,-1,7577,True,0.49684601414843926
KB_hop_esco,-1,7621,True,0.9380488910587242
KB_hop_esco,-1,8198,True,0.6583849887948453
KB_hop_esco,-1,8442,True,1.0
KB_hop_esco,-1,8452,True,0.6564087751742225
KB_hop_esco,-1,8476,True,0.7089243529936066
KB_hop_esco,-1,8541,True,0.5802280541817425
KB_hop_esco,-1,8802,True,0.5297763265474558
KB_hop_esco,-1,8816,True,0.6421755823489528
KB_hop_esco,-1,8852,True,0.36331756126716824
KB_hop_esco,-1,9099,True,0.35906989700758657
KB_hop_esco,-1,9479,True,0.5612267414899966
KB_hop_esco,-1,9625,False,0.0
KB_hop_esco,-1,96,True,0.0
KB_hop_esco,-1,171,True,0.8400477625234606
KB_hop_esco,-1,328,True,0.0
KB_hop_esco,-1,387,True,0.676899045251719
KB_hop_esco,-1,754,False,0.0
KB_hop_esco,-1,983,True,0.7777484889355342
KB_hop_esco,-1,1039,True,0.676222300973297
KB_hop_esco,-1,1098,True,0.6424880926423666
KB_hop_esco,-1,1120,True,0.8854745474629548
KB_hop_esco,-1,1275,True,0.8488876565951724
KB_hop_esco,-1,1343,True,0.5568904825606049
KB_hop_esco,-1,1483,True,0.5097898458250757
KB_hop_esco,-1,2005,True,0.597428267619255
KB_hop_esco,-1,2048,True,0.3234841632696732
KB_hop_esco,-1,2379,True,0.8450967531677438
KB_hop_esco,-1,2516,True,0.8284907541469431
KB_hop_esco,-1,2601,True,0.8799687216555927
KB_hop_esco,-1,3210,True,0.4658959612939199
KB_hop_esco,-1,3601,True,0.6934264036172708
KB_hop_esco,-1,3729,True,0.2986844436335024
KB_hop_esco,-1,3832,True,0.6676782644816548
KB_hop_esco,-1,4104,True,0.4453642741812029
KB_hop_esco,-1,4286,True,0.3340826534483231
KB_hop_esco,-1,4329,True,0.4816692120643179
KB_hop_esco,-1,4553,True,0.9673291862715245
KB_hop_esco,-1,4790,True,0.11751610475642699
KB_hop_esco,-1,4844,True,0.7378896865433323
KB_hop_esco,-1,4994,True,0.6086374044324908
KB_hop_esco,-1,5020,True,0.7287260589888378
KB_hop_esco,-1,5293,True,0.5847032003100565
KB_hop_esco,-1,5338,True,0.8550591416797608
KB_hop_esco,-1,5343,True,0.7765707824725042
KB_hop_esco,-1,5464,True,0.7505898571472999
KB_hop_esco,-1,5560,True,0.606717100666798
KB_hop_esco,-1,5719,True,0.6838227445268775
KB_hop_esco,-1,6055,True,0.5628544565359938
KB_hop_esco,-1,6121,True,0.9090909090909091
KB_hop_esco,-1,6128,True,0.9035757833108629
KB_hop_esco,-1,6197,True,0.41095422685264843
KB_hop_esco,-1,6336,True,0.6409471144225565
KB_hop_esco,-1,6577,True,0.756527364697572
KB_hop_esco,-1,6717,True,0.8503449055347547
KB_hop_esco,-1,6906,False,0.0
KB_hop_esco,-1,8550,True,0.638787886479598
KB_hop_esco,-1,8576,True,0.39996558129075016
KB_hop_esco,-1,8790,False,0.0
KB_hop_esco,-1,8840,True,0.5012658353418871
KB_hop_esco,-1,8878,True,0.7601875334318686
KB_hop_esco,-1,9337,True,0.3343950957460491
KB_hop_esco,-1,9501,True,0.8386040756219085
KB_hop_esco,-1,9512,False,0.0
KB_hop_esco,-1,45,True,0.48133917609897925
KB_hop_esco,-1,199,True,0.15979138559512826
KB_hop_esco,-1,458,True,0.8841134626660687
KB_hop_esco,-1,564,True,1.0
KB_hop_esco,-1,717,True,0.22913742128089312
KB_hop_esco,-1,1109,True,0.7534825792579544
KB_hop_esco,-1,1576,True,0.39088166014024966
KB_hop_esco,-1,1711,True,0.0
KB_hop_esco,-1,1868,False,0.0
KB_hop_esco,-1,1942,True,0.6447418490555271
KB_hop_esco,-1,2001,True,0.5956015064053046
KB_hop_esco,-1,2217,True,0.8403030283801005
KB_hop_esco,-1,2354,True,0.5001672640539498
KB_hop_esco,-1,2761,True,0.88160145803888
KB_hop_esco,-1,2980,True,0.9674679834891693
KB_hop_esco,-1,3021,True,0.3707294307815434
KB_hop_esco,-1,3030,True,0.32214175800803135
KB_hop_esco,-1,3046,True,0.7456040952328721
KB_hop_esco,-1,3050,True,0.610911034942771
KB_hop_esco,-1,3288,True,0.9016589615238396
KB_hop_esco,-1,3302,True,0.6005831679624959
KB_hop_esco,-1,3794,True,0.47797411320397376
KB_hop_esco,-1,3920,True,0.7937751431785544
KB_hop_esco,-1,3965,True,0.07373113767160426
KB_hop_esco,-1,4193,True,0.8843536563633039
KB_hop_esco,-1,4294,True,0.21892381861920074
KB_hop_esco,-1,4383,True,0.873321136182935
KB_hop_esco,-1,4474,True,0.6741744480487546
KB_hop_esco,-1,5068,True,0.5995292852816378
KB_hop_esco,-1,5258,True,0.0
KB_hop_esco,-1,5306,True,0.5350547108114044
KB_hop_esco,-1,5323,True,0.9236440639390741
KB_hop_esco,-1,5421,True,0.6847870824941465
KB_hop_esco,-1,5766,True,0.7826759579078219
KB_hop_esco,-1,5877,True,0.45488952023720997
KB_hop_esco,-1,5887,True,0.48904777192646093
KB_hop_esco,-1,6126,True,0.3333333333333335
KB_hop_esco,-1,6190,True,0.9157402489794224
KB_hop_esco,-1,6224,True,0.9305687780632227
KB_hop_esco,-1,6465,True,0.8529811908908196
KB_hop_esco,-1,6853,True,0.8560107201200025
KB_hop_esco,-1,6949,True,0.8420717669400078
KB_hop_esco,-1,7107,True,0.4751932925007542
KB_hop_esco,-1,7240,False,0.0
KB_hop_esco,-1,7937,True,0.7292961943918134
KB_hop_esco,-1,8015,True,0.06158561071766745
KB_hop_esco,-1,8066,True,0.6661998717660157
KB_hop_esco,-1,8202,True,0.5870037018389554
KB_hop_esco,-1,8321,True,0.8343355884464092
KB_hop_esco,-1,9222,True,1.0
KB_hop_esco,-1,9453,True,0.6995052602576604
KB_hop_esco,-1,73,True,0.467484555824765
KB_hop_esco,-1,390,True,0.4625
KB_hop_esco,-1,424,True,0.8272584638136415
KB_hop_esco,-1,715,True,0.5187290239540951
KB_hop_esco,-1,915,True,0.6256646589861506
KB_hop_esco,-1,1579,True,0.3432913185356231
KB_hop_esco,-1,1643,True,0.5420802832028203
KB_hop_esco,-1,1679,True,0.8967920338824555
KB_hop_esco,-1,1982,True,0.522032859637427
KB_hop_esco,-1,2027,True,0.5314363095188579
KB_hop_esco,-1,2211,True,0.7748751461209814
KB_hop_esco,-1,2228,True,0.579782773204422
KB_hop_esco,-1,2352,True,0.0
KB_hop_esco,-1,2520,True,0.8604981162620305
KB_hop_esco,-1,2573,True,0.26448508356592637
KB_hop_esco,-1,2630,True,0.84444677209372
KB_hop_esco,-1,2666,True,0.7052472390367427
KB_hop_esco,-1,2745,True,0.21932764712812225
KB_hop_esco,-1,3149,True,0.39544229963770317
KB_hop_esco,-1,3369,True,0.6139825041937818
KB_hop_esco,-1,3617,True,0.4328686605578833
KB_hop_esco,-1,3862,True,0.0
KB_hop_esco,-1,4124,True,0.8336932148255328
KB_hop_esco,-1,4218,True,0.8226528640257358
KB_hop_esco,-1,4268,True,0.9787930706003494
KB_hop_esco,-1,4452,False,0.0
KB_hop_esco,-1,4522,True,0.6417341419008934
KB_hop_esco,-1,4784,True,0.7616947063688578
KB_hop_esco,-1,5139,True,0.0
KB_hop_esco,-1,5438,True,0.5989853673618497
KB_hop_esco,-1,5565,True,0.6178938183165302
KB_hop_esco,-1,5684,True,0.13811791580375737
KB_hop_esco,-1,5775,True,0.09079866331952809
KB_hop_esco,-1,6110,True,0.9515382966125765
KB_hop_esco,-1,6488,True,0.21959302813206014
KB_hop_esco,-1,6590,True,0.50792435033592
KB_hop_esco,-1,6793,True,0.7362729194193559
KB_hop_esco,-1,7090,True,0.6735539533499443
KB_hop_esco,-1,7112,True,0.4275806252913403
KB_hop_esco,-1,7167,True,0.8812793310924704
KB_hop_esco,-1,7287,True,0.27790820917144515
KB_hop_esco,-1,7370,True,0.8590343124329108
KB_hop_esco,-1,7547,True,0.2752335552522446
KB_hop_esco,-1,7589,True,0.6610642066850065
KB_hop_esco,-1,7622,True,0.7768696560292724
KB_hop_esco,-1,7640,False,0.0
KB_hop_esco,-1,7757,True,0.6313789037658706
KB_hop_esco,-1,8162,True,0.8403709847156612
KB_hop_esco,-1,8508,True,0.5855700749881525
KB_hop_esco,-1,8597,True,0.5331216873057026
KB_hop_esco,-1,8771,True,0.4954782322231113
KB_hop_esco,-1,288,True,0.6414787993483952
KB_hop_esco,-1,635,True,0.6810666424916088
KB_hop_esco,-1,654,True,0.3431882005329132
KB_hop_esco,-1,699,True,0.5060127206529167
KB_hop_esco,-1,743,True,0.8301941153099974
KB_hop_esco,-1,946,True,1.0
KB_hop_esco,-1,976,True,0.0
KB_hop_esco,-1,1144,True,0.739954832633694
KB_hop_esco,-1,1187,True,0.9741278190949236
KB_hop_esco,-1,1384,True,0.4508492709017038
KB_hop_esco,-1,1415,True,0.5076237898525893
KB_hop_esco,-1,1443,True,0.698577716877946
KB_hop_esco,-1,1629,True,0.17714752793103516
KB_hop_esco,-1,1684,True,0.2990482973630913
KB_hop_esco,-1,1802,True,0.6953856239102568
KB_hop_esco,-1,1914,True,0.91155580927749
KB_hop_esco,-1,2046,True,0.319393943239799
KB_hop_esco,-1,2071,True,0.5615443777322888
KB_hop_esco,-1,2340,True,0.5377918089838387
KB_hop_esco,-1,2749,True,0.9592579685297468
KB_hop_esco,-1,3517,True,0.786087791919556
KB_hop_esco,-1,3758,True,0.3923961381687843
KB_hop_esco,-1,4110,True,0.7025513566195051
KB_hop_esco,-1,4111,True,0.4103915680233245
KB_hop_esco,-1,4144,True,0.5472422936983683
KB_hop_esco,-1,5021,True,0.39324868902308974
KB_hop_esco,-1,5032,True,0.4178419870910081
KB_hop_esco,-1,5096,True,0.42827328109183593
KB_hop_esco,-1,5109,True,0.646554216820188
KB_hop_esco,-1,5114,True,0.5803778315766378
KB_hop_esco,-1,5977,True,0.3495045644683343
KB_hop_esco,-1,5984,True,0.826908874613055
KB_hop_esco,-1,6353,True,0.8701249883466594
KB_hop_esco,-1,6373,True,0.20889189107079115
KB_hop_esco,-1,6539,True,0.57064171895532
KB_hop_esco,-1,6554,True,0.6662988484825672
KB_hop_esco,-1,6884,True,0.9225698544741953
KB_hop_esco,-1,6955,True,0.6187508338419963
KB_hop_esco,-1,7020,True,0.7215173519207656
KB_hop_esco,-1,7029,True,0.7838605789264042
KB_hop_esco,-1,7280,True,0.2833558356975915
KB_hop_esco,-1,7394,True,0.7044750073109322
KB_hop_esco,-1,7795,True,0.48311705572449926
KB_hop_esco,-1,8108,True,0.30308203017988256
KB_hop_esco,-1,8560,True,0.8008361629202719
KB_hop_esco,-1,8632,True,0.6810210111762133
KB_hop_esco,-1,8657,True,0.8354093773782707
KB_hop_esco,-1,8777,True,0.5138389948023137
KB_hop_esco,-1,9151,True,0.4553239488712661
KB_hop_esco,-1,9609,True,0.5675660290638231
KB_hop_onet,-1,102,True,0.3356027594114354
KB_hop_onet,-1,314,True,0.33917543182551485
KB_hop_onet,-1,1068,True,0.7058846202492267
KB_hop_onet,-1,1525,True,0.5595889453796672
KB_hop_onet,-1,1795,True,0.46558448502474953
KB_hop_onet,-1,1929,True,0.8105739292614345
KB_hop_onet,-1,1931,True,0.4306765580733929
KB_hop_onet,-1,1991,True,0.6091012288215046
KB_hop_onet,-1,2528,True,0.7504808331162157
KB_hop_onet,-1,2697,True,0.41776327237773947
KB_hop_onet,-1,2834,True,0.3635778534124905
KB_hop_onet,-1,2845,True,0.5623041159310572
KB_hop_onet,-1,3031,True,0.7714043524093593
KB_hop_onet,-1,3250,True,0.42712174909400424
KB_hop_onet,-1,3308,True,0.8685364891054651
KB_hop_onet,-1,3402,True,0.5425148351910051
KB_hop_onet,-1,3426,True,0.788867900229588
KB_hop_onet,-1,3449,True,0.686078434759786
KB_hop_onet,-1,3756,True,0.7162552966416481
KB_hop_onet,-1,4141,True,0.9668728882728055
KB_hop_onet,-1,4210,True,0.7692771098035176
KB_hop_onet,-1,4516,True,0.7377582454225725
KB_hop_onet,-1,4692,True,0.1809667764378148
KB_hop_onet,-1,4700,True,0.7984848580994975
KB_hop_onet,-1,4910,True,0.46533827903669644
KB_hop_onet,-1,4962,True,0.5301701408319787
KB_hop_onet,-1,5275,True,0.4069957621366095
KB_hop_onet,-1,5671,True,0.5607747474946773
KB_hop_onet,-1,5683,True,0.266194530039414
KB_hop_onet,-1,6067,True,0.6416074657897198
KB_hop_onet,-1,6378,True,0.8447055486912987
KB_hop_onet,-1,6495,True,0.5753995581589658
KB_hop_onet,-1,6868,True,0.6922028273817893
KB_hop_onet,-1,6880,True,0.7881900328075853
KB_hop_onet,-1,7144,True,0.9328479912015524
KB_hop_onet,-1,7413,True,0.08514311764162101
KB_hop_onet,-1,7526,True,0.1815417925373527
KB_hop_onet,-1,7531,True,0.23230604393401819
KB_hop_onet,-1,7577,True,0.2028229239584091
KB_hop_onet,-1,7621,True,0.864943405240493
KB_hop_onet,-1,8198,True,0.5431169028292627
KB_hop_onet,-1,8442,True,1.0
KB_hop_onet,-1,8452,True,0.5985871196427408
KB_hop_onet,-1,8476,True,0.7908529533697032
KB_hop_onet,-1,8541,True,0.4611523876437316
KB_hop_onet,-1,8802,True,0.30494245644336626
KB_hop_onet,-1,8816,True,0.3538589685267339
KB_hop_onet,-1,8852,True,0.13012668333070063
KB_hop_onet,-1,9099,True,0.716876034368065
KB_hop_onet,-1,9479,True,0.6949373743551523
KB_hop_onet,-1,9625,False,0.0
KB_hop_onet,-1,96,True,0.0
KB_hop_onet,-1,171,True,0.8029446010608249
KB_hop_onet,-1,328,True,0.2960819109658652
KB_hop_onet,-1,387,True,0.4684489144755787
KB_hop_onet,-1,754,False,0.0
KB_hop_onet,-1,983,True,0.727603856505283
KB_hop_onet,-1,1039,True,0.3805222321360386
KB_hop_onet,-1,1098,True,0.6985999317794972
KB_hop_onet,-1,1120,True,0.9454733159247369
KB_hop_onet,-1,1275,True,0.7970223206717278
KB_hop_onet,-1,1343,True,0.5700464538287097
KB_hop_onet,-1,1483,True,0.34211462255254316
KB_hop_onet,-1,2005,True,0.6513547405545428
KB_hop_onet,-1,2048,True,0.15658702852911627
KB_hop_onet,-1,2379,True,0.9052116356304493
KB_hop_onet,-1,2516,True,0.8951505000279505
KB_hop_onet,-1,2601,True,0.8967920338824555
KB_hop_onet,-1,3210,True,0.707955189302189
KB_hop_onet,-1,3601,True,0.4048213208205962
KB_hop_onet,-1,3729,True,0.08472032376115692
KB_hop_onet,-1,3832,True,0.7977146286679472
KB_hop_onet,-1,4104,True,0.37718668050007653
KB_hop_onet,-1,4286,True,0.4511575380342295
KB_hop_onet,-1,4329,True,0.5473983622993502
KB_hop_onet,-1,4553,True,0.9355087331847931
KB_hop_onet,-1,4790,True,0.30522112882001773
KB_hop_onet,-1,4844,True,0.8712064648646901
KB_hop_onet,-1,4994,True,0.6130951409598103
KB_hop_onet,-1,5020,True,0.5337299837919718
KB_hop_onet,-1,5293,True,0.6897593176678524
KB_hop_onet,-1,5338,True,0.9574024351520813
KB_hop_onet,-1,5343,True,0.9242766942498144
KB_hop_onet,-1,5464,True,0.5912711087655038
KB_hop_onet,-1,5560,True,0.6928952648383061
KB_hop_onet,-1,5719,True,0.7316546216245504
KB_hop_onet,-1,6055,True,0.47288914337752264
KB_hop_onet,-1,6121,True,0.7802786873037245
KB_hop_onet,-1,6128,True,0.5004709563412788
KB_hop_onet,-1,6197,True,0.2812656295169551
KB_hop_onet,-1,6336,True,0.4923659837645825
KB_hop_onet,-1,6577,True,0.7199446956710949
KB_hop_onet,-1,6717,True,0.6131471927654585
KB_hop_onet,-1,6906,False,0.0
KB_hop_onet,-1,8550,True,0.5209090851403014
KB_hop_onet,-1,8576,True,0.47388496061767943
KB_hop_onet,-1,8790,False,0.0
KB_hop_onet,-1,8840,True,0.20438239758848625
KB_hop_onet,-1,8878,True,0.8749200657287761
KB_hop_onet,-1,9337,True,0.3564074655011451
KB_hop_onet,-1,9501,True,0.8653667118915623
KB_hop_onet,-1,9512,False,0.0
KB_hop_onet,-1,45,True,0.6179414666921643
KB_hop_onet,-1,199,True,0.33768447214207076
KB_hop_onet,-1,458,True,0.6568260162369924
KB_hop_onet,-1,564,True,1.0
KB_hop_onet,-1,717,True,0.4887509878235841
KB_hop_onet,-1,1109,True,0.9681896059005243
KB_hop_onet,-1,1576,True,0.5587821038725723
KB_hop_onet,-1,1711,True,1.0
KB_hop_onet,-1,1868,False,0.0
KB_hop_onet,-1,1942,True,0.6476627960228599
KB_hop_onet,-1,2001,True,0.7542303526460372
KB_hop_onet,-1,2217,True,0.5845922537497784
KB_hop_onet,-1,2354,True,0.6819899579255483
KB_hop_onet,-1,2761,True,0.8026407076920868
KB_hop_onet,-1,2980,True,0.2960819109658652
KB_hop_onet,-1,3021,True,0.4737390539743022
KB_hop_onet,-1,3030,True,0.1006177443075108
KB_hop_onet,-1,3046,True,0.8262281822286267
KB_hop_onet,-1,3050,True,0.6584668687534336
KB_hop_onet,-1,3288,True,0.5679765982970097
KB_hop_onet,-1,3302,True,0.6330592785261722
KB_hop_onet,-1,3794,True,0.36547374493596313
KB_hop_onet,-1,3920,True,0.7959372040067043
KB_hop_onet,-1,3965,True,0.1831559399509615
KB_hop_onet,-1,4193,True,0.8389228324662397
KB_hop_onet,-1,4294,True,0.49942981168438705
KB_hop_onet,-1,4383,True,0.881722657900868
KB_hop_onet,-1,4474,True,0.6093501333332652
KB_hop_onet,-1,5068,True,0.4654461568303973
KB_hop_onet,-1,5258,True,0.1775974789821119
KB_hop_onet,-1,5306,True,0.6235152967236759
KB_hop_onet,-1,5323,True,0.9517216941285185
KB_hop_onet,-1,5421,True,0.7704958411594339
KB_hop_onet,-1,5766,True,0.8948875043133713
KB_hop_onet,-1,5877,True,0.3744636724489706
KB_hop_onet,-1,5887,True,0.599057994969398
KB_hop_onet,-1,6126,True,0.0
KB_hop_onet,-1,6190,True,0.8493762456565
KB_hop_onet,-1,6224,True,1.0
KB_hop_onet,-1,6465,True,0.638787886479598
KB_hop_onet,-1,6853,True,0.8001344943543337
KB_hop_onet,-1,6949,True,0.8422929103362881
KB_hop_onet,-1,7107,True,0.510828939722497
KB_hop_onet,-1,7240,False,0.0
KB_hop_onet,-1,7937,True,0.6088703754259979
KB_hop_onet,-1,8015,True,0.12527294253912533
KB_hop_onet,-1,8066,True,0.2578925667168915
KB_hop_onet,-1,8202,True,0.7612884936419674
KB_hop_onet,-1,8321,True,0.7667706702470211
KB_hop_onet,-1,9222,True,1.0
KB_hop_onet,-1,9453,True,0.7670057188160861
KB_hop_onet,-1,73,True,0.38932885128098726
KB_hop_onet,-1,390,True,0.482268289034071
KB_hop_onet,-1,424,True,0.47651460553528613
KB_hop_onet,-1,715,True,0.47151308664575764
KB_hop_onet,-1,915,True,0.32619575670873346
KB_hop_onet,-1,1579,True,0.18476357862025708
KB_hop_onet,-1,1643,True,0.489402769936571
KB_hop_onet,-1,1679,True,0.8600023487776548
KB_hop_onet,-1,1982,True,0.6898286563534621
KB_hop_onet,-1,2027,True,0.7355256090257843
KB_hop_onet,-1,2211,True,0.4357734118929294
KB_hop_onet,-1,2228,True,0.706353369878314
KB_hop_onet,-1,2352,True,0.35620718710802235
KB_hop_onet,-1,2520,True,0.9289904714111865
KB_hop_onet,-1,2573,True,0.448570658745047
KB_hop_onet,-1,2630,True,0.9234567922322964
KB_hop_onet,-1,2666,True,0.33682995577697517
KB_hop_onet,-1,2745,True,0.514583640507108
KB_hop_onet,-1,3149,True,0.5053777523579931
KB_hop_onet,-1,3369,True,0.577131431268078
KB_hop_onet,-1,3617,True,0.4978967407138331
KB_hop_onet,-1,3862,True,0.0
KB_hop_onet,-1,4124,True,0.8119493540653887
KB_hop_onet,-1,4218,True,0.6263830905396895
KB_hop_onet,-1,4268,True,0.933745776545611
KB_hop_onet,-1,4452,False,0.0
KB_hop_onet,-1,4522,True,0.4818882886640143
KB_hop_onet,-1,4784,True,0.6374318835462186
KB_hop_onet,-1,5139,True,0.20540541267464046
KB_hop_onet,-1,5438,True,0.5176159063298185
KB_hop_onet,-1,5565,True,0.7686556389327386
KB_hop_onet,-1,5684,True,0.18911775088561525
KB_hop_onet,-1,5775,True,0.040550775184521826
KB_hop_onet,-1,6110,True,0.7882483314635158
KB_hop_onet,-1,6488,True,0.32599243285839924
KB_hop_onet,-1,6590,True,0.5475326767369766
KB_hop_onet,-1,6793,True,0.4935232796777481
KB_hop_onet,-1,7090,True,0.8369393378551289
KB_hop_onet,-1,7112,True,0.32634571939203266
KB_hop_onet,-1,7167,True,0.8014464630474528
KB_hop_onet,-1,7287,True,0.482456676358105
KB_hop_onet,-1,7370,True,0.7873733736155915
KB_hop_onet,-1,7547,True,0.2728184633219322
KB_hop_onet,-1,7589,True,0.7078514633062827
KB_hop_onet,-1,7622,True,0.6641983804239537
KB_hop_onet,-1,7640,False,0.0
KB_hop_onet,-1,7757,True,0.8760131203608301
KB_hop_onet,-1,8162,True,0.7359193431490535
KB_hop_onet,-1,8508,True,0.2359963357193002
KB_hop_onet,-1,8597,True,0.4468192677024401
KB_hop_onet,-1,8771,True,0.8670870086853021
KB_hop_onet,-1,288,True,0.7317520468238286
KB_hop_onet,-1,635,True,0.6758198496829186
KB_hop_onet,-1,654,True,0.42549689671346
KB_hop_onet,-1,699,True,0.5894294105161975
KB_hop_onet,-1,743,True,0.7012245740058307
KB_hop_onet,-1,946,True,0.0
KB_hop_onet,-1,976,True,0.494242164691564
KB_hop_onet,-1,1144,True,0.7980314782368263
KB_hop_onet,-1,1187,True,0.6776081003350143
KB_hop_onet,-1,1384,True,0.6920318481687545
KB_hop_onet,-1,1415,True,0.4273619037755397
KB_hop_onet,-1,1443,True,0.30817443700733366
KB_hop_onet,-1,1629,True,0.5615443777322888
KB_hop_onet,-1,1684,True,0.042821958919179476
KB_hop_onet,-1,1802,True,0.1723013395874404
KB_hop_onet,-1,1914,True,0.8468038842731489
KB_hop_onet,-1,2046,True,0.04616277736479889
KB_hop_onet,-1,2071,True,0.6121332222290542
KB_hop_onet,-1,2340,True,0.4767141494223863
KB_hop_onet,-1,2749,True,0.8613759173483285
KB_hop_onet,-1,3517,True,0.8562761817653992
KB_hop_onet,-1,3758,True,0.6883929540597549
KB_hop_onet,-1,4110,True,0.7513839136933065
KB_hop_onet,-1,4111,True,0.0981639521278693
KB_hop_onet,-1,4144,True,0.8568156260828002
KB_hop_onet,-1,5021,True,0.06779095235709008
KB_hop_onet,-1,5032,True,0.3963329258011464
KB_hop_onet,-1,5096,True,0.7319647508039688
KB_hop_onet,-1,5109,True,0.7419476823422086
KB_hop_onet,-1,5114,True,0.5430181057855971
KB_hop_onet,-1,5977,True,0.8154648767857287
KB_hop_onet,-1,5984,True,0.8891249022867441
KB_hop_onet,-1,6353,True,0.837829852067637
KB_hop_onet,-1,6373,True,0.3260094684204012
KB_hop_onet,-1,6539,True,0.0
KB_hop_onet,-1,6554,True,0.7526740023227368
KB_hop_onet,-1,6884,True,0.798861474043042
KB_hop_onet,-1,6955,True,0.5554469876016179
KB_hop_onet,-1,7020,True,0.6038292432198726
KB_hop_onet,-1,7029,True,0.5252360061002697
KB_hop_onet,-1,7280,True,0.5560361271548715
KB_hop_onet,-1,7394,True,0.5282800663700054
KB_hop_onet,-1,7795,True,0.6228353768455626
KB_hop_onet,-1,8108,True,0.23992089480238074
KB_hop_onet,-1,8560,True,0.4442215554928178
KB_hop_onet,-1,8632,True,0.8128551887170858
KB_hop_onet,-1,8657,True,0.6743531707668899
KB_hop_onet,-1,8777,True,0.68
KB_hop_onet,-1,9151,True,0.11247838177042752
KB_hop_onet,-1,9609,True,0.5896848497990399
KB_neighbor_esco,-1,102,True,0.45683281720107843
KB_neighbor_esco,-1,314,True,0.5095952932566992
KB_neighbor_esco,-1,1068,True,0.7251363057665534
KB_neighbor_esco,-1,1525,True,0.8831526573584569
KB_neighbor_esco,-1,1795,True,0.439588947027388
KB_neighbor_esco,-1,1929,True,0.8789459685919289
KB_neighbor_esco,-1,1931,True,0.38685280723454163
KB_neighbor_esco,-1,1991,True,0.19980718233583503
KB_neighbor_esco,-1,2528,True,0.6536690119947034
KB_neighbor_esco,-1,2697,True,0.34311492489857365
KB_neighbor_esco,-1,2834,True,0.5723863043146572
KB_neighbor_esco,-1,2845,True,0.5134669250586519
KB_neighbor_esco,-1,3031,True,0.8317881862515947
KB_neighbor_esco,-1,3250,True,0.3589542101716347
KB_neighbor_esco,-1,3308,True,0.8215605707970105
KB_neighbor_esco,-1,3402,True,0.557931917755986
KB_neighbor_esco,-1,3426,True,0.788867900229588
KB_neighbor_esco,-1,3449,True,0.7698465520135451
KB_neighbor_esco,-1,3756,True,0.5980310290294308
KB_neighbor_esco,-1,4141,True,0.8550757259534602
KB_neighbor_esco,-1,4210,True,0.5340678995922684
KB_neighbor_esco,-1,4516,True,0.7150731945961784
KB_neighbor_esco,-1,4692,True,0.35429505586207033
KB_neighbor_esco,-1,4700,True,0.690652068876388
KB_neighbor_esco,-1,4910,True,0.5
KB_neighbor_esco,-1,4962,True,0.500455568487976
KB_neighbor_esco,-1,5275,True,0.5535601142478395
KB_neighbor_esco,-1,5671,True,0.39474204287261005
KB_neighbor_esco,-1,5683,True,0.10644692083071636
KB_neighbor_esco,-1,6067,True,0.6021283432548761
KB_neighbor_esco,-1,6378,True,0.9308492860369848
KB_neighbor_esco,-1,6495,True,0.8326453704140342
KB_neighbor_esco,-1,6868,True,0.48456747917009163
KB_neighbor_esco,-1,6880,True,0.8990301655772223
KB_neighbor_esco,-1,7144,True,0.5145245558439617
KB_neighbor_esco,-1,7413,True,0.16867134721368437
KB_neighbor_esco,-1,7526,True,0.23463936301137828
KB_neighbor_esco,-1,7531,True,0.3924490037898408
KB_neighbor_esco,-1,7577,True,0.2810908876792906
KB_neighbor_esco,-1,7621,True,0.7117851928069637
KB_neighbor_esco,-1,8198,True,0.589102453827435
KB_neighbor_esco,-1,8442,True,1.0
KB_neighbor_esco,-1,8452,True,0.7440711784509831
KB_neighbor_esco,-1,8476,True,0.679731813898003
KB_neighbor_esco,-1,8541,True,0.5542523591023687
KB_neighbor_esco,-1,8802,True,0.42041763527239495
KB_neighbor_esco,-1,8816,True,0.5810541586197149
KB_neighbor_esco,-1,8852,True,0.7110950101364615
KB_neighbor_esco,-1,9099,True,0.5834038590084049
KB_neighbor_esco,-1,9479,True,0.3029626362272339
KB_neighbor_esco,-1,9625,False,0.0
KB_neighbor_esco,-1,96,True,0.0
KB_neighbor_esco,-1,171,True,0.6315546171524711
KB_neighbor_esco,-1,328,True,0.0
KB_neighbor_esco,-1,387,True,0.3297847113184807
KB_neighbor_esco,-1,754,False,0.0
KB_neighbor_esco,-1,983,True,0.7824708018844938
KB_neighbor_esco,-1,1039,True,0.667820779255364
KB_neighbor_esco,-1,1098,True,0.3887406493929995
KB_neighbor_esco,-1,1120,True,0.8796665696504257
KB_neighbor_esco,-1,1275,True,0.7626776670325544
KB_neighbor_esco,-1,1343,True,0.5536563584378342
KB_neighbor_esco,-1,1483,True,0.42104513080549494
KB_neighbor_esco,-1,2005,True,0.6704207014214565
KB_neighbor_esco,-1,2048,True,0.36790799251097933
KB_neighbor_esco,-1,2379,True,0.9501734416024705
KB_neighbor_esco,-1,2516,True,0.6753930024294005
KB_neighbor_esco,-1,2601,True,0.6568447114858816
KB_neighbor_esco,-1,3210,True,0.4339644399774346
KB_neighbor_esco,-1,3601,True,0.57064171895532
KB_neighbor_esco,-1,3729,True,0.23288043287521856
KB_neighbor_esco,-1,3832,True,0.6829309193818457
KB_neighbor_esco,-1,4104,True,0.7448356085799516
KB_neighbor_esco,-1,4286,True,0.30825471428184253
KB_neighbor_esco,-1,4329,True,0.5384313152574521
KB_neighbor_esco,-1,4553,True,0.8847956039796167
KB_neighbor_esco,-1,4790,True,0.3666360383041259
KB_neighbor_esco,-1,4844,True,0.5531464700081437
KB_neighbor_esco,-1,4994,True,0.4591644387905747
KB_neighbor_esco,-1,5020,True,0.8032436801994705
KB_neighbor_esco,-1,5293,True,0.6000612203297033
KB_neighbor_esco,-1,5338,True,0.610851782468375
KB_neighbor_esco,-1,5343,True,0.92992826789079
KB_neighbor_esco,-1,5464,True,0.7490281543454017
KB_neighbor_esco,-1,5560,True,0.6792312256947223
KB_neighbor_esco,-1,5719,True,0.7224057816587537
KB_neighbor_esco,-1,6055,True,0.5916285483148647
KB_neighbor_esco,-1,6121,True,0.9166666666666666
KB_neighbor_esco,-1,6128,True,0.9681613038504963
KB_neighbor_esco,-1,6197,True,0.705495614338705
KB_neighbor_esco,-1,6336,True,0.6409471144225565
KB_neighbor_esco,-1,6577,True,0.7705783384601539
KB_neighbor_esco,-1,6717,True,0.3868528072345415
KB_neighbor_esco,-1,6906,False,0.0
KB_neighbor_esco,-1,8550,True,0.2972524557639048
KB_neighbor_esco,-1,8576,True,0.4870900602063612
KB_neighbor_esco,-1,8790,False,0.0
KB_neighbor_esco,-1,8840,True,0.1809074917818078
KB_neighbor_esco,-1,8878,True,0.6029270108976181
KB_neighbor_esco,-1,9337,True,0.358412053306756
KB_neighbor_esco,-1,9501,True,0.8546071080431109
KB_neighbor_esco,-1,9512,False,0.0
KB_neighbor_esco,-1,45,True,0.5350942657410726
KB_neighbor_esco,-1,199,True,0.32798805103457174
KB_neighbor_esco,-1,458,True,0.6286747493975116
KB_neighbor_esco,-1,564,True,1.0
KB_neighbor_esco,-1,717,True,0.3304423080597939
KB_neighbor_esco,-1,1109,True,0.777504956487823
KB_neighbor_esco,-1,1576,True,0.5625945935849335
KB_neighbor_esco,-1,1711,True,1.0
KB_neighbor_esco,-1,1868,False,0.0
KB_neighbor_esco,-1,1942,True,0.626971336950955
KB_neighbor_esco,-1,2001,True,0.2957008478035074
KB_neighbor_esco,-1,2217,True,0.638787886479598
KB_neighbor_esco,-1,2354,True,0.3695619890179249
KB_neighbor_esco,-1,2761,True,0.8809404039061308
KB_neighbor_esco,-1,2980,True,0.9217868789962073
KB_neighbor_esco,-1,3021,True,0.37266727036121894
KB_neighbor_esco,-1,3030,True,0.38685280723454163
KB_neighbor_esco,-1,3046,True,0.6580716161974185
KB_neighbor_esco,-1,3050,True,0.84521601077206
KB_neighbor_esco,-1,3288,True,0.9022504190385466
KB_neighbor_esco,-1,3302,True,0.9238881179224294
KB_neighbor_esco,-1,3794,True,0.3511206597920633
KB_neighbor_esco,-1,3920,True,0.8747789797380837
KB_neighbor_esco,-1,3965,True,0.3431544713185209
KB_neighbor_esco,-1,4193,True,0.9772832610089569
KB_neighbor_esco,-1,4294,True,0.47813733813890263
KB_neighbor_esco,-1,4383,True,0.743330951142048
KB_neighbor_esco,-1,4474,True,0.8597186998521971
KB_neighbor_esco,-1,5068,True,0.5586209106443101
KB_neighbor_esco,-1,5258,True,0.04236776600349701
KB_neighbor_esco,-1,5306,True,0.6220713337994926
KB_neighbor_esco,-1,5323,True,0.5585208117267058
KB_neighbor_esco,-1,5421,True,0.7426276112444755
KB_neighbor_esco,-1,5766,True,0.7281022295894842
KB_neighbor_esco,-1,5877,True,0.46222334010049254
KB_neighbor_esco,-1,5887,True,0.5444979741950489
KB_neighbor_esco,-1,6126,True,0.0
KB_neighbor_esco,-1,6190,True,0.7958187921973299
KB_neighbor_esco,-1,6224,True,0.877565506081079
KB_neighbor_esco,-1,6465,True,0.7224242270408039
KB_neighbor_esco,-1,6853,True,0.6569358218854656
KB_neighbor_esco,-1,6949,True,0.7893535035834399
KB_neighbor_esco,-1,7107,True,0.35848280884673794
KB_neighbor_esco,-1,7240,False,0.0
KB_neighbor_esco,-1,7937,True,0.6068203638642837
KB_neighbor_esco,-1,8015,True,0.18264285024968774
KB_neighbor_esco,-1,8066,True,0.4371994911049731
KB_neighbor_esco,-1,8202,True,0.6407985584808504
KB_neighbor_esco,-1,8321,True,0.9131666643260042
KB_neighbor_esco,-1,9222,True,1.0
KB_neighbor_esco,-1,9453,True,0.7179286046886698
KB_neighbor_esco,-1,73,True,0.5727082193169689
KB_neighbor_esco,-1,390,True,0.35814372275148404
KB_neighbor_esco,-1,424,True,0.537344380567575
KB_neighbor_esco,-1,715,True,0.5871668782610687
KB_neighbor_esco,-1,915,True,0.32280876539718156
KB_neighbor_esco,-1,1579,True,0.35164507986255755
KB_neighbor_esco,-1,1643,True,0.5420802832028203
KB_neighbor_esco,-1,1679,True,0.7559734325167674
KB_neighbor_esco,-1,1982,True,0.4736911602423996
KB_neighbor_esco,-1,2027,True,0.7383560548862398
KB_neighbor_esco,-1,2211,True,0.5901044351741226
KB_neighbor_esco,-1,2228,True,0.7061759132352062
KB_neighbor_esco,-1,2352,True,0.0
KB_neighbor_esco,-1,2520,True,0.7381222142123632
KB_neighbor_esco,-1,2573,True,0.08514311764162101
KB_neighbor_esco,-1,2630,True,0.9610471206157889
KB_neighbor_esco,-1,2666,True,0.7531113425697816
KB_neighbor_esco,-1,2745,True,0.2925927517964556
KB_neighbor_esco,-1,3149,True,0.26542350254961355
KB_neighbor_esco,-1,3369,True,0.5931269037099937
KB_neighbor_esco,-1,3617,True,0.5166188804155012
KB_neighbor_esco,-1,3862,True,0.24455846321280345
KB_neighbor_esco,-1,4124,True,0.8484214696473018
KB_neighbor_esco,-1,4218,True,0.6572990699273954
KB_neighbor_esco,-1,4268,True,0.9363792118010483
KB_neighbor_esco,-1,4452,False,0.0
KB_neighbor_esco,-1,4522,True,0.5972898740148423
KB_neighbor_esco,-1,4784,True,0.6736462056721183
KB_neighbor_esco,-1,5139,True,0.0
KB_neighbor_esco,-1,5438,True,0.4996896639874795
KB_neighbor_esco,-1,5565,True,0.4080180084481187
KB_neighbor_esco,-1,5684,True,0.21051918558164529
KB_neighbor_esco,-1,5775,True,0.09306698009688023
KB_neighbor_esco,-1,6110,True,0.7198285476235217
KB_neighbor_esco,-1,6488,True,0.16750130443695224
KB_neighbor_esco,-1,6590,True,0.24952583878244924
KB_neighbor_esco,-1,6793,True,0.5670738205908159
KB_neighbor_esco,-1,7090,True,0.6307150925386448
KB_neighbor_esco,-1,7112,True,0.44260740512554697
KB_neighbor_esco,-1,7167,True,0.8249052194206107
KB_neighbor_esco,-1,7287,True,0.37370499322698814
KB_neighbor_esco,-1,7370,True,0.9224642478592505
KB_neighbor_esco,-1,7547,True,0.2752335552522446
KB_neighbor_esco,-1,7589,True,0.7172789822085397
KB_neighbor_esco,-1,7622,True,0.5147900400248113
KB_neighbor_esco,-1,7640,False,0.0
KB_neighbor_esco,-1,7757,True,0.610503436688559
KB_neighbor_esco,-1,8162,True,0.6865702872146918
KB_neighbor_esco,-1,8508,True,0.5590085184932078
KB_neighbor_esco,-1,8597,True,0.6405098899924144
KB_neighbor_esco,-1,8771,True,0.11448501924530573
KB_neighbor_esco,-1,288,True,0.6462871317099189
KB_neighbor_esco,-1,635,True,0.6383252268718614
KB_neighbor_esco,-1,654,True,0.3563955742689751
KB_neighbor_esco,-1,699,True,0.5316392255219057
KB_neighbor_esco,-1,743,True,0.748269798241072
KB_neighbor_esco,-1,946,True,1.0
KB_neighbor_esco,-1,976,True,0.11700571908998486
KB_neighbor_esco,-1,1144,True,0.9216017310213245
KB_neighbor_esco,-1,1187,True,0.9298462741042949
KB_neighbor_esco,-1,1384,True,0.47020758347710373
KB_neighbor_esco,-1,1415,True,0.2747227079579193
KB_neighbor_esco,-1,1443,True,0.6058169044886533
KB_neighbor_esco,-1,1629,True,0.09359072962204817
KB_neighbor_esco,-1,1684,True,0.52013436512033
KB_neighbor_esco,-1,1802,True,0.8920234165141472
KB_neighbor_esco,-1,1914,True,0.8224419142362
KB_neighbor_esco,-1,2046,True,0.11377041810078817
KB_neighbor_esco,-1,2071,True,0.5615443777322888
KB_neighbor_esco,-1,2340,True,0.4250034682897598
KB_neighbor_esco,-1,2749,True,0.9945892332821066
KB_neighbor_esco,-1,3517,True,0.879949659077327
KB_neighbor_esco,-1,3758,True,0.13889697766331777
KB_neighbor_esco,-1,4110,True,0.776350622368479
KB_neighbor_esco,-1,4111,True,0.6248860537989133
KB_neighbor_esco,-1,4144,True,0.6593220275902482
KB_neighbor_esco,-1,5021,True,0.13091322131132005
KB_neighbor_esco,-1,5032,True,0.6027701908077748
KB_neighbor_esco,-1,5096,True,0.777800477756173
KB_neighbor_esco,-1,5109,True,0.7605705619431564
KB_neighbor_esco,-1,5114,True,0.7723979117997852
KB_neighbor_esco,-1,5977,True,0.5
KB_neighbor_esco,-1,5984,True,0.790087418102367
KB_neighbor_esco,-1,6353,True,0.9318324610776304
KB_neighbor_esco,-1,6373,True,0.3205263296403509
KB_neighbor_esco,-1,6539,True,0.57064171895532
KB_neighbor_esco,-1,6554,True,0.7009845707786908
KB_neighbor_esco,-1,6884,True,0.5936243874965308
KB_neighbor_esco,-1,6955,True,0.615380617303661
KB_neighbor_esco,-1,7020,True,0.7298690356090358
KB_neighbor_esco,-1,7029,True,0.6928053087557768
KB_neighbor_esco,-1,7280,True,0.5890160727009688
KB_neighbor_esco,-1,7394,True,0.5632608523503916
KB_neighbor_esco,-1,7795,True,0.325757166251807
KB_neighbor_esco,-1,8108,True,0.34996677795142084
KB_neighbor_esco,-1,8560,True,0.7394018954742201
KB_neighbor_esco,-1,8632,True,0.7721106819084809
KB_neighbor_esco,-1,8657,True,0.5805254740265448
KB_neighbor_esco,-1,8777,True,0.46080452744890743
KB_neighbor_esco,-1,9151,True,0.5998313877991946
KB_neighbor_esco,-1,9609,True,0.49166655900213485
KB_neighbor_onet,-1,102,True,0.41090902125873324
KB_neighbor_onet,-1,314,True,0.3444771983656053
KB_neighbor_onet,-1,1068,True,0.5777367491176261
KB_neighbor_onet,-1,1525,True,0.715849770779198
KB_neighbor_onet,-1,1795,True,0.6024411982690154
KB_neighbor_onet,-1,1929,True,0.8305689914143279
KB_neighbor_onet,-1,1931,True,0.0
KB_neighbor_onet,-1,1991,True,0.6003524449666239
KB_neighbor_onet,-1,2528,True,0.7814555718561085
KB_neighbor_onet,-1,2697,True,0.24882233388252137
KB_neighbor_onet,-1,2834,True,0.2629338363137656
KB_neighbor_onet,-1,2845,True,0.36052731743714383
KB_neighbor_onet,-1,3031,True,0.7354314947298609
KB_neighbor_onet,-1,3250,True,0.5173633627401372
KB_neighbor_onet,-1,3308,True,1.0
KB_neighbor_onet,-1,3402,True,0.7176925992509845
KB_neighbor_onet,-1,3426,True,0.8607379647520922
KB_neighbor_onet,-1,3449,True,0.9432941966953922
KB_neighbor_onet,-1,3756,True,0.6467848597019309
KB_neighbor_onet,-1,4141,True,0.9241189044609822
KB_neighbor_onet,-1,4210,True,0.6569648657875324
KB_neighbor_onet,-1,4516,True,0.3795837542818478
KB_neighbor_onet,-1,4692,True,0.36838919478068
KB_neighbor_onet,-1,4700,True,0.5805078709398304
KB_neighbor_onet,-1,4910,True,1.0
KB_neighbor_onet,-1,4962,True,0.5785674664309404
KB_neighbor_onet,-1,5275,True,0.5459599210186534
KB_neighbor_onet,-1,5671,True,0.5890595277376808
KB_neighbor_onet,-1,5683,True,0.28996683633395987
KB_neighbor_onet,-1,6067,True,0.7902462807049225
KB_neighbor_onet,-1,6378,True,0.8645173026837479
KB_neighbor_onet,-1,6495,True,0.66433226097095
KB_neighbor_onet,-1,6868,True,0.6607757498239053
KB_neighbor_onet,-1,6880,True,0.898758383963747
KB_neighbor_onet,-1,7144,True,0.7730360387997689
KB_neighbor_onet,-1,7413,True,0.37612217726170394
KB_neighbor_onet,-1,7526,True,0.0
KB_neighbor_onet,-1,7531,True,0.24048467118975705
KB_neighbor_onet,-1,7577,True,0.30358287184895455
KB_neighbor_onet,-1,7621,True,0.7709285479299213
KB_neighbor_onet,-1,8198,True,0.40041807961538695
KB_neighbor_onet,-1,8442,True,0.6309297535714573
KB_neighbor_onet,-1,8452,True,0.6545472491036046
KB_neighbor_onet,-1,8476,True,0.8002016767504587
KB_neighbor_onet,-1,8541,True,0.6728737598461613
KB_neighbor_onet,-1,8802,True,0.4229204003988726
KB_neighbor_onet,-1,8816,True,0.2226507522795304
KB_neighbor_onet,-1,8852,True,0.12315119437036504
KB_neighbor_onet,-1,9099,True,0.43927852888382246
KB_neighbor_onet,-1,9479,True,0.42101254424139156
KB_neighbor_onet,-1,9625,False,0.0
KB_neighbor_onet,-1,96,True,0.0
KB_neighbor_onet,-1,171,True,0.8118067278220406
KB_neighbor_onet,-1,328,True,0.5730008572581418
KB_neighbor_onet,-1,387,True,0.4936741512192766
KB_neighbor_onet,-1,754,False,0.0
KB_neighbor_onet,-1,983,True,0.7994281962016302
KB_neighbor_onet,-1,1039,True,0.3928622857641537
KB_neighbor_onet,-1,1098,True,0.523136883143846
KB_neighbor_onet,-1,1120,True,0.6882122074098113
KB_neighbor_onet,-1,1275,True,0.7501638257878054
KB_neighbor_onet,-1,1343,True,0.5478527392247047
KB_neighbor_onet,-1,1483,True,0.5395019081048789
KB_neighbor_onet,-1,2005,True,0.5868720866710774
KB_neighbor_onet,-1,2048,True,0.32658918713597457
KB_neighbor_onet,-1,2379,True,0.8628672652723159
KB_neighbor_onet,-1,2516,True,0.8529037574339263
KB_neighbor_onet,-1,2601,True,0.8244657876659233
KB_neighbor_onet,-1,3210,True,0.5553802860834636
KB_neighbor_onet,-1,3601,True,0.5109559939712155
KB_neighbor_onet,-1,3729,True,0.26111859937583853
KB_neighbor_onet,-1,3832,True,0.7653371734105514
KB_neighbor_onet,-1,4104,True,0.4355290472496815
KB_neighbor_onet,-1,4286,True,0.5272878123600907
KB_neighbor_onet,-1,4329,True,0.3340514446642156
KB_neighbor_onet,-1,4553,True,0.8190568222796737
KB_neighbor_onet,-1,4790,True,0.329781456416789
KB_neighbor_onet,-1,4844,True,0.8442380676954223
KB_neighbor_onet,-1,4994,True,0.41202113504835086
KB_neighbor_onet,-1,5020,True,0.5612933756229688
KB_neighbor_onet,-1,5293,True,0.6470419231644128
KB_neighbor_onet,-1,5338,True,0.9220500785180549
KB_neighbor_onet,-1,5343,True,0.9186120443342672
KB_neighbor_onet,-1,5464,True,0.616553806707215
KB_neighbor_onet,-1,5560,True,0.7462358743490428
KB_neighbor_onet,-1,5719,True,0.6090334038837438
KB_neighbor_onet,-1,6055,True,0.5791066180963202
KB_neighbor_onet,-1,6121,True,0.5037173382273997
KB_neighbor_onet,-1,6128,True,0.6422181004573969
KB_neighbor_onet,-1,6197,True,0.37826427793116174
KB_neighbor_onet,-1,6336,True,0.44851328175344873
KB_neighbor_onet,-1,6577,True,0.5851452197790467
KB_neighbor_onet,-1,6717,True,0.6131471927654585
KB_neighbor_onet,-1,6906,False,0.0
KB_neighbor_onet,-1,8550,True,0.33446021244283497
KB_neighbor_onet,-1,8576,True,0.4326053567020961
KB_neighbor_onet,-1,8790,False,0.0
KB_neighbor_onet,-1,8840,True,0.0
KB_neighbor_onet,-1,8878,True,0.42985934992609853
KB_neighbor_onet,-1,9337,True,0.6446157313417299
KB_neighbor_onet,-1,9501,True,0.8387609150660277
KB_neighbor_onet,-1,9512,False,0.0
KB_neighbor_onet,-1,45,True,0.6506832987719724
KB_neighbor_onet,-1,199,True,0.25326335410655304
KB_neighbor_onet,-1,458,True,0.5283241334251313
KB_neighbor_onet,-1,564,True,1.0
KB_neighbor_onet,-1,717,True,0.6205472254673758
KB_neighbor_onet,-1,1109,True,0.4913260664380079
KB_neighbor_onet,-1,1576,True,0.5323016395674935
KB_neighbor_onet,-1,1711,True,1.0
KB_neighbor_onet,-1,1868,False,0.0
KB_neighbor_onet,-1,1942,True,0.6069006472802445
KB_neighbor_onet,-1,2001,True,0.8770298186110359
KB_neighbor_onet,-1,2217,True,0.638787886479598
KB_neighbor_onet,-1,2354,True,0.6876520725207707
KB_neighbor_onet,-1,2761,True,0.583308971663326
KB_neighbor_onet,-1,2980,True,0.3405668196466858
KB_neighbor_onet,-1,3021,True,0.42938849818038244
KB_neighbor_onet,-1,3030,True,0.0
KB_neighbor_onet,-1,3046,True,0.8017514907984714
KB_neighbor_onet,-1,3050,True,0.7012177458036898
KB_neighbor_onet,-1,3288,True,0.2559423577407703
KB_neighbor_onet,-1,3302,True,0.6274187033155368
KB_neighbor_onet,-1,3794,True,0.26652604080879766
KB_neighbor_onet,-1,3920,True,0.8252566300241724
KB_neighbor_onet,-1,3965,True,0.15500291952671721
KB_neighbor_onet,-1,4193,True,0.827382672308645
KB_neighbor_onet,-1,4294,True,0.6368887232686803
KB_neighbor_onet,-1,4383,True,0.8358845245842182
KB_neighbor_onet,-1,4474,True,0.7601875334318686
KB_neighbor_onet,-1,5068,True,0.31078617870586717
KB_neighbor_onet,-1,5258,True,0.14074267220463055
KB_neighbor_onet,-1,5306,True,0.6132020131207085
KB_neighbor_onet,-1,5323,True,0.8486500748638246
KB_neighbor_onet,-1,5421,True,0.7963446674667995
KB_neighbor_onet,-1,5766,True,0.8997545262390322
KB_neighbor_onet,-1,5877,True,0.22420679858568615
KB_neighbor_onet,-1,5887,True,0.5835986731058872
KB_neighbor_onet,-1,6126,True,0.0
KB_neighbor_onet,-1,6190,True,0.7471786178767241
KB_neighbor_onet,-1,6224,True,1.0
KB_neighbor_onet,-1,6465,True,0.6273737328869013
KB_neighbor_onet,-1,6853,True,0.7807838231358144
KB_neighbor_onet,-1,6949,True,0.8648387116481863
KB_neighbor_onet,-1,7107,True,0.5630311614515312
KB_neighbor_onet,-1,7240,False,0.0
KB_neighbor_onet,-1,7937,True,0.5688803985784109
KB_neighbor_onet,-1,8015,True,0.38242046602614443
KB_neighbor_onet,-1,8066,True,0.3391602052736161
KB_neighbor_onet,-1,8202,True,0.7038225941566405
KB_neighbor_onet,-1,8321,True,0.6727020451985835
KB_neighbor_onet,-1,9222,True,0.3333333333333335
KB_neighbor_onet,-1,9453,True,0.7844994151070181
KB_neighbor_onet,-1,73,True,0.35186592907763087
KB_neighbor_onet,-1,390,True,0.46666666666666673
KB_neighbor_onet,-1,424,True,0.5983622140071566
KB_neighbor_onet,-1,715,True,0.4054928403055372
KB_neighbor_onet,-1,915,True,0.4441228664487979
KB_neighbor_onet,-1,1579,True,0.0
KB_neighbor_onet,-1,1643,True,0.3986949863735926
KB_neighbor_onet,-1,1679,True,0.8234281117830954
KB_neighbor_onet,-1,1982,True,0.40482095425314635
KB_neighbor_onet,-1,2027,True,0.8084396367463541
KB_neighbor_onet,-1,2211,True,0.2972783386745231
KB_neighbor_onet,-1,2228,True,0.6217313716333972
KB_neighbor_onet,-1,2352,True,0.0
KB_neighbor_onet,-1,2520,True,0.7454044799382793
KB_neighbor_onet,-1,2573,True,0.5122917638717883
KB_neighbor_onet,-1,2630,True,0.8088516048856219
KB_neighbor_onet,-1,2666,True,0.2237737377192833
KB_neighbor_onet,-1,2745,True,0.514583640507108
KB_neighbor_onet,-1,3149,True,0.2075322347577285
KB_neighbor_onet,-1,3369,True,0.43179404486021994
KB_neighbor_onet,-1,3617,True,0.4388878260516932
KB_neighbor_onet,-1,3862,True,0.0
KB_neighbor_onet,-1,4124,True,0.9157864122738941
KB_neighbor_onet,-1,4218,True,0.7401312977408758
KB_neighbor_onet,-1,4268,True,1.0
KB_neighbor_onet,-1,4452,False,0.0
KB_neighbor_onet,-1,4522,True,0.7031451712934833
KB_neighbor_onet,-1,4784,True,0.3718599698506987
KB_neighbor_onet,-1,5139,True,0.2184074368181643
KB_neighbor_onet,-1,5438,True,0.4747698886420719
KB_neighbor_onet,-1,5565,True,0.8231417900205354
KB_neighbor_onet,-1,5684,True,0.38650763705400293
KB_neighbor_onet,-1,5775,True,0.09208406604961711
KB_neighbor_onet,-1,6110,True,0.8367127634528004
KB_neighbor_onet,-1,6488,True,0.37875652817544414
KB_neighbor_onet,-1,6590,True,0.38334277998463445
KB_neighbor_onet,-1,6793,True,0.46011769311171746
KB_neighbor_onet,-1,7090,True,0.7003862695257075
KB_neighbor_onet,-1,7112,True,0.31753362236410737
KB_neighbor_onet,-1,7167,True,0.673907803875385
KB_neighbor_onet,-1,7287,True,0.4536662465175966
KB_neighbor_onet,-1,7370,True,0.6742591653091209
KB_neighbor_onet,-1,7547,True,0.194583670170881
KB_neighbor_onet,-1,7589,True,0.6316724323637467
KB_neighbor_onet,-1,7622,True,0.7252854063467831
KB_neighbor_onet,-1,7640,False,0.0
KB_neighbor_onet,-1,7757,True,0.7021042927358141
KB_neighbor_onet,-1,8162,True,0.7969465844049999
KB_neighbor_onet,-1,8508,True,0.2463023887407299
KB_neighbor_onet,-1,8597,True,0.38874311508011256
KB_neighbor_onet,-1,8771,True,0.39668756020386675
KB_neighbor_onet,-1,288,True,0.787219169596772
KB_neighbor_onet,-1,635,True,0.34657560340602267
KB_neighbor_onet,-1,654,True,0.36655834045124086
KB_neighbor_onet,-1,699,True,0.4207195433297483
KB_neighbor_onet,-1,743,True,0.6699921374133528
KB_neighbor_onet,-1,946,True,0.0
KB_neighbor_onet,-1,976,True,0.5737169030681171
KB_neighbor_onet,-1,1144,True,0.9439515093519284
KB_neighbor_onet,-1,1187,True,0.43634890758081585
KB_neighbor_onet,-1,1384,True,0.7657943437817045
KB_neighbor_onet,-1,1415,True,0.21869877017911596
KB_neighbor_onet,-1,1443,True,0.4461563582766671
KB_neighbor_onet,-1,1629,True,0.5615443777322888
KB_neighbor_onet,-1,1684,True,0.44146923730348986
KB_neighbor_onet,-1,1802,True,0.18201503667053603
KB_neighbor_onet,-1,1914,True,0.6721290412120337
KB_neighbor_onet,-1,2046,True,0.0
KB_neighbor_onet,-1,2071,True,0.5615443777322888
KB_neighbor_onet,-1,2340,True,0.48710047876903717
KB_neighbor_onet,-1,2749,True,0.7713991795662644
KB_neighbor_onet,-1,3517,True,0.8983805331236496
KB_neighbor_onet,-1,3758,True,0.7922140225678233
KB_neighbor_onet,-1,4110,True,0.7023460256349217
KB_neighbor_onet,-1,4111,True,0.1008674711662712
KB_neighbor_onet,-1,4144,True,0.8533351740161815
KB_neighbor_onet,-1,5021,True,0.38656942663769567
KB_neighbor_onet,-1,5032,True,0.30896054724433725
KB_neighbor_onet,-1,5096,True,0.830341334380697
KB_neighbor_onet,-1,5109,True,0.7195286201036419
KB_neighbor_onet,-1,5114,True,0.4748452614561969
KB_neighbor_onet,-1,5977,True,0.0
KB_neighbor_onet,-1,5984,True,0.8577084524260696
KB_neighbor_onet,-1,6353,True,0.913092652111318
KB_neighbor_onet,-1,6373,True,0.32355048775209816
KB_neighbor_onet,-1,6539,True,0.3868528072345415
KB_neighbor_onet,-1,6554,True,0.7058976296979267
KB_neighbor_onet,-1,6884,True,0.7135549328486869
KB_neighbor_onet,-1,6955,True,0.5737143084964643
KB_neighbor_onet,-1,7020,True,0.6459370018404711
KB_neighbor_onet,-1,7029,True,0.5473676928369191
KB_neighbor_onet,-1,7280,True,0.273497877624535
KB_neighbor_onet,-1,7394,True,0.5314363095188579
KB_neighbor_onet,-1,7795,True,0.4108498142934974
KB_neighbor_onet,-1,8108,True,0.22400556151517553
KB_neighbor_onet,-1,8560,True,0.3667155464116705
KB_neighbor_onet,-1,8632,True,0.7110474801854104
KB_neighbor_onet,-1,8657,True,0.7157460746173456
KB_neighbor_onet,-1,8777,True,0.68
KB_neighbor_onet,-1,9151,True,0.31921934323827705
KB_neighbor_onet,-1,9609,True,0.6217748771161675
Transformer_esco,-1,102,True,0.5710981340395748
Transformer_esco,-1,314,True,0.5062909428449326
Transformer_esco,-1,1068,True,0.8161067473049206
Transformer_esco,-1,1525,True,0.9110724995304451
Transformer_esco,-1,1795,True,0.6999236772044669
Transformer_esco,-1,1929,True,0.7774098871042135
Transformer_esco,-1,1931,True,1.0
Transformer_esco,-1,1991,True,0.4495283663360299
Transformer_esco,-1,2528,True,0.6406728250022138
Transformer_esco,-1,2697,True,0.16812847021395225
Transformer_esco,-1,2834,True,0.7302335190129077
Transformer_esco,-1,2845,True,0.3524805813912954
Transformer_esco,-1,3031,True,0.93672882928016
Transformer_esco,-1,3250,True,0.3914229630849699
Transformer_esco,-1,3308,True,0.9242107355808366
Transformer_esco,-1,3402,True,0.8739217215318389
Transformer_esco,-1,3426,True,0.8883422818412621
Transformer_esco,-1,3449,True,0.8319006634350766
Transformer_esco,-1,3756,True,0.49107299011283334
Transformer_esco,-1,4141,True,0.8909917927337878
Transformer_esco,-1,4210,True,0.7874221616827275
Transformer_esco,-1,4516,True,0.6732184479660869
Transformer_esco,-1,4692,True,0.7867816681711058
Transformer_esco,-1,4700,True,0.33907062604450766
Transformer_esco,-1,4910,True,0.6309297535714573
Transformer_esco,-1,4962,True,0.6149832266910786
Transformer_esco,-1,5275,True,0.6650360837079701
Transformer_esco,-1,5671,True,0.6634989799919061
Transformer_esco,-1,5683,True,0.1503245987839831
Transformer_esco,-1,6067,True,0.6960321058058916
Transformer_esco,-1,6378,True,0.9350624941733298
Transformer_esco,-1,6495,True,0.8562761817653991
Transformer_esco,-1,6868,True,0.4830217714174273
Transformer_esco,-1,6880,True,0.8349939472602684
Transformer_esco,-1,7144,True,0.5744408731378036
Transformer_esco,-1,7413,True,0.06943122193677731
Transformer_esco,-1,7526,True,0.0
Transformer_esco,-1,7531,True,0.3540026199116594
Transformer_esco,-1,7577,True,0.3606905180893716
Transformer_esco,-1,7621,True,0.8170828628969891
Transformer_esco,-1,8198,True,0.4401270610861725
Transformer_esco,-1,8442,True,1.0
Transformer_esco,-1,8452,True,0.5122241142277234
Transformer_esco,-1,8476,True,0.7657637771987239
Transformer_esco,-1,8541,True,0.631962407163979
Transformer_esco,-1,8802,True,0.78592194951126
Transformer_esco,-1,8816,True,0.4453015045590608
Transformer_esco,-1,8852,True,0.7598336331031966
Transformer_esco,-1,9099,True,0.6501746990564156
Transformer_esco,-1,9479,True,0.616036002476173
Transformer_esco,-1,9625,False,0.0
Transformer_esco,-1,96,True,0.0
Transformer_esco,-1,171,True,0.8704960246620606
Transformer_esco,-1,328,True,0.23463936301137828
Transformer_esco,-1,387,True,0.41568557939218875
Transformer_esco,-1,754,False,0.0
Transformer_esco,-1,983,True,0.9580150410889364
Transformer_esco,-1,1039,True,0.7235579358950209
Transformer_esco,-1,1098,True,0.516872563940771
Transformer_esco,-1,1120,True,0.8441248885640737
Transformer_esco,-1,1275,True,0.8639822021716154
Transformer_esco,-1,1343,True,0.5552448576790284
Transformer_esco,-1,1483,True,0.5089311912742724
Transformer_esco,-1,2005,True,0.6057793555016103
Transformer_esco,-1,2048,True,0.2641840149780413
Transformer_esco,-1,2379,True,0.9633180389503199
Transformer_esco,-1,2516,True,0.8478398627461817
Transformer_esco,-1,2601,True,0.8734012415309734
Transformer_esco,-1,3210,True,0.4120778576017515
Transformer_esco,-1,3601,True,0.5437713091520254
Transformer_esco,-1,3729,True,0.24702987561689782
Transformer_esco,-1,3832,True,0.5581214090747968
Transformer_esco,-1,4104,True,0.755039685175292
Transformer_esco,-1,4286,True,0.3829001532072117
Transformer_esco,-1,4329,True,0.7982012897079054
Transformer_esco,-1,4553,True,0.8731466409734213
Transformer_esco,-1,4790,True,0.2463023887407299
Transformer_esco,-1,4844,True,0.7372449353281585
Transformer_esco,-1,4994,True,0.5374374343653546
Transformer_esco,-1,5020,True,0.7704218574703483
Transformer_esco,-1,5293,True,0.5749527682443656
Transformer_esco,-1,5338,True,0.8466258816452976
Transformer_esco,-1,5343,True,0.872222395541063
Transformer_esco,-1,5464,True,0.7732156140329074
Transformer_esco,-1,5560,True,0.9331549623889945
Transformer_esco,-1,5719,True,0.6990852399814911
Transformer_esco,-1,6055,True,0.6252891624359043
Transformer_esco,-1,6121,True,0.540807694873183
Transformer_esco,-1,6128,True,0.9662447738832577
Transformer_esco,-1,6197,True,0.5249415165045005
Transformer_esco,-1,6336,True,0.6409471144225565
Transformer_esco,-1,6577,True,0.7935786958810209
Transformer_esco,-1,6717,True,0.3868528072345415
Transformer_esco,-1,6906,False,0.0
Transformer_esco,-1,8550,True,0.526588727357031
Transformer_esco,-1,8576,True,0.480765879909343
Transformer_esco,-1,8790,False,0.0
Transformer_esco,-1,8840,True,0.5437713091520254
Transformer_esco,-1,8878,True,0.9238850086262383
Transformer_esco,-1,9337,True,0.3403339870250116
Transformer_esco,-1,9501,True,0.9505325006029215
Transformer_esco,-1,9512,False,0.0
Transformer_esco,-1,45,True,0.48534535137951135
Transformer_esco,-1,199,True,0.1797649809577854
Transformer_esco,-1,458,True,0.8606805412530433
Transformer_esco,-1,564,True,1.0
Transformer_esco,-1,717,True,0.3039146603367021
Transformer_esco,-1,1109,True,0.8792418957158645
Transformer_esco,-1,1576,True,0.6122173013687985
Transformer_esco,-1,1711,True,0.0
Transformer_esco,-1,1868,False,0.0
Transformer_esco,-1,1942,True,0.7553542856613534
Transformer_esco,-1,2001,True,0.47749184487729035
Transformer_esco,-1,2217,True,0.638787886479598
Transformer_esco,-1,2354,True,0.5155103442352149
Transformer_esco,-1,2761,True,0.6098819194725994
Transformer_esco,-1,2980,True,0.9060254355346823
Transformer_esco,-1,3021,True,0.441982140465715
Transformer_esco,-1,3030,True,0.38685280723454163
Transformer_esco,-1,3046,True,0.7066313578542057
Transformer_esco,-1,3050,True,0.7602516024547964
Transformer_esco,-1,3288,True,0.8416343517648086
Transformer_esco,-1,3302,True,0.559633923284578
Transformer_esco,-1,3794,True,0.5801648899167225
Transformer_esco,-1,3920,True,0.7765402934952857
Transformer_esco,-1,3965,True,0.3052348839397012
Transformer_esco,-1,4193,True,0.827382672308645
Transformer_esco,-1,4294,True,0.18241961868484777
Transformer_esco,-1,4383,True,0.8025170075303485
Transformer_esco,-1,4474,True,0.8597186998521971
Transformer_esco,-1,5068,True,0.6487739972282477
Transformer_esco,-1,5258,True,0.0
Transformer_esco,-1,5306,True,0.6346000963406997
Transformer_esco,-1,5323,True,0.8216327554827587
Transformer_esco,-1,5421,True,0.6878838762966054
Transformer_esco,-1,5766,True,0.7175350186151062
Transformer_esco,-1,5877,True,0.1900202174407225
Transformer_esco,-1,5887,True,0.6904456260790609
Transformer_esco,-1,6126,True,0.35620718710802235
Transformer_esco,-1,6190,True,0.7994714903183209
Transformer_esco,-1,6224,True,1.0
Transformer_esco,-1,6465,True,0.9360403422435029
Transformer_esco,-1,6853,True,0.8835151619333852
Transformer_esco,-1,6949,True,0.8768453943507759
Transformer_esco,-1,7107,True,0.4211999717919043
Transformer_esco,-1,7240,False,0.0
Transformer_esco,-1,7937,True,0.6779203684582158
Transformer_esco,-1,8015,True,0.1692066342963102
Transformer_esco,-1,8066,True,0.4670477469444977
Transformer_esco,-1,8202,True,0.7141173035941872
Transformer_esco,-1,8321,True,0.8607597052863483
Transformer_esco,-1,9222,True,1.0
Transformer_esco,-1,9453,True,0.7122212696783357
Transformer_esco,-1,73,True,0.41250081037329445
Transformer_esco,-1,390,True,0.8244657876659233
Transformer_esco,-1,424,True,0.8540592814516335
Transformer_esco,-1,715,True,0.6402677780073217
Transformer_esco,-1,915,True,0.3084274278260312
Transformer_esco,-1,1579,True,0.5058879168035242
Transformer_esco,-1,1643,True,0.5983058112302517
Transformer_esco,-1,1679,True,0.826982961105581
Transformer_esco,-1,1982,True,0.608479694048695
Transformer_esco,-1,2027,True,0.7136989363650776
Transformer_esco,-1,2211,True,0.8717938093738713
Transformer_esco,-1,2228,True,0.8482378089219645
Transformer_esco,-1,2352,True,0.6309297535714573
Transformer_esco,-1,2520,True,0.8620764229140668
Transformer_esco,-1,2573,True,0.269393902505164
Transformer_esco,-1,2630,True,0.9487914381203523
Transformer_esco,-1,2666,True,0.6472254680620163
Transformer_esco,-1,2745,True,0.0
Transformer_esco,-1,3149,True,0.5249387158664236
Transformer_esco,-1,3369,True,0.6076099596015131
Transformer_esco,-1,3617,True,0.3986286807900236
Transformer_esco,-1,3862,True,0.0
Transformer_esco,-1,4124,True,0.855069389136285
Transformer_esco,-1,4218,True,0.8535366848170576
Transformer_esco,-1,4268,True,1.0
Transformer_esco,-1,4452,False,0.0
Transformer_esco,-1,4522,True,0.6610134988713469
Transformer_esco,-1,4784,True,0.8245206474170681
Transformer_esco,-1,5139,True,0.1934264036172709
Transformer_esco,-1,5438,True,0.8008223782541379
Transformer_esco,-1,5565,True,0.6235127518679936
Transformer_esco,-1,5684,True,0.18293903230422137
Transformer_esco,-1,5775,True,0.2585632503724821
Transformer_esco,-1,6110,True,0.8935783835882315
Transformer_esco,-1,6488,True,0.5673213090277228
Transformer_esco,-1,6590,True,0.38334277998463445
Transformer_esco,-1,6793,True,0.5508786986191235
Transformer_esco,-1,7090,True,0.7025702611826696
Transformer_esco,-1,7112,True,0.19719127342177253
Transformer_esco,-1,7167,True,0.8228337637329096
Transformer_esco,-1,7287,True,0.4453651018547351
Transformer_esco,-1,7370,True,0.7401783883481036
Transformer_esco,-1,7547,True,0.2752335552522446
Transformer_esco,-1,7589,True,0.661671354634739
Transformer_esco,-1,7622,True,0.5772341998956323
Transformer_esco,-1,7640,False,0.0
Transformer_esco,-1,7757,True,0.7559649688440899
Transformer_esco,-1,8162,True,0.6894113143998694
Transformer_esco,-1,8508,True,0.6366824387328316
Transformer_esco,-1,8597,True,0.5464650128129616
Transformer_esco,-1,8771,True,0.7257572830239996
Transformer_esco,-1,288,True,0.6377727033830024
Transformer_esco,-1,635,True,0.7176832082741988
Transformer_esco,-1,654,True,0.3260576526137693
Transformer_esco,-1,699,True,0.6544023322619625
Transformer_esco,-1,743,True,0.7898455400964505
Transformer_esco,-1,946,True,1.0
Transformer_esco,-1,976,True,0.17753005495255686
Transformer_esco,-1,1144,True,0.6198136802405712
Transformer_esco,-1,1187,True,0.9592579685297468
Transformer_esco,-1,1384,True,0.40222741215640695
Transformer_esco,-1,1415,True,0.6845105927522918
Transformer_esco,-1,1443,True,0.41485263588971294
Transformer_esco,-1,1629,True,0.3643289871751315
Transformer_esco,-1,1684,True,0.30026855410931097
Transformer_esco,-1,1802,True,0.6986557454322998
Transformer_esco,-1,1914,True,0.9320659772927358
Transformer_esco,-1,2046,True,0.13755548414400526
Transformer_esco,-1,2071,True,0.5615443777322888
Transformer_esco,-1,2340,True,0.6220170777221249
Transformer_esco,-1,2749,True,0.9224642478592505
Transformer_esco,-1,3517,True,0.814876723405283
Transformer_esco,-1,3758,True,0.35482330493640474
Transformer_esco,-1,4110,True,0.8383814342029028
Transformer_esco,-1,4111,True,0.7463166768028863
Transformer_esco,-1,4144,True,0.7453397743979217
Transformer_esco,-1,5021,True,0.5165562737788939
Transformer_esco,-1,5032,True,0.6683063885797537
Transformer_esco,-1,5096,True,0.6085451024521272
Transformer_esco,-1,5109,True,0.795618228956472
Transformer_esco,-1,5114,True,0.752815292719404
Transformer_esco,-1,5977,True,1.0
Transformer_esco,-1,5984,True,0.8021133614232114
Transformer_esco,-1,6353,True,0.9681896059005243
Transformer_esco,-1,6373,True,0.10176933156101463
Transformer_esco,-1,6539,True,0.57064171895532
Transformer_esco,-1,6554,True,0.7843764264152209
Transformer_esco,-1,6884,True,0.7967552689741544
Transformer_esco,-1,6955,True,0.6072549580835763
Transformer_esco,-1,7020,True,0.8369985603841883
Transformer_esco,-1,7029,True,0.7754341626537145
Transformer_esco,-1,7280,True,0.8240472592506797
Transformer_esco,-1,7394,True,0.4800823263108153
Transformer_esco,-1,7795,True,0.5210222722526887
Transformer_esco,-1,8108,True,0.37342931999823387
Transformer_esco,-1,8560,True,0.6546397515856989
Transformer_esco,-1,8632,True,0.7203167795430369
Transformer_esco,-1,8657,True,0.8439754613891097
Transformer_esco,-1,8777,True,0.7922174278211336
Transformer_esco,-1,9151,True,0.3019064286811384
Transformer_esco,-1,9609,True,0.5195330318520752
Transformer_onet,-1,102,True,0.4577968395465431
Transformer_onet,-1,314,True,0.2840723049150836
Transformer_onet,-1,1068,True,0.7479149593927911
Transformer_onet,-1,1525,True,0.8297790982452657
Transformer_onet,-1,1795,True,0.3816408557751667
Transformer_onet,-1,1929,True,0.9105110613331098
Transformer_onet,-1,1931,True,0.0
Transformer_onet,-1,1991,True,0.7104035149000751
Transformer_onet,-1,2528,True,0.8555300527631847
Transformer_onet,-1,2697,True,0.6506348533445184
Transformer_onet,-1,2834,True,0.4170537989668095
Transformer_onet,-1,2845,True,0.730607815592194
Transformer_onet,-1,3031,True,0.8032193911484308
Transformer_onet,-1,3250,True,0.4690000933206748
Transformer_onet,-1,3308,True,0.8623482045275424
Transformer_onet,-1,3402,True,0.8645174941201862
Transformer_onet,-1,3426,True,0.7717527276425283
Transformer_onet,-1,3449,True,0.7170115908019739
Transformer_onet,-1,3756,True,0.7031082589812058
Transformer_onet,-1,4141,True,0.8942748604427979
Transformer_onet,-1,4210,True,0.756810353130354
Transformer_onet,-1,4516,True,0.565968041198953
Transformer_onet,-1,4692,True,0.17714752793103528
Transformer_onet,-1,4700,True,0.8688109777822239
Transformer_onet,-1,4910,True,0.6309297535714573
Transformer_onet,-1,4962,True,0.5247884674206889
Transformer_onet,-1,5275,True,0.5922635765034082
Transformer_onet,-1,5671,True,0.6172437364364319
Transformer_onet,-1,5683,True,0.4059442918126945
Transformer_onet,-1,6067,True,0.7926632484245223
Transformer_onet,-1,6378,True,0.9283321125973272
Transformer_onet,-1,6495,True,0.5759704521614806
Transformer_onet,-1,6868,True,0.666536272180999
Transformer_onet,-1,6880,True,0.8623482045275424
Transformer_onet,-1,7144,True,0.7571295595867387
Transformer_onet,-1,7413,True,0.12118673586199023
Transformer_onet,-1,7526,True,0.0
Transformer_onet,-1,7531,True,0.5420474358460424
Transformer_onet,-1,7577,True,0.49684601414843926
Transformer_onet,-1,7621,True,0.7104369329255419
Transformer_onet,-1,8198,True,0.7914780159981872
Transformer_onet,-1,8442,True,1.0
Transformer_onet,-1,8452,True,0.534878557308685
Transformer_onet,-1,8476,True,0.9279499720790303
Transformer_onet,-1,8541,True,0.6802760140980875
Transformer_onet,-1,8802,True,0.5012699896417744
Transformer_onet,-1,8816,True,0.5855574274871076
Transformer_onet,-1,8852,True,0.3547636022455122
Transformer_onet,-1,9099,True,0.525704089485088
Transformer_onet,-1,9479,True,0.37199080259416734
Transformer_onet,-1,9625,False,0.0
Transformer_onet,-1,96,True,0.0
Transformer_onet,-1,171,True,0.8265152167440012
Transformer_onet,-1,328,True,0.14126697285982884
Transformer_onet,-1,387,True,0.6393166869624773
Transformer_onet,-1,754,False,0.0
Transformer_onet,-1,983,True,0.46701087843311834
Transformer_onet,-1,1039,True,0.37385319029737296
Transformer_onet,-1,1098,True,0.568086356780407
Transformer_onet,-1,1120,True,0.7025747693227311
Transformer_onet,-1,1275,True,0.7308902917690241
Transformer_onet,-1,1343,True,0.2489083270225946
Transformer_onet,-1,1483,True,0.4948990161511393
Transformer_onet,-1,2005,True,0.6036081270984908
Transformer_onet,-1,2048,True,0.32132616689387133
Transformer_onet,-1,2379,True,0.8720845239032547
Transformer_onet,-1,2516,True,0.9350624941733298
Transformer_onet,-1,2601,True,0.8214814067637055
Transformer_onet,-1,3210,True,0.7398924938435539
Transformer_onet,-1,3601,True,0.6107813243812262
Transformer_onet,-1,3729,True,0.21276603747088466
Transformer_onet,-1,3832,True,0.8156709730258801
Transformer_onet,-1,4104,True,0.4786695395206941
Transformer_onet,-1,4286,True,0.38105265833907703
Transformer_onet,-1,4329,True,0.727329844310522
Transformer_onet,-1,4553,True,0.8514555250294275
Transformer_onet,-1,4790,True,0.19519002499605084
Transformer_onet,-1,4844,True,0.6785712535255969
Transformer_onet,-1,4994,True,0.4481069694424716
Transformer_onet,-1,5020,True,0.6265497334515955
Transformer_onet,-1,5293,True,0.704356643976828
Transformer_onet,-1,5338,True,0.9514559875306658
Transformer_onet,-1,5343,True,0.7804105564474985
Transformer_onet,-1,5464,True,0.6387685535822777
Transformer_onet,-1,5560,True,0.7536458555919061
Transformer_onet,-1,5719,True,0.6721239610573589
Transformer_onet,-1,6055,True,0.40608329320463216
Transformer_onet,-1,6121,True,0.8877294667597332
Transformer_onet,-1,6128,True,0.6857377680162797
Transformer_onet,-1,6197,True,0.22820957492274618
Transformer_onet,-1,6336,True,0.6531008416473478
Transformer_onet,-1,6577,True,0.6358300656747763
Transformer_onet,-1,6717,True,0.7903864795495061
Transformer_onet,-1,6906,False,0.0
Transformer_onet,-1,8550,True,0.8318710121594471
Transformer_onet,-1,8576,True,0.611755947233009
Transformer_onet,-1,8790,False,0.0
Transformer_onet,-1,8840,True,0.1934264036172709
Transformer_onet,-1,8878,True,0.3800937667159343
Transformer_onet,-1,9337,True,0.43122038713502525
Transformer_onet,-1,9501,True,0.9592579685297468
Transformer_onet,-1,9512,False,0.0
Transformer_onet,-1,45,True,0.7003831599715105
Transformer_onet,-1,199,True,0.46205343657637055
Transformer_onet,-1,458,True,0.6573022334936011
Transformer_onet,-1,564,True,1.0
Transformer_onet,-1,717,True,0.7330556736392054
Transformer_onet,-1,1109,True,0.9363792118010483
Transformer_onet,-1,1576,True,0.5006637062560905
Transformer_onet,-1,1711,True,1.0
Transformer_onet,-1,1868,False,0.0
Transformer_onet,-1,1942,True,0.48319857513011477
Transformer_onet,-1,2001,True,0.8989922358958619
Transformer_onet,-1,2217,True,0.5209090851403014
Transformer_onet,-1,2354,True,0.6454100304003373
Transformer_onet,-1,2761,True,0.8745171945290878
Transformer_onet,-1,2980,True,0.23463936301137828
Transformer_onet,-1,3021,True,0.48587015953307827
Transformer_onet,-1,3030,True,0.4306765580733929
Transformer_onet,-1,3046,True,0.8191535080558854
Transformer_onet,-1,3050,True,0.7431720874525665
Transformer_onet,-1,3288,True,0.6848265935457064
Transformer_onet,-1,3302,True,0.7774773874722762
Transformer_onet,-1,3794,True,0.3295567959809283
Transformer_onet,-1,3920,True,0.8580986581207618
Transformer_onet,-1,3965,True,0.06493750582667032
Transformer_onet,-1,4193,True,0.8772344935878075
Transformer_onet,-1,4294,True,0.47525514583685446
Transformer_onet,-1,4383,True,0.8895685394189377
Transformer_onet,-1,4474,True,0.6421838204337549
Transformer_onet,-1,5068,True,0.5052638140387723
Transformer_onet,-1,5258,True,0.1775974789821119
Transformer_onet,-1,5306,True,0.5917049026242002
Transformer_onet,-1,5323,True,0.9565761366781083
Transformer_onet,-1,5421,True,0.8420091113078182
Transformer_onet,-1,5766,True,0.9186232669158916
Transformer_onet,-1,5877,True,0.18930577552720262
Transformer_onet,-1,5887,True,0.6260335717841087
Transformer_onet,-1,6126,True,0.0
Transformer_onet,-1,6190,True,0.8628672652723159
Transformer_onet,-1,6224,True,1.0
Transformer_onet,-1,6465,True,0.7763433706236034
Transformer_onet,-1,6853,True,0.7309563372455461
Transformer_onet,-1,6949,True,0.7826114026476192
Transformer_onet,-1,7107,True,0.5616320017555507
Transformer_onet,-1,7240,False,0.0
Transformer_onet,-1,7937,True,0.5159051970497379
Transformer_onet,-1,8015,True,0.08110155036904365
Transformer_onet,-1,8066,True,0.3725014181348904
Transformer_onet,-1,8202,True,0.7617162800795981
Transformer_onet,-1,8321,True,0.6919088427776253
Transformer_onet,-1,9222,True,0.6309297535714573
Transformer_onet,-1,9453,True,0.7625221952951371
Transformer_onet,-1,73,True,0.4288937060702207
Transformer_onet,-1,390,True,0.6515308225007834
Transformer_onet,-1,424,True,0.6218658094734538
Transformer_onet,-1,715,True,0.4978890327516842
Transformer_onet,-1,915,True,0.35964032761579173
Transformer_onet,-1,1579,True,0.0
Transformer_onet,-1,1643,True,0.5039993907024302
Transformer_onet,-1,1679,True,0.8632063651153317
Transformer_onet,-1,1982,True,0.6461194268314838
Transformer_onet,-1,2027,True,0.8677221619759604
Transformer_onet,-1,2211,True,0.5156480879692164
Transformer_onet,-1,2228,True,0.7046070590559138
Transformer_onet,-1,2352,True,0.0
Transformer_onet,-1,2520,True,0.933745776545611
Transformer_onet,-1,2573,True,0.5326208815196265
Transformer_onet,-1,2630,True,0.9216017310213245
Transformer_onet,-1,2666,True,0.4949861269744552
Transformer_onet,-1,2745,True,0.514583640507108
Transformer_onet,-1,3149,True,0.5021053809250298
Transformer_onet,-1,3369,True,0.5025117610912657
Transformer_onet,-1,3617,True,0.6132316310982875
Transformer_onet,-1,3862,True,0.09164889320455422
Transformer_onet,-1,4124,True,0.8740721573136443
Transformer_onet,-1,4218,True,0.7717400011816096
Transformer_onet,-1,4268,True,0.933745776545611
Transformer_onet,-1,4452,False,0.0
Transformer_onet,-1,4522,True,0.450929204570194
Transformer_onet,-1,4784,True,0.7142857142857143
Transformer_onet,-1,5139,True,0.19412816599510838
Transformer_onet,-1,5438,True,0.5440224597421063
Transformer_onet,-1,5565,True,0.9591053731670116
Transformer_onet,-1,5684,True,0.1895715260288365
Transformer_onet,-1,5775,True,0.0
Transformer_onet,-1,6110,True,0.8839278099305758
Transformer_onet,-1,6488,True,0.4462942173067554
Transformer_onet,-1,6590,True,0.4743794405154042
Transformer_onet,-1,6793,True,0.3936948167222714
Transformer_onet,-1,7090,True,0.8271756966401921
Transformer_onet,-1,7112,True,0.08116136400948519
Transformer_onet,-1,7167,True,0.8321157037719507
Transformer_onet,-1,7287,True,0.5372783940081827
Transformer_onet,-1,7370,True,0.7559687011907978
Transformer_onet,-1,7547,True,0.31313342092672164
Transformer_onet,-1,7589,True,0.661671354634739
Transformer_onet,-1,7622,True,0.496194038005915
Transformer_onet,-1,7640,False,0.0
Transformer_onet,-1,7757,True,0.7667473858549847
Transformer_onet,-1,8162,True,0.8954753162547369
Transformer_onet,-1,8508,True,0.0
Transformer_onet,-1,8597,True,0.40558970187559956
Transformer_onet,-1,8771,True,0.4947960211200073
Transformer_onet,-1,288,True,0.7635334526527133
Transformer_onet,-1,635,True,0.6725091649489265
Transformer_onet,-1,654,True,0.7123940555686754
Transformer_onet,-1,699,True,0.8323979150577764
Transformer_onet,-1,743,True,0.7594825369173883
Transformer_onet,-1,946,True,0.3154648767857289
Transformer_onet,-1,976,True,0.3677685349962569
Transformer_onet,-1,1144,True,0.8454997841959846
Transformer_onet,-1,1187,True,0.4167047934535771
Transformer_onet,-1,1384,True,0.8740253013665045
Transformer_onet,-1,1415,True,0.6502399458075876
Transformer_onet,-1,1443,True,0.5427100432954373
Transformer_onet,-1,1629,True,0.5615443777322888
Transformer_onet,-1,1684,True,0.35814090184490954
Transformer_onet,-1,1802,True,0.6189641150239731
Transformer_onet,-1,1914,True,0.8471862791022786
Transformer_onet,-1,2046,True,0.10699754559921305
Transformer_onet,-1,2071,True,0.642705741741774
Transformer_onet,-1,2340,True,0.6075451251500672
Transformer_onet,-1,2749,True,0.9314191866332323
Transformer_onet,-1,3517,True,0.8450967531677438
Transformer_onet,-1,3758,True,0.8253791858984885
Transformer_onet,-1,4110,True,0.7558075243457844
Transformer_onet,-1,4111,True,0.3761529544118813
Transformer_onet,-1,4144,True,0.7759867409607006
Transformer_onet,-1,5021,True,0.2202375852100913
Transformer_onet,-1,5032,True,0.4392606521155159
Transformer_onet,-1,5096,True,0.8015203757461646
Transformer_onet,-1,5109,True,0.856634066441407
Transformer_onet,-1,5114,True,0.6816351823755284
Transformer_onet,-1,5977,True,0.5654648767857287
Transformer_onet,-1,5984,True,0.7776168839307753
Transformer_onet,-1,6353,True,0.9597165598323132
Transformer_onet,-1,6373,True,0.39734994884490477
Transformer_onet,-1,6539,True,0.3706656904013185
Transformer_onet,-1,6554,True,0.7338819881784144
Transformer_onet,-1,6884,True,0.786472491992557
Transformer_onet,-1,6955,True,0.5742576681103543
Transformer_onet,-1,7020,True,0.4736911602423996
Transformer_onet,-1,7029,True,0.7292102158338124
Transformer_onet,-1,7280,True,0.6063316777067005
Transformer_onet,-1,7394,True,0.658012256964685
Transformer_onet,-1,7795,True,0.6485878616471386
Transformer_onet,-1,8108,True,0.26934585515283765
Transformer_onet,-1,8560,True,0.7431406174808028
Transformer_onet,-1,8632,True,0.6132783348245323
Transformer_onet,-1,8657,True,0.7251905217109617
Transformer_onet,-1,8777,True,0.68
Transformer_onet,-1,9151,True,0.4530266187104337
Transformer_onet,-1,9609,True,0.7403057752518295
Placebo,0,102,True,0.5744852138779942
Placebo,0,314,True,0.48365266009498376
Placebo,0,1068,True,0.46378524641287994
Placebo,0,1525,True,0.2516769428779453
Placebo,0,1795,True,0.25840487707489723
Placebo,0,1929,True,0.29018278349913373
Placebo,0,1931,True,0.0
Placebo,0,1991,True,0.2659207103080983
Placebo,0,2528,True,0.5339699795654105
Placebo,0,2697,True,0.25362452539453817
Placebo,0,2834,True,0.4242473132395843
Placebo,0,2845,True,0.24029321277139626
Placebo,0,3031,True,0.18557715065387778
Placebo,0,3250,True,0.08514311764162101
Placebo,0,3308,True,0.41834876388676523
Placebo,0,3402,True,0.33224420218557105
Placebo,0,3426,True,0.1329225787822609
Placebo,0,3449,True,0.5050047625479487
Placebo,0,3756,True,0.20077184948624993
Placebo,0,4141,True,0.5036139693564158
Placebo,0,4210,True,0.10218331334064325
Placebo,0,4516,True,0.08173891239734137
Placebo,0,4692,True,0.0
Placebo,0,4700,True,0.0
Placebo,0,4910,True,0.0
Placebo,0,4962,True,0.47729291993938805
Placebo,0,5275,True,0.19811278957903822
Placebo,0,5671,True,0.20085983751828537
Placebo,0,5683,True,0.1930359437702204
Placebo,0,6067,True,0.39388571434669134
Placebo,0,6378,True,0.4870846811721152
Placebo,0,6495,True,0.4807201526875386
Placebo,0,6868,True,0.35146406124543855
Placebo,0,6880,True,0.46997116540058415
Placebo,0,7144,True,0.24222159769321516
Placebo,0,7413,True,0.0
Placebo,0,7526,True,0.0
Placebo,0,7531,True,0.16549816491585856
Placebo,0,7577,True,0.07979453856244821
Placebo,0,7621,True,0.3261411617479386
Placebo,0,8198,True,0.25397403541692654
Placebo,0,8442,True,0.0
Placebo,0,8452,True,0.1538310606242749
Placebo,0,8476,True,0.28996446006803156
Placebo,0,8541,True,0.36623753226427697
Placebo,0,8802,True,0.05013355137207789
Placebo,0,8816,True,0.1319063405019642
Placebo,0,8852,True,0.0
Placebo,0,9099,True,0.39417695009180115
Placebo,0,9479,True,0.22289929399657574
Placebo,0,9625,False,0.0
Placebo,0,96,True,0.0
Placebo,0,171,True,0.5956961946560366
Placebo,0,328,True,0.0
Placebo,0,387,True,0.0776895369576595
Placebo,0,754,False,0.0
Placebo,0,983,True,0.5830503095767285
Placebo,0,1039,True,0.5075264689251038
Placebo,0,1098,True,0.11613618508243675
Placebo,0,1120,True,0.0
Placebo,0,1275,True,0.26452003248345496
Placebo,0,1343,True,0.1427951440361374
Placebo,0,1483,True,0.5346681577706949
Placebo,0,2005,True,0.0733639220993601
Placebo,0,2048,True,0.4308986535394591
Placebo,0,2379,True,0.5111826034447229
Placebo,0,2516,True,0.10249851372385099
Placebo,0,2601,True,0.5194779603701942
Placebo,0,3210,True,0.051654929011943435
Placebo,0,3601,True,0.2184074368181643
Placebo,0,3729,True,0.1992865195344879
Placebo,0,3832,True,0.2808815010511816
Placebo,0,4104,True,0.19247218272647101
Placebo,0,4286,True,0.3069515116978208
Placebo,0,4329,True,0.09478836436955075
Placebo,0,4553,True,0.14074267220463055
Placebo,0,4790,True,0.2691828628414763
Placebo,0,4844,True,0.0
Placebo,0,4994,True,0.0
Placebo,0,5020,True,0.22795787321282804
Placebo,0,5293,True,0.35406987030388004
Placebo,0,5338,True,0.5818826046904868
Placebo,0,5343,True,0.20634846157651837
Placebo,0,5464,True,0.21772717167410086
Placebo,0,5560,True,0.2641840149780413
Placebo,0,5719,True,0.19096009523879817
Placebo,0,6055,True,0.36018799072127133
Placebo,0,6121,True,0.5061364312957094
Placebo,0,6128,True,0.2934228896863457
Placebo,0,6197,True,0.14574466915807446
Placebo,0,6336,True,0.3351363384960421
Placebo,0,6577,True,0.18208392221463435
Placebo,0,6717,True,0.0
Placebo,0,6906,False,0.0
Placebo,0,8550,True,0.0
Placebo,0,8576,True,0.6742732528172933
Placebo,0,8790,False,0.0
Placebo,0,8840,True,0.3467132018086354
Placebo,0,8878,True,0.14704034066641017
Placebo,0,9337,True,0.0
Placebo,0,9501,True,0.4068884242995239
Placebo,0,9512,False,0.0
Placebo,0,45,True,0.054446697840052224
Placebo,0,199,True,0.28694592193605317
Placebo,0,458,True,0.385813096023107
Placebo,0,564,True,0.8843079453420601
Placebo,0,717,True,0.0
Placebo,0,1109,True,0.5169925002835286
Placebo,0,1576,True,0.19969544922246543
Placebo,0,1711,True,0.0
Placebo,0,1868,False,0.0
Placebo,0,1942,True,0.25292241714973307
Placebo,0,2001,True,0.24796881508442717
Placebo,0,2217,True,0.0
Placebo,0,2354,True,0.11311387994706404
Placebo,0,2761,True,0.39939089844493086
Placebo,0,2980,True,0.0
Placebo,0,3021,True,0.13802199650264
Placebo,0,3030,True,0.0
Placebo,0,3046,True,0.23684305984437146
Placebo,0,3050,True,0.34391432797730664
Placebo,0,3288,True,0.25194711122821734
Placebo,0,3302,True,0.08785941583647715
Placebo,0,3794,True,0.0
Placebo,0,3920,True,0.34397886865145766
Placebo,0,3965,True,0.14802491676453716
Placebo,0,4193,True,0.24966757786502541
Placebo,0,4294,True,0.06946837613224666
Placebo,0,4383,True,0.27864364572391487
Placebo,0,4474,True,0.0
Placebo,0,5068,True,0.2856932557852381
Placebo,0,5258,True,0.04236776600349701
Placebo,0,5306,True,0.34532394163042096
Placebo,0,5323,True,0.47207673918677584
Placebo,0,5421,True,0.40577792393614226
Placebo,0,5766,True,0.7440376486076403
Placebo,0,5877,True,0.06245394325329067
Placebo,0,5887,True,0.23740479543728635
Placebo,0,6126,True,0.0
Placebo,0,6190,True,0.4874592606238277
Placebo,0,6224,True,0.32337389583868725
Placebo,0,6465,True,0.09232555472959778
Placebo,0,6853,True,0.057484716641728835
Placebo,0,6949,True,0.5919755880670113
Placebo,0,7107,True,0.11138679009232413
Placebo,0,7240,False,0.0
Placebo,0,7937,True,0.28988119401305307
Placebo,0,8015,True,0.29587505068496145
Placebo,0,8066,True,0.0
Placebo,0,8202,True,0.49666516399097943
Placebo,0,8321,True,0.4233154675187347
Placebo,0,9222,True,0.0
Placebo,0,9453,True,0.2714091961726947
Placebo,0,73,True,0.2054116589575372
Placebo,0,390,True,0.35543735173870605
Placebo,0,424,True,0.16318409938159906
Placebo,0,715,True,0.3609103676637683
Placebo,0,915,True,0.1815417925373527
Placebo,0,1579,True,0.0
Placebo,0,1643,True,0.08116136400948519
Placebo,0,1679,True,0.3281614768348781
Placebo,0,1982,True,0.1388624438735545
Placebo,0,2027,True,0.3369927338870979
Placebo,0,2211,True,0.5602199219680407
Placebo,0,2228,True,0.0
Placebo,0,2352,True,0.0
Placebo,0,2520,True,0.31973543062039544
Placebo,0,2573,True,0.3811343541220199
Placebo,0,2630,True,0.6736322707863515
Placebo,0,2666,True,0.4292176598738636
Placebo,0,2745,True,0.04750922006459467
Placebo,0,3149,True,0.29691039387528323
Placebo,0,3369,True,0.2979592379153162
Placebo,0,3617,True,0.10912004154869837
Placebo,0,3862,True,0.0
Placebo,0,4124,True,0.35469833058448935
Placebo,0,4218,True,0.4875879460368761
Placebo,0,4268,True,0.914856882358379
Placebo,0,4452,False,0.0
Placebo,0,4522,True,0.15946063722472228
Placebo,0,4784,True,0.297816711336104
Placebo,0,5139,True,0.0
Placebo,0,5438,True,0.42731782514402794
Placebo,0,5565,True,0.0
Placebo,0,5684,True,0.2720005759023964
Placebo,0,5775,True,0.0
Placebo,0,6110,True,0.1846627920234448
Placebo,0,6488,True,0.06173816596236887
Placebo,0,6590,True,0.0
Placebo,0,6793,True,0.2381129204348816
Placebo,0,7090,True,0.13470048854637212
Placebo,0,7112,True,0.08116136400948519
Placebo,0,7167,True,0.34411540870195373
Placebo,0,7287,True,0.3519907863205623
Placebo,0,7370,True,0.07930007128354423
Placebo,0,7547,True,0.0
Placebo,0,7589,True,0.14156760360508
Placebo,0,7622,True,0.4431581851291099
Placebo,0,7640,False,0.0
Placebo,0,7757,True,0.13539069234185255
Placebo,0,8162,True,0.4812460279570082
Placebo,0,8508,True,0.11284514134893517
Placebo,0,8597,True,0.3113174752498769
Placebo,0,8771,True,0.0
Placebo,0,288,True,0.4268741766465909
Placebo,0,635,True,0.5018062011350285
Placebo,0,654,True,0.3176708641881212
Placebo,0,699,True,0.37401999608371095
Placebo,0,743,True,0.4588484608631537
Placebo,0,946,True,0.0
Placebo,0,976,True,0.0
Placebo,0,1144,True,0.7909721894069659
Placebo,0,1187,True,0.3887812999723928
Placebo,0,1384,True,0.0
Placebo,0,1415,True,0.2751930857908345
Placebo,0,1443,True,0.1931331085593736
Placebo,0,1629,True,0.0
Placebo,0,1684,True,0.0
Placebo,0,1802,True,0.10889339568010445
Placebo,0,1914,True,0.2902906158463123
Placebo,0,2046,True,0.23732886165681427
Placebo,0,2071,True,0.10431529053521328
Placebo,0,2340,True,0.24918856353328975
Placebo,0,2749,True,0.28091416312584877
Placebo,0,3517,True,0.4031854656090371
Placebo,0,3758,True,0.0837434106227717
Placebo,0,4110,True,0.2294232861663992
Placebo,0,4111,True,0.0
Placebo,0,4144,True,0.21116074612647895
Placebo,0,5021,True,0.0
Placebo,0,5032,True,0.2553715768182862
Placebo,0,5096,True,0.04538697066857471
Placebo,0,5109,True,0.4904436415260454
Placebo,0,5114,True,0.2948550405869276
Placebo,0,5977,True,0.6309297535714573
Placebo,0,5984,True,0.5131111281555082
Placebo,0,6353,True,0.5222642282146791
Placebo,0,6373,True,0.11616643803880874
Placebo,0,6539,True,0.0
Placebo,0,6554,True,0.13567475897131237
Placebo,0,6884,True,0.0
Placebo,0,6955,True,0.0
Placebo,0,7020,True,0.43815878645588596
Placebo,0,7029,True,0.24834731107507052
Placebo,0,7280,True,0.23044194418132652
Placebo,0,7394,True,0.0576901476090013
Placebo,0,7795,True,0.389894804865131
Placebo,0,8108,True,0.13633507784473903
Placebo,0,8560,True,0.31875066720031403
Placebo,0,8632,True,0.5085479811154644
Placebo,0,8657,True,0.2617150058585256
Placebo,0,8777,True,0.3797388071400864
Placebo,0,9151,True,0.20380154080448562
Placebo,0,9609,True,0.4778323938338812
Placebo,1,102,True,0.31195944885139143
Placebo,1,314,True,0.45834114242707613
Placebo,1,1068,True,0.6643800358355817
Placebo,1,1525,True,0.10661335274285934
Placebo,1,1795,True,0.1884250890221549
Placebo,1,1929,True,0.5297770986917325
Placebo,1,1931,True,0.0
Placebo,1,1991,True,0.45601323984976844
Placebo,1,2528,True,0.5270398360265964
Placebo,1,2697,True,0.16195671984435944
Placebo,1,2834,True,0.2434043217184069
Placebo,1,2845,True,0.19087622357670844
Placebo,1,3031,True,0.10026263016219407
Placebo,1,3250,True,0.0
Placebo,1,3308,True,0.4821826688133789
Placebo,1,3402,True,0.33262474690391297
Placebo,1,3426,True,0.0
Placebo,1,3449,True,0.3693951999094987
Placebo,1,3756,True,0.21542441504099016
Placebo,1,4141,True,0.36170461728436537
Placebo,1,4210,True,0.1664896974236609
Placebo,1,4516,True,0.36667026736810243
Placebo,1,4692,True,0.1403860944330722
Placebo,1,4700,True,0.0
Placebo,1,4910,True,0.0
Placebo,1,4962,True,0.2446455615239613
Placebo,1,5275,True,0.09382844813642041
Placebo,1,5671,True,0.7094866905169973
Placebo,1,5683,True,0.1419455799408411
Placebo,1,6067,True,0.4331623313632042
Placebo,1,6378,True,0.3845317265423895
Placebo,1,6495,True,0.3264124926853131
Placebo,1,6868,True,0.3986632469622831
Placebo,1,6880,True,0.7618758608251035
Placebo,1,7144,True,0.2537029967109771
Placebo,1,7413,True,0.17366667134799177
Placebo,1,7526,True,0.0
Placebo,1,7531,True,0.0
Placebo,1,7577,True,0.30046128695415814
Placebo,1,7621,True,0.19732526233795272
Placebo,1,8198,True,0.13620773533440814
Placebo,1,8442,True,0.0
Placebo,1,8452,True,0.7262952398358157
Placebo,1,8476,True,0.10975131898723874
Placebo,1,8541,True,0.5879600740587353
Placebo,1,8802,True,0.23078082132289188
Placebo,1,8816,True,0.0
Placebo,1,8852,True,0.0
Placebo,1,9099,True,0.0
Placebo,1,9479,True,0.05718967832993924
Placebo,1,9625,False,0.0
Placebo,1,96,True,0.0
Placebo,1,171,True,0.5009732673492617
Placebo,1,328,True,0.0
Placebo,1,387,True,0.17394295399340123
Placebo,1,754,False,0.0
Placebo,1,983,True,0.47475764429729617
Placebo,1,1039,True,0.29275938480261743
Placebo,1,1098,True,0.16013320024726901
Placebo,1,1120,True,0.34559157722045847
Placebo,1,1275,True,0.2268361252615121
Placebo,1,1343,True,0.13961814555374907
Placebo,1,1483,True,0.30867235158681045
Placebo,1,2005,True,0.0733639220993601
Placebo,1,2048,True,0.4795981339882993
Placebo,1,2379,True,0.6104571856349611
Placebo,1,2516,True,0.3576108520395136
Placebo,1,2601,True,0.3024038304938509
Placebo,1,3210,True,0.23910627338292728
Placebo,1,3601,True,0.26406812257259077
Placebo,1,3729,True,0.13873378948501972
Placebo,1,3832,True,0.32460699757059963
Placebo,1,4104,True,0.34312086598956354
Placebo,1,4286,True,0.2295839197369515
Placebo,1,4329,True,0.4006705181006301
Placebo,1,4553,True,0.2100278787693401
Placebo,1,4790,True,0.11751610475642699
Placebo,1,4844,True,0.0
Placebo,1,4994,True,0.2829008831371223
Placebo,1,5020,True,0.446453129760332
Placebo,1,5293,True,0.23268457609587795
Placebo,1,5338,True,0.6105532095272723
Placebo,1,5343,True,0.2657693252077945
Placebo,1,5464,True,0.3999315532057115
Placebo,1,5560,True,0.3089922890490043
Placebo,1,5719,True,0.1532113954073774
Placebo,1,6055,True,0.5224836010343716
Placebo,1,6121,True,0.26108353616703966
Placebo,1,6128,True,0.042409118322438114
Placebo,1,6197,True,0.25389391378638426
Placebo,1,6336,True,0.415555458398191
Placebo,1,6577,True,0.29655642876466726
Placebo,1,6717,True,0.3467132018086354
Placebo,1,6906,False,0.0
Placebo,1,8550,True,0.0
Placebo,1,8576,True,0.27108847097297983
Placebo,1,8790,False,0.0
Placebo,1,8840,True,0.2184074368181643
Placebo,1,8878,True,0.2398124665681314
Placebo,1,9337,True,0.211757572192531
Placebo,1,9501,True,0.4389907435127063
Placebo,1,9512,False,0.0
Placebo,1,45,True,0.12541928810334094
Placebo,1,199,True,0.555938450258638
Placebo,1,458,True,0.37587548385897473
Placebo,1,564,True,0.8849197699716446
Placebo,1,717,True,0.0
Placebo,1,1109,True,0.44457085223413806
Placebo,1,1576,True,0.18547738088003848
Placebo,1,1711,True,0.0
Placebo,1,1868,False,0.0
Placebo,1,1942,True,0.4433885591842858
Placebo,1,2001,True,0.31834015118674247
Placebo,1,2217,True,0.40303028380100486
Placebo,1,2354,True,0.29764944728215426
Placebo,1,2761,True,0.0
Placebo,1,2980,True,0.16716045496620238
Placebo,1,3021,True,0.20200634278969684
Placebo,1,3030,True,0.0
Placebo,1,3046,True,0.2542284588476347
Placebo,1,3050,True,0.4754181410681719
Placebo,1,3288,True,0.13296035515404914
Placebo,1,3302,True,0.29832657488673614
Placebo,1,3794,True,0.13970764870555163
Placebo,1,3920,True,0.20127939819610532
Placebo,1,3965,True,0.1565406896596897
Placebo,1,4193,True,0.3447877086105872
Placebo,1,4294,True,0.06077280950068133
Placebo,1,4383,True,0.4309190324135828
Placebo,1,4474,True,0.0
Placebo,1,5068,True,0.10892561033814505
Placebo,1,5258,True,0.14074267220463055
Placebo,1,5306,True,0.4831668125165221
Placebo,1,5323,True,0.47972265120270857
Placebo,1,5421,True,0.5656264062743454
Placebo,1,5766,True,0.5323842078259665
Placebo,1,5877,True,0.1013048867789007
Placebo,1,5887,True,0.4503445589854546
Placebo,1,6126,True,0.0
Placebo,1,6190,True,0.3850825499007557
Placebo,1,6224,True,0.3383513603990426
Placebo,1,6465,True,0.0
Placebo,1,6853,True,0.19225423554531867
Placebo,1,6949,True,0.6450851290131179
Placebo,1,7107,True,0.1976156093482924
Placebo,1,7240,False,0.0
Placebo,1,7937,True,0.5522687571412344
Placebo,1,8015,True,0.0
Placebo,1,8066,True,0.0
Placebo,1,8202,True,0.29787787717765685
Placebo,1,8321,True,0.2003800225219795
Placebo,1,9222,True,0.0
Placebo,1,9453,True,0.43599672562773606
Placebo,1,73,True,0.16210275211115516
Placebo,1,390,True,0.244873167952417
Placebo,1,424,True,0.4887054967576192
Placebo,1,715,True,0.19969736694917828
Placebo,1,915,True,0.23463936301137828
Placebo,1,1579,True,0.0
Placebo,1,1643,True,0.0
Placebo,1,1679,True,0.6205798594076976
Placebo,1,1982,True,0.0
Placebo,1,2027,True,0.4387503752928315
Placebo,1,2211,True,0.4998625122423377
Placebo,1,2228,True,0.1608149283876624
Placebo,1,2352,True,0.0
Placebo,1,2520,True,0.41331938535535495
Placebo,1,2573,True,0.06625422345438896
Placebo,1,2630,True,0.494478800596223
Placebo,1,2666,True,0.5582692124697729
Placebo,1,2745,True,0.0
Placebo,1,3149,True,0.13471015490453547
Placebo,1,3369,True,0.2527927990158293
Placebo,1,3617,True,0.3293767462673076
Placebo,1,3862,True,0.0
Placebo,1,4124,True,0.4905246516257785
Placebo,1,4218,True,0.30907336858615464
Placebo,1,4268,True,0.9266360779006398
Placebo,1,4452,False,0.0
Placebo,1,4522,True,0.271529955576634
Placebo,1,4784,True,0.49073767673833896
Placebo,1,5139,True,0.0
Placebo,1,5438,True,0.2085500290013281
Placebo,1,5565,True,0.0
Placebo,1,5684,True,0.2826962155938323
Placebo,1,5775,True,0.09162544430476369
Placebo,1,6110,True,0.1658612266196872
Placebo,1,6488,True,0.07712144545593325
Placebo,1,6590,True,0.16027761143866448
Placebo,1,6793,True,0.11706259313796355
Placebo,1,7090,True,0.2498411361026282
Placebo,1,7112,True,0.0
Placebo,1,7167,True,0.3370558482576666
Placebo,1,7287,True,0.3512135394015514
Placebo,1,7370,True,0.3151948962428684
Placebo,1,7547,True,0.0
Placebo,1,7589,True,0.1643548980682564
Placebo,1,7622,True,0.19595621634505106
Placebo,1,7640,False,0.0
Placebo,1,7757,True,0.0811508278985168
Placebo,1,8162,True,0.4796926693938686
Placebo,1,8508,True,0.13012668333070063
Placebo,1,8597,True,0.31926036122855217
Placebo,1,8771,True,0.0946891255326431
Placebo,1,288,True,0.4700188844625952
Placebo,1,635,True,0.3575291374664502
Placebo,1,654,True,0.19664168010110622
Placebo,1,699,True,0.2048714519315045
Placebo,1,743,True,0.13240437438171412
Placebo,1,946,True,0.0
Placebo,1,976,True,0.1142660959055822
Placebo,1,1144,True,0.6280080075662755
Placebo,1,1187,True,0.4987885663664917
Placebo,1,1384,True,0.3069873873552708
Placebo,1,1415,True,0.31815334443390025
Placebo,1,1443,True,0.15400118823868839
Placebo,1,1629,True,0.3986949863735926
Placebo,1,1684,True,0.0
Placebo,1,1802,True,0.04236776600349701
Placebo,1,1914,True,0.24625682413449076
Placebo,1,2046,True,0.0
Placebo,1,2071,True,0.08116136400948519
Placebo,1,2340,True,0.16440857265183934
Placebo,1,2749,True,0.27976410644115035
Placebo,1,3517,True,0.5439309154160032
Placebo,1,3758,True,0.07366373991453432
Placebo,1,4110,True,0.287135941386631
Placebo,1,4111,True,0.0
Placebo,1,4144,True,0.09170752945088652
Placebo,1,5021,True,0.36247737318480705
Placebo,1,5032,True,0.2647996114431563
Placebo,1,5096,True,0.3154330542480249
Placebo,1,5109,True,0.545255144482989
Placebo,1,5114,True,0.03858303713187615
Placebo,1,5977,True,0.0
Placebo,1,5984,True,0.24950477781052882
Placebo,1,6353,True,0.5825758192846267
Placebo,1,6373,True,0.0
Placebo,1,6539,True,0.0
Placebo,1,6554,True,0.24323311743518763
Placebo,1,6884,True,0.19182456951895013
Placebo,1,6955,True,0.12530682344457728
Placebo,1,7020,True,0.4677092961528321
Placebo,1,7029,True,0.39749351961824186
Placebo,1,7280,True,0.06594524878911653
Placebo,1,7394,True,0.10218331334064332
Placebo,1,7795,True,0.52965796356781
Placebo,1,8108,True,0.0
Placebo,1,8560,True,0.2941163496927952
Placebo,1,8632,True,0.35501131741989406
Placebo,1,8657,True,0.1492450176383778
Placebo,1,8777,True,0.5276657746112718
Placebo,1,9151,True,0.30391676728298284
Placebo,1,9609,True,0.37025617695482854
Placebo,2,102,True,0.38538308938865756
Placebo,2,314,True,0.6053966518496575
Placebo,2,1068,True,0.6028051671885506
Placebo,2,1525,True,0.0594150879644631
Placebo,2,1795,True,0.1628239692581191
Placebo,2,1929,True,0.287259442457998
Placebo,2,1931,True,0.0
Placebo,2,1991,True,0.21301498689682777
Placebo,2,2528,True,0.46702312900732257
Placebo,2,2697,True,0.19009452199071541
Placebo,2,2834,True,0.6013225297050316
Placebo,2,2845,True,0.2619520326602093
Placebo,2,3031,True,0.2548346710074145
Placebo,2,3250,True,0.3301376494471203
Placebo,2,3308,True,0.08894430292231162
Placebo,2,3402,True,0.0989730920849994
Placebo,2,3426,True,0.06490513563473839
Placebo,2,3449,True,0.32146437878203726
Placebo,2,3756,True,0.46885492904806103
Placebo,2,4141,True,0.149001591376147
Placebo,2,4210,True,0.21675295084222929
Placebo,2,4516,True,0.4723754320792477
Placebo,2,4692,True,0.17614940483907934
Placebo,2,4700,True,0.0
Placebo,2,4910,True,0.5
Placebo,2,4962,True,0.06978419164318803
Placebo,2,5275,True,0.13451220423276733
Placebo,2,5671,True,0.3183557239870127
Placebo,2,5683,True,0.06012983951359326
Placebo,2,6067,True,0.4024455403814959
Placebo,2,6378,True,0.2747155229383705
Placebo,2,6495,True,0.49150096247077485
Placebo,2,6868,True,0.5341163858944256
Placebo,2,6880,True,0.3187072072103113
Placebo,2,7144,True,0.0
Placebo,2,7413,True,0.06643541119670597
Placebo,2,7526,True,0.1480409554829327
Placebo,2,7531,True,0.0
Placebo,2,7577,True,0.20852573779299557
Placebo,2,7621,True,0.21493826631020635
Placebo,2,8198,True,0.424116664177369
Placebo,2,8442,True,0.0
Placebo,2,8452,True,0.23191550393532306
Placebo,2,8476,True,0.29134091226423914
Placebo,2,8541,True,0.37371514302990516
Placebo,2,8802,True,0.2515894067859851
Placebo,2,8816,True,0.3937481555797839
Placebo,2,8852,True,0.0
Placebo,2,9099,True,0.0989192023448525
Placebo,2,9479,True,0.1118609777738122
Placebo,2,9625,False,0.0
Placebo,2,96,True,0.0
Placebo,2,171,True,0.535505945625504
Placebo,2,328,True,0.0
Placebo,2,387,True,0.1636833285458071
Placebo,2,754,False,0.0
Placebo,2,983,True,0.2318993279289376
Placebo,2,1039,True,0.5406660524842574
Placebo,2,1098,True,0.37529554483933636
Placebo,2,1120,True,0.0
Placebo,2,1275,True,0.3056826599123263
Placebo,2,1343,True,0.1961558001456558
Placebo,2,1483,True,0.22064943495152362
Placebo,2,2005,True,0.0
Placebo,2,2048,True,0.26183271794409846
Placebo,2,2379,True,0.5510902414119373
Placebo,2,2516,True,0.034715610968388655
Placebo,2,2601,True,0.28502927212475054
Placebo,2,3210,True,0.1973977853906857
Placebo,2,3601,True,0.0
Placebo,2,3729,True,0.18281341445183796
Placebo,2,3832,True,0.35173260014632507
Placebo,2,4104,True,0.2024912386670544
Placebo,2,4286,True,0.3311699410796249
Placebo,2,4329,True,0.2758515046073073
Placebo,2,4553,True,0.0
Placebo,2,4790,True,0.1681275362711174
Placebo,2,4844,True,0.0
Placebo,2,4994,True,0.06744681953413346
Placebo,2,5020,True,0.4226854874313599
Placebo,2,5293,True,0.26317921170974523
Placebo,2,5338,True,0.6381415920268374
Placebo,2,5343,True,0.30966600085346224
Placebo,2,5464,True,0.1760510784207391
Placebo,2,5560,True,0.2448659301203647
Placebo,2,5719,True,0.2842944467587164
Placebo,2,6055,True,0.614610814600525
Placebo,2,6121,True,0.5519198667596723
Placebo,2,6128,True,0.08481823664487623
Placebo,2,6197,True,0.3178454026864132
Placebo,2,6336,True,0.5496508627707797
Placebo,2,6577,True,0.40458602914221287
Placebo,2,6717,True,0.0
Placebo,2,6906,False,0.0
Placebo,2,8550,True,0.0
Placebo,2,8576,True,0.7034066032439746
Placebo,2,8790,False,0.0
Placebo,2,8840,True,0.0
Placebo,2,8878,True,0.10987173866025325
Placebo,2,9337,True,0.10780509678375631
Placebo,2,9501,True,0.23393130111224142
Placebo,2,9512,False,0.0
Placebo,2,45,True,0.1916004753805994
Placebo,2,199,True,0.10907458963273317
Placebo,2,458,True,0.3279705972315053
Placebo,2,564,True,0.7353797772725615
Placebo,2,717,True,0.0
Placebo,2,1109,True,0.5705178414058444
Placebo,2,1576,True,0.5061489748034386
Placebo,2,1711,True,0.0
Placebo,2,1868,False,0.0
Placebo,2,1942,True,0.2876009464065904
Placebo,2,2001,True,0.3121053628549926
Placebo,2,2217,True,0.0
Placebo,2,2354,True,0.31675104971817775
Placebo,2,2761,True,0.10583776273071621
Placebo,2,2980,True,0.0
Placebo,2,3021,True,0.4943176719930908
Placebo,2,3030,True,0.0
Placebo,2,3046,True,0.21615008376290903
Placebo,2,3050,True,0.3664287218009644
Placebo,2,3288,True,0.2162775964637242
Placebo,2,3302,True,0.0
Placebo,2,3794,True,0.1013048867789007
Placebo,2,3920,True,0.22549451154474906
Placebo,2,3965,True,0.2211934130148128
Placebo,2,4193,True,0.38300583533832616
Placebo,2,4294,True,0.08065028712383313
Placebo,2,4383,True,0.46367445117836736
Placebo,2,4474,True,0.0
Placebo,2,5068,True,0.2794925933864472
Placebo,2,5258,True,0.040683756096346925
Placebo,2,5306,True,0.25202836454730626
Placebo,2,5323,True,0.8430924214796068
Placebo,2,5421,True,0.46818960590052416
Placebo,2,5766,True,0.4229148050108533
Placebo,2,5877,True,0.0
Placebo,2,5887,True,0.4739068824510563
Placebo,2,6126,True,0.0
Placebo,2,6190,True,0.6773024343392559
Placebo,2,6224,True,0.1100458831490401
Placebo,2,6465,True,0.0
Placebo,2,6853,True,0.06673768929853467
Placebo,2,6949,True,0.7379521719241349
Placebo,2,7107,True,0.04940390233707313
Placebo,2,7240,False,0.0
Placebo,2,7937,True,0.09815611925756479
Placebo,2,8015,True,0.2853511567492414
Placebo,2,8066,True,0.0
Placebo,2,8202,True,0.5452735550305196
Placebo,2,8321,True,0.3394248913865468
Placebo,2,9222,True,0.0
Placebo,2,9453,True,0.5309287093039274
Placebo,2,73,True,0.0
Placebo,2,390,True,0.47740686453146297
Placebo,2,424,True,0.1394378723663407
Placebo,2,715,True,0.5144666764212402
Placebo,2,915,True,0.13845947314613827
Placebo,2,1579,True,0.09285825605119433
Placebo,2,1643,True,0.10861750945625488
Placebo,2,1679,True,0.26124779839596557
Placebo,2,1982,True,0.13830142792603042
Placebo,2,2027,True,0.34470556393065466
Placebo,2,2211,True,0.15556974829149348
Placebo,2,2228,True,0.14081860136568805
Placebo,2,2352,True,0.3154648767857289
Placebo,2,2520,True,0.15840915256850244
Placebo,2,2573,True,0.2200917662980802
Placebo,2,2630,True,0.3440323795605456
Placebo,2,2666,True,0.5082045001681815
Placebo,2,2745,True,0.4398001699015594
Placebo,2,3149,True,0.17365547123739333
Placebo,2,3369,True,0.1951893700446828
Placebo,2,3617,True,0.22982343924285287
Placebo,2,3862,True,0.0
Placebo,2,4124,True,0.301426586022504
Placebo,2,4218,True,0.27487982789809107
Placebo,2,4268,True,0.9052116356304493
Placebo,2,4452,False,0.0
Placebo,2,4522,True,0.13918222984704623
Placebo,2,4784,True,0.45309808341458085
Placebo,2,5139,True,0.6131471927654585
Placebo,2,5438,True,0.22126221716381977
Placebo,2,5565,True,0.15632357310588854
Placebo,2,5684,True,0.3415584222827159
Placebo,2,5775,True,0.0
Placebo,2,6110,True,0.13567475897131237
Placebo,2,6488,True,0.1193803006149699
Placebo,2,6590,True,0.0
Placebo,2,6793,True,0.3026024134988135
Placebo,2,7090,True,0.22489468875788404
Placebo,2,7112,True,0.0
Placebo,2,7167,True,0.34150480134887273
Placebo,2,7287,True,0.5911412195307422
Placebo,2,7370,True,0.17486600805833882
Placebo,2,7547,True,0.0
Placebo,2,7589,True,0.0
Placebo,2,7622,True,0.20502277655265583
Placebo,2,7640,False,0.0
Placebo,2,7757,True,0.2544980261739184
Placebo,2,8162,True,0.6477361994275094
Placebo,2,8508,True,0.0
Placebo,2,8597,True,0.3117324672227912
Placebo,2,8771,True,0.108660273430684
Placebo,2,288,True,0.3244498059288586
Placebo,2,635,True,0.24051935805437297
Placebo,2,654,True,0.10270860784587982
Placebo,2,699,True,0.04929175392995458
Placebo,2,743,True,0.4720218764299309
Placebo,2,946,True,0.35620718710802235
Placebo,2,976,True,0.0
Placebo,2,1144,True,0.6126306261694539
Placebo,2,1187,True,0.5223271360866736
Placebo,2,1384,True,0.11952660077464747
Placebo,2,1415,True,0.2735876524943251
Placebo,2,1443,True,0.296628597647544
Placebo,2,1629,True,0.0
Placebo,2,1684,True,0.11298087547243413
Placebo,2,1802,True,0.0
Placebo,2,1914,True,0.5816424727170779
Placebo,2,2046,True,0.0
Placebo,2,2071,True,0.2807721888661444
Placebo,2,2340,True,0.04330890684638207
Placebo,2,2749,True,0.6144311919990629
Placebo,2,3517,True,0.41862051116629695
Placebo,2,3758,True,0.0
Placebo,2,4110,True,0.4950681084825316
Placebo,2,4111,True,0.0
Placebo,2,4144,True,0.2772381402327821
Placebo,2,5021,True,0.13122870694730654
Placebo,2,5032,True,0.42833161754017784
Placebo,2,5096,True,0.07855213399923987
Placebo,2,5109,True,0.4526917963732255
Placebo,2,5114,True,0.057484716641728835
Placebo,2,5977,True,0.0
Placebo,2,5984,True,0.2903324005948759
Placebo,2,6353,True,0.43505304170058595
Placebo,2,6373,True,0.39206952462757916
Placebo,2,6539,True,0.0
Placebo,2,6554,True,0.2594515520148577
Placebo,2,6884,True,0.0
Placebo,2,6955,True,0.12744111026842678
Placebo,2,7020,True,0.6821449409028951
Placebo,2,7029,True,0.4712371288447775
Placebo,2,7280,True,0.20560302171130213
Placebo,2,7394,True,0.0576901476090013
Placebo,2,7795,True,0.2594990071245464
Placebo,2,8108,True,0.15298584033720414
Placebo,2,8560,True,0.31072253651492077
Placebo,2,8632,True,0.47913967081778186
Placebo,2,8657,True,0.1272571172828859
Placebo,2,8777,True,0.3533639869211341
Placebo,2,9151,True,0.25582328468371
Placebo,2,9609,True,0.19077790317635693
Placebo,3,102,True,0.37176379870353987
Placebo,3,314,True,0.3975021320840141
Placebo,3,1068,True,0.4771067114957993
Placebo,3,1525,True,0.13774761541187747
Placebo,3,1795,True,0.3242554057036418
Placebo,3,1929,True,0.5845288621404817
Placebo,3,1931,True,0.0
Placebo,3,1991,True,0.21064145286082164
Placebo,3,2528,True,0.22702757645708443
Placebo,3,2697,True,0.519363403959443
Placebo,3,2834,True,0.4308882328443369
Placebo,3,2845,True,0.45109589218851215
Placebo,3,3031,True,0.09077394133714942
Placebo,3,3250,True,0.2984900352767556
Placebo,3,3308,True,0.21937455046387389
Placebo,3,3402,True,0.15121022044172427
Placebo,3,3426,True,0.18043733102371284
Placebo,3,3449,True,0.46017616574277054
Placebo,3,3756,True,0.31504697896714656
Placebo,3,4141,True,0.42389171599830505
Placebo,3,4210,True,0.12779435101500425
Placebo,3,4516,True,0.09489593857046195
Placebo,3,4692,True,0.09359072962204817
Placebo,3,4700,True,0.11866443082840714
Placebo,3,4910,True,0.0
Placebo,3,4962,True,0.06012983951359326
Placebo,3,5275,True,0.14611857274248546
Placebo,3,5671,True,0.2502811687616954
Placebo,3,5683,True,0.0
Placebo,3,6067,True,0.4850853290186504
Placebo,3,6378,True,0.25498562214290676
Placebo,3,6495,True,0.6346053686988686
Placebo,3,6868,True,0.2742976140777843
Placebo,3,6880,True,0.34943826473390355
Placebo,3,7144,True,0.1352166772139528
Placebo,3,7413,True,0.3445459298093775
Placebo,3,7526,True,0.0
Placebo,3,7531,True,0.0
Placebo,3,7577,True,0.16321684709627765
Placebo,3,7621,True,0.05884413279046632
Placebo,3,8198,True,0.2686363288239331
Placebo,3,8442,True,0.0
Placebo,3,8452,True,0.44962453180900824
Placebo,3,8476,True,0.49555562537684555
Placebo,3,8541,True,0.5387016306420563
Placebo,3,8802,True,0.28901781818110317
Placebo,3,8816,True,0.18998003187039006
Placebo,3,8852,True,0.12315119437036504
Placebo,3,9099,True,0.0
Placebo,3,9479,True,0.0
Placebo,3,9625,False,0.0
Placebo,3,96,True,0.0
Placebo,3,171,True,0.25141530787309446
Placebo,3,328,True,0.0
Placebo,3,387,True,0.06978419164318803
Placebo,3,754,False,0.0
Placebo,3,983,True,0.4716914930689366
Placebo,3,1039,True,0.4895616873445347
Placebo,3,1098,True,0.2318511695642074
Placebo,3,1120,True,0.32236735467273736
Placebo,3,1275,True,0.32253570339962784
Placebo,3,1343,True,0.34181895781690264
Placebo,3,1483,True,0.12241453467088476
Placebo,3,2005,True,0.06625422345438896
Placebo,3,2048,True,0.4133563228849996
Placebo,3,2379,True,0.5563714218158314
Placebo,3,2516,True,0.26715772499372126
Placebo,3,2601,True,0.26012650661733144
Placebo,3,3210,True,0.14039453470297442
Placebo,3,3601,True,0.0
Placebo,3,3729,True,0.04860283695195314
Placebo,3,3832,True,0.12941144563737247
Placebo,3,4104,True,0.3588825817841516
Placebo,3,4286,True,0.30424536889300247
Placebo,3,4329,True,0.07588109553901774
Placebo,3,4553,True,0.060614569639142066
Placebo,3,4790,True,0.2463023887407299
Placebo,3,4844,True,0.2765732350040718
Placebo,3,4994,True,0.0
Placebo,3,5020,True,0.3153281595500529
Placebo,3,5293,True,0.14342484470735153
Placebo,3,5338,True,0.7357776078536504
Placebo,3,5343,True,0.22359104001665298
Placebo,3,5464,True,0.3839434417404747
Placebo,3,5560,True,0.3640284909675871
Placebo,3,5719,True,0.2106867352419008
Placebo,3,6055,True,0.19150265143746747
Placebo,3,6121,True,0.30120864704008077
Placebo,3,6128,True,0.19037224563646418
Placebo,3,6197,True,0.33726279090971717
Placebo,3,6336,True,0.49630053351049014
Placebo,3,6577,True,0.318311127560155
Placebo,3,6717,True,0.0
Placebo,3,6906,False,0.0
Placebo,3,8550,True,0.0
Placebo,3,8576,True,0.703290341428195
Placebo,3,8790,False,0.0
Placebo,3,8840,True,0.20019798370087236
Placebo,3,8878,True,0.2707842629583516
Placebo,3,9337,True,0.0
Placebo,3,9501,True,0.644255925712411
Placebo,3,9512,False,0.0
Placebo,3,45,True,0.08879873949105595
Placebo,3,199,True,0.33768447214207076
Placebo,3,458,True,0.5243228446144075
Placebo,3,564,True,0.7421246259355073
Placebo,3,717,True,0.06099161925558509
Placebo,3,1109,True,0.41381629677957693
Placebo,3,1576,True,0.14800500445788795
Placebo,3,1711,True,0.0
Placebo,3,1868,False,0.0
Placebo,3,1942,True,0.2536190390062209
Placebo,3,2001,True,0.14941330913019807
Placebo,3,2217,True,0.0
Placebo,3,2354,True,0.4391262116514309
Placebo,3,2761,True,0.2089544614538989
Placebo,3,2980,True,0.0
Placebo,3,3021,True,0.2221284995100044
Placebo,3,3030,True,0.3154648767857289
Placebo,3,3046,True,0.2708568708062177
Placebo,3,3050,True,0.40948895749805786
Placebo,3,3288,True,0.3242919621589968
Placebo,3,3302,True,0.17280430617228196
Placebo,3,3794,True,0.0
Placebo,3,3920,True,0.25762449411473676
Placebo,3,3965,True,0.416247566443736
Placebo,3,4193,True,0.0
Placebo,3,4294,True,0.0
Placebo,3,4383,True,0.4044904669492904
Placebo,3,4474,True,0.0
Placebo,3,5068,True,0.27177976334289045
Placebo,3,5258,True,0.04852388772014405
Placebo,3,5306,True,0.4330154378922063
Placebo,3,5323,True,0.7806934272066554
Placebo,3,5421,True,0.5897308200692453
Placebo,3,5766,True,0.6309342648512584
Placebo,3,5877,True,0.2724635979105772
Placebo,3,5887,True,0.178635268752673
Placebo,3,6126,True,0.3010299956639808
Placebo,3,6190,True,0.6738146957773641
Placebo,3,6224,True,0.25037472229429225
Placebo,3,6465,True,0.13755548414400526
Placebo,3,6853,True,0.2474181759255722
Placebo,3,6949,True,0.7369462141226004
Placebo,3,7107,True,0.29375739619653995
Placebo,3,7240,False,0.0
Placebo,3,7937,True,0.6181278381330418
Placebo,3,8015,True,0.0
Placebo,3,8066,True,0.0
Placebo,3,8202,True,0.4705465314236191
Placebo,3,8321,True,0.4466101168989033
Placebo,3,9222,True,0.0
Placebo,3,9453,True,0.46254343439162454
Placebo,3,73,True,0.09020315758404246
Placebo,3,390,True,0.530623021142022
Placebo,3,424,True,0.06452577150984494
Placebo,3,715,True,0.35225071771800553
Placebo,3,915,True,0.0
Placebo,3,1579,True,0.0
Placebo,3,1643,True,0.10431529053521328
Placebo,3,1679,True,0.35901413458036213
Placebo,3,1982,True,0.06362078819895167
Placebo,3,2027,True,0.31523168985532435
Placebo,3,2211,True,0.43673949858938654
Placebo,3,2228,True,0.13931945874695667
Placebo,3,2352,True,0.0
Placebo,3,2520,True,0.07588109553901774
Placebo,3,2573,True,0.0
Placebo,3,2630,True,0.6211710958022874
Placebo,3,2666,True,0.35148823071100116
Placebo,3,2745,True,0.05854439592831935
Placebo,3,3149,True,0.2515020054497778
Placebo,3,3369,True,0.3240743328132924
Placebo,3,3617,True,0.1830654856296743
Placebo,3,3862,True,0.0
Placebo,3,4124,True,0.4618694248730645
Placebo,3,4218,True,0.22552798191758736
Placebo,3,4268,True,0.94497705842548
Placebo,3,4452,False,0.0
Placebo,3,4522,True,0.22576913021166325
Placebo,3,4784,True,0.18961885780064486
Placebo,3,5139,True,0.0
Placebo,3,5438,True,0.20536291899409695
Placebo,3,5565,True,0.10926548857164478
Placebo,3,5684,True,0.1428602903617369
Placebo,3,5775,True,0.0
Placebo,3,6110,True,0.31391059475912914
Placebo,3,6488,True,0.05969015030748495
Placebo,3,6590,True,0.0
Placebo,3,6793,True,0.11706259313796355
Placebo,3,7090,True,0.12330244315229924
Placebo,3,7112,True,0.40514260695058335
Placebo,3,7167,True,0.5734117298614877
Placebo,3,7287,True,0.23995265741597344
Placebo,3,7370,True,0.03855803981329108
Placebo,3,7547,True,0.0
Placebo,3,7589,True,0.0
Placebo,3,7622,True,0.1671857999458645
Placebo,3,7640,False,0.0
Placebo,3,7757,True,0.0
Placebo,3,8162,True,0.6713680359483807
Placebo,3,8508,True,0.0
Placebo,3,8597,True,0.15240137896602318
Placebo,3,8771,True,0.0
Placebo,3,288,True,0.5986985289952169
Placebo,3,635,True,0.1992455813568517
Placebo,3,654,True,0.16703657489516616
Placebo,3,699,True,0.21722914297087434
Placebo,3,743,True,0.11850479333192555
Placebo,3,946,True,0.0
Placebo,3,976,True,0.1197453422743875
Placebo,3,1144,True,0.5860653827527127
Placebo,3,1187,True,0.41057090951624853
Placebo,3,1384,True,0.11952660077464747
Placebo,3,1415,True,0.2879109312287115
Placebo,3,1443,True,0.2835856399974543
Placebo,3,1629,True,0.0
Placebo,3,1684,True,0.0
Placebo,3,1802,True,0.0
Placebo,3,1914,True,0.4945378153153845
Placebo,3,2046,True,0.10646464774659972
Placebo,3,2071,True,0.11476975467992928
Placebo,3,2340,True,0.18473170424986052
Placebo,3,2749,True,0.44134207331481046
Placebo,3,3517,True,0.40040126084937616
Placebo,3,3758,True,0.0
Placebo,3,4110,True,0.2752092193386094
Placebo,3,4111,True,0.107789154524511
Placebo,3,4144,True,0.22880202957034776
Placebo,3,5021,True,0.0
Placebo,3,5032,True,0.3196689360041835
Placebo,3,5096,True,0.13324638650505186
Placebo,3,5109,True,0.49855734997045764
Placebo,3,5114,True,0.15752625954440025
Placebo,3,5977,True,0.0
Placebo,3,5984,True,0.11607370133067994
Placebo,3,6353,True,0.7855800954831169
Placebo,3,6373,True,0.057456423831669906
Placebo,3,6539,True,0.0
Placebo,3,6554,True,0.2623641761995499
Placebo,3,6884,True,0.20210734650054754
Placebo,3,6955,True,0.0
Placebo,3,7020,True,0.39477674021492476
Placebo,3,7029,True,0.22497236087017022
Placebo,3,7280,True,0.06072121265509718
Placebo,3,7394,True,0.27336396223914816
Placebo,3,7795,True,0.177973592672862
Placebo,3,8108,True,0.22400556151517553
Placebo,3,8560,True,0.26079795406380274
Placebo,3,8632,True,0.32202203753291403
Placebo,3,8657,True,0.10882578227519947
Placebo,3,8777,True,0.4711567013614886
Placebo,3,9151,True,0.44127087070519644
Placebo,3,9609,True,0.19884238752109049
Placebo,4,102,True,0.2432459177141414
Placebo,4,314,True,0.36458598999465325
Placebo,4,1068,True,0.35538916825999134
Placebo,4,1525,True,0.2942511200017841
Placebo,4,1795,True,0.09612403358000365
Placebo,4,1929,True,0.5763612459148558
Placebo,4,1931,True,0.0
Placebo,4,1991,True,0.3065591007283301
Placebo,4,2528,True,0.636448589232542
Placebo,4,2697,True,0.27859570484810126
Placebo,4,2834,True,0.4627793331436448
Placebo,4,2845,True,0.054446697840052224
Placebo,4,3031,True,0.16305952730303105
Placebo,4,3250,True,0.0
Placebo,4,3308,True,0.24261785528500343
Placebo,4,3402,True,0.06452577150984494
Placebo,4,3426,True,0.12723045879069755
Placebo,4,3449,True,0.34489776135707084
Placebo,4,3756,True,0.18082384726500145
Placebo,4,4141,True,0.3168324396827333
Placebo,4,4210,True,0.29662970265895183
Placebo,4,4516,True,0.1683174590327416
Placebo,4,4692,True,0.0
Placebo,4,4700,True,0.0
Placebo,4,4910,True,0.0
Placebo,4,4962,True,0.29948901702907116
Placebo,4,5275,True,0.14074267220463055
Placebo,4,5671,True,0.11962593351017368
Placebo,4,5683,True,0.0
Placebo,4,6067,True,0.3666029367958755
Placebo,4,6378,True,0.5212461973937529
Placebo,4,6495,True,0.5038939491655015
Placebo,4,6868,True,0.3901511789750537
Placebo,4,6880,True,0.41939799988819815
Placebo,4,7144,True,0.15545446194419021
Placebo,4,7413,True,0.24992297977905906
Placebo,4,7526,True,0.0
Placebo,4,7531,True,0.22952414877007668
Placebo,4,7577,True,0.1879516032875282
Placebo,4,7621,True,0.28538936151990235
Placebo,4,8198,True,0.0543026559841585
Placebo,4,8442,True,0.0
Placebo,4,8452,True,0.22114512370556766
Placebo,4,8476,True,0.2848244860410133
Placebo,4,8541,True,0.5253605204972354
Placebo,4,8802,True,0.26370222699032836
Placebo,4,8816,True,0.0
Placebo,4,8852,True,0.6804558477306826
Placebo,4,9099,True,0.20147913072493498
Placebo,4,9479,True,0.04750922006459467
Placebo,4,9625,False,0.0
Placebo,4,96,True,0.0
Placebo,4,171,True,0.21801641453242443
Placebo,4,328,True,0.0
Placebo,4,387,True,0.16788429622804935
Placebo,4,754,False,0.0
Placebo,4,983,True,0.5133043633748263
Placebo,4,1039,True,0.2644955062603073
Placebo,4,1098,True,0.3424828648915661
Placebo,4,1120,True,0.04842079006140466
Placebo,4,1275,True,0.33341907197083687
Placebo,4,1343,True,0.07588109553901774
Placebo,4,1483,True,0.08612362388722174
Placebo,4,2005,True,0.22344454556765142
Placebo,4,2048,True,0.26556070614699806
Placebo,4,2379,True,0.4487624742751046
Placebo,4,2516,True,0.28567793907755407
Placebo,4,2601,True,0.27189266696757675
Placebo,4,3210,True,0.3343636528713535
Placebo,4,3601,True,0.6131471927654585
Placebo,4,3729,True,0.04510157879202123
Placebo,4,3832,True,0.13576392565974757
Placebo,4,4104,True,0.5773784282985275
Placebo,4,4286,True,0.35339189002115023
Placebo,4,4329,True,0.22716217481924805
Placebo,4,4553,True,0.191580696557894
Placebo,4,4790,True,0.0
Placebo,4,4844,True,0.0
Placebo,4,4994,True,0.1898721719708823
Placebo,4,5020,True,0.33489032652452255
Placebo,4,5293,True,0.16261284398666795
Placebo,4,5338,True,0.7182666261214651
Placebo,4,5343,True,0.07577433351096914
Placebo,4,5464,True,0.4722717894156755
Placebo,4,5560,True,0.4516977827096932
Placebo,4,5719,True,0.09918021406520994
Placebo,4,6055,True,0.13459609419756352
Placebo,4,6121,True,0.2626633251188907
Placebo,4,6128,True,0.08481823664487623
Placebo,4,6197,True,0.2586816813700686
Placebo,4,6336,True,0.3243107852611987
Placebo,4,6577,True,0.6355414994753696
Placebo,4,6717,True,0.0
Placebo,4,6906,False,0.0
Placebo,4,8550,True,0.0
Placebo,4,8576,True,0.5054799843174406
Placebo,4,8790,False,0.0
Placebo,4,8840,True,0.0
Placebo,4,8878,True,0.42578752891219035
Placebo,4,9337,True,0.06232532315595917
Placebo,4,9501,True,0.5124407939166454
Placebo,4,9512,False,0.0
Placebo,4,45,True,0.07037133610231527
Placebo,4,199,True,0.25326335410655304
Placebo,4,458,True,0.3102202872327772
Placebo,4,564,True,0.8532721558012798
Placebo,4,717,True,0.244019599255884
Placebo,4,1109,True,0.30866713613858415
Placebo,4,1576,True,0.46069786190949075
Placebo,4,1711,True,0.0
Placebo,4,1868,False,0.0
Placebo,4,1942,True,0.14689062412783127
Placebo,4,2001,True,0.11074812101121996
Placebo,4,2217,True,0.0
Placebo,4,2354,True,0.33663666244587076
Placebo,4,2761,True,0.0
Placebo,4,2980,True,0.1480409554829327
Placebo,4,3021,True,0.05253861497588741
Placebo,4,3030,True,0.38685280723454163
Placebo,4,3046,True,0.04929175392995458
Placebo,4,3050,True,0.22064092232765256
Placebo,4,3288,True,0.12450356227119029
Placebo,4,3302,True,0.12741733550370726
Placebo,4,3794,True,0.20036339818516047
Placebo,4,3920,True,0.4043227102894508
Placebo,4,3965,True,0.1565406896596897
Placebo,4,4193,True,0.27978525788800074
Placebo,4,4294,True,0.0
Placebo,4,4383,True,0.3484705088625415
Placebo,4,4474,True,0.0
Placebo,4,5068,True,0.15987346094964455
Placebo,4,5258,True,0.23205626601836876
Placebo,4,5306,True,0.4571384807326837
Placebo,4,5323,True,0.42900517370060187
Placebo,4,5421,True,0.5774707383731894
Placebo,4,5766,True,0.5261183360879755
Placebo,4,5877,True,0.29347197408388626
Placebo,4,5887,True,0.30073996869539216
Placebo,4,6126,True,0.0
Placebo,4,6190,True,0.6203802534440381
Placebo,4,6224,True,0.2329726085570737
Placebo,4,6465,True,0.0
Placebo,4,6853,True,0.18363083509458702
Placebo,4,6949,True,0.4576447532879852
Placebo,4,7107,True,0.1976156093482924
Placebo,4,7240,False,0.0
Placebo,4,7937,True,0.6740853812201754
Placebo,4,8015,True,0.2748763329142909
Placebo,4,8066,True,0.0
Placebo,4,8202,True,0.3198367502567604
Placebo,4,8321,True,0.40319634196291854
Placebo,4,9222,True,0.0
Placebo,4,9453,True,0.5279360899958762
Placebo,4,73,True,0.3946913827890015
Placebo,4,390,True,0.37850716254865985
Placebo,4,424,True,0.09988280114199441
Placebo,4,715,True,0.4099325402032334
Placebo,4,915,True,0.13845947314613827
Placebo,4,1579,True,0.21561019356751263
Placebo,4,1643,True,0.0
Placebo,4,1679,True,0.6836305846237055
Placebo,4,1982,True,0.1100458831490401
Placebo,4,2027,True,0.2859010772167762
Placebo,4,2211,True,0.3498414386613454
Placebo,4,2228,True,0.07839826897867538
Placebo,4,2352,True,0.0
Placebo,4,2520,True,0.03919913448933769
Placebo,4,2573,True,0.2745478892647208
Placebo,4,2630,True,0.5163392822965475
Placebo,4,2666,True,0.382566178511211
Placebo,4,2745,True,0.0
Placebo,4,3149,True,0.1243936803664299
Placebo,4,3369,True,0.2849090930955825
Placebo,4,3617,True,0.09374211877002252
Placebo,4,3862,True,0.634487492874854
Placebo,4,4124,True,0.31867979194894747
Placebo,4,4218,True,0.3703529458298427
Placebo,4,4268,True,0.8879972192424122
Placebo,4,4452,False,0.0
Placebo,4,4522,True,0.2245117030503221
Placebo,4,4784,True,0.7420675036198062
Placebo,4,5139,True,0.23719771276929624
Placebo,4,5438,True,0.38040604524503935
Placebo,4,5565,True,0.0
Placebo,4,5684,True,0.09986942805781898
Placebo,4,5775,True,0.3727892582642588
Placebo,4,6110,True,0.14982420171299154
Placebo,4,6488,True,0.1078111541294673
Placebo,4,6590,True,0.5754994188159135
Placebo,4,6793,True,0.6158583266000596
Placebo,4,7090,True,0.1317755767100995
Placebo,4,7112,True,0.0
Placebo,4,7167,True,0.2608977230842878
Placebo,4,7287,True,0.5147963237915123
Placebo,4,7370,True,0.24309704349186823
Placebo,4,7547,True,0.0
Placebo,4,7589,True,0.0
Placebo,4,7622,True,0.6205620285934642
Placebo,4,7640,False,0.0
Placebo,4,7757,True,0.0
Placebo,4,8162,True,0.6075287097093824
Placebo,4,8508,True,0.0
Placebo,4,8597,True,0.40523308675231345
Placebo,4,8771,True,0.0
Placebo,4,288,True,0.3975318190859292
Placebo,4,635,True,0.253381497766184
Placebo,4,654,True,0.297425915294277
Placebo,4,699,True,0.21808494958650315
Placebo,4,743,True,0.49177987154282865
Placebo,4,946,True,0.0
Placebo,4,976,True,0.1897918771409239
Placebo,4,1144,True,0.6465771818213001
Placebo,4,1187,True,0.13822912683196187
Placebo,4,1384,True,0.07085624642201359
Placebo,4,1415,True,0.5282670329655148
Placebo,4,1443,True,0.23578845792546918
Placebo,4,1629,True,0.09680190061810993
Placebo,4,1684,True,0.056490437736217106
Placebo,4,1802,True,0.10889339568010445
Placebo,4,1914,True,0.6032197529070387
Placebo,4,2046,True,0.0
Placebo,4,2071,True,0.0
Placebo,4,2340,True,0.0
Placebo,4,2749,True,0.41186465309811826
Placebo,4,3517,True,0.6663588446269084
Placebo,4,3758,True,0.08082888512209942
Placebo,4,4110,True,0.17211307491723007
Placebo,4,4111,True,0.1909208661789346
Placebo,4,4144,True,0.20691012641958617
Placebo,4,5021,True,0.0
Placebo,4,5032,True,0.505228133909802
Placebo,4,5096,True,0.0
Placebo,4,5109,True,0.4777357717853209
Placebo,4,5114,True,0.346394346914971
Placebo,4,5977,True,0.0
Placebo,4,5984,True,0.47744402123340673
Placebo,4,6353,True,0.7143421411829304
Placebo,4,6373,True,0.2725238561618916
Placebo,4,6539,True,0.0
Placebo,4,6554,True,0.2958899289174511
Placebo,4,6884,True,0.0
Placebo,4,6955,True,0.16195671984435944
Placebo,4,7020,True,0.4485413602207093
Placebo,4,7029,True,0.07839826897867538
Placebo,4,7280,True,0.17604646369438348
Placebo,4,7394,True,0.1330548088998039
Placebo,4,7795,True,0.5711078004628284
Placebo,4,8108,True,0.15139734109600997
Placebo,4,8560,True,0.29551990096617714
Placebo,4,8632,True,0.3141117723090236
Placebo,4,8657,True,0.3632647611743148
Placebo,4,8777,True,0.5974099001865972
Placebo,4,9151,True,0.42580399400253127
Placebo,4,9609,True,0.11654358767475471
Placebo,5,102,True,0.44968777040910624
Placebo,5,314,True,0.40581095788101434
Placebo,5,1068,True,0.6053223406282082
Placebo,5,1525,True,0.2075116573030779
Placebo,5,1795,True,0.3631732883292945
Placebo,5,1929,True,0.4700868312056661
Placebo,5,1931,True,0.0
Placebo,5,1991,True,0.1818783970081588
Placebo,5,2528,True,0.5537500046365355
Placebo,5,2697,True,0.11495601786335714
Placebo,5,2834,True,0.5794935388703734
Placebo,5,2845,True,0.1369006871211029
Placebo,5,3031,True,0.04538697066857471
Placebo,5,3250,True,0.09965311679505898
Placebo,5,3308,True,0.6472355406351593
Placebo,5,3402,True,0.04420524281920165
Placebo,5,3426,True,0.0
Placebo,5,3449,True,0.40713191023684353
Placebo,5,3756,True,0.202028800683465
Placebo,5,4141,True,0.15333755370015364
Placebo,5,4210,True,0.2307465909364123
Placebo,5,4516,True,0.18768761636786185
Placebo,5,4692,True,0.17714752793103516
Placebo,5,4700,True,0.0
Placebo,5,4910,True,0.0
Placebo,5,4962,True,0.24518020861677828
Placebo,5,5275,True,0.0
Placebo,5,5671,True,0.3802383070149397
Placebo,5,5683,True,0.28015840058820046
Placebo,5,6067,True,0.4808660904400507
Placebo,5,6378,True,0.4701465035090718
Placebo,5,6495,True,0.6236610952217976
Placebo,5,6868,True,0.38199645639570645
Placebo,5,6880,True,0.32970030637737574
Placebo,5,7144,True,0.3849958736398767
Placebo,5,7413,True,0.1545743395783983
Placebo,5,7526,True,0.20210734650054754
Placebo,5,7531,True,0.13136090850972965
Placebo,5,7577,True,0.1744142429082535
Placebo,5,7621,True,0.16339038604476558
Placebo,5,8198,True,0.15445080225357144
Placebo,5,8442,True,0.0
Placebo,5,8452,True,0.40191767302392795
Placebo,5,8476,True,0.62428757813343
Placebo,5,8541,True,0.3433575915491296
Placebo,5,8802,True,0.05229012460606506
Placebo,5,8816,True,0.19687407778989194
Placebo,5,8852,True,0.281797637298419
Placebo,5,9099,True,0.0
Placebo,5,9479,True,0.1170887918566387
Placebo,5,9625,False,0.0
Placebo,5,96,True,0.20438239758848625
Placebo,5,171,True,0.2533816579543858
Placebo,5,328,True,0.0
Placebo,5,387,True,0.14710131651029387
Placebo,5,754,False,0.0
Placebo,5,983,True,0.35822259082454183
Placebo,5,1039,True,0.2889897707846722
Placebo,5,1098,True,0.4588302719263284
Placebo,5,1120,True,0.09057381532497312
Placebo,5,1275,True,0.37275851030785073
Placebo,5,1343,True,0.13305201013572898
Placebo,5,1483,True,0.29858266493094243
Placebo,5,2005,True,0.16421958630632805
Placebo,5,2048,True,0.13445553639792504
Placebo,5,2379,True,0.5656765708403617
Placebo,5,2516,True,0.177269193838116
Placebo,5,2601,True,0.4189179618884325
Placebo,5,3210,True,0.4470780420773209
Placebo,5,3601,True,0.0
Placebo,5,3729,True,0.049941400570997205
Placebo,5,3832,True,0.18451145196513274
Placebo,5,4104,True,0.30971033050103386
Placebo,5,4286,True,0.23674768486187875
Placebo,5,4329,True,0.2528410271851775
Placebo,5,4553,True,0.4148916402817172
Placebo,5,4790,True,0.4414924137367807
Placebo,5,4844,True,0.0
Placebo,5,4994,True,0.0
Placebo,5,5020,True,0.5655526586647779
Placebo,5,5293,True,0.10359825042259051
Placebo,5,5338,True,0.8159416584686914
Placebo,5,5343,True,0.08813844874415216
Placebo,5,5464,True,0.0
Placebo,5,5560,True,0.3569783932786723
Placebo,5,5719,True,0.2031568101386301
Placebo,5,6055,True,0.46857795488880616
Placebo,5,6121,True,0.40446120630842364
Placebo,5,6128,True,0.08481823664487623
Placebo,5,6197,True,0.41916817347747315
Placebo,5,6336,True,0.3962317580513455
Placebo,5,6577,True,0.3154759052305341
Placebo,5,6717,True,0.0
Placebo,5,6906,False,0.0
Placebo,5,8550,True,0.0
Placebo,5,8576,True,0.31691619230948354
Placebo,5,8790,False,0.0
Placebo,5,8840,True,0.26406812257259077
Placebo,5,8878,True,0.0
Placebo,5,9337,True,0.0
Placebo,5,9501,True,0.6984650278791376
Placebo,5,9512,False,0.0
Placebo,5,45,True,0.0
Placebo,5,199,True,0.28025975660598546
Placebo,5,458,True,0.2284890850361246
Placebo,5,564,True,0.8899541168509599
Placebo,5,717,True,0.0
Placebo,5,1109,True,0.6114417648100636
Placebo,5,1576,True,0.10897767786658548
Placebo,5,1711,True,0.0
Placebo,5,1868,False,0.0
Placebo,5,1942,True,0.4864816428391248
Placebo,5,2001,True,0.20003011108292718
Placebo,5,2217,True,0.0
Placebo,5,2354,True,0.36137493717828056
Placebo,5,2761,True,0.15074763873156205
Placebo,5,2980,True,0.033912993358111924
Placebo,5,3021,True,0.27707027730983613
Placebo,5,3030,True,0.0
Placebo,5,3046,True,0.12448006384141873
Placebo,5,3050,True,0.5338140218958097
Placebo,5,3288,True,0.3572705375053459
Placebo,5,3302,True,0.11743699858954439
Placebo,5,3794,True,0.33768295592966907
Placebo,5,3920,True,0.3758133621933474
Placebo,5,3965,True,0.12987501165334064
Placebo,5,4193,True,0.43240357877631685
Placebo,5,4294,True,0.0
Placebo,5,4383,True,0.5499814971321615
Placebo,5,4474,True,0.3800937667159343
Placebo,5,5068,True,0.0576901476090013
Placebo,5,5258,True,0.0
Placebo,5,5306,True,0.32038050367840903
Placebo,5,5323,True,0.50974683448405
Placebo,5,5421,True,0.4985020946299643
Placebo,5,5766,True,0.4320157332361246
Placebo,5,5877,True,0.1278325345019925
Placebo,5,5887,True,0.10884448316158767
Placebo,5,6126,True,0.0
Placebo,5,6190,True,0.6092094752690137
Placebo,5,6224,True,0.13398749885888844
Placebo,5,6465,True,0.0
Placebo,5,6853,True,0.18823283622270615
Placebo,5,6949,True,0.6455523364756778
Placebo,5,7107,True,0.0988078046741462
Placebo,5,7240,False,0.0
Placebo,5,7937,True,0.4283752395192541
Placebo,5,8015,True,0.45974715740970973
Placebo,5,8066,True,0.0
Placebo,5,8202,True,0.4460933409653096
Placebo,5,8321,True,0.3572581754749475
Placebo,5,9222,True,0.0
Placebo,5,9453,True,0.6228656642701033
Placebo,5,73,True,0.049941400570997205
Placebo,5,390,True,0.2840233588555153
Placebo,5,424,True,0.049941400570997205
Placebo,5,715,True,0.40712904212550133
Placebo,5,915,True,0.0
Placebo,5,1579,True,0.10780509678375631
Placebo,5,1643,True,0.0
Placebo,5,1679,True,0.4636571387933358
Placebo,5,1982,True,0.09478836436955075
Placebo,5,2027,True,0.4491482318818044
Placebo,5,2211,True,0.15556974829149348
Placebo,5,2228,True,0.38878542365261354
Placebo,5,2352,True,0.19669827399395615
Placebo,5,2520,True,0.031810394099475836
Placebo,5,2573,True,0.31488013066763093
Placebo,5,2630,True,0.48383304664662463
Placebo,5,2666,True,0.32202882285972384
Placebo,5,2745,True,0.2207851871931057
Placebo,5,3149,True,0.1216578671294421
Placebo,5,3369,True,0.05013355137207789
Placebo,5,3617,True,0.07876312977220012
Placebo,5,3862,True,0.08860866087646532
Placebo,5,4124,True,0.42263673963207316
Placebo,5,4218,True,0.20432194750530666
Placebo,5,4268,True,0.8899541168509599
Placebo,5,4452,False,0.0
Placebo,5,4522,True,0.13571296355926615
Placebo,5,4784,True,0.5563211103110014
Placebo,5,5139,True,0.8772153153380493
Placebo,5,5438,True,0.18944953479706125
Placebo,5,5565,True,0.0
Placebo,5,5684,True,0.19173422056972433
Placebo,5,5775,True,0.08671382849411978
Placebo,5,6110,True,0.24344303932181466
Placebo,5,6488,True,0.15957412292403253
Placebo,5,6590,True,0.08372491399919352
Placebo,5,6793,True,0.22485174766247457
Placebo,5,7090,True,0.22355761090616136
Placebo,5,7112,True,0.1403860944330722
Placebo,5,7167,True,0.19417007413996287
Placebo,5,7287,True,0.48803201692378784
Placebo,5,7370,True,0.04353781328125618
Placebo,5,7547,True,0.0
Placebo,5,7589,True,0.15759357173025484
Placebo,5,7622,True,0.2565084126650104
Placebo,5,7640,False,0.0
Placebo,5,7757,True,0.06803907609961145
Placebo,5,8162,True,0.5610949643366633
Placebo,5,8508,True,0.0
Placebo,5,8597,True,0.09621361306457149
Placebo,5,8771,True,0.0
Placebo,5,288,True,0.5010403110999135
Placebo,5,635,True,0.44772389673684004
Placebo,5,654,True,0.35622718683857746
Placebo,5,699,True,0.20893078749823946
Placebo,5,743,True,0.2948373941532775
Placebo,5,946,True,0.0
Placebo,5,976,True,0.1142660959055822
Placebo,5,1144,True,0.7838409338645027
Placebo,5,1187,True,0.35421537538003056
Placebo,5,1384,True,0.08335290763330473
Placebo,5,1415,True,0.23397502518824995
Placebo,5,1443,True,0.11591982604869
Placebo,5,1629,True,0.17714752793103516
Placebo,5,1684,True,0.2622062512411465
Placebo,5,1802,True,0.15430392423674621
Placebo,5,1914,True,0.4705379747730861
Placebo,5,2046,True,0.40303028380100486
Placebo,5,2071,True,0.0
Placebo,5,2340,True,0.1378374535122002
Placebo,5,2749,True,0.4793823102637288
Placebo,5,3517,True,0.6706988921223038
Placebo,5,3758,True,0.0
Placebo,5,4110,True,0.13763485077191515
Placebo,5,4111,True,0.107789154524511
Placebo,5,4144,True,0.300859416053802
Placebo,5,5021,True,0.1200743006121955
Placebo,5,5032,True,0.3512248134320592
Placebo,5,5096,True,0.059292163622736496
Placebo,5,5109,True,0.5814566725872298
Placebo,5,5114,True,0.2758230347768702
Placebo,5,5977,True,0.0
Placebo,5,5984,True,0.247465038043995
Placebo,5,6353,True,0.5873841590323622
Placebo,5,6373,True,0.0
Placebo,5,6539,True,0.0
Placebo,5,6554,True,0.12109502691896092
Placebo,5,6884,True,0.46927872602275655
Placebo,5,6955,True,0.277337015062362
Placebo,5,7020,True,0.49114826718852084
Placebo,5,7029,True,0.22212782793993277
Placebo,5,7280,True,0.5462381961095807
Placebo,5,7394,True,0.11415735294709814
Placebo,5,7795,True,0.25677872844864047
Placebo,5,8108,True,0.0
Placebo,5,8560,True,0.30424536889300247
Placebo,5,8632,True,0.3327027302386605
Placebo,5,8657,True,0.2556878479951072
Placebo,5,8777,True,0.42780477109898624
Placebo,5,9151,True,0.10137115429204684
Placebo,5,9609,True,0.2844592709201854
Placebo,6,102,True,0.2147333468234144
Placebo,6,314,True,0.23359844842346333
Placebo,6,1068,True,0.4465459126047725
Placebo,6,1525,True,0.39155765357633854
Placebo,6,1795,True,0.2911146371845511
Placebo,6,1929,True,0.4398623792652481
Placebo,6,1931,True,0.0
Placebo,6,1991,True,0.3936589292010329
Placebo,6,2528,True,0.5566444482419226
Placebo,6,2697,True,0.1714352160016116
Placebo,6,2834,True,0.647657523664691
Placebo,6,2845,True,0.36189191940989607
Placebo,6,3031,True,0.07205002792096968
Placebo,6,3250,True,0.0
Placebo,6,3308,True,0.5123135509134951
Placebo,6,3402,True,0.16663883335720667
Placebo,6,3426,True,0.09469092049497525
Placebo,6,3449,True,0.27597894905651166
Placebo,6,3756,True,0.3707294307815434
Placebo,6,4141,True,0.3344639678138798
Placebo,6,4210,True,0.48213667317633213
Placebo,6,4516,True,0.3330991046303495
Placebo,6,4692,True,0.475217055765674
Placebo,6,4700,True,0.0
Placebo,6,4910,True,0.0
Placebo,6,4962,True,0.23729607578068374
Placebo,6,5275,True,0.2746452544224
Placebo,6,5671,True,0.2971763977702166
Placebo,6,5683,True,0.09019475927038985
Placebo,6,6067,True,0.25607997233975277
Placebo,6,6378,True,0.37991007706067464
Placebo,6,6495,True,0.7165308717651989
Placebo,6,6868,True,0.46959061438458066
Placebo,6,6880,True,0.1915362642956969
Placebo,6,7144,True,0.044399369745528
Placebo,6,7413,True,0.0
Placebo,6,7526,True,0.0
Placebo,6,7531,True,0.0
Placebo,6,7577,True,0.18873103118020407
Placebo,6,7621,True,0.18185974008115438
Placebo,6,8198,True,0.24258245978916712
Placebo,6,8442,True,0.0
Placebo,6,8452,True,0.3815208459649487
Placebo,6,8476,True,0.31313670603955773
Placebo,6,8541,True,0.5021272050478693
Placebo,6,8802,True,0.23614245513512974
Placebo,6,8816,True,0.26700203925391536
Placebo,6,8852,True,0.3903800499921017
Placebo,6,9099,True,0.1396301254578393
Placebo,6,9479,True,0.0821774490341282
Placebo,6,9625,False,0.0
Placebo,6,96,True,0.0
Placebo,6,171,True,0.39757004570349896
Placebo,6,328,True,0.0
Placebo,6,387,True,0.0776895369576595
Placebo,6,754,False,0.0
Placebo,6,983,True,0.35625631573205896
Placebo,6,1039,True,0.295151380503261
Placebo,6,1098,True,0.1889753056427768
Placebo,6,1120,True,0.05467433839563753
Placebo,6,1275,True,0.29603475354329817
Placebo,6,1343,True,0.1834098052484002
Placebo,6,1483,True,0.11300042168180821
Placebo,6,2005,True,0.0
Placebo,6,2048,True,0.5035320039756505
Placebo,6,2379,True,0.5173033046420121
Placebo,6,2516,True,0.18189101756776715
Placebo,6,2601,True,0.33691717041963287
Placebo,6,3210,True,0.053368457452889664
Placebo,6,3601,True,0.1934264036172709
Placebo,6,3729,True,0.12828055830938542
Placebo,6,3832,True,0.3203058990406633
Placebo,6,4104,True,0.14453755287395306
Placebo,6,4286,True,0.1414445811571321
Placebo,6,4329,True,0.14876390584057267
Placebo,6,4553,True,0.13239001846945148
Placebo,6,4790,True,0.15101961822780524
Placebo,6,4844,True,0.10209739512291151
Placebo,6,4994,True,0.05578441968866557
Placebo,6,5020,True,0.388084073974254
Placebo,6,5293,True,0.14342484470735148
Placebo,6,5338,True,0.5814475661155928
Placebo,6,5343,True,0.292942556150643
Placebo,6,5464,True,0.2444521888215188
Placebo,6,5560,True,0.36703963163558273
Placebo,6,5719,True,0.31791004903403136
Placebo,6,6055,True,0.29999761395273544
Placebo,6,6121,True,0.2970478108294601
Placebo,6,6128,True,0.0
Placebo,6,6197,True,0.3248685865949173
Placebo,6,6336,True,0.48088100765411645
Placebo,6,6577,True,0.485052218329608
Placebo,6,6717,True,0.0
Placebo,6,6906,False,0.0
Placebo,6,8550,True,0.0
Placebo,6,8576,True,0.3836331529183766
Placebo,6,8790,False,0.0
Placebo,6,8840,True,0.0
Placebo,6,8878,True,0.14704034066641017
Placebo,6,9337,True,0.21036088379286205
Placebo,6,9501,True,0.3291412073861724
Placebo,6,9512,False,0.0
Placebo,6,45,True,0.3085833847235692
Placebo,6,199,True,0.13347776545523196
Placebo,6,458,True,0.1740418842400413
Placebo,6,564,True,0.5910964852569638
Placebo,6,717,True,0.2026097735578014
Placebo,6,1109,True,0.5491199763671643
Placebo,6,1576,True,0.20816461140087353
Placebo,6,1711,True,0.0
Placebo,6,1868,False,0.0
Placebo,6,1942,True,0.25871653715034915
Placebo,6,2001,True,0.1775974789821119
Placebo,6,2217,True,0.0
Placebo,6,2354,True,0.28350739127742963
Placebo,6,2761,True,0.09241035243445885
Placebo,6,2980,True,0.0
Placebo,6,3021,True,0.12034355933128994
Placebo,6,3030,True,0.0
Placebo,6,3046,True,0.13889697766331777
Placebo,6,3050,True,0.33546055502168093
Placebo,6,3288,True,0.440738410453265
Placebo,6,3302,True,0.12968314202004036
Placebo,6,3794,True,0.15676031934798057
Placebo,6,3920,True,0.21960491377361863
Placebo,6,3965,True,0.15176219107803549
Placebo,6,4193,True,0.34607417964058307
Placebo,6,4294,True,0.0
Placebo,6,4383,True,0.45045418232774387
Placebo,6,4474,True,0.0
Placebo,6,5068,True,0.2787314950281476
Placebo,6,5258,True,0.0
Placebo,6,5306,True,0.48270505166006744
Placebo,6,5323,True,0.6966827760776945
Placebo,6,5421,True,0.5173033046420121
Placebo,6,5766,True,0.6422006858563674
Placebo,6,5877,True,0.0
Placebo,6,5887,True,0.29353344994651365
Placebo,6,6126,True,0.0
Placebo,6,6190,True,0.5138790270283257
Placebo,6,6224,True,0.5564169581397227
Placebo,6,6465,True,0.0
Placebo,6,6853,True,0.1183730142055042
Placebo,6,6949,True,0.5698580163631138
Placebo,6,7107,True,0.14181668455183036
Placebo,6,7240,False,0.0
Placebo,6,7937,True,0.6023801932561405
Placebo,6,8015,True,0.11838279295536289
Placebo,6,8066,True,0.3391602052736161
Placebo,6,8202,True,0.27828697259925905
Placebo,6,8321,True,0.2446852963552989
Placebo,6,9222,True,0.0
Placebo,6,9453,True,0.3500118708531586
Placebo,6,73,True,0.24970700285498595
Placebo,6,390,True,0.2829673843366374
Placebo,6,424,True,0.047264273332909064
Placebo,6,715,True,0.3672018001136628
Placebo,6,915,True,0.0
Placebo,6,1579,True,0.0
Placebo,6,1643,True,0.17714752793103516
Placebo,6,1679,True,0.594324800122546
Placebo,6,1982,True,0.0733639220993601
Placebo,6,2027,True,0.40893282728191294
Placebo,6,2211,True,0.27555194421992346
Placebo,6,2228,True,0.37297106904017496
Placebo,6,2352,True,0.0
Placebo,6,2520,True,0.1244541635112973
Placebo,6,2573,True,0.0
Placebo,6,2630,True,0.46528438903161135
Placebo,6,2666,True,0.6742819032399241
Placebo,6,2745,True,0.32642854829167073
Placebo,6,3149,True,0.1737653531421537
Placebo,6,3369,True,0.09513045393639914
Placebo,6,3617,True,0.16137966198985823
Placebo,6,3862,True,0.26582598262939583
Placebo,6,4124,True,0.31431578494068196
Placebo,6,4218,True,0.3022736014545142
Placebo,6,4268,True,0.8581437227514841
Placebo,6,4452,False,0.0
Placebo,6,4522,True,0.18262718762747635
Placebo,6,4784,True,0.49621796221483716
Placebo,6,5139,True,0.18457569677956798
Placebo,6,5438,True,0.41858547834412974
Placebo,6,5565,True,0.11188521810185739
Placebo,6,5684,True,0.22675059455429633
Placebo,6,5775,True,0.26505310129300313
Placebo,6,6110,True,0.223580089685508
Placebo,6,6488,True,0.1385478132642137
Placebo,6,6590,True,0.5182433129023094
Placebo,6,6793,True,0.15130120674940675
Placebo,6,7090,True,0.04353781328125618
Placebo,6,7112,True,0.30335659025961864
Placebo,6,7167,True,0.4970709643053184
Placebo,6,7287,True,0.3560184718869389
Placebo,6,7370,True,0.17703950101427793
Placebo,6,7547,True,0.12421371338458444
Placebo,6,7589,True,0.16775076781717607
Placebo,6,7622,True,0.41066086880922176
Placebo,6,7640,False,0.0
Placebo,6,7757,True,0.18798855365711153
Placebo,6,8162,True,0.4593853387877372
Placebo,6,8508,True,0.2463023887407299
Placebo,6,8597,True,0.25768322626991574
Placebo,6,8771,True,0.0
Placebo,6,288,True,0.538409496162352
Placebo,6,635,True,0.11443249549775177
Placebo,6,654,True,0.06425604298318159
Placebo,6,699,True,0.2793062112100935
Placebo,6,743,True,0.2672962763338552
Placebo,6,946,True,0.0
Placebo,6,976,True,0.12652791809394934
Placebo,6,1144,True,0.7481966486976506
Placebo,6,1187,True,0.42620398745141197
Placebo,6,1384,True,0.06318450576914782
Placebo,6,1415,True,0.32435256128912776
Placebo,6,1443,True,0.09988280114199441
Placebo,6,1629,True,0.0
Placebo,6,1684,True,0.10566854585929887
Placebo,6,1802,True,0.0
Placebo,6,1914,True,0.36165325129808
Placebo,6,2046,True,0.0
Placebo,6,2071,True,0.0
Placebo,6,2340,True,0.26443550143297617
Placebo,6,2749,True,0.402819311697274
Placebo,6,3517,True,0.7799176861746634
Placebo,6,3758,True,0.10416741342357394
Placebo,6,4110,True,0.19682149318616024
Placebo,6,4111,True,0.0
Placebo,6,4144,True,0.3316282668957828
Placebo,6,5021,True,0.0
Placebo,6,5032,True,0.1736699825318005
Placebo,6,5096,True,0.08039138809008578
Placebo,6,5109,True,0.3424540729085093
Placebo,6,5114,True,0.0754756385123203
Placebo,6,5977,True,0.0
Placebo,6,5984,True,0.6647037891401136
Placebo,6,6353,True,0.42880055605804357
Placebo,6,6373,True,0.057456423831669906
Placebo,6,6539,True,0.0
Placebo,6,6554,True,0.4015059112524498
Placebo,6,6884,True,0.6257049680303421
Placebo,6,6955,True,0.206285183366757
Placebo,6,7020,True,0.4834462666673536
Placebo,6,7029,True,0.1100458831490401
Placebo,6,7280,True,0.0
Placebo,6,7394,True,0.3435912248257775
Placebo,6,7795,True,0.39492687973560553
Placebo,6,8108,True,0.0713975720180687
Placebo,6,8560,True,0.21772717167410086
Placebo,6,8632,True,0.3664221145948015
Placebo,6,8657,True,0.2713003281777279
Placebo,6,8777,True,0.45268301130138
Placebo,6,9151,True,0.3536538732609971
Placebo,6,9609,True,0.2549604238723182
Placebo,7,102,True,0.47603151485325224
Placebo,7,314,True,0.2168265476038617
Placebo,7,1068,True,0.48249542735518647
Placebo,7,1525,True,0.0
Placebo,7,1795,True,0.24540287854952506
Placebo,7,1929,True,0.5196728561616355
Placebo,7,1931,True,0.0
Placebo,7,1991,True,0.18004688502160598
Placebo,7,2528,True,0.5106037934452351
Placebo,7,2697,True,0.28230027917564937
Placebo,7,2834,True,0.512496146225374
Placebo,7,2845,True,0.30443408090184826
Placebo,7,3031,True,0.0793043151251696
Placebo,7,3250,True,0.0
Placebo,7,3308,True,0.46466651919163127
Placebo,7,3402,True,0.2837554555824218
Placebo,7,3426,True,0.0
Placebo,7,3449,True,0.5497185216817064
Placebo,7,3756,True,0.5012872797292788
Placebo,7,4141,True,0.37083512450507644
Placebo,7,4210,True,0.3559763685935811
Placebo,7,4516,True,0.07816005647128943
Placebo,7,4692,True,0.0910822467937829
Placebo,7,4700,True,0.0
Placebo,7,4910,True,0.28906482631788766
Placebo,7,4962,True,0.12438588249677485
Placebo,7,5275,True,0.244964417474475
Placebo,7,5671,True,0.13872396481436305
Placebo,7,5683,True,0.0776895369576595
Placebo,7,6067,True,0.3005192780105688
Placebo,7,6378,True,0.3560686162349226
Placebo,7,6495,True,0.47473050857250587
Placebo,7,6868,True,0.3371387208681099
Placebo,7,6880,True,0.45365535989852784
Placebo,7,7144,True,0.18311043820812756
Placebo,7,7413,True,0.1951890007906611
Placebo,7,7526,True,0.0
Placebo,7,7531,True,0.23230604393401819
Placebo,7,7577,True,0.09010000865236774
Placebo,7,7621,True,0.16852485926922595
Placebo,7,8198,True,0.07373686430042375
Placebo,7,8442,True,0.0
Placebo,7,8452,True,0.3871856946426986
Placebo,7,8476,True,0.41408107563556645
Placebo,7,8541,True,0.3617416989958966
Placebo,7,8802,True,0.1817833074472821
Placebo,7,8816,True,0.13575265406065407
Placebo,7,8852,True,0.3903800499921017
Placebo,7,9099,True,0.0
Placebo,7,9479,True,0.0821774490341282
Placebo,7,9625,False,0.0
Placebo,7,96,True,0.0
Placebo,7,171,True,0.46831844799832206
Placebo,7,328,True,0.0
Placebo,7,387,True,0.0
Placebo,7,754,False,0.0
Placebo,7,983,True,0.56980152247509
Placebo,7,1039,True,0.23425668263612864
Placebo,7,1098,True,0.4553599313318027
Placebo,7,1120,True,0.18557885833829665
Placebo,7,1275,True,0.15894119816355554
Placebo,7,1343,True,0.08996574100558588
Placebo,7,1483,True,0.18229299499732662
Placebo,7,2005,True,0.31833954895937194
Placebo,7,2048,True,0.20135724184377263
Placebo,7,2379,True,0.5530587667109492
Placebo,7,2516,True,0.4507689432720681
Placebo,7,2601,True,0.11311387994706404
Placebo,7,3210,True,0.4717661781863851
Placebo,7,3601,True,0.28532085947766
Placebo,7,3729,True,0.1931331085593736
Placebo,7,3832,True,0.10320796611754454
Placebo,7,4104,True,0.43282963978942174
Placebo,7,4286,True,0.526305245685273
Placebo,7,4329,True,0.24486898783784208
Placebo,7,4553,True,0.10026710274415578
Placebo,7,4790,True,0.0
Placebo,7,4844,True,0.0
Placebo,7,4994,True,0.0
Placebo,7,5020,True,0.4890481476470744
Placebo,7,5293,True,0.3851904246030738
Placebo,7,5338,True,0.6203606083821366
Placebo,7,5343,True,0.33381986477721515
Placebo,7,5464,True,0.11375296085295913
Placebo,7,5560,True,0.3947362305469587
Placebo,7,5719,True,0.09766480928205282
Placebo,7,6055,True,0.3338416755544152
Placebo,7,6121,True,0.12457248397900782
Placebo,7,6128,True,0.08481823664487623
Placebo,7,6197,True,0.38981628501074544
Placebo,7,6336,True,0.5415338829379825
Placebo,7,6577,True,0.42335497589812643
Placebo,7,6717,True,0.0
Placebo,7,6906,False,0.0
Placebo,7,8550,True,0.0
Placebo,7,8576,True,0.4288398090337664
Placebo,7,8790,False,0.0
Placebo,7,8840,True,0.0
Placebo,7,8878,True,0.2707842629583516
Placebo,7,9337,True,0.15360380112499977
Placebo,7,9501,True,0.4924211061952297
Placebo,7,9512,False,0.0
Placebo,7,45,True,0.044399369745528
Placebo,7,199,True,0.24149153402438725
Placebo,7,458,True,0.23313873588182046
Placebo,7,564,True,0.6722363891253278
Placebo,7,717,True,0.0
Placebo,7,1109,True,0.44302016081693224
Placebo,7,1576,True,0.24875512882094783
Placebo,7,1711,True,0.0
Placebo,7,1868,False,0.0
Placebo,7,1942,True,0.5393338043162984
Placebo,7,2001,True,0.5128120124855776
Placebo,7,2217,True,0.0
Placebo,7,2354,True,0.3678310985409571
Placebo,7,2761,True,0.0
Placebo,7,2980,True,0.2960819109658652
Placebo,7,3021,True,0.050161762929274864
Placebo,7,3030,True,0.0
Placebo,7,3046,True,0.12577835875866042
Placebo,7,3050,True,0.4699669638303857
Placebo,7,3288,True,0.25537845370760964
Placebo,7,3302,True,0.21236222583951214
Placebo,7,3794,True,0.0
Placebo,7,3920,True,0.315610914927755
Placebo,7,3965,True,0.1658468365446036
Placebo,7,4193,True,0.4563101869644745
Placebo,7,4294,True,0.057456423831669906
Placebo,7,4383,True,0.4392026627351132
Placebo,7,4474,True,0.0
Placebo,7,5068,True,0.06975096265942549
Placebo,7,5258,True,0.12122913927828413
Placebo,7,5306,True,0.41844103020520224
Placebo,7,5323,True,0.5795045637672139
Placebo,7,5421,True,0.5169254538019149
Placebo,7,5766,True,0.6117256023342299
Placebo,7,5877,True,0.0
Placebo,7,5887,True,0.49751010124236017
Placebo,7,6126,True,0.0
Placebo,7,6190,True,0.6011556666761383
Placebo,7,6224,True,0.06362078819895167
Placebo,7,6465,True,0.0
Placebo,7,6853,True,0.2242534566881844
Placebo,7,6949,True,0.49697686368843325
Placebo,7,7107,True,0.047143303742223905
Placebo,7,7240,False,0.0
Placebo,7,7937,True,0.49050153669397323
Placebo,7,8015,True,0.1279104797062542
Placebo,7,8066,True,0.0
Placebo,7,8202,True,0.23021122966058818
Placebo,7,8321,True,0.49209003593516737
Placebo,7,9222,True,0.0
Placebo,7,9453,True,0.5784903840887361
Placebo,7,73,True,0.20879418788216897
Placebo,7,390,True,0.3111591540203986
Placebo,7,424,True,0.3605357484678187
Placebo,7,715,True,0.23443727467650882
Placebo,7,915,True,0.1480409554829327
Placebo,7,1579,True,0.0
Placebo,7,1643,True,0.08452085079694185
Placebo,7,1679,True,0.5262100306623939
Placebo,7,1982,True,0.26892013846226537
Placebo,7,2027,True,0.11690920424254733
Placebo,7,2211,True,0.4211317770830524
Placebo,7,2228,True,0.27511470787260023
Placebo,7,2352,True,0.4306765580733929
Placebo,7,2520,True,0.253990592318643
Placebo,7,2573,True,0.1388624438735545
Placebo,7,2630,True,0.5287239243478704
Placebo,7,2666,True,0.5801630881337742
Placebo,7,2745,True,0.11011837307953669
Placebo,7,3149,True,0.05163532490696953
Placebo,7,3369,True,0.10981437923994816
Placebo,7,3617,True,0.05456002077434918
Placebo,7,3862,True,0.0
Placebo,7,4124,True,0.2619856571373496
Placebo,7,4218,True,0.1793655758518639
Placebo,7,4268,True,0.9633180389503199
Placebo,7,4452,False,0.0
Placebo,7,4522,True,0.2400599011746574
Placebo,7,4784,True,0.312484522070748
Placebo,7,5139,True,0.18457569677956798
Placebo,7,5438,True,0.23551149984100347
Placebo,7,5565,True,0.11450494763207002
Placebo,7,5684,True,0.25847544495213814
Placebo,7,5775,True,0.07945707943276738
Placebo,7,6110,True,0.1678356295337318
Placebo,7,6488,True,0.05809029402185103
Placebo,7,6590,True,0.1175227747072427
Placebo,7,6793,True,0.39007412760022164
Placebo,7,7090,True,0.08148406294050631
Placebo,7,7112,True,0.10074043689749158
Placebo,7,7167,True,0.27716659255042836
Placebo,7,7287,True,0.5449954407725248
Placebo,7,7370,True,0.12439958736669855
Placebo,7,7547,True,0.0
Placebo,7,7589,True,0.0
Placebo,7,7622,True,0.3200517479766691
Placebo,7,7640,False,0.0
Placebo,7,7757,True,0.0811508278985168
Placebo,7,8162,True,0.46818960590052416
Placebo,7,8508,True,0.0
Placebo,7,8597,True,0.32136469396890516
Placebo,7,8771,True,0.09876232657435269
Placebo,7,288,True,0.7175881027602603
Placebo,7,635,True,0.16788429622804935
Placebo,7,654,True,0.1170363967534973
Placebo,7,699,True,0.09467872459852929
Placebo,7,743,True,0.4889397816318521
Placebo,7,946,True,0.0
Placebo,7,976,True,0.22576512830975648
Placebo,7,1144,True,0.7584455413257029
Placebo,7,1187,True,0.1579665329762636
Placebo,7,1384,True,0.15425114804518938
Placebo,7,1415,True,0.3258101077087307
Placebo,7,1443,True,0.38985156101002555
Placebo,7,1629,True,0.642705741741774
Placebo,7,1684,True,0.20007865772928313
Placebo,7,1802,True,0.09190745559465656
Placebo,7,1914,True,0.5041207420357838
Placebo,7,2046,True,0.08491089147930256
Placebo,7,2071,True,0.20544285070054552
Placebo,7,2340,True,0.1951612774516168
Placebo,7,2749,True,0.4247520302342987
Placebo,7,3517,True,0.5770599813265219
Placebo,7,3758,True,0.04247244516790244
Placebo,7,4110,True,0.48292282180459095
Placebo,7,4111,True,0.0
Placebo,7,4144,True,0.26129928650324913
Placebo,7,5021,True,0.12687550918043292
Placebo,7,5032,True,0.4570371684287301
Placebo,7,5096,True,0.21236222583951214
Placebo,7,5109,True,0.7678543468502091
Placebo,7,5114,True,0.15877437132246489
Placebo,7,5977,True,0.0
Placebo,7,5984,True,0.301666265541759
Placebo,7,6353,True,0.5537051277761371
Placebo,7,6373,True,0.07505933162803989
Placebo,7,6539,True,0.0
Placebo,7,6554,True,0.29563271256885093
Placebo,7,6884,True,0.20210734650054754
Placebo,7,6955,True,0.3239134396887189
Placebo,7,7020,True,0.40565960346843183
Placebo,7,7029,True,0.3361960396219449
Placebo,7,7280,True,0.14683141618032128
Placebo,7,7394,True,0.0
Placebo,7,7795,True,0.4723890791755039
Placebo,7,8108,True,0.3598910995941462
Placebo,7,8560,True,0.3956892198068391
Placebo,7,8632,True,0.33565459395381997
Placebo,7,8657,True,0.18442783606932645
Placebo,7,8777,True,0.28264355263029706
Placebo,7,9151,True,0.15389981200537853
Placebo,7,9609,True,0.32907891649779014
Placebo,8,102,True,0.5518975738870193
Placebo,8,314,True,0.6004463934264757
Placebo,8,1068,True,0.5388796797082236
Placebo,8,1525,True,0.0
Placebo,8,1795,True,0.09077394133714942
Placebo,8,1929,True,0.43240151112142605
Placebo,8,1931,True,0.0
Placebo,8,1991,True,0.08421358772610593
Placebo,8,2528,True,0.34287023973340913
Placebo,8,2697,True,0.2933904358477117
Placebo,8,2834,True,0.5823885631501283
Placebo,8,2845,True,0.37528961415327233
Placebo,8,3031,True,0.09467872459852929
Placebo,8,3250,True,0.0
Placebo,8,3308,True,0.2731483577913089
Placebo,8,3402,True,0.4613669795788176
Placebo,8,3426,True,0.0
Placebo,8,3449,True,0.23091349367096228
Placebo,8,3756,True,0.4260967530293622
Placebo,8,4141,True,0.2839790109538114
Placebo,8,4210,True,0.19332743958660664
Placebo,8,4516,True,0.05486215600228704
Placebo,8,4692,True,0.0
Placebo,8,4700,True,0.319393943239799
Placebo,8,4910,True,0.0
Placebo,8,4962,True,0.2942026330205877
Placebo,8,5275,True,0.088798739491056
Placebo,8,5671,True,0.24464059355106013
Placebo,8,5683,True,0.25961234783119214
Placebo,8,6067,True,0.32805586556224525
Placebo,8,6378,True,0.4231396246371374
Placebo,8,6495,True,0.6454111265710014
Placebo,8,6868,True,0.1578427141663394
Placebo,8,6880,True,0.2632962222065361
Placebo,8,7144,True,0.3500121542392368
Placebo,8,7413,True,0.0
Placebo,8,7526,True,0.1480409554829327
Placebo,8,7531,True,0.0
Placebo,8,7577,True,0.0
Placebo,8,7621,True,0.46599458495015694
Placebo,8,8198,True,0.5488157614976865
Placebo,8,8442,True,0.0
Placebo,8,8452,True,0.2115212082332762
Placebo,8,8476,True,0.32854163807292613
Placebo,8,8541,True,0.4819493499798729
Placebo,8,8802,True,0.21505758741470454
Placebo,8,8816,True,0.0
Placebo,8,8852,True,0.0
Placebo,8,9099,True,0.049941400570997205
Placebo,8,9479,True,0.0
Placebo,8,9625,False,0.0
Placebo,8,96,True,0.0
Placebo,8,171,True,0.3702646560848086
Placebo,8,328,True,0.0
Placebo,8,387,True,0.0
Placebo,8,754,False,0.0
Placebo,8,983,True,0.4595194895153979
Placebo,8,1039,True,0.4165543275943325
Placebo,8,1098,True,0.11613618508243675
Placebo,8,1120,True,0.2759135652955847
Placebo,8,1275,True,0.49855595682523995
Placebo,8,1343,True,0.1423165067357237
Placebo,8,1483,True,0.12330133029000186
Placebo,8,2005,True,0.16354138662029638
Placebo,8,2048,True,0.24089074559018958
Placebo,8,2379,True,0.6851353342796959
Placebo,8,2516,True,0.36796602068519735
Placebo,8,2601,True,0.38626825021295585
Placebo,8,3210,True,0.44850864534649393
Placebo,8,3601,True,0.0
Placebo,8,3729,True,0.07502291087608069
Placebo,8,3832,True,0.1517708415006662
Placebo,8,4104,True,0.12102457916714231
Placebo,8,4286,True,0.2553511497042833
Placebo,8,4329,True,0.14201905717762706
Placebo,8,4553,True,0.30242760212068404
Placebo,8,4790,True,0.0
Placebo,8,4844,True,0.0
Placebo,8,4994,True,0.40749993785865246
Placebo,8,5020,True,0.25773825190156036
Placebo,8,5293,True,0.2198596272259508
Placebo,8,5338,True,0.5242203857068126
Placebo,8,5343,True,0.5811379274630157
Placebo,8,5464,True,0.09644431195773961
Placebo,8,5560,True,0.24694275277765243
Placebo,8,5719,True,0.21768896632317528
Placebo,8,6055,True,0.3817934910352321
Placebo,8,6121,True,0.30662668691321027
Placebo,8,6128,True,0.14671144484317286
Placebo,8,6197,True,0.3814061357354954
Placebo,8,6336,True,0.5136518385656486
Placebo,8,6577,True,0.43970469698066994
Placebo,8,6717,True,0.0
Placebo,8,6906,False,0.0
Placebo,8,8550,True,0.0
Placebo,8,8576,True,0.1244541635112973
Placebo,8,8790,False,0.0
Placebo,8,8840,True,0.0
Placebo,8,8878,True,0.14704034066641017
Placebo,8,9337,True,0.0
Placebo,8,9501,True,0.3396411986579972
Placebo,8,9512,False,0.0
Placebo,8,45,True,0.16576005561488447
Placebo,8,199,True,0.09797563950575583
Placebo,8,458,True,0.337547157811304
Placebo,8,564,True,0.9668728882728055
Placebo,8,717,True,0.0
Placebo,8,1109,True,0.5503318525230945
Placebo,8,1576,True,0.04842079006140466
Placebo,8,1711,True,0.6309297535714573
Placebo,8,1868,False,0.0
Placebo,8,1942,True,0.23626215147099394
Placebo,8,2001,True,0.4003805682317204
Placebo,8,2217,True,0.0
Placebo,8,2354,True,0.18408657888679886
Placebo,8,2761,True,0.076745136502618
Placebo,8,2980,True,0.0
Placebo,8,3021,True,0.18316167326282295
Placebo,8,3030,True,0.0
Placebo,8,3046,True,0.08412540196328146
Placebo,8,3050,True,0.459172961932904
Placebo,8,3288,True,0.5508623893728284
Placebo,8,3302,True,0.2825595364732435
Placebo,8,3794,True,0.0
Placebo,8,3920,True,0.32806229768146455
Placebo,8,3965,True,0.17993148201117176
Placebo,8,4193,True,0.647409937747115
Placebo,8,4294,True,0.0
Placebo,8,4383,True,0.5265650624192247
Placebo,8,4474,True,0.0
Placebo,8,5068,True,0.3252092460110336
Placebo,8,5258,True,0.2814853444092611
Placebo,8,5306,True,0.41184994669828545
Placebo,8,5323,True,0.5211508335357067
Placebo,8,5421,True,0.4504080991566812
Placebo,8,5766,True,0.5274455111603074
Placebo,8,5877,True,0.12429378822225746
Placebo,8,5887,True,0.14356062435902342
Placebo,8,6126,True,0.4306765580733929
Placebo,8,6190,True,0.6663749070834257
Placebo,8,6224,True,0.43531196564595626
Placebo,8,6465,True,0.0
Placebo,8,6853,True,0.08421358772610599
Placebo,8,6949,True,0.5967130441458655
Placebo,8,7107,True,0.1976156093482924
Placebo,8,7240,False,0.0
Placebo,8,7937,True,0.6476296182099598
Placebo,8,8015,True,0.09162544430476369
Placebo,8,8066,True,0.0
Placebo,8,8202,True,0.37741748547741527
Placebo,8,8321,True,0.39635007851905596
Placebo,8,9222,True,0.0
Placebo,8,9453,True,0.44918007397266696
Placebo,8,73,True,0.20778411473733654
Placebo,8,390,True,0.3451662416089116
Placebo,8,424,True,0.2996484034259831
Placebo,8,715,True,0.35098635093887426
Placebo,8,915,True,0.23463936301137828
Placebo,8,1579,True,0.10780509678375631
Placebo,8,1643,True,0.0
Placebo,8,1679,True,0.450180910694004
Placebo,8,1982,True,0.07839826897867538
Placebo,8,2027,True,0.4759955992074916
Placebo,8,2211,True,0.43673949858938654
Placebo,8,2228,True,0.25190216039755603
Placebo,8,2352,True,0.0
Placebo,8,2520,True,0.13568544539116625
Placebo,8,2573,True,0.0733639220993601
Placebo,8,2630,True,0.6264205135925888
Placebo,8,2666,True,0.23719884304089484
Placebo,8,2745,True,0.10132395192107477
Placebo,8,3149,True,0.3063323220802387
Placebo,8,3369,True,0.34024891005946784
Placebo,8,3617,True,0.13175847688434633
Placebo,8,3862,True,0.0
Placebo,8,4124,True,0.5427801747902382
Placebo,8,4218,True,0.11140456097497296
Placebo,8,4268,True,0.7451926227335312
Placebo,8,4452,False,0.0
Placebo,8,4522,True,0.0970477754402881
Placebo,8,4784,True,0.4398531241065525
Placebo,8,5139,True,0.0
Placebo,8,5438,True,0.3758750488621524
Placebo,8,5565,True,0.22900989526413987
Placebo,8,5684,True,0.45989024000517864
Placebo,8,5775,True,0.10633668103022988
Placebo,8,6110,True,0.23236600017801826
Placebo,8,6488,True,0.1460256631974445
Placebo,8,6590,True,0.1849535222114937
Placebo,8,6793,True,0.0
Placebo,8,7090,True,0.2764582536639236
Placebo,8,7112,True,0.09359072962204817
Placebo,8,7167,True,0.19679180414299094
Placebo,8,7287,True,0.38930448439738713
Placebo,8,7370,True,0.07930007128354423
Placebo,8,7547,True,0.0
Placebo,8,7589,True,0.05184819766823354
Placebo,8,7622,True,0.2981717056873219
Placebo,8,7640,False,0.0
Placebo,8,7757,True,0.0
Placebo,8,8162,True,0.6100458831490401
Placebo,8,8508,True,0.0
Placebo,8,8597,True,0.03922942186031089
Placebo,8,8771,True,0.0
Placebo,8,288,True,0.4584880268471897
Placebo,8,635,True,0.16637030000499506
Placebo,8,654,True,0.34634689786714556
Placebo,8,699,True,0.22479936365058328
Placebo,8,743,True,0.5024272806989916
Placebo,8,946,True,1.0
Placebo,8,976,True,0.23949068454877484
Placebo,8,1144,True,0.8043199044494294
Placebo,8,1187,True,0.4187125985336916
Placebo,8,1384,True,0.27563083436954455
Placebo,8,1415,True,0.11626137680336034
Placebo,8,1443,True,0.11591982604869
Placebo,8,1629,True,0.0
Placebo,8,1684,True,0.17907045092245477
Placebo,8,1802,True,0.046914224068210206
Placebo,8,1914,True,0.341767124716467
Placebo,8,2046,True,0.0
Placebo,8,2071,True,0.0
Placebo,8,2340,True,0.13332316071311007
Placebo,8,2749,True,0.22791509551906253
Placebo,8,3517,True,0.4120899656981683
Placebo,8,3758,True,0.12741733550370726
Placebo,8,4110,True,0.21597206461045232
Placebo,8,4111,True,0.0
Placebo,8,4144,True,0.17651542167008943
Placebo,8,5021,True,0.05501287053785307
Placebo,8,5032,True,0.48467877921088637
Placebo,8,5096,True,0.12741733550370726
Placebo,8,5109,True,0.2920282490862769
Placebo,8,5114,True,0.1283532368048051
Placebo,8,5977,True,1.0
Placebo,8,5984,True,0.11936100530835175
Placebo,8,6353,True,0.6986731194852006
Placebo,8,6373,True,0.0
Placebo,8,6539,True,0.0
Placebo,8,6554,True,0.04420524281920165
Placebo,8,6884,True,0.8331866237048456
Placebo,8,6955,True,0.0576901476090013
Placebo,8,7020,True,0.5447352216714372
Placebo,8,7029,True,0.08433567360684219
Placebo,8,7280,True,0.12144242531019436
Placebo,8,7394,True,0.0
Placebo,8,7795,True,0.40124437201358487
Placebo,8,8108,True,0.14465249243306436
Placebo,8,8560,True,0.3107467350123145
Placebo,8,8632,True,0.4291532513402976
Placebo,8,8657,True,0.1388624438735545
Placebo,8,8777,True,0.569160536493966
Placebo,8,9151,True,0.3941161247327177
Placebo,8,9609,True,0.3325835615264772
Placebo,9,102,True,0.2528410271851775
Placebo,9,314,True,0.39957250122716664
Placebo,9,1068,True,0.6798298003680714
Placebo,9,1525,True,0.25876127285347106
Placebo,9,1795,True,0.28515600886975095
Placebo,9,1929,True,0.39710623847889337
Placebo,9,1931,True,0.0
Placebo,9,1991,True,0.397570476349945
Placebo,9,2528,True,0.41948893057713416
Placebo,9,2697,True,0.27714874654253546
Placebo,9,2834,True,0.3718793606836525
Placebo,9,2845,True,0.30121921470311824
Placebo,9,3031,True,0.3735115196374553
Placebo,9,3250,True,0.1100458831490401
Placebo,9,3308,True,0.12870972571734232
Placebo,9,3402,True,0.3392242501760946
Placebo,9,3426,True,0.0
Placebo,9,3449,True,0.351233185758303
Placebo,9,3756,True,0.5621062582397186
Placebo,9,4141,True,0.4272064956073776
Placebo,9,4210,True,0.44763606423703844
Placebo,9,4516,True,0.25739710783324377
Placebo,9,4692,True,0.08284110740321352
Placebo,9,4700,True,0.1596969716198995
Placebo,9,4910,True,0.38685280723454163
Placebo,9,4962,True,0.0670201173131848
Placebo,9,5275,True,0.0
Placebo,9,5671,True,0.21300000021732485
Placebo,9,5683,True,0.12669074888309206
Placebo,9,6067,True,0.4260129916367026
Placebo,9,6378,True,0.4122272966473275
Placebo,9,6495,True,0.33502053189890263
Placebo,9,6868,True,0.2573373824118128
Placebo,9,6880,True,0.436791463202786
Placebo,9,7144,True,0.18111945711353525
Placebo,9,7413,True,0.4804457625371466
Placebo,9,7526,True,0.0
Placebo,9,7531,True,0.21410999096765893
Placebo,9,7577,True,0.0731168384439099
Placebo,9,7621,True,0.205427191336361
Placebo,9,8198,True,0.25094433608526473
Placebo,9,8442,True,0.0
Placebo,9,8452,True,0.18082384726500145
Placebo,9,8476,True,0.5113924037500989
Placebo,9,8541,True,0.5531033598617474
Placebo,9,8802,True,0.15178906991406407
Placebo,9,8816,True,0.07616128966473122
Placebo,9,8852,True,0.0
Placebo,9,9099,True,0.17383130320134824
Placebo,9,9479,True,0.05854439592831935
Placebo,9,9625,False,0.0
Placebo,9,96,True,0.0
Placebo,9,171,True,0.5422829972711972
Placebo,9,328,True,0.0
Placebo,9,387,True,0.11381311447980796
Placebo,9,754,False,0.0
Placebo,9,983,True,0.23512221714978057
Placebo,9,1039,True,0.2936561782028947
Placebo,9,1098,True,0.3536419940761339
Placebo,9,1120,True,0.2380517993533622
Placebo,9,1275,True,0.18554205077201114
Placebo,9,1343,True,0.2934556883974403
Placebo,9,1483,True,0.1626758514573969
Placebo,9,2005,True,0.2816575879096919
Placebo,9,2048,True,0.34228051380149876
Placebo,9,2379,True,0.4992491097166104
Placebo,9,2516,True,0.27108847097297983
Placebo,9,2601,True,0.441285179312893
Placebo,9,3210,True,0.2896898241174349
Placebo,9,3601,True,0.0
Placebo,9,3729,True,0.08472032376115692
Placebo,9,3832,True,0.2544771995940103
Placebo,9,4104,True,0.19512502441229543
Placebo,9,4286,True,0.1544949923232123
Placebo,9,4329,True,0.33030042937623144
Placebo,9,4553,True,0.046914224068210206
Placebo,9,4790,True,0.1681275362711174
Placebo,9,4844,True,0.0
Placebo,9,4994,True,0.14369050982152096
Placebo,9,5020,True,0.1967438323045799
Placebo,9,5293,True,0.1391137096234159
Placebo,9,5338,True,0.6329597438172919
Placebo,9,5343,True,0.2741725465091357
Placebo,9,5464,True,0.1575573591631193
Placebo,9,5560,True,0.2705157294233845
Placebo,9,5719,True,0.33265839960663296
Placebo,9,6055,True,0.41805800641201707
Placebo,9,6121,True,0.14090795798815084
Placebo,9,6128,True,0.12637036019006423
Placebo,9,6197,True,0.15547371525252413
Placebo,9,6336,True,0.6955712275556039
Placebo,9,6577,True,0.29824487101167724
Placebo,9,6717,True,0.0
Placebo,9,6906,False,0.0
Placebo,9,8550,True,0.0
Placebo,9,8576,True,0.5126589261544852
Placebo,9,8790,False,0.0
Placebo,9,8840,True,0.0
Placebo,9,8878,True,0.1353921314791758
Placebo,9,9337,True,0.0
Placebo,9,9501,True,0.5637126509098633
Placebo,9,9512,False,0.0
Placebo,9,45,True,0.020341878048173462
Placebo,9,199,True,0.12663167705327652
Placebo,9,458,True,0.3072479640155383
Placebo,9,564,True,0.655822490687677
Placebo,9,717,True,0.0
Placebo,9,1109,True,0.3741879037746476
Placebo,9,1576,True,0.0
Placebo,9,1711,True,0.0
Placebo,9,1868,False,0.0
Placebo,9,1942,True,0.5193241555654857
Placebo,9,2001,True,0.040683756096346925
Placebo,9,2217,True,0.1987902024761975
Placebo,9,2354,True,0.3424705780437218
Placebo,9,2761,True,0.0
Placebo,9,2980,True,0.1356519734324477
Placebo,9,3021,True,0.2950115287441633
Placebo,9,3030,True,0.3333333333333335
Placebo,9,3046,True,0.19897571533555872
Placebo,9,3050,True,0.3437921200265196
Placebo,9,3288,True,0.21291896831790172
Placebo,9,3302,True,0.2927536139295979
Placebo,9,3794,True,0.2026097735578014
Placebo,9,3920,True,0.2122263659729146
Placebo,9,3965,True,0.4081667180083292
Placebo,9,4193,True,0.0774353479780061
Placebo,9,4294,True,0.0
Placebo,9,4383,True,0.329585910525981
Placebo,9,4474,True,0.0
Placebo,9,5068,True,0.2664628585461853
Placebo,9,5258,True,0.0
Placebo,9,5306,True,0.44118414428643576
Placebo,9,5323,True,0.5135821169098508
Placebo,9,5421,True,0.48417619291481767
Placebo,9,5766,True,0.35187710724418897
Placebo,9,5877,True,0.0
Placebo,9,5887,True,0.10912004154869837
Placebo,9,6126,True,0.0
Placebo,9,6190,True,0.4557631712357113
Placebo,9,6224,True,0.2905410190557838
Placebo,9,6465,True,0.0
Placebo,9,6853,True,0.08421358772610593
Placebo,9,6949,True,0.4358491564170039
Placebo,9,7107,True,0.05220222172903413
Placebo,9,7240,False,0.0
Placebo,9,7937,True,0.3176644464137886
Placebo,9,8015,True,0.08671382849411978
Placebo,9,8066,True,0.0
Placebo,9,8202,True,0.406726194394262
Placebo,9,8321,True,0.3449358982011659
Placebo,9,9222,True,0.0
Placebo,9,9453,True,0.2557360514649324
Placebo,9,73,True,0.2363213666645452
Placebo,9,390,True,0.5093051490245302
Placebo,9,424,True,0.049941400570997205
Placebo,9,715,True,0.29062990730975885
Placebo,9,915,True,0.0
Placebo,9,1579,True,0.0
Placebo,9,1643,True,0.0
Placebo,9,1679,True,0.3401805930667413
Placebo,9,1982,True,0.0
Placebo,9,2027,True,0.23748160433348894
Placebo,9,2211,True,0.0
Placebo,9,2228,True,0.1272571172828859
Placebo,9,2352,True,0.0
Placebo,9,2520,True,0.2439495618726871
Placebo,9,2573,True,0.0
Placebo,9,2630,True,0.47889833892325806
Placebo,9,2666,True,0.3626771117814003
Placebo,9,2745,True,0.0
Placebo,9,3149,True,0.36428566912145466
Placebo,9,3369,True,0.37931561012382586
Placebo,9,3617,True,0.19544306989033045
Placebo,9,3862,True,0.0
Placebo,9,4124,True,0.37754003152840815
Placebo,9,4218,True,0.31397229257509607
Placebo,9,4268,True,0.94497705842548
Placebo,9,4452,False,0.0
Placebo,9,4522,True,0.14198208183183592
Placebo,9,4784,True,0.28959552864137944
Placebo,9,5139,True,0.0
Placebo,9,5438,True,0.07915241905590656
Placebo,9,5565,True,0.0
Placebo,9,5684,True,0.15577138893291304
Placebo,9,5775,True,0.19550631742967162
Placebo,9,6110,True,0.04330890684638207
Placebo,9,6488,True,0.0
Placebo,9,6590,True,0.2048492470163289
Placebo,9,6793,True,0.0
Placebo,9,7090,True,0.28009338050326116
Placebo,9,7112,True,0.2911083900221263
Placebo,9,7167,True,0.6074872656990845
Placebo,9,7287,True,0.38524340486733366
Placebo,9,7370,True,0.04782041155631733
Placebo,9,7547,True,0.16957810039284812
Placebo,9,7589,True,0.04849248715871795
Placebo,9,7622,True,0.15149447328034032
Placebo,9,7640,False,0.0
Placebo,9,7757,True,0.07425302840123005
Placebo,9,8162,True,0.5032174219267482
Placebo,9,8508,True,0.3903800499921017
Placebo,9,8597,True,0.3352338543124154
Placebo,9,8771,True,0.08002159439830046
Placebo,9,288,True,0.5686270814986967
Placebo,9,635,True,0.20875345823772995
Placebo,9,654,True,0.21497088260500094
Placebo,9,699,True,0.03683186995726716
Placebo,9,743,True,0.3504202972672486
Placebo,9,946,True,0.0
Placebo,9,976,True,0.0
Placebo,9,1144,True,0.6204187392900263
Placebo,9,1187,True,0.37188992747096516
Placebo,9,1384,True,0.16154812890996545
Placebo,9,1415,True,0.36668593408296546
Placebo,9,1443,True,0.2323660001780182
Placebo,9,1629,True,0.10861750945625488
Placebo,9,1684,True,0.0
Placebo,9,1802,True,0.12017577247904795
Placebo,9,1914,True,0.5678860794346079
Placebo,9,2046,True,0.0
Placebo,9,2071,True,0.0
Placebo,9,2340,True,0.37148237488695324
Placebo,9,2749,True,0.2444521888215188
Placebo,9,3517,True,0.6023683544209925
Placebo,9,3758,True,0.112972086858323
Placebo,9,4110,True,0.2754304838152461
Placebo,9,4111,True,0.0
Placebo,9,4144,True,0.09170752945088652
Placebo,9,5021,True,0.05501287053785307
Placebo,9,5032,True,0.335842277461375
Placebo,9,5096,True,0.18352839819571404
Placebo,9,5109,True,0.6198812833678855
Placebo,9,5114,True,0.237537501094665
Placebo,9,5977,True,0.0
Placebo,9,5984,True,0.33725000832258367
Placebo,9,6353,True,0.5082718490665479
Placebo,9,6373,True,0.0
Placebo,9,6539,True,0.0
Placebo,9,6554,True,0.4881801486473107
Placebo,9,6884,True,0.0
Placebo,9,6955,True,0.17803370694029122
Placebo,9,7020,True,0.6169760664989726
Placebo,9,7029,True,0.266779874153624
Placebo,9,7280,True,0.18718951387087593
Placebo,9,7394,True,0.04681599109282455
Placebo,9,7795,True,0.3398181476734189
Placebo,9,8108,True,0.1951890007906611
Placebo,9,8560,True,0.13691975839908876
Placebo,9,8632,True,0.4491471396398979
Placebo,9,8657,True,0.2225187810651621
Placebo,9,8777,True,0.2600276975221249
Placebo,9,9151,True,0.2638330778019241
Placebo,9,9609,True,0.19087622357670844
Placebo,10,102,True,0.30026233267657004
Placebo,10,314,True,0.3607005526070935
Placebo,10,1068,True,0.4065912875057089
Placebo,10,1525,True,0.15992002911428893
Placebo,10,1795,True,0.2998864428300995
Placebo,10,1929,True,0.3470578414575863
Placebo,10,1931,True,0.0
Placebo,10,1991,True,0.2507140619555888
Placebo,10,2528,True,0.48244894861690446
Placebo,10,2697,True,0.18488667687504376
Placebo,10,2834,True,0.34966545319658077
Placebo,10,2845,True,0.27572603782184457
Placebo,10,3031,True,0.1783253787360804
Placebo,10,3250,True,0.0
Placebo,10,3308,True,0.3372080579682882
Placebo,10,3402,True,0.24636704036361862
Placebo,10,3426,True,0.06232532315595917
Placebo,10,3449,True,0.41735886423641566
Placebo,10,3756,True,0.20009096110378946
Placebo,10,4141,True,0.134696951252582
Placebo,10,4210,True,0.292156305126275
Placebo,10,4516,True,0.17460749827667446
Placebo,10,4692,True,0.09359072962204817
Placebo,10,4700,True,0.0
Placebo,10,4910,True,0.29504741099093423
Placebo,10,4962,True,0.41805800641201707
Placebo,10,5275,True,0.088798739491056
Placebo,10,5671,True,0.08320577491785851
Placebo,10,5683,True,0.2446455615239613
Placebo,10,6067,True,0.2513745032908283
Placebo,10,6378,True,0.2755745207745794
Placebo,10,6495,True,0.2426178552850034
Placebo,10,6868,True,0.5364050592830357
Placebo,10,6880,True,0.41621086516834255
Placebo,10,7144,True,0.2749435475475679
Placebo,10,7413,True,0.26977175334526116
Placebo,10,7526,True,0.0
Placebo,10,7531,True,0.0
Placebo,10,7577,True,0.03655841922195495
Placebo,10,7621,True,0.2947273694482946
Placebo,10,8198,True,0.2346747409709272
Placebo,10,8442,True,0.0
Placebo,10,8452,True,0.2138590342310977
Placebo,10,8476,True,0.3777901648519034
Placebo,10,8541,True,0.36030578357963394
Placebo,10,8802,True,0.331618895781339
Placebo,10,8816,True,0.19687407778989194
Placebo,10,8852,True,0.11751610475642699
Placebo,10,9099,True,0.22510483276093118
Placebo,10,9479,True,0.29954251512229696
Placebo,10,9625,False,0.0
Placebo,10,96,True,0.0
Placebo,10,171,True,0.572883612351668
Placebo,10,328,True,0.0
Placebo,10,387,True,0.06978419164318803
Placebo,10,754,False,0.0
Placebo,10,983,True,0.2672885537119324
Placebo,10,1039,True,0.289095732518514
Placebo,10,1098,True,0.28109836240918457
Placebo,10,1120,True,0.153490273005236
Placebo,10,1275,True,0.3539192815171041
Placebo,10,1343,True,0.428385432108412
Placebo,10,1483,True,0.07855213399923987
Placebo,10,2005,True,0.3340514446642156
Placebo,10,2048,True,0.2504836694071094
Placebo,10,2379,True,0.47487004602990374
Placebo,10,2516,True,0.3014935309386884
Placebo,10,2601,True,0.19575819879232836
Placebo,10,3210,True,0.3029959558078438
Placebo,10,3601,True,0.0
Placebo,10,3729,True,0.3438536462451847
Placebo,10,3832,True,0.1565406896596897
Placebo,10,4104,True,0.2593544824849909
Placebo,10,4286,True,0.5450197061308584
Placebo,10,4329,True,0.24655055544758622
Placebo,10,4553,True,0.19178107513369502
Placebo,10,4790,True,0.18165878063358412
Placebo,10,4844,True,0.0
Placebo,10,4994,True,0.09880780467414627
Placebo,10,5020,True,0.43286371806790724
Placebo,10,5293,True,0.29920355103846474
Placebo,10,5338,True,0.654115782538469
Placebo,10,5343,True,0.22765647038374495
Placebo,10,5464,True,0.09082132102137258
Placebo,10,5560,True,0.39180746487444207
Placebo,10,5719,True,0.37579524035572637
Placebo,10,6055,True,0.23367376407502083
Placebo,10,6121,True,0.20313603216641063
Placebo,10,6128,True,0.2669346256980391
Placebo,10,6197,True,0.12286566427010319
Placebo,10,6336,True,0.3855137202519378
Placebo,10,6577,True,0.3684065610289499
Placebo,10,6717,True,0.0
Placebo,10,6906,False,0.0
Placebo,10,8550,True,0.0
Placebo,10,8576,True,0.43926548734947646
Placebo,10,8790,False,0.0
Placebo,10,8840,True,0.0
Placebo,10,8878,True,0.22883924989280766
Placebo,10,9337,True,0.13603488629504495
Placebo,10,9501,True,0.32104470626787
Placebo,10,9512,False,0.0
Placebo,10,45,True,0.31281415619606473
Placebo,10,199,True,0.0
Placebo,10,458,True,0.3369520261999134
Placebo,10,564,True,0.7472525095518603
Placebo,10,717,True,0.5065244338945035
Placebo,10,1109,True,0.49044388677513967
Placebo,10,1576,True,0.10232684867015737
Placebo,10,1711,True,0.0
Placebo,10,1868,False,0.0
Placebo,10,1942,True,0.7187406481087211
Placebo,10,2001,True,0.25607472249247043
Placebo,10,2217,True,0.0
Placebo,10,2354,True,0.42033736756687473
Placebo,10,2761,True,0.306980546010472
Placebo,10,2980,True,0.14465396417138077
Placebo,10,3021,True,0.32396473763536004
Placebo,10,3030,True,0.0
Placebo,10,3046,True,0.4047816840396961
Placebo,10,3050,True,0.4334985644225189
Placebo,10,3288,True,0.4047140083912248
Placebo,10,3302,True,0.16078277618017145
Placebo,10,3794,True,0.30235109431779933
Placebo,10,3920,True,0.3402123556803339
Placebo,10,3965,True,0.2528410271851775
Placebo,10,4193,True,0.3162505568093078
Placebo,10,4294,True,0.05992800189396161
Placebo,10,4383,True,0.48103702650067665
Placebo,10,4474,True,0.0
Placebo,10,5068,True,0.20007596046715045
Placebo,10,5258,True,0.22954141169568656
Placebo,10,5306,True,0.4808681771169109
Placebo,10,5323,True,0.6399021846330849
Placebo,10,5421,True,0.5852448364328018
Placebo,10,5766,True,0.5801766190269483
Placebo,10,5877,True,0.0
Placebo,10,5887,True,0.3040924510004026
Placebo,10,6126,True,0.0
Placebo,10,6190,True,0.6323101113637192
Placebo,10,6224,True,0.18844415212771548
Placebo,10,6465,True,0.0
Placebo,10,6853,True,0.317845723001218
Placebo,10,6949,True,0.59155424024678
Placebo,10,7107,True,0.047143303742223905
Placebo,10,7240,False,0.0
Placebo,10,7937,True,0.542203160453457
Placebo,10,8015,True,0.11838279295536289
Placebo,10,8066,True,0.2139862647345275
Placebo,10,8202,True,0.40364578197573686
Placebo,10,8321,True,0.25823671976937757
Placebo,10,9222,True,0.0
Placebo,10,9453,True,0.2288669358762219
Placebo,10,73,True,0.21044837271450806
Placebo,10,390,True,0.5087587015910097
Placebo,10,424,True,0.06452577150984494
Placebo,10,715,True,0.4467162200440941
Placebo,10,915,True,0.0
Placebo,10,1579,True,0.15197571912874175
Placebo,10,1643,True,0.20863058107042656
Placebo,10,1679,True,0.22656034922271168
Placebo,10,1982,True,0.0
Placebo,10,2027,True,0.04681599109282455
Placebo,10,2211,True,0.7811794288642909
Placebo,10,2228,True,0.1498113059440708
Placebo,10,2352,True,0.0
Placebo,10,2520,True,0.4797123144557703
Placebo,10,2573,True,0.4035015715464804
Placebo,10,2630,True,0.6272973345088387
Placebo,10,2666,True,0.4071264041774536
Placebo,10,2745,True,0.43003374805758754
Placebo,10,3149,True,0.1230205276705607
Placebo,10,3369,True,0.09681446384354923
Placebo,10,3617,True,0.18721364118669334
Placebo,10,3862,True,0.08860866087646532
Placebo,10,4124,True,0.1954430698903304
Placebo,10,4218,True,0.12065389290783829
Placebo,10,4268,True,0.8611375561264455
Placebo,10,4452,False,0.0
Placebo,10,4522,True,0.12996574616805415
Placebo,10,4784,True,0.5965078809262634
Placebo,10,5139,True,0.1934264036172709
Placebo,10,5438,True,0.25637839276259033
Placebo,10,5565,True,0.0
Placebo,10,5684,True,0.16208478830810066
Placebo,10,5775,True,0.22906361076190915
Placebo,10,6110,True,0.19441134780781255
Placebo,10,6488,True,0.0
Placebo,10,6590,True,0.44127999651799077
Placebo,10,6793,True,0.2387729208508149
Placebo,10,7090,True,0.11681532769286622
Placebo,10,7112,True,0.5615443777322888
Placebo,10,7167,True,0.304586375533729
Placebo,10,7287,True,0.42097366859218666
Placebo,10,7370,True,0.09456701548023279
Placebo,10,7547,True,0.0
Placebo,10,7589,True,0.04947575425284123
Placebo,10,7622,True,0.21181848128813138
Placebo,10,7640,False,0.0
Placebo,10,7757,True,0.37427100341653585
Placebo,10,8162,True,0.40577792393614226
Placebo,10,8508,True,0.13905617951077567
Placebo,10,8597,True,0.39768461698322394
Placebo,10,8771,True,0.08385876085662766
Placebo,10,288,True,0.45161963616595685
Placebo,10,635,True,0.5148906897894207
Placebo,10,654,True,0.18052293467685038
Placebo,10,699,True,0.18229299499732662
Placebo,10,743,True,0.7620420957393071
Placebo,10,946,True,0.0
Placebo,10,976,True,0.0
Placebo,10,1144,True,0.7494152833426196
Placebo,10,1187,True,0.31199232392967513
Placebo,10,1384,True,0.05468343522706441
Placebo,10,1415,True,0.14442979502447748
Placebo,10,1443,True,0.29032591320236323
Placebo,10,1629,True,0.0
Placebo,10,1684,True,0.0
Placebo,10,1802,True,0.07958503779668562
Placebo,10,1914,True,0.3069733361845444
Placebo,10,2046,True,0.0942363560390881
Placebo,10,2071,True,0.2807721888661444
Placebo,10,2340,True,0.0
Placebo,10,2749,True,0.45059140524767594
Placebo,10,3517,True,0.3263003533019616
Placebo,10,3758,True,0.12413373463275665
Placebo,10,4110,True,0.2574107611835915
Placebo,10,4111,True,0.0
Placebo,10,4144,True,0.2061268115499052
Placebo,10,5021,True,0.0
Placebo,10,5032,True,0.30097425168472564
Placebo,10,5096,True,0.33566355612951393
Placebo,10,5109,True,0.39635504686696105
Placebo,10,5114,True,0.21064145286082164
Placebo,10,5977,True,0.0
Placebo,10,5984,True,0.4221271310672646
Placebo,10,6353,True,0.598116025229359
Placebo,10,6373,True,0.1389367522644933
Placebo,10,6539,True,0.0
Placebo,10,6554,True,0.41732823226330984
Placebo,10,6884,True,0.4377352115576016
Placebo,10,6955,True,0.0
Placebo,10,7020,True,0.5054984166428882
Placebo,10,7029,True,0.0733639220993601
Placebo,10,7280,True,0.10059110110365814
Placebo,10,7394,True,0.32287142001321206
Placebo,10,7795,True,0.3459645233810036
Placebo,10,8108,True,0.09478836436955075
Placebo,10,8560,True,0.32156826844810094
Placebo,10,8632,True,0.37413658739145383
Placebo,10,8657,True,0.09422207606385774
Placebo,10,8777,True,0.4628386851204232
Placebo,10,9151,True,0.5603149537308232
Placebo,10,9609,True,0.5061704800083361
Placebo,11,102,True,0.21549924109276675
Placebo,11,314,True,0.32254235991600266
Placebo,11,1068,True,0.49977281153732284
Placebo,11,1525,True,0.0
Placebo,11,1795,True,0.17479612796691885
Placebo,11,1929,True,0.4817856894061509
Placebo,11,1931,True,0.0
Placebo,11,1991,True,0.1512568088779125
Placebo,11,2528,True,0.28107832834433366
Placebo,11,2697,True,0.05109165667032166
Placebo,11,2834,True,0.693924136445156
Placebo,11,2845,True,0.1389322908631339
Placebo,11,3031,True,0.3838169344980387
Placebo,11,3250,True,0.15139734109600997
Placebo,11,3308,True,0.21819512777734998
Placebo,11,3402,True,0.14661876487026893
Placebo,11,3426,True,0.06801744314752252
Placebo,11,3449,True,0.41503813971393444
Placebo,11,3756,True,0.24867298597049733
Placebo,11,4141,True,0.23969106839165583
Placebo,11,4210,True,0.16195671984435944
Placebo,11,4516,True,0.37293770960777767
Placebo,11,4692,True,0.21723501891250976
Placebo,11,4700,True,0.0
Placebo,11,4910,True,0.28906482631788766
Placebo,11,4962,True,0.11227410436015113
Placebo,11,5275,True,0.09382844813642041
Placebo,11,5671,True,0.039276066999619934
Placebo,11,5683,True,0.43676759397937254
Placebo,11,6067,True,0.2563600186188794
Placebo,11,6378,True,0.44905096849273907
Placebo,11,6495,True,0.37073340571389574
Placebo,11,6868,True,0.4237950370506326
Placebo,11,6880,True,0.6749013152464313
Placebo,11,7144,True,0.3008451862377649
Placebo,11,7413,True,0.30701473034246535
Placebo,11,7526,True,0.0
Placebo,11,7531,True,0.0
Placebo,11,7577,True,0.11635295778440316
Placebo,11,7621,True,0.05476485496824487
Placebo,11,8198,True,0.23529606085140906
Placebo,11,8442,True,0.4306765580733929
Placebo,11,8452,True,0.5024462066274673
Placebo,11,8476,True,0.12968314202004036
Placebo,11,8541,True,0.35406981268422494
Placebo,11,8802,True,0.44065542000263236
Placebo,11,8816,True,0.0
Placebo,11,8852,True,0.13905617951077567
Placebo,11,9099,True,0.14319170798837647
Placebo,11,9479,True,0.12716230740090387
Placebo,11,9625,False,0.0
Placebo,11,96,True,0.0
Placebo,11,171,True,0.3296401072012192
Placebo,11,328,True,0.0
Placebo,11,387,True,0.0
Placebo,11,754,False,0.0
Placebo,11,983,True,0.7025702611826696
Placebo,11,1039,True,0.35263969584903326
Placebo,11,1098,True,0.4924038057641272
Placebo,11,1120,True,0.28769998366093114
Placebo,11,1275,True,0.3895347778504209
Placebo,11,1343,True,0.17366667134799177
Placebo,11,1483,True,0.31398983651354906
Placebo,11,2005,True,0.06784272269558313
Placebo,11,2048,True,0.46948843257459233
Placebo,11,2379,True,0.5472951013416424
Placebo,11,2516,True,0.1755342123340767
Placebo,11,2601,True,0.23112344221428976
Placebo,11,3210,True,0.13854877818739544
Placebo,11,3601,True,0.0
Placebo,11,3729,True,0.09452854666581807
Placebo,11,3832,True,0.23730300043192598
Placebo,11,4104,True,0.3784169946231896
Placebo,11,4286,True,0.24896220458849075
Placebo,11,4329,True,0.1100458831490401
Placebo,11,4553,True,0.22918265732276272
Placebo,11,4790,True,0.0
Placebo,11,4844,True,0.0
Placebo,11,4994,True,0.5025600919934174
Placebo,11,5020,True,0.3484041750877461
Placebo,11,5293,True,0.1095995891091603
Placebo,11,5338,True,0.3931208111844937
Placebo,11,5343,True,0.2033298007876067
Placebo,11,5464,True,0.19435107983361552
Placebo,11,5560,True,0.19967182999423214
Placebo,11,5719,True,0.21178021058936167
Placebo,11,6055,True,0.37547114013940125
Placebo,11,6121,True,0.14279514403613736
Placebo,11,6128,True,0.5830714633366575
Placebo,11,6197,True,0.18551009195310517
Placebo,11,6336,True,0.45457216789651606
Placebo,11,6577,True,0.1992330760952095
Placebo,11,6717,True,0.23719771276929624
Placebo,11,6906,False,0.0
Placebo,11,8550,True,0.319393943239799
Placebo,11,8576,True,0.5161527143390402
Placebo,11,8790,False,0.0
Placebo,11,8840,True,0.05907976226134921
Placebo,11,8878,True,0.8955796649110443
Placebo,11,9337,True,0.156809994013698
Placebo,11,9501,True,0.7235067845714432
Placebo,11,9512,False,0.0
Placebo,11,45,True,0.1551068681093093
Placebo,11,199,True,0.12663167705327652
Placebo,11,458,True,0.2822970277741067
Placebo,11,564,True,0.7763730294413359
Placebo,11,717,True,0.2026097735578014
Placebo,11,1109,True,0.4190657145698783
Placebo,11,1576,True,0.11014393715065864
Placebo,11,1711,True,0.0
Placebo,11,1868,False,0.0
Placebo,11,1942,True,0.36075860911568397
Placebo,11,2001,True,0.09884606758558023
Placebo,11,2217,True,0.22754083620157634
Placebo,11,2354,True,0.381774534102849
Placebo,11,2761,True,0.08873727821548741
Placebo,11,2980,True,0.0
Placebo,11,3021,True,0.0
Placebo,11,3030,True,0.5
Placebo,11,3046,True,0.14252385337777093
Placebo,11,3050,True,0.64356490602193
Placebo,11,3288,True,0.12129771007288385
Placebo,11,3302,True,0.36458598999465325
Placebo,11,3794,True,0.0
Placebo,11,3920,True,0.3052348839397012
Placebo,11,3965,True,0.34369669139214537
Placebo,11,4193,True,0.06993108739817402
Placebo,11,4294,True,0.05088466578050735
Placebo,11,4383,True,0.5281254112859056
Placebo,11,4474,True,0.4796249331362628
Placebo,11,5068,True,0.21592838173325354
Placebo,11,5258,True,0.0
Placebo,11,5306,True,0.6050849595763732
Placebo,11,5323,True,0.45040422026073795
Placebo,11,5421,True,0.5758810955390178
Placebo,11,5766,True,0.5506150346574594
Placebo,11,5877,True,0.24981577301316268
Placebo,11,5887,True,0.3039354092649274
Placebo,11,6126,True,0.6309297535714573
Placebo,11,6190,True,0.6182334325550582
Placebo,11,6224,True,0.14465249243306436
Placebo,11,6465,True,0.0
Placebo,11,6853,True,0.04018009264032398
Placebo,11,6949,True,0.7651099849478743
Placebo,11,7107,True,0.0
Placebo,11,7240,False,0.0
Placebo,11,7937,True,0.5514680922520345
Placebo,11,8015,True,0.17108252373753105
Placebo,11,8066,True,0.09803928583135697
Placebo,11,8202,True,0.3824681119583799
Placebo,11,8321,True,0.5822086022483706
Placebo,11,9222,True,0.0
Placebo,11,9453,True,0.39206072091913236
Placebo,11,73,True,0.053368457452889664
Placebo,11,390,True,0.38662645599115153
Placebo,11,424,True,0.28926207407933224
Placebo,11,715,True,0.22920603571923773
Placebo,11,915,True,0.0
Placebo,11,1579,True,0.09285825605119433
Placebo,11,1643,True,0.21451272952565187
Placebo,11,1679,True,0.39923423262616037
Placebo,11,1982,True,0.2489083270225946
Placebo,11,2027,True,0.21014000388895052
Placebo,11,2211,True,0.5145243727351333
Placebo,11,2228,True,0.17885769307931018
Placebo,11,2352,True,0.35620718710802235
Placebo,11,2520,True,0.3014649637062296
Placebo,11,2573,True,0.28371255449703187
Placebo,11,2630,True,0.5421043513582504
Placebo,11,2666,True,0.14185627724851593
Placebo,11,2745,True,0.11305690795329316
Placebo,11,3149,True,0.23571918110958048
Placebo,11,3369,True,0.20356944533889923
Placebo,11,3617,True,0.05163532490696953
Placebo,11,3862,True,0.0
Placebo,11,4124,True,0.5174935447235611
Placebo,11,4218,True,0.2015156669932806
Placebo,11,4268,True,1.0
Placebo,11,4452,False,0.0
Placebo,11,4522,True,0.13318507347192182
Placebo,11,4784,True,0.4972394002981115
Placebo,11,5139,True,0.3868528072345415
Placebo,11,5438,True,0.31417701491521727
Placebo,11,5565,True,0.1348550219070388
Placebo,11,5684,True,0.41218373902604516
Placebo,11,5775,True,0.08671382849411978
Placebo,11,6110,True,0.10522418635725407
Placebo,11,6488,True,0.0
Placebo,11,6590,True,0.1773750864645818
Placebo,11,6793,True,0.2816249726597773
Placebo,11,7090,True,0.040742031470253154
Placebo,11,7112,True,0.0
Placebo,11,7167,True,0.35690417119263945
Placebo,11,7287,True,0.561601328233629
Placebo,11,7370,True,0.052639913647579424
Placebo,11,7547,True,0.0
Placebo,11,7589,True,0.0929369221852976
Placebo,11,7622,True,0.42473078174036927
Placebo,11,7640,False,0.0
Placebo,11,7757,True,0.13849766849266187
Placebo,11,8162,True,0.6006900923282108
Placebo,11,8508,True,0.0
Placebo,11,8597,True,0.1379790953019297
Placebo,11,8771,True,0.08194017762746407
Placebo,11,288,True,0.42594033234662604
Placebo,11,635,True,0.18618449947292748
Placebo,11,654,True,0.4886859219840933
Placebo,11,699,True,0.16186183538813675
Placebo,11,743,True,0.24866461635791573
Placebo,11,946,True,0.0
Placebo,11,976,True,0.14851044236796057
Placebo,11,1144,True,0.6291648754949235
Placebo,11,1187,True,0.5397802541166085
Placebo,11,1384,True,0.05778079616367425
Placebo,11,1415,True,0.18355685921804954
Placebo,11,1443,True,0.20396364387618565
Placebo,11,1629,True,0.18718145924409635
Placebo,11,1684,True,0.0
Placebo,11,1802,True,0.3085833847235692
Placebo,11,1914,True,0.3269012479036233
Placebo,11,2046,True,0.0
Placebo,11,2071,True,0.08116136400948519
Placebo,11,2340,True,0.44793354044121175
Placebo,11,2749,True,0.5454591674190108
Placebo,11,3517,True,0.6359959780017231
Placebo,11,3758,True,0.08039138809008578
Placebo,11,4110,True,0.3331084320045226
Placebo,11,4111,True,0.0
Placebo,11,4144,True,0.15227648868142815
Placebo,11,5021,True,0.3008623469761778
Placebo,11,5032,True,0.44391177474212395
Placebo,11,5096,True,0.47098475477032353
Placebo,11,5109,True,0.6957049683687468
Placebo,11,5114,True,0.16842717545221192
Placebo,11,5977,True,0.0
Placebo,11,5984,True,0.19530632887591823
Placebo,11,6353,True,0.5897477398645592
Placebo,11,6373,True,0.0
Placebo,11,6539,True,0.0
Placebo,11,6554,True,0.20041086732775365
Placebo,11,6884,True,0.0
Placebo,11,6955,True,0.0
Placebo,11,7020,True,0.3231411033802975
Placebo,11,7029,True,0.34658421738248074
Placebo,11,7280,True,0.0
Placebo,11,7394,True,0.18316167326282304
Placebo,11,7795,True,0.530910949051703
Placebo,11,8108,True,0.17993148201117176
Placebo,11,8560,True,0.2924016539918812
Placebo,11,8632,True,0.24832457284648102
Placebo,11,8657,True,0.2288669358762219
Placebo,11,8777,True,0.5357847516304328
Placebo,11,9151,True,0.26828712112223824
Placebo,11,9609,True,0.3047658633899647
Placebo,12,102,True,0.42861866578148494
Placebo,12,314,True,0.3265969096280628
Placebo,12,1068,True,0.4271869012590062
Placebo,12,1525,True,0.20179660912043718
Placebo,12,1795,True,0.16577377545790425
Placebo,12,1929,True,0.4021567410495825
Placebo,12,1931,True,0.0
Placebo,12,1991,True,0.03858303713187615
Placebo,12,2528,True,0.664868949089484
Placebo,12,2697,True,0.6691016890108302
Placebo,12,2834,True,0.7057763306706473
Placebo,12,2845,True,0.15713847185134028
Placebo,12,3031,True,0.12286383325798816
Placebo,12,3250,True,0.06362078819895167
Placebo,12,3308,True,0.43750941915340646
Placebo,12,3402,True,0.3643664280273266
Placebo,12,3426,True,0.532781684679821
Placebo,12,3449,True,0.31240716448904565
Placebo,12,3756,True,0.21882229834438505
Placebo,12,4141,True,0.14863410918879755
Placebo,12,4210,True,0.47488232873679176
Placebo,12,4516,True,0.2595601278024402
Placebo,12,4692,True,0.17714752793103516
Placebo,12,4700,True,0.11866443082840714
Placebo,12,4910,True,0.0
Placebo,12,4962,True,0.0776895369576595
Placebo,12,5275,True,0.08136751219269385
Placebo,12,5671,True,0.28695770389087577
Placebo,12,5683,True,0.13329414356969077
Placebo,12,6067,True,0.4880303881908859
Placebo,12,6378,True,0.42899047141118646
Placebo,12,6495,True,0.6696014876410192
Placebo,12,6868,True,0.35752881195029634
Placebo,12,6880,True,0.23308979229558116
Placebo,12,7144,True,0.2890906134126525
Placebo,12,7413,True,0.3589542101716347
Placebo,12,7526,True,0.0
Placebo,12,7531,True,0.2931375901049005
Placebo,12,7577,True,0.1595890771248963
Placebo,12,7621,True,0.4387006284895565
Placebo,12,8198,True,0.35369638361042316
Placebo,12,8442,True,0.0
Placebo,12,8452,True,0.44288062155528923
Placebo,12,8476,True,0.38826246450027374
Placebo,12,8541,True,0.4096401703547632
Placebo,12,8802,True,0.04236776600349701
Placebo,12,8816,True,0.0
Placebo,12,8852,True,0.5078961547485287
Placebo,12,9099,True,0.14982420171299154
Placebo,12,9479,True,0.18253752304181428
Placebo,12,9625,False,0.0
Placebo,12,96,True,0.1934264036172709
Placebo,12,171,True,0.7232173571049741
Placebo,12,328,True,0.0
Placebo,12,387,True,0.0
Placebo,12,754,False,0.0
Placebo,12,983,True,0.33729339510463846
Placebo,12,1039,True,0.49438835093346356
Placebo,12,1098,True,0.46637740847440323
Placebo,12,1120,True,0.19969544922246543
Placebo,12,1275,True,0.3647488935775423
Placebo,12,1343,True,0.11695351174109685
Placebo,12,1483,True,0.20064861556595978
Placebo,12,2005,True,0.17498338897571042
Placebo,12,2048,True,0.08305152209984393
Placebo,12,2379,True,0.3588997093294526
Placebo,12,2516,True,0.38096822679727316
Placebo,12,2601,True,0.25087467710388606
Placebo,12,3210,True,0.2814051070844769
Placebo,12,3601,True,0.26406812257259077
Placebo,12,3729,True,0.10126881987072707
Placebo,12,3832,True,0.5103515512676446
Placebo,12,4104,True,0.5769372712276388
Placebo,12,4286,True,0.49002913232830886
Placebo,12,4329,True,0.32393835055633624
Placebo,12,4553,True,0.28050330818959146
Placebo,12,4790,True,0.0
Placebo,12,4844,True,0.09803928583135697
Placebo,12,4994,True,0.12323123922279904
Placebo,12,5020,True,0.6270412449407424
Placebo,12,5293,True,0.20943089593031614
Placebo,12,5338,True,0.6895171761575446
Placebo,12,5343,True,0.2318347297065202
Placebo,12,5464,True,0.2830102286348099
Placebo,12,5560,True,0.5336350061893848
Placebo,12,5719,True,0.30624156068064307
Placebo,12,6055,True,0.19837464361177645
Placebo,12,6121,True,0.21792334616387446
Placebo,12,6128,True,0.10451934216828074
Placebo,12,6197,True,0.19111968945160718
Placebo,12,6336,True,0.4206345687491708
Placebo,12,6577,True,0.4033623107985223
Placebo,12,6717,True,0.0
Placebo,12,6906,False,0.0
Placebo,12,8550,True,0.0
Placebo,12,8576,True,0.2832257019725703
Placebo,12,8790,False,0.0
Placebo,12,8840,True,0.0
Placebo,12,8878,True,0.29408068133282034
Placebo,12,9337,True,0.0
Placebo,12,9501,True,0.5044761223154935
Placebo,12,9512,False,0.0
Placebo,12,45,True,0.0
Placebo,12,199,True,0.265189004802998
Placebo,12,458,True,0.21165589755264674
Placebo,12,564,True,0.9668728882728055
Placebo,12,717,True,0.17451855981580688
Placebo,12,1109,True,0.33699633445293775
Placebo,12,1576,True,0.2842569755705917
Placebo,12,1711,True,0.0
Placebo,12,1868,False,0.0
Placebo,12,1942,True,0.4249074671214517
Placebo,12,2001,True,0.43592836218482356
Placebo,12,2217,True,0.36121211352040195
Placebo,12,2354,True,0.4498984908846514
Placebo,12,2761,True,0.04731298313931704
Placebo,12,2980,True,0.0
Placebo,12,3021,True,0.048753830672500074
Placebo,12,3030,True,0.3333333333333335
Placebo,12,3046,True,0.2540661782245015
Placebo,12,3050,True,0.4027662706503228
Placebo,12,3288,True,0.12422240594026351
Placebo,12,3302,True,0.12330133029000186
Placebo,12,3794,True,0.12783253450199242
Placebo,12,3920,True,0.6881307098211842
Placebo,12,3965,True,0.4562933024140116
Placebo,12,4193,True,0.1432154849243992
Placebo,12,4294,True,0.0
Placebo,12,4383,True,0.5343195265270572
Placebo,12,4474,True,0.3800937667159343
Placebo,12,5068,True,0.20877271093718397
Placebo,12,5258,True,0.0
Placebo,12,5306,True,0.5228734476320285
Placebo,12,5323,True,0.7789537431220167
Placebo,12,5421,True,0.55502294157452
Placebo,12,5766,True,0.5704671511387553
Placebo,12,5877,True,0.19174880175298867
Placebo,12,5887,True,0.1509512770246406
Placebo,12,6126,True,0.0
Placebo,12,6190,True,0.6613633130236546
Placebo,12,6224,True,0.3349211163766796
Placebo,12,6465,True,0.0
Placebo,12,6853,True,0.21948345868291072
Placebo,12,6949,True,0.7937165513093006
Placebo,12,7107,True,0.06744681953413346
Placebo,12,7240,False,0.0
Placebo,12,7937,True,0.4081667180083292
Placebo,12,8015,True,0.23535109180711333
Placebo,12,8066,True,0.0
Placebo,12,8202,True,0.5131157400666986
Placebo,12,8321,True,0.25244353128317853
Placebo,12,9222,True,0.0
Placebo,12,9453,True,0.28442868772602375
Placebo,12,73,True,0.12018995674846226
Placebo,12,390,True,0.4654098958511882
Placebo,12,424,True,0.07491210085649577
Placebo,12,715,True,0.20345224403647263
Placebo,12,915,True,0.19182456951895013
Placebo,12,1579,True,0.06508263397940668
Placebo,12,1643,True,0.0
Placebo,12,1679,True,0.40152576899244524
Placebo,12,1982,True,0.0
Placebo,12,2027,True,0.5486433544886008
Placebo,12,2211,True,0.30763159056636497
Placebo,12,2228,True,0.17318663334822615
Placebo,12,2352,True,0.0
Placebo,12,2520,True,0.3711545792861906
Placebo,12,2573,True,0.2172607128522299
Placebo,12,2630,True,0.6165547186787413
Placebo,12,2666,True,0.5330752584449809
Placebo,12,2745,True,0.0
Placebo,12,3149,True,0.07876312977220012
Placebo,12,3369,True,0.3854834819229157
Placebo,12,3617,True,0.3641530379417592
Placebo,12,3862,True,0.0
Placebo,12,4124,True,0.42496237463565567
Placebo,12,4218,True,0.505088206968353
Placebo,12,4268,True,1.0
Placebo,12,4452,False,0.0
Placebo,12,4522,True,0.2219968487276399
Placebo,12,4784,True,0.4701374070905782
Placebo,12,5139,True,0.20438239758848625
Placebo,12,5438,True,0.2731966206977652
Placebo,12,5565,True,0.36297209628774124
Placebo,12,5684,True,0.2491658239894348
Placebo,12,5775,True,0.3665017772190546
Placebo,12,6110,True,0.08472032376115692
Placebo,12,6488,True,0.2920513263948889
Placebo,12,6590,True,0.6450575214884527
Placebo,12,6793,True,0.09109240322345795
Placebo,12,7090,True,0.10474125893869231
Placebo,12,7112,True,0.2000261432283434
Placebo,12,7167,True,0.44942131966481785
Placebo,12,7287,True,0.2127844158727739
Placebo,12,7370,True,0.20650593916226875
Placebo,12,7547,True,0.05690937110282942
Placebo,12,7589,True,0.0
Placebo,12,7622,True,0.43582161540968345
Placebo,12,7640,False,0.0
Placebo,12,7757,True,0.07085539615505915
Placebo,12,8162,True,0.3487886322803308
Placebo,12,8508,True,0.0
Placebo,12,8597,True,0.2520901173061976
Placebo,12,8771,True,0.11448501924530573
Placebo,12,288,True,0.5217632462727476
Placebo,12,635,True,0.40846635465805436
Placebo,12,654,True,0.19408984478739894
Placebo,12,699,True,0.30406975529039865
Placebo,12,743,True,0.3641070423495824
Placebo,12,946,True,0.0
Placebo,12,976,True,0.35422551168825567
Placebo,12,1144,True,0.7426437545607829
Placebo,12,1187,True,0.28747019188140005
Placebo,12,1384,True,0.07465450324353455
Placebo,12,1415,True,0.06632729137454221
Placebo,12,1443,True,0.43486905407070037
Placebo,12,1629,True,0.2613080943366759
Placebo,12,1684,True,0.22596175094486834
Placebo,12,1802,True,0.20916049842426024
Placebo,12,1914,True,0.5307866477487696
Placebo,12,2046,True,0.0
Placebo,12,2071,True,0.17714752793103516
Placebo,12,2340,True,0.2443527483788096
Placebo,12,2749,True,0.47615118691931413
Placebo,12,3517,True,0.40371930753641383
Placebo,12,3758,True,0.1622921756117628
Placebo,12,4110,True,0.10502960579996924
Placebo,12,4111,True,0.0
Placebo,12,4144,True,0.2882001116838787
Placebo,12,5021,True,0.1561421581496216
Placebo,12,5032,True,0.42075066773562414
Placebo,12,5096,True,0.20413021541210122
Placebo,12,5109,True,0.6855022236054785
Placebo,12,5114,True,0.03858303713187615
Placebo,12,5977,True,0.0
Placebo,12,5984,True,0.4102948251829877
Placebo,12,6353,True,0.6212275376779461
Placebo,12,6373,True,0.20353866312202926
Placebo,12,6539,True,0.0
Placebo,12,6554,True,0.34122861300328156
Placebo,12,6884,True,0.15223359874525913
Placebo,12,6955,True,0.09750766134500015
Placebo,12,7020,True,0.4886888834984088
Placebo,12,7029,True,0.11695351174109685
Placebo,12,7280,True,0.0
Placebo,12,7394,True,0.0
Placebo,12,7795,True,0.4495372282780854
Placebo,12,8108,True,0.0
Placebo,12,8560,True,0.18176694011321798
Placebo,12,8632,True,0.5170242628971213
Placebo,12,8657,True,0.4619669207609608
Placebo,12,8777,True,0.4465445800652988
Placebo,12,9151,True,0.2881549070467342
Placebo,12,9609,True,0.3860655936213912
Placebo,13,102,True,0.61266076951324
Placebo,13,314,True,0.4564570202443495
Placebo,13,1068,True,0.4156871091540465
Placebo,13,1525,True,0.20179660912043718
Placebo,13,1795,True,0.30742263477164783
Placebo,13,1929,True,0.2888970276936172
Placebo,13,1931,True,0.0
Placebo,13,1991,True,0.09612711777265934
Placebo,13,2528,True,0.31326917556768896
Placebo,13,2697,True,0.3247101860125765
Placebo,13,2834,True,0.3385247755960068
Placebo,13,2845,True,0.24305244210874732
Placebo,13,3031,True,0.09620972910009203
Placebo,13,3250,True,0.17993148201117176
Placebo,13,3308,True,0.29417759735382476
Placebo,13,3402,True,0.2240843136843513
Placebo,13,3426,True,0.0
Placebo,13,3449,True,0.298469096937147
Placebo,13,3756,True,0.2230259326703904
Placebo,13,4141,True,0.2732374691646773
Placebo,13,4210,True,0.32305995855054515
Placebo,13,4516,True,0.5070616561113614
Placebo,13,4692,True,0.10861750945625488
Placebo,13,4700,True,0.0
Placebo,13,4910,True,0.0
Placebo,13,4962,True,0.056906557239904024
Placebo,13,5275,True,0.0
Placebo,13,5671,True,0.285776393030605
Placebo,13,5683,True,0.1419455799408411
Placebo,13,6067,True,0.23811056265296576
Placebo,13,6378,True,0.39608595955322384
Placebo,13,6495,True,0.5517786248625914
Placebo,13,6868,True,0.1265670298684392
Placebo,13,6880,True,0.11020866307815122
Placebo,13,7144,True,0.138158114282444
Placebo,13,7413,True,0.2200917662980802
Placebo,13,7526,True,0.0
Placebo,13,7531,True,0.0
Placebo,13,7577,True,0.31250045413125443
Placebo,13,7621,True,0.2522759222763923
Placebo,13,8198,True,0.056906557239904024
Placebo,13,8442,True,0.0
Placebo,13,8452,True,0.39406277551007307
Placebo,13,8476,True,0.5017410710748077
Placebo,13,8541,True,0.1900740075782261
Placebo,13,8802,True,0.07326154841083775
Placebo,13,8816,True,0.06210685669229227
Placebo,13,8852,True,0.2691828628414763
Placebo,13,9099,True,0.0
Placebo,13,9479,True,0.10369639533646699
Placebo,13,9625,False,0.0
Placebo,13,96,True,0.3868528072345415
Placebo,13,171,True,0.39945351436723786
Placebo,13,328,True,0.0
Placebo,13,387,True,0.06472335804665429
Placebo,13,754,False,0.0
Placebo,13,983,True,0.2651238502831544
Placebo,13,1039,True,0.24597963449873425
Placebo,13,1098,True,0.1039043617968965
Placebo,13,1120,True,0.37627341328149
Placebo,13,1275,True,0.12105403140807096
Placebo,13,1343,True,0.1794771050858174
Placebo,13,1483,True,0.3720579290547674
Placebo,13,2005,True,0.0
Placebo,13,2048,True,0.14258791654878777
Placebo,13,2379,True,0.5899352104366208
Placebo,13,2516,True,0.4057430681558617
Placebo,13,2601,True,0.17806157836289221
Placebo,13,3210,True,0.04618292606246515
Placebo,13,3601,True,0.0
Placebo,13,3729,True,0.30576606984126464
Placebo,13,3832,True,0.5324840220503912
Placebo,13,4104,True,0.18228904987664316
Placebo,13,4286,True,0.2490550353511677
Placebo,13,4329,True,0.0
Placebo,13,4553,True,0.20596467128527815
Placebo,13,4790,True,0.2463023887407299
Placebo,13,4844,True,0.23386470445736635
Placebo,13,4994,True,0.2610111086451706
Placebo,13,5020,True,0.38876112778207855
Placebo,13,5293,True,0.3373128549762486
Placebo,13,5338,True,0.42386119458252197
Placebo,13,5343,True,0.29187927200412256
Placebo,13,5464,True,0.2153452064585439
Placebo,13,5560,True,0.33585735688033536
Placebo,13,5719,True,0.2297437973297339
Placebo,13,6055,True,0.43889618599278857
Placebo,13,6121,True,0.40425680060663516
Placebo,13,6128,True,0.18949257724185803
Placebo,13,6197,True,0.047285425749505325
Placebo,13,6336,True,0.4777357717853209
Placebo,13,6577,True,0.2364129188265675
Placebo,13,6717,True,0.0
Placebo,13,6906,False,0.0
Placebo,13,8550,True,0.0
Placebo,13,8576,True,0.5247988207849876
Placebo,13,8790,False,0.0
Placebo,13,8840,True,0.0
Placebo,13,8878,True,0.24660415552271062
Placebo,13,9337,True,0.10780509678375631
Placebo,13,9501,True,0.4573488901244654
Placebo,13,9512,False,0.0
Placebo,13,45,True,0.24218009147893582
Placebo,13,199,True,0.34798125206472236
Placebo,13,458,True,0.3968169819713522
Placebo,13,564,True,0.8591712060451542
Placebo,13,717,True,0.0
Placebo,13,1109,True,0.4453900499436318
Placebo,13,1576,True,0.2966474460981459
Placebo,13,1711,True,0.0
Placebo,13,1868,False,0.0
Placebo,13,1942,True,0.1957398241490274
Placebo,13,2001,True,0.041525761049921964
Placebo,13,2217,True,0.20151514190050243
Placebo,13,2354,True,0.4640249712922115
Placebo,13,2761,True,0.153490273005236
Placebo,13,2980,True,0.0
Placebo,13,3021,True,0.29407803438350194
Placebo,13,3030,True,0.0
Placebo,13,3046,True,0.21115931357009746
Placebo,13,3050,True,0.5628885780031672
Placebo,13,3288,True,0.17585773084723305
Placebo,13,3302,True,0.3534181788673237
Placebo,13,3794,True,0.13145285843693008
Placebo,13,3920,True,0.15845809615474177
Placebo,13,3965,True,0.10241712375929543
Placebo,13,4193,True,0.28877034965836407
Placebo,13,4294,True,0.16579751344384716
Placebo,13,4383,True,0.5016020004221596
Placebo,13,4474,True,0.7601875334318686
Placebo,13,5068,True,0.11415735294709814
Placebo,13,5258,True,0.046914224068210206
Placebo,13,5306,True,0.49237124061025533
Placebo,13,5323,True,0.6993912992007649
Placebo,13,5421,True,0.6343578514095662
Placebo,13,5766,True,0.5610317742037969
Placebo,13,5877,True,0.0
Placebo,13,5887,True,0.09578133795393315
Placebo,13,6126,True,0.0
Placebo,13,6190,True,0.652240828378449
Placebo,13,6224,True,0.19926850776254276
Placebo,13,6465,True,0.0
Placebo,13,6853,True,0.3327550339796177
Placebo,13,6949,True,0.4978890327516842
Placebo,13,7107,True,0.10160612406610726
Placebo,13,7240,False,0.0
Placebo,13,7937,True,0.6528316655912013
Placebo,13,8015,True,0.03972853971638369
Placebo,13,8066,True,0.1130534017578721
Placebo,13,8202,True,0.21290660565918332
Placebo,13,8321,True,0.4509584873164647
Placebo,13,9222,True,0.0
Placebo,13,9453,True,0.5753208197079077
Placebo,13,73,True,0.19810447117938468
Placebo,13,390,True,0.26607042175993045
Placebo,13,424,True,0.13287201388084077
Placebo,13,715,True,0.13687502484922381
Placebo,13,915,True,0.1356519734324477
Placebo,13,1579,True,0.1696601566136942
Placebo,13,1643,True,0.0
Placebo,13,1679,True,0.2597486557772342
Placebo,13,1982,True,0.28380268375847634
Placebo,13,2027,True,0.1705525270337032
Placebo,13,2211,True,0.4101757749582305
Placebo,13,2228,True,0.4031040756444815
Placebo,13,2352,True,0.0
Placebo,13,2520,True,0.13735992319036125
Placebo,13,2573,True,0.28660494082873905
Placebo,13,2630,True,0.3530018404166757
Placebo,13,2666,True,0.2288281848791404
Placebo,13,2745,True,0.15610891794382692
Placebo,13,3149,True,0.297676380248091
Placebo,13,3369,True,0.31281415619606473
Placebo,13,3617,True,0.13877360850045511
Placebo,13,3862,True,0.0
Placebo,13,4124,True,0.35777785252384386
Placebo,13,4218,True,0.2615315699842611
Placebo,13,4268,True,0.835780413693672
Placebo,13,4452,False,0.0
Placebo,13,4522,True,0.4286666712216271
Placebo,13,4784,True,0.4642973187741648
Placebo,13,5139,True,0.0
Placebo,13,5438,True,0.2639818403281529
Placebo,13,5565,True,0.10709397727165015
Placebo,13,5684,True,0.253568987934047
Placebo,13,5775,True,0.13743816645714546
Placebo,13,6110,True,0.13351206443042454
Placebo,13,6488,True,0.07712144545593325
Placebo,13,6590,True,0.2763942062445123
Placebo,13,6793,True,0.3026024134988135
Placebo,13,7090,True,0.07083768424168965
Placebo,13,7112,True,0.0
Placebo,13,7167,True,0.6360131753362243
Placebo,13,7287,True,0.42434609292365943
Placebo,13,7370,True,0.20650593916226875
Placebo,13,7547,True,0.13124938519326135
Placebo,13,7589,True,0.1643548980682564
Placebo,13,7622,True,0.2539529356948895
Placebo,13,7640,False,0.0
Placebo,13,7757,True,0.18798855365711153
Placebo,13,8162,True,0.6264205135925887
Placebo,13,8508,True,0.0
Placebo,13,8597,True,0.3849189756290276
Placebo,13,8771,True,0.0
Placebo,13,288,True,0.3059200490296126
Placebo,13,635,True,0.11626689169366879
Placebo,13,654,True,0.10774887145858912
Placebo,13,699,True,0.16716373096164674
Placebo,13,743,True,0.4780788581022065
Placebo,13,946,True,0.0
Placebo,13,976,True,0.1197453422743875
Placebo,13,1144,True,0.6320700923638365
Placebo,13,1187,True,0.37752288330461253
Placebo,13,1384,True,0.08667119424551134
Placebo,13,1415,True,0.11817322944006653
Placebo,13,1443,True,0.12905154301968988
Placebo,13,1629,True,0.0
Placebo,13,1684,True,0.0
Placebo,13,1802,True,0.0
Placebo,13,1914,True,0.2756064341253153
Placebo,13,2046,True,0.0
Placebo,13,2071,True,0.0
Placebo,13,2340,True,0.3110939727612234
Placebo,13,2749,True,0.33818894694206547
Placebo,13,3517,True,0.4681372550519369
Placebo,13,3758,True,0.0
Placebo,13,4110,True,0.0
Placebo,13,4111,True,0.0
Placebo,13,4144,True,0.12741733550370726
Placebo,13,5021,True,0.0
Placebo,13,5032,True,0.2053229264900929
Placebo,13,5096,True,0.07366373991453432
Placebo,13,5109,True,0.41578264686086824
Placebo,13,5114,True,0.16842717545221186
Placebo,13,5977,True,0.0
Placebo,13,5984,True,0.20188093683126174
Placebo,13,6353,True,0.7083095273704474
Placebo,13,6373,True,0.04662632247987719
Placebo,13,6539,True,0.30657359638272924
Placebo,13,6554,True,0.1931331085593736
Placebo,13,6884,True,0.1564262420075856
Placebo,13,6955,True,0.0
Placebo,13,7020,True,0.3618896474876131
Placebo,13,7029,True,0.21015755698402835
Placebo,13,7280,True,0.0
Placebo,13,7394,True,0.3239134396887189
Placebo,13,7795,True,0.30779253373171434
Placebo,13,8108,True,0.08514311764162101
Placebo,13,8560,True,0.35449816893910674
Placebo,13,8632,True,0.5055211994037769
Placebo,13,8657,True,0.34847862997196033
Placebo,13,8777,True,0.24912532289611394
Placebo,13,9151,True,0.15469820823147093
Placebo,13,9609,True,0.43159009075598254
Placebo,14,102,True,0.3957989511504259
Placebo,14,314,True,0.08266813921294533
Placebo,14,1068,True,0.21810577115488722
Placebo,14,1525,True,0.3617166382347261
Placebo,14,1795,True,0.1513568616360052
Placebo,14,1929,True,0.35341413412373024
Placebo,14,1931,True,0.0
Placebo,14,1991,True,0.2074685103639959
Placebo,14,2528,True,0.38538640071279456
Placebo,14,2697,True,0.3782237416243918
Placebo,14,2834,True,0.21341662919569576
Placebo,14,2845,True,0.24575661158930062
Placebo,14,3031,True,0.2548346710074145
Placebo,14,3250,True,0.06362078819895167
Placebo,14,3308,True,0.17498338897571042
Placebo,14,3402,True,0.107834678356227
Placebo,14,3426,True,0.0
Placebo,14,3449,True,0.2985674208215778
Placebo,14,3756,True,0.23458768772235736
Placebo,14,4141,True,0.3957228788197969
Placebo,14,4210,True,0.19581529552629234
Placebo,14,4516,True,0.3235692117651983
Placebo,14,4692,True,0.3134807091955316
Placebo,14,4700,True,0.0
Placebo,14,4910,True,0.28906482631788766
Placebo,14,4962,True,0.06012983951359326
Placebo,14,5275,True,0.10605452145974119
Placebo,14,5671,True,0.41280958301990417
Placebo,14,5683,True,0.1803895185407797
Placebo,14,6067,True,0.2142479890902132
Placebo,14,6378,True,0.20064210391301765
Placebo,14,6495,True,0.45813050533136307
Placebo,14,6868,True,0.19299858291072897
Placebo,14,6880,True,0.3308700957463863
Placebo,14,7144,True,0.278753903549221
Placebo,14,7413,True,0.1512019152469255
Placebo,14,7526,True,0.0
Placebo,14,7531,True,0.15979933263159973
Placebo,14,7577,True,0.15894432383653243
Placebo,14,7621,True,0.4326123707111517
Placebo,14,8198,True,0.06012983951359326
Placebo,14,8442,True,0.0
Placebo,14,8452,True,0.5428647357647762
Placebo,14,8476,True,0.19897571533555872
Placebo,14,8541,True,0.43806528809282147
Placebo,14,8802,True,0.18170461537860996
Placebo,14,8816,True,0.3108540628764383
Placebo,14,8852,True,0.31178546396428475
Placebo,14,9099,True,0.3495898039969803
Placebo,14,9479,True,0.5494949833296184
Placebo,14,9625,False,0.0
Placebo,14,96,True,0.18900105019841942
Placebo,14,171,True,0.4685897668814704
Placebo,14,328,True,0.0
Placebo,14,387,True,0.05214426484655786
Placebo,14,754,False,0.0
Placebo,14,983,True,0.608559155722089
Placebo,14,1039,True,0.35659553187903775
Placebo,14,1098,True,0.21960808702705148
Placebo,14,1120,True,0.30788391751038874
Placebo,14,1275,True,0.29901513237552835
Placebo,14,1343,True,0.10517431619883594
Placebo,14,1483,True,0.22784346646471104
Placebo,14,2005,True,0.0
Placebo,14,2048,True,0.30157707581915877
Placebo,14,2379,True,0.3225245931424751
Placebo,14,2516,True,0.48322039540973705
Placebo,14,2601,True,0.0980646175538648
Placebo,14,3210,True,0.053368457452889664
Placebo,14,3601,True,0.0
Placebo,14,3729,True,0.14982420171299154
Placebo,14,3832,True,0.5596052741906756
Placebo,14,4104,True,0.3587841276163765
Placebo,14,4286,True,0.29414308468628736
Placebo,14,4329,True,0.22355445246649364
Placebo,14,4553,True,0.36692534939744065
Placebo,14,4790,True,0.0
Placebo,14,4844,True,0.0
Placebo,14,4994,True,0.18861427565267447
Placebo,14,5020,True,0.41903885358337695
Placebo,14,5293,True,0.21880937010728327
Placebo,14,5338,True,0.5537051277761371
Placebo,14,5343,True,0.23340610422999
Placebo,14,5464,True,0.18390000648748436
Placebo,14,5560,True,0.39544070352814426
Placebo,14,5719,True,0.23793059035945388
Placebo,14,6055,True,0.2394681355190494
Placebo,14,6121,True,0.16015294952033166
Placebo,14,6128,True,0.10399808382213097
Placebo,14,6197,True,0.28528908121368035
Placebo,14,6336,True,0.6696439307982226
Placebo,14,6577,True,0.40687956029236905
Placebo,14,6717,True,0.0
Placebo,14,6906,False,0.0
Placebo,14,8550,True,0.0
Placebo,14,8576,True,0.226323596727594
Placebo,14,8790,False,0.0
Placebo,14,8840,True,0.0
Placebo,14,8878,True,0.5271341073823445
Placebo,14,9337,True,0.0
Placebo,14,9501,True,0.5557501808276014
Placebo,14,9512,False,0.0
Placebo,14,45,True,0.20608429966158143
Placebo,14,199,True,0.12504621803353852
Placebo,14,458,True,0.38186136636309015
Placebo,14,564,True,0.8909011988626294
Placebo,14,717,True,0.13970764870555163
Placebo,14,1109,True,0.5226075081722698
Placebo,14,1576,True,0.18486094846618392
Placebo,14,1711,True,0.0
Placebo,14,1868,False,0.0
Placebo,14,1942,True,0.21479558013925998
Placebo,14,2001,True,0.054446697840052224
Placebo,14,2217,True,0.0
Placebo,14,2354,True,0.28013960227917184
Placebo,14,2761,True,0.0
Placebo,14,2980,True,0.0
Placebo,14,3021,True,0.0
Placebo,14,3030,True,0.0
Placebo,14,3046,True,0.3333868050066544
Placebo,14,3050,True,0.48399178139907806
Placebo,14,3288,True,0.11632779633113964
Placebo,14,3302,True,0.0
Placebo,14,3794,True,0.5223542651231876
Placebo,14,3920,True,0.3206837498807606
Placebo,14,3965,True,0.0
Placebo,14,4193,True,0.3221742891674439
Placebo,14,4294,True,0.0
Placebo,14,4383,True,0.4115647394915944
Placebo,14,4474,True,0.0
Placebo,14,5068,True,0.4418571278714178
Placebo,14,5258,True,0.14074267220463055
Placebo,14,5306,True,0.5814022949427946
Placebo,14,5323,True,0.519698357533395
Placebo,14,5421,True,0.4395460176942787
Placebo,14,5766,True,0.6135703891796843
Placebo,14,5877,True,0.15995521603441742
Placebo,14,5887,True,0.18569702216604891
Placebo,14,6126,True,0.0
Placebo,14,6190,True,0.5409287320755115
Placebo,14,6224,True,0.4708946937066353
Placebo,14,6465,True,0.0
Placebo,14,6853,True,0.1378337585592586
Placebo,14,6949,True,0.6194903302426561
Placebo,14,7107,True,0.04940390233707313
Placebo,14,7240,False,0.0
Placebo,14,7937,True,0.5583953659059928
Placebo,14,8015,True,0.17108252373753105
Placebo,14,8066,True,0.0
Placebo,14,8202,True,0.41124761179692443
Placebo,14,8321,True,0.5355711630192616
Placebo,14,9222,True,0.0
Placebo,14,9453,True,0.6032079661175445
Placebo,14,73,True,0.19492578050501277
Placebo,14,390,True,0.36264466540308404
Placebo,14,424,True,0.12340115123007277
Placebo,14,715,True,0.2838409338645026
Placebo,14,915,True,0.46927872602275655
Placebo,14,1579,True,0.21561019356751263
Placebo,14,1643,True,0.08857376396551764
Placebo,14,1679,True,0.5213968597711729
Placebo,14,1982,True,0.20379994970022483
Placebo,14,2027,True,0.3233284370462109
Placebo,14,2211,True,0.1689539010595103
Placebo,14,2228,True,0.20483424751859086
Placebo,14,2352,True,0.0
Placebo,14,2520,True,0.2477742047067549
Placebo,14,2573,True,0.3621108234757073
Placebo,14,2630,True,0.5304790524337141
Placebo,14,2666,True,0.22901247496597402
Placebo,14,2745,True,0.0
Placebo,14,3149,True,0.10444328713795917
Placebo,14,3369,True,0.6309386923315132
Placebo,14,3617,True,0.21768896632317528
Placebo,14,3862,True,0.0
Placebo,14,4124,True,0.3434701889237073
Placebo,14,4218,True,0.3250530200452002
Placebo,14,4268,True,0.6815718345345795
Placebo,14,4452,False,0.0
Placebo,14,4522,True,0.10889339568010445
Placebo,14,4784,True,0.34949470660956244
Placebo,14,5139,True,0.0
Placebo,14,5438,True,0.2300609762375873
Placebo,14,5565,True,0.0
Placebo,14,5684,True,0.19732651126507422
Placebo,14,5775,True,0.17716670617352914
Placebo,14,6110,True,0.159054318175663
Placebo,14,6488,True,0.0
Placebo,14,6590,True,0.08103671523534435
Placebo,14,6793,True,0.23148233404867807
Placebo,14,7090,True,0.11785811109683532
Placebo,14,7112,True,0.16770867139071494
Placebo,14,7167,True,0.27148719900706875
Placebo,14,7287,True,0.31533354563014276
Placebo,14,7370,True,0.18173728740394743
Placebo,14,7547,True,0.3937481555797839
Placebo,14,7589,True,0.0
Placebo,14,7622,True,0.29636132434582513
Placebo,14,7640,False,0.0
Placebo,14,7757,True,0.3036435883811373
Placebo,14,8162,True,0.42129730348787575
Placebo,14,8508,True,0.13012668333070063
Placebo,14,8597,True,0.2566167062749221
Placebo,14,8771,True,0.16004318879660093
Placebo,14,288,True,0.7521881395535522
Placebo,14,635,True,0.3086958710975033
Placebo,14,654,True,0.12116260022308561
Placebo,14,699,True,0.024554579971511437
Placebo,14,743,True,0.2853299859668273
Placebo,14,946,True,0.0
Placebo,14,976,True,0.1142660959055822
Placebo,14,1144,True,0.7220671440012575
Placebo,14,1187,True,0.4925099231666765
Placebo,14,1384,True,0.05623211569536933
Placebo,14,1415,True,0.4829473108863257
Placebo,14,1443,True,0.2424255507845258
Placebo,14,1629,True,0.1821644935875658
Placebo,14,1684,True,0.06927390663210685
Placebo,14,1802,True,0.2209810468566244
Placebo,14,1914,True,0.3173309144397085
Placebo,14,2046,True,0.0
Placebo,14,2071,True,0.15876681118205369
Placebo,14,2340,True,0.09720567390390628
Placebo,14,2749,True,0.3360712948255304
Placebo,14,3517,True,0.47731528197774953
Placebo,14,3758,True,0.12741733550370726
Placebo,14,4110,True,0.4065152411834027
Placebo,14,4111,True,0.0
Placebo,14,4144,True,0.3879079816140755
Placebo,14,5021,True,0.06779095235709008
Placebo,14,5032,True,0.2352781841125616
Placebo,14,5096,True,0.12741733550370726
Placebo,14,5109,True,0.5989883427125968
Placebo,14,5114,True,0.2446877735683872
Placebo,14,5977,True,0.0
Placebo,14,5984,True,0.4480826082128946
Placebo,14,6353,True,0.7668612641181796
Placebo,14,6373,True,0.0
Placebo,14,6539,True,0.0
Placebo,14,6554,True,0.18599806281792877
Placebo,14,6884,True,0.23463936301137828
Placebo,14,6955,True,0.3716983505713811
Placebo,14,7020,True,0.4092042602017595
Placebo,14,7029,True,0.32305026094299816
Placebo,14,7280,True,0.0
Placebo,14,7394,True,0.08097835992217972
Placebo,14,7795,True,0.3137707390039727
Placebo,14,8108,True,0.1585070397409811
Placebo,14,8560,True,0.38241094623612415
Placebo,14,8632,True,0.4561117235514709
Placebo,14,8657,True,0.2083694517791748
Placebo,14,8777,True,0.42734384126210245
Placebo,14,9151,True,0.20735018959292642
Placebo,14,9609,True,0.17627453214827868
Placebo,15,102,True,0.4364136123626887
Placebo,15,314,True,0.35232353030612984
Placebo,15,1068,True,0.3899187687039588
Placebo,15,1525,True,0.10089830456021866
Placebo,15,1795,True,0.2724182173501369
Placebo,15,1929,True,0.297263373539913
Placebo,15,1931,True,0.0
Placebo,15,1991,True,0.13221527399713826
Placebo,15,2528,True,0.2393206735083351
Placebo,15,2697,True,0.23291971472498943
Placebo,15,2834,True,0.39936680133098323
Placebo,15,2845,True,0.3220427290712614
Placebo,15,3031,True,0.04929175392995458
Placebo,15,3250,True,0.0
Placebo,15,3308,True,0.10906806227579122
Placebo,15,3402,True,0.16944064752231383
Placebo,15,3426,True,0.0
Placebo,15,3449,True,0.3967526907867461
Placebo,15,3756,True,0.28279933917410655
Placebo,15,4141,True,0.37551098070842215
Placebo,15,4210,True,0.24823698392660534
Placebo,15,4516,True,0.531836042256489
Placebo,15,4692,True,0.0
Placebo,15,4700,True,0.0
Placebo,15,4910,True,0.0
Placebo,15,4962,True,0.06012983951359326
Placebo,15,5275,True,0.0
Placebo,15,5671,True,0.44886425515712125
Placebo,15,5683,True,0.17760934291213304
Placebo,15,6067,True,0.43130900012058243
Placebo,15,6378,True,0.31660983981350144
Placebo,15,6495,True,0.7049882879604729
Placebo,15,6868,True,0.18725054447856287
Placebo,15,6880,True,0.4465166140804347
Placebo,15,7144,True,0.2422491845759917
Placebo,15,7413,True,0.22400556151517553
Placebo,15,7526,True,0.0
Placebo,15,7531,True,0.0
Placebo,15,7577,True,0.07614334071738343
Placebo,15,7621,True,0.1079819103556742
Placebo,15,8198,True,0.11381311447980796
Placebo,15,8442,True,0.0
Placebo,15,8452,True,0.3902874326853682
Placebo,15,8476,True,0.25936628404008066
Placebo,15,8541,True,0.373092879132044
Placebo,15,8802,True,0.12417027950451937
Placebo,15,8816,True,0.08478905019642406
Placebo,15,8852,True,0.2159961479239289
Placebo,15,9099,True,0.223754504404917
Placebo,15,9479,True,0.20739279067293398
Placebo,15,9625,False,0.0
Placebo,15,96,True,0.0
Placebo,15,171,True,0.55000362194287
Placebo,15,328,True,0.0
Placebo,15,387,True,0.0
Placebo,15,754,False,0.0
Placebo,15,983,True,0.41728054596599184
Placebo,15,1039,True,0.6135767279651533
Placebo,15,1098,True,0.0
Placebo,15,1120,True,0.19368316024561852
Placebo,15,1275,True,0.3409579664592475
Placebo,15,1343,True,0.06943122193677731
Placebo,15,1483,True,0.46080414051036167
Placebo,15,2005,True,0.031810394099475836
Placebo,15,2048,True,0.5962740721438269
Placebo,15,2379,True,0.5654062554557575
Placebo,15,2516,True,0.23403833467533963
Placebo,15,2601,True,0.2952027874531707
Placebo,15,3210,True,0.05861804732902653
Placebo,15,3601,True,0.0
Placebo,15,3729,True,0.0
Placebo,15,3832,True,0.2556776554059493
Placebo,15,4104,True,0.19529720715386698
Placebo,15,4286,True,0.22101502185803276
Placebo,15,4329,True,0.15139734109600997
Placebo,15,4553,True,0.0
Placebo,15,4790,True,0.11751610475642699
Placebo,15,4844,True,0.0
Placebo,15,4994,True,0.18016311754080025
Placebo,15,5020,True,0.41641223374163183
Placebo,15,5293,True,0.1399976147858132
Placebo,15,5338,True,0.4600100231524132
Placebo,15,5343,True,0.26521016728839186
Placebo,15,5464,True,0.35231468288576107
Placebo,15,5560,True,0.3163085474447115
Placebo,15,5719,True,0.37952372650832894
Placebo,15,6055,True,0.16657676034430963
Placebo,15,6121,True,0.25739426226668766
Placebo,15,6128,True,0.15142452369759551
Placebo,15,6197,True,0.49732615170833927
Placebo,15,6336,True,0.4740886561443984
Placebo,15,6577,True,0.26307362465003087
Placebo,15,6717,True,0.0
Placebo,15,6906,False,0.0
Placebo,15,8550,True,0.0
Placebo,15,8576,True,0.5559026721867443
Placebo,15,8790,False,0.0
Placebo,15,8840,True,0.0
Placebo,15,8878,True,0.2947483358982582
Placebo,15,9337,True,0.36676069308506515
Placebo,15,9501,True,0.21735053923460299
Placebo,15,9512,False,0.0
Placebo,15,45,True,0.11290469424520712
Placebo,15,199,True,0.17237263238037923
Placebo,15,458,True,0.4037570730126687
Placebo,15,564,True,0.836346701999365
Placebo,15,717,True,0.0
Placebo,15,1109,True,0.5402886636543791
Placebo,15,1576,True,0.04620517621722942
Placebo,15,1711,True,0.0
Placebo,15,1868,False,0.0
Placebo,15,1942,True,0.28856447638533445
Placebo,15,2001,True,0.18011233330479415
Placebo,15,2217,True,0.0
Placebo,15,2354,True,0.23708496391178221
Placebo,15,2761,True,0.048596463537904255
Placebo,15,2980,True,0.0
Placebo,15,3021,True,0.14956849065351185
Placebo,15,3030,True,0.0
Placebo,15,3046,True,0.1499470130322816
Placebo,15,3050,True,0.24673641401801266
Placebo,15,3288,True,0.22264696625224503
Placebo,15,3302,True,0.43836306920312856
Placebo,15,3794,True,0.4052195471156028
Placebo,15,3920,True,0.2580323140675891
Placebo,15,3965,True,0.14483368017538134
Placebo,15,4193,True,0.531763594110419
Placebo,15,4294,True,0.1247991599125066
Placebo,15,4383,True,0.6227283852917861
Placebo,15,4474,True,0.0
Placebo,15,5068,True,0.015605330364274847
Placebo,15,5258,True,0.04565679690686911
Placebo,15,5306,True,0.5651843393512491
Placebo,15,5323,True,0.5924025568999003
Placebo,15,5421,True,0.5356833057272945
Placebo,15,5766,True,0.6436542096300634
Placebo,15,5877,True,0.18930577552720262
Placebo,15,5887,True,0.206773707467633
Placebo,15,6126,True,0.0
Placebo,15,6190,True,0.4203015185288185
Placebo,15,6224,True,0.34203068133225306
Placebo,15,6465,True,0.0
Placebo,15,6853,True,0.3012220941006491
Placebo,15,6949,True,0.40348192648457876
Placebo,15,7107,True,0.17057135845561414
Placebo,15,7240,False,0.0
Placebo,15,7937,True,0.5636285586414429
Placebo,15,8015,True,0.10640163976526493
Placebo,15,8066,True,0.0
Placebo,15,8202,True,0.3572799162737303
Placebo,15,8321,True,0.5043389063539248
Placebo,15,9222,True,0.0
Placebo,15,9453,True,0.4646368086664981
Placebo,15,73,True,0.25877602951480655
Placebo,15,390,True,0.32066410481885893
Placebo,15,424,True,0.42549910873739183
Placebo,15,715,True,0.2987141338096275
Placebo,15,915,True,0.19182456951895013
Placebo,15,1579,True,0.0
Placebo,15,1643,True,0.08116136400948519
Placebo,15,1679,True,0.5656525914139625
Placebo,15,1982,True,0.07839826897867538
Placebo,15,2027,True,0.2804479920118753
Placebo,15,2211,True,0.12624602730590237
Placebo,15,2228,True,0.2489083270225946
Placebo,15,2352,True,0.0
Placebo,15,2520,True,0.2678543468502091
Placebo,15,2573,True,0.13568544539116625
Placebo,15,2630,True,0.7470501048198558
Placebo,15,2666,True,0.35197602640855585
Placebo,15,2745,True,0.11927628896125794
Placebo,15,3149,True,0.3231753692359364
Placebo,15,3369,True,0.06181086786050318
Placebo,15,3617,True,0.2703913223009122
Placebo,15,3862,True,0.0
Placebo,15,4124,True,0.431561560929665
Placebo,15,4218,True,0.2530135503531292
Placebo,15,4268,True,0.6410457898283652
Placebo,15,4452,False,0.0
Placebo,15,4522,True,0.0
Placebo,15,4784,True,0.5737030219423759
Placebo,15,5139,True,0.18900105019841942
Placebo,15,5438,True,0.2055003569275711
Placebo,15,5565,True,0.0
Placebo,15,5684,True,0.3094269186679676
Placebo,15,5775,True,0.08472992489971985
Placebo,15,6110,True,0.0
Placebo,15,6488,True,0.19406036727019213
Placebo,15,6590,True,0.2825994206112961
Placebo,15,6793,True,0.28379961835714673
Placebo,15,7090,True,0.21403583802567092
Placebo,15,7112,True,0.0
Placebo,15,7167,True,0.41833204226330106
Placebo,15,7287,True,0.4241162992487472
Placebo,15,7370,True,0.2552010529315471
Placebo,15,7547,True,0.0
Placebo,15,7589,True,0.023754610032297334
Placebo,15,7622,True,0.23934798899760917
Placebo,15,7640,False,0.0
Placebo,15,7757,True,0.1485060568024601
Placebo,15,8162,True,0.4510173185740304
Placebo,15,8508,True,0.03761504711631172
Placebo,15,8597,True,0.23114970648531932
Placebo,15,8771,True,0.0
Placebo,15,288,True,0.6357736676447122
Placebo,15,635,True,0.10774887145858912
Placebo,15,654,True,0.342120839431779
Placebo,15,699,True,0.039276066999619934
Placebo,15,743,True,0.5842916711779692
Placebo,15,946,True,0.0
Placebo,15,976,True,0.16347782479468273
Placebo,15,1144,True,0.8059962940842149
Placebo,15,1187,True,0.41706934571144244
Placebo,15,1384,True,0.15449062673051145
Placebo,15,1415,True,0.1580122730143444
Placebo,15,1443,True,0.11591982604869
Placebo,15,1629,True,0.17714752793103516
Placebo,15,1684,True,0.0
Placebo,15,1802,True,0.0
Placebo,15,1914,True,0.17215558718794274
Placebo,15,2046,True,0.0
Placebo,15,2071,True,0.0
Placebo,15,2340,True,0.28370628873866477
Placebo,15,2749,True,0.3891684311129137
Placebo,15,3517,True,0.24655920587021696
Placebo,15,3758,True,0.09858350785990916
Placebo,15,4110,True,0.0889835857313796
Placebo,15,4111,True,0.09109240322345795
Placebo,15,4144,True,0.49535925934476926
Placebo,15,5021,True,0.07362322034364345
Placebo,15,5032,True,0.7298420778989813
Placebo,15,5096,True,0.0
Placebo,15,5109,True,0.5536074148515949
Placebo,15,5114,True,0.08942898392465545
Placebo,15,5977,True,0.0
Placebo,15,5984,True,0.14869527230661223
Placebo,15,6353,True,0.5824876439932613
Placebo,15,6373,True,0.05376685808255544
Placebo,15,6539,True,0.0
Placebo,15,6554,True,0.4103524621117969
Placebo,15,6884,True,0.0
Placebo,15,6955,True,0.05583786044522723
Placebo,15,7020,True,0.5812198699517819
Placebo,15,7029,True,0.4552080073316166
Placebo,15,7280,True,0.12144242531019436
Placebo,15,7394,True,0.2021553370411396
Placebo,15,7795,True,0.4404722945210565
Placebo,15,8108,True,0.1551346154095083
Placebo,15,8560,True,0.3935802765362451
Placebo,15,8632,True,0.4695956801507056
Placebo,15,8657,True,0.21951184540506863
Placebo,15,8777,True,0.5257672395188406
Placebo,15,9151,True,0.22906780818277772
Placebo,15,9609,True,0.34327770859397866
Placebo,16,102,True,0.299988375845374
Placebo,16,314,True,0.44122092505683036
Placebo,16,1068,True,0.4112775135213571
Placebo,16,1525,True,0.07996001455714447
Placebo,16,1795,True,0.1590430729171933
Placebo,16,1929,True,0.4695033595789494
Placebo,16,1931,True,0.0
Placebo,16,1991,True,0.12675618129635727
Placebo,16,2528,True,0.3901511789750537
Placebo,16,2697,True,0.29811769112618014
Placebo,16,2834,True,0.43230598549851273
Placebo,16,2845,True,0.21748494345733724
Placebo,16,3031,True,0.11613618508243675
Placebo,16,3250,True,0.0713975720180687
Placebo,16,3308,True,0.24728491483298215
Placebo,16,3402,True,0.6069426808518208
Placebo,16,3426,True,0.0
Placebo,16,3449,True,0.353714744269509
Placebo,16,3756,True,0.23425332993314463
Placebo,16,4141,True,0.40869259327779883
Placebo,16,4210,True,0.10692951711554889
Placebo,16,4516,True,0.41092414498865937
Placebo,16,4692,True,0.5615443777322888
Placebo,16,4700,True,0.0
Placebo,16,4910,True,0.4306765580733929
Placebo,16,4962,True,0.1340402346263696
Placebo,16,5275,True,0.0
Placebo,16,5671,True,0.25974711142512386
Placebo,16,5683,True,0.1340402346263696
Placebo,16,6067,True,0.474720026667907
Placebo,16,6378,True,0.21810577115488722
Placebo,16,6495,True,0.5344884225057114
Placebo,16,6868,True,0.27693496569353404
Placebo,16,6880,True,0.10124161603625309
Placebo,16,7144,True,0.13571296355926615
Placebo,16,7413,True,0.160553648555243
Placebo,16,7526,True,0.0
Placebo,16,7531,True,0.22647843841821177
Placebo,16,7577,True,0.19969177179889386
Placebo,16,7621,True,0.1677010959389697
Placebo,16,8198,True,0.0543026559841585
Placebo,16,8442,True,0.0
Placebo,16,8452,True,0.4853569316979007
Placebo,16,8476,True,0.3283958057289216
Placebo,16,8541,True,0.24954776688700953
Placebo,16,8802,True,0.2643646147311369
Placebo,16,8816,True,0.0
Placebo,16,8852,True,0.2471959883049951
Placebo,16,9099,True,0.18209783440273183
Placebo,16,9479,True,0.05478496602275216
Placebo,16,9625,False,0.0
Placebo,16,96,True,0.0
Placebo,16,171,True,0.6291973289643298
Placebo,16,328,True,0.0
Placebo,16,387,True,0.0
Placebo,16,754,False,0.0
Placebo,16,983,True,0.32021312311845035
Placebo,16,1039,True,0.4678206575505227
Placebo,16,1098,True,0.7615998874313501
Placebo,16,1120,True,0.17194242520635666
Placebo,16,1275,True,0.3429551416848658
Placebo,16,1343,True,0.28371255449703187
Placebo,16,1483,True,0.22690519317148664
Placebo,16,2005,True,0.0
Placebo,16,2048,True,0.18765689627284077
Placebo,16,2379,True,0.4826904177323117
Placebo,16,2516,True,0.23669358520430603
Placebo,16,2601,True,0.10293618450406901
Placebo,16,3210,True,0.43136420442284457
Placebo,16,3601,True,0.19890440060287856
Placebo,16,3729,True,0.0
Placebo,16,3832,True,0.32149616226344446
Placebo,16,4104,True,0.5016376089332173
Placebo,16,4286,True,0.2963982761491221
Placebo,16,4329,True,0.2200917662980802
Placebo,16,4553,True,0.044399369745528
Placebo,16,4790,True,0.13583841885991163
Placebo,16,4844,True,0.0
Placebo,16,4994,True,0.11156883937733114
Placebo,16,5020,True,0.47052451157669367
Placebo,16,5293,True,0.26085853191586983
Placebo,16,5338,True,0.37312092936748203
Placebo,16,5343,True,0.19628521173265523
Placebo,16,5464,True,0.08148406294050631
Placebo,16,5560,True,0.25298596124935824
Placebo,16,5719,True,0.24565139441941836
Placebo,16,6055,True,0.25637807543859287
Placebo,16,6121,True,0.16365329800063505
Placebo,16,6128,True,0.0
Placebo,16,6197,True,0.10517431619883594
Placebo,16,6336,True,0.5197228232861698
Placebo,16,6577,True,0.15095477022372802
Placebo,16,6717,True,0.1206049945212052
Placebo,16,6906,False,0.0
Placebo,16,8550,True,0.0
Placebo,16,8576,True,0.2533816579543858
Placebo,16,8790,False,0.0
Placebo,16,8840,True,0.0
Placebo,16,8878,True,0.22883924989280766
Placebo,16,9337,True,0.10780509678375631
Placebo,16,9501,True,0.19496286998765652
Placebo,16,9512,False,0.0
Placebo,16,45,True,0.18514204195015854
Placebo,16,199,True,0.0
Placebo,16,458,True,0.3563530579190118
Placebo,16,564,True,0.7100226348397881
Placebo,16,717,True,0.0
Placebo,16,1109,True,0.3221113941553768
Placebo,16,1576,True,0.04731298313931704
Placebo,16,1711,True,0.0
Placebo,16,1868,False,0.0
Placebo,16,1942,True,0.4503136576205236
Placebo,16,2001,True,0.20153784159686822
Placebo,16,2217,True,0.10646464774659972
Placebo,16,2354,True,0.06943122193677725
Placebo,16,2761,True,0.0
Placebo,16,2980,True,0.0
Placebo,16,3021,True,0.0
Placebo,16,3030,True,0.0
Placebo,16,3046,True,0.2169047834787047
Placebo,16,3050,True,0.3669100594734849
Placebo,16,3288,True,0.18771664537979987
Placebo,16,3302,True,0.0
Placebo,16,3794,True,0.17451855981580688
Placebo,16,3920,True,0.23368955924018675
Placebo,16,3965,True,0.2664732206889244
Placebo,16,4193,True,0.3014394910084624
Placebo,16,4294,True,0.0
Placebo,16,4383,True,0.56754199909835
Placebo,16,4474,True,0.7601875334318686
Placebo,16,5068,True,0.23748160433348894
Placebo,16,5258,True,0.10458024921213012
Placebo,16,5306,True,0.649391784798997
Placebo,16,5323,True,0.6200249798618755
Placebo,16,5421,True,0.6439672444968317
Placebo,16,5766,True,0.5111660676408611
Placebo,16,5877,True,0.0
Placebo,16,5887,True,0.2850947529116238
Placebo,16,6126,True,0.0
Placebo,16,6190,True,0.40482960467577717
Placebo,16,6224,True,0.15922715147128413
Placebo,16,6465,True,0.2604545425701507
Placebo,16,6853,True,0.20860726809253582
Placebo,16,6949,True,0.5491726606689488
Placebo,16,7107,True,0.0
Placebo,16,7240,False,0.0
Placebo,16,7937,True,0.2760048541933757
Placebo,16,8015,True,0.0
Placebo,16,8066,True,0.0
Placebo,16,8202,True,0.45131287163057804
Placebo,16,8321,True,0.19004361288322416
Placebo,16,9222,True,0.0
Placebo,16,9453,True,0.4206345687491708
Placebo,16,73,True,0.11911734367569742
Placebo,16,390,True,0.29880949005786983
Placebo,16,424,True,0.04330890684638207
Placebo,16,715,True,0.33264537041403425
Placebo,16,915,True,0.0
Placebo,16,1579,True,0.0
Placebo,16,1643,True,0.0
Placebo,16,1679,True,0.296709658571805
Placebo,16,1982,True,0.21408371436984164
Placebo,16,2027,True,0.22542078928306475
Placebo,16,2211,True,0.15556974829149348
Placebo,16,2228,True,0.1863847336778741
Placebo,16,2352,True,1.0
Placebo,16,2520,True,0.07839826897867538
Placebo,16,2573,True,0.14201905717762706
Placebo,16,2630,True,0.5007116783249442
Placebo,16,2666,True,0.26733937859651913
Placebo,16,2745,True,0.09501844012918934
Placebo,16,3149,True,0.26693929222750806
Placebo,16,3369,True,0.15917007559337124
Placebo,16,3617,True,0.17621788790379128
Placebo,16,3862,True,0.0
Placebo,16,4124,True,0.34285822752507583
Placebo,16,4218,True,0.3403670826803064
Placebo,16,4268,True,1.0
Placebo,16,4452,False,0.0
Placebo,16,4522,True,0.14074267220463055
Placebo,16,4784,True,0.4441973575722056
Placebo,16,5139,True,0.0
Placebo,16,5438,True,0.3790767956904306
Placebo,16,5565,True,0.0
Placebo,16,5684,True,0.21159864470670897
Placebo,16,5775,True,0.13743816645714546
Placebo,16,6110,True,0.18345346500142173
Placebo,16,6488,True,0.0
Placebo,16,6590,True,0.21875138291954285
Placebo,16,6793,True,0.2820132694023926
Placebo,16,7090,True,0.31842386544225876
Placebo,16,7112,True,0.36934595283166205
Placebo,16,7167,True,0.23313766971380842
Placebo,16,7287,True,0.5583331325901473
Placebo,16,7370,True,0.3615774434437674
Placebo,16,7547,True,0.0
Placebo,16,7589,True,0.023754610032297334
Placebo,16,7622,True,0.42939524338540463
Placebo,16,7640,False,0.0
Placebo,16,7757,True,0.38388258796432534
Placebo,16,8162,True,0.601241616036253
Placebo,16,8508,True,0.0
Placebo,16,8597,True,0.24346173486612413
Placebo,16,8771,True,0.11448501924530573
Placebo,16,288,True,0.5265622228365999
Placebo,16,635,True,0.20438028584075155
Placebo,16,654,True,0.3110329400811075
Placebo,16,699,True,0.2925673669691719
Placebo,16,743,True,0.25435209390949476
Placebo,16,946,True,0.0
Placebo,16,976,True,0.0
Placebo,16,1144,True,0.8002318021076048
Placebo,16,1187,True,0.26723906698432925
Placebo,16,1384,True,0.08667119424551134
Placebo,16,1415,True,0.19260463127258942
Placebo,16,1443,True,0.18905709333163614
Placebo,16,1629,True,0.0
Placebo,16,1684,True,0.0
Placebo,16,1802,True,0.13469920037139602
Placebo,16,1914,True,0.3426831422373652
Placebo,16,2046,True,0.0
Placebo,16,2071,True,0.0
Placebo,16,2340,True,0.31926484923530546
Placebo,16,2749,True,0.3161911514104438
Placebo,16,3517,True,0.37843140829571387
Placebo,16,3758,True,0.12741733550370726
Placebo,16,4110,True,0.30667255205455485
Placebo,16,4111,True,0.0
Placebo,16,4144,True,0.18935744919705857
Placebo,16,5021,True,0.2469498097926284
Placebo,16,5032,True,0.1846924186681045
Placebo,16,5096,True,0.2138073800278552
Placebo,16,5109,True,0.3147391589007274
Placebo,16,5114,True,0.21994175646281858
Placebo,16,5977,True,0.0
Placebo,16,5984,True,0.243652966583211
Placebo,16,6353,True,0.3770254677349301
Placebo,16,6373,True,0.0
Placebo,16,6539,True,0.0
Placebo,16,6554,True,0.1423072526959275
Placebo,16,6884,True,0.0
Placebo,16,6955,True,0.0
Placebo,16,7020,True,0.31092778544314653
Placebo,16,7029,True,0.2742654694553681
Placebo,16,7280,True,0.17231123404386145
Placebo,16,7394,True,0.048753830672500074
Placebo,16,7795,True,0.4218026703335335
Placebo,16,8108,True,0.1766411741952189
Placebo,16,8560,True,0.3643799032082295
Placebo,16,8632,True,0.4381975374529674
Placebo,16,8657,True,0.3100575073036661
Placebo,16,8777,True,0.28443631753834575
Placebo,16,9151,True,0.5057766688646497
Placebo,16,9609,True,0.4669179479907707
Placebo,17,102,True,0.32265009996205196
Placebo,17,314,True,0.20249123866705446
Placebo,17,1068,True,0.5646891305247079
Placebo,17,1525,True,0.0
Placebo,17,1795,True,0.11858432724547299
Placebo,17,1929,True,0.38847380989918856
Placebo,17,1931,True,0.0
Placebo,17,1991,True,0.19333362927480435
Placebo,17,2528,True,0.3547714097990493
Placebo,17,2697,True,0.4011583132541524
Placebo,17,2834,True,0.45191910365012067
Placebo,17,2845,True,0.11074812101121996
Placebo,17,3031,True,0.1422608017510935
Placebo,17,3250,True,0.1834098052484002
Placebo,17,3308,True,0.2758471541718663
Placebo,17,3402,True,0.12248568453418994
Placebo,17,3426,True,0.06646128939113045
Placebo,17,3449,True,0.46322214389958877
Placebo,17,3756,True,0.2440800952721686
Placebo,17,4141,True,0.4713348417693197
Placebo,17,4210,True,0.1741733337537634
Placebo,17,4516,True,0.5377436518992844
Placebo,17,4692,True,0.05410757600632345
Placebo,17,4700,True,0.0
Placebo,17,4910,True,0.28906482631788766
Placebo,17,4962,True,0.30627064768776135
Placebo,17,5275,True,0.0
Placebo,17,5671,True,0.5102408716460901
Placebo,17,5683,True,0.19150265143746747
Placebo,17,6067,True,0.2964085239887149
Placebo,17,6378,True,0.24505141282885484
Placebo,17,6495,True,0.6368607456452621
Placebo,17,6868,True,0.2982848653840333
Placebo,17,6880,True,0.563763255372381
Placebo,17,7144,True,0.18561320333460524
Placebo,17,7413,True,0.34996677795142084
Placebo,17,7526,True,0.0
Placebo,17,7531,True,0.08630866384567748
Placebo,17,7577,True,0.09010000865236774
Placebo,17,7621,True,0.25012299831424584
Placebo,17,8198,True,0.06978419164318803
Placebo,17,8442,True,0.0
Placebo,17,8452,True,0.3899309159913982
Placebo,17,8476,True,0.4119389390058943
Placebo,17,8541,True,0.40628562037258154
Placebo,17,8802,True,0.2457566115893006
Placebo,17,8816,True,0.12421371338458444
Placebo,17,8852,True,0.11284514134893517
Placebo,17,9099,True,0.1658612266196872
Placebo,17,9479,True,0.2680512934047234
Placebo,17,9625,False,0.0
Placebo,17,96,True,0.0
Placebo,17,171,True,0.3866805016146936
Placebo,17,328,True,0.0
Placebo,17,387,True,0.056906557239904024
Placebo,17,754,False,0.0
Placebo,17,983,True,0.29191649346574805
Placebo,17,1039,True,0.14149868290962944
Placebo,17,1098,True,0.44884150899550496
Placebo,17,1120,True,0.09904297750338123
Placebo,17,1275,True,0.33916790757237636
Placebo,17,1343,True,0.5711601909662336
Placebo,17,1483,True,0.12258334840220753
Placebo,17,2005,True,0.2934556883974403
Placebo,17,2048,True,0.14466647248968378
Placebo,17,2379,True,0.37541988620867023
Placebo,17,2516,True,0.3067342223687033
Placebo,17,2601,True,0.15139734109600997
Placebo,17,3210,True,0.3290862364348827
Placebo,17,3601,True,0.18457569677956798
Placebo,17,3729,True,0.06452577150984494
Placebo,17,3832,True,0.19055798973935947
Placebo,17,4104,True,0.13158853940201334
Placebo,17,4286,True,0.3579366562365495
Placebo,17,4329,True,0.0
Placebo,17,4553,True,0.459082823391373
Placebo,17,4790,True,0.0
Placebo,17,4844,True,0.11002326706256796
Placebo,17,4994,True,0.14967392193060158
Placebo,17,5020,True,0.6838852664004427
Placebo,17,5293,True,0.6219694720649027
Placebo,17,5338,True,0.6072842296242211
Placebo,17,5343,True,0.24470793935304855
Placebo,17,5464,True,0.16855968950301867
Placebo,17,5560,True,0.35889732904324284
Placebo,17,5719,True,0.37139681931648955
Placebo,17,6055,True,0.2376629026153704
Placebo,17,6121,True,0.442219594238013
Placebo,17,6128,True,0.24451907473862147
Placebo,17,6197,True,0.26736762801514513
Placebo,17,6336,True,0.6592187180659252
Placebo,17,6577,True,0.2900889005733235
Placebo,17,6717,True,0.26406812257259077
Placebo,17,6906,False,0.0
Placebo,17,8550,True,0.0
Placebo,17,8576,True,0.6498915601621454
Placebo,17,8790,False,0.0
Placebo,17,8840,True,0.0
Placebo,17,8878,True,0.0
Placebo,17,9337,True,0.0
Placebo,17,9501,True,0.41597117753311874
Placebo,17,9512,False,0.0
Placebo,17,45,True,0.24796881508442717
Placebo,17,199,True,0.09797563950575583
Placebo,17,458,True,0.29217719146461657
Placebo,17,564,True,0.790301000055901
Placebo,17,717,True,0.0
Placebo,17,1109,True,0.4053107164735822
Placebo,17,1576,True,0.2519666804796317
Placebo,17,1711,True,0.0
Placebo,17,1868,False,0.0
Placebo,17,1942,True,0.17025065913322807
Placebo,17,2001,True,0.10026710274415578
Placebo,17,2217,True,0.40303028380100486
Placebo,17,2354,True,0.13474657860354486
Placebo,17,2761,True,0.0
Placebo,17,2980,True,0.1815417925373527
Placebo,17,3021,True,0.0
Placebo,17,3030,True,0.0
Placebo,17,3046,True,0.0837434106227717
Placebo,17,3050,True,0.3981354385347694
Placebo,17,3288,True,0.3510468140425665
Placebo,17,3302,True,0.038356439954196984
Placebo,17,3794,True,0.12490788650658134
Placebo,17,3920,True,0.3362640498536986
Placebo,17,3965,True,0.2982390216376019
Placebo,17,4193,True,0.16018443043593536
Placebo,17,4294,True,0.0
Placebo,17,4383,True,0.5775596698043207
Placebo,17,4474,True,0.0
Placebo,17,5068,True,0.09556982176532462
Placebo,17,5258,True,0.055064939617090726
Placebo,17,5306,True,0.3272532764901852
Placebo,17,5323,True,0.6200675545798785
Placebo,17,5421,True,0.4260406942267968
Placebo,17,5766,True,0.2853299859668273
Placebo,17,5877,True,0.0
Placebo,17,5887,True,0.1455008190707348
Placebo,17,6126,True,0.0
Placebo,17,6190,True,0.597603687716981
Placebo,17,6224,True,0.38824405276699103
Placebo,17,6465,True,0.0
Placebo,17,6853,True,0.2669507571941387
Placebo,17,6949,True,0.5544524731542522
Placebo,17,7107,True,0.0
Placebo,17,7240,False,0.0
Placebo,17,7937,True,0.22258929467583624
Placebo,17,8015,True,0.17342765698823942
Placebo,17,8066,True,0.0
Placebo,17,8202,True,0.29031158373017457
Placebo,17,8321,True,0.3567073521165812
Placebo,17,9222,True,0.0
Placebo,17,9453,True,0.19372136943430668
Placebo,17,73,True,0.3516949115502331
Placebo,17,390,True,0.31123625940177263
Placebo,17,424,True,0.14982420171299154
Placebo,17,715,True,0.18625662605832993
Placebo,17,915,True,0.0
Placebo,17,1579,True,0.20066335283495063
Placebo,17,1643,True,0.08857376396551764
Placebo,17,1679,True,0.4296609477767368
Placebo,17,1982,True,0.16354138662029638
Placebo,17,2027,True,0.33931555924828044
Placebo,17,2211,True,0.15556974829149348
Placebo,17,2228,True,0.29672712841598603
Placebo,17,2352,True,0.0
Placebo,17,2520,True,0.07021368493363069
Placebo,17,2573,True,0.20483424751859086
Placebo,17,2630,True,0.41850543873876833
Placebo,17,2666,True,0.353212335861159
Placebo,17,2745,True,0.09501844012918934
Placebo,17,3149,True,0.34208264668960525
Placebo,17,3369,True,0.0
Placebo,17,3617,True,0.3532143764795643
Placebo,17,3862,True,0.0784312679489243
Placebo,17,4124,True,0.48581777416166777
Placebo,17,4218,True,0.23114480050411174
Placebo,17,4268,True,0.7407090992125821
Placebo,17,4452,False,0.0
Placebo,17,4522,True,0.040683756096346925
Placebo,17,4784,True,0.6497115247512619
Placebo,17,5139,True,0.0
Placebo,17,5438,True,0.19189127767971206
Placebo,17,5565,True,0.0
Placebo,17,5684,True,0.2229421382200434
Placebo,17,5775,True,0.08274602130531994
Placebo,17,6110,True,0.053368457452889664
Placebo,17,6488,True,0.0
Placebo,17,6590,True,0.19626345662583045
Placebo,17,6793,True,0.1008674711662712
Placebo,17,7090,True,0.14424997084571223
Placebo,17,7112,True,0.0
Placebo,17,7167,True,0.47841932016152755
Placebo,17,7287,True,0.4475501875553069
Placebo,17,7370,True,0.0553415126180736
Placebo,17,7547,True,0.19687407778989194
Placebo,17,7589,True,0.1643548980682564
Placebo,17,7622,True,0.39120121665087326
Placebo,17,7640,False,0.0
Placebo,17,7757,True,0.0838428120764118
Placebo,17,8162,True,0.6834142663336787
Placebo,17,8508,True,0.0
Placebo,17,8597,True,0.24692230544849178
Placebo,17,8771,True,0.0946891255326431
Placebo,17,288,True,0.5176656323761799
Placebo,17,635,True,0.39612990620560906
Placebo,17,654,True,0.2922701787248242
Placebo,17,699,True,0.16501149045943933
Placebo,17,743,True,0.19802481491291285
Placebo,17,946,True,0.0
Placebo,17,976,True,0.0
Placebo,17,1144,True,0.6027368436915029
Placebo,17,1187,True,0.4868906841891655
Placebo,17,1384,True,0.34668477698204536
Placebo,17,1415,True,0.22992332656708195
Placebo,17,1443,True,0.20147913072493498
Placebo,17,1629,True,0.09359072962204817
Placebo,17,1684,True,0.11298087547243413
Placebo,17,1802,True,0.11778307747679373
Placebo,17,1914,True,0.44241482917358577
Placebo,17,2046,True,0.0
Placebo,17,2071,True,0.040580682004742595
Placebo,17,2340,True,0.2443527483788096
Placebo,17,2749,True,0.5116468598926981
Placebo,17,3517,True,0.5168418379061086
Placebo,17,3758,True,0.3634185885601056
Placebo,17,4110,True,0.09766480928205282
Placebo,17,4111,True,0.0
Placebo,17,4144,True,0.36458598999465325
Placebo,17,5021,True,0.12863609088149652
Placebo,17,5032,True,0.19704704472520626
Placebo,17,5096,True,0.4905126789867849
Placebo,17,5109,True,0.47273072343034334
Placebo,17,5114,True,0.0889835857313796
Placebo,17,5977,True,0.0
Placebo,17,5984,True,0.2371524322619555
Placebo,17,6353,True,0.6103653379301544
Placebo,17,6373,True,0.16130057424766625
Placebo,17,6539,True,0.0
Placebo,17,6554,True,0.3026940608555151
Placebo,17,6884,True,0.1815417925373527
Placebo,17,6955,True,0.05109165667032166
Placebo,17,7020,True,0.4626010882672069
Placebo,17,7029,True,0.28371255449703187
Placebo,17,7280,True,0.18266383632446292
Placebo,17,7394,True,0.06975096265942549
Placebo,17,7795,True,0.2796256743764858
Placebo,17,8108,True,0.0
Placebo,17,8560,True,0.3066959455788686
Placebo,17,8632,True,0.3641839829000346
Placebo,17,8657,True,0.11682540412155268
Placebo,17,8777,True,0.29793894676729615
Placebo,17,9151,True,0.18521396636845863
Placebo,17,9609,True,0.3790042812339959
Placebo,18,102,True,0.45514263631678387
Placebo,18,314,True,0.44225132837477604
Placebo,18,1068,True,0.3777435551472461
Placebo,18,1525,True,0.0
Placebo,18,1795,True,0.2634284061237015
Placebo,18,1929,True,0.3064279540282004
Placebo,18,1931,True,0.0
Placebo,18,1991,True,0.17034151401622252
Placebo,18,2528,True,0.2501419310521545
Placebo,18,2697,True,0.347441218468365
Placebo,18,2834,True,0.5334531092850782
Placebo,18,2845,True,0.040683756096346925
Placebo,18,3031,True,0.1911260032555609
Placebo,18,3250,True,0.2934556883974403
Placebo,18,3308,True,0.19200765187283184
Placebo,18,3402,True,0.2537572795608901
Placebo,18,3426,True,0.0
Placebo,18,3449,True,0.4193956243268357
Placebo,18,3756,True,0.3410316660038588
Placebo,18,4141,True,0.20365873979554852
Placebo,18,4210,True,0.2130483765146811
Placebo,18,4516,True,0.0
Placebo,18,4692,True,0.11476975467992928
Placebo,18,4700,True,0.09614715734857844
Placebo,18,4910,True,0.0
Placebo,18,4962,True,0.1340402346263696
Placebo,18,5275,True,0.0
Placebo,18,5671,True,0.15785644912440946
Placebo,18,5683,True,0.11120921322406253
Placebo,18,6067,True,0.2766886428401713
Placebo,18,6378,True,0.23943335851319558
Placebo,18,6495,True,0.3410128736307201
Placebo,18,6868,True,0.3872130387405465
Placebo,18,6880,True,0.4976334889377624
Placebo,18,7144,True,0.22198381296297784
Placebo,18,7413,True,0.07839826897867538
Placebo,18,7526,True,0.0
Placebo,18,7531,True,0.08274908245792928
Placebo,18,7577,True,0.10893649261775587
Placebo,18,7621,True,0.26264567359495194
Placebo,18,8198,True,0.3463468978671456
Placebo,18,8442,True,0.3243991050595312
Placebo,18,8452,True,0.4335782211138287
Placebo,18,8476,True,0.34463533211395825
Placebo,18,8541,True,0.4829084188733383
Placebo,18,8802,True,0.17136269065036203
Placebo,18,8816,True,0.12421371338458453
Placebo,18,8852,True,0.0
Placebo,18,9099,True,0.0
Placebo,18,9479,True,0.0
Placebo,18,9625,False,0.0
Placebo,18,96,True,0.0
Placebo,18,171,True,0.8384815107879825
Placebo,18,328,True,0.0
Placebo,18,387,True,0.0
Placebo,18,754,False,0.0
Placebo,18,983,True,0.4083157180534137
Placebo,18,1039,True,0.27569133000267626
Placebo,18,1098,True,0.29490415674925063
Placebo,18,1120,True,0.08156246254914358
Placebo,18,1275,True,0.27561860807297184
Placebo,18,1343,True,0.1951890007906611
Placebo,18,1483,True,0.486794142685831
Placebo,18,2005,True,0.2200917662980802
Placebo,18,2048,True,0.30826587706517
Placebo,18,2379,True,0.478094982831024
Placebo,18,2516,True,0.25535820062483516
Placebo,18,2601,True,0.6987957033953601
Placebo,18,3210,True,0.22280910497520356
Placebo,18,3601,True,0.0
Placebo,18,3729,True,0.19492578050501277
Placebo,18,3832,True,0.4952790954272159
Placebo,18,4104,True,0.2655335189797637
Placebo,18,4286,True,0.1347357667421267
Placebo,18,4329,True,0.22301775114131486
Placebo,18,4553,True,0.17268110600643205
Placebo,18,4790,True,0.4414924137367807
Placebo,18,4844,True,0.37906967231588823
Placebo,18,4994,True,0.15939153273341675
Placebo,18,5020,True,0.32911095903301407
Placebo,18,5293,True,0.32636352988985584
Placebo,18,5338,True,0.5352744009846621
Placebo,18,5343,True,0.32401155830712347
Placebo,18,5464,True,0.11712525462224861
Placebo,18,5560,True,0.2506400984620596
Placebo,18,5719,True,0.14169830436783482
Placebo,18,6055,True,0.32991605846081556
Placebo,18,6121,True,0.5660058481524266
Placebo,18,6128,True,0.5227166667733734
Placebo,18,6197,True,0.17370400512197556
Placebo,18,6336,True,0.42479567809938096
Placebo,18,6577,True,0.07425302840123005
Placebo,18,6717,True,0.0
Placebo,18,6906,False,0.0
Placebo,18,8550,True,0.0
Placebo,18,8576,True,0.44421116415612755
Placebo,18,8790,False,0.0
Placebo,18,8840,True,0.5640920940185892
Placebo,18,8878,True,0.0
Placebo,18,9337,True,0.0
Placebo,18,9501,True,0.5781101406556983
Placebo,18,9512,False,0.0
Placebo,18,45,True,0.18311043820812756
Placebo,18,199,True,0.11785313334300485
Placebo,18,458,True,0.29187152793301124
Placebo,18,564,True,0.6515213700280397
Placebo,18,717,True,0.1505512171936081
Placebo,18,1109,True,0.2506331159374761
Placebo,18,1576,True,0.19368316024561857
Placebo,18,1711,True,0.0
Placebo,18,1868,False,0.0
Placebo,18,1942,True,0.09833639916734033
Placebo,18,2001,True,0.295185689980193
Placebo,18,2217,True,0.20151514190050243
Placebo,18,2354,True,0.1973466980335225
Placebo,18,2761,True,0.2013698261735386
Placebo,18,2980,True,0.0
Placebo,18,3021,True,0.23170768250378493
Placebo,18,3030,True,0.0
Placebo,18,3046,True,0.37676793261345326
Placebo,18,3050,True,0.48315438885647227
Placebo,18,3288,True,0.12485197814633776
Placebo,18,3302,True,0.08494489033580488
Placebo,18,3794,True,0.4727561383015367
Placebo,18,3920,True,0.3288012867575001
Placebo,18,3965,True,0.3865601224950523
Placebo,18,4193,True,0.5690899447035093
Placebo,18,4294,True,0.09711262233274517
Placebo,18,4383,True,0.6357067286822359
Placebo,18,4474,True,0.0
Placebo,18,5068,True,0.3878765691258813
Placebo,18,5258,True,0.0
Placebo,18,5306,True,0.5618858066949124
Placebo,18,5323,True,0.7342206695895214
Placebo,18,5421,True,0.555663121555349
Placebo,18,5766,True,0.3875132993074705
Placebo,18,5877,True,0.0
Placebo,18,5887,True,0.3786270721716403
Placebo,18,6126,True,0.0
Placebo,18,6190,True,0.5550032965126184
Placebo,18,6224,True,0.06943122193677731
Placebo,18,6465,True,0.0
Placebo,18,6853,True,0.3897473820521208
Placebo,18,6949,True,0.6480789623880792
Placebo,18,7107,True,0.0
Placebo,18,7240,False,0.0
Placebo,18,7937,True,0.3248373608803443
Placebo,18,8015,True,0.0
Placebo,18,8066,True,0.0
Placebo,18,8202,True,0.5074705256156693
Placebo,18,8321,True,0.47796296024799817
Placebo,18,9222,True,0.38685280723454163
Placebo,18,9453,True,0.4664079686899377
Placebo,18,73,True,0.2982339540515448
Placebo,18,390,True,0.5215852972367686
Placebo,18,424,True,0.1970884750459006
Placebo,18,715,True,0.5579605541082189
Placebo,18,915,True,0.0
Placebo,18,1579,True,0.10780509678375631
Placebo,18,1643,True,0.10861750945625488
Placebo,18,1679,True,0.6938745090941931
Placebo,18,1982,True,0.08514311764162101
Placebo,18,2027,True,0.5130019376651305
Placebo,18,2211,True,0.21836974929469327
Placebo,18,2228,True,0.10124161603625315
Placebo,18,2352,True,0.0
Placebo,18,2520,True,0.4705561169627618
Placebo,18,2573,True,0.13568544539116625
Placebo,18,2630,True,0.48609577462759024
Placebo,18,2666,True,0.47795768788982923
Placebo,18,2745,True,0.3717476887411904
Placebo,18,3149,True,0.0977746911868132
Placebo,18,3369,True,0.19279687700471052
Placebo,18,3617,True,0.37341024135308953
Placebo,18,3862,True,0.0
Placebo,18,4124,True,0.37599267720701396
Placebo,18,4218,True,0.26574190737328546
Placebo,18,4268,True,0.6410457898283651
Placebo,18,4452,False,0.0
Placebo,18,4522,True,0.30133275717830277
Placebo,18,4784,True,0.6595476253197833
Placebo,18,5139,True,0.1934264036172709
Placebo,18,5438,True,0.211644455866272
Placebo,18,5565,True,0.0
Placebo,18,5684,True,0.29428077586563145
Placebo,18,5775,True,0.28256979728785014
Placebo,18,6110,True,0.17338213710140665
Placebo,18,6488,True,0.20251610093366157
Placebo,18,6590,True,0.32597358003346427
Placebo,18,6793,True,0.09109240322345795
Placebo,18,7090,True,0.18164264204274516
Placebo,18,7112,True,0.0
Placebo,18,7167,True,0.5490262036480508
Placebo,18,7287,True,0.46673058219746494
Placebo,18,7370,True,0.267490908809354
Placebo,18,7547,True,0.15232257932946244
Placebo,18,7589,True,0.0
Placebo,18,7622,True,0.42968580501675574
Placebo,18,7640,False,0.0
Placebo,18,7757,True,0.16530910023832623
Placebo,18,8162,True,0.5610949643366633
Placebo,18,8508,True,0.14503789886929047
Placebo,18,8597,True,0.16210523872239638
Placebo,18,8771,True,0.10283552761606228
Placebo,18,288,True,0.39176159658302007
Placebo,18,635,True,0.31442975316714933
Placebo,18,654,True,0.2516324909510607
Placebo,18,699,True,0.25774919650808686
Placebo,18,743,True,0.46972261737933046
Placebo,18,946,True,0.0
Placebo,18,976,True,0.1410267511545995
Placebo,18,1144,True,0.6801875626858114
Placebo,18,1187,True,0.614473184507388
Placebo,18,1384,True,0.10436251691167327
Placebo,18,1415,True,0.54422169461654
Placebo,18,1443,True,0.16102140484071123
Placebo,18,1629,True,0.08116136400948519
Placebo,18,1684,True,0.12757236323450558
Placebo,18,1802,True,0.0
Placebo,18,1914,True,0.5610558260660292
Placebo,18,2046,True,0.0
Placebo,18,2071,True,0.08116136400948519
Placebo,18,2340,True,0.395174835924013
Placebo,18,2749,True,0.38391450383913966
Placebo,18,3517,True,0.47613782007138306
Placebo,18,3758,True,0.08039138809008572
Placebo,18,4110,True,0.2241405734491922
Placebo,18,4111,True,0.0
Placebo,18,4144,True,0.09858350785990916
Placebo,18,5021,True,0.16392692279291393
Placebo,18,5032,True,0.18806505334363022
Placebo,18,5096,True,0.08039138809008572
Placebo,18,5109,True,0.6844278360693263
Placebo,18,5114,True,0.3090575510571917
Placebo,18,5977,True,0.0
Placebo,18,5984,True,0.19552049658252577
Placebo,18,6353,True,0.6675765456904741
Placebo,18,6373,True,0.3226011484953325
Placebo,18,6539,True,0.0
Placebo,18,6554,True,0.23664354627024695
Placebo,18,6884,True,0.0
Placebo,18,6955,True,0.09777431895709751
Placebo,18,7020,True,0.4778498405051714
Placebo,18,7029,True,0.23343329537256524
Placebo,18,7280,True,0.24946217178454413
Placebo,18,7394,True,0.24293507976653914
Placebo,18,7795,True,0.31981655661983505
Placebo,18,8108,True,0.0
Placebo,18,8560,True,0.350031142519228
Placebo,18,8632,True,0.5808420191116848
Placebo,18,8657,True,0.047394182184775376
Placebo,18,8777,True,0.3957158721536394
Placebo,18,9151,True,0.2757841060585745
Placebo,18,9609,True,0.39625605025710436
Placebo,19,102,True,0.2748636942334466
Placebo,19,314,True,0.4941799557033697
Placebo,19,1068,True,0.4245285179146722
Placebo,19,1525,True,0.11392932746606779
Placebo,19,1795,True,0.2315847489272812
Placebo,19,1929,True,0.405951315064816
Placebo,19,1931,True,0.0
Placebo,19,1991,True,0.2723088889726948
Placebo,19,2528,True,0.4929562966814972
Placebo,19,2697,True,0.2388483526632155
Placebo,19,2834,True,0.27714789915112453
Placebo,19,2845,True,0.387625357751452
Placebo,19,3031,True,0.11300042168180821
Placebo,19,3250,True,0.09478836436955075
Placebo,19,3308,True,0.20260590297565767
Placebo,19,3402,True,0.5088052119754941
Placebo,19,3426,True,0.15360380112499977
Placebo,19,3449,True,0.5512476831099583
Placebo,19,3756,True,0.22749013678522054
Placebo,19,4141,True,0.4668411256592128
Placebo,19,4210,True,0.09158083663141148
Placebo,19,4516,True,0.23740272608975063
Placebo,19,4692,True,0.0
Placebo,19,4700,True,0.319393943239799
Placebo,19,4910,True,0.0
Placebo,19,4962,True,0.1930359437702204
Placebo,19,5275,True,0.0
Placebo,19,5671,True,0.39280502213946633
Placebo,19,5683,True,0.0
Placebo,19,6067,True,0.24952467062547284
Placebo,19,6378,True,0.33039870816925143
Placebo,19,6495,True,0.505360344437199
Placebo,19,6868,True,0.39217715956668325
Placebo,19,6880,True,0.5072380780124418
Placebo,19,7144,True,0.3017838351748433
Placebo,19,7413,True,0.23690530871965648
Placebo,19,7526,True,0.0
Placebo,19,7531,True,0.0
Placebo,19,7577,True,0.17399493535254387
Placebo,19,7621,True,0.3936402106920563
Placebo,19,8198,True,0.09019475927038985
Placebo,19,8442,True,0.0
Placebo,19,8452,True,0.5275563775723561
Placebo,19,8476,True,0.20108107541824158
Placebo,19,8541,True,0.448583761030179
Placebo,19,8802,True,0.2405097233500545
Placebo,19,8816,True,0.5350241180633741
Placebo,19,8852,True,0.19519002499605084
Placebo,19,9099,True,0.14789700411870774
Placebo,19,9479,True,0.14156760360508
Placebo,19,9625,False,0.0
Placebo,19,96,True,0.0
Placebo,19,171,True,0.2932438311926922
Placebo,19,328,True,0.0
Placebo,19,387,True,0.0
Placebo,19,754,False,0.0
Placebo,19,983,True,0.545830238438606
Placebo,19,1039,True,0.31902424933583795
Placebo,19,1098,True,0.40931728009641755
Placebo,19,1120,True,0.06610466247564045
Placebo,19,1275,True,0.3040467572974599
Placebo,19,1343,True,0.19070838696568626
Placebo,19,1483,True,0.543553924362177
Placebo,19,2005,True,0.1388624438735545
Placebo,19,2048,True,0.48276790088405575
Placebo,19,2379,True,0.2001744040837371
Placebo,19,2516,True,0.22183380046458828
Placebo,19,2601,True,0.1610425878239397
Placebo,19,3210,True,0.1478970041187078
Placebo,19,3601,True,0.0
Placebo,19,3729,True,0.05566418523861733
Placebo,19,3832,True,0.31936703225304197
Placebo,19,4104,True,0.21565843567379087
Placebo,19,4286,True,0.299126197130982
Placebo,19,4329,True,0.06625422345438896
Placebo,19,4553,True,0.0
Placebo,19,4790,True,0.1681275362711174
Placebo,19,4844,True,0.11002326706256796
Placebo,19,4994,True,0.17711113726769737
Placebo,19,5020,True,0.18726157798416818
Placebo,19,5293,True,0.0831668646525864
Placebo,19,5338,True,0.8830596826730849
Placebo,19,5343,True,0.1440852937149817
Placebo,19,5464,True,0.46499985040778236
Placebo,19,5560,True,0.2949939334338373
Placebo,19,5719,True,0.39549519336176503
Placebo,19,6055,True,0.2612868430806555
Placebo,19,6121,True,0.48619148658234834
Placebo,19,6128,True,0.185129231482031
Placebo,19,6197,True,0.09378012070045821
Placebo,19,6336,True,0.4479894406916788
Placebo,19,6577,True,0.3579482536187785
Placebo,19,6717,True,0.18508046239362883
Placebo,19,6906,False,0.0
Placebo,19,8550,True,0.0
Placebo,19,8576,True,0.4440973278132557
Placebo,19,8790,False,0.0
Placebo,19,8840,True,0.0
Placebo,19,8878,True,0.0
Placebo,19,9337,True,0.1547209158233195
Placebo,19,9501,True,0.509822324020752
Placebo,19,9512,False,0.0
Placebo,19,45,True,0.060614569639142066
Placebo,19,199,True,0.38116271485019665
Placebo,19,458,True,0.41049201398423035
Placebo,19,564,True,0.9266360779006398
Placebo,19,717,True,0.11713471800758483
Placebo,19,1109,True,0.48077928886293575
Placebo,19,1576,True,0.3166334729654659
Placebo,19,1711,True,0.0
Placebo,19,1868,False,0.0
Placebo,19,1942,True,0.3069156494993324
Placebo,19,2001,True,0.08879873949105595
Placebo,19,2217,True,0.0
Placebo,19,2354,True,0.4011248950259845
Placebo,19,2761,True,0.0
Placebo,19,2980,True,0.1356519734324477
Placebo,19,3021,True,0.10218331334064332
Placebo,19,3030,True,0.0
Placebo,19,3046,True,0.20952176938143213
Placebo,19,3050,True,0.5569148142091677
Placebo,19,3288,True,0.3346432455328161
Placebo,19,3302,True,0.07366373991453432
Placebo,19,3794,True,0.5065244338945035
Placebo,19,3920,True,0.21260421681301184
Placebo,19,3965,True,0.13501836021702038
Placebo,19,4193,True,0.1404359037686077
Placebo,19,4294,True,0.0
Placebo,19,4383,True,0.3576021431740695
Placebo,19,4474,True,0.0
Placebo,19,5068,True,0.24293507976653914
Placebo,19,5258,True,0.046914224068210206
Placebo,19,5306,True,0.4470422176019779
Placebo,19,5323,True,0.5640855592355998
Placebo,19,5421,True,0.5339213613477916
Placebo,19,5766,True,0.599194927492425
Placebo,19,5877,True,0.0
Placebo,19,5887,True,0.1253570309777944
Placebo,19,6126,True,0.0
Placebo,19,6190,True,0.5669842969567005
Placebo,19,6224,True,0.23992089480238074
Placebo,19,6465,True,0.0
Placebo,19,6853,True,0.19213550754720998
Placebo,19,6949,True,0.5296716083989351
Placebo,19,7107,True,0.2064497065183362
Placebo,19,7240,False,0.0
Placebo,19,7937,True,0.578885121503137
Placebo,19,8015,True,0.17342765698823942
Placebo,19,8066,True,0.0
Placebo,19,8202,True,0.41339523194189803
Placebo,19,8321,True,0.30244254093239364
Placebo,19,9222,True,0.0
Placebo,19,9453,True,0.3591908511070557
Placebo,19,73,True,0.11911734367569742
Placebo,19,390,True,0.17488167018452971
Placebo,19,424,True,0.047264273332909064
Placebo,19,715,True,0.3111284875774702
Placebo,19,915,True,0.19182456951895013
Placebo,19,1579,True,0.43122038713502525
Placebo,19,1643,True,0.08284110740321352
Placebo,19,1679,True,0.08683333567399588
Placebo,19,1982,True,0.16354138662029638
Placebo,19,2027,True,0.16765861042257169
Placebo,19,2211,True,0.27555194421992346
Placebo,19,2228,True,0.12791547609674522
Placebo,19,2352,True,0.0
Placebo,19,2520,True,0.0
Placebo,19,2573,True,0.0
Placebo,19,2630,True,0.3983703405344917
Placebo,19,2666,True,0.6046234928404697
Placebo,19,2745,True,0.0
Placebo,19,3149,True,0.18748423754004498
Placebo,19,3369,True,0.04236776600349701
Placebo,19,3617,True,0.3492138160721666
Placebo,19,3862,True,0.0
Placebo,19,4124,True,0.19810362728007797
Placebo,19,4218,True,0.2976686144273847
Placebo,19,4268,True,0.7799082337019198
Placebo,19,4452,False,0.0
Placebo,19,4522,True,0.0
Placebo,19,4784,True,0.3433473989599717
Placebo,19,5139,True,0.18457569677956798
Placebo,19,5438,True,0.3974090098659818
Placebo,19,5565,True,0.0
Placebo,19,5684,True,0.20279788662934536
Placebo,19,5775,True,0.09791292534996787
Placebo,19,6110,True,0.07491210085649577
Placebo,19,6488,True,0.11298087547243421
Placebo,19,6590,True,0.41880238587292323
Placebo,19,6793,True,0.3384787622717921
Placebo,19,7090,True,0.07711607962658217
Placebo,19,7112,True,0.31753362236410737
Placebo,19,7167,True,0.3477985055264996
Placebo,19,7287,True,0.3828640632678904
Placebo,19,7370,True,0.08189192304320027
Placebo,19,7547,True,0.0
Placebo,19,7589,True,0.0
Placebo,19,7622,True,0.33870464925902827
Placebo,19,7640,False,0.0
Placebo,19,7757,True,0.0
Placebo,19,8162,True,0.49214405214757817
Placebo,19,8508,True,0.15101961822780524
Placebo,19,8597,True,0.4544048327568402
Placebo,19,8771,True,0.0
Placebo,19,288,True,0.5102314978338963
Placebo,19,635,True,0.5267153843223723
Placebo,19,654,True,0.23484067789765314
Placebo,19,699,True,0.2531956942623677
Placebo,19,743,True,0.16669739986662255
Placebo,19,946,True,0.0
Placebo,19,976,True,0.09489593857046195
Placebo,19,1144,True,0.559275096518217
Placebo,19,1187,True,0.6050116283560487
Placebo,19,1384,True,0.13077003616720823
Placebo,19,1415,True,0.2677204421504829
Placebo,19,1443,True,0.34188850815326616
Placebo,19,1629,True,0.0
Placebo,19,1684,True,0.0
Placebo,19,1802,True,0.12948249558740288
Placebo,19,1914,True,0.4532566969553835
Placebo,19,2046,True,0.0
Placebo,19,2071,True,0.08452085079694185
Placebo,19,2340,True,0.0
Placebo,19,2749,True,0.3206078570992208
Placebo,19,3517,True,0.4684566302304206
Placebo,19,3758,True,0.0
Placebo,19,4110,True,0.08467188550601377
Placebo,19,4111,True,0.0
Placebo,19,4144,True,0.21236222583951214
Placebo,19,5021,True,0.07362322034364345
Placebo,19,5032,True,0.3015421785388755
Placebo,19,5096,True,0.124002208819418
Placebo,19,5109,True,0.6959670497597849
Placebo,19,5114,True,0.21178021058936175
Placebo,19,5977,True,0.0
Placebo,19,5984,True,0.506044958126786
Placebo,19,6353,True,0.6516911851006408
Placebo,19,6373,True,0.09325264495975438
Placebo,19,6539,True,0.0
Placebo,19,6554,True,0.412998631926951
Placebo,19,6884,True,0.0
Placebo,19,6955,True,0.16195671984435944
Placebo,19,7020,True,0.600321298139869
Placebo,19,7029,True,0.1325372998263964
Placebo,19,7280,True,0.2151041367136845
Placebo,19,7394,True,0.06265341172228864
Placebo,19,7795,True,0.4583713039750065
Placebo,19,8108,True,0.0733639220993601
Placebo,19,8560,True,0.48706470028776666
Placebo,19,8632,True,0.26747649601011186
Placebo,19,8657,True,0.30157687508656816
Placebo,19,8777,True,0.4572152916162061
Placebo,19,9151,True,0.1005681186456539
Placebo,19,9609,True,0.30071846725266715
Placebo,20,102,True,0.2995753843272222
Placebo,20,314,True,0.5145988086499573
Placebo,20,1068,True,0.38307578678324083
Placebo,20,1525,True,0.0
Placebo,20,1795,True,0.3193874951167879
Placebo,20,1929,True,0.5228103618679452
Placebo,20,1931,True,0.0
Placebo,20,1991,True,0.3144956463523791
Placebo,20,2528,True,0.361022504071304
Placebo,20,2697,True,0.45541197480312196
Placebo,20,2834,True,0.5229573576483859
Placebo,20,2845,True,0.21504887200992906
Placebo,20,3031,True,0.13585293356817796
Placebo,20,3250,True,0.0
Placebo,20,3308,True,0.18761319085379424
Placebo,20,3402,True,0.277341961117656
Placebo,20,3426,True,0.0
Placebo,20,3449,True,0.5777528588606067
Placebo,20,3756,True,0.3826448265169282
Placebo,20,4141,True,0.264130362681675
Placebo,20,4210,True,0.20712575942254524
Placebo,20,4516,True,0.4198982770960256
Placebo,20,4692,True,0.0
Placebo,20,4700,True,0.0
Placebo,20,4910,True,0.0
Placebo,20,4962,True,0.05214426484655786
Placebo,20,5275,True,0.09382844813642041
Placebo,20,5671,True,0.03683186995726716
Placebo,20,5683,True,0.30531576591727544
Placebo,20,6067,True,0.3547902620769475
Placebo,20,6378,True,0.305794894619718
Placebo,20,6495,True,0.667345177113222
Placebo,20,6868,True,0.47092917800362477
Placebo,20,6880,True,0.46748812016473784
Placebo,20,7144,True,0.23974982331709452
Placebo,20,7413,True,0.25329540411053186
Placebo,20,7526,True,0.0
Placebo,20,7531,True,0.0
Placebo,20,7577,True,0.0
Placebo,20,7621,True,0.399681562909078
Placebo,20,8198,True,0.0
Placebo,20,8442,True,0.0
Placebo,20,8452,True,0.36431987831703716
Placebo,20,8476,True,0.35589994415806064
Placebo,20,8541,True,0.48073034527669656
Placebo,20,8802,True,0.41347060512314165
Placebo,20,8816,True,0.0
Placebo,20,8852,True,0.2691828628414763
Placebo,20,9099,True,0.0
Placebo,20,9479,True,0.14575860273458013
Placebo,20,9625,False,0.0
Placebo,20,96,True,0.0
Placebo,20,171,True,0.898758383963747
Placebo,20,328,True,0.0
Placebo,20,387,True,0.11381311447980796
Placebo,20,754,False,0.0
Placebo,20,983,True,0.41841043348322393
Placebo,20,1039,True,0.4483616429833687
Placebo,20,1098,True,0.28752929636250624
Placebo,20,1120,True,0.1322093249512809
Placebo,20,1275,True,0.23576701044967568
Placebo,20,1343,True,0.28371255449703187
Placebo,20,1483,True,0.24657689410709593
Placebo,20,2005,True,0.3714891073940902
Placebo,20,2048,True,0.42879236442845015
Placebo,20,2379,True,0.49676878557320353
Placebo,20,2516,True,0.1469985296415314
Placebo,20,2601,True,0.28634598975246917
Placebo,20,3210,True,0.2933120470148088
Placebo,20,3601,True,0.0
Placebo,20,3729,True,0.2746777031404845
Placebo,20,3832,True,0.42088769003418575
Placebo,20,4104,True,0.21798005488853114
Placebo,20,4286,True,0.23835860008828888
Placebo,20,4329,True,0.17366667134799177
Placebo,20,4553,True,0.14074267220463055
Placebo,20,4790,True,0.11284514134893517
Placebo,20,4844,True,0.1460683498427064
Placebo,20,4994,True,0.21037664405147732
Placebo,20,5020,True,0.311315616477938
Placebo,20,5293,True,0.3673111261426392
Placebo,20,5338,True,0.5077500860947467
Placebo,20,5343,True,0.28897217304271994
Placebo,20,5464,True,0.3631237666327609
Placebo,20,5560,True,0.5000587234925559
Placebo,20,5719,True,0.17796717146275914
Placebo,20,6055,True,0.3262673485601958
Placebo,20,6121,True,0.33078532771736885
Placebo,20,6128,True,0.09780762989544861
Placebo,20,6197,True,0.09674789992614616
Placebo,20,6336,True,0.4041256213307036
Placebo,20,6577,True,0.4309988116478907
Placebo,20,6717,True,0.0
Placebo,20,6906,False,0.0
Placebo,20,8550,True,0.0
Placebo,20,8576,True,0.22016147785864137
Placebo,20,8790,False,0.0
Placebo,20,8840,True,0.0
Placebo,20,8878,True,0.0
Placebo,20,9337,True,0.280515329202251
Placebo,20,9501,True,0.2617390182799545
Placebo,20,9512,False,0.0
Placebo,20,45,True,0.1463293732306531
Placebo,20,199,True,0.2000115387595458
Placebo,20,458,True,0.5241024706764263
Placebo,20,564,True,0.933745776545611
Placebo,20,717,True,0.0
Placebo,20,1109,True,0.5825517485165634
Placebo,20,1576,True,0.26556839990935605
Placebo,20,1711,True,0.0
Placebo,20,1868,False,0.0
Placebo,20,1942,True,0.6350423557143631
Placebo,20,2001,True,0.19087622357670844
Placebo,20,2217,True,0.3022727128507537
Placebo,20,2354,True,0.16332966310494598
Placebo,20,2761,True,0.044368639107743704
Placebo,20,2980,True,0.0
Placebo,20,3021,True,0.0
Placebo,20,3030,True,0.0
Placebo,20,3046,True,0.4098685698627417
Placebo,20,3050,True,0.5313094431372254
Placebo,20,3288,True,0.2229748335678427
Placebo,20,3302,True,0.0
Placebo,20,3794,True,0.3907382513758526
Placebo,20,3920,True,0.43562196795432667
Placebo,20,3965,True,0.30166792068005505
Placebo,20,4193,True,0.38300583533832616
Placebo,20,4294,True,0.0623995799562533
Placebo,20,4383,True,0.47503693800293484
Placebo,20,4474,True,0.0
Placebo,20,5068,True,0.280461513176285
Placebo,20,5258,True,0.0
Placebo,20,5306,True,0.3877572002425294
Placebo,20,5323,True,0.4763009422796652
Placebo,20,5421,True,0.5354815052377411
Placebo,20,5766,True,0.500859994538152
Placebo,20,5877,True,0.0
Placebo,20,5887,True,0.33934683345261735
Placebo,20,6126,True,0.0
Placebo,20,6190,True,0.6948337047084397
Placebo,20,6224,True,0.0733639220993601
Placebo,20,6465,True,0.0
Placebo,20,6853,True,0.12246697914370096
Placebo,20,6949,True,0.41718872111104965
Placebo,20,7107,True,0.05399332070884985
Placebo,20,7240,False,0.0
Placebo,20,7937,True,0.37440948520006595
Placebo,20,8015,True,0.5350178183966501
Placebo,20,8066,True,0.0
Placebo,20,8202,True,0.24761809166204277
Placebo,20,8321,True,0.3263831941609754
Placebo,20,9222,True,0.4306765580733929
Placebo,20,9453,True,0.5829100879841568
Placebo,20,73,True,0.1484114368159081
Placebo,20,390,True,0.26237095527042054
Placebo,20,424,True,0.0
Placebo,20,715,True,0.3404313970788415
Placebo,20,915,True,0.0
Placebo,20,1579,True,0.15142685179749768
Placebo,20,1643,True,0.08284110740321352
Placebo,20,1679,True,0.31458849652330734
Placebo,20,1982,True,0.06625422345438896
Placebo,20,2027,True,0.6192930130627472
Placebo,20,2211,True,0.2770515222297811
Placebo,20,2228,True,0.3390368479572916
Placebo,20,2352,True,0.0
Placebo,20,2520,True,0.13272891213905963
Placebo,20,2573,True,0.0733639220993601
Placebo,20,2630,True,0.35766105956437455
Placebo,20,2666,True,0.2592909007874179
Placebo,20,2745,True,0.0
Placebo,20,3149,True,0.14367200693089974
Placebo,20,3369,True,0.18059558388544542
Placebo,20,3617,True,0.14902457580191164
Placebo,20,3862,True,0.08024043225149208
Placebo,20,4124,True,0.6469745061508275
Placebo,20,4218,True,0.3341582420022085
Placebo,20,4268,True,0.7951657524814092
Placebo,20,4452,False,0.0
Placebo,20,4522,True,0.12122913927828413
Placebo,20,4784,True,0.39790233102181877
Placebo,20,5139,True,0.0
Placebo,20,5438,True,0.2559743012259799
Placebo,20,5565,True,0.0
Placebo,20,5684,True,0.22109557653425735
Placebo,20,5775,True,0.2075524293548046
Placebo,20,6110,True,0.0
Placebo,20,6488,True,0.0
Placebo,20,6590,True,0.08372491399919352
Placebo,20,6793,True,0.10137235292674986
Placebo,20,7090,True,0.36667828323227825
Placebo,20,7112,True,0.0
Placebo,20,7167,True,0.26201130557701424
Placebo,20,7287,True,0.19765723064407945
Placebo,20,7370,True,0.12439958736669855
Placebo,20,7547,True,0.0
Placebo,20,7589,True,0.0
Placebo,20,7622,True,0.2778143436531051
Placebo,20,7640,False,0.0
Placebo,20,7757,True,0.11768826558093264
Placebo,20,8162,True,0.5124855109575209
Placebo,20,8508,True,0.11284514134893517
Placebo,20,8597,True,0.28159231755785263
Placebo,20,8771,True,0.0
Placebo,20,288,True,0.7582010042052438
Placebo,20,635,True,0.38476980438153124
Placebo,20,654,True,0.1503245987839831
Placebo,20,699,True,0.33186223500972456
Placebo,20,743,True,0.0979076477631462
Placebo,20,946,True,0.0
Placebo,20,976,True,0.0
Placebo,20,1144,True,0.7077326498628076
Placebo,20,1187,True,0.57238327465858
Placebo,20,1384,True,0.19181968026671245
Placebo,20,1415,True,0.3371969928240955
Placebo,20,1443,True,0.34474998221800435
Placebo,20,1629,True,0.0
Placebo,20,1684,True,0.0
Placebo,20,1802,True,0.08136751219269385
Placebo,20,1914,True,0.290568523393239
Placebo,20,2046,True,0.09614715734857844
Placebo,20,2071,True,0.0
Placebo,20,2340,True,0.13808878121404658
Placebo,20,2749,True,0.28607232308071096
Placebo,20,3517,True,0.5731814971083474
Placebo,20,3758,True,0.0
Placebo,20,4110,True,0.18170712258199234
Placebo,20,4111,True,0.0
Placebo,20,4144,True,0.1653362784258906
Placebo,20,5021,True,0.13925346236413355
Placebo,20,5032,True,0.4258322821222235
Placebo,20,5096,True,0.22600084336361642
Placebo,20,5109,True,0.43558155491810324
Placebo,20,5114,True,0.06673768929853467
Placebo,20,5977,True,0.0
Placebo,20,5984,True,0.11660820259517311
Placebo,20,6353,True,0.5951695932741098
Placebo,20,6373,True,0.11328424573676066
Placebo,20,6539,True,0.0
Placebo,20,6554,True,0.0
Placebo,20,6884,True,0.15223359874525913
Placebo,20,6955,True,0.06265341172228864
Placebo,20,7020,True,0.4078306794265547
Placebo,20,7029,True,0.24129869569773077
Placebo,20,7280,True,0.10755206835684233
Placebo,20,7394,True,0.04681599109282455
Placebo,20,7795,True,0.44710033434754104
Placebo,20,8108,True,0.1951890007906611
Placebo,20,8560,True,0.2789970583235998
Placebo,20,8632,True,0.35895421017163476
Placebo,20,8657,True,0.24548258318003696
Placebo,20,8777,True,0.5091433669558028
Placebo,20,9151,True,0.15469820823147093
Placebo,20,9609,True,0.4096155842749518
Placebo,21,102,True,0.33264537041403425
Placebo,21,314,True,0.30159880843263254
Placebo,21,1068,True,0.24515727458653003
Placebo,21,1525,True,0.15992002911428893
Placebo,21,1795,True,0.2865550533279394
Placebo,21,1929,True,0.24540593618631842
Placebo,21,1931,True,0.0
Placebo,21,1991,True,0.5153955690746657
Placebo,21,2528,True,0.36951092126459145
Placebo,21,2697,True,0.3815208459649487
Placebo,21,2834,True,0.5917538462104394
Placebo,21,2845,True,0.5222618077613086
Placebo,21,3031,True,0.15547286684971065
Placebo,21,3250,True,0.1388624438735545
Placebo,21,3308,True,0.5172154142484207
Placebo,21,3402,True,0.14982420171299154
Placebo,21,3426,True,0.0
Placebo,21,3449,True,0.2644564818205337
Placebo,21,3756,True,0.37794242037034426
Placebo,21,4141,True,0.1842931662423657
Placebo,21,4210,True,0.3201799533319727
Placebo,21,4516,True,0.3085533546015262
Placebo,21,4692,True,0.4016941887697481
Placebo,21,4700,True,0.0
Placebo,21,4910,True,0.0
Placebo,21,4962,True,0.18889875018172203
Placebo,21,5275,True,0.08473553200699402
Placebo,21,5671,True,0.31516524659627504
Placebo,21,5683,True,0.056906557239904024
Placebo,21,6067,True,0.34499480613674477
Placebo,21,6378,True,0.2040627959932956
Placebo,21,6495,True,0.5490885431836448
Placebo,21,6868,True,0.39486765988894673
Placebo,21,6880,True,0.341730341310854
Placebo,21,7144,True,0.28707204543528364
Placebo,21,7413,True,0.3025210142323585
Placebo,21,7526,True,0.0
Placebo,21,7531,True,0.25491946337716154
Placebo,21,7577,True,0.09010000865236774
Placebo,21,7621,True,0.3804849557181545
Placebo,21,8198,True,0.34357625703657385
Placebo,21,8442,True,0.0
Placebo,21,8452,True,0.41369542823178046
Placebo,21,8476,True,0.24540287854952506
Placebo,21,8541,True,0.6460782117451473
Placebo,21,8802,True,0.32714214131613023
Placebo,21,8816,True,0.0
Placebo,21,8852,True,0.3853585682515056
Placebo,21,9099,True,0.1931331085593736
Placebo,21,9479,True,0.0
Placebo,21,9625,False,0.0
Placebo,21,96,True,0.5912352048230278
Placebo,21,171,True,0.4779826053098998
Placebo,21,328,True,0.0
Placebo,21,387,True,0.0
Placebo,21,754,False,0.0
Placebo,21,983,True,0.2339519030508757
Placebo,21,1039,True,0.303158919605434
Placebo,21,1098,True,0.11613618508243675
Placebo,21,1120,True,0.11875628599054346
Placebo,21,1275,True,0.25929788255108555
Placebo,21,1343,True,0.13698471029831177
Placebo,21,1483,True,0.0
Placebo,21,2005,True,0.09478836436955075
Placebo,21,2048,True,0.15126116168360146
Placebo,21,2379,True,0.5425912038827122
Placebo,21,2516,True,0.4796926693938686
Placebo,21,2601,True,0.22301775114131486
Placebo,21,3210,True,0.1617314454137512
Placebo,21,3601,True,0.0
Placebo,21,3729,True,0.11132837047723466
Placebo,21,3832,True,0.236736712126233
Placebo,21,4104,True,0.5272528883575514
Placebo,21,4286,True,0.040742031470253154
Placebo,21,4329,True,0.20904936749052636
Placebo,21,4553,True,0.09382844813642041
Placebo,21,4790,True,0.0
Placebo,21,4844,True,0.10209739512291151
Placebo,21,4994,True,0.04940390233707313
Placebo,21,5020,True,0.3275717843906829
Placebo,21,5293,True,0.13080878092826606
Placebo,21,5338,True,0.5987157921739646
Placebo,21,5343,True,0.36746646475132727
Placebo,21,5464,True,0.320767320712134
Placebo,21,5560,True,0.4759166652699611
Placebo,21,5719,True,0.18043672407769135
Placebo,21,6055,True,0.3569196658841124
Placebo,21,6121,True,0.3744602222871428
Placebo,21,6128,True,0.15006730097958898
Placebo,21,6197,True,0.08407614323445543
Placebo,21,6336,True,0.5200217460844712
Placebo,21,6577,True,0.3882652739660262
Placebo,21,6717,True,0.23719771276929624
Placebo,21,6906,False,0.0
Placebo,21,8550,True,0.0
Placebo,21,8576,True,0.3543192841568515
Placebo,21,8790,False,0.0
Placebo,21,8840,True,0.0
Placebo,21,8878,True,0.38520388790475546
Placebo,21,9337,True,0.25154522582876476
Placebo,21,9501,True,0.4449178054597346
Placebo,21,9512,False,0.0
Placebo,21,45,True,0.18812805765728743
Placebo,21,199,True,0.0
Placebo,21,458,True,0.35894401758247685
Placebo,21,564,True,0.6053470038193309
Placebo,21,717,True,0.13507318237186766
Placebo,21,1109,True,0.42033686667581954
Placebo,21,1576,True,0.08873727821548741
Placebo,21,1711,True,0.0
Placebo,21,1868,False,0.0
Placebo,21,1942,True,0.4215123743988619
Placebo,21,2001,True,0.15917007559337124
Placebo,21,2217,True,0.4217502077478903
Placebo,21,2354,True,0.21104748018541042
Placebo,21,2761,True,0.04620517621722942
Placebo,21,2980,True,0.1815417925373527
Placebo,21,3021,True,0.04681599109282455
Placebo,21,3030,True,0.0
Placebo,21,3046,True,0.20672165062887685
Placebo,21,3050,True,0.49685522575040836
Placebo,21,3288,True,0.0865985867287428
Placebo,21,3302,True,0.1396835517128222
Placebo,21,3794,True,0.45827484256178624
Placebo,21,3920,True,0.10619234701976217
Placebo,21,3965,True,0.2895229882348575
Placebo,21,4193,True,0.43240357877631685
Placebo,21,4294,True,0.0
Placebo,21,4383,True,0.5428821737081105
Placebo,21,4474,True,0.0
Placebo,21,5068,True,0.2940267364368608
Placebo,21,5258,True,0.0
Placebo,21,5306,True,0.4100790224660785
Placebo,21,5323,True,0.6878735501614487
Placebo,21,5421,True,0.7518033513023494
Placebo,21,5766,True,0.608065615799993
Placebo,21,5877,True,0.27014636474373527
Placebo,21,5887,True,0.23935401892511945
Placebo,21,6126,True,0.0
Placebo,21,6190,True,0.5631320107119568
Placebo,21,6224,True,0.10539182906937603
Placebo,21,6465,True,0.0
Placebo,21,6853,True,0.11496943328345767
Placebo,21,6949,True,0.5966556336077092
Placebo,21,7107,True,0.13489363906826693
Placebo,21,7240,False,0.0
Placebo,21,7937,True,0.4514269320277205
Placebo,21,8015,True,0.0
Placebo,21,8066,True,0.10209739512291151
Placebo,21,8202,True,0.29504352891666374
Placebo,21,8321,True,0.5121994821936448
Placebo,21,9222,True,0.0
Placebo,21,9453,True,0.14047768102874572
Placebo,21,73,True,0.09667736429927173
Placebo,21,390,True,0.22973734770509996
Placebo,21,424,True,0.0
Placebo,21,715,True,0.42570740370217636
Placebo,21,915,True,0.0
Placebo,21,1579,True,0.0
Placebo,21,1643,True,0.0
Placebo,21,1679,True,0.4024544431909088
Placebo,21,1982,True,0.3196778366115253
Placebo,21,2027,True,0.5988416867458475
Placebo,21,2211,True,0.509529415020951
Placebo,21,2228,True,0.3495957416360196
Placebo,21,2352,True,0.38685280723454163
Placebo,21,2520,True,0.11101497038372705
Placebo,21,2573,True,0.28634598975246917
Placebo,21,2630,True,0.3609009151910245
Placebo,21,2666,True,0.2783643276115239
Placebo,21,2745,True,0.04947575425284123
Placebo,21,3149,True,0.25149790817307766
Placebo,21,3369,True,0.1951893700446828
Placebo,21,3617,True,0.012861012377292048
Placebo,21,3862,True,0.0946891255326431
Placebo,21,4124,True,0.3406527683306237
Placebo,21,4218,True,0.08797117839993933
Placebo,21,4268,True,0.6085770369150302
Placebo,21,4452,False,0.0
Placebo,21,4522,True,0.2903198239810819
Placebo,21,4784,True,0.4542051934103002
Placebo,21,5139,True,0.0
Placebo,21,5438,True,0.1086766579876462
Placebo,21,5565,True,0.12929326941735855
Placebo,21,5684,True,0.3690538857855684
Placebo,21,5775,True,0.08274602130531994
Placebo,21,6110,True,0.20279788662934536
Placebo,21,6488,True,0.05969015030748495
Placebo,21,6590,True,0.3029889503327761
Placebo,21,6793,True,0.27839258028034275
Placebo,21,7090,True,0.18734040219395157
Placebo,21,7112,True,0.0
Placebo,21,7167,True,0.24610069349788613
Placebo,21,7287,True,0.2995464204819745
Placebo,21,7370,True,0.040742031470253154
Placebo,21,7547,True,0.2880752333901165
Placebo,21,7589,True,0.05184819766823354
Placebo,21,7622,True,0.3171229823041525
Placebo,21,7640,False,0.0
Placebo,21,7757,True,0.03922942186031089
Placebo,21,8162,True,0.5595064650954691
Placebo,21,8508,True,0.0
Placebo,21,8597,True,0.21205698181404906
Placebo,21,8771,True,0.0
Placebo,21,288,True,0.6553007317084262
Placebo,21,635,True,0.06219294124838742
Placebo,21,654,True,0.2682639167333794
Placebo,21,699,True,0.17641580263649306
Placebo,21,743,True,0.19775313510596787
Placebo,21,946,True,0.0
Placebo,21,976,True,0.05987267113719375
Placebo,21,1144,True,0.7452020752062748
Placebo,21,1187,True,0.40343968576496764
Placebo,21,1384,True,0.05468343522706441
Placebo,21,1415,True,0.16497375020635366
Placebo,21,1443,True,0.2666258224915709
Placebo,21,1629,True,0.09359072962204817
Placebo,21,1684,True,0.0
Placebo,21,1802,True,0.044399369745528
Placebo,21,1914,True,0.4412472985689239
Placebo,21,2046,True,0.0
Placebo,21,2071,True,0.08116136400948519
Placebo,21,2340,True,0.09020315758404246
Placebo,21,2749,True,0.13076578499213054
Placebo,21,3517,True,0.4699572080308161
Placebo,21,3758,True,0.08899016989414968
Placebo,21,4110,True,0.1644024985805875
Placebo,21,4111,True,0.0
Placebo,21,4144,True,0.04247244516790244
Placebo,21,5021,True,0.07362322034364345
Placebo,21,5032,True,0.1793725839335596
Placebo,21,5096,True,0.12741733550370726
Placebo,21,5109,True,0.5005508233583663
Placebo,21,5114,True,0.3739426005905422
Placebo,21,5977,True,0.0
Placebo,21,5984,True,0.35846282496523857
Placebo,21,6353,True,0.8144335867107861
Placebo,21,6373,True,0.39206952462757916
Placebo,21,6539,True,0.0
Placebo,21,6554,True,0.25045693249879025
Placebo,21,6884,True,0.0
Placebo,21,6955,True,0.3239134396887189
Placebo,21,7020,True,0.47395082430418384
Placebo,21,7029,True,0.07504031173414566
Placebo,21,7280,True,0.0
Placebo,21,7394,True,0.0576901476090013
Placebo,21,7795,True,0.5328381466459868
Placebo,21,8108,True,0.2200917662980802
Placebo,21,8560,True,0.3538371663605538
Placebo,21,8632,True,0.5182584092291872
Placebo,21,8657,True,0.20483424751859086
Placebo,21,8777,True,0.45822919122882244
Placebo,21,9151,True,0.35445194741336755
Placebo,21,9609,True,0.33856490015231777
Placebo,22,102,True,0.3641452319029531
Placebo,22,314,True,0.41923252134694944
Placebo,22,1068,True,0.23799065777012304
Placebo,22,1525,True,0.0
Placebo,22,1795,True,0.03683186995726716
Placebo,22,1929,True,0.5491877411092311
Placebo,22,1931,True,0.0
Placebo,22,1991,True,0.6657956842679327
Placebo,22,2528,True,0.4701482909368864
Placebo,22,2697,True,0.30489474099509284
Placebo,22,2834,True,0.4682821373700544
Placebo,22,2845,True,0.201872399667087
Placebo,22,3031,True,0.12741733550370726
Placebo,22,3250,True,0.0
Placebo,22,3308,True,0.37729519069647477
Placebo,22,3402,True,0.09325030741737927
Placebo,22,3426,True,0.3649280286412842
Placebo,22,3449,True,0.42185700153953376
Placebo,22,3756,True,0.24085182087182425
Placebo,22,4141,True,0.3169876906535987
Placebo,22,4210,True,0.12084261932974714
Placebo,22,4516,True,0.2851546564221492
Placebo,22,4692,True,0.1000130716141717
Placebo,22,4700,True,0.0
Placebo,22,4910,True,0.0
Placebo,22,4962,True,0.17806915746298954
Placebo,22,5275,True,0.09382844813642041
Placebo,22,5671,True,0.2351002722587769
Placebo,22,5683,True,0.23574157096955387
Placebo,22,6067,True,0.2207556007826216
Placebo,22,6378,True,0.4758609535442128
Placebo,22,6495,True,0.3818559240674045
Placebo,22,6868,True,0.2685467728521531
Placebo,22,6880,True,0.2932536183445259
Placebo,22,7144,True,0.2565084126650104
Placebo,22,7413,True,0.07839826897867538
Placebo,22,7526,True,0.0
Placebo,22,7531,True,0.16549816491585856
Placebo,22,7577,True,0.28950112198961214
Placebo,22,7621,True,0.0
Placebo,22,8198,True,0.1803895185407797
Placebo,22,8442,True,0.0
Placebo,22,8452,True,0.43129958360911713
Placebo,22,8476,True,0.3045529773628563
Placebo,22,8541,True,0.34877872458894693
Placebo,22,8802,True,0.12828173626090406
Placebo,22,8816,True,0.03793958073521961
Placebo,22,8852,True,0.48646875563753317
Placebo,22,9099,True,0.16944064752231383
Placebo,22,9479,True,0.0
Placebo,22,9625,False,0.0
Placebo,22,96,True,0.0
Placebo,22,171,True,0.46560802392730044
Placebo,22,328,True,0.0
Placebo,22,387,True,0.07373686430042375
Placebo,22,754,False,0.0
Placebo,22,983,True,0.311487655191625
Placebo,22,1039,True,0.2699851457298702
Placebo,22,1098,True,0.20413021541210122
Placebo,22,1120,True,0.26283894979651107
Placebo,22,1275,True,0.26925255236797047
Placebo,22,1343,True,0.15298584033720414
Placebo,22,1483,True,0.262778620982767
Placebo,22,2005,True,0.13568544539116625
Placebo,22,2048,True,0.5582844989965676
Placebo,22,2379,True,0.5790751007461163
Placebo,22,2516,True,0.3572048559638627
Placebo,22,2601,True,0.19527472140430455
Placebo,22,3210,True,0.41364103188038925
Placebo,22,3601,True,0.0
Placebo,22,3729,True,0.1801362872137498
Placebo,22,3832,True,0.5473048255623125
Placebo,22,4104,True,0.49100053927776427
Placebo,22,4286,True,0.33035695442176766
Placebo,22,4329,True,0.08514311764162101
Placebo,22,4553,True,0.0970477754402881
Placebo,22,4790,True,0.32531670832675147
Placebo,22,4844,True,0.0
Placebo,22,4994,True,0.0
Placebo,22,5020,True,0.17956694528736367
Placebo,22,5293,True,0.03285554183355297
Placebo,22,5338,True,0.6512113677196691
Placebo,22,5343,True,0.26011822767331844
Placebo,22,5464,True,0.08707562656251236
Placebo,22,5560,True,0.4266300857101225
Placebo,22,5719,True,0.3396976476869684
Placebo,22,6055,True,0.19212203245541126
Placebo,22,6121,True,0.2920992550636715
Placebo,22,6128,True,0.09256461574101556
Placebo,22,6197,True,0.3006130602100501
Placebo,22,6336,True,0.4326763380491905
Placebo,22,6577,True,0.203914754368643
Placebo,22,6717,True,0.0
Placebo,22,6906,False,0.0
Placebo,22,8550,True,0.0
Placebo,22,8576,True,0.15969570030215258
Placebo,22,8790,False,0.0
Placebo,22,8840,True,0.0
Placebo,22,8878,True,0.23981246656813157
Placebo,22,9337,True,0.0
Placebo,22,9501,True,0.32482860884660286
Placebo,22,9512,False,0.0
Placebo,22,45,True,0.459082823391373
Placebo,22,199,True,0.18239675754127355
Placebo,22,458,True,0.4610322340879144
Placebo,22,564,True,0.7681290381596588
Placebo,22,717,True,0.0
Placebo,22,1109,True,0.4635583296981293
Placebo,22,1576,True,0.18486094846618392
Placebo,22,1711,True,0.0
Placebo,22,1868,False,0.0
Placebo,22,1942,True,0.4890924381762533
Placebo,22,2001,True,0.3420999140484032
Placebo,22,2217,True,0.24992289720054633
Placebo,22,2354,True,0.24917901246540594
Placebo,22,2761,True,0.09057381532497312
Placebo,22,2980,True,0.0
Placebo,22,3021,True,0.23837849287183493
Placebo,22,3030,True,0.28906482631788766
Placebo,22,3046,True,0.27752784933479857
Placebo,22,3050,True,0.536386832083842
Placebo,22,3288,True,0.17365547123739333
Placebo,22,3302,True,0.1642492054609744
Placebo,22,3794,True,0.1278325345019925
Placebo,22,3920,True,0.23335045939717092
Placebo,22,3965,True,0.1951890007906611
Placebo,22,4193,True,0.6206455678521908
Placebo,22,4294,True,0.0
Placebo,22,4383,True,0.46536342420897475
Placebo,22,4474,True,0.25339584447728963
Placebo,22,5068,True,0.15084910581483907
Placebo,22,5258,True,0.07037133610231527
Placebo,22,5306,True,0.47140535537999395
Placebo,22,5323,True,0.8059557983581414
Placebo,22,5421,True,0.6337334102089873
Placebo,22,5766,True,0.5204887649391337
Placebo,22,5877,True,0.3480823012559468
Placebo,22,5887,True,0.08081476011225394
Placebo,22,6126,True,0.0
Placebo,22,6190,True,0.4806409886542337
Placebo,22,6224,True,0.14372381823460087
Placebo,22,6465,True,0.0
Placebo,22,6853,True,0.3300938607958116
Placebo,22,6949,True,0.5981453237536969
Placebo,22,7107,True,0.04526947847253332
Placebo,22,7240,False,0.0
Placebo,22,7937,True,0.30416790953253564
Placebo,22,8015,True,0.10212480319009887
Placebo,22,8066,True,0.3391602052736161
Placebo,22,8202,True,0.12830522751534207
Placebo,22,8321,True,0.3659703720795683
Placebo,22,9222,True,0.0
Placebo,22,9453,True,0.375786127236512
Placebo,22,73,True,0.06452577150984494
Placebo,22,390,True,0.45832244306808606
Placebo,22,424,True,0.049941400570997205
Placebo,22,715,True,0.30943282293899005
Placebo,22,915,True,0.0
Placebo,22,1579,True,0.07187006452250423
Placebo,22,1643,True,0.08284110740321352
Placebo,22,1679,True,0.394028026918219
Placebo,22,1982,True,0.0
Placebo,22,2027,True,0.3807790181887445
Placebo,22,2211,True,0.18809346402717642
Placebo,22,2228,True,0.5117464089055617
Placebo,22,2352,True,0.38685280723454163
Placebo,22,2520,True,0.2742654694553681
Placebo,22,2573,True,0.0733639220993601
Placebo,22,2630,True,0.6398495141310011
Placebo,22,2666,True,0.32665251168519593
Placebo,22,2745,True,0.023754610032297334
Placebo,22,3149,True,0.19358602681115114
Placebo,22,3369,True,0.19337898870318607
Placebo,22,3617,True,0.38112398160138916
Placebo,22,3862,True,0.0
Placebo,22,4124,True,0.5049736161859204
Placebo,22,4218,True,0.44669867275649866
Placebo,22,4268,True,0.94497705842548
Placebo,22,4452,False,0.0
Placebo,22,4522,True,0.37147180746215386
Placebo,22,4784,True,0.5444943282255468
Placebo,22,5139,True,0.0
Placebo,22,5438,True,0.250785426772629
Placebo,22,5565,True,0.14041677439671904
Placebo,22,5684,True,0.253568987934047
Placebo,22,5775,True,0.09791292534996787
Placebo,22,6110,True,0.14179281999872714
Placebo,22,6488,True,0.0
Placebo,22,6590,True,0.15887143153726957
Placebo,22,6793,True,0.28742030747919656
Placebo,22,7090,True,0.07930007128354423
Placebo,22,7112,True,0.0
Placebo,22,7167,True,0.2463293990367633
Placebo,22,7287,True,0.5879666851376087
Placebo,22,7370,True,0.5174002068042379
Placebo,22,7547,True,0.0
Placebo,22,7589,True,0.0
Placebo,22,7622,True,0.3247970088994174
Placebo,22,7640,False,0.0
Placebo,22,7757,True,0.2275430766049772
Placebo,22,8162,True,0.49841150075880586
Placebo,22,8508,True,0.19519002499605084
Placebo,22,8597,True,0.21884546074478575
Placebo,22,8771,True,0.0
Placebo,22,288,True,0.28731335243728084
Placebo,22,635,True,0.4767859007351922
Placebo,22,654,True,0.12438588249677485
Placebo,22,699,True,0.11576403964015539
Placebo,22,743,True,0.6666719225294359
Placebo,22,946,True,0.371529997171282
Placebo,22,976,True,0.13521046138463974
Placebo,22,1144,True,0.7247960691943346
Placebo,22,1187,True,0.4759870805240992
Placebo,22,1384,True,0.21910649365272014
Placebo,22,1415,True,0.3992472320030624
Placebo,22,1443,True,0.26771843067572615
Placebo,22,1629,True,0.35429505586207033
Placebo,22,1684,True,0.20981184481469725
Placebo,22,1802,True,0.0
Placebo,22,1914,True,0.7794683408068421
Placebo,22,2046,True,0.061550369819731846
Placebo,22,2071,True,0.0
Placebo,22,2340,True,0.26771843067572615
Placebo,22,2749,True,0.41057469390470097
Placebo,22,3517,True,0.4955164764790509
Placebo,22,3758,True,0.05487565949361937
Placebo,22,4110,True,0.31855038357464943
Placebo,22,4111,True,0.107789154524511
Placebo,22,4144,True,0.39893472684935394
Placebo,22,5021,True,0.3705076191796557
Placebo,22,5032,True,0.28666050631842654
Placebo,22,5096,True,0.2132630518440023
Placebo,22,5109,True,0.5010180308209262
Placebo,22,5114,True,0.0
Placebo,22,5977,True,0.0
Placebo,22,5984,True,0.42413120493016854
Placebo,22,6353,True,0.6736041089912167
Placebo,22,6373,True,0.21506743233022171
Placebo,22,6539,True,0.0
Placebo,22,6554,True,0.4446974064991095
Placebo,22,6884,True,0.1480409554829327
Placebo,22,6955,True,0.0
Placebo,22,7020,True,0.40226930170279124
Placebo,22,7029,True,0.047394182184775376
Placebo,22,7280,True,0.5528314494956974
Placebo,22,7394,True,0.16195671984435944
Placebo,22,7795,True,0.5901619705854034
Placebo,22,8108,True,0.13961814555374907
Placebo,22,8560,True,0.2134240478716299
Placebo,22,8632,True,0.2663104407598133
Placebo,22,8657,True,0.1526174419698506
Placebo,22,8777,True,0.45298715676768325
Placebo,22,9151,True,0.16941023039165828
Placebo,22,9609,True,0.4704834671871289
Placebo,23,102,True,0.5108132561615525
Placebo,23,314,True,0.25016418470472457
Placebo,23,1068,True,0.4695312716171394
Placebo,23,1525,True,0.20098133385439088
Placebo,23,1795,True,0.11300042168180821
Placebo,23,1929,True,0.3297579536199218
Placebo,23,1931,True,0.0
Placebo,23,1991,True,0.3309414978939099
Placebo,23,2528,True,0.35752881195029634
Placebo,23,2697,True,0.3598421530377973
Placebo,23,2834,True,0.5722743929343187
Placebo,23,2845,True,0.17891157397829535
Placebo,23,3031,True,0.2998296679303226
Placebo,23,3250,True,0.06943122193677731
Placebo,23,3308,True,0.4061015588318313
Placebo,23,3402,True,0.28766165522519166
Placebo,23,3426,True,0.14573473180593433
Placebo,23,3449,True,0.4664981313850319
Placebo,23,3756,True,0.34125339882795597
Placebo,23,4141,True,0.17366667134799177
Placebo,23,4210,True,0.2882239025779588
Placebo,23,4516,True,0.6761811672309295
Placebo,23,4692,True,0.0
Placebo,23,4700,True,0.0
Placebo,23,4910,True,0.35620718710802235
Placebo,23,4962,True,0.1503245987839831
Placebo,23,5275,True,0.10889339568010445
Placebo,23,5671,True,0.38235183817711804
Placebo,23,5683,True,0.0
Placebo,23,6067,True,0.38916341194889653
Placebo,23,6378,True,0.4262107613618505
Placebo,23,6495,True,0.6622125514408866
Placebo,23,6868,True,0.41268994134882514
Placebo,23,6880,True,0.44071053077805017
Placebo,23,7144,True,0.14738170538816708
Placebo,23,7413,True,0.0
Placebo,23,7526,True,0.0
Placebo,23,7531,True,0.08630866384567748
Placebo,23,7577,True,0.4349259053073187
Placebo,23,7621,True,0.10621704413007442
Placebo,23,8198,True,0.0776895369576595
Placebo,23,8442,True,0.0
Placebo,23,8452,True,0.3184599642556687
Placebo,23,8476,True,0.3658213931930407
Placebo,23,8541,True,0.29250860638577086
Placebo,23,8802,True,0.10399938716050713
Placebo,23,8816,True,0.25158129906781196
Placebo,23,8852,True,0.3903800499921017
Placebo,23,9099,True,0.06452577150984494
Placebo,23,9479,True,0.2962664379671481
Placebo,23,9625,False,0.0
Placebo,23,96,True,0.0
Placebo,23,171,True,0.4533019844530724
Placebo,23,328,True,0.0
Placebo,23,387,True,0.09019475927038985
Placebo,23,754,False,0.0
Placebo,23,983,True,0.12834865761232717
Placebo,23,1039,True,0.22725398856402954
Placebo,23,1098,True,0.19957671316638217
Placebo,23,1120,True,0.153490273005236
Placebo,23,1275,True,0.40213786340082497
Placebo,23,1343,True,0.06362078819895167
Placebo,23,1483,True,0.08785941583647715
Placebo,23,2005,True,0.09478836436955075
Placebo,23,2048,True,0.088798739491056
Placebo,23,2379,True,0.4859601180050963
Placebo,23,2516,True,0.3747583721949155
Placebo,23,2601,True,0.2573150982333828
Placebo,23,3210,True,0.258923746233482
Placebo,23,3601,True,0.26406812257259077
Placebo,23,3729,True,0.12485350142749298
Placebo,23,3832,True,0.2000140628770001
Placebo,23,4104,True,0.5535311286726674
Placebo,23,4286,True,0.26346805922699484
Placebo,23,4329,True,0.23851556066861349
Placebo,23,4553,True,0.22918265732276272
Placebo,23,4790,True,0.12663893885053282
Placebo,23,4844,True,0.0
Placebo,23,4994,True,0.41614105380509414
Placebo,23,5020,True,0.3287101599521127
Placebo,23,5293,True,0.17628038654090444
Placebo,23,5338,True,0.43791876745600317
Placebo,23,5343,True,0.275294867449626
Placebo,23,5464,True,0.3260244797358352
Placebo,23,5560,True,0.5942941544671646
Placebo,23,5719,True,0.2979134135513621
Placebo,23,6055,True,0.5890246470591192
Placebo,23,6121,True,0.44072072336720813
Placebo,23,6128,True,0.0
Placebo,23,6197,True,0.2511018655665633
Placebo,23,6336,True,0.4059281207301496
Placebo,23,6577,True,0.41720737838215916
Placebo,23,6717,True,0.0
Placebo,23,6906,False,0.0
Placebo,23,8550,True,0.0
Placebo,23,8576,True,0.5708588662113935
Placebo,23,8790,False,0.0
Placebo,23,8840,True,0.0
Placebo,23,8878,True,0.37330207776135543
Placebo,23,9337,True,0.0
Placebo,23,9501,True,0.6939903119642027
Placebo,23,9512,False,0.0
Placebo,23,45,True,0.17602540280225593
Placebo,23,199,True,0.07320952746749644
Placebo,23,458,True,0.2461409419938963
Placebo,23,564,True,1.0
Placebo,23,717,True,0.0
Placebo,23,1109,True,0.4828400804803847
Placebo,23,1576,True,0.26844612589606204
Placebo,23,1711,True,0.0
Placebo,23,1868,False,0.0
Placebo,23,1942,True,0.40376263026861153
Placebo,23,2001,True,0.3569783932786723
Placebo,23,2217,True,0.5014826479504197
Placebo,23,2354,True,0.3075337910872389
Placebo,23,2761,True,0.0
Placebo,23,2980,True,0.1480409554829327
Placebo,23,3021,True,0.09777431895709751
Placebo,23,3030,True,0.35620718710802235
Placebo,23,3046,True,0.341491174574477
Placebo,23,3050,True,0.5362298046718368
Placebo,23,3288,True,0.658780552651824
Placebo,23,3302,True,0.09077394133714942
Placebo,23,3794,True,0.4052195471156028
Placebo,23,3920,True,0.17488457988050396
Placebo,23,3965,True,0.38373143171139656
Placebo,23,4193,True,0.3073885808214591
Placebo,23,4294,True,0.0
Placebo,23,4383,True,0.629331288746142
Placebo,23,4474,True,0.0
Placebo,23,5068,True,0.048753830672500074
Placebo,23,5258,True,0.14632937323065315
Placebo,23,5306,True,0.5257870918041787
Placebo,23,5323,True,0.5293184017363048
Placebo,23,5421,True,0.4777357717853209
Placebo,23,5766,True,0.3749811988657592
Placebo,23,5877,True,0.0
Placebo,23,5887,True,0.4756039859377876
Placebo,23,6126,True,0.0
Placebo,23,6190,True,0.5058990502438742
Placebo,23,6224,True,0.10241712375929543
Placebo,23,6465,True,0.0
Placebo,23,6853,True,0.4609639487254875
Placebo,23,6949,True,0.7759849860120807
Placebo,23,7107,True,0.10492702916984854
Placebo,23,7240,False,0.0
Placebo,23,7937,True,0.46000543455896786
Placebo,23,8015,True,0.2748763329142909
Placebo,23,8066,True,0.0
Placebo,23,8202,True,0.27755868196754097
Placebo,23,8321,True,0.5803245001442946
Placebo,23,9222,True,0.0
Placebo,23,9453,True,0.4837124382992219
Placebo,23,73,True,0.14446994723681528
Placebo,23,390,True,0.3750642991086507
Placebo,23,424,True,0.23326233615083777
Placebo,23,715,True,0.4667921820729735
Placebo,23,915,True,0.1356519734324477
Placebo,23,1579,True,0.08340940864997516
Placebo,23,1643,True,0.0
Placebo,23,1679,True,0.6274479968862587
Placebo,23,1982,True,0.13698471029831177
Placebo,23,2027,True,0.18235243204927212
Placebo,23,2211,True,0.27555194421992346
Placebo,23,2228,True,0.22928519975254255
Placebo,23,2352,True,0.0
Placebo,23,2520,True,0.07839826897867538
Placebo,23,2573,True,0.0
Placebo,23,2630,True,0.47763405299414025
Placebo,23,2666,True,0.3718793606836525
Placebo,23,2745,True,0.1804788892463967
Placebo,23,3149,True,0.4867781957979638
Placebo,23,3369,True,0.3987709045797866
Placebo,23,3617,True,0.2712386297941554
Placebo,23,3862,True,0.08860866087646532
Placebo,23,4124,True,0.41549320759079345
Placebo,23,4218,True,0.3643732252547705
Placebo,23,4268,True,0.9321572773044168
Placebo,23,4452,False,0.0
Placebo,23,4522,True,0.2353218363127315
Placebo,23,4784,True,0.45119656871797575
Placebo,23,5139,True,0.30657359638272924
Placebo,23,5438,True,0.034019538049805724
Placebo,23,5565,True,0.02623061649291388
Placebo,23,5684,True,0.3750620677187626
Placebo,23,5775,True,0.0
Placebo,23,6110,True,0.13287201388084077
Placebo,23,6488,True,0.11488815770796033
Placebo,23,6590,True,0.06794340091829071
Placebo,23,6793,True,0.1008674711662712
Placebo,23,7090,True,0.6426912929863949
Placebo,23,7112,True,0.43845562226771106
Placebo,23,7167,True,0.2612868430806555
Placebo,23,7287,True,0.47292334101051386
Placebo,23,7370,True,0.3739227075541106
Placebo,23,7547,True,0.08914061528928154
Placebo,23,7589,True,0.0
Placebo,23,7622,True,0.31330159070372815
Placebo,23,7640,False,0.0
Placebo,23,7757,True,0.05476485496824487
Placebo,23,8162,True,0.44920008909277565
Placebo,23,8508,True,0.0
Placebo,23,8597,True,0.1866813938692069
Placebo,23,8771,True,0.0
Placebo,23,288,True,0.5790707199491553
Placebo,23,635,True,0.11433720609494528
Placebo,23,654,True,0.17806915746298954
Placebo,23,699,True,0.33749186561383326
Placebo,23,743,True,0.4654619524384723
Placebo,23,946,True,0.0
Placebo,23,976,True,0.0
Placebo,23,1144,True,0.7532663437239668
Placebo,23,1187,True,0.4993755770258012
Placebo,23,1384,True,0.0
Placebo,23,1415,True,0.4279088198773008
Placebo,23,1443,True,0.18905709333163614
Placebo,23,1629,True,0.30864365268459826
Placebo,23,1684,True,0.056490437736217106
Placebo,23,1802,True,0.33593204224931333
Placebo,23,1914,True,0.25069591963209287
Placebo,23,2046,True,0.0
Placebo,23,2071,True,0.3743629184881926
Placebo,23,2340,True,0.0
Placebo,23,2749,True,0.5280637089093466
Placebo,23,3517,True,0.634417671349687
Placebo,23,3758,True,0.2315847489272812
Placebo,23,4110,True,0.1666047581904272
Placebo,23,4111,True,0.0
Placebo,23,4144,True,0.24878856659325846
Placebo,23,5021,True,0.0
Placebo,23,5032,True,0.4048175167400242
Placebo,23,5096,True,0.2470847905934129
Placebo,23,5109,True,0.5326959413760123
Placebo,23,5114,True,0.3932711387832976
Placebo,23,5977,True,0.0
Placebo,23,5984,True,0.3536786599974285
Placebo,23,6353,True,0.38341488662625667
Placebo,23,6373,True,0.0523257619315314
Placebo,23,6539,True,0.0
Placebo,23,6554,True,0.1734929471209916
Placebo,23,6884,True,0.0
Placebo,23,6955,True,0.10218331334064325
Placebo,23,7020,True,0.6179018310014619
Placebo,23,7029,True,0.12084190365065536
Placebo,23,7280,True,0.2289944936670366
Placebo,23,7394,True,0.05109165667032166
Placebo,23,7795,True,0.5092564956285119
Placebo,23,8108,True,0.1478294909154527
Placebo,23,8560,True,0.33865197596202357
Placebo,23,8632,True,0.524185814824306
Placebo,23,8657,True,0.06943122193677725
Placebo,23,8777,True,0.18339934750814904
Placebo,23,9151,True,0.30872134388497324
Placebo,23,9609,True,0.17969039321469701
Placebo,24,102,True,0.3592535846922646
Placebo,24,314,True,0.3827444620084784
Placebo,24,1068,True,0.4116210692033773
Placebo,24,1525,True,0.13774761541187747
Placebo,24,1795,True,0.12286383325798816
Placebo,24,1929,True,0.24393237998962422
Placebo,24,1931,True,0.0
Placebo,24,1991,True,0.2631767237943767
Placebo,24,2528,True,0.34573540880841264
Placebo,24,2697,True,0.2888114109674125
Placebo,24,2834,True,0.6382677534768472
Placebo,24,2845,True,0.36682687850606305
Placebo,24,3031,True,0.16045798821372023
Placebo,24,3250,True,0.07588109553901774
Placebo,24,3308,True,0.5206369779764035
Placebo,24,3402,True,0.2347295217073075
Placebo,24,3426,True,0.43122038713502525
Placebo,24,3449,True,0.35520303362706684
Placebo,24,3756,True,0.34084272752968536
Placebo,24,4141,True,0.44250301190774927
Placebo,24,4210,True,0.3260908457348621
Placebo,24,4516,True,0.2906444756043471
Placebo,24,4692,True,0.2807721888661444
Placebo,24,4700,True,0.41171949796939683
Placebo,24,4910,True,0.0
Placebo,24,4962,True,0.12669074888309206
Placebo,24,5275,True,0.07958503779668562
Placebo,24,5671,True,0.041334069606472665
Placebo,24,5683,True,0.09019475927038985
Placebo,24,6067,True,0.5535783164149979
Placebo,24,6378,True,0.47609933422539485
Placebo,24,6495,True,0.46719234305391966
Placebo,24,6868,True,0.3689872505464532
Placebo,24,6880,True,0.6864444976554479
Placebo,24,7144,True,0.37097552111684046
Placebo,24,7413,True,0.0
Placebo,24,7526,True,0.0
Placebo,24,7531,True,0.13708259364055658
Placebo,24,7577,True,0.0
Placebo,24,7621,True,0.18192561789776282
Placebo,24,8198,True,0.2748652918265975
Placebo,24,8442,True,0.0
Placebo,24,8452,True,0.1874223382036811
Placebo,24,8476,True,0.28656113493883195
Placebo,24,8541,True,0.15845809615474177
Placebo,24,8802,True,0.17259190121879145
Placebo,24,8816,True,0.0
Placebo,24,8852,True,0.1422962423421528
Placebo,24,9099,True,0.08472032376115692
Placebo,24,9479,True,0.167277549036919
Placebo,24,9625,False,0.0
Placebo,24,96,True,0.0
Placebo,24,171,True,0.37826862836660274
Placebo,24,328,True,0.0
Placebo,24,387,True,0.0
Placebo,24,754,False,0.0
Placebo,24,983,True,0.4700732452730254
Placebo,24,1039,True,0.3672090087540008
Placebo,24,1098,True,0.3109457336994213
Placebo,24,1120,True,0.1617049916654291
Placebo,24,1275,True,0.4426338413301696
Placebo,24,1343,True,0.2489083270225946
Placebo,24,1483,True,0.21348428974395856
Placebo,24,2005,True,0.2999050316974942
Placebo,24,2048,True,0.14074267220463055
Placebo,24,2379,True,0.4979033163679138
Placebo,24,2516,True,0.32039451554671194
Placebo,24,2601,True,0.20483424751859086
Placebo,24,3210,True,0.2510930215837186
Placebo,24,3601,True,0.0
Placebo,24,3729,True,0.04330890684638207
Placebo,24,3832,True,0.3117872164495365
Placebo,24,4104,True,0.11722325804735288
Placebo,24,4286,True,0.5989011453361136
Placebo,24,4329,True,0.20379994970022483
Placebo,24,4553,True,0.22954141169568656
Placebo,24,4790,True,0.0
Placebo,24,4844,True,0.0
Placebo,24,4994,True,0.0
Placebo,24,5020,True,0.6277824814601456
Placebo,24,5293,True,0.04895134372021429
Placebo,24,5338,True,0.506433368467028
Placebo,24,5343,True,0.13075822927398156
Placebo,24,5464,True,0.17886726863615127
Placebo,24,5560,True,0.45835322544932083
Placebo,24,5719,True,0.4468052400109469
Placebo,24,6055,True,0.35622718683857746
Placebo,24,6121,True,0.3052348839397012
Placebo,24,6128,True,0.14671144484317286
Placebo,24,6197,True,0.19719002318151946
Placebo,24,6336,True,0.5371405180896093
Placebo,24,6577,True,0.35749647206029667
Placebo,24,6717,True,0.17723928678404763
Placebo,24,6906,False,0.0
Placebo,24,8550,True,0.0
Placebo,24,8576,True,0.6274092458891772
Placebo,24,8790,False,0.0
Placebo,24,8840,True,0.0
Placebo,24,8878,True,0.3819962870018864
Placebo,24,9337,True,0.0
Placebo,24,9501,True,0.3241614339182073
Placebo,24,9512,False,0.0
Placebo,24,45,True,0.15902694705218234
Placebo,24,199,True,0.0
Placebo,24,458,True,0.3109767290293859
Placebo,24,564,True,0.6652938379685169
Placebo,24,717,True,0.4052195471156028
Placebo,24,1109,True,0.5310684953274661
Placebo,24,1576,True,0.2673951000757708
Placebo,24,1711,True,0.0
Placebo,24,1868,False,0.0
Placebo,24,1942,True,0.225604196993837
Placebo,24,2001,True,0.2503767799532123
Placebo,24,2217,True,0.0
Placebo,24,2354,True,0.2357200138447804
Placebo,24,2761,True,0.0
Placebo,24,2980,True,0.0
Placebo,24,3021,True,0.23108276195026245
Placebo,24,3030,True,0.0
Placebo,24,3046,True,0.3333868050066544
Placebo,24,3050,True,0.5315573480913997
Placebo,24,3288,True,0.08228688650337697
Placebo,24,3302,True,0.23550410414566486
Placebo,24,3794,True,0.1013048867789007
Placebo,24,3920,True,0.19535178071977222
Placebo,24,3965,True,0.06493750582667032
Placebo,24,4193,True,0.554480333101462
Placebo,24,4294,True,0.023313161239938596
Placebo,24,4383,True,0.6028583375675176
Placebo,24,4474,True,0.0
Placebo,24,5068,True,0.18177992429645742
Placebo,24,5258,True,0.10026710274415578
Placebo,24,5306,True,0.5945522243251851
Placebo,24,5323,True,0.8110695457905513
Placebo,24,5421,True,0.3781889519465199
Placebo,24,5766,True,0.27055381323550465
Placebo,24,5877,True,0.2026097735578014
Placebo,24,5887,True,0.30110224789637396
Placebo,24,6126,True,0.0
Placebo,24,6190,True,0.6290353999567886
Placebo,24,6224,True,0.21819512777734998
Placebo,24,6465,True,0.0
Placebo,24,6853,True,0.12086992363525312
Placebo,24,6949,True,0.4660752313898605
Placebo,24,7107,True,0.0
Placebo,24,7240,False,0.0
Placebo,24,7937,True,0.4217747035395936
Placebo,24,8015,True,0.3727892582642588
Placebo,24,8066,True,0.0
Placebo,24,8202,True,0.6423455228698989
Placebo,24,8321,True,0.12621508882341534
Placebo,24,9222,True,0.0
Placebo,24,9453,True,0.32510887734272653
Placebo,24,73,True,0.04330890684638207
Placebo,24,390,True,0.25236045228639203
Placebo,24,424,True,0.057959913024345
Placebo,24,715,True,0.1715092458530569
Placebo,24,915,True,0.0
Placebo,24,1579,True,0.11042759607775503
Placebo,24,1643,True,0.0
Placebo,24,1679,True,0.38340178434112454
Placebo,24,1982,True,0.08610991699661572
Placebo,24,2027,True,0.38906918286472203
Placebo,24,2211,True,0.15556974829149348
Placebo,24,2228,True,0.13342121055319545
Placebo,24,2352,True,0.40876468265396726
Placebo,24,2520,True,0.1314635108945348
Placebo,24,2573,True,0.1388624438735545
Placebo,24,2630,True,0.33507348135178044
Placebo,24,2666,True,0.2713003281777279
Placebo,24,2745,True,0.04947575425284123
Placebo,24,3149,True,0.5224097307427578
Placebo,24,3369,True,0.044399369745528
Placebo,24,3617,True,0.2693242912301448
Placebo,24,3862,True,0.0
Placebo,24,4124,True,0.46181061301170584
Placebo,24,4218,True,0.14539289195688904
Placebo,24,4268,True,0.7136540102475308
Placebo,24,4452,False,0.0
Placebo,24,4522,True,0.0
Placebo,24,4784,True,0.6654372230909137
Placebo,24,5139,True,0.26406812257259077
Placebo,24,5438,True,0.3247289913409608
Placebo,24,5565,True,0.0
Placebo,24,5684,True,0.2633536081788277
Placebo,24,5775,True,0.13743816645714546
Placebo,24,6110,True,0.057959913024345
Placebo,24,6488,True,0.06653004412467982
Placebo,24,6590,True,0.2048492470163289
Placebo,24,6793,True,0.24676163983887406
Placebo,24,7090,True,0.1877991048627293
Placebo,24,7112,True,0.2807721888661444
Placebo,24,7167,True,0.5412463623906549
Placebo,24,7287,True,0.40381157385485084
Placebo,24,7370,True,0.35512471535664303
Placebo,24,7547,True,0.09843703889494597
Placebo,24,7589,True,0.0
Placebo,24,7622,True,0.5467195509767496
Placebo,24,7640,False,0.0
Placebo,24,7757,True,0.10137115429204684
Placebo,24,8162,True,0.543327545398779
Placebo,24,8508,True,0.0
Placebo,24,8597,True,0.23285863152925515
Placebo,24,8771,True,0.0
Placebo,24,288,True,0.3741863626588966
Placebo,24,635,True,0.06219294124838742
Placebo,24,654,True,0.12588112914698163
Placebo,24,699,True,0.11722325804735288
Placebo,24,743,True,0.3286319544624943
Placebo,24,946,True,0.0
Placebo,24,976,True,0.0
Placebo,24,1144,True,0.5661869052248487
Placebo,24,1187,True,0.533370284135367
Placebo,24,1384,True,0.11923924805632925
Placebo,24,1415,True,0.15691024258490885
Placebo,24,1443,True,0.3787374908081757
Placebo,24,1629,True,0.0
Placebo,24,1684,True,0.22596175094486826
Placebo,24,1802,True,0.0
Placebo,24,1914,True,0.2502811687616954
Placebo,24,2046,True,0.11377041810078817
Placebo,24,2071,True,0.21772390052171361
Placebo,24,2340,True,0.5666627512203882
Placebo,24,2749,True,0.1760510784207391
Placebo,24,3517,True,0.5864305367450019
Placebo,24,3758,True,0.2548346710074145
Placebo,24,4110,True,0.2110882856740988
Placebo,24,4111,True,0.0
Placebo,24,4144,True,0.2548346710074145
Placebo,24,5021,True,0.0
Placebo,24,5032,True,0.5546492057678041
Placebo,24,5096,True,0.1428576480489364
Placebo,24,5109,True,0.3936501760781218
Placebo,24,5114,True,0.3185860821011082
Placebo,24,5977,True,0.0
Placebo,24,5984,True,0.20787284213109908
Placebo,24,6353,True,0.88279674503835
Placebo,24,6373,True,0.0
Placebo,24,6539,True,0.0
Placebo,24,6554,True,0.24357607256665456
Placebo,24,6884,True,0.16179334848689397
Placebo,24,6955,True,0.09750766134500015
Placebo,24,7020,True,0.35729712228229965
Placebo,24,7029,True,0.1100458831490401
Placebo,24,7280,True,0.46237441575138133
Placebo,24,7394,True,0.06975096265942549
Placebo,24,7795,True,0.5901619705854034
Placebo,24,8108,True,0.08514311764162101
Placebo,24,8560,True,0.2569618611528861
Placebo,24,8632,True,0.4923617881375116
Placebo,24,8657,True,0.06784272269558313
Placebo,24,8777,True,0.5601148824627055
Placebo,24,9151,True,0.1768703945168284
Placebo,24,9609,True,0.12948249558740293
Placebo,25,102,True,0.3732600316262971
Placebo,25,314,True,0.2552612234329017
Placebo,25,1068,True,0.41670186858658803
Placebo,25,1525,True,0.10661335274285934
Placebo,25,1795,True,0.08981180746716709
Placebo,25,1929,True,0.3158615494624746
Placebo,25,1931,True,0.0
Placebo,25,1991,True,0.5636002901408017
Placebo,25,2528,True,0.1937596973380951
Placebo,25,2697,True,0.39991462410505224
Placebo,25,2834,True,0.4827315511382685
Placebo,25,2845,True,0.13368135981723522
Placebo,25,3031,True,0.15617848220120506
Placebo,25,3250,True,0.09478836436955075
Placebo,25,3308,True,0.29960033241611883
Placebo,25,3402,True,0.09146951615211071
Placebo,25,3426,True,0.06361522939534878
Placebo,25,3449,True,0.6757430711568868
Placebo,25,3756,True,0.4134876068002423
Placebo,25,4141,True,0.5321408435198609
Placebo,25,4210,True,0.15140768221055184
Placebo,25,4516,True,0.6952038352340421
Placebo,25,4692,True,0.19313836025319672
Placebo,25,4700,True,0.0
Placebo,25,4910,True,0.0
Placebo,25,4962,True,0.310303549697561
Placebo,25,5275,True,0.40271448368754525
Placebo,25,5671,True,0.30330662955794235
Placebo,25,5683,True,0.0
Placebo,25,6067,True,0.4155904028694436
Placebo,25,6378,True,0.30163109103097635
Placebo,25,6495,True,0.5159771345415497
Placebo,25,6868,True,0.2594990071245464
Placebo,25,6880,True,0.4220949603708207
Placebo,25,7144,True,0.13851402181091166
Placebo,25,7413,True,0.2489083270225946
Placebo,25,7526,True,0.0
Placebo,25,7531,True,0.0
Placebo,25,7577,True,0.24452463679546263
Placebo,25,7621,True,0.38028281226475913
Placebo,25,8198,True,0.2942026330205877
Placebo,25,8442,True,0.0
Placebo,25,8452,True,0.27651244595338637
Placebo,25,8476,True,0.25956570443731647
Placebo,25,8541,True,0.3572245010257643
Placebo,25,8802,True,0.29000465592105085
Placebo,25,8816,True,0.0
Placebo,25,8852,True,0.31178546396428475
Placebo,25,9099,True,0.049941400570997205
Placebo,25,9479,True,0.0821774490341282
Placebo,25,9625,False,0.0
Placebo,25,96,True,0.23719771276929624
Placebo,25,171,True,0.634177652349804
Placebo,25,328,True,0.0
Placebo,25,387,True,0.11381311447980796
Placebo,25,754,False,0.0
Placebo,25,983,True,0.44184038053052316
Placebo,25,1039,True,0.5124169229556171
Placebo,25,1098,True,0.432696736477862
Placebo,25,1120,True,0.07142489948912922
Placebo,25,1275,True,0.28114331828399186
Placebo,25,1343,True,0.0
Placebo,25,1483,True,0.10909563842042834
Placebo,25,2005,True,0.07588109553901774
Placebo,25,2048,True,0.4979075337967178
Placebo,25,2379,True,0.3916965498579589
Placebo,25,2516,True,0.2529107387457386
Placebo,25,2601,True,0.43538612906901875
Placebo,25,3210,True,0.28040048780810467
Placebo,25,3601,True,0.2184074368181643
Placebo,25,3729,True,0.06452577150984494
Placebo,25,3832,True,0.49869950742713276
Placebo,25,4104,True,0.38473035375901354
Placebo,25,4286,True,0.49163771591998595
Placebo,25,4329,True,0.2200917662980802
Placebo,25,4553,True,0.28526166409378695
Placebo,25,4790,True,0.0
Placebo,25,4844,True,0.0
Placebo,25,4994,True,0.0
Placebo,25,5020,True,0.22913660676424497
Placebo,25,5293,True,0.12472567723118343
Placebo,25,5338,True,0.6755813354263895
Placebo,25,5343,True,0.14442979502447748
Placebo,25,5464,True,0.44915931267678855
Placebo,25,5560,True,0.3329209015813178
Placebo,25,5719,True,0.3842156029777794
Placebo,25,6055,True,0.45241708242756934
Placebo,25,6121,True,0.22583237413906915
Placebo,25,6128,True,0.05675573429101703
Placebo,25,6197,True,0.32394863875674024
Placebo,25,6336,True,0.43285458292562834
Placebo,25,6577,True,0.26018011654537165
Placebo,25,6717,True,0.1934264036172709
Placebo,25,6906,False,0.0
Placebo,25,8550,True,0.0
Placebo,25,8576,True,0.40860562998635686
Placebo,25,8790,False,0.0
Placebo,25,8840,True,0.0
Placebo,25,8878,True,0.0
Placebo,25,9337,True,0.0
Placebo,25,9501,True,0.3045119539219065
Placebo,25,9512,False,0.0
Placebo,25,45,True,0.15430392423674621
Placebo,25,199,True,0.0
Placebo,25,458,True,0.34697294457645944
Placebo,25,564,True,0.618554373151009
Placebo,25,717,True,0.11713471800758483
Placebo,25,1109,True,0.5793166619125263
Placebo,25,1576,True,0.0
Placebo,25,1711,True,0.0
Placebo,25,1868,False,0.0
Placebo,25,1942,True,0.31636300628892267
Placebo,25,2001,True,0.143666091738986
Placebo,25,2217,True,0.319393943239799
Placebo,25,2354,True,0.2528410271851775
Placebo,25,2761,True,0.04731298313931704
Placebo,25,2980,True,0.0
Placebo,25,3021,True,0.27790258255966854
Placebo,25,3030,True,0.0
Placebo,25,3046,True,0.21300000021732485
Placebo,25,3050,True,0.40682818180761615
Placebo,25,3288,True,0.3950682491082558
Placebo,25,3302,True,0.09077394133714942
Placebo,25,3794,True,0.0
Placebo,25,3920,True,0.2329726085570737
Placebo,25,3965,True,0.06362078819895167
Placebo,25,4193,True,0.14656879505245032
Placebo,25,4294,True,0.08065028712383313
Placebo,25,4383,True,0.4826032002252032
Placebo,25,4474,True,0.2707842629583516
Placebo,25,5068,True,0.0
Placebo,25,5258,True,0.1199396507107809
Placebo,25,5306,True,0.3211226618587882
Placebo,25,5323,True,0.5068977994972866
Placebo,25,5421,True,0.6482361603392245
Placebo,25,5766,True,0.6778165784594185
Placebo,25,5877,True,0.0
Placebo,25,5887,True,0.17796717146275914
Placebo,25,6126,True,0.28906482631788766
Placebo,25,6190,True,0.6257035629094756
Placebo,25,6224,True,0.16102421318063875
Placebo,25,6465,True,0.0
Placebo,25,6853,True,0.0
Placebo,25,6949,True,0.7976983908683936
Placebo,25,7107,True,0.047143303742223905
Placebo,25,7240,False,0.0
Placebo,25,7937,True,0.3262049492845375
Placebo,25,8015,True,0.0
Placebo,25,8066,True,0.0
Placebo,25,8202,True,0.4034084031180737
Placebo,25,8321,True,0.35641739167007547
Placebo,25,9222,True,0.0
Placebo,25,9453,True,0.3215196568697319
Placebo,25,73,True,0.04510157879202123
Placebo,25,390,True,0.3982903744510739
Placebo,25,424,True,0.09020315758404246
Placebo,25,715,True,0.28227207968521006
Placebo,25,915,True,0.0
Placebo,25,1579,True,0.14374012904500846
Placebo,25,1643,True,0.0
Placebo,25,1679,True,0.5833274299377496
Placebo,25,1982,True,0.06362078819895167
Placebo,25,2027,True,0.2323004897168301
Placebo,25,2211,True,0.13777597210996184
Placebo,25,2228,True,0.24309789328476902
Placebo,25,2352,True,0.0
Placebo,25,2520,True,0.2626633251188907
Placebo,25,2573,True,0.1388624438735545
Placebo,25,2630,True,0.5827276629931442
Placebo,25,2666,True,0.37843140829571387
Placebo,25,2745,True,0.16656454610947993
Placebo,25,3149,True,0.27304548481260926
Placebo,25,3369,True,0.1382278178819484
Placebo,25,3617,True,0.28737485215925757
Placebo,25,3862,True,0.08860866087646532
Placebo,25,4124,True,0.3810006062076464
Placebo,25,4218,True,0.07886907803361609
Placebo,25,4268,True,0.7241528458281337
Placebo,25,4452,False,0.0
Placebo,25,4522,True,0.2520933330590433
Placebo,25,4784,True,0.3724236237462706
Placebo,25,5139,True,0.30657359638272924
Placebo,25,5438,True,0.24322629518165423
Placebo,25,5565,True,0.10709397727165015
Placebo,25,5684,True,0.0689187267561001
Placebo,25,5775,True,0.0
Placebo,25,6110,True,0.049941400570997205
Placebo,25,6488,True,0.0
Placebo,25,6590,True,0.18226893102929442
Placebo,25,6793,True,0.5071367207381852
Placebo,25,7090,True,0.11754655565193436
Placebo,25,7112,True,0.2776592110501386
Placebo,25,7167,True,0.17441182360512195
Placebo,25,7287,True,0.35453702014678495
Placebo,25,7370,True,0.11375296085295913
Placebo,25,7547,True,0.0
Placebo,25,7589,True,0.19341580127331354
Placebo,25,7622,True,0.32747728158611894
Placebo,25,7640,False,0.0
Placebo,25,7757,True,0.13093723112823913
Placebo,25,8162,True,0.5130598001209459
Placebo,25,8508,True,0.0
Placebo,25,8597,True,0.3525030349112321
Placebo,25,8771,True,0.08002159439830046
Placebo,25,288,True,0.5240610372991596
Placebo,25,635,True,0.05851819837674865
Placebo,25,654,True,0.14729545277230058
Placebo,25,699,True,0.1422608017510935
Placebo,25,743,True,0.16812847021395225
Placebo,25,946,True,0.0
Placebo,25,976,True,0.23949068454877484
Placebo,25,1144,True,0.6152858484665978
Placebo,25,1187,True,0.39201074288822024
Placebo,25,1384,True,0.167147666617803
Placebo,25,1415,True,0.40280426942409475
Placebo,25,1443,True,0.14982420171299154
Placebo,25,1629,True,0.0
Placebo,25,1684,True,0.2849496838364057
Placebo,25,1802,True,0.13893229086313383
Placebo,25,1914,True,0.3432241014109693
Placebo,25,2046,True,0.0
Placebo,25,2071,True,0.0
Placebo,25,2340,True,0.111790044842754
Placebo,25,2749,True,0.4806356675488727
Placebo,25,3517,True,0.6569229164246325
Placebo,25,3758,True,0.12600463383834856
Placebo,25,4110,True,0.1675216993046349
Placebo,25,4111,True,0.0
Placebo,25,4144,True,0.1502050587333493
Placebo,25,5021,True,0.0
Placebo,25,5032,True,0.4813954240719701
Placebo,25,5096,True,0.0
Placebo,25,5109,True,0.37720165395943717
Placebo,25,5114,True,0.32780602129886355
Placebo,25,5977,True,0.0
Placebo,25,5984,True,0.43138871800198386
Placebo,25,6353,True,0.6068592140125972
Placebo,25,6373,True,0.0
Placebo,25,6539,True,0.0
Placebo,25,6554,True,0.29956889892595134
Placebo,25,6884,True,0.14126697285982884
Placebo,25,6955,True,0.1556173722159145
Placebo,25,7020,True,0.5935205903280715
Placebo,25,7029,True,0.20483424751859086
Placebo,25,7280,True,0.17850712007069322
Placebo,25,7394,True,0.1532749700109649
Placebo,25,7795,True,0.4666109302514666
Placebo,25,8108,True,0.2200917662980802
Placebo,25,8560,True,0.3358069817265085
Placebo,25,8632,True,0.3623164419139497
Placebo,25,8657,True,0.13961814555374907
Placebo,25,8777,True,0.5732456016316496
Placebo,25,9151,True,0.3904342770169031
Placebo,25,9609,True,0.17353427149804995
Placebo,26,102,True,0.1895709393839118
Placebo,26,314,True,0.32276265132143284
Placebo,26,1068,True,0.4037570730126687
Placebo,26,1525,True,0.1237310243917846
Placebo,26,1795,True,0.3053694197145857
Placebo,26,1929,True,0.38823483958196764
Placebo,26,1931,True,0.0
Placebo,26,1991,True,0.31500858359715306
Placebo,26,2528,True,0.41194001170502076
Placebo,26,2697,True,0.3345533485265623
Placebo,26,2834,True,0.36293664215378707
Placebo,26,2845,True,0.15754489809431824
Placebo,26,3031,True,0.2589558229961739
Placebo,26,3250,True,0.06362078819895167
Placebo,26,3308,True,0.2731018432925078
Placebo,26,3402,True,0.18937927293733792
Placebo,26,3426,True,0.06677949161518108
Placebo,26,3449,True,0.35942872998256
Placebo,26,3756,True,0.2123560640262222
Placebo,26,4141,True,0.21613942107359577
Placebo,26,4210,True,0.4260967530293621
Placebo,26,4516,True,0.0
Placebo,26,4692,True,0.0
Placebo,26,4700,True,0.11377041810078817
Placebo,26,4910,True,0.0
Placebo,26,4962,True,0.06425604298318159
Placebo,26,5275,True,0.0
Placebo,26,5671,True,0.33334541919270877
Placebo,26,5683,True,0.13459609419756352
Placebo,26,6067,True,0.37883268611276627
Placebo,26,6378,True,0.2697664809870923
Placebo,26,6495,True,0.5639100225330003
Placebo,26,6868,True,0.4733734957265957
Placebo,26,6880,True,0.11998467889004207
Placebo,26,7144,True,0.3744671327844985
Placebo,26,7413,True,0.2491602275826595
Placebo,26,7526,True,0.0
Placebo,26,7531,True,0.3618312737985278
Placebo,26,7577,True,0.42182140658222944
Placebo,26,7621,True,0.09435887314063833
Placebo,26,8198,True,0.425035080064741
Placebo,26,8442,True,0.0
Placebo,26,8452,True,0.403496139251974
Placebo,26,8476,True,0.3199203747966286
Placebo,26,8541,True,0.3768625541164213
Placebo,26,8802,True,0.3265891871359747
Placebo,26,8816,True,0.13124938519326135
Placebo,26,8852,True,0.12315119437036504
Placebo,26,9099,True,0.0
Placebo,26,9479,True,0.0
Placebo,26,9625,False,0.0
Placebo,26,96,True,0.3868528072345415
Placebo,26,171,True,0.3808303949570587
Placebo,26,328,True,0.0
Placebo,26,387,True,0.0
Placebo,26,754,False,0.0
Placebo,26,983,True,0.27120057443129364
Placebo,26,1039,True,0.45852338738028986
Placebo,26,1098,True,0.12577835875866047
Placebo,26,1120,True,0.1322093249512809
Placebo,26,1275,True,0.37178607192395235
Placebo,26,1343,True,0.16159662754674092
Placebo,26,1483,True,0.27936710342564447
Placebo,26,2005,True,0.20248323207250618
Placebo,26,2048,True,0.22198381296297784
Placebo,26,2379,True,0.605085409850157
Placebo,26,2516,True,0.3682925259442147
Placebo,26,2601,True,0.3077149788295559
Placebo,26,3210,True,0.4266335495541422
Placebo,26,3601,True,0.3868528072345415
Placebo,26,3729,True,0.3435937693340249
Placebo,26,3832,True,0.3554807001001746
Placebo,26,4104,True,0.39764807869407065
Placebo,26,4286,True,0.3084142467874858
Placebo,26,4329,True,0.0
Placebo,26,4553,True,0.20421828805894535
Placebo,26,4790,True,0.3903800499921017
Placebo,26,4844,True,0.0
Placebo,26,4994,True,0.05399332070884985
Placebo,26,5020,True,0.6322793140588943
Placebo,26,5293,True,0.303984971940794
Placebo,26,5338,True,0.35970991185182927
Placebo,26,5343,True,0.1793725839335596
Placebo,26,5464,True,0.1272460269863608
Placebo,26,5560,True,0.26355273743634067
Placebo,26,5719,True,0.22693543604710947
Placebo,26,6055,True,0.5546749284779451
Placebo,26,6121,True,0.591010205539905
Placebo,26,6128,True,0.2934228896863457
Placebo,26,6197,True,0.2821260326209476
Placebo,26,6336,True,0.6025583336639717
Placebo,26,6577,True,0.3882151024902675
Placebo,26,6717,True,0.0
Placebo,26,6906,False,0.0
Placebo,26,8550,True,0.0
Placebo,26,8576,True,0.4553242592576837
Placebo,26,8790,False,0.0
Placebo,26,8840,True,0.0
Placebo,26,8878,True,0.0
Placebo,26,9337,True,0.0
Placebo,26,9501,True,0.3318194103399039
Placebo,26,9512,False,0.0
Placebo,26,45,True,0.11477070584784325
Placebo,26,199,True,0.08442111803551772
Placebo,26,458,True,0.5431318346519204
Placebo,26,564,True,0.840274129803779
Placebo,26,717,True,0.12783253450199242
Placebo,26,1109,True,0.5531963775167673
Placebo,26,1576,True,0.4016065122891061
Placebo,26,1711,True,0.0
Placebo,26,1868,False,0.0
Placebo,26,1942,True,0.45054720141549615
Placebo,26,2001,True,0.19429592945637728
Placebo,26,2217,True,0.06282423735939206
Placebo,26,2354,True,0.29799658530846534
Placebo,26,2761,True,0.022184319553871852
Placebo,26,2980,True,0.14970931974979945
Placebo,26,3021,True,0.06975096265942549
Placebo,26,3030,True,0.46533827903669644
Placebo,26,3046,True,0.21603058111607218
Placebo,26,3050,True,0.5114561868252107
Placebo,26,3288,True,0.3517154616944661
Placebo,26,3302,True,0.0
Placebo,26,3794,True,0.0
Placebo,26,3920,True,0.4162651318262809
Placebo,26,3965,True,0.39327839964630634
Placebo,26,4193,True,0.07328439752622516
Placebo,26,4294,True,0.0
Placebo,26,4383,True,0.4004787736976254
Placebo,26,4474,True,0.0
Placebo,26,5068,True,0.3907704857370129
Placebo,26,5258,True,0.0
Placebo,26,5306,True,0.6286235757266858
Placebo,26,5323,True,0.5948515750043052
Placebo,26,5421,True,0.6066640063448236
Placebo,26,5766,True,0.6890439757221727
Placebo,26,5877,True,0.18856416668680415
Placebo,26,5887,True,0.3399004023501965
Placebo,26,6126,True,0.0
Placebo,26,6190,True,0.5325174571112623
Placebo,26,6224,True,0.27715076951445283
Placebo,26,6465,True,0.0
Placebo,26,6853,True,0.2669507571941387
Placebo,26,6949,True,0.7017413333004964
Placebo,26,7107,True,0.1598596017488907
Placebo,26,7240,False,0.0
Placebo,26,7937,True,0.43771624218444866
Placebo,26,8015,True,0.0
Placebo,26,8066,True,0.0
Placebo,26,8202,True,0.3617722696936469
Placebo,26,8321,True,0.419016770983639
Placebo,26,9222,True,0.0
Placebo,26,9453,True,0.4453900499436318
Placebo,26,73,True,0.27909736477185126
Placebo,26,390,True,0.38024471581841185
Placebo,26,424,True,0.0
Placebo,26,715,True,0.4387096098142522
Placebo,26,915,True,0.3028124283986501
Placebo,26,1579,True,0.21561019356751263
Placebo,26,1643,True,0.0
Placebo,26,1679,True,0.49597794321495436
Placebo,26,1982,True,0.1100458831490401
Placebo,26,2027,True,0.2897510708593637
Placebo,26,2211,True,0.15556974829149348
Placebo,26,2228,True,0.2533816579543858
Placebo,26,2352,True,0.35620718710802235
Placebo,26,2520,True,0.1100458831490401
Placebo,26,2573,True,0.2200917662980802
Placebo,26,2630,True,0.5500224221853233
Placebo,26,2666,True,0.28660494082873905
Placebo,26,2745,True,0.3287097961365128
Placebo,26,3149,True,0.23545188810448797
Placebo,26,3369,True,0.2547122806996616
Placebo,26,3617,True,0.0
Placebo,26,3862,True,0.0
Placebo,26,4124,True,0.2795209195639752
Placebo,26,4218,True,0.49059251653861846
Placebo,26,4268,True,0.933745776545611
Placebo,26,4452,False,0.0
Placebo,26,4522,True,0.046914224068210206
Placebo,26,4784,True,0.579168722643587
Placebo,26,5139,True,0.0
Placebo,26,5438,True,0.26163149618298814
Placebo,26,5565,True,0.0
Placebo,26,5684,True,0.381040900576228
Placebo,26,5775,True,0.17342765698823942
Placebo,26,6110,True,0.06452577150984494
Placebo,26,6488,True,0.0
Placebo,26,6590,True,0.24003230781155455
Placebo,26,6793,True,0.37490139081624
Placebo,26,7090,True,0.2088916563366817
Placebo,26,7112,True,0.2807721888661444
Placebo,26,7167,True,0.5179885511367159
Placebo,26,7287,True,0.36755205679606634
Placebo,26,7370,True,0.03855803981329108
Placebo,26,7547,True,0.0
Placebo,26,7589,True,0.3994935979390528
Placebo,26,7622,True,0.45838081233209743
Placebo,26,7640,False,0.0
Placebo,26,7757,True,0.07845884372062178
Placebo,26,8162,True,0.5369526464924913
Placebo,26,8508,True,0.0
Placebo,26,8597,True,0.1051655903002265
Placebo,26,8771,True,0.16388035525492814
Placebo,26,288,True,0.5343587067289061
Placebo,26,635,True,0.424036434824805
Placebo,26,654,True,0.24050386336290003
Placebo,26,699,True,0.2026056454151714
Placebo,26,743,True,0.4870151750387077
Placebo,26,946,True,0.0
Placebo,26,976,True,0.0
Placebo,26,1144,True,0.5853165707684259
Placebo,26,1187,True,0.4603873659973199
Placebo,26,1384,True,0.22344957591370795
Placebo,26,1415,True,0.2185146689706837
Placebo,26,1443,True,0.18905709333163614
Placebo,26,1629,True,0.16232272801897038
Placebo,26,1684,True,0.0
Placebo,26,1802,True,0.4672977144097623
Placebo,26,1914,True,0.3449598933602247
Placebo,26,2046,True,0.0
Placebo,26,2071,True,0.2807721888661444
Placebo,26,2340,True,0.10126881987072707
Placebo,26,2749,True,0.29178896277081223
Placebo,26,3517,True,0.42999798854076715
Placebo,26,3758,True,0.0793043151251696
Placebo,26,4110,True,0.04018009264032398
Placebo,26,4111,True,0.18655283631292532
Placebo,26,4144,True,0.07671287990839397
Placebo,26,5021,True,0.0
Placebo,26,5032,True,0.3113927431854951
Placebo,26,5096,True,0.42217337445223574
Placebo,26,5109,True,0.42188773807223295
Placebo,26,5114,True,0.08068983099492914
Placebo,26,5977,True,0.0
Placebo,26,5984,True,0.4872901307151978
Placebo,26,6353,True,0.5066872546540756
Placebo,26,6373,True,0.08065028712383313
Placebo,26,6539,True,0.0
Placebo,26,6554,True,0.14982420171299154
Placebo,26,6884,True,0.2960819109658652
Placebo,26,6955,True,0.0
Placebo,26,7020,True,0.2855902880722747
Placebo,26,7029,True,0.06943122193677731
Placebo,26,7280,True,0.11059803258528568
Placebo,26,7394,True,0.17366071761756557
Placebo,26,7795,True,0.3991302024105399
Placebo,26,8108,True,0.13568544539116625
Placebo,26,8560,True,0.32783937530060775
Placebo,26,8632,True,0.41060054730010714
Placebo,26,8657,True,0.25480737726646885
Placebo,26,8777,True,0.7635978075525021
Placebo,26,9151,True,0.03712651420061505
Placebo,26,9609,True,0.5542132773277721
Placebo,27,102,True,0.4395460176942787
Placebo,27,314,True,0.43884071179238027
Placebo,27,1068,True,0.40845595234237786
Placebo,27,1525,True,0.15992002911428893
Placebo,27,1795,True,0.12886223706941252
Placebo,27,1929,True,0.3446718570972464
Placebo,27,1931,True,0.0
Placebo,27,1991,True,0.4146538358747132
Placebo,27,2528,True,0.227848358004744
Placebo,27,2697,True,0.3454527508963952
Placebo,27,2834,True,0.45021908239496844
Placebo,27,2845,True,0.26649314458676115
Placebo,27,3031,True,0.16122027321218516
Placebo,27,3250,True,0.1388624438735545
Placebo,27,3308,True,0.3852649748917684
Placebo,27,3402,True,0.1383518862094005
Placebo,27,3426,True,0.07680190056249989
Placebo,27,3449,True,0.4361748551231031
Placebo,27,3756,True,0.18739469219051674
Placebo,27,4141,True,0.6147696974177984
Placebo,27,4210,True,0.23170768250378493
Placebo,27,4516,True,0.4360651375092607
Placebo,27,4692,True,0.0
Placebo,27,4700,True,0.3510992797576024
Placebo,27,4910,True,0.6309297535714573
Placebo,27,4962,True,0.19150265143746747
Placebo,27,5275,True,0.08473553200699402
Placebo,27,5671,True,0.2491264815432823
Placebo,27,5683,True,0.056906557239904024
Placebo,27,6067,True,0.3218837890011783
Placebo,27,6378,True,0.43477662475389545
Placebo,27,6495,True,0.6492983371494626
Placebo,27,6868,True,0.35243875443688305
Placebo,27,6880,True,0.460192448143426
Placebo,27,7144,True,0.3343093680876432
Placebo,27,7413,True,0.16867134721368437
Placebo,27,7526,True,0.30108020617896636
Placebo,27,7531,True,0.0
Placebo,27,7577,True,0.0731168384439099
Placebo,27,7621,True,0.1623016557970336
Placebo,27,8198,True,0.16788429622804935
Placebo,27,8442,True,0.5
Placebo,27,8452,True,0.49726938256616765
Placebo,27,8476,True,0.3041264249373691
Placebo,27,8541,True,0.2541793148373309
Placebo,27,8802,True,0.0
Placebo,27,8816,True,0.32190067972231057
Placebo,27,8852,True,0.13012668333070063
Placebo,27,9099,True,0.2996484034259831
Placebo,27,9479,True,0.0
Placebo,27,9625,False,0.0
Placebo,27,96,True,0.0
Placebo,27,171,True,0.6575294219562782
Placebo,27,328,True,0.0
Placebo,27,387,True,0.0
Placebo,27,754,False,0.0
Placebo,27,983,True,0.3498094435636557
Placebo,27,1039,True,0.33374434050663826
Placebo,27,1098,True,0.48072217507709003
Placebo,27,1120,True,0.24832026107375282
Placebo,27,1275,True,0.19158915348326608
Placebo,27,1343,True,0.16618593638761947
Placebo,27,1483,True,0.2391714093806016
Placebo,27,2005,True,0.21538297927698716
Placebo,27,2048,True,0.17602540280225593
Placebo,27,2379,True,0.5570815579742484
Placebo,27,2516,True,0.31659964722434353
Placebo,27,2601,True,0.06625422345438896
Placebo,27,3210,True,0.1768209712768066
Placebo,27,3601,True,0.0
Placebo,27,3729,True,0.21070924718760645
Placebo,27,3832,True,0.2833332374280633
Placebo,27,4104,True,0.489279231445259
Placebo,27,4286,True,0.41738275520346824
Placebo,27,4329,True,0.38845577628234146
Placebo,27,4553,True,0.18021357977827407
Placebo,27,4790,True,0.1681275362711174
Placebo,27,4844,True,0.1460683498427064
Placebo,27,4994,True,0.17297671340315757
Placebo,27,5020,True,0.6380253623693016
Placebo,27,5293,True,0.3167613875455128
Placebo,27,5338,True,0.6663271462922958
Placebo,27,5343,True,0.43770331971680687
Placebo,27,5464,True,0.22967053217450217
Placebo,27,5560,True,0.23533843992564799
Placebo,27,5719,True,0.1604798080685572
Placebo,27,6055,True,0.3113025159137974
Placebo,27,6121,True,0.28846566729012796
Placebo,27,6128,True,0.08481823664487623
Placebo,27,6197,True,0.37784601405484103
Placebo,27,6336,True,0.4787538026062471
Placebo,27,6577,True,0.5194997074344927
Placebo,27,6717,True,0.2184074368181643
Placebo,27,6906,False,0.0
Placebo,27,8550,True,0.09614715734857844
Placebo,27,8576,True,0.6669964238077701
Placebo,27,8790,False,0.0
Placebo,27,8840,True,0.0
Placebo,27,8878,True,0.14704034066641017
Placebo,27,9337,True,0.06232532315595917
Placebo,27,9501,True,0.5828021901914366
Placebo,27,9512,False,0.0
Placebo,27,45,True,0.0
Placebo,27,199,True,0.10907458963273317
Placebo,27,458,True,0.26162564923606285
Placebo,27,564,True,0.888985029616273
Placebo,27,717,True,0.12198323851117018
Placebo,27,1109,True,0.6862558859419158
Placebo,27,1576,True,0.09847640747439573
Placebo,27,1711,True,0.0
Placebo,27,1868,False,0.0
Placebo,27,1942,True,0.5595258450062774
Placebo,27,2001,True,0.4380723729383773
Placebo,27,2217,True,0.0
Placebo,27,2354,True,0.21867623957515506
Placebo,27,2761,True,0.11875628599054346
Placebo,27,2980,True,0.0
Placebo,27,3021,True,0.2421006435454176
Placebo,27,3030,True,0.0
Placebo,27,3046,True,0.2953157463826234
Placebo,27,3050,True,0.5806993571602277
Placebo,27,3288,True,0.08630831555704947
Placebo,27,3302,True,0.13635008181522829
Placebo,27,3794,True,0.0
Placebo,27,3920,True,0.2801550672264987
Placebo,27,3965,True,0.26462022272743835
Placebo,27,4193,True,0.1432154849243992
Placebo,27,4294,True,0.0
Placebo,27,4383,True,0.6323930811778344
Placebo,27,4474,True,0.0
Placebo,27,5068,True,0.24480121646398165
Placebo,27,5258,True,0.0
Placebo,27,5306,True,0.354860655042474
Placebo,27,5323,True,0.7705281002806117
Placebo,27,5421,True,0.3013460074003713
Placebo,27,5766,True,0.585130644233392
Placebo,27,5877,True,0.0
Placebo,27,5887,True,0.2744817580496413
Placebo,27,6126,True,0.0
Placebo,27,6190,True,0.658415507900798
Placebo,27,6224,True,0.4660820459145565
Placebo,27,6465,True,0.0
Placebo,27,6853,True,0.1302319287380711
Placebo,27,6949,True,0.448336197001107
Placebo,27,7107,True,0.0
Placebo,27,7240,False,0.0
Placebo,27,7937,True,0.5641250574272412
Placebo,27,8015,True,0.07945707943276738
Placebo,27,8066,True,0.0
Placebo,27,8202,True,0.46123124173058
Placebo,27,8321,True,0.44979378692125693
Placebo,27,9222,True,0.0
Placebo,27,9453,True,0.5410027046415181
Placebo,27,73,True,0.06971893618317035
Placebo,27,390,True,0.3844610553061123
Placebo,27,424,True,0.0
Placebo,27,715,True,0.5177213727080621
Placebo,27,915,True,0.2183733547559629
Placebo,27,1579,True,0.13034276630348168
Placebo,27,1643,True,0.10861750945625488
Placebo,27,1679,True,0.37883957308264765
Placebo,27,1982,True,0.0
Placebo,27,2027,True,0.2463711755984216
Placebo,27,2211,True,0.18809346402717642
Placebo,27,2228,True,0.2597043475242099
Placebo,27,2352,True,0.0
Placebo,27,2520,True,0.4059990999242364
Placebo,27,2573,True,0.09478836436955075
Placebo,27,2630,True,0.5492164228001761
Placebo,27,2666,True,0.32093588643233445
Placebo,27,2745,True,0.20739279067293398
Placebo,27,3149,True,0.30218957740302266
Placebo,27,3369,True,0.2514907932158505
Placebo,27,3617,True,0.26007131857333904
Placebo,27,3862,True,0.0
Placebo,27,4124,True,0.416460690893167
Placebo,27,4218,True,0.2571958802290605
Placebo,27,4268,True,0.7173251213857961
Placebo,27,4452,False,0.0
Placebo,27,4522,True,0.26231625388226365
Placebo,27,4784,True,0.33510281525523516
Placebo,27,5139,True,0.0
Placebo,27,5438,True,0.44087688808943637
Placebo,27,5565,True,0.0
Placebo,27,5684,True,0.11312860846179806
Placebo,27,5775,True,0.21629571830533076
Placebo,27,6110,True,0.1807763377633336
Placebo,27,6488,True,0.05176296879456522
Placebo,27,6590,True,0.20595606939252603
Placebo,27,6793,True,0.6410811757706056
Placebo,27,7090,True,0.13525468614005573
Placebo,27,7112,True,0.16568221480642703
Placebo,27,7167,True,0.5059324046046167
Placebo,27,7287,True,0.5262891946956989
Placebo,27,7370,True,0.2449359014172653
Placebo,27,7547,True,0.0
Placebo,27,7589,True,0.0
Placebo,27,7622,True,0.3572828651724094
Placebo,27,7640,False,0.0
Placebo,27,7757,True,0.07885156139942122
Placebo,27,8162,True,0.5216458352755567
Placebo,27,8508,True,0.0
Placebo,27,8597,True,0.39918190917954516
Placebo,27,8771,True,0.0
Placebo,27,288,True,0.5778965200101622
Placebo,27,635,True,0.28436483341035274
Placebo,27,654,True,0.44529705060801805
Placebo,27,699,True,0.3232922783781677
Placebo,27,743,True,0.49258476752944996
Placebo,27,946,True,0.0
Placebo,27,976,True,0.0
Placebo,27,1144,True,0.549113698741488
Placebo,27,1187,True,0.5654797184349069
Placebo,27,1384,True,0.0
Placebo,27,1415,True,0.2179815594995081
Placebo,27,1443,True,0.5139983766488195
Placebo,27,1629,True,0.21723501891250976
Placebo,27,1684,True,0.18617855151645418
Placebo,27,1802,True,0.0
Placebo,27,1914,True,0.29343648311947607
Placebo,27,2046,True,0.0942363560390881
Placebo,27,2071,True,0.2289598583985898
Placebo,27,2340,True,0.15183849369780056
Placebo,27,2749,True,0.29094930131135627
Placebo,27,3517,True,0.24285787428488625
Placebo,27,3758,True,0.07692266930433801
Placebo,27,4110,True,0.3404855911811574
Placebo,27,4111,True,0.0
Placebo,27,4144,True,0.16443768125168373
Placebo,27,5021,True,0.11002574107570615
Placebo,27,5032,True,0.5060345704318743
Placebo,27,5096,True,0.25838697088589957
Placebo,27,5109,True,0.6506380090340741
Placebo,27,5114,True,0.3511643449202447
Placebo,27,5977,True,0.0
Placebo,27,5984,True,0.43117491310042716
Placebo,27,6353,True,0.5258846392009527
Placebo,27,6373,True,0.0
Placebo,27,6539,True,0.0
Placebo,27,6554,True,0.08949183290884721
Placebo,27,6884,True,0.16716045496620238
Placebo,27,6955,True,0.41549427632013036
Placebo,27,7020,True,0.41827706748098176
Placebo,27,7029,True,0.25713267324237
Placebo,27,7280,True,0.0
Placebo,27,7394,True,0.0
Placebo,27,7795,True,0.4296533139645377
Placebo,27,8108,True,0.06943122193677731
Placebo,27,8560,True,0.21507048875770404
Placebo,27,8632,True,0.3153363342681429
Placebo,27,8657,True,0.27511470787260023
Placebo,27,8777,True,0.6812579370094081
Placebo,27,9151,True,0.06803907609961145
Placebo,27,9609,True,0.23762993127972917
Placebo,28,102,True,0.2978808158594063
Placebo,28,314,True,0.15124372409616116
Placebo,28,1068,True,0.6697897292963443
Placebo,28,1525,True,0.0
Placebo,28,1795,True,0.17398303972369888
Placebo,28,1929,True,0.5712478559824113
Placebo,28,1931,True,0.0
Placebo,28,1991,True,0.395599412122822
Placebo,28,2528,True,0.5745876216835732
Placebo,28,2697,True,0.3826448265169282
Placebo,28,2834,True,0.3923429109231468
Placebo,28,2845,True,0.095790348278947
Placebo,28,3031,True,0.1303318610043796
Placebo,28,3250,True,0.0
Placebo,28,3308,True,0.48135044104792724
Placebo,28,3402,True,0.2261270702596086
Placebo,28,3426,True,0.08813383235058475
Placebo,28,3449,True,0.3851071429784448
Placebo,28,3756,True,0.13207001659250137
Placebo,28,4141,True,0.45322542563200247
Placebo,28,4210,True,0.14363177164446836
Placebo,28,4516,True,0.4429964155380833
Placebo,28,4692,True,0.08889511479483589
Placebo,28,4700,True,0.0
Placebo,28,4910,True,0.0
Placebo,28,4962,True,0.05214426484655786
Placebo,28,5275,True,0.0
Placebo,28,5671,True,0.4360725837321396
Placebo,28,5683,True,0.19212203245541126
Placebo,28,6067,True,0.2157517113108595
Placebo,28,6378,True,0.2569914633376937
Placebo,28,6495,True,0.49397692082409617
Placebo,28,6868,True,0.348175354622542
Placebo,28,6880,True,0.525886395766705
Placebo,28,7144,True,0.3235907178639536
Placebo,28,7413,True,0.510069131458292
Placebo,28,7526,True,0.0
Placebo,28,7531,True,0.17261732769135496
Placebo,28,7577,True,0.07614334071738343
Placebo,28,7621,True,0.03817796803046297
Placebo,28,8198,True,0.11227410436015113
Placebo,28,8442,True,0.0
Placebo,28,8452,True,0.6009249456405624
Placebo,28,8476,True,0.4219647112009185
Placebo,28,8541,True,0.5730899652681641
Placebo,28,8802,True,0.321628817721427
Placebo,28,8816,True,0.2601079933344134
Placebo,28,8852,True,0.29007579773858094
Placebo,28,9099,True,0.0
Placebo,28,9479,True,0.05184819766823354
Placebo,28,9625,False,0.0
Placebo,28,96,True,0.0
Placebo,28,171,True,0.4050507806638713
Placebo,28,328,True,0.16716045496620238
Placebo,28,387,True,0.1306434215403278
Placebo,28,754,False,0.0
Placebo,28,983,True,0.2754178862373529
Placebo,28,1039,True,0.532630819324822
Placebo,28,1098,True,0.29730711617531697
Placebo,28,1120,True,0.45984813221481063
Placebo,28,1275,True,0.3568671001406765
Placebo,28,1343,True,0.1478294909154527
Placebo,28,1483,True,0.2548346710074145
Placebo,28,2005,True,0.1388624438735545
Placebo,28,2048,True,0.36211988486847374
Placebo,28,2379,True,0.5841921975812886
Placebo,28,2516,True,0.15995723877347318
Placebo,28,2601,True,0.2224170622739814
Placebo,28,3210,True,0.1967659075603406
Placebo,28,3601,True,0.30657359638272924
Placebo,28,3729,True,0.1755448316422945
Placebo,28,3832,True,0.11569205465793976
Placebo,28,4104,True,0.2743275260458326
Placebo,28,4286,True,0.1765167074291589
Placebo,28,4329,True,0.21924252788084805
Placebo,28,4553,True,0.2619520326602092
Placebo,28,4790,True,0.29007579773858094
Placebo,28,4844,True,0.19178318368566777
Placebo,28,4994,True,0.047143303742223905
Placebo,28,5020,True,0.4630710614418364
Placebo,28,5293,True,0.18868749062684534
Placebo,28,5338,True,0.5309999066793251
Placebo,28,5343,True,0.11366150026645366
Placebo,28,5464,True,0.0
Placebo,28,5560,True,0.3271253949086847
Placebo,28,5719,True,0.3002608461411545
Placebo,28,6055,True,0.6967791037735752
Placebo,28,6121,True,0.21538297927698716
Placebo,28,6128,True,0.10451934216828074
Placebo,28,6197,True,0.18377702082064434
Placebo,28,6336,True,0.40348192648457876
Placebo,28,6577,True,0.4436109195805369
Placebo,28,6717,True,0.0
Placebo,28,6906,False,0.0
Placebo,28,8550,True,0.0
Placebo,28,8576,True,0.4262025037745714
Placebo,28,8790,False,0.0
Placebo,28,8840,True,0.0
Placebo,28,8878,True,0.7601875334318686
Placebo,28,9337,True,0.12723045879069755
Placebo,28,9501,True,0.3792796677261522
Placebo,28,9512,False,0.0
Placebo,28,45,True,0.14914070248454186
Placebo,28,199,True,0.0
Placebo,28,458,True,0.47877344766814883
Placebo,28,564,True,0.9608008655106622
Placebo,28,717,True,0.06099161925558509
Placebo,28,1109,True,0.4952790954272159
Placebo,28,1576,True,0.22826105502106478
Placebo,28,1711,True,0.0
Placebo,28,1868,False,0.0
Placebo,28,1942,True,0.4362982981322698
Placebo,28,2001,True,0.5224951193580475
Placebo,28,2217,True,0.0
Placebo,28,2354,True,0.1781157943073004
Placebo,28,2761,True,0.22278314027625404
Placebo,28,2980,True,0.14126697285982884
Placebo,28,3021,True,0.0
Placebo,28,3030,True,0.3243991050595312
Placebo,28,3046,True,0.16620032788339142
Placebo,28,3050,True,0.43960195863065626
Placebo,28,3288,True,0.1946959136670223
Placebo,28,3302,True,0.10975131898723874
Placebo,28,3794,True,0.0
Placebo,28,3920,True,0.4837191244747999
Placebo,28,3965,True,0.1545743395783983
Placebo,28,4193,True,0.282846617300228
Placebo,28,4294,True,0.0
Placebo,28,4383,True,0.7245620043861345
Placebo,28,4474,True,0.0
Placebo,28,5068,True,0.3658021540642865
Placebo,28,5258,True,0.0
Placebo,28,5306,True,0.5359514149273288
Placebo,28,5323,True,0.5311068792624751
Placebo,28,5421,True,0.6050755071036293
Placebo,28,5766,True,0.48649610636131724
Placebo,28,5877,True,0.0
Placebo,28,5887,True,0.3141445105145156
Placebo,28,6126,True,0.0
Placebo,28,6190,True,0.5107088138727472
Placebo,28,6224,True,0.28744763646920174
Placebo,28,6465,True,0.0
Placebo,28,6853,True,0.08421358772610599
Placebo,28,6949,True,0.5064791765388459
Placebo,28,7107,True,0.07287507606384232
Placebo,28,7240,False,0.0
Placebo,28,7937,True,0.6917460628485141
Placebo,28,8015,True,0.30897931193952993
Placebo,28,8066,True,0.0
Placebo,28,8202,True,0.28678782699899774
Placebo,28,8321,True,0.4030594824936832
Placebo,28,9222,True,0.0
Placebo,28,9453,True,0.2355180774812637
Placebo,28,73,True,0.04510157879202123
Placebo,28,390,True,0.26674935273784095
Placebo,28,424,True,0.1578427141663394
Placebo,28,715,True,0.3177557947832582
Placebo,28,915,True,0.2960819109658652
Placebo,28,1579,True,0.0
Placebo,28,1643,True,0.0
Placebo,28,1679,True,0.24167898849738204
Placebo,28,1982,True,0.1244541635112973
Placebo,28,2027,True,0.22308296328524319
Placebo,28,2211,True,0.18809346402717642
Placebo,28,2228,True,0.0
Placebo,28,2352,True,0.0
Placebo,28,2520,True,0.22634976243656424
Placebo,28,2573,True,0.20001162415462598
Placebo,28,2630,True,0.49691235814007445
Placebo,28,2666,True,0.31488013066763093
Placebo,28,2745,True,0.0
Placebo,28,3149,True,0.09021836203884567
Placebo,28,3369,True,0.06181086786050318
Placebo,28,3617,True,0.3090575510571917
Placebo,28,3862,True,0.0
Placebo,28,4124,True,0.321516632342666
Placebo,28,4218,True,0.12065389290783829
Placebo,28,4268,True,1.0
Placebo,28,4452,False,0.0
Placebo,28,4522,True,0.14324543733110817
Placebo,28,4784,True,0.28006230334168786
Placebo,28,5139,True,0.5
Placebo,28,5438,True,0.22856577393722105
Placebo,28,5565,True,0.15632357310588854
Placebo,28,5684,True,0.5388895724342864
Placebo,28,5775,True,0.0
Placebo,28,6110,True,0.22205917533139924
Placebo,28,6488,True,0.06927390663210685
Placebo,28,6590,True,0.09092803061897885
Placebo,28,6793,True,0.0
Placebo,28,7090,True,0.0
Placebo,28,7112,True,0.08857376396551764
Placebo,28,7167,True,0.42464032115127587
Placebo,28,7287,True,0.2317232091588953
Placebo,28,7370,True,0.5628760542637775
Placebo,28,7547,True,0.15232257932946244
Placebo,28,7589,True,0.04947575425284123
Placebo,28,7622,True,0.3065400308990955
Placebo,28,7640,False,0.0
Placebo,28,7757,True,0.0
Placebo,28,8162,True,0.47632024506239584
Placebo,28,8508,True,0.2463023887407299
Placebo,28,8597,True,0.3944719697186418
Placebo,28,8771,True,0.0
Placebo,28,288,True,0.7480299924967116
Placebo,28,635,True,0.25301171060916067
Placebo,28,654,True,0.33069862263328986
Placebo,28,699,True,0.3165296392630861
Placebo,28,743,True,0.3138499408889588
Placebo,28,946,True,0.0
Placebo,28,976,True,0.3795837542818478
Placebo,28,1144,True,0.7367469047153908
Placebo,28,1187,True,0.7235065244669788
Placebo,28,1384,True,0.0
Placebo,28,1415,True,0.26247067315099804
Placebo,28,1443,True,0.14982420171299154
Placebo,28,1629,True,0.5615443777322888
Placebo,28,1684,True,0.08953522546122739
Placebo,28,1802,True,0.08496726123024795
Placebo,28,1914,True,0.3638004251074841
Placebo,28,2046,True,0.0
Placebo,28,2071,True,0.10861750945625488
Placebo,28,2340,True,0.4128115977365531
Placebo,28,2749,True,0.2823766190439851
Placebo,28,3517,True,0.4226011358477341
Placebo,28,3758,True,0.16267753596252132
Placebo,28,4110,True,0.21655020859463528
Placebo,28,4111,True,0.0
Placebo,28,4144,True,0.30120432384041906
Placebo,28,5021,True,0.08196346139645697
Placebo,28,5032,True,0.3175301780311219
Placebo,28,5096,True,0.2542809816198248
Placebo,28,5109,True,0.6120027807575878
Placebo,28,5114,True,0.25661045503068414
Placebo,28,5977,True,0.0
Placebo,28,5984,True,0.35790078913136597
Placebo,28,6353,True,0.6613783187785806
Placebo,28,6373,True,0.0
Placebo,28,6539,True,0.0
Placebo,28,6554,True,0.3178503998608671
Placebo,28,6884,True,0.23463936301137828
Placebo,28,6955,True,0.0
Placebo,28,7020,True,0.4512546996258655
Placebo,28,7029,True,0.03668196104968005
Placebo,28,7280,True,0.4462913445893752
Placebo,28,7394,True,0.04992274367141086
Placebo,28,7795,True,0.4783719257426495
Placebo,28,8108,True,0.2489083270225946
Placebo,28,8560,True,0.09644431195773961
Placebo,28,8632,True,0.3888305371926335
Placebo,28,8657,True,0.18844415212771548
Placebo,28,8777,True,0.5881011097154752
Placebo,28,9151,True,0.1655784945960665
Placebo,28,9609,True,0.4600152618311361
Placebo,29,102,True,0.3159851554488254
Placebo,29,314,True,0.24060103684042838
Placebo,29,1068,True,0.41450833004261944
Placebo,29,1525,True,0.049294938975483704
Placebo,29,1795,True,0.12741733550370726
Placebo,29,1929,True,0.30811990215713464
Placebo,29,1931,True,0.0
Placebo,29,1991,True,0.09959151050478184
Placebo,29,2528,True,0.3099552282726022
Placebo,29,2697,True,0.44763606423703844
Placebo,29,2834,True,0.33377531261529914
Placebo,29,2845,True,0.36271007561151714
Placebo,29,3031,True,0.1187478280442827
Placebo,29,3250,True,0.07588109553901774
Placebo,29,3308,True,0.2514255004622523
Placebo,29,3402,True,0.24941715169128123
Placebo,29,3426,True,0.2194442949450201
Placebo,29,3449,True,0.45571832593951783
Placebo,29,3756,True,0.18371776387613295
Placebo,29,4141,True,0.5823411617304162
Placebo,29,4210,True,0.1695964500022472
Placebo,29,4516,True,0.09489593857046195
Placebo,29,4692,True,0.1403860944330722
Placebo,29,4700,True,0.09614715734857844
Placebo,29,4910,True,0.0
Placebo,29,4962,True,0.4509737963519493
Placebo,29,5275,True,0.14074267220463055
Placebo,29,5671,True,0.15561295172050632
Placebo,29,5683,True,0.2832308355716472
Placebo,29,6067,True,0.2692903980978982
Placebo,29,6378,True,0.3736143910939568
Placebo,29,6495,True,0.33809798116967027
Placebo,29,6868,True,0.3135153183993345
Placebo,29,6880,True,0.44291189924898205
Placebo,29,7144,True,0.14387118674281318
Placebo,29,7413,True,0.0
Placebo,29,7526,True,0.0
Placebo,29,7531,True,0.13986217479634805
Placebo,29,7577,True,0.27771993583263754
Placebo,29,7621,True,0.1614129865593096
Placebo,29,8198,True,0.056906557239904024
Placebo,29,8442,True,0.0
Placebo,29,8452,True,0.24598921957599756
Placebo,29,8476,True,0.3421482876976689
Placebo,29,8541,True,0.2969814401852805
Placebo,29,8802,True,0.24868003112365608
Placebo,29,8816,True,0.3937481555797839
Placebo,29,8852,True,0.0
Placebo,29,9099,True,0.10126881987072707
Placebo,29,9479,True,0.14241267643813882
Placebo,29,9625,False,0.0
Placebo,29,96,True,0.18457569677956798
Placebo,29,171,True,0.5924034786640122
Placebo,29,328,True,0.0
Placebo,29,387,True,0.11381311447980796
Placebo,29,754,False,0.0
Placebo,29,983,True,0.5234346946594306
Placebo,29,1039,True,0.15866748750169762
Placebo,29,1098,True,0.11905071058310902
Placebo,29,1120,True,0.4299308587303194
Placebo,29,1275,True,0.41138618354961004
Placebo,29,1343,True,0.15139734109600997
Placebo,29,1483,True,0.2548346710074145
Placebo,29,2005,True,0.18844415212771548
Placebo,29,2048,True,0.22897542175086882
Placebo,29,2379,True,0.4782332756326023
Placebo,29,2516,True,0.11834679260215304
Placebo,29,2601,True,0.5810820381115674
Placebo,29,3210,True,0.16318409938159906
Placebo,29,3601,True,0.0
Placebo,29,3729,True,0.24905271440262913
Placebo,29,3832,True,0.37555602907786056
Placebo,29,4104,True,0.27713522039466565
Placebo,29,4286,True,0.5059127269444841
Placebo,29,4329,True,0.1100458831490401
Placebo,29,4553,True,0.23125300848561312
Placebo,29,4790,True,0.0
Placebo,29,4844,True,0.3391602052736161
Placebo,29,4994,True,0.2909528856853201
Placebo,29,5020,True,0.17078666155541639
Placebo,29,5293,True,0.41804797124381
Placebo,29,5338,True,0.6797965598669315
Placebo,29,5343,True,0.3701683968098015
Placebo,29,5464,True,0.15423215925316422
Placebo,29,5560,True,0.5236050659188611
Placebo,29,5719,True,0.23850498439703857
Placebo,29,6055,True,0.24710725804949873
Placebo,29,6121,True,0.46270962158308365
Placebo,29,6128,True,0.13073820953243148
Placebo,29,6197,True,0.332094547055668
Placebo,29,6336,True,0.4043522046240592
Placebo,29,6577,True,0.23130563028616705
Placebo,29,6717,True,0.0
Placebo,29,6906,False,0.0
Placebo,29,8550,True,0.0
Placebo,29,8576,True,0.7956841162682476
Placebo,29,8790,False,0.0
Placebo,29,8840,True,0.18457569677956798
Placebo,29,8878,True,0.0
Placebo,29,9337,True,0.0
Placebo,29,9501,True,0.49177758690101875
Placebo,29,9512,False,0.0
Placebo,29,45,True,0.08759798016455712
Placebo,29,199,True,0.0
Placebo,29,458,True,0.40954449677397825
Placebo,29,564,True,0.7136540102475308
Placebo,29,717,True,0.1443421150392356
Placebo,29,1109,True,0.552226592700574
Placebo,29,1576,True,0.24835749864125603
Placebo,29,1711,True,0.0
Placebo,29,1868,False,0.0
Placebo,29,1942,True,0.13305201013572893
Placebo,29,2001,True,0.6205075605434737
Placebo,29,2217,True,0.638787886479598
Placebo,29,2354,True,0.4457015990035267
Placebo,29,2761,True,0.06610466247564045
Placebo,29,2980,True,0.0
Placebo,29,3021,True,0.5287841344107569
Placebo,29,3030,True,0.0
Placebo,29,3046,True,0.22139067147092684
Placebo,29,3050,True,0.35343442463478497
Placebo,29,3288,True,0.34752074198479266
Placebo,29,3302,True,0.27053409516741017
Placebo,29,3794,True,0.1013048867789007
Placebo,29,3920,True,0.30527820667189887
Placebo,29,3965,True,0.0733639220993601
Placebo,29,4193,True,0.2070136810387306
Placebo,29,4294,True,0.0
Placebo,29,4383,True,0.3396862483669995
Placebo,29,4474,True,0.0
Placebo,29,5068,True,0.22259399722961878
Placebo,29,5258,True,0.09900715111246396
Placebo,29,5306,True,0.4777805352569854
Placebo,29,5323,True,0.5134137348977276
Placebo,29,5421,True,0.5942220760638578
Placebo,29,5766,True,0.5825292289435144
Placebo,29,5877,True,0.359370092905782
Placebo,29,5887,True,0.09766480928205282
Placebo,29,6126,True,1.0
Placebo,29,6190,True,0.5994130977951762
Placebo,29,6224,True,0.28952298823485745
Placebo,29,6465,True,0.319393943239799
Placebo,29,6853,True,0.08307482999756595
Placebo,29,6949,True,0.5153970126588457
Placebo,29,7107,True,0.07830333259355117
Placebo,29,7240,False,0.0
Placebo,29,7937,True,0.47374615345130217
Placebo,29,8015,True,0.0
Placebo,29,8066,True,0.0
Placebo,29,8202,True,0.4826421933289
Placebo,29,8321,True,0.25086448451472815
Placebo,29,9222,True,0.0
Placebo,29,9453,True,0.48455308127364827
Placebo,29,73,True,0.18044559755853493
Placebo,29,390,True,0.3797188273990948
Placebo,29,424,True,0.14051458075028833
Placebo,29,715,True,0.5177901571664738
Placebo,29,915,True,0.0
Placebo,29,1579,True,0.031162661577979586
Placebo,29,1643,True,0.0
Placebo,29,1679,True,0.6099000339373883
Placebo,29,1982,True,0.20829366581033182
Placebo,29,2027,True,0.3455889313045909
Placebo,29,2211,True,0.1689539010595103
Placebo,29,2228,True,0.08533641898651517
Placebo,29,2352,True,0.0
Placebo,29,2520,True,0.23635739505726444
Placebo,29,2573,True,0.13305201013572898
Placebo,29,2630,True,0.28778382661624335
Placebo,29,2666,True,0.6068117590262694
Placebo,29,2745,True,0.037208292996417355
Placebo,29,3149,True,0.3921720501194719
Placebo,29,3369,True,0.16088167238329784
Placebo,29,3617,True,0.14169830436783476
Placebo,29,3862,True,0.08860866087646532
Placebo,29,4124,True,0.4086845979356787
Placebo,29,4218,True,0.4200701035140834
Placebo,29,4268,True,0.7793668628162973
Placebo,29,4452,False,0.0
Placebo,29,4522,True,0.3438285025941909
Placebo,29,4784,True,0.5430492633562676
Placebo,29,5139,True,0.17723928678404763
Placebo,29,5438,True,0.4537339156282711
Placebo,29,5565,True,0.12929326941735855
Placebo,29,5684,True,0.3790865112425309
Placebo,29,5775,True,0.0
Placebo,29,6110,True,0.0
Placebo,29,6488,True,0.24894382806516446
Placebo,29,6590,True,0.15166831491748423
Placebo,29,6793,True,0.0
Placebo,29,7090,True,0.1716830951068149
Placebo,29,7112,True,0.12092199990360368
Placebo,29,7167,True,0.3741076974415627
Placebo,29,7287,True,0.38758760578872226
Placebo,29,7370,True,0.4537539097947906
Placebo,29,7547,True,0.0
Placebo,29,7589,True,0.0
Placebo,29,7622,True,0.33341718792663116
Placebo,29,7640,False,0.0
Placebo,29,7757,True,0.035427698077529574
Placebo,29,8162,True,0.4325256756717704
Placebo,29,8508,True,0.22074620686839036
Placebo,29,8597,True,0.24262687112818615
Placebo,29,8771,True,0.0
Placebo,29,288,True,0.3725842958641918
Placebo,29,635,True,0.2381989969765828
Placebo,29,654,True,0.19961799344740538
Placebo,29,699,True,0.17897489594999488
Placebo,29,743,True,0.35005421376228935
Placebo,29,946,True,0.0
Placebo,29,976,True,0.0
Placebo,29,1144,True,0.7422176943040572
Placebo,29,1187,True,0.6874782016447157
Placebo,29,1384,True,0.10479062264974968
Placebo,29,1415,True,0.07504331620077577
Placebo,29,1443,True,0.2639691941881319
Placebo,29,1629,True,0.0
Placebo,29,1684,True,0.17114326940953511
Placebo,29,1802,True,0.054446697840052224
Placebo,29,1914,True,0.3074226347716479
Placebo,29,2046,True,0.0
Placebo,29,2071,True,0.5481565095044529
Placebo,29,2340,True,0.24018141317172437
Placebo,29,2749,True,0.4935069296738681
Placebo,29,3517,True,0.4188859918058933
Placebo,29,3758,True,0.05208370671178697
Placebo,29,4110,True,0.3312326185243515
Placebo,29,4111,True,0.0
Placebo,29,4144,True,0.1540551280046201
Placebo,29,5021,True,0.0
Placebo,29,5032,True,0.41922908043309887
Placebo,29,5096,True,0.20413021541210122
Placebo,29,5109,True,0.5381897540910423
Placebo,29,5114,True,0.0
Placebo,29,5977,True,0.0
Placebo,29,5984,True,0.6659513533512514
Placebo,29,6353,True,0.6250720333512774
Placebo,29,6373,True,0.06946837613224666
Placebo,29,6539,True,0.0
Placebo,29,6554,True,0.09057318017929114
Placebo,29,6884,True,0.2183733547559629
Placebo,29,6955,True,0.19719207292785226
Placebo,29,7020,True,0.3806377773768881
Placebo,29,7029,True,0.40634839235641007
Placebo,29,7280,True,0.0
Placebo,29,7394,True,0.2084194701906065
Placebo,29,7795,True,0.4315693267752598
Placebo,29,8108,True,0.20829366581033182
Placebo,29,8560,True,0.3835454401765467
Placebo,29,8632,True,0.4083532282836897
Placebo,29,8657,True,0.10611318298645736
Placebo,29,8777,True,0.4106937991393707
Placebo,29,9151,True,0.6400685220379199
Placebo,29,9609,True,0.2320441768221641
Placebo,30,102,True,0.5557244273103062
Placebo,30,314,True,0.2503754066570501
Placebo,30,1068,True,0.5743819529202864
Placebo,30,1525,True,0.19105429178330713
Placebo,30,1795,True,0.13514112324374386
Placebo,30,1929,True,0.4378619219720667
Placebo,30,1931,True,0.0
Placebo,30,1991,True,0.15435099816955775
Placebo,30,2528,True,0.316205818721598
Placebo,30,2697,True,0.4778642835462276
Placebo,30,2834,True,0.3212345732391268
Placebo,30,2845,True,0.29648769578017176
Placebo,30,3031,True,0.11782820099885981
Placebo,30,3250,True,0.09478836436955075
Placebo,30,3308,True,0.4446429098384452
Placebo,30,3402,True,0.0
Placebo,30,3426,True,0.17967516130626054
Placebo,30,3449,True,0.23487077129648068
Placebo,30,3756,True,0.28262520458322066
Placebo,30,4141,True,0.45607996093787817
Placebo,30,4210,True,0.08606140726870092
Placebo,30,4516,True,0.06760523069231987
Placebo,30,4692,True,0.0
Placebo,30,4700,True,0.1235584435560261
Placebo,30,4910,True,0.0
Placebo,30,4962,True,0.06012983951359326
Placebo,30,5275,True,0.2808626866296012
Placebo,30,5671,True,0.2980814243402838
Placebo,30,5683,True,0.2145806417671647
Placebo,30,6067,True,0.11638343207360721
Placebo,30,6378,True,0.3950081087921768
Placebo,30,6495,True,0.48198792672901797
Placebo,30,6868,True,0.5346915308420895
Placebo,30,6880,True,0.17935159826624056
Placebo,30,7144,True,0.3627264851676083
Placebo,30,7413,True,0.46975579500086934
Placebo,30,7526,True,0.23463936301137828
Placebo,30,7531,True,0.0
Placebo,30,7577,True,0.1879516032875282
Placebo,30,7621,True,0.23386270002036857
Placebo,30,8198,True,0.05851819837674865
Placebo,30,8442,True,0.0
Placebo,30,8452,True,0.6099203887461698
Placebo,30,8476,True,0.18324375578650084
Placebo,30,8541,True,0.3874015952643012
Placebo,30,8802,True,0.23861198484886795
Placebo,30,8816,True,0.2554630985778459
Placebo,30,8852,True,0.26220737388114074
Placebo,30,9099,True,0.04860283695195314
Placebo,30,9479,True,0.04750922006459467
Placebo,30,9625,False,0.0
Placebo,30,96,True,0.30657359638272924
Placebo,30,171,True,0.5840803233490303
Placebo,30,328,True,0.0
Placebo,30,387,True,0.056906557239904024
Placebo,30,754,False,0.0
Placebo,30,983,True,0.17343609351384887
Placebo,30,1039,True,0.2885856792480618
Placebo,30,1098,True,0.1309696353821923
Placebo,30,1120,True,0.022184319553871852
Placebo,30,1275,True,0.46564986333740244
Placebo,30,1343,True,0.0
Placebo,30,1483,True,0.2315847489272812
Placebo,30,2005,True,0.3479118113640809
Placebo,30,2048,True,0.3337754690153262
Placebo,30,2379,True,0.35659544073624266
Placebo,30,2516,True,0.1388624438735545
Placebo,30,2601,True,0.042571558820810505
Placebo,30,3210,True,0.3426305315322219
Placebo,30,3601,True,0.0
Placebo,30,3729,True,0.1079013135953422
Placebo,30,3832,True,0.22036245174089142
Placebo,30,4104,True,0.26132331388929225
Placebo,30,4286,True,0.2946339570063273
Placebo,30,4329,True,0.32227224912195473
Placebo,30,4553,True,0.09900715111246396
Placebo,30,4790,True,0.5143371794949735
Placebo,30,4844,True,0.0
Placebo,30,4994,True,0.16377106110636527
Placebo,30,5020,True,0.25388248577997646
Placebo,30,5293,True,0.25708634497380517
Placebo,30,5338,True,0.36578193461397246
Placebo,30,5343,True,0.1386881873412786
Placebo,30,5464,True,0.19101455918789959
Placebo,30,5560,True,0.2958858052589908
Placebo,30,5719,True,0.042106793863052994
Placebo,30,6055,True,0.29159873176484224
Placebo,30,6121,True,0.30052609691860815
Placebo,30,6128,True,0.25123078701145357
Placebo,30,6197,True,0.06493750582667032
Placebo,30,6336,True,0.3158785164266556
Placebo,30,6577,True,0.5888580949583344
Placebo,30,6717,True,0.0
Placebo,30,6906,False,0.0
Placebo,30,8550,True,0.09614715734857844
Placebo,30,8576,True,0.13422751785877127
Placebo,30,8790,False,0.0
Placebo,30,8840,True,0.30657359638272924
Placebo,30,8878,True,0.0
Placebo,30,9337,True,0.0
Placebo,30,9501,True,0.5731982882087697
Placebo,30,9512,False,0.0
Placebo,30,45,True,0.22032771000131615
Placebo,30,199,True,0.10907458963273317
Placebo,30,458,True,0.32790846766371284
Placebo,30,564,True,0.9260852545422736
Placebo,30,717,True,0.0
Placebo,30,1109,True,0.45905569141746505
Placebo,30,1576,True,0.3983368575859332
Placebo,30,1711,True,0.0
Placebo,30,1868,False,0.0
Placebo,30,1942,True,0.29751551065874066
Placebo,30,2001,True,0.28609277385076665
Placebo,30,2217,True,0.0
Placebo,30,2354,True,0.2624514679141426
Placebo,30,2761,True,0.10934867679127507
Placebo,30,2980,True,0.0
Placebo,30,3021,True,0.22777213644529595
Placebo,30,3030,True,0.0
Placebo,30,3046,True,0.16596225124861355
Placebo,30,3050,True,0.3991966803487779
Placebo,30,3288,True,0.0475448891582404
Placebo,30,3302,True,0.2499563807952442
Placebo,30,3794,True,0.1443421150392356
Placebo,30,3920,True,0.25190216039755603
Placebo,30,3965,True,0.09478836436955075
Placebo,30,4193,True,0.5420474358460424
Placebo,30,4294,True,0.0623995799562533
Placebo,30,4383,True,0.5781487463225198
Placebo,30,4474,True,0.16369747519436972
Placebo,30,5068,True,0.27701150595184354
Placebo,30,5258,True,0.0
Placebo,30,5306,True,0.3965565742781319
Placebo,30,5323,True,0.3369741125822268
Placebo,30,5421,True,0.4593853387877372
Placebo,30,5766,True,0.7358599668149972
Placebo,30,5877,True,0.1278325345019925
Placebo,30,5887,True,0.12347762173452785
Placebo,30,6126,True,0.38685280723454163
Placebo,30,6190,True,0.4466965749821925
Placebo,30,6224,True,0.6440416005684365
Placebo,30,6465,True,0.1596969716198995
Placebo,30,6853,True,0.3750334592866586
Placebo,30,6949,True,0.7024708975035433
Placebo,30,7107,True,0.18429754140534008
Placebo,30,7240,False,0.0
Placebo,30,7937,True,0.3285102655194471
Placebo,30,8015,True,0.29367997453624717
Placebo,30,8066,True,0.0
Placebo,30,8202,True,0.30688874644261127
Placebo,30,8321,True,0.3982325086942774
Placebo,30,9222,True,0.0
Placebo,30,9453,True,0.471600891878916
Placebo,30,73,True,0.10330985802388687
Placebo,30,390,True,0.628397056263038
Placebo,30,424,True,0.010827226711595517
Placebo,30,715,True,0.18001773585502576
Placebo,30,915,True,0.16716045496620238
Placebo,30,1579,True,0.0
Placebo,30,1643,True,0.0
Placebo,30,1679,True,0.2688772544870361
Placebo,30,1982,True,0.18592697868805785
Placebo,30,2027,True,0.1752260211510891
Placebo,30,2211,True,0.2640219994158642
Placebo,30,2228,True,0.15971668287457058
Placebo,30,2352,True,0.0
Placebo,30,2520,True,0.03794054776950887
Placebo,30,2573,True,0.2984900352767556
Placebo,30,2630,True,0.6285598361921492
Placebo,30,2666,True,0.3133526925643672
Placebo,30,2745,True,0.0
Placebo,30,3149,True,0.3102316338129638
Placebo,30,3369,True,0.1643390204563089
Placebo,30,3617,True,0.1938696798544781
Placebo,30,3862,True,0.28220254095856107
Placebo,30,4124,True,0.3118300188740513
Placebo,30,4218,True,0.18164264204274516
Placebo,30,4268,True,0.933745776545611
Placebo,30,4452,False,0.0
Placebo,30,4522,True,0.21673288191707915
Placebo,30,4784,True,0.5247814016543367
Placebo,30,5139,True,0.5640920940185892
Placebo,30,5438,True,0.40463111517623956
Placebo,30,5565,True,0.0
Placebo,30,5684,True,0.14637039866274829
Placebo,30,5775,True,0.09791292534996787
Placebo,30,6110,True,0.11966033675416755
Placebo,30,6488,True,0.052834272929649435
Placebo,30,6590,True,0.1441919667965756
Placebo,30,6793,True,0.15130120674940675
Placebo,30,7090,True,0.19288862391547923
Placebo,30,7112,True,0.0
Placebo,30,7167,True,0.4163570263521707
Placebo,30,7287,True,0.469227281783352
Placebo,30,7370,True,0.517844291257083
Placebo,30,7547,True,0.0
Placebo,30,7589,True,0.10369639533646699
Placebo,30,7622,True,0.24502701364724844
Placebo,30,7640,False,0.0
Placebo,30,7757,True,0.2112125025525118
Placebo,30,8162,True,0.4143876521207559
Placebo,30,8508,True,0.0
Placebo,30,8597,True,0.31066594722779756
Placebo,30,8771,True,0.0
Placebo,30,288,True,0.7914774073259113
Placebo,30,635,True,0.38631872393679406
Placebo,30,654,True,0.0
Placebo,30,699,True,0.08174851216752238
Placebo,30,743,True,0.5033416265947956
Placebo,30,946,True,0.0
Placebo,30,976,True,0.1142660959055822
Placebo,30,1144,True,0.4957601700769405
Placebo,30,1187,True,0.42684809574325977
Placebo,30,1384,True,0.08066284874452295
Placebo,30,1415,True,0.11731285557851136
Placebo,30,1443,True,0.12905154301968988
Placebo,30,1629,True,0.0
Placebo,30,1684,True,0.17471904143480307
Placebo,30,1802,True,0.0
Placebo,30,1914,True,0.415590789712247
Placebo,30,2046,True,0.0
Placebo,30,2071,True,0.040580682004742595
Placebo,30,2340,True,0.10560558580961453
Placebo,30,2749,True,0.3218685031572411
Placebo,30,3517,True,0.7311624781091453
Placebo,30,3758,True,0.08039138809008578
Placebo,30,4110,True,0.2704506862999665
Placebo,30,4111,True,0.0
Placebo,30,4144,True,0.08537007325434669
Placebo,30,5021,True,0.06779095235709008
Placebo,30,5032,True,0.2531061988270246
Placebo,30,5096,True,0.09176419909785702
Placebo,30,5109,True,0.49991861003544447
Placebo,30,5114,True,0.16137966198985823
Placebo,30,5977,True,0.0
Placebo,30,5984,True,0.47650612620983995
Placebo,30,6353,True,0.5154357636559272
Placebo,30,6373,True,0.0
Placebo,30,6539,True,0.0
Placebo,30,6554,True,0.3192648492353054
Placebo,30,6884,True,0.4578752594527592
Placebo,30,6955,True,0.08097835992217972
Placebo,30,7020,True,0.49452774418246237
Placebo,30,7029,True,0.20734460643355254
Placebo,30,7280,True,0.0
Placebo,30,7394,True,0.25488222053685355
Placebo,30,7795,True,0.31765983124672337
Placebo,30,8108,True,0.2786031704094391
Placebo,30,8560,True,0.41161369292021754
Placebo,30,8632,True,0.3587126490052248
Placebo,30,8657,True,0.09676700001863363
Placebo,30,8777,True,0.4670140981774818
Placebo,30,9151,True,0.34663950221363365
Placebo,30,9609,True,0.40307568319373643
Placebo,31,102,True,0.3966096088914428
Placebo,31,314,True,0.36685485087614583
Placebo,31,1068,True,0.2683908865923459
Placebo,31,1525,True,0.10661335274285934
Placebo,31,1795,True,0.29565719482374364
Placebo,31,1929,True,0.21294641536777786
Placebo,31,1931,True,0.0
Placebo,31,1991,True,0.1666047581904272
Placebo,31,2528,True,0.47764715619885273
Placebo,31,2697,True,0.0
Placebo,31,2834,True,0.5603033199283012
Placebo,31,2845,True,0.29015598133482856
Placebo,31,3031,True,0.1574926594682929
Placebo,31,3250,True,0.0
Placebo,31,3308,True,0.17599276937400593
Placebo,31,3402,True,0.1807064720316333
Placebo,31,3426,True,0.0
Placebo,31,3449,True,0.49765785681452174
Placebo,31,3756,True,0.23388508854992815
Placebo,31,4141,True,0.34083022552031406
Placebo,31,4210,True,0.023407995546412274
Placebo,31,4516,True,0.12473827864511097
Placebo,31,4692,True,0.17714752793103516
Placebo,31,4700,True,0.11377041810078817
Placebo,31,4910,True,0.5
Placebo,31,4962,True,0.12669074888309206
Placebo,31,5275,True,0.0
Placebo,31,5671,True,0.25920615225151966
Placebo,31,5683,True,0.09019475927038985
Placebo,31,6067,True,0.3520506193308341
Placebo,31,6378,True,0.6173856799526626
Placebo,31,6495,True,0.521114875160403
Placebo,31,6868,True,0.5083080656595074
Placebo,31,6880,True,0.41638241380547386
Placebo,31,7144,True,0.3568742999607363
Placebo,31,7413,True,0.0
Placebo,31,7526,True,0.0
Placebo,31,7531,True,0.0898682452334257
Placebo,31,7577,True,0.0731168384439099
Placebo,31,7621,True,0.1711492252901927
Placebo,31,8198,True,0.0
Placebo,31,8442,True,0.0
Placebo,31,8452,True,0.7057654421316011
Placebo,31,8476,True,0.44004219150541346
Placebo,31,8541,True,0.34705892313446035
Placebo,31,8802,True,0.4570381838846799
Placebo,31,8816,True,0.5546984954409392
Placebo,31,8852,True,0.13012668333070063
Placebo,31,9099,True,0.04510157879202123
Placebo,31,9479,True,0.0
Placebo,31,9625,False,0.0
Placebo,31,96,True,0.5714285040141095
Placebo,31,171,True,0.38916104856146017
Placebo,31,328,True,0.0
Placebo,31,387,True,0.09019475927038985
Placebo,31,754,False,0.0
Placebo,31,983,True,0.3147383877125498
Placebo,31,1039,True,0.5501430183530085
Placebo,31,1098,True,0.2626843830874124
Placebo,31,1120,True,0.24210395030702317
Placebo,31,1275,True,0.37175567581759744
Placebo,31,1343,True,0.4225749983705864
Placebo,31,1483,True,0.12432109600832429
Placebo,31,2005,True,0.31488013066763093
Placebo,31,2048,True,0.37857676795763384
Placebo,31,2379,True,0.4295579043848243
Placebo,31,2516,True,0.4714208203273207
Placebo,31,2601,True,0.14185627724851593
Placebo,31,3210,True,0.04330890684638207
Placebo,31,3601,True,0.0
Placebo,31,3729,True,0.12217637418940484
Placebo,31,3832,True,0.272676970214174
Placebo,31,4104,True,0.21738969465733093
Placebo,31,4286,True,0.34819852833724557
Placebo,31,4329,True,0.08514311764162101
Placebo,31,4553,True,0.1494380893342537
Placebo,31,4790,True,0.0
Placebo,31,4844,True,0.0
Placebo,31,4994,True,0.1976156093482924
Placebo,31,5020,True,0.2549289089027692
Placebo,31,5293,True,0.32752918409208664
Placebo,31,5338,True,0.7987281000933142
Placebo,31,5343,True,0.2653782954402736
Placebo,31,5464,True,0.33246722933086537
Placebo,31,5560,True,0.3395599347648543
Placebo,31,5719,True,0.32020555223840547
Placebo,31,6055,True,0.1419455799408411
Placebo,31,6121,True,0.21341662919569576
Placebo,31,6128,True,0.36125589781452944
Placebo,31,6197,True,0.2200917662980802
Placebo,31,6336,True,0.31144794235858436
Placebo,31,6577,True,0.456113757800776
Placebo,31,6717,True,0.0
Placebo,31,6906,False,0.0
Placebo,31,8550,True,0.2611139277000314
Placebo,31,8576,True,0.4233117951052935
Placebo,31,8790,False,0.0
Placebo,31,8840,True,0.20438239758848625
Placebo,31,8878,True,0.3542320915145354
Placebo,31,9337,True,0.16719754787302454
Placebo,31,9501,True,0.3782094426734928
Placebo,31,9512,False,0.0
Placebo,31,45,True,0.0
Placebo,31,199,True,0.16493892389185694
Placebo,31,458,True,0.6090183998553701
Placebo,31,564,True,0.9216017310213245
Placebo,31,717,True,0.25566506900398484
Placebo,31,1109,True,0.36757797725594216
Placebo,31,1576,True,0.4175221133408224
Placebo,31,1711,True,0.0
Placebo,31,1868,False,0.0
Placebo,31,1942,True,0.32776097292662437
Placebo,31,2001,True,0.149413309130198
Placebo,31,2217,True,0.0
Placebo,31,2354,True,0.3632647611743148
Placebo,31,2761,True,0.306980546010472
Placebo,31,2980,True,0.0
Placebo,31,3021,True,0.0542557925202587
Placebo,31,3030,True,0.0
Placebo,31,3046,True,0.2943467265611733
Placebo,31,3050,True,0.4155314525526602
Placebo,31,3288,True,0.3761231076713241
Placebo,31,3302,True,0.1120201798687313
Placebo,31,3794,True,0.405717916656598
Placebo,31,3920,True,0.2846514212846533
Placebo,31,3965,True,0.06625422345438896
Placebo,31,4193,True,0.3788748389864685
Placebo,31,4294,True,0.06593397804424998
Placebo,31,4383,True,0.6412973683916179
Placebo,31,4474,True,0.7601875334318686
Placebo,31,5068,True,0.22164418370402486
Placebo,31,5258,True,0.0
Placebo,31,5306,True,0.5739723394665963
Placebo,31,5323,True,0.39617078584172727
Placebo,31,5421,True,0.55502294157452
Placebo,31,5766,True,0.5162815846482293
Placebo,31,5877,True,0.4052195471156028
Placebo,31,5887,True,0.15455931674512685
Placebo,31,6126,True,0.0
Placebo,31,6190,True,0.5319907604385576
Placebo,31,6224,True,0.2450547908933167
Placebo,31,6465,True,0.0
Placebo,31,6853,True,0.0
Placebo,31,6949,True,0.6337256380866445
Placebo,31,7107,True,0.09241278221475722
Placebo,31,7240,False,0.0
Placebo,31,7937,True,0.31430482508777696
Placebo,31,8015,True,0.21689524588991282
Placebo,31,8066,True,0.0
Placebo,31,8202,True,0.3650097216249245
Placebo,31,8321,True,0.26494912998129627
Placebo,31,9222,True,0.0
Placebo,31,9453,True,0.5314781087811561
Placebo,31,73,True,0.17435839604934014
Placebo,31,390,True,0.21968439513946625
Placebo,31,424,True,0.1478606559598591
Placebo,31,715,True,0.3315018327735311
Placebo,31,915,True,0.0
Placebo,31,1579,True,0.0
Placebo,31,1643,True,0.0
Placebo,31,1679,True,0.391218981196465
Placebo,31,1982,True,0.06362078819895167
Placebo,31,2027,True,0.09556982176532462
Placebo,31,2211,True,0.21836974929469327
Placebo,31,2228,True,0.3858930373209064
Placebo,31,2352,True,0.3333333333333335
Placebo,31,2520,True,0.13342121055319545
Placebo,31,2573,True,0.1100458831490401
Placebo,31,2630,True,0.6908338937852632
Placebo,31,2666,True,0.3203722325367626
Placebo,31,2745,True,0.3453102171371412
Placebo,31,3149,True,0.30838804077077825
Placebo,31,3369,True,0.1110550921986622
Placebo,31,3617,True,0.20843599366636947
Placebo,31,3862,True,0.09249801872044959
Placebo,31,4124,True,0.29127989637529805
Placebo,31,4218,True,0.1222260944107594
Placebo,31,4268,True,0.8996972507513682
Placebo,31,4452,False,0.0
Placebo,31,4522,True,0.09382844813642041
Placebo,31,4784,True,0.42018583424019235
Placebo,31,5139,True,0.0
Placebo,31,5438,True,0.10085258110131466
Placebo,31,5565,True,0.14799549788797028
Placebo,31,5684,True,0.3466228255951875
Placebo,31,5775,True,0.13743816645714546
Placebo,31,6110,True,0.049941400570997205
Placebo,31,6488,True,0.0
Placebo,31,6590,True,0.38334277998463445
Placebo,31,6793,True,0.6527851779961892
Placebo,31,7090,True,0.24017213165559562
Placebo,31,7112,True,0.31753362236410737
Placebo,31,7167,True,0.36284170417512324
Placebo,31,7287,True,0.22946762474355528
Placebo,31,7370,True,0.21450039661316975
Placebo,31,7547,True,0.0
Placebo,31,7589,True,0.0
Placebo,31,7622,True,0.39324490958910885
Placebo,31,7640,False,0.0
Placebo,31,7757,True,0.34335844151753947
Placebo,31,8162,True,0.3796498023883322
Placebo,31,8508,True,0.22074620686839036
Placebo,31,8597,True,0.33483723648321206
Placebo,31,8771,True,0.08002159439830046
Placebo,31,288,True,0.5080580048779572
Placebo,31,635,True,0.17233131285655662
Placebo,31,654,True,0.25804649525377377
Placebo,31,699,True,0.30926072490702716
Placebo,31,743,True,0.48289603294610767
Placebo,31,946,True,0.0
Placebo,31,976,True,0.0
Placebo,31,1144,True,0.5309519821604706
Placebo,31,1187,True,0.4970242472236969
Placebo,31,1384,True,0.17334238849102268
Placebo,31,1415,True,0.22508333578026946
Placebo,31,1443,True,0.19492578050501277
Placebo,31,1629,True,0.0
Placebo,31,1684,True,0.1452617850122525
Placebo,31,1802,True,0.15917007559337124
Placebo,31,1914,True,0.21901045820647677
Placebo,31,2046,True,0.0
Placebo,31,2071,True,0.0
Placebo,31,2340,True,0.10306149181636623
Placebo,31,2749,True,0.26636308792175967
Placebo,31,3517,True,0.3250226562346853
Placebo,31,3758,True,0.08039138809008572
Placebo,31,4110,True,0.3468526446948789
Placebo,31,4111,True,0.0
Placebo,31,4144,True,0.39528205060812505
Placebo,31,5021,True,0.46103460935425045
Placebo,31,5032,True,0.41707902191251167
Placebo,31,5096,True,0.207808723593793
Placebo,31,5109,True,0.5000770220534998
Placebo,31,5114,True,0.34411683145789096
Placebo,31,5977,True,0.0
Placebo,31,5984,True,0.4967292851345536
Placebo,31,6353,True,0.602946377093227
Placebo,31,6373,True,0.0
Placebo,31,6539,True,0.0
Placebo,31,6554,True,0.31622050219543363
Placebo,31,6884,True,0.0
Placebo,31,6955,True,0.0
Placebo,31,7020,True,0.6404603955874925
Placebo,31,7029,True,0.20248323207250618
Placebo,31,7280,True,0.38557013193427797
Placebo,31,7394,True,0.05109165667032166
Placebo,31,7795,True,0.27119671675079815
Placebo,31,8108,True,0.0
Placebo,31,8560,True,0.3590617054206391
Placebo,31,8632,True,0.4136382700844498
Placebo,31,8657,True,0.3526290661244766
Placebo,31,8777,True,0.5284869133542424
Placebo,31,9151,True,0.24987721109450692
Placebo,31,9609,True,0.29273430632800823
Placebo,32,102,True,0.32816184689308514
Placebo,32,314,True,0.3117130853906895
Placebo,32,1068,True,0.4575957052331393
Placebo,32,1525,True,0.07996001455714447
Placebo,32,1795,True,0.10206510770605061
Placebo,32,1929,True,0.44814257848463895
Placebo,32,1931,True,0.0
Placebo,32,1991,True,0.5110756034672818
Placebo,32,2528,True,0.34151090058859995
Placebo,32,2697,True,0.6135190912330432
Placebo,32,2834,True,0.41197153367076117
Placebo,32,2845,True,0.2803992148716554
Placebo,32,3031,True,0.17640480272011128
Placebo,32,3250,True,0.07588109553901774
Placebo,32,3308,True,0.6349814352931583
Placebo,32,3402,True,0.23898461699519924
Placebo,32,3426,True,0.3190942041651116
Placebo,32,3449,True,0.213659205586173
Placebo,32,3756,True,0.24333345292846792
Placebo,32,4141,True,0.35814372275148404
Placebo,32,4210,True,0.27852367359660946
Placebo,32,4516,True,0.4961696455151957
Placebo,32,4692,True,0.0
Placebo,32,4700,True,0.2471168871120522
Placebo,32,4910,True,0.0
Placebo,32,4962,True,0.05214426484655786
Placebo,32,5275,True,0.22547820421162457
Placebo,32,5671,True,0.08785941583647715
Placebo,32,5683,True,0.0543026559841585
Placebo,32,6067,True,0.47103225085258055
Placebo,32,6378,True,0.33139597101585594
Placebo,32,6495,True,0.3526290661244766
Placebo,32,6868,True,0.3317349713167089
Placebo,32,6880,True,0.6547216238913564
Placebo,32,7144,True,0.38397186699081554
Placebo,32,7413,True,0.12081212777797648
Placebo,32,7526,True,0.0
Placebo,32,7531,True,0.18608410936518313
Placebo,32,7577,True,0.0731168384439099
Placebo,32,7621,True,0.24931975136728718
Placebo,32,8198,True,0.514462668331112
Placebo,32,8442,True,0.0
Placebo,32,8452,True,0.5585011274110763
Placebo,32,8476,True,0.5611702328141462
Placebo,32,8541,True,0.23941215810846067
Placebo,32,8802,True,0.2619718114829147
Placebo,32,8816,True,0.19952092571148816
Placebo,32,8852,True,0.3903800499921017
Placebo,32,9099,True,0.057959913024345
Placebo,32,9479,True,0.0
Placebo,32,9625,False,0.0
Placebo,32,96,True,0.6131471927654585
Placebo,32,171,True,0.5569505406587301
Placebo,32,328,True,0.0
Placebo,32,387,True,0.16703657489516616
Placebo,32,754,False,0.0
Placebo,32,983,True,0.5956525508383985
Placebo,32,1039,True,0.21484631677898613
Placebo,32,1098,True,0.36491299159227264
Placebo,32,1120,True,0.2922078477530216
Placebo,32,1275,True,0.14505500747961989
Placebo,32,1343,True,0.3055127173604057
Placebo,32,1483,True,0.25319569426236777
Placebo,32,2005,True,0.17788860584462324
Placebo,32,2048,True,0.33721919973371794
Placebo,32,2379,True,0.709779706143931
Placebo,32,2516,True,0.3575928993931178
Placebo,32,2601,True,0.32486858659491724
Placebo,32,3210,True,0.19783840468970493
Placebo,32,3601,True,0.6131471927654585
Placebo,32,3729,True,0.18701145604403488
Placebo,32,3832,True,0.3303064418508144
Placebo,32,4104,True,0.27648007150673765
Placebo,32,4286,True,0.22766276115003745
Placebo,32,4329,True,0.31488013066763093
Placebo,32,4553,True,0.3557804807966296
Placebo,32,4790,True,0.19519002499605084
Placebo,32,4844,True,0.0
Placebo,32,4994,True,0.20692470268586702
Placebo,32,5020,True,0.3464355565318808
Placebo,32,5293,True,0.19237618842756576
Placebo,32,5338,True,0.4619669207609609
Placebo,32,5343,True,0.25911730055245186
Placebo,32,5464,True,0.2394505959167699
Placebo,32,5560,True,0.24372500784726964
Placebo,32,5719,True,0.09606775377360499
Placebo,32,6055,True,0.24065277419044362
Placebo,32,6121,True,0.4841640753631266
Placebo,32,6128,True,0.08657366392743479
Placebo,32,6197,True,0.236785851522743
Placebo,32,6336,True,0.5827628343330967
Placebo,32,6577,True,0.3388866061602152
Placebo,32,6717,True,0.2184074368181643
Placebo,32,6906,False,0.0
Placebo,32,8550,True,0.0
Placebo,32,8576,True,0.4945015833571118
Placebo,32,8790,False,0.0
Placebo,32,8840,True,0.0
Placebo,32,8878,True,0.9502344167898358
Placebo,32,9337,True,0.2720697725900899
Placebo,32,9501,True,0.3393242992763373
Placebo,32,9512,False,0.0
Placebo,32,45,True,0.12402993631885059
Placebo,32,199,True,0.26576541888402916
Placebo,32,458,True,0.4075870724647662
Placebo,32,564,True,0.9350624941733298
Placebo,32,717,True,0.0
Placebo,32,1109,True,0.4502514243046781
Placebo,32,1576,True,0.0
Placebo,32,1711,True,0.0
Placebo,32,1868,False,0.0
Placebo,32,1942,True,0.43515574601259327
Placebo,32,2001,True,0.2718854546807073
Placebo,32,2217,True,0.0
Placebo,32,2354,True,0.50647261183083
Placebo,32,2761,True,0.0
Placebo,32,2980,True,0.0
Placebo,32,3021,True,0.0
Placebo,32,3030,True,0.0
Placebo,32,3046,True,0.3857316254433065
Placebo,32,3050,True,0.25408567563052026
Placebo,32,3288,True,0.25979576018622824
Placebo,32,3302,True,0.3352260590975003
Placebo,32,3794,True,0.07838015967399029
Placebo,32,3920,True,0.526428296954514
Placebo,32,3965,True,0.2959728618370979
Placebo,32,4193,True,0.6808138772561948
Placebo,32,4294,True,0.0
Placebo,32,4383,True,0.5403808130206758
Placebo,32,4474,True,0.32739495038873945
Placebo,32,5068,True,0.12373653594087865
Placebo,32,5258,True,0.08802456291036612
Placebo,32,5306,True,0.7193258720287278
Placebo,32,5323,True,0.6588091716620776
Placebo,32,5421,True,0.46915869313521114
Placebo,32,5766,True,0.5338311661315323
Placebo,32,5877,True,0.1013048867789007
Placebo,32,5887,True,0.3132255774529332
Placebo,32,6126,True,0.0
Placebo,32,6190,True,0.5158453771096171
Placebo,32,6224,True,0.48363556214560927
Placebo,32,6465,True,0.13755548414400526
Placebo,32,6853,True,0.2028621603187209
Placebo,32,6949,True,0.6571697499492113
Placebo,32,7107,True,0.19547736712753744
Placebo,32,7240,False,0.0
Placebo,32,7937,True,0.4472239164805334
Placebo,32,8015,True,0.09791292534996787
Placebo,32,8066,True,0.3391602052736161
Placebo,32,8202,True,0.43775056899026904
Placebo,32,8321,True,0.6227244543654268
Placebo,32,9222,True,0.0
Placebo,32,9453,True,0.3534199084827257
Placebo,32,73,True,0.0984700362449109
Placebo,32,390,True,0.2889486408590725
Placebo,32,424,True,0.11591982604869
Placebo,32,715,True,0.32657334765189105
Placebo,32,915,True,0.2183733547559629
Placebo,32,1579,True,0.0
Placebo,32,1643,True,0.0
Placebo,32,1679,True,0.5204579929835514
Placebo,32,1982,True,0.13961814555374907
Placebo,32,2027,True,0.1705525270337032
Placebo,32,2211,True,0.18809346402717642
Placebo,32,2228,True,0.14016605921614106
Placebo,32,2352,True,0.0
Placebo,32,2520,True,0.3325646642142022
Placebo,32,2573,True,0.18756024140091643
Placebo,32,2630,True,0.716362023109323
Placebo,32,2666,True,0.4173243777335436
Placebo,32,2745,True,0.05184819766823354
Placebo,32,3149,True,0.12801202105653162
Placebo,32,3369,True,0.1725589184990976
Placebo,32,3617,True,0.4758224403106671
Placebo,32,3862,True,0.1677175217132552
Placebo,32,4124,True,0.5640181928048971
Placebo,32,4218,True,0.34957405780069406
Placebo,32,4268,True,0.8919204669322511
Placebo,32,4452,False,0.0
Placebo,32,4522,True,0.20428066137812806
Placebo,32,4784,True,0.38009210346844075
Placebo,32,5139,True,0.0
Placebo,32,5438,True,0.13997005433442877
Placebo,32,5565,True,0.11188521810185739
Placebo,32,5684,True,0.16120313580911666
Placebo,32,5775,True,0.3872360699070873
Placebo,32,6110,True,0.049941400570997205
Placebo,32,6488,True,0.16945472747655166
Placebo,32,6590,True,0.07414861528507459
Placebo,32,6793,True,0.22485174766247457
Placebo,32,7090,True,0.24662568177745797
Placebo,32,7112,True,0.1821644935875658
Placebo,32,7167,True,0.3673613518208182
Placebo,32,7287,True,0.19859609743170087
Placebo,32,7370,True,0.1751011657728819
Placebo,32,7547,True,0.3491966571193544
Placebo,32,7589,True,0.0
Placebo,32,7622,True,0.4560744647079993
Placebo,32,7640,False,0.0
Placebo,32,7757,True,0.3854816550476134
Placebo,32,8162,True,0.6139691308388793
Placebo,32,8508,True,0.12033364956339601
Placebo,32,8597,True,0.14818393196003382
Placebo,32,8771,True,0.0
Placebo,32,288,True,0.5329179217610089
Placebo,32,635,True,0.0543026559841585
Placebo,32,654,True,0.09019475927038985
Placebo,32,699,True,0.36494976813926205
Placebo,32,743,True,0.3195372872431136
Placebo,32,946,True,0.0
Placebo,32,976,True,0.3095372194153113
Placebo,32,1144,True,0.6875171503765305
Placebo,32,1187,True,0.1287675706806227
Placebo,32,1384,True,0.0
Placebo,32,1415,True,0.1661406150271585
Placebo,32,1443,True,0.18905709333163614
Placebo,32,1629,True,0.2807721888661444
Placebo,32,1684,True,0.08953522546122739
Placebo,32,1802,True,0.054446697840052224
Placebo,32,1914,True,0.20443004358576802
Placebo,32,2046,True,0.0
Placebo,32,2071,True,0.22490694523001406
Placebo,32,2340,True,0.23644201540575568
Placebo,32,2749,True,0.3935689558004842
Placebo,32,3517,True,0.3713522734142594
Placebo,32,3758,True,0.3041264249373691
Placebo,32,4110,True,0.2179944981764472
Placebo,32,4111,True,0.09327641815646266
Placebo,32,4144,True,0.29198963124857835
Placebo,32,5021,True,0.12347490489631424
Placebo,32,5032,True,0.4517219318250412
Placebo,32,5096,True,0.3534181788673237
Placebo,32,5109,True,0.48614254299610915
Placebo,32,5114,True,0.1893985761040556
Placebo,32,5977,True,0.0
Placebo,32,5984,True,0.415937639796706
Placebo,32,6353,True,0.6085472774293285
Placebo,32,6373,True,0.21506743233022171
Placebo,32,6539,True,0.6131471927654585
Placebo,32,6554,True,0.3526889901713204
Placebo,32,6884,True,0.0
Placebo,32,6955,True,0.0
Placebo,32,7020,True,0.23284004907502812
Placebo,32,7029,True,0.3075772993678994
Placebo,32,7280,True,0.2841099920343225
Placebo,32,7394,True,0.06265341172228864
Placebo,32,7795,True,0.3245923575431309
Placebo,32,8108,True,0.0
Placebo,32,8560,True,0.23613589470783772
Placebo,32,8632,True,0.3642157455136273
Placebo,32,8657,True,0.18844415212771548
Placebo,32,8777,True,0.5532971473921312
Placebo,32,9151,True,0.3724113665134672
Placebo,32,9609,True,0.2958901629613785
Placebo,33,102,True,0.30252101423235844
Placebo,33,314,True,0.6053557237696877
Placebo,33,1068,True,0.38627088816100363
Placebo,33,1525,True,0.18085831911736305
Placebo,33,1795,True,0.30118915327508056
Placebo,33,1929,True,0.6518406118699662
Placebo,33,1931,True,0.0
Placebo,33,1991,True,0.3448287305035283
Placebo,33,2528,True,0.47556944724204614
Placebo,33,2697,True,0.18316167326282295
Placebo,33,2834,True,0.44333434323987764
Placebo,33,2845,True,0.060614569639142066
Placebo,33,3031,True,0.25085720679973433
Placebo,33,3250,True,0.0
Placebo,33,3308,True,0.23187096184034114
Placebo,33,3402,True,0.10522418635725407
Placebo,33,3426,True,0.1626569995734345
Placebo,33,3449,True,0.24008420550759466
Placebo,33,3756,True,0.10878180427932295
Placebo,33,4141,True,0.3222620565327969
Placebo,33,4210,True,0.32921534384878504
Placebo,33,4516,True,0.10085259846342316
Placebo,33,4692,True,0.0
Placebo,33,4700,True,0.3082095530152217
Placebo,33,4910,True,0.0
Placebo,33,4962,True,0.1419455799408411
Placebo,33,5275,True,0.40976708067016515
Placebo,33,5671,True,0.16577377545790425
Placebo,33,5683,True,0.19448328896350559
Placebo,33,6067,True,0.35454750960629
Placebo,33,6378,True,0.5392088039793533
Placebo,33,6495,True,0.29358066050256304
Placebo,33,6868,True,0.358793174291301
Placebo,33,6880,True,0.2784805894273036
Placebo,33,7144,True,0.1534228582021592
Placebo,33,7413,True,0.09478836436955075
Placebo,33,7526,True,0.0
Placebo,33,7531,True,0.1499005887003118
Placebo,33,7577,True,0.24679619857902307
Placebo,33,7621,True,0.05068557714602342
Placebo,33,8198,True,0.1340402346263696
Placebo,33,8442,True,0.6309297535714573
Placebo,33,8452,True,0.4733234154204573
Placebo,33,8476,True,0.248430970064323
Placebo,33,8541,True,0.314873316142935
Placebo,33,8802,True,0.13325941972713806
Placebo,33,8816,True,0.38200900341766975
Placebo,33,8852,True,0.1681275362711174
Placebo,33,9099,True,0.1970884750459006
Placebo,33,9479,True,0.10369639533646707
Placebo,33,9625,False,0.0
Placebo,33,96,True,0.0
Placebo,33,171,True,0.2524401532187167
Placebo,33,328,True,0.0
Placebo,33,387,True,0.0776895369576595
Placebo,33,754,False,0.0
Placebo,33,983,True,0.6675967393571419
Placebo,33,1039,True,0.5715861568336382
Placebo,33,1098,True,0.2538513748291781
Placebo,33,1120,True,0.2593280357359522
Placebo,33,1275,True,0.29806570912194486
Placebo,33,1343,True,0.07896843623988549
Placebo,33,1483,True,0.3822520065111218
Placebo,33,2005,True,0.07588109553901774
Placebo,33,2048,True,0.088798739491056
Placebo,33,2379,True,0.5510411020154273
Placebo,33,2516,True,0.2766021720873373
Placebo,33,2601,True,0.1498113059440708
Placebo,33,3210,True,0.3888226956156249
Placebo,33,3601,True,0.0
Placebo,33,3729,True,0.107834678356227
Placebo,33,3832,True,0.3284907541469431
Placebo,33,4104,True,0.3068297284857158
Placebo,33,4286,True,0.24541879197827385
Placebo,33,4329,True,0.4440973278132557
Placebo,33,4553,True,0.19267451572200064
Placebo,33,4790,True,0.12315119437036504
Placebo,33,4844,True,0.0
Placebo,33,4994,True,0.15939153273341675
Placebo,33,5020,True,0.3713974085153385
Placebo,33,5293,True,0.3778561897655222
Placebo,33,5338,True,0.5347064236467381
Placebo,33,5343,True,0.352028387253036
Placebo,33,5464,True,0.2698836372215157
Placebo,33,5560,True,0.478284038992116
Placebo,33,5719,True,0.12086992363525312
Placebo,33,6055,True,0.34696627888508935
Placebo,33,6121,True,0.47087753705328733
Placebo,33,6128,True,0.0
Placebo,33,6197,True,0.23009791310394392
Placebo,33,6336,True,0.46252038206737495
Placebo,33,6577,True,0.40718245112718543
Placebo,33,6717,True,0.0
Placebo,33,6906,False,0.0
Placebo,33,8550,True,0.0
Placebo,33,8576,True,0.6214990811334173
Placebo,33,8790,False,0.0
Placebo,33,8840,True,0.0
Placebo,33,8878,True,0.1353921314791758
Placebo,33,9337,True,0.08813383235058475
Placebo,33,9501,True,0.6882104815837164
Placebo,33,9512,False,0.0
Placebo,33,45,True,0.10889339568010445
Placebo,33,199,True,0.24710905809480624
Placebo,33,458,True,0.5864242591193256
Placebo,33,564,True,0.914856882358379
Placebo,33,717,True,0.0
Placebo,33,1109,True,0.5173677131755782
Placebo,33,1576,True,0.10934867679127507
Placebo,33,1711,True,0.0
Placebo,33,1868,False,0.0
Placebo,33,1942,True,0.20759143995813137
Placebo,33,2001,True,0.13318507347192182
Placebo,33,2217,True,0.0
Placebo,33,2354,True,0.1753004709598701
Placebo,33,2761,True,0.0
Placebo,33,2980,True,0.2960819109658652
Placebo,33,3021,True,0.06975096265942549
Placebo,33,3030,True,0.0
Placebo,33,3046,True,0.4943759631665328
Placebo,33,3050,True,0.512995095410885
Placebo,33,3288,True,0.3142150178766881
Placebo,33,3302,True,0.14410005584193936
Placebo,33,3794,True,0.12783253450199242
Placebo,33,3920,True,0.3038377318600771
Placebo,33,3965,True,0.5388459957466281
Placebo,33,4193,True,0.5054788173768355
Placebo,33,4294,True,0.0
Placebo,33,4383,True,0.4423596009529285
Placebo,33,4474,True,0.7601875334318686
Placebo,33,5068,True,0.321830180794004
Placebo,33,5258,True,0.29991274779800176
Placebo,33,5306,True,0.28347253549714907
Placebo,33,5323,True,0.3848024040789509
Placebo,33,5421,True,0.6611361245609773
Placebo,33,5766,True,0.6818883049261031
Placebo,33,5877,True,0.06572642921846504
Placebo,33,5887,True,0.3268090078718736
Placebo,33,6126,True,0.28906482631788766
Placebo,33,6190,True,0.40235148339225874
Placebo,33,6224,True,0.23365080824310527
Placebo,33,6465,True,0.0
Placebo,33,6853,True,0.19096009523879817
Placebo,33,6949,True,0.6640146437055199
Placebo,33,7107,True,0.04727222818394344
Placebo,33,7240,False,0.0
Placebo,33,7937,True,0.3845727034707216
Placebo,33,8015,True,0.30689801625658514
Placebo,33,8066,True,0.0
Placebo,33,8202,True,0.2621807591888651
Placebo,33,8321,True,0.30784432369779585
Placebo,33,9222,True,0.0
Placebo,33,9453,True,0.4038210263275946
Placebo,33,73,True,0.404486736432746
Placebo,33,390,True,0.41283758282420985
Placebo,33,424,True,0.30307546030787563
Placebo,33,715,True,0.32815165430392734
Placebo,33,915,True,0.0
Placebo,33,1579,True,0.0
Placebo,33,1643,True,0.0
Placebo,33,1679,True,0.3880074118315701
Placebo,33,1982,True,0.2897748887949223
Placebo,33,2027,True,0.3341305623108959
Placebo,33,2211,True,0.18809346402717642
Placebo,33,2228,True,0.12286566427010319
Placebo,33,2352,True,0.0
Placebo,33,2520,True,0.17357805484194316
Placebo,33,2573,True,0.20827328063201603
Placebo,33,2630,True,0.447852571332731
Placebo,33,2666,True,0.5403874727495857
Placebo,33,2745,True,0.167277549036919
Placebo,33,3149,True,0.31654086422674366
Placebo,33,3369,True,0.29438675280732407
Placebo,33,3617,True,0.262156931563516
Placebo,33,3862,True,0.0
Placebo,33,4124,True,0.4826298306701816
Placebo,33,4218,True,0.15423215925316427
Placebo,33,4268,True,0.8415908474314976
Placebo,33,4452,False,0.0
Placebo,33,4522,True,0.13619621413991742
Placebo,33,4784,True,0.5011660552502986
Placebo,33,5139,True,0.3868528072345415
Placebo,33,5438,True,0.3213446033333253
Placebo,33,5565,True,0.0
Placebo,33,5684,True,0.25765888006921855
Placebo,33,5775,True,0.3665017772190546
Placebo,33,6110,True,0.049941400570997205
Placebo,33,6488,True,0.0
Placebo,33,6590,True,0.07834851647149517
Placebo,33,6793,True,0.09109240322345795
Placebo,33,7090,True,0.11463133603590414
Placebo,33,7112,True,0.4211582832992166
Placebo,33,7167,True,0.3948045415745868
Placebo,33,7287,True,0.11364840563916434
Placebo,33,7370,True,0.16855968950301867
Placebo,33,7547,True,0.0
Placebo,33,7589,True,0.05854439592831935
Placebo,33,7622,True,0.1199396507107809
Placebo,33,7640,False,0.0
Placebo,33,7757,True,0.06803907609961145
Placebo,33,8162,True,0.3712895014304308
Placebo,33,8508,True,0.0
Placebo,33,8597,True,0.396567589603736
Placebo,33,8771,True,0.0
Placebo,33,288,True,0.7040604265196556
Placebo,33,635,True,0.46568262361288
Placebo,33,654,True,0.30753947536755777
Placebo,33,699,True,0.15506844146326054
Placebo,33,743,True,0.6348006340263337
Placebo,33,946,True,0.0
Placebo,33,976,True,0.0
Placebo,33,1144,True,0.7675673384474111
Placebo,33,1187,True,0.37760174843839506
Placebo,33,1384,True,0.2787133059331433
Placebo,33,1415,True,0.3016352994234897
Placebo,33,1443,True,0.3712415968576117
Placebo,33,1629,True,0.0
Placebo,33,1684,True,0.1793353320290708
Placebo,33,1802,True,0.14074267220463055
Placebo,33,1914,True,0.33607021545501997
Placebo,33,2046,True,0.2751109682880105
Placebo,33,2071,True,0.4498138904600281
Placebo,33,2340,True,0.32218465157906345
Placebo,33,2749,True,0.22189718142943018
Placebo,33,3517,True,0.49972968461539585
Placebo,33,3758,True,0.05487565949361937
Placebo,33,4110,True,0.18386529157269196
Placebo,33,4111,True,0.0
Placebo,33,4144,True,0.1422608017510935
Placebo,33,5021,True,0.1200743006121955
Placebo,33,5032,True,0.369107154995793
Placebo,33,5096,True,0.2156584356737908
Placebo,33,5109,True,0.31950145683090836
Placebo,33,5114,True,0.22265640117973656
Placebo,33,5977,True,0.0
Placebo,33,5984,True,0.22683616136837856
Placebo,33,6353,True,0.6331898419759433
Placebo,33,6373,True,0.04662632247987719
Placebo,33,6539,True,0.0
Placebo,33,6554,True,0.1484114368159081
Placebo,33,6884,True,0.16716045496620238
Placebo,33,6955,True,0.2077080412493233
Placebo,33,7020,True,0.4856839859561798
Placebo,33,7029,True,0.23527805848138092
Placebo,33,7280,True,0.25333292288842746
Placebo,33,7394,True,0.44055242469246064
Placebo,33,7795,True,0.3864410018148877
Placebo,33,8108,True,0.13568544539116625
Placebo,33,8560,True,0.2782758170835924
Placebo,33,8632,True,0.2360047963163277
Placebo,33,8657,True,0.2959728618370979
Placebo,33,8777,True,0.5713975720180686
Placebo,33,9151,True,0.4027885390598874
Placebo,33,9609,True,0.29440376536047874
Placebo,34,102,True,0.6261388242877293
Placebo,34,314,True,0.288188310128789
Placebo,34,1068,True,0.46967329279470615
Placebo,34,1525,True,0.0
Placebo,34,1795,True,0.4363555432153338
Placebo,34,1929,True,0.4606022653589203
Placebo,34,1931,True,0.0
Placebo,34,1991,True,0.23867625882320503
Placebo,34,2528,True,0.1378374535122002
Placebo,34,2697,True,0.273006059613152
Placebo,34,2834,True,0.3544931998482136
Placebo,34,2845,True,0.2400599011746574
Placebo,34,3031,True,0.12574744662632129
Placebo,34,3250,True,0.34669052476710677
Placebo,34,3308,True,0.3826979359431436
Placebo,34,3402,True,0.19439797472363704
Placebo,34,3426,True,0.0
Placebo,34,3449,True,0.32753872957409874
Placebo,34,3756,True,0.2626110440200294
Placebo,34,4141,True,0.7045549676156958
Placebo,34,4210,True,0.42216120697087317
Placebo,34,4516,True,0.22061087274747385
Placebo,34,4692,True,0.3986949863735926
Placebo,34,4700,True,0.0
Placebo,34,4910,True,0.0
Placebo,34,4962,True,0.12714995682677807
Placebo,34,5275,True,0.0970477754402881
Placebo,34,5671,True,0.12577835875866042
Placebo,34,5683,True,0.2501737101839677
Placebo,34,6067,True,0.3587904051313182
Placebo,34,6378,True,0.3342714839231069
Placebo,34,6495,True,0.6010144275735758
Placebo,34,6868,True,0.47085777951905033
Placebo,34,6880,True,0.17318663334822615
Placebo,34,7144,True,0.26447457660939233
Placebo,34,7413,True,0.1545743395783983
Placebo,34,7526,True,0.2960819109658652
Placebo,34,7531,True,0.16018443043593536
Placebo,34,7577,True,0.17096843307907034
Placebo,34,7621,True,0.19058985167506326
Placebo,34,8198,True,0.47227179048357726
Placebo,34,8442,True,0.0
Placebo,34,8452,True,0.2440800952721686
Placebo,34,8476,True,0.3447486714078991
Placebo,34,8541,True,0.2688723776711354
Placebo,34,8802,True,0.1916004753805994
Placebo,34,8816,True,0.0
Placebo,34,8852,True,0.5585075862632191
Placebo,34,9099,True,0.06452577150984494
Placebo,34,9479,True,0.10663316369098569
Placebo,34,9625,False,0.0
Placebo,34,96,True,0.18457569677956798
Placebo,34,171,True,0.7125523635307982
Placebo,34,328,True,0.0
Placebo,34,387,True,0.0
Placebo,34,754,False,0.0
Placebo,34,983,True,0.36910734230716963
Placebo,34,1039,True,0.25492879058814055
Placebo,34,1098,True,0.36761713587461076
Placebo,34,1120,True,0.15151591851844678
Placebo,34,1275,True,0.28006031529540465
Placebo,34,1343,True,0.16263108706513388
Placebo,34,1483,True,0.038356439954196984
Placebo,34,2005,True,0.17366667134799177
Placebo,34,2048,True,0.17353427149804995
Placebo,34,2379,True,0.440813791735758
Placebo,34,2516,True,0.35686235327076654
Placebo,34,2601,True,0.641446663794826
Placebo,34,3210,True,0.21044837271450814
Placebo,34,3601,True,0.08861964339202381
Placebo,34,3729,True,0.1461834756777615
Placebo,34,3832,True,0.29109184241415004
Placebo,34,4104,True,0.2979448905531297
Placebo,34,4286,True,0.42901026796343805
Placebo,34,4329,True,0.3836331529183766
Placebo,34,4553,True,0.17790012980966755
Placebo,34,4790,True,0.1681275362711174
Placebo,34,4844,True,0.5531464700081437
Placebo,34,4994,True,0.061271655760689846
Placebo,34,5020,True,0.5140071581138084
Placebo,34,5293,True,0.4969658182350587
Placebo,34,5338,True,0.5602842587352016
Placebo,34,5343,True,0.31493257289635535
Placebo,34,5464,True,0.2181334519222386
Placebo,34,5560,True,0.48264118189895805
Placebo,34,5719,True,0.15140957480454845
Placebo,34,6055,True,0.594756106544517
Placebo,34,6121,True,0.4114323665866883
Placebo,34,6128,True,0.32584972451162314
Placebo,34,6197,True,0.2114502791144043
Placebo,34,6336,True,0.2805174531192691
Placebo,34,6577,True,0.5910023041734092
Placebo,34,6717,True,0.0
Placebo,34,6906,False,0.0
Placebo,34,8550,True,0.0
Placebo,34,8576,True,0.5417041903773043
Placebo,34,8790,False,0.0
Placebo,34,8840,True,0.3868528072345415
Placebo,34,8878,True,0.0
Placebo,34,9337,True,0.16021130921247506
Placebo,34,9501,True,0.38180883045260144
Placebo,34,9512,False,0.0
Placebo,34,45,True,0.15514749075674797
Placebo,34,199,True,0.0
Placebo,34,458,True,0.36555056603672037
Placebo,34,564,True,0.6707115889701117
Placebo,34,717,True,0.06099161925558509
Placebo,34,1109,True,0.6064527837205284
Placebo,34,1576,True,0.3556283789656594
Placebo,34,1711,True,0.0
Placebo,34,1868,False,0.0
Placebo,34,1942,True,0.5257391733874456
Placebo,34,2001,True,0.4504223380142163
Placebo,34,2217,True,0.0
Placebo,34,2354,True,0.26303172348624426
Placebo,34,2761,True,0.294209625257459
Placebo,34,2980,True,0.0
Placebo,34,3021,True,0.34094469708509156
Placebo,34,3030,True,0.0
Placebo,34,3046,True,0.36932093473827793
Placebo,34,3050,True,0.37686446135899787
Placebo,34,3288,True,0.46073121928222016
Placebo,34,3302,True,0.1991392161343684
Placebo,34,3794,True,0.12198323851117018
Placebo,34,3920,True,0.3667803203729971
Placebo,34,3965,True,0.0
Placebo,34,4193,True,0.26248557292478064
Placebo,34,4294,True,0.04855631116637259
Placebo,34,4383,True,0.3659557927209515
Placebo,34,4474,True,0.0
Placebo,34,5068,True,0.0
Placebo,34,5258,True,0.13893229086313383
Placebo,34,5306,True,0.41325919579553433
Placebo,34,5323,True,0.35612975417929876
Placebo,34,5421,True,0.5579281584434329
Placebo,34,5766,True,0.5739032469706379
Placebo,34,5877,True,0.05856735900379242
Placebo,34,5887,True,0.08467188550601377
Placebo,34,6126,True,0.35620718710802235
Placebo,34,6190,True,0.5946101194931128
Placebo,34,6224,True,0.12987501165334064
Placebo,34,6465,True,0.21292929549319944
Placebo,34,6853,True,0.07876312977220012
Placebo,34,6949,True,0.3950506970461208
Placebo,34,7107,True,0.10440444345806826
Placebo,34,7240,False,0.0
Placebo,34,7937,True,0.6606558148132853
Placebo,34,8015,True,0.0
Placebo,34,8066,True,0.0
Placebo,34,8202,True,0.43938614958255645
Placebo,34,8321,True,0.19135801941925906
Placebo,34,9222,True,0.0
Placebo,34,9453,True,0.4272857103542127
Placebo,34,73,True,0.21670492085522292
Placebo,34,390,True,0.5581105834344455
Placebo,34,424,True,0.13159852359379046
Placebo,34,715,True,0.3807143406102256
Placebo,34,915,True,0.2960819109658652
Placebo,34,1579,True,0.35164507986255755
Placebo,34,1643,True,0.12092199990360368
Placebo,34,1679,True,0.5428951937164996
Placebo,34,1982,True,0.0
Placebo,34,2027,True,0.3932376617790575
Placebo,34,2211,True,0.21836974929469327
Placebo,34,2228,True,0.2416823665618439
Placebo,34,2352,True,0.0
Placebo,34,2520,True,0.13698471029831177
Placebo,34,2573,True,0.2758471541718663
Placebo,34,2630,True,0.42706287232697654
Placebo,34,2666,True,0.2860866105884587
Placebo,34,2745,True,0.20739279067293398
Placebo,34,3149,True,0.2601835506039636
Placebo,34,3369,True,0.23527559332223644
Placebo,34,3617,True,0.10691778193885865
Placebo,34,3862,True,0.0
Placebo,34,4124,True,0.4496056327298557
Placebo,34,4218,True,0.15888041678720025
Placebo,34,4268,True,0.8643145546088338
Placebo,34,4452,False,0.0
Placebo,34,4522,True,0.13139697024683566
Placebo,34,4784,True,0.25704441279057155
Placebo,34,5139,True,0.0
Placebo,34,5438,True,0.4424591326624451
Placebo,34,5565,True,0.0
Placebo,34,5684,True,0.24725149565606766
Placebo,34,5775,True,0.3445101807257705
Placebo,34,6110,True,0.1079013135953422
Placebo,34,6488,True,0.1950382510004308
Placebo,34,6590,True,0.06794340091829071
Placebo,34,6793,True,0.35455079436338505
Placebo,34,7090,True,0.08148406294050631
Placebo,34,7112,True,0.0
Placebo,34,7167,True,0.404245248215547
Placebo,34,7287,True,0.40948343563604783
Placebo,34,7370,True,0.1222260944107594
Placebo,34,7547,True,0.24842742676916887
Placebo,34,7589,True,0.05478496602275216
Placebo,34,7622,True,0.4151415792656296
Placebo,34,7640,False,0.0
Placebo,34,7757,True,0.0
Placebo,34,8162,True,0.546218674461733
Placebo,34,8508,True,0.0
Placebo,34,8597,True,0.1828675184500999
Placebo,34,8771,True,0.1677175217132552
Placebo,34,288,True,0.3166770174527643
Placebo,34,635,True,0.29641056214852696
Placebo,34,654,True,0.056906557239904024
Placebo,34,699,True,0.19957671316638217
Placebo,34,743,True,0.123253482889234
Placebo,34,946,True,0.0
Placebo,34,976,True,0.18300930132136217
Placebo,34,1144,True,0.49649965151969666
Placebo,34,1187,True,0.34301563292476733
Placebo,34,1384,True,0.06705798960049263
Placebo,34,1415,True,0.20604897432243235
Placebo,34,1443,True,0.18905709333163614
Placebo,34,1629,True,0.0
Placebo,34,1684,True,0.35814090184490954
Placebo,34,1802,True,0.17351926388434918
Placebo,34,1914,True,0.42935030260704504
Placebo,34,2046,True,0.0
Placebo,34,2071,True,0.09359072962204817
Placebo,34,2340,True,0.051654929011943435
Placebo,34,2749,True,0.5492164771124504
Placebo,34,3517,True,0.5989112180230491
Placebo,34,3758,True,0.15513828965581344
Placebo,34,4110,True,0.3510321360572511
Placebo,34,4111,True,0.107789154524511
Placebo,34,4144,True,0.33865926704838095
Placebo,34,5021,True,0.06343775459021646
Placebo,34,5032,True,0.3869759637917175
Placebo,34,5096,True,0.33566355612951393
Placebo,34,5109,True,0.3967430902962162
Placebo,34,5114,True,0.0950897783164808
Placebo,34,5977,True,0.0
Placebo,34,5984,True,0.20787284213109908
Placebo,34,6353,True,0.600761306288561
Placebo,34,6373,True,0.0
Placebo,34,6539,True,0.0
Placebo,34,6554,True,0.2616142465557455
Placebo,34,6884,True,0.16716045496620238
Placebo,34,6955,True,0.12530682344457728
Placebo,34,7020,True,0.3642157455136273
Placebo,34,7029,True,0.1100458831490401
Placebo,34,7280,True,0.0
Placebo,34,7394,True,0.2043666266812865
Placebo,34,7795,True,0.5149405593841225
Placebo,34,8108,True,0.07839826897867538
Placebo,34,8560,True,0.3708716614499644
Placebo,34,8632,True,0.36137493717828056
Placebo,34,8657,True,0.0
Placebo,34,8777,True,0.6009831169417408
Placebo,34,9151,True,0.1086766579876462
Placebo,34,9609,True,0.1352166772139528
Placebo,35,102,True,0.45339328210901175
Placebo,35,314,True,0.24247434125282635
Placebo,35,1068,True,0.6226253735222939
Placebo,35,1525,True,0.10661335274285934
Placebo,35,1795,True,0.23441705969910073
Placebo,35,1929,True,0.3942256507963401
Placebo,35,1931,True,0.0
Placebo,35,1991,True,0.2669507571941387
Placebo,35,2528,True,0.33567585820190504
Placebo,35,2697,True,0.2477846695997167
Placebo,35,2834,True,0.27346996991193484
Placebo,35,2845,True,0.07037133610231527
Placebo,35,3031,True,0.3385780816301862
Placebo,35,3250,True,0.0
Placebo,35,3308,True,0.19120735704183897
Placebo,35,3402,True,0.39417695009180115
Placebo,35,3426,True,0.0
Placebo,35,3449,True,0.36344100947032415
Placebo,35,3756,True,0.12744111026842678
Placebo,35,4141,True,0.3950167592148076
Placebo,35,4210,True,0.10218331334064325
Placebo,35,4516,True,0.0
Placebo,35,4692,True,0.08116136400948519
Placebo,35,4700,True,0.319393943239799
Placebo,35,4910,True,0.0
Placebo,35,4962,True,0.16788429622804935
Placebo,35,5275,True,0.0
Placebo,35,5671,True,0.27443191684631896
Placebo,35,5683,True,0.056906557239904024
Placebo,35,6067,True,0.36045214104876716
Placebo,35,6378,True,0.4067383607481984
Placebo,35,6495,True,0.49293151644136535
Placebo,35,6868,True,0.3502602291407528
Placebo,35,6880,True,0.4503505051478111
Placebo,35,7144,True,0.37027152141988373
Placebo,35,7413,True,0.318156383851945
Placebo,35,7526,True,0.0
Placebo,35,7531,True,0.10004876742114935
Placebo,35,7577,True,0.16045757497326918
Placebo,35,7621,True,0.31736865282264515
Placebo,35,8198,True,0.11855869896734009
Placebo,35,8442,True,0.0
Placebo,35,8452,True,0.48259409014617133
Placebo,35,8476,True,0.416357826758426
Placebo,35,8541,True,0.22831611251785558
Placebo,35,8802,True,0.18142642830097747
Placebo,35,8816,True,0.7663892957335373
Placebo,35,8852,True,0.3342462045068265
Placebo,35,9099,True,0.14982420171299154
Placebo,35,9479,True,0.06358115370045193
Placebo,35,9625,False,0.0
Placebo,35,96,True,0.08861964339202381
Placebo,35,171,True,0.6816834741669915
Placebo,35,328,True,0.0
Placebo,35,387,True,0.0
Placebo,35,754,False,0.0
Placebo,35,983,True,0.34040204444493943
Placebo,35,1039,True,0.4010897229368019
Placebo,35,1098,True,0.3058394707250082
Placebo,35,1120,True,0.153490273005236
Placebo,35,1275,True,0.17722833913096395
Placebo,35,1343,True,0.2784805894273036
Placebo,35,1483,True,0.0793043151251696
Placebo,35,2005,True,0.13961814555374907
Placebo,35,2048,True,0.45536720974219197
Placebo,35,2379,True,0.32086199475719845
Placebo,35,2516,True,0.3217877592596877
Placebo,35,2601,True,0.31280815696643705
Placebo,35,3210,True,0.2990066232392041
Placebo,35,3601,True,0.26406812257259077
Placebo,35,3729,True,0.11070869757231008
Placebo,35,3832,True,0.2860446649976291
Placebo,35,4104,True,0.1596957032152553
Placebo,35,4286,True,0.321820602817126
Placebo,35,4329,True,0.15840915256850244
Placebo,35,4553,True,0.08879873949105595
Placebo,35,4790,True,0.0
Placebo,35,4844,True,0.0
Placebo,35,4994,True,0.11156883937733114
Placebo,35,5020,True,0.5439356086957834
Placebo,35,5293,True,0.22326108937561395
Placebo,35,5338,True,0.6126274651222638
Placebo,35,5343,True,0.2530520502191607
Placebo,35,5464,True,0.1268947234511926
Placebo,35,5560,True,0.5289216082033241
Placebo,35,5719,True,0.09277876815865801
Placebo,35,6055,True,0.1713390527376558
Placebo,35,6121,True,0.14317299487623458
Placebo,35,6128,True,0.12637036019006423
Placebo,35,6197,True,0.09478836436955075
Placebo,35,6336,True,0.31711716619173363
Placebo,35,6577,True,0.5123124241385315
Placebo,35,6717,True,0.0
Placebo,35,6906,False,0.0
Placebo,35,8550,True,0.0
Placebo,35,8576,True,0.24309789328476908
Placebo,35,8790,False,0.0
Placebo,35,8840,True,0.0
Placebo,35,8878,True,0.25339584447728963
Placebo,35,9337,True,0.0
Placebo,35,9501,True,0.6697389534852647
Placebo,35,9512,False,0.0
Placebo,35,45,True,0.04236776600349701
Placebo,35,199,True,0.24710905809480624
Placebo,35,458,True,0.3245580539843604
Placebo,35,564,True,0.9182293066898518
Placebo,35,717,True,0.0
Placebo,35,1109,True,0.4667820458355062
Placebo,35,1576,True,0.09684158012280931
Placebo,35,1711,True,0.4306765580733929
Placebo,35,1868,False,0.0
Placebo,35,1942,True,0.3825249634248746
Placebo,35,2001,True,0.39473623054695867
Placebo,35,2217,True,0.41171949796939683
Placebo,35,2354,True,0.3373243197840678
Placebo,35,2761,True,0.0
Placebo,35,2980,True,0.20210734650054754
Placebo,35,3021,True,0.19348749860030415
Placebo,35,3030,True,0.3154648767857289
Placebo,35,3046,True,0.38855201880915896
Placebo,35,3050,True,0.5261920096130528
Placebo,35,3288,True,0.22597003679739489
Placebo,35,3302,True,0.2548346710074145
Placebo,35,3794,True,0.452425546570964
Placebo,35,3920,True,0.27451737001543297
Placebo,35,3965,True,0.31516255047698355
Placebo,35,4193,True,0.23346882796216054
Placebo,35,4294,True,0.0
Placebo,35,4383,True,0.3809248220249349
Placebo,35,4474,True,0.0
Placebo,35,5068,True,0.04778491088266231
Placebo,35,5258,True,0.08879873949105595
Placebo,35,5306,True,0.5754703384923501
Placebo,35,5323,True,0.3851454027573423
Placebo,35,5421,True,0.586754171640691
Placebo,35,5766,True,0.5213133340481092
Placebo,35,5877,True,0.1805505975149626
Placebo,35,5887,True,0.3442872564253091
Placebo,35,6126,True,0.3154648767857289
Placebo,35,6190,True,0.6146026168345623
Placebo,35,6224,True,0.2685529228900212
Placebo,35,6465,True,0.0
Placebo,35,6853,True,0.27532906554288455
Placebo,35,6949,True,0.7094669476021234
Placebo,35,7107,True,0.2944731829467193
Placebo,35,7240,False,0.0
Placebo,35,7937,True,0.5017253653035711
Placebo,35,8015,True,0.22216809135686533
Placebo,35,8066,True,0.0
Placebo,35,8202,True,0.40226290495709116
Placebo,35,8321,True,0.41206817865646156
Placebo,35,9222,True,0.0
Placebo,35,9453,True,0.32776097292662437
Placebo,35,73,True,0.11132837047723466
Placebo,35,390,True,0.182390755360089
Placebo,35,424,True,0.1079013135953422
Placebo,35,715,True,0.19477871149953702
Placebo,35,915,True,0.0
Placebo,35,1579,True,0.0
Placebo,35,1643,True,0.09359072962204817
Placebo,35,1679,True,0.5801528955446164
Placebo,35,1982,True,0.42492601381667106
Placebo,35,2027,True,0.23947007190545871
Placebo,35,2211,True,0.356145721404655
Placebo,35,2228,True,0.36586183876369144
Placebo,35,2352,True,0.0
Placebo,35,2520,True,0.10619234701976217
Placebo,35,2573,True,0.0
Placebo,35,2630,True,0.6794771050858174
Placebo,35,2666,True,0.5567297612834247
Placebo,35,2745,True,0.08555254872437838
Placebo,35,3149,True,0.3880466144438428
Placebo,35,3369,True,0.10297058556019627
Placebo,35,3617,True,0.32151077796848787
Placebo,35,3862,True,0.0
Placebo,35,4124,True,0.4484668750013157
Placebo,35,4218,True,0.4424392175292098
Placebo,35,4268,True,0.8943654543139563
Placebo,35,4452,False,0.0
Placebo,35,4522,True,0.292003833888232
Placebo,35,4784,True,0.16547939409504536
Placebo,35,5139,True,0.0
Placebo,35,5438,True,0.24207380765659414
Placebo,35,5565,True,0.0
Placebo,35,5684,True,0.20491701139505036
Placebo,35,5775,True,0.07945707943276738
Placebo,35,6110,True,0.35727689882368857
Placebo,35,6488,True,0.05969015030748495
Placebo,35,6590,True,0.08103671523534435
Placebo,35,6793,True,0.17111103646417067
Placebo,35,7090,True,0.1222260944107594
Placebo,35,7112,True,0.24184399980720736
Placebo,35,7167,True,0.6120069133447795
Placebo,35,7287,True,0.6180035497926427
Placebo,35,7370,True,0.25642749844582313
Placebo,35,7547,True,0.11885415371904204
Placebo,35,7589,True,0.0
Placebo,35,7622,True,0.257000341307936
Placebo,35,7640,False,0.0
Placebo,35,7757,True,0.4547379841193845
Placebo,35,8162,True,0.620271033578363
Placebo,35,8508,True,0.3183412193664159
Placebo,35,8597,True,0.19285389930541214
Placebo,35,8771,True,0.0
Placebo,35,288,True,0.6715316578908692
Placebo,35,635,True,0.3644460326074618
Placebo,35,654,True,0.2384240537222918
Placebo,35,699,True,0.05487565949361937
Placebo,35,743,True,0.1695964500022472
Placebo,35,946,True,0.0
Placebo,35,976,True,0.1897918771409239
Placebo,35,1144,True,0.5503025601008781
Placebo,35,1187,True,0.3239940957730651
Placebo,35,1384,True,0.16279921729557928
Placebo,35,1415,True,0.25504486192296116
Placebo,35,1443,True,0.2996484034259831
Placebo,35,1629,True,0.09359072962204817
Placebo,35,1684,True,0.13306008824935964
Placebo,35,1802,True,0.0
Placebo,35,1914,True,0.33726526066342033
Placebo,35,2046,True,0.0
Placebo,35,2071,True,0.0
Placebo,35,2340,True,0.13567475897131237
Placebo,35,2749,True,0.3717500366329094
Placebo,35,3517,True,0.6152173935078545
Placebo,35,3758,True,0.0
Placebo,35,4110,True,0.0
Placebo,35,4111,True,0.1909208661789346
Placebo,35,4144,True,0.16078277618017145
Placebo,35,5021,True,0.19237334280540339
Placebo,35,5032,True,0.26394997933924963
Placebo,35,5096,True,0.2610454063423655
Placebo,35,5109,True,0.4466297337849597
Placebo,35,5114,True,0.10912004154869837
Placebo,35,5977,True,0.0
Placebo,35,5984,True,0.24288553714387298
Placebo,35,6353,True,0.791136643033895
Placebo,35,6373,True,0.17451964838594658
Placebo,35,6539,True,0.0
Placebo,35,6554,True,0.46513368446177
Placebo,35,6884,True,0.32358669697378795
Placebo,35,6955,True,0.0
Placebo,35,7020,True,0.43435710360882157
Placebo,35,7029,True,0.34016204417550394
Placebo,35,7280,True,0.17046599522059347
Placebo,35,7394,True,0.10218331334064325
Placebo,35,7795,True,0.46372091956468653
Placebo,35,8108,True,0.2200917662980802
Placebo,35,8560,True,0.24049337932073894
Placebo,35,8632,True,0.354687682524205
Placebo,35,8657,True,0.0
Placebo,35,8777,True,0.5636891315979983
Placebo,35,9151,True,0.06803907609961145
Placebo,35,9609,True,0.21647734636436736
Placebo,36,102,True,0.40931312819672616
Placebo,36,314,True,0.3878022213066438
Placebo,36,1068,True,0.19778221076299196
Placebo,36,1525,True,0.15992002911428893
Placebo,36,1795,True,0.11905071058310902
Placebo,36,1929,True,0.5841800433764817
Placebo,36,1931,True,0.0
Placebo,36,1991,True,0.3095358764304066
Placebo,36,2528,True,0.32790860440543845
Placebo,36,2697,True,0.2868858695240788
Placebo,36,2834,True,0.6567904328802427
Placebo,36,2845,True,0.2624869693062291
Placebo,36,3031,True,0.21116074612647895
Placebo,36,3250,True,0.0
Placebo,36,3308,True,0.2656944360156541
Placebo,36,3402,True,0.16995508021951422
Placebo,36,3426,True,0.0
Placebo,36,3449,True,0.31312767626394705
Placebo,36,3756,True,0.27928758564145756
Placebo,36,4141,True,0.25245298375592234
Placebo,36,4210,True,0.10218331334064325
Placebo,36,4516,True,0.05987267113719375
Placebo,36,4692,True,0.040580682004742595
Placebo,36,4700,True,0.09641009434280916
Placebo,36,4910,True,0.0
Placebo,36,4962,True,0.2501737101839677
Placebo,36,5275,True,0.0
Placebo,36,5671,True,0.2192883657534035
Placebo,36,5683,True,0.06978419164318803
Placebo,36,6067,True,0.45938951360100044
Placebo,36,6378,True,0.5421043513582504
Placebo,36,6495,True,0.6703337381300145
Placebo,36,6868,True,0.6422660656972885
Placebo,36,6880,True,0.2645223355549598
Placebo,36,7144,True,0.22677625402040433
Placebo,36,7413,True,0.28107692690026614
Placebo,36,7526,True,0.0
Placebo,36,7531,True,0.08274908245792928
Placebo,36,7577,True,0.16045757497326918
Placebo,36,7621,True,0.13023315111437722
Placebo,36,8198,True,0.05214426484655786
Placebo,36,8442,True,0.0
Placebo,36,8452,True,0.4100946301906536
Placebo,36,8476,True,0.23304396733447877
Placebo,36,8541,True,0.1901859189585647
Placebo,36,8802,True,0.2680634712734757
Placebo,36,8816,True,0.1161743738862708
Placebo,36,8852,True,0.12359799415249755
Placebo,36,9099,True,0.06971893618317035
Placebo,36,9479,True,0.2663629625567751
Placebo,36,9625,False,0.0
Placebo,36,96,True,0.0
Placebo,36,171,True,0.3955426344842772
Placebo,36,328,True,0.0
Placebo,36,387,True,0.0
Placebo,36,754,False,0.0
Placebo,36,983,True,0.46111940043716865
Placebo,36,1039,True,0.36995747237608306
Placebo,36,1098,True,0.2676077681116482
Placebo,36,1120,True,0.022184319553871852
Placebo,36,1275,True,0.32050290905022527
Placebo,36,1343,True,0.4252084336260237
Placebo,36,1483,True,0.07702756400231005
Placebo,36,2005,True,0.2934556883974403
Placebo,36,2048,True,0.23623000528733434
Placebo,36,2379,True,0.47918059703258375
Placebo,36,2516,True,0.37098740484327947
Placebo,36,2601,True,0.17318663334822615
Placebo,36,3210,True,0.2594515520148577
Placebo,36,3601,True,0.0
Placebo,36,3729,True,0.049941400570997205
Placebo,36,3832,True,0.4801151133847642
Placebo,36,4104,True,0.23402500084895053
Placebo,36,4286,True,0.2303413116590068
Placebo,36,4329,True,0.06625422345438896
Placebo,36,4553,True,0.2508377017089579
Placebo,36,4790,True,0.0
Placebo,36,4844,True,0.0
Placebo,36,4994,True,0.17711113726769742
Placebo,36,5020,True,0.16505579357010997
Placebo,36,5293,True,0.15786942887734967
Placebo,36,5338,True,0.4118988902845248
Placebo,36,5343,True,0.3771202909359001
Placebo,36,5464,True,0.25005336032110204
Placebo,36,5560,True,0.36099847882159053
Placebo,36,5719,True,0.05163532490696953
Placebo,36,6055,True,0.29609378166249783
Placebo,36,6121,True,0.18095660264264718
Placebo,36,6128,True,0.08832909120999337
Placebo,36,6197,True,0.14577952493835505
Placebo,36,6336,True,0.449794124533502
Placebo,36,6577,True,0.458674405081036
Placebo,36,6717,True,0.23719771276929624
Placebo,36,6906,False,0.0
Placebo,36,8550,True,0.0
Placebo,36,8576,True,0.5199682307631156
Placebo,36,8790,False,0.0
Placebo,36,8840,True,0.0
Placebo,36,8878,True,0.0
Placebo,36,9337,True,0.0
Placebo,36,9501,True,0.44955808363171196
Placebo,36,9512,False,0.0
Placebo,36,45,True,0.24204099794011955
Placebo,36,199,True,0.0
Placebo,36,458,True,0.2263008188503249
Placebo,36,564,True,0.9591146533449257
Placebo,36,717,True,0.0
Placebo,36,1109,True,0.4805961880344889
Placebo,36,1576,True,0.41632922280174706
Placebo,36,1711,True,0.0
Placebo,36,1868,False,0.0
Placebo,36,1942,True,0.2231718207810829
Placebo,36,2001,True,0.502265024254311
Placebo,36,2217,True,0.0
Placebo,36,2354,True,0.14081860136568805
Placebo,36,2761,True,0.0
Placebo,36,2980,True,0.0
Placebo,36,3021,True,0.0
Placebo,36,3030,True,0.0
Placebo,36,3046,True,0.2867439633486843
Placebo,36,3050,True,0.4399824609259798
Placebo,36,3288,True,0.10532072643041082
Placebo,36,3302,True,0.3456086123445639
Placebo,36,3794,True,0.12198323851117018
Placebo,36,3920,True,0.2520884349329546
Placebo,36,3965,True,0.06362078819895167
Placebo,36,4193,True,0.3186147077796957
Placebo,36,4294,True,0.023313161239938596
Placebo,36,4383,True,0.4974359783999323
Placebo,36,4474,True,0.25339584447728963
Placebo,36,5068,True,0.21338273430389385
Placebo,36,5258,True,0.040683756096346925
Placebo,36,5306,True,0.5288063681353565
Placebo,36,5323,True,0.6100754856334801
Placebo,36,5421,True,0.5731204958371293
Placebo,36,5766,True,0.3971645135527428
Placebo,36,5877,True,0.05856735900379242
Placebo,36,5887,True,0.22960249636972868
Placebo,36,6126,True,0.3010299956639808
Placebo,36,6190,True,0.6548926115644031
Placebo,36,6224,True,0.5643324665238959
Placebo,36,6465,True,0.0
Placebo,36,6853,True,0.20562512747633332
Placebo,36,6949,True,0.6636532980006349
Placebo,36,7107,True,0.1898721719708823
Placebo,36,7240,False,0.0
Placebo,36,7937,True,0.5252711638747727
Placebo,36,8015,True,0.0
Placebo,36,8066,True,0.0
Placebo,36,8202,True,0.3021631114417317
Placebo,36,8321,True,0.3185565448328912
Placebo,36,9222,True,1.0
Placebo,36,9453,True,0.49411380949121747
Placebo,36,73,True,0.2443527483788096
Placebo,36,390,True,0.46800283047407043
Placebo,36,424,True,0.3419264486509009
Placebo,36,715,True,0.18704309249173343
Placebo,36,915,True,0.2060961673497595
Placebo,36,1579,True,0.0
Placebo,36,1643,True,0.0
Placebo,36,1679,True,0.3356864342779391
Placebo,36,1982,True,0.08514311764162101
Placebo,36,2027,True,0.2049227172945965
Placebo,36,2211,True,0.6056933996488968
Placebo,36,2228,True,0.15744006533381547
Placebo,36,2352,True,0.0
Placebo,36,2520,True,0.5496646557892519
Placebo,36,2573,True,0.13765179547245768
Placebo,36,2630,True,0.39271812381519633
Placebo,36,2666,True,0.5084169737420314
Placebo,36,2745,True,0.14935992678562415
Placebo,36,3149,True,0.2638622329981153
Placebo,36,3369,True,0.11506126747919429
Placebo,36,3617,True,0.16650047422948291
Placebo,36,3862,True,0.0
Placebo,36,4124,True,0.38973181980878996
Placebo,36,4218,True,0.2445952895877213
Placebo,36,4268,True,0.9668728882728055
Placebo,36,4452,False,0.0
Placebo,36,4522,True,0.06270964405167047
Placebo,36,4784,True,0.38382977737619794
Placebo,36,5139,True,0.3978088012057571
Placebo,36,5438,True,0.3263431457074277
Placebo,36,5565,True,0.0
Placebo,36,5684,True,0.15293625714824824
Placebo,36,5775,True,0.18883863168421866
Placebo,36,6110,True,0.2026145527238915
Placebo,36,6488,True,0.572073943064261
Placebo,36,6590,True,0.07075576072108053
Placebo,36,6793,True,0.34222207292834134
Placebo,36,7090,True,0.21984473021495352
Placebo,36,7112,True,0.6824663776358925
Placebo,36,7167,True,0.3913582715489243
Placebo,36,7287,True,0.5965579206831669
Placebo,36,7370,True,0.15423215925316427
Placebo,36,7547,True,0.0
Placebo,36,7589,True,0.05854439592831935
Placebo,36,7622,True,0.2697750680634023
Placebo,36,7640,False,0.0
Placebo,36,7757,True,0.04552803591854807
Placebo,36,8162,True,0.45087610866935407
Placebo,36,8508,True,0.0
Placebo,36,8597,True,0.5284133723188327
Placebo,36,8771,True,0.0
Placebo,36,288,True,0.37200237100193445
Placebo,36,635,True,0.36001151033827916
Placebo,36,654,True,0.2145806417671647
Placebo,36,699,True,0.2373321552897557
Placebo,36,743,True,0.48398006348346384
Placebo,36,946,True,0.0
Placebo,36,976,True,0.13521046138463974
Placebo,36,1144,True,0.8000527843789401
Placebo,36,1187,True,0.40734413445531736
Placebo,36,1384,True,0.07465450324353455
Placebo,36,1415,True,0.4526450327676216
Placebo,36,1443,True,0.09988280114199441
Placebo,36,1629,True,0.2807721888661444
Placebo,36,1684,True,0.17907045092245477
Placebo,36,1802,True,0.25607472249247043
Placebo,36,1914,True,0.5743747223164857
Placebo,36,2046,True,0.0
Placebo,36,2071,True,0.10861750945625488
Placebo,36,2340,True,0.0
Placebo,36,2749,True,0.2541986207155294
Placebo,36,3517,True,0.613841023219335
Placebo,36,3758,True,0.28683513117203585
Placebo,36,4110,True,0.37476519346968595
Placebo,36,4111,True,0.1909208661789346
Placebo,36,4144,True,0.32025466418661663
Placebo,36,5021,True,0.30576295469804426
Placebo,36,5032,True,0.3252256879733359
Placebo,36,5096,True,0.232222523305094
Placebo,36,5109,True,0.3377448095916392
Placebo,36,5114,True,0.2669507571941387
Placebo,36,5977,True,0.0
Placebo,36,5984,True,0.42598177852341024
Placebo,36,6353,True,0.6433554198672473
Placebo,36,6373,True,0.05376685808255544
Placebo,36,6539,True,0.0
Placebo,36,6554,True,0.24173594551132674
Placebo,36,6884,True,0.0
Placebo,36,6955,True,0.0
Placebo,36,7020,True,0.3523822325998978
Placebo,36,7029,True,0.2433497938448339
Placebo,36,7280,True,0.05377603417842117
Placebo,36,7394,True,0.10255404041618327
Placebo,36,7795,True,0.40552782762991535
Placebo,36,8108,True,0.20641593223508908
Placebo,36,8560,True,0.37103576784517944
Placebo,36,8632,True,0.32965332128488023
Placebo,36,8657,True,0.1498113059440708
Placebo,36,8777,True,0.619980092463092
Placebo,36,9151,True,0.3520028382343729
Placebo,36,9609,True,0.28689610794977644
Placebo,37,102,True,0.3771435230515473
Placebo,37,314,True,0.34269196078009834
Placebo,37,1068,True,0.5056525867775025
Placebo,37,1525,True,0.0
Placebo,37,1795,True,0.14787990000838544
Placebo,37,1929,True,0.49515225316047046
Placebo,37,1931,True,0.0
Placebo,37,1991,True,0.057484716641728835
Placebo,37,2528,True,0.5528364957309283
Placebo,37,2697,True,0.5134019240832766
Placebo,37,2834,True,0.6826095104174073
Placebo,37,2845,True,0.3756483130006702
Placebo,37,3031,True,0.24372491162632073
Placebo,37,3250,True,0.1100458831490401
Placebo,37,3308,True,0.17592225576333184
Placebo,37,3402,True,0.14528020125122487
Placebo,37,3426,True,0.09285825605119433
Placebo,37,3449,True,0.3551389984461185
Placebo,37,3756,True,0.3291162702684739
Placebo,37,4141,True,0.2947048226445254
Placebo,37,4210,True,0.2867493421726819
Placebo,37,4516,True,0.3129122050110545
Placebo,37,4692,True,0.0
Placebo,37,4700,True,0.0
Placebo,37,4910,True,1.0
Placebo,37,4962,True,0.33484032079435117
Placebo,37,5275,True,0.21050241394521588
Placebo,37,5671,True,0.29546940497389435
Placebo,37,5683,True,0.1988521371807451
Placebo,37,6067,True,0.44380819445352065
Placebo,37,6378,True,0.44639258514840513
Placebo,37,6495,True,0.6680674892420073
Placebo,37,6868,True,0.465750696804135
Placebo,37,6880,True,0.38681907357132217
Placebo,37,7144,True,0.2266552405196472
Placebo,37,7413,True,0.31598177738436356
Placebo,37,7526,True,0.0
Placebo,37,7531,True,0.3128173661754006
Placebo,37,7577,True,0.20626588994627681
Placebo,37,7621,True,0.22696490052308188
Placebo,37,8198,True,0.32786324714162723
Placebo,37,8442,True,0.0
Placebo,37,8452,True,0.26261286490359786
Placebo,37,8476,True,0.4070584351625557
Placebo,37,8541,True,0.49827366891859143
Placebo,37,8802,True,0.054446697840052224
Placebo,37,8816,True,0.0
Placebo,37,8852,True,0.0
Placebo,37,9099,True,0.0
Placebo,37,9479,True,0.0
Placebo,37,9625,False,0.0
Placebo,37,96,True,0.17723928678404763
Placebo,37,171,True,0.6415031385058062
Placebo,37,328,True,0.0
Placebo,37,387,True,0.09019475927038985
Placebo,37,754,False,0.0
Placebo,37,983,True,0.2917251978606123
Placebo,37,1039,True,0.2785029767169139
Placebo,37,1098,True,0.22094993386693534
Placebo,37,1120,True,0.11875628599054346
Placebo,37,1275,True,0.21658877420921663
Placebo,37,1343,True,0.29659339675602536
Placebo,37,1483,True,0.2661965374086593
Placebo,37,2005,True,0.0713975720180687
Placebo,37,2048,True,0.26991819660459127
Placebo,37,2379,True,0.6340296279204317
Placebo,37,2516,True,0.24946442273912978
Placebo,37,2601,True,0.39457885027658524
Placebo,37,3210,True,0.10522418635725407
Placebo,37,3601,True,0.0
Placebo,37,3729,True,0.4888901201753853
Placebo,37,3832,True,0.10124161603625315
Placebo,37,4104,True,0.12741733550370726
Placebo,37,4286,True,0.26741395404935336
Placebo,37,4329,True,0.15008062346829132
Placebo,37,4553,True,0.09382844813642041
Placebo,37,4790,True,0.26853572298423223
Placebo,37,4844,True,0.0
Placebo,37,4994,True,0.0
Placebo,37,5020,True,0.4119757155528836
Placebo,37,5293,True,0.14668517025188832
Placebo,37,5338,True,0.6100119453177268
Placebo,37,5343,True,0.14178415446288573
Placebo,37,5464,True,0.23437157556504293
Placebo,37,5560,True,0.4541650484733027
Placebo,37,5719,True,0.19873319948615217
Placebo,37,6055,True,0.19408984478739894
Placebo,37,6121,True,0.40152576899244524
Placebo,37,6128,True,0.44311671519215645
Placebo,37,6197,True,0.21980835699414045
Placebo,37,6336,True,0.6631024746422687
Placebo,37,6577,True,0.46733521223585894
Placebo,37,6717,True,0.0
Placebo,37,6906,False,0.0
Placebo,37,8550,True,0.0
Placebo,37,8576,True,0.32412959751888176
Placebo,37,8790,False,0.0
Placebo,37,8840,True,0.6131471927654585
Placebo,37,8878,True,0.22883924989280766
Placebo,37,9337,True,0.0
Placebo,37,9501,True,0.41088246496114944
Placebo,37,9512,False,0.0
Placebo,37,45,True,0.060614569639142066
Placebo,37,199,True,0.25326335410655304
Placebo,37,458,True,0.4885061100284285
Placebo,37,564,True,0.8243764310434606
Placebo,37,717,True,0.0
Placebo,37,1109,True,0.452897110801204
Placebo,37,1576,True,0.09278942916914837
Placebo,37,1711,True,0.0
Placebo,37,1868,False,0.0
Placebo,37,1942,True,0.18221646569121847
Placebo,37,2001,True,0.044399369745528
Placebo,37,2217,True,0.35068046815079756
Placebo,37,2354,True,0.2563252292075912
Placebo,37,2761,True,0.153490273005236
Placebo,37,2980,True,0.1564262420075856
Placebo,37,3021,True,0.08097835992217972
Placebo,37,3030,True,0.0
Placebo,37,3046,True,0.13745810318647633
Placebo,37,3050,True,0.5438342942397952
Placebo,37,3288,True,0.39820729744120914
Placebo,37,3302,True,0.10975131898723874
Placebo,37,3794,True,0.2026097735578014
Placebo,37,3920,True,0.48527226485662855
Placebo,37,3965,True,0.06943122193677731
Placebo,37,4193,True,0.282846617300228
Placebo,37,4294,True,0.0
Placebo,37,4383,True,0.6110795541245935
Placebo,37,4474,True,0.0
Placebo,37,5068,True,0.3338909958444282
Placebo,37,5258,True,0.0
Placebo,37,5306,True,0.6324925363547319
Placebo,37,5323,True,0.740696622933118
Placebo,37,5421,True,0.3899541168509599
Placebo,37,5766,True,0.4361516366567361
Placebo,37,5877,True,0.0
Placebo,37,5887,True,0.40982447387038523
Placebo,37,6126,True,0.0
Placebo,37,6190,True,0.3708222939678708
Placebo,37,6224,True,0.06625422345438896
Placebo,37,6465,True,0.0
Placebo,37,6853,True,0.12279662485798208
Placebo,37,6949,True,0.6782413011268773
Placebo,37,7107,True,0.11705156310196689
Placebo,37,7240,False,0.0
Placebo,37,7937,True,0.2770658739772687
Placebo,37,8015,True,0.17191565770476167
Placebo,37,8066,True,0.0
Placebo,37,8202,True,0.425615774467079
Placebo,37,8321,True,0.3687624202993892
Placebo,37,9222,True,0.0
Placebo,37,9453,True,0.501718832791989
Placebo,37,73,True,0.19976560228398874
Placebo,37,390,True,0.46478250925948444
Placebo,37,424,True,0.166992555715852
Placebo,37,715,True,0.436231187371676
Placebo,37,915,True,0.14126697285982884
Placebo,37,1579,True,0.08813383235058475
Placebo,37,1643,True,0.0
Placebo,37,1679,True,0.3164523629113854
Placebo,37,1982,True,0.1388624438735545
Placebo,37,2027,True,0.23787943287337773
Placebo,37,2211,True,0.43673949858938654
Placebo,37,2228,True,0.3617894145112689
Placebo,37,2352,True,0.0
Placebo,37,2520,True,0.09833639916734033
Placebo,37,2573,True,0.27108847097297983
Placebo,37,2630,True,0.440836037597627
Placebo,37,2666,True,0.3388251244419412
Placebo,37,2745,True,0.1643548980682564
Placebo,37,3149,True,0.19461081394854526
Placebo,37,3369,True,0.09558816888402895
Placebo,37,3617,True,0.21814726410308313
Placebo,37,3862,True,0.0
Placebo,37,4124,True,0.6012834733513769
Placebo,37,4218,True,0.3266007612618844
Placebo,37,4268,True,0.8606805412530433
Placebo,37,4452,False,0.0
Placebo,37,4522,True,0.24342483078156965
Placebo,37,4784,True,0.5720461083009771
Placebo,37,5139,True,0.0
Placebo,37,5438,True,0.33217922074463596
Placebo,37,5565,True,0.0
Placebo,37,5684,True,0.23283230742286246
Placebo,37,5775,True,0.0
Placebo,37,6110,True,0.21949285811289596
Placebo,37,6488,True,0.07712144545593325
Placebo,37,6590,True,0.10937569145977143
Placebo,37,6793,True,0.4157726138414092
Placebo,37,7090,True,0.1304713566631447
Placebo,37,7112,True,0.2626324312159319
Placebo,37,7167,True,0.6738111155767992
Placebo,37,7287,True,0.14414208211092153
Placebo,37,7370,True,0.22214951579845524
Placebo,37,7547,True,0.1462892511287546
Placebo,37,7589,True,0.1643548980682564
Placebo,37,7622,True,0.23497968555272422
Placebo,37,7640,False,0.0
Placebo,37,7757,True,0.14850605680246015
Placebo,37,8162,True,0.5159051970497379
Placebo,37,8508,True,0.0
Placebo,37,8597,True,0.34228938394140096
Placebo,37,8771,True,0.0
Placebo,37,288,True,0.5561450014631786
Placebo,37,635,True,0.08674156972127235
Placebo,37,654,True,0.2668590870914657
Placebo,37,699,True,0.1698897806716097
Placebo,37,743,True,0.4296740438053569
Placebo,37,946,True,0.0
Placebo,37,976,True,0.0
Placebo,37,1144,True,0.6446006391508508
Placebo,37,1187,True,0.6327747861251339
Placebo,37,1384,True,0.14135462947257574
Placebo,37,1415,True,0.28111804245684957
Placebo,37,1443,True,0.06452577150984494
Placebo,37,1629,True,0.17714752793103516
Placebo,37,1684,True,0.0
Placebo,37,1802,True,0.3283995684774713
Placebo,37,1914,True,0.42262523174034755
Placebo,37,2046,True,0.0
Placebo,37,2071,True,0.0
Placebo,37,2340,True,0.2837554555824218
Placebo,37,2749,True,0.34534316634606654
Placebo,37,3517,True,0.4847444354038349
Placebo,37,3758,True,0.1717540514565759
Placebo,37,4110,True,0.08460137814384125
Placebo,37,4111,True,0.0
Placebo,37,4144,True,0.3855731142570842
Placebo,37,5021,True,0.11458000193535317
Placebo,37,5032,True,0.4915247624562626
Placebo,37,5096,True,0.0
Placebo,37,5109,True,0.5206846805551735
Placebo,37,5114,True,0.15741857987181265
Placebo,37,5977,True,0.0
Placebo,37,5984,True,0.1819327241625013
Placebo,37,6353,True,0.4888902829629058
Placebo,37,6373,True,0.13186795608849997
Placebo,37,6539,True,0.0
Placebo,37,6554,True,0.3130083010945906
Placebo,37,6884,True,0.0
Placebo,37,6955,True,0.06265341172228864
Placebo,37,7020,True,0.364221790724023
Placebo,37,7029,True,0.20379994970022483
Placebo,37,7280,True,0.15927265925819062
Placebo,37,7394,True,0.30628037228218413
Placebo,37,7795,True,0.3584838639465159
Placebo,37,8108,True,0.28371255449703187
Placebo,37,8560,True,0.28055717964488835
Placebo,37,8632,True,0.3647752192946243
Placebo,37,8657,True,0.12987501165334064
Placebo,37,8777,True,0.5785552089817717
Placebo,37,9151,True,0.3530647967427979
Placebo,37,9609,True,0.3399169848925944
Placebo,38,102,True,0.3390910639016998
Placebo,38,314,True,0.2081221384794361
Placebo,38,1068,True,0.3784314082957138
Placebo,38,1525,True,0.0
Placebo,38,1795,True,0.12577835875866042
Placebo,38,1929,True,0.3961691933882861
Placebo,38,1931,True,0.0
Placebo,38,1991,True,0.11877493187669169
Placebo,38,2528,True,0.5485865023734519
Placebo,38,2697,True,0.39829472517508474
Placebo,38,2834,True,0.2522129647560395
Placebo,38,2845,True,0.13116650549455303
Placebo,38,3031,True,0.1988719343788334
Placebo,38,3250,True,0.06943122193677731
Placebo,38,3308,True,0.30045907142029543
Placebo,38,3402,True,0.28926207407933224
Placebo,38,3426,True,0.06361522939534878
Placebo,38,3449,True,0.2918899889937451
Placebo,38,3756,True,0.34523817634041626
Placebo,38,4141,True,0.2537371334830526
Placebo,38,4210,True,0.18316167326282295
Placebo,38,4516,True,0.0
Placebo,38,4692,True,0.0
Placebo,38,4700,True,0.0
Placebo,38,4910,True,0.0
Placebo,38,4962,True,0.11381311447980796
Placebo,38,5275,True,0.1409508588405027
Placebo,38,5671,True,0.2841445049590859
Placebo,38,5683,True,0.06978419164318803
Placebo,38,6067,True,0.3937417659972474
Placebo,38,6378,True,0.3017929084788209
Placebo,38,6495,True,0.704656002642153
Placebo,38,6868,True,0.6591915073610886
Placebo,38,6880,True,0.6051399156371955
Placebo,38,7144,True,0.21870007737530303
Placebo,38,7413,True,0.06943122193677731
Placebo,38,7526,True,0.0
Placebo,38,7531,True,0.04476767082825503
Placebo,38,7577,True,0.24711177379645377
Placebo,38,7621,True,0.31652735906038204
Placebo,38,8198,True,0.18889875018172203
Placebo,38,8442,True,0.0
Placebo,38,8452,True,0.2812721708927017
Placebo,38,8476,True,0.24702506147251035
Placebo,38,8541,True,0.2089549259543688
Placebo,38,8802,True,0.6252445077726352
Placebo,38,8816,True,0.21414840803748889
Placebo,38,8852,True,0.298254219601818
Placebo,38,9099,True,0.12399870854528583
Placebo,38,9479,True,0.03232832477247863
Placebo,38,9625,False,0.0
Placebo,38,96,True,0.0
Placebo,38,171,True,0.6638542811056625
Placebo,38,328,True,0.0
Placebo,38,387,True,0.11381311447980796
Placebo,38,754,False,0.0
Placebo,38,983,True,0.5388692788270704
Placebo,38,1039,True,0.22444700089047176
Placebo,38,1098,True,0.3434024919369891
Placebo,38,1120,True,0.1320802659752002
Placebo,38,1275,True,0.2411329034671504
Placebo,38,1343,True,0.08834791124764947
Placebo,38,1483,True,0.3227145426575742
Placebo,38,2005,True,0.06943122193677731
Placebo,38,2048,True,0.18464575560484522
Placebo,38,2379,True,0.38474345005773986
Placebo,38,2516,True,0.21156363123420976
Placebo,38,2601,True,0.2844493512317389
Placebo,38,3210,True,0.24166174423328737
Placebo,38,3601,True,0.0
Placebo,38,3729,True,0.14965332790549826
Placebo,38,3832,True,0.4708479892448581
Placebo,38,4104,True,0.22399178208595605
Placebo,38,4286,True,0.22625466604233135
Placebo,38,4329,True,0.428385432108412
Placebo,38,4553,True,0.08136751219269385
Placebo,38,4790,True,0.0
Placebo,38,4844,True,0.0
Placebo,38,4994,True,0.13861917332213583
Placebo,38,5020,True,0.2651246350090817
Placebo,38,5293,True,0.13260508364419596
Placebo,38,5338,True,0.4747961543547677
Placebo,38,5343,True,0.32598669256398294
Placebo,38,5464,True,0.2841304394857569
Placebo,38,5560,True,0.29063923191547986
Placebo,38,5719,True,0.3440093479123342
Placebo,38,6055,True,0.31304198793084564
Placebo,38,6121,True,0.24907110695170573
Placebo,38,6128,True,0.08832909120999337
Placebo,38,6197,True,0.16421958630632802
Placebo,38,6336,True,0.5710613668526476
Placebo,38,6577,True,0.3450803256436399
Placebo,38,6717,True,0.0
Placebo,38,6906,False,0.0
Placebo,38,8550,True,0.0
Placebo,38,8576,True,0.6879509227782193
Placebo,38,8790,False,0.0
Placebo,38,8840,True,0.0
Placebo,38,8878,True,0.608933016608742
Placebo,38,9337,True,0.25566026593740204
Placebo,38,9501,True,0.3370331862033844
Placebo,38,9512,False,0.0
Placebo,38,45,True,0.2814853444092611
Placebo,38,199,True,0.3430577419653322
Placebo,38,458,True,0.3655823286503131
Placebo,38,564,True,0.7224582773603179
Placebo,38,717,True,0.12783253450199242
Placebo,38,1109,True,0.3724869720701562
Placebo,38,1576,True,0.05467433839563753
Placebo,38,1711,True,0.0
Placebo,38,1868,False,0.0
Placebo,38,1942,True,0.3609205602529262
Placebo,38,2001,True,0.24785168600182902
Placebo,38,2217,True,0.0
Placebo,38,2354,True,0.12003445961587654
Placebo,38,2761,True,0.11230983869286987
Placebo,38,2980,True,0.3826803184943109
Placebo,38,3021,True,0.13207001659250134
Placebo,38,3030,True,0.3154648767857289
Placebo,38,3046,True,0.3304863098913552
Placebo,38,3050,True,0.5343101124805102
Placebo,38,3288,True,0.4590257825361278
Placebo,38,3302,True,0.10975131898723874
Placebo,38,3794,True,0.2629057168738601
Placebo,38,3920,True,0.18882584022467525
Placebo,38,3965,True,0.19750703600307962
Placebo,38,4193,True,0.46461208786803637
Placebo,38,4294,True,0.0
Placebo,38,4383,True,0.47309910898656343
Placebo,38,4474,True,0.0
Placebo,38,5068,True,0.26703394979613426
Placebo,38,5258,True,0.14074267220463055
Placebo,38,5306,True,0.5733285739523589
Placebo,38,5323,True,0.5287203126619504
Placebo,38,5421,True,0.45260581781522463
Placebo,38,5766,True,0.5411365385002073
Placebo,38,5877,True,0.0
Placebo,38,5887,True,0.2653523721330513
Placebo,38,6126,True,0.0
Placebo,38,6190,True,0.559236149710865
Placebo,38,6224,True,0.3323980126110043
Placebo,38,6465,True,0.0
Placebo,38,6853,True,0.16934377101202755
Placebo,38,6949,True,0.5531745109358827
Placebo,38,7107,True,0.09053895694506664
Placebo,38,7240,False,0.0
Placebo,38,7937,True,0.38770725879590645
Placebo,38,8015,True,0.11838279295536289
Placebo,38,8066,True,0.0
Placebo,38,8202,True,0.4444384415875829
Placebo,38,8321,True,0.23248037706796112
Placebo,38,9222,True,0.0
Placebo,38,9453,True,0.34017632779173335
Placebo,38,73,True,0.14982420171299154
Placebo,38,390,True,0.3726406196197899
Placebo,38,424,True,0.2788757447326814
Placebo,38,715,True,0.1798455034531709
Placebo,38,915,True,0.0
Placebo,38,1579,True,0.23761536805323308
Placebo,38,1643,True,0.0
Placebo,38,1679,True,0.3352991184251532
Placebo,38,1982,True,0.06943122193677731
Placebo,38,2027,True,0.3362138212056108
Placebo,38,2211,True,0.43673949858938654
Placebo,38,2228,True,0.2904920754695445
Placebo,38,2352,True,0.0
Placebo,38,2520,True,0.3589542101716347
Placebo,38,2573,True,0.06625422345438896
Placebo,38,2630,True,0.36270641030573797
Placebo,38,2666,True,0.44395929275564694
Placebo,38,2745,True,0.21383065232109763
Placebo,38,3149,True,0.5051604882697266
Placebo,38,3369,True,0.2063748612929325
Placebo,38,3617,True,0.25655231032722997
Placebo,38,3862,True,0.0
Placebo,38,4124,True,0.6659240846931038
Placebo,38,4218,True,0.5308699894213726
Placebo,38,4268,True,0.599976751690748
Placebo,38,4452,False,0.0
Placebo,38,4522,True,0.14074267220463055
Placebo,38,4784,True,0.4743286751442812
Placebo,38,5139,True,0.0
Placebo,38,5438,True,0.21634642633793022
Placebo,38,5565,True,0.15632357310588854
Placebo,38,5684,True,0.33906591846239376
Placebo,38,5775,True,0.0
Placebo,38,6110,True,0.09452854666581807
Placebo,38,6488,True,0.1385478132642137
Placebo,38,6590,True,0.35474272271600743
Placebo,38,6793,True,0.09546043308946738
Placebo,38,7090,True,0.11712525462224861
Placebo,38,7112,True,0.08116136400948519
Placebo,38,7167,True,0.5586960504691184
Placebo,38,7287,True,0.48882922182497535
Placebo,38,7370,True,0.08943363431807563
Placebo,38,7547,True,0.0
Placebo,38,7589,True,0.0
Placebo,38,7622,True,0.4776697490664804
Placebo,38,7640,False,0.0
Placebo,38,7757,True,0.3304224235296491
Placebo,38,8162,True,0.5029052168689128
Placebo,38,8508,True,0.0
Placebo,38,8597,True,0.22596083203196846
Placebo,38,8771,True,0.11448501924530573
Placebo,38,288,True,0.49413445255215394
Placebo,38,635,True,0.3665740180137072
Placebo,38,654,True,0.1928444668277716
Placebo,38,699,True,0.3693318793448045
Placebo,38,743,True,0.48281115048455303
Placebo,38,946,True,0.0
Placebo,38,976,True,0.0
Placebo,38,1144,True,0.5414500835714626
Placebo,38,1187,True,0.4606501990673679
Placebo,38,1384,True,0.2255236469468593
Placebo,38,1415,True,0.2704099203622052
Placebo,38,1443,True,0.2996484034259831
Placebo,38,1629,True,0.1403860944330722
Placebo,38,1684,True,0.21710758869573296
Placebo,38,1802,True,0.0
Placebo,38,1914,True,0.3373152940516609
Placebo,38,2046,True,0.0
Placebo,38,2071,True,0.0
Placebo,38,2340,True,0.273629269736799
Placebo,38,2749,True,0.3102775336425138
Placebo,38,3517,True,0.6494823986902128
Placebo,38,3758,True,0.04019569404504289
Placebo,38,4110,True,0.13465079090548113
Placebo,38,4111,True,0.0
Placebo,38,4144,True,0.1586086302503392
Placebo,38,5021,True,0.1472464406872869
Placebo,38,5032,True,0.46396090775910037
Placebo,38,5096,True,0.10206510770605061
Placebo,38,5109,True,0.5378010268970634
Placebo,38,5114,True,0.0
Placebo,38,5977,True,0.0
Placebo,38,5984,True,0.24200931459437514
Placebo,38,6353,True,0.6836903132221622
Placebo,38,6373,True,0.10176933156101463
Placebo,38,6539,True,0.0
Placebo,38,6554,True,0.049941400570997205
Placebo,38,6884,True,0.0
Placebo,38,6955,True,0.0753646612908026
Placebo,38,7020,True,0.20304568312133672
Placebo,38,7029,True,0.17366667134799177
Placebo,38,7280,True,0.04927572330154672
Placebo,38,7394,True,0.05583786044522723
Placebo,38,7795,True,0.2825692559841119
Placebo,38,8108,True,0.29508240833352933
Placebo,38,8560,True,0.29575619225526556
Placebo,38,8632,True,0.4724308844903397
Placebo,38,8657,True,0.17184834569607274
Placebo,38,8777,True,0.6391422117309025
Placebo,38,9151,True,0.2580357667389499
Placebo,38,9609,True,0.14074267220463055
Placebo,39,102,True,0.36236102191490055
Placebo,39,314,True,0.35264915900657234
Placebo,39,1068,True,0.3074218797069003
Placebo,39,1525,True,0.0
Placebo,39,1795,True,0.038356439954196984
Placebo,39,1929,True,0.34260058307826785
Placebo,39,1931,True,0.0
Placebo,39,1991,True,0.17205841572894548
Placebo,39,2528,True,0.26032313804639007
Placebo,39,2697,True,0.4647920994380187
Placebo,39,2834,True,0.47564539277199974
Placebo,39,2845,True,0.2758329779842367
Placebo,39,3031,True,0.14583327048234085
Placebo,39,3250,True,0.0
Placebo,39,3308,True,0.3628869103342176
Placebo,39,3402,True,0.19708847504590057
Placebo,39,3426,True,0.0
Placebo,39,3449,True,0.2671015921236719
Placebo,39,3756,True,0.15849171198327902
Placebo,39,4141,True,0.23962395763106206
Placebo,39,4210,True,0.3901156268795759
Placebo,39,4516,True,0.09489593857046195
Placebo,39,4692,True,0.4175466939782792
Placebo,39,4700,True,0.0
Placebo,39,4910,True,0.0
Placebo,39,4962,True,0.170719671719712
Placebo,39,5275,True,0.05013355137207789
Placebo,39,5671,True,0.3186123152066041
Placebo,39,5683,True,0.30155211876386534
Placebo,39,6067,True,0.6221499920174066
Placebo,39,6378,True,0.2647091109814135
Placebo,39,6495,True,0.36508044887818614
Placebo,39,6868,True,0.5301610194078986
Placebo,39,6880,True,0.2885618384372867
Placebo,39,7144,True,0.1995468605022759
Placebo,39,7413,True,0.2808815010511816
Placebo,39,7526,True,0.20210734650054754
Placebo,39,7531,True,0.23230604393401819
Placebo,39,7577,True,0.09010000865236774
Placebo,39,7621,True,0.03922942186031089
Placebo,39,8198,True,0.12116260022308561
Placebo,39,8442,True,0.0
Placebo,39,8452,True,0.2893978301127862
Placebo,39,8476,True,0.32940987452606224
Placebo,39,8541,True,0.40506097325302914
Placebo,39,8802,True,0.3337754690153262
Placebo,39,8816,True,0.0
Placebo,39,8852,True,0.1681275362711174
Placebo,39,9099,True,0.07491210085649577
Placebo,39,9479,True,0.10956993204550432
Placebo,39,9625,False,0.0
Placebo,39,96,True,0.0
Placebo,39,171,True,0.7404477753393577
Placebo,39,328,True,0.0
Placebo,39,387,True,0.28981917020800335
Placebo,39,754,False,0.0
Placebo,39,983,True,0.20911118481400764
Placebo,39,1039,True,0.35300234523891777
Placebo,39,1098,True,0.3626210699040747
Placebo,39,1120,True,0.06610466247564045
Placebo,39,1275,True,0.16080056821418748
Placebo,39,1343,True,0.1565406896596897
Placebo,39,1483,True,0.368567896663785
Placebo,39,2005,True,0.21474353941257227
Placebo,39,2048,True,0.33525982406154203
Placebo,39,2379,True,0.34398757894080073
Placebo,39,2516,True,0.25189270792481233
Placebo,39,2601,True,0.1427951440361374
Placebo,39,3210,True,0.294603459294592
Placebo,39,3601,True,0.0
Placebo,39,3729,True,0.213793607060191
Placebo,39,3832,True,0.11335073789975686
Placebo,39,4104,True,0.37372104005772255
Placebo,39,4286,True,0.26835169435569045
Placebo,39,4329,True,0.24355227021012343
Placebo,39,4553,True,0.38934606328348675
Placebo,39,4790,True,0.056422570674467584
Placebo,39,4844,True,0.0
Placebo,39,4994,True,0.06744681953413346
Placebo,39,5020,True,0.44598952651472973
Placebo,39,5293,True,0.2169787173451383
Placebo,39,5338,True,0.35828493265616035
Placebo,39,5343,True,0.19814790107758493
Placebo,39,5464,True,0.36448379287429317
Placebo,39,5560,True,0.2544768089229794
Placebo,39,5719,True,0.4368316031885908
Placebo,39,6055,True,0.32768853972921486
Placebo,39,6121,True,0.439536565221535
Placebo,39,6128,True,0.06318518009503211
Placebo,39,6197,True,0.20483424751859086
Placebo,39,6336,True,0.6149966141325492
Placebo,39,6577,True,0.3474919799773045
Placebo,39,6717,True,0.6131471927654585
Placebo,39,6906,False,0.0
Placebo,39,8550,True,0.0
Placebo,39,8576,True,0.5189840702016433
Placebo,39,8790,False,0.0
Placebo,39,8840,True,0.0
Placebo,39,8878,True,0.626665273802673
Placebo,39,9337,True,0.21561019356751263
Placebo,39,9501,True,0.6220679428822431
Placebo,39,9512,False,0.0
Placebo,39,45,True,0.042483630615123974
Placebo,39,199,True,0.07472469692801867
Placebo,39,458,True,0.22560057036323428
Placebo,39,564,True,0.8542553308419255
Placebo,39,717,True,0.13145285843693008
Placebo,39,1109,True,0.36908724653841185
Placebo,39,1576,True,0.11566028410081419
Placebo,39,1711,True,0.0
Placebo,39,1868,False,0.0
Placebo,39,1942,True,0.2549333275465013
Placebo,39,2001,True,0.37895472082588455
Placebo,39,2217,True,0.0
Placebo,39,2354,True,0.45337171208457694
Placebo,39,2761,True,0.0
Placebo,39,2980,True,0.0
Placebo,39,3021,True,0.20974163072702173
Placebo,39,3030,True,0.0
Placebo,39,3046,True,0.03683186995726716
Placebo,39,3050,True,0.530607786755981
Placebo,39,3288,True,0.09277876815865801
Placebo,39,3302,True,0.3301088515165607
Placebo,39,3794,True,0.0
Placebo,39,3920,True,0.24299908418956254
Placebo,39,3965,True,0.4681907872316215
Placebo,39,4193,True,0.1797364904668514
Placebo,39,4294,True,0.0
Placebo,39,4383,True,0.2669284222661358
Placebo,39,4474,True,0.0
Placebo,39,5068,True,0.19238560231696844
Placebo,39,5258,True,0.0
Placebo,39,5306,True,0.6159354809201705
Placebo,39,5323,True,0.7113933113947838
Placebo,39,5421,True,0.6794771050858174
Placebo,39,5766,True,0.6469609554177226
Placebo,39,5877,True,0.06572642921846504
Placebo,39,5887,True,0.5764893903396078
Placebo,39,6126,True,0.0
Placebo,39,6190,True,0.3593158232121784
Placebo,39,6224,True,0.48497384979776265
Placebo,39,6465,True,0.319393943239799
Placebo,39,6853,True,0.29185750520727727
Placebo,39,6949,True,0.6564152199881932
Placebo,39,7107,True,0.0
Placebo,39,7240,False,0.0
Placebo,39,7937,True,0.2756437109513444
Placebo,39,8015,True,0.15198062559599695
Placebo,39,8066,True,0.0
Placebo,39,8202,True,0.3977975390416527
Placebo,39,8321,True,0.45146228017472145
Placebo,39,9222,True,0.0
Placebo,39,9453,True,0.4685132407962132
Placebo,39,73,True,0.05566418523861733
Placebo,39,390,True,0.2694428460914033
Placebo,39,424,True,0.14789700411870774
Placebo,39,715,True,0.2648881287100783
Placebo,39,915,True,0.0
Placebo,39,1579,True,0.08340940864997516
Placebo,39,1643,True,0.0
Placebo,39,1679,True,0.5158175294595061
Placebo,39,1982,True,0.14201905717762706
Placebo,39,2027,True,0.20182097925192685
Placebo,39,2211,True,0.3498414386613454
Placebo,39,2228,True,0.25581595561465137
Placebo,39,2352,True,0.0
Placebo,39,2520,True,0.17366667134799177
Placebo,39,2573,True,0.07839826897867538
Placebo,39,2630,True,0.4799829998985815
Placebo,39,2666,True,0.43483530571065243
Placebo,39,2745,True,0.0
Placebo,39,3149,True,0.5718981775682612
Placebo,39,3369,True,0.22881181375363435
Placebo,39,3617,True,0.27074593962141713
Placebo,39,3862,True,0.10283552761606228
Placebo,39,4124,True,0.29542441945119763
Placebo,39,4218,True,0.1978821340966036
Placebo,39,4268,True,0.7669102077044189
Placebo,39,4452,False,0.0
Placebo,39,4522,True,0.22974959833155864
Placebo,39,4784,True,0.632649211206735
Placebo,39,5139,True,0.17723928678404763
Placebo,39,5438,True,0.22129350701447817
Placebo,39,5565,True,0.1995016566157181
Placebo,39,5684,True,0.15070716460163577
Placebo,39,5775,True,0.07945707943276738
Placebo,39,6110,True,0.049941400570997205
Placebo,39,6488,True,0.24998500637574095
Placebo,39,6590,True,0.2683234791818154
Placebo,39,6793,True,0.3266516701661092
Placebo,39,7090,True,0.1222260944107594
Placebo,39,7112,True,0.0
Placebo,39,7167,True,0.40102196594185774
Placebo,39,7287,True,0.40048809310961736
Placebo,39,7370,True,0.35416025022309783
Placebo,39,7547,True,0.3140521193657996
Placebo,39,7589,True,0.0
Placebo,39,7622,True,0.43411362314093915
Placebo,39,7640,False,0.0
Placebo,39,7757,True,0.10346677417714102
Placebo,39,8162,True,0.46818960590052416
Placebo,39,8508,True,0.0
Placebo,39,8597,True,0.11447561831635052
Placebo,39,8771,True,0.0946891255326431
Placebo,39,288,True,0.3848434878736589
Placebo,39,635,True,0.1110430387767672
Placebo,39,654,True,0.17491850620648808
Placebo,39,699,True,0.24142260180728903
Placebo,39,743,True,0.6578044355331469
Placebo,39,946,True,0.0
Placebo,39,976,True,0.12652791809394934
Placebo,39,1144,True,0.7523623898847639
Placebo,39,1187,True,0.5889197789633995
Placebo,39,1384,True,0.15372918384600395
Placebo,39,1415,True,0.07007173210920999
Placebo,39,1443,True,0.18563876223186035
Placebo,39,1629,True,0.10861750945625488
Placebo,39,1684,True,0.0
Placebo,39,1802,True,0.15126116168360146
Placebo,39,1914,True,0.2445864424939556
Placebo,39,2046,True,0.0
Placebo,39,2071,True,0.1403860944330722
Placebo,39,2340,True,0.25784423306757664
Placebo,39,2749,True,0.6695283966450788
Placebo,39,3517,True,0.4547993563591932
Placebo,39,3758,True,0.1620742187971508
Placebo,39,4110,True,0.24111555173631585
Placebo,39,4111,True,0.0
Placebo,39,4144,True,0.18493962889870288
Placebo,39,5021,True,0.1200743006121955
Placebo,39,5032,True,0.24919641108859528
Placebo,39,5096,True,0.14397047852848388
Placebo,39,5109,True,0.5364646802783867
Placebo,39,5114,True,0.2157622651004463
Placebo,39,5977,True,0.0
Placebo,39,5984,True,0.3878929170276212
Placebo,39,6353,True,0.4515836068797235
Placebo,39,6373,True,0.09518263364624978
Placebo,39,6539,True,0.0
Placebo,39,6554,True,0.2723098862471815
Placebo,39,6884,True,0.0
Placebo,39,6955,True,0.43929373490672147
Placebo,39,7020,True,0.40845595234237786
Placebo,39,7029,True,0.29400651175580655
Placebo,39,7280,True,0.10755206835684233
Placebo,39,7394,True,0.0
Placebo,39,7795,True,0.46528190500370425
Placebo,39,8108,True,0.16354138662029638
Placebo,39,8560,True,0.360126308261392
Placebo,39,8632,True,0.4810437875832277
Placebo,39,8657,True,0.3442654218356154
Placebo,39,8777,True,0.5124707582522503
Placebo,39,9151,True,0.38405667250961023
Placebo,39,9609,True,0.29318599348082525
Placebo,40,102,True,0.26578046131342464
Placebo,40,314,True,0.38217259070253506
Placebo,40,1068,True,0.5844581741891275
Placebo,40,1525,True,0.0
Placebo,40,1795,True,0.1874340318774767
Placebo,40,1929,True,0.6104241596713758
Placebo,40,1931,True,0.0
Placebo,40,1991,True,0.2367460284110084
Placebo,40,2528,True,0.4528201575208353
Placebo,40,2697,True,0.19472342831479
Placebo,40,2834,True,0.636840403253187
Placebo,40,2845,True,0.12475108006720635
Placebo,40,3031,True,0.3822923645011089
Placebo,40,3250,True,0.07373113767160426
Placebo,40,3308,True,0.11996044740119037
Placebo,40,3402,True,0.369193380545386
Placebo,40,3426,True,0.0
Placebo,40,3449,True,0.26751884866044073
Placebo,40,3756,True,0.1532749700109649
Placebo,40,4141,True,0.35615458990930393
Placebo,40,4210,True,0.2516029182073747
Placebo,40,4516,True,0.14500287144431603
Placebo,40,4692,True,0.0
Placebo,40,4700,True,0.09845236414941486
Placebo,40,4910,True,0.0
Placebo,40,4962,True,0.0776895369576595
Placebo,40,5275,True,0.09382844813642041
Placebo,40,5671,True,0.23580758529282586
Placebo,40,5683,True,0.20400787375019783
Placebo,40,6067,True,0.5598178595425356
Placebo,40,6378,True,0.5073051244940556
Placebo,40,6495,True,0.41050828098167014
Placebo,40,6868,True,0.14446994723681528
Placebo,40,6880,True,0.3186592688915793
Placebo,40,7144,True,0.2784742037412656
Placebo,40,7413,True,0.26873745552689515
Placebo,40,7526,True,0.0
Placebo,40,7531,True,0.23230604393401819
Placebo,40,7577,True,0.17764613319760866
Placebo,40,7621,True,0.20058578177358588
Placebo,40,8198,True,0.22911119319954837
Placebo,40,8442,True,0.0
Placebo,40,8452,True,0.26894287734661176
Placebo,40,8476,True,0.38681368275183153
Placebo,40,8541,True,0.21101571757181772
Placebo,40,8802,True,0.3301921256720844
Placebo,40,8816,True,0.12421371338458453
Placebo,40,8852,True,0.12315119437036504
Placebo,40,9099,True,0.15667831547677652
Placebo,40,9479,True,0.0
Placebo,40,9625,False,0.0
Placebo,40,96,True,0.3868528072345415
Placebo,40,171,True,0.6618430569028689
Placebo,40,328,True,0.0
Placebo,40,387,True,0.0
Placebo,40,754,False,0.0
Placebo,40,983,True,0.5284176998773228
Placebo,40,1039,True,0.2461181017551388
Placebo,40,1098,True,0.28461326408868776
Placebo,40,1120,True,0.21168759093533482
Placebo,40,1275,True,0.29293202867844564
Placebo,40,1343,True,0.0733639220993601
Placebo,40,1483,True,0.15894352208932558
Placebo,40,2005,True,0.4595326231006953
Placebo,40,2048,True,0.3396712909298679
Placebo,40,2379,True,0.3641875081581371
Placebo,40,2516,True,0.210965922201767
Placebo,40,2601,True,0.308641980580741
Placebo,40,3210,True,0.13737147547480996
Placebo,40,3601,True,0.0
Placebo,40,3729,True,0.28945432717083086
Placebo,40,3832,True,0.2127844158727739
Placebo,40,4104,True,0.5078578563183132
Placebo,40,4286,True,0.13582776257060772
Placebo,40,4329,True,0.08514311764162101
Placebo,40,4553,True,0.07037133610231527
Placebo,40,4790,True,0.19519002499605084
Placebo,40,4844,True,0.0
Placebo,40,4994,True,0.09428660748444781
Placebo,40,5020,True,0.45775415978251066
Placebo,40,5293,True,0.223261089375614
Placebo,40,5338,True,0.6738146957773641
Placebo,40,5343,True,0.4354342222228433
Placebo,40,5464,True,0.27437268685598554
Placebo,40,5560,True,0.5941932471074465
Placebo,40,5719,True,0.18748423754004498
Placebo,40,6055,True,0.24840920867737148
Placebo,40,6121,True,0.3595936500360496
Placebo,40,6128,True,0.0
Placebo,40,6197,True,0.14185627724851593
Placebo,40,6336,True,0.6174251710661581
Placebo,40,6577,True,0.23117071584247356
Placebo,40,6717,True,0.0
Placebo,40,6906,False,0.0
Placebo,40,8550,True,0.0
Placebo,40,8576,True,0.3573657109304406
Placebo,40,8790,False,0.0
Placebo,40,8840,True,0.0
Placebo,40,8878,True,0.21492967496304927
Placebo,40,9337,True,0.06361522939534878
Placebo,40,9501,True,0.5260461970036774
Placebo,40,9512,False,0.0
Placebo,40,45,True,0.5110267561049476
Placebo,40,199,True,0.20652736985084066
Placebo,40,458,True,0.5353846432347686
Placebo,40,564,True,0.7339395538119555
Placebo,40,717,True,0.0
Placebo,40,1109,True,0.6140701658653364
Placebo,40,1576,True,0.05141951759737362
Placebo,40,1711,True,0.0
Placebo,40,1868,False,0.0
Placebo,40,1942,True,0.37700932127704057
Placebo,40,2001,True,0.182397641284156
Placebo,40,2217,True,0.1596969716198995
Placebo,40,2354,True,0.2602599880221048
Placebo,40,2761,True,0.051163424335078686
Placebo,40,2980,True,0.20210734650054754
Placebo,40,3021,True,0.0837492757044371
Placebo,40,3030,True,0.0
Placebo,40,3046,True,0.1631259616227843
Placebo,40,3050,True,0.5164277709167764
Placebo,40,3288,True,0.3168691803883852
Placebo,40,3302,True,0.17224724777444347
Placebo,40,3794,True,0.3340452286779751
Placebo,40,3920,True,0.3502257290276907
Placebo,40,3965,True,0.09478836436955075
Placebo,40,4193,True,0.10004876742114935
Placebo,40,4294,True,0.10176933156101463
Placebo,40,4383,True,0.4909988970852906
Placebo,40,4474,True,0.2707842629583516
Placebo,40,5068,True,0.4023322407889799
Placebo,40,5258,True,0.05229012460606506
Placebo,40,5306,True,0.4858320103855522
Placebo,40,5323,True,0.3714086426049469
Placebo,40,5421,True,0.6967804097278294
Placebo,40,5766,True,0.44556671673488263
Placebo,40,5877,True,0.0
Placebo,40,5887,True,0.4091073593418813
Placebo,40,6126,True,0.3010299956639808
Placebo,40,6190,True,0.6866344768984272
Placebo,40,6224,True,0.28634598975246917
Placebo,40,6465,True,0.04616277736479889
Placebo,40,6853,True,0.2727319582991549
Placebo,40,6949,True,0.5470550823417596
Placebo,40,7107,True,0.0
Placebo,40,7240,False,0.0
Placebo,40,7937,True,0.2612826541762462
Placebo,40,8015,True,0.0
Placebo,40,8066,True,0.0
Placebo,40,8202,True,0.12422240594026351
Placebo,40,8321,True,0.36366492215526103
Placebo,40,9222,True,0.0
Placebo,40,9453,True,0.26381277869265957
Placebo,40,73,True,0.13783745351220014
Placebo,40,390,True,0.4816202684780786
Placebo,40,424,True,0.057959913024345
Placebo,40,715,True,0.1454496124169897
Placebo,40,915,True,0.0
Placebo,40,1579,True,0.24383998307880125
Placebo,40,1643,True,0.28146281846624843
Placebo,40,1679,True,0.5447699612440775
Placebo,40,1982,True,0.06625422345438896
Placebo,40,2027,True,0.26067502532392234
Placebo,40,2211,True,0.0
Placebo,40,2228,True,0.042571558820810505
Placebo,40,2352,True,0.0
Placebo,40,2520,True,0.20379994970022483
Placebo,40,2573,True,0.3301376494471203
Placebo,40,2630,True,0.4987018312635188
Placebo,40,2666,True,0.5258002555086772
Placebo,40,2745,True,0.09501844012918934
Placebo,40,3149,True,0.10884448316158764
Placebo,40,3369,True,0.6276896584958132
Placebo,40,3617,True,0.18953431415651678
Placebo,40,3862,True,0.08385876085662766
Placebo,40,4124,True,0.2510998037349741
Placebo,40,4218,True,0.3236311937845173
Placebo,40,4268,True,0.9266360779006398
Placebo,40,4452,False,0.0
Placebo,40,4522,True,0.23647438030200313
Placebo,40,4784,True,0.6603969944069102
Placebo,40,5139,True,0.0
Placebo,40,5438,True,0.09621361306457149
Placebo,40,5565,True,0.07020838719835952
Placebo,40,5684,True,0.27058781100531293
Placebo,40,5775,True,0.2748763329142909
Placebo,40,6110,True,0.0
Placebo,40,6488,True,0.1542428909118665
Placebo,40,6590,True,0.08372491399919352
Placebo,40,6793,True,0.1008674711662712
Placebo,40,7090,True,0.1297559932741616
Placebo,40,7112,True,0.0
Placebo,40,7167,True,0.24902858969531527
Placebo,40,7287,True,0.4773133277944253
Placebo,40,7370,True,0.24963851976173151
Placebo,40,7547,True,0.0
Placebo,40,7589,True,0.04750922006459467
Placebo,40,7622,True,0.46588569922116285
Placebo,40,7640,False,0.0
Placebo,40,7757,True,0.23956212863955623
Placebo,40,8162,True,0.6839606286067665
Placebo,40,8508,True,0.0
Placebo,40,8597,True,0.16711669924150208
Placebo,40,8771,True,0.0
Placebo,40,288,True,0.37538720300513434
Placebo,40,635,True,0.2618062295360539
Placebo,40,654,True,0.131992192941818
Placebo,40,699,True,0.34122587948702904
Placebo,40,743,True,0.34566057232793335
Placebo,40,946,True,0.0
Placebo,40,976,True,0.08173891239734137
Placebo,40,1144,True,0.5539083895380794
Placebo,40,1187,True,0.5674610937509723
Placebo,40,1384,True,0.06705798960049263
Placebo,40,1415,True,0.24419507016667777
Placebo,40,1443,True,0.20661971604777374
Placebo,40,1629,True,0.08452085079694185
Placebo,40,1684,True,0.0
Placebo,40,1802,True,0.08879873949105595
Placebo,40,1914,True,0.3202428626315269
Placebo,40,2046,True,0.0
Placebo,40,2071,True,0.0
Placebo,40,2340,True,0.2996484034259831
Placebo,40,2749,True,0.48312688818903265
Placebo,40,3517,True,0.5480034016021247
Placebo,40,3758,True,0.04019569404504289
Placebo,40,4110,True,0.3500255871917046
Placebo,40,4111,True,0.0
Placebo,40,4144,True,0.3344620764164808
Placebo,40,5021,True,0.07362322034364345
Placebo,40,5032,True,0.46006062503498585
Placebo,40,5096,True,0.415617447187586
Placebo,40,5109,True,0.40992234761407553
Placebo,40,5114,True,0.0
Placebo,40,5977,True,0.0
Placebo,40,5984,True,0.45344376843558976
Placebo,40,6353,True,0.8185659973056348
Placebo,40,6373,True,0.36483923736969553
Placebo,40,6539,True,0.0
Placebo,40,6554,True,0.4360730920410998
Placebo,40,6884,True,0.32358669697378795
Placebo,40,6955,True,0.04681599109282455
Placebo,40,7020,True,0.3419197546853555
Placebo,40,7029,True,0.14372381823460087
Placebo,40,7280,True,0.04927572330154672
Placebo,40,7394,True,0.1153802952180026
Placebo,40,7795,True,0.33906591846239376
Placebo,40,8108,True,0.0
Placebo,40,8560,True,0.2608748937568885
Placebo,40,8632,True,0.2173149287966381
Placebo,40,8657,True,0.3383619956668957
Placebo,40,8777,True,0.32516727340170964
Placebo,40,9151,True,0.2540830264138987
Placebo,40,9609,True,0.3916194857030955
Placebo,41,102,True,0.585983901446493
Placebo,41,314,True,0.18499629854567337
Placebo,41,1068,True,0.3197448830931392
Placebo,41,1525,True,0.2004322363723218
Placebo,41,1795,True,0.12514058438084777
Placebo,41,1929,True,0.6138378568251046
Placebo,41,1931,True,0.0
Placebo,41,1991,True,0.6217115415567459
Placebo,41,2528,True,0.36307531951797123
Placebo,41,2697,True,0.23458768772235736
Placebo,41,2834,True,0.5477667606667038
Placebo,41,2845,True,0.2839881095357388
Placebo,41,3031,True,0.0
Placebo,41,3250,True,0.06943122193677731
Placebo,41,3308,True,0.29204016167451513
Placebo,41,3402,True,0.07491210085649577
Placebo,41,3426,True,0.0
Placebo,41,3449,True,0.42996482339359704
Placebo,41,3756,True,0.17193427600006872
Placebo,41,4141,True,0.3332666475163623
Placebo,41,4210,True,0.13950192531885097
Placebo,41,4516,True,0.303792255099544
Placebo,41,4692,True,0.31753362236410737
Placebo,41,4700,True,0.1486262278819524
Placebo,41,4910,True,0.0
Placebo,41,4962,True,0.31628197811034897
Placebo,41,5275,True,0.21002787876934015
Placebo,41,5671,True,0.14410005584193938
Placebo,41,5683,True,0.4083881595909494
Placebo,41,6067,True,0.5752000744885821
Placebo,41,6378,True,0.303120781176964
Placebo,41,6495,True,0.46083572129094286
Placebo,41,6868,True,0.4549396082066178
Placebo,41,6880,True,0.5911540792658339
Placebo,41,7144,True,0.11012987923418145
Placebo,41,7413,True,0.13568544539116625
Placebo,41,7526,True,0.46927872602275655
Placebo,41,7531,True,0.08274908245792928
Placebo,41,7577,True,0.1264713513838286
Placebo,41,7621,True,0.503404584112037
Placebo,41,8198,True,0.2501737101839677
Placebo,41,8442,True,0.0
Placebo,41,8452,True,0.19827220378335844
Placebo,41,8476,True,0.24616516354799
Placebo,41,8541,True,0.39655465283062036
Placebo,41,8802,True,0.17353427149804995
Placebo,41,8816,True,0.0
Placebo,41,8852,True,0.13012668333070063
Placebo,41,9099,True,0.0
Placebo,41,9479,True,0.08555254872437838
Placebo,41,9625,False,0.0
Placebo,41,96,True,0.0
Placebo,41,171,True,0.6945805834234248
Placebo,41,328,True,0.0
Placebo,41,387,True,0.0
Placebo,41,754,False,0.0
Placebo,41,983,True,0.4724493545698612
Placebo,41,1039,True,0.3721022179402316
Placebo,41,1098,True,0.16165777024419883
Placebo,41,1120,True,0.25535659503290853
Placebo,41,1275,True,0.18006158655255122
Placebo,41,1343,True,0.06362078819895167
Placebo,41,1483,True,0.21469393542771456
Placebo,41,2005,True,0.2200917662980802
Placebo,41,2048,True,0.295185689980193
Placebo,41,2379,True,0.5336779350855607
Placebo,41,2516,True,0.22835078482742255
Placebo,41,2601,True,0.25974865577723427
Placebo,41,3210,True,0.30650251718976806
Placebo,41,3601,True,0.0
Placebo,41,3729,True,0.24466205872359478
Placebo,41,3832,True,0.11282559319837607
Placebo,41,4104,True,0.449784673903939
Placebo,41,4286,True,0.21165972872883504
Placebo,41,4329,True,0.31833954895937194
Placebo,41,4553,True,0.45943439401474645
Placebo,41,4790,True,0.13012668333070063
Placebo,41,4844,True,0.0
Placebo,41,4994,True,0.0
Placebo,41,5020,True,0.21716783510538215
Placebo,41,5293,True,0.3388239148065765
Placebo,41,5338,True,0.48540929464673005
Placebo,41,5343,True,0.3123492352361257
Placebo,41,5464,True,0.15070352096757458
Placebo,41,5560,True,0.24573120758645767
Placebo,41,5719,True,0.17489024754485946
Placebo,41,6055,True,0.2539206494315639
Placebo,41,6121,True,0.44838737143095464
Placebo,41,6128,True,0.12637036019006423
Placebo,41,6197,True,0.3204643030449289
Placebo,41,6336,True,0.3679526903970523
Placebo,41,6577,True,0.44412398034621164
Placebo,41,6717,True,0.08861964339202381
Placebo,41,6906,False,0.0
Placebo,41,8550,True,0.0
Placebo,41,8576,True,0.22946762474355528
Placebo,41,8790,False,0.0
Placebo,41,8840,True,0.3868528072345415
Placebo,41,8878,True,0.41433824696462423
Placebo,41,9337,True,0.0
Placebo,41,9501,True,0.2752944039394089
Placebo,41,9512,False,0.0
Placebo,41,45,True,0.14074267220463055
Placebo,41,199,True,0.10907458963273317
Placebo,41,458,True,0.41381629677957693
Placebo,41,564,True,0.8125409967817283
Placebo,41,717,True,0.0
Placebo,41,1109,True,0.3754770296592509
Placebo,41,1576,True,0.14357377676953753
Placebo,41,1711,True,0.0
Placebo,41,1868,False,0.0
Placebo,41,1942,True,0.6058813792106225
Placebo,41,2001,True,0.3382579289648755
Placebo,41,2217,True,0.0
Placebo,41,2354,True,0.26181408670165857
Placebo,41,2761,True,0.10232684867015737
Placebo,41,2980,True,0.1480409554829327
Placebo,41,3021,True,0.40361919843260036
Placebo,41,3030,True,0.5
Placebo,41,3046,True,0.27963320941748143
Placebo,41,3050,True,0.4447153485631007
Placebo,41,3288,True,0.18816379979658954
Placebo,41,3302,True,0.09858350785990916
Placebo,41,3794,True,0.08725927990790344
Placebo,41,3920,True,0.37311227894485127
Placebo,41,3965,True,0.4323181322709948
Placebo,41,4193,True,0.23542925231403258
Placebo,41,4294,True,0.04855631116637259
Placebo,41,4383,True,0.45416186668335007
Placebo,41,4474,True,0.0
Placebo,41,5068,True,0.11126343633596662
Placebo,41,5258,True,0.11506126747919429
Placebo,41,5306,True,0.23485825243853303
Placebo,41,5323,True,0.6505984597835788
Placebo,41,5421,True,0.6467180216677694
Placebo,41,5766,True,0.5527998953608708
Placebo,41,5877,True,0.11713471800758483
Placebo,41,5887,True,0.18511070350403888
Placebo,41,6126,True,0.0
Placebo,41,6190,True,0.43410398232380665
Placebo,41,6224,True,0.06784272269558313
Placebo,41,6465,True,0.0
Placebo,41,6853,True,0.14672510322345034
Placebo,41,6949,True,0.654116584588582
Placebo,41,7107,True,0.11156883937733114
Placebo,41,7240,False,0.0
Placebo,41,7937,True,0.44118191835518505
Placebo,41,8015,True,0.18535126568599317
Placebo,41,8066,True,0.0
Placebo,41,8202,True,0.25013149108985056
Placebo,41,8321,True,0.34060303705763684
Placebo,41,9222,True,0.0
Placebo,41,9453,True,0.1658468365446036
Placebo,41,73,True,0.11446717208084213
Placebo,41,390,True,0.21276699674212296
Placebo,41,424,True,0.0
Placebo,41,715,True,0.30034107112762803
Placebo,41,915,True,0.0
Placebo,41,1579,True,0.0
Placebo,41,1643,True,0.20863058107042656
Placebo,41,1679,True,0.5067795209725124
Placebo,41,1982,True,0.06362078819895167
Placebo,41,2027,True,0.3238274970446681
Placebo,41,2211,True,0.0
Placebo,41,2228,True,0.1551346154095083
Placebo,41,2352,True,0.38685280723454163
Placebo,41,2520,True,0.5473983622993502
Placebo,41,2573,True,0.06784272269558313
Placebo,41,2630,True,0.5197642793701083
Placebo,41,2666,True,0.49445364503837985
Placebo,41,2745,True,0.10369639533646699
Placebo,41,3149,True,0.18816379979658954
Placebo,41,3369,True,0.16359690528178114
Placebo,41,3617,True,0.216037823487557
Placebo,41,3862,True,0.0
Placebo,41,4124,True,0.44196118054812844
Placebo,41,4218,True,0.3625223756502832
Placebo,41,4268,True,0.685119869332369
Placebo,41,4452,False,0.0
Placebo,41,4522,True,0.2638640080259369
Placebo,41,4784,True,0.47979147848907505
Placebo,41,5139,True,0.0
Placebo,41,5438,True,0.2941535326277198
Placebo,41,5565,True,0.4774770439198113
Placebo,41,5684,True,0.2727505055462007
Placebo,41,5775,True,0.09791292534996787
Placebo,41,6110,True,0.13873378948501972
Placebo,41,6488,True,0.21650681306156458
Placebo,41,6590,True,0.15166831491748423
Placebo,41,6793,True,0.08928205866243305
Placebo,41,7090,True,0.07711607962658217
Placebo,41,7112,True,0.0
Placebo,41,7167,True,0.37651703869912434
Placebo,41,7287,True,0.5900218501966301
Placebo,41,7370,True,0.0611130472053797
Placebo,41,7547,True,0.13124938519326135
Placebo,41,7589,True,0.05478496602275216
Placebo,41,7622,True,0.41719830796852725
Placebo,41,7640,False,0.0
Placebo,41,7757,True,0.14931423987568093
Placebo,41,8162,True,0.5840666907617117
Placebo,41,8508,True,0.0
Placebo,41,8597,True,0.4216038171920111
Placebo,41,8771,True,0.0
Placebo,41,288,True,0.6759954055259119
Placebo,41,635,True,0.5221772796817474
Placebo,41,654,True,0.21320241132893605
Placebo,41,699,True,0.2365698702912908
Placebo,41,743,True,0.33034222037585975
Placebo,41,946,True,0.0
Placebo,41,976,True,0.0
Placebo,41,1144,True,0.5931442812653577
Placebo,41,1187,True,0.4484402194824128
Placebo,41,1384,True,0.14010354108696185
Placebo,41,1415,True,0.47324855860476844
Placebo,41,1443,True,0.2921185851480024
Placebo,41,1629,True,0.2626324312159319
Placebo,41,1684,True,0.2848517413118016
Placebo,41,1802,True,0.054446697840052224
Placebo,41,1914,True,0.2597331503568096
Placebo,41,2046,True,0.0
Placebo,41,2071,True,0.21451272952565187
Placebo,41,2340,True,0.15004582175216138
Placebo,41,2749,True,0.43567604230377416
Placebo,41,3517,True,0.5525222732700749
Placebo,41,3758,True,0.038356439954196984
Placebo,41,4110,True,0.3420826466896052
Placebo,41,4111,True,0.0
Placebo,41,4144,True,0.1540551280046201
Placebo,41,5021,True,0.31038756438284487
Placebo,41,5032,True,0.2603576560211285
Placebo,41,5096,True,0.12330133029000186
Placebo,41,5109,True,0.5326569945686603
Placebo,41,5114,True,0.3511643449202447
Placebo,41,5977,True,0.0
Placebo,41,5984,True,0.6698472652396027
Placebo,41,6353,True,0.6585993060594181
Placebo,41,6373,True,0.2717026276823788
Placebo,41,6539,True,0.0
Placebo,41,6554,True,0.41408882933847446
Placebo,41,6884,True,0.6105456988825854
Placebo,41,6955,True,0.06975096265942549
Placebo,41,7020,True,0.3205330875033405
Placebo,41,7029,True,0.040885346655074095
Placebo,41,7280,True,0.34093199044118694
Placebo,41,7394,True,0.08097835992217972
Placebo,41,7795,True,0.2581604435055023
Placebo,41,8108,True,0.30045907142029543
Placebo,41,8560,True,0.431205580356161
Placebo,41,8632,True,0.5048226233639649
Placebo,41,8657,True,0.07679326460226878
Placebo,41,8777,True,0.37519269774599306
Placebo,41,9151,True,0.4266121770757521
Placebo,41,9609,True,0.20428066137812806
Placebo,42,102,True,0.33730713881142116
Placebo,42,314,True,0.17881476416143394
Placebo,42,1068,True,0.3784510533576155
Placebo,42,1525,True,0.20179660912043726
Placebo,42,1795,True,0.45157850331199445
Placebo,42,1929,True,0.4636694594130403
Placebo,42,1931,True,0.0
Placebo,42,1991,True,0.37102524235045276
Placebo,42,2528,True,0.5237768918908041
Placebo,42,2697,True,0.522148083593182
Placebo,42,2834,True,0.5341863576344572
Placebo,42,2845,True,0.16287265347789018
Placebo,42,3031,True,0.2495075106824224
Placebo,42,3250,True,0.17993148201117176
Placebo,42,3308,True,0.20056244751299226
Placebo,42,3402,True,0.051654929011943435
Placebo,42,3426,True,0.1696601566136942
Placebo,42,3449,True,0.4597973952800628
Placebo,42,3756,True,0.3035052325941129
Placebo,42,4141,True,0.4183405010521259
Placebo,42,4210,True,0.2235820232837004
Placebo,42,4516,True,0.4118510962166757
Placebo,42,4692,True,0.0
Placebo,42,4700,True,0.1235584435560261
Placebo,42,4910,True,0.0
Placebo,42,4962,True,0.12807606929837784
Placebo,42,5275,True,0.1394155414437851
Placebo,42,5671,True,0.24914279320026564
Placebo,42,5683,True,0.2641377132637911
Placebo,42,6067,True,0.43769996135957956
Placebo,42,6378,True,0.3217865779285904
Placebo,42,6495,True,0.5088936237352498
Placebo,42,6868,True,0.34722198710367724
Placebo,42,6880,True,0.4432420769214406
Placebo,42,7144,True,0.6240287820648198
Placebo,42,7413,True,0.2959728618370979
Placebo,42,7526,True,0.1564262420075856
Placebo,42,7531,True,0.14656879505245032
Placebo,42,7577,True,0.2529427027676572
Placebo,42,7621,True,0.19242722612914298
Placebo,42,8198,True,0.2724154706688163
Placebo,42,8442,True,0.0
Placebo,42,8452,True,0.48521312563907854
Placebo,42,8476,True,0.31072978921245303
Placebo,42,8541,True,0.2112874991852932
Placebo,42,8802,True,0.044399369745528
Placebo,42,8816,True,0.6746516321123973
Placebo,42,8852,True,0.36945358311109494
Placebo,42,9099,True,0.11446717208084213
Placebo,42,9479,True,0.0
Placebo,42,9625,False,0.0
Placebo,42,96,True,0.28532085947766
Placebo,42,171,True,0.5993294818993699
Placebo,42,328,True,0.1480409554829327
Placebo,42,387,True,0.09019475927038985
Placebo,42,754,False,0.0
Placebo,42,983,True,0.5221180592754617
Placebo,42,1039,True,0.4703279614299659
Placebo,42,1098,True,0.1646757578864616
Placebo,42,1120,True,0.10583776273071621
Placebo,42,1275,True,0.5182095436420767
Placebo,42,1343,True,0.1118450807360784
Placebo,42,1483,True,0.19339180977189396
Placebo,42,2005,True,0.29508240833352933
Placebo,42,2048,True,0.442110174638617
Placebo,42,2379,True,0.6322706202502235
Placebo,42,2516,True,0.5890889200893359
Placebo,42,2601,True,0.509766127805981
Placebo,42,3210,True,0.09280807977115478
Placebo,42,3601,True,0.0
Placebo,42,3729,True,0.10873101432904658
Placebo,42,3832,True,0.22657113423492903
Placebo,42,4104,True,0.20562363305743422
Placebo,42,4286,True,0.4262010938864054
Placebo,42,4329,True,0.31561692740233804
Placebo,42,4553,True,0.060614569639142066
Placebo,42,4790,True,0.0
Placebo,42,4844,True,0.0
Placebo,42,4994,True,0.060583728059270495
Placebo,42,5020,True,0.30078399814634066
Placebo,42,5293,True,0.23011496070220105
Placebo,42,5338,True,0.563531431576489
Placebo,42,5343,True,0.36236207128950176
Placebo,42,5464,True,0.36126751651438505
Placebo,42,5560,True,0.3332282203195111
Placebo,42,5719,True,0.2429879590485708
Placebo,42,6055,True,0.421716073747015
Placebo,42,6121,True,0.09665912172007061
Placebo,42,6128,True,0.0
Placebo,42,6197,True,0.28116708557284187
Placebo,42,6336,True,0.6229731083839322
Placebo,42,6577,True,0.28984282273351575
Placebo,42,6717,True,0.0
Placebo,42,6906,False,0.0
Placebo,42,8550,True,0.0
Placebo,42,8576,True,0.3752068671858673
Placebo,42,8790,False,0.0
Placebo,42,8840,True,0.0
Placebo,42,8878,True,0.0
Placebo,42,9337,True,0.12981027126947678
Placebo,42,9501,True,0.4506018886214091
Placebo,42,9512,False,0.0
Placebo,42,45,True,0.29176780516670575
Placebo,42,199,True,0.1524797327770818
Placebo,42,458,True,0.3262843850657689
Placebo,42,564,True,0.836670336895054
Placebo,42,717,True,0.09428208334340207
Placebo,42,1109,True,0.19330163127196096
Placebo,42,1576,True,0.09241035243445885
Placebo,42,1711,True,0.0
Placebo,42,1868,False,0.0
Placebo,42,1942,True,0.5709390149781394
Placebo,42,2001,True,0.3983404880311261
Placebo,42,2217,True,0.0
Placebo,42,2354,True,0.28582352174534764
Placebo,42,2761,True,0.05467433839563753
Placebo,42,2980,True,0.0
Placebo,42,3021,True,0.16413412589050266
Placebo,42,3030,True,0.0
Placebo,42,3046,True,0.5612696970546112
Placebo,42,3050,True,0.5082956792440618
Placebo,42,3288,True,0.2357666742075251
Placebo,42,3302,True,0.13324638650505186
Placebo,42,3794,True,0.1528494423471945
Placebo,42,3920,True,0.275905304981755
Placebo,42,3965,True,0.25543736465814
Placebo,42,4193,True,0.2931375901049005
Placebo,42,4294,True,0.04855631116637259
Placebo,42,4383,True,0.49303846450952293
Placebo,42,4474,True,0.0
Placebo,42,5068,True,0.22308296328524319
Placebo,42,5258,True,0.0
Placebo,42,5306,True,0.509328392746783
Placebo,42,5323,True,0.7037388798918527
Placebo,42,5421,True,0.6850861948831858
Placebo,42,5766,True,0.48771241502160056
Placebo,42,5877,True,0.0
Placebo,42,5887,True,0.313392430349213
Placebo,42,6126,True,0.0
Placebo,42,6190,True,0.4378034488133165
Placebo,42,6224,True,0.12096982779948588
Placebo,42,6465,True,0.0
Placebo,42,6853,True,0.42406013764802264
Placebo,42,6949,True,0.5726198481096298
Placebo,42,7107,True,0.36963525459470725
Placebo,42,7240,False,0.0
Placebo,42,7937,True,0.45747320465085395
Placebo,42,8015,True,0.6947572583389598
Placebo,42,8066,True,0.0
Placebo,42,8202,True,0.212795223087307
Placebo,42,8321,True,0.5577673034768548
Placebo,42,9222,True,0.0
Placebo,42,9453,True,0.573011226817106
Placebo,42,73,True,0.14179281999872714
Placebo,42,390,True,0.37252096661260575
Placebo,42,424,True,0.19492578050501277
Placebo,42,715,True,0.33652912699037774
Placebo,42,915,True,0.1815417925373527
Placebo,42,1579,True,0.14867196508500413
Placebo,42,1643,True,0.0
Placebo,42,1679,True,0.4173265529512641
Placebo,42,1982,True,0.0
Placebo,42,2027,True,0.1137450683926103
Placebo,42,2211,True,0.21836974929469327
Placebo,42,2228,True,0.0
Placebo,42,2352,True,0.0
Placebo,42,2520,True,0.2934556883974403
Placebo,42,2573,True,0.2172607128522299
Placebo,42,2630,True,0.44511741031749635
Placebo,42,2666,True,0.47624054413007116
Placebo,42,2745,True,0.0821774490341282
Placebo,42,3149,True,0.2382243559213476
Placebo,42,3369,True,0.21613561030936487
Placebo,42,3617,True,0.1070748236743338
Placebo,42,3862,True,0.0
Placebo,42,4124,True,0.3864031651291286
Placebo,42,4218,True,0.248645567039205
Placebo,42,4268,True,0.7510916729774054
Placebo,42,4452,False,0.0
Placebo,42,4522,True,0.35601276661509385
Placebo,42,4784,True,0.551400508871401
Placebo,42,5139,True,0.2113949172033253
Placebo,42,5438,True,0.29221875653245505
Placebo,42,5565,True,0.11188521810185739
Placebo,42,5684,True,0.2573321013290753
Placebo,42,5775,True,0.17833927279888345
Placebo,42,6110,True,0.29339581674992365
Placebo,42,6488,True,0.06927390663210685
Placebo,42,6590,True,0.17747717409058505
Placebo,42,6793,True,0.107789154524511
Placebo,42,7090,True,0.1993421740373415
Placebo,42,7112,True,0.0
Placebo,42,7167,True,0.5639125902951889
Placebo,42,7287,True,0.30443859497534687
Placebo,42,7370,True,0.2821280690634125
Placebo,42,7547,True,0.16957810039284812
Placebo,42,7589,True,0.0
Placebo,42,7622,True,0.31728838619092276
Placebo,42,7640,False,0.0
Placebo,42,7757,True,0.1590951479367076
Placebo,42,8162,True,0.41939536194015037
Placebo,42,8508,True,0.11751610475642699
Placebo,42,8597,True,0.4570838578525705
Placebo,42,8771,True,0.0
Placebo,42,288,True,0.5267677327425032
Placebo,42,635,True,0.35845867600376924
Placebo,42,654,True,0.30316375990070993
Placebo,42,699,True,0.17224724777444347
Placebo,42,743,True,0.46236267576980045
Placebo,42,946,True,0.0
Placebo,42,976,True,0.3795837542818478
Placebo,42,1144,True,0.6583592870595353
Placebo,42,1187,True,0.43174283172759975
Placebo,42,1384,True,0.10582765816632538
Placebo,42,1415,True,0.17124527256637273
Placebo,42,1443,True,0.4887054967576192
Placebo,42,1629,True,0.0
Placebo,42,1684,True,0.17907045092245477
Placebo,42,1802,True,0.057530633739597145
Placebo,42,1914,True,0.23374563756528968
Placebo,42,2046,True,0.0
Placebo,42,2071,True,0.0
Placebo,42,2340,True,0.490743504371488
Placebo,42,2749,True,0.16732561049391378
Placebo,42,3517,True,0.48848748403391185
Placebo,42,3758,True,0.0
Placebo,42,4110,True,0.03938156488610006
Placebo,42,4111,True,0.0
Placebo,42,4144,True,0.49600883527767176
Placebo,42,5021,True,0.16392692279291393
Placebo,42,5032,True,0.42372051909565694
Placebo,42,5096,True,0.1569301296000468
Placebo,42,5109,True,0.4488555426436545
Placebo,42,5114,True,0.0771660742637523
Placebo,42,5977,True,0.0
Placebo,42,5984,True,0.22681654409362473
Placebo,42,6353,True,0.6238065897096554
Placebo,42,6373,True,0.20792689672754344
Placebo,42,6539,True,0.0
Placebo,42,6554,True,0.24332448567830559
Placebo,42,6884,True,0.0
Placebo,42,6955,True,0.04778491088266231
Placebo,42,7020,True,0.33164810756742974
Placebo,42,7029,True,0.32329973241562476
Placebo,42,7280,True,0.23044194418132652
Placebo,42,7394,True,0.16475956028694702
Placebo,42,7795,True,0.4330803708464302
Placebo,42,8108,True,0.22016147785864137
Placebo,42,8560,True,0.30975861424458473
Placebo,42,8632,True,0.6414534783195219
Placebo,42,8657,True,0.193773474067736
Placebo,42,8777,True,0.5485971163392062
Placebo,42,9151,True,0.27408528993548903
Placebo,42,9609,True,0.3503368608014307
Placebo,43,102,True,0.4992219881789565
Placebo,43,314,True,0.32139025000644345
Placebo,43,1068,True,0.381445626848991
Placebo,43,1525,True,0.049294938975483704
Placebo,43,1795,True,0.31689952204160277
Placebo,43,1929,True,0.48655260791545357
Placebo,43,1931,True,0.0
Placebo,43,1991,True,0.04018009264032398
Placebo,43,2528,True,0.2863834159767529
Placebo,43,2697,True,0.17853276693874845
Placebo,43,2834,True,0.3038377318600771
Placebo,43,2845,True,0.4528523554195098
Placebo,43,3031,True,0.0
Placebo,43,3250,True,0.08996574100558588
Placebo,43,3308,True,0.48478461028205394
Placebo,43,3402,True,0.3250540319086503
Placebo,43,3426,True,0.06490513563473839
Placebo,43,3449,True,0.4727544495444469
Placebo,43,3756,True,0.12373653594087865
Placebo,43,4141,True,0.254236908846201
Placebo,43,4210,True,0.37788510157761296
Placebo,43,4516,True,0.23375205390238887
Placebo,43,4692,True,0.0
Placebo,43,4700,True,0.0
Placebo,43,4910,True,0.0
Placebo,43,4962,True,0.1803895185407797
Placebo,43,5275,True,0.11506126747919429
Placebo,43,5671,True,0.24875532955649268
Placebo,43,5683,True,0.18413645778837587
Placebo,43,6067,True,0.3775629645489339
Placebo,43,6378,True,0.24914496795801558
Placebo,43,6495,True,0.6037682419486544
Placebo,43,6868,True,0.33810461923247265
Placebo,43,6880,True,0.6649210720421143
Placebo,43,7144,True,0.3900384470684677
Placebo,43,7413,True,0.2122263659729146
Placebo,43,7526,True,0.23463936301137828
Placebo,43,7531,True,0.21372030129483277
Placebo,43,7577,True,0.361879195385413
Placebo,43,7621,True,0.12475700113884532
Placebo,43,8198,True,0.24051935805437297
Placebo,43,8442,True,0.0
Placebo,43,8452,True,0.3603126912352059
Placebo,43,8476,True,0.20832556709883557
Placebo,43,8541,True,0.48634381099891044
Placebo,43,8802,True,0.2385729379191953
Placebo,43,8816,True,0.19687407778989194
Placebo,43,8852,True,0.15101961822780524
Placebo,43,9099,True,0.10063273078579874
Placebo,43,9479,True,0.0
Placebo,43,9625,False,0.0
Placebo,43,96,True,0.0
Placebo,43,171,True,0.2982390216376019
Placebo,43,328,True,0.2960819109658652
Placebo,43,387,True,0.0
Placebo,43,754,False,0.0
Placebo,43,983,True,0.24837746268634234
Placebo,43,1039,True,0.30665987837200337
Placebo,43,1098,True,0.2864604084209006
Placebo,43,1120,True,0.20816461140087353
Placebo,43,1275,True,0.31836927159850625
Placebo,43,1343,True,0.28245472779561615
Placebo,43,1483,True,0.19131447904627022
Placebo,43,2005,True,0.031810394099475836
Placebo,43,2048,True,0.11074812101121996
Placebo,43,2379,True,0.5326468019795023
Placebo,43,2516,True,0.17947710508581735
Placebo,43,2601,True,0.23583833431249085
Placebo,43,3210,True,0.34860800583241
Placebo,43,3601,True,0.0
Placebo,43,3729,True,0.4390862757923238
Placebo,43,3832,True,0.2889035762283503
Placebo,43,4104,True,0.2882001116838787
Placebo,43,4286,True,0.26131934576578725
Placebo,43,4329,True,0.06943122193677731
Placebo,43,4553,True,0.2124204752120623
Placebo,43,4790,True,0.0
Placebo,43,4844,True,0.0
Placebo,43,4994,True,0.07830333259355117
Placebo,43,5020,True,0.5886848049865454
Placebo,43,5293,True,0.2637943668677855
Placebo,43,5338,True,0.5620727779316369
Placebo,43,5343,True,0.14004591975442043
Placebo,43,5464,True,0.272929615378334
Placebo,43,5560,True,0.3896934861369322
Placebo,43,5719,True,0.09918021406520994
Placebo,43,6055,True,0.12277424135993023
Placebo,43,6121,True,0.3272125223652127
Placebo,43,6128,True,0.0
Placebo,43,6197,True,0.24703059344735187
Placebo,43,6336,True,0.6009709305934419
Placebo,43,6577,True,0.2116825424094884
Placebo,43,6717,True,0.0
Placebo,43,6906,False,0.0
Placebo,43,8550,True,0.0
Placebo,43,8576,True,0.4035015715464804
Placebo,43,8790,False,0.0
Placebo,43,8840,True,0.0
Placebo,43,8878,True,0.5338931479009518
Placebo,43,9337,True,0.10780509678375631
Placebo,43,9501,True,0.3120418527853086
Placebo,43,9512,False,0.0
Placebo,43,45,True,0.05013355137207789
Placebo,43,199,True,0.0
Placebo,43,458,True,0.5014991426187314
Placebo,43,564,True,0.9668728882728055
Placebo,43,717,True,0.1443421150392356
Placebo,43,1109,True,0.42042284523382045
Placebo,43,1576,True,0.05937814299527173
Placebo,43,1711,True,0.0
Placebo,43,1868,False,0.0
Placebo,43,1942,True,0.38351369572146315
Placebo,43,2001,True,0.09286592376361044
Placebo,43,2217,True,0.0
Placebo,43,2354,True,0.29509186080627314
Placebo,43,2761,True,0.04620517621722942
Placebo,43,2980,True,0.0
Placebo,43,3021,True,0.0
Placebo,43,3030,True,0.6309297535714573
Placebo,43,3046,True,0.3311100538837949
Placebo,43,3050,True,0.31830895690536437
Placebo,43,3288,True,0.2242181909374651
Placebo,43,3302,True,0.47032675282076053
Placebo,43,3794,True,0.0
Placebo,43,3920,True,0.1638804864633122
Placebo,43,3965,True,0.4710361549625274
Placebo,43,4193,True,0.21314657232257322
Placebo,43,4294,True,0.0
Placebo,43,4383,True,0.35099343171773045
Placebo,43,4474,True,0.2197434773205065
Placebo,43,5068,True,0.4522549844603908
Placebo,43,5258,True,0.044399369745528
Placebo,43,5306,True,0.4851331625978136
Placebo,43,5323,True,0.5413949904326396
Placebo,43,5421,True,0.6008993551460473
Placebo,43,5766,True,0.593183593795957
Placebo,43,5877,True,0.1443421150392356
Placebo,43,5887,True,0.15286561558865122
Placebo,43,6126,True,0.3333333333333335
Placebo,43,6190,True,0.6139691308388792
Placebo,43,6224,True,0.18357258517751132
Placebo,43,6465,True,0.07230757075710688
Placebo,43,6853,True,0.03938156488610006
Placebo,43,6949,True,0.5038939491655015
Placebo,43,7107,True,0.15660666518710234
Placebo,43,7240,False,0.0
Placebo,43,7937,True,0.3813460776373704
Placebo,43,8015,True,0.0
Placebo,43,8066,True,0.0
Placebo,43,8202,True,0.36790604162640533
Placebo,43,8321,True,0.18924705217094334
Placebo,43,9222,True,0.0
Placebo,43,9453,True,0.12940489449480638
Placebo,43,73,True,0.34089558702943673
Placebo,43,390,True,0.44783333170815337
Placebo,43,424,True,0.19008595872603687
Placebo,43,715,True,0.3945269969943717
Placebo,43,915,True,0.0
Placebo,43,1579,True,0.13603488629504495
Placebo,43,1643,True,0.0
Placebo,43,1679,True,0.39491504042362685
Placebo,43,1982,True,0.1388624438735545
Placebo,43,2027,True,0.29545296143757593
Placebo,43,2211,True,0.1689539010595103
Placebo,43,2228,True,0.13660539322934317
Placebo,43,2352,True,0.0
Placebo,43,2520,True,0.22135324891400576
Placebo,43,2573,True,0.4847119890255186
Placebo,43,2630,True,0.7442734010078114
Placebo,43,2666,True,0.5218618920160124
Placebo,43,2745,True,0.0821774490341282
Placebo,43,3149,True,0.5933519978159081
Placebo,43,3369,True,0.22296334988894242
Placebo,43,3617,True,0.31755603521506787
Placebo,43,3862,True,0.11448501924530573
Placebo,43,4124,True,0.41510066868799034
Placebo,43,4218,True,0.3723790034414324
Placebo,43,4268,True,0.8236998933965709
Placebo,43,4452,False,0.0
Placebo,43,4522,True,0.13098590574145735
Placebo,43,4784,True,0.39208132189882927
Placebo,43,5139,True,0.0
Placebo,43,5438,True,0.3522966971706419
Placebo,43,5565,True,0.0
Placebo,43,5684,True,0.2579471353475036
Placebo,43,5775,True,0.2131561967046231
Placebo,43,6110,True,0.13783745351220014
Placebo,43,6488,True,0.22079202960190145
Placebo,43,6590,True,0.21354882514294068
Placebo,43,6793,True,0.2683637998873703
Placebo,43,7090,True,0.1717998568299794
Placebo,43,7112,True,0.0
Placebo,43,7167,True,0.49403427195662764
Placebo,43,7287,True,0.2948198717238511
Placebo,43,7370,True,0.1606630679035048
Placebo,43,7547,True,0.0
Placebo,43,7589,True,0.0
Placebo,43,7622,True,0.057530633739597145
Placebo,43,7640,False,0.0
Placebo,43,7757,True,0.3228259731186192
Placebo,43,8162,True,0.4730383601484951
Placebo,43,8508,True,0.3903800499921017
Placebo,43,8597,True,0.26259454668382654
Placebo,43,8771,True,0.0
Placebo,43,288,True,0.6344208379261421
Placebo,43,635,True,0.1408487053539287
Placebo,43,654,True,0.3311578305769759
Placebo,43,699,True,0.12621585579067413
Placebo,43,743,True,0.19827220378335844
Placebo,43,946,True,0.0
Placebo,43,976,True,0.08831742548390166
Placebo,43,1144,True,0.7833434300172213
Placebo,43,1187,True,0.3419174647464437
Placebo,43,1384,True,0.0
Placebo,43,1415,True,0.35192646981330367
Placebo,43,1443,True,0.11591982604869
Placebo,43,1629,True,0.0
Placebo,43,1684,True,0.0
Placebo,43,1802,True,0.10889339568010445
Placebo,43,1914,True,0.38899189946458723
Placebo,43,2046,True,0.0
Placebo,43,2071,True,0.3743629184881926
Placebo,43,2340,True,0.1394378723663407
Placebo,43,2749,True,0.26681803863168146
Placebo,43,3517,True,0.5942220760638578
Placebo,43,3758,True,0.05208370671178697
Placebo,43,4110,True,0.2425954201457677
Placebo,43,4111,True,0.0
Placebo,43,4144,True,0.19535135821097155
Placebo,43,5021,True,0.07362322034364345
Placebo,43,5032,True,0.4265122716716331
Placebo,43,5096,True,0.10026263016219407
Placebo,43,5109,True,0.37516798564860543
Placebo,43,5114,True,0.13347537859706934
Placebo,43,5977,True,0.0
Placebo,43,5984,True,0.25663048351893003
Placebo,43,6353,True,0.678214603402507
Placebo,43,6373,True,0.1389367522644933
Placebo,43,6539,True,0.0
Placebo,43,6554,True,0.464043602993647
Placebo,43,6884,True,0.0
Placebo,43,6955,True,0.0
Placebo,43,7020,True,0.20867151665042905
Placebo,43,7029,True,0.20174133330049648
Placebo,43,7280,True,0.34093199044118694
Placebo,43,7394,True,0.34937905804804054
Placebo,43,7795,True,0.40981592213274204
Placebo,43,8108,True,0.09478836436955075
Placebo,43,8560,True,0.410303728162717
Placebo,43,8632,True,0.5837132981492843
Placebo,43,8657,True,0.12096982779948588
Placebo,43,8777,True,0.3831948291798669
Placebo,43,9151,True,0.035427698077529574
Placebo,43,9609,True,0.20608429966158143
Placebo,44,102,True,0.3374362311644064
Placebo,44,314,True,0.4690134047761563
Placebo,44,1068,True,0.5665456501297661
Placebo,44,1525,True,0.5678639227896884
Placebo,44,1795,True,0.24116236271516747
Placebo,44,1929,True,0.36243483982939567
Placebo,44,1931,True,0.0
Placebo,44,1991,True,0.3620478280807576
Placebo,44,2528,True,0.5683175636379346
Placebo,44,2697,True,0.5556706815506208
Placebo,44,2834,True,0.6008320025825632
Placebo,44,2845,True,0.18189758968542416
Placebo,44,3031,True,0.14364709721596106
Placebo,44,3250,True,0.0
Placebo,44,3308,True,0.3531437764338092
Placebo,44,3402,True,0.1562858216301134
Placebo,44,3426,True,0.0
Placebo,44,3449,True,0.1297559932741616
Placebo,44,3756,True,0.2305337549689575
Placebo,44,4141,True,0.31266694706176074
Placebo,44,4210,True,0.05109165667032166
Placebo,44,4516,True,0.43395712522235225
Placebo,44,4692,True,0.0
Placebo,44,4700,True,0.319393943239799
Placebo,44,4910,True,0.0
Placebo,44,4962,True,0.3182088950120325
Placebo,44,5275,True,0.14718132681236598
Placebo,44,5671,True,0.2213906714709269
Placebo,44,5683,True,0.20384903293130766
Placebo,44,6067,True,0.38426567014378155
Placebo,44,6378,True,0.4162629566085604
Placebo,44,6495,True,0.5920243574053142
Placebo,44,6868,True,0.2536356231731622
Placebo,44,6880,True,0.4313664349461678
Placebo,44,7144,True,0.1199396507107809
Placebo,44,7413,True,0.1388624438735545
Placebo,44,7526,True,0.14465396417138077
Placebo,44,7531,True,0.411764907459665
Placebo,44,7577,True,0.09010000865236774
Placebo,44,7621,True,0.5707116361617923
Placebo,44,8198,True,0.305778316795999
Placebo,44,8442,True,0.0
Placebo,44,8452,True,0.40047071471836215
Placebo,44,8476,True,0.38451781302745486
Placebo,44,8541,True,0.25631470472441825
Placebo,44,8802,True,0.14084676552256664
Placebo,44,8816,True,0.0
Placebo,44,8852,True,0.5135312443624667
Placebo,44,9099,True,0.0
Placebo,44,9479,True,0.05666468097553575
Placebo,44,9625,False,0.0
Placebo,44,96,True,0.0
Placebo,44,171,True,0.592028537519889
Placebo,44,328,True,0.0
Placebo,44,387,True,0.06425604298318159
Placebo,44,754,False,0.0
Placebo,44,983,True,0.3186409216155292
Placebo,44,1039,True,0.5626727591150562
Placebo,44,1098,True,0.5403087329813303
Placebo,44,1120,True,0.09684158012280926
Placebo,44,1275,True,0.3622286757036471
Placebo,44,1343,True,0.06943122193677731
Placebo,44,1483,True,0.12741733550370726
Placebo,44,2005,True,0.1478294909154527
Placebo,44,2048,True,0.652760105219727
Placebo,44,2379,True,0.6507051035935322
Placebo,44,2516,True,0.18301230934640134
Placebo,44,2601,True,0.5105154273674201
Placebo,44,3210,True,0.48901480710240436
Placebo,44,3601,True,0.0
Placebo,44,3729,True,0.3588199204596518
Placebo,44,3832,True,0.3763563239088534
Placebo,44,4104,True,0.14301298287702321
Placebo,44,4286,True,0.20316941851655282
Placebo,44,4329,True,0.17947710508581735
Placebo,44,4553,True,0.07037133610231527
Placebo,44,4790,True,0.7095272044910244
Placebo,44,4844,True,0.0
Placebo,44,4994,True,0.11156883937733114
Placebo,44,5020,True,0.6739995781008669
Placebo,44,5293,True,0.3481190832715947
Placebo,44,5338,True,0.6414784264084187
Placebo,44,5343,True,0.3594317197296267
Placebo,44,5464,True,0.24845344939933126
Placebo,44,5560,True,0.2361686947967802
Placebo,44,5719,True,0.2669507571941387
Placebo,44,6055,True,0.5469635365544869
Placebo,44,6121,True,0.35566094987346686
Placebo,44,6128,True,0.08481823664487623
Placebo,44,6197,True,0.2081105007029049
Placebo,44,6336,True,0.3130549904910159
Placebo,44,6577,True,0.37924805908946685
Placebo,44,6717,True,0.0
Placebo,44,6906,False,0.0
Placebo,44,8550,True,0.0
Placebo,44,8576,True,0.4521472607752953
Placebo,44,8790,False,0.0
Placebo,44,8840,True,0.0
Placebo,44,8878,True,0.0
Placebo,44,9337,True,0.1762676647011695
Placebo,44,9501,True,0.4224687916935748
Placebo,44,9512,False,0.0
Placebo,44,45,True,0.1591700755933713
Placebo,44,199,True,0.2864230626484048
Placebo,44,458,True,0.43191725830453404
Placebo,44,564,True,0.8830464882589033
Placebo,44,717,True,0.0
Placebo,44,1109,True,0.2881001392861027
Placebo,44,1576,True,0.19680282618093342
Placebo,44,1711,True,0.0
Placebo,44,1868,False,0.0
Placebo,44,1942,True,0.48742050962674627
Placebo,44,2001,True,0.3392241647847304
Placebo,44,2217,True,0.0
Placebo,44,2354,True,0.18292295272393858
Placebo,44,2761,True,0.0
Placebo,44,2980,True,0.0
Placebo,44,3021,True,0.15380376185129407
Placebo,44,3030,True,0.0
Placebo,44,3046,True,0.18975007813719155
Placebo,44,3050,True,0.43326090626419006
Placebo,44,3288,True,0.3065740982624642
Placebo,44,3302,True,0.08039138809008572
Placebo,44,3794,True,0.2721746495412281
Placebo,44,3920,True,0.48516492521140625
Placebo,44,3965,True,0.3544604940615278
Placebo,44,4193,True,0.5473611703259657
Placebo,44,4294,True,0.0
Placebo,44,4383,True,0.5547533209667374
Placebo,44,4474,True,0.282432472145586
Placebo,44,5068,True,0.18316167326282295
Placebo,44,5258,True,0.0
Placebo,44,5306,True,0.6084675764970038
Placebo,44,5323,True,0.5196507239767626
Placebo,44,5421,True,0.42439904237653725
Placebo,44,5766,True,0.5773682548317183
Placebo,44,5877,True,0.12490788650658134
Placebo,44,5887,True,0.24844481188052703
Placebo,44,6126,True,0.0
Placebo,44,6190,True,0.6718483456960728
Placebo,44,6224,True,0.46692474155501906
Placebo,44,6465,True,0.0
Placebo,44,6853,True,0.12439368036642996
Placebo,44,6949,True,0.6118867264107546
Placebo,44,7107,True,0.14369050982152096
Placebo,44,7240,False,0.0
Placebo,44,7937,True,0.3683300686171098
Placebo,44,8015,True,0.2601414854823592
Placebo,44,8066,True,0.0
Placebo,44,8202,True,0.48483209028002133
Placebo,44,8321,True,0.16819782279280218
Placebo,44,9222,True,0.0
Placebo,44,9453,True,0.2379458942984586
Placebo,44,73,True,0.14982420171299154
Placebo,44,390,True,0.6412054619998337
Placebo,44,424,True,0.049941400570997205
Placebo,44,715,True,0.3302432460537023
Placebo,44,915,True,0.0
Placebo,44,1579,True,0.21561019356751263
Placebo,44,1643,True,0.12092199990360368
Placebo,44,1679,True,0.4527598874549927
Placebo,44,1982,True,0.28417476134934955
Placebo,44,2027,True,0.29436109422607354
Placebo,44,2211,True,0.12624602730590237
Placebo,44,2228,True,0.1100458831490401
Placebo,44,2352,True,0.0
Placebo,44,2520,True,0.08514311764162101
Placebo,44,2573,True,0.0
Placebo,44,2630,True,0.45240065459562234
Placebo,44,2666,True,0.2329726085570737
Placebo,44,2745,True,0.05184819766823354
Placebo,44,3149,True,0.042106793863052994
Placebo,44,3369,True,0.2702251677920334
Placebo,44,3617,True,0.26739759000741586
Placebo,44,3862,True,0.24739801056000366
Placebo,44,4124,True,0.36000095104889834
Placebo,44,4218,True,0.37581292497224783
Placebo,44,4268,True,0.9651584387515788
Placebo,44,4452,False,0.0
Placebo,44,4522,True,0.1439619995084983
Placebo,44,4784,True,0.23144381305847578
Placebo,44,5139,True,0.0
Placebo,44,5438,True,0.30182718355629995
Placebo,44,5565,True,0.36297209628774124
Placebo,44,5684,True,0.3375763096278381
Placebo,44,5775,True,0.17342765698823942
Placebo,44,6110,True,0.23100716478872868
Placebo,44,6488,True,0.1193803006149699
Placebo,44,6590,True,0.16917200913059086
Placebo,44,6793,True,0.08747171410140814
Placebo,44,7090,True,0.2535868305614884
Placebo,44,7112,True,0.1000130716141717
Placebo,44,7167,True,0.5041992582229532
Placebo,44,7287,True,0.36963672734506825
Placebo,44,7370,True,0.0
Placebo,44,7547,True,0.0
Placebo,44,7589,True,0.0
Placebo,44,7622,True,0.27768607729328104
Placebo,44,7640,False,0.0
Placebo,44,7757,True,0.1425614988585818
Placebo,44,8162,True,0.3742889388011048
Placebo,44,8508,True,0.3071837157818931
Placebo,44,8597,True,0.2783866674478032
Placebo,44,8771,True,0.0
Placebo,44,288,True,0.7357062135423067
Placebo,44,635,True,0.1803895185407797
Placebo,44,654,True,0.25806295419979575
Placebo,44,699,True,0.12241453467088476
Placebo,44,743,True,0.4033646313294937
Placebo,44,946,True,0.4391764551026448
Placebo,44,976,True,0.0
Placebo,44,1144,True,0.4760094407039123
Placebo,44,1187,True,0.6608505752161132
Placebo,44,1384,True,0.1615481289099654
Placebo,44,1415,True,0.36954598750932605
Placebo,44,1443,True,0.4587027216016461
Placebo,44,1629,True,0.0
Placebo,44,1684,True,0.21710758869573296
Placebo,44,1802,True,0.046914224068210206
Placebo,44,1914,True,0.33476581590387033
Placebo,44,2046,True,0.0
Placebo,44,2071,True,0.0
Placebo,44,2340,True,0.3442226802598874
Placebo,44,2749,True,0.4117673006144096
Placebo,44,3517,True,0.5049942279636431
Placebo,44,3758,True,0.2824585734753649
Placebo,44,4110,True,0.18102026775530974
Placebo,44,4111,True,0.0
Placebo,44,4144,True,0.32794259582809543
Placebo,44,5021,True,0.11230287150552966
Placebo,44,5032,True,0.24730781588995515
Placebo,44,5096,True,0.1911260032555609
Placebo,44,5109,True,0.5586644999594997
Placebo,44,5114,True,0.0950897783164808
Placebo,44,5977,True,0.0
Placebo,44,5984,True,0.30333346923738685
Placebo,44,6353,True,0.8016745880111104
Placebo,44,6373,True,0.0
Placebo,44,6539,True,0.0
Placebo,44,6554,True,0.057959913024345
Placebo,44,6884,True,0.38364913903790027
Placebo,44,6955,True,0.0
Placebo,44,7020,True,0.5627376795222656
Placebo,44,7029,True,0.08610991699661572
Placebo,44,7280,True,0.11059803258528568
Placebo,44,7394,True,0.08097835992217972
Placebo,44,7795,True,0.24841757882298532
Placebo,44,8108,True,0.3301376494471203
Placebo,44,8560,True,0.4495497383772631
Placebo,44,8632,True,0.29025205646966157
Placebo,44,8657,True,0.4351362803971371
Placebo,44,8777,True,0.5866531366142338
Placebo,44,9151,True,0.27678341351764024
Placebo,44,9609,True,0.36936585746490663
Placebo,45,102,True,0.44358089186668237
Placebo,45,314,True,0.460546112564343
Placebo,45,1068,True,0.38341488662625667
Placebo,45,1525,True,0.0
Placebo,45,1795,True,0.3071595831449704
Placebo,45,1929,True,0.5173334002593207
Placebo,45,1931,True,0.0
Placebo,45,1991,True,0.302513617755825
Placebo,45,2528,True,0.4056350276926192
Placebo,45,2697,True,0.27410258870407306
Placebo,45,2834,True,0.25677372734776027
Placebo,45,2845,True,0.34574084232860625
Placebo,45,3031,True,0.06370866775185363
Placebo,45,3250,True,0.0733639220993601
Placebo,45,3308,True,0.4792244981811687
Placebo,45,3402,True,0.1895715260288365
Placebo,45,3426,True,0.13603488629504495
Placebo,45,3449,True,0.7441906678358676
Placebo,45,3756,True,0.3844835925162926
Placebo,45,4141,True,0.5041707649791415
Placebo,45,4210,True,0.4179560931726386
Placebo,45,4516,True,0.21010699997153395
Placebo,45,4692,True,0.17714752793103516
Placebo,45,4700,True,0.319393943239799
Placebo,45,4910,True,0.0
Placebo,45,4962,True,0.06012983951359326
Placebo,45,5275,True,0.10889339568010445
Placebo,45,5671,True,0.2721697202913356
Placebo,45,5683,True,0.06978419164318803
Placebo,45,6067,True,0.4062371552434269
Placebo,45,6378,True,0.5302320874474395
Placebo,45,6495,True,0.31428815208964056
Placebo,45,6868,True,0.5526254662628024
Placebo,45,6880,True,0.23719884304089484
Placebo,45,7144,True,0.2796749630677644
Placebo,45,7413,True,0.08514311764162101
Placebo,45,7526,True,0.0
Placebo,45,7531,True,0.23230604393401819
Placebo,45,7577,True,0.2529427027676572
Placebo,45,7621,True,0.35868162225122774
Placebo,45,8198,True,0.183597306122996
Placebo,45,8442,True,0.0
Placebo,45,8452,True,0.42719502286342304
Placebo,45,8476,True,0.4683756303983435
Placebo,45,8541,True,0.4270241213298951
Placebo,45,8802,True,0.13534164670590898
Placebo,45,8816,True,0.23107830132517868
Placebo,45,8852,True,0.13012668333070063
Placebo,45,9099,True,0.15802605547515897
Placebo,45,9479,True,0.0995455260458703
Placebo,45,9625,False,0.0
Placebo,45,96,True,0.0
Placebo,45,171,True,0.4193979998881981
Placebo,45,328,True,0.0
Placebo,45,387,True,0.0
Placebo,45,754,False,0.0
Placebo,45,983,True,0.26754926659074957
Placebo,45,1039,True,0.357920130686378
Placebo,45,1098,True,0.22697457703459162
Placebo,45,1120,True,0.15439364450515275
Placebo,45,1275,True,0.1859428435783894
Placebo,45,1343,True,0.28371255449703187
Placebo,45,1483,True,0.09176419909785702
Placebo,45,2005,True,0.2172607128522299
Placebo,45,2048,True,0.29102429696226745
Placebo,45,2379,True,0.717885397216906
Placebo,45,2516,True,0.2922803988557088
Placebo,45,2601,True,0.18844415212771548
Placebo,45,3210,True,0.3191124852145712
Placebo,45,3601,True,0.0
Placebo,45,3729,True,0.23504608891043222
Placebo,45,3832,True,0.3349895713354229
Placebo,45,4104,True,0.29555983731606106
Placebo,45,4286,True,0.24543011271403473
Placebo,45,4329,True,0.25469837558210445
Placebo,45,4553,True,0.15917007559337124
Placebo,45,4790,True,0.11518062305268108
Placebo,45,4844,True,0.09803928583135697
Placebo,45,4994,True,0.20740972722015596
Placebo,45,5020,True,0.527553387272963
Placebo,45,5293,True,0.07374337793232247
Placebo,45,5338,True,0.5546348981452649
Placebo,45,5343,True,0.2391257602100986
Placebo,45,5464,True,0.18676389023566517
Placebo,45,5560,True,0.2826609787748933
Placebo,45,5719,True,0.42342468312626214
Placebo,45,6055,True,0.34127139065025675
Placebo,45,6121,True,0.2561044498322859
Placebo,45,6128,True,0.08832909120999337
Placebo,45,6197,True,0.13922174582241442
Placebo,45,6336,True,0.4164901450712376
Placebo,45,6577,True,0.4846271174358434
Placebo,45,6717,True,0.26406812257259077
Placebo,45,6906,False,0.0
Placebo,45,8550,True,0.0
Placebo,45,8576,True,0.4642913062995819
Placebo,45,8790,False,0.0
Placebo,45,8840,True,0.0
Placebo,45,8878,True,0.5995311664203286
Placebo,45,9337,True,0.3426470581270216
Placebo,45,9501,True,0.2607075556117463
Placebo,45,9512,False,0.0
Placebo,45,45,True,0.07037133610231527
Placebo,45,199,True,0.17118516697325226
Placebo,45,458,True,0.39136964357388504
Placebo,45,564,True,0.8199822641449742
Placebo,45,717,True,0.0
Placebo,45,1109,True,0.6204497386480262
Placebo,45,1576,True,0.0
Placebo,45,1711,True,0.0
Placebo,45,1868,False,0.0
Placebo,45,1942,True,0.5350934618084859
Placebo,45,2001,True,0.6263588063927875
Placebo,45,2217,True,0.0
Placebo,45,2354,True,0.22259948726499415
Placebo,45,2761,True,0.0
Placebo,45,2980,True,0.14126697285982884
Placebo,45,3021,True,0.0
Placebo,45,3030,True,0.0
Placebo,45,3046,True,0.2838517352939811
Placebo,45,3050,True,0.3448805225321463
Placebo,45,3288,True,0.2858286090786423
Placebo,45,3302,True,0.0
Placebo,45,3794,True,0.18930577552720262
Placebo,45,3920,True,0.582118247765524
Placebo,45,3965,True,0.29508240833352933
Placebo,45,4193,True,0.07328439752622516
Placebo,45,4294,True,0.0
Placebo,45,4383,True,0.4172956840260785
Placebo,45,4474,True,0.0
Placebo,45,5068,True,0.1460392602641568
Placebo,45,5258,True,0.0
Placebo,45,5306,True,0.6234339067591204
Placebo,45,5323,True,0.7007829202833132
Placebo,45,5421,True,0.5699178292121446
Placebo,45,5766,True,0.6952301821063644
Placebo,45,5877,True,0.0
Placebo,45,5887,True,0.18953431415651678
Placebo,45,6126,True,0.0
Placebo,45,6190,True,0.42618092812305874
Placebo,45,6224,True,0.2028952312049767
Placebo,45,6465,True,0.0
Placebo,45,6853,True,0.384296924098215
Placebo,45,6949,True,0.6246908044467183
Placebo,45,7107,True,0.05578441968866557
Placebo,45,7240,False,0.0
Placebo,45,7937,True,0.5818282200559449
Placebo,45,8015,True,0.11838279295536289
Placebo,45,8066,True,0.0
Placebo,45,8202,True,0.1430263242698353
Placebo,45,8321,True,0.5156478926086018
Placebo,45,9222,True,0.0
Placebo,45,9453,True,0.5745714969646829
Placebo,45,73,True,0.04860283695195314
Placebo,45,390,True,0.3772951906964748
Placebo,45,424,True,0.10754316071088865
Placebo,45,715,True,0.33811736108047863
Placebo,45,915,True,0.1564262420075856
Placebo,45,1579,True,0.0
Placebo,45,1643,True,0.0
Placebo,45,1679,True,0.2855902880722747
Placebo,45,1982,True,0.2489083270225946
Placebo,45,2027,True,0.1926540808126342
Placebo,45,2211,True,0.36004765178123865
Placebo,45,2228,True,0.24309789328476902
Placebo,45,2352,True,1.0
Placebo,45,2520,True,0.24941212814272434
Placebo,45,2573,True,0.17578104585865553
Placebo,45,2630,True,0.5088391228930675
Placebo,45,2666,True,0.29470381737701795
Placebo,45,2745,True,0.05478496602275216
Placebo,45,3149,True,0.28801674893228574
Placebo,45,3369,True,0.22248009930829116
Placebo,45,3617,True,0.09918021406520994
Placebo,45,3862,True,0.0
Placebo,45,4124,True,0.4508842558501974
Placebo,45,4218,True,0.3821472547722268
Placebo,45,4268,True,0.8023917129421598
Placebo,45,4452,False,0.0
Placebo,45,4522,True,0.41729955444200717
Placebo,45,4784,True,0.4430107083441885
Placebo,45,5139,True,0.2398910907200171
Placebo,45,5438,True,0.17256954912549743
Placebo,45,5565,True,0.0
Placebo,45,5684,True,0.16318409938159906
Placebo,45,5775,True,0.11235973699279639
Placebo,45,6110,True,0.047264273332909064
Placebo,45,6488,True,0.2543910345707442
Placebo,45,6590,True,0.08103671523534435
Placebo,45,6793,True,0.20324958761397838
Placebo,45,7090,True,0.391396284879283
Placebo,45,7112,True,0.0
Placebo,45,7167,True,0.4846896103360048
Placebo,45,7287,True,0.19500075913533602
Placebo,45,7370,True,0.4355272811696913
Placebo,45,7547,True,0.0
Placebo,45,7589,True,0.15610891794382692
Placebo,45,7622,True,0.28631399625130094
Placebo,45,7640,False,0.0
Placebo,45,7757,True,0.07425302840123005
Placebo,45,8162,True,0.6843486720360216
Placebo,45,8508,True,0.0
Placebo,45,8597,True,0.17653239837139895
Placebo,45,8771,True,0.08860866087646532
Placebo,45,288,True,0.5541927680177722
Placebo,45,635,True,0.3178209882300058
Placebo,45,654,True,0.08394214811402467
Placebo,45,699,True,0.4136460971934187
Placebo,45,743,True,0.5311450709519389
Placebo,45,946,True,0.0
Placebo,45,976,True,0.12313663018416841
Placebo,45,1144,True,0.6209310768024044
Placebo,45,1187,True,0.607626613262939
Placebo,45,1384,True,0.16673482198251693
Placebo,45,1415,True,0.20252120328194184
Placebo,45,1443,True,0.3262800528019412
Placebo,45,1629,True,0.0
Placebo,45,1684,True,0.1542428909118665
Placebo,45,1802,True,0.040683756096346925
Placebo,45,1914,True,0.3449598933602247
Placebo,45,2046,True,0.1305569638500157
Placebo,45,2071,True,0.0
Placebo,45,2340,True,0.15867241490004377
Placebo,45,2749,True,0.5861030685390585
Placebo,45,3517,True,0.731548061422906
Placebo,45,3758,True,0.12741733550370726
Placebo,45,4110,True,0.3502935314051648
Placebo,45,4111,True,0.0
Placebo,45,4144,True,0.12422095733542482
Placebo,45,5021,True,0.0
Placebo,45,5032,True,0.2529190580632602
Placebo,45,5096,True,0.1409992833808411
Placebo,45,5109,True,0.3836328877672834
Placebo,45,5114,True,0.30553379432601485
Placebo,45,5977,True,0.0
Placebo,45,5984,True,0.4366612241846267
Placebo,45,6353,True,0.48456423634407275
Placebo,45,6373,True,0.0
Placebo,45,6539,True,0.0
Placebo,45,6554,True,0.33154339963346896
Placebo,45,6884,True,0.23463936301137828
Placebo,45,6955,True,0.04681599109282455
Placebo,45,7020,True,0.40869259327779883
Placebo,45,7029,True,0.2879161452788738
Placebo,45,7280,True,0.10755206835684225
Placebo,45,7394,True,0.09984548734282173
Placebo,45,7795,True,0.5314018481339882
Placebo,45,8108,True,0.1951890007906611
Placebo,45,8560,True,0.17502284750245803
Placebo,45,8632,True,0.3604879236728727
Placebo,45,8657,True,0.11069356141928867
Placebo,45,8777,True,0.4118391616860681
Placebo,45,9151,True,0.343128434526214
Placebo,45,9609,True,0.09261718198720187
Placebo,46,102,True,0.37854986245282196
Placebo,46,314,True,0.33197859994411627
Placebo,46,1068,True,0.335718639570227
Placebo,46,1525,True,0.24898059967620295
Placebo,46,1795,True,0.17437566866383186
Placebo,46,1929,True,0.3402049046577844
Placebo,46,1931,True,0.0
Placebo,46,1991,True,0.1916160930916763
Placebo,46,2528,True,0.35687884595793384
Placebo,46,2697,True,0.5272326751928527
Placebo,46,2834,True,0.5657446151823591
Placebo,46,2845,True,0.32775580153163064
Placebo,46,3031,True,0.10177820310217282
Placebo,46,3250,True,0.1100458831490401
Placebo,46,3308,True,0.22072065751908707
Placebo,46,3402,True,0.22838097128124937
Placebo,46,3426,True,0.09285825605119433
Placebo,46,3449,True,0.5311831044145802
Placebo,46,3756,True,0.22461013156664808
Placebo,46,4141,True,0.35209327001377566
Placebo,46,4210,True,0.2505612887600172
Placebo,46,4516,True,0.46091454121318615
Placebo,46,4692,True,0.0
Placebo,46,4700,True,0.0
Placebo,46,4910,True,0.0
Placebo,46,4962,True,0.12803952028458226
Placebo,46,5275,True,0.0
Placebo,46,5671,True,0.2959311910569476
Placebo,46,5683,True,0.11381311447980796
Placebo,46,6067,True,0.16365615006952955
Placebo,46,6378,True,0.5422724464317713
Placebo,46,6495,True,0.5189906129784128
Placebo,46,6868,True,0.18904321642420202
Placebo,46,6880,True,0.2886582848702986
Placebo,46,7144,True,0.3687512284255093
Placebo,46,7413,True,0.4690000933206748
Placebo,46,7526,True,0.0
Placebo,46,7531,True,0.39960963714544995
Placebo,46,7577,True,0.1961436140718826
Placebo,46,7621,True,0.21877457805893766
Placebo,46,8198,True,0.10428852969311572
Placebo,46,8442,True,0.0
Placebo,46,8452,True,0.39516265860035127
Placebo,46,8476,True,0.2882001116838787
Placebo,46,8541,True,0.2970293785040124
Placebo,46,8802,True,0.0
Placebo,46,8816,True,0.3371300007179387
Placebo,46,8852,True,0.5135312443624667
Placebo,46,9099,True,0.0
Placebo,46,9479,True,0.04750922006459467
Placebo,46,9625,False,0.0
Placebo,46,96,True,0.20438239758848625
Placebo,46,171,True,0.6300243065013136
Placebo,46,328,True,0.0
Placebo,46,387,True,0.05214426484655786
Placebo,46,754,False,0.0
Placebo,46,983,True,0.43120851028027907
Placebo,46,1039,True,0.4800379152538586
Placebo,46,1098,True,0.37097085608985125
Placebo,46,1120,True,0.153490273005236
Placebo,46,1275,True,0.21416755329638906
Placebo,46,1343,True,0.44460112893338544
Placebo,46,1483,True,0.12177676029307204
Placebo,46,2005,True,0.3100575073036661
Placebo,46,2048,True,0.19613821804053713
Placebo,46,2379,True,0.4148956333554604
Placebo,46,2516,True,0.2895229882348575
Placebo,46,2601,True,0.2895229882348575
Placebo,46,3210,True,0.20681834966790805
Placebo,46,3601,True,0.0
Placebo,46,3729,True,0.11446717208084213
Placebo,46,3832,True,0.2282671689316163
Placebo,46,4104,True,0.20096666867012458
Placebo,46,4286,True,0.49842360113922
Placebo,46,4329,True,0.28502927212475054
Placebo,46,4553,True,0.040683756096346925
Placebo,46,4790,True,0.0
Placebo,46,4844,True,0.0
Placebo,46,4994,True,0.0
Placebo,46,5020,True,0.42779763800588766
Placebo,46,5293,True,0.33945287659520224
Placebo,46,5338,True,0.498445438590119
Placebo,46,5343,True,0.18661606674389425
Placebo,46,5464,True,0.14207354796565508
Placebo,46,5560,True,0.29885280706256107
Placebo,46,5719,True,0.18344912197660274
Placebo,46,6055,True,0.19417007413996287
Placebo,46,6121,True,0.3622270852914869
Placebo,46,6128,True,0.0
Placebo,46,6197,True,0.0
Placebo,46,6336,True,0.5145560330437031
Placebo,46,6577,True,0.3917559041451868
Placebo,46,6717,True,0.6131471927654585
Placebo,46,6906,False,0.0
Placebo,46,8550,True,0.0
Placebo,46,8576,True,0.550770786630823
Placebo,46,8790,False,0.0
Placebo,46,8840,True,0.0
Placebo,46,8878,True,0.500784699218747
Placebo,46,9337,True,0.5756799926233763
Placebo,46,9501,True,0.31204185278530866
Placebo,46,9512,False,0.0
Placebo,46,45,True,0.15917007559337124
Placebo,46,199,True,0.0
Placebo,46,458,True,0.4809740388745861
Placebo,46,564,True,0.6800855224530538
Placebo,46,717,True,0.0
Placebo,46,1109,True,0.6328164752606847
Placebo,46,1576,True,0.1538678208182639
Placebo,46,1711,True,0.0
Placebo,46,1868,False,0.0
Placebo,46,1942,True,0.16758599816321784
Placebo,46,2001,True,0.09382844813642041
Placebo,46,2217,True,0.0
Placebo,46,2354,True,0.07920457628425122
Placebo,46,2761,True,0.18077357628040427
Placebo,46,2980,True,0.0
Placebo,46,3021,True,0.04681599109282455
Placebo,46,3030,True,0.0
Placebo,46,3046,True,0.18221378094283683
Placebo,46,3050,True,0.2951976371198091
Placebo,46,3288,True,0.22529079614436284
Placebo,46,3302,True,0.22904494617774424
Placebo,46,3794,True,0.3195813362549811
Placebo,46,3920,True,0.0713975720180687
Placebo,46,3965,True,0.15579303949345782
Placebo,46,4193,True,0.6277647306276872
Placebo,46,4294,True,0.0
Placebo,46,4383,True,0.35498735817633886
Placebo,46,4474,True,0.0
Placebo,46,5068,True,0.05398557328145317
Placebo,46,5258,True,0.08136751219269385
Placebo,46,5306,True,0.4313596204214718
Placebo,46,5323,True,0.23846249795552038
Placebo,46,5421,True,0.6485225493301734
Placebo,46,5766,True,0.49701161415178174
Placebo,46,5877,True,0.20310814309879646
Placebo,46,5887,True,0.12365947864501936
Placebo,46,6126,True,0.0
Placebo,46,6190,True,0.584159222231242
Placebo,46,6224,True,0.41939799988819815
Placebo,46,6465,True,0.0
Placebo,46,6853,True,0.21114885998460398
Placebo,46,6949,True,0.4684167943632013
Placebo,46,7107,True,0.16661310473968757
Placebo,46,7240,False,0.0
Placebo,46,7937,True,0.28276838594011033
Placebo,46,8015,True,0.08297230974406902
Placebo,46,8066,True,0.2139862647345275
Placebo,46,8202,True,0.42347217622420674
Placebo,46,8321,True,0.6049342971989531
Placebo,46,9222,True,0.0
Placebo,46,9453,True,0.6510735358794547
Placebo,46,73,True,0.39417695009180115
Placebo,46,390,True,0.2652967271364126
Placebo,46,424,True,0.0884104856384033
Placebo,46,715,True,0.4164901450712376
Placebo,46,915,True,0.0
Placebo,46,1579,True,0.3366982391299956
Placebo,46,1643,True,0.2807721888661444
Placebo,46,1679,True,0.5340039326434445
Placebo,46,1982,True,0.06362078819895167
Placebo,46,2027,True,0.2805575978242046
Placebo,46,2211,True,0.4211317770830524
Placebo,46,2228,True,0.24431580181728116
Placebo,46,2352,True,0.0
Placebo,46,2520,True,0.31850232888848307
Placebo,46,2573,True,0.0
Placebo,46,2630,True,0.29037236545038647
Placebo,46,2666,True,0.47119676468001104
Placebo,46,2745,True,0.06358115370045193
Placebo,46,3149,True,0.3406503985801643
Placebo,46,3369,True,0.04852388772014405
Placebo,46,3617,True,0.1766153239354095
Placebo,46,3862,True,0.0
Placebo,46,4124,True,0.46362480030578124
Placebo,46,4218,True,0.22843865769929347
Placebo,46,4268,True,0.9305687780632227
Placebo,46,4452,False,0.0
Placebo,46,4522,True,0.33655028402635184
Placebo,46,4784,True,0.5899820596551528
Placebo,46,5139,True,0.0
Placebo,46,5438,True,0.22936178964728957
Placebo,46,5565,True,0.18148604814387062
Placebo,46,5684,True,0.29370551497456715
Placebo,46,5775,True,0.2748763329142909
Placebo,46,6110,True,0.38270463458821014
Placebo,46,6488,True,0.10566854585929887
Placebo,46,6590,True,0.0
Placebo,46,6793,True,0.16666666666666666
Placebo,46,7090,True,0.15901981508125562
Placebo,46,7112,True,0.08857376396551764
Placebo,46,7167,True,0.5143114234477588
Placebo,46,7287,True,0.40814192112780884
Placebo,46,7370,True,0.31173998956065013
Placebo,46,7547,True,0.24842742676916887
Placebo,46,7589,True,0.1643548980682564
Placebo,46,7622,True,0.15249764523767845
Placebo,46,7640,False,0.0
Placebo,46,7757,True,0.12593894368624264
Placebo,46,8162,True,0.3465028274179252
Placebo,46,8508,True,0.0
Placebo,46,8597,True,0.13544303492488238
Placebo,46,8771,True,0.0
Placebo,46,288,True,0.5553415126180735
Placebo,46,635,True,0.13781937647125275
Placebo,46,654,True,0.13594012058285937
Placebo,46,699,True,0.29175241156236376
Placebo,46,743,True,0.6035871003557635
Placebo,46,946,True,0.0
Placebo,46,976,True,0.1197453422743875
Placebo,46,1144,True,0.7455901186355299
Placebo,46,1187,True,0.41379768457717964
Placebo,46,1384,True,0.06705798960049263
Placebo,46,1415,True,0.31836927159850625
Placebo,46,1443,True,0.12905154301968988
Placebo,46,1629,True,0.1000130716141717
Placebo,46,1684,True,0.0
Placebo,46,1802,True,0.041525761049921964
Placebo,46,1914,True,0.20429958062556117
Placebo,46,2046,True,0.0942363560390881
Placebo,46,2071,True,0.0
Placebo,46,2340,True,0.14637039866274829
Placebo,46,2749,True,0.32207293718615104
Placebo,46,3517,True,0.7692156576287261
Placebo,46,3758,True,0.19926738002356786
Placebo,46,4110,True,0.11428257845677507
Placebo,46,4111,True,0.0
Placebo,46,4144,True,0.21565843567379087
Placebo,46,5021,True,0.0
Placebo,46,5032,True,0.1440852937149817
Placebo,46,5096,True,0.0638029056472083
Placebo,46,5109,True,0.5155837880852996
Placebo,46,5114,True,0.06043496181762656
Placebo,46,5977,True,0.28906482631788766
Placebo,46,5984,True,0.22243363799652072
Placebo,46,6353,True,0.5378315261831456
Placebo,46,6373,True,0.17978400568188482
Placebo,46,6539,True,0.0
Placebo,46,6554,True,0.4052272430672468
Placebo,46,6884,True,0.16179334848689397
Placebo,46,6955,True,0.0
Placebo,46,7020,True,0.14901364906112574
Placebo,46,7029,True,0.24572069327235324
Placebo,46,7280,True,0.0
Placebo,46,7394,True,0.06975096265942549
Placebo,46,7795,True,0.26280472645360387
Placebo,46,8108,True,0.17655905767969896
Placebo,46,8560,True,0.24930388473118942
Placebo,46,8632,True,0.6695523482445092
Placebo,46,8657,True,0.1426494306984488
Placebo,46,8777,True,0.3682925259442147
Placebo,46,9151,True,0.034019538049805724
Placebo,46,9609,True,0.3690581996129515
Placebo,47,102,True,0.47822819908470415
Placebo,47,314,True,0.4977821367563233
Placebo,47,1068,True,0.5351862256932965
Placebo,47,1525,True,0.0
Placebo,47,1795,True,0.21001382172976255
Placebo,47,1929,True,0.338262278229832
Placebo,47,1931,True,0.0
Placebo,47,1991,True,0.17558217246012234
Placebo,47,2528,True,0.24440020348849828
Placebo,47,2697,True,0.31289386385750273
Placebo,47,2834,True,0.540938296107952
Placebo,47,2845,True,0.1110550921986622
Placebo,47,3031,True,0.13104026609747696
Placebo,47,3250,True,0.0
Placebo,47,3308,True,0.328102710717688
Placebo,47,3402,True,0.13626575314317566
Placebo,47,3426,True,0.0
Placebo,47,3449,True,0.233300852309987
Placebo,47,3756,True,0.22461013156664808
Placebo,47,4141,True,0.18650852661839476
Placebo,47,4210,True,0.27336396223914816
Placebo,47,4516,True,0.1900726173869268
Placebo,47,4692,True,0.17714752793103516
Placebo,47,4700,True,0.0
Placebo,47,4910,True,0.0
Placebo,47,4962,True,0.19664168010110622
Placebo,47,5275,True,0.14074267220463055
Placebo,47,5671,True,0.41674557623117464
Placebo,47,5683,True,0.1299140311567813
Placebo,47,6067,True,0.19673618581975358
Placebo,47,6378,True,0.4638885073705878
Placebo,47,6495,True,0.4785137836063644
Placebo,47,6868,True,0.16944064752231383
Placebo,47,6880,True,0.297271596442057
Placebo,47,7144,True,0.0
Placebo,47,7413,True,0.0733639220993601
Placebo,47,7526,True,0.2960819109658652
Placebo,47,7531,True,0.0
Placebo,47,7577,True,0.500054476564111
Placebo,47,7621,True,0.23049433246813789
Placebo,47,8198,True,0.0
Placebo,47,8442,True,0.28906482631788766
Placebo,47,8452,True,0.15987346094964455
Placebo,47,8476,True,0.17160282645924885
Placebo,47,8541,True,0.09239811721833999
Placebo,47,8802,True,0.17063843884647106
Placebo,47,8816,True,0.418005527162017
Placebo,47,8852,True,0.13012668333070063
Placebo,47,9099,True,0.05566418523861733
Placebo,47,9479,True,0.0
Placebo,47,9625,False,0.0
Placebo,47,96,True,0.0
Placebo,47,171,True,0.5475722312509425
Placebo,47,328,True,0.46927872602275655
Placebo,47,387,True,0.0
Placebo,47,754,False,0.0
Placebo,47,983,True,0.4292812012758255
Placebo,47,1039,True,0.22301216019803072
Placebo,47,1098,True,0.21603058111607218
Placebo,47,1120,True,0.3383512214714199
Placebo,47,1275,True,0.44010679516682233
Placebo,47,1343,True,0.06362078819895167
Placebo,47,1483,True,0.2411119994562018
Placebo,47,2005,True,0.17366667134799177
Placebo,47,2048,True,0.046914224068210206
Placebo,47,2379,True,0.36916647649713635
Placebo,47,2516,True,0.4700275766143449
Placebo,47,2601,True,0.3282410109263901
Placebo,47,3210,True,0.24219005383792183
Placebo,47,3601,True,0.0
Placebo,47,3729,True,0.11132837047723466
Placebo,47,3832,True,0.31130901434770564
Placebo,47,4104,True,0.23033840112236734
Placebo,47,4286,True,0.36400085479133326
Placebo,47,4329,True,0.06643541119670597
Placebo,47,4553,True,0.2814853444092611
Placebo,47,4790,True,0.0
Placebo,47,4844,True,0.0
Placebo,47,4994,True,0.18270777605161942
Placebo,47,5020,True,0.48484540957835487
Placebo,47,5293,True,0.12518226850256464
Placebo,47,5338,True,0.5115384116403456
Placebo,47,5343,True,0.4104985239799735
Placebo,47,5464,True,0.18587794627581525
Placebo,47,5560,True,0.5330820520092293
Placebo,47,5719,True,0.31616023761982764
Placebo,47,6055,True,0.2080289957413712
Placebo,47,6121,True,0.3477706014594046
Placebo,47,6128,True,0.12637036019006423
Placebo,47,6197,True,0.2555853890875123
Placebo,47,6336,True,0.4353822141055371
Placebo,47,6577,True,0.4411685528586555
Placebo,47,6717,True,0.18457569677956798
Placebo,47,6906,False,0.0
Placebo,47,8550,True,0.0
Placebo,47,8576,True,0.5839867866119927
Placebo,47,8790,False,0.0
Placebo,47,8840,True,0.0
Placebo,47,8878,True,0.3632675831375429
Placebo,47,9337,True,0.0
Placebo,47,9501,True,0.4922989786030032
Placebo,47,9512,False,0.0
Placebo,47,45,True,0.041525761049921964
Placebo,47,199,True,0.07320952746749644
Placebo,47,458,True,0.46637391819665286
Placebo,47,564,True,0.6468562235661908
Placebo,47,717,True,0.11713471800758483
Placebo,47,1109,True,0.5102352894518651
Placebo,47,1576,True,0.05937814299527173
Placebo,47,1711,True,0.0
Placebo,47,1868,False,0.0
Placebo,47,1942,True,0.5378878521671978
Placebo,47,2001,True,0.35496069979902745
Placebo,47,2217,True,0.09614715734857844
Placebo,47,2354,True,0.5298982599625925
Placebo,47,2761,True,0.0
Placebo,47,2980,True,0.0
Placebo,47,3021,True,0.03185660725510821
Placebo,47,3030,True,0.0
Placebo,47,3046,True,0.20844649797160575
Placebo,47,3050,True,0.38903242753274314
Placebo,47,3288,True,0.26523385548141565
Placebo,47,3302,True,0.07366373991453432
Placebo,47,3794,True,0.30235109431779933
Placebo,47,3920,True,0.1492450176383778
Placebo,47,3965,True,0.15139734109600997
Placebo,47,4193,True,0.1797364904668514
Placebo,47,4294,True,0.0
Placebo,47,4383,True,0.23889691404414878
Placebo,47,4474,True,0.2197434773205065
Placebo,47,5068,True,0.21648447234656354
Placebo,47,5258,True,0.05013355137207789
Placebo,47,5306,True,0.5142871578966904
Placebo,47,5323,True,0.6807809403268267
Placebo,47,5421,True,0.5425715588208105
Placebo,47,5766,True,0.360456497294028
Placebo,47,5877,True,0.11654295940979965
Placebo,47,5887,True,0.041143443251688484
Placebo,47,6126,True,0.0
Placebo,47,6190,True,0.5361114926294123
Placebo,47,6224,True,0.10769148963849358
Placebo,47,6465,True,0.0
Placebo,47,6853,True,0.15877437132246489
Placebo,47,6949,True,0.6682012300551502
Placebo,47,7107,True,0.0
Placebo,47,7240,False,0.0
Placebo,47,7937,True,0.2815660053559785
Placebo,47,8015,True,0.2131561967046231
Placebo,47,8066,True,0.20013668095426848
Placebo,47,8202,True,0.3343222945075869
Placebo,47,8321,True,0.5435327780175296
Placebo,47,9222,True,0.0
Placebo,47,9453,True,0.5695900995382454
Placebo,47,73,True,0.2639691941881319
Placebo,47,390,True,0.4672246849636293
Placebo,47,424,True,0.09020315758404246
Placebo,47,715,True,0.3113502294340421
Placebo,47,915,True,0.23463936301137828
Placebo,47,1579,True,0.0
Placebo,47,1643,True,0.1000130716141717
Placebo,47,1679,True,0.2982586666995035
Placebo,47,1982,True,0.16354138662029638
Placebo,47,2027,True,0.1538310606242749
Placebo,47,2211,True,0.21836974929469327
Placebo,47,2228,True,0.17947710508581735
Placebo,47,2352,True,0.0
Placebo,47,2520,True,0.5610278579883372
Placebo,47,2573,True,0.1100458831490401
Placebo,47,2630,True,0.319206177286464
Placebo,47,2666,True,0.4808759395353829
Placebo,47,2745,True,0.1643548980682564
Placebo,47,3149,True,0.28886585421184907
Placebo,47,3369,True,0.33443822199775836
Placebo,47,3617,True,0.2808491571177548
Placebo,47,3862,True,0.0
Placebo,47,4124,True,0.4576000014538464
Placebo,47,4218,True,0.1480465905872682
Placebo,47,4268,True,0.7480978396024439
Placebo,47,4452,False,0.0
Placebo,47,4522,True,0.1916004753805994
Placebo,47,4784,True,0.5225362172971011
Placebo,47,5139,True,0.0
Placebo,47,5438,True,0.2416751452201025
Placebo,47,5565,True,0.0
Placebo,47,5684,True,0.4467826086399699
Placebo,47,5775,True,0.21629571830533076
Placebo,47,6110,True,0.19210224693790937
Placebo,47,6488,True,0.02588148439728261
Placebo,47,6590,True,0.19310060545896496
Placebo,47,6793,True,0.2045343072393717
Placebo,47,7090,True,0.12065389290783829
Placebo,47,7112,True,0.2807721888661444
Placebo,47,7167,True,0.4723606623961756
Placebo,47,7287,True,0.46692183185904484
Placebo,47,7370,True,0.05687648042647957
Placebo,47,7547,True,0.0
Placebo,47,7589,True,0.0
Placebo,47,7622,True,0.2631638554046381
Placebo,47,7640,False,0.0
Placebo,47,7757,True,0.07425302840123005
Placebo,47,8162,True,0.4574751588341781
Placebo,47,8508,True,0.13905617951077567
Placebo,47,8597,True,0.2772878282792208
Placebo,47,8771,True,0.0
Placebo,47,288,True,0.3424379034683314
Placebo,47,635,True,0.1340402346263696
Placebo,47,654,True,0.16657676034430963
Placebo,47,699,True,0.1646757578864616
Placebo,47,743,True,0.2889552170262346
Placebo,47,946,True,0.0
Placebo,47,976,True,0.0
Placebo,47,1144,True,0.5327982044733366
Placebo,47,1187,True,0.6465938268893743
Placebo,47,1384,True,0.0
Placebo,47,1415,True,0.14748675586464488
Placebo,47,1443,True,0.2185433759285371
Placebo,47,1629,True,0.36731949624737414
Placebo,47,1684,True,0.06927390663210685
Placebo,47,1802,True,0.24988328974385995
Placebo,47,1914,True,0.34235835427091393
Placebo,47,2046,True,0.0
Placebo,47,2071,True,0.0
Placebo,47,2340,True,0.0884104856384033
Placebo,47,2749,True,0.07930007128354423
Placebo,47,3517,True,0.49785122492769585
Placebo,47,3758,True,0.3546075917104177
Placebo,47,4110,True,0.3116574148952453
Placebo,47,4111,True,0.0
Placebo,47,4144,True,0.31326263037951896
Placebo,47,5021,True,0.0
Placebo,47,5032,True,0.45515460733093277
Placebo,47,5096,True,0.27552509444514295
Placebo,47,5109,True,0.43159700147330693
Placebo,47,5114,True,0.3019025540492812
Placebo,47,5977,True,0.0
Placebo,47,5984,True,0.39222997947072696
Placebo,47,6353,True,0.6448898734848993
Placebo,47,6373,True,0.05376685808255544
Placebo,47,6539,True,0.0
Placebo,47,6554,True,0.4228840176039774
Placebo,47,6884,True,0.1564262420075856
Placebo,47,6955,True,0.0
Placebo,47,7020,True,0.26708676354862576
Placebo,47,7029,True,0.07839826897867538
Placebo,47,7280,True,0.15682779165838906
Placebo,47,7394,True,0.04681599109282455
Placebo,47,7795,True,0.2618064996472441
Placebo,47,8108,True,0.14539148150909986
Placebo,47,8560,True,0.3516531747035917
Placebo,47,8632,True,0.5707797021780887
Placebo,47,8657,True,0.042571558820810505
Placebo,47,8777,True,0.49010153985800575
Placebo,47,9151,True,0.08470511519582914
Placebo,47,9609,True,0.2601898813833486
Placebo,48,102,True,0.33274290909064014
Placebo,48,314,True,0.269014035272374
Placebo,48,1068,True,0.6356377722235275
Placebo,48,1525,True,0.0
Placebo,48,1795,True,0.175070112688615
Placebo,48,1929,True,0.40262391027031613
Placebo,48,1931,True,0.0
Placebo,48,1991,True,0.34454810202783726
Placebo,48,2528,True,0.548061637209054
Placebo,48,2697,True,0.20724554265577907
Placebo,48,2834,True,0.5939026212827436
Placebo,48,2845,True,0.37028408390031703
Placebo,48,3031,True,0.05487565949361937
Placebo,48,3250,True,0.1100458831490401
Placebo,48,3308,True,0.3022015594512442
Placebo,48,3402,True,0.5296594559716149
Placebo,48,3426,True,0.0
Placebo,48,3449,True,0.24350895412712073
Placebo,48,3756,True,0.39226874198921974
Placebo,48,4141,True,0.321871375155494
Placebo,48,4210,True,0.6552221166399749
Placebo,48,4516,True,0.5267568042530043
Placebo,48,4692,True,0.261668378727977
Placebo,48,4700,True,0.0
Placebo,48,4910,True,0.0
Placebo,48,4962,True,0.1563065928592574
Placebo,48,5275,True,0.08136751219269385
Placebo,48,5671,True,0.35900208443098847
Placebo,48,5683,True,0.2396942436267896
Placebo,48,6067,True,0.3459159808970314
Placebo,48,6378,True,0.19270649966057038
Placebo,48,6495,True,0.8062265259322642
Placebo,48,6868,True,0.504881008777615
Placebo,48,6880,True,0.3618225367270193
Placebo,48,7144,True,0.2295414116956865
Placebo,48,7413,True,0.3301376494471203
Placebo,48,7526,True,0.0
Placebo,48,7531,True,0.08630866384567748
Placebo,48,7577,True,0.07614334071738343
Placebo,48,7621,True,0.15871049770283752
Placebo,48,8198,True,0.06978419164318803
Placebo,48,8442,True,0.28906482631788766
Placebo,48,8452,True,0.5205393929314279
Placebo,48,8476,True,0.34458517060908944
Placebo,48,8541,True,0.481529543937025
Placebo,48,8802,True,0.27190917769918355
Placebo,48,8816,True,0.281663127986316
Placebo,48,8852,True,0.4144299250118473
Placebo,48,9099,True,0.14982420171299154
Placebo,48,9479,True,0.26330640657393883
Placebo,48,9625,False,0.0
Placebo,48,96,True,0.0
Placebo,48,171,True,0.3768238031193399
Placebo,48,328,True,0.0
Placebo,48,387,True,0.14710131651029384
Placebo,48,754,False,0.0
Placebo,48,983,True,0.6599493330300402
Placebo,48,1039,True,0.3974830930564597
Placebo,48,1098,True,0.5020327357628168
Placebo,48,1120,True,0.153490273005236
Placebo,48,1275,True,0.14951771144329154
Placebo,48,1343,True,0.31488013066763093
Placebo,48,1483,True,0.1612202732121852
Placebo,48,2005,True,0.3301376494471203
Placebo,48,2048,True,0.1996066098305932
Placebo,48,2379,True,0.6672081473231206
Placebo,48,2516,True,0.4250921718102441
Placebo,48,2601,True,0.2528410271851775
Placebo,48,3210,True,0.11591982604869
Placebo,48,3601,True,0.2184074368181643
Placebo,48,3729,True,0.0
Placebo,48,3832,True,0.14791905500686195
Placebo,48,4104,True,0.2748694138783326
Placebo,48,4286,True,0.3747846940539668
Placebo,48,4329,True,0.2886582848702986
Placebo,48,4553,True,0.0
Placebo,48,4790,True,0.15101961822780524
Placebo,48,4844,True,0.0
Placebo,48,4994,True,0.1510100264031804
Placebo,48,5020,True,0.3066947916763267
Placebo,48,5293,True,0.06427158624345128
Placebo,48,5338,True,0.2827066772445419
Placebo,48,5343,True,0.29804541861089007
Placebo,48,5464,True,0.21885120327261187
Placebo,48,5560,True,0.537133774752296
Placebo,48,5719,True,0.14169830436783482
Placebo,48,6055,True,0.26091443099010186
Placebo,48,6121,True,0.18328429842882335
Placebo,48,6128,True,0.23504053605316622
Placebo,48,6197,True,0.263214148477257
Placebo,48,6336,True,0.5664271959726579
Placebo,48,6577,True,0.34037942794455756
Placebo,48,6717,True,0.6131471927654585
Placebo,48,6906,False,0.0
Placebo,48,8550,True,0.0
Placebo,48,8576,True,0.5189513827372987
Placebo,48,8790,False,0.0
Placebo,48,8840,True,0.0
Placebo,48,8878,True,0.32739495038873945
Placebo,48,9337,True,0.06232532315595917
Placebo,48,9501,True,0.5277182587466601
Placebo,48,9512,False,0.0
Placebo,48,45,True,0.24309043185284057
Placebo,48,199,True,0.2168459040171148
Placebo,48,458,True,0.5092225309891077
Placebo,48,564,True,0.9591146533449257
Placebo,48,717,True,0.17451855981580688
Placebo,48,1109,True,0.6851353342796959
Placebo,48,1576,True,0.04528690766248656
Placebo,48,1711,True,0.0
Placebo,48,1868,False,0.0
Placebo,48,1942,True,0.2406914548986418
Placebo,48,2001,True,0.21995220922094683
Placebo,48,2217,True,0.11377041810078817
Placebo,48,2354,True,0.19939639226269368
Placebo,48,2761,True,0.0
Placebo,48,2980,True,0.0
Placebo,48,3021,True,0.09750766134500015
Placebo,48,3030,True,0.35620718710802235
Placebo,48,3046,True,0.4917253841444731
Placebo,48,3050,True,0.5691966098927099
Placebo,48,3288,True,0.2367460284110084
Placebo,48,3302,True,0.1674868212455434
Placebo,48,3794,True,0.1805505975149626
Placebo,48,3920,True,0.5069190348429794
Placebo,48,3965,True,0.0
Placebo,48,4193,True,0.0
Placebo,48,4294,True,0.16130057424766625
Placebo,48,4383,True,0.46357756581324683
Placebo,48,4474,True,0.0
Placebo,48,5068,True,0.22461013156664808
Placebo,48,5258,True,0.04565679690686911
Placebo,48,5306,True,0.6326586636794788
Placebo,48,5323,True,0.5226573769026016
Placebo,48,5421,True,0.5363041102095828
Placebo,48,5766,True,0.5616028654537459
Placebo,48,5877,True,0.0
Placebo,48,5887,True,0.08036018528064796
Placebo,48,6126,True,0.0
Placebo,48,6190,True,0.7025641457412847
Placebo,48,6224,True,0.44895870217430206
Placebo,48,6465,True,0.1596969716198995
Placebo,48,6853,True,0.13175847688434633
Placebo,48,6949,True,0.7138686274038888
Placebo,48,7107,True,0.07830333259355117
Placebo,48,7240,False,0.0
Placebo,48,7937,True,0.48995992892827284
Placebo,48,8015,True,0.10633668103022988
Placebo,48,8066,True,0.0
Placebo,48,8202,True,0.328566753546453
Placebo,48,8321,True,0.13239150132827476
Placebo,48,9222,True,0.0
Placebo,48,9453,True,0.4415516846411293
Placebo,48,73,True,0.17822195888038264
Placebo,48,390,True,0.5894580445691466
Placebo,48,424,True,0.09325030741737927
Placebo,48,715,True,0.4618772923905716
Placebo,48,915,True,0.0
Placebo,48,1579,True,0.0
Placebo,48,1643,True,0.08857376396551764
Placebo,48,1679,True,0.304243938051419
Placebo,48,1982,True,0.15840915256850244
Placebo,48,2027,True,0.3393305598849194
Placebo,48,2211,True,0.29615462344044
Placebo,48,2228,True,0.4954673370825409
Placebo,48,2352,True,0.0
Placebo,48,2520,True,0.10517431619883594
Placebo,48,2573,True,0.0
Placebo,48,2630,True,0.4796439000555656
Placebo,48,2666,True,0.4658230948382865
Placebo,48,2745,True,0.05854439592831935
Placebo,48,3149,True,0.34399698525361583
Placebo,48,3369,True,0.21178236725320382
Placebo,48,3617,True,0.32982214446058344
Placebo,48,3862,True,0.0
Placebo,48,4124,True,0.45500520294120367
Placebo,48,4218,True,0.32149208820088687
Placebo,48,4268,True,0.9178902068468359
Placebo,48,4452,False,0.0
Placebo,48,4522,True,0.05013355137207789
Placebo,48,4784,True,0.5728565957211279
Placebo,48,5139,True,0.17723928678404763
Placebo,48,5438,True,0.15505774585503782
Placebo,48,5565,True,0.0
Placebo,48,5684,True,0.28185593508185314
Placebo,48,5775,True,0.0
Placebo,48,6110,True,0.06124284226709497
Placebo,48,6488,True,0.06173816596236887
Placebo,48,6590,True,0.38334277998463445
Placebo,48,6793,True,0.19180002694679926
Placebo,48,7090,True,0.3936932538709571
Placebo,48,7112,True,0.09359072962204817
Placebo,48,7167,True,0.30271186466153
Placebo,48,7287,True,0.304878351772823
Placebo,48,7370,True,0.0
Placebo,48,7547,True,0.0
Placebo,48,7589,True,0.12716230740090387
Placebo,48,7622,True,0.44488084533696665
Placebo,48,7640,False,0.0
Placebo,48,7757,True,0.16530910023832618
Placebo,48,8162,True,0.600450773678004
Placebo,48,8508,True,0.0
Placebo,48,8597,True,0.19628207798069255
Placebo,48,8771,True,0.0
Placebo,48,288,True,0.44381802582003566
Placebo,48,635,True,0.47411684231903795
Placebo,48,654,True,0.19255843300311826
Placebo,48,699,True,0.476548432762238
Placebo,48,743,True,0.20668945204246908
Placebo,48,946,True,0.0
Placebo,48,976,True,0.1897918771409239
Placebo,48,1144,True,0.6647764548750901
Placebo,48,1187,True,0.5656865404252072
Placebo,48,1384,True,0.0
Placebo,48,1415,True,0.30714521708755893
Placebo,48,1443,True,0.09020315758404246
Placebo,48,1629,True,0.29839638292199494
Placebo,48,1684,True,0.1574315146538641
Placebo,48,1802,True,0.2182812350784588
Placebo,48,1914,True,0.3175421363920341
Placebo,48,2046,True,0.09232555472959778
Placebo,48,2071,True,0.13417141162679078
Placebo,48,2340,True,0.13808878121404658
Placebo,48,2749,True,0.24890083133234814
Placebo,48,3517,True,0.4941397007532073
Placebo,48,3758,True,0.09077394133714942
Placebo,48,4110,True,0.2669507571941387
Placebo,48,4111,True,0.0
Placebo,48,4144,True,0.13785678511792615
Placebo,48,5021,True,0.1687798522289681
Placebo,48,5032,True,0.49285852104073524
Placebo,48,5096,True,0.35861282450110427
Placebo,48,5109,True,0.4106354030803877
Placebo,48,5114,True,0.08421358772610599
Placebo,48,5977,True,0.0
Placebo,48,5984,True,0.11450412297593213
Placebo,48,6353,True,0.43893679827692944
Placebo,48,6373,True,0.0523257619315314
Placebo,48,6539,True,0.0
Placebo,48,6554,True,0.45821020641684257
Placebo,48,6884,True,0.045217324477482564
Placebo,48,6955,True,0.23170768250378493
Placebo,48,7020,True,0.5375718842510622
Placebo,48,7029,True,0.12950397533793942
Placebo,48,7280,True,0.22929721704843659
Placebo,48,7394,True,0.25545828335160814
Placebo,48,7795,True,0.49563342391958537
Placebo,48,8108,True,0.0
Placebo,48,8560,True,0.3869844394559516
Placebo,48,8632,True,0.2921172736193605
Placebo,48,8657,True,0.2230666947275542
Placebo,48,8777,True,0.5936614301745406
Placebo,48,9151,True,0.2736329341918345
Placebo,48,9609,True,0.24646108457048618
Placebo,49,102,True,0.3199527113916887
Placebo,49,314,True,0.43297797002289296
Placebo,49,1068,True,0.5293337096336974
Placebo,49,1525,True,0.10089830456021859
Placebo,49,1795,True,0.20780872359379304
Placebo,49,1929,True,0.4971542368979952
Placebo,49,1931,True,0.0
Placebo,49,1991,True,0.17000833911247373
Placebo,49,2528,True,0.34722198710367724
Placebo,49,2697,True,0.3620476809481489
Placebo,49,2834,True,0.5066511416050419
Placebo,49,2845,True,0.17818197603624308
Placebo,49,3031,True,0.10221502179288401
Placebo,49,3250,True,0.07839826897867538
Placebo,49,3308,True,0.42742692025888895
Placebo,49,3402,True,0.15121022044172427
Placebo,49,3426,True,0.07187006452250423
Placebo,49,3449,True,0.3253850142262892
Placebo,49,3756,True,0.048753830672500074
Placebo,49,4141,True,0.4213643499694895
Placebo,49,4210,True,0.3969151346422568
Placebo,49,4516,True,0.09489593857046195
Placebo,49,4692,True,0.1403860944330722
Placebo,49,4700,True,0.0
Placebo,49,4910,True,0.0
Placebo,49,4962,True,0.325035437168043
Placebo,49,5275,True,0.0
Placebo,49,5671,True,0.49611017126242596
Placebo,49,5683,True,0.23729607578068374
Placebo,49,6067,True,0.3541325176333757
Placebo,49,6378,True,0.36679996543489873
Placebo,49,6495,True,0.6337603103962112
Placebo,49,6868,True,0.34562156824953666
Placebo,49,6880,True,0.4735499503377232
Placebo,49,7144,True,0.42473078174036927
Placebo,49,7413,True,0.23851556066861349
Placebo,49,7526,True,0.0
Placebo,49,7531,True,0.14656879505245024
Placebo,49,7577,True,0.1595890771248963
Placebo,49,7621,True,0.514368814073043
Placebo,49,8198,True,0.06219294124838742
Placebo,49,8442,True,0.0
Placebo,49,8452,True,0.38496819650015085
Placebo,49,8476,True,0.17362348753790213
Placebo,49,8541,True,0.3934096622109191
Placebo,49,8802,True,0.3821740481297523
Placebo,49,8816,True,0.31075961079329034
Placebo,49,8852,True,0.12033364956339601
Placebo,49,9099,True,0.06124284226709497
Placebo,49,9479,True,0.0
Placebo,49,9625,False,0.0
Placebo,49,96,True,0.3868528072345415
Placebo,49,171,True,0.6217313716333972
Placebo,49,328,True,0.0
Placebo,49,387,True,0.0
Placebo,49,754,False,0.0
Placebo,49,983,True,0.19994264345562163
Placebo,49,1039,True,0.3904632839621995
Placebo,49,1098,True,0.040341526389047436
Placebo,49,1120,True,0.14357377676953753
Placebo,49,1275,True,0.40948754463576065
Placebo,49,1343,True,0.0
Placebo,49,1483,True,0.0
Placebo,49,2005,True,0.2200917662980802
Placebo,49,2048,True,0.25769613622684706
Placebo,49,2379,True,0.5276948337472975
Placebo,49,2516,True,0.25206494032666715
Placebo,49,2601,True,0.1610425878239397
Placebo,49,3210,True,0.35301686087887274
Placebo,49,3601,True,0.0
Placebo,49,3729,True,0.11302784302955242
Placebo,49,3832,True,0.38192110545319746
Placebo,49,4104,True,0.2828335327064474
Placebo,49,4286,True,0.3640527996243651
Placebo,49,4329,True,0.06362078819895167
Placebo,49,4553,True,0.10298233564263908
Placebo,49,4790,True,0.3903800499921017
Placebo,49,4844,True,0.09803928583135697
Placebo,49,4994,True,0.40749993785865246
Placebo,49,5020,True,0.4107340902826124
Placebo,49,5293,True,0.03285554183355297
Placebo,49,5338,True,0.48267682717669286
Placebo,49,5343,True,0.17749451620711684
Placebo,49,5464,True,0.1250218762217625
Placebo,49,5560,True,0.37750522878232917
Placebo,49,5719,True,0.5369316807475666
Placebo,49,6055,True,0.1170363967534973
Placebo,49,6121,True,0.2063691638665702
Placebo,49,6128,True,0.0
Placebo,49,6197,True,0.15653054778406195
Placebo,49,6336,True,0.5735051320040363
Placebo,49,6577,True,0.22936384808959145
Placebo,49,6717,True,0.0
Placebo,49,6906,False,0.0
Placebo,49,8550,True,0.0
Placebo,49,8576,True,0.4094509821666416
Placebo,49,8790,False,0.0
Placebo,49,8840,True,0.0
Placebo,49,8878,True,0.0
Placebo,49,9337,True,0.4876799661576025
Placebo,49,9501,True,0.6702276553270582
Placebo,49,9512,False,0.0
Placebo,49,45,True,0.4507027480971566
Placebo,49,199,True,0.17421550589429674
Placebo,49,458,True,0.32705674732938844
Placebo,49,564,True,0.7716945227499975
Placebo,49,717,True,0.0
Placebo,49,1109,True,0.542890578403342
Placebo,49,1576,True,0.08873727821548741
Placebo,49,1711,True,0.6309297535714573
Placebo,49,1868,False,0.0
Placebo,49,1942,True,0.42898027882202855
Placebo,49,2001,True,0.27043335442790556
Placebo,49,2217,True,0.0
Placebo,49,2354,True,0.22436703666962177
Placebo,49,2761,True,0.0
Placebo,49,2980,True,0.39106560501896387
Placebo,49,3021,True,0.3239134396887189
Placebo,49,3030,True,0.0
Placebo,49,3046,True,0.26742636112384083
Placebo,49,3050,True,0.4906765504122274
Placebo,49,3288,True,0.10691778193885865
Placebo,49,3302,True,0.03683186995726716
Placebo,49,3794,True,0.25566506900398484
Placebo,49,3920,True,0.15922715147128413
Placebo,49,3965,True,0.35774356177053784
Placebo,49,4193,True,0.28165118688286767
Placebo,49,4294,True,0.0
Placebo,49,4383,True,0.40903669928906317
Placebo,49,4474,True,0.0
Placebo,49,5068,True,0.2259198492815219
Placebo,49,5258,True,0.0
Placebo,49,5306,True,0.624149584769472
Placebo,49,5323,True,0.4501104523990587
Placebo,49,5421,True,0.6447614941174288
Placebo,49,5766,True,0.4980251217349309
Placebo,49,5877,True,0.2168139766222572
Placebo,49,5887,True,0.22369374063591502
Placebo,49,6126,True,0.0
Placebo,49,6190,True,0.41981670976038166
Placebo,49,6224,True,0.383926687239615
Placebo,49,6465,True,0.0
Placebo,49,6853,True,0.27890006111396815
Placebo,49,6949,True,0.6846102610603392
Placebo,49,7107,True,0.0
Placebo,49,7240,False,0.0
Placebo,49,7937,True,0.4833981810937742
Placebo,49,8015,True,0.15543291172269244
Placebo,49,8066,True,0.0
Placebo,49,8202,True,0.48461589589196497
Placebo,49,8321,True,0.45018794833809334
Placebo,49,9222,True,0.0
Placebo,49,9453,True,0.3722129032707255
Placebo,49,73,True,0.14982420171299154
Placebo,49,390,True,0.32730659600127004
Placebo,49,424,True,0.049941400570997205
Placebo,49,715,True,0.176429582141564
Placebo,49,915,True,0.2960819109658652
Placebo,49,1579,True,0.5240786431862196
Placebo,49,1643,True,0.0
Placebo,49,1679,True,0.22297733810509143
Placebo,49,1982,True,0.2200917662980802
Placebo,49,2027,True,0.40859598371029743
Placebo,49,2211,True,0.5629855258952889
Placebo,49,2228,True,0.06362078819895167
Placebo,49,2352,True,0.0
Placebo,49,2520,True,0.2172607128522299
Placebo,49,2573,True,0.09478836436955075
Placebo,49,2630,True,0.6571111580799576
Placebo,49,2666,True,0.43051456211881456
Placebo,49,2745,True,0.10956993204550432
Placebo,49,3149,True,0.123595152612206
Placebo,49,3369,True,0.35051746055452637
Placebo,49,3617,True,0.14228500257291357
Placebo,49,3862,True,0.08002159439830046
Placebo,49,4124,True,0.3518867361206325
Placebo,49,4218,True,0.2764582536639236
Placebo,49,4268,True,0.6659485553357843
Placebo,49,4452,False,0.0
Placebo,49,4522,True,0.22939828315449762
Placebo,49,4784,True,0.27694392344385066
Placebo,49,5139,True,0.2184074368181643
Placebo,49,5438,True,0.4167923864092448
Placebo,49,5565,True,0.0
Placebo,49,5684,True,0.19488189984066226
Placebo,49,5775,True,0.08274602130531994
Placebo,49,6110,True,0.0
Placebo,49,6488,True,0.05390557706473365
Placebo,49,6590,True,0.15887143153726957
Placebo,49,6793,True,0.1008674711662712
Placebo,49,7090,True,0.14061109204751876
Placebo,49,7112,True,0.0
Placebo,49,7167,True,0.5380754861464502
Placebo,49,7287,True,0.5495111946434867
Placebo,49,7370,True,0.213047415432132
Placebo,49,7547,True,0.0
Placebo,49,7589,True,0.0
Placebo,49,7622,True,0.25512279928577813
Placebo,49,7640,False,0.0
Placebo,49,7757,True,0.1532900482037471
Placebo,49,8162,True,0.49237124061025533
Placebo,49,8508,True,0.12033364956339601
Placebo,49,8597,True,0.16696451040254504
Placebo,49,8771,True,0.0
Placebo,49,288,True,0.2989165552813884
Placebo,49,635,True,0.22002856107460722
Placebo,49,654,True,0.0
Placebo,49,699,True,0.08082888512209942
Placebo,49,743,True,0.09556982176532462
Placebo,49,946,True,0.0
Placebo,49,976,True,0.0
Placebo,49,1144,True,0.5763614052867099
Placebo,49,1187,True,0.3259362517620251
Placebo,49,1384,True,0.06174580461097321
Placebo,49,1415,True,0.3279971817147244
Placebo,49,1443,True,0.25925960269378684
Placebo,49,1629,True,0.2613080943366759
Placebo,49,1684,True,0.0
Placebo,49,1802,True,0.2966682955332674
Placebo,49,1914,True,0.2828902023534179
Placebo,49,2046,True,0.10646464774659972
Placebo,49,2071,True,0.5665372262534345
Placebo,49,2340,True,0.3394999157341979
Placebo,49,2749,True,0.08802553921036955
Placebo,49,3517,True,0.3018040635492454
Placebo,49,3758,True,0.36229829426526716
Placebo,49,4110,True,0.20674229250989384
Placebo,49,4111,True,0.09546043308946738
Placebo,49,4144,True,0.20918797471026665
Placebo,49,5021,True,0.2233776340971905
Placebo,49,5032,True,0.18739511515991872
Placebo,49,5096,True,0.4700224107973547
Placebo,49,5109,True,0.3360998684747862
Placebo,49,5114,True,0.06673768929853467
Placebo,49,5977,True,0.0
Placebo,49,5984,True,0.2667284672917186
Placebo,49,6353,True,0.7243541138309351
Placebo,49,6373,True,0.05376685808255544
Placebo,49,6539,True,0.0
Placebo,49,6554,True,0.404156996198277
Placebo,49,6884,True,0.0
Placebo,49,6955,True,0.246906952196614
Placebo,49,7020,True,0.16585771289848503
Placebo,49,7029,True,0.2161590661354974
Placebo,49,7280,True,0.0
Placebo,49,7394,True,0.08961018273726934
Placebo,49,7795,True,0.35473002832448014
Placebo,49,8108,True,0.0
Placebo,49,8560,True,0.3328325410346024
Placebo,49,8632,True,0.4452081618516388
Placebo,49,8657,True,0.3654040837738752
Placebo,49,8777,True,0.5905814735966733
Placebo,49,9151,True,0.18854366173599177
Placebo,49,9609,True,0.24053758778606507
Placebo,50,102,True,0.453781325538267
Placebo,50,314,True,0.1806499795188868
Placebo,50,1068,True,0.39853119550106975
Placebo,50,1525,True,0.1188301759289262
Placebo,50,1795,True,0.18455880151365966
Placebo,50,1929,True,0.4896349270442004
Placebo,50,1931,True,0.0
Placebo,50,1991,True,0.2827161487870374
Placebo,50,2528,True,0.2743317442709147
Placebo,50,2697,True,0.6735769285076671
Placebo,50,2834,True,0.5772578712648615
Placebo,50,2845,True,0.3285011625017023
Placebo,50,3031,True,0.23607684639906726
Placebo,50,3250,True,0.23365080824310527
Placebo,50,3308,True,0.5181190644203317
Placebo,50,3402,True,0.3561943833944897
Placebo,50,3426,True,0.018175779827242507
Placebo,50,3449,True,0.3164377759503196
Placebo,50,3756,True,0.2841642666202648
Placebo,50,4141,True,0.5391991344893378
Placebo,50,4210,True,0.1755140525584664
Placebo,50,4516,True,0.30233394012660963
Placebo,50,4692,True,0.0
Placebo,50,4700,True,0.09614715734857844
Placebo,50,4910,True,0.0
Placebo,50,4962,True,0.12983380180421736
Placebo,50,5275,True,0.0
Placebo,50,5671,True,0.38130905334414406
Placebo,50,5683,True,0.11909949848829145
Placebo,50,6067,True,0.31045333268219694
Placebo,50,6378,True,0.329426132822203
Placebo,50,6495,True,0.40423401784574636
Placebo,50,6868,True,0.4504704909711864
Placebo,50,6880,True,0.6089446136315626
Placebo,50,7144,True,0.14673827755608812
Placebo,50,7413,True,0.06943122193677731
Placebo,50,7526,True,0.1356519734324477
Placebo,50,7531,True,0.0
Placebo,50,7577,True,0.0
Placebo,50,7621,True,0.22625614068848837
Placebo,50,8198,True,0.21870684523675302
Placebo,50,8442,True,0.0
Placebo,50,8452,True,0.35713428918159607
Placebo,50,8476,True,0.25385137482917813
Placebo,50,8541,True,0.2825926711955272
Placebo,50,8802,True,0.2663962184731679
Placebo,50,8816,True,0.36995310344216387
Placebo,50,8852,True,0.2741708125981703
Placebo,50,9099,True,0.2012654615715974
Placebo,50,9479,True,0.10369639533646707
Placebo,50,9625,False,0.0
Placebo,50,96,True,0.1206049945212052
Placebo,50,171,True,0.5522654773870531
Placebo,50,328,True,0.0
Placebo,50,387,True,0.02607213242327893
Placebo,50,754,False,0.0
Placebo,50,983,True,0.34316872041003055
Placebo,50,1039,True,0.31537835827931454
Placebo,50,1098,True,0.21549208181334603
Placebo,50,1120,True,0.17071634444125866
Placebo,50,1275,True,0.05683075013322683
Placebo,50,1343,True,0.348316593674285
Placebo,50,1483,True,0.1766524197866914
Placebo,50,2005,True,0.2984900352767556
Placebo,50,2048,True,0.4203479316728907
Placebo,50,2379,True,0.4522848851465633
Placebo,50,2516,True,0.38243540927555075
Placebo,50,2601,True,0.3677191871606185
Placebo,50,3210,True,0.227709870891444
Placebo,50,3601,True,0.0
Placebo,50,3729,True,0.0
Placebo,50,3832,True,0.3938970096027005
Placebo,50,4104,True,0.4627376324965622
Placebo,50,4286,True,0.15231100066625022
Placebo,50,4329,True,0.26144322424505007
Placebo,50,4553,True,0.14989655971084928
Placebo,50,4790,True,0.0
Placebo,50,4844,True,0.0
Placebo,50,4994,True,0.12803054759340396
Placebo,50,5020,True,0.3133293159741201
Placebo,50,5293,True,0.34530711326759816
Placebo,50,5338,True,0.5030425118101075
Placebo,50,5343,True,0.24492046923181401
Placebo,50,5464,True,0.2354046667487696
Placebo,50,5560,True,0.539226688984881
Placebo,50,5719,True,0.0754756385123203
Placebo,50,6055,True,0.32824678733201545
Placebo,50,6121,True,0.33432585107589147
Placebo,50,6128,True,0.048903814947724306
Placebo,50,6197,True,0.3805680658163269
Placebo,50,6336,True,0.31663332167352687
Placebo,50,6577,True,0.34184461037604275
Placebo,50,6717,True,0.0
Placebo,50,6906,False,0.0
Placebo,50,8550,True,0.0
Placebo,50,8576,True,0.3471357245055705
Placebo,50,8790,False,0.0
Placebo,50,8840,True,0.0
Placebo,50,8878,True,0.6199062332840657
Placebo,50,9337,True,0.08340940864997516
Placebo,50,9501,True,0.5361168535218582
Placebo,50,9512,False,0.0
Placebo,50,45,True,0.08095644768731552
Placebo,50,199,True,0.3264728815740495
Placebo,50,458,True,0.3819569590938617
Placebo,50,564,True,0.900346883204941
Placebo,50,717,True,0.4052195471156028
Placebo,50,1109,True,0.6830571099661461
Placebo,50,1576,True,0.2987526431894499
Placebo,50,1711,True,0.0
Placebo,50,1868,False,0.0
Placebo,50,1942,True,0.5284405261087811
Placebo,50,2001,True,0.3539411182855981
Placebo,50,2217,True,0.1596969716198995
Placebo,50,2354,True,0.35777309845287986
Placebo,50,2761,True,0.07142489948912922
Placebo,50,2980,True,0.14126697285982884
Placebo,50,3021,True,0.09158083663141148
Placebo,50,3030,True,0.0
Placebo,50,3046,True,0.22805211110818271
Placebo,50,3050,True,0.4674764271965621
Placebo,50,3288,True,0.3571691192329844
Placebo,50,3302,True,0.32688469892838423
Placebo,50,3794,True,0.18347524551037375
Placebo,50,3920,True,0.18676042717845961
Placebo,50,3965,True,0.14876390584057267
Placebo,50,4193,True,0.6926439077024505
Placebo,50,4294,True,0.0
Placebo,50,4383,True,0.43741203344406393
Placebo,50,4474,True,0.0
Placebo,50,5068,True,0.4218210874518651
Placebo,50,5258,True,0.0
Placebo,50,5306,True,0.6552730161377031
Placebo,50,5323,True,0.8275349496915883
Placebo,50,5421,True,0.5221205846550087
Placebo,50,5766,True,0.4231739243890326
Placebo,50,5877,True,0.0
Placebo,50,5887,True,0.09976268686743282
Placebo,50,6126,True,0.0
Placebo,50,6190,True,0.42734384126210245
Placebo,50,6224,True,0.1100458831490401
Placebo,50,6465,True,0.0
Placebo,50,6853,True,0.1114521812608624
Placebo,50,6949,True,0.6444113698738834
Placebo,50,7107,True,0.0
Placebo,50,7240,False,0.0
Placebo,50,7937,True,0.47640210131044197
Placebo,50,8015,True,0.5276252255537587
Placebo,50,8066,True,0.0
Placebo,50,8202,True,0.45449873105551447
Placebo,50,8321,True,0.31428969608327373
Placebo,50,9222,True,0.0
Placebo,50,9453,True,0.4536250858848467
Placebo,50,73,True,0.2723098862471815
Placebo,50,390,True,0.44564946757701296
Placebo,50,424,True,0.2756749070244003
Placebo,50,715,True,0.5930739458763804
Placebo,50,915,True,0.0
Placebo,50,1579,True,0.07433598254250207
Placebo,50,1643,True,0.08452085079694185
Placebo,50,1679,True,0.3049391068288831
Placebo,50,1982,True,0.09478836436955075
Placebo,50,2027,True,0.366786929026775
Placebo,50,2211,True,0.27555194421992346
Placebo,50,2228,True,0.144296574534561
Placebo,50,2352,True,0.0
Placebo,50,2520,True,0.17456122988258888
Placebo,50,2573,True,0.3052348839397012
Placebo,50,2630,True,0.4640690454413498
Placebo,50,2666,True,0.4514269320277205
Placebo,50,2745,True,0.2895702397070622
Placebo,50,3149,True,0.38170348555032
Placebo,50,3369,True,0.12745089184537195
Placebo,50,3617,True,0.14725491631465779
Placebo,50,3862,True,0.0784312679489243
Placebo,50,4124,True,0.2671947143314908
Placebo,50,4218,True,0.08797117839993933
Placebo,50,4268,True,0.8165204831910386
Placebo,50,4452,False,0.0
Placebo,50,4522,True,0.0
Placebo,50,4784,True,0.6918131691968402
Placebo,50,5139,True,0.0
Placebo,50,5438,True,0.39077027854076174
Placebo,50,5565,True,0.20524797170400524
Placebo,50,5684,True,0.37152985213589673
Placebo,50,5775,True,0.08274602130531994
Placebo,50,6110,True,0.120013679648517
Placebo,50,6488,True,0.06927390663210685
Placebo,50,6590,True,0.07075576072108053
Placebo,50,6793,True,0.1909208661789346
Placebo,50,7090,True,0.04213992237575467
Placebo,50,7112,True,0.2613080943366759
Placebo,50,7167,True,0.30529905801146145
Placebo,50,7287,True,0.7184666912775252
Placebo,50,7370,True,0.2444521888215188
Placebo,50,7547,True,0.21794727192609312
Placebo,50,7589,True,0.04750922006459467
Placebo,50,7622,True,0.2839881095357388
Placebo,50,7640,False,0.0
Placebo,50,7757,True,0.16170247035798407
Placebo,50,8162,True,0.4368597567584891
Placebo,50,8508,True,0.12315119437036504
Placebo,50,8597,True,0.18292968638887624
Placebo,50,8771,True,0.0
Placebo,50,288,True,0.30975861424458473
Placebo,50,635,True,0.19418513419020542
Placebo,50,654,True,0.20140397249445238
Placebo,50,699,True,0.2410681248198128
Placebo,50,743,True,0.3406990468031702
Placebo,50,946,True,0.0
Placebo,50,976,True,0.0
Placebo,50,1144,True,0.6892504594332913
Placebo,50,1187,True,0.2329091196469066
Placebo,50,1384,True,0.0
Placebo,50,1415,True,0.15008663240155154
Placebo,50,1443,True,0.11591982604869
Placebo,50,1629,True,0.0
Placebo,50,1684,True,0.47112177731734367
Placebo,50,1802,True,0.16562850902381215
Placebo,50,1914,True,0.5995505333451012
Placebo,50,2046,True,0.319393943239799
Placebo,50,2071,True,0.0
Placebo,50,2340,True,0.09720567390390628
Placebo,50,2749,True,0.3293534316046462
Placebo,50,3517,True,0.5651126535626598
Placebo,50,3758,True,0.0
Placebo,50,4110,True,0.17000833911247373
Placebo,50,4111,True,0.0
Placebo,50,4144,True,0.14955438409214866
Placebo,50,5021,True,0.0
Placebo,50,5032,True,0.29593269802173056
Placebo,50,5096,True,0.33677560408632967
Placebo,50,5109,True,0.5652721445844076
Placebo,50,5114,True,0.27324698174217515
Placebo,50,5977,True,0.0
Placebo,50,5984,True,0.3358631110641682
Placebo,50,6353,True,0.617637047692039
Placebo,50,6373,True,0.24195086137149938
Placebo,50,6539,True,0.0
Placebo,50,6554,True,0.24274773039022757
Placebo,50,6884,True,0.1564262420075856
Placebo,50,6955,True,0.048753830672500074
Placebo,50,7020,True,0.32493590482445756
Placebo,50,7029,True,0.16457232593776192
Placebo,50,7280,True,0.21322878818950852
Placebo,50,7394,True,0.3239134396887189
Placebo,50,7795,True,0.3110273375221082
Placebo,50,8108,True,0.2816575879096919
Placebo,50,8560,True,0.3570512464945997
Placebo,50,8632,True,0.34816902446355297
Placebo,50,8657,True,0.3210616007208578
Placebo,50,8777,True,0.3868217115193699
Placebo,50,9151,True,0.195931006041961
Placebo,50,9609,True,0.37985030038288536
Placebo,51,102,True,0.4454356154654092
Placebo,51,314,True,0.3677784230422523
Placebo,51,1068,True,0.6136007324715257
Placebo,51,1525,True,0.2193137488308673
Placebo,51,1795,True,0.16122027321218516
Placebo,51,1929,True,0.43084143093328303
Placebo,51,1931,True,0.0
Placebo,51,1991,True,0.0
Placebo,51,2528,True,0.520604124205084
Placebo,51,2697,True,0.2312809419346981
Placebo,51,2834,True,0.21678905352716857
Placebo,51,2845,True,0.21282588265010652
Placebo,51,3031,True,0.18229299499732662
Placebo,51,3250,True,0.0
Placebo,51,3308,True,0.16814985629822496
Placebo,51,3402,True,0.4542856807495998
Placebo,51,3426,True,0.06801744314752252
Placebo,51,3449,True,0.47598686304095533
Placebo,51,3756,True,0.2897510708593637
Placebo,51,4141,True,0.22008194376712942
Placebo,51,4210,True,0.10644397828150137
Placebo,51,4516,True,0.09489593857046195
Placebo,51,4692,True,0.0
Placebo,51,4700,True,0.0
Placebo,51,4910,True,0.0
Placebo,51,4962,True,0.1992455813568517
Placebo,51,5275,True,0.249636067884735
Placebo,51,5671,True,0.34933328149491644
Placebo,51,5683,True,0.24051935805437297
Placebo,51,6067,True,0.471722367083855
Placebo,51,6378,True,0.3206099636569531
Placebo,51,6495,True,0.6196115604063409
Placebo,51,6868,True,0.5406697361143478
Placebo,51,6880,True,0.4529664876826752
Placebo,51,7144,True,0.3262309060472795
Placebo,51,7413,True,0.14201905717762706
Placebo,51,7526,True,0.14126697285982884
Placebo,51,7531,True,0.19796913992750492
Placebo,51,7577,True,0.0
Placebo,51,7621,True,0.1381350191027774
Placebo,51,8198,True,0.11381311447980796
Placebo,51,8442,True,0.0
Placebo,51,8452,True,0.3466166493593893
Placebo,51,8476,True,0.3617494448502961
Placebo,51,8541,True,0.5218512366965272
Placebo,51,8802,True,0.27851168059622156
Placebo,51,8816,True,0.19687407778989194
Placebo,51,8852,True,0.2463023887407299
Placebo,51,9099,True,0.05566418523861733
Placebo,51,9479,True,0.23513869987079639
Placebo,51,9625,False,0.0
Placebo,51,96,True,0.3868528072345415
Placebo,51,171,True,0.4278047710989863
Placebo,51,328,True,0.0
Placebo,51,387,True,0.05214426484655786
Placebo,51,754,False,0.0
Placebo,51,983,True,0.2879090948898656
Placebo,51,1039,True,0.34588930023231423
Placebo,51,1098,True,0.34095829489463625
Placebo,51,1120,True,0.25123522462796205
Placebo,51,1275,True,0.14844594215708576
Placebo,51,1343,True,0.1427951440361374
Placebo,51,1483,True,0.2480599233303398
Placebo,51,2005,True,0.13830142792603042
Placebo,51,2048,True,0.6577358957545923
Placebo,51,2379,True,0.4496172567984321
Placebo,51,2516,True,0.3621657795365296
Placebo,51,2601,True,0.20158874947556496
Placebo,51,3210,True,0.3368356577570264
Placebo,51,3601,True,0.0
Placebo,51,3729,True,0.0
Placebo,51,3832,True,0.24283924829036954
Placebo,51,4104,True,0.3570383197194904
Placebo,51,4286,True,0.13671714205819202
Placebo,51,4329,True,0.26873745552689515
Placebo,51,4553,True,0.1382278178819484
Placebo,51,4790,True,0.0
Placebo,51,4844,True,0.0
Placebo,51,4994,True,0.12770723493062425
Placebo,51,5020,True,0.43749854223874957
Placebo,51,5293,True,0.3257848458927385
Placebo,51,5338,True,0.4121987221334384
Placebo,51,5343,True,0.18930620336328496
Placebo,51,5464,True,0.39053429837942677
Placebo,51,5560,True,0.5396151708086482
Placebo,51,5719,True,0.37579524035572637
Placebo,51,6055,True,0.41406328261580055
Placebo,51,6121,True,0.5695567287563541
Placebo,51,6128,True,0.0
Placebo,51,6197,True,0.1576995957062023
Placebo,51,6336,True,0.4595006530181562
Placebo,51,6577,True,0.5018554711742268
Placebo,51,6717,True,0.18900105019841942
Placebo,51,6906,False,0.0
Placebo,51,8550,True,0.0
Placebo,51,8576,True,0.3750691765533989
Placebo,51,8790,False,0.0
Placebo,51,8840,True,0.18457569677956798
Placebo,51,8878,True,0.07324782577350217
Placebo,51,9337,True,0.2407276755660172
Placebo,51,9501,True,0.6337632087186728
Placebo,51,9512,False,0.0
Placebo,51,45,True,0.0
Placebo,51,199,True,0.0
Placebo,51,458,True,0.30823236712705104
Placebo,51,564,True,0.9668728882728055
Placebo,51,717,True,0.0
Placebo,51,1109,True,0.3478497654927094
Placebo,51,1576,True,0.1555538530085045
Placebo,51,1711,True,0.0
Placebo,51,1868,False,0.0
Placebo,51,1942,True,0.43971214501902556
Placebo,51,2001,True,0.3662208764162551
Placebo,51,2217,True,0.22227554017683263
Placebo,51,2354,True,0.3540724506322727
Placebo,51,2761,True,0.0
Placebo,51,2980,True,0.0
Placebo,51,3021,True,0.0576901476090013
Placebo,51,3030,True,0.0
Placebo,51,3046,True,0.3301088515165607
Placebo,51,3050,True,0.49535793418206525
Placebo,51,3288,True,0.45176620737672696
Placebo,51,3302,True,0.17280430617228196
Placebo,51,3794,True,0.25566506900398484
Placebo,51,3920,True,0.2807153430576086
Placebo,51,3965,True,0.0
Placebo,51,4193,True,0.0
Placebo,51,4294,True,0.0
Placebo,51,4383,True,0.6069151809519278
Placebo,51,4474,True,0.0
Placebo,51,5068,True,0.10218331334064325
Placebo,51,5258,True,0.0
Placebo,51,5306,True,0.4204717888200597
Placebo,51,5323,True,0.3515509656013012
Placebo,51,5421,True,0.42783653371257896
Placebo,51,5766,True,0.5141454926026205
Placebo,51,5877,True,0.22913742128089312
Placebo,51,5887,True,0.3774028606316555
Placebo,51,6126,True,0.3010299956639808
Placebo,51,6190,True,0.39277213443692177
Placebo,51,6224,True,0.06943122193677731
Placebo,51,6465,True,0.0
Placebo,51,6853,True,0.12756662286325576
Placebo,51,6949,True,0.5408452277394019
Placebo,51,7107,True,0.15660666518710234
Placebo,51,7240,False,0.0
Placebo,51,7937,True,0.39835775036276094
Placebo,51,8015,True,0.09791292534996787
Placebo,51,8066,True,0.0
Placebo,51,8202,True,0.2664686317888818
Placebo,51,8321,True,0.21117558780495457
Placebo,51,9222,True,0.0
Placebo,51,9453,True,0.5309626335697909
Placebo,51,73,True,0.16511525844053823
Placebo,51,390,True,0.436785282118427
Placebo,51,424,True,0.11136969572538574
Placebo,51,715,True,0.18105541173785364
Placebo,51,915,True,0.0
Placebo,51,1579,True,0.08340940864997516
Placebo,51,1643,True,0.09359072962204817
Placebo,51,1679,True,0.48922964795701485
Placebo,51,1982,True,0.2984900352767556
Placebo,51,2027,True,0.6077254962809848
Placebo,51,2211,True,0.13777597210996184
Placebo,51,2228,True,0.3134684829002229
Placebo,51,2352,True,0.0
Placebo,51,2520,True,0.2200917662980802
Placebo,51,2573,True,0.15840915256850244
Placebo,51,2630,True,0.6020758486985591
Placebo,51,2666,True,0.2497337402633503
Placebo,51,2745,True,0.05478496602275216
Placebo,51,3149,True,0.18803539937141853
Placebo,51,3369,True,0.5024663912658855
Placebo,51,3617,True,0.03858303713187615
Placebo,51,3862,True,0.0
Placebo,51,4124,True,0.4703831257198795
Placebo,51,4218,True,0.31407112844148904
Placebo,51,4268,True,0.9350624941733298
Placebo,51,4452,False,0.0
Placebo,51,4522,True,0.24376247905917636
Placebo,51,4784,True,0.4753782034277069
Placebo,51,5139,True,0.0
Placebo,51,5438,True,0.2856370074141241
Placebo,51,5565,True,0.0
Placebo,51,5684,True,0.1079013135953422
Placebo,51,5775,True,0.02648569314425579
Placebo,51,6110,True,0.17126268641562425
Placebo,51,6488,True,0.0
Placebo,51,6590,True,0.29289999820461743
Placebo,51,6793,True,0.24676163983887411
Placebo,51,7090,True,0.30637875169839035
Placebo,51,7112,True,0.0
Placebo,51,7167,True,0.36184213135171633
Placebo,51,7287,True,0.20365873979554858
Placebo,51,7370,True,0.18498239443838826
Placebo,51,7547,True,0.0
Placebo,51,7589,True,0.06358115370045193
Placebo,51,7622,True,0.13893229086313383
Placebo,51,7640,False,0.0
Placebo,51,7757,True,0.1531159636584622
Placebo,51,8162,True,0.676697838496937
Placebo,51,8508,True,0.2463023887407299
Placebo,51,8597,True,0.07114605225042078
Placebo,51,8771,True,0.0
Placebo,51,288,True,0.5974814349938282
Placebo,51,635,True,0.6012661925386454
Placebo,51,654,True,0.17110776137273198
Placebo,51,699,True,0.20141596725722802
Placebo,51,743,True,0.18488667687504376
Placebo,51,946,True,0.0
Placebo,51,976,True,0.0
Placebo,51,1144,True,0.6311096555517801
Placebo,51,1187,True,0.4621781429974701
Placebo,51,1384,True,0.10936687045412875
Placebo,51,1415,True,0.22644585992733116
Placebo,51,1443,True,0.14982420171299154
Placebo,51,1629,True,0.2807721888661444
Placebo,51,1684,True,0.11339077673895714
Placebo,51,1802,True,0.0
Placebo,51,1914,True,0.3591089155828278
Placebo,51,2046,True,0.0
Placebo,51,2071,True,0.0
Placebo,51,2340,True,0.3489883007608239
Placebo,51,2749,True,0.5441017030951822
Placebo,51,3517,True,0.44323789680686576
Placebo,51,3758,True,0.04247244516790244
Placebo,51,4110,True,0.3267496438728194
Placebo,51,4111,True,0.0
Placebo,51,4144,True,0.5130572124356084
Placebo,51,5021,True,0.0
Placebo,51,5032,True,0.5051254520367298
Placebo,51,5096,True,0.0
Placebo,51,5109,True,0.27444325513940543
Placebo,51,5114,True,0.0
Placebo,51,5977,True,0.0
Placebo,51,5984,True,0.2678145095834614
Placebo,51,6353,True,0.40122661381716523
Placebo,51,6373,True,0.023313161239938596
Placebo,51,6539,True,0.0
Placebo,51,6554,True,0.2879709655699768
Placebo,51,6884,True,0.0
Placebo,51,6955,True,0.0
Placebo,51,7020,True,0.27288869372952446
Placebo,51,7029,True,0.09478836436955075
Placebo,51,7280,True,0.17046599522059347
Placebo,51,7394,True,0.14761755546710226
Placebo,51,7795,True,0.5328381466459868
Placebo,51,8108,True,0.2200917662980802
Placebo,51,8560,True,0.20945513513323868
Placebo,51,8632,True,0.6188079920023977
Placebo,51,8657,True,0.03312711172719448
Placebo,51,8777,True,0.2551399149020681
Placebo,51,9151,True,0.0
Placebo,51,9609,True,0.3494434202131252
Placebo,52,102,True,0.15916977447968597
Placebo,52,314,True,0.4292103396712464
Placebo,52,1068,True,0.5887996857552872
Placebo,52,1525,True,0.0
Placebo,52,1795,True,0.33634812300194666
Placebo,52,1929,True,0.5197651486443456
Placebo,52,1931,True,0.0
Placebo,52,1991,True,0.16842717545221186
Placebo,52,2528,True,0.3086769890241634
Placebo,52,2697,True,0.3965444075667168
Placebo,52,2834,True,0.5102319113874032
Placebo,52,2845,True,0.3159386325337448
Placebo,52,3031,True,0.1659740528037033
Placebo,52,3250,True,0.0713975720180687
Placebo,52,3308,True,0.2808160639884057
Placebo,52,3402,True,0.20518447989927577
Placebo,52,3426,True,0.17296391065743186
Placebo,52,3449,True,0.272929615378334
Placebo,52,3756,True,0.11656695375225003
Placebo,52,4141,True,0.34771052656631835
Placebo,52,4210,True,0.17425710136125133
Placebo,52,4516,True,0.0571330479527911
Placebo,52,4692,True,0.4579197167971796
Placebo,52,4700,True,0.1486262278819524
Placebo,52,4910,True,0.0
Placebo,52,4962,True,0.05322346041535818
Placebo,52,5275,True,0.27786458172626766
Placebo,52,5671,True,0.3940668628259205
Placebo,52,5683,True,0.183597306122996
Placebo,52,6067,True,0.36359619740521293
Placebo,52,6378,True,0.32338304715237315
Placebo,52,6495,True,0.7068529192505835
Placebo,52,6868,True,0.47187432764341036
Placebo,52,6880,True,0.3780465047931479
Placebo,52,7144,True,0.3378313462190665
Placebo,52,7413,True,0.2959728618370979
Placebo,52,7526,True,0.0
Placebo,52,7531,True,0.06715150624238254
Placebo,52,7577,True,0.3349970891768242
Placebo,52,7621,True,0.2952570516170338
Placebo,52,8198,True,0.0543026559841585
Placebo,52,8442,True,0.0
Placebo,52,8452,True,0.3238193183203207
Placebo,52,8476,True,0.2516604198781691
Placebo,52,8541,True,0.4600340286620422
Placebo,52,8802,True,0.22746858709689013
Placebo,52,8816,True,0.0580871869431354
Placebo,52,8852,True,0.13905617951077567
Placebo,52,9099,True,0.06124284226709497
Placebo,52,9479,True,0.0821774490341282
Placebo,52,9625,False,0.0
Placebo,52,96,True,0.0
Placebo,52,171,True,0.6947651160602988
Placebo,52,328,True,0.0
Placebo,52,387,True,0.0
Placebo,52,754,False,0.0
Placebo,52,983,True,0.35622720988614703
Placebo,52,1039,True,0.3412324798934011
Placebo,52,1098,True,0.33557269181691496
Placebo,52,1120,True,0.1555538530085045
Placebo,52,1275,True,0.30728781934605953
Placebo,52,1343,True,0.07588109553901774
Placebo,52,1483,True,0.059292163622736496
Placebo,52,2005,True,0.09910344914637946
Placebo,52,2048,True,0.25465881061846546
Placebo,52,2379,True,0.4135849282023248
Placebo,52,2516,True,0.3180590409856098
Placebo,52,2601,True,0.2223775711604858
Placebo,52,3210,True,0.16187557305289368
Placebo,52,3601,True,0.0
Placebo,52,3729,True,0.047264273332909064
Placebo,52,3832,True,0.12200868647742313
Placebo,52,4104,True,0.40228674938203984
Placebo,52,4286,True,0.31543596599138196
Placebo,52,4329,True,0.1100458831490401
Placebo,52,4553,True,0.3554693771607921
Placebo,52,4790,True,0.0
Placebo,52,4844,True,0.0
Placebo,52,4994,True,0.12116745611854099
Placebo,52,5020,True,0.5766742196009614
Placebo,52,5293,True,0.18607189533807858
Placebo,52,5338,True,0.6210015305463663
Placebo,52,5343,True,0.34790026538359325
Placebo,52,5464,True,0.2237381654799958
Placebo,52,5560,True,0.4107054474478595
Placebo,52,5719,True,0.39479736532606047
Placebo,52,6055,True,0.4197482614150273
Placebo,52,6121,True,0.22840670638901409
Placebo,52,6128,True,0.1983297052269103
Placebo,52,6197,True,0.1122829186731428
Placebo,52,6336,True,0.6413890697859558
Placebo,52,6577,True,0.6623752171459704
Placebo,52,6717,True,0.0
Placebo,52,6906,False,0.0
Placebo,52,8550,True,0.0
Placebo,52,8576,True,0.4936790360674167
Placebo,52,8790,False,0.0
Placebo,52,8840,True,0.0
Placebo,52,8878,True,0.3800937667159343
Placebo,52,9337,True,0.20111752027445162
Placebo,52,9501,True,0.4470948134079135
Placebo,52,9512,False,0.0
Placebo,52,45,True,0.0
Placebo,52,199,True,0.09797563950575583
Placebo,52,458,True,0.34050131826645613
Placebo,52,564,True,0.8355285131336071
Placebo,52,717,True,0.0
Placebo,52,1109,True,0.31797898356052795
Placebo,52,1576,True,0.21286841600050774
Placebo,52,1711,True,0.0
Placebo,52,1868,False,0.0
Placebo,52,1942,True,0.2118281299545016
Placebo,52,2001,True,0.12475108006720635
Placebo,52,2217,True,0.0
Placebo,52,2354,True,0.10124161603625309
Placebo,52,2761,True,0.0
Placebo,52,2980,True,0.0
Placebo,52,3021,True,0.05253861497588741
Placebo,52,3030,True,0.0
Placebo,52,3046,True,0.33002298091887866
Placebo,52,3050,True,0.35424748763184305
Placebo,52,3288,True,0.16151534657938668
Placebo,52,3302,True,0.29421056967303066
Placebo,52,3794,True,0.32551889335676065
Placebo,52,3920,True,0.20904936749052636
Placebo,52,3965,True,0.2366446416180667
Placebo,52,4193,True,0.46461208786803637
Placebo,52,4294,True,0.06946837613224666
Placebo,52,4383,True,0.41974834601778427
Placebo,52,4474,True,0.0
Placebo,52,5068,True,0.11849127216751587
Placebo,52,5258,True,0.0
Placebo,52,5306,True,0.6288945601103194
Placebo,52,5323,True,0.7429519735531266
Placebo,52,5421,True,0.6785382382981959
Placebo,52,5766,True,0.402540062220518
Placebo,52,5877,True,0.27310904204145425
Placebo,52,5887,True,0.30541394812173966
Placebo,52,6126,True,0.0
Placebo,52,6190,True,0.7350998136049429
Placebo,52,6224,True,0.5391870169376467
Placebo,52,6465,True,0.0
Placebo,52,6853,True,0.17930336604258673
Placebo,52,6949,True,0.3385247755960068
Placebo,52,7107,True,0.0
Placebo,52,7240,False,0.0
Placebo,52,7937,True,0.2085942379309777
Placebo,52,8015,True,0.32894403316032006
Placebo,52,8066,True,0.0
Placebo,52,8202,True,0.3825151186503844
Placebo,52,8321,True,0.2959389375712346
Placebo,52,9222,True,0.0
Placebo,52,9453,True,0.24912532289611394
Placebo,52,73,True,0.0
Placebo,52,390,True,0.5202583870198921
Placebo,52,424,True,0.26574402776168154
Placebo,52,715,True,0.23968188107000535
Placebo,52,915,True,0.20210734650054754
Placebo,52,1579,True,0.1545951217417152
Placebo,52,1643,True,0.0
Placebo,52,1679,True,0.55217445147904
Placebo,52,1982,True,0.1465442064712535
Placebo,52,2027,True,0.2755495470096388
Placebo,52,2211,True,0.1689539010595103
Placebo,52,2228,True,0.25485773764275577
Placebo,52,2352,True,0.0
Placebo,52,2520,True,0.1427951440361374
Placebo,52,2573,True,0.06362078819895167
Placebo,52,2630,True,0.5212615580628132
Placebo,52,2666,True,0.5580175150658956
Placebo,52,2745,True,0.0
Placebo,52,3149,True,0.05868466676621152
Placebo,52,3369,True,0.08305152209984393
Placebo,52,3617,True,0.13823391163571233
Placebo,52,3862,True,0.0
Placebo,52,4124,True,0.5944278623559263
Placebo,52,4218,True,0.3733585638979293
Placebo,52,4268,True,0.7349253631991269
Placebo,52,4452,False,0.0
Placebo,52,4522,True,0.04236776600349701
Placebo,52,4784,True,0.3011825095629331
Placebo,52,5139,True,0.20438239758848625
Placebo,52,5438,True,0.0419214060382059
Placebo,52,5565,True,0.0
Placebo,52,5684,True,0.13567475897131237
Placebo,52,5775,True,0.09791292534996787
Placebo,52,6110,True,0.20415589696768424
Placebo,52,6488,True,0.26860567638368216
Placebo,52,6590,True,0.3404538694014281
Placebo,52,6793,True,0.2917883373452058
Placebo,52,7090,True,0.1297559932741616
Placebo,52,7112,True,0.0
Placebo,52,7167,True,0.4492728162921029
Placebo,52,7287,True,0.4325842675410242
Placebo,52,7370,True,0.17033361652339057
Placebo,52,7547,True,0.0
Placebo,52,7589,True,0.04947575425284123
Placebo,52,7622,True,0.32699775234764783
Placebo,52,7640,False,0.0
Placebo,52,7757,True,0.16400972309069278
Placebo,52,8162,True,0.6365785041069698
Placebo,52,8508,True,0.11518062305268108
Placebo,52,8597,True,0.4450489873499763
Placebo,52,8771,True,0.0
Placebo,52,288,True,0.6490117137150494
Placebo,52,635,True,0.30116475050281666
Placebo,52,654,True,0.11381311447980796
Placebo,52,699,True,0.21221690695905598
Placebo,52,743,True,0.28665716103915917
Placebo,52,946,True,0.0
Placebo,52,976,True,0.1897918771409239
Placebo,52,1144,True,0.6588892665059238
Placebo,52,1187,True,0.2708446295677336
Placebo,52,1384,True,0.23112318465469692
Placebo,52,1415,True,0.2191991782183206
Placebo,52,1443,True,0.20396364387618565
Placebo,52,1629,True,0.0
Placebo,52,1684,True,0.0
Placebo,52,1802,True,0.2219968487276399
Placebo,52,1914,True,0.5866820500968899
Placebo,52,2046,True,0.0
Placebo,52,2071,True,0.0
Placebo,52,2340,True,0.3924564831971379
Placebo,52,2749,True,0.2262003052319012
Placebo,52,3517,True,0.5650385408531275
Placebo,52,3758,True,0.12514058438084777
Placebo,52,4110,True,0.42021620425573114
Placebo,52,4111,True,0.0
Placebo,52,4144,True,0.37183411384595727
Placebo,52,5021,True,0.06343775459021646
Placebo,52,5032,True,0.4343559329884619
Placebo,52,5096,True,0.27348140867978254
Placebo,52,5109,True,0.4605634844588272
Placebo,52,5114,True,0.0
Placebo,52,5977,True,0.0
Placebo,52,5984,True,0.5349293308714971
Placebo,52,6353,True,0.8195048640932564
Placebo,52,6373,True,0.051069278343145126
Placebo,52,6539,True,0.0
Placebo,52,6554,True,0.053368457452889664
Placebo,52,6884,True,0.16716045496620238
Placebo,52,6955,True,0.0576901476090013
Placebo,52,7020,True,0.4139575066842532
Placebo,52,7029,True,0.1531682653282169
Placebo,52,7280,True,0.2653996872655136
Placebo,52,7394,True,0.40489179961089855
Placebo,52,7795,True,0.2610256125805058
Placebo,52,8108,True,0.06625422345438896
Placebo,52,8560,True,0.34297074685143575
Placebo,52,8632,True,0.36035009183265826
Placebo,52,8657,True,0.196879218823036
Placebo,52,8777,True,0.3575928993931178
Placebo,52,9151,True,0.13539069234185255
Placebo,52,9609,True,0.3571335635057006
Placebo,53,102,True,0.37400193039830687
Placebo,53,314,True,0.34333882280417555
Placebo,53,1068,True,0.4028184911228213
Placebo,53,1525,True,0.11392932746606779
Placebo,53,1795,True,0.2741920818326617
Placebo,53,1929,True,0.638877312234399
Placebo,53,1931,True,0.0
Placebo,53,1991,True,0.3572892950421147
Placebo,53,2528,True,0.6283649891631298
Placebo,53,2697,True,0.31570222805273285
Placebo,53,2834,True,0.47841470276323145
Placebo,53,2845,True,0.21691103653690733
Placebo,53,3031,True,0.24843097006432305
Placebo,53,3250,True,0.0
Placebo,53,3308,True,0.1665483222803899
Placebo,53,3402,True,0.4390862757923238
Placebo,53,3426,True,0.0
Placebo,53,3449,True,0.5363920832046604
Placebo,53,3756,True,0.2830071606056447
Placebo,53,4141,True,0.34579114909298103
Placebo,53,4210,True,0.138668507531181
Placebo,53,4516,True,0.5262329354546295
Placebo,53,4692,True,0.1828541790173852
Placebo,53,4700,True,0.0
Placebo,53,4910,True,0.0
Placebo,53,4962,True,0.05214426484655786
Placebo,53,5275,True,0.0
Placebo,53,5671,True,0.099244820100733
Placebo,53,5683,True,0.11909949848829145
Placebo,53,6067,True,0.3356415585107281
Placebo,53,6378,True,0.30059341514814847
Placebo,53,6495,True,0.4953658141016309
Placebo,53,6868,True,0.3159334335448605
Placebo,53,6880,True,0.5285513218878084
Placebo,53,7144,True,0.0970477754402881
Placebo,53,7413,True,0.2394408568026151
Placebo,53,7526,True,0.0
Placebo,53,7531,True,0.07584997884008364
Placebo,53,7577,True,0.1264713513838286
Placebo,53,7621,True,0.15199728742941276
Placebo,53,8198,True,0.021289384166143274
Placebo,53,8442,True,0.0
Placebo,53,8452,True,0.4169957338836165
Placebo,53,8476,True,0.5019194616008275
Placebo,53,8541,True,0.362639816542165
Placebo,53,8802,True,0.1591700755933713
Placebo,53,8816,True,0.25896336179643564
Placebo,53,8852,True,0.0
Placebo,53,9099,True,0.0
Placebo,53,9479,True,0.10369639533646707
Placebo,53,9625,False,0.0
Placebo,53,96,True,0.0
Placebo,53,171,True,0.4013375273371202
Placebo,53,328,True,0.0
Placebo,53,387,True,0.05214426484655786
Placebo,53,754,False,0.0
Placebo,53,983,True,0.1860347857199345
Placebo,53,1039,True,0.4931961946412218
Placebo,53,1098,True,0.12741733550370726
Placebo,53,1120,True,0.2199724832939044
Placebo,53,1275,True,0.31008983681245544
Placebo,53,1343,True,0.13633507784473903
Placebo,53,1483,True,0.15818123709086068
Placebo,53,2005,True,0.12987501165334064
Placebo,53,2048,True,0.321628817721427
Placebo,53,2379,True,0.3607153970333239
Placebo,53,2516,True,0.1857445536970451
Placebo,53,2601,True,0.3446747701382121
Placebo,53,3210,True,0.12308739363606001
Placebo,53,3601,True,0.20438239758848625
Placebo,53,3729,True,0.1903817800432461
Placebo,53,3832,True,0.5439328695993274
Placebo,53,4104,True,0.47676967066219433
Placebo,53,4286,True,0.33170183148263244
Placebo,53,4329,True,0.3688556721386529
Placebo,53,4553,True,0.13581421003274607
Placebo,53,4790,True,0.0
Placebo,53,4844,True,0.0
Placebo,53,4994,True,0.1196490412631676
Placebo,53,5020,True,0.3619126648109772
Placebo,53,5293,True,0.1777291690698337
Placebo,53,5338,True,0.5251333320345581
Placebo,53,5343,True,0.3302370223842127
Placebo,53,5464,True,0.29464527774208815
Placebo,53,5560,True,0.4416504546151689
Placebo,53,5719,True,0.21483330688191227
Placebo,53,6055,True,0.16657676034430963
Placebo,53,6121,True,0.45767527470376834
Placebo,53,6128,True,0.1370779077290166
Placebo,53,6197,True,0.10619234701976217
Placebo,53,6336,True,0.5796357466354334
Placebo,53,6577,True,0.47016994773316323
Placebo,53,6717,True,0.0
Placebo,53,6906,False,0.0
Placebo,53,8550,True,0.0
Placebo,53,8576,True,0.6122496142821666
Placebo,53,8790,False,0.0
Placebo,53,8840,True,0.6131471927654585
Placebo,53,8878,True,0.2197434773205065
Placebo,53,9337,True,0.18571651210238865
Placebo,53,9501,True,0.40218130918502953
Placebo,53,9512,False,0.0
Placebo,53,45,True,0.040683756096346925
Placebo,53,199,True,0.0
Placebo,53,458,True,0.45752967936183425
Placebo,53,564,True,0.9363792118010483
Placebo,53,717,True,0.33044230805979385
Placebo,53,1109,True,0.6493343742608406
Placebo,53,1576,True,0.1654824147181054
Placebo,53,1711,True,0.0
Placebo,53,1868,False,0.0
Placebo,53,1942,True,0.4397445984884318
Placebo,53,2001,True,0.18311043820812756
Placebo,53,2217,True,0.11866443082840714
Placebo,53,2354,True,0.37147530448590543
Placebo,53,2761,True,0.0
Placebo,53,2980,True,0.1564262420075856
Placebo,53,3021,True,0.16195671984435944
Placebo,53,3030,True,0.0
Placebo,53,3046,True,0.22577284469892067
Placebo,53,3050,True,0.5009168630449257
Placebo,53,3288,True,0.2850947529116238
Placebo,53,3302,True,0.18429574988698227
Placebo,53,3794,True,0.13145285843693008
Placebo,53,3920,True,0.28669193478900723
Placebo,53,3965,True,0.2028524324899727
Placebo,53,4193,True,0.2293178775103796
Placebo,53,4294,True,0.0
Placebo,53,4383,True,0.38453753568863264
Placebo,53,4474,True,0.0
Placebo,53,5068,True,0.08097835992217972
Placebo,53,5258,True,0.0
Placebo,53,5306,True,0.38705909257120497
Placebo,53,5323,True,0.620471917616757
Placebo,53,5421,True,0.6100458831490401
Placebo,53,5766,True,0.4985851109696378
Placebo,53,5877,True,0.48359970678959313
Placebo,53,5887,True,0.1293165874161696
Placebo,53,6126,True,0.0
Placebo,53,6190,True,0.5590002009693321
Placebo,53,6224,True,0.14782949091545264
Placebo,53,6465,True,0.0
Placebo,53,6853,True,0.24844481188052703
Placebo,53,6949,True,0.35587034738977513
Placebo,53,7107,True,0.0
Placebo,53,7240,False,0.0
Placebo,53,7937,True,0.20969899994409907
Placebo,53,8015,True,0.07945707943276738
Placebo,53,8066,True,0.0
Placebo,53,8202,True,0.33985424057639974
Placebo,53,8321,True,0.2634430259721652
Placebo,53,9222,True,0.0
Placebo,53,9453,True,0.5487237303496998
Placebo,53,73,True,0.3941769500918012
Placebo,53,390,True,0.5177257486329077
Placebo,53,424,True,0.23644201540575568
Placebo,53,715,True,0.42535470841992234
Placebo,53,915,True,0.0
Placebo,53,1579,True,0.09285825605119433
Placebo,53,1643,True,0.0
Placebo,53,1679,True,0.3129774796723177
Placebo,53,1982,True,0.0
Placebo,53,2027,True,0.3188577927955574
Placebo,53,2211,True,0.44450584527943376
Placebo,53,2228,True,0.25480737726646885
Placebo,53,2352,True,0.3333333333333335
Placebo,53,2520,True,0.2200917662980802
Placebo,53,2573,True,0.23365080824310527
Placebo,53,2630,True,0.6086500014880165
Placebo,53,2666,True,0.3734371803320707
Placebo,53,2745,True,0.05854439592831935
Placebo,53,3149,True,0.06673768929853467
Placebo,53,3369,True,0.1616849299160535
Placebo,53,3617,True,0.0
Placebo,53,3862,True,0.0
Placebo,53,4124,True,0.5716257790602794
Placebo,53,4218,True,0.12294641265143566
Placebo,53,4268,True,0.9652843890316114
Placebo,53,4452,False,0.0
Placebo,53,4522,True,0.0
Placebo,53,4784,True,0.49986216815978557
Placebo,53,5139,True,0.30657359638272924
Placebo,53,5438,True,0.19233527659792274
Placebo,53,5565,True,0.22900989526413987
Placebo,53,5684,True,0.2553616598796861
Placebo,53,5775,True,0.24377484748737532
Placebo,53,6110,True,0.0
Placebo,53,6488,True,0.08953522546122739
Placebo,53,6590,True,0.08372491399919352
Placebo,53,6793,True,0.6268578033154517
Placebo,53,7090,True,0.08707562656251236
Placebo,53,7112,True,0.08654730738122975
Placebo,53,7167,True,0.3691205809954083
Placebo,53,7287,True,0.5373739943127226
Placebo,53,7370,True,0.19029465196459228
Placebo,53,7547,True,0.0
Placebo,53,7589,True,0.0
Placebo,53,7622,True,0.20373052886578297
Placebo,53,7640,False,0.0
Placebo,53,7757,True,0.10935237914119593
Placebo,53,8162,True,0.4459761147729219
Placebo,53,8508,True,0.0
Placebo,53,8597,True,0.12153114794533604
Placebo,53,8771,True,0.0
Placebo,53,288,True,0.5363785919906531
Placebo,53,635,True,0.3673613518208182
Placebo,53,654,True,0.11640030782973945
Placebo,53,699,True,0.07702756400231005
Placebo,53,743,True,0.5646521203928506
Placebo,53,946,True,0.0
Placebo,53,976,True,0.0
Placebo,53,1144,True,0.7538590580061036
Placebo,53,1187,True,0.5153957861014855
Placebo,53,1384,True,0.0
Placebo,53,1415,True,0.3581172307927166
Placebo,53,1443,True,0.4916252991013773
Placebo,53,1629,True,0.2000261432283434
Placebo,53,1684,True,0.35378949235725776
Placebo,53,1802,True,0.0
Placebo,53,1914,True,0.3808760813927524
Placebo,53,2046,True,0.0
Placebo,53,2071,True,0.2807721888661444
Placebo,53,2340,True,0.0952929559109532
Placebo,53,2749,True,0.2934375721703753
Placebo,53,3517,True,0.5683148069740438
Placebo,53,3758,True,0.2446405935510602
Placebo,53,4110,True,0.28020048182051965
Placebo,53,4111,True,0.0
Placebo,53,4144,True,0.3317360267065178
Placebo,53,5021,True,0.25908355467823857
Placebo,53,5032,True,0.3976033469642412
Placebo,53,5096,True,0.15438983261818748
Placebo,53,5109,True,0.3411538604160031
Placebo,53,5114,True,0.0
Placebo,53,5977,True,0.0
Placebo,53,5984,True,0.4725871389009872
Placebo,53,6353,True,0.7570444127905716
Placebo,53,6373,True,0.1874930634308659
Placebo,53,6539,True,0.0
Placebo,53,6554,True,0.3121208843078157
Placebo,53,6884,True,0.0
Placebo,53,6955,True,0.0
Placebo,53,7020,True,0.181670643629786
Placebo,53,7029,True,0.10508249733510258
Placebo,53,7280,True,0.31773489231790736
Placebo,53,7394,True,0.0542557925202587
Placebo,53,7795,True,0.340966438933292
Placebo,53,8108,True,0.3531437764338092
Placebo,53,8560,True,0.35776365772352686
Placebo,53,8632,True,0.35050841221917334
Placebo,53,8657,True,0.2489083270225946
Placebo,53,8777,True,0.5855408674133376
Placebo,53,9151,True,0.14229210450084157
Placebo,53,9609,True,0.23449643497207295
Placebo,54,102,True,0.34374099964516974
Placebo,54,314,True,0.2079029614891477
Placebo,54,1068,True,0.3242189541413445
Placebo,54,1525,True,0.0
Placebo,54,1795,True,0.3735824990516972
Placebo,54,1929,True,0.3404213377782732
Placebo,54,1931,True,0.0
Placebo,54,1991,True,0.23662730041289978
Placebo,54,2528,True,0.3691795036379519
Placebo,54,2697,True,0.24293507976653914
Placebo,54,2834,True,0.44530069332116906
Placebo,54,2845,True,0.18906584223521178
Placebo,54,3031,True,0.25710047752374754
Placebo,54,3250,True,0.0733639220993601
Placebo,54,3308,True,0.3506627160431852
Placebo,54,3402,True,0.12018995674846226
Placebo,54,3426,True,0.28362763671503516
Placebo,54,3449,True,0.22555708776349925
Placebo,54,3756,True,0.27142612265947264
Placebo,54,4141,True,0.5015434508717557
Placebo,54,4210,True,0.36164769453000284
Placebo,54,4516,True,0.2940323932097535
Placebo,54,4692,True,0.3619335528756296
Placebo,54,4700,True,0.0
Placebo,54,4910,True,0.0
Placebo,54,4962,True,0.18037341724213626
Placebo,54,5275,True,0.020341878048173462
Placebo,54,5671,True,0.37151212990854465
Placebo,54,5683,True,0.382464937995214
Placebo,54,6067,True,0.18402570441120997
Placebo,54,6378,True,0.39829982692381766
Placebo,54,6495,True,0.4234019537778692
Placebo,54,6868,True,0.33523523890288587
Placebo,54,6880,True,0.4508564636074525
Placebo,54,7144,True,0.2715271735920122
Placebo,54,7413,True,0.09478836436955075
Placebo,54,7526,True,0.0
Placebo,54,7531,True,0.0
Placebo,54,7577,True,0.1264713513838286
Placebo,54,7621,True,0.3252814212473492
Placebo,54,8198,True,0.4259633517264886
Placebo,54,8442,True,0.371529997171282
Placebo,54,8452,True,0.12373653594087865
Placebo,54,8476,True,0.24935059710974597
Placebo,54,8541,True,0.3383966679764627
Placebo,54,8802,True,0.4280084412309366
Placebo,54,8816,True,0.5618527823350661
Placebo,54,8852,True,0.36945358311109494
Placebo,54,9099,True,0.0
Placebo,54,9479,True,0.0
Placebo,54,9625,False,0.0
Placebo,54,96,True,0.0
Placebo,54,171,True,0.38327705478604224
Placebo,54,328,True,0.0
Placebo,54,387,True,0.19924558135685175
Placebo,54,754,False,0.0
Placebo,54,983,True,0.6429083491596654
Placebo,54,1039,True,0.38277284835943914
Placebo,54,1098,True,0.1864641988956327
Placebo,54,1120,True,0.3321017315355265
Placebo,54,1275,True,0.4687858546410968
Placebo,54,1343,True,0.1531682653282169
Placebo,54,1483,True,0.09077394133714942
Placebo,54,2005,True,0.20829366581033182
Placebo,54,2048,True,0.3151077881182127
Placebo,54,2379,True,0.4099325402032334
Placebo,54,2516,True,0.4292202978219114
Placebo,54,2601,True,0.3832639525009101
Placebo,54,3210,True,0.2196913584380962
Placebo,54,3601,True,0.30657359638272924
Placebo,54,3729,True,0.04510157879202123
Placebo,54,3832,True,0.37176379870353987
Placebo,54,4104,True,0.4159912750867861
Placebo,54,4286,True,0.22656217699431547
Placebo,54,4329,True,0.14120664479494324
Placebo,54,4553,True,0.13647410437529392
Placebo,54,4790,True,0.0
Placebo,54,4844,True,0.0
Placebo,54,4994,True,0.0
Placebo,54,5020,True,0.566806862904098
Placebo,54,5293,True,0.08813844874415216
Placebo,54,5338,True,0.6416652018348724
Placebo,54,5343,True,0.4201152220665291
Placebo,54,5464,True,0.3084852746486322
Placebo,54,5560,True,0.39120121665087326
Placebo,54,5719,True,0.14646830237310843
Placebo,54,6055,True,0.35845867600376935
Placebo,54,6121,True,0.3785988060390613
Placebo,54,6128,True,0.21774854428149776
Placebo,54,6197,True,0.12664770205526593
Placebo,54,6336,True,0.29545153281334013
Placebo,54,6577,True,0.3373266530512609
Placebo,54,6717,True,0.0
Placebo,54,6906,False,0.0
Placebo,54,8550,True,0.0
Placebo,54,8576,True,0.4702971658864919
Placebo,54,8790,False,0.0
Placebo,54,8840,True,1.0
Placebo,54,8878,True,0.7601875334318686
Placebo,54,9337,True,0.0
Placebo,54,9501,True,0.31412281317005647
Placebo,54,9512,False,0.0
Placebo,54,45,True,0.04565679690686911
Placebo,54,199,True,0.0
Placebo,54,458,True,0.39037656084185546
Placebo,54,564,True,0.7075819874853876
Placebo,54,717,True,0.09682027068783004
Placebo,54,1109,True,0.686874278881038
Placebo,54,1576,True,0.0
Placebo,54,1711,True,0.0
Placebo,54,1868,False,0.0
Placebo,54,1942,True,0.3420091113078183
Placebo,54,2001,True,0.13571296355926615
Placebo,54,2217,True,0.319393943239799
Placebo,54,2354,True,0.3414984068651241
Placebo,54,2761,True,0.0
Placebo,54,2980,True,0.0
Placebo,54,3021,True,0.12357647692718118
Placebo,54,3030,True,0.0
Placebo,54,3046,True,0.16410388658051828
Placebo,54,3050,True,0.6300892711832301
Placebo,54,3288,True,0.16297671749830606
Placebo,54,3302,True,0.21462803235584524
Placebo,54,3794,True,0.4052195471156028
Placebo,54,3920,True,0.12096982779948588
Placebo,54,3965,True,0.3683688196141913
Placebo,54,4193,True,0.0898682452334257
Placebo,54,4294,True,0.0
Placebo,54,4383,True,0.4986011723541661
Placebo,54,4474,True,0.0
Placebo,54,5068,True,0.11850479333192555
Placebo,54,5258,True,0.040683756096346925
Placebo,54,5306,True,0.38928969926125506
Placebo,54,5323,True,0.3676141753711686
Placebo,54,5421,True,0.5231929024131426
Placebo,54,5766,True,0.44246953096728553
Placebo,54,5877,True,0.0
Placebo,54,5887,True,0.2546062357736735
Placebo,54,6126,True,0.3010299956639808
Placebo,54,6190,True,0.6571680762513935
Placebo,54,6224,True,0.1427951440361374
Placebo,54,6465,True,0.0
Placebo,54,6853,True,0.15355247041533382
Placebo,54,6949,True,0.3428067681907634
Placebo,54,7107,True,0.10440444345806826
Placebo,54,7240,False,0.0
Placebo,54,7937,True,0.46802875093394625
Placebo,54,8015,True,0.10633668103022988
Placebo,54,8066,True,0.2139862647345275
Placebo,54,8202,True,0.4418410047389981
Placebo,54,8321,True,0.3758849363317185
Placebo,54,9222,True,0.6309297535714573
Placebo,54,9453,True,0.25553644550127297
Placebo,54,73,True,0.04618292606246515
Placebo,54,390,True,0.41280417415496723
Placebo,54,424,True,0.11723609465805306
Placebo,54,715,True,0.16617260868918526
Placebo,54,915,True,0.0
Placebo,54,1579,True,0.43122038713502525
Placebo,54,1643,True,0.0
Placebo,54,1679,True,0.40483905714852086
Placebo,54,1982,True,0.0
Placebo,54,2027,True,0.24629914434692982
Placebo,54,2211,True,0.21836974929469327
Placebo,54,2228,True,0.17630010660342907
Placebo,54,2352,True,0.3333333333333335
Placebo,54,2520,True,0.17366667134799177
Placebo,54,2573,True,0.0733639220993601
Placebo,54,2630,True,0.4896332877952923
Placebo,54,2666,True,0.5505750758839646
Placebo,54,2745,True,0.05854439592831935
Placebo,54,3149,True,0.24180334396056966
Placebo,54,3369,True,0.13582414800415527
Placebo,54,3617,True,0.27993954827916867
Placebo,54,3862,True,0.0
Placebo,54,4124,True,0.48423865164250013
Placebo,54,4218,True,0.10891870609335233
Placebo,54,4268,True,0.5986882854692029
Placebo,54,4452,False,0.0
Placebo,54,4522,True,0.1805718608669691
Placebo,54,4784,True,0.4085804167463669
Placebo,54,5139,True,0.0
Placebo,54,5438,True,0.30646013190840593
Placebo,54,5565,True,0.0
Placebo,54,5684,True,0.19649984107066087
Placebo,54,5775,True,0.2748763329142909
Placebo,54,6110,True,0.18777885408319733
Placebo,54,6488,True,0.35814090184490954
Placebo,54,6590,True,0.16661472304465538
Placebo,54,6793,True,0.17111103646417067
Placebo,54,7090,True,0.15214659244522613
Placebo,54,7112,True,0.0
Placebo,54,7167,True,0.3233324289841983
Placebo,54,7287,True,0.3323069672723443
Placebo,54,7370,True,0.27077336556981796
Placebo,54,7547,True,0.0
Placebo,54,7589,True,0.0
Placebo,54,7622,True,0.454491156977887
Placebo,54,7640,False,0.0
Placebo,54,7757,True,0.07635593606092594
Placebo,54,8162,True,0.46583521238997766
Placebo,54,8508,True,0.11284514134893517
Placebo,54,8597,True,0.5038643846954142
Placebo,54,8771,True,0.0
Placebo,54,288,True,0.5601162537677438
Placebo,54,635,True,0.2622052589680276
Placebo,54,654,True,0.31498561273834325
Placebo,54,699,True,0.3324483769202987
Placebo,54,743,True,0.18894950648508604
Placebo,54,946,True,0.0
Placebo,54,976,True,0.13521046138463974
Placebo,54,1144,True,0.5540015034912458
Placebo,54,1187,True,0.5227277114062928
Placebo,54,1384,True,0.0
Placebo,54,1415,True,0.30303249965250717
Placebo,54,1443,True,0.14982420171299154
Placebo,54,1629,True,0.17714752793103516
Placebo,54,1684,True,0.0
Placebo,54,1802,True,0.13098590574145735
Placebo,54,1914,True,0.42060844646531875
Placebo,54,2046,True,0.1235584435560261
Placebo,54,2071,True,0.4020544731610492
Placebo,54,2340,True,0.04510157879202123
Placebo,54,2749,True,0.2944666188611851
Placebo,54,3517,True,0.4531658284952414
Placebo,54,3758,True,0.14410005584193936
Placebo,54,4110,True,0.13023192873807102
Placebo,54,4111,True,0.0
Placebo,54,4144,True,0.03683186995726716
Placebo,54,5021,True,0.2786686870877366
Placebo,54,5032,True,0.2433514493068295
Placebo,54,5096,True,0.1246912857937443
Placebo,54,5109,True,0.6118615708529115
Placebo,54,5114,True,0.21018843175279772
Placebo,54,5977,True,0.0
Placebo,54,5984,True,0.20843974233538098
Placebo,54,6353,True,0.7840017888310805
Placebo,54,6373,True,0.05088466578050735
Placebo,54,6539,True,0.0
Placebo,54,6554,True,0.414617138943109
Placebo,54,6884,True,0.2653606369886217
Placebo,54,6955,True,0.05398557328145317
Placebo,54,7020,True,0.3628285142752345
Placebo,54,7029,True,0.36933678393645797
Placebo,54,7280,True,0.05131537780211143
Placebo,54,7394,True,0.04681599109282455
Placebo,54,7795,True,0.5086173760042925
Placebo,54,8108,True,0.0733639220993601
Placebo,54,8560,True,0.10108992864232264
Placebo,54,8632,True,0.3288198356487374
Placebo,54,8657,True,0.2541879652599616
Placebo,54,8777,True,0.3965452003578767
Placebo,54,9151,True,0.10487493420486488
Placebo,54,9609,True,0.27477440784136836
Placebo,55,102,True,0.34120881647682544
Placebo,55,314,True,0.3840457682787352
Placebo,55,1068,True,0.4478822752943927
Placebo,55,1525,True,0.1528406081835328
Placebo,55,1795,True,0.341714701979378
Placebo,55,1929,True,0.15520951151007722
Placebo,55,1931,True,0.0
Placebo,55,1991,True,0.2653298740603418
Placebo,55,2528,True,0.45014599177707304
Placebo,55,2697,True,0.29607434921699244
Placebo,55,2834,True,0.37260186862270844
Placebo,55,2845,True,0.15126116168360146
Placebo,55,3031,True,0.25155671751732084
Placebo,55,3250,True,0.0
Placebo,55,3308,True,0.3649567933640671
Placebo,55,3402,True,0.2903387824632799
Placebo,55,3426,True,0.17142032617910508
Placebo,55,3449,True,0.5829402621661346
Placebo,55,3756,True,0.350406776102839
Placebo,55,4141,True,0.4409617061172308
Placebo,55,4210,True,0.5596137279274291
Placebo,55,4516,True,0.5608034161543717
Placebo,55,4692,True,0.22424477679038612
Placebo,55,4700,True,0.13755548414400526
Placebo,55,4910,True,0.4306765580733929
Placebo,55,4962,True,0.15445080225357144
Placebo,55,5275,True,0.0
Placebo,55,5671,True,0.2737941424685062
Placebo,55,5683,True,0.1883428906105281
Placebo,55,6067,True,0.2612188847260977
Placebo,55,6378,True,0.4279038519421193
Placebo,55,6495,True,0.5960256462160382
Placebo,55,6868,True,0.3323127664635824
Placebo,55,6880,True,0.5711670054909295
Placebo,55,7144,True,0.29810236645650506
Placebo,55,7413,True,0.2052978550702605
Placebo,55,7526,True,0.0
Placebo,55,7531,True,0.06715150624238254
Placebo,55,7577,True,0.0
Placebo,55,7621,True,0.16530910023832618
Placebo,55,8198,True,0.26091443099010186
Placebo,55,8442,True,0.0
Placebo,55,8452,True,0.3579748652373843
Placebo,55,8476,True,0.4595124551753465
Placebo,55,8541,True,0.18835108375916554
Placebo,55,8802,True,0.25255948741909046
Placebo,55,8816,True,0.11853000556688278
Placebo,55,8852,True,0.12315119437036504
Placebo,55,9099,True,0.0
Placebo,55,9479,True,0.20739279067293398
Placebo,55,9625,False,0.0
Placebo,55,96,True,0.0
Placebo,55,171,True,0.7731971271296119
Placebo,55,328,True,0.0
Placebo,55,387,True,0.06978419164318803
Placebo,55,754,False,0.0
Placebo,55,983,True,0.3133474692593257
Placebo,55,1039,True,0.34033777638907886
Placebo,55,1098,True,0.6323960223630839
Placebo,55,1120,True,0.1570011870657949
Placebo,55,1275,True,0.2675105565712125
Placebo,55,1343,True,0.16354138662029638
Placebo,55,1483,True,0.038356439954196984
Placebo,55,2005,True,0.0
Placebo,55,2048,True,0.044399369745528
Placebo,55,2379,True,0.43651169534543804
Placebo,55,2516,True,0.6127686750269401
Placebo,55,2601,True,0.034715610968388655
Placebo,55,3210,True,0.4600221050912637
Placebo,55,3601,True,0.0
Placebo,55,3729,True,0.11196152240848743
Placebo,55,3832,True,0.14798643091854896
Placebo,55,4104,True,0.1866667389051965
Placebo,55,4286,True,0.21060644662384304
Placebo,55,4329,True,0.1388624438735545
Placebo,55,4553,True,0.0
Placebo,55,4790,True,0.3158123997486393
Placebo,55,4844,True,0.25169011543539616
Placebo,55,4994,True,0.047143303742223905
Placebo,55,5020,True,0.2610454063423655
Placebo,55,5293,True,0.39229130515490773
Placebo,55,5338,True,0.6297285293904954
Placebo,55,5343,True,0.28666050631842654
Placebo,55,5464,True,0.2153452064585439
Placebo,55,5560,True,0.18524613526809464
Placebo,55,5719,True,0.10502960579996924
Placebo,55,6055,True,0.4236429906486984
Placebo,55,6121,True,0.38664873900110086
Placebo,55,6128,True,0.0
Placebo,55,6197,True,0.20790224431661478
Placebo,55,6336,True,0.3762575148136469
Placebo,55,6577,True,0.16656259983647934
Placebo,55,6717,True,0.0
Placebo,55,6906,False,0.0
Placebo,55,8550,True,0.0
Placebo,55,8576,True,0.24703059344735187
Placebo,55,8790,False,0.0
Placebo,55,8840,True,0.0
Placebo,55,8878,True,0.510596729526483
Placebo,55,9337,True,0.2747833794404298
Placebo,55,9501,True,0.5404261496741719
Placebo,55,9512,False,0.0
Placebo,55,45,True,0.23802829743262646
Placebo,55,199,True,0.09021422696383827
Placebo,55,458,True,0.5470652749309174
Placebo,55,564,True,0.7286002563000491
Placebo,55,717,True,0.0
Placebo,55,1109,True,0.3017233573494133
Placebo,55,1576,True,0.076745136502618
Placebo,55,1711,True,0.0
Placebo,55,1868,False,0.0
Placebo,55,1942,True,0.42743637273163276
Placebo,55,2001,True,0.4215763620481479
Placebo,55,2217,True,0.0
Placebo,55,2354,True,0.35176383966077546
Placebo,55,2761,True,0.13494245443271682
Placebo,55,2980,True,0.0
Placebo,55,3021,True,0.2084194701906065
Placebo,55,3030,True,0.0
Placebo,55,3046,True,0.33920849744551446
Placebo,55,3050,True,0.36431018293657824
Placebo,55,3288,True,0.2529462950315897
Placebo,55,3302,True,0.1711653294272352
Placebo,55,3794,True,0.17451855981580688
Placebo,55,3920,True,0.2330743273482544
Placebo,55,3965,True,0.2420354924324378
Placebo,55,4193,True,0.3931863575260498
Placebo,55,4294,True,0.20353866312202926
Placebo,55,4383,True,0.3917799855407468
Placebo,55,4474,True,0.0
Placebo,55,5068,True,0.2440800952721686
Placebo,55,5258,True,0.0
Placebo,55,5306,True,0.4950057720363568
Placebo,55,5323,True,0.6893595177650153
Placebo,55,5421,True,0.5654883291850367
Placebo,55,5766,True,0.5518719837000587
Placebo,55,5877,True,0.1503563109768807
Placebo,55,5887,True,0.3381992490933886
Placebo,55,6126,True,0.0
Placebo,55,6190,True,0.6068517107850953
Placebo,55,6224,True,0.0733639220993601
Placebo,55,6465,True,0.0
Placebo,55,6853,True,0.36619057275797373
Placebo,55,6949,True,0.3404523746802168
Placebo,55,7107,True,0.22719683279895808
Placebo,55,7240,False,0.0
Placebo,55,7937,True,0.5032288517646019
Placebo,55,8015,True,0.08671382849411978
Placebo,55,8066,True,0.0
Placebo,55,8202,True,0.6803583517947551
Placebo,55,8321,True,0.2382871514809862
Placebo,55,9222,True,0.0
Placebo,55,9453,True,0.3077149788295559
Placebo,55,73,True,0.15325125859488406
Placebo,55,390,True,0.6476216463556194
Placebo,55,424,True,0.1503257651492753
Placebo,55,715,True,0.4231705852006172
Placebo,55,915,True,0.16179334848689397
Placebo,55,1579,True,0.020775107718653055
Placebo,55,1643,True,0.2807721888661444
Placebo,55,1679,True,0.5246715711781034
Placebo,55,1982,True,0.06943122193677731
Placebo,55,2027,True,0.1507293225816052
Placebo,55,2211,True,0.21836974929469327
Placebo,55,2228,True,0.1970075981905067
Placebo,55,2352,True,0.0
Placebo,55,2520,True,0.19322265070936975
Placebo,55,2573,True,0.0
Placebo,55,2630,True,0.5424362014779875
Placebo,55,2666,True,0.2899773651602119
Placebo,55,2745,True,0.10920637188885673
Placebo,55,3149,True,0.22625414675572736
Placebo,55,3369,True,0.2702828029926268
Placebo,55,3617,True,0.25289856742880673
Placebo,55,3862,True,0.0
Placebo,55,4124,True,0.48525220853048157
Placebo,55,4218,True,0.3276682527670131
Placebo,55,4268,True,0.7948833326720566
Placebo,55,4452,False,0.0
Placebo,55,4522,True,0.5784276202501554
Placebo,55,4784,True,0.5616294900287636
Placebo,55,5139,True,0.5239524885926831
Placebo,55,5438,True,0.3692533923622212
Placebo,55,5565,True,0.0
Placebo,55,5684,True,0.4574244823532073
Placebo,55,5775,True,0.0
Placebo,55,6110,True,0.41894942664321555
Placebo,55,6488,True,0.0
Placebo,55,6590,True,0.3618983246930313
Placebo,55,6793,True,0.5112590391895957
Placebo,55,7090,True,0.0
Placebo,55,7112,True,0.0910822467937829
Placebo,55,7167,True,0.14341821968574803
Placebo,55,7287,True,0.359999382177387
Placebo,55,7370,True,0.3658918879819993
Placebo,55,7547,True,0.0
Placebo,55,7589,True,0.05478496602275216
Placebo,55,7622,True,0.22230893529419604
Placebo,55,7640,False,0.0
Placebo,55,7757,True,0.09597064699108133
Placebo,55,8162,True,0.41395750668425324
Placebo,55,8508,True,0.13012668333070063
Placebo,55,8597,True,0.18172127282474987
Placebo,55,8771,True,0.1677175217132552
Placebo,55,288,True,0.5893394514775668
Placebo,55,635,True,0.1461350893624121
Placebo,55,654,True,0.20510835012668163
Placebo,55,699,True,0.22284697201989337
Placebo,55,743,True,0.49417185214495085
Placebo,55,946,True,0.0
Placebo,55,976,True,0.12652791809394934
Placebo,55,1144,True,0.7293404228561303
Placebo,55,1187,True,0.4509429865004628
Placebo,55,1384,True,0.1840213736976633
Placebo,55,1415,True,0.5453740087688881
Placebo,55,1443,True,0.18701145604403488
Placebo,55,1629,True,0.16232272801897038
Placebo,55,1684,True,0.1796699214330576
Placebo,55,1802,True,0.13925445791690136
Placebo,55,1914,True,0.5287207887075106
Placebo,55,2046,True,0.0
Placebo,55,2071,True,0.08452085079694185
Placebo,55,2340,True,0.4104639515464316
Placebo,55,2749,True,0.35065748515895706
Placebo,55,3517,True,0.4846629117498816
Placebo,55,3758,True,0.18101159423043106
Placebo,55,4110,True,0.4274305652626959
Placebo,55,4111,True,0.0
Placebo,55,4144,True,0.32214073344981864
Placebo,55,5021,True,0.07362322034364345
Placebo,55,5032,True,0.7189027399989378
Placebo,55,5096,True,0.2211276198442494
Placebo,55,5109,True,0.3404523746802168
Placebo,55,5114,True,0.12630801893044052
Placebo,55,5977,True,0.0
Placebo,55,5984,True,0.41611986659039507
Placebo,55,6353,True,0.8530014703584686
Placebo,55,6373,True,0.11543388857158801
Placebo,55,6539,True,0.0
Placebo,55,6554,True,0.11269691410834615
Placebo,55,6884,True,0.3540253281884106
Placebo,55,6955,True,0.0
Placebo,55,7020,True,0.4903058096858309
Placebo,55,7029,True,0.23921075864396368
Placebo,55,7280,True,0.0
Placebo,55,7394,True,0.0
Placebo,55,7795,True,0.19847449377463333
Placebo,55,8108,True,0.25329540411053186
Placebo,55,8560,True,0.31720028513417675
Placebo,55,8632,True,0.5043144659661617
Placebo,55,8657,True,0.0713975720180687
Placebo,55,8777,True,0.20591380721386776
Placebo,55,9151,True,0.04222628793902162
Placebo,55,9609,True,0.31843772662234754
Placebo,56,102,True,0.2783393795226273
Placebo,56,314,True,0.3378726929988765
Placebo,56,1068,True,0.3496216328980093
Placebo,56,1525,True,0.30770589524433556
Placebo,56,1795,True,0.2123683189619123
Placebo,56,1929,True,0.41684788825959357
Placebo,56,1931,True,0.0
Placebo,56,1991,True,0.08772498179856439
Placebo,56,2528,True,0.3611748680920382
Placebo,56,2697,True,0.27823744956560714
Placebo,56,2834,True,0.6125414865642629
Placebo,56,2845,True,0.46613110001410635
Placebo,56,3031,True,0.16131193379868589
Placebo,56,3250,True,0.20483424751859086
Placebo,56,3308,True,0.11238063159768504
Placebo,56,3402,True,0.13287201388084077
Placebo,56,3426,True,0.0
Placebo,56,3449,True,0.34525535958328396
Placebo,56,3756,True,0.16195671984435944
Placebo,56,4141,True,0.32540124719119673
Placebo,56,4210,True,0.3014358850919571
Placebo,56,4516,True,0.3637924147065404
Placebo,56,4692,True,0.0
Placebo,56,4700,True,0.0
Placebo,56,4910,True,0.0
Placebo,56,4962,True,0.35845867600376924
Placebo,56,5275,True,0.04456045327241174
Placebo,56,5671,True,0.09176419909785702
Placebo,56,5683,True,0.2583105297343563
Placebo,56,6067,True,0.36426787703416996
Placebo,56,6378,True,0.40727706655487367
Placebo,56,6495,True,0.6319765687766462
Placebo,56,6868,True,0.270897121350098
Placebo,56,6880,True,0.2276591867629627
Placebo,56,7144,True,0.31116206617997977
Placebo,56,7413,True,0.06362078819895167
Placebo,56,7526,True,0.14126697285982884
Placebo,56,7531,True,0.18177739674166954
Placebo,56,7577,True,0.17399493535254387
Placebo,56,7621,True,0.3192184854880005
Placebo,56,8198,True,0.4945450889643518
Placebo,56,8442,True,0.0
Placebo,56,8452,True,0.2861634037544972
Placebo,56,8476,True,0.32729778815747895
Placebo,56,8541,True,0.6060238263639945
Placebo,56,8802,True,0.33602096487756977
Placebo,56,8816,True,0.18865796703090618
Placebo,56,8852,True,0.2429718246796358
Placebo,56,9099,True,0.12828055830938542
Placebo,56,9479,True,0.06358115370045193
Placebo,56,9625,False,0.0
Placebo,56,96,True,0.0
Placebo,56,171,True,0.5708683186841371
Placebo,56,328,True,0.0
Placebo,56,387,True,0.0
Placebo,56,754,False,0.0
Placebo,56,983,True,0.36935726069879626
Placebo,56,1039,True,0.46186737583235055
Placebo,56,1098,True,0.2330526492772406
Placebo,56,1120,True,0.153490273005236
Placebo,56,1275,True,0.24371573258368417
Placebo,56,1343,True,0.23528794615270737
Placebo,56,1483,True,0.2089307874982394
Placebo,56,2005,True,0.1388624438735545
Placebo,56,2048,True,0.26447457660939233
Placebo,56,2379,True,0.29217719146461657
Placebo,56,2516,True,0.3267012718007216
Placebo,56,2601,True,0.21128749918529324
Placebo,56,3210,True,0.21096280541170842
Placebo,56,3601,True,0.0
Placebo,56,3729,True,0.09955138351535481
Placebo,56,3832,True,0.3213333823343333
Placebo,56,4104,True,0.4043890550995632
Placebo,56,4286,True,0.25273616479739314
Placebo,56,4329,True,0.2972715964420569
Placebo,56,4553,True,0.1414471451858161
Placebo,56,4790,True,0.11284514134893517
Placebo,56,4844,True,0.0
Placebo,56,4994,True,0.04940390233707313
Placebo,56,5020,True,0.34068038734770956
Placebo,56,5293,True,0.0926869613100647
Placebo,56,5338,True,0.5624465377446625
Placebo,56,5343,True,0.17299900605197296
Placebo,56,5464,True,0.5013126349281675
Placebo,56,5560,True,0.5299122851134729
Placebo,56,5719,True,0.2586414402143574
Placebo,56,6055,True,0.17639673120726204
Placebo,56,6121,True,0.14175746815330947
Placebo,56,6128,True,0.09290044561548584
Placebo,56,6197,True,0.3310079275866008
Placebo,56,6336,True,0.31482391159533174
Placebo,56,6577,True,0.37374308022527436
Placebo,56,6717,True,0.17723928678404763
Placebo,56,6906,False,0.0
Placebo,56,8550,True,0.319393943239799
Placebo,56,8576,True,0.499762618948165
Placebo,56,8790,False,0.0
Placebo,56,8840,True,0.0
Placebo,56,8878,True,0.0
Placebo,56,9337,True,0.1762676647011695
Placebo,56,9501,True,0.6545972534737574
Placebo,56,9512,False,0.0
Placebo,56,45,True,0.09089165372364105
Placebo,56,199,True,0.0
Placebo,56,458,True,0.3650848137381812
Placebo,56,564,True,0.7485744995377477
Placebo,56,717,True,0.0
Placebo,56,1109,True,0.778518397251292
Placebo,56,1576,True,0.04842079006140466
Placebo,56,1711,True,0.0
Placebo,56,1868,False,0.0
Placebo,56,1942,True,0.25180335130234954
Placebo,56,2001,True,0.13581421003274607
Placebo,56,2217,True,0.638787886479598
Placebo,56,2354,True,0.5056820543703548
Placebo,56,2761,True,0.0
Placebo,56,2980,True,0.0
Placebo,56,3021,True,0.12645631796112425
Placebo,56,3030,True,0.0
Placebo,56,3046,True,0.16761302954875015
Placebo,56,3050,True,0.5234397997630702
Placebo,56,3288,True,0.3185860821011082
Placebo,56,3302,True,0.34290941731705327
Placebo,56,3794,True,0.06391626725099625
Placebo,56,3920,True,0.4222519003739171
Placebo,56,3965,True,0.11456556379738177
Placebo,56,4193,True,0.29323112449872946
Placebo,56,4294,True,0.0
Placebo,56,4383,True,0.6838288603051773
Placebo,56,4474,True,0.0
Placebo,56,5068,True,0.19238560231696844
Placebo,56,5258,True,0.060614569639142066
Placebo,56,5306,True,0.6671592037368813
Placebo,56,5323,True,0.5539233370209088
Placebo,56,5421,True,0.5822510030578404
Placebo,56,5766,True,0.4683718759964164
Placebo,56,5877,True,0.25566506900398484
Placebo,56,5887,True,0.21121083172509167
Placebo,56,6126,True,0.0
Placebo,56,6190,True,0.3246861616039045
Placebo,56,6224,True,0.27626427910818724
Placebo,56,6465,True,0.0
Placebo,56,6853,True,0.0
Placebo,56,6949,True,0.4582357736542716
Placebo,56,7107,True,0.1758059264183914
Placebo,56,7240,False,0.0
Placebo,56,7937,True,0.33493117527643984
Placebo,56,8015,True,0.3068980162565852
Placebo,56,8066,True,0.16958010263680806
Placebo,56,8202,True,0.5400542272594432
Placebo,56,8321,True,0.3603500918326583
Placebo,56,9222,True,0.0
Placebo,56,9453,True,0.5474680738599115
Placebo,56,73,True,0.053368457452889664
Placebo,56,390,True,0.27622718022968407
Placebo,56,424,True,0.12217637418940484
Placebo,56,715,True,0.3407315501145052
Placebo,56,915,True,0.0
Placebo,56,1579,True,0.0
Placebo,56,1643,True,0.08116136400948519
Placebo,56,1679,True,0.1880303585594507
Placebo,56,1982,True,0.06943122193677731
Placebo,56,2027,True,0.334225353633641
Placebo,56,2211,True,0.15556974829149348
Placebo,56,2228,True,0.47993486361147186
Placebo,56,2352,True,0.0
Placebo,56,2520,True,0.40731747959109704
Placebo,56,2573,True,0.2489083270225946
Placebo,56,2630,True,0.5669038559079617
Placebo,56,2666,True,0.12791547609674522
Placebo,56,2745,True,0.04750922006459467
Placebo,56,3149,True,0.16536171650094292
Placebo,56,3369,True,0.31371433984241365
Placebo,56,3617,True,0.18748423754004498
Placebo,56,3862,True,0.08002159439830046
Placebo,56,4124,True,0.3724271958073851
Placebo,56,4218,True,0.15256333503527525
Placebo,56,4268,True,0.652755273810065
Placebo,56,4452,False,0.0
Placebo,56,4522,True,0.3068457164043184
Placebo,56,4784,True,0.35534195031099275
Placebo,56,5139,True,0.2184074368181643
Placebo,56,5438,True,0.28302723822623416
Placebo,56,5565,True,0.0
Placebo,56,5684,True,0.1484114368159081
Placebo,56,5775,True,0.13743816645714546
Placebo,56,6110,True,0.1816490157622751
Placebo,56,6488,True,0.0
Placebo,56,6590,True,0.17368079621537771
Placebo,56,6793,True,0.2381129204348816
Placebo,56,7090,True,0.33704773868907245
Placebo,56,7112,True,0.0
Placebo,56,7167,True,0.702574084705723
Placebo,56,7287,True,0.5945904744312112
Placebo,56,7370,True,0.08148406294050631
Placebo,56,7547,True,0.16957810039284812
Placebo,56,7589,True,0.05184819766823354
Placebo,56,7622,True,0.35871693609564714
Placebo,56,7640,False,0.0
Placebo,56,7757,True,0.08744944195675397
Placebo,56,8162,True,0.6045246837452631
Placebo,56,8508,True,0.0
Placebo,56,8597,True,0.20034281570009577
Placebo,56,8771,True,0.08860866087646532
Placebo,56,288,True,0.6374373657126208
Placebo,56,635,True,0.1340402346263696
Placebo,56,654,True,0.0
Placebo,56,699,True,0.24527836792887292
Placebo,56,743,True,0.5127770035297541
Placebo,56,946,True,0.0
Placebo,56,976,True,0.0
Placebo,56,1144,True,0.7463809609937792
Placebo,56,1187,True,0.4579136383322407
Placebo,56,1384,True,0.17334238849102268
Placebo,56,1415,True,0.42279138635312824
Placebo,56,1443,True,0.35555415924632383
Placebo,56,1629,True,0.0
Placebo,56,1684,True,0.1078111541294673
Placebo,56,1802,True,0.0
Placebo,56,1914,True,0.24506714597654733
Placebo,56,2046,True,0.0
Placebo,56,2071,True,0.2807721888661444
Placebo,56,2340,True,0.35866291755242125
Placebo,56,2749,True,0.6993263094672565
Placebo,56,3517,True,0.6798651485150726
Placebo,56,3758,True,0.34382484090156423
Placebo,56,4110,True,0.13396688364887635
Placebo,56,4111,True,0.0
Placebo,56,4144,True,0.3392879132541012
Placebo,56,5021,True,0.07779334087005021
Placebo,56,5032,True,0.19420819787107865
Placebo,56,5096,True,0.21692618077545203
Placebo,56,5109,True,0.7058186506301036
Placebo,56,5114,True,0.17205841572894548
Placebo,56,5977,True,0.0
Placebo,56,5984,True,0.4210929182820892
Placebo,56,6353,True,0.69633845436443
Placebo,56,6373,True,0.1046515238630628
Placebo,56,6539,True,0.0
Placebo,56,6554,True,0.4809695484807058
Placebo,56,6884,True,0.7039180890341348
Placebo,56,6955,True,0.0
Placebo,56,7020,True,0.4424012931165686
Placebo,56,7029,True,0.32469297612860054
Placebo,56,7280,True,0.0
Placebo,56,7394,True,0.0
Placebo,56,7795,True,0.6307937501936973
Placebo,56,8108,True,0.3718539573761157
Placebo,56,8560,True,0.3791879555636455
Placebo,56,8632,True,0.5183409805248399
Placebo,56,8657,True,0.03312711172719448
Placebo,56,8777,True,0.26562047237329645
Placebo,56,9151,True,0.3451390982509948
Placebo,56,9609,True,0.19087622357670844
Placebo,57,102,True,0.5580073224767378
Placebo,57,314,True,0.49494947631854586
Placebo,57,1068,True,0.44428384383134006
Placebo,57,1525,True,0.05044915228010933
Placebo,57,1795,True,0.3189171666584683
Placebo,57,1929,True,0.4965755529008777
Placebo,57,1931,True,0.0
Placebo,57,1991,True,0.0
Placebo,57,2528,True,0.4409738579573403
Placebo,57,2697,True,0.28106932102596915
Placebo,57,2834,True,0.6734171998753652
Placebo,57,2845,True,0.13032450054097797
Placebo,57,3031,True,0.0
Placebo,57,3250,True,0.09478836436955075
Placebo,57,3308,True,0.47590772191273156
Placebo,57,3402,True,0.14789700411870774
Placebo,57,3426,True,0.06232532315595917
Placebo,57,3449,True,0.35288636288925074
Placebo,57,3756,True,0.3549312470536473
Placebo,57,4141,True,0.24323572512498348
Placebo,57,4210,True,0.2641400331850027
Placebo,57,4516,True,0.2502999106894583
Placebo,57,4692,True,0.0
Placebo,57,4700,True,0.0
Placebo,57,4910,True,0.0
Placebo,57,4962,True,0.20400787375019783
Placebo,57,5275,True,0.0
Placebo,57,5671,True,0.12853939940815368
Placebo,57,5683,True,0.06425604298318159
Placebo,57,6067,True,0.42557962552007733
Placebo,57,6378,True,0.359505033530001
Placebo,57,6495,True,0.3360272472182508
Placebo,57,6868,True,0.38575770741019855
Placebo,57,6880,True,0.6033688210841225
Placebo,57,7144,True,0.28608102376832384
Placebo,57,7413,True,0.4885468020156227
Placebo,57,7526,True,0.0
Placebo,57,7531,True,0.0
Placebo,57,7577,True,0.18873103118020407
Placebo,57,7621,True,0.2757841060585745
Placebo,57,8198,True,0.24258245978916712
Placebo,57,8442,True,0.0
Placebo,57,8452,True,0.4085824625458877
Placebo,57,8476,True,0.2670417652600454
Placebo,57,8541,True,0.3926769087288599
Placebo,57,8802,True,0.13150106356477173
Placebo,57,8816,True,0.6421755823489528
Placebo,57,8852,True,0.0
Placebo,57,9099,True,0.20876452547192706
Placebo,57,9479,True,0.05478496602275216
Placebo,57,9625,False,0.0
Placebo,57,96,True,0.0
Placebo,57,171,True,0.588098200019501
Placebo,57,328,True,0.0
Placebo,57,387,True,0.11381311447980805
Placebo,57,754,False,0.0
Placebo,57,983,True,0.40625750449589837
Placebo,57,1039,True,0.3328879263437848
Placebo,57,1098,True,0.22891536886428876
Placebo,57,1120,True,0.22905090507409015
Placebo,57,1275,True,0.13838973073281977
Placebo,57,1343,True,0.3214961622634444
Placebo,57,1483,True,0.5566167305684271
Placebo,57,2005,True,0.1918165764591883
Placebo,57,2048,True,0.23437040265148815
Placebo,57,2379,True,0.6669964238077701
Placebo,57,2516,True,0.4888970974876018
Placebo,57,2601,True,0.07839826897867538
Placebo,57,3210,True,0.43838219291100283
Placebo,57,3601,True,0.23719771276929624
Placebo,57,3729,True,0.27906799782418
Placebo,57,3832,True,0.10563454568604366
Placebo,57,4104,True,0.2476125953788262
Placebo,57,4286,True,0.490177675979248
Placebo,57,4329,True,0.09478836436955075
Placebo,57,4553,True,0.08879873949105595
Placebo,57,4790,True,0.3903800499921017
Placebo,57,4844,True,0.0
Placebo,57,4994,True,0.0
Placebo,57,5020,True,0.31126515631053137
Placebo,57,5293,True,0.12147607228809693
Placebo,57,5338,True,0.7620541057015414
Placebo,57,5343,True,0.21786597121013107
Placebo,57,5464,True,0.4510454651341517
Placebo,57,5560,True,0.29991274779800176
Placebo,57,5719,True,0.1687141988059533
Placebo,57,6055,True,0.31689144969268673
Placebo,57,6121,True,0.3371878558624441
Placebo,57,6128,True,0.1414684306887398
Placebo,57,6197,True,0.07728716978919915
Placebo,57,6336,True,0.6154193298713713
Placebo,57,6577,True,0.31106078759383415
Placebo,57,6717,True,0.0
Placebo,57,6906,False,0.0
Placebo,57,8550,True,0.0
Placebo,57,8576,True,0.31516255047698355
Placebo,57,8790,False,0.0
Placebo,57,8840,True,0.0
Placebo,57,8878,True,0.6908315825767142
Placebo,57,9337,True,0.07187006452250423
Placebo,57,9501,True,0.5766896302109781
Placebo,57,9512,False,0.0
Placebo,57,45,True,0.12266146070838033
Placebo,57,199,True,0.0
Placebo,57,458,True,0.4440973278132557
Placebo,57,564,True,0.6787654267608733
Placebo,57,717,True,0.0
Placebo,57,1109,True,0.3042376210930968
Placebo,57,1576,True,0.06610466247564045
Placebo,57,1711,True,0.0
Placebo,57,1868,False,0.0
Placebo,57,1942,True,0.2595395300088523
Placebo,57,2001,True,0.2100278787693401
Placebo,57,2217,True,0.0
Placebo,57,2354,True,0.2431925982030565
Placebo,57,2761,True,0.04620517621722942
Placebo,57,2980,True,0.0
Placebo,57,3021,True,0.0
Placebo,57,3030,True,0.0
Placebo,57,3046,True,0.1945318698384481
Placebo,57,3050,True,0.44921659251538704
Placebo,57,3288,True,0.23034166012489823
Placebo,57,3302,True,0.29490415674925063
Placebo,57,3794,True,0.11713471800758483
Placebo,57,3920,True,0.4248305827859265
Placebo,57,3965,True,0.31488013066763093
Placebo,57,4193,True,0.2627218170194594
Placebo,57,4294,True,0.0
Placebo,57,4383,True,0.4845911043892362
Placebo,57,4474,True,0.0
Placebo,57,5068,True,0.19009452199071541
Placebo,57,5258,True,0.0
Placebo,57,5306,True,0.5029052168689128
Placebo,57,5323,True,0.5855602117519609
Placebo,57,5421,True,0.5694312219367773
Placebo,57,5766,True,0.5730925892542211
Placebo,57,5877,True,0.09428208334340207
Placebo,57,5887,True,0.35411254145779225
Placebo,57,6126,True,0.0
Placebo,57,6190,True,0.5470552993590314
Placebo,57,6224,True,0.3125291152215463
Placebo,57,6465,True,0.0
Placebo,57,6853,True,0.22960249636972868
Placebo,57,6949,True,0.5431386199787304
Placebo,57,7107,True,0.15660666518710234
Placebo,57,7240,False,0.0
Placebo,57,7937,True,0.29435612529016797
Placebo,57,8015,True,0.08472992489971985
Placebo,57,8066,True,0.0
Placebo,57,8202,True,0.4226012032583679
Placebo,57,8321,True,0.25434245768360103
Placebo,57,9222,True,0.0
Placebo,57,9453,True,0.35168365656008566
Placebo,57,73,True,0.17338213710140665
Placebo,57,390,True,0.3282312237745563
Placebo,57,424,True,0.1478970041187078
Placebo,57,715,True,0.2714091961726947
Placebo,57,915,True,0.1815417925373527
Placebo,57,1579,True,0.16021130921247506
Placebo,57,1643,True,0.10861750945625488
Placebo,57,1679,True,0.4630908504876427
Placebo,57,1982,True,0.2934556883974403
Placebo,57,2027,True,0.21575758223763486
Placebo,57,2211,True,0.25698145008215734
Placebo,57,2228,True,0.35745168948844147
Placebo,57,2352,True,0.0
Placebo,57,2520,True,0.318156383851945
Placebo,57,2573,True,0.06362078819895167
Placebo,57,2630,True,0.5795340278442526
Placebo,57,2666,True,0.2699345332743723
Placebo,57,2745,True,0.23251814322532416
Placebo,57,3149,True,0.05163532490696953
Placebo,57,3369,True,0.13157540981998797
Placebo,57,3617,True,0.23164110801956975
Placebo,57,3862,True,0.0
Placebo,57,4124,True,0.438889326718809
Placebo,57,4218,True,0.26122970675960255
Placebo,57,4268,True,1.0
Placebo,57,4452,False,0.0
Placebo,57,4522,True,0.2093036269654491
Placebo,57,4784,True,0.3736148345544124
Placebo,57,5139,True,0.0
Placebo,57,5438,True,0.1709392894076808
Placebo,57,5565,True,0.18148604814387062
Placebo,57,5684,True,0.42020689036588926
Placebo,57,5775,True,0.0
Placebo,57,6110,True,0.21309250950016284
Placebo,57,6488,True,0.14344080252596103
Placebo,57,6590,True,0.07834851647149517
Placebo,57,6793,True,0.5274541611612881
Placebo,57,7090,True,0.2508319548165425
Placebo,57,7112,True,0.08116136400948519
Placebo,57,7167,True,0.4760187297311734
Placebo,57,7287,True,0.39014198844807785
Placebo,57,7370,True,0.15598515766019824
Placebo,57,7547,True,0.0
Placebo,57,7589,True,0.0
Placebo,57,7622,True,0.19589384302586832
Placebo,57,7640,False,0.0
Placebo,57,7757,True,0.23537653116186527
Placebo,57,8162,True,0.3961922669378499
Placebo,57,8508,True,0.0
Placebo,57,8597,True,0.195475661761119
Placebo,57,8771,True,0.0
Placebo,57,288,True,0.5779078407459232
Placebo,57,635,True,0.7122606394326048
Placebo,57,654,True,0.0
Placebo,57,699,True,0.18818873159327235
Placebo,57,743,True,0.30516819105556425
Placebo,57,946,True,0.0
Placebo,57,976,True,0.0
Placebo,57,1144,True,0.6654689857045063
Placebo,57,1187,True,0.6026947401350887
Placebo,57,1384,True,0.052181258455836634
Placebo,57,1415,True,0.18663502663044992
Placebo,57,1443,True,0.2996484034259831
Placebo,57,1629,True,0.08857376396551764
Placebo,57,1684,True,0.06378618161725279
Placebo,57,1802,True,0.23821204862125397
Placebo,57,1914,True,0.3978453912206731
Placebo,57,2046,True,0.0
Placebo,57,2071,True,0.4211582832992166
Placebo,57,2340,True,0.07491210085649577
Placebo,57,2749,True,0.4753656824924811
Placebo,57,3517,True,0.636566446421991
Placebo,57,3758,True,0.2301720472619225
Placebo,57,4110,True,0.4401479306516242
Placebo,57,4111,True,0.0
Placebo,57,4144,True,0.2192883657534035
Placebo,57,5021,True,0.09515663188532464
Placebo,57,5032,True,0.4364589289073647
Placebo,57,5096,True,0.04247244516790244
Placebo,57,5109,True,0.48755780456794096
Placebo,57,5114,True,0.24412484627314304
Placebo,57,5977,True,0.0
Placebo,57,5984,True,0.1723688475489435
Placebo,57,6353,True,0.7223775711604858
Placebo,57,6373,True,0.3711574596617051
Placebo,57,6539,True,0.0
Placebo,57,6554,True,0.18293903230422137
Placebo,57,6884,True,0.3826803184943109
Placebo,57,6955,True,0.0
Placebo,57,7020,True,0.25498562214290676
Placebo,57,7029,True,0.033921361347791563
Placebo,57,7280,True,0.5070125572444724
Placebo,57,7394,True,0.3239134396887189
Placebo,57,7795,True,0.15516558692825128
Placebo,57,8108,True,0.09478836436955075
Placebo,57,8560,True,0.24662568177745792
Placebo,57,8632,True,0.27967085265008473
Placebo,57,8657,True,0.2166134430608518
Placebo,57,8777,True,0.2185507327555782
Placebo,57,9151,True,0.3868553411938231
Placebo,57,9609,True,0.3487389472319397
Placebo,58,102,True,0.35707019176397986
Placebo,58,314,True,0.2604589345610665
Placebo,58,1068,True,0.3280528452087208
Placebo,58,1525,True,0.23400236449624817
Placebo,58,1795,True,0.16013320024726901
Placebo,58,1929,True,0.6355439676308149
Placebo,58,1931,True,0.0
Placebo,58,1991,True,0.16536171650094292
Placebo,58,2528,True,0.33810461923247265
Placebo,58,2697,True,0.243333452928468
Placebo,58,2834,True,0.4260208460087076
Placebo,58,2845,True,0.1627549003282061
Placebo,58,3031,True,0.07518830991146415
Placebo,58,3250,True,0.28371255449703187
Placebo,58,3308,True,0.21819512777734995
Placebo,58,3402,True,0.21885373848867656
Placebo,58,3426,True,0.13988750767002675
Placebo,58,3449,True,0.09617772692883561
Placebo,58,3756,True,0.10892561033814505
Placebo,58,4141,True,0.38500665725583555
Placebo,58,4210,True,0.1719342760000688
Placebo,58,4516,True,0.15395899609509284
Placebo,58,4692,True,0.0
Placebo,58,4700,True,0.10646464774659972
Placebo,58,4910,True,0.0
Placebo,58,4962,True,0.06978419164318803
Placebo,58,5275,True,0.16191289537463105
Placebo,58,5671,True,0.2170951971712263
Placebo,58,5683,True,0.1599789509135779
Placebo,58,6067,True,0.49144381785249613
Placebo,58,6378,True,0.5256994245299805
Placebo,58,6495,True,0.4897399805725386
Placebo,58,6868,True,0.3647865483916967
Placebo,58,6880,True,0.4876726461783201
Placebo,58,7144,True,0.5696988792793342
Placebo,58,7413,True,0.3950751552737906
Placebo,58,7526,True,0.0
Placebo,58,7531,True,0.11615302196700909
Placebo,58,7577,True,0.28606042850872493
Placebo,58,7621,True,0.1422921045008415
Placebo,58,8198,True,0.16941772109183922
Placebo,58,8442,True,0.0
Placebo,58,8452,True,0.3692172631367775
Placebo,58,8476,True,0.2571921381102484
Placebo,58,8541,True,0.22399536892601768
Placebo,58,8802,True,0.5340615889351938
Placebo,58,8816,True,0.13124938519326135
Placebo,58,8852,True,0.0
Placebo,58,9099,True,0.08949183290884721
Placebo,58,9479,True,0.09501844012918934
Placebo,58,9625,False,0.0
Placebo,58,96,True,0.0
Placebo,58,171,True,0.4513779884414811
Placebo,58,328,True,0.0
Placebo,58,387,True,0.25768162773560077
Placebo,58,754,False,0.0
Placebo,58,983,True,0.49726312283375135
Placebo,58,1039,True,0.44187005614424596
Placebo,58,1098,True,0.5113823878024681
Placebo,58,1120,True,0.23453617362143828
Placebo,58,1275,True,0.14892849997397684
Placebo,58,1343,True,0.09478836436955075
Placebo,58,1483,True,0.0
Placebo,58,2005,True,0.0
Placebo,58,2048,True,0.22180321320988217
Placebo,58,2379,True,0.5004592408046529
Placebo,58,2516,True,0.23914318906320767
Placebo,58,2601,True,0.26418323571194396
Placebo,58,3210,True,0.11822100770287784
Placebo,58,3601,True,0.0
Placebo,58,3729,True,0.1975900384821843
Placebo,58,3832,True,0.3965606653052034
Placebo,58,4104,True,0.3198188875148937
Placebo,58,4286,True,0.24350895412712067
Placebo,58,4329,True,0.24636689320787772
Placebo,58,4553,True,0.23958873979021078
Placebo,58,4790,True,0.15101961822780524
Placebo,58,4844,True,0.1130534017578721
Placebo,58,4994,True,0.18709586079730106
Placebo,58,5020,True,0.3814934305107767
Placebo,58,5293,True,0.21156418770688223
Placebo,58,5338,True,0.6375139636322432
Placebo,58,5343,True,0.4929829858376186
Placebo,58,5464,True,0.07930007128354423
Placebo,58,5560,True,0.30256683833825726
Placebo,58,5719,True,0.2597833975275099
Placebo,58,6055,True,0.1888836901314795
Placebo,58,6121,True,0.750083834745637
Placebo,58,6128,True,0.11351146858203406
Placebo,58,6197,True,0.12445416351129733
Placebo,58,6336,True,0.3193473871911403
Placebo,58,6577,True,0.18562167056677129
Placebo,58,6717,True,0.0
Placebo,58,6906,False,0.0
Placebo,58,8550,True,0.0
Placebo,58,8576,True,0.2569390316390929
Placebo,58,8790,False,0.0
Placebo,58,8840,True,0.2184074368181643
Placebo,58,8878,True,0.2398124665681314
Placebo,58,9337,True,0.07187006452250423
Placebo,58,9501,True,0.5790490489989161
Placebo,58,9512,False,0.0
Placebo,58,45,True,0.08136751219269385
Placebo,58,199,True,0.07989569279756419
Placebo,58,458,True,0.354687682524205
Placebo,58,564,True,0.8409421369006526
Placebo,58,717,True,0.0
Placebo,58,1109,True,0.3676920638540013
Placebo,58,1576,True,0.15178849542973058
Placebo,58,1711,True,0.0
Placebo,58,1868,False,0.0
Placebo,58,1942,True,0.2758927196936437
Placebo,58,2001,True,0.2136167734334235
Placebo,58,2217,True,0.11377041810078817
Placebo,58,2354,True,0.1782063881784589
Placebo,58,2761,True,0.04842079006140466
Placebo,58,2980,True,0.0
Placebo,58,3021,True,0.0979076477631462
Placebo,58,3030,True,0.0
Placebo,58,3046,True,0.2540148756279878
Placebo,58,3050,True,0.4478083103890958
Placebo,58,3288,True,0.22083808119465204
Placebo,58,3302,True,0.04538697066857471
Placebo,58,3794,True,0.4880392669065497
Placebo,58,3920,True,0.33465020634131387
Placebo,58,3965,True,0.21801641453242443
Placebo,58,4193,True,0.08274908245792928
Placebo,58,4294,True,0.11491284766333981
Placebo,58,4383,True,0.4785924788082505
Placebo,58,4474,True,0.0
Placebo,58,5068,True,0.5286144241592182
Placebo,58,5258,True,0.060614569639142066
Placebo,58,5306,True,0.33218681337410505
Placebo,58,5323,True,0.29398076991724714
Placebo,58,5421,True,0.4070365106559711
Placebo,58,5766,True,0.5796910801929008
Placebo,58,5877,True,0.0
Placebo,58,5887,True,0.16842717545221186
Placebo,58,6126,True,0.6309297535714573
Placebo,58,6190,True,0.5219437681660575
Placebo,58,6224,True,0.21145027911440437
Placebo,58,6465,True,0.11377041810078817
Placebo,58,6853,True,0.2906117990853842
Placebo,58,6949,True,0.5408549519600723
Placebo,58,7107,True,0.10440444345806826
Placebo,58,7240,False,0.0
Placebo,58,7937,True,0.2875476283595175
Placebo,58,8015,True,0.15543291172269244
Placebo,58,8066,True,0.0
Placebo,58,8202,True,0.3833262412112289
Placebo,58,8321,True,0.5451928149418793
Placebo,58,9222,True,0.5
Placebo,58,9453,True,0.3674771032842099
Placebo,58,73,True,0.2031926591658812
Placebo,58,390,True,0.21072384528972135
Placebo,58,424,True,0.0
Placebo,58,715,True,0.4836253695564513
Placebo,58,915,True,0.46927872602275655
Placebo,58,1579,True,0.06232532315595917
Placebo,58,1643,True,0.040580682004742595
Placebo,58,1679,True,0.2836573260783805
Placebo,58,1982,True,0.2200917662980802
Placebo,58,2027,True,0.280461513176285
Placebo,58,2211,True,0.27555194421992346
Placebo,58,2228,True,0.06943122193677731
Placebo,58,2352,True,0.0
Placebo,58,2520,True,0.3589542101716347
Placebo,58,2573,True,0.14531231747579504
Placebo,58,2630,True,0.1997216637081202
Placebo,58,2666,True,0.3306790203327428
Placebo,58,2745,True,0.1529612508366682
Placebo,58,3149,True,0.3786520671968754
Placebo,58,3369,True,0.14074267220463055
Placebo,58,3617,True,0.0950897783164808
Placebo,58,3862,True,0.13291299131469791
Placebo,58,4124,True,0.3381002466241286
Placebo,58,4218,True,0.4269360218912608
Placebo,58,4268,True,0.654115782538469
Placebo,58,4452,False,0.0
Placebo,58,4522,True,0.30271816375203503
Placebo,58,4784,True,0.4625305746565328
Placebo,58,5139,True,0.20438239758848625
Placebo,58,5438,True,0.07734910411573546
Placebo,58,5565,True,0.10926548857164478
Placebo,58,5684,True,0.19976560228398874
Placebo,58,5775,True,0.2558209594125084
Placebo,58,6110,True,0.33888129504462766
Placebo,58,6488,True,0.0
Placebo,58,6590,True,0.17712847502637094
Placebo,58,6793,True,0.19888155774796895
Placebo,58,7090,True,0.19870856444651674
Placebo,58,7112,True,0.0
Placebo,58,7167,True,0.4295542930692056
Placebo,58,7287,True,0.31038114219935514
Placebo,58,7370,True,0.0
Placebo,58,7547,True,0.0
Placebo,58,7589,True,0.0
Placebo,58,7622,True,0.14121383358907724
Placebo,58,7640,False,0.0
Placebo,58,7757,True,0.035427698077529574
Placebo,58,8162,True,0.6342764614450106
Placebo,58,8508,True,0.0
Placebo,58,8597,True,0.3359834821085621
Placebo,58,8771,True,0.08002159439830046
Placebo,58,288,True,0.35969314453321755
Placebo,58,635,True,0.1883428906105281
Placebo,58,654,True,0.27102799106338266
Placebo,58,699,True,0.33490127113104906
Placebo,58,743,True,0.35583740341397174
Placebo,58,946,True,0.0
Placebo,58,976,True,0.23949068454877484
Placebo,58,1144,True,0.45369545144887274
Placebo,58,1187,True,0.7474206746467261
Placebo,58,1384,True,0.0
Placebo,58,1415,True,0.26363254437862815
Placebo,58,1443,True,0.21434997322283647
Placebo,58,1629,True,0.0
Placebo,58,1684,True,0.11298087547243413
Placebo,58,1802,True,0.04565679690686911
Placebo,58,1914,True,0.3635446420701811
Placebo,58,2046,True,0.0
Placebo,58,2071,True,0.0
Placebo,58,2340,True,0.047264273332909064
Placebo,58,2749,True,0.3039883917416756
Placebo,58,3517,True,0.38640872000121806
Placebo,58,3758,True,0.03683186995726716
Placebo,58,4110,True,0.24144519745059703
Placebo,58,4111,True,0.0
Placebo,58,4144,True,0.041334069606472665
Placebo,58,5021,True,0.0
Placebo,58,5032,True,0.3051185265836658
Placebo,58,5096,True,0.24268356370184857
Placebo,58,5109,True,0.675073282497193
Placebo,58,5114,True,0.11496943328345767
Placebo,58,5977,True,0.0
Placebo,58,5984,True,0.3472832089684731
Placebo,58,6353,True,0.39636523945611896
Placebo,58,6373,True,0.06946837613224666
Placebo,58,6539,True,0.0
Placebo,58,6554,True,0.30779253373171434
Placebo,58,6884,True,0.46927872602275655
Placebo,58,6955,True,0.3239134396887189
Placebo,58,7020,True,0.4192972789574011
Placebo,58,7029,True,0.15008062346829132
Placebo,58,7280,True,0.0
Placebo,58,7394,True,0.0
Placebo,58,7795,True,0.3136915954992797
Placebo,58,8108,True,0.0
Placebo,58,8560,True,0.1594803325376077
Placebo,58,8632,True,0.17599276937400593
Placebo,58,8657,True,0.21913061650050944
Placebo,58,8777,True,0.5283764280215366
Placebo,58,9151,True,0.013607815219922291
Placebo,58,9609,True,0.4257397266152919
Placebo,59,102,True,0.38616916936982293
Placebo,59,314,True,0.30248744819232226
Placebo,59,1068,True,0.3455411545212122
Placebo,59,1525,True,0.20151497603458013
Placebo,59,1795,True,0.5051158397691099
Placebo,59,1929,True,0.24967896890548635
Placebo,59,1931,True,0.0
Placebo,59,1991,True,0.36697795714907944
Placebo,59,2528,True,0.41924329156874734
Placebo,59,2697,True,0.3843277936573129
Placebo,59,2834,True,0.5022899849769805
Placebo,59,2845,True,0.331618895781339
Placebo,59,3031,True,0.32546947867315956
Placebo,59,3250,True,0.09478836436955075
Placebo,59,3308,True,0.3710991604950411
Placebo,59,3402,True,0.21103372636052894
Placebo,59,3426,True,0.0
Placebo,59,3449,True,0.382577425987417
Placebo,59,3756,True,0.31289386385750273
Placebo,59,4141,True,0.4480624743541548
Placebo,59,4210,True,0.1730917343272396
Placebo,59,4516,True,0.12652791809394934
Placebo,59,4692,True,0.0
Placebo,59,4700,True,0.0
Placebo,59,4910,True,0.0
Placebo,59,4962,True,0.10096820903124835
Placebo,59,5275,True,0.1775974789821119
Placebo,59,5671,True,0.16455838130341816
Placebo,59,5683,True,0.14710131651029387
Placebo,59,6067,True,0.5536865915629908
Placebo,59,6378,True,0.3351746015386706
Placebo,59,6495,True,0.2973370451635088
Placebo,59,6868,True,0.3837859818586541
Placebo,59,6880,True,0.23850245838348139
Placebo,59,7144,True,0.2839881095357387
Placebo,59,7413,True,0.0
Placebo,59,7526,True,0.0
Placebo,59,7531,True,0.0898682452334257
Placebo,59,7577,True,0.25744067176005675
Placebo,59,7621,True,0.3520506193308341
Placebo,59,8198,True,0.266573227089139
Placebo,59,8442,True,0.40876468265396726
Placebo,59,8452,True,0.4379928658705419
Placebo,59,8476,True,0.2695036918494646
Placebo,59,8541,True,0.263872703101387
Placebo,59,8802,True,0.2702251677920335
Placebo,59,8816,True,0.24842742676916887
Placebo,59,8852,True,0.32531670832675147
Placebo,59,9099,True,0.0
Placebo,59,9479,True,0.0
Placebo,59,9625,False,0.0
Placebo,59,96,True,0.0
Placebo,59,171,True,0.4299535461712904
Placebo,59,328,True,0.0
Placebo,59,387,True,0.170719671719712
Placebo,59,754,False,0.0
Placebo,59,983,True,0.5150086549609647
Placebo,59,1039,True,0.13183640504454022
Placebo,59,1098,True,0.15601719503356357
Placebo,59,1120,True,0.0
Placebo,59,1275,True,0.1940569028541187
Placebo,59,1343,True,0.28634598975246917
Placebo,59,1483,True,0.2526386358645292
Placebo,59,2005,True,0.13305201013572898
Placebo,59,2048,True,0.18514204195015854
Placebo,59,2379,True,0.4491804440308741
Placebo,59,2516,True,0.37335668229874414
Placebo,59,2601,True,0.3030616450015668
Placebo,59,3210,True,0.27098439775476774
Placebo,59,3601,True,0.0
Placebo,59,3729,True,0.16727795298142606
Placebo,59,3832,True,0.532268951139405
Placebo,59,4104,True,0.2802827853503839
Placebo,59,4286,True,0.2541442599050992
Placebo,59,4329,True,0.07839826897867538
Placebo,59,4553,True,0.04595372779732828
Placebo,59,4790,True,0.0
Placebo,59,4844,True,0.0
Placebo,59,4994,True,0.16097274171440426
Placebo,59,5020,True,0.5855992030907856
Placebo,59,5293,True,0.08097408658478238
Placebo,59,5338,True,0.4916542899271422
Placebo,59,5343,True,0.08582303268637552
Placebo,59,5464,True,0.3942937232892372
Placebo,59,5560,True,0.3371742987209749
Placebo,59,5719,True,0.22974056922196193
Placebo,59,6055,True,0.42424731161639967
Placebo,59,6121,True,0.3891976750543512
Placebo,59,6128,True,0.185129231482031
Placebo,59,6197,True,0.13147032541923082
Placebo,59,6336,True,0.2577145551146601
Placebo,59,6577,True,0.36679016159322003
Placebo,59,6717,True,0.0
Placebo,59,6906,False,0.0
Placebo,59,8550,True,0.0
Placebo,59,8576,True,0.29922683201146266
Placebo,59,8790,False,0.0
Placebo,59,8840,True,0.0
Placebo,59,8878,True,0.6334896111932239
Placebo,59,9337,True,0.0
Placebo,59,9501,True,0.35750646308905615
Placebo,59,9512,False,0.0
Placebo,59,45,True,0.18931578121912412
Placebo,59,199,True,0.15979138559512826
Placebo,59,458,True,0.22859080382730532
Placebo,59,564,True,0.881208245797156
Placebo,59,717,True,0.13507318237186766
Placebo,59,1109,True,0.5505197729916693
Placebo,59,1576,True,0.12077900087127798
Placebo,59,1711,True,0.0
Placebo,59,1868,False,0.0
Placebo,59,1942,True,0.3792520883050225
Placebo,59,2001,True,0.020341878048173462
Placebo,59,2217,True,0.20454038522605156
Placebo,59,2354,True,0.3623164419139497
Placebo,59,2761,True,0.14094060554441531
Placebo,59,2980,True,0.2960819109658652
Placebo,59,3021,True,0.06265341172228864
Placebo,59,3030,True,0.0
Placebo,59,3046,True,0.15271848231626242
Placebo,59,3050,True,0.5087877843182529
Placebo,59,3288,True,0.48615358740135844
Placebo,59,3302,True,0.24268356370184851
Placebo,59,3794,True,0.06391626725099625
Placebo,59,3920,True,0.2938240867647938
Placebo,59,3965,True,0.08177069331014819
Placebo,59,4193,True,0.5345431752662104
Placebo,59,4294,True,0.0623995799562533
Placebo,59,4383,True,0.5109030918141204
Placebo,59,4474,True,0.0
Placebo,59,5068,True,0.08097835992217972
Placebo,59,5258,True,0.046914224068210206
Placebo,59,5306,True,0.6362530041154598
Placebo,59,5323,True,0.5351616780395968
Placebo,59,5421,True,0.46051090506415643
Placebo,59,5766,True,0.5714360709285932
Placebo,59,5877,True,0.0
Placebo,59,5887,True,0.21631784442917842
Placebo,59,6126,True,0.3154648767857289
Placebo,59,6190,True,0.5193590113457663
Placebo,59,6224,True,0.411417310118232
Placebo,59,6465,True,0.0
Placebo,59,6853,True,0.17976016315537868
Placebo,59,6949,True,0.553834603314272
Placebo,59,7107,True,0.10440444345806826
Placebo,59,7240,False,0.0
Placebo,59,7937,True,0.47816827467597667
Placebo,59,8015,True,0.2558209594125084
Placebo,59,8066,True,0.16958010263680806
Placebo,59,8202,True,0.44955391564454794
Placebo,59,8321,True,0.2934360433355387
Placebo,59,9222,True,0.0
Placebo,59,9453,True,0.4344627272287241
Placebo,59,73,True,0.10962735030186617
Placebo,59,390,True,0.3407149112898951
Placebo,59,424,True,0.12767884920751535
Placebo,59,715,True,0.32544123023290566
Placebo,59,915,True,0.0
Placebo,59,1579,True,0.07187006452250423
Placebo,59,1643,True,0.1403860944330722
Placebo,59,1679,True,0.29766304272139243
Placebo,59,1982,True,0.09478836436955075
Placebo,59,2027,True,0.49615931340674707
Placebo,59,2211,True,0.43673949858938654
Placebo,59,2228,True,0.05502294157452005
Placebo,59,2352,True,0.31660940192768106
Placebo,59,2520,True,0.2200917662980802
Placebo,59,2573,True,0.09478836436955075
Placebo,59,2630,True,0.5534357748727996
Placebo,59,2666,True,0.4085269011516347
Placebo,59,2745,True,0.10426072027559338
Placebo,59,3149,True,0.07876312977220012
Placebo,59,3369,True,0.26585498912052924
Placebo,59,3617,True,0.2429879590485708
Placebo,59,3862,True,0.0
Placebo,59,4124,True,0.5069819681339401
Placebo,59,4218,True,0.18176694011321798
Placebo,59,4268,True,0.9305687780632227
Placebo,59,4452,False,0.0
Placebo,59,4522,True,0.088798739491056
Placebo,59,4784,True,0.6096680323089427
Placebo,59,5139,True,0.0
Placebo,59,5438,True,0.1129804160159842
Placebo,59,5565,True,0.0
Placebo,59,5684,True,0.4252389652363638
Placebo,59,5775,True,0.09791292534996787
Placebo,59,6110,True,0.04330890684638207
Placebo,59,6488,True,0.0
Placebo,59,6590,True,0.34077566718489294
Placebo,59,6793,True,0.22578419899983798
Placebo,59,7090,True,0.20545265705727672
Placebo,59,7112,True,0.08452085079694185
Placebo,59,7167,True,0.5974235292470125
Placebo,59,7287,True,0.8241954722813191
Placebo,59,7370,True,0.14424997084571223
Placebo,59,7547,True,0.0
Placebo,59,7589,True,0.0
Placebo,59,7622,True,0.34871604941655704
Placebo,59,7640,False,0.0
Placebo,59,7757,True,0.24075039059680495
Placebo,59,8162,True,0.4391262116514309
Placebo,59,8508,True,0.2463023887407299
Placebo,59,8597,True,0.2808835577232591
Placebo,59,8771,True,0.0
Placebo,59,288,True,0.5978478632311216
Placebo,59,635,True,0.06425604298318159
Placebo,59,654,True,0.06012983951359326
Placebo,59,699,True,0.26815356725787093
Placebo,59,743,True,0.48226897126380214
Placebo,59,946,True,0.0
Placebo,59,976,True,0.10972431200457408
Placebo,59,1144,True,0.6227244543654267
Placebo,59,1187,True,0.07066252950471981
Placebo,59,1384,True,0.06174580461097321
Placebo,59,1415,True,0.3375372746250127
Placebo,59,1443,True,0.19976560228398874
Placebo,59,1629,True,0.08857376396551764
Placebo,59,1684,True,0.09321251546319824
Placebo,59,1802,True,0.0
Placebo,59,1914,True,0.33389500207101164
Placebo,59,2046,True,0.0
Placebo,59,2071,True,0.0
Placebo,59,2340,True,0.1931331085593736
Placebo,59,2749,True,0.27477225279155265
Placebo,59,3517,True,0.5793916366084789
Placebo,59,3758,True,0.16577377545790425
Placebo,59,4110,True,0.2669507571941387
Placebo,59,4111,True,0.0
Placebo,59,4144,True,0.03683186995726716
Placebo,59,5021,True,0.18981180640250608
Placebo,59,5032,True,0.39138135835785925
Placebo,59,5096,True,0.08039138809008572
Placebo,59,5109,True,0.285340076483234
Placebo,59,5114,True,0.18170712258199234
Placebo,59,5977,True,0.0
Placebo,59,5984,True,0.4327308933047464
Placebo,59,6353,True,0.29881627538467964
Placebo,59,6373,True,0.25841319658041145
Placebo,59,6539,True,0.0
Placebo,59,6554,True,0.37990188949773857
Placebo,59,6884,True,0.14465396417138077
Placebo,59,6955,True,0.12779435101500425
Placebo,59,7020,True,0.37981236413613245
Placebo,59,7029,True,0.2844493512317389
Placebo,59,7280,True,0.09855144660309344
Placebo,59,7394,True,0.10218331334064332
Placebo,59,7795,True,0.4369150156623903
Placebo,59,8108,True,0.0
Placebo,59,8560,True,0.2076366487142388
Placebo,59,8632,True,0.5429046461892433
Placebo,59,8657,True,0.08177069331014819
Placebo,59,8777,True,0.5134728208369838
Placebo,59,9151,True,0.11388654179815136
Placebo,59,9609,True,0.21241601410692462
Placebo,60,102,True,0.5380880352998614
Placebo,60,314,True,0.24424430457205235
Placebo,60,1068,True,0.389702216290895
Placebo,60,1525,True,0.20003727999325516
Placebo,60,1795,True,0.2480044176388359
Placebo,60,1929,True,0.2499403611008928
Placebo,60,1931,True,0.0
Placebo,60,1991,True,0.42615376075060796
Placebo,60,2528,True,0.4057481372794249
Placebo,60,2697,True,0.46102713292533065
Placebo,60,2834,True,0.4953556215124729
Placebo,60,2845,True,0.10136092190826243
Placebo,60,3031,True,0.14534162239322262
Placebo,60,3250,True,0.1388624438735545
Placebo,60,3308,True,0.31248452207074806
Placebo,60,3402,True,0.33455590596285206
Placebo,60,3426,True,0.17582253993127878
Placebo,60,3449,True,0.49314079593539323
Placebo,60,3756,True,0.3965444075667168
Placebo,60,4141,True,0.3462879639758856
Placebo,60,4210,True,0.31824211375229716
Placebo,60,4516,True,0.18366096604674043
Placebo,60,4692,True,0.0
Placebo,60,4700,True,0.2471168871120522
Placebo,60,4910,True,0.0
Placebo,60,4962,True,0.2381989969765828
Placebo,60,5275,True,0.10889339568010445
Placebo,60,5671,True,0.15649736939011147
Placebo,60,5683,True,0.06978419164318803
Placebo,60,6067,True,0.38430876926763996
Placebo,60,6378,True,0.5430039501517697
Placebo,60,6495,True,0.5884605859122716
Placebo,60,6868,True,0.19842703866494468
Placebo,60,6880,True,0.3189383106364701
Placebo,60,7144,True,0.21204644674670894
Placebo,60,7413,True,0.2172607128522299
Placebo,60,7526,True,0.0
Placebo,60,7531,True,0.0
Placebo,60,7577,True,0.23573241784227975
Placebo,60,7621,True,0.07425302840123005
Placebo,60,8198,True,0.11120921322406253
Placebo,60,8442,True,0.0
Placebo,60,8452,True,0.32044843182763844
Placebo,60,8476,True,0.25306611694891223
Placebo,60,8541,True,0.4502856740849969
Placebo,60,8802,True,0.2702251677920334
Placebo,60,8816,True,0.1161743738862708
Placebo,60,8852,True,0.12315119437036504
Placebo,60,9099,True,0.0
Placebo,60,9479,True,0.17477502262449396
Placebo,60,9625,False,0.0
Placebo,60,96,True,0.0
Placebo,60,171,True,0.3897072833263811
Placebo,60,328,True,0.0
Placebo,60,387,True,0.05214426484655786
Placebo,60,754,False,0.0
Placebo,60,983,True,0.39836188291139024
Placebo,60,1039,True,0.17215455715258313
Placebo,60,1098,True,0.24776885959392397
Placebo,60,1120,True,0.17841450116851032
Placebo,60,1275,True,0.0831668646525864
Placebo,60,1343,True,0.0
Placebo,60,1483,True,0.12741733550370726
Placebo,60,2005,True,0.3589542101716347
Placebo,60,2048,True,0.31952787474857924
Placebo,60,2379,True,0.5085707233178145
Placebo,60,2516,True,0.34761993908198446
Placebo,60,2601,True,0.2288281848791404
Placebo,60,3210,True,0.26611801182158557
Placebo,60,3601,True,0.30657359638272924
Placebo,60,3729,True,0.17211777476040202
Placebo,60,3832,True,0.22110034464626274
Placebo,60,4104,True,0.05487565949361937
Placebo,60,4286,True,0.396075219086514
Placebo,60,4329,True,0.2144199045168832
Placebo,60,4553,True,0.15173884829500914
Placebo,60,4790,True,0.1681275362711174
Placebo,60,4844,True,0.09803928583135697
Placebo,60,4994,True,0.29150030425536927
Placebo,60,5020,True,0.3499450147242343
Placebo,60,5293,True,0.32957929799584273
Placebo,60,5338,True,0.7157366221446019
Placebo,60,5343,True,0.18813888655130157
Placebo,60,5464,True,0.052639913647579424
Placebo,60,5560,True,0.6514890182266379
Placebo,60,5719,True,0.20258660193161013
Placebo,60,6055,True,0.269192188395127
Placebo,60,6121,True,0.4348405780688213
Placebo,60,6128,True,0.1616848136315798
Placebo,60,6197,True,0.19954750985875386
Placebo,60,6336,True,0.5456266327801477
Placebo,60,6577,True,0.4943911701878993
Placebo,60,6717,True,0.0
Placebo,60,6906,False,0.0
Placebo,60,8550,True,0.0
Placebo,60,8576,True,0.48263663725986283
Placebo,60,8790,False,0.0
Placebo,60,8840,True,0.0
Placebo,60,8878,True,0.0
Placebo,60,9337,True,0.0
Placebo,60,9501,True,0.5805115049170524
Placebo,60,9512,False,0.0
Placebo,60,45,True,0.0
Placebo,60,199,True,0.09021422696383827
Placebo,60,458,True,0.6624038986024566
Placebo,60,564,True,0.759237581276333
Placebo,60,717,True,0.1443421150392356
Placebo,60,1109,True,0.6320410169588919
Placebo,60,1576,True,0.051163424335078686
Placebo,60,1711,True,0.0
Placebo,60,1868,False,0.0
Placebo,60,1942,True,0.4300218696683381
Placebo,60,2001,True,0.12745089184537195
Placebo,60,2217,True,0.0
Placebo,60,2354,True,0.43946631676195413
Placebo,60,2761,True,0.11875628599054346
Placebo,60,2980,True,0.0
Placebo,60,3021,True,0.12998316858145592
Placebo,60,3030,True,1.0
Placebo,60,3046,True,0.18657250100984182
Placebo,60,3050,True,0.5033326383734
Placebo,60,3288,True,0.13584891263307552
Placebo,60,3302,True,0.03683186995726716
Placebo,60,3794,True,0.22067658659897682
Placebo,60,3920,True,0.15871762652712854
Placebo,60,3965,True,0.2166066285361558
Placebo,60,4193,True,0.46461208786803637
Placebo,60,4294,True,0.057456423831669906
Placebo,60,4383,True,0.46216940578552307
Placebo,60,4474,True,0.0
Placebo,60,5068,True,0.04778491088266231
Placebo,60,5258,True,0.0
Placebo,60,5306,True,0.5776160770430571
Placebo,60,5323,True,0.49625529862098006
Placebo,60,5421,True,0.4433885591842858
Placebo,60,5766,True,0.5243387585817211
Placebo,60,5877,True,0.3309406776007889
Placebo,60,5887,True,0.4700943753313005
Placebo,60,6126,True,0.0
Placebo,60,6190,True,0.48404826876598717
Placebo,60,6224,True,0.4501877252187
Placebo,60,6465,True,0.0
Placebo,60,6853,True,0.08307482999756595
Placebo,60,6949,True,0.22112827721363607
Placebo,60,7107,True,0.07287507606384232
Placebo,60,7240,False,0.0
Placebo,60,7937,True,0.3630455101487538
Placebo,60,8015,True,0.24498229956899897
Placebo,60,8066,True,0.0
Placebo,60,8202,True,0.13039845467916966
Placebo,60,8321,True,0.31037730808588704
Placebo,60,9222,True,0.0
Placebo,60,9453,True,0.5786451025032543
Placebo,60,73,True,0.24767514066066265
Placebo,60,390,True,0.2597486557772342
Placebo,60,424,True,0.14611402455282557
Placebo,60,715,True,0.3225054827950276
Placebo,60,915,True,0.19182456951895013
Placebo,60,1579,True,0.0
Placebo,60,1643,True,0.1403860944330722
Placebo,60,1679,True,0.2330312004263274
Placebo,60,1982,True,0.2028524324899727
Placebo,60,2027,True,0.347441218468365
Placebo,60,2211,True,0.1990359437374668
Placebo,60,2228,True,0.5181137920621629
Placebo,60,2352,True,0.0
Placebo,60,2520,True,0.24972946576556504
Placebo,60,2573,True,0.07839826897867538
Placebo,60,2630,True,0.6283437367519532
Placebo,60,2666,True,0.28342049477046144
Placebo,60,2745,True,0.20739279067293398
Placebo,60,3149,True,0.18953431415651675
Placebo,60,3369,True,0.21390733506477452
Placebo,60,3617,True,0.2104096962294344
Placebo,60,3862,True,0.0
Placebo,60,4124,True,0.5858423357806666
Placebo,60,4218,True,0.5353913868952638
Placebo,60,4268,True,0.9681896059005243
Placebo,60,4452,False,0.0
Placebo,60,4522,True,0.14535010164613607
Placebo,60,4784,True,0.29000970706992146
Placebo,60,5139,True,0.0
Placebo,60,5438,True,0.37822092259533835
Placebo,60,5565,True,0.12929326941735855
Placebo,60,5684,True,0.35002473219414887
Placebo,60,5775,True,0.3559778832833346
Placebo,60,6110,True,0.2443527483788097
Placebo,60,6488,True,0.11298087547243421
Placebo,60,6590,True,0.30439513023417103
Placebo,60,6793,True,0.11706259313796355
Placebo,60,7090,True,0.3057460329310114
Placebo,60,7112,True,0.23137680977455502
Placebo,60,7167,True,0.2739254815294565
Placebo,60,7287,True,0.6247932633543133
Placebo,60,7370,True,0.29484325130068295
Placebo,60,7547,True,0.13124938519326135
Placebo,60,7589,True,0.0
Placebo,60,7622,True,0.2023686860124004
Placebo,60,7640,False,0.0
Placebo,60,7757,True,0.2148536045535878
Placebo,60,8162,True,0.6706767331898311
Placebo,60,8508,True,0.0
Placebo,60,8597,True,0.1265394789613926
Placebo,60,8771,True,0.0
Placebo,60,288,True,0.5864197060883442
Placebo,60,635,True,0.25813619182415404
Placebo,60,654,True,0.28284527270714815
Placebo,60,699,True,0.24464059355106013
Placebo,60,743,True,0.39770830602971097
Placebo,60,946,True,0.0
Placebo,60,976,True,0.0
Placebo,60,1144,True,0.5480382573824053
Placebo,60,1187,True,0.5100851570908002
Placebo,60,1384,True,0.1891012388579227
Placebo,60,1415,True,0.4291626998628242
Placebo,60,1443,True,0.2477798052607022
Placebo,60,1629,True,0.0
Placebo,60,1684,True,0.2405532387069397
Placebo,60,1802,True,0.101298325735489
Placebo,60,1914,True,0.5365927775109043
Placebo,60,2046,True,0.5209090851403014
Placebo,60,2071,True,0.0
Placebo,60,2340,True,0.0
Placebo,60,2749,True,0.44772085422183344
Placebo,60,3517,True,0.5913168591949449
Placebo,60,3758,True,0.0
Placebo,60,4110,True,0.4950681084825316
Placebo,60,4111,True,0.0
Placebo,60,4144,True,0.2156584356737908
Placebo,60,5021,True,0.31038756438284487
Placebo,60,5032,True,0.676193631657069
Placebo,60,5096,True,0.1757188316729543
Placebo,60,5109,True,0.3867873109577295
Placebo,60,5114,True,0.1666047581904272
Placebo,60,5977,True,0.0
Placebo,60,5984,True,0.15040289167004095
Placebo,60,6353,True,0.7614946319205445
Placebo,60,6373,True,0.0
Placebo,60,6539,True,0.0
Placebo,60,6554,True,0.2682199941120099
Placebo,60,6884,True,0.6364391809889589
Placebo,60,6955,True,0.4141082574083082
Placebo,60,7020,True,0.2559244889305281
Placebo,60,7029,True,0.2200917662980802
Placebo,60,7280,True,0.1796818983813524
Placebo,60,7394,True,0.05398557328145317
Placebo,60,7795,True,0.5450603917933822
Placebo,60,8108,True,0.12987501165334064
Placebo,60,8560,True,0.2630483867128276
Placebo,60,8632,True,0.46875853215426494
Placebo,60,8657,True,0.15744006533381547
Placebo,60,8777,True,0.6273593803802101
Placebo,60,9151,True,0.23234886887887193
Placebo,60,9609,True,0.23246483123004202
Placebo,61,102,True,0.44728250834978717
Placebo,61,314,True,0.27728513448149905
Placebo,61,1068,True,0.6258120962253525
Placebo,61,1525,True,0.0
Placebo,61,1795,True,0.30406975529039865
Placebo,61,1929,True,0.5600613329850592
Placebo,61,1931,True,0.0
Placebo,61,1991,True,0.08421358772610593
Placebo,61,2528,True,0.32911717787547107
Placebo,61,2697,True,0.2159422931258126
Placebo,61,2834,True,0.6275504557938536
Placebo,61,2845,True,0.6140689059357383
Placebo,61,3031,True,0.059292163622736496
Placebo,61,3250,True,0.08514311764162101
Placebo,61,3308,True,0.3013368560866853
Placebo,61,3402,True,0.2562599920795693
Placebo,61,3426,True,0.13603488629504495
Placebo,61,3449,True,0.5566366303910677
Placebo,61,3756,True,0.16958292883783754
Placebo,61,4141,True,0.346621014196238
Placebo,61,4210,True,0.27859570484810126
Placebo,61,4516,True,0.4943185814213286
Placebo,61,4692,True,0.1000130716141717
Placebo,61,4700,True,0.0
Placebo,61,4910,True,0.0
Placebo,61,4962,True,0.3306819147274758
Placebo,61,5275,True,0.22954141169568656
Placebo,61,5671,True,0.12805510988152002
Placebo,61,5683,True,0.3307141173247628
Placebo,61,6067,True,0.3976680780380485
Placebo,61,6378,True,0.350435527580508
Placebo,61,6495,True,0.4833887286210305
Placebo,61,6868,True,0.3219152303050428
Placebo,61,6880,True,0.2462821518985726
Placebo,61,7144,True,0.0
Placebo,61,7413,True,0.10124161603625315
Placebo,61,7526,True,0.0
Placebo,61,7531,True,0.43240357877631685
Placebo,61,7577,True,0.18873103118020407
Placebo,61,7621,True,0.42941062388287343
Placebo,61,8198,True,0.06978419164318803
Placebo,61,8442,True,0.0
Placebo,61,8452,True,0.5477500300755259
Placebo,61,8476,True,0.17897489594999488
Placebo,61,8541,True,0.5896330918102899
Placebo,61,8802,True,0.14827514597647262
Placebo,61,8816,True,0.0
Placebo,61,8852,True,0.3638184934971569
Placebo,61,9099,True,0.17147865513618257
Placebo,61,9479,True,0.1170887918566387
Placebo,61,9625,False,0.0
Placebo,61,96,True,0.0
Placebo,61,171,True,0.7660294718246872
Placebo,61,328,True,0.0
Placebo,61,387,True,0.2989482175081198
Placebo,61,754,False,0.0
Placebo,61,983,True,0.37429610824368137
Placebo,61,1039,True,0.37507614346641655
Placebo,61,1098,True,0.09077394133714942
Placebo,61,1120,True,0.4245439414619402
Placebo,61,1275,True,0.34453380058985106
Placebo,61,1343,True,0.2583297509898471
Placebo,61,1483,True,0.14301298287702321
Placebo,61,2005,True,0.0
Placebo,61,2048,True,0.3580579722836524
Placebo,61,2379,True,0.2551757756338223
Placebo,61,2516,True,0.3222722491219548
Placebo,61,2601,True,0.16365329800063505
Placebo,61,3210,True,0.2195431378961619
Placebo,61,3601,True,0.0
Placebo,61,3729,True,0.2195431378961619
Placebo,61,3832,True,0.3237150350254603
Placebo,61,4104,True,0.3288333027609353
Placebo,61,4286,True,0.3173731327215748
Placebo,61,4329,True,0.0
Placebo,61,4553,True,0.07037133610231527
Placebo,61,4790,True,0.12315119437036504
Placebo,61,4844,True,0.2139862647345275
Placebo,61,4994,True,0.12770723493062425
Placebo,61,5020,True,0.2464680460868163
Placebo,61,5293,True,0.3513173865911213
Placebo,61,5338,True,0.6414011274709347
Placebo,61,5343,True,0.1230259334813442
Placebo,61,5464,True,0.15494237425622914
Placebo,61,5560,True,0.37510827463721913
Placebo,61,5719,True,0.4047140083912248
Placebo,61,6055,True,0.4809429920647091
Placebo,61,6121,True,0.3426590155093175
Placebo,61,6128,True,0.0
Placebo,61,6197,True,0.26980105186959885
Placebo,61,6336,True,0.6767130981215809
Placebo,61,6577,True,0.4229399839252121
Placebo,61,6717,True,0.0
Placebo,61,6906,False,0.0
Placebo,61,8550,True,0.0
Placebo,61,8576,True,0.5564612461747143
Placebo,61,8790,False,0.0
Placebo,61,8840,True,0.0
Placebo,61,8878,True,0.8700592720921219
Placebo,61,9337,True,0.13988750767002675
Placebo,61,9501,True,0.2948976121111132
Placebo,61,9512,False,0.0
Placebo,61,45,True,0.3518699953182148
Placebo,61,199,True,0.22460731655903235
Placebo,61,458,True,0.509595109471036
Placebo,61,564,True,0.7167674835027338
Placebo,61,717,True,0.12490788650658134
Placebo,61,1109,True,0.39333842274261477
Placebo,61,1576,True,0.3027905776795076
Placebo,61,1711,True,0.0
Placebo,61,1868,False,0.0
Placebo,61,1942,True,0.2826722406661563
Placebo,61,2001,True,0.48477936143469363
Placebo,61,2217,True,0.5209090851403014
Placebo,61,2354,True,0.37413030976577755
Placebo,61,2761,True,0.10232684867015737
Placebo,61,2980,True,0.19182456951895013
Placebo,61,3021,True,0.16195671984435944
Placebo,61,3030,True,0.3333333333333335
Placebo,61,3046,True,0.13877920190495205
Placebo,61,3050,True,0.5122705619811608
Placebo,61,3288,True,0.14061891063834914
Placebo,61,3302,True,0.36458598999465325
Placebo,61,3794,True,0.2221146178453945
Placebo,61,3920,True,0.25962054815769
Placebo,61,3965,True,0.2533816579543858
Placebo,61,4193,True,0.24293351289386464
Placebo,61,4294,True,0.0
Placebo,61,4383,True,0.6895383978452153
Placebo,61,4474,True,0.32739495038873945
Placebo,61,5068,True,0.21964686745336073
Placebo,61,5258,True,0.09884606758558023
Placebo,61,5306,True,0.7942337002184837
Placebo,61,5323,True,0.5274351915541305
Placebo,61,5421,True,0.6470083521724822
Placebo,61,5766,True,0.37650335261124745
Placebo,61,5877,True,0.15676031934798057
Placebo,61,5887,True,0.296280821669209
Placebo,61,6126,True,0.0
Placebo,61,6190,True,0.5992847184277054
Placebo,61,6224,True,0.3471357245055705
Placebo,61,6465,True,0.1235584435560261
Placebo,61,6853,True,0.21005921159993848
Placebo,61,6949,True,0.5504210975858606
Placebo,61,7107,True,0.0
Placebo,61,7240,False,0.0
Placebo,61,7937,True,0.5625010385868445
Placebo,61,8015,True,0.0870284313680678
Placebo,61,8066,True,0.10699313236726382
Placebo,61,8202,True,0.29519349216256024
Placebo,61,8321,True,0.3382454687000228
Placebo,61,9222,True,0.0
Placebo,61,9453,True,0.5513268823473582
Placebo,61,73,True,0.14982420171299154
Placebo,61,390,True,0.3842958876570815
Placebo,61,424,True,0.04510157879202123
Placebo,61,715,True,0.20221145045903072
Placebo,61,915,True,0.0
Placebo,61,1579,True,0.34026083987943095
Placebo,61,1643,True,0.0
Placebo,61,1679,True,0.6104339265782953
Placebo,61,1982,True,0.1834098052484002
Placebo,61,2027,True,0.24842753565699602
Placebo,61,2211,True,0.1689539010595103
Placebo,61,2228,True,0.09478836436955075
Placebo,61,2352,True,0.0
Placebo,61,2520,True,0.4595326231006953
Placebo,61,2573,True,0.15840915256850244
Placebo,61,2630,True,0.37357948640741123
Placebo,61,2666,True,0.5590045853233422
Placebo,61,2745,True,0.0821774490341282
Placebo,61,3149,True,0.11122948216422447
Placebo,61,3369,True,0.08305152209984393
Placebo,61,3617,True,0.29056347664468973
Placebo,61,3862,True,0.217320546861368
Placebo,61,4124,True,0.5816511329679436
Placebo,61,4218,True,0.1607841342240505
Placebo,61,4268,True,0.8611375561264455
Placebo,61,4452,False,0.0
Placebo,61,4522,True,0.23104046414735327
Placebo,61,4784,True,0.48899881627878244
Placebo,61,5139,True,0.0
Placebo,61,5438,True,0.23492242332280422
Placebo,61,5565,True,0.10926548857164478
Placebo,61,5684,True,0.06124284226709497
Placebo,61,5775,True,0.09162544430476369
Placebo,61,6110,True,0.193883038203178
Placebo,61,6488,True,0.0
Placebo,61,6590,True,0.24542057500887574
Placebo,61,6793,True,0.2063446518003966
Placebo,61,7090,True,0.13977709292070073
Placebo,61,7112,True,0.4743759901023643
Placebo,61,7167,True,0.32272854265772744
Placebo,61,7287,True,0.4267395223290615
Placebo,61,7370,True,0.36536671189156233
Placebo,61,7547,True,0.19687407778989194
Placebo,61,7589,True,0.07078380180254
Placebo,61,7622,True,0.2843970138611737
Placebo,61,7640,False,0.0
Placebo,61,7757,True,0.11638343207360721
Placebo,61,8162,True,0.3552385058825713
Placebo,61,8508,True,0.13012668333070063
Placebo,61,8597,True,0.20254439731903165
Placebo,61,8771,True,0.0
Placebo,61,288,True,0.4513129409865016
Placebo,61,635,True,0.25844394587042707
Placebo,61,654,True,0.16788429622804935
Placebo,61,699,True,0.2912062977710518
Placebo,61,743,True,0.34651255368432293
Placebo,61,946,True,0.0
Placebo,61,976,True,0.0
Placebo,61,1144,True,0.6721145262418597
Placebo,61,1187,True,0.3219117607150542
Placebo,61,1384,True,0.14135462947257574
Placebo,61,1415,True,0.10080102058579403
Placebo,61,1443,True,0.3703136152472481
Placebo,61,1629,True,0.0
Placebo,61,1684,True,0.17907045092245477
Placebo,61,1802,True,0.0
Placebo,61,1914,True,0.2315847489272812
Placebo,61,2046,True,0.0
Placebo,61,2071,True,0.0
Placebo,61,2340,True,0.16612440066000636
Placebo,61,2749,True,0.6061538890760167
Placebo,61,3517,True,0.3438766522939032
Placebo,61,3758,True,0.29619424268362504
Placebo,61,4110,True,0.21801728248481683
Placebo,61,4111,True,0.0
Placebo,61,4144,True,0.3978453912206731
Placebo,61,5021,True,0.2072835909933847
Placebo,61,5032,True,0.43685623266114293
Placebo,61,5096,True,0.19079027068258317
Placebo,61,5109,True,0.5413101017376534
Placebo,61,5114,True,0.08421358772610593
Placebo,61,5977,True,0.0
Placebo,61,5984,True,0.6463770176044246
Placebo,61,6353,True,0.44900202490649976
Placebo,61,6373,True,0.0
Placebo,61,6539,True,0.0
Placebo,61,6554,True,0.0923658521249303
Placebo,61,6884,True,0.0
Placebo,61,6955,True,0.048753830672500074
Placebo,61,7020,True,0.40043914952337806
Placebo,61,7029,True,0.2483030028220462
Placebo,61,7280,True,0.4770783416982801
Placebo,61,7394,True,0.04681599109282455
Placebo,61,7795,True,0.3588199204596518
Placebo,61,8108,True,0.4220949603708207
Placebo,61,8560,True,0.4214550646742488
Placebo,61,8632,True,0.5656458060871525
Placebo,61,8657,True,0.17221983399323143
Placebo,61,8777,True,0.3612383260018094
Placebo,61,9151,True,0.1554038562997469
Placebo,61,9609,True,0.37024504867706426
Placebo,62,102,True,0.1589000515181413
Placebo,62,314,True,0.18455880151365966
Placebo,62,1068,True,0.49995086060349003
Placebo,62,1525,True,0.10089830456021866
Placebo,62,1795,True,0.5180614458248126
Placebo,62,1929,True,0.472123232368666
Placebo,62,1931,True,0.0
Placebo,62,1991,True,0.0
Placebo,62,2528,True,0.5382521247920805
Placebo,62,2697,True,0.4680007779555405
Placebo,62,2834,True,0.7628011569591051
Placebo,62,2845,True,0.23504228172549765
Placebo,62,3031,True,0.09507135353866225
Placebo,62,3250,True,0.23365080824310527
Placebo,62,3308,True,0.22767944374444582
Placebo,62,3402,True,0.15057413135679593
Placebo,62,3426,True,0.1551835792071535
Placebo,62,3449,True,0.13858880946225158
Placebo,62,3756,True,0.10450613870182585
Placebo,62,4141,True,0.27365264696540015
Placebo,62,4210,True,0.06975096265942549
Placebo,62,4516,True,0.06326395904697467
Placebo,62,4692,True,0.08889511479483589
Placebo,62,4700,True,0.0
Placebo,62,4910,True,0.0
Placebo,62,4962,True,0.22931050111364842
Placebo,62,5275,True,0.0
Placebo,62,5671,True,0.28439846069336433
Placebo,62,5683,True,0.2905683185688497
Placebo,62,6067,True,0.33604565004733844
Placebo,62,6378,True,0.39477674021492476
Placebo,62,6495,True,0.23135481079154183
Placebo,62,6868,True,0.24733918596168292
Placebo,62,6880,True,0.1100458831490401
Placebo,62,7144,True,0.3606948814255773
Placebo,62,7413,True,0.13979933329606606
Placebo,62,7526,True,0.1815417925373527
Placebo,62,7531,True,0.3186147077796957
Placebo,62,7577,True,0.2067880872529163
Placebo,62,7621,True,0.16530910023832618
Placebo,62,8198,True,0.16595737932636584
Placebo,62,8442,True,0.0
Placebo,62,8452,True,0.3897854966763588
Placebo,62,8476,True,0.25243171158134825
Placebo,62,8541,True,0.10452468374526318
Placebo,62,8802,True,0.5293110309524994
Placebo,62,8816,True,0.14025592292804678
Placebo,62,8852,True,0.0
Placebo,62,9099,True,0.14982420171299154
Placebo,62,9479,True,0.09501844012918934
Placebo,62,9625,False,0.0
Placebo,62,96,True,0.0
Placebo,62,171,True,0.4843912638258038
Placebo,62,328,True,0.46927872602275655
Placebo,62,387,True,0.0
Placebo,62,754,False,0.0
Placebo,62,983,True,0.2753115805938909
Placebo,62,1039,True,0.5343296354479075
Placebo,62,1098,True,0.12741733550370726
Placebo,62,1120,True,0.04842079006140466
Placebo,62,1275,True,0.17788478154129778
Placebo,62,1343,True,0.24458420536629483
Placebo,62,1483,True,0.1531961157268511
Placebo,62,2005,True,0.2401006818453458
Placebo,62,2048,True,0.3615223520496804
Placebo,62,2379,True,0.564049320602086
Placebo,62,2516,True,0.40343372301475366
Placebo,62,2601,True,0.32891754857327965
Placebo,62,3210,True,0.32552134680001205
Placebo,62,3601,True,0.30657359638272924
Placebo,62,3729,True,0.17383130320134826
Placebo,62,3832,True,0.44499670348738163
Placebo,62,4104,True,0.46846150099602557
Placebo,62,4286,True,0.3257616466657871
Placebo,62,4329,True,0.0
Placebo,62,4553,True,0.08508312584187493
Placebo,62,4790,True,0.0
Placebo,62,4844,True,0.10209739512291151
Placebo,62,4994,True,0.06744681953413346
Placebo,62,5020,True,0.29775506589755146
Placebo,62,5293,True,0.16261284398666795
Placebo,62,5338,True,0.5344884225057114
Placebo,62,5343,True,0.2563062715285869
Placebo,62,5464,True,0.1863898932214669
Placebo,62,5560,True,0.38366874287903124
Placebo,62,5719,True,0.33151964187809296
Placebo,62,6055,True,0.42619482596240565
Placebo,62,6121,True,0.34880149201542254
Placebo,62,6128,True,0.1877507385592476
Placebo,62,6197,True,0.30908393594414046
Placebo,62,6336,True,0.44164939756567156
Placebo,62,6577,True,0.24826752714001893
Placebo,62,6717,True,0.26406812257259077
Placebo,62,6906,False,0.0
Placebo,62,8550,True,0.0
Placebo,62,8576,True,0.35006176776748227
Placebo,62,8790,False,0.0
Placebo,62,8840,True,0.0
Placebo,62,8878,True,0.14704034066641017
Placebo,62,9337,True,0.0
Placebo,62,9501,True,0.4520289328759975
Placebo,62,9512,False,0.0
Placebo,62,45,True,0.14074267220463055
Placebo,62,199,True,0.0
Placebo,62,458,True,0.41930573356976114
Placebo,62,564,True,0.6712778772758049
Placebo,62,717,True,0.0
Placebo,62,1109,True,0.6598868367224956
Placebo,62,1576,True,0.2352601514127173
Placebo,62,1711,True,0.0
Placebo,62,1868,False,0.0
Placebo,62,1942,True,0.10649103382655457
Placebo,62,2001,True,0.3732075034346725
Placebo,62,2217,True,0.0
Placebo,62,2354,True,0.4567167628542453
Placebo,62,2761,True,0.10309512845704219
Placebo,62,2980,True,0.1480409554829327
Placebo,62,3021,True,0.3750050963590405
Placebo,62,3030,True,0.0
Placebo,62,3046,True,0.3227145426575742
Placebo,62,3050,True,0.46259769012683455
Placebo,62,3288,True,0.40835380824052275
Placebo,62,3302,True,0.27779395532663553
Placebo,62,3794,True,0.17451855981580688
Placebo,62,3920,True,0.44263211738767716
Placebo,62,3965,True,0.4920062203073637
Placebo,62,4193,True,0.23230604393401819
Placebo,62,4294,True,0.0
Placebo,62,4383,True,0.44415709103525397
Placebo,62,4474,True,0.22883924989280766
Placebo,62,5068,True,0.15093714401314332
Placebo,62,5258,True,0.046914224068210206
Placebo,62,5306,True,0.6532605316466539
Placebo,62,5323,True,0.5010980626296219
Placebo,62,5421,True,0.5298929876044238
Placebo,62,5766,True,0.27223678037588933
Placebo,62,5877,True,0.12783253450199242
Placebo,62,5887,True,0.14770307868057453
Placebo,62,6126,True,0.35620718710802235
Placebo,62,6190,True,0.623109090532334
Placebo,62,6224,True,0.18189101756776715
Placebo,62,6465,True,0.0
Placebo,62,6853,True,0.06673768929853467
Placebo,62,6949,True,0.5570382352420508
Placebo,62,7107,True,0.09428660748444781
Placebo,62,7240,False,0.0
Placebo,62,7937,True,0.29796870625299776
Placebo,62,8015,True,0.39057943219009067
Placebo,62,8066,True,0.0
Placebo,62,8202,True,0.36912470355284493
Placebo,62,8321,True,0.20992618840677624
Placebo,62,9222,True,0.0
Placebo,62,9453,True,0.5699880905055392
Placebo,62,73,True,0.2031926591658812
Placebo,62,390,True,0.36254754534010847
Placebo,62,424,True,0.09020315758404246
Placebo,62,715,True,0.18405216044694972
Placebo,62,915,True,0.0
Placebo,62,1579,True,0.0
Placebo,62,1643,True,0.0
Placebo,62,1679,True,0.3612397980167685
Placebo,62,1982,True,0.0
Placebo,62,2027,True,0.4615680786987699
Placebo,62,2211,True,0.4017979715258258
Placebo,62,2228,True,0.209477606938733
Placebo,62,2352,True,0.0
Placebo,62,2520,True,0.20829366581033182
Placebo,62,2573,True,0.1497958409967441
Placebo,62,2630,True,0.3587357644330693
Placebo,62,2666,True,0.2343881352799988
Placebo,62,2745,True,0.1257268736798153
Placebo,62,3149,True,0.21291896831790166
Placebo,62,3369,True,0.39291961122010755
Placebo,62,3617,True,0.15122683541175136
Placebo,62,3862,True,0.1677175217132552
Placebo,62,4124,True,0.34638198425625266
Placebo,62,4218,True,0.20213795584834465
Placebo,62,4268,True,1.0
Placebo,62,4452,False,0.0
Placebo,62,4522,True,0.21111400830694582
Placebo,62,4784,True,0.5260306956011864
Placebo,62,5139,True,0.0
Placebo,62,5438,True,0.1282913689178016
Placebo,62,5565,True,0.0
Placebo,62,5684,True,0.23607861285960155
Placebo,62,5775,True,0.15198062559599695
Placebo,62,6110,True,0.1423072526959275
Placebo,62,6488,True,0.0
Placebo,62,6590,True,0.35478439679902435
Placebo,62,6793,True,0.4333144761517993
Placebo,62,7090,True,0.04996171069384791
Placebo,62,7112,True,0.738691905663324
Placebo,62,7167,True,0.564844047157472
Placebo,62,7287,True,0.36296607436752243
Placebo,62,7370,True,0.08664136342852849
Placebo,62,7547,True,0.0
Placebo,62,7589,True,0.0
Placebo,62,7622,True,0.2974545613101619
Placebo,62,7640,False,0.0
Placebo,62,7757,True,0.09621361306457149
Placebo,62,8162,True,0.4602261225926092
Placebo,62,8508,True,0.19519002499605084
Placebo,62,8597,True,0.17692638098715902
Placebo,62,8771,True,0.0
Placebo,62,288,True,0.6021725809033757
Placebo,62,635,True,0.1911629683016382
Placebo,62,654,True,0.0862019719368722
Placebo,62,699,True,0.33566355612951393
Placebo,62,743,True,0.2910526098498901
Placebo,62,946,True,0.0
Placebo,62,976,True,0.4993290965562353
Placebo,62,1144,True,0.6695166904141157
Placebo,62,1187,True,0.37585143491792955
Placebo,62,1384,True,0.17334238849102268
Placebo,62,1415,True,0.41843900101133086
Placebo,62,1443,True,0.1435716150369321
Placebo,62,1629,True,0.21723501891250976
Placebo,62,1684,True,0.251843235342151
Placebo,62,1802,True,0.2814853444092611
Placebo,62,1914,True,0.4187015781209759
Placebo,62,2046,True,0.0
Placebo,62,2071,True,0.0
Placebo,62,2340,True,0.19771337934726715
Placebo,62,2749,True,0.45542318770322715
Placebo,62,3517,True,0.5540049107535938
Placebo,62,3758,True,0.09858350785990916
Placebo,62,4110,True,0.3771501924723228
Placebo,62,4111,True,0.0
Placebo,62,4144,True,0.2859233605610192
Placebo,62,5021,True,0.0
Placebo,62,5032,True,0.3385418571895332
Placebo,62,5096,True,0.1607827761801715
Placebo,62,5109,True,0.4400805433863791
Placebo,62,5114,True,0.08036018528064796
Placebo,62,5977,True,0.0
Placebo,62,5984,True,0.3580830159250551
Placebo,62,6353,True,0.77275086188931
Placebo,62,6373,True,0.11122328191422536
Placebo,62,6539,True,0.0
Placebo,62,6554,True,0.4980939569789584
Placebo,62,6884,True,0.14126697285982884
Placebo,62,6955,True,0.10218331334064332
Placebo,62,7020,True,0.4900854357478497
Placebo,62,7029,True,0.10241712375929543
Placebo,62,7280,True,0.0
Placebo,62,7394,True,0.0
Placebo,62,7795,True,0.3156158544650785
Placebo,62,8108,True,0.10241712375929543
Placebo,62,8560,True,0.2864710227719155
Placebo,62,8632,True,0.4020765923508115
Placebo,62,8657,True,0.24834731107507052
Placebo,62,8777,True,0.8092223366723353
Placebo,62,9151,True,0.3175289040617148
Placebo,62,9609,True,0.1544430177755625
Placebo,63,102,True,0.30031437340325773
Placebo,63,314,True,0.2443626860041334
Placebo,63,1068,True,0.583883576367815
Placebo,63,1525,True,0.13774761541187747
Placebo,63,1795,True,0.11300042168180821
Placebo,63,1929,True,0.48841094197086393
Placebo,63,1931,True,0.0
Placebo,63,1991,True,0.20462111630475108
Placebo,63,2528,True,0.38882269561562494
Placebo,63,2697,True,0.607251756772297
Placebo,63,2834,True,0.3442475147505117
Placebo,63,2845,True,0.16108455025280402
Placebo,63,3031,True,0.2773643485359889
Placebo,63,3250,True,0.09478836436955075
Placebo,63,3308,True,0.3046603368319188
Placebo,63,3402,True,0.11090084058891646
Placebo,63,3426,True,0.2009400219297834
Placebo,63,3449,True,0.2821460716567073
Placebo,63,3756,True,0.17619494094092686
Placebo,63,4141,True,0.33032921972808366
Placebo,63,4210,True,0.1985142334642675
Placebo,63,4516,True,0.2693104276191662
Placebo,63,4692,True,0.510311698226003
Placebo,63,4700,True,0.0
Placebo,63,4910,True,0.0
Placebo,63,4962,True,0.17806915746298954
Placebo,63,5275,True,0.14074267220463055
Placebo,63,5671,True,0.11743699858954439
Placebo,63,5683,True,0.1988521371807451
Placebo,63,6067,True,0.4692291222613835
Placebo,63,6378,True,0.5592361497108649
Placebo,63,6495,True,0.31422368368936227
Placebo,63,6868,True,0.4203633412822438
Placebo,63,6880,True,0.4345918794484217
Placebo,63,7144,True,0.3124123340424348
Placebo,63,7413,True,0.43938854079216266
Placebo,63,7526,True,0.0
Placebo,63,7531,True,0.06993108739817402
Placebo,63,7577,True,0.2529427027676572
Placebo,63,7621,True,0.45137120854621493
Placebo,63,8198,True,0.20177638458500602
Placebo,63,8442,True,1.0
Placebo,63,8452,True,0.20132191925346965
Placebo,63,8476,True,0.16078277618017145
Placebo,63,8541,True,0.2269972375506252
Placebo,63,8802,True,0.15902694705218234
Placebo,63,8816,True,0.11853000556688278
Placebo,63,8852,True,0.11284514134893517
Placebo,63,9099,True,0.18473170424986052
Placebo,63,9479,True,0.05478496602275216
Placebo,63,9625,False,0.0
Placebo,63,96,True,0.25063291767094353
Placebo,63,171,True,0.3706844621276564
Placebo,63,328,True,0.0
Placebo,63,387,True,0.09019475927038985
Placebo,63,754,False,0.0
Placebo,63,983,True,0.2537676274656013
Placebo,63,1039,True,0.15469820823147093
Placebo,63,1098,True,0.3988051495358984
Placebo,63,1120,True,0.14284979897825845
Placebo,63,1275,True,0.16366432276181903
Placebo,63,1343,True,0.08514311764162101
Placebo,63,1483,True,0.13541537781717633
Placebo,63,2005,True,0.06943122193677731
Placebo,63,2048,True,0.21755266291468126
Placebo,63,2379,True,0.4437121940799749
Placebo,63,2516,True,0.3787870110893765
Placebo,63,2601,True,0.17366667134799177
Placebo,63,3210,True,0.2475314390531815
Placebo,63,3601,True,0.0
Placebo,63,3729,True,0.2227218285705338
Placebo,63,3832,True,0.12154894664238454
Placebo,63,4104,True,0.48706978756899305
Placebo,63,4286,True,0.15100538419223308
Placebo,63,4329,True,0.0713975720180687
Placebo,63,4553,True,0.3455515271707352
Placebo,63,4790,True,0.11751610475642699
Placebo,63,4844,True,0.0
Placebo,63,4994,True,0.18709586079730106
Placebo,63,5020,True,0.44967163496765156
Placebo,63,5293,True,0.29384714719707133
Placebo,63,5338,True,0.5663443821269647
Placebo,63,5343,True,0.2282218721322063
Placebo,63,5464,True,0.037675880241893646
Placebo,63,5560,True,0.4696679349763733
Placebo,63,5719,True,0.2013884802040158
Placebo,63,6055,True,0.2999976139527355
Placebo,63,6121,True,0.460810317983406
Placebo,63,6128,True,0.29864070006406507
Placebo,63,6197,True,0.1576028452629266
Placebo,63,6336,True,0.4620013213226013
Placebo,63,6577,True,0.6332121646873591
Placebo,63,6717,True,0.1934264036172709
Placebo,63,6906,False,0.0
Placebo,63,8550,True,0.0
Placebo,63,8576,True,0.4990267326507382
Placebo,63,8790,False,0.0
Placebo,63,8840,True,0.0
Placebo,63,8878,True,0.4372666890489927
Placebo,63,9337,True,0.1762676647011695
Placebo,63,9501,True,0.27357472853966736
Placebo,63,9512,False,0.0
Placebo,63,45,True,0.057530633739597145
Placebo,63,199,True,0.07320952746749644
Placebo,63,458,True,0.2652086603536831
Placebo,63,564,True,0.7951657524814092
Placebo,63,717,True,0.4052195471156028
Placebo,63,1109,True,0.4550967858972324
Placebo,63,1576,True,0.15851501491009928
Placebo,63,1711,True,0.0
Placebo,63,1868,False,0.0
Placebo,63,1942,True,0.3473825580301494
Placebo,63,2001,True,0.3183401511867425
Placebo,63,2217,True,0.0
Placebo,63,2354,True,0.17498338897571042
Placebo,63,2761,True,0.1629462425984497
Placebo,63,2980,True,0.13845947314613827
Placebo,63,3021,True,0.1853647153907717
Placebo,63,3030,True,0.0
Placebo,63,3046,True,0.2797392488679258
Placebo,63,3050,True,0.6061140628835562
Placebo,63,3288,True,0.09612711777265934
Placebo,63,3302,True,0.1309696353821923
Placebo,63,3794,True,0.0
Placebo,63,3920,True,0.24832457284648102
Placebo,63,3965,True,0.15840915256850244
Placebo,63,4193,True,0.5566087280162558
Placebo,63,4294,True,0.04855631116637259
Placebo,63,4383,True,0.4251939081271779
Placebo,63,4474,True,0.22946506459381522
Placebo,63,5068,True,0.18704038218125707
Placebo,63,5258,True,0.054446697840052224
Placebo,63,5306,True,0.5455305561621722
Placebo,63,5323,True,0.7243117817636412
Placebo,63,5421,True,0.583298131413412
Placebo,63,5766,True,0.6192209818112554
Placebo,63,5877,True,0.12198323851117018
Placebo,63,5887,True,0.28117845727764385
Placebo,63,6126,True,1.0
Placebo,63,6190,True,0.30223523390042756
Placebo,63,6224,True,0.3196778366115253
Placebo,63,6465,True,0.0
Placebo,63,6853,True,0.207010212584088
Placebo,63,6949,True,0.8954753162547369
Placebo,63,7107,True,0.047143303742223905
Placebo,63,7240,False,0.0
Placebo,63,7937,True,0.42120503716943875
Placebo,63,8015,True,0.17108252373753105
Placebo,63,8066,True,0.0
Placebo,63,8202,True,0.2680063232982753
Placebo,63,8321,True,0.18418440980709566
Placebo,63,9222,True,0.0
Placebo,63,9453,True,0.29836452845717876
Placebo,63,73,True,0.22987688789232608
Placebo,63,390,True,0.10255833366397174
Placebo,63,424,True,0.2587760295148065
Placebo,63,715,True,0.28557064301037305
Placebo,63,915,True,0.0
Placebo,63,1579,True,0.10033167641747531
Placebo,63,1643,True,0.0
Placebo,63,1679,True,0.31740068217175055
Placebo,63,1982,True,0.2172607128522299
Placebo,63,2027,True,0.44927129106243074
Placebo,63,2211,True,0.3873236503542036
Placebo,63,2228,True,0.27159135601261414
Placebo,63,2352,True,0.28906482631788766
Placebo,63,2520,True,0.15139734109600997
Placebo,63,2573,True,0.0
Placebo,63,2630,True,0.5655995060871214
Placebo,63,2666,True,0.30974310419833123
Placebo,63,2745,True,0.10647939194843581
Placebo,63,3149,True,0.3441626818519646
Placebo,63,3369,True,0.3450233335827586
Placebo,63,3617,True,0.23004932918300583
Placebo,63,3862,True,0.0
Placebo,63,4124,True,0.5756078335713642
Placebo,63,4218,True,0.4498399863673424
Placebo,63,4268,True,0.9526058178152246
Placebo,63,4452,False,0.0
Placebo,63,4522,True,0.08305152209984393
Placebo,63,4784,True,0.3951516813590478
Placebo,63,5139,True,0.0
Placebo,63,5438,True,0.2062460884969117
Placebo,63,5565,True,0.0
Placebo,63,5684,True,0.2542717122580905
Placebo,63,5775,True,0.45553527956957873
Placebo,63,6110,True,0.49542830156717016
Placebo,63,6488,True,0.14639535208804008
Placebo,63,6590,True,0.1175227747072427
Placebo,63,6793,True,0.0
Placebo,63,7090,True,0.2721781964980004
Placebo,63,7112,True,0.0
Placebo,63,7167,True,0.5352456480488675
Placebo,63,7287,True,0.4465237331338186
Placebo,63,7370,True,0.20993068778179474
Placebo,63,7547,True,0.0
Placebo,63,7589,True,0.06358115370045193
Placebo,63,7622,True,0.45585046032284327
Placebo,63,7640,False,0.0
Placebo,63,7757,True,0.11247838177042752
Placebo,63,8162,True,0.514417732835001
Placebo,63,8508,True,0.13012668333070063
Placebo,63,8597,True,0.2832911336809381
Placebo,63,8771,True,0.03842047074977407
Placebo,63,288,True,0.422013840983653
Placebo,63,635,True,0.3184580482660617
Placebo,63,654,True,0.24051935805437297
Placebo,63,699,True,0.15763269263458726
Placebo,63,743,True,0.2833743327093241
Placebo,63,946,True,0.0
Placebo,63,976,True,0.23949068454877484
Placebo,63,1144,True,0.7226482566032971
Placebo,63,1187,True,0.5723978271442679
Placebo,63,1384,True,0.02505359371134264
Placebo,63,1415,True,0.6382138579311568
Placebo,63,1443,True,0.18701145604403488
Placebo,63,1629,True,0.0
Placebo,63,1684,True,0.0
Placebo,63,1802,True,0.0
Placebo,63,1914,True,0.4761989362778502
Placebo,63,2046,True,0.0
Placebo,63,2071,True,0.09359072962204817
Placebo,63,2340,True,0.2837554555824218
Placebo,63,2749,True,0.36279779200192225
Placebo,63,3517,True,0.618791754202844
Placebo,63,3758,True,0.12741733550370726
Placebo,63,4110,True,0.4630495617156645
Placebo,63,4111,True,0.0
Placebo,63,4144,True,0.1798448528342904
Placebo,63,5021,True,0.05501287053785307
Placebo,63,5032,True,0.2623326061101749
Placebo,63,5096,True,0.6364152123725808
Placebo,63,5109,True,0.5502993990536882
Placebo,63,5114,True,0.0
Placebo,63,5977,True,0.0
Placebo,63,5984,True,0.31748569065015825
Placebo,63,6353,True,0.683021761819145
Placebo,63,6373,True,0.3226011484953325
Placebo,63,6539,True,0.0
Placebo,63,6554,True,0.25512588047027296
Placebo,63,6884,True,0.0
Placebo,63,6955,True,0.04778491088266231
Placebo,63,7020,True,0.3530112928894194
Placebo,63,7029,True,0.2452357496554582
Placebo,63,7280,True,0.17046599522059347
Placebo,63,7394,True,0.06265341172228864
Placebo,63,7795,True,0.277452771137241
Placebo,63,8108,True,0.15139734109600997
Placebo,63,8560,True,0.29068564620657034
Placebo,63,8632,True,0.5157322245314689
Placebo,63,8657,True,0.23583833431249085
Placebo,63,8777,True,0.37404891980122196
Placebo,63,9151,True,0.09621361306457149
Placebo,63,9609,True,0.2827752610130353
Placebo,64,102,True,0.4397860366941616
Placebo,64,314,True,0.3117130853906895
Placebo,64,1068,True,0.37227016260050555
Placebo,64,1525,True,0.0
Placebo,64,1795,True,0.2293079978044217
Placebo,64,1929,True,0.41992763180549675
Placebo,64,1931,True,0.0
Placebo,64,1991,True,0.36511648661663904
Placebo,64,2528,True,0.35090918748659783
Placebo,64,2697,True,0.609814516905495
Placebo,64,2834,True,0.3603716618570931
Placebo,64,2845,True,0.13116650549455303
Placebo,64,3031,True,0.25989243030557996
Placebo,64,3250,True,0.0
Placebo,64,3308,True,0.44821456061271253
Placebo,64,3402,True,0.06452577150984494
Placebo,64,3426,True,0.0
Placebo,64,3449,True,0.31166522034581073
Placebo,64,3756,True,0.29152623680352235
Placebo,64,4141,True,0.2823551586819966
Placebo,64,4210,True,0.18429027162894765
Placebo,64,4516,True,0.1468430409245593
Placebo,64,4692,True,0.0
Placebo,64,4700,True,0.09614715734857844
Placebo,64,4910,True,0.0
Placebo,64,4962,True,0.0
Placebo,64,5275,True,0.088798739491056
Placebo,64,5671,True,0.43882738441898433
Placebo,64,5683,True,0.2446455615239613
Placebo,64,6067,True,0.37416222053644543
Placebo,64,6378,True,0.3593536310361668
Placebo,64,6495,True,0.49819421504265626
Placebo,64,6868,True,0.2633168236989901
Placebo,64,6880,True,0.3022015594512442
Placebo,64,7144,True,0.11273910210581228
Placebo,64,7413,True,0.35940858709698914
Placebo,64,7526,True,0.0
Placebo,64,7531,True,0.18991701265457503
Placebo,64,7577,True,0.49382451165718005
Placebo,64,7621,True,0.11768826558093264
Placebo,64,8198,True,0.37927258025253124
Placebo,64,8442,True,0.0
Placebo,64,8452,True,0.32897085095343453
Placebo,64,8476,True,0.39716617279085153
Placebo,64,8541,True,0.6051612674803194
Placebo,64,8802,True,0.07037133610231527
Placebo,64,8816,True,0.18322608909137003
Placebo,64,8852,True,0.11751610475642699
Placebo,64,9099,True,0.04330890684638207
Placebo,64,9479,True,0.053316581845492844
Placebo,64,9625,False,0.0
Placebo,64,96,True,0.23719771276929624
Placebo,64,171,True,0.5535821950147718
Placebo,64,328,True,0.0
Placebo,64,387,True,0.0543026559841585
Placebo,64,754,False,0.0
Placebo,64,983,True,0.4801684110151893
Placebo,64,1039,True,0.21149239319706756
Placebo,64,1098,True,0.11613618508243675
Placebo,64,1120,True,0.3077356416365278
Placebo,64,1275,True,0.39954147591651845
Placebo,64,1343,True,0.17221983399323143
Placebo,64,1483,True,0.2097034833761428
Placebo,64,2005,True,0.26944284609140323
Placebo,64,2048,True,0.3636546017587426
Placebo,64,2379,True,0.6760124144359075
Placebo,64,2516,True,0.3918282006138143
Placebo,64,2601,True,0.3469729445764594
Placebo,64,3210,True,0.1851017268451092
Placebo,64,3601,True,0.0
Placebo,64,3729,True,0.12217637418940484
Placebo,64,3832,True,0.5037770773759995
Placebo,64,4104,True,0.3769345215843832
Placebo,64,4286,True,0.2643817126056943
Placebo,64,4329,True,0.2433497938448339
Placebo,64,4553,True,0.060614569639142066
Placebo,64,4790,True,0.15101961822780524
Placebo,64,4844,True,0.0
Placebo,64,4994,True,0.0988078046741462
Placebo,64,5020,True,0.3410581265606325
Placebo,64,5293,True,0.3450163584067422
Placebo,64,5338,True,0.7145352187473022
Placebo,64,5343,True,0.2248912521478824
Placebo,64,5464,True,0.4533486771129972
Placebo,64,5560,True,0.5164077324170079
Placebo,64,5719,True,0.1644024985805875
Placebo,64,6055,True,0.4329192129008356
Placebo,64,6121,True,0.2277454606268741
Placebo,64,6128,True,0.47604875622667053
Placebo,64,6197,True,0.13694040204528746
Placebo,64,6336,True,0.5
Placebo,64,6577,True,0.11178363413845552
Placebo,64,6717,True,0.0
Placebo,64,6906,False,0.0
Placebo,64,8550,True,0.0
Placebo,64,8576,True,0.4880599494911612
Placebo,64,8790,False,0.0
Placebo,64,8840,True,0.3868528072345415
Placebo,64,8878,True,0.4243727415884368
Placebo,64,9337,True,0.2720697725900899
Placebo,64,9501,True,0.46507276067486614
Placebo,64,9512,False,0.0
Placebo,64,45,True,0.05013355137207789
Placebo,64,199,True,0.17399062603236123
Placebo,64,458,True,0.29732054002829633
Placebo,64,564,True,0.646604323006126
Placebo,64,717,True,0.17451855981580688
Placebo,64,1109,True,0.4641600040862893
Placebo,64,1576,True,0.04842079006140466
Placebo,64,1711,True,0.0
Placebo,64,1868,False,0.0
Placebo,64,1942,True,0.5082045001681815
Placebo,64,2001,True,0.24149793317131668
Placebo,64,2217,True,0.7984848580994975
Placebo,64,2354,True,0.16618593638761947
Placebo,64,2761,True,0.044368639107743704
Placebo,64,2980,True,0.46927872602275655
Placebo,64,3021,True,0.14927098424041277
Placebo,64,3030,True,0.0
Placebo,64,3046,True,0.0793043151251696
Placebo,64,3050,True,0.5432406154520039
Placebo,64,3288,True,0.5820496095396327
Placebo,64,3302,True,0.1698897806716097
Placebo,64,3794,True,0.0
Placebo,64,3920,True,0.6679250980062336
Placebo,64,3965,True,0.14185627724851593
Placebo,64,4193,True,0.2000975348422987
Placebo,64,4294,True,0.05787428729015955
Placebo,64,4383,True,0.5359325673043487
Placebo,64,4474,True,0.0
Placebo,64,5068,True,0.3020987922636695
Placebo,64,5258,True,0.04565679690686911
Placebo,64,5306,True,0.41385164492657794
Placebo,64,5323,True,0.3716583331064568
Placebo,64,5421,True,0.5694312219367773
Placebo,64,5766,True,0.5039444628796742
Placebo,64,5877,True,0.0655696911751911
Placebo,64,5887,True,0.2782267792574548
Placebo,64,6126,True,0.0
Placebo,64,6190,True,0.5970697931154361
Placebo,64,6224,True,0.2934556883974403
Placebo,64,6465,True,0.0
Placebo,64,6853,True,0.0
Placebo,64,6949,True,0.4462670783288283
Placebo,64,7107,True,0.02263473923626666
Placebo,64,7240,False,0.0
Placebo,64,7937,True,0.3482809358438916
Placebo,64,8015,True,0.5857421563596759
Placebo,64,8066,True,0.0
Placebo,64,8202,True,0.5269286552100063
Placebo,64,8321,True,0.23081854692529744
Placebo,64,9222,True,0.0
Placebo,64,9453,True,0.2082834732211739
Placebo,64,73,True,0.30008797050964797
Placebo,64,390,True,0.3830827647585931
Placebo,64,424,True,0.14268023678550193
Placebo,64,715,True,0.25893358193013344
Placebo,64,915,True,0.20210734650054754
Placebo,64,1579,True,0.21614054090128246
Placebo,64,1643,True,0.08452085079694185
Placebo,64,1679,True,0.30731301171193365
Placebo,64,1982,True,0.0
Placebo,64,2027,True,0.32251777932979425
Placebo,64,2211,True,0.27555194421992346
Placebo,64,2228,True,0.20969899994409907
Placebo,64,2352,True,0.0
Placebo,64,2520,True,0.07588109553901774
Placebo,64,2573,True,0.1100458831490401
Placebo,64,2630,True,0.7393530647193043
Placebo,64,2666,True,0.3529485209055908
Placebo,64,2745,True,0.10369639533646707
Placebo,64,3149,True,0.439677270212998
Placebo,64,3369,True,0.2789453651257123
Placebo,64,3617,True,0.21166433227366807
Placebo,64,3862,True,0.0
Placebo,64,4124,True,0.48127167896897277
Placebo,64,4218,True,0.3362788810424937
Placebo,64,4268,True,0.8611375561264455
Placebo,64,4452,False,0.0
Placebo,64,4522,True,0.12745089184537195
Placebo,64,4784,True,0.40683766479983635
Placebo,64,5139,True,0.18508046239362883
Placebo,64,5438,True,0.24647957884833602
Placebo,64,5565,True,0.12929326941735855
Placebo,64,5684,True,0.29295558533076277
Placebo,64,5775,True,0.17342765698823942
Placebo,64,6110,True,0.13287201388084077
Placebo,64,6488,True,0.0
Placebo,64,6590,True,0.15887143153726957
Placebo,64,6793,True,0.18833918526767934
Placebo,64,7090,True,0.12439958736669855
Placebo,64,7112,True,0.2636948353122649
Placebo,64,7167,True,0.5955490183748134
Placebo,64,7287,True,0.25480737726646885
Placebo,64,7370,True,0.2401746039596511
Placebo,64,7547,True,0.0
Placebo,64,7589,True,0.06718247775149597
Placebo,64,7622,True,0.35722001856899793
Placebo,64,7640,False,0.0
Placebo,64,7757,True,0.22106026908060472
Placebo,64,8162,True,0.6041468329051659
Placebo,64,8508,True,0.0
Placebo,64,8597,True,0.1453881802153469
Placebo,64,8771,True,0.22897003849061145
Placebo,64,288,True,0.5448517255484534
Placebo,64,635,True,0.22218695221220786
Placebo,64,654,True,0.15238770051877729
Placebo,64,699,True,0.26312188011942605
Placebo,64,743,True,0.419130020707466
Placebo,64,946,True,0.0
Placebo,64,976,True,0.12652791809394934
Placebo,64,1144,True,0.6688443197319535
Placebo,64,1187,True,0.8275953691543592
Placebo,64,1384,True,0.33739269417221585
Placebo,64,1415,True,0.3291890326616618
Placebo,64,1443,True,0.17899294359068707
Placebo,64,1629,True,0.0
Placebo,64,1684,True,0.052834272929649435
Placebo,64,1802,True,0.1439619995084983
Placebo,64,1914,True,0.4366674228111113
Placebo,64,2046,True,0.0
Placebo,64,2071,True,0.0
Placebo,64,2340,True,0.159054318175663
Placebo,64,2749,True,0.4285930114266692
Placebo,64,3517,True,0.47206391000412395
Placebo,64,3758,True,0.09145960954744875
Placebo,64,4110,True,0.18835766581454225
Placebo,64,4111,True,0.0
Placebo,64,4144,True,0.252557919884555
Placebo,64,5021,True,0.0
Placebo,64,5032,True,0.6393113851271969
Placebo,64,5096,True,0.29730711617531697
Placebo,64,5109,True,0.5268117050505541
Placebo,64,5114,True,0.21768896632317528
Placebo,64,5977,True,0.0
Placebo,64,5984,True,0.47415671725573505
Placebo,64,6353,True,0.7614574227008464
Placebo,64,6373,True,0.20985688541403885
Placebo,64,6539,True,0.0
Placebo,64,6554,True,0.3381810016165365
Placebo,64,6884,True,0.0
Placebo,64,6955,True,0.06975096265942549
Placebo,64,7020,True,0.3001666207218119
Placebo,64,7029,True,0.19296383277605716
Placebo,64,7280,True,0.13189049757823307
Placebo,64,7394,True,0.37581575407545714
Placebo,64,7795,True,0.29599116250067947
Placebo,64,8108,True,0.031810394099475836
Placebo,64,8560,True,0.21403583802567086
Placebo,64,8632,True,0.4118181840846928
Placebo,64,8657,True,0.11746947931918254
Placebo,64,8777,True,0.26386268476016556
Placebo,64,9151,True,0.35809565749934624
Placebo,64,9609,True,0.3192775505986857
Placebo,65,102,True,0.38302393350102726
Placebo,65,314,True,0.6723250940171037
Placebo,65,1068,True,0.587221379103251
Placebo,65,1525,True,0.16381029196790628
Placebo,65,1795,True,0.2977291773271428
Placebo,65,1929,True,0.2348613811071314
Placebo,65,1931,True,0.0
Placebo,65,1991,True,0.40279966982721416
Placebo,65,2528,True,0.29606007472709517
Placebo,65,2697,True,0.48178343242975463
Placebo,65,2834,True,0.21567221361103578
Placebo,65,2845,True,0.18464575560484522
Placebo,65,3031,True,0.29730711617531697
Placebo,65,3250,True,0.09478836436955075
Placebo,65,3308,True,0.35328234839043776
Placebo,65,3402,True,0.33888129504462766
Placebo,65,3426,True,0.0
Placebo,65,3449,True,0.47755342610829915
Placebo,65,3756,True,0.3744340051090916
Placebo,65,4141,True,0.3293521101158663
Placebo,65,4210,True,0.5940897212411466
Placebo,65,4516,True,0.19316686273666706
Placebo,65,4692,True,0.1730946147624595
Placebo,65,4700,True,0.09614715734857844
Placebo,65,4910,True,0.0
Placebo,65,4962,True,0.131992192941818
Placebo,65,5275,True,0.0
Placebo,65,5671,True,0.09764860357693349
Placebo,65,5683,True,0.3879930866552205
Placebo,65,6067,True,0.4136758370141398
Placebo,65,6378,True,0.597038230430859
Placebo,65,6495,True,0.569190931188968
Placebo,65,6868,True,0.35682422524571655
Placebo,65,6880,True,0.5143496884930034
Placebo,65,7144,True,0.33593204224931333
Placebo,65,7413,True,0.0
Placebo,65,7526,True,0.0
Placebo,65,7531,True,0.544704303086004
Placebo,65,7577,True,0.0731168384439099
Placebo,65,7621,True,0.07114605225042078
Placebo,65,8198,True,0.3154293259905563
Placebo,65,8442,True,0.0
Placebo,65,8452,True,0.2975986224487896
Placebo,65,8476,True,0.42590318523044113
Placebo,65,8541,True,0.2473198277814005
Placebo,65,8802,True,0.15329276542563244
Placebo,65,8816,True,0.22504497312447083
Placebo,65,8852,True,0.24743657276967332
Placebo,65,9099,True,0.04510157879202123
Placebo,65,9479,True,0.4420391580875843
Placebo,65,9625,False,0.0
Placebo,65,96,True,0.0
Placebo,65,171,True,0.5674159282692466
Placebo,65,328,True,0.0
Placebo,65,387,True,0.09019475927038985
Placebo,65,754,False,0.0
Placebo,65,983,True,0.4147858053449094
Placebo,65,1039,True,0.4886847023499894
Placebo,65,1098,True,0.3186392253045809
Placebo,65,1120,True,0.04842079006140466
Placebo,65,1275,True,0.16318176494492795
Placebo,65,1343,True,0.2166996969047058
Placebo,65,1483,True,0.038356439954196984
Placebo,65,2005,True,0.07839826897867538
Placebo,65,2048,True,0.4171983079685273
Placebo,65,2379,True,0.5605865417877668
Placebo,65,2516,True,0.3242284066140882
Placebo,65,2601,True,0.26944284609140323
Placebo,65,3210,True,0.2031926591658812
Placebo,65,3601,True,0.2184074368181643
Placebo,65,3729,True,0.24039738189228269
Placebo,65,3832,True,0.42210361079345154
Placebo,65,4104,True,0.14410005584193936
Placebo,65,4286,True,0.28797950340175205
Placebo,65,4329,True,0.0
Placebo,65,4553,True,0.0
Placebo,65,4790,True,0.0
Placebo,65,4844,True,0.12168992732323604
Placebo,65,4994,True,0.0
Placebo,65,5020,True,0.17231265808316376
Placebo,65,5293,True,0.22888710876943585
Placebo,65,5338,True,0.8120772725072886
Placebo,65,5343,True,0.3897349139095091
Placebo,65,5464,True,0.48754923231338704
Placebo,65,5560,True,0.3198881399794346
Placebo,65,5719,True,0.16842717545221186
Placebo,65,6055,True,0.4015524750472032
Placebo,65,6121,True,0.108630356426115
Placebo,65,6128,True,0.28342642741694596
Placebo,65,6197,True,0.25278263112619437
Placebo,65,6336,True,0.40657821876713507
Placebo,65,6577,True,0.1768271693414593
Placebo,65,6717,True,0.0
Placebo,65,6906,False,0.0
Placebo,65,8550,True,0.0
Placebo,65,8576,True,0.3379841448267985
Placebo,65,8790,False,0.0
Placebo,65,8840,True,0.0
Placebo,65,8878,True,0.3487454831768735
Placebo,65,9337,True,0.08340940864997516
Placebo,65,9501,True,0.6016511502503392
Placebo,65,9512,False,0.0
Placebo,65,45,True,0.14694801521562711
Placebo,65,199,True,0.037362348464009335
Placebo,65,458,True,0.24739034139207464
Placebo,65,564,True,0.7159982111689195
Placebo,65,717,True,0.0
Placebo,65,1109,True,0.1139691308388792
Placebo,65,1576,True,0.6328730312073714
Placebo,65,1711,True,0.0
Placebo,65,1868,False,0.0
Placebo,65,1942,True,0.46777999244683416
Placebo,65,2001,True,0.4255904441562698
Placebo,65,2217,True,0.0
Placebo,65,2354,True,0.1392402947136518
Placebo,65,2761,True,0.0
Placebo,65,2980,True,0.1356519734324477
Placebo,65,3021,True,0.048887159478548756
Placebo,65,3030,True,0.4306765580733929
Placebo,65,3046,True,0.037594154955732074
Placebo,65,3050,True,0.3771608995783805
Placebo,65,3288,True,0.3038168926132918
Placebo,65,3302,True,0.10975131898723874
Placebo,65,3794,True,0.17451855981580688
Placebo,65,3920,True,0.5564384682974453
Placebo,65,3965,True,0.16159662754674092
Placebo,65,4193,True,0.23230604393401819
Placebo,65,4294,True,0.0
Placebo,65,4383,True,0.30676554948577617
Placebo,65,4474,True,0.29408068133282034
Placebo,65,5068,True,0.24870900159624318
Placebo,65,5258,True,0.040683756096346925
Placebo,65,5306,True,0.3780187016753361
Placebo,65,5323,True,0.5685351671531595
Placebo,65,5421,True,0.6338092539824506
Placebo,65,5766,True,0.48923422411346895
Placebo,65,5877,True,0.0
Placebo,65,5887,True,0.3631897853939101
Placebo,65,6126,True,0.0
Placebo,65,6190,True,0.4277660201019048
Placebo,65,6224,True,0.2349389586383651
Placebo,65,6465,True,0.0
Placebo,65,6853,True,0.05456002077434918
Placebo,65,6949,True,0.5230618850976242
Placebo,65,7107,True,0.04940390233707313
Placebo,65,7240,False,0.0
Placebo,65,7937,True,0.3609205602529262
Placebo,65,8015,True,0.09476918482736578
Placebo,65,8066,True,0.0
Placebo,65,8202,True,0.30610080294842223
Placebo,65,8321,True,0.2400016010022128
Placebo,65,9222,True,0.0
Placebo,65,9453,True,0.48511505970243896
Placebo,65,73,True,0.20778411473733654
Placebo,65,390,True,0.35974210966400466
Placebo,65,424,True,0.2393206735083351
Placebo,65,715,True,0.319206177286464
Placebo,65,915,True,0.0
Placebo,65,1579,True,0.12723045879069755
Placebo,65,1643,True,0.17714752793103516
Placebo,65,1679,True,0.4907033055878299
Placebo,65,1982,True,0.1794771050858174
Placebo,65,2027,True,0.10218331334064325
Placebo,65,2211,True,0.3570473650866867
Placebo,65,2228,True,0.30602457907709674
Placebo,65,2352,True,0.0
Placebo,65,2520,True,0.1100458831490401
Placebo,65,2573,True,0.1421353189934067
Placebo,65,2630,True,0.3141165182920762
Placebo,65,2666,True,0.4539758082142585
Placebo,65,2745,True,0.44536802814084997
Placebo,65,3149,True,0.2491942182320554
Placebo,65,3369,True,0.3682524801582861
Placebo,65,3617,True,0.12598015161484286
Placebo,65,3862,True,0.0
Placebo,65,4124,True,0.6950429168138768
Placebo,65,4218,True,0.46316292478847043
Placebo,65,4268,True,0.9367006207654869
Placebo,65,4452,False,0.0
Placebo,65,4522,True,0.33856490015231777
Placebo,65,4784,True,0.3392863194299182
Placebo,65,5139,True,0.3868528072345415
Placebo,65,5438,True,0.2988660620133999
Placebo,65,5565,True,0.0
Placebo,65,5684,True,0.24744999598126782
Placebo,65,5775,True,0.0
Placebo,65,6110,True,0.5359697700905283
Placebo,65,6488,True,0.11298087547243413
Placebo,65,6590,True,0.1449043760061551
Placebo,65,6793,True,0.0
Placebo,65,7090,True,0.03855803981329108
Placebo,65,7112,True,0.3554610882721671
Placebo,65,7167,True,0.5303301743094693
Placebo,65,7287,True,0.363757188473698
Placebo,65,7370,True,0.19190803949505786
Placebo,65,7547,True,0.0
Placebo,65,7589,True,0.0
Placebo,65,7622,True,0.46743310581408504
Placebo,65,7640,False,0.0
Placebo,65,7757,True,0.09105607183709614
Placebo,65,8162,True,0.5273281078272226
Placebo,65,8508,True,0.0
Placebo,65,8597,True,0.035427698077529574
Placebo,65,8771,True,0.08860866087646532
Placebo,65,288,True,0.6341201921996332
Placebo,65,635,True,0.2621996737121606
Placebo,65,654,True,0.14146826924286582
Placebo,65,699,True,0.26748303077081126
Placebo,65,743,True,0.3433783888583227
Placebo,65,946,True,0.0
Placebo,65,976,True,0.12017978542463968
Placebo,65,1144,True,0.6999103859719811
Placebo,65,1187,True,0.5549762009143365
Placebo,65,1384,True,0.0
Placebo,65,1415,True,0.5927925375535438
Placebo,65,1443,True,0.24497136906837988
Placebo,65,1629,True,0.0
Placebo,65,1684,True,0.3243290560203022
Placebo,65,1802,True,0.0
Placebo,65,1914,True,0.35526080196841836
Placebo,65,2046,True,0.0
Placebo,65,2071,True,0.027053788003161727
Placebo,65,2340,True,0.23898461699519924
Placebo,65,2749,True,0.5388816719281466
Placebo,65,3517,True,0.4804929642248613
Placebo,65,3758,True,0.16305952730303105
Placebo,65,4110,True,0.13023192873807102
Placebo,65,4111,True,0.0
Placebo,65,4144,True,0.2091686128581694
Placebo,65,5021,True,0.0
Placebo,65,5032,True,0.22799195862365873
Placebo,65,5096,True,0.1540551280046201
Placebo,65,5109,True,0.48077928886293575
Placebo,65,5114,True,0.10327064981393906
Placebo,65,5977,True,0.0
Placebo,65,5984,True,0.22683616136837856
Placebo,65,6353,True,0.5413251022885113
Placebo,65,6373,True,0.0623995799562533
Placebo,65,6539,True,0.0
Placebo,65,6554,True,0.30352426541247834
Placebo,65,6884,True,0.2803059376038285
Placebo,65,6955,True,0.04681599109282455
Placebo,65,7020,True,0.2223775711604858
Placebo,65,7029,True,0.11482935007859939
Placebo,65,7280,True,0.0
Placebo,65,7394,True,0.0
Placebo,65,7795,True,0.5029833139660225
Placebo,65,8108,True,0.09478836436955075
Placebo,65,8560,True,0.43181358612174947
Placebo,65,8632,True,0.34396600891636586
Placebo,65,8657,True,0.18929940301953066
Placebo,65,8777,True,0.450533605976258
Placebo,65,9151,True,0.30872134388497324
Placebo,65,9609,True,0.1592741689113073
Placebo,66,102,True,0.20370768338178785
Placebo,66,314,True,0.406772637374262
Placebo,66,1068,True,0.34971321545172274
Placebo,66,1525,True,0.20179660912043718
Placebo,66,1795,True,0.18320867692206608
Placebo,66,1929,True,0.304529315114351
Placebo,66,1931,True,0.0
Placebo,66,1991,True,0.21223850836926947
Placebo,66,2528,True,0.5010529718775398
Placebo,66,2697,True,0.09556982176532462
Placebo,66,2834,True,0.31248452207074806
Placebo,66,2845,True,0.300962939387449
Placebo,66,3031,True,0.13991757746638184
Placebo,66,3250,True,0.0
Placebo,66,3308,True,0.12457248397900782
Placebo,66,3402,True,0.5332834048315023
Placebo,66,3426,True,0.21561019356751263
Placebo,66,3449,True,0.32052548504413186
Placebo,66,3756,True,0.2641400331850027
Placebo,66,4141,True,0.30784432369779585
Placebo,66,4210,True,0.2084194701906065
Placebo,66,4516,True,0.49932909655623525
Placebo,66,4692,True,0.0
Placebo,66,4700,True,0.09614715734857844
Placebo,66,4910,True,0.6309297535714573
Placebo,66,4962,True,0.17868853848093336
Placebo,66,5275,True,0.08305152209984393
Placebo,66,5671,True,0.5519692782312625
Placebo,66,5683,True,0.15445080225357144
Placebo,66,6067,True,0.3105644418428666
Placebo,66,6378,True,0.37357948640741123
Placebo,66,6495,True,0.5327424755602873
Placebo,66,6868,True,0.23313176057706503
Placebo,66,6880,True,0.6190705241998082
Placebo,66,7144,True,0.4376442793346368
Placebo,66,7413,True,0.13961814555374907
Placebo,66,7526,True,0.0
Placebo,66,7531,True,0.23230604393401819
Placebo,66,7577,True,0.21078558563971436
Placebo,66,7621,True,0.4626258399051632
Placebo,66,8198,True,0.2622052589680276
Placebo,66,8442,True,0.0
Placebo,66,8452,True,0.36530024628499264
Placebo,66,8476,True,0.30084847144727545
Placebo,66,8541,True,0.32611141254749987
Placebo,66,8802,True,0.20528104212882586
Placebo,66,8816,True,0.0
Placebo,66,8852,True,0.0
Placebo,66,9099,True,0.09452854666581807
Placebo,66,9479,True,0.10956993204550432
Placebo,66,9625,False,0.0
Placebo,66,96,True,0.0
Placebo,66,171,True,0.5564169581397227
Placebo,66,328,True,0.1564262420075856
Placebo,66,387,True,0.1803895185407797
Placebo,66,754,False,0.0
Placebo,66,983,True,0.08942343011587106
Placebo,66,1039,True,0.50651229151314
Placebo,66,1098,True,0.43630787062531445
Placebo,66,1120,True,0.09958421439648335
Placebo,66,1275,True,0.257168109984318
Placebo,66,1343,True,0.2172607128522299
Placebo,66,1483,True,0.2616539797694667
Placebo,66,2005,True,0.06362078819895167
Placebo,66,2048,True,0.20608429966158148
Placebo,66,2379,True,0.43678541799239023
Placebo,66,2516,True,0.19111800041937624
Placebo,66,2601,True,0.17366667134799177
Placebo,66,3210,True,0.18777885408319733
Placebo,66,3601,True,0.0
Placebo,66,3729,True,0.20585691714305274
Placebo,66,3832,True,0.41387416253637344
Placebo,66,4104,True,0.18289399282815003
Placebo,66,4286,True,0.3299765424944481
Placebo,66,4329,True,0.0
Placebo,66,4553,True,0.08920764381649098
Placebo,66,4790,True,0.0
Placebo,66,4844,True,0.0
Placebo,66,4994,True,0.06744681953413346
Placebo,66,5020,True,0.3126139113951797
Placebo,66,5293,True,0.17846071076195646
Placebo,66,5338,True,0.5294412450891904
Placebo,66,5343,True,0.1926170851193414
Placebo,66,5464,True,0.41649039142986616
Placebo,66,5560,True,0.540192924804736
Placebo,66,5719,True,0.16842717545221186
Placebo,66,6055,True,0.3506171731123482
Placebo,66,6121,True,0.4142835042421369
Placebo,66,6128,True,0.09256461574101556
Placebo,66,6197,True,0.18592697868805785
Placebo,66,6336,True,0.38035900737992384
Placebo,66,6577,True,0.3498953690881084
Placebo,66,6717,True,0.0
Placebo,66,6906,False,0.0
Placebo,66,8550,True,0.0
Placebo,66,8576,True,0.6323297564256208
Placebo,66,8790,False,0.0
Placebo,66,8840,True,0.0
Placebo,66,8878,True,0.6508780296742859
Placebo,66,9337,True,0.13603488629504495
Placebo,66,9501,True,0.3227417235759219
Placebo,66,9512,False,0.0
Placebo,66,45,True,0.22547820421162457
Placebo,66,199,True,0.1165004565313124
Placebo,66,458,True,0.5443533594068988
Placebo,66,564,True,0.7715932936109859
Placebo,66,717,True,0.2026097735578014
Placebo,66,1109,True,0.6359768720665434
Placebo,66,1576,True,0.312439446236162
Placebo,66,1711,True,0.0
Placebo,66,1868,False,0.0
Placebo,66,1942,True,0.49265052760424044
Placebo,66,2001,True,0.09382844813642041
Placebo,66,2217,True,0.09614715734857844
Placebo,66,2354,True,0.404759893115216
Placebo,66,2761,True,0.15896235739175507
Placebo,66,2980,True,0.0
Placebo,66,3021,True,0.0
Placebo,66,3030,True,0.0
Placebo,66,3046,True,0.30265705362504
Placebo,66,3050,True,0.35226708370748083
Placebo,66,3288,True,0.23133762473040978
Placebo,66,3302,True,0.05487565949361937
Placebo,66,3794,True,0.25566506900398484
Placebo,66,3920,True,0.06362078819895167
Placebo,66,3965,True,0.4252084336260237
Placebo,66,4193,True,0.3067532254883857
Placebo,66,4294,True,0.0
Placebo,66,4383,True,0.5410323410427551
Placebo,66,4474,True,0.0
Placebo,66,5068,True,0.0
Placebo,66,5258,True,0.060614569639142066
Placebo,66,5306,True,0.48156966285269714
Placebo,66,5323,True,0.36644591171480684
Placebo,66,5421,True,0.5646085985728123
Placebo,66,5766,True,0.47799330568630505
Placebo,66,5877,True,0.13507318237186766
Placebo,66,5887,True,0.3134655994663387
Placebo,66,6126,True,0.0
Placebo,66,6190,True,0.3831358448813659
Placebo,66,6224,True,0.2719144540092835
Placebo,66,6465,True,0.0
Placebo,66,6853,True,0.06673768929853467
Placebo,66,6949,True,0.5006496324535727
Placebo,66,7107,True,0.2009516495373653
Placebo,66,7240,False,0.0
Placebo,66,7937,True,0.4011955913199867
Placebo,66,8015,True,0.09162544430476369
Placebo,66,8066,True,0.0
Placebo,66,8202,True,0.3800831129557431
Placebo,66,8321,True,0.2398170007934795
Placebo,66,9222,True,0.0
Placebo,66,9453,True,0.4048209542531464
Placebo,66,73,True,0.2257955425580768
Placebo,66,390,True,0.2043798334451561
Placebo,66,424,True,0.20649469070533596
Placebo,66,715,True,0.4362747680482311
Placebo,66,915,True,0.0
Placebo,66,1579,True,0.0
Placebo,66,1643,True,0.0
Placebo,66,1679,True,0.4774523624813812
Placebo,66,1982,True,0.1478294909154527
Placebo,66,2027,True,0.25362452539453817
Placebo,66,2211,True,0.43673949858938654
Placebo,66,2228,True,0.43670520935893203
Placebo,66,2352,True,0.0
Placebo,66,2520,True,0.12182507869130106
Placebo,66,2573,True,0.28634598975246917
Placebo,66,2630,True,0.6129396701800993
Placebo,66,2666,True,0.07166788740267285
Placebo,66,2745,True,0.2814436899248951
Placebo,66,3149,True,0.3123742919241785
Placebo,66,3369,True,0.3577691390395147
Placebo,66,3617,True,0.22188721522231633
Placebo,66,3862,True,0.0
Placebo,66,4124,True,0.496061922324909
Placebo,66,4218,True,0.35794231660442993
Placebo,66,4268,True,0.8531849576015765
Placebo,66,4452,False,0.0
Placebo,66,4522,True,0.23457112034105096
Placebo,66,4784,True,0.3131830981105601
Placebo,66,5139,True,0.0
Placebo,66,5438,True,0.2839592006481929
Placebo,66,5565,True,0.0
Placebo,66,5684,True,0.15516558692825128
Placebo,66,5775,True,0.08671382849411978
Placebo,66,6110,True,0.0868325175885997
Placebo,66,6488,True,0.0
Placebo,66,6590,True,0.2975950060164595
Placebo,66,6793,True,0.7361660032319326
Placebo,66,7090,True,0.035331264752359905
Placebo,66,7112,True,0.0
Placebo,66,7167,True,0.1883428906105281
Placebo,66,7287,True,0.6301707887641587
Placebo,66,7370,True,0.21110863967964377
Placebo,66,7547,True,0.0
Placebo,66,7589,True,0.2566576461731352
Placebo,66,7622,True,0.15192816345288027
Placebo,66,7640,False,0.0
Placebo,66,7757,True,0.07255421227814463
Placebo,66,8162,True,0.4808613625922149
Placebo,66,8508,True,0.0
Placebo,66,8597,True,0.35695147290226675
Placebo,66,8771,True,0.0
Placebo,66,288,True,0.32758618253773325
Placebo,66,635,True,0.05322346041535818
Placebo,66,654,True,0.23617161442108228
Placebo,66,699,True,0.38634526556321097
Placebo,66,743,True,0.5047137421169369
Placebo,66,946,True,0.0
Placebo,66,976,True,0.13086918973929454
Placebo,66,1144,True,0.7599983989977872
Placebo,66,1187,True,0.492730731298803
Placebo,66,1384,True,0.1367783816681966
Placebo,66,1415,True,0.1606912283111044
Placebo,66,1443,True,0.2996484034259831
Placebo,66,1629,True,0.16232272801897038
Placebo,66,1684,True,0.05176296879456522
Placebo,66,1802,True,0.125232206503281
Placebo,66,1914,True,0.318261486091658
Placebo,66,2046,True,0.11866443082840714
Placebo,66,2071,True,0.0
Placebo,66,2340,True,0.04510157879202123
Placebo,66,2749,True,0.20889648829147836
Placebo,66,3517,True,0.33933108290158265
Placebo,66,3758,True,0.0
Placebo,66,4110,True,0.06673768929853467
Placebo,66,4111,True,0.0
Placebo,66,4144,True,0.025062769970488046
Placebo,66,5021,True,0.0
Placebo,66,5032,True,0.30007364957027666
Placebo,66,5096,True,0.22449144393202508
Placebo,66,5109,True,0.4966275756685272
Placebo,66,5114,True,0.3090575510571917
Placebo,66,5977,True,0.0
Placebo,66,5984,True,0.30004616525971517
Placebo,66,6353,True,0.37445630732366125
Placebo,66,6373,True,0.057456423831669906
Placebo,66,6539,True,0.0
Placebo,66,6554,True,0.28652285072519385
Placebo,66,6884,True,0.0
Placebo,66,6955,True,0.0
Placebo,66,7020,True,0.3022015594512442
Placebo,66,7029,True,0.14876390584057267
Placebo,66,7280,True,0.24691302523611952
Placebo,66,7394,True,0.12779435101500425
Placebo,66,7795,True,0.4592042850379298
Placebo,66,8108,True,0.47012301057311356
Placebo,66,8560,True,0.42342334712373375
Placebo,66,8632,True,0.45710480628350036
Placebo,66,8657,True,0.33110673668180723
Placebo,66,8777,True,0.26251873348463484
Placebo,66,9151,True,0.04552803591854807
Placebo,66,9609,True,0.23419442475681082
Placebo,67,102,True,0.5994327428570776
Placebo,67,314,True,0.416714284825285
Placebo,67,1068,True,0.3728230446108026
Placebo,67,1525,True,0.1237310243917846
Placebo,67,1795,True,0.19494135476072336
Placebo,67,1929,True,0.500484856882319
Placebo,67,1931,True,0.0
Placebo,67,1991,True,0.22244749936181826
Placebo,67,2528,True,0.642332463703013
Placebo,67,2697,True,0.2571733008631066
Placebo,67,2834,True,0.5918332819916707
Placebo,67,2845,True,0.4641125320367375
Placebo,67,3031,True,0.43218153481888916
Placebo,67,3250,True,0.0980646175538648
Placebo,67,3308,True,0.18946218294864178
Placebo,67,3402,True,0.04510157879202123
Placebo,67,3426,True,0.0
Placebo,67,3449,True,0.5182841368427914
Placebo,67,3756,True,0.08097835992217972
Placebo,67,4141,True,0.5245542131916595
Placebo,67,4210,True,0.16413412589050266
Placebo,67,4516,True,0.08173891239734137
Placebo,67,4692,True,0.09359072962204817
Placebo,67,4700,True,0.09232555472959778
Placebo,67,4910,True,0.0
Placebo,67,4962,True,0.3182088950120325
Placebo,67,5275,True,0.0
Placebo,67,5671,True,0.3620463164152305
Placebo,67,5683,True,0.3086919085607164
Placebo,67,6067,True,0.20022624415001902
Placebo,67,6378,True,0.4475501875553069
Placebo,67,6495,True,0.4495181759552991
Placebo,67,6868,True,0.4347450559553057
Placebo,67,6880,True,0.4016885489215563
Placebo,67,7144,True,0.18142642830097747
Placebo,67,7413,True,0.1100458831490401
Placebo,67,7526,True,0.0
Placebo,67,7531,True,0.14656879505245032
Placebo,67,7577,True,0.07979453856244821
Placebo,67,7621,True,0.07104916688530022
Placebo,67,8198,True,0.24088147972932078
Placebo,67,8442,True,0.0
Placebo,67,8452,True,0.285679344392679
Placebo,67,8476,True,0.3066586520906284
Placebo,67,8541,True,0.36114774871560335
Placebo,67,8802,True,0.343401919848382
Placebo,67,8816,True,0.0
Placebo,67,8852,True,0.3638184934971569
Placebo,67,9099,True,0.06452577150984494
Placebo,67,9479,True,0.04750922006459467
Placebo,67,9625,False,0.0
Placebo,67,96,True,0.0
Placebo,67,171,True,0.29433615912607863
Placebo,67,328,True,0.23463936301137828
Placebo,67,387,True,0.0
Placebo,67,754,False,0.0
Placebo,67,983,True,0.30242083302105627
Placebo,67,1039,True,0.35599274983965035
Placebo,67,1098,True,0.40931728009641755
Placebo,67,1120,True,0.33906913134353267
Placebo,67,1275,True,0.40032200658488026
Placebo,67,1343,True,0.17067283797303034
Placebo,67,1483,True,0.2229152414678567
Placebo,67,2005,True,0.2758471541718663
Placebo,67,2048,True,0.22856465675434373
Placebo,67,2379,True,0.48849693650665565
Placebo,67,2516,True,0.17599276937400593
Placebo,67,2601,True,0.20444958215379763
Placebo,67,3210,True,0.3388499497418354
Placebo,67,3601,True,0.0
Placebo,67,3729,True,0.14446994723681528
Placebo,67,3832,True,0.4881190856665583
Placebo,67,4104,True,0.29749559196602626
Placebo,67,4286,True,0.2572708047079672
Placebo,67,4329,True,0.09478836436955075
Placebo,67,4553,True,0.09453292111760589
Placebo,67,4790,True,0.0
Placebo,67,4844,True,0.1130534017578721
Placebo,67,4994,True,0.15798577647920012
Placebo,67,5020,True,0.42145709409649984
Placebo,67,5293,True,0.26521016728839186
Placebo,67,5338,True,0.7769333052724459
Placebo,67,5343,True,0.06843104186474419
Placebo,67,5464,True,0.09456701548023279
Placebo,67,5560,True,0.23853545645808927
Placebo,67,5719,True,0.0
Placebo,67,6055,True,0.2459538107943409
Placebo,67,6121,True,0.3626848402813032
Placebo,67,6128,True,0.2934228896863457
Placebo,67,6197,True,0.07232624621653218
Placebo,67,6336,True,0.4368401416379321
Placebo,67,6577,True,0.2787493168376877
Placebo,67,6717,True,0.0
Placebo,67,6906,False,0.0
Placebo,67,8550,True,0.0
Placebo,67,8576,True,0.7120044498684064
Placebo,67,8790,False,0.0
Placebo,67,8840,True,0.0
Placebo,67,8878,True,0.0
Placebo,67,9337,True,0.24383998307880125
Placebo,67,9501,True,0.24012746306540783
Placebo,67,9512,False,0.0
Placebo,67,45,True,0.05229012460606506
Placebo,67,199,True,0.12663167705327652
Placebo,67,458,True,0.2892326577301446
Placebo,67,564,True,0.8039700195941962
Placebo,67,717,True,0.0
Placebo,67,1109,True,0.4110273417264437
Placebo,67,1576,True,0.10934867679127507
Placebo,67,1711,True,0.0
Placebo,67,1868,False,0.0
Placebo,67,1942,True,0.4063871433534916
Placebo,67,2001,True,0.21871927731033725
Placebo,67,2217,True,0.0
Placebo,67,2354,True,0.2666255196160819
Placebo,67,2761,True,0.2380517993533622
Placebo,67,2980,True,0.0
Placebo,67,3021,True,0.08584218053656137
Placebo,67,3030,True,0.3010299956639808
Placebo,67,3046,True,0.3699071022718691
Placebo,67,3050,True,0.6007990325741678
Placebo,67,3288,True,0.4682317538525977
Placebo,67,3302,True,0.1296831420200403
Placebo,67,3794,True,0.25566506900398484
Placebo,67,3920,True,0.2422469928283949
Placebo,67,3965,True,0.1918165764591883
Placebo,67,4193,True,0.3758866725628297
Placebo,67,4294,True,0.20889189107079115
Placebo,67,4383,True,0.3737923193162454
Placebo,67,4474,True,0.0
Placebo,67,5068,True,0.32293006388428214
Placebo,67,5258,True,0.13749821993989617
Placebo,67,5306,True,0.5106199548166583
Placebo,67,5323,True,0.4399080561059696
Placebo,67,5421,True,0.5942220760638578
Placebo,67,5766,True,0.5850586129819003
Placebo,67,5877,True,0.05856735900379242
Placebo,67,5887,True,0.33197154477995033
Placebo,67,6126,True,0.0
Placebo,67,6190,True,0.5740396216793915
Placebo,67,6224,True,0.22400556151517553
Placebo,67,6465,True,0.0
Placebo,67,6853,True,0.3511643449202446
Placebo,67,6949,True,0.5370210608926959
Placebo,67,7107,True,0.02263473923626666
Placebo,67,7240,False,0.0
Placebo,67,7937,True,0.2211097971190065
Placebo,67,8015,True,0.3149533725898312
Placebo,67,8066,True,0.0
Placebo,67,8202,True,0.35482086691550374
Placebo,67,8321,True,0.2599841153815578
Placebo,67,9222,True,0.0
Placebo,67,9453,True,0.26485032088608984
Placebo,67,73,True,0.06452577150984494
Placebo,67,390,True,0.44579942740581263
Placebo,67,424,True,0.029470161879467764
Placebo,67,715,True,0.3170707696503852
Placebo,67,915,True,0.1564262420075856
Placebo,67,1579,True,0.0
Placebo,67,1643,True,0.0
Placebo,67,1679,True,0.14437345068817362
Placebo,67,1982,True,0.15176219107803549
Placebo,67,2027,True,0.6129433274973789
Placebo,67,2211,True,0.3028466998244484
Placebo,67,2228,True,0.40152576899244524
Placebo,67,2352,True,0.3154648767857289
Placebo,67,2520,True,0.1100458831490401
Placebo,67,2573,True,0.09478836436955075
Placebo,67,2630,True,0.4522565297953186
Placebo,67,2666,True,0.32732206094859684
Placebo,67,2745,True,0.12716230740090387
Placebo,67,3149,True,0.26744312576336454
Placebo,67,3369,True,0.3268797487673257
Placebo,67,3617,True,0.27333277138803336
Placebo,67,3862,True,0.0
Placebo,67,4124,True,0.20508351136135905
Placebo,67,4218,True,0.22841794656909928
Placebo,67,4268,True,0.7827392871477701
Placebo,67,4452,False,0.0
Placebo,67,4522,True,0.35185668051157637
Placebo,67,4784,True,0.4806986492345824
Placebo,67,5139,True,0.0
Placebo,67,5438,True,0.28248681165342204
Placebo,67,5565,True,0.18148604814387062
Placebo,67,5684,True,0.2542717122580905
Placebo,67,5775,True,0.09162544430476369
Placebo,67,6110,True,0.06452577150984494
Placebo,67,6488,True,0.19010232092836746
Placebo,67,6590,True,0.07414861528507459
Placebo,67,6793,True,0.20324958761397838
Placebo,67,7090,True,0.13971554021009178
Placebo,67,7112,True,0.3409313047696195
Placebo,67,7167,True,0.2631624747943231
Placebo,67,7287,True,0.5575495674869214
Placebo,67,7370,True,0.16461137870326173
Placebo,67,7547,True,0.12773154928892294
Placebo,67,7589,True,0.0
Placebo,67,7622,True,0.38040420722639073
Placebo,67,7640,False,0.0
Placebo,67,7757,True,0.10431618223868376
Placebo,67,8162,True,0.6247060640713622
Placebo,67,8508,True,0.0
Placebo,67,8597,True,0.31640403657537436
Placebo,67,8771,True,0.0946891255326431
Placebo,67,288,True,0.5245799566970887
Placebo,67,635,True,0.32749083505107357
Placebo,67,654,True,0.131992192941818
Placebo,67,699,True,0.08082888512209942
Placebo,67,743,True,0.540652479138389
Placebo,67,946,True,0.0
Placebo,67,976,True,0.1468430409245593
Placebo,67,1144,True,0.3790105271386125
Placebo,67,1187,True,0.3273225274329473
Placebo,67,1384,True,0.11246423139073866
Placebo,67,1415,True,0.0896862919667798
Placebo,67,1443,True,0.10673691490577933
Placebo,67,1629,True,0.16232272801897038
Placebo,67,1684,True,0.11618058804370206
Placebo,67,1802,True,0.0
Placebo,67,1914,True,0.5726386720270018
Placebo,67,2046,True,0.0
Placebo,67,2071,True,0.0
Placebo,67,2340,True,0.15472892909388739
Placebo,67,2749,True,0.397364480940787
Placebo,67,3517,True,0.15557957701019934
Placebo,67,3758,True,0.09077394133714942
Placebo,67,4110,True,0.43151029751020137
Placebo,67,4111,True,0.1008674711662712
Placebo,67,4144,True,0.08082888512209942
Placebo,67,5021,True,0.0
Placebo,67,5032,True,0.12234448050044296
Placebo,67,5096,True,0.41614355044094087
Placebo,67,5109,True,0.3405815715018087
Placebo,67,5114,True,0.0432992933643714
Placebo,67,5977,True,0.0
Placebo,67,5984,True,0.24950477781052882
Placebo,67,6353,True,0.6092584188552529
Placebo,67,6373,True,0.12727660960371032
Placebo,67,6539,True,0.0
Placebo,67,6554,True,0.04330890684638207
Placebo,67,6884,True,0.23463936301137828
Placebo,67,6955,True,0.0
Placebo,67,7020,True,0.3294511909589993
Placebo,67,7029,True,0.12579245116345075
Placebo,67,7280,True,0.34093199044118694
Placebo,67,7394,True,0.06017177966564497
Placebo,67,7795,True,0.38262581203647433
Placebo,67,8108,True,0.38824405276699103
Placebo,67,8560,True,0.14923918907001027
Placebo,67,8632,True,0.47636918864863503
Placebo,67,8657,True,0.042571558820810505
Placebo,67,8777,True,0.6479176240890973
Placebo,67,9151,True,0.35987913537905025
Placebo,67,9609,True,0.13737325044794
Placebo,68,102,True,0.550072210591011
Placebo,68,314,True,0.42379388002707474
Placebo,68,1068,True,0.38334924209453425
Placebo,68,1525,True,0.0594150879644631
Placebo,68,1795,True,0.09077394133714942
Placebo,68,1929,True,0.5179248584143128
Placebo,68,1931,True,0.0
Placebo,68,1991,True,0.3535378789562507
Placebo,68,2528,True,0.13567475897131237
Placebo,68,2697,True,0.22164418370402486
Placebo,68,2834,True,0.5603033199283012
Placebo,68,2845,True,0.4791774795804215
Placebo,68,3031,True,0.14410005584193936
Placebo,68,3250,True,0.06943122193677731
Placebo,68,3308,True,0.2762223670639158
Placebo,68,3402,True,0.10754316071088865
Placebo,68,3426,True,0.06232532315595917
Placebo,68,3449,True,0.42901401992229404
Placebo,68,3756,True,0.10946940281511319
Placebo,68,4141,True,0.5241816347097311
Placebo,68,4210,True,0.1926540808126342
Placebo,68,4516,True,0.22576512830975648
Placebo,68,4692,True,0.36934595283166205
Placebo,68,4700,True,0.0
Placebo,68,4910,True,0.0
Placebo,68,4962,True,0.06012983951359326
Placebo,68,5275,True,0.0
Placebo,68,5671,True,0.05208370671178697
Placebo,68,5683,True,0.297425915294277
Placebo,68,6067,True,0.45033002534659744
Placebo,68,6378,True,0.34743150161638875
Placebo,68,6495,True,0.6740384769776934
Placebo,68,6868,True,0.10634442105911619
Placebo,68,6880,True,0.3208903553125113
Placebo,68,7144,True,0.3434004089904503
Placebo,68,7413,True,0.27228365442675
Placebo,68,7526,True,0.0
Placebo,68,7531,True,0.21372030129483277
Placebo,68,7577,True,0.2402521135357174
Placebo,68,7621,True,0.07635593606092594
Placebo,68,8198,True,0.0862019719368722
Placebo,68,8442,True,0.0
Placebo,68,8452,True,0.16195671984435944
Placebo,68,8476,True,0.216569050905727
Placebo,68,8541,True,0.37948872924044336
Placebo,68,8802,True,0.3533488759671503
Placebo,68,8816,True,0.29179328078049954
Placebo,68,8852,True,0.15101961822780524
Placebo,68,9099,True,0.051654929011943435
Placebo,68,9479,True,0.04947575425284123
Placebo,68,9625,False,0.0
Placebo,68,96,True,0.22780257479373028
Placebo,68,171,True,0.3618801950148694
Placebo,68,328,True,0.1564262420075856
Placebo,68,387,True,0.14710131651029384
Placebo,68,754,False,0.0
Placebo,68,983,True,0.240858691024476
Placebo,68,1039,True,0.21264473516005017
Placebo,68,1098,True,0.4414873456937565
Placebo,68,1120,True,0.19511627783930574
Placebo,68,1275,True,0.3944735557505144
Placebo,68,1343,True,0.1832077351954858
Placebo,68,1483,True,0.21045535749516922
Placebo,68,2005,True,0.0713975720180687
Placebo,68,2048,True,0.19064291197996963
Placebo,68,2379,True,0.5208092103782584
Placebo,68,2516,True,0.24178552609249143
Placebo,68,2601,True,0.5332562172071224
Placebo,68,3210,True,0.14789700411870774
Placebo,68,3601,True,0.2113949172033253
Placebo,68,3729,True,0.20778411473733654
Placebo,68,3832,True,0.15928809494739646
Placebo,68,4104,True,0.13423664426575946
Placebo,68,4286,True,0.23161107194979444
Placebo,68,4329,True,0.0
Placebo,68,4553,True,0.09131359381373821
Placebo,68,4790,True,0.13012668333070063
Placebo,68,4844,True,0.3391602052736161
Placebo,68,4994,True,0.07830333259355117
Placebo,68,5020,True,0.32415864921842125
Placebo,68,5293,True,0.49375277474833196
Placebo,68,5338,True,0.438933310164568
Placebo,68,5343,True,0.23170509929238234
Placebo,68,5464,True,0.18955967204666818
Placebo,68,5560,True,0.22876723511499666
Placebo,68,5719,True,0.38834891272750394
Placebo,68,6055,True,0.2346921745249382
Placebo,68,6121,True,0.292629339417174
Placebo,68,6128,True,0.09780762989544861
Placebo,68,6197,True,0.17133119678688968
Placebo,68,6336,True,0.6038663249314039
Placebo,68,6577,True,0.298810352966633
Placebo,68,6717,True,0.20438239758848625
Placebo,68,6906,False,0.0
Placebo,68,8550,True,0.0
Placebo,68,8576,True,0.5572998242663684
Placebo,68,8790,False,0.0
Placebo,68,8840,True,0.3868528072345415
Placebo,68,8878,True,0.32739495038873945
Placebo,68,9337,True,0.0
Placebo,68,9501,True,0.41711238578611176
Placebo,68,9512,False,0.0
Placebo,68,45,True,0.04236776600349701
Placebo,68,199,True,0.0
Placebo,68,458,True,0.43229848720909325
Placebo,68,564,True,0.7154473878105533
Placebo,68,717,True,0.0
Placebo,68,1109,True,0.2731774820677102
Placebo,68,1576,True,0.09266307025758518
Placebo,68,1711,True,0.0
Placebo,68,1868,False,0.0
Placebo,68,1942,True,0.5599443740336915
Placebo,68,2001,True,0.3785331198495492
Placebo,68,2217,True,0.0
Placebo,68,2354,True,0.34536279282652693
Placebo,68,2761,True,0.0
Placebo,68,2980,True,0.0
Placebo,68,3021,True,0.0
Placebo,68,3030,True,0.0
Placebo,68,3046,True,0.40876279900743306
Placebo,68,3050,True,0.48221224998440426
Placebo,68,3288,True,0.16280544307213965
Placebo,68,3302,True,0.05487565949361937
Placebo,68,3794,True,0.13145285843693008
Placebo,68,3920,True,0.5517982699244931
Placebo,68,3965,True,0.3589542101716347
Placebo,68,4193,True,0.3978042088498767
Placebo,68,4294,True,0.0
Placebo,68,4383,True,0.5505366052110418
Placebo,68,4474,True,0.0
Placebo,68,5068,True,0.3459290508235991
Placebo,68,5258,True,0.0
Placebo,68,5306,True,0.4527702714421536
Placebo,68,5323,True,0.5256273487137625
Placebo,68,5421,True,0.4891371164874846
Placebo,68,5766,True,0.577636733327384
Placebo,68,5877,True,0.12852821044151894
Placebo,68,5887,True,0.2603468769604497
Placebo,68,6126,True,0.38685280723454163
Placebo,68,6190,True,0.545988107934594
Placebo,68,6224,True,0.32506401244400174
Placebo,68,6465,True,0.0
Placebo,68,6853,True,0.0
Placebo,68,6949,True,0.42612354671919284
Placebo,68,7107,True,0.05578441968866557
Placebo,68,7240,False,0.0
Placebo,68,7937,True,0.26436576047378524
Placebo,68,8015,True,0.1279104797062542
Placebo,68,8066,True,0.13120507751234178
Placebo,68,8202,True,0.3913444375605686
Placebo,68,8321,True,0.2128781736442079
Placebo,68,9222,True,0.0
Placebo,68,9453,True,0.5143189237397945
Placebo,68,73,True,0.22486488191619658
Placebo,68,390,True,0.4381975374529674
Placebo,68,424,True,0.14982420171299154
Placebo,68,715,True,0.43328772039673696
Placebo,68,915,True,0.0
Placebo,68,1579,True,0.06994375383501338
Placebo,68,1643,True,0.0
Placebo,68,1679,True,0.391634882410591
Placebo,68,1982,True,0.0
Placebo,68,2027,True,0.6117256023342299
Placebo,68,2211,True,0.15556974829149348
Placebo,68,2228,True,0.18592697868805785
Placebo,68,2352,True,0.0
Placebo,68,2520,True,0.2614996989560304
Placebo,68,2573,True,0.28793448899366336
Placebo,68,2630,True,0.3653964963969523
Placebo,68,2666,True,0.30516629529156025
Placebo,68,2745,True,0.05478496602275216
Placebo,68,3149,True,0.4093171588518873
Placebo,68,3369,True,0.04456045327241174
Placebo,68,3617,True,0.2777299563937074
Placebo,68,3862,True,0.16004318879660093
Placebo,68,4124,True,0.33474401259681
Placebo,68,4218,True,0.07120856959029298
Placebo,68,4268,True,0.7510916729774054
Placebo,68,4452,False,0.0
Placebo,68,4522,True,0.1850026347511498
Placebo,68,4784,True,0.33307226930897743
Placebo,68,5139,True,0.0
Placebo,68,5438,True,0.37697388803073484
Placebo,68,5565,True,0.0
Placebo,68,5684,True,0.4164705231392117
Placebo,68,5775,True,0.0
Placebo,68,6110,True,0.15600241938093767
Placebo,68,6488,True,0.0
Placebo,68,6590,True,0.23302004682234415
Placebo,68,6793,True,0.0
Placebo,68,7090,True,0.20930172097327177
Placebo,68,7112,True,0.0
Placebo,68,7167,True,0.4116114418646387
Placebo,68,7287,True,0.5787428154277965
Placebo,68,7370,True,0.31803963016251124
Placebo,68,7547,True,0.1462892511287546
Placebo,68,7589,True,0.07078380180254
Placebo,68,7622,True,0.4890479292640303
Placebo,68,7640,False,0.0
Placebo,68,7757,True,0.022679692033203816
Placebo,68,8162,True,0.5831862200330733
Placebo,68,8508,True,0.0
Placebo,68,8597,True,0.21619959664253527
Placebo,68,8771,True,0.0
Placebo,68,288,True,0.432958578763195
Placebo,68,635,True,0.47779993914358365
Placebo,68,654,True,0.11747950339853977
Placebo,68,699,True,0.279637154538165
Placebo,68,743,True,0.5592397538760011
Placebo,68,946,True,0.0
Placebo,68,976,True,0.0
Placebo,68,1144,True,0.4448363055084071
Placebo,68,1187,True,0.40388751801033823
Placebo,68,1384,True,0.1787442300083731
Placebo,68,1415,True,0.4515527511237636
Placebo,68,1443,True,0.12905154301968988
Placebo,68,1629,True,0.10861750945625488
Placebo,68,1684,True,0.18726251354199053
Placebo,68,1802,True,0.0
Placebo,68,1914,True,0.5220391725793065
Placebo,68,2046,True,0.0
Placebo,68,2071,True,0.0
Placebo,68,2340,True,0.22880836772235297
Placebo,68,2749,True,0.3448232939680406
Placebo,68,3517,True,0.4381553791935379
Placebo,68,3758,True,0.0
Placebo,68,4110,True,0.27754721700091023
Placebo,68,4111,True,0.0
Placebo,68,4144,True,0.12741733550370726
Placebo,68,5021,True,0.0
Placebo,68,5032,True,0.2663569438418652
Placebo,68,5096,True,0.33067255685178115
Placebo,68,5109,True,0.5425715588208105
Placebo,68,5114,True,0.0
Placebo,68,5977,True,0.0
Placebo,68,5984,True,0.7183453894028731
Placebo,68,6353,True,0.35189004381052563
Placebo,68,6373,True,0.05088466578050735
Placebo,68,6539,True,0.0
Placebo,68,6554,True,0.2338140550114246
Placebo,68,6884,True,0.2183733547559629
Placebo,68,6955,True,0.2021553370411396
Placebo,68,7020,True,0.35248131344303085
Placebo,68,7029,True,0.0
Placebo,68,7280,True,0.11364399681372903
Placebo,68,7394,True,0.09673873476423542
Placebo,68,7795,True,0.504881008777615
Placebo,68,8108,True,0.06943122193677731
Placebo,68,8560,True,0.3499671738312207
Placebo,68,8632,True,0.27639459946577066
Placebo,68,8657,True,0.318358416756779
Placebo,68,8777,True,0.3754309232833402
Placebo,68,9151,True,0.30459376029787516
Placebo,68,9609,True,0.1870342384931808
Placebo,69,102,True,0.5776202571576319
Placebo,69,314,True,0.1861232024227384
Placebo,69,1068,True,0.213241018729379
Placebo,69,1525,True,0.0618655121958923
Placebo,69,1795,True,0.2131131377571689
Placebo,69,1929,True,0.467889735683358
Placebo,69,1931,True,0.0
Placebo,69,1991,True,0.3196540108639632
Placebo,69,2528,True,0.27617756242809316
Placebo,69,2697,True,0.27039801437652494
Placebo,69,2834,True,0.5289609353414984
Placebo,69,2845,True,0.18973772130922129
Placebo,69,3031,True,0.06370866775185363
Placebo,69,3250,True,0.0
Placebo,69,3308,True,0.37470077818604536
Placebo,69,3402,True,0.1589062495189426
Placebo,69,3426,True,0.12878661254708962
Placebo,69,3449,True,0.48441532800856785
Placebo,69,3756,True,0.2969206530479923
Placebo,69,4141,True,0.30336080017684686
Placebo,69,4210,True,0.23320593875599185
Placebo,69,4516,True,0.18735057296670737
Placebo,69,4692,True,0.0
Placebo,69,4700,True,0.0
Placebo,69,4910,True,0.0
Placebo,69,4962,True,0.21558355752560915
Placebo,69,5275,True,0.05013355137207789
Placebo,69,5671,True,0.3780557937874348
Placebo,69,5683,True,0.10905082208646188
Placebo,69,6067,True,0.7271553146047893
Placebo,69,6378,True,0.30271322637520487
Placebo,69,6495,True,0.5152510507852223
Placebo,69,6868,True,0.4768885641417954
Placebo,69,6880,True,0.530100330015507
Placebo,69,7144,True,0.28684868246668266
Placebo,69,7413,True,0.06784272269558313
Placebo,69,7526,True,0.0
Placebo,69,7531,True,0.23230604393401819
Placebo,69,7577,True,0.0731168384439099
Placebo,69,7621,True,0.4266455713298982
Placebo,69,8198,True,0.2488256657121525
Placebo,69,8442,True,0.0
Placebo,69,8452,True,0.41437029576815076
Placebo,69,8476,True,0.27306693633447604
Placebo,69,8541,True,0.17918591656844457
Placebo,69,8802,True,0.23396824138409641
Placebo,69,8816,True,0.277538636322016
Placebo,69,8852,True,0.5585075862632191
Placebo,69,9099,True,0.0
Placebo,69,9479,True,0.2680512934047234
Placebo,69,9625,False,0.0
Placebo,69,96,True,0.0
Placebo,69,171,True,0.44278879223968026
Placebo,69,328,True,0.0
Placebo,69,387,True,0.17806915746298954
Placebo,69,754,False,0.0
Placebo,69,983,True,0.29286640611360526
Placebo,69,1039,True,0.3554036733214511
Placebo,69,1098,True,0.623426170781379
Placebo,69,1120,True,0.49208681223238143
Placebo,69,1275,True,0.24574668816233086
Placebo,69,1343,True,0.3093608854471782
Placebo,69,1483,True,0.13716376302291627
Placebo,69,2005,True,0.08514311764162101
Placebo,69,2048,True,0.15828900955878428
Placebo,69,2379,True,0.4590617038920481
Placebo,69,2516,True,0.372001179755375
Placebo,69,2601,True,0.38241471408367794
Placebo,69,3210,True,0.3080942780375752
Placebo,69,3601,True,0.19890440060287856
Placebo,69,3729,True,0.3805076915024003
Placebo,69,3832,True,0.35060913314997044
Placebo,69,4104,True,0.5660875132044741
Placebo,69,4286,True,0.3155238921393829
Placebo,69,4329,True,0.29343678345195284
Placebo,69,4553,True,0.20135724184377263
Placebo,69,4790,True,0.0
Placebo,69,4844,True,0.19178318368566777
Placebo,69,4994,True,0.12116745611854099
Placebo,69,5020,True,0.3083492613029138
Placebo,69,5293,True,0.16172893882427064
Placebo,69,5338,True,0.7065639566644613
Placebo,69,5343,True,0.41359579475233565
Placebo,69,5464,True,0.32069578324722176
Placebo,69,5560,True,0.4357649475748412
Placebo,69,5719,True,0.08421358772610593
Placebo,69,6055,True,0.18889875018172203
Placebo,69,6121,True,0.2821982186789002
Placebo,69,6128,True,0.0
Placebo,69,6197,True,0.25037472229429225
Placebo,69,6336,True,0.6177607827968126
Placebo,69,6577,True,0.3112210553066779
Placebo,69,6717,True,0.2184074368181643
Placebo,69,6906,False,0.0
Placebo,69,8550,True,0.0
Placebo,69,8576,True,0.26462022272743835
Placebo,69,8790,False,0.0
Placebo,69,8840,True,0.0
Placebo,69,8878,True,0.1353921314791758
Placebo,69,9337,True,0.07187006452250423
Placebo,69,9501,True,0.4413859354242177
Placebo,69,9512,False,0.0
Placebo,69,45,True,0.1110550921986622
Placebo,69,199,True,0.0
Placebo,69,458,True,0.515493894563817
Placebo,69,564,True,0.866947989864271
Placebo,69,717,True,0.1278325345019925
Placebo,69,1109,True,0.5749490140782062
Placebo,69,1576,True,0.076745136502618
Placebo,69,1711,True,0.0
Placebo,69,1868,False,0.0
Placebo,69,1942,True,0.3505149633617394
Placebo,69,2001,True,0.22389955209338178
Placebo,69,2217,True,0.0
Placebo,69,2354,True,0.3876683119885543
Placebo,69,2761,True,0.0
Placebo,69,2980,True,0.0
Placebo,69,3021,True,0.25545828335160814
Placebo,69,3030,True,0.0
Placebo,69,3046,True,0.3231927275503
Placebo,69,3050,True,0.43659152624851394
Placebo,69,3288,True,0.20373812733815994
Placebo,69,3302,True,0.25896053737561936
Placebo,69,3794,True,0.1443421150392356
Placebo,69,3920,True,0.3039312685971147
Placebo,69,3965,True,0.15972587019622106
Placebo,69,4193,True,0.2000975348422987
Placebo,69,4294,True,0.04855631116637259
Placebo,69,4383,True,0.3374877785143812
Placebo,69,4474,True,0.0
Placebo,69,5068,True,0.23732138113516202
Placebo,69,5258,True,0.040683756096346925
Placebo,69,5306,True,0.4263986968488049
Placebo,69,5323,True,0.4740586595531423
Placebo,69,5421,True,0.4918049523045623
Placebo,69,5766,True,0.5562830846464886
Placebo,69,5877,True,0.06985382435277582
Placebo,69,5887,True,0.5092441529915047
Placebo,69,6126,True,0.38685280723454163
Placebo,69,6190,True,0.48581890810042
Placebo,69,6224,True,0.36837563413888724
Placebo,69,6465,True,0.0
Placebo,69,6853,True,0.2697086001652387
Placebo,69,6949,True,0.5696678628721982
Placebo,69,7107,True,0.0
Placebo,69,7240,False,0.0
Placebo,69,7937,True,0.38219697809374453
Placebo,69,8015,True,0.0
Placebo,69,8066,True,0.0
Placebo,69,8202,True,0.4227704290461843
Placebo,69,8321,True,0.3552581509444729
Placebo,69,9222,True,0.0
Placebo,69,9453,True,0.2809938479034796
Placebo,69,73,True,0.34436412886751316
Placebo,69,390,True,0.18657176228071157
Placebo,69,424,True,0.28142294545656643
Placebo,69,715,True,0.3018040635492454
Placebo,69,915,True,0.0
Placebo,69,1579,True,0.2644427682690604
Placebo,69,1643,True,0.0
Placebo,69,1679,True,0.5160018561513495
Placebo,69,1982,True,0.1585070397409811
Placebo,69,2027,True,0.28334151839485744
Placebo,69,2211,True,0.49817732443743595
Placebo,69,2228,True,0.22634976243656424
Placebo,69,2352,True,0.3010299956639808
Placebo,69,2520,True,0.25791372844878535
Placebo,69,2573,True,0.1244541635112973
Placebo,69,2630,True,0.5856796482305756
Placebo,69,2666,True,0.30990975462222026
Placebo,69,2745,True,0.0
Placebo,69,3149,True,0.1199674313780101
Placebo,69,3369,True,0.32657709793977
Placebo,69,3617,True,0.13976045978198762
Placebo,69,3862,True,0.0
Placebo,69,4124,True,0.22312706161836274
Placebo,69,4218,True,0.054459353046676165
Placebo,69,4268,True,1.0
Placebo,69,4452,False,0.0
Placebo,69,4522,True,0.29991274779800176
Placebo,69,4784,True,0.29676343904425373
Placebo,69,5139,True,0.0
Placebo,69,5438,True,0.378251499868454
Placebo,69,5565,True,0.12099069876258048
Placebo,69,5684,True,0.38666000107473714
Placebo,69,5775,True,0.11838279295536289
Placebo,69,6110,True,0.15183849369780056
Placebo,69,6488,True,0.0
Placebo,69,6590,True,0.07874068191858775
Placebo,69,6793,True,0.09546043308946738
Placebo,69,7090,True,0.23309748532792438
Placebo,69,7112,True,0.0
Placebo,69,7167,True,0.2594969261152639
Placebo,69,7287,True,0.30607586355484395
Placebo,69,7370,True,0.22768671861003112
Placebo,69,7547,True,0.14025592292804678
Placebo,69,7589,True,0.1643548980682564
Placebo,69,7622,True,0.16519481885127218
Placebo,69,7640,False,0.0
Placebo,69,7757,True,0.0405754139492584
Placebo,69,8162,True,0.6026489275351303
Placebo,69,8508,True,0.1681275362711174
Placebo,69,8597,True,0.18722360132473617
Placebo,69,8771,True,0.108660273430684
Placebo,69,288,True,0.39455737839402316
Placebo,69,635,True,0.05322346041535818
Placebo,69,654,True,0.11381311447980796
Placebo,69,699,True,0.18619050966933207
Placebo,69,743,True,0.4501956230589572
Placebo,69,946,True,0.0
Placebo,69,976,True,0.13521046138463974
Placebo,69,1144,True,0.6770955882686536
Placebo,69,1187,True,0.35642252201635516
Placebo,69,1384,True,0.07085624642201359
Placebo,69,1415,True,0.1884563569739272
Placebo,69,1443,True,0.14982420171299154
Placebo,69,1629,True,0.1730946147624595
Placebo,69,1684,True,0.07762414690807688
Placebo,69,1802,True,0.0
Placebo,69,1914,True,0.49626008534925947
Placebo,69,2046,True,0.0
Placebo,69,2071,True,0.10861750945625488
Placebo,69,2340,True,0.047264273332909064
Placebo,69,2749,True,0.4012880122458124
Placebo,69,3517,True,0.41035303001080475
Placebo,69,3758,True,0.04247244516790244
Placebo,69,4110,True,0.1842408979380861
Placebo,69,4111,True,0.0
Placebo,69,4144,True,0.30084847144727545
Placebo,69,5021,True,0.0
Placebo,69,5032,True,0.23958450570539488
Placebo,69,5096,True,0.3664173538441322
Placebo,69,5109,True,0.47267003949166797
Placebo,69,5114,True,0.19810362728007797
Placebo,69,5977,True,0.0
Placebo,69,5984,True,0.3655784791412088
Placebo,69,6353,True,0.7144446166142708
Placebo,69,6373,True,0.08065028712383313
Placebo,69,6539,True,0.0
Placebo,69,6554,True,0.0851343471180851
Placebo,69,6884,True,0.33875101002292624
Placebo,69,6955,True,0.10218331334064325
Placebo,69,7020,True,0.36436640789104735
Placebo,69,7029,True,0.2366446416180667
Placebo,69,7280,True,0.2289944936670366
Placebo,69,7394,True,0.023407995546412274
Placebo,69,7795,True,0.4425004634132997
Placebo,69,8108,True,0.07896843623988549
Placebo,69,8560,True,0.42231570420831155
Placebo,69,8632,True,0.39967325525402564
Placebo,69,8657,True,0.26858759519958814
Placebo,69,8777,True,0.38258927218761213
Placebo,69,9151,True,0.21936145295751924
Placebo,69,9609,True,0.319044624167928
Placebo,70,102,True,0.4161706902901234
Placebo,70,314,True,0.23759520691643318
Placebo,70,1068,True,0.5465144515725512
Placebo,70,1525,True,0.16927932820903552
Placebo,70,1795,True,0.11918532507629641
Placebo,70,1929,True,0.6583050462642763
Placebo,70,1931,True,0.0
Placebo,70,1991,True,0.247190305224412
Placebo,70,2528,True,0.48600162335118036
Placebo,70,2697,True,0.2881604318272828
Placebo,70,2834,True,0.19040104973626315
Placebo,70,2845,True,0.30147301917415065
Placebo,70,3031,True,0.13158853940201334
Placebo,70,3250,True,0.08514311764162101
Placebo,70,3308,True,0.310279249160238
Placebo,70,3402,True,0.09452854666581807
Placebo,70,3426,True,0.160003896873089
Placebo,70,3449,True,0.24334454590609664
Placebo,70,3756,True,0.2632284321878963
Placebo,70,4141,True,0.44909218357907543
Placebo,70,4210,True,0.4216756681368257
Placebo,70,4516,True,0.5701267371664839
Placebo,70,4692,True,0.027053788003161727
Placebo,70,4700,True,0.09845236414941486
Placebo,70,4910,True,0.3587977758919658
Placebo,70,4962,True,0.08394214811402467
Placebo,70,5275,True,0.07037133610231527
Placebo,70,5671,True,0.18134080976988853
Placebo,70,5683,True,0.23497571470289358
Placebo,70,6067,True,0.44660272856647826
Placebo,70,6378,True,0.3488375758665701
Placebo,70,6495,True,0.6036270320439782
Placebo,70,6868,True,0.3625457601530793
Placebo,70,6880,True,0.5306545314383352
Placebo,70,7144,True,0.38080257337928797
Placebo,70,7413,True,0.28371255449703187
Placebo,70,7526,True,0.0
Placebo,70,7531,True,0.2024616858126866
Placebo,70,7577,True,0.2067880872529163
Placebo,70,7621,True,0.22910945973825642
Placebo,70,8198,True,0.28453278619952
Placebo,70,8442,True,0.0
Placebo,70,8452,True,0.39943832417784836
Placebo,70,8476,True,0.4351139665085591
Placebo,70,8541,True,0.35705419358644264
Placebo,70,8802,True,0.23821204862125397
Placebo,70,8816,True,0.0
Placebo,70,8852,True,0.11751610475642699
Placebo,70,9099,True,0.049941400570997205
Placebo,70,9479,True,0.10369639533646699
Placebo,70,9625,False,0.0
Placebo,70,96,True,0.0
Placebo,70,171,True,0.46363971966268486
Placebo,70,328,True,0.0
Placebo,70,387,True,0.0
Placebo,70,754,False,0.0
Placebo,70,983,True,0.2274983529290134
Placebo,70,1039,True,0.38976621004964834
Placebo,70,1098,True,0.4227107521828421
Placebo,70,1120,True,0.156219723118081
Placebo,70,1275,True,0.45729800782150914
Placebo,70,1343,True,0.031810394099475836
Placebo,70,1483,True,0.19618376255372633
Placebo,70,2005,True,0.09478836436955075
Placebo,70,2048,True,0.26676233997122095
Placebo,70,2379,True,0.6210817391798243
Placebo,70,2516,True,0.49269146824359633
Placebo,70,2601,True,0.2903801640892058
Placebo,70,3210,True,0.2919263320565038
Placebo,70,3601,True,0.23719771276929624
Placebo,70,3729,True,0.12248568453418994
Placebo,70,3832,True,0.13961814555374907
Placebo,70,4104,True,0.3758483055680303
Placebo,70,4286,True,0.11566279870411231
Placebo,70,4329,True,0.1388624438735545
Placebo,70,4553,True,0.0970477754402881
Placebo,70,4790,True,0.0
Placebo,70,4844,True,0.0
Placebo,70,4994,True,0.0
Placebo,70,5020,True,0.49251543387644053
Placebo,70,5293,True,0.44242874338049837
Placebo,70,5338,True,0.6380742394633532
Placebo,70,5343,True,0.2005000107421525
Placebo,70,5464,True,0.2364264371967354
Placebo,70,5560,True,0.2984050172840607
Placebo,70,5719,True,0.1809150463967943
Placebo,70,6055,True,0.6386973059445337
Placebo,70,6121,True,0.14317299487623458
Placebo,70,6128,True,0.25123078701145357
Placebo,70,6197,True,0.3787901532006313
Placebo,70,6336,True,0.35323390569525365
Placebo,70,6577,True,0.3329294227259554
Placebo,70,6717,True,0.0
Placebo,70,6906,False,0.0
Placebo,70,8550,True,0.11377041810078817
Placebo,70,8576,True,0.5455017237786199
Placebo,70,8790,False,0.0
Placebo,70,8840,True,0.0
Placebo,70,8878,True,0.0
Placebo,70,9337,True,0.0
Placebo,70,9501,True,0.42314455053562305
Placebo,70,9512,False,0.0
Placebo,70,45,True,0.21327565731513837
Placebo,70,199,True,0.03660476373374822
Placebo,70,458,True,0.36586183876369144
Placebo,70,564,True,0.9681896059005243
Placebo,70,717,True,0.18856416668680415
Placebo,70,1109,True,0.6432175880270329
Placebo,70,1576,True,0.2593280357359522
Placebo,70,1711,True,0.0
Placebo,70,1868,False,0.0
Placebo,70,1942,True,0.38768957232959667
Placebo,70,2001,True,0.19015966139931836
Placebo,70,2217,True,0.0
Placebo,70,2354,True,0.12791547609674522
Placebo,70,2761,True,0.05467433839563753
Placebo,70,2980,True,0.0
Placebo,70,3021,True,0.2661096177996078
Placebo,70,3030,True,0.3333333333333335
Placebo,70,3046,True,0.31572305115395055
Placebo,70,3050,True,0.44162315117044554
Placebo,70,3288,True,0.21814726410308313
Placebo,70,3302,True,0.18683555263651927
Placebo,70,3794,True,0.12783253450199242
Placebo,70,3920,True,0.15776147429825385
Placebo,70,3965,True,0.13568544539116625
Placebo,70,4193,True,0.2152220475484637
Placebo,70,4294,True,0.0
Placebo,70,4383,True,0.3526396958490333
Placebo,70,4474,True,0.0
Placebo,70,5068,True,0.10946940281511319
Placebo,70,5258,True,0.0
Placebo,70,5306,True,0.505114993212435
Placebo,70,5323,True,0.7652842480307879
Placebo,70,5421,True,0.722426514746725
Placebo,70,5766,True,0.483446390891206
Placebo,70,5877,True,0.0
Placebo,70,5887,True,0.057484716641728835
Placebo,70,6126,True,0.0
Placebo,70,6190,True,0.6952907195818419
Placebo,70,6224,True,0.42387207093640344
Placebo,70,6465,True,0.0
Placebo,70,6853,True,0.5223453213567385
Placebo,70,6949,True,0.7466549178249751
Placebo,70,7107,True,0.0
Placebo,70,7240,False,0.0
Placebo,70,7937,True,0.3978100647033818
Placebo,70,8015,True,0.17342765698823942
Placebo,70,8066,True,0.0
Placebo,70,8202,True,0.43123105527812533
Placebo,70,8321,True,0.42972371976056545
Placebo,70,9222,True,0.0
Placebo,70,9453,True,0.5311089083636895
Placebo,70,73,True,0.1383518862094005
Placebo,70,390,True,0.3386043450666359
Placebo,70,424,True,0.1678356295337318
Placebo,70,715,True,0.3234281117830954
Placebo,70,915,True,0.0
Placebo,70,1579,True,0.0
Placebo,70,1643,True,0.0
Placebo,70,1679,True,0.11457854606649918
Placebo,70,1982,True,0.1545743395783983
Placebo,70,2027,True,0.31523168985532435
Placebo,70,2211,True,0.23005678339288407
Placebo,70,2228,True,0.32291168898636957
Placebo,70,2352,True,0.0
Placebo,70,2520,True,0.3398526077356112
Placebo,70,2573,True,0.0
Placebo,70,2630,True,0.45245515543780457
Placebo,70,2666,True,0.24103131022713345
Placebo,70,2745,True,0.0
Placebo,70,3149,True,0.34284676255844515
Placebo,70,3369,True,0.24664842738162507
Placebo,70,3617,True,0.12995029231325292
Placebo,70,3862,True,0.0
Placebo,70,4124,True,0.34638198425625266
Placebo,70,4218,True,0.29068241445664317
Placebo,70,4268,True,0.7460573260980901
Placebo,70,4452,False,0.0
Placebo,70,4522,True,0.17353427149804995
Placebo,70,4784,True,0.51758985782617
Placebo,70,5139,True,0.20438239758848625
Placebo,70,5438,True,0.39058529355917293
Placebo,70,5565,True,0.0
Placebo,70,5684,True,0.41786941112886095
Placebo,70,5775,True,0.30136202605854673
Placebo,70,6110,True,0.047264273332909064
Placebo,70,6488,True,0.31328180462520794
Placebo,70,6590,True,0.07834851647149517
Placebo,70,6793,True,0.3079834593168982
Placebo,70,7090,True,0.3259362517620251
Placebo,70,7112,True,0.0
Placebo,70,7167,True,0.5478918082162344
Placebo,70,7287,True,0.2846046529161344
Placebo,70,7370,True,0.1681544568212252
Placebo,70,7547,True,0.13124938519326135
Placebo,70,7589,True,0.0
Placebo,70,7622,True,0.38905720589731946
Placebo,70,7640,False,0.0
Placebo,70,7757,True,0.2447196698670316
Placebo,70,8162,True,0.5277364840322167
Placebo,70,8508,True,0.0
Placebo,70,8597,True,0.24095938823097623
Placebo,70,8771,True,0.0
Placebo,70,288,True,0.48787424651725864
Placebo,70,635,True,0.24524944785043215
Placebo,70,654,True,0.19417007413996287
Placebo,70,699,True,0.2041669919590906
Placebo,70,743,True,0.28174519487251304
Placebo,70,946,True,0.0
Placebo,70,976,True,0.0
Placebo,70,1144,True,0.6219369900716397
Placebo,70,1187,True,0.5882966680735977
Placebo,70,1384,True,0.1557998285134943
Placebo,70,1415,True,0.14448608652136
Placebo,70,1443,True,0.17631581635259894
Placebo,70,1629,True,0.0
Placebo,70,1684,True,0.35814090184490954
Placebo,70,1802,True,0.0
Placebo,70,1914,True,0.3832435537645648
Placebo,70,2046,True,0.0
Placebo,70,2071,True,0.12092199990360368
Placebo,70,2340,True,0.2942941489498069
Placebo,70,2749,True,0.29233698801465324
Placebo,70,3517,True,0.37199098716621715
Placebo,70,3758,True,0.2446405935510602
Placebo,70,4110,True,0.36415726869628373
Placebo,70,4111,True,0.0
Placebo,70,4144,True,0.0
Placebo,70,5021,True,0.16376690200152488
Placebo,70,5032,True,0.6312145974193324
Placebo,70,5096,True,0.12733766707248267
Placebo,70,5109,True,0.43954521564416577
Placebo,70,5114,True,0.0
Placebo,70,5977,True,0.0
Placebo,70,5984,True,0.2903324005948759
Placebo,70,6353,True,0.6701709582009036
Placebo,70,6373,True,0.22370015420391956
Placebo,70,6539,True,0.0
Placebo,70,6554,True,0.39409148790005044
Placebo,70,6884,True,0.0
Placebo,70,6955,True,0.12530682344457728
Placebo,70,7020,True,0.5397782533322364
Placebo,70,7029,True,0.07373113767160426
Placebo,70,7280,True,0.06333323072210686
Placebo,70,7394,True,0.37266727036121894
Placebo,70,7795,True,0.472951036027358
Placebo,70,8108,True,0.0733639220993601
Placebo,70,8560,True,0.2331012372867803
Placebo,70,8632,True,0.38813551945111435
Placebo,70,8657,True,0.3148638636701912
Placebo,70,8777,True,0.4618322637678139
Placebo,70,9151,True,0.32643260299896143
Placebo,70,9609,True,0.35782314795659054
Placebo,71,102,True,0.391779257027575
Placebo,71,314,True,0.37111950096841173
Placebo,71,1068,True,0.6174965934726175
Placebo,71,1525,True,0.40548764806936627
Placebo,71,1795,True,0.3884627418460728
Placebo,71,1929,True,0.39489118169181436
Placebo,71,1931,True,0.0
Placebo,71,1991,True,0.38611614177538717
Placebo,71,2528,True,0.35633504631306223
Placebo,71,2697,True,0.42490394253717
Placebo,71,2834,True,0.38214711258477735
Placebo,71,2845,True,0.1611886435707401
Placebo,71,3031,True,0.12741733550370726
Placebo,71,3250,True,0.06625422345438896
Placebo,71,3308,True,0.3662527918889209
Placebo,71,3402,True,0.2353389554655906
Placebo,71,3426,True,0.0
Placebo,71,3449,True,0.24511369700368812
Placebo,71,3756,True,0.25580655253338
Placebo,71,4141,True,0.5236277142109165
Placebo,71,4210,True,0.4503697576498431
Placebo,71,4516,True,0.30628246265102216
Placebo,71,4692,True,0.10861750945625488
Placebo,71,4700,True,0.0
Placebo,71,4910,True,0.0
Placebo,71,4962,True,0.06425604298318159
Placebo,71,5275,True,0.0
Placebo,71,5671,True,0.13342779349285924
Placebo,71,5683,True,0.10644692083071636
Placebo,71,6067,True,0.32600052861721157
Placebo,71,6378,True,0.3718599698506987
Placebo,71,6495,True,0.6039068139052831
Placebo,71,6868,True,0.1654852810357869
Placebo,71,6880,True,0.21606552939845977
Placebo,71,7144,True,0.17063843884647106
Placebo,71,7413,True,0.0
Placebo,71,7526,True,0.0
Placebo,71,7531,True,0.1562397512438515
Placebo,71,7577,True,0.10893649261775587
Placebo,71,7621,True,0.31652735906038204
Placebo,71,8198,True,0.22815032057475326
Placebo,71,8442,True,0.0
Placebo,71,8452,True,0.4457552552722157
Placebo,71,8476,True,0.17280430617228196
Placebo,71,8541,True,0.44306910440317165
Placebo,71,8802,True,0.2197846452325133
Placebo,71,8816,True,0.19687407778989194
Placebo,71,8852,True,0.13012668333070063
Placebo,71,9099,True,0.09452854666581807
Placebo,71,9479,True,0.05184819766823354
Placebo,71,9625,False,0.0
Placebo,71,96,True,0.0
Placebo,71,171,True,0.32776097292662437
Placebo,71,328,True,0.1480409554829327
Placebo,71,387,True,0.0
Placebo,71,754,False,0.0
Placebo,71,983,True,0.37995658516180564
Placebo,71,1039,True,0.35776326863718977
Placebo,71,1098,True,0.5558645494424973
Placebo,71,1120,True,0.3663586890057437
Placebo,71,1275,True,0.6012921212971719
Placebo,71,1343,True,0.16618593638761947
Placebo,71,1483,True,0.1441000558419394
Placebo,71,2005,True,0.4537425745411855
Placebo,71,2048,True,0.3654891995820145
Placebo,71,2379,True,0.5018054951147134
Placebo,71,2516,True,0.26068752256485556
Placebo,71,2601,True,0.25535820062483516
Placebo,71,3210,True,0.2500755330464298
Placebo,71,3601,True,0.0
Placebo,71,3729,True,0.1931331085593736
Placebo,71,3832,True,0.23280401196365022
Placebo,71,4104,True,0.4308574823870161
Placebo,71,4286,True,0.4886765063376226
Placebo,71,4329,True,0.07839826897867538
Placebo,71,4553,True,0.21504887200992906
Placebo,71,4790,True,0.19519002499605084
Placebo,71,4844,True,0.0
Placebo,71,4994,True,0.22543259601333357
Placebo,71,5020,True,0.3811054852634316
Placebo,71,5293,True,0.14187295789299578
Placebo,71,5338,True,0.45897234726958536
Placebo,71,5343,True,0.08683851047569886
Placebo,71,5464,True,0.2769629224019738
Placebo,71,5560,True,0.46835257550921866
Placebo,71,5719,True,0.08068983099492914
Placebo,71,6055,True,0.22889895418325246
Placebo,71,6121,True,0.0713975720180687
Placebo,71,6128,True,0.13372205159260053
Placebo,71,6197,True,0.2859586864396282
Placebo,71,6336,True,0.5609203225328441
Placebo,71,6577,True,0.2863872093954435
Placebo,71,6717,True,0.2184074368181643
Placebo,71,6906,False,0.0
Placebo,71,8550,True,0.0
Placebo,71,8576,True,0.4373524791503101
Placebo,71,8790,False,0.0
Placebo,71,8840,True,0.0
Placebo,71,8878,True,0.3800937667159343
Placebo,71,9337,True,0.07187006452250423
Placebo,71,9501,True,0.4086535028881904
Placebo,71,9512,False,0.0
Placebo,71,45,True,0.21111400830694582
Placebo,71,199,True,0.24700588735447568
Placebo,71,458,True,0.5431318346519204
Placebo,71,564,True,0.8473825580301494
Placebo,71,717,True,0.1443421150392356
Placebo,71,1109,True,0.7052828289866341
Placebo,71,1576,True,0.3090441260137405
Placebo,71,1711,True,0.0
Placebo,71,1868,False,0.0
Placebo,71,1942,True,0.3697722930644053
Placebo,71,2001,True,0.5019338399755212
Placebo,71,2217,True,0.0
Placebo,71,2354,True,0.26208741009251757
Placebo,71,2761,True,0.0
Placebo,71,2980,True,0.0
Placebo,71,3021,True,0.0
Placebo,71,3030,True,0.0
Placebo,71,3046,True,0.33581074527134025
Placebo,71,3050,True,0.4486451735056986
Placebo,71,3288,True,0.3132170232320375
Placebo,71,3302,True,0.08494489033580488
Placebo,71,3794,True,0.06099161925558509
Placebo,71,3920,True,0.4068543508160516
Placebo,71,3965,True,0.1545743395783983
Placebo,71,4193,True,0.2000975348422987
Placebo,71,4294,True,0.0
Placebo,71,4383,True,0.4785714694510963
Placebo,71,4474,True,0.0
Placebo,71,5068,True,0.3616944402015714
Placebo,71,5258,True,0.0
Placebo,71,5306,True,0.46523544544537204
Placebo,71,5323,True,0.47103225085258066
Placebo,71,5421,True,0.48419361204546857
Placebo,71,5766,True,0.42622790001386157
Placebo,71,5877,True,0.0641481592308384
Placebo,71,5887,True,0.27788654928313866
Placebo,71,6126,True,0.0
Placebo,71,6190,True,0.6865671586688868
Placebo,71,6224,True,0.08514311764162101
Placebo,71,6465,True,0.0
Placebo,71,6853,True,0.04959010703260497
Placebo,71,6949,True,0.6526760338391044
Placebo,71,7107,True,0.0
Placebo,71,7240,False,0.0
Placebo,71,7937,True,0.26030033091941185
Placebo,71,8015,True,0.10633668103022988
Placebo,71,8066,True,0.0
Placebo,71,8202,True,0.4411903047542925
Placebo,71,8321,True,0.4212973034878757
Placebo,71,9222,True,0.0
Placebo,71,9453,True,0.5480025995520116
Placebo,71,73,True,0.43136420442284445
Placebo,71,390,True,0.29811455546464954
Placebo,71,424,True,0.1128977712790384
Placebo,71,715,True,0.15120191524692544
Placebo,71,915,True,0.0
Placebo,71,1579,True,0.06490513563473839
Placebo,71,1643,True,0.10861750945625488
Placebo,71,1679,True,0.3549148709868822
Placebo,71,1982,True,0.2784805894273036
Placebo,71,2027,True,0.3783691609394312
Placebo,71,2211,True,0.3444399302749044
Placebo,71,2228,True,0.20645914431744908
Placebo,71,2352,True,0.0
Placebo,71,2520,True,0.19059647558534765
Placebo,71,2573,True,0.0
Placebo,71,2630,True,0.4227033777380571
Placebo,71,2666,True,0.5039428927517406
Placebo,71,2745,True,0.0
Placebo,71,3149,True,0.27532906554288455
Placebo,71,3369,True,0.3668640389068865
Placebo,71,3617,True,0.22000374389419666
Placebo,71,3862,True,0.0
Placebo,71,4124,True,0.24780023385999214
Placebo,71,4218,True,0.22250897158347113
Placebo,71,4268,True,0.9363792118010483
Placebo,71,4452,False,0.0
Placebo,71,4522,True,0.10458024921213012
Placebo,71,4784,True,0.6084186329107646
Placebo,71,5139,True,0.4144369995533439
Placebo,71,5438,True,0.238505717565413
Placebo,71,5565,True,0.11774782319732524
Placebo,71,5684,True,0.14751510084308853
Placebo,71,5775,True,0.1294780945799265
Placebo,71,6110,True,0.24970700285498595
Placebo,71,6488,True,0.35814090184490954
Placebo,71,6590,True,0.0
Placebo,71,6793,True,0.39007412760022164
Placebo,71,7090,True,0.12106546404450272
Placebo,71,7112,True,0.0
Placebo,71,7167,True,0.31659725387518783
Placebo,71,7287,True,0.47740686453146297
Placebo,71,7370,True,0.04996171069384791
Placebo,71,7547,True,0.24842742676916887
Placebo,71,7589,True,0.0
Placebo,71,7622,True,0.45937338502272407
Placebo,71,7640,False,0.0
Placebo,71,7757,True,0.14689919021059492
Placebo,71,8162,True,0.3867199927281892
Placebo,71,8508,True,0.0
Placebo,71,8597,True,0.1367988523695764
Placebo,71,8771,True,0.08860866087646532
Placebo,71,288,True,0.5557725058680018
Placebo,71,635,True,0.21428160689773637
Placebo,71,654,True,0.2561521385967557
Placebo,71,699,True,0.19035234517628788
Placebo,71,743,True,0.2641400331850027
Placebo,71,946,True,0.0
Placebo,71,976,True,0.1197453422743875
Placebo,71,1144,True,0.7513709599713904
Placebo,71,1187,True,0.43049075892990574
Placebo,71,1384,True,0.14445199040918558
Placebo,71,1415,True,0.30309733404387645
Placebo,71,1443,True,0.4374858569381832
Placebo,71,1629,True,0.08116136400948519
Placebo,71,1684,True,0.08953522546122739
Placebo,71,1802,True,0.2814853444092611
Placebo,71,1914,True,0.37459015620802666
Placebo,71,2046,True,0.0
Placebo,71,2071,True,0.17714752793103528
Placebo,71,2340,True,0.13746743091695152
Placebo,71,2749,True,0.41955246377095484
Placebo,71,3517,True,0.40338939501504856
Placebo,71,3758,True,0.08494489033580488
Placebo,71,4110,True,0.08421358772610593
Placebo,71,4111,True,0.0
Placebo,71,4144,True,0.1465831889445059
Placebo,71,5021,True,0.14571874714759173
Placebo,71,5032,True,0.5283796159592797
Placebo,71,5096,True,0.2540148756279878
Placebo,71,5109,True,0.3823253574612152
Placebo,71,5114,True,0.16842717545221186
Placebo,71,5977,True,0.0
Placebo,71,5984,True,0.18559256421107906
Placebo,71,6353,True,0.6501925348486299
Placebo,71,6373,True,0.0
Placebo,71,6539,True,0.0
Placebo,71,6554,True,0.19959472847649548
Placebo,71,6884,True,0.6663732474096912
Placebo,71,6955,True,0.2107105505168595
Placebo,71,7020,True,0.4996802800677925
Placebo,71,7029,True,0.4059418688325255
Placebo,71,7280,True,0.09855144660309344
Placebo,71,7394,True,0.35544421844466356
Placebo,71,7795,True,0.5300279861630588
Placebo,71,8108,True,0.1388624438735545
Placebo,71,8560,True,0.3400076268952905
Placebo,71,8632,True,0.31701481396021597
Placebo,71,8657,True,0.19270649966057038
Placebo,71,8777,True,0.26619852937947464
Placebo,71,9151,True,0.5256242369474449
Placebo,71,9609,True,0.3827836701447501
Placebo,72,102,True,0.46305717603845953
Placebo,72,314,True,0.2949798740342277
Placebo,72,1068,True,0.3485512512284957
Placebo,72,1525,True,0.20179660912043718
Placebo,72,1795,True,0.2812512256083711
Placebo,72,1929,True,0.31443094471278016
Placebo,72,1931,True,0.0
Placebo,72,1991,True,0.17410230405067048
Placebo,72,2528,True,0.2964300973223439
Placebo,72,2697,True,0.519170486723444
Placebo,72,2834,True,0.29459869132348926
Placebo,72,2845,True,0.2980682215256622
Placebo,72,3031,True,0.22248868904236951
Placebo,72,3250,True,0.1083498484523529
Placebo,72,3308,True,0.16354138662029638
Placebo,72,3402,True,0.10522418635725407
Placebo,72,3426,True,0.14831454428471355
Placebo,72,3449,True,0.1572907741342153
Placebo,72,3756,True,0.2206881066725688
Placebo,72,4141,True,0.5772424063175347
Placebo,72,4210,True,0.20007596046715045
Placebo,72,4516,True,0.12530726600684103
Placebo,72,4692,True,0.0
Placebo,72,4700,True,0.0
Placebo,72,4910,True,0.0
Placebo,72,4962,True,0.05851819837674865
Placebo,72,5275,True,0.0
Placebo,72,5671,True,0.1626102287159276
Placebo,72,5683,True,0.16788429622804935
Placebo,72,6067,True,0.5552900549019066
Placebo,72,6378,True,0.2825840361769047
Placebo,72,6495,True,0.4391167591786872
Placebo,72,6868,True,0.2751792665767683
Placebo,72,6880,True,0.25684343890832145
Placebo,72,7144,True,0.22656745688208368
Placebo,72,7413,True,0.16421958630632805
Placebo,72,7526,True,0.0
Placebo,72,7531,True,0.11615302196700909
Placebo,72,7577,True,0.4945861663017205
Placebo,72,7621,True,0.190427462840666
Placebo,72,8198,True,0.24740963585396453
Placebo,72,8442,True,0.6309297535714573
Placebo,72,8452,True,0.3437227327482578
Placebo,72,8476,True,0.2943912418097757
Placebo,72,8541,True,0.1794465836700343
Placebo,72,8802,True,0.08136751219269385
Placebo,72,8816,True,0.20543178675134385
Placebo,72,8852,True,0.0
Placebo,72,9099,True,0.053368457452889664
Placebo,72,9479,True,0.06718247775149597
Placebo,72,9625,False,0.0
Placebo,72,96,True,0.0
Placebo,72,171,True,0.5380304412909913
Placebo,72,328,True,0.0
Placebo,72,387,True,0.06012983951359326
Placebo,72,754,False,0.0
Placebo,72,983,True,0.2643817126056943
Placebo,72,1039,True,0.3292442704932508
Placebo,72,1098,True,0.01841593497863358
Placebo,72,1120,True,0.31097942463693
Placebo,72,1275,True,0.16261284398666795
Placebo,72,1343,True,0.2883820513943217
Placebo,72,1483,True,0.13693994781410615
Placebo,72,2005,True,0.06493750582667032
Placebo,72,2048,True,0.19566053142912945
Placebo,72,2379,True,0.4600874016925276
Placebo,72,2516,True,0.3044430560606255
Placebo,72,2601,True,0.2344065099232998
Placebo,72,3210,True,0.09146951615211071
Placebo,72,3601,True,0.0
Placebo,72,3729,True,0.2996484034259831
Placebo,72,3832,True,0.1243422521309587
Placebo,72,4104,True,0.5169680896522443
Placebo,72,4286,True,0.34690855895016964
Placebo,72,4329,True,0.1545743395783983
Placebo,72,4553,True,0.20623562507535922
Placebo,72,4790,True,0.0
Placebo,72,4844,True,0.0
Placebo,72,4994,True,0.04620639110737861
Placebo,72,5020,True,0.6379198892695296
Placebo,72,5293,True,0.14951771144329154
Placebo,72,5338,True,0.5979139551764447
Placebo,72,5343,True,0.49428616489585947
Placebo,72,5464,True,0.30637875169839035
Placebo,72,5560,True,0.26252306687842386
Placebo,72,5719,True,0.20115672357262857
Placebo,72,6055,True,0.0543026559841585
Placebo,72,6121,True,0.2825760695189975
Placebo,72,6128,True,0.0
Placebo,72,6197,True,0.10545335794372665
Placebo,72,6336,True,0.4618322637678139
Placebo,72,6577,True,0.4023110955830929
Placebo,72,6717,True,0.0
Placebo,72,6906,False,0.0
Placebo,72,8550,True,0.0
Placebo,72,8576,True,0.25132905402924044
Placebo,72,8790,False,0.0
Placebo,72,8840,True,0.0
Placebo,72,8878,True,0.3341631022669104
Placebo,72,9337,True,0.19652071083442257
Placebo,72,9501,True,0.43467712100921224
Placebo,72,9512,False,0.0
Placebo,72,45,True,0.0
Placebo,72,199,True,0.0
Placebo,72,458,True,0.48477315068294174
Placebo,72,564,True,0.6644983563032922
Placebo,72,717,True,0.12490788650658134
Placebo,72,1109,True,0.28418003370751843
Placebo,72,1576,True,0.0
Placebo,72,1711,True,0.0
Placebo,72,1868,False,0.0
Placebo,72,1942,True,0.15864438539570594
Placebo,72,2001,True,0.2205497420397401
Placebo,72,2217,True,0.11011753292369394
Placebo,72,2354,True,0.16337279002687294
Placebo,72,2761,True,0.11875628599054346
Placebo,72,2980,True,0.1480409554829327
Placebo,72,3021,True,0.1137450683926103
Placebo,72,3030,True,0.0
Placebo,72,3046,True,0.13526704758370509
Placebo,72,3050,True,0.5811379274630158
Placebo,72,3288,True,0.15666493070693877
Placebo,72,3302,True,0.010523391416362044
Placebo,72,3794,True,0.25566506900398484
Placebo,72,3920,True,0.16702572233210786
Placebo,72,3965,True,0.5637884576902256
Placebo,72,4193,True,0.14656879505245024
Placebo,72,4294,True,0.0
Placebo,72,4383,True,0.5575474776811388
Placebo,72,4474,True,0.0
Placebo,72,5068,True,0.2462273695395995
Placebo,72,5258,True,0.047652321805873074
Placebo,72,5306,True,0.48441621191470047
Placebo,72,5323,True,0.467062971582354
Placebo,72,5421,True,0.6266800439649756
Placebo,72,5766,True,0.4535596876393479
Placebo,72,5877,True,0.22955570683288998
Placebo,72,5887,True,0.2223067362779289
Placebo,72,6126,True,0.0
Placebo,72,6190,True,0.7214488969620223
Placebo,72,6224,True,0.24102935604380926
Placebo,72,6465,True,0.0
Placebo,72,6853,True,0.04018009264032398
Placebo,72,6949,True,0.5060720227621432
Placebo,72,7107,True,0.09241278221475722
Placebo,72,7240,False,0.0
Placebo,72,7937,True,0.3539782301305115
Placebo,72,8015,True,0.25639996673230847
Placebo,72,8066,True,0.0
Placebo,72,8202,True,0.33083278705141034
Placebo,72,8321,True,0.1621192996016231
Placebo,72,9222,True,0.0
Placebo,72,9453,True,0.3249848484106969
Placebo,72,73,True,0.5562764218737374
Placebo,72,390,True,0.438845215723216
Placebo,72,424,True,0.26165413562650996
Placebo,72,715,True,0.40034688320494105
Placebo,72,915,True,0.0
Placebo,72,1579,True,0.07187006452250423
Placebo,72,1643,True,0.10861750945625488
Placebo,72,1679,True,0.21292393674521928
Placebo,72,1982,True,0.2200917662980802
Placebo,72,2027,True,0.5019559953077044
Placebo,72,2211,True,0.18809346402717642
Placebo,72,2228,True,0.11364840563916434
Placebo,72,2352,True,0.0
Placebo,72,2520,True,0.2553582006248351
Placebo,72,2573,True,0.17318663334822615
Placebo,72,2630,True,0.34256938713892826
Placebo,72,2666,True,0.31683702827617866
Placebo,72,2745,True,0.12384715872703171
Placebo,72,3149,True,0.06673768929853467
Placebo,72,3369,True,0.32677652994711354
Placebo,72,3617,True,0.08421358772610593
Placebo,72,3862,True,0.0
Placebo,72,4124,True,0.3078412239305242
Placebo,72,4218,True,0.25609758814327543
Placebo,72,4268,True,0.6442227883107536
Placebo,72,4452,False,0.0
Placebo,72,4522,True,0.23779044764491863
Placebo,72,4784,True,0.4806857521258981
Placebo,72,5139,True,0.0
Placebo,72,5438,True,0.034019538049805724
Placebo,72,5565,True,0.10926548857164478
Placebo,72,5684,True,0.1612822793138096
Placebo,72,5775,True,0.07945707943276738
Placebo,72,6110,True,0.20986349433821003
Placebo,72,6488,True,0.06653004412467982
Placebo,72,6590,True,0.5608199540752195
Placebo,72,6793,True,0.39587883165527615
Placebo,72,7090,True,0.0
Placebo,72,7112,True,0.330417763772725
Placebo,72,7167,True,0.4685012911987286
Placebo,72,7287,True,0.5986668485877253
Placebo,72,7370,True,0.08189192304320027
Placebo,72,7547,True,0.0
Placebo,72,7589,True,0.0
Placebo,72,7622,True,0.2181684636982484
Placebo,72,7640,False,0.0
Placebo,72,7757,True,0.2139018786455041
Placebo,72,8162,True,0.45166695102760324
Placebo,72,8508,True,0.13905617951077567
Placebo,72,8597,True,0.2922341848689557
Placebo,72,8771,True,0.0
Placebo,72,288,True,0.41887912090630497
Placebo,72,635,True,0.25788510210742593
Placebo,72,654,True,0.40648030304322513
Placebo,72,699,True,0.1812516470728545
Placebo,72,743,True,0.586657812514797
Placebo,72,946,True,0.0
Placebo,72,976,True,0.0
Placebo,72,1144,True,0.5770599813265219
Placebo,72,1187,True,0.4274924272709471
Placebo,72,1384,True,0.13640030785450777
Placebo,72,1415,True,0.264707318960446
Placebo,72,1443,True,0.057959913024345
Placebo,72,1629,True,0.0
Placebo,72,1684,True,0.22596175094486826
Placebo,72,1802,True,0.08473553200699402
Placebo,72,1914,True,0.5388960313159715
Placebo,72,2046,True,0.4499509070898147
Placebo,72,2071,True,0.11748466885177561
Placebo,72,2340,True,0.10206822512419472
Placebo,72,2749,True,0.4791659572096728
Placebo,72,3517,True,0.47702099631992845
Placebo,72,3758,True,0.1666934025033272
Placebo,72,4110,True,0.31552505003139447
Placebo,72,4111,True,0.0
Placebo,72,4144,True,0.39177461882152065
Placebo,72,5021,True,0.0
Placebo,72,5032,True,0.3928158799193413
Placebo,72,5096,True,0.0
Placebo,72,5109,True,0.5318103940994758
Placebo,72,5114,True,0.0
Placebo,72,5977,True,0.0
Placebo,72,5984,True,0.48327228075393264
Placebo,72,6353,True,0.531721037477013
Placebo,72,6373,True,0.13153495290434045
Placebo,72,6539,True,0.0
Placebo,72,6554,True,0.16987593671482126
Placebo,72,6884,True,0.23463936301137828
Placebo,72,6955,True,0.06045782844570621
Placebo,72,7020,True,0.23815357138863186
Placebo,72,7029,True,0.20456790262150806
Placebo,72,7280,True,0.3054561659856407
Placebo,72,7394,True,0.0
Placebo,72,7795,True,0.32407792484593057
Placebo,72,8108,True,0.0
Placebo,72,8560,True,0.24611612921970585
Placebo,72,8632,True,0.5378027159292945
Placebo,72,8657,True,0.22803998046893909
Placebo,72,8777,True,0.39598071011567176
Placebo,72,9151,True,0.15188188817602324
Placebo,72,9609,True,0.48576600578738915
Placebo,73,102,True,0.2684051702085754
Placebo,73,314,True,0.5054798543936659
Placebo,73,1068,True,0.3855062511604044
Placebo,73,1525,True,0.19105429178330713
Placebo,73,1795,True,0.45939399670770287
Placebo,73,1929,True,0.32444261225673154
Placebo,73,1931,True,0.0
Placebo,73,1991,True,0.2141496473486676
Placebo,73,2528,True,0.1654852810357869
Placebo,73,2697,True,0.2641400331850027
Placebo,73,2834,True,0.5409484886971099
Placebo,73,2845,True,0.20135724184377263
Placebo,73,3031,True,0.13395479159814924
Placebo,73,3250,True,0.0
Placebo,73,3308,True,0.4069500243968366
Placebo,73,3402,True,0.27995245311662903
Placebo,73,3426,True,0.265568488469689
Placebo,73,3449,True,0.47833923236094134
Placebo,73,3756,True,0.3965444075667168
Placebo,73,4141,True,0.5183409805248399
Placebo,73,4210,True,0.2964939124789055
Placebo,73,4516,True,0.0571330479527911
Placebo,73,4692,True,0.1000130716141717
Placebo,73,4700,True,0.0
Placebo,73,4910,True,0.0
Placebo,73,4962,True,0.10644692083071636
Placebo,73,5275,True,0.1850026347511498
Placebo,73,5671,True,0.46527908389605727
Placebo,73,5683,True,0.0776895369576595
Placebo,73,6067,True,0.2971916272503239
Placebo,73,6378,True,0.536352683737615
Placebo,73,6495,True,0.26621163166460676
Placebo,73,6868,True,0.41126348155845205
Placebo,73,6880,True,0.32149616226344446
Placebo,73,7144,True,0.25580393968382487
Placebo,73,7413,True,0.09478836436955075
Placebo,73,7526,True,0.0
Placebo,73,7531,True,0.17261732769135496
Placebo,73,7577,True,0.3401498242217839
Placebo,73,7621,True,0.3373367619721113
Placebo,73,8198,True,0.5105181717571526
Placebo,73,8442,True,0.0
Placebo,73,8452,True,0.32519424537439473
Placebo,73,8476,True,0.34261467103530496
Placebo,73,8541,True,0.40212536168911445
Placebo,73,8802,True,0.06181086786050318
Placebo,73,8816,True,0.08478905019642406
Placebo,73,8852,True,0.5205067333228023
Placebo,73,9099,True,0.06452577150984494
Placebo,73,9479,True,0.18066994555709062
Placebo,73,9625,False,0.0
Placebo,73,96,True,0.0
Placebo,73,171,True,0.21068217498474476
Placebo,73,328,True,0.0
Placebo,73,387,True,0.06425604298318159
Placebo,73,754,False,0.0
Placebo,73,983,True,0.4309419252513751
Placebo,73,1039,True,0.3366598349477503
Placebo,73,1098,True,0.34419783508194457
Placebo,73,1120,True,0.4175089291799934
Placebo,73,1275,True,0.2075022765495889
Placebo,73,1343,True,0.16421958630632805
Placebo,73,1483,True,0.207808723593793
Placebo,73,2005,True,0.07839826897867538
Placebo,73,2048,True,0.13116650549455303
Placebo,73,2379,True,0.5467445497312027
Placebo,73,2516,True,0.2288281848791404
Placebo,73,2601,True,0.4647868851843299
Placebo,73,3210,True,0.30650251718976806
Placebo,73,3601,True,0.18457569677956798
Placebo,73,3729,True,0.15121022044172427
Placebo,73,3832,True,0.4383954273913069
Placebo,73,4104,True,0.3839047066346384
Placebo,73,4286,True,0.21778153248453108
Placebo,73,4329,True,0.3663327579723387
Placebo,73,4553,True,0.14074267220463055
Placebo,73,4790,True,0.2463023887407299
Placebo,73,4844,True,0.0
Placebo,73,4994,True,0.1683107598607649
Placebo,73,5020,True,0.5011383755614298
Placebo,73,5293,True,0.15763177071902085
Placebo,73,5338,True,0.6253131934811784
Placebo,73,5343,True,0.2507037540226365
Placebo,73,5464,True,0.15214659244522613
Placebo,73,5560,True,0.28739477965074545
Placebo,73,5719,True,0.12677867936906678
Placebo,73,6055,True,0.32786324714162723
Placebo,73,6121,True,0.4986386892214831
Placebo,73,6128,True,0.07335572242158643
Placebo,73,6197,True,0.26748594848285556
Placebo,73,6336,True,0.4983039653033128
Placebo,73,6577,True,0.23336066577481188
Placebo,73,6717,True,0.0
Placebo,73,6906,False,0.0
Placebo,73,8550,True,0.0
Placebo,73,8576,True,0.5920440024672159
Placebo,73,8790,False,0.0
Placebo,73,8840,True,0.0
Placebo,73,8878,True,0.5995311664203286
Placebo,73,9337,True,0.0
Placebo,73,9501,True,0.1509940634564722
Placebo,73,9512,False,0.0
Placebo,73,45,True,0.0
Placebo,73,199,True,0.0
Placebo,73,458,True,0.30786396875969757
Placebo,73,564,True,0.6930748980279239
Placebo,73,717,True,0.0
Placebo,73,1109,True,0.44600528183556415
Placebo,73,1576,True,0.19524938762920607
Placebo,73,1711,True,0.0
Placebo,73,1868,False,0.0
Placebo,73,1942,True,0.36061860205774904
Placebo,73,2001,True,0.054446697840052224
Placebo,73,2217,True,0.0
Placebo,73,2354,True,0.17236740644084628
Placebo,73,2761,True,0.0
Placebo,73,2980,True,0.0
Placebo,73,3021,True,0.05109165667032166
Placebo,73,3030,True,0.0
Placebo,73,3046,True,0.16397129791404771
Placebo,73,3050,True,0.4448611979957074
Placebo,73,3288,True,0.4104435539217089
Placebo,73,3302,True,0.207808723593793
Placebo,73,3794,True,0.0721710575196178
Placebo,73,3920,True,0.37680833817201315
Placebo,73,3965,True,0.38431135260440824
Placebo,73,4193,True,0.3067532254883856
Placebo,73,4294,True,0.06946837613224666
Placebo,73,4383,True,0.5594139898830166
Placebo,73,4474,True,0.0
Placebo,73,5068,True,0.38498265251474983
Placebo,73,5258,True,0.044399369745528
Placebo,73,5306,True,0.3768533667947708
Placebo,73,5323,True,0.511550149424221
Placebo,73,5421,True,0.5772871697891991
Placebo,73,5766,True,0.5884412697383585
Placebo,73,5877,True,0.19536912568792625
Placebo,73,5887,True,0.34715846278381096
Placebo,73,6126,True,0.0
Placebo,73,6190,True,0.6358254695727091
Placebo,73,6224,True,0.39267255829341896
Placebo,73,6465,True,0.0
Placebo,73,6853,True,0.3118300188740513
Placebo,73,6949,True,0.5942220760638578
Placebo,73,7107,True,0.15660666518710234
Placebo,73,7240,False,0.0
Placebo,73,7937,True,0.5255567483964328
Placebo,73,8015,True,0.07945707943276738
Placebo,73,8066,True,0.0
Placebo,73,8202,True,0.527983932023775
Placebo,73,8321,True,0.3822646887525321
Placebo,73,9222,True,0.0
Placebo,73,9453,True,0.31704875179152914
Placebo,73,73,True,0.292131454408919
Placebo,73,390,True,0.5585775257459124
Placebo,73,424,True,0.36417417493582804
Placebo,73,715,True,0.44890975858806276
Placebo,73,915,True,0.0
Placebo,73,1579,True,0.0
Placebo,73,1643,True,0.5615443777322888
Placebo,73,1679,True,0.3289360286679093
Placebo,73,1982,True,0.1388624438735545
Placebo,73,2027,True,0.21964686745336073
Placebo,73,2211,True,0.15556974829149348
Placebo,73,2228,True,0.23862458225497685
Placebo,73,2352,True,0.0
Placebo,73,2520,True,0.41123906524179416
Placebo,73,2573,True,0.0
Placebo,73,2630,True,0.5581691399245823
Placebo,73,2666,True,0.23796135924578535
Placebo,73,2745,True,0.0969849743174359
Placebo,73,3149,True,0.14447508722676058
Placebo,73,3369,True,0.3227669808751524
Placebo,73,3617,True,0.28624373957323174
Placebo,73,3862,True,0.0
Placebo,73,4124,True,0.3857635491423528
Placebo,73,4218,True,0.28158973124970577
Placebo,73,4268,True,0.6367352388256852
Placebo,73,4452,False,0.0
Placebo,73,4522,True,0.3817524471534169
Placebo,73,4784,True,0.34682568946138737
Placebo,73,5139,True,0.3868528072345415
Placebo,73,5438,True,0.4936967061210312
Placebo,73,5565,True,0.11774782319732524
Placebo,73,5684,True,0.19510205760495802
Placebo,73,5775,True,0.0
Placebo,73,6110,True,0.07491210085649577
Placebo,73,6488,True,0.33406774000854556
Placebo,73,6590,True,0.2617147415038183
Placebo,73,6793,True,0.11706259313796355
Placebo,73,7090,True,0.09617772692883561
Placebo,73,7112,True,0.0
Placebo,73,7167,True,0.4488187878574569
Placebo,73,7287,True,0.29119937786964306
Placebo,73,7370,True,0.14061109204751876
Placebo,73,7547,True,0.0
Placebo,73,7589,True,0.0
Placebo,73,7622,True,0.14324543733110823
Placebo,73,7640,False,0.0
Placebo,73,7757,True,0.10137115429204684
Placebo,73,8162,True,0.5487942439603738
Placebo,73,8508,True,0.1681275362711174
Placebo,73,8597,True,0.22515108090433364
Placebo,73,8771,True,0.0
Placebo,73,288,True,0.5513932018183166
Placebo,73,635,True,0.19961799344740538
Placebo,73,654,True,0.22612456481920104
Placebo,73,699,True,0.4580780908003987
Placebo,73,743,True,0.3209906110483894
Placebo,73,946,True,0.0
Placebo,73,976,True,0.0
Placebo,73,1144,True,0.5951240953241917
Placebo,73,1187,True,0.47178320360539
Placebo,73,1384,True,0.21932892507363963
Placebo,73,1415,True,0.36445254331658483
Placebo,73,1443,True,0.4387640961866221
Placebo,73,1629,True,0.0
Placebo,73,1684,True,0.18316648223222268
Placebo,73,1802,True,0.1775974789821119
Placebo,73,1914,True,0.48385687102354247
Placebo,73,2046,True,0.0
Placebo,73,2071,True,0.0
Placebo,73,2340,True,0.04330890684638207
Placebo,73,2749,True,0.19969728153887398
Placebo,73,3517,True,0.45414537347017947
Placebo,73,3758,True,0.13624413597749338
Placebo,73,4110,True,0.2678944128711632
Placebo,73,4111,True,0.0
Placebo,73,4144,True,0.22449144393202508
Placebo,73,5021,True,0.1200743006121955
Placebo,73,5032,True,0.4368491942415457
Placebo,73,5096,True,0.038356439954196984
Placebo,73,5109,True,0.5327390682979394
Placebo,73,5114,True,0.08228688650337697
Placebo,73,5977,True,0.0
Placebo,73,5984,True,0.7004948809609117
Placebo,73,6353,True,0.629054425143803
Placebo,73,6373,True,0.15011866325607978
Placebo,73,6539,True,0.0
Placebo,73,6554,True,0.4200101084627866
Placebo,73,6884,True,0.1815417925373527
Placebo,73,6955,True,0.05398557328145317
Placebo,73,7020,True,0.46660110665932997
Placebo,73,7029,True,0.1304871503785851
Placebo,73,7280,True,0.2036534145871858
Placebo,73,7394,True,0.08097835992217972
Placebo,73,7795,True,0.5835294768607883
Placebo,73,8108,True,0.25025100918854803
Placebo,73,8560,True,0.13755680351764804
Placebo,73,8632,True,0.40348192648457876
Placebo,73,8657,True,0.13305201013572893
Placebo,73,8777,True,0.37011170582769626
Placebo,73,9151,True,0.6685678694703658
Placebo,73,9609,True,0.2724956570722067
Placebo,74,102,True,0.3663327579723387
Placebo,74,314,True,0.47306630583825837
Placebo,74,1068,True,0.2937656907058107
Placebo,74,1525,True,0.20638383834741472
Placebo,74,1795,True,0.2186549670055012
Placebo,74,1929,True,0.15396012489590843
Placebo,74,1931,True,0.0
Placebo,74,1991,True,0.27054719663650123
Placebo,74,2528,True,0.3903963683014147
Placebo,74,2697,True,0.2583371993261007
Placebo,74,2834,True,0.4975066784785748
Placebo,74,2845,True,0.17136269065036203
Placebo,74,3031,True,0.0855826647136176
Placebo,74,3250,True,0.0
Placebo,74,3308,True,0.6206665217304219
Placebo,74,3402,True,0.057959913024345
Placebo,74,3426,True,0.12465064631191834
Placebo,74,3449,True,0.29573695713944764
Placebo,74,3756,True,0.45308953967008875
Placebo,74,4141,True,0.4623859574895085
Placebo,74,4210,True,0.2221284995100044
Placebo,74,4516,True,0.23108305548700261
Placebo,74,4692,True,0.10861750945625488
Placebo,74,4700,True,0.0
Placebo,74,4910,True,0.3243991050595312
Placebo,74,4962,True,0.12669074888309206
Placebo,74,5275,True,0.4257814466140453
Placebo,74,5671,True,0.3261409008069706
Placebo,74,5683,True,0.17806915746298954
Placebo,74,6067,True,0.31573839310482865
Placebo,74,6378,True,0.4231705852006171
Placebo,74,6495,True,0.5896894131463987
Placebo,74,6868,True,0.23898461699519924
Placebo,74,6880,True,0.5153062881177923
Placebo,74,7144,True,0.09513045393639914
Placebo,74,7413,True,0.08514311764162101
Placebo,74,7526,True,0.14126697285982884
Placebo,74,7531,True,0.0
Placebo,74,7577,True,0.07463008958064667
Placebo,74,7621,True,0.1923453855187731
Placebo,74,8198,True,0.11227410436015113
Placebo,74,8442,True,0.5
Placebo,74,8452,True,0.3944283143929925
Placebo,74,8476,True,0.3307642174382819
Placebo,74,8541,True,0.15626455761077318
Placebo,74,8802,True,0.16466816363856054
Placebo,74,8816,True,0.1161743738862708
Placebo,74,8852,True,0.11751610475642699
Placebo,74,9099,True,0.04510157879202123
Placebo,74,9479,True,0.0
Placebo,74,9625,False,0.0
Placebo,74,96,True,0.1934264036172709
Placebo,74,171,True,0.3418095053441589
Placebo,74,328,True,0.0
Placebo,74,387,True,0.0
Placebo,74,754,False,0.0
Placebo,74,983,True,0.5488113570839712
Placebo,74,1039,True,0.4732769238839725
Placebo,74,1098,True,0.1562511201353609
Placebo,74,1120,True,0.11054156733035042
Placebo,74,1275,True,0.2921409705378865
Placebo,74,1343,True,0.06362078819895167
Placebo,74,1483,True,0.20471248409841
Placebo,74,2005,True,0.3075337910872389
Placebo,74,2048,True,0.460333732670383
Placebo,74,2379,True,0.43879094906527766
Placebo,74,2516,True,0.41853329652363924
Placebo,74,2601,True,0.19746274796808796
Placebo,74,3210,True,0.12248568453418994
Placebo,74,3601,True,0.5
Placebo,74,3729,True,0.37263330668819505
Placebo,74,3832,True,0.2851894141058139
Placebo,74,4104,True,0.4483338918910863
Placebo,74,4286,True,0.27094096381942456
Placebo,74,4329,True,0.08514311764162101
Placebo,74,4553,True,0.217507058497769
Placebo,74,4790,True,0.29007579773858094
Placebo,74,4844,True,0.2903914053363023
Placebo,74,4994,True,0.0
Placebo,74,5020,True,0.43612646363750707
Placebo,74,5293,True,0.09292161417278148
Placebo,74,5338,True,0.4060482393207464
Placebo,74,5343,True,0.2002555948405783
Placebo,74,5464,True,0.18239590692174096
Placebo,74,5560,True,0.3112788387993471
Placebo,74,5719,True,0.1442056540771247
Placebo,74,6055,True,0.28683643937149605
Placebo,74,6121,True,0.3796025655833152
Placebo,74,6128,True,0.19972608261165065
Placebo,74,6197,True,0.06625422345438896
Placebo,74,6336,True,0.3109519317218108
Placebo,74,6577,True,0.18041907453086778
Placebo,74,6717,True,0.0
Placebo,74,6906,False,0.0
Placebo,74,8550,True,0.0
Placebo,74,8576,True,0.33564812595955296
Placebo,74,8790,False,0.0
Placebo,74,8840,True,0.0
Placebo,74,8878,True,0.0
Placebo,74,9337,True,0.0
Placebo,74,9501,True,0.49745524047362494
Placebo,74,9512,False,0.0
Placebo,74,45,True,0.14074267220463055
Placebo,74,199,True,0.2357062666860097
Placebo,74,458,True,0.2290004172809953
Placebo,74,564,True,0.836670336895054
Placebo,74,717,True,0.0
Placebo,74,1109,True,0.4353025131732125
Placebo,74,1576,True,0.10232684867015737
Placebo,74,1711,True,0.0
Placebo,74,1868,False,0.0
Placebo,74,1942,True,0.26026908444059854
Placebo,74,2001,True,0.4319392356145303
Placebo,74,2217,True,0.1305569638500157
Placebo,74,2354,True,0.37017375768496225
Placebo,74,2761,True,0.10934867679127507
Placebo,74,2980,True,0.3295827480202854
Placebo,74,3021,True,0.23170768250378493
Placebo,74,3030,True,0.0
Placebo,74,3046,True,0.16077097462508175
Placebo,74,3050,True,0.49128875415507267
Placebo,74,3288,True,0.24509232957551663
Placebo,74,3302,True,0.2975592231954679
Placebo,74,3794,True,0.06099161925558509
Placebo,74,3920,True,0.27944875181123857
Placebo,74,3965,True,0.1610425878239397
Placebo,74,4193,True,0.3630686775030745
Placebo,74,4294,True,0.3226011484953325
Placebo,74,4383,True,0.5024028961369474
Placebo,74,4474,True,0.2974199648933038
Placebo,74,5068,True,0.0
Placebo,74,5258,True,0.14074267220463055
Placebo,74,5306,True,0.43207657110458486
Placebo,74,5323,True,0.7406179576069988
Placebo,74,5421,True,0.46818960590052416
Placebo,74,5766,True,0.30468265222151675
Placebo,74,5877,True,0.0
Placebo,74,5887,True,0.08421358772610593
Placebo,74,6126,True,0.38685280723454163
Placebo,74,6190,True,0.492977292387273
Placebo,74,6224,True,0.3589542101716347
Placebo,74,6465,True,0.0
Placebo,74,6853,True,0.3404814939044572
Placebo,74,6949,True,0.7252340186910957
Placebo,74,7107,True,0.13994285928213976
Placebo,74,7240,False,0.0
Placebo,74,7937,True,0.3514882307110012
Placebo,74,8015,True,0.2528847364210068
Placebo,74,8066,True,0.0
Placebo,74,8202,True,0.3574605694682811
Placebo,74,8321,True,0.379846935018639
Placebo,74,9222,True,0.0
Placebo,74,9453,True,0.7354730291118252
Placebo,74,73,True,0.3250586707951466
Placebo,74,390,True,0.44453510306208044
Placebo,74,424,True,0.33147321747526665
Placebo,74,715,True,0.21763856369232717
Placebo,74,915,True,0.13845947314613827
Placebo,74,1579,True,0.0
Placebo,74,1643,True,0.17714752793103528
Placebo,74,1679,True,0.25884446129917976
Placebo,74,1982,True,0.06943122193677731
Placebo,74,2027,True,0.28279933917410655
Placebo,74,2211,True,0.18809346402717642
Placebo,74,2228,True,0.08210979315316402
Placebo,74,2352,True,0.0
Placebo,74,2520,True,0.41016277205128243
Placebo,74,2573,True,0.1610425878239397
Placebo,74,2630,True,0.7711820077100174
Placebo,74,2666,True,0.29508240833352933
Placebo,74,2745,True,0.1170887918566387
Placebo,74,3149,True,0.26806568729732966
Placebo,74,3369,True,0.37949778559468733
Placebo,74,3617,True,0.12983177566161738
Placebo,74,3862,True,0.0
Placebo,74,4124,True,0.434106966054817
Placebo,74,4218,True,0.15620221383346872
Placebo,74,4268,True,0.9305687780632227
Placebo,74,4452,False,0.0
Placebo,74,4522,True,0.08879873949105595
Placebo,74,4784,True,0.6486508039759545
Placebo,74,5139,True,0.0
Placebo,74,5438,True,0.21610346026444008
Placebo,74,5565,True,0.0
Placebo,74,5684,True,0.3622469773415442
Placebo,74,5775,True,0.09162544430476369
Placebo,74,6110,True,0.26867145977917223
Placebo,74,6488,True,0.0
Placebo,74,6590,True,0.29709989939103804
Placebo,74,6793,True,0.24676163983887406
Placebo,74,7090,True,0.5284728827224909
Placebo,74,7112,True,0.0
Placebo,74,7167,True,0.5945881537553498
Placebo,74,7287,True,0.24599291756452393
Placebo,74,7370,True,0.26800755824215833
Placebo,74,7547,True,0.0
Placebo,74,7589,True,0.0
Placebo,74,7622,True,0.3145675053340316
Placebo,74,7640,False,0.0
Placebo,74,7757,True,0.20874433741802878
Placebo,74,8162,True,0.609347307109228
Placebo,74,8508,True,0.0
Placebo,74,8597,True,0.30234916847779925
Placebo,74,8771,True,0.0
Placebo,74,288,True,0.5985591307011615
Placebo,74,635,True,0.2503071263200384
Placebo,74,654,True,0.23896485324324318
Placebo,74,699,True,0.1646757578864616
Placebo,74,743,True,0.26715656575497204
Placebo,74,946,True,0.0
Placebo,74,976,True,0.29435284055106187
Placebo,74,1144,True,0.7705323752564447
Placebo,74,1187,True,0.6376367121694617
Placebo,74,1384,True,0.07465450324353455
Placebo,74,1415,True,0.4266929456847883
Placebo,74,1443,True,0.2392484704505681
Placebo,74,1629,True,0.0
Placebo,74,1684,True,0.0
Placebo,74,1802,True,0.22792523016142163
Placebo,74,1914,True,0.4770944586286456
Placebo,74,2046,True,0.0
Placebo,74,2071,True,0.17714752793103516
Placebo,74,2340,True,0.48121195699650743
Placebo,74,2749,True,0.3797068749615745
Placebo,74,3517,True,0.5464499314792884
Placebo,74,3758,True,0.08672104027504737
Placebo,74,4110,True,0.2367460284110084
Placebo,74,4111,True,0.15130120674940675
Placebo,74,4144,True,0.2982079421798072
Placebo,74,5021,True,0.0
Placebo,74,5032,True,0.23160628230426153
Placebo,74,5096,True,0.0
Placebo,74,5109,True,0.6215489466423845
Placebo,74,5114,True,0.3244354738358675
Placebo,74,5977,True,0.0
Placebo,74,5984,True,0.14736746198336687
Placebo,74,6353,True,0.49128562640869555
Placebo,74,6373,True,0.21875699807933616
Placebo,74,6539,True,0.0
Placebo,74,6554,True,0.12514499985443744
Placebo,74,6884,True,0.20210734650054754
Placebo,74,6955,True,0.12744111026842678
Placebo,74,7020,True,0.5076287593897447
Placebo,74,7029,True,0.2200917662980802
Placebo,74,7280,True,0.34093199044118694
Placebo,74,7394,True,0.09556982176532462
Placebo,74,7795,True,0.27727532587854087
Placebo,74,8108,True,0.19229688620688043
Placebo,74,8560,True,0.34842639964266053
Placebo,74,8632,True,0.2692384104482702
Placebo,74,8657,True,0.43142161955307357
Placebo,74,8777,True,0.5473941821847754
Placebo,74,9151,True,0.13954912232250982
Placebo,74,9609,True,0.24364630388966568
Placebo,75,102,True,0.3272229801054638
Placebo,75,314,True,0.508664293130468
Placebo,75,1068,True,0.38869043383655216
Placebo,75,1525,True,0.41612150957029403
Placebo,75,1795,True,0.4171268466191773
Placebo,75,1929,True,0.5767280259436265
Placebo,75,1931,True,0.0
Placebo,75,1991,True,0.20395301901483728
Placebo,75,2528,True,0.4772153428819387
Placebo,75,2697,True,0.7021819137916215
Placebo,75,2834,True,0.4736618617180618
Placebo,75,2845,True,0.1446818936100015
Placebo,75,3031,True,0.2931911109616115
Placebo,75,3250,True,0.1100458831490401
Placebo,75,3308,True,0.3053186956457781
Placebo,75,3402,True,0.1394378723663407
Placebo,75,3426,True,0.0
Placebo,75,3449,True,0.4449145737098074
Placebo,75,3756,True,0.4432114044080986
Placebo,75,4141,True,0.30313251334748736
Placebo,75,4210,True,0.26469612379831264
Placebo,75,4516,True,0.19381852746204542
Placebo,75,4692,True,0.09359072962204817
Placebo,75,4700,True,0.0
Placebo,75,4910,True,0.3333333333333335
Placebo,75,4962,True,0.0
Placebo,75,5275,True,0.1591700755933713
Placebo,75,5671,True,0.12621585579067413
Placebo,75,5683,True,0.06219294124838742
Placebo,75,6067,True,0.44332143578186245
Placebo,75,6378,True,0.3433575915491296
Placebo,75,6495,True,0.4904664476351369
Placebo,75,6868,True,0.37047061214730725
Placebo,75,6880,True,0.37457285403721485
Placebo,75,7144,True,0.05013355137207789
Placebo,75,7413,True,0.3836331529183766
Placebo,75,7526,True,0.0
Placebo,75,7531,True,0.0735502776341351
Placebo,75,7577,True,0.0
Placebo,75,7621,True,0.1505980640258521
Placebo,75,8198,True,0.35433247253418104
Placebo,75,8442,True,0.0
Placebo,75,8452,True,0.348012309718314
Placebo,75,8476,True,0.3332123596013182
Placebo,75,8541,True,0.39814315207181455
Placebo,75,8802,True,0.2886525711807741
Placebo,75,8816,True,0.3622461689748277
Placebo,75,8852,True,0.1681275362711174
Placebo,75,9099,True,0.06452577150984494
Placebo,75,9479,True,0.1791624233515641
Placebo,75,9625,False,0.0
Placebo,75,96,True,0.0
Placebo,75,171,True,0.685586742115839
Placebo,75,328,True,0.20210734650054754
Placebo,75,387,True,0.0
Placebo,75,754,False,0.0
Placebo,75,983,True,0.4066121000154686
Placebo,75,1039,True,0.44693239310042654
Placebo,75,1098,True,0.30810527724134135
Placebo,75,1120,True,0.05467433839563753
Placebo,75,1275,True,0.2933125309737692
Placebo,75,1343,True,0.3827228533632141
Placebo,75,1483,True,0.21462803235584518
Placebo,75,2005,True,0.26395604724926675
Placebo,75,2048,True,0.08136751219269385
Placebo,75,2379,True,0.4751445861309771
Placebo,75,2516,True,0.40441116655152004
Placebo,75,2601,True,0.19018932622091278
Placebo,75,3210,True,0.31828305107073507
Placebo,75,3601,True,0.23719771276929624
Placebo,75,3729,True,0.09370441574397437
Placebo,75,3832,True,0.18800544330587546
Placebo,75,4104,True,0.2741514319905383
Placebo,75,4286,True,0.22250897158347116
Placebo,75,4329,True,0.07839826897867538
Placebo,75,4553,True,0.12122913927828413
Placebo,75,4790,True,0.11751610475642699
Placebo,75,4844,True,0.3391602052736161
Placebo,75,4994,True,0.15660666518710234
Placebo,75,5020,True,0.6133798812550219
Placebo,75,5293,True,0.1547334375736554
Placebo,75,5338,True,0.591372116414825
Placebo,75,5343,True,0.4777720832174647
Placebo,75,5464,True,0.10527982729515885
Placebo,75,5560,True,0.29235514906529303
Placebo,75,5719,True,0.31381608409583467
Placebo,75,6055,True,0.386984585640909
Placebo,75,6121,True,0.14868474180726787
Placebo,75,6128,True,0.08832909120999337
Placebo,75,6197,True,0.28634598975246917
Placebo,75,6336,True,0.45638785560038736
Placebo,75,6577,True,0.4582166654604718
Placebo,75,6717,True,0.0
Placebo,75,6906,False,0.0
Placebo,75,8550,True,0.0
Placebo,75,8576,True,0.4594395547321454
Placebo,75,8790,False,0.0
Placebo,75,8840,True,0.1934264036172709
Placebo,75,8878,True,0.0
Placebo,75,9337,True,0.0
Placebo,75,9501,True,0.47218276954095717
Placebo,75,9512,False,0.0
Placebo,75,45,True,0.08305152209984393
Placebo,75,199,True,0.0
Placebo,75,458,True,0.6391458531774943
Placebo,75,564,True,0.6947651160602988
Placebo,75,717,True,0.0
Placebo,75,1109,True,0.5898567614509225
Placebo,75,1576,True,0.44918300564317254
Placebo,75,1711,True,0.0
Placebo,75,1868,False,0.0
Placebo,75,1942,True,0.45732672238800876
Placebo,75,2001,True,0.46480396925326084
Placebo,75,2217,True,0.0
Placebo,75,2354,True,0.23692706142741932
Placebo,75,2761,True,0.05467433839563753
Placebo,75,2980,True,0.0
Placebo,75,3021,True,0.0
Placebo,75,3030,True,0.0
Placebo,75,3046,True,0.4858108465075946
Placebo,75,3050,True,0.3795467454157992
Placebo,75,3288,True,0.41159280380499946
Placebo,75,3302,True,0.14397047852848388
Placebo,75,3794,True,0.5223542651231876
Placebo,75,3920,True,0.34247659051830476
Placebo,75,3965,True,0.09665912172007061
Placebo,75,4193,True,0.06993108739817402
Placebo,75,4294,True,0.0
Placebo,75,4383,True,0.23630724771279465
Placebo,75,4474,True,0.0
Placebo,75,5068,True,0.31523168985532435
Placebo,75,5258,True,0.18514204195015851
Placebo,75,5306,True,0.26259575553813463
Placebo,75,5323,True,0.6745574532895305
Placebo,75,5421,True,0.45867467953017793
Placebo,75,5766,True,0.6813029811818108
Placebo,75,5877,True,0.0
Placebo,75,5887,True,0.26052961635324684
Placebo,75,6126,True,0.0
Placebo,75,6190,True,0.6440629180776167
Placebo,75,6224,True,0.45006856411508256
Placebo,75,6465,True,0.0
Placebo,75,6853,True,0.16842717545221186
Placebo,75,6949,True,0.6420292497667849
Placebo,75,7107,True,0.0
Placebo,75,7240,False,0.0
Placebo,75,7937,True,0.47273072343034334
Placebo,75,8015,True,0.0
Placebo,75,8066,True,0.1460683498427064
Placebo,75,8202,True,0.23390122640230654
Placebo,75,8321,True,0.48705074334080195
Placebo,75,9222,True,0.0
Placebo,75,9453,True,0.45382879123695913
Placebo,75,73,True,0.2996484034259831
Placebo,75,390,True,0.3322573269847791
Placebo,75,424,True,0.22358008968550794
Placebo,75,715,True,0.32217121409549754
Placebo,75,915,True,0.0
Placebo,75,1579,True,0.20094002192978333
Placebo,75,1643,True,0.2807721888661444
Placebo,75,1679,True,0.3449358982011659
Placebo,75,1982,True,0.14258922443883718
Placebo,75,2027,True,0.3357717983156287
Placebo,75,2211,True,0.3145337339226392
Placebo,75,2228,True,0.2650746368008731
Placebo,75,2352,True,0.0
Placebo,75,2520,True,0.3811343541220199
Placebo,75,2573,True,0.32206680100457846
Placebo,75,2630,True,0.5659665312868675
Placebo,75,2666,True,0.43035819127707525
Placebo,75,2745,True,0.4920072447965716
Placebo,75,3149,True,0.1659179033637446
Placebo,75,3369,True,0.29347655511217624
Placebo,75,3617,True,0.2395946327817041
Placebo,75,3862,True,0.0
Placebo,75,4124,True,0.4136863525723396
Placebo,75,4218,True,0.3691073423071696
Placebo,75,4268,True,0.6043638287786853
Placebo,75,4452,False,0.0
Placebo,75,4522,True,0.11728556017052548
Placebo,75,4784,True,0.3879877667696685
Placebo,75,5139,True,0.0
Placebo,75,5438,True,0.33043896247482457
Placebo,75,5565,True,0.12929326941735855
Placebo,75,5684,True,0.48635054912523284
Placebo,75,5775,True,0.0
Placebo,75,6110,True,0.19492578050501277
Placebo,75,6488,True,0.2152995698295513
Placebo,75,6590,True,0.09092803061897885
Placebo,75,6793,True,0.5413753343496284
Placebo,75,7090,True,0.11463133603590414
Placebo,75,7112,True,0.0
Placebo,75,7167,True,0.5817105193520657
Placebo,75,7287,True,0.46412852637047075
Placebo,75,7370,True,0.2745114912517734
Placebo,75,7547,True,0.0
Placebo,75,7589,True,0.0821774490341282
Placebo,75,7622,True,0.4146704178811829
Placebo,75,7640,False,0.0
Placebo,75,7757,True,0.1527118721218519
Placebo,75,8162,True,0.49785122492769596
Placebo,75,8508,True,0.1681275362711174
Placebo,75,8597,True,0.29631346269117714
Placebo,75,8771,True,0.0946891255326431
Placebo,75,288,True,0.4847669092613547
Placebo,75,635,True,0.35470488462473465
Placebo,75,654,True,0.1803895185407797
Placebo,75,699,True,0.13715116976643174
Placebo,75,743,True,0.2298985145623046
Placebo,75,946,True,0.0
Placebo,75,976,True,0.0
Placebo,75,1144,True,0.6915462610745842
Placebo,75,1187,True,0.2673620092163216
Placebo,75,1384,True,0.23112318465469692
Placebo,75,1415,True,0.20025559484057834
Placebo,75,1443,True,0.12905154301968988
Placebo,75,1629,True,0.24184399980720736
Placebo,75,1684,True,0.0
Placebo,75,1802,True,0.0
Placebo,75,1914,True,0.5105134983723487
Placebo,75,2046,True,0.28461986942675466
Placebo,75,2071,True,0.0
Placebo,75,2340,True,0.2788757447326814
Placebo,75,2749,True,0.5316339762372311
Placebo,75,3517,True,0.25843825510783774
Placebo,75,3758,True,0.09077394133714942
Placebo,75,4110,True,0.21064145286082164
Placebo,75,4111,True,0.17111103646417067
Placebo,75,4144,True,0.406233474486769
Placebo,75,5021,True,0.19031326377064928
Placebo,75,5032,True,0.2674488655572905
Placebo,75,5096,True,0.18493962889870288
Placebo,75,5109,True,0.3256316105009414
Placebo,75,5114,True,0.0
Placebo,75,5977,True,0.0
Placebo,75,5984,True,0.4260819589282341
Placebo,75,6353,True,0.7331833290326187
Placebo,75,6373,True,0.04662632247987719
Placebo,75,6539,True,0.0
Placebo,75,6554,True,0.30956922968580014
Placebo,75,6884,True,0.0
Placebo,75,6955,True,0.05810971087091437
Placebo,75,7020,True,0.4073664231773364
Placebo,75,7029,True,0.27511470787260023
Placebo,75,7280,True,0.1981467939824327
Placebo,75,7394,True,0.0
Placebo,75,7795,True,0.2295493781801125
Placebo,75,8108,True,0.3570575716509045
Placebo,75,8560,True,0.28803367067795704
Placebo,75,8632,True,0.37091482543740106
Placebo,75,8657,True,0.2920134639501448
Placebo,75,8777,True,0.6561177904501538
Placebo,75,9151,True,0.0
Placebo,75,9609,True,0.26063596531729377
Placebo,76,102,True,0.4951970216979367
Placebo,76,314,True,0.3641824164479938
Placebo,76,1068,True,0.4051282914825695
Placebo,76,1525,True,0.20179660912043718
Placebo,76,1795,True,0.09507135353866225
Placebo,76,1929,True,0.37546044236632503
Placebo,76,1931,True,0.0
Placebo,76,1991,True,0.15095127702464065
Placebo,76,2528,True,0.1577760789272242
Placebo,76,2697,True,0.15189322104459937
Placebo,76,2834,True,0.4634096215040334
Placebo,76,2845,True,0.04565679690686911
Placebo,76,3031,True,0.12330133029000186
Placebo,76,3250,True,0.06943122193677731
Placebo,76,3308,True,0.24352273352778145
Placebo,76,3402,True,0.26091016367442454
Placebo,76,3426,True,0.2363853012861657
Placebo,76,3449,True,0.4524006104638023
Placebo,76,3756,True,0.21338273430389385
Placebo,76,4141,True,0.30247224489405544
Placebo,76,4210,True,0.1532749700109649
Placebo,76,4516,True,0.15646425366254615
Placebo,76,4692,True,0.16384491439173055
Placebo,76,4700,True,0.11866443082840714
Placebo,76,4910,True,0.3333333333333335
Placebo,76,4962,True,0.193423983083284
Placebo,76,5275,True,0.1775974789821119
Placebo,76,5671,True,0.4256578849996301
Placebo,76,5683,True,0.10200393687509891
Placebo,76,6067,True,0.30400468377967593
Placebo,76,6378,True,0.5163746304435487
Placebo,76,6495,True,0.517839100752713
Placebo,76,6868,True,0.5277988936164463
Placebo,76,6880,True,0.46560802392730044
Placebo,76,7144,True,0.11996722919923625
Placebo,76,7413,True,0.0
Placebo,76,7526,True,0.0
Placebo,76,7531,True,0.0
Placebo,76,7577,True,0.1595890771248963
Placebo,76,7621,True,0.25606936252351775
Placebo,76,8198,True,0.46278297395665835
Placebo,76,8442,True,0.0
Placebo,76,8452,True,0.5897545789926609
Placebo,76,8476,True,0.2593662840400806
Placebo,76,8541,True,0.3014073098306472
Placebo,76,8802,True,0.088798739491056
Placebo,76,8816,True,0.12421371338458453
Placebo,76,8852,True,0.12663893885053282
Placebo,76,9099,True,0.04420524281920165
Placebo,76,9479,True,0.1529612508366682
Placebo,76,9625,False,0.0
Placebo,76,96,True,0.0
Placebo,76,171,True,0.4304181156858026
Placebo,76,328,True,0.0
Placebo,76,387,True,0.0
Placebo,76,754,False,0.0
Placebo,76,983,True,0.14602185876541202
Placebo,76,1039,True,0.29435431502474807
Placebo,76,1098,True,0.27523592764660054
Placebo,76,1120,True,0.22905090507409015
Placebo,76,1275,True,0.4177522974577673
Placebo,76,1343,True,0.22400556151517553
Placebo,76,1483,True,0.30541987988199226
Placebo,76,2005,True,0.3589542101716347
Placebo,76,2048,True,0.2644779504008214
Placebo,76,2379,True,0.5850983541699566
Placebo,76,2516,True,0.5084067712107881
Placebo,76,2601,True,0.31675104971817775
Placebo,76,3210,True,0.3611748680920382
Placebo,76,3601,True,0.17723928678404763
Placebo,76,3729,True,0.18962924948527268
Placebo,76,3832,True,0.3370583803243091
Placebo,76,4104,True,0.5843525406407826
Placebo,76,4286,True,0.22163788772962373
Placebo,76,4329,True,0.09478836436955075
Placebo,76,4553,True,0.18543260358150956
Placebo,76,4790,True,0.3071837157818931
Placebo,76,4844,True,0.0
Placebo,76,4994,True,0.36261723271127777
Placebo,76,5020,True,0.25253517372293877
Placebo,76,5293,True,0.06571108366710594
Placebo,76,5338,True,0.7796375482591086
Placebo,76,5343,True,0.11089952737761366
Placebo,76,5464,True,0.1222260944107594
Placebo,76,5560,True,0.40351372542561487
Placebo,76,5719,True,0.3589759742514382
Placebo,76,6055,True,0.4990238411797426
Placebo,76,6121,True,0.20323893375270075
Placebo,76,6128,True,0.08481823664487623
Placebo,76,6197,True,0.21599821116891946
Placebo,76,6336,True,0.5736250277912736
Placebo,76,6577,True,0.3847146305560147
Placebo,76,6717,True,0.0
Placebo,76,6906,False,0.0
Placebo,76,8550,True,0.319393943239799
Placebo,76,8576,True,0.3462036722426452
Placebo,76,8790,False,0.0
Placebo,76,8840,True,0.0
Placebo,76,8878,True,0.0
Placebo,76,9337,True,0.0
Placebo,76,9501,True,0.7235530670718372
Placebo,76,9512,False,0.0
Placebo,76,45,True,0.0
Placebo,76,199,True,0.15979138559512826
Placebo,76,458,True,0.49219826809198636
Placebo,76,564,True,0.8484693956805275
Placebo,76,717,True,0.0
Placebo,76,1109,True,0.6676753547856805
Placebo,76,1576,True,0.1991684287929667
Placebo,76,1711,True,0.0
Placebo,76,1868,False,0.0
Placebo,76,1942,True,0.1492798734186584
Placebo,76,2001,True,0.47737081958110494
Placebo,76,2217,True,0.18465110945919555
Placebo,76,2354,True,0.25062446551484535
Placebo,76,2761,True,0.09057381532497312
Placebo,76,2980,True,0.0
Placebo,76,3021,True,0.0
Placebo,76,3030,True,0.0
Placebo,76,3046,True,0.42717873398606665
Placebo,76,3050,True,0.48329265012352224
Placebo,76,3288,True,0.10884448316158767
Placebo,76,3302,True,0.20833482684714788
Placebo,76,3794,True,0.0
Placebo,76,3920,True,0.2955665387914695
Placebo,76,3965,True,0.0
Placebo,76,4193,True,0.37216821873036626
Placebo,76,4294,True,0.0
Placebo,76,4383,True,0.311711457865637
Placebo,76,4474,True,0.22883924989280766
Placebo,76,5068,True,0.0753646612908026
Placebo,76,5258,True,0.0
Placebo,76,5306,True,0.5847931993688972
Placebo,76,5323,True,0.7312123673979521
Placebo,76,5421,True,0.36805828700363435
Placebo,76,5766,True,0.6103335425949198
Placebo,76,5877,True,0.0721710575196178
Placebo,76,5887,True,0.1435139245062016
Placebo,76,6126,True,0.0
Placebo,76,6190,True,0.6246136109605628
Placebo,76,6224,True,0.30258257133853145
Placebo,76,6465,True,0.0
Placebo,76,6853,True,0.0771660742637523
Placebo,76,6949,True,0.3499779330218453
Placebo,76,7107,True,0.060583728059270495
Placebo,76,7240,False,0.0
Placebo,76,7937,True,0.22396607040167996
Placebo,76,8015,True,0.0
Placebo,76,8066,True,0.0
Placebo,76,8202,True,0.3140337791510069
Placebo,76,8321,True,0.3115478812143774
Placebo,76,9222,True,0.0
Placebo,76,9453,True,0.3039312685971147
Placebo,76,73,True,0.3388812950446278
Placebo,76,390,True,0.3480920104238429
Placebo,76,424,True,0.16473815317827542
Placebo,76,715,True,0.20331963995253274
Placebo,76,915,True,0.1815417925373527
Placebo,76,1579,True,0.19266808945944086
Placebo,76,1643,True,0.10861750945625488
Placebo,76,1679,True,0.39210289192326403
Placebo,76,1982,True,0.24127956763284994
Placebo,76,2027,True,0.36100028977099613
Placebo,76,2211,True,0.2647546229388401
Placebo,76,2228,True,0.031810394099475836
Placebo,76,2352,True,0.3154648767857289
Placebo,76,2520,True,0.5660254932143283
Placebo,76,2573,True,0.0
Placebo,76,2630,True,0.5289166141518716
Placebo,76,2666,True,0.25802758783121726
Placebo,76,2745,True,0.0
Placebo,76,3149,True,0.08942898392465545
Placebo,76,3369,True,0.5996671963651351
Placebo,76,3617,True,0.15286561558865122
Placebo,76,3862,True,0.0
Placebo,76,4124,True,0.5780372120320186
Placebo,76,4218,True,0.0
Placebo,76,4268,True,0.9125388471459606
Placebo,76,4452,False,0.0
Placebo,76,4522,True,0.4654145378367162
Placebo,76,4784,True,0.6056633946545482
Placebo,76,5139,True,0.0
Placebo,76,5438,True,0.12457595615736902
Placebo,76,5565,True,0.0
Placebo,76,5684,True,0.3081018440764995
Placebo,76,5775,True,0.10633668103022988
Placebo,76,6110,True,0.06452577150984494
Placebo,76,6488,True,0.0
Placebo,76,6590,True,0.39023087993490435
Placebo,76,6793,True,0.1008674711662712
Placebo,76,7090,True,0.22214951579845524
Placebo,76,7112,True,0.1690417015938837
Placebo,76,7167,True,0.5907115272759679
Placebo,76,7287,True,0.4105850823527804
Placebo,76,7370,True,0.38391075188028373
Placebo,76,7547,True,0.0
Placebo,76,7589,True,0.11674291414628385
Placebo,76,7622,True,0.2197846452325133
Placebo,76,7640,False,0.0
Placebo,76,7757,True,0.09126279742613297
Placebo,76,8162,True,0.5428912787530179
Placebo,76,8508,True,0.0
Placebo,76,8597,True,0.1670591838638841
Placebo,76,8771,True,0.0
Placebo,76,288,True,0.5095102565938888
Placebo,76,635,True,0.47121835788145516
Placebo,76,654,True,0.3182088950120325
Placebo,76,699,True,0.1638142270188267
Placebo,76,743,True,0.2571733008631066
Placebo,76,946,True,0.0
Placebo,76,976,True,0.0
Placebo,76,1144,True,0.845323941630421
Placebo,76,1187,True,0.3805855519703286
Placebo,76,1384,True,0.0
Placebo,76,1415,True,0.3628684388272463
Placebo,76,1443,True,0.2443527483788097
Placebo,76,1629,True,0.1000130716141717
Placebo,76,1684,True,0.17907045092245477
Placebo,76,1802,True,0.14074267220463055
Placebo,76,1914,True,0.2628991864827358
Placebo,76,2046,True,0.0
Placebo,76,2071,True,0.0
Placebo,76,2340,True,0.021654453423191035
Placebo,76,2749,True,0.27469393452112884
Placebo,76,3517,True,0.735278058481381
Placebo,76,3758,True,0.13877920190495205
Placebo,76,4110,True,0.260071318573339
Placebo,76,4111,True,0.0
Placebo,76,4144,True,0.21236222583951214
Placebo,76,5021,True,0.08196346139645697
Placebo,76,5032,True,0.3787493215222232
Placebo,76,5096,True,0.47932611493943966
Placebo,76,5109,True,0.29539294094408636
Placebo,76,5114,True,0.042106793863052994
Placebo,76,5977,True,0.0
Placebo,76,5984,True,0.41227084014470133
Placebo,76,6353,True,0.5703197212570217
Placebo,76,6373,True,0.24020904570067722
Placebo,76,6539,True,0.3868528072345415
Placebo,76,6554,True,0.303062591046959
Placebo,76,6884,True,0.0
Placebo,76,6955,True,0.03666536960891157
Placebo,76,7020,True,0.46355542000215505
Placebo,76,7029,True,0.3120490772217807
Placebo,76,7280,True,0.4645378453538793
Placebo,76,7394,True,0.048753830672500074
Placebo,76,7795,True,0.34192644865090094
Placebo,76,8108,True,0.0
Placebo,76,8560,True,0.15282294761190188
Placebo,76,8632,True,0.39818791554347904
Placebo,76,8657,True,0.17983895231060482
Placebo,76,8777,True,0.2384232943501765
Placebo,76,9151,True,0.18252559485226583
Placebo,76,9609,True,0.2770280436218233
Placebo,77,102,True,0.48497384979776265
Placebo,77,314,True,0.4251850557064937
Placebo,77,1068,True,0.3386468795655033
Placebo,77,1525,True,0.0
Placebo,77,1795,True,0.2610086297953762
Placebo,77,1929,True,0.2410723265632637
Placebo,77,1931,True,0.0
Placebo,77,1991,True,0.0444917928656898
Placebo,77,2528,True,0.3653616933393606
Placebo,77,2697,True,0.13102088682682445
Placebo,77,2834,True,0.4602401344609122
Placebo,77,2845,True,0.3238531104127581
Placebo,77,3031,True,0.06088838014653602
Placebo,77,3250,True,0.0
Placebo,77,3308,True,0.4451277208029
Placebo,77,3402,True,0.07491210085649577
Placebo,77,3426,True,0.20066335283495063
Placebo,77,3449,True,0.39185446733913193
Placebo,77,3756,True,0.31268604242596465
Placebo,77,4141,True,0.2789727741766464
Placebo,77,4210,True,0.3750050963590405
Placebo,77,4516,True,0.299516189145498
Placebo,77,4692,True,0.21723501891250976
Placebo,77,4700,True,0.0
Placebo,77,4910,True,0.3243991050595312
Placebo,77,4962,True,0.0543026559841585
Placebo,77,5275,True,0.14576029165379042
Placebo,77,5671,True,0.21001844042309414
Placebo,77,5683,True,0.1788350137296499
Placebo,77,6067,True,0.41739921754452386
Placebo,77,6378,True,0.48441621191470047
Placebo,77,6495,True,0.7507334671992096
Placebo,77,6868,True,0.16515850229564366
Placebo,77,6880,True,0.49545206794548485
Placebo,77,7144,True,0.3446026791748808
Placebo,77,7413,True,0.22138883886389726
Placebo,77,7526,True,0.1480409554829327
Placebo,77,7531,True,0.14656879505245024
Placebo,77,7577,True,0.09010000865236774
Placebo,77,7621,True,0.3632909934306752
Placebo,77,8198,True,0.0
Placebo,77,8442,True,0.0
Placebo,77,8452,True,0.2912930430240561
Placebo,77,8476,True,0.18071147960064515
Placebo,77,8541,True,0.28945014367788574
Placebo,77,8802,True,0.4448697819190366
Placebo,77,8816,True,0.18322608909137003
Placebo,77,8852,True,0.0
Placebo,77,9099,True,0.223580089685508
Placebo,77,9479,True,0.05854439592831935
Placebo,77,9625,False,0.0
Placebo,77,96,True,0.18457569677956798
Placebo,77,171,True,0.366595294582017
Placebo,77,328,True,0.0
Placebo,77,387,True,0.0
Placebo,77,754,False,0.0
Placebo,77,983,True,0.3447847840223589
Placebo,77,1039,True,0.34668272182352633
Placebo,77,1098,True,0.3742721031038619
Placebo,77,1120,True,0.09684158012280926
Placebo,77,1275,True,0.4520575080233802
Placebo,77,1343,True,0.1388624438735545
Placebo,77,1483,True,0.0
Placebo,77,2005,True,0.0733639220993601
Placebo,77,2048,True,0.26954563537203124
Placebo,77,2379,True,0.46215198370002136
Placebo,77,2516,True,0.2979389467672961
Placebo,77,2601,True,0.17498338897571042
Placebo,77,3210,True,0.28034148811123033
Placebo,77,3601,True,0.26406812257259077
Placebo,77,3729,True,0.12485350142749298
Placebo,77,3832,True,0.07896843623988549
Placebo,77,4104,True,0.26420491435094917
Placebo,77,4286,True,0.42116695960801015
Placebo,77,4329,True,0.0733639220993601
Placebo,77,4553,True,0.331618895781339
Placebo,77,4790,True,0.0
Placebo,77,4844,True,0.04901964291567849
Placebo,77,4994,True,0.0
Placebo,77,5020,True,0.6371511697664317
Placebo,77,5293,True,0.24635211865011444
Placebo,77,5338,True,0.45587033663299725
Placebo,77,5343,True,0.1611508093662812
Placebo,77,5464,True,0.2785179472504129
Placebo,77,5560,True,0.3525360285318952
Placebo,77,5719,True,0.2511723597354967
Placebo,77,6055,True,0.4263354272477964
Placebo,77,6121,True,0.24655055544758622
Placebo,77,6128,True,0.24189756766140494
Placebo,77,6197,True,0.33098944749197123
Placebo,77,6336,True,0.48653058642536423
Placebo,77,6577,True,0.5104751407590415
Placebo,77,6717,True,0.0
Placebo,77,6906,False,0.0
Placebo,77,8550,True,0.0
Placebo,77,8576,True,0.46181969838170156
Placebo,77,8790,False,0.0
Placebo,77,8840,True,0.22780257479373028
Placebo,77,8878,True,0.0
Placebo,77,9337,True,0.21794410362006153
Placebo,77,9501,True,0.4952817475176859
Placebo,77,9512,False,0.0
Placebo,77,45,True,0.10605452145974119
Placebo,77,199,True,0.35123899361230887
Placebo,77,458,True,0.15186073502214872
Placebo,77,564,True,0.7833865569391482
Placebo,77,717,True,0.0
Placebo,77,1109,True,0.6630922820531109
Placebo,77,1576,True,0.11902589967668117
Placebo,77,1711,True,0.0
Placebo,77,1868,False,0.0
Placebo,77,1942,True,0.2701988326693717
Placebo,77,2001,True,0.25766576735944885
Placebo,77,2217,True,0.1582779723100109
Placebo,77,2354,True,0.38431135260440824
Placebo,77,2761,True,0.0
Placebo,77,2980,True,0.0
Placebo,77,3021,True,0.0576901476090013
Placebo,77,3030,True,0.28906482631788766
Placebo,77,3046,True,0.40888979901203454
Placebo,77,3050,True,0.44008451644754737
Placebo,77,3288,True,0.18339380179131587
Placebo,77,3302,True,0.3473701698327184
Placebo,77,3794,True,0.0
Placebo,77,3920,True,0.29513207803222585
Placebo,77,3965,True,0.08658334110222708
Placebo,77,4193,True,0.505687976302542
Placebo,77,4294,True,0.25325915159546925
Placebo,77,4383,True,0.25071159630324885
Placebo,77,4474,True,0.0
Placebo,77,5068,True,0.3639855205278244
Placebo,77,5258,True,0.19793935703028537
Placebo,77,5306,True,0.46232495621829045
Placebo,77,5323,True,0.42543687420066806
Placebo,77,5421,True,0.40656538822992944
Placebo,77,5766,True,0.5328750891000763
Placebo,77,5877,True,0.0
Placebo,77,5887,True,0.11496943328345767
Placebo,77,6126,True,0.38685280723454163
Placebo,77,6190,True,0.40697837974808126
Placebo,77,6224,True,0.4662774717636409
Placebo,77,6465,True,0.0
Placebo,77,6853,True,0.2671481940454263
Placebo,77,6949,True,0.6177315607102207
Placebo,77,7107,True,0.0
Placebo,77,7240,False,0.0
Placebo,77,7937,True,0.4135350626933576
Placebo,77,8015,True,0.2748763329142909
Placebo,77,8066,True,0.0
Placebo,77,8202,True,0.17642793905425294
Placebo,77,8321,True,0.2755400244113897
Placebo,77,9222,True,0.0
Placebo,77,9453,True,0.2823331408231405
Placebo,77,73,True,0.2599406071855637
Placebo,77,390,True,0.2390812831058287
Placebo,77,424,True,0.3931486873912971
Placebo,77,715,True,0.20863616850342798
Placebo,77,915,True,0.0
Placebo,77,1579,True,0.20066335283495063
Placebo,77,1643,True,0.1000130716141717
Placebo,77,1679,True,0.5767729729237239
Placebo,77,1982,True,0.0
Placebo,77,2027,True,0.4457552552722157
Placebo,77,2211,True,0.18809346402717642
Placebo,77,2228,True,0.0995517427576019
Placebo,77,2352,True,0.6309297535714573
Placebo,77,2520,True,0.1997844356919488
Placebo,77,2573,True,0.09965311679505898
Placebo,77,2630,True,0.427060697109256
Placebo,77,2666,True,0.4967742321793088
Placebo,77,2745,True,0.14156760360508
Placebo,77,3149,True,0.0444917928656898
Placebo,77,3369,True,0.21023294227235884
Placebo,77,3617,True,0.18266634050234778
Placebo,77,3862,True,0.0
Placebo,77,4124,True,0.3798024844800521
Placebo,77,4218,True,0.09992342138769582
Placebo,77,4268,True,0.8755458364887028
Placebo,77,4452,False,0.0
Placebo,77,4522,True,0.19087622357670844
Placebo,77,4784,True,0.6773283300135132
Placebo,77,5139,True,0.07236299671272313
Placebo,77,5438,True,0.24993601871108628
Placebo,77,5565,True,0.0
Placebo,77,5684,True,0.46677995007839396
Placebo,77,5775,True,0.0
Placebo,77,6110,True,0.15417266580442182
Placebo,77,6488,True,0.056490437736217106
Placebo,77,6590,True,0.1620734304706887
Placebo,77,6793,True,0.15130120674940675
Placebo,77,7090,True,0.11375296085295913
Placebo,77,7112,True,0.0
Placebo,77,7167,True,0.36697144577654567
Placebo,77,7287,True,0.4395546681169095
Placebo,77,7370,True,0.23815254821965767
Placebo,77,7547,True,0.13575265406065407
Placebo,77,7589,True,0.1643548980682564
Placebo,77,7622,True,0.5250353038242767
Placebo,77,7640,False,0.0
Placebo,77,7757,True,0.11356711201815953
Placebo,77,8162,True,0.46818960590052416
Placebo,77,8508,True,0.13012668333070063
Placebo,77,8597,True,0.187828159444285
Placebo,77,8771,True,0.0
Placebo,77,288,True,0.360990432784458
Placebo,77,635,True,0.3418272502214506
Placebo,77,654,True,0.2596124803622291
Placebo,77,699,True,0.04019569404504289
Placebo,77,743,True,0.3184599642556687
Placebo,77,946,True,0.0
Placebo,77,976,True,0.10972431200457408
Placebo,77,1144,True,0.7721106819084811
Placebo,77,1187,True,0.6654127477001798
Placebo,77,1384,True,0.10996205461951088
Placebo,77,1415,True,0.12866538043768969
Placebo,77,1443,True,0.2424255507845258
Placebo,77,1629,True,0.0
Placebo,77,1684,True,0.0
Placebo,77,1802,True,0.13905726035509006
Placebo,77,1914,True,0.1980521431694523
Placebo,77,2046,True,0.3510992797576024
Placebo,77,2071,True,0.0
Placebo,77,2340,True,0.4034070665544726
Placebo,77,2749,True,0.4215446722802966
Placebo,77,3517,True,0.3617459734936818
Placebo,77,3758,True,0.1586086302503392
Placebo,77,4110,True,0.42227155754408674
Placebo,77,4111,True,0.1909208661789346
Placebo,77,4144,True,0.2026056454151714
Placebo,77,5021,True,0.12007430061219558
Placebo,77,5032,True,0.2862702409842457
Placebo,77,5096,True,0.2795951020903402
Placebo,77,5109,True,0.3984194799310017
Placebo,77,5114,True,0.05163532490696953
Placebo,77,5977,True,0.0
Placebo,77,5984,True,0.5044705283361025
Placebo,77,6353,True,0.5218640672337329
Placebo,77,6373,True,0.0
Placebo,77,6539,True,0.0
Placebo,77,6554,True,0.1732567858388915
Placebo,77,6884,True,0.0
Placebo,77,6955,True,0.0
Placebo,77,7020,True,0.36964678624482844
Placebo,77,7029,True,0.13064670399805098
Placebo,77,7280,True,0.2543834845371636
Placebo,77,7394,True,0.04778491088266231
Placebo,77,7795,True,0.5389073651337332
Placebo,77,8108,True,0.08514311764162101
Placebo,77,8560,True,0.11557240025205587
Placebo,77,8632,True,0.5360278675108286
Placebo,77,8657,True,0.24277648432033067
Placebo,77,8777,True,0.39444783296106684
Placebo,77,9151,True,0.3494412612490475
Placebo,77,9609,True,0.2312700002414743
Placebo,78,102,True,0.46450637721056787
Placebo,78,314,True,0.35600261844776016
Placebo,78,1068,True,0.5566501918127956
Placebo,78,1525,True,0.0
Placebo,78,1795,True,0.1706406925892665
Placebo,78,1929,True,0.3196947037760586
Placebo,78,1931,True,0.0
Placebo,78,1991,True,0.18771869401814992
Placebo,78,2528,True,0.41117659303364057
Placebo,78,2697,True,0.19009452199071541
Placebo,78,2834,True,0.3009325149911643
Placebo,78,2845,True,0.18890223423797728
Placebo,78,3031,True,0.11300042168180821
Placebo,78,3250,True,0.0
Placebo,78,3308,True,0.2770716054811479
Placebo,78,3402,True,0.3509154983551077
Placebo,78,3426,True,0.21561019356751263
Placebo,78,3449,True,0.5394762370263146
Placebo,78,3756,True,0.21592838173325354
Placebo,78,4141,True,0.47249070443046043
Placebo,78,4210,True,0.19919372791182363
Placebo,78,4516,True,0.1410267511545995
Placebo,78,4692,True,0.0
Placebo,78,4700,True,0.1596969716198995
Placebo,78,4910,True,0.0
Placebo,78,4962,True,0.22801413574164262
Placebo,78,5275,True,0.0
Placebo,78,5671,True,0.10476726118730562
Placebo,78,5683,True,0.1803895185407797
Placebo,78,6067,True,0.6209333132304197
Placebo,78,6378,True,0.3456923399977745
Placebo,78,6495,True,0.47558699671301685
Placebo,78,6868,True,0.2976561809329983
Placebo,78,6880,True,0.561607979871041
Placebo,78,7144,True,0.17166966183780427
Placebo,78,7413,True,0.29637711384511567
Placebo,78,7526,True,0.0
Placebo,78,7531,True,0.06854129682027829
Placebo,78,7577,True,0.0
Placebo,78,7621,True,0.533184278554141
Placebo,78,8198,True,0.4345159013819832
Placebo,78,8442,True,0.0
Placebo,78,8452,True,0.43532068208350755
Placebo,78,8476,True,0.3658213931930407
Placebo,78,8541,True,0.2067911451271385
Placebo,78,8802,True,0.19632753319840823
Placebo,78,8816,True,0.0
Placebo,78,8852,True,0.13905617951077567
Placebo,78,9099,True,0.0474357508986425
Placebo,78,9479,True,0.20739279067293406
Placebo,78,9625,False,0.0
Placebo,78,96,True,0.18457569677956798
Placebo,78,171,True,0.4876726461783201
Placebo,78,328,True,0.0
Placebo,78,387,True,0.05322346041535818
Placebo,78,754,False,0.0
Placebo,78,983,True,0.2548795323570842
Placebo,78,1039,True,0.3230620850113335
Placebo,78,1098,True,0.12286383325798822
Placebo,78,1120,True,0.306980546010472
Placebo,78,1275,True,0.3432433514974791
Placebo,78,1343,True,0.1545743395783983
Placebo,78,1483,True,0.20823527601928019
Placebo,78,2005,True,0.07839826897867538
Placebo,78,2048,True,0.3851721530330857
Placebo,78,2379,True,0.6478588115694912
Placebo,78,2516,True,0.2755937815356356
Placebo,78,2601,True,0.2587211724835642
Placebo,78,3210,True,0.29056040250244974
Placebo,78,3601,True,0.18457569677956798
Placebo,78,3729,True,0.1970884750459006
Placebo,78,3832,True,0.37129368154500564
Placebo,78,4104,True,0.16577377545790425
Placebo,78,4286,True,0.3746278546098476
Placebo,78,4329,True,0.06493750582667032
Placebo,78,4553,True,0.24100977494878634
Placebo,78,4790,True,0.0
Placebo,78,4844,True,0.0
Placebo,78,4994,True,0.0
Placebo,78,5020,True,0.3763225791470333
Placebo,78,5293,True,0.1867561804382235
Placebo,78,5338,True,0.8027489755472624
Placebo,78,5343,True,0.15471746451710483
Placebo,78,5464,True,0.34973201611667765
Placebo,78,5560,True,0.40121107353349084
Placebo,78,5719,True,0.11895933286751426
Placebo,78,6055,True,0.46190348176799684
Placebo,78,6121,True,0.25165873413532525
Placebo,78,6128,True,0.14671144484317286
Placebo,78,6197,True,0.3539257032183343
Placebo,78,6336,True,0.5678873158463814
Placebo,78,6577,True,0.5400601586785523
Placebo,78,6717,True,0.0
Placebo,78,6906,False,0.0
Placebo,78,8550,True,0.0
Placebo,78,8576,True,0.6362914971681839
Placebo,78,8790,False,0.0
Placebo,78,8840,True,0.0
Placebo,78,8878,True,0.5111387935748446
Placebo,78,9337,True,0.06490513563473839
Placebo,78,9501,True,0.573905169135736
Placebo,78,9512,False,0.0
Placebo,78,45,True,0.2358731261410297
Placebo,78,199,True,0.26886597522786143
Placebo,78,458,True,0.31024945429541934
Placebo,78,564,True,0.9203015185288185
Placebo,78,717,True,0.1443421150392356
Placebo,78,1109,True,0.6004405810888461
Placebo,78,1576,True,0.05467433839563753
Placebo,78,1711,True,0.0
Placebo,78,1868,False,0.0
Placebo,78,1942,True,0.3185565448328912
Placebo,78,2001,True,0.29812162674702397
Placebo,78,2217,True,0.20151514190050257
Placebo,78,2354,True,0.1482979356267084
Placebo,78,2761,True,0.0
Placebo,78,2980,True,0.0
Placebo,78,3021,True,0.2531204573537866
Placebo,78,3030,True,0.0
Placebo,78,3046,True,0.21899391982930874
Placebo,78,3050,True,0.4035573287908819
Placebo,78,3288,True,0.13347537859706934
Placebo,78,3302,True,0.2649501896037454
Placebo,78,3794,True,0.06572642921846504
Placebo,78,3920,True,0.5528192104413936
Placebo,78,3965,True,0.20248323207250618
Placebo,78,4193,True,0.0
Placebo,78,4294,True,0.0
Placebo,78,4383,True,0.7667807679378758
Placebo,78,4474,True,0.0
Placebo,78,5068,True,0.2641400331850027
Placebo,78,5258,True,0.040683756096346925
Placebo,78,5306,True,0.4503103862321389
Placebo,78,5323,True,0.655973713392297
Placebo,78,5421,True,0.5305024028320436
Placebo,78,5766,True,0.3878476570966833
Placebo,78,5877,True,0.0
Placebo,78,5887,True,0.29661927324484166
Placebo,78,6126,True,0.0
Placebo,78,6190,True,0.6922968862068805
Placebo,78,6224,True,0.31488013066763093
Placebo,78,6465,True,0.0
Placebo,78,6853,True,0.0881251348750181
Placebo,78,6949,True,0.6406875840501696
Placebo,78,7107,True,0.0988078046741462
Placebo,78,7240,False,0.0
Placebo,78,7937,True,0.40105438141531036
Placebo,78,8015,True,0.09476918482736578
Placebo,78,8066,True,0.2139862647345275
Placebo,78,8202,True,0.4945557233754534
Placebo,78,8321,True,0.5756206026853644
Placebo,78,9222,True,0.0
Placebo,78,9453,True,0.5632179892699578
Placebo,78,73,True,0.22891328909518416
Placebo,78,390,True,0.3368487560194283
Placebo,78,424,True,0.1811463603585822
Placebo,78,715,True,0.3448205839707469
Placebo,78,915,True,0.1356519734324477
Placebo,78,1579,True,0.2820714829586431
Placebo,78,1643,True,0.24184399980720736
Placebo,78,1679,True,0.5309880740254082
Placebo,78,1982,True,0.0
Placebo,78,2027,True,0.243054862999773
Placebo,78,2211,True,0.3934116354059847
Placebo,78,2228,True,0.07839826897867538
Placebo,78,2352,True,0.5
Placebo,78,2520,True,0.14201905717762706
Placebo,78,2573,True,0.0
Placebo,78,2630,True,0.6387212339688783
Placebo,78,2666,True,0.41072000449702056
Placebo,78,2745,True,0.2006813696539029
Placebo,78,3149,True,0.1920947202763291
Placebo,78,3369,True,0.3579721422872697
Placebo,78,3617,True,0.03858303713187615
Placebo,78,3862,True,0.0
Placebo,78,4124,True,0.46639057905404424
Placebo,78,4218,True,0.2540900926288941
Placebo,78,4268,True,0.7451926227335312
Placebo,78,4452,False,0.0
Placebo,78,4522,True,0.2358731261410297
Placebo,78,4784,True,0.6807899077500543
Placebo,78,5139,True,0.0
Placebo,78,5438,True,0.48348624081732916
Placebo,78,5565,True,0.0
Placebo,78,5684,True,0.2581604435055023
Placebo,78,5775,True,0.09791292534996787
Placebo,78,6110,True,0.10673691490577933
Placebo,78,6488,True,0.10566854585929887
Placebo,78,6590,True,0.3278743552539444
Placebo,78,6793,True,0.3033467400101719
Placebo,78,7090,True,0.035331264752359905
Placebo,78,7112,True,0.08116136400948519
Placebo,78,7167,True,0.315589499064814
Placebo,78,7287,True,0.476846588700353
Placebo,78,7370,True,0.24017213165559562
Placebo,78,7547,True,0.0
Placebo,78,7589,True,0.06358115370045193
Placebo,78,7622,True,0.3345928222922633
Placebo,78,7640,False,0.0
Placebo,78,7757,True,0.0
Placebo,78,8162,True,0.35934417856342304
Placebo,78,8508,True,0.0
Placebo,78,8597,True,0.07324895991011662
Placebo,78,8771,True,0.0
Placebo,78,288,True,0.5264973633251467
Placebo,78,635,True,0.23729607578068374
Placebo,78,654,True,0.23599412515281099
Placebo,78,699,True,0.2428013394602143
Placebo,78,743,True,0.4109280479783236
Placebo,78,946,True,0.8154648767857287
Placebo,78,976,True,0.10972431200457408
Placebo,78,1144,True,0.5263325849997558
Placebo,78,1187,True,0.3065861999940838
Placebo,78,1384,True,0.05468343522706441
Placebo,78,1415,True,0.23011496070220105
Placebo,78,1443,True,0.16469682793012433
Placebo,78,1629,True,0.0
Placebo,78,1684,True,0.35814090184490954
Placebo,78,1802,True,0.04236776600349701
Placebo,78,1914,True,0.4400085007372707
Placebo,78,2046,True,0.1596969716198995
Placebo,78,2071,True,0.0
Placebo,78,2340,True,0.14982420171299154
Placebo,78,2749,True,0.32882986942441533
Placebo,78,3517,True,0.44132994278455745
Placebo,78,3758,True,0.07671287990839397
Placebo,78,4110,True,0.2661389860746007
Placebo,78,4111,True,0.0
Placebo,78,4144,True,0.31262650465166425
Placebo,78,5021,True,0.0
Placebo,78,5032,True,0.4058229372322454
Placebo,78,5096,True,0.29730711617531697
Placebo,78,5109,True,0.4094250395770648
Placebo,78,5114,True,0.1980795350211757
Placebo,78,5977,True,0.0
Placebo,78,5984,True,0.2938671687957793
Placebo,78,6353,True,0.6852154620631404
Placebo,78,6373,True,0.0623995799562533
Placebo,78,6539,True,0.0
Placebo,78,6554,True,0.111790044842754
Placebo,78,6884,True,0.15223359874525913
Placebo,78,6955,True,0.24443846954323914
Placebo,78,7020,True,0.3376024183558655
Placebo,78,7029,True,0.10713957010946305
Placebo,78,7280,True,0.26641951451579593
Placebo,78,7394,True,0.0
Placebo,78,7795,True,0.395174835924013
Placebo,78,8108,True,0.06625422345438896
Placebo,78,8560,True,0.18333914161613912
Placebo,78,8632,True,0.4141127576551185
Placebo,78,8657,True,0.031810394099475836
Placebo,78,8777,True,0.5399555762859464
Placebo,78,9151,True,0.25973638912742897
Placebo,78,9609,True,0.3786433919360546
Placebo,79,102,True,0.5702676298168038
Placebo,79,314,True,0.2324926680303239
Placebo,79,1068,True,0.32486858659491724
Placebo,79,1525,True,0.09245451088134693
Placebo,79,1795,True,0.30351381277687495
Placebo,79,1929,True,0.3997858918180926
Placebo,79,1931,True,0.0
Placebo,79,1991,True,0.2125787383435856
Placebo,79,2528,True,0.4683123751361419
Placebo,79,2697,True,0.5022144447315369
Placebo,79,2834,True,0.6437727618208401
Placebo,79,2845,True,0.046914224068210206
Placebo,79,3031,True,0.288188310128789
Placebo,79,3250,True,0.07839826897867538
Placebo,79,3308,True,0.39815861701914135
Placebo,79,3402,True,0.1249643114470779
Placebo,79,3426,True,0.0
Placebo,79,3449,True,0.19086904047954129
Placebo,79,3756,True,0.28202324017916797
Placebo,79,4141,True,0.37681461579768943
Placebo,79,4210,True,0.6761806816796793
Placebo,79,4516,True,0.3179911424958648
Placebo,79,4692,True,0.0
Placebo,79,4700,True,0.28540868040944684
Placebo,79,4910,True,0.0
Placebo,79,4962,True,0.4522491296384021
Placebo,79,5275,True,0.21532837022335008
Placebo,79,5671,True,0.304018452693885
Placebo,79,5683,True,0.06012983951359326
Placebo,79,6067,True,0.5538015950586537
Placebo,79,6378,True,0.4890391248463993
Placebo,79,6495,True,0.49246059723271807
Placebo,79,6868,True,0.468621685480927
Placebo,79,6880,True,0.45633891201414806
Placebo,79,7144,True,0.23821204862125397
Placebo,79,7413,True,0.2200917662980802
Placebo,79,7526,True,0.46927872602275655
Placebo,79,7531,True,0.0
Placebo,79,7577,True,0.3349970891768242
Placebo,79,7621,True,0.5130270088309705
Placebo,79,8198,True,0.05214426484655786
Placebo,79,8442,True,0.0
Placebo,79,8452,True,0.4122870368734359
Placebo,79,8476,True,0.3573631076859417
Placebo,79,8541,True,0.3290905210915487
Placebo,79,8802,True,0.11273910210581228
Placebo,79,8816,True,0.15232257932946244
Placebo,79,8852,True,0.0
Placebo,79,9099,True,0.10522418635725407
Placebo,79,9479,True,0.278176592475474
Placebo,79,9625,False,0.0
Placebo,79,96,True,0.0
Placebo,79,171,True,0.44953111654040423
Placebo,79,328,True,0.0
Placebo,79,387,True,0.14710131651029387
Placebo,79,754,False,0.0
Placebo,79,983,True,0.3590730261563999
Placebo,79,1039,True,0.52802091246882
Placebo,79,1098,True,0.42557251935026663
Placebo,79,1120,True,0.09684158012280926
Placebo,79,1275,True,0.29853257455863724
Placebo,79,1343,True,0.23992089480238074
Placebo,79,1483,True,0.2608451289965665
Placebo,79,2005,True,0.06968312249684212
Placebo,79,2048,True,0.23851469944880963
Placebo,79,2379,True,0.4263960589007571
Placebo,79,2516,True,0.5418926278428999
Placebo,79,2601,True,0.2676487284119667
Placebo,79,3210,True,0.14483797360500036
Placebo,79,3601,True,0.0
Placebo,79,3729,True,0.4571023027475055
Placebo,79,3832,True,0.3306884728054866
Placebo,79,4104,True,0.18948702651051405
Placebo,79,4286,True,0.218971052095008
Placebo,79,4329,True,0.2200917662980802
Placebo,79,4553,True,0.20069583664329319
Placebo,79,4790,True,0.0
Placebo,79,4844,True,0.0
Placebo,79,4994,True,0.2554144698612486
Placebo,79,5020,True,0.5167839577194299
Placebo,79,5293,True,0.3968357741290922
Placebo,79,5338,True,0.6355544280756478
Placebo,79,5343,True,0.3222658072454781
Placebo,79,5464,True,0.3710252691441564
Placebo,79,5560,True,0.4422479874339622
Placebo,79,5719,True,0.1876076129337878
Placebo,79,6055,True,0.22479085346795338
Placebo,79,6121,True,0.2318220182541018
Placebo,79,6128,True,0.09916485261345515
Placebo,79,6197,True,0.4941997588513323
Placebo,79,6336,True,0.5148762898749303
Placebo,79,6577,True,0.4833432932856722
Placebo,79,6717,True,0.26406812257259077
Placebo,79,6906,False,0.0
Placebo,79,8550,True,0.0
Placebo,79,8576,True,0.5750013649267935
Placebo,79,8790,False,0.0
Placebo,79,8840,True,0.0
Placebo,79,8878,True,0.25339584447728963
Placebo,79,9337,True,0.09285825605119433
Placebo,79,9501,True,0.5091007882819262
Placebo,79,9512,False,0.0
Placebo,79,45,True,0.24233872677581336
Placebo,79,199,True,0.12663167705327652
Placebo,79,458,True,0.5007169506831131
Placebo,79,564,True,0.9259875416177314
Placebo,79,717,True,0.11713471800758483
Placebo,79,1109,True,0.26148208589196914
Placebo,79,1576,True,0.06274140273545609
Placebo,79,1711,True,0.0
Placebo,79,1868,False,0.0
Placebo,79,1942,True,0.3117879002142601
Placebo,79,2001,True,0.36026829867976845
Placebo,79,2217,True,0.0
Placebo,79,2354,True,0.3384954770716691
Placebo,79,2761,True,0.0
Placebo,79,2980,True,0.16716045496620238
Placebo,79,3021,True,0.06975096265942549
Placebo,79,3030,True,0.0
Placebo,79,3046,True,0.16152315575101148
Placebo,79,3050,True,0.5268625099863812
Placebo,79,3288,True,0.25769778453733283
Placebo,79,3302,True,0.07366373991453432
Placebo,79,3794,True,0.11713471800758483
Placebo,79,3920,True,0.16113612456097737
Placebo,79,3965,True,0.2618080742270756
Placebo,79,4193,True,0.3120669599683088
Placebo,79,4294,True,0.04972048847343997
Placebo,79,4383,True,0.6237394431537009
Placebo,79,4474,True,0.0
Placebo,79,5068,True,0.11167572089045447
Placebo,79,5258,True,0.057530633739597145
Placebo,79,5306,True,0.3437354423892269
Placebo,79,5323,True,0.5784948567672289
Placebo,79,5421,True,0.6492450176383778
Placebo,79,5766,True,0.5566396013404585
Placebo,79,5877,True,0.12198323851117018
Placebo,79,5887,True,0.2484803482542323
Placebo,79,6126,True,0.38685280723454163
Placebo,79,6190,True,0.6955528127310645
Placebo,79,6224,True,0.46945447024602927
Placebo,79,6465,True,0.0
Placebo,79,6853,True,0.08421358772610599
Placebo,79,6949,True,0.586504428420138
Placebo,79,7107,True,0.0
Placebo,79,7240,False,0.0
Placebo,79,7937,True,0.48053586260070497
Placebo,79,8015,True,0.10633668103022988
Placebo,79,8066,True,0.24425847927021388
Placebo,79,8202,True,0.296280821669209
Placebo,79,8321,True,0.2493077478871267
Placebo,79,9222,True,0.0
Placebo,79,9453,True,0.36853523183671205
Placebo,79,73,True,0.1970884750459006
Placebo,79,390,True,0.33962976970837505
Placebo,79,424,True,0.31135411626225146
Placebo,79,715,True,0.36683612256229137
Placebo,79,915,True,0.16716045496620238
Placebo,79,1579,True,0.0
Placebo,79,1643,True,0.040580682004742595
Placebo,79,1679,True,0.45546209109789804
Placebo,79,1982,True,0.26462022272743835
Placebo,79,2027,True,0.3074449359357404
Placebo,79,2211,True,0.27555194421992346
Placebo,79,2228,True,0.17935159826624056
Placebo,79,2352,True,0.30824743622485484
Placebo,79,2520,True,0.3589542101716347
Placebo,79,2573,True,0.06362078819895167
Placebo,79,2630,True,0.6070115608001995
Placebo,79,2666,True,0.25244353128317853
Placebo,79,2745,True,0.09501844012918934
Placebo,79,3149,True,0.29014030930400814
Placebo,79,3369,True,0.1482125498036992
Placebo,79,3617,True,0.4298155642653327
Placebo,79,3862,True,0.0
Placebo,79,4124,True,0.4806341228955899
Placebo,79,4218,True,0.1936295440947898
Placebo,79,4268,True,0.9608008655106622
Placebo,79,4452,False,0.0
Placebo,79,4522,True,0.08136751219269385
Placebo,79,4784,True,0.5791641632480278
Placebo,79,5139,True,0.0
Placebo,79,5438,True,0.4035819606510994
Placebo,79,5565,True,0.14041677439671904
Placebo,79,5684,True,0.21033428236570434
Placebo,79,5775,True,0.10633668103022988
Placebo,79,6110,True,0.0
Placebo,79,6488,True,0.11298087547243421
Placebo,79,6590,True,0.07075576072108053
Placebo,79,6793,True,0.0
Placebo,79,7090,True,0.1993421740373415
Placebo,79,7112,True,0.24184399980720736
Placebo,79,7167,True,0.2239323933648448
Placebo,79,7287,True,0.3501044023226888
Placebo,79,7370,True,0.0
Placebo,79,7547,True,0.2542826596275368
Placebo,79,7589,True,0.0
Placebo,79,7622,True,0.22198381296297778
Placebo,79,7640,False,0.0
Placebo,79,7757,True,0.23537653116186527
Placebo,79,8162,True,0.5588049793596828
Placebo,79,8508,True,0.2463023887407299
Placebo,79,8597,True,0.23705433792779654
Placebo,79,8771,True,0.08002159439830046
Placebo,79,288,True,0.6480161726569592
Placebo,79,635,True,0.20700124874845877
Placebo,79,654,True,0.24364691628402532
Placebo,79,699,True,0.124002208819418
Placebo,79,743,True,0.07739356882786544
Placebo,79,946,True,0.0
Placebo,79,976,True,0.0
Placebo,79,1144,True,0.48525261979472695
Placebo,79,1187,True,0.569940993765894
Placebo,79,1384,True,0.05468343522706441
Placebo,79,1415,True,0.41437230222443816
Placebo,79,1443,True,0.18905709333163614
Placebo,79,1629,True,0.0
Placebo,79,1684,True,0.0
Placebo,79,1802,True,0.07037133610231527
Placebo,79,1914,True,0.6403601411911988
Placebo,79,2046,True,0.11011753292369394
Placebo,79,2071,True,0.09359072962204817
Placebo,79,2340,True,0.23889298956557875
Placebo,79,2749,True,0.34618132796206696
Placebo,79,3517,True,0.7351084640275738
Placebo,79,3758,True,0.10975131898723874
Placebo,79,4110,True,0.21178021058936167
Placebo,79,4111,True,0.0
Placebo,79,4144,True,0.04019569404504289
Placebo,79,5021,True,0.18237095429244324
Placebo,79,5032,True,0.33971454981136134
Placebo,79,5096,True,0.4258518826339275
Placebo,79,5109,True,0.4271963537317499
Placebo,79,5114,True,0.2974195793977491
Placebo,79,5977,True,0.40876468265396726
Placebo,79,5984,True,0.18910147842832742
Placebo,79,6353,True,0.7207872068234707
Placebo,79,6373,True,0.0
Placebo,79,6539,True,0.0
Placebo,79,6554,True,0.2034102709957508
Placebo,79,6884,True,0.0
Placebo,79,6955,True,0.2021553370411396
Placebo,79,7020,True,0.529905928189529
Placebo,79,7029,True,0.45065911279583487
Placebo,79,7280,True,0.06594524878911653
Placebo,79,7394,True,0.0
Placebo,79,7795,True,0.3368310188705301
Placebo,79,8108,True,0.4690000933206748
Placebo,79,8560,True,0.20583170547417293
Placebo,79,8632,True,0.4128275644829883
Placebo,79,8657,True,0.12566452701462022
Placebo,79,8777,True,0.5856328798620568
Placebo,79,9151,True,0.517459251278677
Placebo,79,9609,True,0.22342335073534614
