arm,replicate,id_j,has_rel,ndcg@10
B_only,-1,102,True,0.6470588235294118
B_only,-1,314,True,0.4725944690303712
B_only,-1,1068,True,0.2854665119964707
B_only,-1,1525,True,0.05672792923039121
B_only,-1,1795,True,0.5352411068444908
B_only,-1,1929,True,0.30124953303478624
B_only,-1,1931,True,0.4117647058823529
B_only,-1,1991,True,0.2740597210983669
B_only,-1,2528,True,0.5074671438089211
B_only,-1,2697,True,0.24528665560499907
B_only,-1,2834,True,0.22213660504722946
B_only,-1,2845,True,0.35554512750781136
B_only,-1,3031,True,0.2503892222626795
B_only,-1,3250,True,0.2569183687480193
B_only,-1,3308,True,0.09838041270197788
B_only,-1,3402,True,0.19297607485406823
B_only,-1,3426,True,0.10079189481938503
B_only,-1,3449,True,0.4696822665162832
B_only,-1,3756,True,0.2193192406785377
B_only,-1,4141,True,0.5512820512820513
B_only,-1,4210,True,0.4
B_only,-1,4516,True,0.1525532286495769
B_only,-1,4692,True,0.10365609523828911
B_only,-1,4700,True,0.11280369933854834
B_only,-1,4910,False,0.0
B_only,-1,4962,True,0.3281570789560284
B_only,-1,5275,True,0.22691171692156484
B_only,-1,5671,True,0.21496899497832458
B_only,-1,5683,True,0.5105513630735209
B_only,-1,6067,True,0.4166666666666667
B_only,-1,6378,True,0.4680851063829788
B_only,-1,6495,True,0.3473569347373228
B_only,-1,6868,True,0.5345260420387837
B_only,-1,6880,True,0.48516264226367334
B_only,-1,7144,True,0.5215703063831402
B_only,-1,7413,True,0.47168590220079354
B_only,-1,7526,True,0.3330445144619219
B_only,-1,7531,True,0.0
B_only,-1,7577,True,0.4727216124189397
B_only,-1,7621,True,0.2493166202874925
B_only,-1,8198,True,0.5899704639960686
B_only,-1,8442,True,0.21856279505579207
B_only,-1,8452,True,0.5312795449398895
B_only,-1,8476,True,0.34852755687587417
B_only,-1,8541,True,0.5588235294117647
B_only,-1,8802,True,0.5271816673052844
B_only,-1,8816,True,0.06188501370588133
B_only,-1,8852,True,0.0
B_only,-1,9099,True,0.2631578947368421
B_only,-1,9479,True,0.18572471022081022
B_only,-1,9625,False,0.0
B_only,-1,96,True,0.07107319125956324
B_only,-1,171,True,0.625
B_only,-1,328,True,0.1418059710222836
B_only,-1,387,True,0.14015135456920183
B_only,-1,754,False,0.0
B_only,-1,983,True,0.5689644246485466
B_only,-1,1039,True,0.5
B_only,-1,1098,True,0.4610308958208114
B_only,-1,1120,True,0.24224962202714376
B_only,-1,1275,True,0.48982766767005476
B_only,-1,1343,True,0.14965954732509296
B_only,-1,1483,True,0.20535642465218115
B_only,-1,2005,True,0.18518518518518517
B_only,-1,2048,True,0.6702710243040672
B_only,-1,2379,True,0.6290322580645161
B_only,-1,2516,True,0.5282516827342651
B_only,-1,2601,True,0.2264184513276915
B_only,-1,3210,True,0.2896419597844866
B_only,-1,3601,True,0.0
B_only,-1,3729,True,0.410852288398984
B_only,-1,3832,True,0.43103448275862066
B_only,-1,4104,True,0.1260620649564249
B_only,-1,4286,True,0.5164277709167764
B_only,-1,4329,True,0.1281532081101949
B_only,-1,4553,True,0.10595285363078137
B_only,-1,4790,True,0.045454545454545456
B_only,-1,4844,True,0.01675253527208358
B_only,-1,4994,True,0.21307365430614686
B_only,-1,5020,True,0.5481194421967338
B_only,-1,5293,True,0.319736341281428
B_only,-1,5338,True,0.6630434782608695
B_only,-1,5343,True,0.25
B_only,-1,5464,True,0.19622932448399924
B_only,-1,5560,True,0.35714285714285715
B_only,-1,5719,True,0.33961384958457136
B_only,-1,6055,True,0.45454545454545453
B_only,-1,6121,True,0.6671123392735708
B_only,-1,6128,True,0.11691400265643653
B_only,-1,6197,True,0.3064914130035202
B_only,-1,6336,True,0.5441176470588235
B_only,-1,6577,True,0.5024518447496856
B_only,-1,6717,True,0.13604862500025447
B_only,-1,6906,True,0.0
B_only,-1,8550,True,0.10318039456711679
B_only,-1,8576,True,0.5854360581851573
B_only,-1,8790,True,0.0
B_only,-1,8840,False,0.0
B_only,-1,8878,True,0.2966509446995252
B_only,-1,9337,True,0.21015653370749235
B_only,-1,9501,True,0.5590292370665616
B_only,-1,9512,False,0.0
B_only,-1,45,True,0.2599085583555393
B_only,-1,199,True,0.27586206896551724
B_only,-1,458,True,0.5357142857142857
B_only,-1,564,True,0.75
B_only,-1,717,True,0.2
B_only,-1,1109,True,0.518263673513751
B_only,-1,1576,True,0.17254230366890022
B_only,-1,1711,False,0.0
B_only,-1,1868,True,0.18572471022081022
B_only,-1,1942,True,0.36947310548076123
B_only,-1,2001,True,0.13998785778235812
B_only,-1,2217,True,0.16238404541704152
B_only,-1,2354,True,0.1827428873405953
B_only,-1,2761,True,0.2953771011257983
B_only,-1,2980,True,0.10672428461184166
B_only,-1,3021,True,0.32415959560223545
B_only,-1,3030,True,0.11845531876593875
B_only,-1,3046,True,0.25755098838524904
B_only,-1,3050,True,0.5897435897435898
B_only,-1,3288,True,0.38549842232496967
B_only,-1,3302,True,0.2894736842105263
B_only,-1,3794,True,0.09796377083707077
B_only,-1,3920,True,0.3866537091358939
B_only,-1,3965,True,0.23750901520500708
B_only,-1,4193,True,0.3754663267585367
B_only,-1,4294,True,0.17818991704507103
B_only,-1,4383,True,0.40384615384615385
B_only,-1,4474,True,0.3403675753823473
B_only,-1,5068,True,0.5882352941176471
B_only,-1,5258,True,0.0
B_only,-1,5306,True,0.5833333333333334
B_only,-1,5323,True,0.65
B_only,-1,5421,True,0.6973684210526315
B_only,-1,5766,True,0.6208818470001539
B_only,-1,5877,True,0.046672264492411526
B_only,-1,5887,True,0.3584958812688448
B_only,-1,6126,True,0.25888459804067887
B_only,-1,6190,True,0.3333333333333333
B_only,-1,6224,True,0.35
B_only,-1,6465,True,0.2115218494739392
B_only,-1,6853,True,0.09135324036612229
B_only,-1,6949,True,0.5
B_only,-1,7107,True,0.3066083195062489
B_only,-1,7240,True,0.08356628694410366
B_only,-1,7937,True,0.5263157894736842
B_only,-1,8015,True,0.18276833110715227
B_only,-1,8066,True,0.3462870432070575
B_only,-1,8202,True,0.1516133257073979
B_only,-1,8321,True,0.3979591836734694
B_only,-1,9222,True,0.10172936550202397
B_only,-1,9453,True,0.5
B_only,-1,73,True,0.15665935477324963
B_only,-1,390,True,0.509090909090909
B_only,-1,424,True,0.0933534169234215
B_only,-1,715,True,0.65625
B_only,-1,915,True,0.18181818181818182
B_only,-1,1579,True,0.33748666883614953
B_only,-1,1643,True,0.05836328903317143
B_only,-1,1679,True,0.5179884114503936
B_only,-1,1982,True,0.18382011590030115
B_only,-1,2027,True,0.40387748372390914
B_only,-1,2211,True,0.3438443215019593
B_only,-1,2228,True,0.2056820417103976
B_only,-1,2352,True,0.09949538047543403
B_only,-1,2520,True,0.22625024588143736
B_only,-1,2573,True,0.20808426928912183
B_only,-1,2630,True,0.5340909090909091
B_only,-1,2666,True,0.3724642771217702
B_only,-1,2745,True,0.30985666255006583
B_only,-1,3149,True,0.4603174603174603
B_only,-1,3369,True,0.2441860465116279
B_only,-1,3617,True,0.4548399771221937
B_only,-1,3862,True,0.12619002898574327
B_only,-1,4124,True,0.47651460553528613
B_only,-1,4218,True,0.32515822613278517
B_only,-1,4268,True,0.5757575757575758
B_only,-1,4452,True,0.04582973405268682
B_only,-1,4522,True,0.422150224787106
B_only,-1,4784,True,0.6408450704225352
B_only,-1,5139,True,0.1266939229675006
B_only,-1,5438,True,0.3216267914234471
B_only,-1,5565,True,0.14181982307597804
B_only,-1,5684,True,0.4470602626141201
B_only,-1,5775,True,0.5519870746701423
B_only,-1,6110,True,0.22691171692156484
B_only,-1,6488,True,0.10237024010100058
B_only,-1,6590,True,0.40980524072961017
B_only,-1,6793,True,0.33962767699153723
B_only,-1,7090,True,0.33567862615895183
B_only,-1,7112,True,0.6745394517364727
B_only,-1,7167,True,0.4494638124131208
B_only,-1,7287,True,0.5360446523724118
B_only,-1,7370,True,0.24258132113183667
B_only,-1,7547,True,0.3482142857142857
B_only,-1,7589,True,0.04042154210770499
B_only,-1,7622,True,0.13219523894503554
B_only,-1,7640,False,0.0
B_only,-1,7757,True,0.17385676879438006
B_only,-1,8162,True,0.6607142857142857
B_only,-1,8508,True,0.09276577107789678
B_only,-1,8597,True,0.43333333333333335
B_only,-1,8771,True,0.08062340552477312
B_only,-1,288,True,0.5615308359533256
B_only,-1,635,True,0.3369185015719953
B_only,-1,654,True,0.13238347410414966
B_only,-1,699,True,0.17331294082264884
B_only,-1,743,True,0.3687315399975428
B_only,-1,946,True,0.0
B_only,-1,976,True,0.10407641076935059
B_only,-1,1144,True,0.6785714285714286
B_only,-1,1187,True,0.4074084709056515
B_only,-1,1384,True,0.1781159469764923
B_only,-1,1415,True,0.5606054182768073
B_only,-1,1443,True,0.4809773485525513
B_only,-1,1629,True,0.36953634397868745
B_only,-1,1684,True,0.0936792456945869
B_only,-1,1802,True,0.14463714378692125
B_only,-1,1914,True,0.4608548653693163
B_only,-1,2046,True,0.0
B_only,-1,2071,True,0.2871648650985355
B_only,-1,2340,True,0.10657878042714268
B_only,-1,2749,True,0.38732082818758234
B_only,-1,3517,True,0.4701327565762482
B_only,-1,3758,True,0.107021171087575
B_only,-1,4110,True,0.3304144071061654
B_only,-1,4111,True,0.0734657017195416
B_only,-1,4144,True,0.277104829110571
B_only,-1,5021,True,0.04995667716928829
B_only,-1,5032,True,0.4261974503587945
B_only,-1,5096,True,0.2271851642528483
B_only,-1,5109,True,0.5953711182481763
B_only,-1,5114,True,0.12294157221888304
B_only,-1,5977,True,0.22717796690441727
B_only,-1,5984,True,0.39623228982346004
B_only,-1,6353,True,0.5666666666666667
B_only,-1,6373,True,0.35741769816728436
B_only,-1,6539,True,0.0
B_only,-1,6554,True,0.5923076923076923
B_only,-1,6884,True,0.15667445993408086
B_only,-1,6955,True,0.11529328090229383
B_only,-1,7020,True,0.4772727272727273
B_only,-1,7029,True,0.2519113719445996
B_only,-1,7280,True,0.13317103394134178
B_only,-1,7394,True,0.18733953861925032
B_only,-1,7795,True,0.5526315789473685
B_only,-1,8108,True,0.3695652173913043
B_only,-1,8560,True,0.4074074074074074
B_only,-1,8632,True,0.4726537218942849
B_only,-1,8657,True,0.11773759469039957
B_only,-1,8777,True,0.6758241758241759
B_only,-1,9151,True,0.03707290900520301
B_only,-1,9609,True,0.48
SY_raw,-1,102,True,0.6470588235294118
SY_raw,-1,314,True,0.4725944690303712
SY_raw,-1,1068,True,0.2854665119964707
SY_raw,-1,1525,True,0.7581465001287699
SY_raw,-1,1795,True,0.6740408516019926
SY_raw,-1,1929,True,0.8657002651962312
SY_raw,-1,1931,True,0.4117647058823529
SY_raw,-1,1991,True,0.2740597210983669
SY_raw,-1,2528,True,0.845034886811666
SY_raw,-1,2697,True,0.24528665560499907
SY_raw,-1,2834,True,0.518318745110202
SY_raw,-1,2845,True,0.35554512750781136
SY_raw,-1,3031,True,0.2503892222626795
SY_raw,-1,3250,True,0.551894975111248
SY_raw,-1,3308,True,0.8254797138593897
SY_raw,-1,3402,True,0.5426460134591878
SY_raw,-1,3426,True,0.2605854327762962
SY_raw,-1,3449,True,0.9114375569734294
SY_raw,-1,3756,True,0.5082102708583184
SY_raw,-1,4141,True,0.9609923972590939
SY_raw,-1,4210,True,0.4
SY_raw,-1,4516,True,0.1525532286495769
SY_raw,-1,4692,True,0.10365609523828911
SY_raw,-1,4700,True,0.1682147506258383
SY_raw,-1,4910,False,0.0
SY_raw,-1,4962,True,1.0
SY_raw,-1,5275,True,0.6435929732739296
SY_raw,-1,5671,True,0.21496899497832458
SY_raw,-1,5683,True,0.5105513630735209
SY_raw,-1,6067,True,0.6260566226001202
SY_raw,-1,6378,True,0.9038431315257452
SY_raw,-1,6495,True,0.7783955879868817
SY_raw,-1,6868,True,0.6807351507646946
SY_raw,-1,6880,True,0.5198009257627304
SY_raw,-1,7144,True,0.6890465547087474
SY_raw,-1,7413,True,0.47168590220079354
SY_raw,-1,7526,True,0.3330445144619219
SY_raw,-1,7531,True,0.0
SY_raw,-1,7577,True,0.4727216124189397
SY_raw,-1,7621,True,0.2493166202874925
SY_raw,-1,8198,True,0.7074030026995364
SY_raw,-1,8442,True,0.21856279505579207
SY_raw,-1,8452,True,0.8019142302369453
SY_raw,-1,8476,True,0.4680395368992265
SY_raw,-1,8541,True,1.0
SY_raw,-1,8802,True,0.4887054967576192
SY_raw,-1,8816,True,0.7300504272549597
SY_raw,-1,8852,True,0.0
SY_raw,-1,9099,True,0.2631578947368421
SY_raw,-1,9479,True,0.6934264036172708
SY_raw,-1,9625,False,0.0
SY_raw,-1,96,True,0.20306626074160927
SY_raw,-1,171,True,0.8504226490400482
SY_raw,-1,328,True,0.32555575896796124
SY_raw,-1,387,True,0.29729946533846463
SY_raw,-1,754,False,0.0
SY_raw,-1,983,True,0.8584418625908629
SY_raw,-1,1039,True,0.5796499860018988
SY_raw,-1,1098,True,0.37313933286698103
SY_raw,-1,1120,True,0.43552453212757636
SY_raw,-1,1275,True,0.7081330361501028
SY_raw,-1,1343,True,0.5927526205873255
SY_raw,-1,1483,True,0.0
SY_raw,-1,2005,True,0.551780716241531
SY_raw,-1,2048,True,0.5565152021366729
SY_raw,-1,2379,True,0.9945885411811107
SY_raw,-1,2516,True,0.8041228107123486
SY_raw,-1,2601,True,0.25755098838524904
SY_raw,-1,3210,True,0.33420226128979225
SY_raw,-1,3601,True,0.6366824387328316
SY_raw,-1,3729,True,0.38595214970813646
SY_raw,-1,3832,True,0.7674084675029322
SY_raw,-1,4104,True,0.3865752278591919
SY_raw,-1,4286,True,0.5725973594356328
SY_raw,-1,4329,True,0.15256334298832724
SY_raw,-1,4553,True,0.8024399009307913
SY_raw,-1,4790,True,0.38461538461538464
SY_raw,-1,4844,True,0.01675253527208358
SY_raw,-1,4994,True,0.4630287011449683
SY_raw,-1,5020,True,0.5481194421967338
SY_raw,-1,5293,True,0.609443186533771
SY_raw,-1,5338,True,1.0
SY_raw,-1,5343,True,0.25
SY_raw,-1,5464,True,0.26956357865135405
SY_raw,-1,5560,True,0.5909090909090909
SY_raw,-1,5719,True,0.663567031010444
SY_raw,-1,6055,True,0.3589542101716347
SY_raw,-1,6121,True,0.9591146533449257
SY_raw,-1,6128,True,0.8557024290085637
SY_raw,-1,6197,True,0.9356031520592405
SY_raw,-1,6336,True,0.5441176470588235
SY_raw,-1,6577,True,0.8550442174657521
SY_raw,-1,6717,True,0.319393943239799
SY_raw,-1,6906,True,0.4727216124189397
SY_raw,-1,8550,True,0.0
SY_raw,-1,8576,True,0.5854360581851573
SY_raw,-1,8790,True,0.2524199632271303
SY_raw,-1,8840,False,0.0
SY_raw,-1,8878,True,0.27083860471955523
SY_raw,-1,9337,True,0.48253541097078617
SY_raw,-1,9501,True,0.8988780833955008
SY_raw,-1,9512,False,0.0
SY_raw,-1,45,True,0.2599085583555393
SY_raw,-1,199,True,0.2200917662980802
SY_raw,-1,458,True,0.6956171882283338
SY_raw,-1,564,True,0.9980118503687828
SY_raw,-1,717,True,0.8436666355597751
SY_raw,-1,1109,True,0.9636452638863133
SY_raw,-1,1576,True,0.17254230366890022
SY_raw,-1,1711,False,0.0
SY_raw,-1,1868,True,0.18572471022081022
SY_raw,-1,1942,True,0.7266835553939097
SY_raw,-1,2001,True,0.6685395937640126
SY_raw,-1,2217,True,0.5912567419106135
SY_raw,-1,2354,True,0.7163036561957745
SY_raw,-1,2761,True,0.29053368106414146
SY_raw,-1,2980,True,0.10672428461184166
SY_raw,-1,3021,True,0.8744336307576677
SY_raw,-1,3030,True,0.11845531876593875
SY_raw,-1,3046,True,0.25755098838524904
SY_raw,-1,3050,True,1.0
SY_raw,-1,3288,True,0.5233295126380394
SY_raw,-1,3302,True,0.2894736842105263
SY_raw,-1,3794,True,0.09796377083707077
SY_raw,-1,3920,True,0.8856364753409307
SY_raw,-1,3965,True,0.23750901520500708
SY_raw,-1,4193,True,0.7175853406941626
SY_raw,-1,4294,True,0.17818991704507103
SY_raw,-1,4383,True,0.40384615384615385
SY_raw,-1,4474,True,0.3403675753823473
SY_raw,-1,5068,True,0.7360399688942026
SY_raw,-1,5258,True,0.0
SY_raw,-1,5306,True,0.5833333333333334
SY_raw,-1,5323,True,0.9675312470866648
SY_raw,-1,5421,True,0.6973684210526315
SY_raw,-1,5766,True,0.6929763364849977
SY_raw,-1,5877,True,0.20075498143140189
SY_raw,-1,5887,True,0.7133681802316019
SY_raw,-1,6126,True,0.43407672014577253
SY_raw,-1,6190,True,0.8806796824016635
SY_raw,-1,6224,True,0.6165000673982651
SY_raw,-1,6465,True,0.2115218494739392
SY_raw,-1,6853,True,0.21198981654151994
SY_raw,-1,6949,True,0.5
SY_raw,-1,7107,True,0.7248300387158365
SY_raw,-1,7240,True,0.0
SY_raw,-1,7937,True,0.9055917840888916
SY_raw,-1,8015,True,0.18276833110715227
SY_raw,-1,8066,True,0.3462870432070575
SY_raw,-1,8202,True,0.6912887469052911
SY_raw,-1,8321,True,0.8834462200312064
SY_raw,-1,9222,True,0.10172936550202397
SY_raw,-1,9453,True,0.9666666666666666
SY_raw,-1,73,True,0.30528489648120444
SY_raw,-1,390,True,0.509090909090909
SY_raw,-1,424,True,0.20867234371117746
SY_raw,-1,715,True,0.9096739115967252
SY_raw,-1,915,True,0.7404273698672613
SY_raw,-1,1579,True,0.48317839571267257
SY_raw,-1,1643,True,0.6650883702221884
SY_raw,-1,1679,True,0.4007964631584494
SY_raw,-1,1982,True,0.6713354780581
SY_raw,-1,2027,True,0.319736341281428
SY_raw,-1,2211,True,0.3438443215019593
SY_raw,-1,2228,True,0.8128129883455436
SY_raw,-1,2352,True,0.09949538047543403
SY_raw,-1,2520,True,0.5414662417786703
SY_raw,-1,2573,True,0.29808258966827217
SY_raw,-1,2630,True,0.9711388862992577
SY_raw,-1,2666,True,0.3724642771217702
SY_raw,-1,2745,True,0.5015601340318339
SY_raw,-1,3149,True,0.4603174603174603
SY_raw,-1,3369,True,0.41053447452761876
SY_raw,-1,3617,True,0.7721706058161159
SY_raw,-1,3862,True,0.09674568888906984
SY_raw,-1,4124,True,0.931727917556228
SY_raw,-1,4218,True,0.6768123665138523
SY_raw,-1,4268,True,0.5892857142857143
SY_raw,-1,4452,True,0.09820657297004319
SY_raw,-1,4522,True,0.9147255717720967
SY_raw,-1,4784,True,0.6408450704225352
SY_raw,-1,5139,True,0.09853971786361158
SY_raw,-1,5438,True,0.48059011553666325
SY_raw,-1,5565,True,0.38813356160126694
SY_raw,-1,5684,True,0.578548575147685
SY_raw,-1,5775,True,0.5253394459237916
SY_raw,-1,6110,True,0.5822497529178089
SY_raw,-1,6488,True,0.10860147210714845
SY_raw,-1,6590,True,0.7321765605118505
SY_raw,-1,6793,True,0.33962767699153723
SY_raw,-1,7090,True,0.6536032030919725
SY_raw,-1,7112,True,0.6745394517364727
SY_raw,-1,7167,True,0.871111454349026
SY_raw,-1,7287,True,0.5170578294870148
SY_raw,-1,7370,True,0.554749330030354
SY_raw,-1,7547,True,0.3125
SY_raw,-1,7589,True,0.7814919942282101
SY_raw,-1,7622,True,0.5761837701459563
SY_raw,-1,7640,False,0.0
SY_raw,-1,7757,True,0.44572722539281495
SY_raw,-1,8162,True,0.8806796824016635
SY_raw,-1,8508,True,0.09276577107789678
SY_raw,-1,8597,True,0.9659162305388151
SY_raw,-1,8771,True,0.3903800499921017
SY_raw,-1,288,True,0.5346577252883659
SY_raw,-1,635,True,0.8673383065423688
SY_raw,-1,654,True,0.0
SY_raw,-1,699,True,0.31196329348076796
SY_raw,-1,743,True,0.844982633613683
SY_raw,-1,946,True,0.0
SY_raw,-1,976,True,0.15611461615402591
SY_raw,-1,1144,True,0.8672105081730397
SY_raw,-1,1187,True,0.962176048569354
SY_raw,-1,1384,True,0.7864704352730059
SY_raw,-1,1415,True,0.5236424236651497
SY_raw,-1,1443,True,0.6863869066310664
SY_raw,-1,1629,True,0.40677697640264404
SY_raw,-1,1684,True,0.25128080021606836
SY_raw,-1,1802,True,0.7513096080042853
SY_raw,-1,1914,True,0.14793364380654583
SY_raw,-1,2046,True,0.28397245863052156
SY_raw,-1,2071,True,0.2871648650985355
SY_raw,-1,2340,True,0.23615908910599326
SY_raw,-1,2749,True,0.8127037398449202
SY_raw,-1,3517,True,0.6991439134229789
SY_raw,-1,3758,True,0.107021171087575
SY_raw,-1,4110,True,0.04505651005993164
SY_raw,-1,4111,True,0.0960705330178621
SY_raw,-1,4144,True,0.3508234375915576
SY_raw,-1,5021,True,0.3774069220003874
SY_raw,-1,5032,True,0.32278873406766145
SY_raw,-1,5096,True,0.2271851642528483
SY_raw,-1,5109,True,0.784124110567329
SY_raw,-1,5114,True,0.11421909748665927
SY_raw,-1,5977,True,0.0
SY_raw,-1,5984,True,0.483993115081781
SY_raw,-1,6353,True,0.8482857409487643
SY_raw,-1,6373,True,0.7184719219810323
SY_raw,-1,6539,True,0.27858706533121536
SY_raw,-1,6554,True,0.6770692469827989
SY_raw,-1,6884,True,0.0
SY_raw,-1,6955,True,0.7695944712244619
SY_raw,-1,7020,True,0.7033066978632655
SY_raw,-1,7029,True,0.5968075435466226
SY_raw,-1,7280,True,0.18494660262083448
SY_raw,-1,7394,True,0.5536906854231451
SY_raw,-1,7795,True,0.5526315789473685
SY_raw,-1,8108,True,0.3695652173913043
SY_raw,-1,8560,True,0.7272727272727273
SY_raw,-1,8632,True,0.09838041270197788
SY_raw,-1,8657,True,0.07173790587132974
SY_raw,-1,8777,True,0.6758241758241759
SY_raw,-1,9151,True,0.4566512201298472
SY_raw,-1,9609,True,0.7562786769681501
SY_esco,-1,102,True,0.6470588235294118
SY_esco,-1,314,True,0.42895193004054183
SY_esco,-1,1068,True,0.7067949933019004
SY_esco,-1,1525,True,0.7691130024938932
SY_esco,-1,1795,True,0.903043272898056
SY_esco,-1,1929,True,0.8920411011353053
SY_esco,-1,1931,True,0.4117647058823529
SY_esco,-1,1991,True,0.353282309353756
SY_esco,-1,2528,True,0.8630187028034085
SY_esco,-1,2697,True,0.13024719123593828
SY_esco,-1,2834,True,0.5879576749220642
SY_esco,-1,2845,True,0.35554512750781136
SY_esco,-1,3031,True,0.8057354761912182
SY_esco,-1,3250,True,0.7641400331850026
SY_esco,-1,3308,True,0.8790614223530668
SY_esco,-1,3402,True,0.7601933990039158
SY_esco,-1,3426,True,0.837625059081231
SY_esco,-1,3449,True,0.8338300221186923
SY_esco,-1,3756,True,0.401202352278067
SY_esco,-1,4141,True,0.9609923972590939
SY_esco,-1,4210,True,0.6032333737722925
SY_esco,-1,4516,True,0.4771184209465262
SY_esco,-1,4692,True,0.10365609523828911
SY_esco,-1,4700,True,0.699740509679751
SY_esco,-1,4910,False,0.0
SY_esco,-1,4962,True,1.0
SY_esco,-1,5275,True,0.6969778789139328
SY_esco,-1,5671,True,0.21496899497832458
SY_esco,-1,5683,True,0.39818321178877725
SY_esco,-1,6067,True,0.8227481287041092
SY_esco,-1,6378,True,0.8834462200312064
SY_esco,-1,6495,True,0.7715060182648384
SY_esco,-1,6868,True,0.6248613138757652
SY_esco,-1,6880,True,0.9431016020202811
SY_esco,-1,7144,True,0.7497836601912342
SY_esco,-1,7413,True,0.47168590220079354
SY_esco,-1,7526,True,0.2782973132336904
SY_esco,-1,7531,True,0.0
SY_esco,-1,7577,True,0.4727216124189397
SY_esco,-1,7621,True,0.942150531167077
SY_esco,-1,8198,True,0.5180726561514268
SY_esco,-1,8442,True,0.531237960526477
SY_esco,-1,8452,True,0.7943337222971871
SY_esco,-1,8476,True,0.5151948574649533
SY_esco,-1,8541,True,1.0
SY_esco,-1,8802,True,0.4887054967576192
SY_esco,-1,8816,True,0.5964785341167868
SY_esco,-1,8852,True,0.4868252959182013
SY_esco,-1,9099,True,0.3075587043547033
SY_esco,-1,9479,True,1.0
SY_esco,-1,9625,False,0.0
SY_esco,-1,96,True,0.20306626074160927
SY_esco,-1,171,True,0.8504226490400482
SY_esco,-1,328,True,0.32555575896796124
SY_esco,-1,387,True,0.9106684041994341
SY_esco,-1,754,False,0.0
SY_esco,-1,983,True,0.7578909916514541
SY_esco,-1,1039,True,0.6734158673358916
SY_esco,-1,1098,True,0.38050027919404644
SY_esco,-1,1120,True,0.459608961865173
SY_esco,-1,1275,True,0.8387151180960973
SY_esco,-1,1343,True,0.6236712869446068
SY_esco,-1,1483,True,0.7007919323057772
SY_esco,-1,2005,True,0.6737031293700028
SY_esco,-1,2048,True,0.7916801916303994
SY_esco,-1,2379,True,1.0
SY_esco,-1,2516,True,0.8041228107123486
SY_esco,-1,2601,True,0.9527886029463102
SY_esco,-1,3210,True,0.2606470953017093
SY_esco,-1,3601,True,0.7004458828720981
SY_esco,-1,3729,True,0.37483033614931505
SY_esco,-1,3832,True,0.7674084675029322
SY_esco,-1,4104,True,0.3865752278591919
SY_esco,-1,4286,True,0.5725973594356328
SY_esco,-1,4329,True,0.4811428686894425
SY_esco,-1,4553,True,0.6834253396181492
SY_esco,-1,4790,True,0.38461538461538464
SY_esco,-1,4844,True,0.01675253527208358
SY_esco,-1,4994,True,0.6921986961454888
SY_esco,-1,5020,True,0.6040255245703835
SY_esco,-1,5293,True,0.754907042546931
SY_esco,-1,5338,True,0.9333333333333335
SY_esco,-1,5343,True,0.7287198536655178
SY_esco,-1,5464,True,0.7250161039137244
SY_esco,-1,5560,True,0.6809466316673966
SY_esco,-1,5719,True,0.7616291946933931
SY_esco,-1,6055,True,0.4440973278132557
SY_esco,-1,6121,True,0.9102614474570913
SY_esco,-1,6128,True,0.8353647403154192
SY_esco,-1,6197,True,0.6682256282971772
SY_esco,-1,6336,True,0.7118515646850014
SY_esco,-1,6577,True,0.8312230681055434
SY_esco,-1,6717,True,0.7224242270408039
SY_esco,-1,6906,True,0.4727216124189397
SY_esco,-1,8550,True,0.3467132018086354
SY_esco,-1,8576,True,0.7856708835131947
SY_esco,-1,8790,True,0.2524199632271303
SY_esco,-1,8840,False,0.0
SY_esco,-1,8878,True,0.843568502361511
SY_esco,-1,9337,True,0.3391626594641265
SY_esco,-1,9501,True,0.8987694813911424
SY_esco,-1,9512,False,0.0
SY_esco,-1,45,True,0.7971978576266574
SY_esco,-1,199,True,0.25235535599181314
SY_esco,-1,458,True,0.7619663910328766
SY_esco,-1,564,True,0.9980118503687828
SY_esco,-1,717,True,0.3213095225867694
SY_esco,-1,1109,True,0.7818942288451127
SY_esco,-1,1576,True,0.7082307893256964
SY_esco,-1,1711,False,0.0
SY_esco,-1,1868,True,0.05843259882841329
SY_esco,-1,1942,True,0.5785585580390552
SY_esco,-1,2001,True,0.14185569699718498
SY_esco,-1,2217,True,0.5912567419106135
SY_esco,-1,2354,True,0.7112212247780532
SY_esco,-1,2761,True,0.5804160229890245
SY_esco,-1,2980,True,0.247993222076698
SY_esco,-1,3021,True,0.5716395501682233
SY_esco,-1,3030,True,0.11845531876593875
SY_esco,-1,3046,True,0.5609572712282184
SY_esco,-1,3050,True,1.0
SY_esco,-1,3288,True,0.8367853310792215
SY_esco,-1,3302,True,0.7505566456305226
SY_esco,-1,3794,True,0.3895489382793526
SY_esco,-1,3920,True,0.9466842370389994
SY_esco,-1,3965,True,0.23750901520500708
SY_esco,-1,4193,True,0.7878243038526165
SY_esco,-1,4294,True,0.17818991704507103
SY_esco,-1,4383,True,0.8069091248438818
SY_esco,-1,4474,True,0.5271816673052844
SY_esco,-1,5068,True,0.7945968898892376
SY_esco,-1,5258,True,0.0
SY_esco,-1,5306,True,0.8953478725422362
SY_esco,-1,5323,True,0.8035798831863075
SY_esco,-1,5421,True,0.7665146566671035
SY_esco,-1,5766,True,0.8250621193313137
SY_esco,-1,5877,True,0.14152588223626716
SY_esco,-1,5887,True,0.6377161897012651
SY_esco,-1,6126,True,0.021419420330109972
SY_esco,-1,6190,True,0.8001589020583914
SY_esco,-1,6224,True,0.9350624941733298
SY_esco,-1,6465,True,0.5669706748363195
SY_esco,-1,6853,True,0.9486685135219005
SY_esco,-1,6949,True,0.5
SY_esco,-1,7107,True,0.3671756157262094
SY_esco,-1,7240,True,0.0
SY_esco,-1,7937,True,0.9698638371689177
SY_esco,-1,8015,True,0.18276833110715227
SY_esco,-1,8066,True,0.4130393903940135
SY_esco,-1,8202,True,0.6757802552650124
SY_esco,-1,8321,True,0.8834462200312064
SY_esco,-1,9222,True,0.4599660973055991
SY_esco,-1,9453,True,0.9375
SY_esco,-1,73,True,0.30528489648120444
SY_esco,-1,390,True,0.509090909090909
SY_esco,-1,424,True,0.20867234371117746
SY_esco,-1,715,True,0.8684587737027669
SY_esco,-1,915,True,0.662029100888586
SY_esco,-1,1579,True,0.6901813514228653
SY_esco,-1,1643,True,0.8063381748228982
SY_esco,-1,1679,True,0.6589812915298274
SY_esco,-1,1982,True,0.590482836993699
SY_esco,-1,2027,True,0.7696054629784307
SY_esco,-1,2211,True,0.5274220774432425
SY_esco,-1,2228,True,0.7609839023677918
SY_esco,-1,2352,True,0.09949538047543403
SY_esco,-1,2520,True,0.9518026084489469
SY_esco,-1,2573,True,0.12968034515365634
SY_esco,-1,2630,True,0.9711388862992577
SY_esco,-1,2666,True,0.6664683588675944
SY_esco,-1,2745,True,0.08154122698685944
SY_esco,-1,3149,True,0.4603174603174603
SY_esco,-1,3369,True,0.7686308942637041
SY_esco,-1,3617,True,0.7065051026508888
SY_esco,-1,3862,True,0.09674568888906984
SY_esco,-1,4124,True,0.9446140829253769
SY_esco,-1,4218,True,0.7135405560545816
SY_esco,-1,4268,True,0.7387615995409843
SY_esco,-1,4452,True,0.09820657297004319
SY_esco,-1,4522,True,0.8847609085557032
SY_esco,-1,4784,True,0.7158905720085863
SY_esco,-1,5139,True,0.06688426369483394
SY_esco,-1,5438,True,0.6687875267266263
SY_esco,-1,5565,True,0.6196905727760397
SY_esco,-1,5684,True,0.578548575147685
SY_esco,-1,5775,True,0.5924028417622637
SY_esco,-1,6110,True,0.7811179050025585
SY_esco,-1,6488,True,0.05766737155413316
SY_esco,-1,6590,True,0.7321765605118505
SY_esco,-1,6793,True,0.5738801173228435
SY_esco,-1,7090,True,0.7425255760843115
SY_esco,-1,7112,True,0.778504858521021
SY_esco,-1,7167,True,0.7770317131269338
SY_esco,-1,7287,True,0.5123334180108696
SY_esco,-1,7370,True,0.839108895491871
SY_esco,-1,7547,True,0.6923076923076923
SY_esco,-1,7589,True,0.5561901787777064
SY_esco,-1,7622,True,0.5306586500334837
SY_esco,-1,7640,False,0.0
SY_esco,-1,7757,True,0.7610922830824718
SY_esco,-1,8162,True,0.9479789326777195
SY_esco,-1,8508,True,0.7227569783160201
SY_esco,-1,8597,True,0.8475187359113502
SY_esco,-1,8771,True,0.6366824387328316
SY_esco,-1,288,True,0.8485592444737267
SY_esco,-1,635,True,0.8103732966493312
SY_esco,-1,654,True,0.0
SY_esco,-1,699,True,0.532055059778848
SY_esco,-1,743,True,0.7752636974305127
SY_esco,-1,946,True,0.5
SY_esco,-1,976,True,0.2813418165452137
SY_esco,-1,1144,True,0.9183987943923301
SY_esco,-1,1187,True,0.962176048569354
SY_esco,-1,1384,True,0.750932842556415
SY_esco,-1,1415,True,0.5606054182768073
SY_esco,-1,1443,True,0.8690140942585427
SY_esco,-1,1629,True,0.6868790961364625
SY_esco,-1,1684,True,0.4310215144742043
SY_esco,-1,1802,True,0.7376494333132982
SY_esco,-1,1914,True,0.8806796824016635
SY_esco,-1,2046,True,0.46533827903669644
SY_esco,-1,2071,True,0.2871648650985355
SY_esco,-1,2340,True,0.4862053274556043
SY_esco,-1,2749,True,0.8765631635739382
SY_esco,-1,3517,True,0.9125438017548957
SY_esco,-1,3758,True,0.06997758057115495
SY_esco,-1,4110,True,0.9786881382692252
SY_esco,-1,4111,True,0.48132268870410116
SY_esco,-1,4144,True,0.915032738769752
SY_esco,-1,5021,True,0.32312981589118034
SY_esco,-1,5032,True,0.42661541274101467
SY_esco,-1,5096,True,0.7528934640490499
SY_esco,-1,5109,True,0.784124110567329
SY_esco,-1,5114,True,0.45666218151932547
SY_esco,-1,5977,True,0.0
SY_esco,-1,5984,True,0.8244449910317194
SY_esco,-1,6353,True,0.7142857142857143
SY_esco,-1,6373,True,0.6248670412549985
SY_esco,-1,6539,True,0.57064171895532
SY_esco,-1,6554,True,0.9184407095853491
SY_esco,-1,6884,True,1.0
SY_esco,-1,6955,True,0.7511302415954498
SY_esco,-1,7020,True,0.8615974360110423
SY_esco,-1,7029,True,0.7599004628813653
SY_esco,-1,7280,True,0.49819635678623003
SY_esco,-1,7394,True,0.7619243953640188
SY_esco,-1,7795,True,0.5526315789473685
SY_esco,-1,8108,True,0.6043203311585412
SY_esco,-1,8560,True,0.7272727272727273
SY_esco,-1,8632,True,0.6831136177345234
SY_esco,-1,8657,True,0.7731525344881807
SY_esco,-1,8777,True,0.744363412286593
SY_esco,-1,9151,True,0.3815500580834212
SY_esco,-1,9609,True,0.7863180700572117
KB_hop_esco,-1,102,True,0.49732079026266707
KB_hop_esco,-1,314,True,0.6232649405150734
KB_hop_esco,-1,1068,True,0.7646257799833812
KB_hop_esco,-1,1525,True,0.7524867097382386
KB_hop_esco,-1,1795,True,0.9477644337029361
KB_hop_esco,-1,1929,True,0.8920411011353053
KB_hop_esco,-1,1931,True,0.45484422125791807
KB_hop_esco,-1,1991,True,0.3825631144156967
KB_hop_esco,-1,2528,True,0.8946792735695892
KB_hop_esco,-1,2697,True,0.25057480992442693
KB_hop_esco,-1,2834,True,0.5955200652917697
KB_hop_esco,-1,2845,True,0.29180999702471955
KB_hop_esco,-1,3031,True,0.9118598067295476
KB_hop_esco,-1,3250,True,0.7268822036032294
KB_hop_esco,-1,3308,True,0.996916064100455
KB_hop_esco,-1,3402,True,0.912515177744544
KB_hop_esco,-1,3426,True,0.8847049093975123
KB_hop_esco,-1,3449,True,0.8706206391653363
KB_hop_esco,-1,3756,True,0.5991340560502852
KB_hop_esco,-1,4141,True,1.0
KB_hop_esco,-1,4210,True,0.6303437612824278
KB_hop_esco,-1,4516,True,0.6558123938079605
KB_hop_esco,-1,4692,True,0.638787886479598
KB_hop_esco,-1,4700,True,0.6165377315022085
KB_hop_esco,-1,4910,False,0.0
KB_hop_esco,-1,4962,True,0.9266360779006398
KB_hop_esco,-1,5275,True,0.698018756223485
KB_hop_esco,-1,5671,True,0.534315837008528
KB_hop_esco,-1,5683,True,0.3226859369494218
KB_hop_esco,-1,6067,True,0.875789343600947
KB_hop_esco,-1,6378,True,0.8981969253375276
KB_hop_esco,-1,6495,True,0.744702000020109
KB_hop_esco,-1,6868,True,0.7110601055263694
KB_hop_esco,-1,6880,True,0.7910489828906102
KB_hop_esco,-1,7144,True,0.5527198165153729
KB_hop_esco,-1,7413,True,0.46440477705394356
KB_hop_esco,-1,7526,True,0.20424960638019773
KB_hop_esco,-1,7531,True,0.2948042159883378
KB_hop_esco,-1,7577,True,0.38685280723454163
KB_hop_esco,-1,7621,True,0.9816815593868115
KB_hop_esco,-1,8198,True,0.644871918809765
KB_hop_esco,-1,8442,True,0.6235560160542406
KB_hop_esco,-1,8452,True,0.7932417264687062
KB_hop_esco,-1,8476,True,0.7320196234445758
KB_hop_esco,-1,8541,True,1.0
KB_hop_esco,-1,8802,True,0.4887054967576192
KB_hop_esco,-1,8816,True,0.563617597614115
KB_hop_esco,-1,8852,True,0.32739495038873945
KB_hop_esco,-1,9099,True,0.6116794470209564
KB_hop_esco,-1,9479,True,0.4217734095488642
KB_hop_esco,-1,9625,False,0.0
KB_hop_esco,-1,96,True,0.0
KB_hop_esco,-1,171,True,0.9297863150663693
KB_hop_esco,-1,328,True,0.11751610475642699
KB_hop_esco,-1,387,True,0.9699972248440268
KB_hop_esco,-1,754,False,0.0
KB_hop_esco,-1,983,True,0.8185726042768946
KB_hop_esco,-1,1039,True,0.6855491278479606
KB_hop_esco,-1,1098,True,0.6122431406022225
KB_hop_esco,-1,1120,True,0.5225185722469563
KB_hop_esco,-1,1275,True,0.8649904590830048
KB_hop_esco,-1,1343,True,0.6707260410425051
KB_hop_esco,-1,1483,True,0.7774312796841549
KB_hop_esco,-1,2005,True,0.43740440822677956
KB_hop_esco,-1,2048,True,0.8641061730553203
KB_hop_esco,-1,2379,True,0.9620594522304912
KB_hop_esco,-1,2516,True,0.8706144668154936
KB_hop_esco,-1,2601,True,0.8713019385343581
KB_hop_esco,-1,3210,True,0.3475881163553997
KB_hop_esco,-1,3601,True,0.5855700749881525
KB_hop_esco,-1,3729,True,0.3428822866425549
KB_hop_esco,-1,3832,True,0.764721941518619
KB_hop_esco,-1,4104,True,0.42503152484777074
KB_hop_esco,-1,4286,True,0.705179855997632
KB_hop_esco,-1,4329,True,0.5188410894461168
KB_hop_esco,-1,4553,True,0.8052141105045797
KB_hop_esco,-1,4790,True,0.19331824344014123
KB_hop_esco,-1,4844,True,0.7378896865433323
KB_hop_esco,-1,4994,True,0.6759961240558198
KB_hop_esco,-1,5020,True,0.552179513405798
KB_hop_esco,-1,5293,True,0.7470014762702083
KB_hop_esco,-1,5338,True,0.8676638826091726
KB_hop_esco,-1,5343,True,0.7151857987862356
KB_hop_esco,-1,5464,True,0.6448901393445491
KB_hop_esco,-1,5560,True,0.648904781066159
KB_hop_esco,-1,5719,True,0.7661096310302544
KB_hop_esco,-1,6055,True,0.4440973278132557
KB_hop_esco,-1,6121,True,1.0
KB_hop_esco,-1,6128,True,0.8350867580720797
KB_hop_esco,-1,6197,True,0.539633356521652
KB_hop_esco,-1,6336,True,0.7932103358169172
KB_hop_esco,-1,6577,True,0.9228839203734178
KB_hop_esco,-1,6717,True,0.9387553925295152
KB_hop_esco,-1,6906,True,0.0
KB_hop_esco,-1,8550,True,0.6131471927654585
KB_hop_esco,-1,8576,True,0.7627039242193163
KB_hop_esco,-1,8790,True,1.0
KB_hop_esco,-1,8840,False,0.0
KB_hop_esco,-1,8878,True,0.9064683133241299
KB_hop_esco,-1,9337,True,0.42725971709849436
KB_hop_esco,-1,9501,True,0.8729584867930504
KB_hop_esco,-1,9512,False,0.0
KB_hop_esco,-1,45,True,0.9534629892599457
KB_hop_esco,-1,199,True,0.2832325164972662
KB_hop_esco,-1,458,True,0.8341531634553964
KB_hop_esco,-1,564,True,1.0
KB_hop_esco,-1,717,True,0.2122263659729146
KB_hop_esco,-1,1109,True,0.8150213405723072
KB_hop_esco,-1,1576,True,0.6940039225860994
KB_hop_esco,-1,1711,False,0.0
KB_hop_esco,-1,1868,True,0.23719771276929624
KB_hop_esco,-1,1942,True,0.7986427581562272
KB_hop_esco,-1,2001,True,0.4388334644112067
KB_hop_esco,-1,2217,True,0.554480333101462
KB_hop_esco,-1,2354,True,0.7661963720399628
KB_hop_esco,-1,2761,True,0.7223397620031282
KB_hop_esco,-1,2980,True,0.25588525209627233
KB_hop_esco,-1,3021,True,0.5830945486636198
KB_hop_esco,-1,3030,True,0.3023485475934802
KB_hop_esco,-1,3046,True,0.8079963537054556
KB_hop_esco,-1,3050,True,1.0
KB_hop_esco,-1,3288,True,0.9236440639390741
KB_hop_esco,-1,3302,True,0.7926553935664475
KB_hop_esco,-1,3794,True,0.41367451964613355
KB_hop_esco,-1,3920,True,0.9455169694465136
KB_hop_esco,-1,3965,True,0.11983138196376775
KB_hop_esco,-1,4193,True,0.8029018747600424
KB_hop_esco,-1,4294,True,0.28857998285258973
KB_hop_esco,-1,4383,True,0.8369985603841883
KB_hop_esco,-1,4474,True,0.6287709114079659
KB_hop_esco,-1,5068,True,0.6500332220485792
KB_hop_esco,-1,5258,True,0.0
KB_hop_esco,-1,5306,True,0.9286024279819313
KB_hop_esco,-1,5323,True,0.9350624941733298
KB_hop_esco,-1,5421,True,0.7799466255267947
KB_hop_esco,-1,5766,True,0.8056109294744227
KB_hop_esco,-1,5877,True,0.3256858125400687
KB_hop_esco,-1,5887,True,0.7169928393943552
KB_hop_esco,-1,6126,True,0.22485174766247457
KB_hop_esco,-1,6190,True,0.8170707696503853
KB_hop_esco,-1,6224,True,1.0
KB_hop_esco,-1,6465,True,0.7126768922913825
KB_hop_esco,-1,6853,True,0.8349405725530505
KB_hop_esco,-1,6949,True,0.507952598524869
KB_hop_esco,-1,7107,True,0.49824257230146196
KB_hop_esco,-1,7240,True,0.3868528072345415
KB_hop_esco,-1,7937,True,1.0
KB_hop_esco,-1,8015,True,0.3521795376022777
KB_hop_esco,-1,8066,True,0.6124867006925294
KB_hop_esco,-1,8202,True,0.6807270630722091
KB_hop_esco,-1,8321,True,0.8627413149922835
KB_hop_esco,-1,9222,True,0.7282312233536861
KB_hop_esco,-1,9453,True,0.9061983158385782
KB_hop_esco,-1,73,True,0.47630513738443364
KB_hop_esco,-1,390,True,0.575
KB_hop_esco,-1,424,True,0.848746651156121
KB_hop_esco,-1,715,True,0.8500862395606019
KB_hop_esco,-1,915,True,0.7510916729774054
KB_hop_esco,-1,1579,True,0.4919578956144203
KB_hop_esco,-1,1643,True,0.949578683519618
KB_hop_esco,-1,1679,True,0.7976181110746507
KB_hop_esco,-1,1982,True,0.4304214937502646
KB_hop_esco,-1,2027,True,0.5828147277961349
KB_hop_esco,-1,2211,True,0.7971387091286369
KB_hop_esco,-1,2228,True,0.700600966048237
KB_hop_esco,-1,2352,True,0.20438239758848625
KB_hop_esco,-1,2520,True,0.8996073772425034
KB_hop_esco,-1,2573,True,0.15840915256850244
KB_hop_esco,-1,2630,True,0.9711388862992575
KB_hop_esco,-1,2666,True,0.8065809598942866
KB_hop_esco,-1,2745,True,0.17042578351918886
KB_hop_esco,-1,3149,True,0.7827369764961095
KB_hop_esco,-1,3369,True,0.7686308942637041
KB_hop_esco,-1,3617,True,0.7014555261995451
KB_hop_esco,-1,3862,True,0.09614715734857844
KB_hop_esco,-1,4124,True,0.7937427626478056
KB_hop_esco,-1,4218,True,0.933203659805456
KB_hop_esco,-1,4268,True,0.8490785927268366
KB_hop_esco,-1,4452,True,0.0
KB_hop_esco,-1,4522,True,0.8500383978310815
KB_hop_esco,-1,4784,True,0.978335882397169
KB_hop_esco,-1,5139,True,0.26853572298423223
KB_hop_esco,-1,5438,True,0.6612216410240148
KB_hop_esco,-1,5565,True,0.6283177838433689
KB_hop_esco,-1,5684,True,0.3787069459902422
KB_hop_esco,-1,5775,True,0.7537008945541891
KB_hop_esco,-1,6110,True,0.7811179050025584
KB_hop_esco,-1,6488,True,0.22415199495126517
KB_hop_esco,-1,6590,True,0.6515320489691641
KB_hop_esco,-1,6793,True,0.7487553370751193
KB_hop_esco,-1,7090,True,0.8887937865883753
KB_hop_esco,-1,7112,True,0.7553544384760387
KB_hop_esco,-1,7167,True,0.7850203288008617
KB_hop_esco,-1,7287,True,0.4491724015958642
KB_hop_esco,-1,7370,True,0.9900601725165115
KB_hop_esco,-1,7547,True,0.6923076923076923
KB_hop_esco,-1,7589,True,0.5760649772526676
KB_hop_esco,-1,7622,True,0.6661583244455849
KB_hop_esco,-1,7640,False,0.0
KB_hop_esco,-1,7757,True,0.7648623153569168
KB_hop_esco,-1,8162,True,0.9207954237157487
KB_hop_esco,-1,8508,True,0.647788333226937
KB_hop_esco,-1,8597,True,0.8082311843319416
KB_hop_esco,-1,8771,True,0.804809975003949
KB_hop_esco,-1,288,True,0.8248472559366093
KB_hop_esco,-1,635,True,0.7912995913096379
KB_hop_esco,-1,654,True,0.0
KB_hop_esco,-1,699,True,0.504288993850361
KB_hop_esco,-1,743,True,0.8214466234929777
KB_hop_esco,-1,946,True,0.30657359638272924
KB_hop_esco,-1,976,True,0.2748763329142909
KB_hop_esco,-1,1144,True,0.7863240159719719
KB_hop_esco,-1,1187,True,0.9518931934677141
KB_hop_esco,-1,1384,True,0.799962547064447
KB_hop_esco,-1,1415,True,0.6504268401334008
KB_hop_esco,-1,1443,True,0.9096978503548895
KB_hop_esco,-1,1629,True,0.5995088779570514
KB_hop_esco,-1,1684,True,0.20845080532622157
KB_hop_esco,-1,1802,True,0.7130047198096138
KB_hop_esco,-1,1914,True,0.9032964483673395
KB_hop_esco,-1,2046,True,1.0
KB_hop_esco,-1,2071,True,0.34062047319349287
KB_hop_esco,-1,2340,True,0.6886242350870596
KB_hop_esco,-1,2749,True,0.8696840802133303
KB_hop_esco,-1,3517,True,0.9640188738502137
KB_hop_esco,-1,3758,True,0.5512498581870512
KB_hop_esco,-1,4110,True,0.9687114388957231
KB_hop_esco,-1,4111,True,0.39325912586965384
KB_hop_esco,-1,4144,True,0.9999999999999999
KB_hop_esco,-1,5021,True,0.5349923590023461
KB_hop_esco,-1,5032,True,0.7205915952450002
KB_hop_esco,-1,5096,True,0.6943669444037005
KB_hop_esco,-1,5109,True,0.8690140942585427
KB_hop_esco,-1,5114,True,0.5152298393351309
KB_hop_esco,-1,5977,True,0.0
KB_hop_esco,-1,5984,True,0.8899054766629441
KB_hop_esco,-1,6353,True,0.9342682445527325
KB_hop_esco,-1,6373,True,0.7507284676546236
KB_hop_esco,-1,6539,True,0.57064171895532
KB_hop_esco,-1,6554,True,0.9059625241448755
KB_hop_esco,-1,6884,True,0.5
KB_hop_esco,-1,6955,True,0.7346405446977217
KB_hop_esco,-1,7020,True,0.8316597352578939
KB_hop_esco,-1,7029,True,0.7821925170251891
KB_hop_esco,-1,7280,True,0.4599267412451047
KB_hop_esco,-1,7394,True,0.7569089432871686
KB_hop_esco,-1,7795,True,0.5347156109683886
KB_hop_esco,-1,8108,True,0.5645441593704201
KB_hop_esco,-1,8560,True,0.646354652750296
KB_hop_esco,-1,8632,True,0.7802153547674866
KB_hop_esco,-1,8657,True,0.5779243454450282
KB_hop_esco,-1,8777,True,0.7807557525360209
KB_hop_esco,-1,9151,True,0.459208592713934
KB_hop_esco,-1,9609,True,0.721801830382049
KB_neighbor_esco,-1,102,True,0.9102614474570913
KB_neighbor_esco,-1,314,True,0.45151088905849746
KB_neighbor_esco,-1,1068,True,0.7544576882215064
KB_neighbor_esco,-1,1525,True,0.79758828853026
KB_neighbor_esco,-1,1795,True,0.9062929116849743
KB_neighbor_esco,-1,1929,True,0.9209938634928277
KB_neighbor_esco,-1,1931,True,0.12081212777797648
KB_neighbor_esco,-1,1991,True,0.088798739491056
KB_neighbor_esco,-1,2528,True,0.9643375260444943
KB_neighbor_esco,-1,2697,True,0.3760780806131782
KB_neighbor_esco,-1,2834,True,0.7401239162483176
KB_neighbor_esco,-1,2845,True,0.6470909873309095
KB_neighbor_esco,-1,3031,True,0.9614328436951057
KB_neighbor_esco,-1,3250,True,0.7739110306635087
KB_neighbor_esco,-1,3308,True,0.9132328642509748
KB_neighbor_esco,-1,3402,True,0.6166369733162059
KB_neighbor_esco,-1,3426,True,0.9523523263534116
KB_neighbor_esco,-1,3449,True,0.6647483095938924
KB_neighbor_esco,-1,3756,True,0.6177639991612475
KB_neighbor_esco,-1,4141,True,0.9276737537834677
KB_neighbor_esco,-1,4210,True,0.6053223406282081
KB_neighbor_esco,-1,4516,True,0.5815177921182945
KB_neighbor_esco,-1,4692,True,0.40303028380100486
KB_neighbor_esco,-1,4700,True,0.6485029029574816
KB_neighbor_esco,-1,4910,False,0.0
KB_neighbor_esco,-1,4962,True,0.8899541168509599
KB_neighbor_esco,-1,5275,True,0.7635216364353956
KB_neighbor_esco,-1,5671,True,0.5194653797164627
KB_neighbor_esco,-1,5683,True,0.3877795654339318
KB_neighbor_esco,-1,6067,True,0.9286024279819313
KB_neighbor_esco,-1,6378,True,0.8955334471626266
KB_neighbor_esco,-1,6495,True,0.7510838117501475
KB_neighbor_esco,-1,6868,True,0.7688336880756733
KB_neighbor_esco,-1,6880,True,0.7642333257924748
KB_neighbor_esco,-1,7144,True,0.7000023860472645
KB_neighbor_esco,-1,7413,True,0.6264577119366704
KB_neighbor_esco,-1,7526,True,0.14308287213358256
KB_neighbor_esco,-1,7531,True,0.43031850623920964
KB_neighbor_esco,-1,7577,True,0.3010299956639808
KB_neighbor_esco,-1,7621,True,0.8864607042648377
KB_neighbor_esco,-1,8198,True,0.460841631468509
KB_neighbor_esco,-1,8442,True,0.44752060680283173
KB_neighbor_esco,-1,8452,True,0.8321548737835297
KB_neighbor_esco,-1,8476,True,0.6391404125895762
KB_neighbor_esco,-1,8541,True,1.0
KB_neighbor_esco,-1,8802,True,0.6134214419971765
KB_neighbor_esco,-1,8816,True,0.6608232715180212
KB_neighbor_esco,-1,8852,True,0.25339584447728963
KB_neighbor_esco,-1,9099,True,0.4152807670887413
KB_neighbor_esco,-1,9479,True,0.4413074093566384
KB_neighbor_esco,-1,9625,False,0.0
KB_neighbor_esco,-1,96,True,0.0
KB_neighbor_esco,-1,171,True,0.7791302218808763
KB_neighbor_esco,-1,328,True,0.11518062305268108
KB_neighbor_esco,-1,387,True,0.7301621186384913
KB_neighbor_esco,-1,754,False,0.0
KB_neighbor_esco,-1,983,True,0.8839278099305758
KB_neighbor_esco,-1,1039,True,0.6886553278219008
KB_neighbor_esco,-1,1098,True,0.4274911913344115
KB_neighbor_esco,-1,1120,True,0.5109559939712155
KB_neighbor_esco,-1,1275,True,0.7619047336300248
KB_neighbor_esco,-1,1343,True,0.6670326695810984
KB_neighbor_esco,-1,1483,True,0.7936329220437329
KB_neighbor_esco,-1,2005,True,0.46392645631755625
KB_neighbor_esco,-1,2048,True,0.7210837940836745
KB_neighbor_esco,-1,2379,True,1.0
KB_neighbor_esco,-1,2516,True,0.7207049464421057
KB_neighbor_esco,-1,2601,True,0.6929158273210029
KB_neighbor_esco,-1,3210,True,0.4459253529302566
KB_neighbor_esco,-1,3601,True,0.8285418996677884
KB_neighbor_esco,-1,3729,True,0.39907942660723084
KB_neighbor_esco,-1,3832,True,0.8058976186784061
KB_neighbor_esco,-1,4104,True,0.6209275446460975
KB_neighbor_esco,-1,4286,True,0.6665980833623439
KB_neighbor_esco,-1,4329,True,0.4719002973101264
KB_neighbor_esco,-1,4553,True,0.7303508459820165
KB_neighbor_esco,-1,4790,True,0.6821998969637174
KB_neighbor_esco,-1,4844,True,0.910307507440079
KB_neighbor_esco,-1,4994,True,0.6197610137758978
KB_neighbor_esco,-1,5020,True,0.7321003713727777
KB_neighbor_esco,-1,5293,True,0.8046675014141282
KB_neighbor_esco,-1,5338,True,0.9230769230769231
KB_neighbor_esco,-1,5343,True,0.9652843890316114
KB_neighbor_esco,-1,5464,True,0.6913097704685025
KB_neighbor_esco,-1,5560,True,0.7263049989648998
KB_neighbor_esco,-1,5719,True,0.775638162074171
KB_neighbor_esco,-1,6055,True,0.5403976653387434
KB_neighbor_esco,-1,6121,True,1.0
KB_neighbor_esco,-1,6128,True,0.9917934514711035
KB_neighbor_esco,-1,6197,True,0.7436267286102826
KB_neighbor_esco,-1,6336,True,0.7932103358169172
KB_neighbor_esco,-1,6577,True,0.7521810142236127
KB_neighbor_esco,-1,6717,True,0.8231817979910552
KB_neighbor_esco,-1,6906,True,0.5654648767857287
KB_neighbor_esco,-1,8550,True,0.5912352048230278
KB_neighbor_esco,-1,8576,True,0.8485563035847532
KB_neighbor_esco,-1,8790,True,0.6309297535714573
KB_neighbor_esco,-1,8840,False,0.0
KB_neighbor_esco,-1,8878,True,0.7545912946607471
KB_neighbor_esco,-1,9337,True,0.4831013832023097
KB_neighbor_esco,-1,9501,True,0.8568980631602074
KB_neighbor_esco,-1,9512,False,0.0
KB_neighbor_esco,-1,45,True,0.8179662204138608
KB_neighbor_esco,-1,199,True,0.34369669139214537
KB_neighbor_esco,-1,458,True,0.7167098894938636
KB_neighbor_esco,-1,564,True,1.0
KB_neighbor_esco,-1,717,True,0.35970991185182927
KB_neighbor_esco,-1,1109,True,0.814551618167478
KB_neighbor_esco,-1,1576,True,0.7743860306797999
KB_neighbor_esco,-1,1711,False,0.0
KB_neighbor_esco,-1,1868,True,0.0
KB_neighbor_esco,-1,1942,True,0.4546265483822098
KB_neighbor_esco,-1,2001,True,0.24050386336290003
KB_neighbor_esco,-1,2217,True,0.6686587776157591
KB_neighbor_esco,-1,2354,True,0.7415992875650574
KB_neighbor_esco,-1,2761,True,0.5725196333578939
KB_neighbor_esco,-1,2980,True,0.48496388958558345
KB_neighbor_esco,-1,3021,True,0.5493286601126183
KB_neighbor_esco,-1,3030,True,0.7653606369886218
KB_neighbor_esco,-1,3046,True,0.4426728001237511
KB_neighbor_esco,-1,3050,True,1.0
KB_neighbor_esco,-1,3288,True,0.8849245776587932
KB_neighbor_esco,-1,3302,True,1.0
KB_neighbor_esco,-1,3794,True,0.395266834876299
KB_neighbor_esco,-1,3920,True,0.9613263573620211
KB_neighbor_esco,-1,3965,True,0.3964294718508525
KB_neighbor_esco,-1,4193,True,0.8106053938285908
KB_neighbor_esco,-1,4294,True,0.6823647978191085
KB_neighbor_esco,-1,4383,True,0.7942337002184837
KB_neighbor_esco,-1,4474,True,0.5643603761705616
KB_neighbor_esco,-1,5068,True,0.78180487222265
KB_neighbor_esco,-1,5258,True,0.06562469259663067
KB_neighbor_esco,-1,5306,True,0.8916966857319222
KB_neighbor_esco,-1,5323,True,0.7963412602044515
KB_neighbor_esco,-1,5421,True,0.753106310373619
KB_neighbor_esco,-1,5766,True,0.8475356877054517
KB_neighbor_esco,-1,5877,True,0.3169627227184384
KB_neighbor_esco,-1,5887,True,0.6610967253062074
KB_neighbor_esco,-1,6126,True,0.18293214719087553
KB_neighbor_esco,-1,6190,True,0.7044154467432505
KB_neighbor_esco,-1,6224,True,0.9321572773044168
KB_neighbor_esco,-1,6465,True,0.827096633202097
KB_neighbor_esco,-1,6853,True,0.7714976654191671
KB_neighbor_esco,-1,6949,True,0.4712777975305968
KB_neighbor_esco,-1,7107,True,0.3645276997485753
KB_neighbor_esco,-1,7240,True,0.30657359638272924
KB_neighbor_esco,-1,7937,True,1.0
KB_neighbor_esco,-1,8015,True,0.2698285830547295
KB_neighbor_esco,-1,8066,True,0.37581575407545714
KB_neighbor_esco,-1,8202,True,0.6525926691094353
KB_neighbor_esco,-1,8321,True,0.9169810440208765
KB_neighbor_esco,-1,9222,True,0.5578873765637721
KB_neighbor_esco,-1,9453,True,1.0
KB_neighbor_esco,-1,73,True,0.22321215767299174
KB_neighbor_esco,-1,390,True,0.5159051970497379
KB_neighbor_esco,-1,424,True,0.6321739560392147
KB_neighbor_esco,-1,715,True,0.8414355497208625
KB_neighbor_esco,-1,915,True,0.5676818677290052
KB_neighbor_esco,-1,1579,True,0.4998221479076302
KB_neighbor_esco,-1,1643,True,0.981258894153571
KB_neighbor_esco,-1,1679,True,0.7154416199508237
KB_neighbor_esco,-1,1982,True,0.4815112667937142
KB_neighbor_esco,-1,2027,True,0.7418701736006129
KB_neighbor_esco,-1,2211,True,0.7381009045836174
KB_neighbor_esco,-1,2228,True,0.8173040758522628
KB_neighbor_esco,-1,2352,True,0.0
KB_neighbor_esco,-1,2520,True,0.7591942587535795
KB_neighbor_esco,-1,2573,True,0.1100458831490401
KB_neighbor_esco,-1,2630,True,0.9573317905067423
KB_neighbor_esco,-1,2666,True,0.7641940736791726
KB_neighbor_esco,-1,2745,True,0.209858575112622
KB_neighbor_esco,-1,3149,True,0.5401497416293951
KB_neighbor_esco,-1,3369,True,0.36363636363636365
KB_neighbor_esco,-1,3617,True,0.7538808231230554
KB_neighbor_esco,-1,3862,True,0.0
KB_neighbor_esco,-1,4124,True,0.8963587243494735
KB_neighbor_esco,-1,4218,True,0.8831031775275445
KB_neighbor_esco,-1,4268,True,0.8161648782128105
KB_neighbor_esco,-1,4452,True,0.09546043308946738
KB_neighbor_esco,-1,4522,True,0.92574697159877
KB_neighbor_esco,-1,4784,True,0.7793813220378928
KB_neighbor_esco,-1,5139,True,0.0
KB_neighbor_esco,-1,5438,True,0.5968032003672342
KB_neighbor_esco,-1,5565,True,0.48932411744718946
KB_neighbor_esco,-1,5684,True,0.488564744758605
KB_neighbor_esco,-1,5775,True,0.9335645888032941
KB_neighbor_esco,-1,6110,True,0.7840450087885813
KB_neighbor_esco,-1,6488,True,0.08274602130531994
KB_neighbor_esco,-1,6590,True,0.6165377315022085
KB_neighbor_esco,-1,6793,True,0.5104391775319326
KB_neighbor_esco,-1,7090,True,0.8925849440504036
KB_neighbor_esco,-1,7112,True,0.7458736171587966
KB_neighbor_esco,-1,7167,True,0.9443953933879687
KB_neighbor_esco,-1,7287,True,0.5931752030806612
KB_neighbor_esco,-1,7370,True,0.829855922835065
KB_neighbor_esco,-1,7547,True,0.758448731109326
KB_neighbor_esco,-1,7589,True,0.778147994864437
KB_neighbor_esco,-1,7622,True,0.22638981937187375
KB_neighbor_esco,-1,7640,False,0.0
KB_neighbor_esco,-1,7757,True,0.713163560628504
KB_neighbor_esco,-1,8162,True,0.800176617500699
KB_neighbor_esco,-1,8508,True,0.44830398990253034
KB_neighbor_esco,-1,8597,True,0.8516359833924471
KB_neighbor_esco,-1,8771,True,0.7668091220635322
KB_neighbor_esco,-1,288,True,0.9062578812299775
KB_neighbor_esco,-1,635,True,0.7243518225414521
KB_neighbor_esco,-1,654,True,0.0
KB_neighbor_esco,-1,699,True,0.7745542150242184
KB_neighbor_esco,-1,743,True,0.8332236104548577
KB_neighbor_esco,-1,946,True,0.6131471927654585
KB_neighbor_esco,-1,976,True,0.2266078028565872
KB_neighbor_esco,-1,1144,True,0.8555790943254986
KB_neighbor_esco,-1,1187,True,0.9627817546914642
KB_neighbor_esco,-1,1384,True,0.7476944902196678
KB_neighbor_esco,-1,1415,True,0.4828967460749896
KB_neighbor_esco,-1,1443,True,0.7580853734942271
KB_neighbor_esco,-1,1629,True,0.4326258958183113
KB_neighbor_esco,-1,1684,True,0.34442124087425685
KB_neighbor_esco,-1,1802,True,0.7514267816470925
KB_neighbor_esco,-1,1914,True,0.8530885480151578
KB_neighbor_esco,-1,2046,True,0.6309297535714573
KB_neighbor_esco,-1,2071,True,0.4076947590420626
KB_neighbor_esco,-1,2340,True,0.3844676800519002
KB_neighbor_esco,-1,2749,True,0.9262566220676774
KB_neighbor_esco,-1,3517,True,0.8954938612981742
KB_neighbor_esco,-1,3758,True,0.09181541754729351
KB_neighbor_esco,-1,4110,True,0.792774592040116
KB_neighbor_esco,-1,4111,True,0.7787926658840254
KB_neighbor_esco,-1,4144,True,0.929674545867831
KB_neighbor_esco,-1,5021,True,0.10633668103022988
KB_neighbor_esco,-1,5032,True,0.6209084683203598
KB_neighbor_esco,-1,5096,True,0.8667619673717641
KB_neighbor_esco,-1,5109,True,0.9084801029562977
KB_neighbor_esco,-1,5114,True,0.641920588218223
KB_neighbor_esco,-1,5977,True,0.0
KB_neighbor_esco,-1,5984,True,0.867119325691082
KB_neighbor_esco,-1,6353,True,0.8486662072086466
KB_neighbor_esco,-1,6373,True,0.7160367623628994
KB_neighbor_esco,-1,6539,True,0.57064171895532
KB_neighbor_esco,-1,6554,True,0.9333480446521031
KB_neighbor_esco,-1,6884,True,1.0
KB_neighbor_esco,-1,6955,True,0.5908109911496213
KB_neighbor_esco,-1,7020,True,0.7447450603328727
KB_neighbor_esco,-1,7029,True,0.8395201919314428
KB_neighbor_esco,-1,7280,True,0.2065950671001293
KB_neighbor_esco,-1,7394,True,0.5443763432045554
KB_neighbor_esco,-1,7795,True,0.5014155267229251
KB_neighbor_esco,-1,8108,True,0.7753366239771086
KB_neighbor_esco,-1,8560,True,0.9461542551807531
KB_neighbor_esco,-1,8632,True,0.4580462542618786
KB_neighbor_esco,-1,8657,True,0.5585011274110763
KB_neighbor_esco,-1,8777,True,0.9210315637601145
KB_neighbor_esco,-1,9151,True,0.21657136003619634
KB_neighbor_esco,-1,9609,True,0.608296528941268
Transformer_esco,-1,102,True,0.8461538461538461
Transformer_esco,-1,314,True,0.5922471208126612
Transformer_esco,-1,1068,True,0.7996914386740552
Transformer_esco,-1,1525,True,0.7541479058791651
Transformer_esco,-1,1795,True,0.8511279986131548
Transformer_esco,-1,1929,True,0.9198841763720362
Transformer_esco,-1,1931,True,0.48153499054313026
Transformer_esco,-1,1991,True,0.5854519377584776
Transformer_esco,-1,2528,True,0.6786290874233137
Transformer_esco,-1,2697,True,0.36431987831703716
Transformer_esco,-1,2834,True,0.7188151656309856
Transformer_esco,-1,2845,True,0.28989451931657706
Transformer_esco,-1,3031,True,0.9949683750780682
Transformer_esco,-1,3250,True,0.8702678094053201
Transformer_esco,-1,3308,True,0.9616994182690575
Transformer_esco,-1,3402,True,0.8836924238773864
Transformer_esco,-1,3426,True,0.8768633698158318
Transformer_esco,-1,3449,True,0.8251014505680148
Transformer_esco,-1,3756,True,0.6207622843987103
Transformer_esco,-1,4141,True,0.9324908198914897
Transformer_esco,-1,4210,True,0.8107005969804693
Transformer_esco,-1,4516,True,0.5812880104982873
Transformer_esco,-1,4692,True,0.8403030283801005
Transformer_esco,-1,4700,True,0.5838689104896664
Transformer_esco,-1,4910,False,0.0
Transformer_esco,-1,4962,True,0.9305687780632227
Transformer_esco,-1,5275,True,0.8241752249605915
Transformer_esco,-1,5671,True,0.6047638099196093
Transformer_esco,-1,5683,True,0.45417651383932617
Transformer_esco,-1,6067,True,0.8911742177248007
Transformer_esco,-1,6378,True,0.9249596882658544
Transformer_esco,-1,6495,True,0.7512208098667494
Transformer_esco,-1,6868,True,0.8365065396976076
Transformer_esco,-1,6880,True,0.8511581635908855
Transformer_esco,-1,7144,True,0.528011749694378
Transformer_esco,-1,7413,True,0.4678676962529325
Transformer_esco,-1,7526,True,0.13743816645714546
Transformer_esco,-1,7531,True,0.107789154524511
Transformer_esco,-1,7577,True,0.5
Transformer_esco,-1,7621,True,0.8988664570631929
Transformer_esco,-1,8198,True,0.5689451059219406
Transformer_esco,-1,8442,True,0.5286633333096088
Transformer_esco,-1,8452,True,0.7954257181256682
Transformer_esco,-1,8476,True,0.6261118542792394
Transformer_esco,-1,8541,True,1.0
Transformer_esco,-1,8802,True,0.7609276926991855
Transformer_esco,-1,8816,True,0.5499483390247142
Transformer_esco,-1,8852,True,0.6150170646154386
Transformer_esco,-1,9099,True,0.6745711375739727
Transformer_esco,-1,9479,True,0.6131471927654585
Transformer_esco,-1,9625,False,0.0
Transformer_esco,-1,96,True,0.05538378925845531
Transformer_esco,-1,171,True,0.8241130923836693
Transformer_esco,-1,328,True,0.5363781864793108
Transformer_esco,-1,387,True,0.8885192655020311
Transformer_esco,-1,754,False,0.0
Transformer_esco,-1,983,True,0.8804878837877668
Transformer_esco,-1,1039,True,0.746187710362415
Transformer_esco,-1,1098,True,0.7015751184894866
Transformer_esco,-1,1120,True,0.4824755593907551
Transformer_esco,-1,1275,True,0.9408255928921477
Transformer_esco,-1,1343,True,0.7701529258256266
Transformer_esco,-1,1483,True,0.6996976691169989
Transformer_esco,-1,2005,True,0.5095951094710361
Transformer_esco,-1,2048,True,0.7869516234853189
Transformer_esco,-1,2379,True,1.0
Transformer_esco,-1,2516,True,0.8618475503955961
Transformer_esco,-1,2601,True,0.9999999999999999
Transformer_esco,-1,3210,True,0.2125584946414593
Transformer_esco,-1,3601,True,0.5363781864793108
Transformer_esco,-1,3729,True,0.43152101427946016
Transformer_esco,-1,3832,True,0.8182462773734275
Transformer_esco,-1,4104,True,0.7061039039159478
Transformer_esco,-1,4286,True,0.5881401932704522
Transformer_esco,-1,4329,True,0.7375728492866022
Transformer_esco,-1,4553,True,0.7285128009929313
Transformer_esco,-1,4790,True,0.33704527803917705
Transformer_esco,-1,4844,True,0.8248239677678632
Transformer_esco,-1,4994,True,0.6782008633485547
Transformer_esco,-1,5020,True,0.5524227034203191
Transformer_esco,-1,5293,True,0.8492595601089564
Transformer_esco,-1,5338,True,0.8590528855774436
Transformer_esco,-1,5343,True,0.8298881779744937
Transformer_esco,-1,5464,True,0.6867717783532844
Transformer_esco,-1,5560,True,0.7568659936661972
Transformer_esco,-1,5719,True,0.7799498622995368
Transformer_esco,-1,6055,True,0.4936790360674167
Transformer_esco,-1,6121,True,1.0
Transformer_esco,-1,6128,True,0.9349049923146273
Transformer_esco,-1,6197,True,0.5608555487202302
Transformer_esco,-1,6336,True,0.7932103358169172
Transformer_esco,-1,6577,True,0.7967095151629014
Transformer_esco,-1,6717,True,0.7984848580994975
Transformer_esco,-1,6906,True,0.38685280723454163
Transformer_esco,-1,8550,True,0.3868528072345415
Transformer_esco,-1,8576,True,0.7498262898160323
Transformer_esco,-1,8790,True,1.0
Transformer_esco,-1,8840,False,0.0
Transformer_esco,-1,8878,True,0.6499698318844529
Transformer_esco,-1,9337,True,0.513748378727245
Transformer_esco,-1,9501,True,0.8495479952721224
Transformer_esco,-1,9512,False,0.0
Transformer_esco,-1,45,True,0.7354580694338471
Transformer_esco,-1,199,True,0.43174744683345495
Transformer_esco,-1,458,True,0.859461536549867
Transformer_esco,-1,564,True,1.0
Transformer_esco,-1,717,True,0.24261785528500343
Transformer_esco,-1,1109,True,0.9123680515252638
Transformer_esco,-1,1576,True,0.7264996844539499
Transformer_esco,-1,1711,False,0.0
Transformer_esco,-1,1868,True,0.6131471927654585
Transformer_esco,-1,1942,True,0.8283303381621956
Transformer_esco,-1,2001,True,0.39249329006723443
Transformer_esco,-1,2217,True,0.5420474358460424
Transformer_esco,-1,2354,True,0.7217807658512774
Transformer_esco,-1,2761,True,0.4331380034274503
Transformer_esco,-1,2980,True,0.4035015715464804
Transformer_esco,-1,3021,True,0.6814188426336708
Transformer_esco,-1,3030,True,0.472044338619192
Transformer_esco,-1,3046,True,0.7219561035076426
Transformer_esco,-1,3050,True,1.0
Transformer_esco,-1,3288,True,0.881024051263583
Transformer_esco,-1,3302,True,0.7883542950365112
Transformer_esco,-1,3794,True,0.49715631962986984
Transformer_esco,-1,3920,True,0.9722449675694083
Transformer_esco,-1,3965,True,0.2548346710074145
Transformer_esco,-1,4193,True,0.8006247443302188
Transformer_esco,-1,4294,True,0.2080599332951975
Transformer_esco,-1,4383,True,0.8556253665167171
Transformer_esco,-1,4474,True,0.6065997257203539
Transformer_esco,-1,5068,True,0.8543389070890521
Transformer_esco,-1,5258,True,0.0
Transformer_esco,-1,5306,True,0.9241189044609823
Transformer_esco,-1,5323,True,0.8977486916164458
Transformer_esco,-1,5421,True,0.7998471659406976
Transformer_esco,-1,5766,True,0.7935501144239986
Transformer_esco,-1,5877,True,0.31503490106008253
Transformer_esco,-1,5887,True,0.8362245228352095
Transformer_esco,-1,6126,True,0.5449960234716782
Transformer_esco,-1,6190,True,0.8735794864074112
Transformer_esco,-1,6224,True,1.0
Transformer_esco,-1,6465,True,0.5896084319766756
Transformer_esco,-1,6853,True,0.8789364528611106
Transformer_esco,-1,6949,True,0.6908895747080033
Transformer_esco,-1,7107,True,0.49107299011283334
Transformer_esco,-1,7240,True,0.0
Transformer_esco,-1,7937,True,1.0
Transformer_esco,-1,8015,True,0.2489169292322071
Transformer_esco,-1,8066,True,0.38944685662957995
Transformer_esco,-1,8202,True,0.7720956478062255
Transformer_esco,-1,8321,True,0.9550171294972071
Transformer_esco,-1,9222,True,0.6767740742389138
Transformer_esco,-1,9453,True,0.9456171882283337
Transformer_esco,-1,73,True,0.4550400064629157
Transformer_esco,-1,390,True,0.863664922155261
Transformer_esco,-1,424,True,0.8973387729604863
Transformer_esco,-1,715,True,0.8210933633344505
Transformer_esco,-1,915,True,0.8454256604216017
Transformer_esco,-1,1579,True,0.6281245379275668
Transformer_esco,-1,1643,True,0.8869319520076296
Transformer_esco,-1,1679,True,0.8632863272655821
Transformer_esco,-1,1982,True,0.4615890699208637
Transformer_esco,-1,2027,True,0.8651238091941971
Transformer_esco,-1,2211,True,0.8094674305636806
Transformer_esco,-1,2228,True,0.8100448433313954
Transformer_esco,-1,2352,True,0.8065735963827294
Transformer_esco,-1,2520,True,0.9528250203465187
Transformer_esco,-1,2573,True,0.28814518733950745
Transformer_esco,-1,2630,True,1.0
Transformer_esco,-1,2666,True,0.7133306524769073
Transformer_esco,-1,2745,True,0.008213885458388243
Transformer_esco,-1,3149,True,0.8454531259048906
Transformer_esco,-1,3369,True,0.7686308942637041
Transformer_esco,-1,3617,True,0.7844090093257201
Transformer_esco,-1,3862,True,0.0
Transformer_esco,-1,4124,True,0.8521447473325928
Transformer_esco,-1,4218,True,0.8248306309052351
Transformer_esco,-1,4268,True,0.7725459436027683
Transformer_esco,-1,4452,True,0.0
Transformer_esco,-1,4522,True,0.9223602397889028
Transformer_esco,-1,4784,True,1.0
Transformer_esco,-1,5139,True,0.34620964322385606
Transformer_esco,-1,5438,True,0.7798948932323294
Transformer_esco,-1,5565,True,0.7317532597196392
Transformer_esco,-1,5684,True,0.46896110574958505
Transformer_esco,-1,5775,True,0.8536240421031424
Transformer_esco,-1,6110,True,0.7756066525619796
Transformer_esco,-1,6488,True,0.4123144993714364
Transformer_esco,-1,6590,True,0.578585295178223
Transformer_esco,-1,6793,True,0.7239718698525932
Transformer_esco,-1,7090,True,0.8122244210497414
Transformer_esco,-1,7112,True,0.883866524442402
Transformer_esco,-1,7167,True,0.7557337026980309
Transformer_esco,-1,7287,True,0.6936744541408989
Transformer_esco,-1,7370,True,0.8686340620184566
Transformer_esco,-1,7547,True,0.758448731109326
Transformer_esco,-1,7589,True,0.7623826054864645
Transformer_esco,-1,7622,True,0.6867153673215032
Transformer_esco,-1,7640,False,0.0
Transformer_esco,-1,7757,True,0.7324823970507484
Transformer_esco,-1,8162,True,0.8767247222762069
Transformer_esco,-1,8508,True,0.5823418282052036
Transformer_esco,-1,8597,True,0.8084147921180638
Transformer_esco,-1,8771,True,0.8207149601443596
Transformer_esco,-1,288,True,0.8275549447995815
Transformer_esco,-1,635,True,0.8997824464786115
Transformer_esco,-1,654,True,0.280515329202251
Transformer_esco,-1,699,True,0.44199583857045227
Transformer_esco,-1,743,True,0.7055447612473422
Transformer_esco,-1,946,True,0.6131471927654585
Transformer_esco,-1,976,True,0.35762235421961086
Transformer_esco,-1,1144,True,0.7488981344334368
Transformer_esco,-1,1187,True,0.9975971038630526
Transformer_esco,-1,1384,True,0.5841715783674276
Transformer_esco,-1,1415,True,0.727139190650272
Transformer_esco,-1,1443,True,0.7263661897462277
Transformer_esco,-1,1629,True,0.4676857724631324
Transformer_esco,-1,1684,True,0.2320221445693426
Transformer_esco,-1,1802,True,0.6725091649489264
Transformer_esco,-1,1914,True,0.9256180470797135
Transformer_esco,-1,2046,True,0.4306765580733929
Transformer_esco,-1,2071,True,0.2736324407348139
Transformer_esco,-1,2340,True,0.6604400652351456
Transformer_esco,-1,2749,True,0.8920411011353053
Transformer_esco,-1,3517,True,0.9477394303307676
Transformer_esco,-1,3758,True,0.4747962442176068
Transformer_esco,-1,4110,True,0.9681220182390896
Transformer_esco,-1,4111,True,0.7646489081928868
Transformer_esco,-1,4144,True,0.9455533021599477
Transformer_esco,-1,5021,True,0.46441470256902245
Transformer_esco,-1,5032,True,0.7577165750802611
Transformer_esco,-1,5096,True,0.8377534098578131
Transformer_esco,-1,5109,True,0.8690140942585427
Transformer_esco,-1,5114,True,0.5868662559215185
Transformer_esco,-1,5977,True,0.6309297535714573
Transformer_esco,-1,5984,True,0.7993529482829006
Transformer_esco,-1,6353,True,0.9574284411791895
Transformer_esco,-1,6373,True,0.7857827104864081
Transformer_esco,-1,6539,True,0.6509209298071323
Transformer_esco,-1,6554,True,0.9620594522304909
Transformer_esco,-1,6884,True,1.0
Transformer_esco,-1,6955,True,0.7097280749552585
Transformer_esco,-1,7020,True,0.8942748604427979
Transformer_esco,-1,7029,True,0.7418012953222196
Transformer_esco,-1,7280,True,0.6337614827388349
Transformer_esco,-1,7394,True,0.6863219231453965
Transformer_esco,-1,7795,True,0.5345426384501196
Transformer_esco,-1,8108,True,0.6870165078530993
Transformer_esco,-1,8560,True,0.8289493111868723
Transformer_esco,-1,8632,True,0.7090410386856498
Transformer_esco,-1,8657,True,0.7166295695759445
Transformer_esco,-1,8777,True,1.0
Transformer_esco,-1,9151,True,0.4886751206099369
Transformer_esco,-1,9609,True,0.7661193653461699
Transformer_raw,-1,102,True,0.9090909090909091
Transformer_raw,-1,314,True,0.6786311472903038
Transformer_raw,-1,1068,True,1.0
Transformer_raw,-1,1525,True,0.832587411295037
Transformer_raw,-1,1795,True,0.8956373954925072
Transformer_raw,-1,1929,True,0.8736899240212332
Transformer_raw,-1,1931,True,0.2999050316974942
Transformer_raw,-1,1991,True,0.8013909240756483
Transformer_raw,-1,2528,True,0.9067047140432546
Transformer_raw,-1,2697,True,0.5759725944727936
Transformer_raw,-1,2834,True,0.7290413024964507
Transformer_raw,-1,2845,True,0.8389175065243892
Transformer_raw,-1,3031,True,0.9617683319350195
Transformer_raw,-1,3250,True,0.7840866189033855
Transformer_raw,-1,3308,True,0.882777036002248
Transformer_raw,-1,3402,True,0.7350616119513443
Transformer_raw,-1,3426,True,0.9041540776939738
Transformer_raw,-1,3449,True,0.9592579685297468
Transformer_raw,-1,3756,True,0.6325414799409712
Transformer_raw,-1,4141,True,0.9241189044609822
Transformer_raw,-1,4210,True,0.8449143281767311
Transformer_raw,-1,4516,True,0.8357968618465212
Transformer_raw,-1,4692,True,0.7984848580994975
Transformer_raw,-1,4700,True,0.688778034415067
Transformer_raw,-1,4910,False,0.0
Transformer_raw,-1,4962,True,0.9350624941733298
Transformer_raw,-1,5275,True,0.8065397427237517
Transformer_raw,-1,5671,True,0.7867360129341038
Transformer_raw,-1,5683,True,0.6361480046698736
Transformer_raw,-1,6067,True,0.9266360779006398
Transformer_raw,-1,6378,True,0.884772282441292
Transformer_raw,-1,6495,True,0.8888020558620483
Transformer_raw,-1,6868,True,0.7752636974305127
Transformer_raw,-1,6880,True,0.8789017568175428
Transformer_raw,-1,7144,True,0.5573873937439101
Transformer_raw,-1,7413,True,0.4230480360716451
Transformer_raw,-1,7526,True,0.10633668103022988
Transformer_raw,-1,7531,True,0.3638242329768377
Transformer_raw,-1,7577,True,0.4306765580733929
Transformer_raw,-1,7621,True,0.9913830601598098
Transformer_raw,-1,8198,True,0.608621833534015
Transformer_raw,-1,8442,True,0.4745921515613674
Transformer_raw,-1,8452,True,0.8344994892730634
Transformer_raw,-1,8476,True,0.8893375367766935
Transformer_raw,-1,8541,True,1.0
Transformer_raw,-1,8802,True,0.8643252410286876
Transformer_raw,-1,8816,True,0.7610153830048006
Transformer_raw,-1,8852,True,0.3800937667159343
Transformer_raw,-1,9099,True,0.7778721720600672
Transformer_raw,-1,9479,True,0.6131471927654585
Transformer_raw,-1,9625,False,0.0
Transformer_raw,-1,96,True,0.2960819109658652
Transformer_raw,-1,171,True,0.7694428460914032
Transformer_raw,-1,328,True,0.7890424563070345
Transformer_raw,-1,387,True,0.8419382865738113
Transformer_raw,-1,754,False,0.0
Transformer_raw,-1,983,True,0.9999999999999999
Transformer_raw,-1,1039,True,0.65060214830232
Transformer_raw,-1,1098,True,0.8350920171182498
Transformer_raw,-1,1120,True,0.3868528072345415
Transformer_raw,-1,1275,True,0.9004084894952181
Transformer_raw,-1,1343,True,0.6149356316922779
Transformer_raw,-1,1483,True,0.7634913493551291
Transformer_raw,-1,2005,True,0.5501126236272345
Transformer_raw,-1,2048,True,0.6661090041555717
Transformer_raw,-1,2379,True,1.0
Transformer_raw,-1,2516,True,0.8351836083711789
Transformer_raw,-1,2601,True,0.8134742621567862
Transformer_raw,-1,3210,True,0.6692136637091893
Transformer_raw,-1,3601,True,0.5543375550857159
Transformer_raw,-1,3729,True,0.5957636401657476
Transformer_raw,-1,3832,True,0.9068076331610629
Transformer_raw,-1,4104,True,0.7245591941843668
Transformer_raw,-1,4286,True,0.7229988792834869
Transformer_raw,-1,4329,True,0.6938292401455828
Transformer_raw,-1,4553,True,0.8269766751083119
Transformer_raw,-1,4790,True,0.6717589890736099
Transformer_raw,-1,4844,True,0.8930068676327362
Transformer_raw,-1,4994,True,0.7413015634836171
Transformer_raw,-1,5020,True,0.7521950103961291
Transformer_raw,-1,5293,True,0.9549392250539926
Transformer_raw,-1,5338,True,1.0
Transformer_raw,-1,5343,True,0.9681896059005243
Transformer_raw,-1,5464,True,0.8243661642082996
Transformer_raw,-1,5560,True,0.7520717908681085
Transformer_raw,-1,5719,True,0.8696015453208302
Transformer_raw,-1,6055,True,0.5736899196572437
Transformer_raw,-1,6121,True,1.0
Transformer_raw,-1,6128,True,0.94948804289907
Transformer_raw,-1,6197,True,0.763872693433526
Transformer_raw,-1,6336,True,0.7187198202517102
Transformer_raw,-1,6577,True,0.9416450404324704
Transformer_raw,-1,6717,True,0.7224242270408039
Transformer_raw,-1,6906,True,0.28906482631788766
Transformer_raw,-1,8550,True,0.3467132018086354
Transformer_raw,-1,8576,True,0.6984478812361347
Transformer_raw,-1,8790,True,1.0
Transformer_raw,-1,8840,False,0.0
Transformer_raw,-1,8878,True,0.918839123725715
Transformer_raw,-1,9337,True,0.6814310114370181
Transformer_raw,-1,9501,True,0.9236440639390741
Transformer_raw,-1,9512,False,0.0
Transformer_raw,-1,45,True,0.9212368702277998
Transformer_raw,-1,199,True,0.432685347843239
Transformer_raw,-1,458,True,0.8392519188682778
Transformer_raw,-1,564,True,1.0
Transformer_raw,-1,717,True,0.7788065869851872
Transformer_raw,-1,1109,True,1.0
Transformer_raw,-1,1576,True,0.9439279501848502
Transformer_raw,-1,1711,False,0.0
Transformer_raw,-1,1868,True,0.6131471927654585
Transformer_raw,-1,1942,True,0.882777036002248
Transformer_raw,-1,2001,True,0.8829636032465026
Transformer_raw,-1,2217,True,0.5378964853942615
Transformer_raw,-1,2354,True,0.8030576343418303
Transformer_raw,-1,2761,True,0.37387278490946446
Transformer_raw,-1,2980,True,0.4825782633305807
Transformer_raw,-1,3021,True,0.8652483484119812
Transformer_raw,-1,3030,True,0.5307212739772434
Transformer_raw,-1,3046,True,0.7553588425497157
Transformer_raw,-1,3050,True,1.0
Transformer_raw,-1,3288,True,0.7661487979580734
Transformer_raw,-1,3302,True,0.8790301722005142
Transformer_raw,-1,3794,True,0.7331143199847125
Transformer_raw,-1,3920,True,0.9407078363772635
Transformer_raw,-1,3965,True,0.35291454694052027
Transformer_raw,-1,4193,True,0.8698947669069886
Transformer_raw,-1,4294,True,0.6590588506664788
Transformer_raw,-1,4383,True,0.8601645736749576
Transformer_raw,-1,4474,True,0.5488470254405338
Transformer_raw,-1,5068,True,0.6975961695061491
Transformer_raw,-1,5258,True,0.0
Transformer_raw,-1,5306,True,0.9550171294972071
Transformer_raw,-1,5323,True,0.9675312470866648
Transformer_raw,-1,5421,True,0.7080463245846194
Transformer_raw,-1,5766,True,0.7985133785372859
Transformer_raw,-1,5877,True,0.616709213665445
Transformer_raw,-1,5887,True,0.7826759579078219
Transformer_raw,-1,6126,True,0.6887841483036673
Transformer_raw,-1,6190,True,0.9668728882728055
Transformer_raw,-1,6224,True,1.0
Transformer_raw,-1,6465,True,0.7572503602583921
Transformer_raw,-1,6853,True,0.8551331489345151
Transformer_raw,-1,6949,True,0.7461994425642364
Transformer_raw,-1,7107,True,0.5282800663700054
Transformer_raw,-1,7240,True,0.5000000000000001
Transformer_raw,-1,7937,True,0.867067699883429
Transformer_raw,-1,8015,True,0.29590221800994304
Transformer_raw,-1,8066,True,0.6190245345670815
Transformer_raw,-1,8202,True,0.7112616441529241
Transformer_raw,-1,8321,True,0.963134431164198
Transformer_raw,-1,9222,True,0.500700828153494
Transformer_raw,-1,9453,True,0.9535690555679588
Transformer_raw,-1,73,True,0.9740174171705018
Transformer_raw,-1,390,True,0.6028717609521236
Transformer_raw,-1,424,True,0.7598336331031966
Transformer_raw,-1,715,True,0.9783541647244433
Transformer_raw,-1,915,True,0.8389574121760602
Transformer_raw,-1,1579,True,0.7781854598783458
Transformer_raw,-1,1643,True,0.8869319520076296
Transformer_raw,-1,1679,True,0.8585014832473714
Transformer_raw,-1,1982,True,0.5678877873263053
Transformer_raw,-1,2027,True,0.9136594469967839
Transformer_raw,-1,2211,True,0.7316362001126298
Transformer_raw,-1,2228,True,0.8449956961564358
Transformer_raw,-1,2352,True,0.5109559939712155
Transformer_raw,-1,2520,True,0.9541789481780198
Transformer_raw,-1,2573,True,0.5792087563988261
Transformer_raw,-1,2630,True,0.9350624941733298
Transformer_raw,-1,2666,True,0.8972478185284188
Transformer_raw,-1,2745,True,0.6367615863496274
Transformer_raw,-1,3149,True,0.8182451907042606
Transformer_raw,-1,3369,True,0.7686308942637041
Transformer_raw,-1,3617,True,0.8583016956321652
Transformer_raw,-1,3862,True,0.0
Transformer_raw,-1,4124,True,0.9001171988580057
Transformer_raw,-1,4218,True,0.8941673544922742
Transformer_raw,-1,4268,True,0.6989049232610355
Transformer_raw,-1,4452,True,0.15130120674940675
Transformer_raw,-1,4522,True,0.8681617886246086
Transformer_raw,-1,4784,True,1.0
Transformer_raw,-1,5139,True,0.5294362295028774
Transformer_raw,-1,5438,True,0.8464666088107479
Transformer_raw,-1,5565,True,0.6406785161040645
Transformer_raw,-1,5684,True,0.6585898588257146
Transformer_raw,-1,5775,True,0.6810210111762133
Transformer_raw,-1,6110,True,0.7837966425810609
Transformer_raw,-1,6488,True,0.3385669807178283
Transformer_raw,-1,6590,True,0.8525262713991525
Transformer_raw,-1,6793,True,0.8949227700482251
Transformer_raw,-1,7090,True,0.9073958696531371
Transformer_raw,-1,7112,True,0.8800412947047799
Transformer_raw,-1,7167,True,0.8549914199850908
Transformer_raw,-1,7287,True,0.7843640034809222
Transformer_raw,-1,7370,True,0.8716871583110072
Transformer_raw,-1,7547,True,0.8853544006556138
Transformer_raw,-1,7589,True,0.778147994864437
Transformer_raw,-1,7622,True,0.6768990452517188
Transformer_raw,-1,7640,False,0.0
Transformer_raw,-1,7757,True,0.8432288366686385
Transformer_raw,-1,8162,True,1.0
Transformer_raw,-1,8508,True,0.7484394733742856
Transformer_raw,-1,8597,True,0.9633180389503199
Transformer_raw,-1,8771,True,0.6836127878533236
Transformer_raw,-1,288,True,0.9202735062919851
Transformer_raw,-1,635,True,0.9220835742195016
Transformer_raw,-1,654,True,0.8611917069949874
Transformer_raw,-1,699,True,0.78180487222265
Transformer_raw,-1,743,True,0.839722567111374
Transformer_raw,-1,946,True,0.8315546295836228
Transformer_raw,-1,976,True,0.2748763329142909
Transformer_raw,-1,1144,True,0.8086683180836995
Transformer_raw,-1,1187,True,0.8795614644661339
Transformer_raw,-1,1384,True,0.7843898064324875
Transformer_raw,-1,1415,True,0.6223399485478421
Transformer_raw,-1,1443,True,0.6734108128640254
Transformer_raw,-1,1629,True,0.5361485692447666
Transformer_raw,-1,1684,True,0.27105948279983083
Transformer_raw,-1,1802,True,0.886186885520192
Transformer_raw,-1,1914,True,0.8558089743028391
Transformer_raw,-1,2046,True,1.0
Transformer_raw,-1,2071,True,0.4268924101091398
Transformer_raw,-1,2340,True,0.6689855655491003
Transformer_raw,-1,2749,True,0.8963927365078274
Transformer_raw,-1,3517,True,0.9219155566889519
Transformer_raw,-1,3758,True,0.8023958339196112
Transformer_raw,-1,4110,True,0.8158459811484046
Transformer_raw,-1,4111,True,0.7621931002875648
Transformer_raw,-1,4144,True,0.959316243903653
Transformer_raw,-1,5021,True,0.46441470256902245
Transformer_raw,-1,5032,True,0.7567967969681876
Transformer_raw,-1,5096,True,0.9541789481780198
Transformer_raw,-1,5109,True,0.8690140942585427
Transformer_raw,-1,5114,True,0.6345711024749453
Transformer_raw,-1,5977,True,0.6309297535714573
Transformer_raw,-1,5984,True,0.827021608770171
Transformer_raw,-1,6353,True,0.8831552203799067
Transformer_raw,-1,6373,True,0.6968291251950999
Transformer_raw,-1,6539,True,1.0
Transformer_raw,-1,6554,True,1.0
Transformer_raw,-1,6884,True,1.0
Transformer_raw,-1,6955,True,0.7579898269760664
Transformer_raw,-1,7020,True,0.8120575318341408
Transformer_raw,-1,7029,True,0.7585073094514582
Transformer_raw,-1,7280,True,0.7371098697354068
Transformer_raw,-1,7394,True,0.811101249818278
Transformer_raw,-1,7795,True,0.8556253665167172
Transformer_raw,-1,8108,True,0.7289339152350149
Transformer_raw,-1,8560,True,0.8373781002565166
Transformer_raw,-1,8632,True,0.7909364874669447
Transformer_raw,-1,8657,True,0.5567834073992807
Transformer_raw,-1,8777,True,1.0
Transformer_raw,-1,9151,True,0.3706466247684494
Transformer_raw,-1,9609,True,0.9216017310213245
Placebo,0,102,True,0.5029974831873498
Placebo,0,314,True,0.5643604031979804
Placebo,0,1068,True,0.5502003182105552
Placebo,0,1525,True,0.1837285268012849
Placebo,0,1795,True,0.3895662841902971
Placebo,0,1929,True,0.40758109607332904
Placebo,0,1931,True,0.1100458831490401
Placebo,0,1991,True,0.12828173626090406
Placebo,0,2528,True,0.5144054774425433
Placebo,0,2697,True,0.6818743935335441
Placebo,0,2834,True,0.3489749717498602
Placebo,0,2845,True,0.28076987051406893
Placebo,0,3031,True,0.39069287308696987
Placebo,0,3250,True,0.1544288823732367
Placebo,0,3308,True,0.31427694370268056
Placebo,0,3402,True,0.04538697066857471
Placebo,0,3426,True,0.0
Placebo,0,3449,True,0.48373544659314655
Placebo,0,3756,True,0.3827228533632141
Placebo,0,4141,True,0.6268267197839306
Placebo,0,4210,True,0.4379187674560031
Placebo,0,4516,True,0.0
Placebo,0,4692,True,0.319393943239799
Placebo,0,4700,True,0.12438588249677485
Placebo,0,4910,False,0.0
Placebo,0,4962,True,0.5766692999492191
Placebo,0,5275,True,0.3714886045078549
Placebo,0,5671,True,0.31313230860655983
Placebo,0,5683,True,0.3328856213770113
Placebo,0,6067,True,0.6674353357857977
Placebo,0,6378,True,0.7038260038494983
Placebo,0,6495,True,0.36365147322202035
Placebo,0,6868,True,0.5384945333078822
Placebo,0,6880,True,0.35811630409947653
Placebo,0,7144,True,0.3828583821713207
Placebo,0,7413,True,0.40148170189534466
Placebo,0,7526,True,0.19305050952434966
Placebo,0,7531,True,0.0
Placebo,0,7577,True,0.6309297535714573
Placebo,0,7621,True,0.6859309950018484
Placebo,0,8198,True,0.46200475314110084
Placebo,0,8442,True,0.05214426484655786
Placebo,0,8452,True,0.41571420038179185
Placebo,0,8476,True,0.18359730612299607
Placebo,0,8541,True,0.7441442955278835
Placebo,0,8802,True,0.1396301254578393
Placebo,0,8816,True,0.08661781369276414
Placebo,0,8852,True,0.10987173866025325
Placebo,0,9099,True,0.2984900352767556
Placebo,0,9479,True,0.0
Placebo,0,9625,False,0.0
Placebo,0,96,True,0.2960819109658652
Placebo,0,171,True,0.6417574681533094
Placebo,0,328,True,0.056422570674467584
Placebo,0,387,True,0.18473170424986052
Placebo,0,754,False,0.0
Placebo,0,983,True,0.18670214569924978
Placebo,0,1039,True,0.5916954501514564
Placebo,0,1098,True,0.0
Placebo,0,1120,True,0.0
Placebo,0,1275,True,0.23332368995219313
Placebo,0,1343,True,0.12799708731804335
Placebo,0,1483,True,0.3113442775406259
Placebo,0,2005,True,0.5298982599625925
Placebo,0,2048,True,0.5710232417520654
Placebo,0,2379,True,0.6210817391798243
Placebo,0,2516,True,0.5118036993368174
Placebo,0,2601,True,0.25291263592224844
Placebo,0,3210,True,0.22314916453767908
Placebo,0,3601,True,0.0
Placebo,0,3729,True,0.32566975601895864
Placebo,0,3832,True,0.5599933176199308
Placebo,0,4104,True,0.1970884750459006
Placebo,0,4286,True,0.43683594215008814
Placebo,0,4329,True,0.1449043760061551
Placebo,0,4553,True,0.0
Placebo,0,4790,True,0.28744763646920174
Placebo,0,4844,True,0.0
Placebo,0,4994,True,0.14463083139061902
Placebo,0,5020,True,0.4303902779979412
Placebo,0,5293,True,0.2876280912474843
Placebo,0,5338,True,0.6701220146146641
Placebo,0,5343,True,0.1244541635112973
Placebo,0,5464,True,0.11656695375225003
Placebo,0,5560,True,0.2996647409496849
Placebo,0,5719,True,0.17250524854222266
Placebo,0,6055,True,0.5627430424319498
Placebo,0,6121,True,0.33675631545305496
Placebo,0,6128,True,0.14777860913130192
Placebo,0,6197,True,0.24157073322230102
Placebo,0,6336,True,0.40448790403279394
Placebo,0,6577,True,0.4096820356322805
Placebo,0,6717,True,0.0
Placebo,0,6906,True,0.0
Placebo,0,8550,True,0.23719771276929624
Placebo,0,8576,True,0.681617574175615
Placebo,0,8790,True,0.6309297535714573
Placebo,0,8840,False,0.0
Placebo,0,8878,True,0.3978012991359395
Placebo,0,9337,True,0.23729607578068374
Placebo,0,9501,True,0.5478446210331467
Placebo,0,9512,False,0.0
Placebo,0,45,True,0.2639940090853693
Placebo,0,199,True,0.25206494032666715
Placebo,0,458,True,0.6652548659804031
Placebo,0,564,True,0.8469375964294583
Placebo,0,717,True,0.0
Placebo,0,1109,True,0.34666560734703633
Placebo,0,1576,True,0.16771752171325532
Placebo,0,1711,False,0.0
Placebo,0,1868,True,0.0
Placebo,0,1942,True,0.26731751128569753
Placebo,0,2001,True,0.09019475927038985
Placebo,0,2217,True,0.1343030124847651
Placebo,0,2354,True,0.29843163921777255
Placebo,0,2761,True,0.2139862647345275
Placebo,0,2980,True,0.0713975720180687
Placebo,0,3021,True,0.47747558976982984
Placebo,0,3030,True,0.0
Placebo,0,3046,True,0.2300439868709831
Placebo,0,3050,True,0.6040574762827031
Placebo,0,3288,True,0.4886946052433886
Placebo,0,3302,True,0.21166535002539047
Placebo,0,3794,True,0.0
Placebo,0,3920,True,0.22810651809138852
Placebo,0,3965,True,0.2701853408636663
Placebo,0,4193,True,0.32446581970860494
Placebo,0,4294,True,0.30004616525971506
Placebo,0,4383,True,0.44989539374420295
Placebo,0,4474,True,0.15363905051725701
Placebo,0,5068,True,0.4959389204699465
Placebo,0,5258,True,0.0
Placebo,0,5306,True,0.6051648637260922
Placebo,0,5323,True,0.6280577821720859
Placebo,0,5421,True,0.8394355266543998
Placebo,0,5766,True,0.5372102313485619
Placebo,0,5877,True,0.0
Placebo,0,5887,True,0.4981456006507624
Placebo,0,6126,True,0.1909208661789346
Placebo,0,6190,True,0.4573276713038255
Placebo,0,6224,True,0.3554853394071501
Placebo,0,6465,True,0.24676163983887411
Placebo,0,6853,True,0.1839291934274551
Placebo,0,6949,True,0.4590950082830243
Placebo,0,7107,True,0.0
Placebo,0,7240,True,0.0
Placebo,0,7937,True,0.43938854079216266
Placebo,0,8015,True,0.09791292534996787
Placebo,0,8066,True,0.407771804829471
Placebo,0,8202,True,0.27476238652533225
Placebo,0,8321,True,0.26682709949829375
Placebo,0,9222,True,0.21523093249752012
Placebo,0,9453,True,0.5583060092835301
Placebo,0,73,True,0.2786838599086596
Placebo,0,390,True,0.506694723745609
Placebo,0,424,True,0.3903800499921017
Placebo,0,715,True,0.44132994278455745
Placebo,0,915,True,0.38824405276699103
Placebo,0,1579,True,0.3257898549912272
Placebo,0,1643,True,0.20961610373991885
Placebo,0,1679,True,0.3002671649623363
Placebo,0,1982,True,0.2200917662980802
Placebo,0,2027,True,0.4115657203662083
Placebo,0,2211,True,0.19978874593485849
Placebo,0,2228,True,0.16644345092251636
Placebo,0,2352,True,0.0
Placebo,0,2520,True,0.5130138208859286
Placebo,0,2573,True,0.2122263659729146
Placebo,0,2630,True,0.5960486401216104
Placebo,0,2666,True,0.14789700411870774
Placebo,0,2745,True,0.2204097886747344
Placebo,0,3149,True,0.5438267382782913
Placebo,0,3369,True,0.11985872861000967
Placebo,0,3617,True,0.37794045484452843
Placebo,0,3862,True,0.09232555472959778
Placebo,0,4124,True,0.3633846298627563
Placebo,0,4218,True,0.21585850093689457
Placebo,0,4268,True,0.5959082882295941
Placebo,0,4452,True,0.15130120674940675
Placebo,0,4522,True,0.3479723708315431
Placebo,0,4784,True,0.618066284628391
Placebo,0,5139,True,0.0
Placebo,0,5438,True,0.5077515290639597
Placebo,0,5565,True,0.17571630920802794
Placebo,0,5684,True,0.6281078300217529
Placebo,0,5775,True,0.5033939943559076
Placebo,0,6110,True,0.2687951390596737
Placebo,0,6488,True,0.17108252373753105
Placebo,0,6590,True,0.18551863776881256
Placebo,0,6793,True,0.35137637429870466
Placebo,0,7090,True,0.44995888959822106
Placebo,0,7112,True,0.6120069133447795
Placebo,0,7167,True,0.26672490661372256
Placebo,0,7287,True,0.5514036364421749
Placebo,0,7370,True,0.09766480928205282
Placebo,0,7547,True,0.5665456501297661
Placebo,0,7589,True,0.1137450683926103
Placebo,0,7622,True,0.14710131651029384
Placebo,0,7640,False,0.0
Placebo,0,7757,True,0.16074957681487487
Placebo,0,8162,True,0.5468770332755923
Placebo,0,8508,True,0.17737000478273524
Placebo,0,8597,True,0.3428250118028636
Placebo,0,8771,True,0.12033364956339601
Placebo,0,288,True,0.5241664163262146
Placebo,0,635,True,0.43230100872845084
Placebo,0,654,True,0.08010565460623753
Placebo,0,699,True,0.08514311764162101
Placebo,0,743,True,0.2257955425580768
Placebo,0,946,True,0.0
Placebo,0,976,True,0.0
Placebo,0,1144,True,0.5697996203041308
Placebo,0,1187,True,0.27079412031854455
Placebo,0,1384,True,0.35164507986255755
Placebo,0,1415,True,0.5363318387669945
Placebo,0,1443,True,0.27793392095708447
Placebo,0,1629,True,0.22423499389675947
Placebo,0,1684,True,0.016985850229572677
Placebo,0,1802,True,0.08826507367166636
Placebo,0,1914,True,0.444288940125919
Placebo,0,2046,True,0.0
Placebo,0,2071,True,0.5009307630353088
Placebo,0,2340,True,0.2755095272431862
Placebo,0,2749,True,0.4282035135703834
Placebo,0,3517,True,0.3350836095832689
Placebo,0,3758,True,0.13584891263307552
Placebo,0,4110,True,0.550819160346238
Placebo,0,4111,True,0.2748763329142909
Placebo,0,4144,True,0.1878650829087129
Placebo,0,5021,True,0.0
Placebo,0,5032,True,0.2808496893749741
Placebo,0,5096,True,0.07711607962658217
Placebo,0,5109,True,0.5506739430718002
Placebo,0,5114,True,0.25369836138289487
Placebo,0,5977,True,0.5
Placebo,0,5984,True,0.45339498543010354
Placebo,0,6353,True,0.6851293218051127
Placebo,0,6373,True,0.4100946301906536
Placebo,0,6539,True,0.0
Placebo,0,6554,True,0.4378000415509686
Placebo,0,6884,True,0.38685280723454163
Placebo,0,6955,True,0.0
Placebo,0,7020,True,0.4510585336603669
Placebo,0,7029,True,0.21096976902246325
Placebo,0,7280,True,0.2802386299407644
Placebo,0,7394,True,0.31136330103268034
Placebo,0,7795,True,0.5452456722635645
Placebo,0,8108,True,0.3485614438176536
Placebo,0,8560,True,0.6008732176688996
Placebo,0,8632,True,0.17334192166251156
Placebo,0,8657,True,0.138668507531181
Placebo,0,8777,True,0.40062466768107874
Placebo,0,9151,True,0.07979453856244821
Placebo,0,9609,True,0.6578138266108532
Placebo,1,102,True,0.7647219415186192
Placebo,1,314,True,0.5251396380335015
Placebo,1,1068,True,0.48259788626278133
Placebo,1,1525,True,0.2873348764850485
Placebo,1,1795,True,0.43270624439416994
Placebo,1,1929,True,0.511704646318513
Placebo,1,1931,True,0.1244541635112973
Placebo,1,1991,True,0.3167797088291581
Placebo,1,2528,True,0.8264705424922912
Placebo,1,2697,True,0.7339221272353218
Placebo,1,2834,True,0.5092430752403574
Placebo,1,2845,True,0.29033658108792415
Placebo,1,3031,True,0.14014346421841997
Placebo,1,3250,True,0.5382426218890758
Placebo,1,3308,True,0.41247125015071845
Placebo,1,3402,True,0.415617447187586
Placebo,1,3426,True,0.0
Placebo,1,3449,True,0.4485171591754986
Placebo,1,3756,True,0.2832325164972662
Placebo,1,4141,True,0.6476667109863415
Placebo,1,4210,True,0.36611158198424454
Placebo,1,4516,True,0.22596175094486826
Placebo,1,4692,True,0.0
Placebo,1,4700,True,0.11855869896734009
Placebo,1,4910,False,0.0
Placebo,1,4962,True,0.5350416085262724
Placebo,1,5275,True,0.22816335945137983
Placebo,1,5671,True,0.7253222968595154
Placebo,1,5683,True,0.5049980660309015
Placebo,1,6067,True,0.7084877184918088
Placebo,1,6378,True,0.4484015741971706
Placebo,1,6495,True,0.5330919553065266
Placebo,1,6868,True,0.3537832067026809
Placebo,1,6880,True,0.6031751903380962
Placebo,1,7144,True,0.23021342230954742
Placebo,1,7413,True,0.5024898987576398
Placebo,1,7526,True,0.371389782323233
Placebo,1,7531,True,0.0
Placebo,1,7577,True,0.0
Placebo,1,7621,True,0.23467343878970148
Placebo,1,8198,True,0.2196913584380962
Placebo,1,8442,True,0.19064581813430725
Placebo,1,8452,True,0.6353619021422939
Placebo,1,8476,True,0.43056322872474745
Placebo,1,8541,True,0.8566642251946543
Placebo,1,8802,True,0.5407957149620701
Placebo,1,8816,True,0.04510157879202123
Placebo,1,8852,True,0.0
Placebo,1,9099,True,0.07839826897867538
Placebo,1,9479,True,0.3868528072345415
Placebo,1,9625,False,0.0
Placebo,1,96,True,0.14465396417138077
Placebo,1,171,True,0.6465006557360429
Placebo,1,328,True,0.1681275362711174
Placebo,1,387,True,0.09452854666581807
Placebo,1,754,False,0.0
Placebo,1,983,True,0.6197167110499009
Placebo,1,1039,True,0.5732901358755527
Placebo,1,1098,True,0.4013210008112861
Placebo,1,1120,True,0.6131471927654585
Placebo,1,1275,True,0.43212973430228446
Placebo,1,1343,True,0.1825234420401226
Placebo,1,1483,True,0.3975403332289043
Placebo,1,2005,True,0.06625422345438896
Placebo,1,2048,True,0.7358599668149972
Placebo,1,2379,True,0.6368414417417047
Placebo,1,2516,True,0.48307712890116206
Placebo,1,2601,True,0.32906062774026307
Placebo,1,3210,True,0.16466173794508868
Placebo,1,3601,True,0.0
Placebo,1,3729,True,0.4639817176377114
Placebo,1,3832,True,0.47329670772577254
Placebo,1,4104,True,0.11822100770287784
Placebo,1,4286,True,0.5066730213965814
Placebo,1,4329,True,0.0
Placebo,1,4553,True,0.16811577046396647
Placebo,1,4790,True,0.29736948361453563
Placebo,1,4844,True,0.0
Placebo,1,4994,True,0.17330686506964346
Placebo,1,5020,True,0.639472682562856
Placebo,1,5293,True,0.34530715215606633
Placebo,1,5338,True,0.4689762681441983
Placebo,1,5343,True,0.2660604461880445
Placebo,1,5464,True,0.4559834562812202
Placebo,1,5560,True,0.46954845656354666
Placebo,1,5719,True,0.13776325119708607
Placebo,1,6055,True,0.38852647257634365
Placebo,1,6121,True,0.6321371388454501
Placebo,1,6128,True,0.052639913647579424
Placebo,1,6197,True,0.2693070745425404
Placebo,1,6336,True,0.3581335301623262
Placebo,1,6577,True,0.6117855197656512
Placebo,1,6717,True,0.0
Placebo,1,6906,True,0.0
Placebo,1,8550,True,0.0
Placebo,1,8576,True,0.4367201158370758
Placebo,1,8790,True,0.0
Placebo,1,8840,False,0.0
Placebo,1,8878,True,0.38334277998463445
Placebo,1,9337,True,0.14246034649077333
Placebo,1,9501,True,0.5549962870402274
Placebo,1,9512,False,0.0
Placebo,1,45,True,0.26818553350160484
Placebo,1,199,True,0.1100458831490401
Placebo,1,458,True,0.5668791438105741
Placebo,1,564,True,0.8487980847530745
Placebo,1,717,True,0.06784272269558313
Placebo,1,1109,True,0.7751418311792174
Placebo,1,1576,True,0.0
Placebo,1,1711,False,0.0
Placebo,1,1868,True,0.0
Placebo,1,1942,True,0.3876123219867899
Placebo,1,2001,True,0.0
Placebo,1,2217,True,0.16549816491585856
Placebo,1,2354,True,0.5210148288165007
Placebo,1,2761,True,0.12081130269949425
Placebo,1,2980,True,0.11020866307815122
Placebo,1,3021,True,0.17242708510518714
Placebo,1,3030,True,0.3433743193603764
Placebo,1,3046,True,0.23239354245105107
Placebo,1,3050,True,0.6745561335880099
Placebo,1,3288,True,0.27974248489249726
Placebo,1,3302,True,0.3802716049407852
Placebo,1,3794,True,0.06490513563473839
Placebo,1,3920,True,0.4193721839250945
Placebo,1,3965,True,0.5054857225476266
Placebo,1,4193,True,0.36362350612070526
Placebo,1,4294,True,0.0
Placebo,1,4383,True,0.41342825335032174
Placebo,1,4474,True,0.4475454075446908
Placebo,1,5068,True,0.3775992553127646
Placebo,1,5258,True,0.0
Placebo,1,5306,True,0.7421246259355072
Placebo,1,5323,True,0.48104114963517997
Placebo,1,5421,True,0.6922968862068805
Placebo,1,5766,True,0.4501667110297592
Placebo,1,5877,True,0.0
Placebo,1,5887,True,0.44515443218039474
Placebo,1,6126,True,0.1303237659103706
Placebo,1,6190,True,0.34939785169768006
Placebo,1,6224,True,0.6148883746943
Placebo,1,6465,True,0.15130120674940675
Placebo,1,6853,True,0.531165756283615
Placebo,1,6949,True,0.5886172607642747
Placebo,1,7107,True,0.2043666266812865
Placebo,1,7240,True,0.0
Placebo,1,7937,True,0.38824405276699103
Placebo,1,8015,True,0.12247456102170362
Placebo,1,8066,True,0.3579748652373843
Placebo,1,8202,True,0.3300448435572214
Placebo,1,8321,True,0.37357948640741123
Placebo,1,9222,True,0.06343775459021646
Placebo,1,9453,True,0.4033312641071587
Placebo,1,73,True,0.235430901953249
Placebo,1,390,True,0.5804927310917786
Placebo,1,424,True,0.32531670832675147
Placebo,1,715,True,0.6024171237592955
Placebo,1,915,True,0.2816575879096919
Placebo,1,1579,True,0.11779754786041868
Placebo,1,1643,True,0.18809346402717642
Placebo,1,1679,True,0.45076965253909423
Placebo,1,1982,True,0.0
Placebo,1,2027,True,0.29871198847150293
Placebo,1,2211,True,0.5453520532404214
Placebo,1,2228,True,0.0425303480762292
Placebo,1,2352,True,0.0
Placebo,1,2520,True,0.3124977564753272
Placebo,1,2573,True,0.2200917662980802
Placebo,1,2630,True,0.6787785290460053
Placebo,1,2666,True,0.1973977853906857
Placebo,1,2745,True,0.2632426012427065
Placebo,1,3149,True,0.3328725588767114
Placebo,1,3369,True,0.17301703889441908
Placebo,1,3617,True,0.6786414500820321
Placebo,1,3862,True,0.1235584435560261
Placebo,1,4124,True,0.4815446934283697
Placebo,1,4218,True,0.32377376206695946
Placebo,1,4268,True,0.5232125474750442
Placebo,1,4452,True,0.22578419899983798
Placebo,1,4522,True,0.4060172571729517
Placebo,1,4784,True,0.5480343621656044
Placebo,1,5139,True,0.24066729912679202
Placebo,1,5438,True,0.4107340902826124
Placebo,1,5565,True,0.0
Placebo,1,5684,True,0.47289117150152105
Placebo,1,5775,True,0.5077181160122074
Placebo,1,6110,True,0.07491210085649577
Placebo,1,6488,True,0.0
Placebo,1,6590,True,0.2686545922124461
Placebo,1,6793,True,0.3732094495819699
Placebo,1,7090,True,0.36955162092599025
Placebo,1,7112,True,0.46130233695216444
Placebo,1,7167,True,0.5946862118551963
Placebo,1,7287,True,0.5623627235066455
Placebo,1,7370,True,0.46652361725978775
Placebo,1,7547,True,0.3229698198942594
Placebo,1,7589,True,0.10218331334064325
Placebo,1,7622,True,0.1170363967534973
Placebo,1,7640,False,0.0
Placebo,1,7757,True,0.11381311447980796
Placebo,1,8162,True,0.5311607616459031
Placebo,1,8508,True,0.09791292534996787
Placebo,1,8597,True,0.47946548093119135
Placebo,1,8771,True,0.0
Placebo,1,288,True,0.6064533028295916
Placebo,1,635,True,0.2869103730499906
Placebo,1,654,True,0.0
Placebo,1,699,True,0.031810394099475836
Placebo,1,743,True,0.2889306564526927
Placebo,1,946,True,0.0
Placebo,1,976,True,0.2569722855654531
Placebo,1,1144,True,0.6997231332616729
Placebo,1,1187,True,0.41995734365195553
Placebo,1,1384,True,0.2063519202139345
Placebo,1,1415,True,0.6400367359172854
Placebo,1,1443,True,0.30792847215049507
Placebo,1,1629,True,0.3853003134868767
Placebo,1,1684,True,0.14829723057014907
Placebo,1,1802,True,0.16788429622804935
Placebo,1,1914,True,0.28455788454761566
Placebo,1,2046,True,0.35620718710802235
Placebo,1,2071,True,0.5535378632977889
Placebo,1,2340,True,0.20916049842426024
Placebo,1,2749,True,0.4544195464290113
Placebo,1,3517,True,0.457264261966896
Placebo,1,3758,True,0.0475448891582404
Placebo,1,4110,True,0.2377378034101756
Placebo,1,4111,True,0.2748763329142909
Placebo,1,4144,True,0.046914224068210206
Placebo,1,5021,True,0.22415199495126517
Placebo,1,5032,True,0.2964181604839031
Placebo,1,5096,True,0.22095394673503205
Placebo,1,5109,True,0.617523301042692
Placebo,1,5114,True,0.2643316666548044
Placebo,1,5977,True,0.0
Placebo,1,5984,True,0.2583371993261007
Placebo,1,6353,True,0.4461555741547771
Placebo,1,6373,True,0.4863263961097784
Placebo,1,6539,True,0.1934264036172709
Placebo,1,6554,True,0.7016017958430987
Placebo,1,6884,True,0.40876468265396726
Placebo,1,6955,True,0.06343775459021646
Placebo,1,7020,True,0.5868238832012521
Placebo,1,7029,True,0.2981443408399994
Placebo,1,7280,True,0.16788429622804935
Placebo,1,7394,True,0.09019475927038985
Placebo,1,7795,True,0.7143773162629392
Placebo,1,8108,True,0.17318663334822615
Placebo,1,8560,True,0.38824064550464304
Placebo,1,8632,True,0.2966682955332674
Placebo,1,8657,True,0.05398557328145317
Placebo,1,8777,True,0.6368424042229711
Placebo,1,9151,True,0.16989454721481595
Placebo,1,9609,True,0.6468562235661908
Placebo,2,102,True,0.7910480953918236
Placebo,2,314,True,0.6287796859262542
Placebo,2,1068,True,0.5710688915413308
Placebo,2,1525,True,0.22109557653425727
Placebo,2,1795,True,0.49398122751651824
Placebo,2,1929,True,0.4346208853630092
Placebo,2,1931,True,0.18844415212771548
Placebo,2,1991,True,0.19056489468687848
Placebo,2,2528,True,0.48301884038351717
Placebo,2,2697,True,0.36898052967604134
Placebo,2,2834,True,0.31329068805790883
Placebo,2,2845,True,0.2913437048966654
Placebo,2,3031,True,0.26112796562004376
Placebo,2,3250,True,0.335919502360316
Placebo,2,3308,True,0.3664420988167894
Placebo,2,3402,True,0.0
Placebo,2,3426,True,0.0
Placebo,2,3449,True,0.3615125839323143
Placebo,2,3756,True,0.3976722328631673
Placebo,2,4141,True,0.6676213463102189
Placebo,2,4210,True,0.6935983263317466
Placebo,2,4516,True,0.11298087547243421
Placebo,2,4692,True,0.10646464774659972
Placebo,2,4700,True,0.11381311447980796
Placebo,2,4910,False,0.0
Placebo,2,4962,True,0.44156996178444025
Placebo,2,5275,True,0.2443527483788096
Placebo,2,5671,True,0.47760584650870963
Placebo,2,5683,True,0.6908058861547639
Placebo,2,6067,True,0.4540132599839968
Placebo,2,6378,True,0.6673546295859657
Placebo,2,6495,True,0.3237801386691471
Placebo,2,6868,True,0.6257662744576643
Placebo,2,6880,True,0.375107546194988
Placebo,2,7144,True,0.0776895369576595
Placebo,2,7413,True,0.5653098595779031
Placebo,2,7526,True,0.4990283278655562
Placebo,2,7531,True,0.0
Placebo,2,7577,True,0.0
Placebo,2,7621,True,0.19086904047954129
Placebo,2,8198,True,0.40168659965980935
Placebo,2,8442,True,0.09019475927038985
Placebo,2,8452,True,0.4350402713839431
Placebo,2,8476,True,0.34051971433771083
Placebo,2,8541,True,0.8210346184242616
Placebo,2,8802,True,0.04420524281920165
Placebo,2,8816,True,0.0
Placebo,2,8852,True,0.0
Placebo,2,9099,True,0.23365080824310527
Placebo,2,9479,True,0.0
Placebo,2,9625,False,0.0
Placebo,2,96,True,0.0
Placebo,2,171,True,0.7393226700243022
Placebo,2,328,True,0.13012668333070063
Placebo,2,387,True,0.31957415958009056
Placebo,2,754,False,0.0
Placebo,2,983,True,0.5271264563726693
Placebo,2,1039,True,0.48442302643939644
Placebo,2,1098,True,0.4823140493951987
Placebo,2,1120,True,0.0
Placebo,2,1275,True,0.41532193316462707
Placebo,2,1343,True,0.05501287053785307
Placebo,2,1483,True,0.3067158253477667
Placebo,2,2005,True,0.1478294909154527
Placebo,2,2048,True,0.5041522843112124
Placebo,2,2379,True,0.5766048315489407
Placebo,2,2516,True,0.5938995524313646
Placebo,2,2601,True,0.13801807301309124
Placebo,2,3210,True,0.2681252041436644
Placebo,2,3601,True,0.0
Placebo,2,3729,True,0.4173304929752252
Placebo,2,3832,True,0.4395546681169095
Placebo,2,4104,True,0.0
Placebo,2,4286,True,0.5972697303355048
Placebo,2,4329,True,0.19167138999231723
Placebo,2,4553,True,0.0
Placebo,2,4790,True,0.2934556883974403
Placebo,2,4844,True,0.0
Placebo,2,4994,True,0.056906557239904024
Placebo,2,5020,True,0.6242646064779831
Placebo,2,5293,True,0.4518783824627888
Placebo,2,5338,True,0.792916982590765
Placebo,2,5343,True,0.2325336965790461
Placebo,2,5464,True,0.19505778610400276
Placebo,2,5560,True,0.3023427693559205
Placebo,2,5719,True,0.37624207316900343
Placebo,2,6055,True,0.31561692740233804
Placebo,2,6121,True,0.7268712872705927
Placebo,2,6128,True,0.0
Placebo,2,6197,True,0.4313804468676856
Placebo,2,6336,True,0.5107122211350954
Placebo,2,6577,True,0.4808681273172313
Placebo,2,6717,True,0.0
Placebo,2,6906,True,0.0
Placebo,2,8550,True,0.0
Placebo,2,8576,True,0.7292823060527598
Placebo,2,8790,True,0.0
Placebo,2,8840,False,0.0
Placebo,2,8878,True,0.19377134058552758
Placebo,2,9337,True,0.11381311447980796
Placebo,2,9501,True,0.47243086908966186
Placebo,2,9512,False,0.0
Placebo,2,45,True,0.3748424545118433
Placebo,2,199,True,0.2618080742270756
Placebo,2,458,True,0.6171359367321095
Placebo,2,564,True,0.7971389170873964
Placebo,2,717,True,0.20829366581033182
Placebo,2,1109,True,0.6611164794990758
Placebo,2,1576,True,0.0
Placebo,2,1711,False,0.0
Placebo,2,1868,True,0.0
Placebo,2,1942,True,0.3274175322578016
Placebo,2,2001,True,0.06012983951359326
Placebo,2,2217,True,0.0
Placebo,2,2354,True,0.3794201405923024
Placebo,2,2761,True,0.13120507751234178
Placebo,2,2980,True,0.0
Placebo,2,3021,True,0.4050549405183018
Placebo,2,3030,True,0.0
Placebo,2,3046,True,0.27115808738559544
Placebo,2,3050,True,0.4855917196377427
Placebo,2,3288,True,0.44080353614925233
Placebo,2,3302,True,0.36405364934923967
Placebo,2,3794,True,0.16508805879536986
Placebo,2,3920,True,0.14701200403375775
Placebo,2,3965,True,0.2443259094571441
Placebo,2,4193,True,0.2820692913718553
Placebo,2,4294,True,0.12264830928602347
Placebo,2,4383,True,0.38200249541775305
Placebo,2,4474,True,0.08472032376115692
Placebo,2,5068,True,0.07839826897867538
Placebo,2,5258,True,0.0
Placebo,2,5306,True,0.7722545393731259
Placebo,2,5323,True,0.49527645747916815
Placebo,2,5421,True,0.8183293563702141
Placebo,2,5766,True,0.6034555924332832
Placebo,2,5877,True,0.11829302186713465
Placebo,2,5887,True,0.40310936866205344
Placebo,2,6126,True,0.23627291941935605
Placebo,2,6190,True,0.5320810795422871
Placebo,2,6224,True,0.08514311764162101
Placebo,2,6465,True,0.3026024134988135
Placebo,2,6853,True,0.040683756096346925
Placebo,2,6949,True,0.4596219797231581
Placebo,2,7107,True,0.06975096265942549
Placebo,2,7240,True,0.0
Placebo,2,7937,True,0.4228481875536238
Placebo,2,8015,True,0.3841110971684942
Placebo,2,8066,True,0.22461013156664808
Placebo,2,8202,True,0.3448419225049966
Placebo,2,8321,True,0.29319602433565584
Placebo,2,9222,True,0.0
Placebo,2,9453,True,0.4309078779062385
Placebo,2,73,True,0.24673877520525705
Placebo,2,390,True,0.4238788854610994
Placebo,2,424,True,0.11751610475642699
Placebo,2,715,True,0.7011011533196674
Placebo,2,915,True,0.16354138662029638
Placebo,2,1579,True,0.18129243973667888
Placebo,2,1643,True,0.0
Placebo,2,1679,True,0.35991550369196323
Placebo,2,1982,True,0.06362078819895167
Placebo,2,2027,True,0.5596726603509906
Placebo,2,2211,True,0.0
Placebo,2,2228,True,0.1867467135811831
Placebo,2,2352,True,0.23719771276929624
Placebo,2,2520,True,0.07358744134099243
Placebo,2,2573,True,0.2583297509898471
Placebo,2,2630,True,0.517635853342462
Placebo,2,2666,True,0.217014231200008
Placebo,2,2745,True,0.37074784524025883
Placebo,2,3149,True,0.4276635611943099
Placebo,2,3369,True,0.031810394099475836
Placebo,2,3617,True,0.30933310944430237
Placebo,2,3862,True,0.18465110945919555
Placebo,2,4124,True,0.472497908462761
Placebo,2,4218,True,0.1853739226201294
Placebo,2,4268,True,0.6024171237592955
Placebo,2,4452,True,0.0
Placebo,2,4522,True,0.5180296333657721
Placebo,2,4784,True,0.5469267029742889
Placebo,2,5139,True,0.12033364956339601
Placebo,2,5438,True,0.25253517372293877
Placebo,2,5565,True,0.15293625714824824
Placebo,2,5684,True,0.32616226708178087
Placebo,2,5775,True,0.6083169141195838
Placebo,2,6110,True,0.2443527483788097
Placebo,2,6488,True,0.13743816645714546
Placebo,2,6590,True,0.1638915088945317
Placebo,2,6793,True,0.41080151162064893
Placebo,2,7090,True,0.42215544524107784
Placebo,2,7112,True,0.462747205696885
Placebo,2,7167,True,0.37304003197753793
Placebo,2,7287,True,0.21143165418756268
Placebo,2,7370,True,0.29997585282655226
Placebo,2,7547,True,0.35473082238273435
Placebo,2,7589,True,0.0
Placebo,2,7622,True,0.0
Placebo,2,7640,False,0.0
Placebo,2,7757,True,0.3824494433037411
Placebo,2,8162,True,0.6404407505255908
Placebo,2,8508,True,0.09162544430476369
Placebo,2,8597,True,0.408683140805055
Placebo,2,8771,True,0.0
Placebo,2,288,True,0.455502025804951
Placebo,2,635,True,0.2502393042402625
Placebo,2,654,True,0.0
Placebo,2,699,True,0.16421958630632805
Placebo,2,743,True,0.33626449217714477
Placebo,2,946,True,0.26406812257259077
Placebo,2,976,True,0.10633668103022988
Placebo,2,1144,True,0.5753302721806515
Placebo,2,1187,True,0.4774827392033643
Placebo,2,1384,True,0.21099728824096328
Placebo,2,1415,True,0.5603514485209289
Placebo,2,1443,True,0.2814853444092611
Placebo,2,1629,True,0.30192453085441895
Placebo,2,1684,True,0.2576729220299205
Placebo,2,1802,True,0.13781937647125275
Placebo,2,1914,True,0.609814514571788
Placebo,2,2046,True,0.0
Placebo,2,2071,True,0.25379204894276436
Placebo,2,2340,True,0.088798739491056
Placebo,2,2749,True,0.4724557559379092
Placebo,2,3517,True,0.5026713065697133
Placebo,2,3758,True,0.0
Placebo,2,4110,True,0.5237873649584374
Placebo,2,4111,True,0.0
Placebo,2,4144,True,0.14074267220463055
Placebo,2,5021,True,0.0
Placebo,2,5032,True,0.8007544186431482
Placebo,2,5096,True,0.16793740064795468
Placebo,2,5109,True,0.46559081722992524
Placebo,2,5114,True,0.10250242425675692
Placebo,2,5977,True,0.0
Placebo,2,5984,True,0.33155316984660665
Placebo,2,6353,True,0.45489162267763017
Placebo,2,6373,True,0.34898319063305744
Placebo,2,6539,True,0.0
Placebo,2,6554,True,0.3777622644696371
Placebo,2,6884,True,0.0
Placebo,2,6955,True,0.5176028594756086
Placebo,2,7020,True,0.65075281067974
Placebo,2,7029,True,0.26624736731224513
Placebo,2,7280,True,0.1423390241169477
Placebo,2,7394,True,0.13799290728360533
Placebo,2,7795,True,0.5318103940994758
Placebo,2,8108,True,0.21408371436984164
Placebo,2,8560,True,0.4529589565579343
Placebo,2,8632,True,0.4754655872734206
Placebo,2,8657,True,0.0
Placebo,2,8777,True,0.8058874260892481
Placebo,2,9151,True,0.1264713513838286
Placebo,2,9609,True,0.28481420121376444
Placebo,3,102,True,0.6445824763887641
Placebo,3,314,True,0.7083250565846483
Placebo,3,1068,True,0.47993268839375136
Placebo,3,1525,True,0.0
Placebo,3,1795,True,0.3638501832834684
Placebo,3,1929,True,0.2644588594671438
Placebo,3,1931,True,0.0
Placebo,3,1991,True,0.2246129495238021
Placebo,3,2528,True,0.6063545844039478
Placebo,3,2697,True,0.5156570087483265
Placebo,3,2834,True,0.39046647881002594
Placebo,3,2845,True,0.3348261338890022
Placebo,3,3031,True,0.22334340892525475
Placebo,3,3250,True,0.15189322104459937
Placebo,3,3308,True,0.23228423147694632
Placebo,3,3402,True,0.24161166130227085
Placebo,3,3426,True,0.27177432879764046
Placebo,3,3449,True,0.536023778987939
Placebo,3,3756,True,0.316177203233448
Placebo,3,4141,True,0.5113243109157729
Placebo,3,4210,True,0.5105198884526987
Placebo,3,4516,True,0.17587073835118702
Placebo,3,4692,True,0.0
Placebo,3,4700,True,0.131992192941818
Placebo,3,4910,False,0.0
Placebo,3,4962,True,0.1794771050858174
Placebo,3,5275,True,0.6013829583871481
Placebo,3,5671,True,0.4837192686496281
Placebo,3,5683,True,0.508887965437068
Placebo,3,6067,True,0.6139201872526399
Placebo,3,6378,True,0.6499433285270966
Placebo,3,6495,True,0.41131519501345465
Placebo,3,6868,True,0.5205246197050521
Placebo,3,6880,True,0.46817241698752576
Placebo,3,7144,True,0.29266362290093084
Placebo,3,7413,True,0.43701164273467025
Placebo,3,7526,True,0.09162544430476369
Placebo,3,7531,True,0.08747171410140814
Placebo,3,7577,True,0.0
Placebo,3,7621,True,0.4437943628588603
Placebo,3,8198,True,0.38848203996804753
Placebo,3,8442,True,0.06425604298318159
Placebo,3,8452,True,0.4151807284981747
Placebo,3,8476,True,0.29987648916986737
Placebo,3,8541,True,0.6294048944948063
Placebo,3,8802,True,0.3130083010945906
Placebo,3,8816,True,0.057959913024345
Placebo,3,8852,True,0.2197434773205065
Placebo,3,9099,True,0.1244541635112973
Placebo,3,9479,True,0.0
Placebo,3,9625,False,0.0
Placebo,3,96,True,0.0
Placebo,3,171,True,0.6236241647186427
Placebo,3,328,True,0.308035166344986
Placebo,3,387,True,0.1931331085593736
Placebo,3,754,False,0.0
Placebo,3,983,True,0.29415429319465036
Placebo,3,1039,True,0.7479694602349732
Placebo,3,1098,True,0.03548230694357212
Placebo,3,1120,True,0.6131471927654585
Placebo,3,1275,True,0.22052079813908923
Placebo,3,1343,True,0.24760326473832586
Placebo,3,1483,True,0.04510157879202123
Placebo,3,2005,True,0.09478836436955075
Placebo,3,2048,True,0.457264261966896
Placebo,3,2379,True,0.5177901571664738
Placebo,3,2516,True,0.5085635320098567
Placebo,3,2601,True,0.4704252165517597
Placebo,3,3210,True,0.2813147635184125
Placebo,3,3601,True,0.0
Placebo,3,3729,True,0.3689571565936692
Placebo,3,3832,True,0.3428067681907634
Placebo,3,4104,True,0.2556884386198293
Placebo,3,4286,True,0.5275424995357907
Placebo,3,4329,True,0.07414861528507459
Placebo,3,4553,True,0.131992192941818
Placebo,3,4790,True,0.10241712375929543
Placebo,3,4844,True,0.0
Placebo,3,4994,True,0.34980723963261895
Placebo,3,5020,True,0.5506739430718002
Placebo,3,5293,True,0.48395434823697975
Placebo,3,5338,True,0.8154885480348673
Placebo,3,5343,True,0.2558057630254935
Placebo,3,5464,True,0.29848451857623975
Placebo,3,5560,True,0.3201544965468291
Placebo,3,5719,True,0.2585371562534131
Placebo,3,6055,True,0.2895229882348575
Placebo,3,6121,True,0.6438131748570636
Placebo,3,6128,True,0.21002108623385116
Placebo,3,6197,True,0.4644032328834667
Placebo,3,6336,True,0.45414448565769533
Placebo,3,6577,True,0.17351086272868824
Placebo,3,6717,True,0.0
Placebo,3,6906,True,0.0
Placebo,3,8550,True,0.6131471927654585
Placebo,3,8576,True,0.5196128675064848
Placebo,3,8790,True,0.0
Placebo,3,8840,False,0.0
Placebo,3,8878,True,0.4742708106036133
Placebo,3,9337,True,0.06012983951359326
Placebo,3,9501,True,0.39967095309284306
Placebo,3,9512,False,0.0
Placebo,3,45,True,0.0
Placebo,3,199,True,0.47338717040861206
Placebo,3,458,True,0.6797042935484946
Placebo,3,564,True,0.7175867104101137
Placebo,3,717,True,0.17366667134799177
Placebo,3,1109,True,0.6568204575170377
Placebo,3,1576,True,0.22897003849061145
Placebo,3,1711,False,0.0
Placebo,3,1868,True,0.0
Placebo,3,1942,True,0.45936034925806196
Placebo,3,2001,True,0.15445080225357144
Placebo,3,2217,True,0.0
Placebo,3,2354,True,0.3180035462568045
Placebo,3,2761,True,0.0
Placebo,3,2980,True,0.07896843623988549
Placebo,3,3021,True,0.31957415958009056
Placebo,3,3030,True,0.7653606369886218
Placebo,3,3046,True,0.44822887145008367
Placebo,3,3050,True,0.4452170774253627
Placebo,3,3288,True,0.30652258341228605
Placebo,3,3302,True,0.32890374566509495
Placebo,3,3794,True,0.2720697725900899
Placebo,3,3920,True,0.2904768628067383
Placebo,3,3965,True,0.09467872459852929
Placebo,3,4193,True,0.4757831594266232
Placebo,3,4294,True,0.22305085972750496
Placebo,3,4383,True,0.46177075479546226
Placebo,3,4474,True,0.21810380884487224
Placebo,3,5068,True,0.7381919257729244
Placebo,3,5258,True,0.08478905019642406
Placebo,3,5306,True,0.7868551524177798
Placebo,3,5323,True,0.5858058523803259
Placebo,3,5421,True,0.8221113941553767
Placebo,3,5766,True,0.47134920655445456
Placebo,3,5877,True,0.1643548980682564
Placebo,3,5887,True,0.4439164892728513
Placebo,3,6126,True,0.2387729208508149
Placebo,3,6190,True,0.4792123596461764
Placebo,3,6224,True,0.17834666199349727
Placebo,3,6465,True,0.1303237659103706
Placebo,3,6853,True,0.12492212726030358
Placebo,3,6949,True,0.5598945085247242
Placebo,3,7107,True,0.0576901476090013
Placebo,3,7240,True,0.2113281509899177
Placebo,3,7937,True,0.6990497025247441
Placebo,3,8015,True,0.0
Placebo,3,8066,True,0.18976016420150266
Placebo,3,8202,True,0.2794230304810813
Placebo,3,8321,True,0.5919752180088043
Placebo,3,9222,True,0.25810421612773937
Placebo,3,9453,True,0.6170098684563227
Placebo,3,73,True,0.43673949858938654
Placebo,3,390,True,0.5277570722672114
Placebo,3,424,True,0.0
Placebo,3,715,True,0.5218958298473255
Placebo,3,915,True,0.39956887138389763
Placebo,3,1579,True,0.31838242582438503
Placebo,3,1643,True,0.06312301365295118
Placebo,3,1679,True,0.6295810476902793
Placebo,3,1982,True,0.16354138662029638
Placebo,3,2027,True,0.1611886435707401
Placebo,3,2211,True,0.09546043308946738
Placebo,3,2228,True,0.22924979560305359
Placebo,3,2352,True,0.0
Placebo,3,2520,True,0.14539289195688904
Placebo,3,2573,True,0.17630010660342907
Placebo,3,2630,True,0.5277386592499372
Placebo,3,2666,True,0.3327632340172129
Placebo,3,2745,True,0.32033991248401106
Placebo,3,3149,True,0.35878114388567095
Placebo,3,3369,True,0.1390956775466275
Placebo,3,3617,True,0.43400765578599415
Placebo,3,3862,True,0.2085698970731088
Placebo,3,4124,True,0.5120665401680394
Placebo,3,4218,True,0.07171242235367578
Placebo,3,4268,True,0.718676239575155
Placebo,3,4452,True,0.1909208661789346
Placebo,3,4522,True,0.590875766676239
Placebo,3,4784,True,0.5857031283216377
Placebo,3,5139,True,0.0
Placebo,3,5438,True,0.35835673445689803
Placebo,3,5565,True,0.049941400570997205
Placebo,3,5684,True,0.560854441606719
Placebo,3,5775,True,0.522032859637427
Placebo,3,6110,True,0.35172575236951736
Placebo,3,6488,True,0.19948434332440654
Placebo,3,6590,True,0.24061459837669974
Placebo,3,6793,True,0.39468288149609915
Placebo,3,7090,True,0.41437029576815076
Placebo,3,7112,True,0.3535391188299725
Placebo,3,7167,True,0.5814355891395951
Placebo,3,7287,True,0.22772032365588848
Placebo,3,7370,True,0.12086992363525312
Placebo,3,7547,True,0.2720031464529879
Placebo,3,7589,True,0.06975096265942549
Placebo,3,7622,True,0.10644692083071636
Placebo,3,7640,False,0.0
Placebo,3,7757,True,0.2532046167861123
Placebo,3,8162,True,0.6354354790512198
Placebo,3,8508,True,0.16617090792688716
Placebo,3,8597,True,0.4348251131214946
Placebo,3,8771,True,0.0
Placebo,3,288,True,0.48757027375887174
Placebo,3,635,True,0.18953431415651678
Placebo,3,654,True,0.21614054090128246
Placebo,3,699,True,0.16618593638761947
Placebo,3,743,True,0.2682199941120099
Placebo,3,946,True,0.0
Placebo,3,976,True,0.0
Placebo,3,1144,True,0.6172805538991338
Placebo,3,1187,True,0.39077027854076174
Placebo,3,1384,True,0.26868079598247313
Placebo,3,1415,True,0.5524545924553091
Placebo,3,1443,True,0.15917007559337124
Placebo,3,1629,True,0.12132277329734331
Placebo,3,1684,True,0.20085340355698658
Placebo,3,1802,True,0.06012983951359326
Placebo,3,1914,True,0.41298423933499134
Placebo,3,2046,True,0.0
Placebo,3,2071,True,0.27651244595338637
Placebo,3,2340,True,0.2295414116956865
Placebo,3,2749,True,0.39750703128527165
Placebo,3,3517,True,0.4624960045758491
Placebo,3,3758,True,0.13347537859706934
Placebo,3,4110,True,0.43112094370957826
Placebo,3,4111,True,0.11838279295536289
Placebo,3,4144,True,0.28217772819424203
Placebo,3,5021,True,0.0
Placebo,3,5032,True,0.4251156303936054
Placebo,3,5096,True,0.11420034278597599
Placebo,3,5109,True,0.5691013464605408
Placebo,3,5114,True,0.21870684523675302
Placebo,3,5977,True,0.4306765580733929
Placebo,3,5984,True,0.2259198492815219
Placebo,3,6353,True,0.6972793798039822
Placebo,3,6373,True,0.5345380475615276
Placebo,3,6539,True,0.0
Placebo,3,6554,True,0.780856552962285
Placebo,3,6884,True,0.0
Placebo,3,6955,True,0.07362322034364345
Placebo,3,7020,True,0.34289903450920034
Placebo,3,7029,True,0.09578133795393315
Placebo,3,7280,True,0.3606833130375226
Placebo,3,7394,True,0.0776895369576595
Placebo,3,7795,True,0.5713975720180687
Placebo,3,8108,True,0.37644595227924266
Placebo,3,8560,True,0.45944373484672013
Placebo,3,8632,True,0.4752980232849871
Placebo,3,8657,True,0.0
Placebo,3,8777,True,0.649222234877489
Placebo,3,9151,True,0.23540784400158446
Placebo,3,9609,True,0.4847119890255186
Placebo,4,102,True,0.5721952289010137
Placebo,4,314,True,0.5515887034688571
Placebo,4,1068,True,0.404042942432103
Placebo,4,1525,True,0.051654929011943435
Placebo,4,1795,True,0.45031401969193974
Placebo,4,1929,True,0.5286500803090808
Placebo,4,1931,True,0.0
Placebo,4,1991,True,0.26137823465532045
Placebo,4,2528,True,0.561855903710649
Placebo,4,2697,True,0.6831288589483563
Placebo,4,2834,True,0.3608905895760687
Placebo,4,2845,True,0.25726227792198086
Placebo,4,3031,True,0.1448553551143021
Placebo,4,3250,True,0.2940267364368608
Placebo,4,3308,True,0.1898009070263946
Placebo,4,3402,True,0.16577377545790425
Placebo,4,3426,True,0.06760523069231987
Placebo,4,3449,True,0.24480700182423293
Placebo,4,3756,True,0.363341287259572
Placebo,4,4141,True,0.5930434072936255
Placebo,4,4210,True,0.47100129918224687
Placebo,4,4516,True,0.0
Placebo,4,4692,True,0.0
Placebo,4,4700,True,0.0
Placebo,4,4910,False,0.0
Placebo,4,4962,True,0.5399873388995391
Placebo,4,5275,True,0.05213351109528523
Placebo,4,5671,True,0.32091272319913466
Placebo,4,5683,True,0.38141816496535097
Placebo,4,6067,True,0.46093869735087684
Placebo,4,6378,True,0.3063951225256875
Placebo,4,6495,True,0.5572654495527664
Placebo,4,6868,True,0.7742243293183773
Placebo,4,6880,True,0.3515988150748034
Placebo,4,7144,True,0.0543026559841585
Placebo,4,7413,True,0.43240882187886276
Placebo,4,7526,True,0.17737000478273524
Placebo,4,7531,True,0.04373585705070407
Placebo,4,7577,True,0.0
Placebo,4,7621,True,0.42210347998983777
Placebo,4,8198,True,0.3665563059076576
Placebo,4,8442,True,0.1340402346263696
Placebo,4,8452,True,0.3208802980468459
Placebo,4,8476,True,0.2840657985409244
Placebo,4,8541,True,0.49101384479522003
Placebo,4,8802,True,0.20216690770723267
Placebo,4,8816,True,0.14982420171299154
Placebo,4,8852,True,0.7601875334318686
Placebo,4,9099,True,0.2784098931333014
Placebo,4,9479,True,0.0
Placebo,4,9625,False,0.0
Placebo,4,96,True,0.0
Placebo,4,171,True,0.3253455182781475
Placebo,4,328,True,0.0
Placebo,4,387,True,0.30307546030787563
Placebo,4,754,False,0.0
Placebo,4,983,True,0.5086173760042926
Placebo,4,1039,True,0.39797091966995973
Placebo,4,1098,True,0.382464937995214
Placebo,4,1120,True,0.0
Placebo,4,1275,True,0.3336176175269884
Placebo,4,1343,True,0.06893600872465099
Placebo,4,1483,True,0.4125151566526847
Placebo,4,2005,True,0.26873745552689515
Placebo,4,2048,True,0.6818743935335441
Placebo,4,2379,True,0.4735625157238355
Placebo,4,2516,True,0.5553415126180735
Placebo,4,2601,True,0.27859570484810126
Placebo,4,3210,True,0.21514269259453545
Placebo,4,3601,True,0.1681275362711174
Placebo,4,3729,True,0.1693260753363893
Placebo,4,3832,True,0.48751931872195275
Placebo,4,4104,True,0.19976560228398874
Placebo,4,4286,True,0.43659152624851394
Placebo,4,4329,True,0.09092803061897885
Placebo,4,4553,True,0.0
Placebo,4,4790,True,0.06943122193677731
Placebo,4,4844,True,0.0
Placebo,4,4994,True,0.0
Placebo,4,5020,True,0.4575750928774319
Placebo,4,5293,True,0.29403915897244315
Placebo,4,5338,True,0.820164689135987
Placebo,4,5343,True,0.27940635392979285
Placebo,4,5464,True,0.16195671984435944
Placebo,4,5560,True,0.5282751898388919
Placebo,4,5719,True,0.0444917928656898
Placebo,4,6055,True,0.22784037450527975
Placebo,4,6121,True,0.4833059147753372
Placebo,4,6128,True,0.04353781328125618
Placebo,4,6197,True,0.28787532371742747
Placebo,4,6336,True,0.5001412099046764
Placebo,4,6577,True,0.5583159533099797
Placebo,4,6717,True,0.10646464774659972
Placebo,4,6906,True,0.0
Placebo,4,8550,True,0.1934264036172709
Placebo,4,8576,True,0.6787617761052915
Placebo,4,8790,True,0.0
Placebo,4,8840,False,0.0
Placebo,4,8878,True,0.17711503465098385
Placebo,4,9337,True,0.16941772109183922
Placebo,4,9501,True,0.446455092597389
Placebo,4,9512,False,0.0
Placebo,4,45,True,0.2562720034550514
Placebo,4,199,True,0.5231737964779628
Placebo,4,458,True,0.5197565072477652
Placebo,4,564,True,0.7381859132983414
Placebo,4,717,True,0.30701473034246535
Placebo,4,1109,True,0.7257345305446319
Placebo,4,1576,True,0.3354350434265104
Placebo,4,1711,False,0.0
Placebo,4,1868,True,0.1934264036172709
Placebo,4,1942,True,0.21282937953749734
Placebo,4,2001,True,0.17394295399340123
Placebo,4,2217,True,0.0
Placebo,4,2354,True,0.37779269454375614
Placebo,4,2761,True,0.13120507751234178
Placebo,4,2980,True,0.24131161415313493
Placebo,4,3021,True,0.10330985802388687
Placebo,4,3030,True,0.40179981797758063
Placebo,4,3046,True,0.11140724239478872
Placebo,4,3050,True,0.6289376870322464
Placebo,4,3288,True,0.5265650624192247
Placebo,4,3302,True,0.28952298823485745
Placebo,4,3794,True,0.13603488629504495
Placebo,4,3920,True,0.42826580695098276
Placebo,4,3965,True,0.25595673491186094
Placebo,4,4193,True,0.2996930735402881
Placebo,4,4294,True,0.05538123001884931
Placebo,4,4383,True,0.40693378659728296
Placebo,4,4474,True,0.2443527483788096
Placebo,4,5068,True,0.7241528458281337
Placebo,4,5258,True,0.07616128966473122
Placebo,4,5306,True,0.5629280288234519
Placebo,4,5323,True,0.5241002447451756
Placebo,4,5421,True,0.7544306700193492
Placebo,4,5766,True,0.4573362932183878
Placebo,4,5877,True,0.04750922006459467
Placebo,4,5887,True,0.34626340861281185
Placebo,4,6126,True,0.2045343072393717
Placebo,4,6190,True,0.4484829641617261
Placebo,4,6224,True,0.42005444686646687
Placebo,4,6465,True,0.107789154524511
Placebo,4,6853,True,0.24334300374009835
Placebo,4,6949,True,0.39960372716417814
Placebo,4,7107,True,0.12530682344457728
Placebo,4,7240,True,0.0
Placebo,4,7937,True,0.42602766053340363
Placebo,4,8015,True,0.07945707943276738
Placebo,4,8066,True,0.17853276693874845
Placebo,4,8202,True,0.2400308813349463
Placebo,4,8321,True,0.24178552609249143
Placebo,4,9222,True,0.13925346236413355
Placebo,4,9453,True,0.5840761432344553
Placebo,4,73,True,0.235430901953249
Placebo,4,390,True,0.6763894632258918
Placebo,4,424,True,0.11751610475642699
Placebo,4,715,True,0.564240200205459
Placebo,4,915,True,0.14465249243306436
Placebo,4,1579,True,0.43056322872474745
Placebo,4,1643,True,0.4017979715258258
Placebo,4,1679,True,0.7089470991552228
Placebo,4,1982,True,0.1478294909154527
Placebo,4,2027,True,0.27996948069031447
Placebo,4,2211,True,0.0
Placebo,4,2228,True,0.15423215925316422
Placebo,4,2352,True,0.0
Placebo,4,2520,True,0.11375296085295913
Placebo,4,2573,True,0.3052348839397012
Placebo,4,2630,True,0.5400515150178246
Placebo,4,2666,True,0.2443527483788096
Placebo,4,2745,True,0.18618770897723155
Placebo,4,3149,True,0.4684194323112491
Placebo,4,3369,True,0.06222708175564865
Placebo,4,3617,True,0.45948442587042765
Placebo,4,3862,True,0.0
Placebo,4,4124,True,0.4269471635707982
Placebo,4,4218,True,0.4977391309128057
Placebo,4,4268,True,0.5347156109683886
Placebo,4,4452,True,0.0
Placebo,4,4522,True,0.3056558098808899
Placebo,4,4784,True,0.8785027655617975
Placebo,4,5139,True,0.15101961822780524
Placebo,4,5438,True,0.2888378860616915
Placebo,4,5565,True,0.0474357508986425
Placebo,4,5684,True,0.40086179286759993
Placebo,4,5775,True,0.6390097281865127
Placebo,4,6110,True,0.14661876487026893
Placebo,4,6488,True,0.13743816645714546
Placebo,4,6590,True,0.500797700120717
Placebo,4,6793,True,0.3254116959409258
Placebo,4,7090,True,0.24140791148513424
Placebo,4,7112,True,0.6972954480429762
Placebo,4,7167,True,0.5791066180963202
Placebo,4,7287,True,0.3211899726606444
Placebo,4,7370,True,0.17558217246012234
Placebo,4,7547,True,0.21093556880507178
Placebo,4,7589,True,0.06265341172228864
Placebo,4,7622,True,0.297410420602804
Placebo,4,7640,False,0.0
Placebo,4,7757,True,0.19448328896350559
Placebo,4,8162,True,0.690740149579279
Placebo,4,8508,True,0.07945707943276738
Placebo,4,8597,True,0.5111794285976553
Placebo,4,8771,True,0.0
Placebo,4,288,True,0.5792661339653067
Placebo,4,635,True,0.23139698872946413
Placebo,4,654,True,0.2777419224922832
Placebo,4,699,True,0.2526351075878773
Placebo,4,743,True,0.3875223490853316
Placebo,4,946,True,0.0
Placebo,4,976,True,0.24377484748737532
Placebo,4,1144,True,0.7068427266614254
Placebo,4,1187,True,0.3811797033501265
Placebo,4,1384,True,0.07680190056249989
Placebo,4,1415,True,0.5077063565576373
Placebo,4,1443,True,0.2547211839376482
Placebo,4,1629,True,0.31174622916601047
Placebo,4,1684,True,0.0
Placebo,4,1802,True,0.0543026559841585
Placebo,4,1914,True,0.30828198738692386
Placebo,4,2046,True,0.0
Placebo,4,2071,True,0.3619595911374239
Placebo,4,2340,True,0.0
Placebo,4,2749,True,0.27437871063488434
Placebo,4,3517,True,0.21095011698332722
Placebo,4,3758,True,0.17261663111409895
Placebo,4,4110,True,0.1532297058179852
Placebo,4,4111,True,0.2201841877624654
Placebo,4,4144,True,0.3238531104127581
Placebo,4,5021,True,0.0
Placebo,4,5032,True,0.44220687072678067
Placebo,4,5096,True,0.27978345357387874
Placebo,4,5109,True,0.6297159160996829
Placebo,4,5114,True,0.0
Placebo,4,5977,True,0.0
Placebo,4,5984,True,0.5031338051632576
Placebo,4,6353,True,0.7117426489628744
Placebo,4,6373,True,0.3831765284849057
Placebo,4,6539,True,0.0
Placebo,4,6554,True,0.4893691688294602
Placebo,4,6884,True,0.0
Placebo,4,6955,True,0.38062652754129855
Placebo,4,7020,True,0.2384232943501765
Placebo,4,7029,True,0.22284643314267177
Placebo,4,7280,True,0.3199579018271558
Placebo,4,7394,True,0.2092942577586813
Placebo,4,7795,True,0.7736991811496751
Placebo,4,8108,True,0.21951184540506863
Placebo,4,8560,True,0.6485435319025915
Placebo,4,8632,True,0.4378155769583722
Placebo,4,8657,True,0.05398557328145317
Placebo,4,8777,True,0.8117872164495367
Placebo,4,9151,True,0.09785159463516044
Placebo,4,9609,True,0.16354138662029638
Placebo,5,102,True,0.7598959400901923
Placebo,5,314,True,0.4106774206356419
Placebo,5,1068,True,0.5327492608870972
Placebo,5,1525,True,0.23772025465419455
Placebo,5,1795,True,0.4923669389190246
Placebo,5,1929,True,0.4791095251195519
Placebo,5,1931,True,0.35707647659639197
Placebo,5,1991,True,0.2142180275943969
Placebo,5,2528,True,0.5152674574883723
Placebo,5,2697,True,0.4574817125334272
Placebo,5,2834,True,0.31381545313097686
Placebo,5,2845,True,0.24658605406244233
Placebo,5,3031,True,0.0439702704525672
Placebo,5,3250,True,0.1137450683926103
Placebo,5,3308,True,0.5098234974847438
Placebo,5,3402,True,0.10390436179689652
Placebo,5,3426,True,0.0
Placebo,5,3449,True,0.36502990148214315
Placebo,5,3756,True,0.13568544539116625
Placebo,5,4141,True,0.5332526185467713
Placebo,5,4210,True,0.28825394377477753
Placebo,5,4516,True,0.05176296879456522
Placebo,5,4692,True,0.0
Placebo,5,4700,True,0.1599789509135779
Placebo,5,4910,False,0.0
Placebo,5,4962,True,0.39145348258908463
Placebo,5,5275,True,0.049941400570997205
Placebo,5,5671,True,0.3797007286099787
Placebo,5,5683,True,0.5295249303229703
Placebo,5,6067,True,0.3556297103590163
Placebo,5,6378,True,0.28975017669753467
Placebo,5,6495,True,0.7465412541109548
Placebo,5,6868,True,0.530910949051703
Placebo,5,6880,True,0.3901556460966102
Placebo,5,7144,True,0.12983380180421736
Placebo,5,7413,True,0.41874780081290996
Placebo,5,7526,True,0.20509662144948265
Placebo,5,7531,True,0.0
Placebo,5,7577,True,0.0
Placebo,5,7621,True,0.47943555454060266
Placebo,5,8198,True,0.3967752547781535
Placebo,5,8442,True,0.20723115602388714
Placebo,5,8452,True,0.39284258810686173
Placebo,5,8476,True,0.31926185711913446
Placebo,5,8541,True,0.5469138724370832
Placebo,5,8802,True,0.13567475897131237
Placebo,5,8816,True,0.14982420171299154
Placebo,5,8852,True,0.24068252031274295
Placebo,5,9099,True,0.5423640154200349
Placebo,5,9479,True,0.30657359638272924
Placebo,5,9625,False,0.0
Placebo,5,96,True,0.1356519734324477
Placebo,5,171,True,0.6645418532834263
Placebo,5,328,True,0.2463023887407299
Placebo,5,387,True,0.049941400570997205
Placebo,5,754,False,0.0
Placebo,5,983,True,0.4782465744801343
Placebo,5,1039,True,0.21464151570356013
Placebo,5,1098,True,0.5117075221920134
Placebo,5,1120,True,0.08861964339202381
Placebo,5,1275,True,0.41311967355478735
Placebo,5,1343,True,0.2503504140767471
Placebo,5,1483,True,0.41773488548021626
Placebo,5,2005,True,0.23138410931587952
Placebo,5,2048,True,0.688075055932335
Placebo,5,2379,True,0.6252416278050845
Placebo,5,2516,True,0.6216602942230515
Placebo,5,2601,True,0.38160358729772015
Placebo,5,3210,True,0.13183640504454022
Placebo,5,3601,True,0.0
Placebo,5,3729,True,0.2836348078830699
Placebo,5,3832,True,0.3369508448688161
Placebo,5,4104,True,0.15325125859488406
Placebo,5,4286,True,0.5729230328100895
Placebo,5,4329,True,0.0
Placebo,5,4553,True,0.2372960757806837
Placebo,5,4790,True,0.2200917662980802
Placebo,5,4844,True,0.0
Placebo,5,4994,True,0.0
Placebo,5,5020,True,0.48740912770565303
Placebo,5,5293,True,0.09453292111760589
Placebo,5,5338,True,0.788433459069816
Placebo,5,5343,True,0.1388624438735545
Placebo,5,5464,True,0.05583786044522723
Placebo,5,5560,True,0.5197470547750215
Placebo,5,5719,True,0.3519284607890846
Placebo,5,6055,True,0.6936634693435662
Placebo,5,6121,True,0.6904488565932995
Placebo,5,6128,True,0.19288862391547923
Placebo,5,6197,True,0.08407349654300757
Placebo,5,6336,True,0.564156856057579
Placebo,5,6577,True,0.5517710968036447
Placebo,5,6717,True,0.0
Placebo,5,6906,True,0.0
Placebo,5,8550,True,0.0
Placebo,5,8576,True,0.20438028584075155
Placebo,5,8790,True,0.0
Placebo,5,8840,False,0.0
Placebo,5,8878,True,0.36785566011211857
Placebo,5,9337,True,0.06012983951359326
Placebo,5,9501,True,0.6764191834698557
Placebo,5,9512,False,0.0
Placebo,5,45,True,0.057484716641728835
Placebo,5,199,True,0.19031743384045693
Placebo,5,458,True,0.727889318091519
Placebo,5,564,True,0.7020702405543543
Placebo,5,717,True,0.313845832849265
Placebo,5,1109,True,0.6398354263250423
Placebo,5,1576,True,0.26582598262939583
Placebo,5,1711,False,0.0
Placebo,5,1868,True,0.0
Placebo,5,1942,True,0.5739458512634614
Placebo,5,2001,True,0.11381311447980805
Placebo,5,2217,True,0.0
Placebo,5,2354,True,0.5490682007915698
Placebo,5,2761,True,0.24425847927021388
Placebo,5,2980,True,0.0
Placebo,5,3021,True,0.34085923887058805
Placebo,5,3030,True,0.0
Placebo,5,3046,True,0.15189322104459937
Placebo,5,3050,True,0.48849693650665554
Placebo,5,3288,True,0.33227789470387603
Placebo,5,3302,True,0.368868774423785
Placebo,5,3794,True,0.21561019356751263
Placebo,5,3920,True,0.5654348829064121
Placebo,5,3965,True,0.38105052679808865
Placebo,5,4193,True,0.30489326570600245
Placebo,5,4294,True,0.0
Placebo,5,4383,True,0.5273268705785269
Placebo,5,4474,True,0.2936313136965277
Placebo,5,5068,True,0.31909525063956645
Placebo,5,5258,True,0.07616128966473122
Placebo,5,5306,True,0.7605037244062353
Placebo,5,5323,True,0.5813121362702189
Placebo,5,5421,True,0.5974761799276201
Placebo,5,5766,True,0.7358599668149972
Placebo,5,5877,True,0.09895150850568246
Placebo,5,5887,True,0.427595009281569
Placebo,5,6126,True,0.286381299268402
Placebo,5,6190,True,0.31518412050141836
Placebo,5,6224,True,0.2100673983114526
Placebo,5,6465,True,0.11706259313796355
Placebo,5,6853,True,0.17185026159089994
Placebo,5,6949,True,0.34798759733292384
Placebo,5,7107,True,0.04681599109282455
Placebo,5,7240,True,0.0
Placebo,5,7937,True,0.2950048975148312
Placebo,5,8015,True,0.09791292534996787
Placebo,5,8066,True,0.3383551999592584
Placebo,5,8202,True,0.34752074198479266
Placebo,5,8321,True,0.373025255786697
Placebo,5,9222,True,0.06779095235709008
Placebo,5,9453,True,0.5341003790764562
Placebo,5,73,True,0.0
Placebo,5,390,True,0.4828379052626642
Placebo,5,424,True,0.2441550436069598
Placebo,5,715,True,0.4670140981774818
Placebo,5,915,True,0.0
Placebo,5,1579,True,0.5018062011350285
Placebo,5,1643,True,0.06312301365295118
Placebo,5,1679,True,0.5292662808468301
Placebo,5,1982,True,0.07839826897867538
Placebo,5,2027,True,0.41579649183870376
Placebo,5,2211,True,0.15130120674940675
Placebo,5,2228,True,0.1993421740373415
Placebo,5,2352,True,0.0
Placebo,5,2520,True,0.23613589470783777
Placebo,5,2573,True,0.14876390584057267
Placebo,5,2630,True,0.4461525661485222
Placebo,5,2666,True,0.22852079524852104
Placebo,5,2745,True,0.11518960751715449
Placebo,5,3149,True,0.28895251981458964
Placebo,5,3369,True,0.0713975720180687
Placebo,5,3617,True,0.44364785975745197
Placebo,5,3862,True,0.319393943239799
Placebo,5,4124,True,0.4539589020094566
Placebo,5,4218,True,0.311636641738967
Placebo,5,4268,True,0.504203385605394
Placebo,5,4452,True,0.11242587383123728
Placebo,5,4522,True,0.3676069188221655
Placebo,5,4784,True,0.7201743375937331
Placebo,5,5139,True,0.13012668333070063
Placebo,5,5438,True,0.2670294870712344
Placebo,5,5565,True,0.21106704398008652
Placebo,5,5684,True,0.5832495294717226
Placebo,5,5775,True,0.55206785919664
Placebo,5,6110,True,0.30193075812753545
Placebo,5,6488,True,0.11838279295536289
Placebo,5,6590,True,0.26489051041780554
Placebo,5,6793,True,0.35021247583571047
Placebo,5,7090,True,0.34392558261499034
Placebo,5,7112,True,0.6394266963280801
Placebo,5,7167,True,0.29159873176484224
Placebo,5,7287,True,0.5151253189149965
Placebo,5,7370,True,0.22721749736709188
Placebo,5,7547,True,0.2085303067457528
Placebo,5,7589,True,0.13207001659250134
Placebo,5,7622,True,0.2346921745249382
Placebo,5,7640,False,0.0
Placebo,5,7757,True,0.0
Placebo,5,8162,True,0.5710095285888135
Placebo,5,8508,True,0.17342765698823942
Placebo,5,8597,True,0.4338065325677348
Placebo,5,8771,True,0.0
Placebo,5,288,True,0.4123807472991885
Placebo,5,635,True,0.29997585282655226
Placebo,5,654,True,0.14831454428471355
Placebo,5,699,True,0.35940858709698914
Placebo,5,743,True,0.09720567390390628
Placebo,5,946,True,0.0
Placebo,5,976,True,0.08274602130531994
Placebo,5,1144,True,0.793584067764911
Placebo,5,1187,True,0.19953355754631757
Placebo,5,1384,True,0.1448193437100224
Placebo,5,1415,True,0.5625141430618167
Placebo,5,1443,True,0.2044252437338625
Placebo,5,1629,True,0.35109248235467766
Placebo,5,1684,True,0.2454087053392529
Placebo,5,1802,True,0.06472335804665429
Placebo,5,1914,True,0.527647127409754
Placebo,5,2046,True,0.0
Placebo,5,2071,True,0.36087876794923807
Placebo,5,2340,True,0.044399369745528
Placebo,5,2749,True,0.3564813281778502
Placebo,5,3517,True,0.42119435367370517
Placebo,5,3758,True,0.0
Placebo,5,4110,True,0.3726625004278405
Placebo,5,4111,True,0.11838279295536289
Placebo,5,4144,True,0.22499495363097344
Placebo,5,5021,True,0.2748763329142909
Placebo,5,5032,True,0.32380773822652775
Placebo,5,5096,True,0.2907924618672371
Placebo,5,5109,True,0.7282714220539122
Placebo,5,5114,True,0.09019475927038985
Placebo,5,5977,True,0.38685280723454163
Placebo,5,5984,True,0.31390658127566223
Placebo,5,6353,True,0.6432628883977171
Placebo,5,6373,True,0.3325092468780626
Placebo,5,6539,True,0.23719771276929624
Placebo,5,6554,True,0.5396765345410556
Placebo,5,6884,True,0.0
Placebo,5,6955,True,0.24760326473832586
Placebo,5,7020,True,0.46726093170206073
Placebo,5,7029,True,0.14367200693089974
Placebo,5,7280,True,0.24472611185282564
Placebo,5,7394,True,0.3705266906709429
Placebo,5,7795,True,0.47889833892325806
Placebo,5,8108,True,0.2394408568026151
Placebo,5,8560,True,0.5388091660975494
Placebo,5,8632,True,0.16197549154740448
Placebo,5,8657,True,0.20009096110378946
Placebo,5,8777,True,0.47357126784690334
Placebo,5,9151,True,0.0
Placebo,5,9609,True,0.6569815082938864
Placebo,6,102,True,0.6716080549482633
Placebo,6,314,True,0.4857067627140116
Placebo,6,1068,True,0.3962215654621876
Placebo,6,1525,True,0.047264273332909064
Placebo,6,1795,True,0.3675969860489183
Placebo,6,1929,True,0.6091147322268411
Placebo,6,1931,True,0.0
Placebo,6,1991,True,0.26745012070539853
Placebo,6,2528,True,0.4226613966001721
Placebo,6,2697,True,0.5390022516763577
Placebo,6,2834,True,0.3007662594630463
Placebo,6,2845,True,0.34540839862954625
Placebo,6,3031,True,0.24635211865011444
Placebo,6,3250,True,0.257526541609684
Placebo,6,3308,True,0.28812437759279763
Placebo,6,3402,True,0.33749186561383326
Placebo,6,3426,True,0.06326395904697467
Placebo,6,3449,True,0.5128704402007802
Placebo,6,3756,True,0.23680742154717782
Placebo,6,4141,True,0.5310544075215073
Placebo,6,4210,True,0.5434069811800104
Placebo,6,4516,True,0.0
Placebo,6,4692,True,0.0
Placebo,6,4700,True,0.056906557239904024
Placebo,6,4910,False,0.0
Placebo,6,4962,True,0.5033242827953465
Placebo,6,5275,True,0.19045598132128555
Placebo,6,5671,True,0.2932543681422978
Placebo,6,5683,True,0.5069038475633464
Placebo,6,6067,True,0.49686759466841
Placebo,6,6378,True,0.4117204711601505
Placebo,6,6495,True,0.6024411982690154
Placebo,6,6868,True,0.5494533470396373
Placebo,6,6880,True,0.5005172368837978
Placebo,6,7144,True,0.25207559759610326
Placebo,6,7413,True,0.4723098269426084
Placebo,6,7526,True,0.10633668103022988
Placebo,6,7531,True,0.11706259313796355
Placebo,6,7577,True,0.0
Placebo,6,7621,True,0.2789970583235998
Placebo,6,8198,True,0.33491205165066656
Placebo,6,8442,True,0.0776895369576595
Placebo,6,8452,True,0.66385028545241
Placebo,6,8476,True,0.23864210362162538
Placebo,6,8541,True,0.7834630830244053
Placebo,6,8802,True,0.42873983551643735
Placebo,6,8816,True,0.18905709333163614
Placebo,6,8852,True,0.2620900537178206
Placebo,6,9099,True,0.1427951440361374
Placebo,6,9479,True,0.0
Placebo,6,9625,False,0.0
Placebo,6,96,True,0.0
Placebo,6,171,True,0.35193049008466454
Placebo,6,328,True,0.3903800499921017
Placebo,6,387,True,0.17899294359068707
Placebo,6,754,False,0.0
Placebo,6,983,True,0.2958678216355966
Placebo,6,1039,True,0.4646347565780386
Placebo,6,1098,True,0.4501280764747118
Placebo,6,1120,True,0.0
Placebo,6,1275,True,0.21244830787927546
Placebo,6,1343,True,0.500700828153494
Placebo,6,1483,True,0.163433396514484
Placebo,6,2005,True,0.2200917662980802
Placebo,6,2048,True,0.6240527380020625
Placebo,6,2379,True,0.4787538026062472
Placebo,6,2516,True,0.42179192454493686
Placebo,6,2601,True,0.321830180794004
Placebo,6,3210,True,0.3634112124236242
Placebo,6,3601,True,0.48526582273463176
Placebo,6,3729,True,0.12330133029000186
Placebo,6,3832,True,0.3027327377477088
Placebo,6,4104,True,0.0
Placebo,6,4286,True,0.5150677918179574
Placebo,6,4329,True,0.1616837913400594
Placebo,6,4553,True,0.0
Placebo,6,4790,True,0.1545743395783983
Placebo,6,4844,True,0.0
Placebo,6,4994,True,0.2829973417423495
Placebo,6,5020,True,0.4333883829012746
Placebo,6,5293,True,0.29954190422887345
Placebo,6,5338,True,0.5750391304030483
Placebo,6,5343,True,0.2826806952785163
Placebo,6,5464,True,0.023407995546412274
Placebo,6,5560,True,0.2759849860120807
Placebo,6,5719,True,0.15122683541175136
Placebo,6,6055,True,0.1100458831490401
Placebo,6,6121,True,0.45643970888260094
Placebo,6,6128,True,0.3259362517620251
Placebo,6,6197,True,0.49718756882908866
Placebo,6,6336,True,0.5756693720236673
Placebo,6,6577,True,0.5866365404226755
Placebo,6,6717,True,0.21292929549319944
Placebo,6,6906,True,0.0
Placebo,6,8550,True,0.0
Placebo,6,8576,True,0.5586960504691184
Placebo,6,8790,True,0.0
Placebo,6,8840,False,0.0
Placebo,6,8878,True,0.18013145218085197
Placebo,6,9337,True,0.056906557239904024
Placebo,6,9501,True,0.4684102606289503
Placebo,6,9512,False,0.0
Placebo,6,45,True,0.20292638305988242
Placebo,6,199,True,0.25329540411053186
Placebo,6,458,True,0.5140398819949037
Placebo,6,564,True,0.7990984526439918
Placebo,6,717,True,0.06943122193677731
Placebo,6,1109,True,0.6422246756158694
Placebo,6,1576,True,0.699369486972047
Placebo,6,1711,False,0.0
Placebo,6,1868,True,0.0
Placebo,6,1942,True,0.3844176011116023
Placebo,6,2001,True,0.11381311447980796
Placebo,6,2217,True,0.0
Placebo,6,2354,True,0.35177381523266144
Placebo,6,2761,True,0.3391602052736161
Placebo,6,2980,True,0.1244541635112973
Placebo,6,3021,True,0.40278738764237665
Placebo,6,3030,True,0.1356519734324477
Placebo,6,3046,True,0.23191550393532304
Placebo,6,3050,True,0.4633180389503199
Placebo,6,3288,True,0.4740866750116073
Placebo,6,3302,True,0.3508939103725009
Placebo,6,3794,True,0.14573473180593433
Placebo,6,3920,True,0.18916223854406286
Placebo,6,3965,True,0.33949770867560913
Placebo,6,4193,True,0.13558190471418016
Placebo,6,4294,True,0.07117026412480269
Placebo,6,4383,True,0.23841310176101863
Placebo,6,4474,True,0.15057413135679593
Placebo,6,5068,True,0.4381081808305046
Placebo,6,5258,True,0.18322608909137003
Placebo,6,5306,True,0.4926948755059443
Placebo,6,5323,True,0.5821587367394033
Placebo,6,5421,True,0.7977885495409692
Placebo,6,5766,True,0.7519818728869396
Placebo,6,5877,True,0.0
Placebo,6,5887,True,0.5340389875630704
Placebo,6,6126,True,0.08747171410140814
Placebo,6,6190,True,0.3786910723574983
Placebo,6,6224,True,0.3591169901007459
Placebo,6,6465,True,0.1008674711662712
Placebo,6,6853,True,0.34682697186621203
Placebo,6,6949,True,0.35730731487145756
Placebo,6,7107,True,0.0
Placebo,6,7240,True,0.0
Placebo,6,7937,True,0.7678989400010074
Placebo,6,8015,True,0.2738157046780553
Placebo,6,8066,True,0.5771376733289267
Placebo,6,8202,True,0.25904447127191105
Placebo,6,8321,True,0.4657920854680507
Placebo,6,9222,True,0.09515663188532464
Placebo,6,9453,True,0.6665585148695479
Placebo,6,73,True,0.15556974829149348
Placebo,6,390,True,0.673065026562863
Placebo,6,424,True,0.0
Placebo,6,715,True,0.7920500693658991
Placebo,6,915,True,0.1918165764591883
Placebo,6,1579,True,0.452804989209596
Placebo,6,1643,True,0.10918487464734664
Placebo,6,1679,True,0.4087753922639176
Placebo,6,1982,True,0.0
Placebo,6,2027,True,0.5322595754477215
Placebo,6,2211,True,0.09546043308946738
Placebo,6,2228,True,0.11785811109683532
Placebo,6,2352,True,0.0
Placebo,6,2520,True,0.3055652360268985
Placebo,6,2573,True,0.07839826897867538
Placebo,6,2630,True,0.49214405214757817
Placebo,6,2666,True,0.3872130387405465
Placebo,6,2745,True,0.0879405409051344
Placebo,6,3149,True,0.5238435539341002
Placebo,6,3369,True,0.18479623443667997
Placebo,6,3617,True,0.3543951105170121
Placebo,6,3862,True,0.10075757095025129
Placebo,6,4124,True,0.4778043468339098
Placebo,6,4218,True,0.1839118879997427
Placebo,6,4268,True,0.5425715588208105
Placebo,6,4452,True,0.3026024134988135
Placebo,6,4522,True,0.46416664233144606
Placebo,6,4784,True,0.6163966803204153
Placebo,6,5139,True,0.11284514134893517
Placebo,6,5438,True,0.35943370354927895
Placebo,6,5565,True,0.18293903230422137
Placebo,6,5684,True,0.39832919277351386
Placebo,6,5775,True,0.5305455297539707
Placebo,6,6110,True,0.14179281999872714
Placebo,6,6488,True,0.07945707943276738
Placebo,6,6590,True,0.4751162431765047
Placebo,6,6793,True,0.27273584037434645
Placebo,6,7090,True,0.38875243618149813
Placebo,6,7112,True,0.5713513968237335
Placebo,6,7167,True,0.3085390481909648
Placebo,6,7287,True,0.4302974126361625
Placebo,6,7370,True,0.18339380179131587
Placebo,6,7547,True,0.3257335617074027
Placebo,6,7589,True,0.0
Placebo,6,7622,True,0.16703657489516616
Placebo,6,7640,False,0.0
Placebo,6,7757,True,0.12392667455308883
Placebo,6,8162,True,0.7017413333004964
Placebo,6,8508,True,0.13743816645714546
Placebo,6,8597,True,0.4964553432666724
Placebo,6,8771,True,0.1681275362711174
Placebo,6,288,True,0.5309776643172713
Placebo,6,635,True,0.2301125112349444
Placebo,6,654,True,0.0
Placebo,6,699,True,0.29736948361453563
Placebo,6,743,True,0.20523724423812814
Placebo,6,946,True,0.0
Placebo,6,976,True,0.0
Placebo,6,1144,True,0.7212827696372756
Placebo,6,1187,True,0.41979903933508395
Placebo,6,1384,True,0.05342359329214486
Placebo,6,1415,True,0.5616178070889971
Placebo,6,1443,True,0.32617527578614014
Placebo,6,1629,True,0.203015613631297
Placebo,6,1684,True,0.26010003974956974
Placebo,6,1802,True,0.21172977158402911
Placebo,6,1914,True,0.6435256901584887
Placebo,6,2046,True,1.0
Placebo,6,2071,True,0.3244556189094698
Placebo,6,2340,True,0.1775974789821119
Placebo,6,2749,True,0.43704210627583673
Placebo,6,3517,True,0.4111358694098617
Placebo,6,3758,True,0.0
Placebo,6,4110,True,0.4448705818273298
Placebo,6,4111,True,0.3812130139445208
Placebo,6,4144,True,0.2313994633078659
Placebo,6,5021,True,0.0
Placebo,6,5032,True,0.5369002455573125
Placebo,6,5096,True,0.13971554021009178
Placebo,6,5109,True,0.5491748906201335
Placebo,6,5114,True,0.32809472137754436
Placebo,6,5977,True,0.0
Placebo,6,5984,True,0.2957798651283586
Placebo,6,6353,True,0.4795514594891923
Placebo,6,6373,True,0.45282539396193855
Placebo,6,6539,True,0.0
Placebo,6,6554,True,0.80638433751347
Placebo,6,6884,True,0.0
Placebo,6,6955,True,0.19031326377064928
Placebo,6,7020,True,0.5313085143273489
Placebo,6,7029,True,0.29353344994651365
Placebo,6,7280,True,0.056906557239904024
Placebo,6,7394,True,0.1799904891088061
Placebo,6,7795,True,0.4462916008354781
Placebo,6,8108,True,0.3785009188665826
Placebo,6,8560,True,0.4036137258590997
Placebo,6,8632,True,0.46588569922116285
Placebo,6,8657,True,0.0
Placebo,6,8777,True,0.6039065421573565
Placebo,6,9151,True,0.34315565932329883
Placebo,6,9609,True,0.14201905717762706
Placebo,7,102,True,0.5655895673676814
Placebo,7,314,True,0.3979166303317736
Placebo,7,1068,True,0.504483523520949
Placebo,7,1525,True,0.1503257651492753
Placebo,7,1795,True,0.6920089366481372
Placebo,7,1929,True,0.33695305302902057
Placebo,7,1931,True,0.2288281848791404
Placebo,7,1991,True,0.25769613622684706
Placebo,7,2528,True,0.5680794307373164
Placebo,7,2697,True,0.2644743909742155
Placebo,7,2834,True,0.5239585586654706
Placebo,7,2845,True,0.3665477029926571
Placebo,7,3031,True,0.1746396962964387
Placebo,7,3250,True,0.0576901476090013
Placebo,7,3308,True,0.25802823237515604
Placebo,7,3402,True,0.04019569404504289
Placebo,7,3426,True,0.0
Placebo,7,3449,True,0.6409194050666951
Placebo,7,3756,True,0.0733639220993601
Placebo,7,4141,True,0.5808071633314041
Placebo,7,4210,True,0.33095100941516487
Placebo,7,4516,True,0.0
Placebo,7,4692,True,0.0
Placebo,7,4700,True,0.11381311447980796
Placebo,7,4910,False,0.0
Placebo,7,4962,True,0.3764255671009269
Placebo,7,5275,True,0.3305662909314032
Placebo,7,5671,True,0.5039795626419796
Placebo,7,5683,True,0.2691044494044589
Placebo,7,6067,True,0.31729168048738615
Placebo,7,6378,True,0.522544366130234
Placebo,7,6495,True,0.4957706800470168
Placebo,7,6868,True,0.6162093792548496
Placebo,7,6880,True,0.5073769741008772
Placebo,7,7144,True,0.24494847411846574
Placebo,7,7413,True,0.5472108405132834
Placebo,7,7526,True,0.1806589466552878
Placebo,7,7531,True,0.21286936229769574
Placebo,7,7577,True,0.3154648767857289
Placebo,7,7621,True,0.31737622177284397
Placebo,7,8198,True,0.3285602322952357
Placebo,7,8442,True,0.0543026559841585
Placebo,7,8452,True,0.25258255710320104
Placebo,7,8476,True,0.3089016045071429
Placebo,7,8541,True,0.7420147194520229
Placebo,7,8802,True,0.36534521412156296
Placebo,7,8816,True,0.09988280114199441
Placebo,7,8852,True,0.25339584447728963
Placebo,7,9099,True,0.20511666732794348
Placebo,7,9479,True,0.0
Placebo,7,9625,False,0.0
Placebo,7,96,True,0.0
Placebo,7,171,True,0.5019663500812914
Placebo,7,328,True,0.3903800499921017
Placebo,7,387,True,0.11591982604869
Placebo,7,754,False,0.0
Placebo,7,983,True,0.2743241782319905
Placebo,7,1039,True,0.3831745958784474
Placebo,7,1098,True,0.49021939470967013
Placebo,7,1120,True,0.0
Placebo,7,1275,True,0.3956323101605853
Placebo,7,1343,True,0.20485192729094998
Placebo,7,1483,True,0.28471807361756557
Placebo,7,2005,True,0.5517854393872874
Placebo,7,2048,True,0.4535596876393479
Placebo,7,2379,True,0.6730170388944189
Placebo,7,2516,True,0.5462394122517503
Placebo,7,2601,True,0.14363177164446836
Placebo,7,3210,True,0.6132348043673191
Placebo,7,3601,True,0.0
Placebo,7,3729,True,0.590027039336772
Placebo,7,3832,True,0.3739675298366664
Placebo,7,4104,True,0.39685407732988937
Placebo,7,4286,True,0.4266909272957121
Placebo,7,4329,True,0.06794340091829071
Placebo,7,4553,True,0.06425604298318159
Placebo,7,4790,True,0.09478836436955075
Placebo,7,4844,True,0.0
Placebo,7,4994,True,0.34142263553360996
Placebo,7,5020,True,0.6088362545610334
Placebo,7,5293,True,0.5007209914528179
Placebo,7,5338,True,0.7461409419938964
Placebo,7,5343,True,0.10728528344715167
Placebo,7,5464,True,0.0
Placebo,7,5560,True,0.32304006835384025
Placebo,7,5719,True,0.40075445195284953
Placebo,7,6055,True,0.4959389204699465
Placebo,7,6121,True,0.4795514594891923
Placebo,7,6128,True,0.07711607962658217
Placebo,7,6197,True,0.44133449107095607
Placebo,7,6336,True,0.5440672941771938
Placebo,7,6577,True,0.49645171765650364
Placebo,7,6717,True,0.0
Placebo,7,6906,True,0.0
Placebo,7,8550,True,0.0
Placebo,7,8576,True,0.5866329848196697
Placebo,7,8790,True,0.0
Placebo,7,8840,False,0.0
Placebo,7,8878,True,0.3841498266070611
Placebo,7,9337,True,0.22976314255676591
Placebo,7,9501,True,0.26333031230607357
Placebo,7,9512,False,0.0
Placebo,7,45,True,0.21223850836926947
Placebo,7,199,True,0.15840915256850244
Placebo,7,458,True,0.4998270274817309
Placebo,7,564,True,0.6078658050709019
Placebo,7,717,True,0.21501812929496164
Placebo,7,1109,True,0.5882307595015466
Placebo,7,1576,True,0.30063051302795324
Placebo,7,1711,False,0.0
Placebo,7,1868,True,0.18457569677956798
Placebo,7,1942,True,0.3283874792812667
Placebo,7,2001,True,0.23253378338733757
Placebo,7,2217,True,0.0
Placebo,7,2354,True,0.4102810925189929
Placebo,7,2761,True,0.0
Placebo,7,2980,True,0.08177069331014819
Placebo,7,3021,True,0.6090284867509214
Placebo,7,3030,True,0.46927872602275655
Placebo,7,3046,True,0.10920136754123602
Placebo,7,3050,True,0.5496200626384535
Placebo,7,3288,True,0.40859499846375896
Placebo,7,3302,True,0.3917375867225984
Placebo,7,3794,True,0.0
Placebo,7,3920,True,0.39263057673413015
Placebo,7,3965,True,0.2586380687437152
Placebo,7,4193,True,0.24354920550850975
Placebo,7,4294,True,0.1310646277629874
Placebo,7,4383,True,0.577780339271983
Placebo,7,4474,True,0.19280632981923038
Placebo,7,5068,True,0.35323390569525365
Placebo,7,5258,True,0.0
Placebo,7,5306,True,0.6688190998951302
Placebo,7,5323,True,0.5927229334451264
Placebo,7,5421,True,0.7534895634680859
Placebo,7,5766,True,0.7358599668149972
Placebo,7,5877,True,0.0
Placebo,7,5887,True,0.46900338728304375
Placebo,7,6126,True,0.27839258028034275
Placebo,7,6190,True,0.45395207212528527
Placebo,7,6224,True,0.18807495171024902
Placebo,7,6465,True,0.0
Placebo,7,6853,True,0.18045805191305586
Placebo,7,6949,True,0.46726093170206073
Placebo,7,7107,True,0.05109165667032166
Placebo,7,7240,True,0.0
Placebo,7,7937,True,0.5801476231864475
Placebo,7,8015,True,0.3092875883355079
Placebo,7,8066,True,0.5218571265250773
Placebo,7,8202,True,0.4853500976133755
Placebo,7,8321,True,0.42720654632090777
Placebo,7,9222,True,0.2854698956559739
Placebo,7,9453,True,0.4541007803193811
Placebo,7,73,True,0.36959867623351167
Placebo,7,390,True,0.38957626601086265
Placebo,7,424,True,0.4414924137367807
Placebo,7,715,True,0.5928607652853407
Placebo,7,915,True,0.0
Placebo,7,1579,True,0.4064767373807388
Placebo,7,1643,True,0.18809346402717642
Placebo,7,1679,True,0.6388570481476123
Placebo,7,1982,True,0.13698471029831177
Placebo,7,2027,True,0.33707020540303884
Placebo,7,2211,True,0.09546043308946738
Placebo,7,2228,True,0.11961110950386925
Placebo,7,2352,True,0.0
Placebo,7,2520,True,0.3471170312097875
Placebo,7,2573,True,0.06943122193677731
Placebo,7,2630,True,0.48451867570591484
Placebo,7,2666,True,0.12012448966810192
Placebo,7,2745,True,0.1033311075067574
Placebo,7,3149,True,0.2781785245560493
Placebo,7,3369,True,0.07896843623988549
Placebo,7,3617,True,0.3882052716625146
Placebo,7,3862,True,0.1305569638500157
Placebo,7,4124,True,0.4761564728700806
Placebo,7,4218,True,0.39286022611316773
Placebo,7,4268,True,0.6577107507766267
Placebo,7,4452,True,0.0
Placebo,7,4522,True,0.5075554758704003
Placebo,7,4784,True,0.8412996589141246
Placebo,7,5139,True,0.0
Placebo,7,5438,True,0.2392011457492427
Placebo,7,5565,True,0.09020315758404246
Placebo,7,5684,True,0.5992793198526983
Placebo,7,5775,True,0.4787150516091657
Placebo,7,6110,True,0.07491210085649577
Placebo,7,6488,True,0.09791292534996787
Placebo,7,6590,True,0.35968374021411564
Placebo,7,6793,True,0.37886989388491554
Placebo,7,7090,True,0.2919434775421459
Placebo,7,7112,True,0.32494407012104287
Placebo,7,7167,True,0.29793451221794126
Placebo,7,7287,True,0.5300630230577373
Placebo,7,7370,True,0.2084359936663695
Placebo,7,7547,True,0.44553733425658987
Placebo,7,7589,True,0.0
Placebo,7,7622,True,0.22010879042717113
Placebo,7,7640,False,0.0
Placebo,7,7757,True,0.06012983951359326
Placebo,7,8162,True,0.5551641514791964
Placebo,7,8508,True,0.3425347879066281
Placebo,7,8597,True,0.39468490909507054
Placebo,7,8771,True,0.0
Placebo,7,288,True,0.6064533028295916
Placebo,7,635,True,0.2934887569815248
Placebo,7,654,True,0.0
Placebo,7,699,True,0.06625422345438896
Placebo,7,743,True,0.44746590304465905
Placebo,7,946,True,0.0
Placebo,7,976,True,0.0
Placebo,7,1144,True,0.6587916387418148
Placebo,7,1187,True,0.11221805022708393
Placebo,7,1384,True,0.20262146214270757
Placebo,7,1415,True,0.3446035758889891
Placebo,7,1443,True,0.42562259753269377
Placebo,7,1629,True,0.16811577046396656
Placebo,7,1684,True,0.4640338714688208
Placebo,7,1802,True,0.34827381476882907
Placebo,7,1914,True,0.584826572556481
Placebo,7,2046,True,0.0
Placebo,7,2071,True,0.14718054711303677
Placebo,7,2340,True,0.19087622357670844
Placebo,7,2749,True,0.3483007441912858
Placebo,7,3517,True,0.4344063361877035
Placebo,7,3758,True,0.2669507571941387
Placebo,7,4110,True,0.0989058670577296
Placebo,7,4111,True,0.2748763329142909
Placebo,7,4144,True,0.40522062260545194
Placebo,7,5021,True,0.09791292534996787
Placebo,7,5032,True,0.25898197669433837
Placebo,7,5096,True,0.1083965549454961
Placebo,7,5109,True,0.6691602625688244
Placebo,7,5114,True,0.0
Placebo,7,5977,True,0.0
Placebo,7,5984,True,0.3836729347998761
Placebo,7,6353,True,0.42349084203184434
Placebo,7,6373,True,0.1787181304765184
Placebo,7,6539,True,0.0
Placebo,7,6554,True,0.5582866590614879
Placebo,7,6884,True,0.0
Placebo,7,6955,True,0.12007430061219558
Placebo,7,7020,True,0.4512982875091564
Placebo,7,7029,True,0.35354402611094105
Placebo,7,7280,True,0.11381311447980796
Placebo,7,7394,True,0.0
Placebo,7,7795,True,0.549911355624433
Placebo,7,8108,True,0.26977175334526116
Placebo,7,8560,True,0.537529245283588
Placebo,7,8632,True,0.3316884418176557
Placebo,7,8657,True,0.2107105505168595
Placebo,7,8777,True,0.43369536673050046
Placebo,7,9151,True,0.09075527918113799
Placebo,7,9609,True,0.3973079851992574
Placebo,8,102,True,0.5723221551894606
Placebo,8,314,True,0.3747612326031142
Placebo,8,1068,True,0.4233212475780372
Placebo,8,1525,True,0.2594515520148577
Placebo,8,1795,True,0.389325270557033
Placebo,8,1929,True,0.5467257594609379
Placebo,8,1931,True,0.06625422345438896
Placebo,8,1991,True,0.26987757395715256
Placebo,8,2528,True,0.5344853879653947
Placebo,8,2697,True,0.6233558426727895
Placebo,8,2834,True,0.35047909867206
Placebo,8,2845,True,0.2124243926603458
Placebo,8,3031,True,0.3090084285462487
Placebo,8,3250,True,0.4341935002202487
Placebo,8,3308,True,0.31407158335740576
Placebo,8,3402,True,0.16078277618017145
Placebo,8,3426,True,0.0
Placebo,8,3449,True,0.27031139872151666
Placebo,8,3756,True,0.09478836436955075
Placebo,8,4141,True,0.5182226600571296
Placebo,8,4210,True,0.4989320277324507
Placebo,8,4516,True,0.1385478132642137
Placebo,8,4692,True,0.319393943239799
Placebo,8,4700,True,0.11381311447980796
Placebo,8,4910,False,0.0
Placebo,8,4962,True,0.3526637384340435
Placebo,8,5275,True,0.10961484203628843
Placebo,8,5671,True,0.31732377473358747
Placebo,8,5683,True,0.4802061365416006
Placebo,8,6067,True,0.6065576522204278
Placebo,8,6378,True,0.4696414579572826
Placebo,8,6495,True,0.5930672308371772
Placebo,8,6868,True,0.610525025790444
Placebo,8,6880,True,0.3378669650431655
Placebo,8,7144,True,0.42821146974768093
Placebo,8,7413,True,0.15695605133738036
Placebo,8,7526,True,0.08671382849411978
Placebo,8,7531,True,0.0
Placebo,8,7577,True,0.0
Placebo,8,7621,True,0.38227952337434107
Placebo,8,8198,True,0.3861455683775367
Placebo,8,8442,True,0.1803895185407797
Placebo,8,8452,True,0.24958415895130132
Placebo,8,8476,True,0.2898977517049959
Placebo,8,8541,True,0.43323661388030044
Placebo,8,8802,True,0.15642994926925588
Placebo,8,8816,True,0.053368457452889664
Placebo,8,8852,True,0.0
Placebo,8,9099,True,0.456445721357184
Placebo,8,9479,True,0.0
Placebo,8,9625,False,0.0
Placebo,8,96,True,0.0
Placebo,8,171,True,0.656511391135352
Placebo,8,328,True,0.0
Placebo,8,387,True,0.0
Placebo,8,754,False,0.0
Placebo,8,983,True,0.35506144595111966
Placebo,8,1039,True,0.5156814158494087
Placebo,8,1098,True,0.20140397249445238
Placebo,8,1120,True,0.2184074368181643
Placebo,8,1275,True,0.5522120360468611
Placebo,8,1343,True,0.05866357563688719
Placebo,8,1483,True,0.1811463603585822
Placebo,8,2005,True,0.3301376494471203
Placebo,8,2048,True,0.6008960336113643
Placebo,8,2379,True,0.5406146612122628
Placebo,8,2516,True,0.44158855176511447
Placebo,8,2601,True,0.20064705171709946
Placebo,8,3210,True,0.09126279742613291
Placebo,8,3601,True,0.0
Placebo,8,3729,True,0.30487497558770466
Placebo,8,3832,True,0.4469979093489535
Placebo,8,4104,True,0.10873101432904658
Placebo,8,4286,True,0.6361218232260283
Placebo,8,4329,True,0.0
Placebo,8,4553,True,0.0
Placebo,8,4790,True,0.1388624438735545
Placebo,8,4844,True,0.0
Placebo,8,4994,True,0.4456277081810546
Placebo,8,5020,True,0.5019493376620933
Placebo,8,5293,True,0.24575225388691288
Placebo,8,5338,True,0.48320292556555594
Placebo,8,5343,True,0.24469074296140425
Placebo,8,5464,True,0.08097835992217972
Placebo,8,5560,True,0.4276388980031872
Placebo,8,5719,True,0.22005013770046306
Placebo,8,6055,True,0.38852647257634365
Placebo,8,6121,True,0.5207876403538236
Placebo,8,6128,True,0.13323803262823583
Placebo,8,6197,True,0.29499108562244564
Placebo,8,6336,True,0.5430875263988962
Placebo,8,6577,True,0.5414202626163569
Placebo,8,6717,True,0.0
Placebo,8,6906,True,0.0
Placebo,8,8550,True,0.0
Placebo,8,8576,True,0.44094160870947063
Placebo,8,8790,True,0.0
Placebo,8,8840,False,0.0
Placebo,8,8878,True,0.340775667184893
Placebo,8,9337,True,0.1089023187137469
Placebo,8,9501,True,0.29665470696618057
Placebo,8,9512,False,0.0
Placebo,8,45,True,0.4674237858192136
Placebo,8,199,True,0.32806229768146455
Placebo,8,458,True,0.6230928527327804
Placebo,8,564,True,0.8643145546088339
Placebo,8,717,True,0.0
Placebo,8,1109,True,0.6328609347220854
Placebo,8,1576,True,0.0
Placebo,8,1711,False,0.0
Placebo,8,1868,True,0.0
Placebo,8,1942,True,0.2953210813845158
Placebo,8,2001,True,0.3607790370815594
Placebo,8,2217,True,0.0
Placebo,8,2354,True,0.27036161259848285
Placebo,8,2761,True,0.0
Placebo,8,2980,True,0.10241712375929543
Placebo,8,3021,True,0.30253428144232447
Placebo,8,3030,True,0.0
Placebo,8,3046,True,0.3433834033942394
Placebo,8,3050,True,0.7324433762064433
Placebo,8,3288,True,0.6096341176789856
Placebo,8,3302,True,0.3452827265440846
Placebo,8,3794,True,0.09285825605119433
Placebo,8,3920,True,0.2938692433294114
Placebo,8,3965,True,0.20525227931654766
Placebo,8,4193,True,0.3353052331097157
Placebo,8,4294,True,0.0
Placebo,8,4383,True,0.5308413068647889
Placebo,8,4474,True,0.06124284226709497
Placebo,8,5068,True,0.428385432108412
Placebo,8,5258,True,0.0
Placebo,8,5306,True,0.626831309841388
Placebo,8,5323,True,0.5547829225746372
Placebo,8,5421,True,0.7528213821232759
Placebo,8,5766,True,0.7358599668149972
Placebo,8,5877,True,0.21620309573648994
Placebo,8,5887,True,0.1904477627372929
Placebo,8,6126,True,0.0
Placebo,8,6190,True,0.4777985066210692
Placebo,8,6224,True,0.25713267324237
Placebo,8,6465,True,0.3026024134988135
Placebo,8,6853,True,0.08592513079544997
Placebo,8,6949,True,0.3762979278498703
Placebo,8,7107,True,0.0
Placebo,8,7240,True,0.8503449055347547
Placebo,8,7937,True,0.5656742070230135
Placebo,8,8015,True,0.07945707943276738
Placebo,8,8066,True,0.06975096265942549
Placebo,8,8202,True,0.45594885861822815
Placebo,8,8321,True,0.2833237849553196
Placebo,8,9222,True,0.07362322034364345
Placebo,8,9453,True,0.527129978500571
Placebo,8,73,True,0.0
Placebo,8,390,True,0.4661917291971491
Placebo,8,424,True,0.0
Placebo,8,715,True,0.7669154800625876
Placebo,8,915,True,0.19930623359011795
Placebo,8,1579,True,0.5218121540743896
Placebo,8,1643,True,0.0
Placebo,8,1679,True,0.3558017611420225
Placebo,8,1982,True,0.07839826897867538
Placebo,8,2027,True,0.24012436310074345
Placebo,8,2211,True,0.0
Placebo,8,2228,True,0.16296812588101256
Placebo,8,2352,True,0.6131471927654585
Placebo,8,2520,True,0.21019727281069875
Placebo,8,2573,True,0.1244541635112973
Placebo,8,2630,True,0.6746055381356131
Placebo,8,2666,True,0.389894804865131
Placebo,8,2745,True,0.16846129482103386
Placebo,8,3149,True,0.7499711584632658
Placebo,8,3369,True,0.11489780503734268
Placebo,8,3617,True,0.3023608518291891
Placebo,8,3862,True,0.0
Placebo,8,4124,True,0.28930196315009665
Placebo,8,4218,True,0.28847636313437125
Placebo,8,4268,True,0.5937801207004583
Placebo,8,4452,True,0.0
Placebo,8,4522,True,0.3708555791333548
Placebo,8,4784,True,0.7710313453325974
Placebo,8,5139,True,0.12663893885053282
Placebo,8,5438,True,0.3678350926892227
Placebo,8,5565,True,0.2788757447326814
Placebo,8,5684,True,0.7379176411252666
Placebo,8,5775,True,0.727329844310522
Placebo,8,6110,True,0.10063273078579874
Placebo,8,6488,True,0.09476918482736578
Placebo,8,6590,True,0.519057007935291
Placebo,8,6793,True,0.13240437438171412
Placebo,8,7090,True,0.4826788523970831
Placebo,8,7112,True,0.5711377513350989
Placebo,8,7167,True,0.37003435977918053
Placebo,8,7287,True,0.42864663433602596
Placebo,8,7370,True,0.04018009264032398
Placebo,8,7547,True,0.42010339045270617
Placebo,8,7589,True,0.16195671984435944
Placebo,8,7622,True,0.2580790554984392
Placebo,8,7640,False,0.0
Placebo,8,7757,True,0.12116260022308561
Placebo,8,8162,True,0.648035109353695
Placebo,8,8508,True,0.0
Placebo,8,8597,True,0.26261438153265143
Placebo,8,8771,True,0.13905617951077567
Placebo,8,288,True,0.5643465089665386
Placebo,8,635,True,0.36318978539391006
Placebo,8,654,True,0.21561019356751263
Placebo,8,699,True,0.1794771050858174
Placebo,8,743,True,0.5733621467739869
Placebo,8,946,True,0.0
Placebo,8,976,True,0.0
Placebo,8,1144,True,0.6307216121225251
Placebo,8,1187,True,0.08610344986780646
Placebo,8,1384,True,0.16472832057369857
Placebo,8,1415,True,0.5728338371693523
Placebo,8,1443,True,0.33232336876252455
Placebo,8,1629,True,0.3690314440207361
Placebo,8,1684,True,0.38671386433196964
Placebo,8,1802,True,0.0
Placebo,8,1914,True,0.5405759102151814
Placebo,8,2046,True,0.0
Placebo,8,2071,True,0.17654818168750433
Placebo,8,2340,True,0.16432056980367962
Placebo,8,2749,True,0.5298112513546014
Placebo,8,3517,True,0.5721716002928757
Placebo,8,3758,True,0.2562720034550514
Placebo,8,4110,True,0.3470798408811151
Placebo,8,4111,True,0.17342765698823942
Placebo,8,4144,True,0.302427602120684
Placebo,8,5021,True,0.0
Placebo,8,5032,True,0.34634689786714556
Placebo,8,5096,True,0.10936046015606662
Placebo,8,5109,True,0.49873001035822556
Placebo,8,5114,True,0.09019475927038985
Placebo,8,5977,True,0.5
Placebo,8,5984,True,0.22859591538928198
Placebo,8,6353,True,0.45501712949720713
Placebo,8,6373,True,0.37236532756128266
Placebo,8,6539,True,0.0
Placebo,8,6554,True,0.4588614045517443
Placebo,8,6884,True,0.0
Placebo,8,6955,True,0.38062652754129855
Placebo,8,7020,True,0.6656685916681656
Placebo,8,7029,True,0.25120613633426847
Placebo,8,7280,True,0.19448328896350559
Placebo,8,7394,True,0.15721487658357466
Placebo,8,7795,True,0.49742832571816015
Placebo,8,8108,True,0.6749359875559983
Placebo,8,8560,True,0.3310079275866008
Placebo,8,8632,True,0.4714949113557566
Placebo,8,8657,True,0.06265341172228864
Placebo,8,8777,True,0.6095483793017588
Placebo,8,9151,True,0.0
Placebo,8,9609,True,0.5224955967919311
Placebo,9,102,True,0.7822047614556698
Placebo,9,314,True,0.5660308435575037
Placebo,9,1068,True,0.49219417706491486
Placebo,9,1525,True,0.14751510084308853
Placebo,9,1795,True,0.5116468598926981
Placebo,9,1929,True,0.5132297482736017
Placebo,9,1931,True,0.2200917662980802
Placebo,9,1991,True,0.18906584223521178
Placebo,9,2528,True,0.6272848831467858
Placebo,9,2697,True,0.20911283045619214
Placebo,9,2834,True,0.5480785006093846
Placebo,9,2845,True,0.48525763024587126
Placebo,9,3031,True,0.2991444889268901
Placebo,9,3250,True,0.3692172631367775
Placebo,9,3308,True,0.07037133610231527
Placebo,9,3402,True,0.17670908943366184
Placebo,9,3426,True,0.2039760888773504
Placebo,9,3449,True,0.3871652363600645
Placebo,9,3756,True,0.1610425878239397
Placebo,9,4141,True,0.5710095285888135
Placebo,9,4210,True,0.6265561702150827
Placebo,9,4516,True,0.05176296879456522
Placebo,9,4692,True,0.0
Placebo,9,4700,True,0.38023898622410224
Placebo,9,4910,False,0.0
Placebo,9,4962,True,0.3538805731685162
Placebo,9,5275,True,0.0
Placebo,9,5671,True,0.16102140484071123
Placebo,9,5683,True,0.4084252645175131
Placebo,9,6067,True,0.6486307237154704
Placebo,9,6378,True,0.4524213534804546
Placebo,9,6495,True,0.5450108801056098
Placebo,9,6868,True,0.6441665171232214
Placebo,9,6880,True,0.4917717905919631
Placebo,9,7144,True,0.30192453085441895
Placebo,9,7413,True,0.36804703685819684
Placebo,9,7526,True,0.367177904483102
Placebo,9,7531,True,0.0
Placebo,9,7577,True,0.0
Placebo,9,7621,True,0.07212498542285611
Placebo,9,8198,True,0.39276418519471773
Placebo,9,8442,True,0.2346921745249382
Placebo,9,8452,True,0.29489761211111326
Placebo,9,8476,True,0.24232520044617115
Placebo,9,8541,True,0.8211423069206899
Placebo,9,8802,True,0.11302784302955242
Placebo,9,8816,True,0.053368457452889664
Placebo,9,8852,True,0.0
Placebo,9,9099,True,0.17318663334822615
Placebo,9,9479,True,0.2184074368181643
Placebo,9,9625,False,0.0
Placebo,9,96,True,0.23463936301137828
Placebo,9,171,True,0.6388718963462984
Placebo,9,328,True,0.13905617951077567
Placebo,9,387,True,0.0
Placebo,9,754,False,0.0
Placebo,9,983,True,0.37063330780238896
Placebo,9,1039,True,0.6061945729510129
Placebo,9,1098,True,0.46300728399854724
Placebo,9,1120,True,0.26406812257259077
Placebo,9,1275,True,0.34506048713491555
Placebo,9,1343,True,0.0
Placebo,9,1483,True,0.29161702171171866
Placebo,9,2005,True,0.07839826897867538
Placebo,9,2048,True,0.7146550133965337
Placebo,9,2379,True,0.4510173185740305
Placebo,9,2516,True,0.35252401353922824
Placebo,9,2601,True,0.16647195188832425
Placebo,9,3210,True,0.38257775445699993
Placebo,9,3601,True,0.0
Placebo,9,3729,True,0.38857587938591687
Placebo,9,3832,True,0.40357155485496804
Placebo,9,4104,True,0.14179281999872714
Placebo,9,4286,True,0.5925923697619264
Placebo,9,4329,True,0.07075576072108053
Placebo,9,4553,True,0.0
Placebo,9,4790,True,0.06625422345438896
Placebo,9,4844,True,0.06671222698475615
Placebo,9,4994,True,0.2580790554984392
Placebo,9,5020,True,0.49873001035822556
Placebo,9,5293,True,0.25504204568659167
Placebo,9,5338,True,0.5839548165294534
Placebo,9,5343,True,0.21938373778552436
Placebo,9,5464,True,0.10218331334064325
Placebo,9,5560,True,0.3057747101407857
Placebo,9,5719,True,0.261254439306273
Placebo,9,6055,True,0.39170347105873204
Placebo,9,6121,True,0.24772944123509041
Placebo,9,6128,True,0.19424133424883072
Placebo,9,6197,True,0.09467872459852929
Placebo,9,6336,True,0.6161532540581843
Placebo,9,6577,True,0.4769236009059268
Placebo,9,6717,True,0.0
Placebo,9,6906,True,0.0
Placebo,9,8550,True,0.0
Placebo,9,8576,True,0.8196104814592203
Placebo,9,8790,True,0.0
Placebo,9,8840,False,0.0
Placebo,9,8878,True,0.06794340091829071
Placebo,9,9337,True,0.05214426484655786
Placebo,9,9501,True,0.3407850875355819
Placebo,9,9512,False,0.0
Placebo,9,45,True,0.27224898709752443
Placebo,9,199,True,0.28744763646920174
Placebo,9,458,True,0.49928494119601563
Placebo,9,564,True,0.7594308734433985
Placebo,9,717,True,0.15176219107803549
Placebo,9,1109,True,0.5243322970871512
Placebo,9,1576,True,0.10283552761606228
Placebo,9,1711,False,0.0
Placebo,9,1868,True,0.0
Placebo,9,1942,True,0.21553124809285623
Placebo,9,2001,True,0.16551186920822103
Placebo,9,2217,True,0.3077394969800395
Placebo,9,2354,True,0.45152939093531536
Placebo,9,2761,True,0.2139862647345275
Placebo,9,2980,True,0.031810394099475836
Placebo,9,3021,True,0.5018771027993836
Placebo,9,3030,True,0.3379680345449383
Placebo,9,3046,True,0.25377712294223864
Placebo,9,3050,True,0.6410991093394501
Placebo,9,3288,True,0.41000662583090286
Placebo,9,3302,True,0.3982846852949282
Placebo,9,3794,True,0.2720697725900899
Placebo,9,3920,True,0.4841426688118362
Placebo,9,3965,True,0.12836809629288148
Placebo,9,4193,True,0.31409642521609166
Placebo,9,4294,True,0.11076246003769862
Placebo,9,4383,True,0.47906082788666476
Placebo,9,4474,True,0.15577138893291304
Placebo,9,5068,True,0.7542686714597936
Placebo,9,5258,True,0.0
Placebo,9,5306,True,0.3794799605324232
Placebo,9,5323,True,0.47429648444294786
Placebo,9,5421,True,0.6620647987594408
Placebo,9,5766,True,0.5038111340736255
Placebo,9,5877,True,0.0
Placebo,9,5887,True,0.4140297860209933
Placebo,9,6126,True,0.0
Placebo,9,6190,True,0.6596568943398063
Placebo,9,6224,True,0.3154343320904591
Placebo,9,6465,True,0.107789154524511
Placebo,9,6853,True,0.18765689627284077
Placebo,9,6949,True,0.45755654879873364
Placebo,9,7107,True,0.08097835992217972
Placebo,9,7240,True,0.0
Placebo,9,7937,True,0.40557665593334086
Placebo,9,8015,True,0.25452920735728307
Placebo,9,8066,True,0.3639855205278244
Placebo,9,8202,True,0.32113015136157186
Placebo,9,8321,True,0.3532918008631815
Placebo,9,9222,True,0.07362322034364345
Placebo,9,9453,True,0.5527174916502128
Placebo,9,73,True,0.38063157397019515
Placebo,9,390,True,0.46906980488123595
Placebo,9,424,True,0.0
Placebo,9,715,True,0.5077147379477456
Placebo,9,915,True,0.3836331529183766
Placebo,9,1579,True,0.5176859506048014
Placebo,9,1643,True,0.0
Placebo,9,1679,True,0.6186746200201442
Placebo,9,1982,True,0.0
Placebo,9,2027,True,0.2816935310451333
Placebo,9,2211,True,0.0
Placebo,9,2228,True,0.1575573591631193
Placebo,9,2352,True,0.0
Placebo,9,2520,True,0.11479195986847575
Placebo,9,2573,True,0.23365080824310527
Placebo,9,2630,True,0.5512085618796477
Placebo,9,2666,True,0.2512721016438729
Placebo,9,2745,True,0.1102142740921054
Placebo,9,3149,True,0.35669752958563045
Placebo,9,3369,True,0.435153336610629
Placebo,9,3617,True,0.3145379231585268
Placebo,9,3862,True,0.0
Placebo,9,4124,True,0.4189286511174504
Placebo,9,4218,True,0.38832092204698465
Placebo,9,4268,True,0.6824627232367309
Placebo,9,4452,True,0.0
Placebo,9,4522,True,0.44363850144517614
Placebo,9,4784,True,0.653168265328217
Placebo,9,5139,True,0.11751610475642699
Placebo,9,5438,True,0.4238928547445078
Placebo,9,5565,True,0.0689187267561001
Placebo,9,5684,True,0.5514516462042558
Placebo,9,5775,True,0.32730659600127
Placebo,9,6110,True,0.16905874424669462
Placebo,9,6488,True,0.13743816645714546
Placebo,9,6590,True,0.05214426484655786
Placebo,9,6793,True,0.6059299485484325
Placebo,9,7090,True,0.22114512370556766
Placebo,9,7112,True,0.5179885511367159
Placebo,9,7167,True,0.11227410436015113
Placebo,9,7287,True,0.40959882575712453
Placebo,9,7370,True,0.0977746911868132
Placebo,9,7547,True,0.3764941557490678
Placebo,9,7589,True,0.0
Placebo,9,7622,True,0.056906557239904024
Placebo,9,7640,False,0.0
Placebo,9,7757,True,0.06472335804665429
Placebo,9,8162,True,0.6358700277216909
Placebo,9,8508,True,0.21689524588991282
Placebo,9,8597,True,0.3953458407166019
Placebo,9,8771,True,0.0
Placebo,9,288,True,0.5280891068382451
Placebo,9,635,True,0.401541065894399
Placebo,9,654,True,0.06490513563473839
Placebo,9,699,True,0.3398414932237255
Placebo,9,743,True,0.3099552282726022
Placebo,9,946,True,0.0
Placebo,9,976,True,0.09791292534996787
Placebo,9,1144,True,0.6303532137551715
Placebo,9,1187,True,0.2751905591283965
Placebo,9,1384,True,0.0
Placebo,9,1415,True,0.530910949051703
Placebo,9,1443,True,0.28470467171312885
Placebo,9,1629,True,0.5535780538910327
Placebo,9,1684,True,0.10122860821230016
Placebo,9,1802,True,0.2570724933466658
Placebo,9,1914,True,0.5870157606650086
Placebo,9,2046,True,0.0
Placebo,9,2071,True,0.2115212082332762
Placebo,9,2340,True,0.3301306814936098
Placebo,9,2749,True,0.37150086740695104
Placebo,9,3517,True,0.3622505308148814
Placebo,9,3758,True,0.0
Placebo,9,4110,True,0.3177953022739879
Placebo,9,4111,True,0.2748763329142909
Placebo,9,4144,True,0.3588308539651016
Placebo,9,5021,True,0.22415199495126517
Placebo,9,5032,True,0.27102799106338266
Placebo,9,5096,True,0.07066252950471981
Placebo,9,5109,True,0.6457031505347193
Placebo,9,5114,True,0.13620773533440814
Placebo,9,5977,True,0.0
Placebo,9,5984,True,0.2177876245933072
Placebo,9,6353,True,0.5956376027867828
Placebo,9,6373,True,0.40142679174981816
Placebo,9,6539,True,0.0
Placebo,9,6554,True,0.6061998905849394
Placebo,9,6884,True,0.0
Placebo,9,6955,True,0.027506435268926537
Placebo,9,7020,True,0.36483361535360737
Placebo,9,7029,True,0.14368315029401793
Placebo,9,7280,True,0.0
Placebo,9,7394,True,0.0
Placebo,9,7795,True,0.5149254292714402
Placebo,9,8108,True,0.3714891073940902
Placebo,9,8560,True,0.2786009685469449
Placebo,9,8632,True,0.34470677249281695
Placebo,9,8657,True,0.19775313510596787
Placebo,9,8777,True,0.7219593072841651
Placebo,9,9151,True,0.07614334071738343
Placebo,9,9609,True,0.13568544539116625
Placebo,10,102,True,0.6002039401534253
Placebo,10,314,True,0.5902443659230054
Placebo,10,1068,True,0.45424853300082696
Placebo,10,1525,True,0.2807690179995485
Placebo,10,1795,True,0.614992103905317
Placebo,10,1929,True,0.3851321147171151
Placebo,10,1931,True,0.1388624438735545
Placebo,10,1991,True,0.4473725470455142
Placebo,10,2528,True,0.48178406407605096
Placebo,10,2697,True,0.4166552987725723
Placebo,10,2834,True,0.30871583084061566
Placebo,10,2845,True,0.36566420089391943
Placebo,10,3031,True,0.24220467275335622
Placebo,10,3250,True,0.28493215742693845
Placebo,10,3308,True,0.22281465737850994
Placebo,10,3402,True,0.12741733550370726
Placebo,10,3426,True,0.06543459486964727
Placebo,10,3449,True,0.47724833113371345
Placebo,10,3756,True,0.4382868940754302
Placebo,10,4141,True,0.30914589969662515
Placebo,10,4210,True,0.42548184917783544
Placebo,10,4516,True,0.0
Placebo,10,4692,True,0.0
Placebo,10,4700,True,0.1423390241169477
Placebo,10,4910,False,0.0
Placebo,10,4962,True,0.605504765619221
Placebo,10,5275,True,0.20778411473733654
Placebo,10,5671,True,0.19783840468970493
Placebo,10,5683,True,0.47003841184266587
Placebo,10,6067,True,0.40254379981337157
Placebo,10,6378,True,0.36609193692234293
Placebo,10,6495,True,0.2432756130392173
Placebo,10,6868,True,0.477080817233294
Placebo,10,6880,True,0.19351636866760144
Placebo,10,7144,True,0.2641377132637911
Placebo,10,7413,True,0.4350849415119412
Placebo,10,7526,True,0.0
Placebo,10,7531,True,0.0
Placebo,10,7577,True,0.0
Placebo,10,7621,True,0.13810482876148897
Placebo,10,8198,True,0.5402205700144063
Placebo,10,8442,True,0.06425604298318159
Placebo,10,8452,True,0.25546412703899524
Placebo,10,8476,True,0.1713390527376558
Placebo,10,8541,True,0.45119029109229947
Placebo,10,8802,True,0.120013679648517
Placebo,10,8816,True,0.0
Placebo,10,8852,True,0.0
Placebo,10,9099,True,0.0733639220993601
Placebo,10,9479,True,0.0
Placebo,10,9625,False,0.0
Placebo,10,96,True,0.0
Placebo,10,171,True,0.5713873794289108
Placebo,10,328,True,0.0
Placebo,10,387,True,0.26574402776168154
Placebo,10,754,False,0.0
Placebo,10,983,True,0.294215326398071
Placebo,10,1039,True,0.5498411071648521
Placebo,10,1098,True,0.259375420870445
Placebo,10,1120,True,0.23719771276929624
Placebo,10,1275,True,0.1339222114103465
Placebo,10,1343,True,0.13366037064974126
Placebo,10,1483,True,0.2581604435055023
Placebo,10,2005,True,0.06625422345438896
Placebo,10,2048,True,0.7026665177754798
Placebo,10,2379,True,0.5626027573780255
Placebo,10,2516,True,0.6235400066779566
Placebo,10,2601,True,0.3175356322591422
Placebo,10,3210,True,0.22385792437227262
Placebo,10,3601,True,0.0
Placebo,10,3729,True,0.2608431910947542
Placebo,10,3832,True,0.33707995034874394
Placebo,10,4104,True,0.42334569196949673
Placebo,10,4286,True,0.4427907355830758
Placebo,10,4329,True,0.192156638831279
Placebo,10,4553,True,0.06012983951359326
Placebo,10,4790,True,0.3589542101716347
Placebo,10,4844,True,0.10209739512291151
Placebo,10,4994,True,0.11381311447980805
Placebo,10,5020,True,0.548875650926508
Placebo,10,5293,True,0.4314138113627735
Placebo,10,5338,True,0.4991546567995687
Placebo,10,5343,True,0.2138046726249509
Placebo,10,5464,True,0.1798454859964813
Placebo,10,5560,True,0.45121520851236996
Placebo,10,5719,True,0.3665422676989205
Placebo,10,6055,True,0.21538297927698716
Placebo,10,6121,True,0.6480729171776834
Placebo,10,6128,True,0.07711607962658217
Placebo,10,6197,True,0.24068417782244167
Placebo,10,6336,True,0.6486847418072678
Placebo,10,6577,True,0.45130244228547867
Placebo,10,6717,True,0.0
Placebo,10,6906,True,0.0
Placebo,10,8550,True,0.0
Placebo,10,8576,True,0.537913070751363
Placebo,10,8790,True,0.0
Placebo,10,8840,False,0.0
Placebo,10,8878,True,0.09092803061897885
Placebo,10,9337,True,0.13459609419756352
Placebo,10,9501,True,0.35029946062471884
Placebo,10,9512,False,0.0
Placebo,10,45,True,0.2401510571440766
Placebo,10,199,True,0.13961814555374907
Placebo,10,458,True,0.5347156109683886
Placebo,10,564,True,0.7982586666995035
Placebo,10,717,True,0.13961814555374907
Placebo,10,1109,True,0.4491706214999232
Placebo,10,1576,True,0.0
Placebo,10,1711,False,0.0
Placebo,10,1868,True,0.0
Placebo,10,1942,True,0.50375971900359
Placebo,10,2001,True,0.06012983951359326
Placebo,10,2217,True,0.1894374194932342
Placebo,10,2354,True,0.3187072072103113
Placebo,10,2761,True,0.1130534017578721
Placebo,10,2980,True,0.10241712375929543
Placebo,10,3021,True,0.4310410171706252
Placebo,10,3030,True,0.0
Placebo,10,3046,True,0.20471489586305835
Placebo,10,3050,True,0.6215978902286239
Placebo,10,3288,True,0.45061683055661145
Placebo,10,3302,True,0.4840673249198508
Placebo,10,3794,True,0.2790147313884858
Placebo,10,3920,True,0.46218315140757765
Placebo,10,3965,True,0.5017410710748077
Placebo,10,4193,True,0.582664289549951
Placebo,10,4294,True,0.0
Placebo,10,4383,True,0.4801512264337979
Placebo,10,4474,True,0.38880351548619835
Placebo,10,5068,True,0.1610425878239397
Placebo,10,5258,True,0.0
Placebo,10,5306,True,0.7360783533123736
Placebo,10,5323,True,0.49045383411520327
Placebo,10,5421,True,0.837935201240559
Placebo,10,5766,True,0.7840716182667464
Placebo,10,5877,True,0.1118609777738122
Placebo,10,5887,True,0.44884258936843824
Placebo,10,6126,True,0.0
Placebo,10,6190,True,0.6007744085736931
Placebo,10,6224,True,0.16354138662029638
Placebo,10,6465,True,0.0
Placebo,10,6853,True,0.18543260358150956
Placebo,10,6949,True,0.69938693978995
Placebo,10,7107,True,0.13207001659250137
Placebo,10,7240,True,0.1934264036172709
Placebo,10,7937,True,0.5641508435829962
Placebo,10,8015,True,0.0
Placebo,10,8066,True,0.4721502201639804
Placebo,10,8202,True,0.420218842591673
Placebo,10,8321,True,0.5174288114615889
Placebo,10,9222,True,0.3357144797573227
Placebo,10,9453,True,0.47504829090634154
Placebo,10,73,True,0.2725704145569316
Placebo,10,390,True,0.5762005503201318
Placebo,10,424,True,0.19519002499605084
Placebo,10,715,True,0.5835589943252725
Placebo,10,915,True,0.17318663334822615
Placebo,10,1579,True,0.47288914337752264
Placebo,10,1643,True,0.4261267347972347
Placebo,10,1679,True,0.5962097291000921
Placebo,10,1982,True,0.17318663334822615
Placebo,10,2027,True,0.29383360523991636
Placebo,10,2211,True,0.27839258028034275
Placebo,10,2228,True,0.1620569269566444
Placebo,10,2352,True,0.0
Placebo,10,2520,True,0.3417501266013015
Placebo,10,2573,True,0.25984172414578416
Placebo,10,2630,True,0.49409075716696793
Placebo,10,2666,True,0.3069513222943707
Placebo,10,2745,True,0.41362605589556545
Placebo,10,3149,True,0.4806213435923321
Placebo,10,3369,True,0.34729266450866686
Placebo,10,3617,True,0.2510010853093303
Placebo,10,3862,True,0.3872378078214758
Placebo,10,4124,True,0.31390135673819125
Placebo,10,4218,True,0.15820069167728085
Placebo,10,4268,True,0.540885346655074
Placebo,10,4452,True,0.14081248632988866
Placebo,10,4522,True,0.4326636593316573
Placebo,10,4784,True,0.6899519451690777
Placebo,10,5139,True,0.13012668333070063
Placebo,10,5438,True,0.2613194025755695
Placebo,10,5565,True,0.29161702171171866
Placebo,10,5684,True,0.34411540870195373
Placebo,10,5775,True,0.4382868940754302
Placebo,10,6110,True,0.10330985802388687
Placebo,10,6488,True,0.10633668103022988
Placebo,10,6590,True,0.6425244745446936
Placebo,10,6793,True,0.1695964500022472
Placebo,10,7090,True,0.5525767717304162
Placebo,10,7112,True,0.4620813439927701
Placebo,10,7167,True,0.505180728292071
Placebo,10,7287,True,0.41642482699811634
Placebo,10,7370,True,0.06673768929853467
Placebo,10,7547,True,0.4178705617849343
Placebo,10,7589,True,0.12034355933128994
Placebo,10,7622,True,0.0543026559841585
Placebo,10,7640,False,0.0
Placebo,10,7757,True,0.3437429966114001
Placebo,10,8162,True,0.4873214287836132
Placebo,10,8508,True,0.19796212533499355
Placebo,10,8597,True,0.4296652594226024
Placebo,10,8771,True,0.13905617951077567
Placebo,10,288,True,0.6533300946979181
Placebo,10,635,True,0.3095043838704688
Placebo,10,654,True,0.0
Placebo,10,699,True,0.5572998242663684
Placebo,10,743,True,0.46588361410557433
Placebo,10,946,True,0.0
Placebo,10,976,True,0.08671382849411978
Placebo,10,1144,True,0.719143447037715
Placebo,10,1187,True,0.08475745777885897
Placebo,10,1384,True,0.06232532315595917
Placebo,10,1415,True,0.47830529050353426
Placebo,10,1443,True,0.35484269621870523
Placebo,10,1629,True,0.17653014734333272
Placebo,10,1684,True,0.10937569145977143
Placebo,10,1802,True,0.06978419164318803
Placebo,10,1914,True,0.3407814561820111
Placebo,10,2046,True,0.0
Placebo,10,2071,True,0.0
Placebo,10,2340,True,0.17538527548698532
Placebo,10,2749,True,0.45196282851681685
Placebo,10,3517,True,0.5580658263411737
Placebo,10,3758,True,0.0444917928656898
Placebo,10,4110,True,0.36525707209558916
Placebo,10,4111,True,0.3108658234453849
Placebo,10,4144,True,0.14074267220463055
Placebo,10,5021,True,0.0
Placebo,10,5032,True,0.4373111621973639
Placebo,10,5096,True,0.3839581249111467
Placebo,10,5109,True,0.5197469534386264
Placebo,10,5114,True,0.3908439568383561
Placebo,10,5977,True,1.0
Placebo,10,5984,True,0.3996461456093865
Placebo,10,6353,True,0.600005812077313
Placebo,10,6373,True,0.4134876068002423
Placebo,10,6539,True,0.0
Placebo,10,6554,True,0.7196475020275624
Placebo,10,6884,True,0.0
Placebo,10,6955,True,0.12007430061219558
Placebo,10,7020,True,0.4088655657960678
Placebo,10,7029,True,0.3578963691754794
Placebo,10,7280,True,0.22762622895961593
Placebo,10,7394,True,0.1867403590441214
Placebo,10,7795,True,0.4334739949321355
Placebo,10,8108,True,0.2934556883974403
Placebo,10,8560,True,0.3543682277430908
Placebo,10,8632,True,0.28392551336296534
Placebo,10,8657,True,0.06975096265942549
Placebo,10,8777,True,0.4689995571422086
Placebo,10,9151,True,0.07614334071738343
Placebo,10,9609,True,0.4035015715464804
Placebo,11,102,True,0.6067315897254572
Placebo,11,314,True,0.6256801757426222
Placebo,11,1068,True,0.5661232061388705
Placebo,11,1525,True,0.09325030741737927
Placebo,11,1795,True,0.4532340995734157
Placebo,11,1929,True,0.558522698262161
Placebo,11,1931,True,0.15840915256850244
Placebo,11,1991,True,0.13666586279404108
Placebo,11,2528,True,0.39154187441185623
Placebo,11,2697,True,0.48412125842757625
Placebo,11,2834,True,0.2385076557211901
Placebo,11,2845,True,0.38044941557516354
Placebo,11,3031,True,0.40060271773052686
Placebo,11,3250,True,0.0576901476090013
Placebo,11,3308,True,0.2708062910547355
Placebo,11,3402,True,0.1319598931428999
Placebo,11,3426,True,0.1366854795092543
Placebo,11,3449,True,0.23331829346005084
Placebo,11,3756,True,0.44803002797583863
Placebo,11,4141,True,0.560636407296734
Placebo,11,4210,True,0.4384878679576803
Placebo,11,4516,True,0.02588148439728261
Placebo,11,4692,True,0.21292929549319944
Placebo,11,4700,True,0.12408684762734652
Placebo,11,4910,False,0.0
Placebo,11,4962,True,0.3766324559577699
Placebo,11,5275,True,0.4052272430672469
Placebo,11,5671,True,0.24466205872359478
Placebo,11,5683,True,0.596266154705384
Placebo,11,6067,True,0.5893599615863971
Placebo,11,6378,True,0.5939105713556982
Placebo,11,6495,True,0.6372642087027192
Placebo,11,6868,True,0.289763637515616
Placebo,11,6880,True,0.3867906339433514
Placebo,11,7144,True,0.20760356811444078
Placebo,11,7413,True,0.275841780254818
Placebo,11,7526,True,0.0
Placebo,11,7531,True,0.0
Placebo,11,7577,True,0.0
Placebo,11,7621,True,0.291632123326693
Placebo,11,8198,True,0.32032408922389494
Placebo,11,8442,True,0.11640030782973945
Placebo,11,8452,True,0.5297951702473737
Placebo,11,8476,True,0.38263846880756663
Placebo,11,8541,True,0.5336472686426322
Placebo,11,8802,True,0.48244894861690446
Placebo,11,8816,True,0.0
Placebo,11,8852,True,0.0
Placebo,11,9099,True,0.4690000933206748
Placebo,11,9479,True,0.0
Placebo,11,9625,False,0.0
Placebo,11,96,True,0.2960819109658652
Placebo,11,171,True,0.5632614862500919
Placebo,11,328,True,0.2476427880871276
Placebo,11,387,True,0.07491210085649577
Placebo,11,754,False,0.0
Placebo,11,983,True,0.5477375190314704
Placebo,11,1039,True,0.4402535159046481
Placebo,11,1098,True,0.2308328033274912
Placebo,11,1120,True,0.23719771276929624
Placebo,11,1275,True,0.48648587145158156
Placebo,11,1343,True,0.20476728429140012
Placebo,11,1483,True,0.5225049635108753
Placebo,11,2005,True,0.26144322424505007
Placebo,11,2048,True,0.5739032469706379
Placebo,11,2379,True,0.5544990073385271
Placebo,11,2516,True,0.5553415126180735
Placebo,11,2601,True,0.20974163072702173
Placebo,11,3210,True,0.24687565136005107
Placebo,11,3601,True,0.0
Placebo,11,3729,True,0.47913986797901365
Placebo,11,3832,True,0.39609541202596765
Placebo,11,4104,True,0.1484114368159081
Placebo,11,4286,True,0.5438356547223417
Placebo,11,4329,True,0.20124768870643622
Placebo,11,4553,True,0.11443249549775177
Placebo,11,4790,True,0.06493750582667032
Placebo,11,4844,True,0.0
Placebo,11,4994,True,0.2086025343306772
Placebo,11,5020,True,0.6041730317824097
Placebo,11,5293,True,0.060614569639142066
Placebo,11,5338,True,0.4675610065723665
Placebo,11,5343,True,0.1405482859810839
Placebo,11,5464,True,0.048753830672500074
Placebo,11,5560,True,0.3420314352485447
Placebo,11,5719,True,0.35716959193244124
Placebo,11,6055,True,0.30119318209275403
Placebo,11,6121,True,0.37690714726721963
Placebo,11,6128,True,0.20847681577731117
Placebo,11,6197,True,0.33566355612951393
Placebo,11,6336,True,0.5318103940994758
Placebo,11,6577,True,0.40696832405055733
Placebo,11,6717,True,0.3209926367976392
Placebo,11,6906,True,0.0
Placebo,11,8550,True,0.0
Placebo,11,8576,True,0.6366544459148007
Placebo,11,8790,True,0.0
Placebo,11,8840,False,0.0
Placebo,11,8878,True,0.37792442282849914
Placebo,11,9337,True,0.11381311447980796
Placebo,11,9501,True,0.5999635161058638
Placebo,11,9512,False,0.0
Placebo,11,45,True,0.20860726809253582
Placebo,11,199,True,0.17460553813561325
Placebo,11,458,True,0.5198805361797949
Placebo,11,564,True,0.6004311286161024
Placebo,11,717,True,0.16815228646891087
Placebo,11,1109,True,0.5112262148443829
Placebo,11,1576,True,0.7606220037494031
Placebo,11,1711,False,0.0
Placebo,11,1868,True,0.0
Placebo,11,1942,True,0.2815894377271972
Placebo,11,2001,True,0.0543026559841585
Placebo,11,2217,True,0.0
Placebo,11,2354,True,0.47213318241698843
Placebo,11,2761,True,0.20013668095426848
Placebo,11,2980,True,0.4305237134325005
Placebo,11,3021,True,0.21114453638011388
Placebo,11,3030,True,0.0
Placebo,11,3046,True,0.29436109422607354
Placebo,11,3050,True,0.6061555808679031
Placebo,11,3288,True,0.46359493128310025
Placebo,11,3302,True,0.4770832296357738
Placebo,11,3794,True,0.0
Placebo,11,3920,True,0.37458678719777794
Placebo,11,3965,True,0.039276066999619934
Placebo,11,4193,True,0.1437009138446141
Placebo,11,4294,True,0.11607370133068003
Placebo,11,4383,True,0.4823667828366226
Placebo,11,4474,True,0.40487258978323715
Placebo,11,5068,True,0.38744639588404595
Placebo,11,5258,True,0.0
Placebo,11,5306,True,0.8325041605093579
Placebo,11,5323,True,0.690740149579279
Placebo,11,5421,True,0.704830840256243
Placebo,11,5766,True,0.6249949036409594
Placebo,11,5877,True,0.10956993204550432
Placebo,11,5887,True,0.14927098424041277
Placebo,11,6126,True,0.08747171410140814
Placebo,11,6190,True,0.4774889382607421
Placebo,11,6224,True,0.3214961622634444
Placebo,11,6465,True,0.0
Placebo,11,6853,True,0.12373527819619086
Placebo,11,6949,True,0.3307581843660477
Placebo,11,7107,True,0.0
Placebo,11,7240,True,0.0
Placebo,11,7937,True,0.5271064966405455
Placebo,11,8015,True,0.45224633769702616
Placebo,11,8066,True,0.3184599642556687
Placebo,11,8202,True,0.4292740748610215
Placebo,11,8321,True,0.34445239307233994
Placebo,11,9222,True,0.11505002084395087
Placebo,11,9453,True,0.5482066305842045
Placebo,11,73,True,0.0
Placebo,11,390,True,0.6452786430266118
Placebo,11,424,True,0.0
Placebo,11,715,True,0.470863454192185
Placebo,11,915,True,0.3635258198964459
Placebo,11,1579,True,0.23729607578068374
Placebo,11,1643,True,0.43673949858938654
Placebo,11,1679,True,0.6650114904594393
Placebo,11,1982,True,0.3052348839397012
Placebo,11,2027,True,0.1861019336630579
Placebo,11,2211,True,0.09109240322345795
Placebo,11,2228,True,0.2010951724443755
Placebo,11,2352,True,0.3868528072345415
Placebo,11,2520,True,0.35423158391020276
Placebo,11,2573,True,0.22025454622719132
Placebo,11,2630,True,0.5829234182723018
Placebo,11,2666,True,0.057959913024345
Placebo,11,2745,True,0.26991300137560065
Placebo,11,3149,True,0.4021253616891145
Placebo,11,3369,True,0.11988079100116499
Placebo,11,3617,True,0.6591084199674218
Placebo,11,3862,True,0.0
Placebo,11,4124,True,0.44678260863996994
Placebo,11,4218,True,0.2754407168822327
Placebo,11,4268,True,0.6100458831490401
Placebo,11,4452,True,0.0
Placebo,11,4522,True,0.5620404505186257
Placebo,11,4784,True,0.6926217024336668
Placebo,11,5139,True,0.0
Placebo,11,5438,True,0.09197679055712792
Placebo,11,5565,True,0.12248568453418994
Placebo,11,5684,True,0.5546749284779451
Placebo,11,5775,True,0.3479118113640809
Placebo,11,6110,True,0.159054318175663
Placebo,11,6488,True,0.0
Placebo,11,6590,True,0.16595737932636584
Placebo,11,6793,True,0.23287158096677904
Placebo,11,7090,True,0.37325619525353837
Placebo,11,7112,True,0.40630834995034115
Placebo,11,7167,True,0.3533954098784568
Placebo,11,7287,True,0.44090657083363927
Placebo,11,7370,True,0.3185267181020539
Placebo,11,7547,True,0.3991713754818987
Placebo,11,7589,True,0.1443432005857515
Placebo,11,7622,True,0.3089861043782153
Placebo,11,7640,False,0.0
Placebo,11,7757,True,0.06012983951359326
Placebo,11,8162,True,0.46859581209186607
Placebo,11,8508,True,0.17342765698823942
Placebo,11,8597,True,0.3933202635567564
Placebo,11,8771,True,0.0
Placebo,11,288,True,0.4852839931818787
Placebo,11,635,True,0.34191137226343876
Placebo,11,654,True,0.06801744314752252
Placebo,11,699,True,0.0
Placebo,11,743,True,0.292131454408919
Placebo,11,946,True,0.0
Placebo,11,976,True,0.10212480319009887
Placebo,11,1144,True,0.5942220760638578
Placebo,11,1187,True,0.5929786743359349
Placebo,11,1384,True,0.13603488629504495
Placebo,11,1415,True,0.5856921714016761
Placebo,11,1443,True,0.060614569639142066
Placebo,11,1629,True,0.0776895369576595
Placebo,11,1684,True,0.3029889503327761
Placebo,11,1802,True,0.16903612521387662
Placebo,11,1914,True,0.34327688534929757
Placebo,11,2046,True,0.0
Placebo,11,2071,True,0.21286366562650333
Placebo,11,2340,True,0.229887603588177
Placebo,11,2749,True,0.526487501550841
Placebo,11,3517,True,0.5383146531405675
Placebo,11,3758,True,0.0475448891582404
Placebo,11,4110,True,0.25011751537658006
Placebo,11,4111,True,0.09208406604961711
Placebo,11,4144,True,0.19397652152197936
Placebo,11,5021,True,0.1694598497994397
Placebo,11,5032,True,0.30891578446125734
Placebo,11,5096,True,0.37560577850236354
Placebo,11,5109,True,0.5079464940372177
Placebo,11,5114,True,0.06978419164318803
Placebo,11,5977,True,0.3447702602206779
Placebo,11,5984,True,0.2836099968905232
Placebo,11,6353,True,0.4208166840567911
Placebo,11,6373,True,0.5741494128130155
Placebo,11,6539,True,0.0
Placebo,11,6554,True,0.4847489492147777
Placebo,11,6884,True,0.0
Placebo,11,6955,True,0.07362322034364345
Placebo,11,7020,True,0.33783639214535266
Placebo,11,7029,True,0.4073392628317839
Placebo,11,7280,True,0.13956838328637605
Placebo,11,7394,True,0.19664168010110622
Placebo,11,7795,True,0.700011624154626
Placebo,11,8108,True,0.1388624438735545
Placebo,11,8560,True,0.28856447638533445
Placebo,11,8632,True,0.2108026794171159
Placebo,11,8657,True,0.05583786044522723
Placebo,11,8777,True,0.714429356989627
Placebo,11,9151,True,0.0
Placebo,11,9609,True,0.4885468020156227
Placebo,12,102,True,0.40922377157426343
Placebo,12,314,True,0.3672913871958844
Placebo,12,1068,True,0.24346629165212258
Placebo,12,1525,True,0.1926542612610668
Placebo,12,1795,True,0.4552937931599049
Placebo,12,1929,True,0.4588443589297586
Placebo,12,1931,True,0.0
Placebo,12,1991,True,0.06549295287072868
Placebo,12,2528,True,0.5072134872657565
Placebo,12,2697,True,0.4553984536387123
Placebo,12,2834,True,0.46452019159670094
Placebo,12,2845,True,0.2381990128565919
Placebo,12,3031,True,0.11366150026645366
Placebo,12,3250,True,0.31960566496968723
Placebo,12,3308,True,0.2699181966045912
Placebo,12,3402,True,0.0
Placebo,12,3426,True,0.25766360234998054
Placebo,12,3449,True,0.43354641145724226
Placebo,12,3756,True,0.3052348839397012
Placebo,12,4141,True,0.4774458113388151
Placebo,12,4210,True,0.3378168807728487
Placebo,12,4516,True,0.0
Placebo,12,4692,True,0.0
Placebo,12,4700,True,0.0
Placebo,12,4910,False,0.0
Placebo,12,4962,True,0.4349233919145146
Placebo,12,5275,True,0.14982420171299154
Placebo,12,5671,True,0.24259566183206402
Placebo,12,5683,True,0.5728338371693523
Placebo,12,6067,True,0.48901623540943345
Placebo,12,6378,True,0.3634991067795198
Placebo,12,6495,True,0.4680301085979199
Placebo,12,6868,True,0.6677511986799874
Placebo,12,6880,True,0.3234565255668633
Placebo,12,7144,True,0.29948901702907116
Placebo,12,7413,True,0.6933921195326505
Placebo,12,7526,True,0.3770011361043898
Placebo,12,7531,True,0.0
Placebo,12,7577,True,0.0
Placebo,12,7621,True,0.47761364283745045
Placebo,12,8198,True,0.40232108039753245
Placebo,12,8442,True,0.12192845648974589
Placebo,12,8452,True,0.3857299152011872
Placebo,12,8476,True,0.297410420602804
Placebo,12,8541,True,0.36837222687653925
Placebo,12,8802,True,0.18689439879074837
Placebo,12,8816,True,0.2087279058198448
Placebo,12,8852,True,0.0
Placebo,12,9099,True,0.1100458831490401
Placebo,12,9479,True,0.0
Placebo,12,9625,False,0.0
Placebo,12,96,True,0.0
Placebo,12,171,True,0.6528577327176599
Placebo,12,328,True,0.5249714814128398
Placebo,12,387,True,0.2443527483788096
Placebo,12,754,False,0.0
Placebo,12,983,True,0.40179277079289794
Placebo,12,1039,True,0.5471568011329403
Placebo,12,1098,True,0.24178910608495874
Placebo,12,1120,True,0.2184074368181643
Placebo,12,1275,True,0.5644987370170587
Placebo,12,1343,True,0.21523093249752012
Placebo,12,1483,True,0.18624047133373042
Placebo,12,2005,True,0.07839826897867538
Placebo,12,2048,True,0.5311450709519389
Placebo,12,2379,True,0.3828640632678904
Placebo,12,2516,True,0.40906267670133467
Placebo,12,2601,True,0.39366440234814437
Placebo,12,3210,True,0.36474737915682515
Placebo,12,3601,True,0.0
Placebo,12,3729,True,0.3620234410835
Placebo,12,3832,True,0.34026994968920404
Placebo,12,4104,True,0.19976560228398874
Placebo,12,4286,True,0.6033756212955583
Placebo,12,4329,True,0.17537722349737475
Placebo,12,4553,True,0.14710131651029387
Placebo,12,4790,True,0.1100458831490401
Placebo,12,4844,True,0.0
Placebo,12,4994,True,0.14579936588242112
Placebo,12,5020,True,0.4740721389976216
Placebo,12,5293,True,0.23657759912221524
Placebo,12,5338,True,0.584850375977433
Placebo,12,5343,True,0.17993148201117176
Placebo,12,5464,True,0.17212281453740183
Placebo,12,5560,True,0.5825811807302989
Placebo,12,5719,True,0.3054139481217397
Placebo,12,6055,True,0.2895229882348575
Placebo,12,6121,True,0.4171243125774836
Placebo,12,6128,True,0.15641615091012634
Placebo,12,6197,True,0.3699071022718691
Placebo,12,6336,True,0.5134889249471397
Placebo,12,6577,True,0.3856750710230786
Placebo,12,6717,True,0.20151514190050243
Placebo,12,6906,True,0.0
Placebo,12,8550,True,0.30657359638272924
Placebo,12,8576,True,0.782947752271692
Placebo,12,8790,True,0.0
Placebo,12,8840,False,0.0
Placebo,12,8878,True,0.25377188802706624
Placebo,12,9337,True,0.265677694495746
Placebo,12,9501,True,0.6394584361625665
Placebo,12,9512,False,0.0
Placebo,12,45,True,0.10350305765369394
Placebo,12,199,True,0.1512019152469255
Placebo,12,458,True,0.5012677740414793
Placebo,12,564,True,0.7793668628162972
Placebo,12,717,True,0.20248323207250618
Placebo,12,1109,True,0.3478144173457083
Placebo,12,1576,True,0.0
Placebo,12,1711,False,0.0
Placebo,12,1868,True,0.0
Placebo,12,1942,True,0.45184091125088205
Placebo,12,2001,True,0.4953751312791229
Placebo,12,2217,True,0.0
Placebo,12,2354,True,0.3535621162477856
Placebo,12,2761,True,0.1130534017578721
Placebo,12,2980,True,0.0
Placebo,12,3021,True,0.4831451122825102
Placebo,12,3030,True,0.14126697285982884
Placebo,12,3046,True,0.33932057378419705
Placebo,12,3050,True,0.5349741854229801
Placebo,12,3288,True,0.685736674062434
Placebo,12,3302,True,0.10757000812359313
Placebo,12,3794,True,0.20405232944256746
Placebo,12,3920,True,0.46186846731366155
Placebo,12,3965,True,0.1543467926926292
Placebo,12,4193,True,0.19031326377064928
Placebo,12,4294,True,0.1310646277629874
Placebo,12,4383,True,0.28773488303000394
Placebo,12,4474,True,0.29686321130659343
Placebo,12,5068,True,0.2940945979596687
Placebo,12,5258,True,0.0
Placebo,12,5306,True,0.6386221531257452
Placebo,12,5323,True,0.6436371091721066
Placebo,12,5421,True,0.5793457861889275
Placebo,12,5766,True,0.5739032469706379
Placebo,12,5877,True,0.05854439592831935
Placebo,12,5887,True,0.29436109422607354
Placebo,12,6126,True,0.0
Placebo,12,6190,True,0.5237633708334105
Placebo,12,6224,True,0.3070938943757703
Placebo,12,6465,True,0.22485174766247457
Placebo,12,6853,True,0.28039921487165537
Placebo,12,6949,True,0.5150174997796065
Placebo,12,7107,True,0.04681599109282455
Placebo,12,7240,True,0.0
Placebo,12,7937,True,0.84860265890399
Placebo,12,8015,True,0.0
Placebo,12,8066,True,0.4174000025593286
Placebo,12,8202,True,0.4161073797062904
Placebo,12,8321,True,0.5386483111309713
Placebo,12,9222,True,0.06003715030609779
Placebo,12,9453,True,0.5661576067005109
Placebo,12,73,True,0.21910078126806215
Placebo,12,390,True,0.5143058214546624
Placebo,12,424,True,0.13459143142073815
Placebo,12,715,True,0.46578189287889277
Placebo,12,915,True,0.2200917662980802
Placebo,12,1579,True,0.27909350945211187
Placebo,12,1643,True,0.2885078519814043
Placebo,12,1679,True,0.5380922375494832
Placebo,12,1982,True,0.2984900352767556
Placebo,12,2027,True,0.7231986456278414
Placebo,12,2211,True,0.09546043308946738
Placebo,12,2228,True,0.13400318266154604
Placebo,12,2352,True,0.23719771276929624
Placebo,12,2520,True,0.2822125126487701
Placebo,12,2573,True,0.18844415212771548
Placebo,12,2630,True,0.5903019461710068
Placebo,12,2666,True,0.18624047133373042
Placebo,12,2745,True,0.2019457984432126
Placebo,12,3149,True,0.1582309076920646
Placebo,12,3369,True,0.4664056808102454
Placebo,12,3617,True,0.36021075055890434
Placebo,12,3862,True,0.0942363560390881
Placebo,12,4124,True,0.28174512506226823
Placebo,12,4218,True,0.5247079701361673
Placebo,12,4268,True,0.5425715588208105
Placebo,12,4452,True,0.0
Placebo,12,4522,True,0.3273283424367145
Placebo,12,4784,True,0.8269829611055809
Placebo,12,5139,True,0.15101961822780524
Placebo,12,5438,True,0.4612410903162143
Placebo,12,5565,True,0.10673691490577933
Placebo,12,5684,True,0.6776649015183792
Placebo,12,5775,True,0.58874982024632
Placebo,12,6110,True,0.23007768778474702
Placebo,12,6488,True,0.2698285830547295
Placebo,12,6590,True,0.3126652516605531
Placebo,12,6793,True,0.25523546128343105
Placebo,12,7090,True,0.35275812326507017
Placebo,12,7112,True,0.5301701408319787
Placebo,12,7167,True,0.5525308417730562
Placebo,12,7287,True,0.4752869143919857
Placebo,12,7370,True,0.20627601086267747
Placebo,12,7547,True,0.2572226576670094
Placebo,12,7589,True,0.06975096265942549
Placebo,12,7622,True,0.06425604298318159
Placebo,12,7640,False,0.0
Placebo,12,7757,True,0.31442975316714933
Placebo,12,8162,True,0.5616784336150029
Placebo,12,8508,True,0.17342765698823942
Placebo,12,8597,True,0.5012004558119391
Placebo,12,8771,True,0.12663893885053282
Placebo,12,288,True,0.5136745346709336
Placebo,12,635,True,0.480548261493772
Placebo,12,654,True,0.0
Placebo,12,699,True,0.5113553108118986
Placebo,12,743,True,0.640872562531134
Placebo,12,946,True,0.0
Placebo,12,976,True,0.03972853971638369
Placebo,12,1144,True,0.663653298000635
Placebo,12,1187,True,0.410095109914516
Placebo,12,1384,True,0.210370868837547
Placebo,12,1415,True,0.5371897922020988
Placebo,12,1443,True,0.2981717056873219
Placebo,12,1629,True,0.06012983951359326
Placebo,12,1684,True,0.0
Placebo,12,1802,True,0.0705765905280097
Placebo,12,1914,True,0.6383821341258624
Placebo,12,2046,True,0.0
Placebo,12,2071,True,0.18082384726500145
Placebo,12,2340,True,0.0
Placebo,12,2749,True,0.4164995734820544
Placebo,12,3517,True,0.4664151534593761
Placebo,12,3758,True,0.22788559465700572
Placebo,12,4110,True,0.25693225763495176
Placebo,12,4111,True,0.0
Placebo,12,4144,True,0.14074267220463055
Placebo,12,5021,True,0.3108658234453849
Placebo,12,5032,True,0.45256234446194477
Placebo,12,5096,True,0.21086342377516995
Placebo,12,5109,True,0.7098440186651713
Placebo,12,5114,True,0.0
Placebo,12,5977,True,0.28906482631788766
Placebo,12,5984,True,0.5332283298466538
Placebo,12,6353,True,0.43590210586988165
Placebo,12,6373,True,0.6001797197997276
Placebo,12,6539,True,0.0
Placebo,12,6554,True,0.46952421895467084
Placebo,12,6884,True,0.14453241315894383
Placebo,12,6955,True,0.0
Placebo,12,7020,True,0.48978695641000386
Placebo,12,7029,True,0.3148414261711053
Placebo,12,7280,True,0.1803895185407797
Placebo,12,7394,True,0.0
Placebo,12,7795,True,0.5119746721048757
Placebo,12,8108,True,0.36548324780718006
Placebo,12,8560,True,0.24926653280079025
Placebo,12,8632,True,0.2889431328121252
Placebo,12,8657,True,0.11301817828368162
Placebo,12,8777,True,0.5511284915179635
Placebo,12,9151,True,0.0
Placebo,12,9609,True,0.2883820513943217
Placebo,13,102,True,0.5343765111253728
Placebo,13,314,True,0.49925284672477477
Placebo,13,1068,True,0.4116706965543402
Placebo,13,1525,True,0.28766165522519166
Placebo,13,1795,True,0.4821132106309755
Placebo,13,1929,True,0.40717842295970985
Placebo,13,1931,True,0.0
Placebo,13,1991,True,0.0
Placebo,13,2528,True,0.5187283210310273
Placebo,13,2697,True,0.46885492904806103
Placebo,13,2834,True,0.2895298854678893
Placebo,13,2845,True,0.23276073899955432
Placebo,13,3031,True,0.10436831182191088
Placebo,13,3250,True,0.30545125089813585
Placebo,13,3308,True,0.20165370620849518
Placebo,13,3402,True,0.08039138809008578
Placebo,13,3426,True,0.0
Placebo,13,3449,True,0.4990169432755232
Placebo,13,3756,True,0.2172607128522299
Placebo,13,4141,True,0.5516039830587723
Placebo,13,4210,True,0.357253799550102
Placebo,13,4516,True,0.06378618161725279
Placebo,13,4692,True,0.0
Placebo,13,4700,True,0.0776895369576595
Placebo,13,4910,False,0.0
Placebo,13,4962,True,0.1388624438735545
Placebo,13,5275,True,0.0
Placebo,13,5671,True,0.41207292900646014
Placebo,13,5683,True,0.48364667571879394
Placebo,13,6067,True,0.5062132326668195
Placebo,13,6378,True,0.6236998969324092
Placebo,13,6495,True,0.6316906337317744
Placebo,13,6868,True,0.5293329810018994
Placebo,13,6880,True,0.2903115837301745
Placebo,13,7144,True,0.29572493523443066
Placebo,13,7413,True,0.440535399465847
Placebo,13,7526,True,0.3812130139445208
Placebo,13,7531,True,0.15130120674940675
Placebo,13,7577,True,0.0
Placebo,13,7621,True,0.05687648042647957
Placebo,13,8198,True,0.537355788819261
Placebo,13,8442,True,0.3800075119881851
Placebo,13,8452,True,0.44517135732690916
Placebo,13,8476,True,0.25575869442064914
Placebo,13,8541,True,0.2767758283703298
Placebo,13,8802,True,0.06452577150984494
Placebo,13,8816,True,0.0
Placebo,13,8852,True,0.0
Placebo,13,9099,True,0.17318663334822615
Placebo,13,9479,True,0.0
Placebo,13,9625,False,0.0
Placebo,13,96,True,0.13845947314613827
Placebo,13,171,True,0.5211972538075135
Placebo,13,328,True,0.0
Placebo,13,387,True,0.14510772079909853
Placebo,13,754,False,0.0
Placebo,13,983,True,0.5370290100791177
Placebo,13,1039,True,0.605971973081781
Placebo,13,1098,True,0.34657560340602267
Placebo,13,1120,True,0.1934264036172709
Placebo,13,1275,True,0.4056248954186046
Placebo,13,1343,True,0.0
Placebo,13,1483,True,0.21670492085522292
Placebo,13,2005,True,0.06943122193677731
Placebo,13,2048,True,0.46222752608018336
Placebo,13,2379,True,0.6616486396009574
Placebo,13,2516,True,0.536013280286916
Placebo,13,2601,True,0.15325996937432593
Placebo,13,3210,True,0.1857755359253171
Placebo,13,3601,True,0.0
Placebo,13,3729,True,0.46579822556694106
Placebo,13,3832,True,0.42527894723669785
Placebo,13,4104,True,0.159054318175663
Placebo,13,4286,True,0.47689991391682607
Placebo,13,4329,True,0.1175227747072427
Placebo,13,4553,True,0.16595737932636584
Placebo,13,4790,True,0.07839826897867538
Placebo,13,4844,True,0.0
Placebo,13,4994,True,0.34505053249513984
Placebo,13,5020,True,0.4338846692465881
Placebo,13,5293,True,0.19782222794768722
Placebo,13,5338,True,0.822730806161884
Placebo,13,5343,True,0.32955772855410875
Placebo,13,5464,True,0.2641400331850027
Placebo,13,5560,True,0.3091120977392752
Placebo,13,5719,True,0.38497472139014827
Placebo,13,6055,True,0.4701017400374074
Placebo,13,6121,True,0.5213288495394192
Placebo,13,6128,True,0.0
Placebo,13,6197,True,0.32535885972318146
Placebo,13,6336,True,0.6398899271672245
Placebo,13,6577,True,0.5120656313398374
Placebo,13,6717,True,0.0
Placebo,13,6906,True,0.0
Placebo,13,8550,True,0.0
Placebo,13,8576,True,0.651726185231171
Placebo,13,8790,True,0.0
Placebo,13,8840,False,0.0
Placebo,13,8878,True,0.40055265198805967
Placebo,13,9337,True,0.3569196658841124
Placebo,13,9501,True,0.7315643027005068
Placebo,13,9512,False,0.0
Placebo,13,45,True,0.16689444597657738
Placebo,13,199,True,0.3138458328492649
Placebo,13,458,True,0.8435070166778539
Placebo,13,564,True,0.6698623505528797
Placebo,13,717,True,0.32730659600127
Placebo,13,1109,True,0.6450904013712866
Placebo,13,1576,True,0.7974779478881875
Placebo,13,1711,False,0.0
Placebo,13,1868,True,0.0
Placebo,13,1942,True,0.2762499110499344
Placebo,13,2001,True,0.0
Placebo,13,2217,True,0.10004876742114935
Placebo,13,2354,True,0.43603862050503556
Placebo,13,2761,True,0.0
Placebo,13,2980,True,0.28793448899366336
Placebo,13,3021,True,0.2892990016557708
Placebo,13,3030,True,0.06782598671622385
Placebo,13,3046,True,0.3530408415225536
Placebo,13,3050,True,0.5093616036448915
Placebo,13,3288,True,0.48597513543741766
Placebo,13,3302,True,0.3830486466816626
Placebo,13,3794,True,0.31800651521989526
Placebo,13,3920,True,0.37529217582908764
Placebo,13,3965,True,0.0
Placebo,13,4193,True,0.5115397488526185
Placebo,13,4294,True,0.11607370133068003
Placebo,13,4383,True,0.3198710872428894
Placebo,13,4474,True,0.29161702171171866
Placebo,13,5068,True,0.49246059723271807
Placebo,13,5258,True,0.0
Placebo,13,5306,True,0.7234451680776703
Placebo,13,5323,True,0.7167684813631174
Placebo,13,5421,True,0.6917921046660687
Placebo,13,5766,True,0.5974631390907613
Placebo,13,5877,True,0.2850959590277081
Placebo,13,5887,True,0.38039329047656556
Placebo,13,6126,True,0.2820132694023926
Placebo,13,6190,True,0.5975945003953306
Placebo,13,6224,True,0.12664770205526593
Placebo,13,6465,True,0.19414388932273388
Placebo,13,6853,True,0.13283935486366016
Placebo,13,6949,True,0.2840125738432979
Placebo,13,7107,True,0.16715955042411448
Placebo,13,7240,True,0.0
Placebo,13,7937,True,0.7601842069368814
Placebo,13,8015,True,0.13743816645714546
Placebo,13,8066,True,0.4994274922471853
Placebo,13,8202,True,0.2645419305661528
Placebo,13,8321,True,0.37245392013099193
Placebo,13,9222,True,0.11505002084395087
Placebo,13,9453,True,0.659886725162799
Placebo,13,73,True,0.08926184127167168
Placebo,13,390,True,0.3371387816063098
Placebo,13,424,True,0.23567496031715143
Placebo,13,715,True,0.5245500330770847
Placebo,13,915,True,0.1951890007906611
Placebo,13,1579,True,0.4090842042989707
Placebo,13,1643,True,0.3483418606514879
Placebo,13,1679,True,0.36912065739247885
Placebo,13,1982,True,0.08514311764162101
Placebo,13,2027,True,0.3684606667941583
Placebo,13,2211,True,0.08747171410140814
Placebo,13,2228,True,0.28491542370366124
Placebo,13,2352,True,0.20438239758848625
Placebo,13,2520,True,0.13810482876148897
Placebo,13,2573,True,0.3628869103342176
Placebo,13,2630,True,0.6041468329051659
Placebo,13,2666,True,0.1849783859800263
Placebo,13,2745,True,0.334106021507215
Placebo,13,3149,True,0.4764195093762424
Placebo,13,3369,True,0.17263080869292613
Placebo,13,3617,True,0.43689973230755813
Placebo,13,3862,True,0.0
Placebo,13,4124,True,0.28014470620812765
Placebo,13,4218,True,0.43837730149224646
Placebo,13,4268,True,0.5067303815760025
Placebo,13,4452,True,0.0
Placebo,13,4522,True,0.36029412735196453
Placebo,13,4784,True,0.7373762861071004
Placebo,13,5139,True,0.0
Placebo,13,5438,True,0.6514699005722926
Placebo,13,5565,True,0.17222858477998695
Placebo,13,5684,True,0.7121818165523794
Placebo,13,5775,True,0.49246059723271807
Placebo,13,6110,True,0.37779724664475467
Placebo,13,6488,True,0.3615901614084107
Placebo,13,6590,True,0.4272442224070213
Placebo,13,6793,True,0.17853276693874845
Placebo,13,7090,True,0.5494700191518299
Placebo,13,7112,True,0.6613805373607657
Placebo,13,7167,True,0.584474593682069
Placebo,13,7287,True,0.4539475136296895
Placebo,13,7370,True,0.40517320386322025
Placebo,13,7547,True,0.38956607342170474
Placebo,13,7589,True,0.15946063177311678
Placebo,13,7622,True,0.16918066160005515
Placebo,13,7640,False,0.0
Placebo,13,7757,True,0.2524254027813571
Placebo,13,8162,True,0.6257219375527766
Placebo,13,8508,True,0.18462675384408764
Placebo,13,8597,True,0.5931204293471253
Placebo,13,8771,True,0.1400674936897605
Placebo,13,288,True,0.539715613531057
Placebo,13,635,True,0.27130913715632793
Placebo,13,654,True,0.0
Placebo,13,699,True,0.21341662919569576
Placebo,13,743,True,0.5478631368838538
Placebo,13,946,True,0.0
Placebo,13,976,True,0.10633668103022988
Placebo,13,1144,True,0.618791754202844
Placebo,13,1187,True,0.5207495631453449
Placebo,13,1384,True,0.0
Placebo,13,1415,True,0.37185663087604
Placebo,13,1443,True,0.22708322520784657
Placebo,13,1629,True,0.2797537859003598
Placebo,13,1684,True,0.0
Placebo,13,1802,True,0.20438028584075155
Placebo,13,1914,True,0.47246140590612273
Placebo,13,2046,True,0.3333333333333335
Placebo,13,2071,True,0.19754531367442973
Placebo,13,2340,True,0.1382278178819484
Placebo,13,2749,True,0.3386540579666283
Placebo,13,3517,True,0.4074135495469769
Placebo,13,3758,True,0.05250875318146675
Placebo,13,4110,True,0.10316045784061575
Placebo,13,4111,True,0.0
Placebo,13,4144,True,0.17790012980966755
Placebo,13,5021,True,0.17342765698823942
Placebo,13,5032,True,0.3472498190630447
Placebo,13,5096,True,0.040742031470253154
Placebo,13,5109,True,0.7098440186651713
Placebo,13,5114,True,0.0
Placebo,13,5977,True,0.0
Placebo,13,5984,True,0.34117207078298145
Placebo,13,6353,True,0.6799443125483774
Placebo,13,6373,True,0.6293646905868546
Placebo,13,6539,True,0.0
Placebo,13,6554,True,0.6442412013280276
Placebo,13,6884,True,0.0
Placebo,13,6955,True,0.0
Placebo,13,7020,True,0.5344687774438098
Placebo,13,7029,True,0.375126980913059
Placebo,13,7280,True,0.05214426484655786
Placebo,13,7394,True,0.24051935805437297
Placebo,13,7795,True,0.5300286442269176
Placebo,13,8108,True,0.41244971364289107
Placebo,13,8560,True,0.6044324174268262
Placebo,13,8632,True,0.5105279704659292
Placebo,13,8657,True,0.18316167326282295
Placebo,13,8777,True,0.6961603139565987
Placebo,13,9151,True,0.0731168384439099
Placebo,13,9609,True,0.3562315886146008
Placebo,14,102,True,0.7536284914789646
Placebo,14,314,True,0.21920843185650246
Placebo,14,1068,True,0.45789564864174953
Placebo,14,1525,True,0.0
Placebo,14,1795,True,0.5675603406347342
Placebo,14,1929,True,0.4362615756074749
Placebo,14,1931,True,0.21026001589162321
Placebo,14,1991,True,0.05013355137207789
Placebo,14,2528,True,0.49781861917800996
Placebo,14,2697,True,0.4790210237411035
Placebo,14,2834,True,0.2008381952930486
Placebo,14,2845,True,0.38296426989784577
Placebo,14,3031,True,0.21794875330803576
Placebo,14,3250,True,0.347441218468365
Placebo,14,3308,True,0.17335367174495436
Placebo,14,3402,True,0.1698897806716097
Placebo,14,3426,True,0.0
Placebo,14,3449,True,0.4955415284352818
Placebo,14,3756,True,0.15176219107803549
Placebo,14,4141,True,0.6005537334766541
Placebo,14,4210,True,0.2323410789988754
Placebo,14,4516,True,0.11829301291924503
Placebo,14,4692,True,0.0
Placebo,14,4700,True,0.07373686430042375
Placebo,14,4910,False,0.0
Placebo,14,4962,True,0.38033304284168906
Placebo,14,5275,True,0.5225646686962436
Placebo,14,5671,True,0.5893617611583332
Placebo,14,5683,True,0.42541237831642675
Placebo,14,6067,True,0.5384976487535514
Placebo,14,6378,True,0.41298206411727084
Placebo,14,6495,True,0.4906195101386242
Placebo,14,6868,True,0.5607214711161775
Placebo,14,6880,True,0.3757191038018903
Placebo,14,7144,True,0.24992579310431037
Placebo,14,7413,True,0.411076337370758
Placebo,14,7526,True,0.11838279295536289
Placebo,14,7531,True,0.1909208661789346
Placebo,14,7577,True,0.0
Placebo,14,7621,True,0.16945524134044565
Placebo,14,8198,True,0.3901948374369235
Placebo,14,8442,True,0.06425604298318159
Placebo,14,8452,True,0.5115371143079134
Placebo,14,8476,True,0.24424653209198768
Placebo,14,8541,True,0.7721023256064015
Placebo,14,8802,True,0.12994524341826102
Placebo,14,8816,True,0.10751318069882124
Placebo,14,8852,True,0.31073781586077986
Placebo,14,9099,True,0.17993148201117176
Placebo,14,9479,True,0.0
Placebo,14,9625,False,0.0
Placebo,14,96,True,0.1356519734324477
Placebo,14,171,True,0.5885630448198664
Placebo,14,328,True,0.13012668333070063
Placebo,14,387,True,0.051654929011943435
Placebo,14,754,False,0.0
Placebo,14,983,True,0.4849249149672328
Placebo,14,1039,True,0.7432097605867487
Placebo,14,1098,True,0.24104301502827988
Placebo,14,1120,True,0.30657359638272924
Placebo,14,1275,True,0.48343277515903094
Placebo,14,1343,True,0.09094418985914299
Placebo,14,1483,True,0.0
Placebo,14,2005,True,0.0829234182723018
Placebo,14,2048,True,0.49280510381522424
Placebo,14,2379,True,0.6038761474623546
Placebo,14,2516,True,0.37795900399739923
Placebo,14,2601,True,0.1532749700109649
Placebo,14,3210,True,0.27669875176102166
Placebo,14,3601,True,0.11518062305268108
Placebo,14,3729,True,0.2850878732638495
Placebo,14,3832,True,0.3717119454213264
Placebo,14,4104,True,0.12905154301968988
Placebo,14,4286,True,0.48868561901566787
Placebo,14,4329,True,0.06794340091829071
Placebo,14,4553,True,0.3089016045071429
Placebo,14,4790,True,0.4220949603708207
Placebo,14,4844,True,0.0
Placebo,14,4994,True,0.2446455615239613
Placebo,14,5020,True,0.5506739430718002
Placebo,14,5293,True,0.1394155414437851
Placebo,14,5338,True,0.6194402904857524
Placebo,14,5343,True,0.12003445961587654
Placebo,14,5464,True,0.2281589070352165
Placebo,14,5560,True,0.416448383424597
Placebo,14,5719,True,0.33872253791842705
Placebo,14,6055,True,0.31833954895937194
Placebo,14,6121,True,0.5217970207521191
Placebo,14,6128,True,0.07212498542285611
Placebo,14,6197,True,0.2908341523287704
Placebo,14,6336,True,0.4078301777929322
Placebo,14,6577,True,0.35635879436574797
Placebo,14,6717,True,0.0
Placebo,14,6906,True,0.0
Placebo,14,8550,True,0.1809074917818078
Placebo,14,8576,True,0.8196104814592203
Placebo,14,8790,True,0.0
Placebo,14,8840,False,0.0
Placebo,14,8878,True,0.42369353456165987
Placebo,14,9337,True,0.1340402346263696
Placebo,14,9501,True,0.33984090879657025
Placebo,14,9512,False,0.0
Placebo,14,45,True,0.20169277415230236
Placebo,14,199,True,0.14201905717762706
Placebo,14,458,True,0.7023842612772728
Placebo,14,564,True,0.8742075488365493
Placebo,14,717,True,0.0
Placebo,14,1109,True,0.4649554817777534
Placebo,14,1576,True,0.07684094149954813
Placebo,14,1711,False,0.0
Placebo,14,1868,True,0.23719771276929624
Placebo,14,1942,True,0.27274002211471565
Placebo,14,2001,True,0.056906557239904024
Placebo,14,2217,True,0.14656879505245024
Placebo,14,2354,True,0.29569669264010107
Placebo,14,2761,True,0.10699313236726382
Placebo,14,2980,True,0.06493750582667032
Placebo,14,3021,True,0.3471949643442105
Placebo,14,3030,True,0.2960819109658652
Placebo,14,3046,True,0.2773784613376286
Placebo,14,3050,True,0.5199306233590117
Placebo,14,3288,True,0.3195001122898798
Placebo,14,3302,True,0.23457223271829003
Placebo,14,3794,True,0.0
Placebo,14,3920,True,0.24800441763883588
Placebo,14,3965,True,0.24345091539311675
Placebo,14,4193,True,0.284654678350807
Placebo,14,4294,True,0.05538123001884931
Placebo,14,4383,True,0.538004804297943
Placebo,14,4474,True,0.29873869436898814
Placebo,14,5068,True,0.4105719800676483
Placebo,14,5258,True,0.0
Placebo,14,5306,True,0.7707939642807623
Placebo,14,5323,True,0.6306032916548145
Placebo,14,5421,True,0.7161394210735958
Placebo,14,5766,True,0.6059372244899268
Placebo,14,5877,True,0.14436160302474674
Placebo,14,5887,True,0.27578555584445774
Placebo,14,6126,True,0.4935232796777481
Placebo,14,6190,True,0.34869091935578855
Placebo,14,6224,True,0.2144199045168832
Placebo,14,6465,True,0.0
Placebo,14,6853,True,0.060614569639142066
Placebo,14,6949,True,0.4942776662828194
Placebo,14,7107,True,0.1653207844247501
Placebo,14,7240,True,0.0
Placebo,14,7937,True,0.5645252544249326
Placebo,14,8015,True,0.22906361076190915
Placebo,14,8066,True,0.3362138212056108
Placebo,14,8202,True,0.30099707790170427
Placebo,14,8321,True,0.3841177185748995
Placebo,14,9222,True,0.14141417270073353
Placebo,14,9453,True,0.5657841062958547
Placebo,14,73,True,0.32586943613713815
Placebo,14,390,True,0.43844437097754624
Placebo,14,424,True,0.32531670832675147
Placebo,14,715,True,0.5
Placebo,14,915,True,0.37466610587647853
Placebo,14,1579,True,0.131992192941818
Placebo,14,1643,True,0.20426160579821664
Placebo,14,1679,True,0.422911821230036
Placebo,14,1982,True,0.0
Placebo,14,2027,True,0.30115772139445074
Placebo,14,2211,True,0.0
Placebo,14,2228,True,0.3896111159829311
Placebo,14,2352,True,0.0
Placebo,14,2520,True,0.5534316747669205
Placebo,14,2573,True,0.0
Placebo,14,2630,True,0.4633180389503199
Placebo,14,2666,True,0.1394378723663407
Placebo,14,2745,True,0.1908569557235259
Placebo,14,3149,True,0.32563448086426966
Placebo,14,3369,True,0.42640888943796273
Placebo,14,3617,True,0.5176648191497275
Placebo,14,3862,True,0.21292929549319944
Placebo,14,4124,True,0.33614216544674935
Placebo,14,4218,True,0.36807712653801294
Placebo,14,4268,True,0.509444447093616
Placebo,14,4452,True,0.15130120674940675
Placebo,14,4522,True,0.5480397149355859
Placebo,14,4784,True,0.6266477020552659
Placebo,14,5139,True,0.0
Placebo,14,5438,True,0.4046669626464899
Placebo,14,5565,True,0.0923658521249303
Placebo,14,5684,True,0.3622858446039293
Placebo,14,5775,True,0.5907272848394972
Placebo,14,6110,True,0.1617314454137512
Placebo,14,6488,True,0.21000823726012657
Placebo,14,6590,True,0.3843973922909775
Placebo,14,6793,True,0.3272775042691095
Placebo,14,7090,True,0.4547906457890281
Placebo,14,7112,True,0.5254078484386326
Placebo,14,7167,True,0.2964181604839031
Placebo,14,7287,True,0.5510792769500052
Placebo,14,7370,True,0.23265559266227928
Placebo,14,7547,True,0.24740580633940135
Placebo,14,7589,True,0.0
Placebo,14,7622,True,0.12983380180421736
Placebo,14,7640,False,0.0
Placebo,14,7757,True,0.1860510833368568
Placebo,14,8162,True,0.5140192744517355
Placebo,14,8508,True,0.17422626426013316
Placebo,14,8597,True,0.24403338200792854
Placebo,14,8771,True,0.0
Placebo,14,288,True,0.6034002065370411
Placebo,14,635,True,0.3007523313541105
Placebo,14,654,True,0.0
Placebo,14,699,True,0.23380051094480933
Placebo,14,743,True,0.2955585112908115
Placebo,14,946,True,0.0
Placebo,14,976,True,0.11838279295536289
Placebo,14,1144,True,0.527086851578644
Placebo,14,1187,True,0.5245613958489767
Placebo,14,1384,True,0.24769260445378302
Placebo,14,1415,True,0.45599884819520725
Placebo,14,1443,True,0.2844087639436165
Placebo,14,1629,True,0.2682639167333794
Placebo,14,1684,True,0.2350455494144854
Placebo,14,1802,True,0.23869236099197616
Placebo,14,1914,True,0.600450773678004
Placebo,14,2046,True,0.0
Placebo,14,2071,True,0.10450613870182585
Placebo,14,2340,True,0.054446697840052224
Placebo,14,2749,True,0.43741811519980567
Placebo,14,3517,True,0.2305337549689575
Placebo,14,3758,True,0.13347537859706934
Placebo,14,4110,True,0.0
Placebo,14,4111,True,0.09162544430476369
Placebo,14,4144,True,0.3128098358361781
Placebo,14,5021,True,0.1279104797062542
Placebo,14,5032,True,0.7080849991024781
Placebo,14,5096,True,0.16976516826982804
Placebo,14,5109,True,0.5674674154936886
Placebo,14,5114,True,0.36766931488115107
Placebo,14,5977,True,0.0
Placebo,14,5984,True,0.5701139103921778
Placebo,14,6353,True,0.6021702902347166
Placebo,14,6373,True,0.5378722385205066
Placebo,14,6539,True,0.0
Placebo,14,6554,True,0.6239956064713681
Placebo,14,6884,True,0.0
Placebo,14,6955,True,0.09515663188532464
Placebo,14,7020,True,0.2957859527212465
Placebo,14,7029,True,0.1737653531421537
Placebo,14,7280,True,0.22762622895961593
Placebo,14,7394,True,0.3390790363249071
Placebo,14,7795,True,0.5545057926653371
Placebo,14,8108,True,0.15176219107803549
Placebo,14,8560,True,0.17230417923837751
Placebo,14,8632,True,0.31081587428748936
Placebo,14,8657,True,0.12084261932974714
Placebo,14,8777,True,0.7668836458540118
Placebo,14,9151,True,0.07614334071738343
Placebo,14,9609,True,0.25206494032666715
Placebo,15,102,True,0.759518089250095
Placebo,15,314,True,0.40401492019345975
Placebo,15,1068,True,0.3681050553721531
Placebo,15,1525,True,0.04510157879202123
Placebo,15,1795,True,0.3563625787542004
Placebo,15,1929,True,0.626632539994567
Placebo,15,1931,True,0.1951890007906611
Placebo,15,1991,True,0.3889890131557467
Placebo,15,2528,True,0.25904447127191105
Placebo,15,2697,True,0.32031225141944275
Placebo,15,2834,True,0.3695660449759473
Placebo,15,2845,True,0.4364314308119334
Placebo,15,3031,True,0.10674828840828073
Placebo,15,3250,True,0.3510096123877175
Placebo,15,3308,True,0.13598839970809307
Placebo,15,3402,True,0.22102272514627735
Placebo,15,3426,True,0.06156831509208421
Placebo,15,3449,True,0.45157659609128753
Placebo,15,3756,True,0.13698471029831177
Placebo,15,4141,True,0.5306868144411494
Placebo,15,4210,True,0.6164440651690939
Placebo,15,4516,True,0.18865420724707677
Placebo,15,4692,True,0.20151514190050243
Placebo,15,4700,True,0.10644692083071636
Placebo,15,4910,False,0.0
Placebo,15,4962,True,0.6657857754066733
Placebo,15,5275,True,0.09057318017929114
Placebo,15,5671,True,0.5506128333253564
Placebo,15,5683,True,0.4944946794309641
Placebo,15,6067,True,0.3848844218246435
Placebo,15,6378,True,0.6574400653338155
Placebo,15,6495,True,0.6223124403411239
Placebo,15,6868,True,0.5649785546518519
Placebo,15,6880,True,0.4013459638428835
Placebo,15,7144,True,0.3403684694543576
Placebo,15,7413,True,0.5349694431511324
Placebo,15,7526,True,0.08274602130531994
Placebo,15,7531,True,0.04373585705070407
Placebo,15,7577,True,0.5
Placebo,15,7621,True,0.3769821444698996
Placebo,15,8198,True,0.3490029985187303
Placebo,15,8442,True,0.05214426484655786
Placebo,15,8452,True,0.3085484926954735
Placebo,15,8476,True,0.3058398575324128
Placebo,15,8541,True,0.6309537438505021
Placebo,15,8802,True,0.1503257651492753
Placebo,15,8816,True,0.24943189047911452
Placebo,15,8852,True,0.0
Placebo,15,9099,True,0.5285966294652285
Placebo,15,9479,True,0.0
Placebo,15,9625,False,0.0
Placebo,15,96,True,0.0
Placebo,15,171,True,0.5329859018225183
Placebo,15,328,True,0.12315119437036504
Placebo,15,387,True,0.20585691714305274
Placebo,15,754,False,0.0
Placebo,15,983,True,0.4704750696770297
Placebo,15,1039,True,0.44629377605319853
Placebo,15,1098,True,0.19961799344740538
Placebo,15,1120,True,0.1934264036172709
Placebo,15,1275,True,0.4055006223327741
Placebo,15,1343,True,0.20745073859030222
Placebo,15,1483,True,0.3149827040086352
Placebo,15,2005,True,0.1395018837379694
Placebo,15,2048,True,0.5275577940752219
Placebo,15,2379,True,0.4231129911917471
Placebo,15,2516,True,0.48039892594743056
Placebo,15,2601,True,0.1863899476631673
Placebo,15,3210,True,0.20534205261069957
Placebo,15,3601,True,0.2463023887407299
Placebo,15,3729,True,0.17398303972369888
Placebo,15,3832,True,0.4897327404655958
Placebo,15,4104,True,0.04510157879202123
Placebo,15,4286,True,0.5896022278908389
Placebo,15,4329,True,0.0
Placebo,15,4553,True,0.0776895369576595
Placebo,15,4790,True,0.23599500916449398
Placebo,15,4844,True,0.0
Placebo,15,4994,True,0.41020949667422046
Placebo,15,5020,True,0.48647047876857474
Placebo,15,5293,True,0.2830221745363017
Placebo,15,5338,True,0.611246338960979
Placebo,15,5343,True,0.3301376494471203
Placebo,15,5464,True,0.16195671984435944
Placebo,15,5560,True,0.19631223851512958
Placebo,15,5719,True,0.46384479777999166
Placebo,15,6055,True,0.20829366581033182
Placebo,15,6121,True,0.45879916728236986
Placebo,15,6128,True,0.09644431195773961
Placebo,15,6197,True,0.5045775296317622
Placebo,15,6336,True,0.6139751760492749
Placebo,15,6577,True,0.43712858851852426
Placebo,15,6717,True,0.22919567293560933
Placebo,15,6906,True,0.0
Placebo,15,8550,True,0.0
Placebo,15,8576,True,0.6392209629184405
Placebo,15,8790,True,0.0
Placebo,15,8840,False,0.0
Placebo,15,8878,True,0.23643074950166187
Placebo,15,9337,True,0.24026053440387107
Placebo,15,9501,True,0.6277383054462096
Placebo,15,9512,False,0.0
Placebo,15,45,True,0.3554048706255334
Placebo,15,199,True,0.2122263659729146
Placebo,15,458,True,0.53929684741388
Placebo,15,564,True,0.8840645190798295
Placebo,15,717,True,0.13305201013572898
Placebo,15,1109,True,0.6472253480460015
Placebo,15,1576,True,0.16004318879660093
Placebo,15,1711,False,0.0
Placebo,15,1868,True,0.0
Placebo,15,1942,True,0.283111782078386
Placebo,15,2001,True,0.0670201173131848
Placebo,15,2217,True,0.06993108739817402
Placebo,15,2354,True,0.3527644593648406
Placebo,15,2761,True,0.1130534017578721
Placebo,15,2980,True,0.18638473367787414
Placebo,15,3021,True,0.39422997501335055
Placebo,15,3030,True,0.1815417925373527
Placebo,15,3046,True,0.07216182621891234
Placebo,15,3050,True,0.491699090546887
Placebo,15,3288,True,0.5894342123943689
Placebo,15,3302,True,0.4580463110191696
Placebo,15,3794,True,0.0
Placebo,15,3920,True,0.5297926911070883
Placebo,15,3965,True,0.12773075038935042
Placebo,15,4193,True,0.371061822535711
Placebo,15,4294,True,0.20843974233538098
Placebo,15,4383,True,0.5610135743721077
Placebo,15,4474,True,0.06452577150984494
Placebo,15,5068,True,0.3052348839397012
Placebo,15,5258,True,0.0
Placebo,15,5306,True,0.6016100144036066
Placebo,15,5323,True,0.6289497447172252
Placebo,15,5421,True,0.7405046935107936
Placebo,15,5766,True,0.5660203880970223
Placebo,15,5877,True,0.24359557874786605
Placebo,15,5887,True,0.27545562239459204
Placebo,15,6126,True,0.0
Placebo,15,6190,True,0.5466161703637319
Placebo,15,6224,True,0.1764628865325402
Placebo,15,6465,True,0.107789154524511
Placebo,15,6853,True,0.27380137424220574
Placebo,15,6949,True,0.4236374133821928
Placebo,15,7107,True,0.12530682344457728
Placebo,15,7240,True,0.0
Placebo,15,7937,True,0.4034190693403171
Placebo,15,8015,True,0.08274602130531994
Placebo,15,8066,True,0.26180220718718117
Placebo,15,8202,True,0.4270289412501863
Placebo,15,8321,True,0.42771223962945604
Placebo,15,9222,True,0.07070708635036677
Placebo,15,9453,True,0.4694447853580051
Placebo,15,73,True,0.09404673201358821
Placebo,15,390,True,0.43608879613590235
Placebo,15,424,True,0.0
Placebo,15,715,True,0.5053734467223312
Placebo,15,915,True,0.34996677795142084
Placebo,15,1579,True,0.3123817114825977
Placebo,15,1643,True,0.14759996418270632
Placebo,15,1679,True,0.5075880282651499
Placebo,15,1982,True,0.15840915256850244
Placebo,15,2027,True,0.48786020570219363
Placebo,15,2211,True,0.0
Placebo,15,2228,True,0.04353781328125618
Placebo,15,2352,True,0.0
Placebo,15,2520,True,0.20152616569430365
Placebo,15,2573,True,0.22082856303278728
Placebo,15,2630,True,0.5657317554472674
Placebo,15,2666,True,0.04330890684638207
Placebo,15,2745,True,0.12732555376809004
Placebo,15,3149,True,0.4644967077205523
Placebo,15,3369,True,0.12453555347585292
Placebo,15,3617,True,0.45378512409222804
Placebo,15,3862,True,0.0
Placebo,15,4124,True,0.2927260585376633
Placebo,15,4218,True,0.32850452341402486
Placebo,15,4268,True,0.5318103940994758
Placebo,15,4452,True,0.0
Placebo,15,4522,True,0.2916926553988711
Placebo,15,4784,True,0.6619811828636346
Placebo,15,5139,True,0.13077801907061376
Placebo,15,5438,True,0.3096427162475369
Placebo,15,5565,True,0.11822100770287784
Placebo,15,5684,True,0.32494407012104287
Placebo,15,5775,True,0.570404489286039
Placebo,15,6110,True,0.14179281999872714
Placebo,15,6488,True,0.0
Placebo,15,6590,True,0.3161135906799513
Placebo,15,6793,True,0.3325092468780626
Placebo,15,7090,True,0.352259063266613
Placebo,15,7112,True,0.4382424180509186
Placebo,15,7167,True,0.37809296065667525
Placebo,15,7287,True,0.5734071519984063
Placebo,15,7370,True,0.16842717545221186
Placebo,15,7547,True,0.33066882774358497
Placebo,15,7589,True,0.0
Placebo,15,7622,True,0.0776895369576595
Placebo,15,7640,False,0.0
Placebo,15,7757,True,0.1803895185407797
Placebo,15,8162,True,0.44184465309389
Placebo,15,8508,True,0.0
Placebo,15,8597,True,0.6382888426379191
Placebo,15,8771,True,0.0
Placebo,15,288,True,0.4308711303694693
Placebo,15,635,True,0.14311995275910713
Placebo,15,654,True,0.20066335283495063
Placebo,15,699,True,0.1832077351954858
Placebo,15,743,True,0.5128995212309627
Placebo,15,946,True,0.0
Placebo,15,976,True,0.10633668103022988
Placebo,15,1144,True,0.46706831412189
Placebo,15,1187,True,0.4119728725527975
Placebo,15,1384,True,0.16270836364249777
Placebo,15,1415,True,0.5720571613571972
Placebo,15,1443,True,0.41853906118932555
Placebo,15,1629,True,0.36138292340803024
Placebo,15,1684,True,0.07414861528507459
Placebo,15,1802,True,0.05214426484655786
Placebo,15,1914,True,0.3837356118259715
Placebo,15,2046,True,0.0
Placebo,15,2071,True,0.23556805569031283
Placebo,15,2340,True,0.11728556017052548
Placebo,15,2749,True,0.39537373950870547
Placebo,15,3517,True,0.4754245079575427
Placebo,15,3758,True,0.3185860821011082
Placebo,15,4110,True,0.11958332099787163
Placebo,15,4111,True,0.09791292534996787
Placebo,15,4144,True,0.4151667042264963
Placebo,15,5021,True,0.0
Placebo,15,5032,True,0.33866748939451125
Placebo,15,5096,True,0.07358744134099243
Placebo,15,5109,True,0.5967573227244782
Placebo,15,5114,True,0.0
Placebo,15,5977,True,0.0
Placebo,15,5984,True,0.3238274970446681
Placebo,15,6353,True,0.37856512207746584
Placebo,15,6373,True,0.26934286376475775
Placebo,15,6539,True,0.0
Placebo,15,6554,True,0.5628204933679589
Placebo,15,6884,True,0.0
Placebo,15,6955,True,0.24273444675543487
Placebo,15,7020,True,0.627589206790935
Placebo,15,7029,True,0.4733165379609084
Placebo,15,7280,True,0.29587141048314713
Placebo,15,7394,True,0.1947259337111568
Placebo,15,7795,True,0.4638253653285521
Placebo,15,8108,True,0.47738721946956136
Placebo,15,8560,True,0.4145727385761855
Placebo,15,8632,True,0.4708417482758239
Placebo,15,8657,True,0.10129244564838749
Placebo,15,8777,True,0.5300712324808615
Placebo,15,9151,True,0.2529427027676572
Placebo,15,9609,True,0.4440483842270164
Placebo,16,102,True,0.8010379332883839
Placebo,16,314,True,0.6164051221773605
Placebo,16,1068,True,0.48586240508055395
Placebo,16,1525,True,0.0
Placebo,16,1795,True,0.4988114255021465
Placebo,16,1929,True,0.5514241167757551
Placebo,16,1931,True,0.4152807670887413
Placebo,16,1991,True,0.23382914784528017
Placebo,16,2528,True,0.4915960994311713
Placebo,16,2697,True,0.5564958647344624
Placebo,16,2834,True,0.3434791675483418
Placebo,16,2845,True,0.10458024921213012
Placebo,16,3031,True,0.39097533203579854
Placebo,16,3250,True,0.23560884931598716
Placebo,16,3308,True,0.04852388772014405
Placebo,16,3402,True,0.3476292734232172
Placebo,16,3426,True,0.0
Placebo,16,3449,True,0.3865039173503901
Placebo,16,3756,True,0.20483424751859086
Placebo,16,4141,True,0.5488927879044869
Placebo,16,4210,True,0.36970518230381155
Placebo,16,4516,True,0.1542428909118665
Placebo,16,4692,True,0.0
Placebo,16,4700,True,0.17233131285655662
Placebo,16,4910,False,0.0
Placebo,16,4962,True,0.24618570546556073
Placebo,16,5275,True,0.057959913024345
Placebo,16,5671,True,0.6061370166123365
Placebo,16,5683,True,0.5862066040988765
Placebo,16,6067,True,0.4955869900897251
Placebo,16,6378,True,0.3835042432487194
Placebo,16,6495,True,0.5136546288234342
Placebo,16,6868,True,0.795503742847309
Placebo,16,6880,True,0.332817311374081
Placebo,16,7144,True,0.31187285277573135
Placebo,16,7413,True,0.44205080424900417
Placebo,16,7526,True,0.13743816645714546
Placebo,16,7531,True,0.0
Placebo,16,7577,True,0.0
Placebo,16,7621,True,0.2514715968005481
Placebo,16,8198,True,0.30765404661841433
Placebo,16,8442,True,0.3485052890047462
Placebo,16,8452,True,0.4485066604744756
Placebo,16,8476,True,0.3357685924560987
Placebo,16,8541,True,0.5028855718070112
Placebo,16,8802,True,0.3197664126715891
Placebo,16,8816,True,0.10673691490577933
Placebo,16,8852,True,0.3800937667159343
Placebo,16,9099,True,0.19444148116460971
Placebo,16,9479,True,0.0
Placebo,16,9625,False,0.0
Placebo,16,96,True,0.0
Placebo,16,171,True,0.6793683486505473
Placebo,16,328,True,0.11284514134893517
Placebo,16,387,True,0.0
Placebo,16,754,False,0.0
Placebo,16,983,True,0.4993077550415893
Placebo,16,1039,True,0.519495795544281
Placebo,16,1098,True,0.46038594918879067
Placebo,16,1120,True,0.0
Placebo,16,1275,True,0.40148170189534466
Placebo,16,1343,True,0.3878788722241477
Placebo,16,1483,True,0.04510157879202123
Placebo,16,2005,True,0.1834098052484002
Placebo,16,2048,True,0.4717199336299946
Placebo,16,2379,True,0.4881114982896355
Placebo,16,2516,True,0.5553415126180735
Placebo,16,2601,True,0.13240437438171412
Placebo,16,3210,True,0.5519546522825246
Placebo,16,3601,True,0.0
Placebo,16,3729,True,0.21235128123298563
Placebo,16,3832,True,0.33235503990932136
Placebo,16,4104,True,0.1970884750459006
Placebo,16,4286,True,0.5354606821065582
Placebo,16,4329,True,0.14829723057014907
Placebo,16,4553,True,0.056906557239904024
Placebo,16,4790,True,0.07186190911730043
Placebo,16,4844,True,0.0
Placebo,16,4994,True,0.1803895185407797
Placebo,16,5020,True,0.4330566004131582
Placebo,16,5293,True,0.36656847025113604
Placebo,16,5338,True,0.6338092539824506
Placebo,16,5343,True,0.2095972811529183
Placebo,16,5464,True,0.12034355933128994
Placebo,16,5560,True,0.41612260471654405
Placebo,16,5719,True,0.17949371960903443
Placebo,16,6055,True,0.1100458831490401
Placebo,16,6121,True,0.4723836299363314
Placebo,16,6128,True,0.08427984475150933
Placebo,16,6197,True,0.3514709525329937
Placebo,16,6336,True,0.6104944646170833
Placebo,16,6577,True,0.3384001471966149
Placebo,16,6717,True,0.2139950911984261
Placebo,16,6906,True,0.0
Placebo,16,8550,True,0.08861964339202381
Placebo,16,8576,True,0.49650310922073104
Placebo,16,8790,True,0.0
Placebo,16,8840,False,0.0
Placebo,16,8878,True,0.601369884024975
Placebo,16,9337,True,0.19907961381182385
Placebo,16,9501,True,0.4461914729553861
Placebo,16,9512,False,0.0
Placebo,16,45,True,0.298707113479746
Placebo,16,199,True,0.07839826897867538
Placebo,16,458,True,0.6169438361489598
Placebo,16,564,True,0.7384131017610187
Placebo,16,717,True,0.3301376494471203
Placebo,16,1109,True,0.543945194619965
Placebo,16,1576,True,0.30399713951307283
Placebo,16,1711,False,0.0
Placebo,16,1868,True,0.0
Placebo,16,1942,True,0.5221247490731479
Placebo,16,2001,True,0.22762622895961593
Placebo,16,2217,True,0.0
Placebo,16,2354,True,0.11648630427853685
Placebo,16,2761,True,0.3391602052736161
Placebo,16,2980,True,0.21408371436984164
Placebo,16,3021,True,0.40124437201358487
Placebo,16,3030,True,0.0
Placebo,16,3046,True,0.45335186620780976
Placebo,16,3050,True,0.6264205135925888
Placebo,16,3288,True,0.5526734813100566
Placebo,16,3302,True,0.3860785754986644
Placebo,16,3794,True,0.1762676647011695
Placebo,16,3920,True,0.6156573021010256
Placebo,16,3965,True,0.40293179234922705
Placebo,16,4193,True,0.3542401865635632
Placebo,16,4294,True,0.05317996833292039
Placebo,16,4383,True,0.439666739134789
Placebo,16,4474,True,0.2037684238802044
Placebo,16,5068,True,0.5481351590340573
Placebo,16,5258,True,0.0
Placebo,16,5306,True,0.5085084900019688
Placebo,16,5323,True,0.6918165764591884
Placebo,16,5421,True,0.5965568245125026
Placebo,16,5766,True,0.5284252889316934
Placebo,16,5877,True,0.08301888443969418
Placebo,16,5887,True,0.3339422937910693
Placebo,16,6126,True,0.15130120674940675
Placebo,16,6190,True,0.40735623058817855
Placebo,16,6224,True,0.12033746850779536
Placebo,16,6465,True,0.0
Placebo,16,6853,True,0.376018265526867
Placebo,16,6949,True,0.3228128798911631
Placebo,16,7107,True,0.0576901476090013
Placebo,16,7240,True,0.20438239758848625
Placebo,16,7937,True,0.836670336895054
Placebo,16,8015,True,0.6813893761544461
Placebo,16,8066,True,0.20298487771492102
Placebo,16,8202,True,0.2867355180705108
Placebo,16,8321,True,0.4533131155932744
Placebo,16,9222,True,0.19031326377064928
Placebo,16,9453,True,0.5774378321666193
Placebo,16,73,True,0.0
Placebo,16,390,True,0.5579281584434329
Placebo,16,424,True,0.11518062305268108
Placebo,16,715,True,0.6897207508397619
Placebo,16,915,True,0.2672493075474347
Placebo,16,1579,True,0.6156026077090224
Placebo,16,1643,True,0.0
Placebo,16,1679,True,0.4109573664126655
Placebo,16,1982,True,0.24966402870278917
Placebo,16,2027,True,0.3203587191641113
Placebo,16,2211,True,0.08747171410140814
Placebo,16,2228,True,0.5332279971769359
Placebo,16,2352,True,0.0
Placebo,16,2520,True,0.1278176580327655
Placebo,16,2573,True,0.1388624438735545
Placebo,16,2630,True,0.49794429329624584
Placebo,16,2666,True,0.38455502999028546
Placebo,16,2745,True,0.215040930986589
Placebo,16,3149,True,0.4164007884487749
Placebo,16,3369,True,0.09478836436955075
Placebo,16,3617,True,0.35473331045218903
Placebo,16,3862,True,0.28461986942675466
Placebo,16,4124,True,0.4621030323151879
Placebo,16,4218,True,0.26634800920491175
Placebo,16,4268,True,0.6156920546579399
Placebo,16,4452,True,0.0
Placebo,16,4522,True,0.29675694159420224
Placebo,16,4784,True,0.752360452286392
Placebo,16,5139,True,0.19519002499605084
Placebo,16,5438,True,0.25773825190156036
Placebo,16,5565,True,0.18701145604403488
Placebo,16,5684,True,0.47110519245447413
Placebo,16,5775,True,0.5051952018458933
Placebo,16,6110,True,0.053368457452889664
Placebo,16,6488,True,0.08916963639944173
Placebo,16,6590,True,0.28436483341035274
Placebo,16,6793,True,0.3783691609394312
Placebo,16,7090,True,0.4515623713886838
Placebo,16,7112,True,0.5961271638750066
Placebo,16,7167,True,0.28436483341035274
Placebo,16,7287,True,0.4451921814800624
Placebo,16,7370,True,0.2105216066565465
Placebo,16,7547,True,0.2796776671747807
Placebo,16,7589,True,0.04992274367141086
Placebo,16,7622,True,0.27853764988091795
Placebo,16,7640,False,0.0
Placebo,16,7757,True,0.0543026559841585
Placebo,16,8162,True,0.5694312219367773
Placebo,16,8508,True,0.09791292534996787
Placebo,16,8597,True,0.37040349319253035
Placebo,16,8771,True,0.0
Placebo,16,288,True,0.6432618667892589
Placebo,16,635,True,0.2907698815100824
Placebo,16,654,True,0.07680190056249989
Placebo,16,699,True,0.3301376494471203
Placebo,16,743,True,0.14166813307170803
Placebo,16,946,True,0.0
Placebo,16,976,True,0.13743816645714546
Placebo,16,1144,True,0.7110440729230624
Placebo,16,1187,True,0.26013867439864574
Placebo,16,1384,True,0.3720836790140557
Placebo,16,1415,True,0.5070262349231447
Placebo,16,1443,True,0.10656829743647035
Placebo,16,1629,True,0.5510297842398117
Placebo,16,1684,True,0.07414861528507459
Placebo,16,1802,True,0.09801208684237224
Placebo,16,1914,True,0.212033748392744
Placebo,16,2046,True,0.0
Placebo,16,2071,True,0.4193845878105727
Placebo,16,2340,True,0.09382844813642041
Placebo,16,2749,True,0.4580583860606514
Placebo,16,3517,True,0.5279948464945609
Placebo,16,3758,True,0.11758243237537329
Placebo,16,4110,True,0.40338447916753534
Placebo,16,4111,True,0.0
Placebo,16,4144,True,0.12195280380018261
Placebo,16,5021,True,0.0
Placebo,16,5032,True,0.3601274534663287
Placebo,16,5096,True,0.15423215925316422
Placebo,16,5109,True,0.4354943328985219
Placebo,16,5114,True,0.05214426484655786
Placebo,16,5977,True,0.8154648767857287
Placebo,16,5984,True,0.45259008944348217
Placebo,16,6353,True,0.5380282153597407
Placebo,16,6373,True,0.25346872653555846
Placebo,16,6539,True,0.0
Placebo,16,6554,True,0.49897856191672574
Placebo,16,6884,True,0.0
Placebo,16,6955,True,0.25810421612773937
Placebo,16,7020,True,0.3203382947054494
Placebo,16,7029,True,0.33044499663367505
Placebo,16,7280,True,0.0543026559841585
Placebo,16,7394,True,0.23129261787834773
Placebo,16,7795,True,0.5739147454577264
Placebo,16,8108,True,0.47034257031018045
Placebo,16,8560,True,0.28781930622493995
Placebo,16,8632,True,0.2908740562425417
Placebo,16,8657,True,0.10507722995177482
Placebo,16,8777,True,0.790301000055901
Placebo,16,9151,True,0.08431423425588576
Placebo,16,9609,True,0.3301376494471203
Placebo,17,102,True,0.5523884101484186
Placebo,17,314,True,0.4075811811402589
Placebo,17,1068,True,0.45921236626946815
Placebo,17,1525,True,0.04618292606246515
Placebo,17,1795,True,0.4799897521342863
Placebo,17,1929,True,0.3501635716180508
Placebo,17,1931,True,0.5923201345161325
Placebo,17,1991,True,0.32216910050560804
Placebo,17,2528,True,0.6934510346856608
Placebo,17,2697,True,0.38593711628998856
Placebo,17,2834,True,0.3072084888491477
Placebo,17,2845,True,0.28057981462475096
Placebo,17,3031,True,0.2591067730802545
Placebo,17,3250,True,0.34679078395027524
Placebo,17,3308,True,0.17136269065036203
Placebo,17,3402,True,0.038356439954196984
Placebo,17,3426,True,0.25643082178364174
Placebo,17,3449,True,0.4190394002917469
Placebo,17,3756,True,0.13305201013572898
Placebo,17,4141,True,0.5356442851668521
Placebo,17,4210,True,0.21453833654429036
Placebo,17,4516,True,0.22808303872544108
Placebo,17,4692,True,0.0
Placebo,17,4700,True,0.06978419164318803
Placebo,17,4910,False,0.0
Placebo,17,4962,True,0.39170347105873204
Placebo,17,5275,True,0.0
Placebo,17,5671,True,0.538427898068767
Placebo,17,5683,True,0.6334708774317854
Placebo,17,6067,True,0.33718748580423713
Placebo,17,6378,True,0.3473825580301494
Placebo,17,6495,True,0.40182650618841
Placebo,17,6868,True,0.5591978961995092
Placebo,17,6880,True,0.6420329448559708
Placebo,17,7144,True,0.1803895185407797
Placebo,17,7413,True,0.5258833180389376
Placebo,17,7526,True,0.290504813129464
Placebo,17,7531,True,0.11242587383123728
Placebo,17,7577,True,0.0
Placebo,17,7621,True,0.10041429370773575
Placebo,17,8198,True,0.47735023850731473
Placebo,17,8442,True,0.1796934738327584
Placebo,17,8452,True,0.6151565121263411
Placebo,17,8476,True,0.3742605578113143
Placebo,17,8541,True,0.9286024279819313
Placebo,17,8802,True,0.10961484203628843
Placebo,17,8816,True,0.0
Placebo,17,8852,True,0.0
Placebo,17,9099,True,0.24655055544758622
Placebo,17,9479,True,0.0
Placebo,17,9625,False,0.0
Placebo,17,96,True,0.0
Placebo,17,171,True,0.5021121485794131
Placebo,17,328,True,0.0
Placebo,17,387,True,0.049941400570997205
Placebo,17,754,False,0.0
Placebo,17,983,True,0.43245378206770874
Placebo,17,1039,True,0.36923379472667667
Placebo,17,1098,True,0.3306819147274758
Placebo,17,1120,True,0.0
Placebo,17,1275,True,0.2363450015933466
Placebo,17,1343,True,0.36540043492069785
Placebo,17,1483,True,0.165794591380572
Placebo,17,2005,True,0.20248323207250618
Placebo,17,2048,True,0.5811380384984667
Placebo,17,2379,True,0.5584767558705483
Placebo,17,2516,True,0.5763243185072411
Placebo,17,2601,True,0.29690674165543324
Placebo,17,3210,True,0.27107387597760224
Placebo,17,3601,True,0.0
Placebo,17,3729,True,0.40893498174900456
Placebo,17,3832,True,0.5045031685828507
Placebo,17,4104,True,0.12217637418940484
Placebo,17,4286,True,0.24953716306460771
Placebo,17,4329,True,0.1849535222114937
Placebo,17,4553,True,0.170719671719712
Placebo,17,4790,True,0.3052348839397012
Placebo,17,4844,True,0.0
Placebo,17,4994,True,0.0776895369576595
Placebo,17,5020,True,0.3861284402248028
Placebo,17,5293,True,0.463075962907243
Placebo,17,5338,True,0.545436286715844
Placebo,17,5343,True,0.23332116087283322
Placebo,17,5464,True,0.0979076477631462
Placebo,17,5560,True,0.48996711528013925
Placebo,17,5719,True,0.41857013150869316
Placebo,17,6055,True,0.20904936749052636
Placebo,17,6121,True,0.6362961310373869
Placebo,17,6128,True,0.1222260944107594
Placebo,17,6197,True,0.24766868506585815
Placebo,17,6336,True,0.45551103468413745
Placebo,17,6577,True,0.6212669951462761
Placebo,17,6717,True,0.0
Placebo,17,6906,True,0.0
Placebo,17,8550,True,0.2184074368181643
Placebo,17,8576,True,0.5189767785827271
Placebo,17,8790,True,0.0
Placebo,17,8840,False,0.0
Placebo,17,8878,True,0.35850547012903733
Placebo,17,9337,True,0.32272854265772744
Placebo,17,9501,True,0.4726668380086192
Placebo,17,9512,False,0.0
Placebo,17,45,True,0.08421358772610593
Placebo,17,199,True,0.393758437646072
Placebo,17,458,True,0.6909801685791618
Placebo,17,564,True,0.7613495171871463
Placebo,17,717,True,0.0
Placebo,17,1109,True,0.432948119662666
Placebo,17,1576,True,0.0
Placebo,17,1711,False,0.0
Placebo,17,1868,True,0.30657359638272924
Placebo,17,1942,True,0.535950064136036
Placebo,17,2001,True,0.0
Placebo,17,2217,True,0.1343030124847651
Placebo,17,2354,True,0.14381317485706366
Placebo,17,2761,True,0.10699313236726382
Placebo,17,2980,True,0.24606676862874832
Placebo,17,3021,True,0.397355640766173
Placebo,17,3030,True,0.7039180890341348
Placebo,17,3046,True,0.3686461718868285
Placebo,17,3050,True,0.5958852516181385
Placebo,17,3288,True,0.31937678980487205
Placebo,17,3302,True,0.480351754320185
Placebo,17,3794,True,0.21561019356751263
Placebo,17,3920,True,0.5208601320209864
Placebo,17,3965,True,0.1120201798687313
Placebo,17,4193,True,0.29077568690560257
Placebo,17,4294,True,0.05317996833292039
Placebo,17,4383,True,0.35233669627600644
Placebo,17,4474,True,0.20778411473733654
Placebo,17,5068,True,0.6403089930936582
Placebo,17,5258,True,0.0
Placebo,17,5306,True,0.6893916693379676
Placebo,17,5323,True,0.5422976019896145
Placebo,17,5421,True,0.7085303067457527
Placebo,17,5766,True,0.6321787255914059
Placebo,17,5877,True,0.0
Placebo,17,5887,True,0.46596101243692956
Placebo,17,6126,True,0.24167995749615986
Placebo,17,6190,True,0.4967842505205303
Placebo,17,6224,True,0.4373524791503101
Placebo,17,6465,True,0.0
Placebo,17,6853,True,0.09382844813642041
Placebo,17,6949,True,0.3743797812384041
Placebo,17,7107,True,0.0576901476090013
Placebo,17,7240,True,0.0
Placebo,17,7937,True,0.6403089930936582
Placebo,17,8015,True,0.03972853971638369
Placebo,17,8066,True,0.2747901872398633
Placebo,17,8202,True,0.2671481940454263
Placebo,17,8321,True,0.21151468764797043
Placebo,17,9222,True,0.06779095235709008
Placebo,17,9453,True,0.6510364738533974
Placebo,17,73,True,0.06888798605498092
Placebo,17,390,True,0.35496454905137526
Placebo,17,424,True,0.0
Placebo,17,715,True,0.3671296128051708
Placebo,17,915,True,0.07839826897867538
Placebo,17,1579,True,0.2711881641376404
Placebo,17,1643,True,0.13147168936665218
Placebo,17,1679,True,0.5004704342188543
Placebo,17,1982,True,0.17318663334822615
Placebo,17,2027,True,0.4959785125146913
Placebo,17,2211,True,0.0
Placebo,17,2228,True,0.1222260944107594
Placebo,17,2352,True,0.0
Placebo,17,2520,True,0.34576563783899283
Placebo,17,2573,True,0.09478836436955075
Placebo,17,2630,True,0.4380987283577609
Placebo,17,2666,True,0.10330985802388687
Placebo,17,2745,True,0.11366150026645366
Placebo,17,3149,True,0.3972496773125751
Placebo,17,3369,True,0.08659331667411307
Placebo,17,3617,True,0.4468883496769958
Placebo,17,3862,True,0.0
Placebo,17,4124,True,0.21255580887339257
Placebo,17,4218,True,0.30105661542637235
Placebo,17,4268,True,0.5331271117271945
Placebo,17,4452,True,0.0
Placebo,17,4522,True,0.549618847742277
Placebo,17,4784,True,0.9652843890316114
Placebo,17,5139,True,0.19519002499605084
Placebo,17,5438,True,0.19987959570520844
Placebo,17,5565,True,0.049941400570997205
Placebo,17,5684,True,0.5705818917639051
Placebo,17,5775,True,0.7385567757549499
Placebo,17,6110,True,0.3426305315322219
Placebo,17,6488,True,0.0
Placebo,17,6590,True,0.20875345823772995
Placebo,17,6793,True,0.45816086232736347
Placebo,17,7090,True,0.3250584551943483
Placebo,17,7112,True,0.7105596593727584
Placebo,17,7167,True,0.4856885765522412
Placebo,17,7287,True,0.5079627510162853
Placebo,17,7370,True,0.265800534498968
Placebo,17,7547,True,0.10293618450406901
Placebo,17,7589,True,0.16195671984435944
Placebo,17,7622,True,0.0
Placebo,17,7640,False,0.0
Placebo,17,7757,True,0.0776895369576595
Placebo,17,8162,True,0.6635013030837413
Placebo,17,8508,True,0.2528847364210068
Placebo,17,8597,True,0.5795824271243485
Placebo,17,8771,True,0.0
Placebo,17,288,True,0.36687058386056204
Placebo,17,635,True,0.5944046319254248
Placebo,17,654,True,0.06232532315595917
Placebo,17,699,True,0.13698471029831177
Placebo,17,743,True,0.25409729753868143
Placebo,17,946,True,0.0
Placebo,17,976,True,0.0
Placebo,17,1144,True,0.6243517046037025
Placebo,17,1187,True,0.20093189221829497
Placebo,17,1384,True,0.30846844961870695
Placebo,17,1415,True,0.5093348319697889
Placebo,17,1443,True,0.3405965038943487
Placebo,17,1629,True,0.24456727103393547
Placebo,17,1684,True,0.07624856587828488
Placebo,17,1802,True,0.0
Placebo,17,1914,True,0.538043271828197
Placebo,17,2046,True,0.0
Placebo,17,2071,True,0.3109371413204626
Placebo,17,2340,True,0.15917007559337124
Placebo,17,2749,True,0.45215393798764786
Placebo,17,3517,True,0.3923918011698461
Placebo,17,3758,True,0.21291896831790166
Placebo,17,4110,True,0.09255462423496406
Placebo,17,4111,True,0.0
Placebo,17,4144,True,0.2681935640500025
Placebo,17,5021,True,0.0
Placebo,17,5032,True,0.36565560212633513
Placebo,17,5096,True,0.4268480957432598
Placebo,17,5109,True,0.7358159850219587
Placebo,17,5114,True,0.06978419164318803
Placebo,17,5977,True,0.0
Placebo,17,5984,True,0.42030891980709906
Placebo,17,6353,True,0.5458056829435812
Placebo,17,6373,True,0.5005828596732812
Placebo,17,6539,True,0.0
Placebo,17,6554,True,0.6385388089778655
Placebo,17,6884,True,0.0
Placebo,17,6955,True,0.14200061170255476
Placebo,17,7020,True,0.23308979229558116
Placebo,17,7029,True,0.22245896432844894
Placebo,17,7280,True,0.06043081324555962
Placebo,17,7394,True,0.18627978887573396
Placebo,17,7795,True,0.4939279772378568
Placebo,17,8108,True,0.3979478965435962
Placebo,17,8560,True,0.3281129033068459
Placebo,17,8632,True,0.36231257381777393
Placebo,17,8657,True,0.08097835992217972
Placebo,17,8777,True,0.6187578163715308
Placebo,17,9151,True,0.30884925628618964
Placebo,17,9609,True,0.5774012385090496
Placebo,18,102,True,0.771133064123778
Placebo,18,314,True,0.5622864323039425
Placebo,18,1068,True,0.3169876906535987
Placebo,18,1525,True,0.13567475897131237
Placebo,18,1795,True,0.4411798835555866
Placebo,18,1929,True,0.5646848807190971
Placebo,18,1931,True,0.1100458831490401
Placebo,18,1991,True,0.12122913927828413
Placebo,18,2528,True,0.3681695829091897
Placebo,18,2697,True,0.4291523093416863
Placebo,18,2834,True,0.4627911506496607
Placebo,18,2845,True,0.35261840352737406
Placebo,18,3031,True,0.19463558685123605
Placebo,18,3250,True,0.16715955042411448
Placebo,18,3308,True,0.2343704026514881
Placebo,18,3402,True,0.1737718177713733
Placebo,18,3426,True,0.0
Placebo,18,3449,True,0.4460703344484885
Placebo,18,3756,True,0.2172607128522299
Placebo,18,4141,True,0.5514492293382469
Placebo,18,4210,True,0.454664697597083
Placebo,18,4516,True,0.0
Placebo,18,4692,True,0.0
Placebo,18,4700,True,0.1803895185407797
Placebo,18,4910,False,0.0
Placebo,18,4962,True,0.3542454231505417
Placebo,18,5275,True,0.29192633205650376
Placebo,18,5671,True,0.3633515505470335
Placebo,18,5683,True,0.40782355541564297
Placebo,18,6067,True,0.3906556025867462
Placebo,18,6378,True,0.3958531670948341
Placebo,18,6495,True,0.4485310474701694
Placebo,18,6868,True,0.5376037671469234
Placebo,18,6880,True,0.6266663440467903
Placebo,18,7144,True,0.1474737286008475
Placebo,18,7413,True,0.5068617923248099
Placebo,18,7526,True,0.17342765698823942
Placebo,18,7531,True,0.09546043308946738
Placebo,18,7577,True,0.0
Placebo,18,7621,True,0.40760111160664425
Placebo,18,8198,True,0.38270463458821014
Placebo,18,8442,True,0.24472611185282564
Placebo,18,8452,True,0.43214881505055913
Placebo,18,8476,True,0.5529010695369707
Placebo,18,8541,True,0.6410457898283651
Placebo,18,8802,True,0.1890570933316362
Placebo,18,8816,True,0.0
Placebo,18,8852,True,0.0
Placebo,18,9099,True,0.09478836436955075
Placebo,18,9479,True,0.0
Placebo,18,9625,False,0.0
Placebo,18,96,True,0.0
Placebo,18,171,True,0.7107673422698554
Placebo,18,328,True,0.13905617951077567
Placebo,18,387,True,0.07491210085649577
Placebo,18,754,False,0.0
Placebo,18,983,True,0.4944946794309641
Placebo,18,1039,True,0.6934332374955172
Placebo,18,1098,True,0.3564604579404264
Placebo,18,1120,True,0.26406812257259077
Placebo,18,1275,True,0.36413344107093465
Placebo,18,1343,True,0.0
Placebo,18,1483,True,0.285808271029089
Placebo,18,2005,True,0.4035015715464804
Placebo,18,2048,True,0.4731016825963601
Placebo,18,2379,True,0.5428040791261286
Placebo,18,2516,True,0.43311541820731414
Placebo,18,2601,True,0.2857363750075318
Placebo,18,3210,True,0.11827734209913184
Placebo,18,3601,True,0.0
Placebo,18,3729,True,0.3684728670670355
Placebo,18,3832,True,0.4957904333102469
Placebo,18,4104,True,0.33097056207157377
Placebo,18,4286,True,0.5774097600193361
Placebo,18,4329,True,0.08732647230908619
Placebo,18,4553,True,0.09019475927038985
Placebo,18,4790,True,0.0
Placebo,18,4844,True,0.1414421736865224
Placebo,18,4994,True,0.06978419164318803
Placebo,18,5020,True,0.5699515561921614
Placebo,18,5293,True,0.3891495295209361
Placebo,18,5338,True,0.6657746492361116
Placebo,18,5343,True,0.36818379382321115
Placebo,18,5464,True,0.11167572089045447
Placebo,18,5560,True,0.4282245771418341
Placebo,18,5719,True,0.3148140787404853
Placebo,18,6055,True,0.19781808561065742
Placebo,18,6121,True,0.8132596613438976
Placebo,18,6128,True,0.15423215925316422
Placebo,18,6197,True,0.10879768361308867
Placebo,18,6336,True,0.4987292830926416
Placebo,18,6577,True,0.5302477005663088
Placebo,18,6717,True,0.18465110945919555
Placebo,18,6906,True,1.0
Placebo,18,8550,True,0.18457569677956798
Placebo,18,8576,True,0.5602350605887753
Placebo,18,8790,True,0.0
Placebo,18,8840,False,0.0
Placebo,18,8878,True,0.34382495374876326
Placebo,18,9337,True,0.2580790554984392
Placebo,18,9501,True,0.6611595158072424
Placebo,18,9512,False,0.0
Placebo,18,45,True,0.1933336292748043
Placebo,18,199,True,0.36284762021041433
Placebo,18,458,True,0.5790263314078133
Placebo,18,564,True,0.6708235003504504
Placebo,18,717,True,0.35707647659639197
Placebo,18,1109,True,0.5756693720236673
Placebo,18,1576,True,0.26582598262939583
Placebo,18,1711,False,0.0
Placebo,18,1868,True,0.0
Placebo,18,1942,True,0.4213180257242438
Placebo,18,2001,True,0.13956838328637605
Placebo,18,2217,True,0.0
Placebo,18,2354,True,0.31153700486049585
Placebo,18,2761,True,0.22290869782240574
Placebo,18,2980,True,0.2796810452392426
Placebo,18,3021,True,0.4141027062459086
Placebo,18,3030,True,0.6049306994552043
Placebo,18,3046,True,0.4148693557666079
Placebo,18,3050,True,0.4484308727215083
Placebo,18,3288,True,0.38242673791473003
Placebo,18,3302,True,0.40096475304492113
Placebo,18,3794,True,0.20790495081754917
Placebo,18,3920,True,0.4287715734309597
Placebo,18,3965,True,0.4416592790374072
Placebo,18,4193,True,0.32211206262084796
Placebo,18,4294,True,0.36794492785807026
Placebo,18,4383,True,0.5148328995708732
Placebo,18,4474,True,0.18267585826390226
Placebo,18,5068,True,0.2784805894273036
Placebo,18,5258,True,0.0
Placebo,18,5306,True,0.5858058523803259
Placebo,18,5323,True,0.7100870433733542
Placebo,18,5421,True,0.7124433618464339
Placebo,18,5766,True,0.7628527534557237
Placebo,18,5877,True,0.0
Placebo,18,5887,True,0.32361149688878255
Placebo,18,6126,True,0.2917883373452058
Placebo,18,6190,True,0.690238269807152
Placebo,18,6224,True,0.09833639916734033
Placebo,18,6465,True,0.0
Placebo,18,6853,True,0.05229012460606506
Placebo,18,6949,True,0.43829661829610045
Placebo,18,7107,True,0.0
Placebo,18,7240,True,0.0
Placebo,18,7937,True,0.31897898882378684
Placebo,18,8015,True,0.19147227441447257
Placebo,18,8066,True,0.280461513176285
Placebo,18,8202,True,0.4102713066836624
Placebo,18,8321,True,0.489990882561474
Placebo,18,9222,True,0.0
Placebo,18,9453,True,0.8135067330062491
Placebo,18,73,True,0.2040309014516491
Placebo,18,390,True,0.43435710360882157
Placebo,18,424,True,0.2463023887407299
Placebo,18,715,True,0.6156615240889746
Placebo,18,915,True,0.5043456916807345
Placebo,18,1579,True,0.2898127527177952
Placebo,18,1643,True,0.13777597210996173
Placebo,18,1679,True,0.45442541455916974
Placebo,18,1982,True,0.22025454622719132
Placebo,18,2027,True,0.5176657892884842
Placebo,18,2211,True,0.3026024134988135
Placebo,18,2228,True,0.047283507740116394
Placebo,18,2352,True,0.0
Placebo,18,2520,True,0.26023456985349314
Placebo,18,2573,True,0.08514311764162101
Placebo,18,2630,True,0.5048226233639649
Placebo,18,2666,True,0.34957693473606366
Placebo,18,2745,True,0.2252920449542607
Placebo,18,3149,True,0.34294797809543964
Placebo,18,3369,True,0.351562091717311
Placebo,18,3617,True,0.221976838923192
Placebo,18,3862,True,0.0
Placebo,18,4124,True,0.45421639460223345
Placebo,18,4218,True,0.3734944091374728
Placebo,18,4268,True,0.5305489370163188
Placebo,18,4452,True,0.1303237659103706
Placebo,18,4522,True,0.6034142221853585
Placebo,18,4784,True,0.7193280472464483
Placebo,18,5139,True,0.0
Placebo,18,5438,True,0.387051309388987
Placebo,18,5565,True,0.057959913024345
Placebo,18,5684,True,0.3994298521693759
Placebo,18,5775,True,0.5141863642577489
Placebo,18,6110,True,0.1975900384821843
Placebo,18,6488,True,0.0
Placebo,18,6590,True,0.4793377360488995
Placebo,18,6793,True,0.42806633764396723
Placebo,18,7090,True,0.16042955156295455
Placebo,18,7112,True,0.7265182317227566
Placebo,18,7167,True,0.6984478812361347
Placebo,18,7287,True,0.5417272792346594
Placebo,18,7370,True,0.25093057794715773
Placebo,18,7547,True,0.5897581976048103
Placebo,18,7589,True,0.048753830672500074
Placebo,18,7622,True,0.06219294124838742
Placebo,18,7640,False,0.0
Placebo,18,7757,True,0.11381311447980796
Placebo,18,8162,True,0.6035960095467996
Placebo,18,8508,True,0.22415199495126517
Placebo,18,8597,True,0.41761952140402475
Placebo,18,8771,True,0.0
Placebo,18,288,True,0.5458561258962579
Placebo,18,635,True,0.13721119702529347
Placebo,18,654,True,0.27281008645228755
Placebo,18,699,True,0.11695351174109685
Placebo,18,743,True,0.5216141973499163
Placebo,18,946,True,0.0
Placebo,18,976,True,0.08274602130531994
Placebo,18,1144,True,0.6226061338977165
Placebo,18,1187,True,0.2920553047887556
Placebo,18,1384,True,0.0
Placebo,18,1415,True,0.22108863808054022
Placebo,18,1443,True,0.4437417864742691
Placebo,18,1629,True,0.21428160689773637
Placebo,18,1684,True,0.07414861528507459
Placebo,18,1802,True,0.12438588249677485
Placebo,18,1914,True,0.3777427530971332
Placebo,18,2046,True,0.0
Placebo,18,2071,True,0.35371420029652617
Placebo,18,2340,True,0.1951893700446828
Placebo,18,2749,True,0.3761920142156463
Placebo,18,3517,True,0.3855387431280598
Placebo,18,3758,True,0.2669507571941387
Placebo,18,4110,True,0.2870965046587138
Placebo,18,4111,True,0.11838279295536289
Placebo,18,4144,True,0.054446697840052224
Placebo,18,5021,True,0.03972853971638369
Placebo,18,5032,True,0.6687622257013303
Placebo,18,5096,True,0.07711607962658217
Placebo,18,5109,True,0.48030260696948485
Placebo,18,5114,True,0.23253378338733757
Placebo,18,5977,True,0.0
Placebo,18,5984,True,0.4372382076480656
Placebo,18,6353,True,0.35364783142365663
Placebo,18,6373,True,0.36955162092599025
Placebo,18,6539,True,0.0
Placebo,18,6554,True,0.5718773893990403
Placebo,18,6884,True,0.0
Placebo,18,6955,True,0.057290000967676585
Placebo,18,7020,True,0.44301097349528173
Placebo,18,7029,True,0.34015844241940185
Placebo,18,7280,True,0.20620162292402267
Placebo,18,7394,True,0.2845160782937059
Placebo,18,7795,True,0.4416046340940072
Placebo,18,8108,True,0.7948833326720566
Placebo,18,8560,True,0.4299535461712904
Placebo,18,8632,True,0.39898242313977184
Placebo,18,8657,True,0.13240437438171412
Placebo,18,8777,True,0.421678561590321
Placebo,18,9151,True,0.2529427027676572
Placebo,18,9609,True,0.6168295842361275
Placebo,19,102,True,0.7153485787153466
Placebo,19,314,True,0.4038581118735897
Placebo,19,1068,True,0.38696973594874223
Placebo,19,1525,True,0.111790044842754
Placebo,19,1795,True,0.46695651762268814
Placebo,19,1929,True,0.5382191357855998
Placebo,19,1931,True,0.35774356177053784
Placebo,19,1991,True,0.07037133610231527
Placebo,19,2528,True,0.747584598575019
Placebo,19,2697,True,0.32982315169846926
Placebo,19,2834,True,0.18706060066081712
Placebo,19,2845,True,0.42937883382931347
Placebo,19,3031,True,0.24358693057145034
Placebo,19,3250,True,0.36891785169377356
Placebo,19,3308,True,0.20120591642999483
Placebo,19,3402,True,0.17280430617228196
Placebo,19,3426,True,0.37171798348963675
Placebo,19,3449,True,0.5969799867491995
Placebo,19,3756,True,0.09478836436955075
Placebo,19,4141,True,0.582010712310031
Placebo,19,4210,True,0.21942358495327008
Placebo,19,4516,True,0.0
Placebo,19,4692,True,0.0
Placebo,19,4700,True,0.12983380180421736
Placebo,19,4910,False,0.0
Placebo,19,4962,True,0.6021422327178483
Placebo,19,5275,True,0.1617990115782307
Placebo,19,5671,True,0.43742218319339393
Placebo,19,5683,True,0.4809824177416224
Placebo,19,6067,True,0.4927532715649275
Placebo,19,6378,True,0.5352664343267548
Placebo,19,6495,True,0.5325509961329224
Placebo,19,6868,True,0.6334708774317854
Placebo,19,6880,True,0.22715813336803758
Placebo,19,7144,True,0.3843973922909775
Placebo,19,7413,True,0.2664686317888818
Placebo,19,7526,True,0.4979483851947945
Placebo,19,7531,True,0.0
Placebo,19,7577,True,0.0
Placebo,19,7621,True,0.37570420335138743
Placebo,19,8198,True,0.48512607585499257
Placebo,19,8442,True,0.0
Placebo,19,8452,True,0.6079776418772006
Placebo,19,8476,True,0.3558547747480238
Placebo,19,8541,True,0.6713897886561435
Placebo,19,8802,True,0.1965103686039109
Placebo,19,8816,True,0.32904336447728993
Placebo,19,8852,True,0.0
Placebo,19,9099,True,0.0733639220993601
Placebo,19,9479,True,0.0
Placebo,19,9625,False,0.0
Placebo,19,96,True,0.0
Placebo,19,171,True,0.4635452274129972
Placebo,19,328,True,0.13012668333070063
Placebo,19,387,True,0.04330890684638207
Placebo,19,754,False,0.0
Placebo,19,983,True,0.36416130567491145
Placebo,19,1039,True,0.4951480781116974
Placebo,19,1098,True,0.19794921598484602
Placebo,19,1120,True,0.0
Placebo,19,1275,True,0.5090271860083047
Placebo,19,1343,True,0.2570506325465056
Placebo,19,1483,True,0.15183849369780056
Placebo,19,2005,True,0.2095972811529183
Placebo,19,2048,True,0.5251494162981377
Placebo,19,2379,True,0.6503705839147972
Placebo,19,2516,True,0.4873275333578147
Placebo,19,2601,True,0.11729384386117872
Placebo,19,3210,True,0.2981073401118004
Placebo,19,3601,True,0.0
Placebo,19,3729,True,0.2606527774022326
Placebo,19,3832,True,0.4943909102026316
Placebo,19,4104,True,0.053368457452889664
Placebo,19,4286,True,0.4716766755376026
Placebo,19,4329,True,0.1449043760061551
Placebo,19,4553,True,0.06425604298318159
Placebo,19,4790,True,0.13305201013572898
Placebo,19,4844,True,0.0
Placebo,19,4994,True,0.2260872188399591
Placebo,19,5020,True,0.2920354557733812
Placebo,19,5293,True,0.2647735190565719
Placebo,19,5338,True,0.7507138221373081
Placebo,19,5343,True,0.2206331371837027
Placebo,19,5464,True,0.27046830488487683
Placebo,19,5560,True,0.2152107468751323
Placebo,19,5719,True,0.2830563787613534
Placebo,19,6055,True,0.3675540416412887
Placebo,19,6121,True,0.640326914182719
Placebo,19,6128,True,0.11609379195404045
Placebo,19,6197,True,0.22968272055555694
Placebo,19,6336,True,0.2840277533693153
Placebo,19,6577,True,0.44309678458002827
Placebo,19,6717,True,0.0
Placebo,19,6906,True,0.0
Placebo,19,8550,True,0.0
Placebo,19,8576,True,0.7627039242193163
Placebo,19,8790,True,0.0
Placebo,19,8840,False,0.0
Placebo,19,8878,True,0.43629323812092163
Placebo,19,9337,True,0.0
Placebo,19,9501,True,0.44691152671702916
Placebo,19,9512,False,0.0
Placebo,19,45,True,0.17796717146275914
Placebo,19,199,True,0.18756024140091643
Placebo,19,458,True,0.523571849423904
Placebo,19,564,True,0.8948750883487672
Placebo,19,717,True,0.2172607128522299
Placebo,19,1109,True,0.6988361164315836
Placebo,19,1576,True,0.08860866087646532
Placebo,19,1711,False,0.0
Placebo,19,1868,True,0.3868528072345415
Placebo,19,1942,True,0.22015530087492688
Placebo,19,2001,True,0.06012983951359326
Placebo,19,2217,True,0.15701975147580824
Placebo,19,2354,True,0.5034560402272791
Placebo,19,2761,True,0.10699313236726382
Placebo,19,2980,True,0.1100458831490401
Placebo,19,3021,True,0.49812023663805677
Placebo,19,3030,True,0.46927872602275655
Placebo,19,3046,True,0.1834960310520358
Placebo,19,3050,True,0.6005922487337736
Placebo,19,3288,True,0.37741194800666406
Placebo,19,3302,True,0.3317065036264129
Placebo,19,3794,True,0.16021130921247506
Placebo,19,3920,True,0.6991454239188167
Placebo,19,3965,True,0.2645791428697622
Placebo,19,4193,True,0.3357144797573227
Placebo,19,4294,True,0.05803685066534001
Placebo,19,4383,True,0.4602135126741976
Placebo,19,4474,True,0.0
Placebo,19,5068,True,0.47309557341236885
Placebo,19,5258,True,0.0
Placebo,19,5306,True,0.5159865870142935
Placebo,19,5323,True,0.5354691374308627
Placebo,19,5421,True,0.8577753243841306
Placebo,19,5766,True,0.37187444628717287
Placebo,19,5877,True,0.26330640657393883
Placebo,19,5887,True,0.377870100940974
Placebo,19,6126,True,0.0
Placebo,19,6190,True,0.5308468641207318
Placebo,19,6224,True,0.171989555600749
Placebo,19,6465,True,0.0
Placebo,19,6853,True,0.0
Placebo,19,6949,True,0.23368955924018675
Placebo,19,7107,True,0.0
Placebo,19,7240,True,0.0
Placebo,19,7937,True,0.552852457872812
Placebo,19,8015,True,0.08274602130531994
Placebo,19,8066,True,0.3087429960491562
Placebo,19,8202,True,0.6651778658673667
Placebo,19,8321,True,0.5116510879227167
Placebo,19,9222,True,0.1568320424001434
Placebo,19,9453,True,0.5809342854301216
Placebo,19,73,True,0.42593535114166764
Placebo,19,390,True,0.4365702872146918
Placebo,19,424,True,0.0
Placebo,19,715,True,0.40357155485496804
Placebo,19,915,True,0.2959728618370979
Placebo,19,1579,True,0.47349685469392366
Placebo,19,1643,True,0.22288166366064696
Placebo,19,1679,True,0.3492455040066478
Placebo,19,1982,True,0.08514311764162101
Placebo,19,2027,True,0.2971921687613573
Placebo,19,2211,True,0.2719785076304419
Placebo,19,2228,True,0.1695096021508758
Placebo,19,2352,True,0.0
Placebo,19,2520,True,0.1927901990664553
Placebo,19,2573,True,0.2394408568026151
Placebo,19,2630,True,0.5256406584127904
Placebo,19,2666,True,0.2567592759698231
Placebo,19,2745,True,0.08445731374495839
Placebo,19,3149,True,0.38224592167998384
Placebo,19,3369,True,0.09478836436955075
Placebo,19,3617,True,0.39439753385311926
Placebo,19,3862,True,0.0
Placebo,19,4124,True,0.22495792260865716
Placebo,19,4218,True,0.34419291283289777
Placebo,19,4268,True,0.6794771050858174
Placebo,19,4452,True,0.1008674711662712
Placebo,19,4522,True,0.504993689476322
Placebo,19,4784,True,0.5642910596010492
Placebo,19,5139,True,0.0
Placebo,19,5438,True,0.29160144530105064
Placebo,19,5565,True,0.09452854666581813
Placebo,19,5684,True,0.31006135040480753
Placebo,19,5775,True,0.4775044032080689
Placebo,19,6110,True,0.12767884920751535
Placebo,19,6488,True,0.0
Placebo,19,6590,True,0.6240916359177672
Placebo,19,6793,True,0.45505356254017343
Placebo,19,7090,True,0.33236382756302324
Placebo,19,7112,True,0.3178042803241918
Placebo,19,7167,True,0.6386973059445337
Placebo,19,7287,True,0.448055345665233
Placebo,19,7370,True,0.15446267109709905
Placebo,19,7547,True,0.1962145806145371
Placebo,19,7589,True,0.13112020306690736
Placebo,19,7622,True,0.25788510210742593
Placebo,19,7640,False,0.0
Placebo,19,7757,True,0.0543026559841585
Placebo,19,8162,True,0.5515487984518666
Placebo,19,8508,True,0.09162544430476369
Placebo,19,8597,True,0.6005571263383878
Placebo,19,8771,True,0.12315119437036504
Placebo,19,288,True,0.5086394169703672
Placebo,19,635,True,0.31999334314619166
Placebo,19,654,True,0.0
Placebo,19,699,True,0.2908200608006746
Placebo,19,743,True,0.45728995670456263
Placebo,19,946,True,0.0
Placebo,19,976,True,0.2748763329142909
Placebo,19,1144,True,0.6380908411398829
Placebo,19,1187,True,0.34194017256896525
Placebo,19,1384,True,0.0
Placebo,19,1415,True,0.5222866345936933
Placebo,19,1443,True,0.2197846452325133
Placebo,19,1629,True,0.26493555298127525
Placebo,19,1684,True,0.2498150414213419
Placebo,19,1802,True,0.0
Placebo,19,1914,True,0.5943114326863205
Placebo,19,2046,True,0.0
Placebo,19,2071,True,0.138668507531181
Placebo,19,2340,True,0.0
Placebo,19,2749,True,0.46311605943080997
Placebo,19,3517,True,0.5710232417520654
Placebo,19,3758,True,0.0
Placebo,19,4110,True,0.08759319939069708
Placebo,19,4111,True,0.19907356548691615
Placebo,19,4144,True,0.25580393968382487
Placebo,19,5021,True,0.2528847364210068
Placebo,19,5032,True,0.518494763243062
Placebo,19,5096,True,0.26667575167325036
Placebo,19,5109,True,0.6939193804029083
Placebo,19,5114,True,0.0
Placebo,19,5977,True,0.4306765580733929
Placebo,19,5984,True,0.3654976881725904
Placebo,19,6353,True,0.45451377183753294
Placebo,19,6373,True,0.4112079006613535
Placebo,19,6539,True,0.0
Placebo,19,6554,True,0.6126220185161586
Placebo,19,6884,True,0.0
Placebo,19,6955,True,0.06173745244815712
Placebo,19,7020,True,0.5230830719369093
Placebo,19,7029,True,0.2659979713502556
Placebo,19,7280,True,0.12983380180421736
Placebo,19,7394,True,0.4431184344827142
Placebo,19,7795,True,0.5451432331026504
Placebo,19,8108,True,0.13422751785877127
Placebo,19,8560,True,0.632492536354732
Placebo,19,8632,True,0.27243305092727343
Placebo,19,8657,True,0.2107105505168595
Placebo,19,8777,True,0.7865833708043043
Placebo,19,9151,True,0.16045757497326918
Placebo,19,9609,True,0.30770311379311954
Placebo,20,102,True,0.5615326351168813
Placebo,20,314,True,0.41920614218032554
Placebo,20,1068,True,0.3852498139547055
Placebo,20,1525,True,0.21114453638011388
Placebo,20,1795,True,0.49600328325651166
Placebo,20,1929,True,0.5343492504594666
Placebo,20,1931,True,0.1100458831490401
Placebo,20,1991,True,0.24785168600182902
Placebo,20,2528,True,0.35880672834762345
Placebo,20,2697,True,0.49328314233095216
Placebo,20,2834,True,0.31989434775736253
Placebo,20,2845,True,0.4194953483810426
Placebo,20,3031,True,0.24195996259353733
Placebo,20,3250,True,0.35106644952777233
Placebo,20,3308,True,0.08879873949105595
Placebo,20,3402,True,0.2163964316212162
Placebo,20,3426,True,0.0
Placebo,20,3449,True,0.4815872526388412
Placebo,20,3756,True,0.1794771050858174
Placebo,20,4141,True,0.5419207435721285
Placebo,20,4210,True,0.3474813671253559
Placebo,20,4516,True,0.16750130443695224
Placebo,20,4692,True,0.0
Placebo,20,4700,True,0.18618449947292748
Placebo,20,4910,False,0.0
Placebo,20,4962,True,0.5429046461892434
Placebo,20,5275,True,0.14014455815503968
Placebo,20,5671,True,0.4210481018032328
Placebo,20,5683,True,0.5380578754735185
Placebo,20,6067,True,0.39983191495125103
Placebo,20,6378,True,0.4211243309696067
Placebo,20,6495,True,0.6254238344235681
Placebo,20,6868,True,0.6279449847421603
Placebo,20,6880,True,0.5635139343738763
Placebo,20,7144,True,0.12438588249677485
Placebo,20,7413,True,0.5269453888516559
Placebo,20,7526,True,0.09162544430476369
Placebo,20,7531,True,0.10529491297955329
Placebo,20,7577,True,0.0
Placebo,20,7621,True,0.21412376417367182
Placebo,20,8198,True,0.159054318175663
Placebo,20,8442,True,0.29159873176484224
Placebo,20,8452,True,0.6790577723658189
Placebo,20,8476,True,0.1964749405262801
Placebo,20,8541,True,0.40483905714852086
Placebo,20,8802,True,0.10962735030186617
Placebo,20,8816,True,0.3394999157341979
Placebo,20,8852,True,0.0
Placebo,20,9099,True,0.31354599390926136
Placebo,20,9479,True,0.0
Placebo,20,9625,False,0.0
Placebo,20,96,True,0.0
Placebo,20,171,True,0.48414133713453705
Placebo,20,328,True,0.13012668333070063
Placebo,20,387,True,0.10063273078579874
Placebo,20,754,False,0.0
Placebo,20,983,True,0.32244353990967733
Placebo,20,1039,True,0.5553426615067275
Placebo,20,1098,True,0.3942456978115857
Placebo,20,1120,True,0.20438239758848625
Placebo,20,1275,True,0.4647549984617569
Placebo,20,1343,True,0.1370609749338599
Placebo,20,1483,True,0.10522418635725407
Placebo,20,2005,True,0.0
Placebo,20,2048,True,0.7321553924874491
Placebo,20,2379,True,0.6046140403677259
Placebo,20,2516,True,0.5420488769690113
Placebo,20,2601,True,0.19637138613960234
Placebo,20,3210,True,0.48834981797087756
Placebo,20,3601,True,0.0
Placebo,20,3729,True,0.29436984451302844
Placebo,20,3832,True,0.44695360109592924
Placebo,20,4104,True,0.14714707447490347
Placebo,20,4286,True,0.5103446672196938
Placebo,20,4329,True,0.07834851647149517
Placebo,20,4553,True,0.11120921322406253
Placebo,20,4790,True,0.17184834569607274
Placebo,20,4844,True,0.0
Placebo,20,4994,True,0.1803895185407797
Placebo,20,5020,True,0.6475014426800114
Placebo,20,5293,True,0.3233447348712402
Placebo,20,5338,True,0.6322066669352977
Placebo,20,5343,True,0.19607892399204324
Placebo,20,5464,True,0.14996822422330564
Placebo,20,5560,True,0.4683363730611434
Placebo,20,5719,True,0.3516226427001525
Placebo,20,6055,True,0.39011497181753785
Placebo,20,6121,True,0.583460911342523
Placebo,20,6128,True,0.0611130472053797
Placebo,20,6197,True,0.15060216192020956
Placebo,20,6336,True,0.6558515660926214
Placebo,20,6577,True,0.7044257382233926
Placebo,20,6717,True,0.0
Placebo,20,6906,True,1.0
Placebo,20,8550,True,0.0
Placebo,20,8576,True,0.3098242909130235
Placebo,20,8790,True,0.0
Placebo,20,8840,False,0.0
Placebo,20,8878,True,0.19587129117873786
Placebo,20,9337,True,0.11381311447980796
Placebo,20,9501,True,0.5979245827157955
Placebo,20,9512,False,0.0
Placebo,20,45,True,0.2146120424052756
Placebo,20,199,True,0.1794771050858174
Placebo,20,458,True,0.7031915323329885
Placebo,20,564,True,0.7926473962466422
Placebo,20,717,True,0.2200917662980802
Placebo,20,1109,True,0.8172583760964099
Placebo,20,1576,True,0.26582598262939583
Placebo,20,1711,False,0.0
Placebo,20,1868,True,0.0
Placebo,20,1942,True,0.480673923822842
Placebo,20,2001,True,0.11120921322406253
Placebo,20,2217,True,0.17540864017326496
Placebo,20,2354,True,0.45835420568167884
Placebo,20,2761,True,0.16958010263680806
Placebo,20,2980,True,0.07588109553901774
Placebo,20,3021,True,0.3591879468278369
Placebo,20,3030,True,0.32358669697378795
Placebo,20,3046,True,0.4951928568313507
Placebo,20,3050,True,0.7198018058515745
Placebo,20,3288,True,0.321082070961507
Placebo,20,3302,True,0.30012329798961423
Placebo,20,3794,True,0.13912722371845906
Placebo,20,3920,True,0.4354886892596943
Placebo,20,3965,True,0.22904494617774424
Placebo,20,4193,True,0.29515562974022047
Placebo,20,4294,True,0.0
Placebo,20,4383,True,0.3218396125419013
Placebo,20,4474,True,0.2114713151202571
Placebo,20,5068,True,0.20511666732794348
Placebo,20,5258,True,0.0
Placebo,20,5306,True,0.6677306153302421
Placebo,20,5323,True,0.5598850560519805
Placebo,20,5421,True,0.8529037574339262
Placebo,20,5766,True,0.5579820587336858
Placebo,20,5877,True,0.21913986409100855
Placebo,20,5887,True,0.4501956230589572
Placebo,20,6126,True,0.1909208661789346
Placebo,20,6190,True,0.6114030138129822
Placebo,20,6224,True,0.41153259956303256
Placebo,20,6465,True,0.0
Placebo,20,6853,True,0.45965625702757423
Placebo,20,6949,True,0.24346709370223554
Placebo,20,7107,True,0.04681599109282455
Placebo,20,7240,True,0.4485926299726215
Placebo,20,7937,True,0.6386221531257452
Placebo,20,8015,True,0.488032529618914
Placebo,20,8066,True,0.3548813000707996
Placebo,20,8202,True,0.36811682513465893
Placebo,20,8321,True,0.20426795921289784
Placebo,20,9222,True,0.19031326377064928
Placebo,20,9453,True,0.6855173652343679
Placebo,20,73,True,0.13777597210996184
Placebo,20,390,True,0.5901481659965986
Placebo,20,424,True,0.11284514134893517
Placebo,20,715,True,0.5398243265551474
Placebo,20,915,True,0.26462022272743835
Placebo,20,1579,True,0.23574157096955387
Placebo,20,1643,True,0.06442942916813864
Placebo,20,1679,True,0.41652921779860275
Placebo,20,1982,True,0.0
Placebo,20,2027,True,0.32629327936646235
Placebo,20,2211,True,0.0
Placebo,20,2228,True,0.34700728562500266
Placebo,20,2352,True,0.18457569677956798
Placebo,20,2520,True,0.4524642524771059
Placebo,20,2573,True,0.14465249243306436
Placebo,20,2630,True,0.4424598849858223
Placebo,20,2666,True,0.15293625714824824
Placebo,20,2745,True,0.14787702119882576
Placebo,20,3149,True,0.4723395868344003
Placebo,20,3369,True,0.21034863239767182
Placebo,20,3617,True,0.39994401038595123
Placebo,20,3862,True,0.22754083620157634
Placebo,20,4124,True,0.5672057442988584
Placebo,20,4218,True,0.5952085136136285
Placebo,20,4268,True,0.5693396393830638
Placebo,20,4452,True,0.0
Placebo,20,4522,True,0.42439324361674935
Placebo,20,4784,True,0.699636683010503
Placebo,20,5139,True,0.0
Placebo,20,5438,True,0.6646252960239393
Placebo,20,5565,True,0.09667736429927173
Placebo,20,5684,True,0.3832152995704014
Placebo,20,5775,True,0.47525808945915893
Placebo,20,6110,True,0.0984700362449109
Placebo,20,6488,True,0.0
Placebo,20,6590,True,0.22026003531052432
Placebo,20,6793,True,0.371140102079814
Placebo,20,7090,True,0.30722253792108106
Placebo,20,7112,True,0.6651596792056489
Placebo,20,7167,True,0.4550845051300647
Placebo,20,7287,True,0.49306370718097703
Placebo,20,7370,True,0.11374652787710128
Placebo,20,7547,True,0.19602998040580386
Placebo,20,7589,True,0.05583786044522723
Placebo,20,7622,True,0.0
Placebo,20,7640,False,0.0
Placebo,20,7757,True,0.1981227467971986
Placebo,20,8162,True,0.6918165764591884
Placebo,20,8508,True,0.0
Placebo,20,8597,True,0.5121231592645752
Placebo,20,8771,True,0.0
Placebo,20,288,True,0.6644740700509942
Placebo,20,635,True,0.20780874033831193
Placebo,20,654,True,0.0
Placebo,20,699,True,0.4621081306656372
Placebo,20,743,True,0.34688593059054146
Placebo,20,946,True,0.0
Placebo,20,976,True,0.0
Placebo,20,1144,True,0.7969942999203723
Placebo,20,1187,True,0.7244633304268944
Placebo,20,1384,True,0.41397040301851673
Placebo,20,1415,True,0.7253222968595154
Placebo,20,1443,True,0.2746452544224
Placebo,20,1629,True,0.12714995682677807
Placebo,20,1684,True,0.0
Placebo,20,1802,True,0.2336129789561379
Placebo,20,1914,True,0.2149801803479932
Placebo,20,2046,True,0.0
Placebo,20,2071,True,0.08109814315541357
Placebo,20,2340,True,0.041525761049921964
Placebo,20,2749,True,0.35559797755458084
Placebo,20,3517,True,0.4451399761657958
Placebo,20,3758,True,0.22856515691355014
Placebo,20,4110,True,0.3399243205538299
Placebo,20,4111,True,0.10633668103022988
Placebo,20,4144,True,0.6263823065576731
Placebo,20,5021,True,0.08671382849411978
Placebo,20,5032,True,0.4692140438125639
Placebo,20,5096,True,0.18446554287806066
Placebo,20,5109,True,0.5982926401211958
Placebo,20,5114,True,0.06978419164318803
Placebo,20,5977,True,0.0
Placebo,20,5984,True,0.2539432055791939
Placebo,20,6353,True,0.6300241322533773
Placebo,20,6373,True,0.4206432775963119
Placebo,20,6539,True,0.0
Placebo,20,6554,True,0.6328214436085898
Placebo,20,6884,True,0.0
Placebo,20,6955,True,0.0
Placebo,20,7020,True,0.39213105371839874
Placebo,20,7029,True,0.22925201174023274
Placebo,20,7280,True,0.2346921745249382
Placebo,20,7394,True,0.10644692083071636
Placebo,20,7795,True,0.5022468580550535
Placebo,20,8108,True,0.18844415212771548
Placebo,20,8560,True,0.34531448915767726
Placebo,20,8632,True,0.6112935197353416
Placebo,20,8657,True,0.2281589070352165
Placebo,20,8777,True,0.8170770472760615
Placebo,20,9151,True,0.0
Placebo,20,9609,True,0.4847119890255186
Placebo,21,102,True,0.5200759620288794
Placebo,21,314,True,0.3305665174013368
Placebo,21,1068,True,0.2098586188260202
Placebo,21,1525,True,0.10306149181636623
Placebo,21,1795,True,0.6931119367812576
Placebo,21,1929,True,0.5283185368327978
Placebo,21,1931,True,0.2211934130148128
Placebo,21,1991,True,0.3785331198495492
Placebo,21,2528,True,0.5051636481488556
Placebo,21,2697,True,0.4042618645214595
Placebo,21,2834,True,0.3553130810376608
Placebo,21,2845,True,0.46481700501792295
Placebo,21,3031,True,0.034215520932372095
Placebo,21,3250,True,0.49295379907765613
Placebo,21,3308,True,0.1951893700446828
Placebo,21,3402,True,0.12741733550370726
Placebo,21,3426,True,0.06156831509208421
Placebo,21,3449,True,0.31229418715433366
Placebo,21,3756,True,0.0733639220993601
Placebo,21,4141,True,0.6535038770588713
Placebo,21,4210,True,0.32502606349703334
Placebo,21,4516,True,0.12757236323450558
Placebo,21,4692,True,0.0
Placebo,21,4700,True,0.17394295399340123
Placebo,21,4910,False,0.0
Placebo,21,4962,True,0.12081212777797648
Placebo,21,5275,True,0.09020315758404246
Placebo,21,5671,True,0.3800126995173235
Placebo,21,5683,True,0.403921499251673
Placebo,21,6067,True,0.6351254347111495
Placebo,21,6378,True,0.545332158522699
Placebo,21,6495,True,0.5090443288141164
Placebo,21,6868,True,0.5174125642697954
Placebo,21,6880,True,0.31743585940593755
Placebo,21,7144,True,0.45822755805119003
Placebo,21,7413,True,0.6085198694441223
Placebo,21,7526,True,0.21000823726012657
Placebo,21,7531,True,0.0
Placebo,21,7577,True,0.0
Placebo,21,7621,True,0.44918331013996976
Placebo,21,8198,True,0.2679106837672247
Placebo,21,8442,True,0.11909949848829145
Placebo,21,8452,True,0.401678103444281
Placebo,21,8476,True,0.22762622895961593
Placebo,21,8541,True,0.7888113099099133
Placebo,21,8802,True,0.17211777476040205
Placebo,21,8816,True,0.3268899477093948
Placebo,21,8852,True,0.3800937667159343
Placebo,21,9099,True,0.25329540411053186
Placebo,21,9479,True,0.2184074368181643
Placebo,21,9625,False,0.0
Placebo,21,96,True,0.0
Placebo,21,171,True,0.49218280314465956
Placebo,21,328,True,0.0
Placebo,21,387,True,0.0
Placebo,21,754,False,0.0
Placebo,21,983,True,0.18561615954230956
Placebo,21,1039,True,0.5070108895497646
Placebo,21,1098,True,0.3872843667142751
Placebo,21,1120,True,0.0
Placebo,21,1275,True,0.36594906120930143
Placebo,21,1343,True,0.11002574107570615
Placebo,21,1483,True,0.10962735030186617
Placebo,21,2005,True,0.15840915256850244
Placebo,21,2048,True,0.6661090041555717
Placebo,21,2379,True,0.36791707709895805
Placebo,21,2516,True,0.5438202628802452
Placebo,21,2601,True,0.16195671984435944
Placebo,21,3210,True,0.1501939724892417
Placebo,21,3601,True,0.11284514134893517
Placebo,21,3729,True,0.5106769991711585
Placebo,21,3832,True,0.5413101017376534
Placebo,21,4104,True,0.287527129576547
Placebo,21,4286,True,0.2773258230282727
Placebo,21,4329,True,0.13869916163937124
Placebo,21,4553,True,0.0
Placebo,21,4790,True,0.0
Placebo,21,4844,True,0.0
Placebo,21,4994,True,0.13329414356969077
Placebo,21,5020,True,0.6985838420479437
Placebo,21,5293,True,0.15149447328034032
Placebo,21,5338,True,0.607269045647598
Placebo,21,5343,True,0.2267232628412205
Placebo,21,5464,True,0.1555977953721475
Placebo,21,5560,True,0.4780019961428535
Placebo,21,5719,True,0.4977207300951161
Placebo,21,6055,True,0.47293279348325773
Placebo,21,6121,True,0.3776044528884311
Placebo,21,6128,True,0.2472479706325219
Placebo,21,6197,True,0.2985285138738379
Placebo,21,6336,True,0.6617846608438858
Placebo,21,6577,True,0.48668806784826874
Placebo,21,6717,True,0.7525583045803862
Placebo,21,6906,True,0.0
Placebo,21,8550,True,0.20438239758848625
Placebo,21,8576,True,0.4933600562996057
Placebo,21,8790,True,0.0
Placebo,21,8840,False,0.0
Placebo,21,8878,True,0.4043220965049594
Placebo,21,9337,True,0.1419455799408411
Placebo,21,9501,True,0.7291094597382564
Placebo,21,9512,False,0.0
Placebo,21,45,True,0.28593699031628683
Placebo,21,199,True,0.1421353189934067
Placebo,21,458,True,0.6586189511213196
Placebo,21,564,True,0.5860228482538451
Placebo,21,717,True,0.06943122193677731
Placebo,21,1109,True,0.5052399653175578
Placebo,21,1576,True,0.17721732175293065
Placebo,21,1711,False,0.0
Placebo,21,1868,True,0.26406812257259077
Placebo,21,1942,True,0.31882340176739377
Placebo,21,2001,True,0.09019475927038985
Placebo,21,2217,True,0.0774353479780061
Placebo,21,2354,True,0.3144826347656321
Placebo,21,2761,True,0.10699313236726382
Placebo,21,2980,True,0.0
Placebo,21,3021,True,0.4961956996063326
Placebo,21,3030,True,0.46927872602275655
Placebo,21,3046,True,0.2031449367286184
Placebo,21,3050,True,0.47581836529026883
Placebo,21,3288,True,0.3695832889846911
Placebo,21,3302,True,0.18971138927017508
Placebo,21,3794,True,0.30846844961870695
Placebo,21,3920,True,0.2704303183807305
Placebo,21,3965,True,0.4113339960543873
Placebo,21,4193,True,0.11458000193535317
Placebo,21,4294,True,0.18397246392903513
Placebo,21,4383,True,0.39701581508278466
Placebo,21,4474,True,0.12828055830938542
Placebo,21,5068,True,0.5423640154200349
Placebo,21,5258,True,0.06210685669229227
Placebo,21,5306,True,0.6197109759285638
Placebo,21,5323,True,0.5809342854301216
Placebo,21,5421,True,0.860759705286348
Placebo,21,5766,True,0.7358599668149972
Placebo,21,5877,True,0.15554459300470053
Placebo,21,5887,True,0.4033507199369346
Placebo,21,6126,True,0.0
Placebo,21,6190,True,0.5950283833694335
Placebo,21,6224,True,0.2179788448664403
Placebo,21,6465,True,0.1008674711662712
Placebo,21,6853,True,0.1414471451858161
Placebo,21,6949,True,0.4834429445654387
Placebo,21,7107,True,0.321830180794004
Placebo,21,7240,True,0.0
Placebo,21,7937,True,0.43277250919634924
Placebo,21,8015,True,0.18908270233554983
Placebo,21,8066,True,0.2138590342310977
Placebo,21,8202,True,0.4430784808931819
Placebo,21,8321,True,0.522834696634947
Placebo,21,9222,True,0.0
Placebo,21,9453,True,0.5783581500630032
Placebo,21,73,True,0.0
Placebo,21,390,True,0.34041843684890366
Placebo,21,424,True,0.0
Placebo,21,715,True,0.709829333494894
Placebo,21,915,True,0.1427951440361374
Placebo,21,1579,True,0.27716659255042836
Placebo,21,1643,True,0.0
Placebo,21,1679,True,0.3809829125445917
Placebo,21,1982,True,0.1427951440361374
Placebo,21,2027,True,0.3126831168510804
Placebo,21,2211,True,0.0
Placebo,21,2228,True,0.2444521888215188
Placebo,21,2352,True,0.0
Placebo,21,2520,True,0.3688517761882173
Placebo,21,2573,True,0.2172607128522299
Placebo,21,2630,True,0.7161590661354973
Placebo,21,2666,True,0.16861651660047014
Placebo,21,2745,True,0.07647334291395605
Placebo,21,3149,True,0.3453727109687239
Placebo,21,3369,True,0.07489792049837204
Placebo,21,3617,True,0.5876185511357546
Placebo,21,3862,True,0.11377041810078817
Placebo,21,4124,True,0.24249936418270693
Placebo,21,4218,True,0.3451319466961192
Placebo,21,4268,True,0.5283044883632295
Placebo,21,4452,True,0.0
Placebo,21,4522,True,0.3846806621166958
Placebo,21,4784,True,0.7133950591712609
Placebo,21,5139,True,0.11284514134893517
Placebo,21,5438,True,0.5379803493912321
Placebo,21,5565,True,0.04510157879202123
Placebo,21,5684,True,0.7594806419456269
Placebo,21,5775,True,0.7000949683025057
Placebo,21,6110,True,0.3654477752977705
Placebo,21,6488,True,0.0
Placebo,21,6590,True,0.37830653192833874
Placebo,21,6793,True,0.2893978301127862
Placebo,21,7090,True,0.2859010772167762
Placebo,21,7112,True,0.6286636895929466
Placebo,21,7167,True,0.5087832747877524
Placebo,21,7287,True,0.6706924236600618
Placebo,21,7370,True,0.28117845727764385
Placebo,21,7547,True,0.41405658752738617
Placebo,21,7589,True,0.05398557328145317
Placebo,21,7622,True,0.0543026559841585
Placebo,21,7640,False,0.0
Placebo,21,7757,True,0.2040078737501979
Placebo,21,8162,True,0.7461409419938962
Placebo,21,8508,True,0.0
Placebo,21,8597,True,0.5002271884626772
Placebo,21,8771,True,0.0
Placebo,21,288,True,0.5948153311701491
Placebo,21,635,True,0.2852132695632593
Placebo,21,654,True,0.0
Placebo,21,699,True,0.168519502041155
Placebo,21,743,True,0.294603459294592
Placebo,21,946,True,0.0
Placebo,21,976,True,0.0
Placebo,21,1144,True,0.7287988819425351
Placebo,21,1187,True,0.38447166448252457
Placebo,21,1384,True,0.21561019356751263
Placebo,21,1415,True,0.5802132299984808
Placebo,21,1443,True,0.20202109217751948
Placebo,21,1629,True,0.2811415511366635
Placebo,21,1684,True,0.07075576072108053
Placebo,21,1802,True,0.18258362345386597
Placebo,21,1914,True,0.3804518040005473
Placebo,21,2046,True,0.0
Placebo,21,2071,True,0.3454527508963952
Placebo,21,2340,True,0.1775974789821119
Placebo,21,2749,True,0.26723135982818114
Placebo,21,3517,True,0.8052765716852099
Placebo,21,3758,True,0.03858303713187615
Placebo,21,4110,True,0.2071765203885687
Placebo,21,4111,True,0.18579376046299725
Placebo,21,4144,True,0.08879873949105595
Placebo,21,5021,True,0.2748763329142909
Placebo,21,5032,True,0.33866748939451125
Placebo,21,5096,True,0.0
Placebo,21,5109,True,0.639472682562856
Placebo,21,5114,True,0.108605311968317
Placebo,21,5977,True,0.0
Placebo,21,5984,True,0.5423104660350346
Placebo,21,6353,True,0.5281422153917936
Placebo,21,6373,True,0.5825710854114733
Placebo,21,6539,True,0.0
Placebo,21,6554,True,0.6307651091026591
Placebo,21,6884,True,0.0
Placebo,21,6955,True,0.19031326377064928
Placebo,21,7020,True,0.4343636463855911
Placebo,21,7029,True,0.057484716641728835
Placebo,21,7280,True,0.17394295399340123
Placebo,21,7394,True,0.3639868246637757
Placebo,21,7795,True,0.5579281584434329
Placebo,21,8108,True,0.2200917662980802
Placebo,21,8560,True,0.5084163853835588
Placebo,21,8632,True,0.5524722352170922
Placebo,21,8657,True,0.10218331334064325
Placebo,21,8777,True,0.6976572306440796
Placebo,21,9151,True,0.0
Placebo,21,9609,True,0.5321408435198609
Placebo,22,102,True,0.809259850420721
Placebo,22,314,True,0.36928024687756583
Placebo,22,1068,True,0.32693401751934165
Placebo,22,1525,True,0.10682294517075774
Placebo,22,1795,True,0.43810651241104015
Placebo,22,1929,True,0.30707863999697316
Placebo,22,1931,True,0.06362078819895167
Placebo,22,1991,True,0.31834015118674247
Placebo,22,2528,True,0.4917594279332447
Placebo,22,2697,True,0.30673350699445723
Placebo,22,2834,True,0.5832427217154207
Placebo,22,2845,True,0.35303231487720854
Placebo,22,3031,True,0.3050679749293812
Placebo,22,3250,True,0.27336396223914816
Placebo,22,3308,True,0.4718531924444517
Placebo,22,3402,True,0.0
Placebo,22,3426,True,0.16347782479468273
Placebo,22,3449,True,0.5368967519427105
Placebo,22,3756,True,0.17366667134799177
Placebo,22,4141,True,0.5144082803622573
Placebo,22,4210,True,0.44015784232386307
Placebo,22,4516,True,0.08953522546122739
Placebo,22,4692,True,0.0
Placebo,22,4700,True,0.1854186432062672
Placebo,22,4910,False,0.0
Placebo,22,4962,True,0.6809047493604335
Placebo,22,5275,True,0.32397732352470265
Placebo,22,5671,True,0.19375145118301842
Placebo,22,5683,True,0.6374262439183125
Placebo,22,6067,True,0.512490133750791
Placebo,22,6378,True,0.5473941821847754
Placebo,22,6495,True,0.44859636355782523
Placebo,22,6868,True,0.5928390978234916
Placebo,22,6880,True,0.46930903957854475
Placebo,22,7144,True,0.20177638458500602
Placebo,22,7413,True,0.5123186451567661
Placebo,22,7526,True,0.0
Placebo,22,7531,True,0.0
Placebo,22,7577,True,0.0
Placebo,22,7621,True,0.3055652360268985
Placebo,22,8198,True,0.2572499700425517
Placebo,22,8442,True,0.131992192941818
Placebo,22,8452,True,0.7230324348157243
Placebo,22,8476,True,0.4735998914424665
Placebo,22,8541,True,0.6001116738349882
Placebo,22,8802,True,0.2916031448042845
Placebo,22,8816,True,0.0
Placebo,22,8852,True,0.4796249331362628
Placebo,22,9099,True,0.5067837010870874
Placebo,22,9479,True,0.0
Placebo,22,9625,False,0.0
Placebo,22,96,True,0.0
Placebo,22,171,True,0.49746318149844065
Placebo,22,328,True,0.13012668333070063
Placebo,22,387,True,0.11591982604869
Placebo,22,754,False,0.0
Placebo,22,983,True,0.5729004724084675
Placebo,22,1039,True,0.527704721418624
Placebo,22,1098,True,0.41758987027742656
Placebo,22,1120,True,0.20438239758848625
Placebo,22,1275,True,0.41549320759079345
Placebo,22,1343,True,0.0
Placebo,22,1483,True,0.17618092072722283
Placebo,22,2005,True,0.1951890007906611
Placebo,22,2048,True,0.5739032469706379
Placebo,22,2379,True,0.6205146780219046
Placebo,22,2516,True,0.432345476524757
Placebo,22,2601,True,0.2107105505168595
Placebo,22,3210,True,0.34803542750190275
Placebo,22,3601,True,0.0
Placebo,22,3729,True,0.3521718310624098
Placebo,22,3832,True,0.30883305599438443
Placebo,22,4104,True,0.2823074007490154
Placebo,22,4286,True,0.4386224818271607
Placebo,22,4329,True,0.08372491399919352
Placebo,22,4553,True,0.0
Placebo,22,4790,True,0.1388624438735545
Placebo,22,4844,True,0.0
Placebo,22,4994,True,0.20438028584075155
Placebo,22,5020,True,0.6939193804029083
Placebo,22,5293,True,0.45184091125088205
Placebo,22,5338,True,0.8376103850137728
Placebo,22,5343,True,0.11233168801144569
Placebo,22,5464,True,0.1489993044334678
Placebo,22,5560,True,0.4379575184530846
Placebo,22,5719,True,0.542159976532748
Placebo,22,6055,True,0.17578104585865553
Placebo,22,6121,True,0.45434079931926397
Placebo,22,6128,True,0.29246128608512606
Placebo,22,6197,True,0.30971033050103386
Placebo,22,6336,True,0.4774736903942828
Placebo,22,6577,True,0.3578029183103746
Placebo,22,6717,True,0.20151514190050243
Placebo,22,6906,True,0.0
Placebo,22,8550,True,0.19890440060287856
Placebo,22,8576,True,0.36909431533148845
Placebo,22,8790,True,0.0
Placebo,22,8840,False,0.0
Placebo,22,8878,True,0.2789978623014035
Placebo,22,9337,True,0.1537263397572127
Placebo,22,9501,True,0.6240228926857769
Placebo,22,9512,False,0.0
Placebo,22,45,True,0.2259588934342767
Placebo,22,199,True,0.1610425878239397
Placebo,22,458,True,0.6390990848089755
Placebo,22,564,True,0.7713103870774882
Placebo,22,717,True,0.1951890007906611
Placebo,22,1109,True,0.5991795923741767
Placebo,22,1576,True,0.0
Placebo,22,1711,False,0.0
Placebo,22,1868,True,0.0
Placebo,22,1942,True,0.42941786340951704
Placebo,22,2001,True,0.29420263302058774
Placebo,22,2217,True,0.07328439752622516
Placebo,22,2354,True,0.28799555013159367
Placebo,22,2761,True,0.10209739512291151
Placebo,22,2980,True,0.2200917662980802
Placebo,22,3021,True,0.576468128574124
Placebo,22,3030,True,0.46927872602275655
Placebo,22,3046,True,0.11908248924917611
Placebo,22,3050,True,0.5137007821518879
Placebo,22,3288,True,0.41043237480965167
Placebo,22,3302,True,0.5405759102151814
Placebo,22,3794,True,0.0
Placebo,22,3920,True,0.23124622661270053
Placebo,22,3965,True,0.42600000043464964
Placebo,22,4193,True,0.3542401865635632
Placebo,22,4294,True,0.0
Placebo,22,4383,True,0.5785643963034222
Placebo,22,4474,True,0.10522418635725407
Placebo,22,5068,True,0.3752263817075885
Placebo,22,5258,True,0.0
Placebo,22,5306,True,0.6476199426178226
Placebo,22,5323,True,0.4568298109637869
Placebo,22,5421,True,0.6289376870322464
Placebo,22,5766,True,0.7541849150148884
Placebo,22,5877,True,0.10663316369098569
Placebo,22,5887,True,0.25846870724858095
Placebo,22,6126,True,0.0
Placebo,22,6190,True,0.36810288015443265
Placebo,22,6224,True,0.3990105205153208
Placebo,22,6465,True,0.09546043308946738
Placebo,22,6853,True,0.12050488747439317
Placebo,22,6949,True,0.34223629977049547
Placebo,22,7107,True,0.0
Placebo,22,7240,True,0.0
Placebo,22,7937,True,0.5365535816822093
Placebo,22,8015,True,0.0
Placebo,22,8066,True,0.3992237496218694
Placebo,22,8202,True,0.5881976908755406
Placebo,22,8321,True,0.30453630789988917
Placebo,22,9222,True,0.12782810266318786
Placebo,22,9453,True,0.5826606165115303
Placebo,22,73,True,0.4998625122423377
Placebo,22,390,True,0.7106790818180568
Placebo,22,424,True,0.2463023887407299
Placebo,22,715,True,0.5579189711217823
Placebo,22,915,True,0.20323893375270075
Placebo,22,1579,True,0.6439987500032597
Placebo,22,1643,True,0.0
Placebo,22,1679,True,0.6130567909711252
Placebo,22,1982,True,0.20511666732794348
Placebo,22,2027,True,0.2358731261410297
Placebo,22,2211,True,0.1008674711662712
Placebo,22,2228,True,0.26429964237641446
Placebo,22,2352,True,0.30657359638272924
Placebo,22,2520,True,0.45979739528006275
Placebo,22,2573,True,0.06493750582667032
Placebo,22,2630,True,0.46725073911290277
Placebo,22,2666,True,0.26771843067572615
Placebo,22,2745,True,0.4038780641186157
Placebo,22,3149,True,0.35861093021404405
Placebo,22,3369,True,0.12075810428413547
Placebo,22,3617,True,0.48422335698916186
Placebo,22,3862,True,0.10646464774659972
Placebo,22,4124,True,0.29835729491662766
Placebo,22,4218,True,0.4174098009554548
Placebo,22,4268,True,0.5052777731415461
Placebo,22,4452,True,0.0
Placebo,22,4522,True,0.6772364783852608
Placebo,22,4784,True,0.7320749225218448
Placebo,22,5139,True,0.13012668333070063
Placebo,22,5438,True,0.1793557233350381
Placebo,22,5565,True,0.047264273332909064
Placebo,22,5684,True,0.35485612950808787
Placebo,22,5775,True,0.1951890007906611
Placebo,22,6110,True,0.23695285661503207
Placebo,22,6488,True,0.2748763329142909
Placebo,22,6590,True,0.37830653192833874
Placebo,22,6793,True,0.5961502200646082
Placebo,22,7090,True,0.33718274099544854
Placebo,22,7112,True,0.5563756893913283
Placebo,22,7167,True,0.48719560322107425
Placebo,22,7287,True,0.5821434037714199
Placebo,22,7370,True,0.21768896632317528
Placebo,22,7547,True,0.5033174682706505
Placebo,22,7589,True,0.0
Placebo,22,7622,True,0.12438588249677485
Placebo,22,7640,False,0.0
Placebo,22,7757,True,0.056906557239904024
Placebo,22,8162,True,0.6199604474011904
Placebo,22,8508,True,0.13743816645714546
Placebo,22,8597,True,0.5004694333938108
Placebo,22,8771,True,0.12315119437036504
Placebo,22,288,True,0.5222397151034857
Placebo,22,635,True,0.2836162140548115
Placebo,22,654,True,0.20094002192978333
Placebo,22,699,True,0.2899773651602119
Placebo,22,743,True,0.5350008411868746
Placebo,22,946,True,0.0
Placebo,22,976,True,0.1622031007380873
Placebo,22,1144,True,0.7495601346938879
Placebo,22,1187,True,0.2726771299077652
Placebo,22,1384,True,0.22237716701171106
Placebo,22,1415,True,0.37077992249209235
Placebo,22,1443,True,0.2227539467370151
Placebo,22,1629,True,0.6038700937943909
Placebo,22,1684,True,0.0
Placebo,22,1802,True,0.14449741525454834
Placebo,22,1914,True,0.28005598638336565
Placebo,22,2046,True,0.0
Placebo,22,2071,True,0.38762665419893527
Placebo,22,2340,True,0.046914224068210206
Placebo,22,2749,True,0.29891983459720606
Placebo,22,3517,True,0.536376813560892
Placebo,22,3758,True,0.0
Placebo,22,4110,True,0.3503966008416913
Placebo,22,4111,True,0.07945707943276738
Placebo,22,4144,True,0.5019338399755212
Placebo,22,5021,True,0.2748763329142909
Placebo,22,5032,True,0.36542889752505475
Placebo,22,5096,True,0.19086904047954123
Placebo,22,5109,True,0.639472682562856
Placebo,22,5114,True,0.0
Placebo,22,5977,True,0.4306765580733929
Placebo,22,5984,True,0.3242973568360487
Placebo,22,6353,True,0.6157570617957963
Placebo,22,6373,True,0.5803955002488984
Placebo,22,6539,True,0.0
Placebo,22,6554,True,0.5473745371228738
Placebo,22,6884,True,0.0
Placebo,22,6955,True,0.0
Placebo,22,7020,True,0.27259259431778277
Placebo,22,7029,True,0.2344262317794707
Placebo,22,7280,True,0.0
Placebo,22,7394,True,0.1503245987839831
Placebo,22,7795,True,0.3882277857695513
Placebo,22,8108,True,0.20829366581033182
Placebo,22,8560,True,0.5333988933406699
Placebo,22,8632,True,0.29930115343627184
Placebo,22,8657,True,0.20724554265577907
Placebo,22,8777,True,0.7146611690273347
Placebo,22,9151,True,0.28950112198961214
Placebo,22,9609,True,0.267789938316643
Placebo,23,102,True,0.7671959880363498
Placebo,23,314,True,0.3866195426345435
Placebo,23,1068,True,0.568599890604649
Placebo,23,1525,True,0.09504297936301843
Placebo,23,1795,True,0.31105666194169695
Placebo,23,1929,True,0.5109135881779537
Placebo,23,1931,True,0.031810394099475836
Placebo,23,1991,True,0.5160313397894454
Placebo,23,2528,True,0.6269822975497136
Placebo,23,2697,True,0.37416552661342584
Placebo,23,2834,True,0.3153967054045343
Placebo,23,2845,True,0.544342228626457
Placebo,23,3031,True,0.20103612550894018
Placebo,23,3250,True,0.18645341841384333
Placebo,23,3308,True,0.35735194319214714
Placebo,23,3402,True,0.08494489033580488
Placebo,23,3426,True,0.1217668185919671
Placebo,23,3449,True,0.48311480800740014
Placebo,23,3756,True,0.14876390584057267
Placebo,23,4141,True,0.6045791845874453
Placebo,23,4210,True,0.30021556430805124
Placebo,23,4516,True,0.0
Placebo,23,4692,True,0.0
Placebo,23,4700,True,0.06012983951359326
Placebo,23,4910,False,0.0
Placebo,23,4962,True,0.3915203059513051
Placebo,23,5275,True,0.3016626954107921
Placebo,23,5671,True,0.3588199204596518
Placebo,23,5683,True,0.33574967160008623
Placebo,23,6067,True,0.5636697317851911
Placebo,23,6378,True,0.5643859987035804
Placebo,23,6495,True,0.5100392247933457
Placebo,23,6868,True,0.46588361410557433
Placebo,23,6880,True,0.25341634401378843
Placebo,23,7144,True,0.2613702128680686
Placebo,23,7413,True,0.23325124474057815
Placebo,23,7526,True,0.11838279295536289
Placebo,23,7531,True,0.10137235292674986
Placebo,23,7577,True,0.0
Placebo,23,7621,True,0.23613589470783772
Placebo,23,8198,True,0.3718200489356826
Placebo,23,8442,True,0.11381311447980796
Placebo,23,8452,True,0.40241872179778243
Placebo,23,8476,True,0.38439739229097764
Placebo,23,8541,True,0.7536284914789646
Placebo,23,8802,True,0.2443527483788097
Placebo,23,8816,True,0.12109502691896092
Placebo,23,8852,True,0.3800937667159343
Placebo,23,9099,True,0.15139734109600997
Placebo,23,9479,True,0.18457569677956798
Placebo,23,9625,False,0.0
Placebo,23,96,True,0.0
Placebo,23,171,True,0.507109575447224
Placebo,23,328,True,0.13012668333070063
Placebo,23,387,True,0.3142327743648309
Placebo,23,754,False,0.0
Placebo,23,983,True,0.45485816513470406
Placebo,23,1039,True,0.5366005710851245
Placebo,23,1098,True,0.18205829600333914
Placebo,23,1120,True,0.3868528072345415
Placebo,23,1275,True,0.38196103443945273
Placebo,23,1343,True,0.05501287053785307
Placebo,23,1483,True,0.20585691714305274
Placebo,23,2005,True,0.15176219107803549
Placebo,23,2048,True,0.43199045809229997
Placebo,23,2379,True,0.5625584491250011
Placebo,23,2516,True,0.5601813952479829
Placebo,23,2601,True,0.28230027917564937
Placebo,23,3210,True,0.3841524565796242
Placebo,23,3601,True,0.0
Placebo,23,3729,True,0.36924158826524905
Placebo,23,3832,True,0.27687694855722006
Placebo,23,4104,True,0.19335472859854347
Placebo,23,4286,True,0.4674764271965621
Placebo,23,4329,True,0.18827853542832323
Placebo,23,4553,True,0.1803895185407797
Placebo,23,4790,True,0.3589542101716347
Placebo,23,4844,True,0.0
Placebo,23,4994,True,0.26350162434003327
Placebo,23,5020,True,0.6190015862358799
Placebo,23,5293,True,0.47905821557280587
Placebo,23,5338,True,0.5776160770430571
Placebo,23,5343,True,0.034715610968388655
Placebo,23,5464,True,0.3199778936302299
Placebo,23,5560,True,0.5713544450961416
Placebo,23,5719,True,0.43411932871353537
Placebo,23,6055,True,0.2899773651602119
Placebo,23,6121,True,0.6162200799210042
Placebo,23,6128,True,0.0
Placebo,23,6197,True,0.274568450633473
Placebo,23,6336,True,0.5697015373213814
Placebo,23,6577,True,0.6173405037833032
Placebo,23,6717,True,0.0
Placebo,23,6906,True,0.0
Placebo,23,8550,True,0.1934264036172709
Placebo,23,8576,True,0.5248615116239327
Placebo,23,8790,True,0.0
Placebo,23,8840,False,0.0
Placebo,23,8878,True,0.2974015077627248
Placebo,23,9337,True,0.3104619815059165
Placebo,23,9501,True,0.5482935814453799
Placebo,23,9512,False,0.0
Placebo,23,45,True,0.18385209957122373
Placebo,23,199,True,0.20483424751859086
Placebo,23,458,True,0.6726391880543218
Placebo,23,564,True,0.9305687780632227
Placebo,23,717,True,0.06625422345438896
Placebo,23,1109,True,0.6287964771275701
Placebo,23,1576,True,0.11448501924530573
Placebo,23,1711,False,0.0
Placebo,23,1868,True,0.0
Placebo,23,1942,True,0.49891201205371155
Placebo,23,2001,True,0.0543026559841585
Placebo,23,2217,True,0.0
Placebo,23,2354,True,0.5264374842761644
Placebo,23,2761,True,0.0
Placebo,23,2980,True,0.3052348839397012
Placebo,23,3021,True,0.2718297020949031
Placebo,23,3030,True,0.0
Placebo,23,3046,True,0.4490830225426042
Placebo,23,3050,True,0.6611361245609773
Placebo,23,3288,True,0.45914134010782887
Placebo,23,3302,True,0.3971156687781445
Placebo,23,3794,True,0.2658451575645217
Placebo,23,3920,True,0.26103360478727583
Placebo,23,3965,True,0.5271019808152262
Placebo,23,4193,True,0.12687550918043292
Placebo,23,4294,True,0.11607370133067994
Placebo,23,4383,True,0.4046313800583476
Placebo,23,4474,True,0.2360044266460275
Placebo,23,5068,True,0.17993148201117176
Placebo,23,5258,True,0.0
Placebo,23,5306,True,0.7714905861372502
Placebo,23,5323,True,0.5909390083548477
Placebo,23,5421,True,0.594599926903955
Placebo,23,5766,True,0.44417105637595805
Placebo,23,5877,True,0.15848136135921914
Placebo,23,5887,True,0.26743177833602305
Placebo,23,6126,True,0.0
Placebo,23,6190,True,0.4498486253756841
Placebo,23,6224,True,0.1427951440361374
Placebo,23,6465,True,0.09546043308946738
Placebo,23,6853,True,0.476517654089487
Placebo,23,6949,True,0.4870900602063612
Placebo,23,7107,True,0.05109165667032166
Placebo,23,7240,True,0.0
Placebo,23,7937,True,0.3549279732720143
Placebo,23,8015,True,0.3108658234453849
Placebo,23,8066,True,0.1811582050542142
Placebo,23,8202,True,0.2545551017423284
Placebo,23,8321,True,0.5994576909459745
Placebo,23,9222,True,0.05501287053785307
Placebo,23,9453,True,0.5729758786701049
Placebo,23,73,True,0.29615462344044
Placebo,23,390,True,0.3373027690678066
Placebo,23,424,True,0.3191471544989226
Placebo,23,715,True,0.5151957446560445
Placebo,23,915,True,0.17366667134799177
Placebo,23,1579,True,0.20246886363054098
Placebo,23,1643,True,0.0
Placebo,23,1679,True,0.2756885952439527
Placebo,23,1982,True,0.13305201013572898
Placebo,23,2027,True,0.5915182155333365
Placebo,23,2211,True,0.0981639521278693
Placebo,23,2228,True,0.19435107983361552
Placebo,23,2352,True,0.0
Placebo,23,2520,True,0.4005019114943518
Placebo,23,2573,True,0.06625422345438896
Placebo,23,2630,True,0.4796926693938686
Placebo,23,2666,True,0.27727532587854087
Placebo,23,2745,True,0.13781377135496262
Placebo,23,3149,True,0.5417446034135277
Placebo,23,3369,True,0.09478836436955075
Placebo,23,3617,True,0.4890092468426214
Placebo,23,3862,True,0.2987589624437566
Placebo,23,4124,True,0.49582716941488875
Placebo,23,4218,True,0.4637870359106375
Placebo,23,4268,True,0.5
Placebo,23,4452,True,0.0
Placebo,23,4522,True,0.3406794164218091
Placebo,23,4784,True,0.7904027188470817
Placebo,23,5139,True,0.2463023887407299
Placebo,23,5438,True,0.30286827557736545
Placebo,23,5565,True,0.3121208843078157
Placebo,23,5684,True,0.46554168575824345
Placebo,23,5775,True,0.34445239307233994
Placebo,23,6110,True,0.31977928193250577
Placebo,23,6488,True,0.24377484748737532
Placebo,23,6590,True,0.3945809866503462
Placebo,23,6793,True,0.2609580851664939
Placebo,23,7090,True,0.33305142609881355
Placebo,23,7112,True,0.5948196279912669
Placebo,23,7167,True,0.671412290362014
Placebo,23,7287,True,0.48411992265021997
Placebo,23,7370,True,0.23879610502748017
Placebo,23,7547,True,0.4044542283330713
Placebo,23,7589,True,0.16195671984435944
Placebo,23,7622,True,0.28967740011902576
Placebo,23,7640,False,0.0
Placebo,23,7757,True,0.16200193797209012
Placebo,23,8162,True,0.6309040371135378
Placebo,23,8508,True,0.20509662144948265
Placebo,23,8597,True,0.5183899241110793
Placebo,23,8771,True,0.19519002499605084
Placebo,23,288,True,0.5934603790535525
Placebo,23,635,True,0.3366321887356994
Placebo,23,654,True,0.14235342569002457
Placebo,23,699,True,0.2122263659729146
Placebo,23,743,True,0.37779724664475467
Placebo,23,946,True,0.0
Placebo,23,976,True,0.12071921348091273
Placebo,23,1144,True,0.6632207951099793
Placebo,23,1187,True,0.2814073325762638
Placebo,23,1384,True,0.17013041993971548
Placebo,23,1415,True,0.8275003219639786
Placebo,23,1443,True,0.3402895327069065
Placebo,23,1629,True,0.5507426783993701
Placebo,23,1684,True,0.14829723057014907
Placebo,23,1802,True,0.4053868323480477
Placebo,23,1914,True,0.48048208787097996
Placebo,23,2046,True,0.0
Placebo,23,2071,True,0.44730170644782563
Placebo,23,2340,True,0.0
Placebo,23,2749,True,0.441658681981178
Placebo,23,3517,True,0.5754304152520427
Placebo,23,3758,True,0.03858303713187615
Placebo,23,4110,True,0.3214604724002406
Placebo,23,4111,True,0.0
Placebo,23,4144,True,0.12828173626090406
Placebo,23,5021,True,0.0
Placebo,23,5032,True,0.5712179806876628
Placebo,23,5096,True,0.052639913647579424
Placebo,23,5109,True,0.7188216267781812
Placebo,23,5114,True,0.17471083838405999
Placebo,23,5977,True,0.5
Placebo,23,5984,True,0.2440800952721686
Placebo,23,6353,True,0.4357597997945411
Placebo,23,6373,True,0.3132282216467156
Placebo,23,6539,True,0.0
Placebo,23,6554,True,0.5926437694118214
Placebo,23,6884,True,0.0
Placebo,23,6955,True,0.057290000967676585
Placebo,23,7020,True,0.4808681771169109
Placebo,23,7029,True,0.2581973751251408
Placebo,23,7280,True,0.1803895185407797
Placebo,23,7394,True,0.4200837621675693
Placebo,23,7795,True,0.6650688247235601
Placebo,23,8108,True,0.2899773651602119
Placebo,23,8560,True,0.49488841404991296
Placebo,23,8632,True,0.4655412568218139
Placebo,23,8657,True,0.048753830672500074
Placebo,23,8777,True,0.6721874411268208
Placebo,23,9151,True,0.10893649261775587
Placebo,23,9609,True,0.4775044032080689
Placebo,24,102,True,0.646247534451028
Placebo,24,314,True,0.39453429165918436
Placebo,24,1068,True,0.34060303705763684
Placebo,24,1525,True,0.13963012545783937
Placebo,24,1795,True,0.5497828248619673
Placebo,24,1929,True,0.26621109440925844
Placebo,24,1931,True,0.21801641453242443
Placebo,24,1991,True,0.20296906567564987
Placebo,24,2528,True,0.5329123114640932
Placebo,24,2697,True,0.44079199115892836
Placebo,24,2834,True,0.37809939526289893
Placebo,24,2845,True,0.3149150991689124
Placebo,24,3031,True,0.25774679398143535
Placebo,24,3250,True,0.24455311925197992
Placebo,24,3308,True,0.044399369745528
Placebo,24,3402,True,0.08082888512209942
Placebo,24,3426,True,0.22356771750700258
Placebo,24,3449,True,0.44158855176511447
Placebo,24,3756,True,0.14201905717762706
Placebo,24,4141,True,0.5051929759146426
Placebo,24,4210,True,0.3991831989826337
Placebo,24,4516,True,0.0
Placebo,24,4692,True,0.1596969716198995
Placebo,24,4700,True,0.27379206539338585
Placebo,24,4910,False,0.0
Placebo,24,4962,True,0.2999050316974942
Placebo,24,5275,True,0.2629528101747896
Placebo,24,5671,True,0.20504035226013329
Placebo,24,5683,True,0.3914730766853623
Placebo,24,6067,True,0.42161774378981653
Placebo,24,6378,True,0.4737057090097222
Placebo,24,6495,True,0.5277972165414043
Placebo,24,6868,True,0.5376037671469234
Placebo,24,6880,True,0.3584038955404505
Placebo,24,7144,True,0.0
Placebo,24,7413,True,0.46709299612405775
Placebo,24,7526,True,0.2878426427548026
Placebo,24,7531,True,0.0
Placebo,24,7577,True,0.0
Placebo,24,7621,True,0.08209585309454726
Placebo,24,8198,True,0.4600887403303789
Placebo,24,8442,True,0.338976380038315
Placebo,24,8452,True,0.3891684311129137
Placebo,24,8476,True,0.2552028348494552
Placebo,24,8541,True,0.6483163434399143
Placebo,24,8802,True,0.3426305315322219
Placebo,24,8816,True,0.09452854666581813
Placebo,24,8852,True,0.2197434773205065
Placebo,24,9099,True,0.2583297509898471
Placebo,24,9479,True,0.0
Placebo,24,9625,False,0.0
Placebo,24,96,True,0.46927872602275655
Placebo,24,171,True,0.5423443703581333
Placebo,24,328,True,0.15101961822780524
Placebo,24,387,True,0.1438182967670979
Placebo,24,754,False,0.0
Placebo,24,983,True,0.2602014816586621
Placebo,24,1039,True,0.4448956684609244
Placebo,24,1098,True,0.5324905019097689
Placebo,24,1120,True,0.26406812257259077
Placebo,24,1275,True,0.398709234078485
Placebo,24,1343,True,0.09515663188532464
Placebo,24,1483,True,0.3218565142816429
Placebo,24,2005,True,0.29419248513214735
Placebo,24,2048,True,0.4759955992074916
Placebo,24,2379,True,0.6323101113637192
Placebo,24,2516,True,0.5553415126180735
Placebo,24,2601,True,0.12559130888705552
Placebo,24,3210,True,0.2777874820087537
Placebo,24,3601,True,0.0
Placebo,24,3729,True,0.28061345123055836
Placebo,24,3832,True,0.3470187460897459
Placebo,24,4104,True,0.14982420171299154
Placebo,24,4286,True,0.7388137380758905
Placebo,24,4329,True,0.0
Placebo,24,4553,True,0.17394295399340123
Placebo,24,4790,True,0.0
Placebo,24,4844,True,0.0
Placebo,24,4994,True,0.23313766971380842
Placebo,24,5020,True,0.4968155356987928
Placebo,24,5293,True,0.3161279476916159
Placebo,24,5338,True,0.6818087603677744
Placebo,24,5343,True,0.12265603996522229
Placebo,24,5464,True,0.13950192531885097
Placebo,24,5560,True,0.25399688984631813
Placebo,24,5719,True,0.3985839881807745
Placebo,24,6055,True,0.23244015984200841
Placebo,24,6121,True,0.6097559227025343
Placebo,24,6128,True,0.09456701548023279
Placebo,24,6197,True,0.3321819562833725
Placebo,24,6336,True,0.3755458364887027
Placebo,24,6577,True,0.4810809398559334
Placebo,24,6717,True,0.0
Placebo,24,6906,True,0.0
Placebo,24,8550,True,0.0
Placebo,24,8576,True,0.7492704302448383
Placebo,24,8790,True,0.0
Placebo,24,8840,False,0.0
Placebo,24,8878,True,0.23302004682234415
Placebo,24,9337,True,0.08037478840743743
Placebo,24,9501,True,0.5339669860580232
Placebo,24,9512,False,0.0
Placebo,24,45,True,0.3615927298854623
Placebo,24,199,True,0.0829234182723018
Placebo,24,458,True,0.7198018058515744
Placebo,24,564,True,0.9321572773044168
Placebo,24,717,True,0.1497958409967441
Placebo,24,1109,True,0.4768398033735431
Placebo,24,1576,True,0.26582598262939583
Placebo,24,1711,False,0.0
Placebo,24,1868,True,0.0
Placebo,24,1942,True,0.14385229884132195
Placebo,24,2001,True,0.0
Placebo,24,2217,True,0.0
Placebo,24,2354,True,0.16324864495610833
Placebo,24,2761,True,0.16958010263680806
Placebo,24,2980,True,0.0713975720180687
Placebo,24,3021,True,0.10330985802388687
Placebo,24,3030,True,0.47043303471764275
Placebo,24,3046,True,0.35275812326507017
Placebo,24,3050,True,0.6595476253197833
Placebo,24,3288,True,0.2614846664875932
Placebo,24,3302,True,0.36040701000409414
Placebo,24,3794,True,0.10033167641747531
Placebo,24,3920,True,0.3914375230377576
Placebo,24,3965,True,0.21868988651244606
Placebo,24,4193,True,0.41767794115377965
Placebo,24,4294,True,0.0
Placebo,24,4383,True,0.409286004890109
Placebo,24,4474,True,0.17529485509435971
Placebo,24,5068,True,0.6153304416173961
Placebo,24,5258,True,0.0
Placebo,24,5306,True,0.5695685168779719
Placebo,24,5323,True,0.6446359872978519
Placebo,24,5421,True,0.7708293124277635
Placebo,24,5766,True,0.360520512666744
Placebo,24,5877,True,0.16775076781717607
Placebo,24,5887,True,0.29436109422607354
Placebo,24,6126,True,0.107789154524511
Placebo,24,6190,True,0.4286024279819313
Placebo,24,6224,True,0.2521812021424468
Placebo,24,6465,True,0.0
Placebo,24,6853,True,0.19009706522654493
Placebo,24,6949,True,0.3478638532986682
Placebo,24,7107,True,0.08097835992217972
Placebo,24,7240,True,0.0
Placebo,24,7937,True,0.6698623505528797
Placebo,24,8015,True,0.09791292534996787
Placebo,24,8066,True,0.20877271093718397
Placebo,24,8202,True,0.34191137226343876
Placebo,24,8321,True,0.45698347957849844
Placebo,24,9222,True,0.11732715127377438
Placebo,24,9453,True,0.5727934536790921
Placebo,24,73,True,0.06312301365295118
Placebo,24,390,True,0.3899541168509599
Placebo,24,424,True,0.0
Placebo,24,715,True,0.5958778935345922
Placebo,24,915,True,0.17318663334822615
Placebo,24,1579,True,0.30477540103755457
Placebo,24,1643,True,0.0
Placebo,24,1679,True,0.3895480292035299
Placebo,24,1982,True,0.13305201013572898
Placebo,24,2027,True,0.4518904716589934
Placebo,24,2211,True,0.107789154524511
Placebo,24,2228,True,0.21110863967964377
Placebo,24,2352,True,0.18900105019841942
Placebo,24,2520,True,0.27365115111715976
Placebo,24,2573,True,0.13698471029831177
Placebo,24,2630,True,0.43987514196540856
Placebo,24,2666,True,0.10306149181636623
Placebo,24,2745,True,0.21010215308649555
Placebo,24,3149,True,0.6828025743440652
Placebo,24,3369,True,0.09478836436955075
Placebo,24,3617,True,0.33646091430953295
Placebo,24,3862,True,0.21292929549319944
Placebo,24,4124,True,0.5848205853701438
Placebo,24,4218,True,0.3750346462214116
Placebo,24,4268,True,0.5809138250614432
Placebo,24,4452,True,0.0
Placebo,24,4522,True,0.4470174884508709
Placebo,24,4784,True,0.6692906262705619
Placebo,24,5139,True,0.13905617951077567
Placebo,24,5438,True,0.17670908943366184
Placebo,24,5565,True,0.15667831547677652
Placebo,24,5684,True,0.6254404073192574
Placebo,24,5775,True,0.31488013066763093
Placebo,24,6110,True,0.1383518862094005
Placebo,24,6488,True,0.0
Placebo,24,6590,True,0.4646741225985685
Placebo,24,6793,True,0.3051713923668435
Placebo,24,7090,True,0.26700503776693624
Placebo,24,7112,True,0.8196104814592203
Placebo,24,7167,True,0.35199540355057685
Placebo,24,7287,True,0.4750238627653082
Placebo,24,7370,True,0.22839290967550366
Placebo,24,7547,True,0.44426010774236685
Placebo,24,7589,True,0.0
Placebo,24,7622,True,0.274710481280758
Placebo,24,7640,False,0.0
Placebo,24,7757,True,0.0
Placebo,24,8162,True,0.5337767441807673
Placebo,24,8508,True,0.09162544430476369
Placebo,24,8597,True,0.5222736806874229
Placebo,24,8771,True,0.0
Placebo,24,288,True,0.4320636298707877
Placebo,24,635,True,0.28735720586326774
Placebo,24,654,True,0.12191999153940063
Placebo,24,699,True,0.17366667134799177
Placebo,24,743,True,0.16638161700860649
Placebo,24,946,True,0.0
Placebo,24,976,True,0.0
Placebo,24,1144,True,0.6973042277561822
Placebo,24,1187,True,0.5987361925179131
Placebo,24,1384,True,0.31167799078023056
Placebo,24,1415,True,0.7937839881365925
Placebo,24,1443,True,0.4645210972484108
Placebo,24,1629,True,0.11855869896734009
Placebo,24,1684,True,0.09092803061897885
Placebo,24,1802,True,0.056906557239904024
Placebo,24,1914,True,0.4904491987819882
Placebo,24,2046,True,0.0
Placebo,24,2071,True,0.20435162604464757
Placebo,24,2340,True,0.08879873949105595
Placebo,24,2749,True,0.47883032837652045
Placebo,24,3517,True,0.5220009325838996
Placebo,24,3758,True,0.36735017935257197
Placebo,24,4110,True,0.10741504862350192
Placebo,24,4111,True,0.13743816645714546
Placebo,24,4144,True,0.26434785762429464
Placebo,24,5021,True,0.08671382849411978
Placebo,24,5032,True,0.6340918436904078
Placebo,24,5096,True,0.2444521888215188
Placebo,24,5109,True,0.6369578282401739
Placebo,24,5114,True,0.0
Placebo,24,5977,True,0.0
Placebo,24,5984,True,0.33339193584597104
Placebo,24,6353,True,0.8431889949557061
Placebo,24,6373,True,0.27859570484810126
Placebo,24,6539,True,0.08861964339202381
Placebo,24,6554,True,0.4088459207341662
Placebo,24,6884,True,0.0
Placebo,24,6955,True,0.15244663285300122
Placebo,24,7020,True,0.3699727838027122
Placebo,24,7029,True,0.2460410553411214
Placebo,24,7280,True,0.3699597156824837
Placebo,24,7394,True,0.22642489764728402
Placebo,24,7795,True,0.6199604474011903
Placebo,24,8108,True,0.2172607128522299
Placebo,24,8560,True,0.3645230827430504
Placebo,24,8632,True,0.5940035928358136
Placebo,24,8657,True,0.03185660725510821
Placebo,24,8777,True,0.7767021109431301
Placebo,24,9151,True,0.0
Placebo,24,9609,True,0.3098064936645124
Placebo,25,102,True,0.5346666673821493
Placebo,25,314,True,0.3582787896106811
Placebo,25,1068,True,0.4451182683301563
Placebo,25,1525,True,0.14982420171299154
Placebo,25,1795,True,0.5135566977438514
Placebo,25,1929,True,0.40238576835499923
Placebo,25,1931,True,0.27108847097297983
Placebo,25,1991,True,0.0
Placebo,25,2528,True,0.5934010150544983
Placebo,25,2697,True,0.42699185360804554
Placebo,25,2834,True,0.29926559542503733
Placebo,25,2845,True,0.5241044438962196
Placebo,25,3031,True,0.04048704329239119
Placebo,25,3250,True,0.48480885696336645
Placebo,25,3308,True,0.28769068742025766
Placebo,25,3402,True,0.18352839819571404
Placebo,25,3426,True,0.1617389459461813
Placebo,25,3449,True,0.6800631541306961
Placebo,25,3756,True,0.2895229882348575
Placebo,25,4141,True,0.5932934018653943
Placebo,25,4210,True,0.4748794985026475
Placebo,25,4516,True,0.13306008824935964
Placebo,25,4692,True,0.20151514190050243
Placebo,25,4700,True,0.14710131651029387
Placebo,25,4910,False,0.0
Placebo,25,4962,True,0.2489083270225946
Placebo,25,5275,True,0.1019712944048428
Placebo,25,5671,True,0.3171021546944176
Placebo,25,5683,True,0.5729004724084675
Placebo,25,6067,True,0.1712352890218609
Placebo,25,6378,True,0.5263762634384693
Placebo,25,6495,True,0.5606065274789259
Placebo,25,6868,True,0.5925877701216452
Placebo,25,6880,True,0.40195236233397086
Placebo,25,7144,True,0.2065950671001293
Placebo,25,7413,True,0.4615625231833447
Placebo,25,7526,True,0.35762235421961086
Placebo,25,7531,True,0.0
Placebo,25,7577,True,0.0
Placebo,25,7621,True,0.16295762717998957
Placebo,25,8198,True,0.4345897304402458
Placebo,25,8442,True,0.18413645778837587
Placebo,25,8452,True,0.4807688804334694
Placebo,25,8476,True,0.1419455799408411
Placebo,25,8541,True,0.6029759137755689
Placebo,25,8802,True,0.11789422896273459
Placebo,25,8816,True,0.15905431817566307
Placebo,25,8852,True,0.25339584447728963
Placebo,25,9099,True,0.2279382616777584
Placebo,25,9479,True,0.0
Placebo,25,9625,False,0.0
Placebo,25,96,True,0.1564262420075856
Placebo,25,171,True,0.44469655045171785
Placebo,25,328,True,0.13012668333070063
Placebo,25,387,True,0.13287201388084077
Placebo,25,754,False,0.0
Placebo,25,983,True,0.09955138351535481
Placebo,25,1039,True,0.6250592028140718
Placebo,25,1098,True,0.13781937647125275
Placebo,25,1120,True,0.0
Placebo,25,1275,True,0.3138160840958346
Placebo,25,1343,True,0.0
Placebo,25,1483,True,0.1768200403514423
Placebo,25,2005,True,0.13830142792603042
Placebo,25,2048,True,0.6673199536263186
Placebo,25,2379,True,0.41878013004821807
Placebo,25,2516,True,0.4133427338672579
Placebo,25,2601,True,0.3878765691258814
Placebo,25,3210,True,0.44972810146989634
Placebo,25,3601,True,0.0
Placebo,25,3729,True,0.3679009957610922
Placebo,25,3832,True,0.41316666432600413
Placebo,25,4104,True,0.1658612266196872
Placebo,25,4286,True,0.6193550448595393
Placebo,25,4329,True,0.06794340091829071
Placebo,25,4553,True,0.2942026330205877
Placebo,25,4790,True,0.0
Placebo,25,4844,True,0.0
Placebo,25,4994,True,0.0776895369576595
Placebo,25,5020,True,0.2395261436174374
Placebo,25,5293,True,0.3545107710518319
Placebo,25,5338,True,0.7599918478552211
Placebo,25,5343,True,0.1416162582486331
Placebo,25,5464,True,0.45953933534633656
Placebo,25,5560,True,0.3074759253304424
Placebo,25,5719,True,0.4101986239724767
Placebo,25,6055,True,0.442219594238013
Placebo,25,6121,True,0.45536982477946114
Placebo,25,6128,True,0.2379002138506326
Placebo,25,6197,True,0.284836287596103
Placebo,25,6336,True,0.34083022552031406
Placebo,25,6577,True,0.3284645577206783
Placebo,25,6717,True,0.0
Placebo,25,6906,True,0.0
Placebo,25,8550,True,0.18457569677956798
Placebo,25,8576,True,0.373986375067737
Placebo,25,8790,True,0.0
Placebo,25,8840,False,0.0
Placebo,25,8878,True,0.16917200913059086
Placebo,25,9337,True,0.15806432536509693
Placebo,25,9501,True,0.36335780268156503
Placebo,25,9512,False,0.0
Placebo,25,45,True,0.22216371100699822
Placebo,25,199,True,0.3301376494471203
Placebo,25,458,True,0.7644819225187363
Placebo,25,564,True,0.7997582776867227
Placebo,25,717,True,0.1388624438735545
Placebo,25,1109,True,0.6300196711680986
Placebo,25,1576,True,0.0
Placebo,25,1711,False,0.0
Placebo,25,1868,True,0.1206049945212052
Placebo,25,1942,True,0.5473796799683163
Placebo,25,2001,True,0.0776895369576595
Placebo,25,2217,True,0.46461208786803637
Placebo,25,2354,True,0.39590211068107345
Placebo,25,2761,True,0.0
Placebo,25,2980,True,0.0
Placebo,25,3021,True,0.38379062074515036
Placebo,25,3030,True,0.16716045496620238
Placebo,25,3046,True,0.2624050434720597
Placebo,25,3050,True,0.5667531935305417
Placebo,25,3288,True,0.2139018786455041
Placebo,25,3302,True,0.1755342123340767
Placebo,25,3794,True,0.0
Placebo,25,3920,True,0.38310259277223013
Placebo,25,3965,True,0.2290449461777443
Placebo,25,4193,True,0.31038756438284476
Placebo,25,4294,True,0.0
Placebo,25,4383,True,0.15154101508994128
Placebo,25,4474,True,0.0
Placebo,25,5068,True,0.20248323207250618
Placebo,25,5258,True,0.0
Placebo,25,5306,True,0.6727770198945362
Placebo,25,5323,True,0.4515191983461574
Placebo,25,5421,True,0.6922968862068805
Placebo,25,5766,True,0.4977279279634185
Placebo,25,5877,True,0.0
Placebo,25,5887,True,0.5170376684706122
Placebo,25,6126,True,0.1008674711662712
Placebo,25,6190,True,0.5586356566538022
Placebo,25,6224,True,0.2288669358762219
Placebo,25,6465,True,0.0
Placebo,25,6853,True,0.05013355137207789
Placebo,25,6949,True,0.6303042701689321
Placebo,25,7107,True,0.09984548734282173
Placebo,25,7240,True,0.0
Placebo,25,7937,True,0.6437684113853992
Placebo,25,8015,True,0.14606522074661357
Placebo,25,8066,True,0.3175545152165069
Placebo,25,8202,True,0.21813579913645242
Placebo,25,8321,True,0.3485580657531917
Placebo,25,9222,True,0.1787378762490827
Placebo,25,9453,True,0.4728896653107913
Placebo,25,73,True,0.18809346402717642
Placebo,25,390,True,0.438850738868915
Placebo,25,424,True,0.11284514134893517
Placebo,25,715,True,0.6407798503686065
Placebo,25,915,True,0.22464500137959043
Placebo,25,1579,True,0.31002936695398375
Placebo,25,1643,True,0.0
Placebo,25,1679,True,0.43456511709358797
Placebo,25,1982,True,0.06362078819895167
Placebo,25,2027,True,0.3328143089696766
Placebo,25,2211,True,0.1909208661789346
Placebo,25,2228,True,0.07358744134099243
Placebo,25,2352,True,0.0
Placebo,25,2520,True,0.286058344814838
Placebo,25,2573,True,0.08514311764162101
Placebo,25,2630,True,0.5330774843762316
Placebo,25,2666,True,0.15248845969016306
Placebo,25,2745,True,0.30799932855167017
Placebo,25,3149,True,0.4745108349842007
Placebo,25,3369,True,0.40716953109938053
Placebo,25,3617,True,0.23191666640668043
Placebo,25,3862,True,0.20151514190050257
Placebo,25,4124,True,0.6675901088771364
Placebo,25,4218,True,0.27921469890326467
Placebo,25,4268,True,0.47426162866266736
Placebo,25,4452,True,0.0
Placebo,25,4522,True,0.42234079848616257
Placebo,25,4784,True,0.5935334208652772
Placebo,25,5139,True,0.0
Placebo,25,5438,True,0.34760652726160096
Placebo,25,5565,True,0.09612432663346235
Placebo,25,5684,True,0.4974304856681806
Placebo,25,5775,True,0.3476293915547283
Placebo,25,6110,True,0.159054318175663
Placebo,25,6488,True,0.08671382849411978
Placebo,25,6590,True,0.6260597883372012
Placebo,25,6793,True,0.3990750543594375
Placebo,25,7090,True,0.38498265251474983
Placebo,25,7112,True,0.25380317685963477
Placebo,25,7167,True,0.3934156554968146
Placebo,25,7287,True,0.3917070045680237
Placebo,25,7370,True,0.03858303713187615
Placebo,25,7547,True,0.19991837231536236
Placebo,25,7589,True,0.0
Placebo,25,7622,True,0.3718921699782472
Placebo,25,7640,False,0.0
Placebo,25,7757,True,0.06425604298318159
Placebo,25,8162,True,0.5130598001209459
Placebo,25,8508,True,0.11838279295536289
Placebo,25,8597,True,0.26494912998129627
Placebo,25,8771,True,0.0
Placebo,25,288,True,0.4464203275743116
Placebo,25,635,True,0.2855840444072207
Placebo,25,654,True,0.0
Placebo,25,699,True,0.26873745552689515
Placebo,25,743,True,0.5445027152410764
Placebo,25,946,True,0.1934264036172709
Placebo,25,976,True,0.2558209594125084
Placebo,25,1144,True,0.706979615328547
Placebo,25,1187,True,0.2941996545951774
Placebo,25,1384,True,0.22889314234623928
Placebo,25,1415,True,0.3275260367943232
Placebo,25,1443,True,0.39827675960680153
Placebo,25,1629,True,0.21849714929032651
Placebo,25,1684,True,0.09092803061897885
Placebo,25,1802,True,0.2756331676866385
Placebo,25,1914,True,0.5870736264218052
Placebo,25,2046,True,0.0
Placebo,25,2071,True,0.2299120357267143
Placebo,25,2340,True,0.0
Placebo,25,2749,True,0.27960822914255373
Placebo,25,3517,True,0.1743291326127431
Placebo,25,3758,True,0.25054278752942244
Placebo,25,4110,True,0.13883193635244603
Placebo,25,4111,True,0.44830398990253034
Placebo,25,4144,True,0.18142502635858707
Placebo,25,5021,True,0.0
Placebo,25,5032,True,0.3849611639411665
Placebo,25,5096,True,0.17416732147291702
Placebo,25,5109,True,0.639472682562856
Placebo,25,5114,True,0.11381311447980796
Placebo,25,5977,True,0.4306765580733929
Placebo,25,5984,True,0.34311492489857365
Placebo,25,6353,True,0.5421803543443654
Placebo,25,6373,True,0.2596549329197502
Placebo,25,6539,True,0.0
Placebo,25,6554,True,0.4455862778428293
Placebo,25,6884,True,0.4306765580733929
Placebo,25,6955,True,0.12863609088149652
Placebo,25,7020,True,0.5324256259914082
Placebo,25,7029,True,0.06673768929853467
Placebo,25,7280,True,0.12438588249677485
Placebo,25,7394,True,0.056906557239904024
Placebo,25,7795,True,0.5678427226955832
Placebo,25,8108,True,0.1610425878239397
Placebo,25,8560,True,0.4309568214924779
Placebo,25,8632,True,0.2891358217614254
Placebo,25,8657,True,0.20877271093718397
Placebo,25,8777,True,0.7878716318494017
Placebo,25,9151,True,0.2529427027676572
Placebo,25,9609,True,0.1388624438735545
Placebo,26,102,True,0.6534971725820748
Placebo,26,314,True,0.533148624953497
Placebo,26,1068,True,0.3737089619455462
Placebo,26,1525,True,0.2012654615715974
Placebo,26,1795,True,0.503512494543976
Placebo,26,1929,True,0.47935743007372617
Placebo,26,1931,True,0.0
Placebo,26,1991,True,0.25598453943692046
Placebo,26,2528,True,0.4241315571404713
Placebo,26,2697,True,0.46478708490210213
Placebo,26,2834,True,0.27016911176308545
Placebo,26,2845,True,0.420708196903746
Placebo,26,3031,True,0.4755160346705563
Placebo,26,3250,True,0.26315665738056593
Placebo,26,3308,True,0.2563190975071392
Placebo,26,3402,True,0.13158853940201334
Placebo,26,3426,True,0.28087669994496794
Placebo,26,3449,True,0.4083869178592864
Placebo,26,3756,True,0.15176219107803549
Placebo,26,4141,True,0.37114370293230914
Placebo,26,4210,True,0.5488097089077005
Placebo,26,4516,True,0.0
Placebo,26,4692,True,0.0
Placebo,26,4700,True,0.24785334910617757
Placebo,26,4910,False,0.0
Placebo,26,4962,True,0.2489083270225946
Placebo,26,5275,True,0.18777885408319733
Placebo,26,5671,True,0.34078174647056075
Placebo,26,5683,True,0.4253053632420885
Placebo,26,6067,True,0.5677838914380173
Placebo,26,6378,True,0.5579281584434328
Placebo,26,6495,True,0.6411123223171286
Placebo,26,6868,True,0.6645596387446989
Placebo,26,6880,True,0.17625026975003613
Placebo,26,7144,True,0.5840134492756841
Placebo,26,7413,True,0.4758335836737853
Placebo,26,7526,True,0.41720250447561474
Placebo,26,7531,True,0.0
Placebo,26,7577,True,0.0
Placebo,26,7621,True,0.36921708789195434
Placebo,26,8198,True,0.46341222898656076
Placebo,26,8442,True,0.20767426266892963
Placebo,26,8452,True,0.2788230422249986
Placebo,26,8476,True,0.2501737101839677
Placebo,26,8541,True,0.5154847072421666
Placebo,26,8802,True,0.5495272294827837
Placebo,26,8816,True,0.3862662171187472
Placebo,26,8852,True,0.0
Placebo,26,9099,True,0.5294438830372382
Placebo,26,9479,True,0.0
Placebo,26,9625,False,0.0
Placebo,26,96,True,0.0
Placebo,26,171,True,0.5107611647213347
Placebo,26,328,True,0.0
Placebo,26,387,True,0.12905154301968988
Placebo,26,754,False,0.0
Placebo,26,983,True,0.4721213352936536
Placebo,26,1039,True,0.45485267587027806
Placebo,26,1098,True,0.2539206494315639
Placebo,26,1120,True,0.0
Placebo,26,1275,True,0.26806568729732966
Placebo,26,1343,True,0.09515663188532464
Placebo,26,1483,True,0.2910887121070842
Placebo,26,2005,True,0.22400556151517553
Placebo,26,2048,True,0.46367448438574915
Placebo,26,2379,True,0.5747699963495415
Placebo,26,2516,True,0.5064472934293545
Placebo,26,2601,True,0.20670902888623618
Placebo,26,3210,True,0.26847131458837353
Placebo,26,3601,True,0.0
Placebo,26,3729,True,0.5387325305171619
Placebo,26,3832,True,0.42191895064841084
Placebo,26,4104,True,0.0
Placebo,26,4286,True,0.42350615674399494
Placebo,26,4329,True,0.0
Placebo,26,4553,True,0.06425604298318159
Placebo,26,4790,True,0.10241712375929543
Placebo,26,4844,True,0.0
Placebo,26,4994,True,0.18964484123840086
Placebo,26,5020,True,0.5178188189474456
Placebo,26,5293,True,0.2339564913016536
Placebo,26,5338,True,0.6765718882169047
Placebo,26,5343,True,0.2386015392266144
Placebo,26,5464,True,0.0936319821856491
Placebo,26,5560,True,0.14145044287289196
Placebo,26,5719,True,0.46855814763506193
Placebo,26,6055,True,0.4076520076989966
Placebo,26,6121,True,0.7207319462789092
Placebo,26,6128,True,0.2444521888215188
Placebo,26,6197,True,0.41890140422171446
Placebo,26,6336,True,0.5155837880852996
Placebo,26,6577,True,0.6112961274745852
Placebo,26,6717,True,0.0
Placebo,26,6906,True,0.0
Placebo,26,8550,True,0.0
Placebo,26,8576,True,0.6329682380015366
Placebo,26,8790,True,0.0
Placebo,26,8840,False,0.0
Placebo,26,8878,True,0.25622193634661394
Placebo,26,9337,True,0.12983380180421736
Placebo,26,9501,True,0.6144662859344605
Placebo,26,9512,False,0.0
Placebo,26,45,True,0.1482391292602483
Placebo,26,199,True,0.06943122193677731
Placebo,26,458,True,0.41540369985010683
Placebo,26,564,True,0.8815473456401717
Placebo,26,717,True,0.39956887138389763
Placebo,26,1109,True,0.6408186013656881
Placebo,26,1576,True,0.16004318879660093
Placebo,26,1711,False,0.0
Placebo,26,1868,True,0.0
Placebo,26,1942,True,0.5101069679891417
Placebo,26,2001,True,0.0
Placebo,26,2217,True,0.0
Placebo,26,2354,True,0.2842289772937578
Placebo,26,2761,True,0.0
Placebo,26,2980,True,0.0
Placebo,26,3021,True,0.46777583515708704
Placebo,26,3030,True,0.46927872602275655
Placebo,26,3046,True,0.06265341172228864
Placebo,26,3050,True,0.5737311376716043
Placebo,26,3288,True,0.39853038115746586
Placebo,26,3302,True,0.373761911398424
Placebo,26,3794,True,0.06994375383501338
Placebo,26,3920,True,0.40568642135790906
Placebo,26,3965,True,0.2411741642702572
Placebo,26,4193,True,0.3351116936565725
Placebo,26,4294,True,0.28532737099428035
Placebo,26,4383,True,0.2748712816103695
Placebo,26,4474,True,0.14637039866274829
Placebo,26,5068,True,0.45447937127589255
Placebo,26,5258,True,0.0
Placebo,26,5306,True,0.574903016792951
Placebo,26,5323,True,0.5493162240130425
Placebo,26,5421,True,0.7190446379425085
Placebo,26,5766,True,0.6871061361424972
Placebo,26,5877,True,0.0
Placebo,26,5887,True,0.3014536306272938
Placebo,26,6126,True,0.15130120674940675
Placebo,26,6190,True,0.5068379170314956
Placebo,26,6224,True,0.17936810340145298
Placebo,26,6465,True,0.08747171410140814
Placebo,26,6853,True,0.3394338769907002
Placebo,26,6949,True,0.5214862163936357
Placebo,26,7107,True,0.11140724239478872
Placebo,26,7240,True,0.0
Placebo,26,7937,True,0.5181190644203317
Placebo,26,8015,True,0.0
Placebo,26,8066,True,0.28810411934472496
Placebo,26,8202,True,0.277931525936004
Placebo,26,8321,True,0.2968431399765784
Placebo,26,9222,True,0.0
Placebo,26,9453,True,0.5998904978468941
Placebo,26,73,True,0.29615462344044
Placebo,26,390,True,0.5756638147677244
Placebo,26,424,True,0.0
Placebo,26,715,True,0.29982752087879605
Placebo,26,915,True,0.08514311764162101
Placebo,26,1579,True,0.4518612228563755
Placebo,26,1643,True,0.13147168936665218
Placebo,26,1679,True,0.3345655385580713
Placebo,26,1982,True,0.2200917662980802
Placebo,26,2027,True,0.4732664195429561
Placebo,26,2211,True,0.0
Placebo,26,2228,True,0.27292961537833393
Placebo,26,2352,True,0.0
Placebo,26,2520,True,0.12240689131487227
Placebo,26,2573,True,0.23992089480238074
Placebo,26,2630,True,0.459862758741454
Placebo,26,2666,True,0.29192633205650376
Placebo,26,2745,True,0.07171242235367578
Placebo,26,3149,True,0.5388702272354798
Placebo,26,3369,True,0.3030616450015668
Placebo,26,3617,True,0.3628986647634685
Placebo,26,3862,True,0.23732886165681427
Placebo,26,4124,True,0.28517218194416066
Placebo,26,4218,True,0.26949696826954467
Placebo,26,4268,True,0.6718483456960728
Placebo,26,4452,True,0.0
Placebo,26,4522,True,0.4692291222613835
Placebo,26,4784,True,0.37462029510560674
Placebo,26,5139,True,0.056422570674467584
Placebo,26,5438,True,0.34696875288378826
Placebo,26,5565,True,0.15114358520260907
Placebo,26,5684,True,0.34488491376178226
Placebo,26,5775,True,0.5423247252962317
Placebo,26,6110,True,0.39224975249751737
Placebo,26,6488,True,0.0
Placebo,26,6590,True,0.18889875018172203
Placebo,26,6793,True,0.4616853468594324
Placebo,26,7090,True,0.32961533026693113
Placebo,26,7112,True,0.5318711208918251
Placebo,26,7167,True,0.33730201731988857
Placebo,26,7287,True,0.6564050871516183
Placebo,26,7370,True,0.10912004154869837
Placebo,26,7547,True,0.43324680646945835
Placebo,26,7589,True,0.0
Placebo,26,7622,True,0.0776895369576595
Placebo,26,7640,False,0.0
Placebo,26,7757,True,0.4867534676883298
Placebo,26,8162,True,0.6700675137724819
Placebo,26,8508,True,0.09162544430476369
Placebo,26,8597,True,0.321461761701804
Placebo,26,8771,True,0.0
Placebo,26,288,True,0.4633374827614936
Placebo,26,635,True,0.4497925048136619
Placebo,26,654,True,0.14235342569002457
Placebo,26,699,True,0.3589542101716347
Placebo,26,743,True,0.55307890424673
Placebo,26,946,True,0.0
Placebo,26,976,True,0.13743816645714546
Placebo,26,1144,True,0.7141730709923044
Placebo,26,1187,True,0.25998037008177416
Placebo,26,1384,True,0.0
Placebo,26,1415,True,0.5788880394636121
Placebo,26,1443,True,0.1937996431110639
Placebo,26,1629,True,0.3779508277435991
Placebo,26,1684,True,0.0
Placebo,26,1802,True,0.28683643937149605
Placebo,26,1914,True,0.7017413333004964
Placebo,26,2046,True,0.0
Placebo,26,2071,True,0.27817043285003196
Placebo,26,2340,True,0.0
Placebo,26,2749,True,0.33845069689276847
Placebo,26,3517,True,0.3926013611899084
Placebo,26,3758,True,0.08036018528064796
Placebo,26,4110,True,0.06951864831341271
Placebo,26,4111,True,0.18953836965473156
Placebo,26,4144,True,0.14324543733110823
Placebo,26,5021,True,0.0
Placebo,26,5032,True,0.15445080225357144
Placebo,26,5096,True,0.4776179911209339
Placebo,26,5109,True,0.5960891146883436
Placebo,26,5114,True,0.15445080225357144
Placebo,26,5977,True,0.6309297535714573
Placebo,26,5984,True,0.5215168732220813
Placebo,26,6353,True,0.5222642282146791
Placebo,26,6373,True,0.14810843674121205
Placebo,26,6539,True,0.0
Placebo,26,6554,True,0.613584494671972
Placebo,26,6884,True,0.0
Placebo,26,6955,True,0.0885600466408908
Placebo,26,7020,True,0.3096691987233178
Placebo,26,7029,True,0.1371965721795338
Placebo,26,7280,True,0.11120921322406253
Placebo,26,7394,True,0.32786324714162723
Placebo,26,7795,True,0.5380880352998614
Placebo,26,8108,True,0.5030529695503586
Placebo,26,8560,True,0.4006663379860552
Placebo,26,8632,True,0.4694207131172483
Placebo,26,8657,True,0.08097835992217972
Placebo,26,8777,True,0.7559666179920714
Placebo,26,9151,True,0.0
Placebo,26,9609,True,0.38824405276699103
Placebo,27,102,True,0.8466406592581396
Placebo,27,314,True,0.4314761461875794
Placebo,27,1068,True,0.43626604315195655
Placebo,27,1525,True,0.0
Placebo,27,1795,True,0.39762731401083506
Placebo,27,1929,True,0.4263406861436183
Placebo,27,1931,True,0.3589542101716347
Placebo,27,1991,True,0.1394155414437851
Placebo,27,2528,True,0.5525284383958282
Placebo,27,2697,True,0.45679411399763686
Placebo,27,2834,True,0.4618027280561218
Placebo,27,2845,True,0.5863323482251703
Placebo,27,3031,True,0.3800095094713654
Placebo,27,3250,True,0.27157194191135237
Placebo,27,3308,True,0.3795405212115243
Placebo,27,3402,True,0.04247244516790244
Placebo,27,3426,True,0.11700571908998486
Placebo,27,3449,True,0.4667825015240869
Placebo,27,3756,True,0.23365080824310527
Placebo,27,4141,True,0.45491126773953183
Placebo,27,4210,True,0.5379516892744836
Placebo,27,4516,True,0.16665667091716063
Placebo,27,4692,True,0.0
Placebo,27,4700,True,0.0776895369576595
Placebo,27,4910,False,0.0
Placebo,27,4962,True,0.28634598975246917
Placebo,27,5275,True,0.07159585399418823
Placebo,27,5671,True,0.19434767406302308
Placebo,27,5683,True,0.4082330114260145
Placebo,27,6067,True,0.4043120297458401
Placebo,27,6378,True,0.6447614941174288
Placebo,27,6495,True,0.6254122841433262
Placebo,27,6868,True,0.6145083590794811
Placebo,27,6880,True,0.42916982631438605
Placebo,27,7144,True,0.11227410436015113
Placebo,27,7413,True,0.6097407940894713
Placebo,27,7526,True,0.0
Placebo,27,7531,True,0.0
Placebo,27,7577,True,0.35620718710802235
Placebo,27,7621,True,0.40977460456258336
Placebo,27,8198,True,0.34026731377336045
Placebo,27,8442,True,0.056906557239904024
Placebo,27,8452,True,0.41928587874205087
Placebo,27,8476,True,0.47779993914358365
Placebo,27,8541,True,0.6247290545527445
Placebo,27,8802,True,0.0984700362449109
Placebo,27,8816,True,0.0
Placebo,27,8852,True,0.0
Placebo,27,9099,True,0.2745347869795886
Placebo,27,9479,True,0.0
Placebo,27,9625,False,0.0
Placebo,27,96,True,0.0
Placebo,27,171,True,0.5921253924317715
Placebo,27,328,True,0.0
Placebo,27,387,True,0.43314759859549107
Placebo,27,754,False,0.0
Placebo,27,983,True,0.4191347811163832
Placebo,27,1039,True,0.692489218889277
Placebo,27,1098,True,0.36008299237353814
Placebo,27,1120,True,0.0
Placebo,27,1275,True,0.5003863575734439
Placebo,27,1343,True,0.0
Placebo,27,1483,True,0.10063273078579874
Placebo,27,2005,True,0.3052348839397012
Placebo,27,2048,True,0.5228115903003162
Placebo,27,2379,True,0.6739559056820404
Placebo,27,2516,True,0.5421735225947218
Placebo,27,2601,True,0.10177048416411548
Placebo,27,3210,True,0.5247095912449978
Placebo,27,3601,True,0.1681275362711174
Placebo,27,3729,True,0.31903579425662476
Placebo,27,3832,True,0.4443274259719072
Placebo,27,4104,True,0.22585425858147676
Placebo,27,4286,True,0.6804174871760886
Placebo,27,4329,True,0.0
Placebo,27,4553,True,0.05214426484655786
Placebo,27,4790,True,0.2876263497141272
Placebo,27,4844,True,0.0
Placebo,27,4994,True,0.2926618260349991
Placebo,27,5020,True,0.43412071426789217
Placebo,27,5293,True,0.19769213517116038
Placebo,27,5338,True,0.5688607535165094
Placebo,27,5343,True,0.24792486708417494
Placebo,27,5464,True,0.2037908832551769
Placebo,27,5560,True,0.16140643994558154
Placebo,27,5719,True,0.35938727069101
Placebo,27,6055,True,0.5328965452000554
Placebo,27,6121,True,0.5998355417860717
Placebo,27,6128,True,0.0
Placebo,27,6197,True,0.16305952730303105
Placebo,27,6336,True,0.6891516503380849
Placebo,27,6577,True,0.4759316957497446
Placebo,27,6717,True,0.18465110945919555
Placebo,27,6906,True,0.6309297535714573
Placebo,27,8550,True,0.0
Placebo,27,8576,True,0.7294157221888304
Placebo,27,8790,True,0.4306765580733929
Placebo,27,8840,False,0.0
Placebo,27,8878,True,0.0
Placebo,27,9337,True,0.16826427383668144
Placebo,27,9501,True,0.3118930622740451
Placebo,27,9512,False,0.0
Placebo,27,45,True,0.06211120297013176
Placebo,27,199,True,0.5141863642577489
Placebo,27,458,True,0.5411654845706291
Placebo,27,564,True,0.8124397585990836
Placebo,27,717,True,0.2783643276115239
Placebo,27,1109,True,0.7747172119706014
Placebo,27,1576,True,0.0
Placebo,27,1711,False,0.0
Placebo,27,1868,True,0.0
Placebo,27,1942,True,0.5485927789216578
Placebo,27,2001,True,0.3463468978671456
Placebo,27,2217,True,0.0
Placebo,27,2354,True,0.3985311955010697
Placebo,27,2761,True,0.1460683498427064
Placebo,27,2980,True,0.14539148150909986
Placebo,27,3021,True,0.1723616180248268
Placebo,27,3030,True,0.0
Placebo,27,3046,True,0.16392662384760956
Placebo,27,3050,True,0.5203073306061314
Placebo,27,3288,True,0.4262536314296136
Placebo,27,3302,True,0.2597765883446075
Placebo,27,3794,True,0.0
Placebo,27,3920,True,0.565979211090265
Placebo,27,3965,True,0.11918532507629641
Placebo,27,4193,True,0.21754536611063713
Placebo,27,4294,True,0.0
Placebo,27,4383,True,0.431324037064722
Placebo,27,4474,True,0.24389714764840975
Placebo,27,5068,True,0.5036067026046991
Placebo,27,5258,True,0.0
Placebo,27,5306,True,0.5521666682918466
Placebo,27,5323,True,0.6984677180642301
Placebo,27,5421,True,0.5948373079557902
Placebo,27,5766,True,0.6636981405960849
Placebo,27,5877,True,0.0509045345021054
Placebo,27,5887,True,0.37236532756128266
Placebo,27,6126,True,0.09546043308946738
Placebo,27,6190,True,0.5539334124094786
Placebo,27,6224,True,0.1391143444336194
Placebo,27,6465,True,0.5407153339336951
Placebo,27,6853,True,0.2823511607429949
Placebo,27,6949,True,0.3476293915547282
Placebo,27,7107,True,0.0
Placebo,27,7240,True,0.25063291767094353
Placebo,27,7937,True,0.7424100107251701
Placebo,27,8015,True,0.26505310129300313
Placebo,27,8066,True,0.3105560378596812
Placebo,27,8202,True,0.36494388263783306
Placebo,27,8321,True,0.4764677325927483
Placebo,27,9222,True,0.0
Placebo,27,9453,True,0.7899727765667665
Placebo,27,73,True,0.1689539010595103
Placebo,27,390,True,0.17015762863331202
Placebo,27,424,True,0.0
Placebo,27,715,True,0.5144082803622573
Placebo,27,915,True,0.3663327579723387
Placebo,27,1579,True,0.320780593670491
Placebo,27,1643,True,0.21836974929469327
Placebo,27,1679,True,0.539381249501501
Placebo,27,1982,True,0.0
Placebo,27,2027,True,0.2093036269654491
Placebo,27,2211,True,0.1008674711662712
Placebo,27,2228,True,0.5605604781272145
Placebo,27,2352,True,0.0
Placebo,27,2520,True,0.3933023707715802
Placebo,27,2573,True,0.2172607128522299
Placebo,27,2630,True,0.5391991344893378
Placebo,27,2666,True,0.31957415958009056
Placebo,27,2745,True,0.1042872530415821
Placebo,27,3149,True,0.5039327001625828
Placebo,27,3369,True,0.3455343925426052
Placebo,27,3617,True,0.4773604534235731
Placebo,27,3862,True,0.0
Placebo,27,4124,True,0.1617314454137512
Placebo,27,4218,True,0.4732708373240434
Placebo,27,4268,True,0.4960672998374172
Placebo,27,4452,True,0.0
Placebo,27,4522,True,0.4336052552008574
Placebo,27,4784,True,0.3683590324623575
Placebo,27,5139,True,0.425551271101413
Placebo,27,5438,True,0.23921627747248234
Placebo,27,5565,True,0.04860283695195314
Placebo,27,5684,True,0.5383176854392037
Placebo,27,5775,True,0.3038377318600771
Placebo,27,6110,True,0.29161702171171866
Placebo,27,6488,True,0.2748763329142909
Placebo,27,6590,True,0.23729607578068374
Placebo,27,6793,True,0.23320593875599185
Placebo,27,7090,True,0.33155316984660665
Placebo,27,7112,True,0.7105596593727584
Placebo,27,7167,True,0.41419863521457007
Placebo,27,7287,True,0.29976139848235933
Placebo,27,7370,True,0.14672510322345034
Placebo,27,7547,True,0.3971156687781445
Placebo,27,7589,True,0.1561688866220964
Placebo,27,7622,True,0.06425604298318159
Placebo,27,7640,False,0.0
Placebo,27,7757,True,0.16918066160005515
Placebo,27,8162,True,0.6168254041215527
Placebo,27,8508,True,0.21700780985035004
Placebo,27,8597,True,0.4002979396187017
Placebo,27,8771,True,0.11751610475642699
Placebo,27,288,True,0.5451537088262445
Placebo,27,635,True,0.21223850836926947
Placebo,27,654,True,0.0
Placebo,27,699,True,0.2200917662980802
Placebo,27,743,True,0.346136000946737
Placebo,27,946,True,0.0
Placebo,27,976,True,0.0
Placebo,27,1144,True,0.6679599537865142
Placebo,27,1187,True,0.6613141762368131
Placebo,27,1384,True,0.06801744314752252
Placebo,27,1415,True,0.5582365001453807
Placebo,27,1443,True,0.4419574258026111
Placebo,27,1629,True,0.38889600785111966
Placebo,27,1684,True,0.09092803061897885
Placebo,27,1802,True,0.0
Placebo,27,1914,True,0.46360799939682573
Placebo,27,2046,True,0.0
Placebo,27,2071,True,0.18082384726500142
Placebo,27,2340,True,0.12122913927828413
Placebo,27,2749,True,0.43881090049009713
Placebo,27,3517,True,0.3274122881389824
Placebo,27,3758,True,0.11496943328345767
Placebo,27,4110,True,0.02006571478454792
Placebo,27,4111,True,0.2558209594125084
Placebo,27,4144,True,0.08473553200699402
Placebo,27,5021,True,0.11838279295536289
Placebo,27,5032,True,0.20462725476814161
Placebo,27,5096,True,0.3811091141505595
Placebo,27,5109,True,0.6311482375297791
Placebo,27,5114,True,0.22241842644812498
Placebo,27,5977,True,0.0
Placebo,27,5984,True,0.5674894669201359
Placebo,27,6353,True,0.5996378571704151
Placebo,27,6373,True,0.5949003789575632
Placebo,27,6539,True,0.0
Placebo,27,6554,True,0.4001034569427102
Placebo,27,6884,True,0.35620718710802235
Placebo,27,6955,True,0.19031326377064928
Placebo,27,7020,True,0.37870955245212784
Placebo,27,7029,True,0.03858303713187615
Placebo,27,7280,True,0.1803895185407797
Placebo,27,7394,True,0.2632363697873606
Placebo,27,7795,True,0.6042727831851983
Placebo,27,8108,True,0.1585070397409811
Placebo,27,8560,True,0.6403755020624423
Placebo,27,8632,True,0.30074219027114346
Placebo,27,8657,True,0.0576901476090013
Placebo,27,8777,True,0.7152606883217553
Placebo,27,9151,True,0.0
Placebo,27,9609,True,0.3038377318600771
Placebo,28,102,True,0.6761046807543445
Placebo,28,314,True,0.5737366966638251
Placebo,28,1068,True,0.5676126245369317
Placebo,28,1525,True,0.15922873289507206
Placebo,28,1795,True,0.46264289511919415
Placebo,28,1929,True,0.5955930391052113
Placebo,28,1931,True,0.1388624438735545
Placebo,28,1991,True,0.1504191567300264
Placebo,28,2528,True,0.5923576494563265
Placebo,28,2697,True,0.5606785334572195
Placebo,28,2834,True,0.21722962140060195
Placebo,28,2845,True,0.34508592975553204
Placebo,28,3031,True,0.5823015054749437
Placebo,28,3250,True,0.2885732610038106
Placebo,28,3308,True,0.30067447081379944
Placebo,28,3402,True,0.1510853885937114
Placebo,28,3426,True,0.0
Placebo,28,3449,True,0.46528723971425157
Placebo,28,3756,True,0.3785988060390613
Placebo,28,4141,True,0.4618590152472607
Placebo,28,4210,True,0.5703664389120102
Placebo,28,4516,True,0.38553587386890087
Placebo,28,4692,True,0.0
Placebo,28,4700,True,0.1541116527078612
Placebo,28,4910,False,0.0
Placebo,28,4962,True,0.20248323207250618
Placebo,28,5275,True,0.07491210085649577
Placebo,28,5671,True,0.38270463458821014
Placebo,28,5683,True,0.7001593434825183
Placebo,28,6067,True,0.5825365875795007
Placebo,28,6378,True,0.3162217963842463
Placebo,28,6495,True,0.671410405547856
Placebo,28,6868,True,0.8117670375902075
Placebo,28,6880,True,0.4786915779148205
Placebo,28,7144,True,0.4796410414368363
Placebo,28,7413,True,0.4226482045987039
Placebo,28,7526,True,0.17342765698823942
Placebo,28,7531,True,0.0
Placebo,28,7577,True,0.4306765580733929
Placebo,28,7621,True,0.34306999373519753
Placebo,28,8198,True,0.32478039938004627
Placebo,28,8442,True,0.23890771691752835
Placebo,28,8452,True,0.5307419118630782
Placebo,28,8476,True,0.4115312125120747
Placebo,28,8541,True,0.7348391465033534
Placebo,28,8802,True,0.5493286601126183
Placebo,28,8816,True,0.39953120456797747
Placebo,28,8852,True,0.0
Placebo,28,9099,True,0.4927687365122542
Placebo,28,9479,True,0.17723928678404763
Placebo,28,9625,False,0.0
Placebo,28,96,True,0.0
Placebo,28,171,True,0.6460782117451475
Placebo,28,328,True,0.19519002499605084
Placebo,28,387,True,0.10126881987072707
Placebo,28,754,False,0.0
Placebo,28,983,True,0.4362122585694497
Placebo,28,1039,True,0.6203606083821366
Placebo,28,1098,True,0.30529905801146145
Placebo,28,1120,True,0.0
Placebo,28,1275,True,0.37293958091446333
Placebo,28,1343,True,0.4172686945061726
Placebo,28,1483,True,0.32567834370007115
Placebo,28,2005,True,0.18081539273797081
Placebo,28,2048,True,0.585130644233392
Placebo,28,2379,True,0.656033991083634
Placebo,28,2516,True,0.5185477919475773
Placebo,28,2601,True,0.2159422931258126
Placebo,28,3210,True,0.07114605225042078
Placebo,28,3601,True,0.12315119437036504
Placebo,28,3729,True,0.5056245407309529
Placebo,28,3832,True,0.6120024106993807
Placebo,28,4104,True,0.12234785175513828
Placebo,28,4286,True,0.6832483754933445
Placebo,28,4329,True,0.2624271507133978
Placebo,28,4553,True,0.1796934738327584
Placebo,28,4790,True,0.1388624438735545
Placebo,28,4844,True,0.0
Placebo,28,4994,True,0.41292330192811727
Placebo,28,5020,True,0.43960365500681264
Placebo,28,5293,True,0.42088879665684165
Placebo,28,5338,True,0.5770403362646203
Placebo,28,5343,True,0.14185627724851593
Placebo,28,5464,True,0.10032352585854973
Placebo,28,5560,True,0.5596041780200114
Placebo,28,5719,True,0.3124270496987093
Placebo,28,6055,True,0.23690530871965648
Placebo,28,6121,True,0.399648307165129
Placebo,28,6128,True,0.0
Placebo,28,6197,True,0.47293335860287466
Placebo,28,6336,True,0.41958088009785105
Placebo,28,6577,True,0.3885372938261444
Placebo,28,6717,True,0.0
Placebo,28,6906,True,0.0
Placebo,28,8550,True,0.0
Placebo,28,8576,True,0.543231222715903
Placebo,28,8790,True,0.0
Placebo,28,8840,False,0.0
Placebo,28,8878,True,0.25033288540487586
Placebo,28,9337,True,0.2516324909510607
Placebo,28,9501,True,0.6244852699974257
Placebo,28,9512,False,0.0
Placebo,28,45,True,0.4305547280205022
Placebo,28,199,True,0.25190216039755603
Placebo,28,458,True,0.5159865870142935
Placebo,28,564,True,0.8710623129677536
Placebo,28,717,True,0.06362078819895167
Placebo,28,1109,True,0.3168801551981056
Placebo,28,1576,True,0.6178856761253382
Placebo,28,1711,False,0.0
Placebo,28,1868,True,0.0
Placebo,28,1942,True,0.2447798566479578
Placebo,28,2001,True,0.1803895185407797
Placebo,28,2217,True,0.0
Placebo,28,2354,True,0.4776369626901144
Placebo,28,2761,True,0.12081130269949425
Placebo,28,2980,True,0.08177069331014819
Placebo,28,3021,True,0.28014470620812765
Placebo,28,3030,True,0.14465396417138077
Placebo,28,3046,True,0.09984548734282173
Placebo,28,3050,True,0.6262217656415893
Placebo,28,3288,True,0.4652763819363323
Placebo,28,3302,True,0.5561984492975623
Placebo,28,3794,True,0.49923783028254776
Placebo,28,3920,True,0.47154563192941557
Placebo,28,3965,True,0.3634133965872425
Placebo,28,4193,True,0.3165013438507822
Placebo,28,4294,True,0.2321474026613599
Placebo,28,4383,True,0.41110655647327876
Placebo,28,4474,True,0.13615494312359075
Placebo,28,5068,True,0.7065632165480472
Placebo,28,5258,True,0.0
Placebo,28,5306,True,0.4944206696883333
Placebo,28,5323,True,0.6300241322533772
Placebo,28,5421,True,0.7099363809959343
Placebo,28,5766,True,0.5974631390907612
Placebo,28,5877,True,0.09895150850568246
Placebo,28,5887,True,0.37615011186466996
Placebo,28,6126,True,0.09546043308946738
Placebo,28,6190,True,0.38378438116427444
Placebo,28,6224,True,0.1951890007906611
Placebo,28,6465,True,0.0
Placebo,28,6853,True,0.18142642830097747
Placebo,28,6949,True,0.604828748361553
Placebo,28,7107,True,0.0
Placebo,28,7240,True,0.0
Placebo,28,7937,True,0.7631925784528222
Placebo,28,8015,True,0.18908270233554983
Placebo,28,8066,True,0.05109165667032166
Placebo,28,8202,True,0.08460137814384125
Placebo,28,8321,True,0.23489001505212576
Placebo,28,9222,True,0.36540043492069785
Placebo,28,9453,True,0.7216768582769263
Placebo,28,73,True,0.0
Placebo,28,390,True,0.42831782898109777
Placebo,28,424,True,0.13905617951077567
Placebo,28,715,True,0.6808286784938166
Placebo,28,915,True,0.13698471029831177
Placebo,28,1579,True,0.2539206494315639
Placebo,28,1643,True,0.0
Placebo,28,1679,True,0.4647381247224531
Placebo,28,1982,True,0.17947710508581735
Placebo,28,2027,True,0.2662651791281836
Placebo,28,2211,True,0.1303237659103706
Placebo,28,2228,True,0.18734040219395157
Placebo,28,2352,True,0.1934264036172709
Placebo,28,2520,True,0.2753936508231707
Placebo,28,2573,True,0.0
Placebo,28,2630,True,0.37634349337164774
Placebo,28,2666,True,0.3268899477093948
Placebo,28,2745,True,0.10292727394276296
Placebo,28,3149,True,0.22002781298315427
Placebo,28,3369,True,0.08986450282294112
Placebo,28,3617,True,0.19656946496015204
Placebo,28,3862,True,0.0
Placebo,28,4124,True,0.2674700644682056
Placebo,28,4218,True,0.40035481277635254
Placebo,28,4268,True,0.55502294157452
Placebo,28,4452,True,0.09109240322345795
Placebo,28,4522,True,0.5277162441708368
Placebo,28,4784,True,0.7514797164066606
Placebo,28,5139,True,0.0
Placebo,28,5438,True,0.22754296754929937
Placebo,28,5565,True,0.3453938432075707
Placebo,28,5684,True,0.6344753784309085
Placebo,28,5775,True,0.5393894933029362
Placebo,28,6110,True,0.24733918596168292
Placebo,28,6488,True,0.09162544430476369
Placebo,28,6590,True,0.2783641190685654
Placebo,28,6793,True,0.47319613233401703
Placebo,28,7090,True,0.2814036788151819
Placebo,28,7112,True,0.4579285231817617
Placebo,28,7167,True,0.5499613274412368
Placebo,28,7287,True,0.49435805697753515
Placebo,28,7370,True,0.0444917928656898
Placebo,28,7547,True,0.3673609813824229
Placebo,28,7589,True,0.1521060570120541
Placebo,28,7622,True,0.2215619859383971
Placebo,28,7640,False,0.0
Placebo,28,7757,True,0.10644692083071636
Placebo,28,8162,True,0.660994914656301
Placebo,28,8508,True,0.09791292534996787
Placebo,28,8597,True,0.5207169440598214
Placebo,28,8771,True,0.0
Placebo,28,288,True,0.6017370465970964
Placebo,28,635,True,0.2836753667073928
Placebo,28,654,True,0.13603488629504495
Placebo,28,699,True,0.1794771050858174
Placebo,28,743,True,0.2228091049752035
Placebo,28,946,True,0.0
Placebo,28,976,True,0.44830398990253034
Placebo,28,1144,True,0.6910291121654011
Placebo,28,1187,True,0.39858272374049564
Placebo,28,1384,True,0.06232532315595917
Placebo,28,1415,True,0.6227752377403496
Placebo,28,1443,True,0.5274501426344339
Placebo,28,1629,True,0.06012983951359326
Placebo,28,1684,True,0.0
Placebo,28,1802,True,0.06425604298318159
Placebo,28,1914,True,0.6671901759590367
Placebo,28,2046,True,0.6309297535714573
Placebo,28,2071,True,0.1743291326127431
Placebo,28,2340,True,0.10136092190826243
Placebo,28,2749,True,0.3229397890209177
Placebo,28,3517,True,0.29739080101725146
Placebo,28,3758,True,0.5141410624185506
Placebo,28,4110,True,0.13883193635244603
Placebo,28,4111,True,0.17342765698823942
Placebo,28,4144,True,0.41971316229120953
Placebo,28,5021,True,0.11838279295536289
Placebo,28,5032,True,0.29678982637051915
Placebo,28,5096,True,0.2118165681729543
Placebo,28,5109,True,0.680156438659203
Placebo,28,5114,True,0.1803895185407797
Placebo,28,5977,True,0.0
Placebo,28,5984,True,0.6437401522741141
Placebo,28,6353,True,0.7312842971808676
Placebo,28,6373,True,0.43285546716636875
Placebo,28,6539,True,0.0
Placebo,28,6554,True,0.6897797127672228
Placebo,28,6884,True,1.0
Placebo,28,6955,True,0.0
Placebo,28,7020,True,0.30770311379311954
Placebo,28,7029,True,0.25184839280257354
Placebo,28,7280,True,0.24840920867737148
Placebo,28,7394,True,0.39549381728185135
Placebo,28,7795,True,0.7331387358818204
Placebo,28,8108,True,0.4537425745411855
Placebo,28,8560,True,0.354687682524205
Placebo,28,8632,True,0.5197469534386264
Placebo,28,8657,True,0.16195671984435944
Placebo,28,8777,True,0.6718483456960727
Placebo,28,9151,True,0.3290860434850406
Placebo,28,9609,True,0.3979478965435962
Placebo,29,102,True,0.6983689089690236
Placebo,29,314,True,0.5789282245622047
Placebo,29,1068,True,0.4782332756326023
Placebo,29,1525,True,0.18274677921272278
Placebo,29,1795,True,0.3371900256475036
Placebo,29,1929,True,0.457721677676367
Placebo,29,1931,True,0.0
Placebo,29,1991,True,0.0
Placebo,29,2528,True,0.53150505041901
Placebo,29,2697,True,0.47545341998674073
Placebo,29,2834,True,0.23509311130386867
Placebo,29,2845,True,0.2193509550599734
Placebo,29,3031,True,0.331890964720136
Placebo,29,3250,True,0.5328415592567333
Placebo,29,3308,True,0.3203016869605815
Placebo,29,3402,True,0.08494489033580488
Placebo,29,3426,True,0.14808498976566506
Placebo,29,3449,True,0.5956743702751824
Placebo,29,3756,True,0.13305201013572898
Placebo,29,4141,True,0.6794771050858174
Placebo,29,4210,True,0.3060603986075172
Placebo,29,4516,True,0.11298087547243413
Placebo,29,4692,True,0.0
Placebo,29,4700,True,0.056906557239904024
Placebo,29,4910,False,0.0
Placebo,29,4962,True,0.4518648409659427
Placebo,29,5275,True,0.263969194188132
Placebo,29,5671,True,0.36008428280065646
Placebo,29,5683,True,0.5107163968003909
Placebo,29,6067,True,0.45643970888260094
Placebo,29,6378,True,0.5997786236146359
Placebo,29,6495,True,0.6925097509748552
Placebo,29,6868,True,0.5075103474369266
Placebo,29,6880,True,0.24957530422704885
Placebo,29,7144,True,0.23574157096955387
Placebo,29,7413,True,0.45181142152916304
Placebo,29,7526,True,0.5739180725249416
Placebo,29,7531,True,0.11242587383123728
Placebo,29,7577,True,0.0
Placebo,29,7621,True,0.5190266855376204
Placebo,29,8198,True,0.36417417493582804
Placebo,29,8442,True,0.19150265143746747
Placebo,29,8452,True,0.5711877055951569
Placebo,29,8476,True,0.34590138774900075
Placebo,29,8541,True,0.6216773260098553
Placebo,29,8802,True,0.25638695168928965
Placebo,29,8816,True,0.24472127857025347
Placebo,29,8852,True,0.0
Placebo,29,9099,True,0.1497958409967441
Placebo,29,9479,True,0.0
Placebo,29,9625,False,0.0
Placebo,29,96,True,0.23463936301137828
Placebo,29,171,True,0.48756826230819217
Placebo,29,328,True,0.2463023887407299
Placebo,29,387,True,0.09667736429927173
Placebo,29,754,False,0.0
Placebo,29,983,True,0.8822142814896294
Placebo,29,1039,True,0.40080754789073153
Placebo,29,1098,True,0.298099301116797
Placebo,29,1120,True,0.23719771276929624
Placebo,29,1275,True,0.3988754384160712
Placebo,29,1343,True,0.23464670267883916
Placebo,29,1483,True,0.2443527483788096
Placebo,29,2005,True,0.3018624596082284
Placebo,29,2048,True,0.6732065550927087
Placebo,29,2379,True,0.6806002619602725
Placebo,29,2516,True,0.5167834728047825
Placebo,29,2601,True,0.3436571041193246
Placebo,29,3210,True,0.15744847818440433
Placebo,29,3601,True,0.0
Placebo,29,3729,True,0.21381918158294497
Placebo,29,3832,True,0.5011851833151795
Placebo,29,4104,True,0.11723609465805306
Placebo,29,4286,True,0.4699469517393421
Placebo,29,4329,True,0.07245218800307755
Placebo,29,4553,True,0.16788429622804935
Placebo,29,4790,True,0.0
Placebo,29,4844,True,0.0
Placebo,29,4994,True,0.20400787375019783
Placebo,29,5020,True,0.5647881999925666
Placebo,29,5293,True,0.32496743428783614
Placebo,29,5338,True,0.6147633804594762
Placebo,29,5343,True,0.17170032126670043
Placebo,29,5464,True,0.3239134396887189
Placebo,29,5560,True,0.5076287593897447
Placebo,29,5719,True,0.33434507881595643
Placebo,29,6055,True,0.2578753740644928
Placebo,29,6121,True,0.7930581924954414
Placebo,29,6128,True,0.0
Placebo,29,6197,True,0.3489269196545991
Placebo,29,6336,True,0.6273276306387331
Placebo,29,6577,True,0.5270311297075823
Placebo,29,6717,True,0.0
Placebo,29,6906,True,0.0
Placebo,29,8550,True,0.3868528072345415
Placebo,29,8576,True,0.4556236567954446
Placebo,29,8790,True,0.0
Placebo,29,8840,False,0.0
Placebo,29,8878,True,0.11232021693064052
Placebo,29,9337,True,0.2501737101839677
Placebo,29,9501,True,0.4865349311931001
Placebo,29,9512,False,0.0
Placebo,29,45,True,0.17558217246012234
Placebo,29,199,True,0.5199784233522735
Placebo,29,458,True,0.6560245386108903
Placebo,29,564,True,0.8235371134674598
Placebo,29,717,True,0.0
Placebo,29,1109,True,0.575871643066274
Placebo,29,1576,True,0.0
Placebo,29,1711,False,0.0
Placebo,29,1868,True,0.0
Placebo,29,1942,True,0.3498405744561174
Placebo,29,2001,True,0.20176132453476348
Placebo,29,2217,True,0.1548706959560122
Placebo,29,2354,True,0.4828277126735063
Placebo,29,2761,True,0.3391602052736161
Placebo,29,2980,True,0.0
Placebo,29,3021,True,0.558729650382783
Placebo,29,3030,True,0.2976932148674144
Placebo,29,3046,True,0.33465490788927627
Placebo,29,3050,True,0.4558399419379954
Placebo,29,3288,True,0.2647384723337975
Placebo,29,3302,True,0.4518149754569756
Placebo,29,3794,True,0.0
Placebo,29,3920,True,0.5734121599722216
Placebo,29,3965,True,0.3937316486707323
Placebo,29,4193,True,0.2647495043585309
Placebo,29,4294,True,0.18397246392903513
Placebo,29,4383,True,0.23565590932147815
Placebo,29,4474,True,0.09020315758404246
Placebo,29,5068,True,0.3699756934986864
Placebo,29,5258,True,0.09843703889494597
Placebo,29,5306,True,0.8627260553676396
Placebo,29,5323,True,0.540885346655074
Placebo,29,5421,True,0.71896132320576
Placebo,29,5766,True,0.6185661229538185
Placebo,29,5877,True,0.20739279067293398
Placebo,29,5887,True,0.31997039331191046
Placebo,29,6126,True,0.27839258028034275
Placebo,29,6190,True,0.6120027807575878
Placebo,29,6224,True,0.48544443532478465
Placebo,29,6465,True,0.0
Placebo,29,6853,True,0.044399369745528
Placebo,29,6949,True,0.29536364241974866
Placebo,29,7107,True,0.1507293225816052
Placebo,29,7240,True,0.1934264036172709
Placebo,29,7937,True,0.4712727958979483
Placebo,29,8015,True,0.10633668103022988
Placebo,29,8066,True,0.3006252273755404
Placebo,29,8202,True,0.42345864616560225
Placebo,29,8321,True,0.357253799550102
Placebo,29,9222,True,0.0
Placebo,29,9453,True,0.8142554463029549
Placebo,29,73,True,0.0
Placebo,29,390,True,0.5007014857357862
Placebo,29,424,True,0.0
Placebo,29,715,True,0.5641466634684213
Placebo,29,915,True,0.06625422345438896
Placebo,29,1579,True,0.23896485324324318
Placebo,29,1643,True,0.0
Placebo,29,1679,True,0.5195030079435498
Placebo,29,1982,True,0.1545743395783983
Placebo,29,2027,True,0.42004679170326653
Placebo,29,2211,True,0.107789154524511
Placebo,29,2228,True,0.142597110145886
Placebo,29,2352,True,0.0
Placebo,29,2520,True,0.46467004733203704
Placebo,29,2573,True,0.18844415212771548
Placebo,29,2630,True,0.5363041102095828
Placebo,29,2666,True,0.26032313804639007
Placebo,29,2745,True,0.10756863353051363
Placebo,29,3149,True,0.4335662612505725
Placebo,29,3369,True,0.17825700421197677
Placebo,29,3617,True,0.22477313436540072
Placebo,29,3862,True,0.40303028380100486
Placebo,29,4124,True,0.3686779402016681
Placebo,29,4218,True,0.37271848612576364
Placebo,29,4268,True,0.46818960590052416
Placebo,29,4452,True,0.0
Placebo,29,4522,True,0.4911373643416952
Placebo,29,4784,True,0.44723258927420434
Placebo,29,5139,True,0.11751610475642699
Placebo,29,5438,True,0.41104106961013637
Placebo,29,5565,True,0.18905709333163614
Placebo,29,5684,True,0.6089775844621036
Placebo,29,5775,True,0.20323893375270075
Placebo,29,6110,True,0.11789422896273459
Placebo,29,6488,True,0.0
Placebo,29,6590,True,0.27620572793096476
Placebo,29,6793,True,0.19363595683528687
Placebo,29,7090,True,0.3551529798777445
Placebo,29,7112,True,0.4875630874244402
Placebo,29,7167,True,0.5976105423901389
Placebo,29,7287,True,0.44604170488803896
Placebo,29,7370,True,0.16842717545221186
Placebo,29,7547,True,0.4530643748551539
Placebo,29,7589,True,0.04681599109282455
Placebo,29,7622,True,0.17407272133630375
Placebo,29,7640,False,0.0
Placebo,29,7757,True,0.12025967902718653
Placebo,29,8162,True,0.5829006355114131
Placebo,29,8508,True,0.3812130139445208
Placebo,29,8597,True,0.5739241979304701
Placebo,29,8771,True,0.11284514134893517
Placebo,29,288,True,0.3327826673407948
Placebo,29,635,True,0.2806117782600916
Placebo,29,654,True,0.10780509678375631
Placebo,29,699,True,0.28371255449703187
Placebo,29,743,True,0.5523876906263256
Placebo,29,946,True,0.0
Placebo,29,976,True,0.11838279295536289
Placebo,29,1144,True,0.4876408835647274
Placebo,29,1187,True,0.4927035380662217
Placebo,29,1384,True,0.46823463406129134
Placebo,29,1415,True,0.3440165502609546
Placebo,29,1443,True,0.37817483876085417
Placebo,29,1629,True,0.27441144641132964
Placebo,29,1684,True,0.2778003861459072
Placebo,29,1802,True,0.11747950339853977
Placebo,29,1914,True,0.43046753988057795
Placebo,29,2046,True,0.0
Placebo,29,2071,True,0.36776280451289217
Placebo,29,2340,True,0.040683756096346925
Placebo,29,2749,True,0.23392447353396548
Placebo,29,3517,True,0.37347792807763563
Placebo,29,3758,True,0.16842717545221186
Placebo,29,4110,True,0.338801609210912
Placebo,29,4111,True,0.0
Placebo,29,4144,True,0.28111450084013273
Placebo,29,5021,True,0.0
Placebo,29,5032,True,0.4315460936423403
Placebo,29,5096,True,0.23498336571908393
Placebo,29,5109,True,0.40904032957256914
Placebo,29,5114,True,0.0776895369576595
Placebo,29,5977,True,1.0
Placebo,29,5984,True,0.6462857997034738
Placebo,29,6353,True,0.7309098491908508
Placebo,29,6373,True,0.45156237138868377
Placebo,29,6539,True,0.2184074368181643
Placebo,29,6554,True,0.45514406446750366
Placebo,29,6884,True,0.3243991050595312
Placebo,29,6955,True,0.2673207412994824
Placebo,29,7020,True,0.5585331977462074
Placebo,29,7029,True,0.40620733689622435
Placebo,29,7280,True,0.1803895185407797
Placebo,29,7394,True,0.05322346041535818
Placebo,29,7795,True,0.5825104501023528
Placebo,29,8108,True,0.4252084336260237
Placebo,29,8560,True,0.37981013820488174
Placebo,29,8632,True,0.5255565441490212
Placebo,29,8657,True,0.16195671984435944
Placebo,29,8777,True,0.678027903913709
Placebo,29,9151,True,0.1850798333351393
Placebo,29,9609,True,0.23047380976071702
Placebo,30,102,True,0.6552912902615113
Placebo,30,314,True,0.2290850330159943
Placebo,30,1068,True,0.3535621162477856
Placebo,30,1525,True,0.37520685940779047
Placebo,30,1795,True,0.5587263446212735
Placebo,30,1929,True,0.29872540816029963
Placebo,30,1931,True,0.13305201013572898
Placebo,30,1991,True,0.18226843325455253
Placebo,30,2528,True,0.5062058955408608
Placebo,30,2697,True,0.5041522843112124
Placebo,30,2834,True,0.2932613705266129
Placebo,30,2845,True,0.5464750788419678
Placebo,30,3031,True,0.14081444069824753
Placebo,30,3250,True,0.1705525270337032
Placebo,30,3308,True,0.5049725675262934
Placebo,30,3402,True,0.10909563842042834
Placebo,30,3426,True,0.17732954269689397
Placebo,30,3449,True,0.5869697820046099
Placebo,30,3756,True,0.2685529228900212
Placebo,30,4141,True,0.4514269320277205
Placebo,30,4210,True,0.6231569572560826
Placebo,30,4516,True,0.18726251354199053
Placebo,30,4692,True,0.09232555472959778
Placebo,30,4700,True,0.0
Placebo,30,4910,False,0.0
Placebo,30,4962,True,0.14876390584057267
Placebo,30,5275,True,0.057959913024345
Placebo,30,5671,True,0.48333736537400884
Placebo,30,5683,True,0.4239877692036508
Placebo,30,6067,True,0.24842383716032765
Placebo,30,6378,True,0.38799721924241226
Placebo,30,6495,True,0.7410720699404962
Placebo,30,6868,True,0.6343553327242346
Placebo,30,6880,True,0.3378776006670463
Placebo,30,7144,True,0.3647547090544344
Placebo,30,7413,True,0.6308327139127936
Placebo,30,7526,True,0.0
Placebo,30,7531,True,0.0
Placebo,30,7577,True,0.3154648767857289
Placebo,30,7621,True,0.05906059599090303
Placebo,30,8198,True,0.42412181579077585
Placebo,30,8442,True,0.05560460661203127
Placebo,30,8452,True,0.6521503768336786
Placebo,30,8476,True,0.19004387067037457
Placebo,30,8541,True,0.6935678766127947
Placebo,30,8802,True,0.32460623445056513
Placebo,30,8816,True,0.44142734651727605
Placebo,30,8852,True,0.0
Placebo,30,9099,True,0.2745478892647208
Placebo,30,9479,True,0.0
Placebo,30,9625,False,0.0
Placebo,30,96,True,0.2960819109658652
Placebo,30,171,True,0.6166959285834177
Placebo,30,328,True,0.1681275362711174
Placebo,30,387,True,0.3902215836052742
Placebo,30,754,False,0.0
Placebo,30,983,True,0.4392656596229058
Placebo,30,1039,True,0.7079150748538204
Placebo,30,1098,True,0.36927320867225916
Placebo,30,1120,True,0.0
Placebo,30,1275,True,0.6310841982650733
Placebo,30,1343,True,0.07362322034364345
Placebo,30,1483,True,0.13567475897131237
Placebo,30,2005,True,0.12987501165334064
Placebo,30,2048,True,0.6061277762203174
Placebo,30,2379,True,0.5391991344893378
Placebo,30,2516,True,0.4953003816873568
Placebo,30,2601,True,0.10080156437427772
Placebo,30,3210,True,0.6212518852601349
Placebo,30,3601,True,0.0
Placebo,30,3729,True,0.4970337434285325
Placebo,30,3832,True,0.6527586518745269
Placebo,30,4104,True,0.25358286484148107
Placebo,30,4286,True,0.5164277709167764
Placebo,30,4329,True,0.14829723057014907
Placebo,30,4553,True,0.14449741525454834
Placebo,30,4790,True,0.0
Placebo,30,4844,True,0.0
Placebo,30,4994,True,0.056906557239904024
Placebo,30,5020,True,0.4074790127172608
Placebo,30,5293,True,0.5688107848291897
Placebo,30,5338,True,0.5162758213483422
Placebo,30,5343,True,0.2868968131108355
Placebo,30,5464,True,0.23180691127891842
Placebo,30,5560,True,0.49723625641789354
Placebo,30,5719,True,0.20269441508202204
Placebo,30,6055,True,0.1999626805683867
Placebo,30,6121,True,0.336346701999365
Placebo,30,6128,True,0.07066252950471981
Placebo,30,6197,True,0.34621405316799253
Placebo,30,6336,True,0.3771248832571531
Placebo,30,6577,True,0.5661592616654076
Placebo,30,6717,True,0.2471168871120522
Placebo,30,6906,True,0.0
Placebo,30,8550,True,0.0
Placebo,30,8576,True,0.675962354498044
Placebo,30,8790,True,0.0
Placebo,30,8840,False,0.0
Placebo,30,8878,True,0.09092803061897885
Placebo,30,9337,True,0.1803895185407797
Placebo,30,9501,True,0.4454391424409459
Placebo,30,9512,False,0.0
Placebo,30,45,True,0.3493827716203163
Placebo,30,199,True,0.20127258367140935
Placebo,30,458,True,0.600005812077313
Placebo,30,564,True,0.7104770117651424
Placebo,30,717,True,0.0
Placebo,30,1109,True,0.43928170370832464
Placebo,30,1576,True,0.6271373844247468
Placebo,30,1711,False,0.0
Placebo,30,1868,True,0.0
Placebo,30,1942,True,0.23817537782521828
Placebo,30,2001,True,0.269192188395127
Placebo,30,2217,True,0.0
Placebo,30,2354,True,0.45803766059653883
Placebo,30,2761,True,0.13120507751234178
Placebo,30,2980,True,0.0
Placebo,30,3021,True,0.3830139449329953
Placebo,30,3030,True,0.1564262420075856
Placebo,30,3046,True,0.14601396020220633
Placebo,30,3050,True,0.5488433833568839
Placebo,30,3288,True,0.2642327942009399
Placebo,30,3302,True,0.5394142054003238
Placebo,30,3794,True,0.0
Placebo,30,3920,True,0.37422027342951
Placebo,30,3965,True,0.3032900911807743
Placebo,30,4193,True,0.31377182156803446
Placebo,30,4294,True,0.0
Placebo,30,4383,True,0.5147584046058025
Placebo,30,4474,True,0.1970884750459006
Placebo,30,5068,True,0.6177639991612475
Placebo,30,5258,True,0.0
Placebo,30,5306,True,0.8522541249803536
Placebo,30,5323,True,0.5627800803317354
Placebo,30,5421,True,0.6332574115566995
Placebo,30,5766,True,0.6548816068928175
Placebo,30,5877,True,0.19823228458061573
Placebo,30,5887,True,0.11967370633083635
Placebo,30,6126,True,0.1008674711662712
Placebo,30,6190,True,0.2598698859409189
Placebo,30,6224,True,0.35444817122545585
Placebo,30,6465,True,0.107789154524511
Placebo,30,6853,True,0.333215184554849
Placebo,30,6949,True,0.5188094252360957
Placebo,30,7107,True,0.159062803233228
Placebo,30,7240,True,0.0
Placebo,30,7937,True,0.5469356251448462
Placebo,30,8015,True,0.21264040460597403
Placebo,30,8066,True,0.39387222377968245
Placebo,30,8202,True,0.4592328821994161
Placebo,30,8321,True,0.23758010114334005
Placebo,30,9222,True,0.0
Placebo,30,9453,True,0.749405830869876
Placebo,30,73,True,0.30357773179781733
Placebo,30,390,True,0.6889244618754076
Placebo,30,424,True,0.0
Placebo,30,715,True,0.38902544265249644
Placebo,30,915,True,0.28351493630661884
Placebo,30,1579,True,0.24050386336290003
Placebo,30,1643,True,0.07278991643156446
Placebo,30,1679,True,0.4629501732281209
Placebo,30,1982,True,0.1951890007906611
Placebo,30,2027,True,0.6105642609070513
Placebo,30,2211,True,0.0
Placebo,30,2228,True,0.285436055959774
Placebo,30,2352,True,0.0
Placebo,30,2520,True,0.0822043811811825
Placebo,30,2573,True,0.0
Placebo,30,2630,True,0.46080086551066224
Placebo,30,2666,True,0.28016730889767844
Placebo,30,2745,True,0.3286095842312045
Placebo,30,3149,True,0.5655079742469381
Placebo,30,3369,True,0.23748442756255514
Placebo,30,3617,True,0.22829689109657755
Placebo,30,3862,True,0.0
Placebo,30,4124,True,0.5510685737265764
Placebo,30,4218,True,0.19550438680604865
Placebo,30,4268,True,0.4660786386522084
Placebo,30,4452,True,0.21925930902388624
Placebo,30,4522,True,0.504861165411926
Placebo,30,4784,True,0.44717059696944855
Placebo,30,5139,True,0.0
Placebo,30,5438,True,0.42709708934719653
Placebo,30,5565,True,0.0
Placebo,30,5684,True,0.6334259819862929
Placebo,30,5775,True,0.48583201038555207
Placebo,30,6110,True,0.21344026416584153
Placebo,30,6488,True,0.17342765698823942
Placebo,30,6590,True,0.46706398797208626
Placebo,30,6793,True,0.23423832929650562
Placebo,30,7090,True,0.23666170771022868
Placebo,30,7112,True,0.6394266963280801
Placebo,30,7167,True,0.11381311447980796
Placebo,30,7287,True,0.6241267194400701
Placebo,30,7370,True,0.31144255005982846
Placebo,30,7547,True,0.17731504425766748
Placebo,30,7589,True,0.0
Placebo,30,7622,True,0.06978419164318803
Placebo,30,7640,False,0.0
Placebo,30,7757,True,0.2905195361960419
Placebo,30,8162,True,0.4713947661780472
Placebo,30,8508,True,0.0
Placebo,30,8597,True,0.37833573912719654
Placebo,30,8771,True,0.0
Placebo,30,288,True,0.6064533028295916
Placebo,30,635,True,0.26739759000741586
Placebo,30,654,True,0.0
Placebo,30,699,True,0.1244541635112973
Placebo,30,743,True,0.46424922916932104
Placebo,30,946,True,0.0
Placebo,30,976,True,0.09791292534996787
Placebo,30,1144,True,0.6068146687222437
Placebo,30,1187,True,0.23646526140959734
Placebo,30,1384,True,0.0
Placebo,30,1415,True,0.49295333518717144
Placebo,30,1443,True,0.3046311275535362
Placebo,30,1629,True,0.31819340032055954
Placebo,30,1684,True,0.0
Placebo,30,1802,True,0.1760060557281954
Placebo,30,1914,True,0.5284971059434003
Placebo,30,2046,True,0.0
Placebo,30,2071,True,0.25469395201702705
Placebo,30,2340,True,0.15521096142724536
Placebo,30,2749,True,0.3909693318490996
Placebo,30,3517,True,0.44082051295997704
Placebo,30,3758,True,0.0
Placebo,30,4110,True,0.12738175409174632
Placebo,30,4111,True,0.17342765698823942
Placebo,30,4144,True,0.43010777056042215
Placebo,30,5021,True,0.09791292534996787
Placebo,30,5032,True,0.6312675908486922
Placebo,30,5096,True,0.39133173519393794
Placebo,30,5109,True,0.536490346920217
Placebo,30,5114,True,0.20400787375019783
Placebo,30,5977,True,0.0
Placebo,30,5984,True,0.5208944840254913
Placebo,30,6353,True,0.5790992271113291
Placebo,30,6373,True,0.32043452043507936
Placebo,30,6539,True,0.0
Placebo,30,6554,True,0.4731403368840332
Placebo,30,6884,True,0.4306765580733929
Placebo,30,6955,True,0.0
Placebo,30,7020,True,0.4316583072282642
Placebo,30,7029,True,0.10327064981393906
Placebo,30,7280,True,0.0
Placebo,30,7394,True,0.20767426266892963
Placebo,30,7795,True,0.5552501300371973
Placebo,30,8108,True,0.5732030671327822
Placebo,30,8560,True,0.3838655820233257
Placebo,30,8632,True,0.32699775234764783
Placebo,30,8657,True,0.13240437438171412
Placebo,30,8777,True,0.5204357099736021
Placebo,30,9151,True,0.0
Placebo,30,9609,True,0.4671034547999446
Placebo,31,102,True,0.5830963265115908
Placebo,31,314,True,0.4639707730311849
Placebo,31,1068,True,0.3916240060567096
Placebo,31,1525,True,0.057959913024345
Placebo,31,1795,True,0.6492470199161371
Placebo,31,1929,True,0.2931666815411625
Placebo,31,1931,True,0.14465249243306436
Placebo,31,1991,True,0.060614569639142066
Placebo,31,2528,True,0.7595057905020491
Placebo,31,2697,True,0.5825999974406714
Placebo,31,2834,True,0.2963982761491221
Placebo,31,2845,True,0.5704284772213863
Placebo,31,3031,True,0.18584322834556297
Placebo,31,3250,True,0.22309897023205566
Placebo,31,3308,True,0.13318507347192182
Placebo,31,3402,True,0.14564960083076878
Placebo,31,3426,True,0.0571330479527911
Placebo,31,3449,True,0.528123925638498
Placebo,31,3756,True,0.29736948361453563
Placebo,31,4141,True,0.5298929876044237
Placebo,31,4210,True,0.5125794903732537
Placebo,31,4516,True,0.292051326394889
Placebo,31,4692,True,0.0
Placebo,31,4700,True,0.0
Placebo,31,4910,False,0.0
Placebo,31,4962,True,0.39149802294135577
Placebo,31,5275,True,0.18905709333163614
Placebo,31,5671,True,0.3176469619858067
Placebo,31,5683,True,0.36666346620271456
Placebo,31,6067,True,0.5179529370955849
Placebo,31,6378,True,0.42074648012950944
Placebo,31,6495,True,0.3988553110407672
Placebo,31,6868,True,0.6670658921752937
Placebo,31,6880,True,0.3234012942588181
Placebo,31,7144,True,0.36452597632915557
Placebo,31,7413,True,0.3041629583625751
Placebo,31,7526,True,0.08671382849411978
Placebo,31,7531,True,0.0
Placebo,31,7577,True,0.0
Placebo,31,7621,True,0.15901981508125562
Placebo,31,8198,True,0.2619173096668291
Placebo,31,8442,True,0.16788429622804935
Placebo,31,8452,True,0.4821725262930988
Placebo,31,8476,True,0.20176132453476348
Placebo,31,8541,True,0.531558257547902
Placebo,31,8802,True,0.7026735667048365
Placebo,31,8816,True,0.5055053205690359
Placebo,31,8852,True,0.0
Placebo,31,9099,True,0.1388624438735545
Placebo,31,9479,True,0.0
Placebo,31,9625,False,0.0
Placebo,31,96,True,0.1356519734324477
Placebo,31,171,True,0.7592814483146743
Placebo,31,328,True,0.19519002499605084
Placebo,31,387,True,0.29161702171171866
Placebo,31,754,False,0.0
Placebo,31,983,True,0.34862584420449955
Placebo,31,1039,True,0.5483296417100487
Placebo,31,1098,True,0.3307141173247628
Placebo,31,1120,True,0.0
Placebo,31,1275,True,0.34285822752507583
Placebo,31,1343,True,0.0
Placebo,31,1483,True,0.12351493780844891
Placebo,31,2005,True,0.06625422345438896
Placebo,31,2048,True,0.5691625669483747
Placebo,31,2379,True,0.5188918038832063
Placebo,31,2516,True,0.5255089407316078
Placebo,31,2601,True,0.26703394979613426
Placebo,31,3210,True,0.27097831378467974
Placebo,31,3601,True,0.0
Placebo,31,3729,True,0.23877878044046863
Placebo,31,3832,True,0.5538474338514777
Placebo,31,4104,True,0.2996484034259831
Placebo,31,4286,True,0.5472523571716827
Placebo,31,4329,True,0.14829723057014907
Placebo,31,4553,True,0.06012983951359326
Placebo,31,4790,True,0.0
Placebo,31,4844,True,0.09803928583135697
Placebo,31,4994,True,0.13956838328637605
Placebo,31,5020,True,0.5469713651872812
Placebo,31,5293,True,0.3566853323536162
Placebo,31,5338,True,0.7066027076615428
Placebo,31,5343,True,0.3125291152215463
Placebo,31,5464,True,0.16483672506293195
Placebo,31,5560,True,0.4307819276262061
Placebo,31,5719,True,0.25234724418867266
Placebo,31,6055,True,0.34445239307233994
Placebo,31,6121,True,0.6176971601485802
Placebo,31,6128,True,0.08943363431807563
Placebo,31,6197,True,0.4167961807390029
Placebo,31,6336,True,0.36131052864471447
Placebo,31,6577,True,0.5277954110222589
Placebo,31,6717,True,0.0
Placebo,31,6906,True,0.0
Placebo,31,8550,True,0.0
Placebo,31,8576,True,0.6430803341158876
Placebo,31,8790,True,0.0
Placebo,31,8840,False,0.0
Placebo,31,8878,True,0.09092803061897885
Placebo,31,9337,True,0.41173745886718893
Placebo,31,9501,True,0.4753798315436684
Placebo,31,9512,False,0.0
Placebo,31,45,True,0.0
Placebo,31,199,True,0.1388624438735545
Placebo,31,458,True,0.6798549559259145
Placebo,31,564,True,0.7018748147052699
Placebo,31,717,True,0.0
Placebo,31,1109,True,0.6648288057236774
Placebo,31,1576,True,0.1568625358978486
Placebo,31,1711,False,0.0
Placebo,31,1868,True,0.0
Placebo,31,1942,True,0.3329785367819111
Placebo,31,2001,True,0.0
Placebo,31,2217,True,0.0
Placebo,31,2354,True,0.45411097290853897
Placebo,31,2761,True,0.0
Placebo,31,2980,True,0.24618570546556073
Placebo,31,3021,True,0.29561649393375017
Placebo,31,3030,True,0.20210734650054754
Placebo,31,3046,True,0.3181256064664558
Placebo,31,3050,True,0.5205345190688087
Placebo,31,3288,True,0.19918073351217966
Placebo,31,3302,True,0.11323131814908473
Placebo,31,3794,True,0.11223274637666518
Placebo,31,3920,True,0.35730922778057417
Placebo,31,3965,True,0.18737318834143246
Placebo,31,4193,True,0.454249747884942
Placebo,31,4294,True,0.25896409002181064
Placebo,31,4383,True,0.4620613898288629
Placebo,31,4474,True,0.24701700635598114
Placebo,31,5068,True,0.5231668202532399
Placebo,31,5258,True,0.038724791295423604
Placebo,31,5306,True,0.344526284747476
Placebo,31,5323,True,0.576200550320132
Placebo,31,5421,True,0.663480325482366
Placebo,31,5766,True,0.56626351681275
Placebo,31,5877,True,0.10369639533646699
Placebo,31,5887,True,0.32922987746079524
Placebo,31,6126,True,0.0
Placebo,31,6190,True,0.5492227004258524
Placebo,31,6224,True,0.22784037450527975
Placebo,31,6465,True,0.1909208661789346
Placebo,31,6853,True,0.046914224068210206
Placebo,31,6949,True,0.579057809123632
Placebo,31,7107,True,0.1153802952180026
Placebo,31,7240,True,0.0
Placebo,31,7937,True,0.8384748695285009
Placebo,31,8015,True,0.10633668103022988
Placebo,31,8066,True,0.3362858524571025
Placebo,31,8202,True,0.3244354738358675
Placebo,31,8321,True,0.38222627661808223
Placebo,31,9222,True,0.0
Placebo,31,9453,True,0.7655544541818448
Placebo,31,73,True,0.3009649007674424
Placebo,31,390,True,0.48923883527866535
Placebo,31,424,True,0.0
Placebo,31,715,True,0.6578918078490488
Placebo,31,915,True,0.3562315886146008
Placebo,31,1579,True,0.48555516041617053
Placebo,31,1643,True,0.0
Placebo,31,1679,True,0.6430116150651937
Placebo,31,1982,True,0.34369669139214537
Placebo,31,2027,True,0.28111450084013273
Placebo,31,2211,True,0.09109240322345795
Placebo,31,2228,True,0.46288855153476016
Placebo,31,2352,True,0.26406812257259077
Placebo,31,2520,True,0.1971581823803795
Placebo,31,2573,True,0.1100458831490401
Placebo,31,2630,True,0.5931906778067062
Placebo,31,2666,True,0.2102600810876649
Placebo,31,2745,True,0.12494435703734957
Placebo,31,3149,True,0.28338237682457335
Placebo,31,3369,True,0.09833639916734033
Placebo,31,3617,True,0.4128382157363464
Placebo,31,3862,True,0.0
Placebo,31,4124,True,0.31210404590605584
Placebo,31,4218,True,0.33595287587742945
Placebo,31,4268,True,0.5144081995122437
Placebo,31,4452,True,0.0
Placebo,31,4522,True,0.3709182400459877
Placebo,31,4784,True,0.786087791919556
Placebo,31,5139,True,0.28097267762005257
Placebo,31,5438,True,0.2544989384344368
Placebo,31,5565,True,0.1128977712790384
Placebo,31,5684,True,0.1423390241169477
Placebo,31,5775,True,0.3381652993992106
Placebo,31,6110,True,0.053368457452889664
Placebo,31,6488,True,0.11838279295536289
Placebo,31,6590,True,0.5097115464494999
Placebo,31,6793,True,0.5031338051632576
Placebo,31,7090,True,0.4694509375723855
Placebo,31,7112,True,0.6829330221383497
Placebo,31,7167,True,0.3469507841936164
Placebo,31,7287,True,0.37605952752035593
Placebo,31,7370,True,0.3027483206434119
Placebo,31,7547,True,0.36976210047524743
Placebo,31,7589,True,0.10218331334064325
Placebo,31,7622,True,0.1340402346263696
Placebo,31,7640,False,0.0
Placebo,31,7757,True,0.4080157475003957
Placebo,31,8162,True,0.5125526209363543
Placebo,31,8508,True,0.17342765698823942
Placebo,31,8597,True,0.3748962040351299
Placebo,31,8771,True,0.0
Placebo,31,288,True,0.5548179779226221
Placebo,31,635,True,0.40857823259628845
Placebo,31,654,True,0.13603488629504495
Placebo,31,699,True,0.0
Placebo,31,743,True,0.2608962867669904
Placebo,31,946,True,0.0
Placebo,31,976,True,0.10633668103022988
Placebo,31,1144,True,0.7150477499287493
Placebo,31,1187,True,0.4716014242788196
Placebo,31,1384,True,0.14573473180593433
Placebo,31,1415,True,0.6807351507646946
Placebo,31,1443,True,0.39766214937501926
Placebo,31,1629,True,0.44010681938111135
Placebo,31,1684,True,0.2576729220299205
Placebo,31,1802,True,0.16952254156994173
Placebo,31,1914,True,0.5345547560018107
Placebo,31,2046,True,0.0
Placebo,31,2071,True,0.40596478386503626
Placebo,31,2340,True,0.04236776600349701
Placebo,31,2749,True,0.2916921312403582
Placebo,31,3517,True,0.34710753063349914
Placebo,31,3758,True,0.0771660742637523
Placebo,31,4110,True,0.27766387270489207
Placebo,31,4111,True,0.07945707943276738
Placebo,31,4144,True,0.3027060745558305
Placebo,31,5021,True,0.07945707943276738
Placebo,31,5032,True,0.5567858414732489
Placebo,31,5096,True,0.4498055989950337
Placebo,31,5109,True,0.6022554107696675
Placebo,31,5114,True,0.3182088950120325
Placebo,31,5977,True,0.0
Placebo,31,5984,True,0.4805524742800744
Placebo,31,6353,True,0.6079392790808676
Placebo,31,6373,True,0.47545341998674073
Placebo,31,6539,True,0.0
Placebo,31,6554,True,0.5905328021635058
Placebo,31,6884,True,0.0
Placebo,31,6955,True,0.0
Placebo,31,7020,True,0.47460382167237114
Placebo,31,7029,True,0.2774296861232321
Placebo,31,7280,True,0.1299140311567813
Placebo,31,7394,True,0.09032817540646051
Placebo,31,7795,True,0.6466550465277531
Placebo,31,8108,True,0.2777045025687933
Placebo,31,8560,True,0.4006663379860552
Placebo,31,8632,True,0.3575161767691483
Placebo,31,8657,True,0.0576901476090013
Placebo,31,8777,True,0.6708299094378222
Placebo,31,9151,True,0.1595890771248963
Placebo,31,9609,True,0.5619107241149829
Placebo,32,102,True,0.6439955998480763
Placebo,32,314,True,0.4300116148478688
Placebo,32,1068,True,0.5564384682974453
Placebo,32,1525,True,0.12485350142749298
Placebo,32,1795,True,0.6191720233640324
Placebo,32,1929,True,0.5034214418035101
Placebo,32,1931,True,0.1388624438735545
Placebo,32,1991,True,0.4185110010223202
Placebo,32,2528,True,0.4777479222377959
Placebo,32,2697,True,0.5323278953434087
Placebo,32,2834,True,0.4004966621438404
Placebo,32,2845,True,0.33137349498839563
Placebo,32,3031,True,0.2474021267617415
Placebo,32,3250,True,0.4081840893839589
Placebo,32,3308,True,0.46373583645249733
Placebo,32,3402,True,0.04929175392995458
Placebo,32,3426,True,0.07342152046227965
Placebo,32,3449,True,0.41509573227429186
Placebo,32,3756,True,0.23992089480238074
Placebo,32,4141,True,0.5442617768531853
Placebo,32,4210,True,0.3640040219982768
Placebo,32,4516,True,0.21393304121935144
Placebo,32,4692,True,0.20151514190050243
Placebo,32,4700,True,0.2208381808107176
Placebo,32,4910,False,0.0
Placebo,32,4962,True,0.3714891073940902
Placebo,32,5275,True,0.1423072526959275
Placebo,32,5671,True,0.2557983177140499
Placebo,32,5683,True,0.6058230499081988
Placebo,32,6067,True,0.5095461658847967
Placebo,32,6378,True,0.550539418053571
Placebo,32,6495,True,0.6113074053790868
Placebo,32,6868,True,0.5651955739717758
Placebo,32,6880,True,0.5002297079930371
Placebo,32,7144,True,0.33122271424842714
Placebo,32,7413,True,0.4129369341619902
Placebo,32,7526,True,0.20736755913902155
Placebo,32,7531,True,0.0
Placebo,32,7577,True,0.0
Placebo,32,7621,True,0.11426490779861079
Placebo,32,8198,True,0.3224435399096773
Placebo,32,8442,True,0.2682639167333794
Placebo,32,8452,True,0.4556283385048303
Placebo,32,8476,True,0.42725971709849436
Placebo,32,8541,True,0.5106536292658417
Placebo,32,8802,True,0.16126977104823187
Placebo,32,8816,True,0.0
Placebo,32,8852,True,0.0
Placebo,32,9099,True,0.06362078819895167
Placebo,32,9479,True,0.0
Placebo,32,9625,False,0.0
Placebo,32,96,True,0.2960819109658652
Placebo,32,171,True,0.6225265644270873
Placebo,32,328,True,0.11284514134893517
Placebo,32,387,True,0.3772247622596504
Placebo,32,754,False,0.0
Placebo,32,983,True,0.5354368613514523
Placebo,32,1039,True,0.4350624941733297
Placebo,32,1098,True,0.5207579879951373
Placebo,32,1120,True,0.26406812257259077
Placebo,32,1275,True,0.3411771705420282
Placebo,32,1343,True,0.26348199495589897
Placebo,32,1483,True,0.09612432663346235
Placebo,32,2005,True,0.11020866307815122
Placebo,32,2048,True,0.7358599668149972
Placebo,32,2379,True,0.545608889175906
Placebo,32,2516,True,0.5553415126180735
Placebo,32,2601,True,0.5635278622750397
Placebo,32,3210,True,0.22764874771875
Placebo,32,3601,True,0.0
Placebo,32,3729,True,0.24033952131067246
Placebo,32,3832,True,0.36632857785776385
Placebo,32,4104,True,0.04330890684638207
Placebo,32,4286,True,0.3638005796531198
Placebo,32,4329,True,0.06794340091829071
Placebo,32,4553,True,0.2027059231223251
Placebo,32,4790,True,0.10517431619883594
Placebo,32,4844,True,0.21497163806004013
Placebo,32,4994,True,0.2816974107078573
Placebo,32,5020,True,0.48246555930918605
Placebo,32,5293,True,0.3161654189035226
Placebo,32,5338,True,0.7955504178462025
Placebo,32,5343,True,0.07232624621653218
Placebo,32,5464,True,0.3919155012426423
Placebo,32,5560,True,0.48064216998533105
Placebo,32,5719,True,0.18028134149971092
Placebo,32,6055,True,0.08514311764162101
Placebo,32,6121,True,0.45431564376142075
Placebo,32,6128,True,0.0
Placebo,32,6197,True,0.2617647560419894
Placebo,32,6336,True,0.6498503418389262
Placebo,32,6577,True,0.40615461484484033
Placebo,32,6717,True,0.09232555472959778
Placebo,32,6906,True,0.0
Placebo,32,8550,True,0.0
Placebo,32,8576,True,0.6061217863917802
Placebo,32,8790,True,0.0
Placebo,32,8840,False,0.0
Placebo,32,8878,True,0.6831308781395217
Placebo,32,9337,True,0.17806915746298954
Placebo,32,9501,True,0.4498674863255686
Placebo,32,9512,False,0.0
Placebo,32,45,True,0.10229129561045573
Placebo,32,199,True,0.38036845985266754
Placebo,32,458,True,0.7177373727875337
Placebo,32,564,True,0.7971475675100274
Placebo,32,717,True,0.07896843623988549
Placebo,32,1109,True,0.5387198768070652
Placebo,32,1576,True,0.0
Placebo,32,1711,False,0.0
Placebo,32,1868,True,0.0
Placebo,32,1942,True,0.19324359729886328
Placebo,32,2001,True,0.0571130175792186
Placebo,32,2217,True,0.23230604393401819
Placebo,32,2354,True,0.3527644593648406
Placebo,32,2761,True,0.4392285457507504
Placebo,32,2980,True,0.1598724415465696
Placebo,32,3021,True,0.15298509968791668
Placebo,32,3030,True,0.23463936301137828
Placebo,32,3046,True,0.23528745906218257
Placebo,32,3050,True,0.6740850111619682
Placebo,32,3288,True,0.3590579932236648
Placebo,32,3302,True,0.22135008786681581
Placebo,32,3794,True,0.2843494305797585
Placebo,32,3920,True,0.4436839231401159
Placebo,32,3965,True,0.1546060803466615
Placebo,32,4193,True,0.4956765483852494
Placebo,32,4294,True,0.07117026412480269
Placebo,32,4383,True,0.4740792036716547
Placebo,32,4474,True,0.17929436359245932
Placebo,32,5068,True,0.5347352560302903
Placebo,32,5258,True,0.0
Placebo,32,5306,True,0.7228714763474162
Placebo,32,5323,True,0.6020780239162796
Placebo,32,5421,True,0.564796295921994
Placebo,32,5766,True,0.637952319051851
Placebo,32,5877,True,0.0821774490341282
Placebo,32,5887,True,0.26378177790250856
Placebo,32,6126,True,0.107789154524511
Placebo,32,6190,True,0.5418325518665663
Placebo,32,6224,True,0.06784272269558313
Placebo,32,6465,True,0.09546043308946738
Placebo,32,6853,True,0.0
Placebo,32,6949,True,0.6651179641200702
Placebo,32,7107,True,0.08097835992217972
Placebo,32,7240,True,0.1934264036172709
Placebo,32,7937,True,0.6212166613240647
Placebo,32,8015,True,0.09476918482736578
Placebo,32,8066,True,0.5782616538809064
Placebo,32,8202,True,0.6249436858998724
Placebo,32,8321,True,0.3511645958153122
Placebo,32,9222,True,0.19031326377064928
Placebo,32,9453,True,0.5141660354311237
Placebo,32,73,True,0.3195286916368215
Placebo,32,390,True,0.4697247856306334
Placebo,32,424,True,0.0
Placebo,32,715,True,0.4275344557143821
Placebo,32,915,True,0.07839826897867538
Placebo,32,1579,True,0.4633832946206428
Placebo,32,1643,True,0.0
Placebo,32,1679,True,0.34799915620173394
Placebo,32,1982,True,0.0733639220993601
Placebo,32,2027,True,0.2588719415739148
Placebo,32,2211,True,0.0
Placebo,32,2228,True,0.15677529026402073
Placebo,32,2352,True,0.0
Placebo,32,2520,True,0.22984675280699957
Placebo,32,2573,True,0.4537425745411855
Placebo,32,2630,True,0.5670495692456502
Placebo,32,2666,True,0.28625352921460456
Placebo,32,2745,True,0.340984500799361
Placebo,32,3149,True,0.549392985735473
Placebo,32,3369,True,0.07890423185058451
Placebo,32,3617,True,0.3786270721716403
Placebo,32,3862,True,0.18465110945919555
Placebo,32,4124,True,0.5506144653999813
Placebo,32,4218,True,0.25302443381651185
Placebo,32,4268,True,0.5331271117271945
Placebo,32,4452,True,0.0
Placebo,32,4522,True,0.5125434604527874
Placebo,32,4784,True,0.5642525252260966
Placebo,32,5139,True,0.0
Placebo,32,5438,True,0.14453755287395306
Placebo,32,5565,True,0.11402030554812133
Placebo,32,5684,True,0.4236374053928314
Placebo,32,5775,True,0.2711299091787096
Placebo,32,6110,True,0.18778181557752316
Placebo,32,6488,True,0.10633668103022988
Placebo,32,6590,True,0.3601274534663287
Placebo,32,6793,True,0.27239683938958675
Placebo,32,7090,True,0.3055884914888278
Placebo,32,7112,True,0.6564154351969554
Placebo,32,7167,True,0.6205981712042176
Placebo,32,7287,True,0.5393313147168171
Placebo,32,7370,True,0.17001186830194134
Placebo,32,7547,True,0.4429184420257516
Placebo,32,7589,True,0.05109165667032166
Placebo,32,7622,True,0.29523532155938936
Placebo,32,7640,False,0.0
Placebo,32,7757,True,0.2682639167333795
Placebo,32,8162,True,0.5917879816209866
Placebo,32,8508,True,0.08916963639944173
Placebo,32,8597,True,0.6391446211328667
Placebo,32,8771,True,0.13012668333070063
Placebo,32,288,True,0.4780762383994374
Placebo,32,635,True,0.12677867936906678
Placebo,32,654,True,0.10780509678375631
Placebo,32,699,True,0.3576178474820145
Placebo,32,743,True,0.443899351402949
Placebo,32,946,True,0.0
Placebo,32,976,True,0.20712892182016215
Placebo,32,1144,True,0.7564218410458977
Placebo,32,1187,True,0.5287920840793818
Placebo,32,1384,True,0.14831454428471355
Placebo,32,1415,True,0.3249943647883567
Placebo,32,1443,True,0.5300352827563903
Placebo,32,1629,True,0.41858851551736254
Placebo,32,1684,True,0.07245218800307755
Placebo,32,1802,True,0.0
Placebo,32,1914,True,0.3567462989239334
Placebo,32,2046,True,0.0
Placebo,32,2071,True,0.5768260756109673
Placebo,32,2340,True,0.22379419430447448
Placebo,32,2749,True,0.4772311767167573
Placebo,32,3517,True,0.16483672506293187
Placebo,32,3758,True,0.3933292834867517
Placebo,32,4110,True,0.08759319939069703
Placebo,32,4111,True,0.08671382849411978
Placebo,32,4144,True,0.4600899472001142
Placebo,32,5021,True,0.0
Placebo,32,5032,True,0.23214033921123092
Placebo,32,5096,True,0.11214548115428351
Placebo,32,5109,True,0.639472682562856
Placebo,32,5114,True,0.02607213242327893
Placebo,32,5977,True,0.0
Placebo,32,5984,True,0.6543394276720665
Placebo,32,6353,True,0.6058228524817445
Placebo,32,6373,True,0.3047093774573229
Placebo,32,6539,True,0.0
Placebo,32,6554,True,0.6285280735785563
Placebo,32,6884,True,0.0
Placebo,32,6955,True,0.0
Placebo,32,7020,True,0.6097067833060242
Placebo,32,7029,True,0.10884448316158764
Placebo,32,7280,True,0.4771793449112989
Placebo,32,7394,True,0.34021560908460596
Placebo,32,7795,True,0.5532837799559058
Placebo,32,8108,True,0.22301775114131486
Placebo,32,8560,True,0.36286726527231594
Placebo,32,8632,True,0.3709885568815026
Placebo,32,8657,True,0.08097835992217972
Placebo,32,8777,True,0.8076171352351187
Placebo,32,9151,True,0.0
Placebo,32,9609,True,0.42333070005078094
Placebo,33,102,True,0.6289211818970339
Placebo,33,314,True,0.3512482588963034
Placebo,33,1068,True,0.4037193075364139
Placebo,33,1525,True,0.3946646366206507
Placebo,33,1795,True,0.4820529498647087
Placebo,33,1929,True,0.4897506305586283
Placebo,33,1931,True,0.1100458831490401
Placebo,33,1991,True,0.14074267220463055
Placebo,33,2528,True,0.5659435644749864
Placebo,33,2697,True,0.4754245079575427
Placebo,33,2834,True,0.4548741206457377
Placebo,33,2845,True,0.054446697840052224
Placebo,33,3031,True,0.2864126013642523
Placebo,33,3250,True,0.32251777932979425
Placebo,33,3308,True,0.19782222794768722
Placebo,33,3402,True,0.16261022871592765
Placebo,33,3426,True,0.0
Placebo,33,3449,True,0.15901981508125562
Placebo,33,3756,True,0.3598726917809404
Placebo,33,4141,True,0.49447880059622307
Placebo,33,4210,True,0.6320829229010421
Placebo,33,4516,True,0.0
Placebo,33,4692,True,0.09232555472959778
Placebo,33,4700,True,0.4384685740392189
Placebo,33,4910,False,0.0
Placebo,33,4962,True,0.28634598975246917
Placebo,33,5275,True,0.23823468735139483
Placebo,33,5671,True,0.06783737948565619
Placebo,33,5683,True,0.6295155109452586
Placebo,33,6067,True,0.5578792148571936
Placebo,33,6378,True,0.37209371122490525
Placebo,33,6495,True,0.13889697766331777
Placebo,33,6868,True,0.6780580235266064
Placebo,33,6880,True,0.4086375965953428
Placebo,33,7144,True,0.22010879042717113
Placebo,33,7413,True,0.4535876872409404
Placebo,33,7526,True,0.5306972923267993
Placebo,33,7531,True,0.0
Placebo,33,7577,True,0.0
Placebo,33,7621,True,0.20172413925289845
Placebo,33,8198,True,0.33938285848091143
Placebo,33,8442,True,0.11381311447980796
Placebo,33,8452,True,0.5146099798488434
Placebo,33,8476,True,0.17716623626709055
Placebo,33,8541,True,0.5895071839656566
Placebo,33,8802,True,0.11446717208084213
Placebo,33,8816,True,0.057959913024345
Placebo,33,8852,True,0.0
Placebo,33,9099,True,0.42491919929197514
Placebo,33,9479,True,0.20438239758848625
Placebo,33,9625,False,0.0
Placebo,33,96,True,0.0
Placebo,33,171,True,0.6548251789696156
Placebo,33,328,True,0.19519002499605084
Placebo,33,387,True,0.0884104856384033
Placebo,33,754,False,0.0
Placebo,33,983,True,0.48793345983196046
Placebo,33,1039,True,0.6242227949340453
Placebo,33,1098,True,0.33069862263328986
Placebo,33,1120,True,0.0
Placebo,33,1275,True,0.3185152531354232
Placebo,33,1343,True,0.30018575153048876
Placebo,33,1483,True,0.3398053356374134
Placebo,33,2005,True,0.23992089480238074
Placebo,33,2048,True,0.633676653474354
Placebo,33,2379,True,0.5772871697891991
Placebo,33,2516,True,0.46847633566894464
Placebo,33,2601,True,0.17212281453740183
Placebo,33,3210,True,0.4866478900814746
Placebo,33,3601,True,0.0
Placebo,33,3729,True,0.12405224220765862
Placebo,33,3832,True,0.4260310385978655
Placebo,33,4104,True,0.047264273332909064
Placebo,33,4286,True,0.5033326383734
Placebo,33,4329,True,0.43629323812092163
Placebo,33,4553,True,0.1487129576471385
Placebo,33,4790,True,0.0
Placebo,33,4844,True,0.16958010263680806
Placebo,33,4994,True,0.3139551995423507
Placebo,33,5020,True,0.5691013464605408
Placebo,33,5293,True,0.5279213040188805
Placebo,33,5338,True,0.5766019251776479
Placebo,33,5343,True,0.37447786422115337
Placebo,33,5464,True,0.0
Placebo,33,5560,True,0.4922417650721204
Placebo,33,5719,True,0.462187260066323
Placebo,33,6055,True,0.4131279133289227
Placebo,33,6121,True,0.8159779983062976
Placebo,33,6128,True,0.12386934723300858
Placebo,33,6197,True,0.07855213399923987
Placebo,33,6336,True,0.5337324359277429
Placebo,33,6577,True,0.4195959541579779
Placebo,33,6717,True,0.0
Placebo,33,6906,True,1.0
Placebo,33,8550,True,0.0
Placebo,33,8576,True,0.4403377223829998
Placebo,33,8790,True,0.3333333333333335
Placebo,33,8840,False,0.0
Placebo,33,8878,True,0.38334277998463445
Placebo,33,9337,True,0.11120921322406253
Placebo,33,9501,True,0.6066786449027627
Placebo,33,9512,False,0.0
Placebo,33,45,True,0.03858303713187615
Placebo,33,199,True,0.2200917662980802
Placebo,33,458,True,0.6906485670255654
Placebo,33,564,True,0.8250166110242896
Placebo,33,717,True,0.0
Placebo,33,1109,True,0.3777435551472461
Placebo,33,1576,True,0.0
Placebo,33,1711,False,0.0
Placebo,33,1868,True,0.0
Placebo,33,1942,True,0.26726424874309274
Placebo,33,2001,True,0.0
Placebo,33,2217,True,0.0
Placebo,33,2354,True,0.44246956057795944
Placebo,33,2761,True,0.45997150797311037
Placebo,33,2980,True,0.0
Placebo,33,3021,True,0.5255695638364433
Placebo,33,3030,True,0.0
Placebo,33,3046,True,0.5375039954241508
Placebo,33,3050,True,0.6702598464548785
Placebo,33,3288,True,0.5207705725024993
Placebo,33,3302,True,0.48543381715337985
Placebo,33,3794,True,0.14170703619723826
Placebo,33,3920,True,0.5183696403559352
Placebo,33,3965,True,0.18792962508727845
Placebo,33,4193,True,0.5096781770530762
Placebo,33,4294,True,0.0
Placebo,33,4383,True,0.4391742972250102
Placebo,33,4474,True,0.3318636299178175
Placebo,33,5068,True,0.35155527719261503
Placebo,33,5258,True,0.0
Placebo,33,5306,True,0.7366390843621238
Placebo,33,5323,True,0.5426640902903407
Placebo,33,5421,True,0.8546876825242049
Placebo,33,5766,True,0.6350584024407195
Placebo,33,5877,True,0.06718247775149597
Placebo,33,5887,True,0.5922281951705289
Placebo,33,6126,True,0.0
Placebo,33,6190,True,0.5363041102095828
Placebo,33,6224,True,0.37830330067616963
Placebo,33,6465,True,0.09109240322345795
Placebo,33,6853,True,0.28683611998624925
Placebo,33,6949,True,0.5272734059707014
Placebo,33,7107,True,0.06975096265942549
Placebo,33,7240,True,0.28532085947766
Placebo,33,7937,True,0.5990231294033878
Placebo,33,8015,True,0.22446659782521325
Placebo,33,8066,True,0.20009096110378946
Placebo,33,8202,True,0.45074349276630804
Placebo,33,8321,True,0.5488899175411588
Placebo,33,9222,True,0.2086343472530863
Placebo,33,9453,True,0.44850014513437286
Placebo,33,73,True,0.442623382101364
Placebo,33,390,True,0.42979979386406514
Placebo,33,424,True,0.0
Placebo,33,715,True,0.5163256868573093
Placebo,33,915,True,0.16867134721368437
Placebo,33,1579,True,0.33912805956289865
Placebo,33,1643,True,0.06312301365295118
Placebo,33,1679,True,0.5387325305171619
Placebo,33,1982,True,0.20379994970022483
Placebo,33,2027,True,0.2163419549600446
Placebo,33,2211,True,0.1303237659103706
Placebo,33,2228,True,0.19086904047954129
Placebo,33,2352,True,0.3868528072345415
Placebo,33,2520,True,0.18794896059806537
Placebo,33,2573,True,0.30308203017988256
Placebo,33,2630,True,0.6275197215869471
Placebo,33,2666,True,0.28945432717083086
Placebo,33,2745,True,0.0879405409051344
Placebo,33,3149,True,0.3823253574612152
Placebo,33,3369,True,0.36792125721353286
Placebo,33,3617,True,0.30428755305191807
Placebo,33,3862,True,0.0
Placebo,33,4124,True,0.4058651945327114
Placebo,33,4218,True,0.3307171399123626
Placebo,33,4268,True,0.5814304567379294
Placebo,33,4452,True,0.3026024134988135
Placebo,33,4522,True,0.4484152489376755
Placebo,33,4784,True,0.699483578673529
Placebo,33,5139,True,0.19519002499605084
Placebo,33,5438,True,0.4471054587060211
Placebo,33,5565,True,0.0
Placebo,33,5684,True,0.3616819582774586
Placebo,33,5775,True,0.5919268187287084
Placebo,33,6110,True,0.21089617017259324
Placebo,33,6488,True,0.0
Placebo,33,6590,True,0.38606616975353697
Placebo,33,6793,True,0.38972885628965537
Placebo,33,7090,True,0.45156237138868377
Placebo,33,7112,True,0.6800637267331644
Placebo,33,7167,True,0.7057973669794123
Placebo,33,7287,True,0.4535136439481531
Placebo,33,7370,True,0.11428257845677507
Placebo,33,7547,True,0.256974861661164
Placebo,33,7589,True,0.023892455441331156
Placebo,33,7622,True,0.23890771691752835
Placebo,33,7640,False,0.0
Placebo,33,7757,True,0.2221718921619653
Placebo,33,8162,True,0.5377581227784961
Placebo,33,8508,True,0.11838279295536289
Placebo,33,8597,True,0.5857721779311427
Placebo,33,8771,True,0.0
Placebo,33,288,True,0.6215442022545261
Placebo,33,635,True,0.279644294957718
Placebo,33,654,True,0.07187006452250423
Placebo,33,699,True,0.09478836436955075
Placebo,33,743,True,0.43767351089524037
Placebo,33,946,True,0.0
Placebo,33,976,True,0.0
Placebo,33,1144,True,0.708191206902737
Placebo,33,1187,True,0.2538690130502603
Placebo,33,1384,True,0.06232532315595917
Placebo,33,1415,True,0.5825658780636465
Placebo,33,1443,True,0.3862978794398555
Placebo,33,1629,True,0.2942026330205877
Placebo,33,1684,True,0.0
Placebo,33,1802,True,0.1803895185407797
Placebo,33,1914,True,0.30562144948140924
Placebo,33,2046,True,0.0
Placebo,33,2071,True,0.44221570425569623
Placebo,33,2340,True,0.2789584008903743
Placebo,33,2749,True,0.3724835390048021
Placebo,33,3517,True,0.4125714476798008
Placebo,33,3758,True,0.0
Placebo,33,4110,True,0.39760348953023783
Placebo,33,4111,True,0.17342765698823942
Placebo,33,4144,True,0.22007520686386436
Placebo,33,5021,True,0.0
Placebo,33,5032,True,0.6089942923679176
Placebo,33,5096,True,0.41129244525507425
Placebo,33,5109,True,0.639472682562856
Placebo,33,5114,True,0.1803895185407797
Placebo,33,5977,True,0.0
Placebo,33,5984,True,0.37482038547086277
Placebo,33,6353,True,0.6258026437526087
Placebo,33,6373,True,0.495008145943173
Placebo,33,6539,True,0.6131471927654585
Placebo,33,6554,True,0.6875154779292519
Placebo,33,6884,True,0.0
Placebo,33,6955,True,0.3026161352761789
Placebo,33,7020,True,0.5022899849769805
Placebo,33,7029,True,0.2722956088947917
Placebo,33,7280,True,0.05560460661203127
Placebo,33,7394,True,0.2516324909510607
Placebo,33,7795,True,0.5098324905228713
Placebo,33,8108,True,0.23690530871965648
Placebo,33,8560,True,0.6437727618208401
Placebo,33,8632,True,0.2507742310384604
Placebo,33,8657,True,0.0
Placebo,33,8777,True,0.6057839056743923
Placebo,33,9151,True,0.0
Placebo,33,9609,True,0.5352543167750637
Placebo,34,102,True,0.8155721639306736
Placebo,34,314,True,0.41131519501345465
Placebo,34,1068,True,0.5951279974427771
Placebo,34,1525,True,0.09452854666581807
Placebo,34,1795,True,0.4016428252485264
Placebo,34,1929,True,0.2922868972100152
Placebo,34,1931,True,0.3227266260473092
Placebo,34,1991,True,0.24231178074876514
Placebo,34,2528,True,0.5719721664130754
Placebo,34,2697,True,0.4709092759135779
Placebo,34,2834,True,0.35627349238654094
Placebo,34,2845,True,0.3819277007683513
Placebo,34,3031,True,0.11089952737761362
Placebo,34,3250,True,0.2783782542815701
Placebo,34,3308,True,0.28577336591636876
Placebo,34,3402,True,0.0
Placebo,34,3426,True,0.05486215600228704
Placebo,34,3449,True,0.6635074041447838
Placebo,34,3756,True,0.17993148201117176
Placebo,34,4141,True,0.6353170470238128
Placebo,34,4210,True,0.3477887642214913
Placebo,34,4516,True,0.3359458780736168
Placebo,34,4692,True,0.20151514190050243
Placebo,34,4700,True,0.20400787375019783
Placebo,34,4910,False,0.0
Placebo,34,4962,True,0.7009848915038878
Placebo,34,5275,True,0.29192633205650376
Placebo,34,5671,True,0.404156996198277
Placebo,34,5683,True,0.4042839558079974
Placebo,34,6067,True,0.5538474338514777
Placebo,34,6378,True,0.2632629178155599
Placebo,34,6495,True,0.5156570538423648
Placebo,34,6868,True,0.7041147099690452
Placebo,34,6880,True,0.45499201093973535
Placebo,34,7144,True,0.5218121540743896
Placebo,34,7413,True,0.5383136600741246
Placebo,34,7526,True,0.26408383327685503
Placebo,34,7531,True,0.22360018406683327
Placebo,34,7577,True,0.3154648767857289
Placebo,34,7621,True,0.20161870195816214
Placebo,34,8198,True,0.33154011930425004
Placebo,34,8442,True,0.29948901702907116
Placebo,34,8452,True,0.46987042515432137
Placebo,34,8476,True,0.3590780570217131
Placebo,34,8541,True,0.6093732407189514
Placebo,34,8802,True,0.3622469773415442
Placebo,34,8816,True,0.0
Placebo,34,8852,True,0.0
Placebo,34,9099,True,0.16815228646891087
Placebo,34,9479,True,0.0
Placebo,34,9625,False,0.0
Placebo,34,96,True,0.1815417925373527
Placebo,34,171,True,0.6929465186604532
Placebo,34,328,True,0.0
Placebo,34,387,True,0.3419933504798844
Placebo,34,754,False,0.0
Placebo,34,983,True,0.4923319848900763
Placebo,34,1039,True,0.49676587587722937
Placebo,34,1098,True,0.5964312691281116
Placebo,34,1120,True,0.17723928678404763
Placebo,34,1275,True,0.29269658273281135
Placebo,34,1343,True,0.19031326377064928
Placebo,34,1483,True,0.16816240827387505
Placebo,34,2005,True,0.17318663334822615
Placebo,34,2048,True,0.7570649202334608
Placebo,34,2379,True,0.6628851938709753
Placebo,34,2516,True,0.4923073068257799
Placebo,34,2601,True,0.0
Placebo,34,3210,True,0.4806329349640663
Placebo,34,3601,True,0.0
Placebo,34,3729,True,0.44495947189574137
Placebo,34,3832,True,0.5190412290119306
Placebo,34,4104,True,0.32346289082750235
Placebo,34,4286,True,0.49140108384195147
Placebo,34,4329,True,0.14829723057014907
Placebo,34,4553,True,0.05851819837674865
Placebo,34,4790,True,0.13961814555374907
Placebo,34,4844,True,0.0
Placebo,34,4994,True,0.0543026559841585
Placebo,34,5020,True,0.5247019767150128
Placebo,34,5293,True,0.3282551795089889
Placebo,34,5338,True,0.6742736880158761
Placebo,34,5343,True,0.2264018538767821
Placebo,34,5464,True,0.0
Placebo,34,5560,True,0.3704342505386157
Placebo,34,5719,True,0.09959151050478184
Placebo,34,6055,True,0.46692474155501906
Placebo,34,6121,True,0.48614254299610915
Placebo,34,6128,True,0.16991877596402008
Placebo,34,6197,True,0.1646757578864616
Placebo,34,6336,True,0.4221528195307841
Placebo,34,6577,True,0.5722276425663967
Placebo,34,6717,True,0.0
Placebo,34,6906,True,0.0
Placebo,34,8550,True,0.0
Placebo,34,8576,True,0.5093069317616593
Placebo,34,8790,True,0.0
Placebo,34,8840,False,0.0
Placebo,34,8878,True,0.3704196978370271
Placebo,34,9337,True,0.24372714563658926
Placebo,34,9501,True,0.4147814282807692
Placebo,34,9512,False,0.0
Placebo,34,45,True,0.37655935622456627
Placebo,34,199,True,0.0
Placebo,34,458,True,0.7518927079248122
Placebo,34,564,True,0.8434593103403102
Placebo,34,717,True,0.0
Placebo,34,1109,True,0.6290636373122788
Placebo,34,1576,True,0.0
Placebo,34,1711,False,0.0
Placebo,34,1868,True,0.0
Placebo,34,1942,True,0.5673727579147531
Placebo,34,2001,True,0.0
Placebo,34,2217,True,0.17748411539915543
Placebo,34,2354,True,0.27603392959832
Placebo,34,2761,True,0.0
Placebo,34,2980,True,0.0
Placebo,34,3021,True,0.3797749298880182
Placebo,34,3030,True,0.3056199281123407
Placebo,34,3046,True,0.2253020123600044
Placebo,34,3050,True,0.5077101493543003
Placebo,34,3288,True,0.4184912025323303
Placebo,34,3302,True,0.2738808040905749
Placebo,34,3794,True,0.12465064631191834
Placebo,34,3920,True,0.3751306114841452
Placebo,34,3965,True,0.4926301552696467
Placebo,34,4193,True,0.3351116936565725
Placebo,34,4294,True,0.14234052824960539
Placebo,34,4383,True,0.294504385661295
Placebo,34,4474,True,0.1931331085593736
Placebo,34,5068,True,0.1764628865325402
Placebo,34,5258,True,0.0
Placebo,34,5306,True,0.5669038559079617
Placebo,34,5323,True,0.578885121503137
Placebo,34,5421,True,0.7671513097251184
Placebo,34,5766,True,0.5739032469706379
Placebo,34,5877,True,0.14646072857027712
Placebo,34,5887,True,0.23034839143118752
Placebo,34,6126,True,0.3026024134988135
Placebo,34,6190,True,0.45849541558635515
Placebo,34,6224,True,0.28793448899366336
Placebo,34,6465,True,0.1303237659103706
Placebo,34,6853,True,0.31259293379553044
Placebo,34,6949,True,0.26395604724926675
Placebo,34,7107,True,0.17784543842046469
Placebo,34,7240,True,0.0
Placebo,34,7937,True,0.6699301990846065
Placebo,34,8015,True,0.20112881426068283
Placebo,34,8066,True,0.2601987253967184
Placebo,34,8202,True,0.3120012933002177
Placebo,34,8321,True,0.3478041142085609
Placebo,34,9222,True,0.0
Placebo,34,9453,True,0.7456640103106659
Placebo,34,73,True,0.06442942916813864
Placebo,34,390,True,0.5205780160489426
Placebo,34,424,True,0.0
Placebo,34,715,True,0.6698718030256233
Placebo,34,915,True,0.15840915256850244
Placebo,34,1579,True,0.6215803026446802
Placebo,34,1643,True,0.36002889474967864
Placebo,34,1679,True,0.3053453040460241
Placebo,34,1982,True,0.0
Placebo,34,2027,True,0.4516515960930109
Placebo,34,2211,True,0.1303237659103706
Placebo,34,2228,True,0.32323086840307846
Placebo,34,2352,True,0.0
Placebo,34,2520,True,0.2379002138506326
Placebo,34,2573,True,0.3125291152215463
Placebo,34,2630,True,0.5832734182327768
Placebo,34,2666,True,0.3288171453036786
Placebo,34,2745,True,0.14163830503027902
Placebo,34,3149,True,0.6123806315976851
Placebo,34,3369,True,0.296539150142791
Placebo,34,3617,True,0.5944278623559263
Placebo,34,3862,True,0.0
Placebo,34,4124,True,0.38203783787027557
Placebo,34,4218,True,0.03285554183355297
Placebo,34,4268,True,0.4557382231468146
Placebo,34,4452,True,0.0
Placebo,34,4522,True,0.4468128527577891
Placebo,34,4784,True,0.756902106715231
Placebo,34,5139,True,0.13905617951077567
Placebo,34,5438,True,0.41631799584627716
Placebo,34,5565,True,0.0
Placebo,34,5684,True,0.683171271888895
Placebo,34,5775,True,0.38459377241376086
Placebo,34,6110,True,0.32077188668198003
Placebo,34,6488,True,0.0
Placebo,34,6590,True,0.1868205883966853
Placebo,34,6793,True,0.37533945414825326
Placebo,34,7090,True,0.24293507976653914
Placebo,34,7112,True,0.3160487070085001
Placebo,34,7167,True,0.4594830279928916
Placebo,34,7287,True,0.41180684310257276
Placebo,34,7370,True,0.16842717545221186
Placebo,34,7547,True,0.4641251483060088
Placebo,34,7589,True,0.16195671984435944
Placebo,34,7622,True,0.0
Placebo,34,7640,False,0.0
Placebo,34,7757,True,0.2877560684732092
Placebo,34,8162,True,0.6515308225007833
Placebo,34,8508,True,0.0
Placebo,34,8597,True,0.36926819528831706
Placebo,34,8771,True,0.0
Placebo,34,288,True,0.2354280604791389
Placebo,34,635,True,0.3432055125699593
Placebo,34,654,True,0.0
Placebo,34,699,True,0.2200917662980802
Placebo,34,743,True,0.2228091049752035
Placebo,34,946,True,0.0
Placebo,34,976,True,0.2748763329142909
Placebo,34,1144,True,0.48151780957048373
Placebo,34,1187,True,0.43285844855095945
Placebo,34,1384,True,0.14170703619723826
Placebo,34,1415,True,0.6550145208353916
Placebo,34,1443,True,0.24575661158930062
Placebo,34,1629,True,0.10200393687509891
Placebo,34,1684,True,0.0
Placebo,34,1802,True,0.18083323179299285
Placebo,34,1914,True,0.4796926693938686
Placebo,34,2046,True,0.5
Placebo,34,2071,True,0.44262605445218256
Placebo,34,2340,True,0.09131359381373821
Placebo,34,2749,True,0.5988744195941429
Placebo,34,3517,True,0.3439280683973931
Placebo,34,3758,True,0.0
Placebo,34,4110,True,0.36583030597381955
Placebo,34,4111,True,0.24705835602745613
Placebo,34,4144,True,0.3156942575190759
Placebo,34,5021,True,0.19796212533499355
Placebo,34,5032,True,0.38606616975353697
Placebo,34,5096,True,0.0
Placebo,34,5109,True,0.5925584584946458
Placebo,34,5114,True,0.06425604298318159
Placebo,34,5977,True,0.3243991050595312
Placebo,34,5984,True,0.44288062155528923
Placebo,34,6353,True,0.33071663460062134
Placebo,34,6373,True,0.4063900558631055
Placebo,34,6539,True,0.0
Placebo,34,6554,True,0.3242287766722953
Placebo,34,6884,True,0.0
Placebo,34,6955,True,0.08196346139645697
Placebo,34,7020,True,0.16229198722211804
Placebo,34,7029,True,0.13584891263307547
Placebo,34,7280,True,0.0776895369576595
Placebo,34,7394,True,0.09019475927038985
Placebo,34,7795,True,0.5853255426326338
Placebo,34,8108,True,0.3301376494471203
Placebo,34,8560,True,0.4784181100255793
Placebo,34,8632,True,0.19834610117577708
Placebo,34,8657,True,0.05109165667032166
Placebo,34,8777,True,0.6330010975085976
Placebo,34,9151,True,0.0
Placebo,34,9609,True,0.44270017573363163
Placebo,35,102,True,0.6315442170943668
Placebo,35,314,True,0.4212462208431315
Placebo,35,1068,True,0.6179604228707157
Placebo,35,1525,True,0.14982420171299154
Placebo,35,1795,True,0.5450928132825608
Placebo,35,1929,True,0.3625340630273178
Placebo,35,1931,True,0.22445076342013456
Placebo,35,1991,True,0.13150106356477173
Placebo,35,2528,True,0.6584164950521588
Placebo,35,2697,True,0.5229963011884939
Placebo,35,2834,True,0.4032671810588843
Placebo,35,2845,True,0.29648769578017176
Placebo,35,3031,True,0.061756364365657776
Placebo,35,3250,True,0.3198938030334212
Placebo,35,3308,True,0.16126298982595633
Placebo,35,3402,True,0.35900208443098847
Placebo,35,3426,True,0.02239904079101563
Placebo,35,3449,True,0.6056596777792475
Placebo,35,3756,True,0.16421958630632805
Placebo,35,4141,True,0.5899657410055859
Placebo,35,4210,True,0.367350788793265
Placebo,35,4516,True,0.1310270225206669
Placebo,35,4692,True,0.11377041810078817
Placebo,35,4700,True,0.0862019719368722
Placebo,35,4910,False,0.0
Placebo,35,4962,True,0.3787833386759353
Placebo,35,5275,True,0.05566418523861733
Placebo,35,5671,True,0.2630002652844783
Placebo,35,5683,True,0.49134958296726583
Placebo,35,6067,True,0.5487453003741345
Placebo,35,6378,True,0.40349211907373667
Placebo,35,6495,True,0.5093577436997596
Placebo,35,6868,True,0.4671561622521625
Placebo,35,6880,True,0.5432393702622337
Placebo,35,7144,True,0.3307141173247628
Placebo,35,7413,True,0.5157078387326237
Placebo,35,7526,True,0.09476918482736578
Placebo,35,7531,True,0.17405962296107466
Placebo,35,7577,True,0.0
Placebo,35,7621,True,0.4847782299971156
Placebo,35,8198,True,0.26052826039880533
Placebo,35,8442,True,0.02607213242327893
Placebo,35,8452,True,0.27015779102732457
Placebo,35,8476,True,0.21045443829757637
Placebo,35,8541,True,0.43173821137798324
Placebo,35,8802,True,0.21434997322283647
Placebo,35,8816,True,0.2996484034259831
Placebo,35,8852,True,0.0
Placebo,35,9099,True,0.3732689537968543
Placebo,35,9479,True,0.20438239758848625
Placebo,35,9625,False,0.0
Placebo,35,96,True,0.0
Placebo,35,171,True,0.6025093900777324
Placebo,35,328,True,0.3903800499921017
Placebo,35,387,True,0.07491210085649577
Placebo,35,754,False,0.0
Placebo,35,983,True,0.6780580235266064
Placebo,35,1039,True,0.6085380901076779
Placebo,35,1098,True,0.41613108951033356
Placebo,35,1120,True,0.7977228895450265
Placebo,35,1275,True,0.27334570016781895
Placebo,35,1343,True,0.3376196667228326
Placebo,35,1483,True,0.2723098862471815
Placebo,35,2005,True,0.08514311764162101
Placebo,35,2048,True,0.4788174845671314
Placebo,35,2379,True,0.46378648366157565
Placebo,35,2516,True,0.45381570800455157
Placebo,35,2601,True,0.26453840634693143
Placebo,35,3210,True,0.38258786337785033
Placebo,35,3601,True,0.0
Placebo,35,3729,True,0.5434613351167804
Placebo,35,3832,True,0.44035232499985455
Placebo,35,4104,True,0.10850711560000403
Placebo,35,4286,True,0.6022823232593529
Placebo,35,4329,True,0.0226478003060969
Placebo,35,4553,True,0.11381311447980796
Placebo,35,4790,True,0.1100458831490401
Placebo,35,4844,True,0.0
Placebo,35,4994,True,0.40265313444306516
Placebo,35,5020,True,0.7505277747615183
Placebo,35,5293,True,0.3081617837472339
Placebo,35,5338,True,0.5838966611093218
Placebo,35,5343,True,0.17788860584462324
Placebo,35,5464,True,0.3123377732441928
Placebo,35,5560,True,0.34919910374668073
Placebo,35,5719,True,0.20479271233442997
Placebo,35,6055,True,0.1999626805683867
Placebo,35,6121,True,0.45501712949720713
Placebo,35,6128,True,0.08148406294050631
Placebo,35,6197,True,0.09433977177472173
Placebo,35,6336,True,0.4042211873085408
Placebo,35,6577,True,0.5361160534194236
Placebo,35,6717,True,0.0942363560390881
Placebo,35,6906,True,0.0
Placebo,35,8550,True,0.0
Placebo,35,8576,True,0.574964919935259
Placebo,35,8790,True,0.0
Placebo,35,8840,False,0.0
Placebo,35,8878,True,0.45077352748888544
Placebo,35,9337,True,0.15015898005062545
Placebo,35,9501,True,0.5873146826863687
Placebo,35,9512,False,0.0
Placebo,35,45,True,0.10502960579996924
Placebo,35,199,True,0.17318663334822615
Placebo,35,458,True,0.5538440557870158
Placebo,35,564,True,0.7346596655422586
Placebo,35,717,True,0.0
Placebo,35,1109,True,0.7858174765349519
Placebo,35,1576,True,0.30399713951307283
Placebo,35,1711,False,0.0
Placebo,35,1868,True,0.0
Placebo,35,1942,True,0.5244114150836618
Placebo,35,2001,True,0.29159873176484224
Placebo,35,2217,True,0.5959729963777661
Placebo,35,2354,True,0.519705498901227
Placebo,35,2761,True,0.10699313236726382
Placebo,35,2980,True,0.16354138662029638
Placebo,35,3021,True,0.4169054513363802
Placebo,35,3030,True,0.14126697285982884
Placebo,35,3046,True,0.42216957917001846
Placebo,35,3050,True,0.5891491096491566
Placebo,35,3288,True,0.5975204911791852
Placebo,35,3302,True,0.5873592109434654
Placebo,35,3794,True,0.12191999153940063
Placebo,35,3920,True,0.6436833154368511
Placebo,35,3965,True,0.34715722867449755
Placebo,35,4193,True,0.21863153678163888
Placebo,35,4294,True,0.0
Placebo,35,4383,True,0.42271283021080086
Placebo,35,4474,True,0.21454222631433506
Placebo,35,5068,True,0.47622488881415354
Placebo,35,5258,True,0.0
Placebo,35,5306,True,0.8066266368136981
Placebo,35,5323,True,0.7518089085582924
Placebo,35,5421,True,0.7615868982389814
Placebo,35,5766,True,0.6847683101446757
Placebo,35,5877,True,0.0
Placebo,35,5887,True,0.1521060570120541
Placebo,35,6126,True,0.0
Placebo,35,6190,True,0.5483296417100487
Placebo,35,6224,True,0.44988737637276555
Placebo,35,6465,True,0.0
Placebo,35,6853,True,0.5012699896417745
Placebo,35,6949,True,0.627669912990767
Placebo,35,7107,True,0.05109165667032166
Placebo,35,7240,True,0.19890440060287856
Placebo,35,7937,True,0.6769497390570018
Placebo,35,8015,True,0.0
Placebo,35,8066,True,0.2314246226612133
Placebo,35,8202,True,0.30352577198285025
Placebo,35,8321,True,0.4155673399583731
Placebo,35,9222,True,0.18568865408584875
Placebo,35,9453,True,0.7769333052724459
Placebo,35,73,True,0.07778487414574674
Placebo,35,390,True,0.5532837799559058
Placebo,35,424,True,0.0
Placebo,35,715,True,0.48573292954241903
Placebo,35,915,True,0.2122263659729146
Placebo,35,1579,True,0.19961799344740538
Placebo,35,1643,True,0.1689539010595103
Placebo,35,1679,True,0.5442135162427102
Placebo,35,1982,True,0.1388624438735545
Placebo,35,2027,True,0.2592676420023614
Placebo,35,2211,True,0.1303237659103706
Placebo,35,2228,True,0.35659766997580233
Placebo,35,2352,True,0.0
Placebo,35,2520,True,0.2808262369778478
Placebo,35,2573,True,0.1100458831490401
Placebo,35,2630,True,0.44497705842547997
Placebo,35,2666,True,0.3539675904150981
Placebo,35,2745,True,0.17154545657127163
Placebo,35,3149,True,0.36372351402451475
Placebo,35,3369,True,0.2043798334451561
Placebo,35,3617,True,0.5674234328844384
Placebo,35,3862,True,0.0
Placebo,35,4124,True,0.2623641761995499
Placebo,35,4218,True,0.3910408802446229
Placebo,35,4268,True,0.5331271117271945
Placebo,35,4452,True,0.0
Placebo,35,4522,True,0.5614899950009038
Placebo,35,4784,True,0.8070534813395468
Placebo,35,5139,True,0.0
Placebo,35,5438,True,0.2032434197929842
Placebo,35,5565,True,0.14179281999872714
Placebo,35,5684,True,0.19299297020048656
Placebo,35,5775,True,0.43305492900570186
Placebo,35,6110,True,0.3643664280273266
Placebo,35,6488,True,0.2748763329142909
Placebo,35,6590,True,0.14449741525454834
Placebo,35,6793,True,0.5591930082044325
Placebo,35,7090,True,0.19608697533323732
Placebo,35,7112,True,0.6596315305456424
Placebo,35,7167,True,0.3766377544657793
Placebo,35,7287,True,0.37122554041885614
Placebo,35,7370,True,0.500464479109267
Placebo,35,7547,True,0.21835260467946602
Placebo,35,7589,True,0.0
Placebo,35,7622,True,0.31442975316714933
Placebo,35,7640,False,0.0
Placebo,35,7757,True,0.0
Placebo,35,8162,True,0.5400054417949135
Placebo,35,8508,True,0.5039399436762001
Placebo,35,8597,True,0.4401544350615151
Placebo,35,8771,True,0.0
Placebo,35,288,True,0.7046346299097318
Placebo,35,635,True,0.32367779004349995
Placebo,35,654,True,0.20094002192978333
Placebo,35,699,True,0.15139734109600997
Placebo,35,743,True,0.2254862322132917
Placebo,35,946,True,0.0
Placebo,35,976,True,0.10633668103022988
Placebo,35,1144,True,0.7707595637191219
Placebo,35,1187,True,0.33462823884904086
Placebo,35,1384,True,0.3747237681174995
Placebo,35,1415,True,0.6162093792548496
Placebo,35,1443,True,0.48928124086076913
Placebo,35,1629,True,0.3540687957009768
Placebo,35,1684,True,0.19167138999231723
Placebo,35,1802,True,0.0
Placebo,35,1914,True,0.2614388738096091
Placebo,35,2046,True,0.3154648767857289
Placebo,35,2071,True,0.2736324407348139
Placebo,35,2340,True,0.08676713574902502
Placebo,35,2749,True,0.33753126091963864
Placebo,35,3517,True,0.7610004662919498
Placebo,35,3758,True,0.2669507571941387
Placebo,35,4110,True,0.0
Placebo,35,4111,True,0.13743816645714546
Placebo,35,4144,True,0.0
Placebo,35,5021,True,0.0
Placebo,35,5032,True,0.3006491975679662
Placebo,35,5096,True,0.14777860913130197
Placebo,35,5109,True,0.639472682562856
Placebo,35,5114,True,0.19150265143746747
Placebo,35,5977,True,0.0
Placebo,35,5984,True,0.3892383029196913
Placebo,35,6353,True,0.49771001502301965
Placebo,35,6373,True,0.4472232350605107
Placebo,35,6539,True,0.0
Placebo,35,6554,True,0.7144199045168832
Placebo,35,6884,True,0.0
Placebo,35,6955,True,0.057290000967676585
Placebo,35,7020,True,0.37523530387814574
Placebo,35,7029,True,0.11632779633113964
Placebo,35,7280,True,0.3123817114825977
Placebo,35,7394,True,0.0776895369576595
Placebo,35,7795,True,0.6075090646474808
Placebo,35,8108,True,0.4645279472350027
Placebo,35,8560,True,0.42126263117830876
Placebo,35,8632,True,0.45433064061269757
Placebo,35,8657,True,0.05398557328145317
Placebo,35,8777,True,0.714429356989627
Placebo,35,9151,True,0.16045757497326918
Placebo,35,9609,True,0.19781808561065742
Placebo,36,102,True,0.8425599346661845
Placebo,36,314,True,0.37812505669088986
Placebo,36,1068,True,0.23031713490871394
Placebo,36,1525,True,0.051654929011943435
Placebo,36,1795,True,0.5341378520118587
Placebo,36,1929,True,0.5543184568820596
Placebo,36,1931,True,0.15482624013846313
Placebo,36,1991,True,0.25933469928027253
Placebo,36,2528,True,0.4021497991852585
Placebo,36,2697,True,0.5616028654537459
Placebo,36,2834,True,0.5000592210758759
Placebo,36,2845,True,0.507475332652771
Placebo,36,3031,True,0.21997970888668242
Placebo,36,3250,True,0.4842074892495056
Placebo,36,3308,True,0.2295414116956865
Placebo,36,3402,True,0.10909563842042834
Placebo,36,3426,True,0.0
Placebo,36,3449,True,0.2938486563573015
Placebo,36,3756,True,0.32305026094299816
Placebo,36,4141,True,0.582060653756654
Placebo,36,4210,True,0.22007212123617861
Placebo,36,4516,True,0.0
Placebo,36,4692,True,0.0
Placebo,36,4700,True,0.09019475927038985
Placebo,36,4910,False,0.0
Placebo,36,4962,True,0.29343678345195284
Placebo,36,5275,True,0.2984921905420037
Placebo,36,5671,True,0.1951612774516168
Placebo,36,5683,True,0.4250034682897598
Placebo,36,6067,True,0.4093327732586278
Placebo,36,6378,True,0.5349859263529928
Placebo,36,6495,True,0.6569242288225019
Placebo,36,6868,True,0.5222533169741358
Placebo,36,6880,True,0.39295553931913935
Placebo,36,7144,True,0.35109248235467766
Placebo,36,7413,True,0.7320903464890185
Placebo,36,7526,True,0.10633668103022988
Placebo,36,7531,True,0.0
Placebo,36,7577,True,1.0
Placebo,36,7621,True,0.15620221383346872
Placebo,36,8198,True,0.26627910162443647
Placebo,36,8442,True,0.20207541945443433
Placebo,36,8452,True,0.4839956554944006
Placebo,36,8476,True,0.383517900102316
Placebo,36,8541,True,0.4553012361313202
Placebo,36,8802,True,0.29801998864323437
Placebo,36,8816,True,0.05566418523861733
Placebo,36,8852,True,0.0
Placebo,36,9099,True,0.1421353189934067
Placebo,36,9479,True,0.0
Placebo,36,9625,False,0.0
Placebo,36,96,True,0.0
Placebo,36,171,True,0.37437373602800833
Placebo,36,328,True,0.13012668333070063
Placebo,36,387,True,0.22473630256948732
Placebo,36,754,False,0.0
Placebo,36,983,True,0.37408572342265245
Placebo,36,1039,True,0.6528352151078644
Placebo,36,1098,True,0.43891228729143195
Placebo,36,1120,True,0.28532085947766
Placebo,36,1275,True,0.28408804189332376
Placebo,36,1343,True,0.500700828153494
Placebo,36,1483,True,0.20451204265549874
Placebo,36,2005,True,0.3827228533632141
Placebo,36,2048,True,0.784747126293546
Placebo,36,2379,True,0.7527492083214442
Placebo,36,2516,True,0.4120240842315114
Placebo,36,2601,True,0.0576901476090013
Placebo,36,3210,True,0.13309716119169637
Placebo,36,3601,True,0.0
Placebo,36,3729,True,0.3724844814802546
Placebo,36,3832,True,0.3791496293974276
Placebo,36,4104,True,0.07491210085649577
Placebo,36,4286,True,0.3133278836377173
Placebo,36,4329,True,0.0
Placebo,36,4553,True,0.16811577046396647
Placebo,36,4790,True,0.0
Placebo,36,4844,True,0.3391602052736161
Placebo,36,4994,True,0.170719671719712
Placebo,36,5020,True,0.4410066876693282
Placebo,36,5293,True,0.09681446384354923
Placebo,36,5338,True,0.4685829523567744
Placebo,36,5343,True,0.19859609743170084
Placebo,36,5464,True,0.0
Placebo,36,5560,True,0.3612787660311218
Placebo,36,5719,True,0.21700117409892153
Placebo,36,6055,True,0.1565406896596897
Placebo,36,6121,True,0.5275777505282828
Placebo,36,6128,True,0.12240689131487227
Placebo,36,6197,True,0.31252046520121984
Placebo,36,6336,True,0.6120027807575878
Placebo,36,6577,True,0.4302545594017142
Placebo,36,6717,True,0.0
Placebo,36,6906,True,0.0
Placebo,36,8550,True,0.0
Placebo,36,8576,True,0.7057973669794123
Placebo,36,8790,True,0.0
Placebo,36,8840,False,0.0
Placebo,36,8878,True,0.38334277998463445
Placebo,36,9337,True,0.2501737101839677
Placebo,36,9501,True,0.4433636694440419
Placebo,36,9512,False,0.0
Placebo,36,45,True,0.16297671749830606
Placebo,36,199,True,0.28952298823485745
Placebo,36,458,True,0.6882174188836784
Placebo,36,564,True,0.835780413693672
Placebo,36,717,True,0.155541138933393
Placebo,36,1109,True,0.576899126359944
Placebo,36,1576,True,0.0
Placebo,36,1711,False,0.0
Placebo,36,1868,True,0.0
Placebo,36,1942,True,0.20356944533889923
Placebo,36,2001,True,0.41613108951033356
Placebo,36,2217,True,0.10202334487386137
Placebo,36,2354,True,0.3787867459382833
Placebo,36,2761,True,0.13120507751234178
Placebo,36,2980,True,0.20483424751859086
Placebo,36,3021,True,0.34746169530486454
Placebo,36,3030,True,0.4632423659320676
Placebo,36,3046,True,0.15423424835370012
Placebo,36,3050,True,0.7068972940750864
Placebo,36,3288,True,0.2191951608413509
Placebo,36,3302,True,0.3573657109304406
Placebo,36,3794,True,0.2720697725900899
Placebo,36,3920,True,0.45378512159149115
Placebo,36,3965,True,0.2156584356737908
Placebo,36,4193,True,0.44917064904174775
Placebo,36,4294,True,0.17121885950975582
Placebo,36,4383,True,0.3138332674631526
Placebo,36,4474,True,0.14446994723681528
Placebo,36,5068,True,0.20904936749052636
Placebo,36,5258,True,0.0
Placebo,36,5306,True,0.6509008351091122
Placebo,36,5323,True,0.6738146957773641
Placebo,36,5421,True,0.7094589809442162
Placebo,36,5766,True,0.5562897277120299
Placebo,36,5877,True,0.04750922006459467
Placebo,36,5887,True,0.2367907298503061
Placebo,36,6126,True,0.1303237659103706
Placebo,36,6190,True,0.386418912590376
Placebo,36,6224,True,0.36051287176176944
Placebo,36,6465,True,0.107789154524511
Placebo,36,6853,True,0.06549295287072868
Placebo,36,6949,True,0.379360216183575
Placebo,36,7107,True,0.1085115850405174
Placebo,36,7240,True,0.0
Placebo,36,7937,True,0.6461294508370801
Placebo,36,8015,True,0.21689524588991282
Placebo,36,8066,True,0.25291263592224844
Placebo,36,8202,True,0.5539671412399113
Placebo,36,8321,True,0.3507549823616222
Placebo,36,9222,True,0.14200061170255476
Placebo,36,9453,True,0.7423559945127594
Placebo,36,73,True,0.06888798605498092
Placebo,36,390,True,0.5064532808645884
Placebo,36,424,True,0.0
Placebo,36,715,True,0.42758439716100505
Placebo,36,915,True,0.09478836436955075
Placebo,36,1579,True,0.0543026559841585
Placebo,36,1643,True,0.0
Placebo,36,1679,True,0.5062166132486742
Placebo,36,1982,True,0.17630010660342907
Placebo,36,2027,True,0.2652493772571681
Placebo,36,2211,True,0.09546043308946738
Placebo,36,2228,True,0.15423215925316422
Placebo,36,2352,True,0.0
Placebo,36,2520,True,0.4202328978249014
Placebo,36,2573,True,0.25787537406449274
Placebo,36,2630,True,0.570928138624258
Placebo,36,2666,True,0.1405883806126154
Placebo,36,2745,True,0.5048872461528487
Placebo,36,3149,True,0.39810002514988757
Placebo,36,3369,True,0.33415294643812443
Placebo,36,3617,True,0.3101792215928251
Placebo,36,3862,True,0.40303028380100486
Placebo,36,4124,True,0.3288171453036786
Placebo,36,4218,True,0.5549859141520885
Placebo,36,4268,True,0.5665260050678644
Placebo,36,4452,True,0.0
Placebo,36,4522,True,0.485794838132631
Placebo,36,4784,True,0.5273760323460769
Placebo,36,5139,True,0.13459143142073815
Placebo,36,5438,True,0.4319753795593668
Placebo,36,5565,True,0.16944064752231383
Placebo,36,5684,True,0.6192857045335682
Placebo,36,5775,True,0.5423640154200349
Placebo,36,6110,True,0.29161702171171866
Placebo,36,6488,True,0.0
Placebo,36,6590,True,0.2961723842151135
Placebo,36,6793,True,0.5668053676642422
Placebo,36,7090,True,0.5566396013404585
Placebo,36,7112,True,0.6207583442784752
Placebo,36,7167,True,0.6011721389712286
Placebo,36,7287,True,0.3539479810016523
Placebo,36,7370,True,0.26362558664679286
Placebo,36,7547,True,0.15008062346829132
Placebo,36,7589,True,0.12102798286751712
Placebo,36,7622,True,0.0
Placebo,36,7640,False,0.0
Placebo,36,7757,True,0.0
Placebo,36,8162,True,0.5324687529133352
Placebo,36,8508,True,0.15543291172269244
Placebo,36,8597,True,0.5362135163384243
Placebo,36,8771,True,0.0
Placebo,36,288,True,0.48223089688932813
Placebo,36,635,True,0.33720190565710556
Placebo,36,654,True,0.06490513563473839
Placebo,36,699,True,0.06625422345438896
Placebo,36,743,True,0.4504652098884489
Placebo,36,946,True,0.0
Placebo,36,976,True,0.0
Placebo,36,1144,True,0.6875905947976116
Placebo,36,1187,True,0.37434696690361574
Placebo,36,1384,True,0.28748025809001687
Placebo,36,1415,True,0.5890806233149596
Placebo,36,1443,True,0.20153784159686822
Placebo,36,1629,True,0.23129261787834773
Placebo,36,1684,True,0.1175227747072427
Placebo,36,1802,True,0.23935143016974142
Placebo,36,1914,True,0.49546753289281165
Placebo,36,2046,True,0.0
Placebo,36,2071,True,0.2911328198257293
Placebo,36,2340,True,0.22379419430447448
Placebo,36,2749,True,0.24277359371161622
Placebo,36,3517,True,0.42932526540685934
Placebo,36,3758,True,0.21768896632317528
Placebo,36,4110,True,0.0
Placebo,36,4111,True,0.0
Placebo,36,4144,True,0.36685903188248703
Placebo,36,5021,True,0.0
Placebo,36,5032,True,0.578807583226892
Placebo,36,5096,True,0.15827672442369872
Placebo,36,5109,True,0.5842465759420022
Placebo,36,5114,True,0.17806915746298962
Placebo,36,5977,True,0.0
Placebo,36,5984,True,0.4987416322999192
Placebo,36,6353,True,0.49569890147006374
Placebo,36,6373,True,0.6437369509628349
Placebo,36,6539,True,0.17723928678404763
Placebo,36,6554,True,0.4957373873160519
Placebo,36,6884,True,0.0
Placebo,36,6955,True,0.10761546624876006
Placebo,36,7020,True,0.5556227085191257
Placebo,36,7029,True,0.30236085182918904
Placebo,36,7280,True,0.3055257626127419
Placebo,36,7394,True,0.29688511577332566
Placebo,36,7795,True,0.7124630069083355
Placebo,36,8108,True,0.22695045130389765
Placebo,36,8560,True,0.5275582391557788
Placebo,36,8632,True,0.2789453651257123
Placebo,36,8657,True,0.07216182621891234
Placebo,36,8777,True,0.8971219464038209
Placebo,36,9151,True,0.0
Placebo,36,9609,True,0.4034826666009929
Placebo,37,102,True,0.5203547963048235
Placebo,37,314,True,0.5019271388517661
Placebo,37,1068,True,0.384480678238313
Placebo,37,1525,True,0.047264273332909064
Placebo,37,1795,True,0.4437246430819615
Placebo,37,1929,True,0.2659711718790389
Placebo,37,1931,True,0.26873745552689515
Placebo,37,1991,True,0.03186272296134299
Placebo,37,2528,True,0.639669381552223
Placebo,37,2697,True,0.5383146531405675
Placebo,37,2834,True,0.4887377989437672
Placebo,37,2845,True,0.31095511050506264
Placebo,37,3031,True,0.18928194870239864
Placebo,37,3250,True,0.3490601536048236
Placebo,37,3308,True,0.3913982633025613
Placebo,37,3402,True,0.0
Placebo,37,3426,True,0.25728090720504
Placebo,37,3449,True,0.25513485297688443
Placebo,37,3756,True,0.35707647659639197
Placebo,37,4141,True,0.5172872005318562
Placebo,37,4210,True,0.42882961644460854
Placebo,37,4516,True,0.1385478132642137
Placebo,37,4692,True,0.319393943239799
Placebo,37,4700,True,0.23291261296809943
Placebo,37,4910,False,0.0
Placebo,37,4962,True,0.39327839964630634
Placebo,37,5275,True,0.1930394301045326
Placebo,37,5671,True,0.41976002383316846
Placebo,37,5683,True,0.45744525787897244
Placebo,37,6067,True,0.6186021731442707
Placebo,37,6378,True,0.6108270499151521
Placebo,37,6495,True,0.3115268384302636
Placebo,37,6868,True,0.5554997460615823
Placebo,37,6880,True,0.2725963633412956
Placebo,37,7144,True,0.06012983951359326
Placebo,37,7413,True,0.4053967305268983
Placebo,37,7526,True,0.23220735128451123
Placebo,37,7531,True,0.15130120674940675
Placebo,37,7577,True,0.5
Placebo,37,7621,True,0.1715294874126229
Placebo,37,8198,True,0.6332946003318403
Placebo,37,8442,True,0.12408684762734652
Placebo,37,8452,True,0.25378944690238514
Placebo,37,8476,True,0.23729607578068374
Placebo,37,8541,True,0.640312842638044
Placebo,37,8802,True,0.2769053032832922
Placebo,37,8816,True,0.1678356295337318
Placebo,37,8852,True,0.0
Placebo,37,9099,True,0.06625422345438896
Placebo,37,9479,True,0.3467132018086354
Placebo,37,9625,False,0.0
Placebo,37,96,True,0.0
Placebo,37,171,True,0.6675859981632178
Placebo,37,328,True,0.1681275362711174
Placebo,37,387,True,0.0
Placebo,37,754,False,0.0
Placebo,37,983,True,0.47562816326544616
Placebo,37,1039,True,0.70820184217059
Placebo,37,1098,True,0.4518767175478484
Placebo,37,1120,True,0.26406812257259077
Placebo,37,1275,True,0.6406286211571759
Placebo,37,1343,True,0.1370609749338599
Placebo,37,1483,True,0.1851017268451092
Placebo,37,2005,True,0.2200917662980802
Placebo,37,2048,True,0.6871061361424972
Placebo,37,2379,True,0.5236797549376042
Placebo,37,2516,True,0.5667451834986303
Placebo,37,2601,True,0.4355752491866143
Placebo,37,3210,True,0.17982271023806698
Placebo,37,3601,True,0.13012668333070063
Placebo,37,3729,True,0.27236154770316634
Placebo,37,3832,True,0.5413045192575849
Placebo,37,4104,True,0.2031926591658812
Placebo,37,4286,True,0.5879943438378455
Placebo,37,4329,True,0.0
Placebo,37,4553,True,0.14710131651029384
Placebo,37,4790,True,0.2984900352767556
Placebo,37,4844,True,0.3120255505658845
Placebo,37,4994,True,0.14449741525454834
Placebo,37,5020,True,0.5850259847228039
Placebo,37,5293,True,0.29296139728886184
Placebo,37,5338,True,0.6361907707996143
Placebo,37,5343,True,0.14251463606237527
Placebo,37,5464,True,0.05398557328145317
Placebo,37,5560,True,0.16899207241339925
Placebo,37,5719,True,0.40751030383343345
Placebo,37,6055,True,0.32542886242602725
Placebo,37,6121,True,0.569290012032101
Placebo,37,6128,True,0.2444521888215188
Placebo,37,6197,True,0.3345088689111008
Placebo,37,6336,True,0.6730770259913862
Placebo,37,6577,True,0.4659078782999979
Placebo,37,6717,True,0.0
Placebo,37,6906,True,0.0
Placebo,37,8550,True,0.0
Placebo,37,8576,True,0.5200565807586979
Placebo,37,8790,True,0.0
Placebo,37,8840,False,0.0
Placebo,37,8878,True,0.08103671523534435
Placebo,37,9337,True,0.18816935979817553
Placebo,37,9501,True,0.30892391149481946
Placebo,37,9512,False,0.0
Placebo,37,45,True,0.3572705375053459
Placebo,37,199,True,0.21538297927698716
Placebo,37,458,True,0.4573267223880088
Placebo,37,564,True,0.7838409338645025
Placebo,37,717,True,0.23365080824310527
Placebo,37,1109,True,0.6719990080734927
Placebo,37,1576,True,0.18329778640910843
Placebo,37,1711,False,0.0
Placebo,37,1868,True,0.0
Placebo,37,1942,True,0.38366874287903124
Placebo,37,2001,True,0.06219294124838742
Placebo,37,2217,True,0.16670178377957404
Placebo,37,2354,True,0.30986926564834105
Placebo,37,2761,True,0.1460683498427064
Placebo,37,2980,True,0.1388624438735545
Placebo,37,3021,True,0.3374632000410324
Placebo,37,3030,True,0.0
Placebo,37,3046,True,0.0576901476090013
Placebo,37,3050,True,0.5733096554414218
Placebo,37,3288,True,0.43125653391512675
Placebo,37,3302,True,0.19438155675588228
Placebo,37,3794,True,0.21561019356751263
Placebo,37,3920,True,0.32529503326782333
Placebo,37,3965,True,0.3289149473998054
Placebo,37,4193,True,0.40245184853317895
Placebo,37,4294,True,0.0
Placebo,37,4383,True,0.38050676006136963
Placebo,37,4474,True,0.09057318017929114
Placebo,37,5068,True,0.4825058381256552
Placebo,37,5258,True,0.0
Placebo,37,5306,True,0.7043903842845821
Placebo,37,5323,True,0.6734755959343482
Placebo,37,5421,True,0.6980884009952616
Placebo,37,5766,True,0.7210837940836745
Placebo,37,5877,True,0.0
Placebo,37,5887,True,0.4857842168890275
Placebo,37,6126,True,0.41502828733005076
Placebo,37,6190,True,0.4363322223981332
Placebo,37,6224,True,0.0
Placebo,37,6465,True,0.0
Placebo,37,6853,True,0.13952982368192715
Placebo,37,6949,True,0.3993445554691142
Placebo,37,7107,True,0.0
Placebo,37,7240,True,0.0
Placebo,37,7937,True,0.4530643748551539
Placebo,37,8015,True,0.3137042401692514
Placebo,37,8066,True,0.10080156437427772
Placebo,37,8202,True,0.34632967532776565
Placebo,37,8321,True,0.27968104523924264
Placebo,37,9222,True,0.057290000967676585
Placebo,37,9453,True,0.7286104488892069
Placebo,37,73,True,0.06888798605498092
Placebo,37,390,True,0.48995992892827284
Placebo,37,424,True,0.12663893885053282
Placebo,37,715,True,0.7585923247476059
Placebo,37,915,True,0.2685529228900212
Placebo,37,1579,True,0.1760709393996467
Placebo,37,1643,True,0.0
Placebo,37,1679,True,0.25135644017152187
Placebo,37,1982,True,0.09478836436955075
Placebo,37,2027,True,0.4149740152771961
Placebo,37,2211,True,0.107789154524511
Placebo,37,2228,True,0.3664079138149218
Placebo,37,2352,True,0.17723928678404763
Placebo,37,2520,True,0.27417254281914427
Placebo,37,2573,True,0.22400556151517553
Placebo,37,2630,True,0.5723262462165322
Placebo,37,2666,True,0.19976560228398874
Placebo,37,2745,True,0.10592794328604789
Placebo,37,3149,True,0.43472236916080753
Placebo,37,3369,True,0.23701303998542023
Placebo,37,3617,True,0.4303857724723526
Placebo,37,3862,True,0.09845236414941486
Placebo,37,4124,True,0.37561974427106837
Placebo,37,4218,True,0.24671640192696906
Placebo,37,4268,True,0.5775673077047542
Placebo,37,4452,True,0.0
Placebo,37,4522,True,0.26802964195074197
Placebo,37,4784,True,0.5544886233513662
Placebo,37,5139,True,0.0
Placebo,37,5438,True,0.260256288184789
Placebo,37,5565,True,0.10063273078579874
Placebo,37,5684,True,0.4510150541064694
Placebo,37,5775,True,0.3831704157638725
Placebo,37,6110,True,0.41296926497927977
Placebo,37,6488,True,0.0
Placebo,37,6590,True,0.5469635365544869
Placebo,37,6793,True,0.5500411104017788
Placebo,37,7090,True,0.20958336865360067
Placebo,37,7112,True,0.43739829106837763
Placebo,37,7167,True,0.34128921939753926
Placebo,37,7287,True,0.47767533663930306
Placebo,37,7370,True,0.15988074720476
Placebo,37,7547,True,0.49977808389549166
Placebo,37,7589,True,0.15093714401314332
Placebo,37,7622,True,0.06012983951359326
Placebo,37,7640,False,0.0
Placebo,37,7757,True,0.11381311447980796
Placebo,37,8162,True,0.5158238070851823
Placebo,37,8508,True,0.13743816645714546
Placebo,37,8597,True,0.4732815467887095
Placebo,37,8771,True,0.11751610475642699
Placebo,37,288,True,0.4876783709529
Placebo,37,635,True,0.2366852315676627
Placebo,37,654,True,0.10033167641747531
Placebo,37,699,True,0.25469837558210445
Placebo,37,743,True,0.3740193254169278
Placebo,37,946,True,0.0
Placebo,37,976,True,0.09791292534996787
Placebo,37,1144,True,0.8509863509388742
Placebo,37,1187,True,0.5125780484187374
Placebo,37,1384,True,0.16834911956499785
Placebo,37,1415,True,0.5337730875874154
Placebo,37,1443,True,0.3125929337955305
Placebo,37,1629,True,0.5451469691058524
Placebo,37,1684,True,0.1449043760061551
Placebo,37,1802,True,0.13956838328637605
Placebo,37,1914,True,0.735293064236307
Placebo,37,2046,True,0.0
Placebo,37,2071,True,0.12610615998019167
Placebo,37,2340,True,0.0
Placebo,37,2749,True,0.389244577528693
Placebo,37,3517,True,0.22202613972644888
Placebo,37,3758,True,0.2669507571941387
Placebo,37,4110,True,0.31945644990309097
Placebo,37,4111,True,0.0
Placebo,37,4144,True,0.28761428438784814
Placebo,37,5021,True,0.08274602130531994
Placebo,37,5032,True,0.5168986167976903
Placebo,37,5096,True,0.052639913647579424
Placebo,37,5109,True,0.5518747023982989
Placebo,37,5114,True,0.0776895369576595
Placebo,37,5977,True,0.0
Placebo,37,5984,True,0.4851624976467843
Placebo,37,6353,True,0.41958088009785105
Placebo,37,6373,True,0.5170376684706122
Placebo,37,6539,True,0.0
Placebo,37,6554,True,0.6206995124148817
Placebo,37,6884,True,0.0
Placebo,37,6955,True,0.26797419624517993
Placebo,37,7020,True,0.4439006315455706
Placebo,37,7029,True,0.15286561558865122
Placebo,37,7280,True,0.2546131284770988
Placebo,37,7394,True,0.24847273012412138
Placebo,37,7795,True,0.6150097164176813
Placebo,37,8108,True,0.5022037311331264
Placebo,37,8560,True,0.44128770367511444
Placebo,37,8632,True,0.31617101547232207
Placebo,37,8657,True,0.18371776387613295
Placebo,37,8777,True,0.4828948234341002
Placebo,37,9151,True,0.08431423425588576
Placebo,37,9609,True,0.6028078051365984
Placebo,38,102,True,0.5952151587958873
Placebo,38,314,True,0.5586155741443599
Placebo,38,1068,True,0.3983703405344917
Placebo,38,1525,True,0.09720567390390628
Placebo,38,1795,True,0.44071017658216943
Placebo,38,1929,True,0.3752992753945185
Placebo,38,1931,True,0.09478836436955075
Placebo,38,1991,True,0.09783026571456473
Placebo,38,2528,True,0.7656983345906826
Placebo,38,2697,True,0.603247771001745
Placebo,38,2834,True,0.34666208049986574
Placebo,38,2845,True,0.20206171482495816
Placebo,38,3031,True,0.1436657413991271
Placebo,38,3250,True,0.45052998084817
Placebo,38,3308,True,0.04456045327241174
Placebo,38,3402,True,0.11613618508243675
Placebo,38,3426,True,0.0
Placebo,38,3449,True,0.4812953686083034
Placebo,38,3756,True,0.17318663334822615
Placebo,38,4141,True,0.41705696660714114
Placebo,38,4210,True,0.5589556417371029
Placebo,38,4516,True,0.0
Placebo,38,4692,True,0.0
Placebo,38,4700,True,0.27379206539338585
Placebo,38,4910,False,0.0
Placebo,38,4962,True,0.4505655760587972
Placebo,38,5275,True,0.3891448752213267
Placebo,38,5671,True,0.23001105254563184
Placebo,38,5683,True,0.4809695484807058
Placebo,38,6067,True,0.37357948640741123
Placebo,38,6378,True,0.5318103940994758
Placebo,38,6495,True,0.4728413495378033
Placebo,38,6868,True,0.7240440576110766
Placebo,38,6880,True,0.5625281889814541
Placebo,38,7144,True,0.34634689786714556
Placebo,38,7413,True,0.47821858267642214
Placebo,38,7526,True,0.1622031007380873
Placebo,38,7531,True,0.0
Placebo,38,7577,True,0.0
Placebo,38,7621,True,0.2823766190439851
Placebo,38,8198,True,0.31086624771925736
Placebo,38,8442,True,0.27058427781116956
Placebo,38,8452,True,0.4952599280809021
Placebo,38,8476,True,0.35433247253418104
Placebo,38,8541,True,0.4483494827569527
Placebo,38,8802,True,0.09452854666581807
Placebo,38,8816,True,0.0
Placebo,38,8852,True,0.32739495038873945
Placebo,38,9099,True,0.1388624438735545
Placebo,38,9479,True,0.0
Placebo,38,9625,False,0.0
Placebo,38,96,True,0.0
Placebo,38,171,True,0.5510902414119373
Placebo,38,328,True,0.0
Placebo,38,387,True,0.09452854666581807
Placebo,38,754,False,0.0
Placebo,38,983,True,0.524115551311318
Placebo,38,1039,True,0.3222620565327969
Placebo,38,1098,True,0.3655753727737712
Placebo,38,1120,True,0.4550153152594298
Placebo,38,1275,True,0.3288946208620507
Placebo,38,1343,True,0.15438194444935943
Placebo,38,1483,True,0.1951612774516168
Placebo,38,2005,True,0.22784037450527975
Placebo,38,2048,True,0.43179864360757436
Placebo,38,2379,True,0.7681261284636846
Placebo,38,2516,True,0.4712529634717001
Placebo,38,2601,True,0.04681599109282455
Placebo,38,3210,True,0.21734406480471857
Placebo,38,3601,True,0.18165878063358412
Placebo,38,3729,True,0.5416470560178341
Placebo,38,3832,True,0.37690714726721963
Placebo,38,4104,True,0.057959913024345
Placebo,38,4286,True,0.4173136747752285
Placebo,38,4329,True,0.14829723057014907
Placebo,38,4553,True,0.056906557239904024
Placebo,38,4790,True,0.10241712375929543
Placebo,38,4844,True,0.0
Placebo,38,4994,True,0.41123902977408494
Placebo,38,5020,True,0.5267335804570438
Placebo,38,5293,True,0.44980930750885106
Placebo,38,5338,True,0.6166369666559569
Placebo,38,5343,True,0.21464709297956042
Placebo,38,5464,True,0.08097835992217972
Placebo,38,5560,True,0.29025205646966157
Placebo,38,5719,True,0.240393160535928
Placebo,38,6055,True,0.4029432206779036
Placebo,38,6121,True,0.5238425348667154
Placebo,38,6128,True,0.1826756885978525
Placebo,38,6197,True,0.23580758529282586
Placebo,38,6336,True,0.6421455115825646
Placebo,38,6577,True,0.48278553394528934
Placebo,38,6717,True,0.0
Placebo,38,6906,True,0.0
Placebo,38,8550,True,0.0
Placebo,38,8576,True,0.5462674918464656
Placebo,38,8790,True,0.0
Placebo,38,8840,False,0.0
Placebo,38,8878,True,0.3525683241217281
Placebo,38,9337,True,0.11649559723254592
Placebo,38,9501,True,0.5113172922715813
Placebo,38,9512,False,0.0
Placebo,38,45,True,0.46054118731928495
Placebo,38,199,True,0.08514311764162101
Placebo,38,458,True,0.7042679592128979
Placebo,38,564,True,0.6539341595975692
Placebo,38,717,True,0.0
Placebo,38,1109,True,0.7588019903507933
Placebo,38,1576,True,0.0
Placebo,38,1711,False,0.0
Placebo,38,1868,True,0.21335348769830442
Placebo,38,1942,True,0.15981891831341732
Placebo,38,2001,True,0.0
Placebo,38,2217,True,0.0
Placebo,38,2354,True,0.40039001012686803
Placebo,38,2761,True,0.2139862647345275
Placebo,38,2980,True,0.3081689590652698
Placebo,38,3021,True,0.23570632663894556
Placebo,38,3030,True,0.1480409554829327
Placebo,38,3046,True,0.2687450420157959
Placebo,38,3050,True,0.5897385525429087
Placebo,38,3288,True,0.3700991565364631
Placebo,38,3302,True,0.2729780503519872
Placebo,38,3794,True,0.20066335283495063
Placebo,38,3920,True,0.4200410651129463
Placebo,38,3965,True,0.20936335679876641
Placebo,38,4193,True,0.19031326377064928
Placebo,38,4294,True,0.05803685066534001
Placebo,38,4383,True,0.3242223614036925
Placebo,38,4474,True,0.09452854666581813
Placebo,38,5068,True,0.28634598975246917
Placebo,38,5258,True,0.0
Placebo,38,5306,True,0.8006479159903306
Placebo,38,5323,True,0.6195421835248697
Placebo,38,5421,True,0.774780069114863
Placebo,38,5766,True,0.7358599668149972
Placebo,38,5877,True,0.1643548980682564
Placebo,38,5887,True,0.5509732899399535
Placebo,38,6126,True,0.3026024134988135
Placebo,38,6190,True,0.5612516391886664
Placebo,38,6224,True,0.3051522563918665
Placebo,38,6465,True,0.107789154524511
Placebo,38,6853,True,0.19178107513369508
Placebo,38,6949,True,0.42042335293495403
Placebo,38,7107,True,0.06265341172228864
Placebo,38,7240,True,0.6131471927654585
Placebo,38,7937,True,0.4647456832249362
Placebo,38,8015,True,0.0
Placebo,38,8066,True,0.2107105505168595
Placebo,38,8202,True,0.40608452275115203
Placebo,38,8321,True,0.41478755923198435
Placebo,38,9222,True,0.1200743006121955
Placebo,38,9453,True,0.5729053650594309
Placebo,38,73,True,0.36931357648114344
Placebo,38,390,True,0.48107551736149895
Placebo,38,424,True,0.0
Placebo,38,715,True,0.5949295742742271
Placebo,38,915,True,0.0
Placebo,38,1579,True,0.6679212104657827
Placebo,38,1643,True,0.0
Placebo,38,1679,True,0.44273961714003696
Placebo,38,1982,True,0.07839826897867538
Placebo,38,2027,True,0.45260263426667974
Placebo,38,2211,True,0.2045343072393717
Placebo,38,2228,True,0.3400675059654023
Placebo,38,2352,True,0.0
Placebo,38,2520,True,0.2653069171523919
Placebo,38,2573,True,0.09478836436955075
Placebo,38,2630,True,0.599653116795059
Placebo,38,2666,True,0.19745700523734447
Placebo,38,2745,True,0.27399897277290075
Placebo,38,3149,True,0.35501131741989406
Placebo,38,3369,True,0.3158019903413985
Placebo,38,3617,True,0.4111661072748503
Placebo,38,3862,True,0.07538908483127049
Placebo,38,4124,True,0.47327781476750125
Placebo,38,4218,True,0.48109555460121406
Placebo,38,4268,True,0.7037076833817879
Placebo,38,4452,True,0.0
Placebo,38,4522,True,0.6613711486548568
Placebo,38,4784,True,0.5552092161099186
Placebo,38,5139,True,0.0
Placebo,38,5438,True,0.5930559715855613
Placebo,38,5565,True,0.06452577150984494
Placebo,38,5684,True,0.5213583086591218
Placebo,38,5775,True,0.5919268187287084
Placebo,38,6110,True,0.15400118823868839
Placebo,38,6488,True,0.17737000478273524
Placebo,38,6590,True,0.4301240846164919
Placebo,38,6793,True,0.2644743909742155
Placebo,38,7090,True,0.37581575407545714
Placebo,38,7112,True,0.4200631567179153
Placebo,38,7167,True,0.4867201624876897
Placebo,38,7287,True,0.44202220023345284
Placebo,38,7370,True,0.13347537859706934
Placebo,38,7547,True,0.4529686629003958
Placebo,38,7589,True,0.0576901476090013
Placebo,38,7622,True,0.155379073915319
Placebo,38,7640,False,0.0
Placebo,38,7757,True,0.06219294124838742
Placebo,38,8162,True,0.5266988081493889
Placebo,38,8508,True,0.08297230974406902
Placebo,38,8597,True,0.40253360722421366
Placebo,38,8771,True,0.13012668333070063
Placebo,38,288,True,0.5589084136713511
Placebo,38,635,True,0.4143627152442716
Placebo,38,654,True,0.031162661577979586
Placebo,38,699,True,0.3024038304938509
Placebo,38,743,True,0.28841158486899604
Placebo,38,946,True,0.0
Placebo,38,976,True,0.0
Placebo,38,1144,True,0.7775829377260186
Placebo,38,1187,True,0.2964398572145905
Placebo,38,1384,True,0.21561019356751263
Placebo,38,1415,True,0.5389294615050508
Placebo,38,1443,True,0.4054099377633231
Placebo,38,1629,True,0.39764743878481523
Placebo,38,1684,True,0.09092803061897885
Placebo,38,1802,True,0.0
Placebo,38,1914,True,0.36789756572645405
Placebo,38,2046,True,0.0
Placebo,38,2071,True,0.18976016420150266
Placebo,38,2340,True,0.14324543733110823
Placebo,38,2749,True,0.3219112870074809
Placebo,38,3517,True,0.5213133340481092
Placebo,38,3758,True,0.17796717146275914
Placebo,38,4110,True,0.2627795981720911
Placebo,38,4111,True,0.0
Placebo,38,4144,True,0.2966682955332674
Placebo,38,5021,True,0.08274602130531994
Placebo,38,5032,True,0.23574157096955395
Placebo,38,5096,True,0.08707562656251236
Placebo,38,5109,True,0.5691013464605408
Placebo,38,5114,True,0.11381311447980796
Placebo,38,5977,True,0.0
Placebo,38,5984,True,0.3597098549503273
Placebo,38,6353,True,0.6549497810165312
Placebo,38,6373,True,0.4691792577654405
Placebo,38,6539,True,0.2113949172033253
Placebo,38,6554,True,0.5620812325439969
Placebo,38,6884,True,0.0
Placebo,38,6955,True,0.24532613430850234
Placebo,38,7020,True,0.6170567726988047
Placebo,38,7029,True,0.13624784641392898
Placebo,38,7280,True,0.06425604298318159
Placebo,38,7394,True,0.12669074888309206
Placebo,38,7795,True,0.5224148905920991
Placebo,38,8108,True,0.6097571375801899
Placebo,38,8560,True,0.36797039661004294
Placebo,38,8632,True,0.473073730593656
Placebo,38,8657,True,0.1937641499720548
Placebo,38,8777,True,0.5076981362712157
Placebo,38,9151,True,0.19325072687364162
Placebo,38,9609,True,0.3635258198964459
Placebo,39,102,True,0.5967055750543321
Placebo,39,314,True,0.3780683870439194
Placebo,39,1068,True,0.2715719761018058
Placebo,39,1525,True,0.16758726332621116
Placebo,39,1795,True,0.37667100004236764
Placebo,39,1929,True,0.46212259628337277
Placebo,39,1931,True,0.1478294909154527
Placebo,39,1991,True,0.23205626601836876
Placebo,39,2528,True,0.3831473526114119
Placebo,39,2697,True,0.6760865603112811
Placebo,39,2834,True,0.40823007841516723
Placebo,39,2845,True,0.4016822349179375
Placebo,39,3031,True,0.12215606183750649
Placebo,39,3250,True,0.2091833822354546
Placebo,39,3308,True,0.046914224068210206
Placebo,39,3402,True,0.3070409504380414
Placebo,39,3426,True,0.0
Placebo,39,3449,True,0.4149827549395799
Placebo,39,3756,True,0.272676970214174
Placebo,39,4141,True,0.471562030231997
Placebo,39,4210,True,0.34176909230793545
Placebo,39,4516,True,0.11298087547243421
Placebo,39,4692,True,0.0
Placebo,39,4700,True,0.12983380180421736
Placebo,39,4910,False,0.0
Placebo,39,4962,True,0.2733755462539861
Placebo,39,5275,True,0.37077992249209235
Placebo,39,5671,True,0.36334016882768055
Placebo,39,5683,True,0.5125727424908195
Placebo,39,6067,True,0.4736911602423995
Placebo,39,6378,True,0.39056333626830925
Placebo,39,6495,True,0.4883024010257775
Placebo,39,6868,True,0.5689451059219406
Placebo,39,6880,True,0.20906556587244374
Placebo,39,7144,True,0.49667149665112864
Placebo,39,7413,True,0.42691157393109413
Placebo,39,7526,True,0.09791292534996787
Placebo,39,7531,True,0.0981639521278693
Placebo,39,7577,True,0.0
Placebo,39,7621,True,0.2628915472687084
Placebo,39,8198,True,0.14446994723681528
Placebo,39,8442,True,0.34634689786714556
Placebo,39,8452,True,0.44632266881751353
Placebo,39,8476,True,0.28667446943130653
Placebo,39,8541,True,0.5281048823995703
Placebo,39,8802,True,0.21242277562855272
Placebo,39,8816,True,0.09020315758404246
Placebo,39,8852,True,0.0
Placebo,39,9099,True,0.4228506620510153
Placebo,39,9479,True,0.0
Placebo,39,9625,False,0.0
Placebo,39,96,True,0.13845947314613827
Placebo,39,171,True,0.5817706933101482
Placebo,39,328,True,0.0
Placebo,39,387,True,0.2031926591658812
Placebo,39,754,False,0.0
Placebo,39,983,True,0.42219330780683173
Placebo,39,1039,True,0.5226965798969585
Placebo,39,1098,True,0.24133294032727032
Placebo,39,1120,True,0.18457569677956798
Placebo,39,1275,True,0.4514192042298725
Placebo,39,1343,True,0.0
Placebo,39,1483,True,0.2031926591658812
Placebo,39,2005,True,0.06362078819895167
Placebo,39,2048,True,0.5262765981613966
Placebo,39,2379,True,0.41521609340408205
Placebo,39,2516,True,0.5027015989704942
Placebo,39,2601,True,0.1746103421078288
Placebo,39,3210,True,0.5082212165570759
Placebo,39,3601,True,0.11284514134893517
Placebo,39,3729,True,0.2711941462686187
Placebo,39,3832,True,0.38509200237349944
Placebo,39,4104,True,0.06452577150984494
Placebo,39,4286,True,0.4283493630029901
Placebo,39,4329,True,0.0
Placebo,39,4553,True,0.297425915294277
Placebo,39,4790,True,0.1100458831490401
Placebo,39,4844,True,0.0
Placebo,39,4994,True,0.1819280535443211
Placebo,39,5020,True,0.38595474671011226
Placebo,39,5293,True,0.4267533683063642
Placebo,39,5338,True,0.6573422217393782
Placebo,39,5343,True,0.13679363488466825
Placebo,39,5464,True,0.023407995546412274
Placebo,39,5560,True,0.3098303188409889
Placebo,39,5719,True,0.5400747816966398
Placebo,39,6055,True,0.393758437646072
Placebo,39,6121,True,0.6855173652343679
Placebo,39,6128,True,0.052639913647579424
Placebo,39,6197,True,0.37527643426208696
Placebo,39,6336,True,0.608630356426115
Placebo,39,6577,True,0.5172144660547107
Placebo,39,6717,True,0.0
Placebo,39,6906,True,0.0
Placebo,39,8550,True,0.0
Placebo,39,8576,True,0.5623184947058182
Placebo,39,8790,True,0.35620718710802235
Placebo,39,8840,False,0.0
Placebo,39,8878,True,0.16507664590405344
Placebo,39,9337,True,0.18889875018172203
Placebo,39,9501,True,0.330575966814473
Placebo,39,9512,False,0.0
Placebo,39,45,True,0.3164766414855822
Placebo,39,199,True,0.15176219107803549
Placebo,39,458,True,0.5223659470058598
Placebo,39,564,True,0.8060332245873698
Placebo,39,717,True,0.08177069331014819
Placebo,39,1109,True,0.490866085516941
Placebo,39,1576,True,0.0
Placebo,39,1711,False,0.0
Placebo,39,1868,True,0.0
Placebo,39,1942,True,0.3645945017096983
Placebo,39,2001,True,0.1982962776095512
Placebo,39,2217,True,0.18330452820939164
Placebo,39,2354,True,0.40251136136234467
Placebo,39,2761,True,0.0
Placebo,39,2980,True,0.46027161217673085
Placebo,39,3021,True,0.1265670298684392
Placebo,39,3030,True,0.23463936301137828
Placebo,39,3046,True,0.354326670025629
Placebo,39,3050,True,0.7117571830246314
Placebo,39,3288,True,0.18378273833771977
Placebo,39,3302,True,0.4596125272504143
Placebo,39,3794,True,0.13603488629504495
Placebo,39,3920,True,0.3972909101316885
Placebo,39,3965,True,0.3129986500939456
Placebo,39,4193,True,0.2639364841142927
Placebo,39,4294,True,0.05538123001884931
Placebo,39,4383,True,0.2964306168269142
Placebo,39,4474,True,0.2089656654479024
Placebo,39,5068,True,0.45718160765461063
Placebo,39,5258,True,0.1113253761397652
Placebo,39,5306,True,0.7883346499746096
Placebo,39,5323,True,0.5782354890495642
Placebo,39,5421,True,0.6616964003920874
Placebo,39,5766,True,0.5762410729684594
Placebo,39,5877,True,0.053316581845492844
Placebo,39,5887,True,0.5304034431441549
Placebo,39,6126,True,0.09546043308946738
Placebo,39,6190,True,0.3306688277435849
Placebo,39,6224,True,0.5860509479281069
Placebo,39,6465,True,0.1303237659103706
Placebo,39,6853,True,0.26068232291541144
Placebo,39,6949,True,0.44689446492053203
Placebo,39,7107,True,0.0
Placebo,39,7240,True,0.0
Placebo,39,7937,True,0.6004311286161024
Placebo,39,8015,True,0.18613396019376047
Placebo,39,8066,True,0.26205677429028784
Placebo,39,8202,True,0.19963305340745324
Placebo,39,8321,True,0.35392178825485265
Placebo,39,9222,True,0.1200743006121955
Placebo,39,9453,True,0.45419958941458766
Placebo,39,73,True,0.0
Placebo,39,390,True,0.391212968721882
Placebo,39,424,True,0.0
Placebo,39,715,True,0.6560245386108903
Placebo,39,915,True,0.031810394099475836
Placebo,39,1579,True,0.613015414359091
Placebo,39,1643,True,0.0
Placebo,39,1679,True,0.5636698526512899
Placebo,39,1982,True,0.13961814555374907
Placebo,39,2027,True,0.2642453254685954
Placebo,39,2211,True,0.08747171410140814
Placebo,39,2228,True,0.09228994928935154
Placebo,39,2352,True,0.20438239758848625
Placebo,39,2520,True,0.22289635053891482
Placebo,39,2573,True,0.14201905717762706
Placebo,39,2630,True,0.6814434551671088
Placebo,39,2666,True,0.14853309320363614
Placebo,39,2745,True,0.10156729484394383
Placebo,39,3149,True,0.5651646942893476
Placebo,39,3369,True,0.22446287754763547
Placebo,39,3617,True,0.39800584419659146
Placebo,39,3862,True,0.20151514190050257
Placebo,39,4124,True,0.3952361900803907
Placebo,39,4218,True,0.18786714550461242
Placebo,39,4268,True,0.55502294157452
Placebo,39,4452,True,0.0
Placebo,39,4522,True,0.46878506910772816
Placebo,39,4784,True,0.7558396917036245
Placebo,39,5139,True,0.11751610475642699
Placebo,39,5438,True,0.2737941424685062
Placebo,39,5565,True,0.22077944367915556
Placebo,39,5684,True,0.2645101253543448
Placebo,39,5775,True,0.4990267326507382
Placebo,39,6110,True,0.1963117992337455
Placebo,39,6488,True,0.09791292534996787
Placebo,39,6590,True,0.5286633333096088
Placebo,39,6793,True,0.3488888467282777
Placebo,39,7090,True,0.27107288191289514
Placebo,39,7112,True,0.24104301502827988
Placebo,39,7167,True,0.2649532319993873
Placebo,39,7287,True,0.3772304046373665
Placebo,39,7370,True,0.2758887815951539
Placebo,39,7547,True,0.40791724653570266
Placebo,39,7589,True,0.1996909746856434
Placebo,39,7622,True,0.0
Placebo,39,7640,False,0.0
Placebo,39,7757,True,0.18996364131781063
Placebo,39,8162,True,0.6677426730152209
Placebo,39,8508,True,0.0
Placebo,39,8597,True,0.4722080212389779
Placebo,39,8771,True,0.0
Placebo,39,288,True,0.5084588478332577
Placebo,39,635,True,0.21099226709517271
Placebo,39,654,True,0.17142032617910508
Placebo,39,699,True,0.28351493630661884
Placebo,39,743,True,0.4588949746931448
Placebo,39,946,True,0.0
Placebo,39,976,True,0.13743816645714546
Placebo,39,1144,True,0.5285360527507523
Placebo,39,1187,True,0.2840519314154244
Placebo,39,1384,True,0.08340940864997516
Placebo,39,1415,True,0.5304093856154193
Placebo,39,1443,True,0.27760213846896803
Placebo,39,1629,True,0.36928826872250176
Placebo,39,1684,True,0.06794340091829071
Placebo,39,1802,True,0.28299377607986315
Placebo,39,1914,True,0.3812668376664097
Placebo,39,2046,True,0.0
Placebo,39,2071,True,0.3006252273755404
Placebo,39,2340,True,0.08305152209984393
Placebo,39,2749,True,0.6030180957619492
Placebo,39,3517,True,0.45306564217680734
Placebo,39,3758,True,0.1755821724601223
Placebo,39,4110,True,0.6492721876232468
Placebo,39,4111,True,0.0
Placebo,39,4144,True,0.22954141169568656
Placebo,39,5021,True,0.0
Placebo,39,5032,True,0.5961271638750066
Placebo,39,5096,True,0.05299689712853986
Placebo,39,5109,True,0.4647488122763501
Placebo,39,5114,True,0.0
Placebo,39,5977,True,0.0
Placebo,39,5984,True,0.4015982438950291
Placebo,39,6353,True,0.6350019310194637
Placebo,39,6373,True,0.4923582631258221
Placebo,39,6539,True,0.0
Placebo,39,6554,True,0.6628178756414351
Placebo,39,6884,True,0.0
Placebo,39,6955,True,0.2559276172443025
Placebo,39,7020,True,0.5835158674033455
Placebo,39,7029,True,0.4313817505119363
Placebo,39,7280,True,0.1803895185407797
Placebo,39,7394,True,0.38154093685197493
Placebo,39,7795,True,0.46528438903161135
Placebo,39,8108,True,0.42042702534839527
Placebo,39,8560,True,0.2249221310340637
Placebo,39,8632,True,0.2920481778778508
Placebo,39,8657,True,0.2230259326703904
Placebo,39,8777,True,0.656511391135352
Placebo,39,9151,True,0.0
Placebo,39,9609,True,0.4004868558609216
Placebo,40,102,True,0.6282362012964601
Placebo,40,314,True,0.504455319229681
Placebo,40,1068,True,0.442642309976835
Placebo,40,1525,True,0.049941400570997205
Placebo,40,1795,True,0.3585599626771921
Placebo,40,1929,True,0.49042160703845583
Placebo,40,1931,True,0.5541432109622958
Placebo,40,1991,True,0.15766234507943017
Placebo,40,2528,True,0.5748342579308107
Placebo,40,2697,True,0.4934809776617681
Placebo,40,2834,True,0.45910942487880774
Placebo,40,2845,True,0.3674485359610177
Placebo,40,3031,True,0.4448251970098797
Placebo,40,3250,True,0.3614529585166183
Placebo,40,3308,True,0.18381491118931312
Placebo,40,3402,True,0.4070584351625557
Placebo,40,3426,True,0.17460749827667446
Placebo,40,3449,True,0.17745917352844517
Placebo,40,3756,True,0.2329726085570737
Placebo,40,4141,True,0.569290012032101
Placebo,40,4210,True,0.5072509085496475
Placebo,40,4516,True,0.0
Placebo,40,4692,True,0.09614715734857844
Placebo,40,4700,True,0.02607213242327893
Placebo,40,4910,False,0.0
Placebo,40,4962,True,0.43277250919634924
Placebo,40,5275,True,0.1478606559598591
Placebo,40,5671,True,0.5356291144429509
Placebo,40,5683,True,0.2447728687431797
Placebo,40,6067,True,0.5733251711022787
Placebo,40,6378,True,0.29235961645562936
Placebo,40,6495,True,0.6174958864687273
Placebo,40,6868,True,0.7725994394533411
Placebo,40,6880,True,0.25280319184271627
Placebo,40,7144,True,0.4346092028417719
Placebo,40,7413,True,0.4587068637420816
Placebo,40,7526,True,0.2585632503724821
Placebo,40,7531,True,0.0
Placebo,40,7577,True,0.0
Placebo,40,7621,True,0.11214548115428351
Placebo,40,8198,True,0.43064624463408935
Placebo,40,8442,True,0.11120921322406253
Placebo,40,8452,True,0.3578540561755833
Placebo,40,8476,True,0.2451389255393547
Placebo,40,8541,True,0.6464042093030311
Placebo,40,8802,True,0.09667736429927173
Placebo,40,8816,True,0.24039738189228269
Placebo,40,8852,True,0.2197434773205065
Placebo,40,9099,True,0.0733639220993601
Placebo,40,9479,True,0.17723928678404763
Placebo,40,9625,False,0.0
Placebo,40,96,True,0.0
Placebo,40,171,True,0.5585473608228865
Placebo,40,328,True,0.2463023887407299
Placebo,40,387,True,0.1396301254578393
Placebo,40,754,False,0.0
Placebo,40,983,True,0.3119241773181866
Placebo,40,1039,True,0.57738888858038
Placebo,40,1098,True,0.3178209882300058
Placebo,40,1120,True,0.26406812257259077
Placebo,40,1275,True,0.41311967355478735
Placebo,40,1343,True,0.0
Placebo,40,1483,True,0.20936374511484532
Placebo,40,2005,True,0.15139734109600997
Placebo,40,2048,True,0.6061277762203174
Placebo,40,2379,True,0.5073620426654916
Placebo,40,2516,True,0.6229960360933164
Placebo,40,2601,True,0.12744111026842678
Placebo,40,3210,True,0.35219128833783514
Placebo,40,3601,True,0.0
Placebo,40,3729,True,0.4403091544458137
Placebo,40,3832,True,0.538213985579894
Placebo,40,4104,True,0.37248094266746085
Placebo,40,4286,True,0.4447153485631007
Placebo,40,4329,True,0.09092803061897885
Placebo,40,4553,True,0.12669074888309206
Placebo,40,4790,True,0.31488013066763093
Placebo,40,4844,True,0.0
Placebo,40,4994,True,0.2580790554984392
Placebo,40,5020,True,0.4897619529328228
Placebo,40,5293,True,0.47809135004281583
Placebo,40,5338,True,0.6735194214369881
Placebo,40,5343,True,0.3213333823343333
Placebo,40,5464,True,0.23170768250378493
Placebo,40,5560,True,0.5435198780811756
Placebo,40,5719,True,0.5538587600022666
Placebo,40,6055,True,0.35707647659639197
Placebo,40,6121,True,0.5938158698725158
Placebo,40,6128,True,0.1297559932741616
Placebo,40,6197,True,0.08981180746716709
Placebo,40,6336,True,0.7144199045168831
Placebo,40,6577,True,0.5671016379659564
Placebo,40,6717,True,0.0
Placebo,40,6906,True,0.0
Placebo,40,8550,True,0.0
Placebo,40,8576,True,0.7553544384760387
Placebo,40,8790,True,0.0
Placebo,40,8840,False,0.0
Placebo,40,8878,True,0.3473419693516979
Placebo,40,9337,True,0.131992192941818
Placebo,40,9501,True,0.5313368862538006
Placebo,40,9512,False,0.0
Placebo,40,45,True,0.24604105534112147
Placebo,40,199,True,0.0713975720180687
Placebo,40,458,True,0.6391913511274124
Placebo,40,564,True,0.9256180470797135
Placebo,40,717,True,0.2122263659729146
Placebo,40,1109,True,0.6519188659300386
Placebo,40,1576,True,0.0
Placebo,40,1711,False,0.0
Placebo,40,1868,True,0.0
Placebo,40,1942,True,0.4641958580961946
Placebo,40,2001,True,0.23789996210715458
Placebo,40,2217,True,0.0
Placebo,40,2354,True,0.294143541545908
Placebo,40,2761,True,0.10209739512291151
Placebo,40,2980,True,0.28071872112207047
Placebo,40,3021,True,0.42248924506744157
Placebo,40,3030,True,0.0
Placebo,40,3046,True,0.16195671984435944
Placebo,40,3050,True,0.5366819610496801
Placebo,40,3288,True,0.3155131816484183
Placebo,40,3302,True,0.2502148520611554
Placebo,40,3794,True,0.13603488629504495
Placebo,40,3920,True,0.4095275733898474
Placebo,40,3965,True,0.05487565949361937
Placebo,40,4193,True,0.3376196667228326
Placebo,40,4294,True,0.18397246392903513
Placebo,40,4383,True,0.22788931809151902
Placebo,40,4474,True,0.2587760295148065
Placebo,40,5068,True,0.6489315753318465
Placebo,40,5258,True,0.07012796146402339
Placebo,40,5306,True,0.8297401535451214
Placebo,40,5323,True,0.3205320822358331
Placebo,40,5421,True,0.8059790086429617
Placebo,40,5766,True,0.6173662088650785
Placebo,40,5877,True,0.3287097961365128
Placebo,40,5887,True,0.4740577596278161
Placebo,40,6126,True,0.11706259313796355
Placebo,40,6190,True,0.5027322443506439
Placebo,40,6224,True,0.3732689537968543
Placebo,40,6465,True,0.107789154524511
Placebo,40,6853,True,0.1394155414437851
Placebo,40,6949,True,0.24559011863553
Placebo,40,7107,True,0.0
Placebo,40,7240,True,0.0
Placebo,40,7937,True,0.4041404811087088
Placebo,40,8015,True,0.19796212533499355
Placebo,40,8066,True,0.5319746545968312
Placebo,40,8202,True,0.16728841772367187
Placebo,40,8321,True,0.2660238875756555
Placebo,40,9222,True,0.18351205520241196
Placebo,40,9453,True,0.44480533823110774
Placebo,40,73,True,0.20323160666093484
Placebo,40,390,True,0.5160449830732765
Placebo,40,424,True,0.43118636071535105
Placebo,40,715,True,0.4778273036255042
Placebo,40,915,True,0.39327839964630634
Placebo,40,1579,True,0.2541263828412035
Placebo,40,1643,True,0.15556974829149348
Placebo,40,1679,True,0.5932383072322647
Placebo,40,1982,True,0.06362078819895167
Placebo,40,2027,True,0.2446063592393706
Placebo,40,2211,True,0.15130120674940675
Placebo,40,2228,True,0.07212498542285611
Placebo,40,2352,True,0.0
Placebo,40,2520,True,0.16793740064795468
Placebo,40,2573,True,0.0733639220993601
Placebo,40,2630,True,0.5584767558705483
Placebo,40,2666,True,0.380687883601956
Placebo,40,2745,True,0.1925085050923631
Placebo,40,3149,True,0.4192386870881473
Placebo,40,3369,True,0.3452788769996987
Placebo,40,3617,True,0.16792212262075526
Placebo,40,3862,True,0.1969047282988297
Placebo,40,4124,True,0.38012350953690843
Placebo,40,4218,True,0.34308745834966314
Placebo,40,4268,True,0.45260581781522463
Placebo,40,4452,True,0.1594810039441733
Placebo,40,4522,True,0.2835442086752786
Placebo,40,4784,True,0.7057662997815163
Placebo,40,5139,True,0.0
Placebo,40,5438,True,0.48790526198375095
Placebo,40,5565,True,0.11446717208084213
Placebo,40,5684,True,0.531422045111194
Placebo,40,5775,True,0.3600558568883673
Placebo,40,6110,True,0.07502291087608069
Placebo,40,6488,True,0.0
Placebo,40,6590,True,0.16811577046396647
Placebo,40,6793,True,0.2646822124057536
Placebo,40,7090,True,0.3254116959409258
Placebo,40,7112,True,0.694221683204001
Placebo,40,7167,True,0.25898197669433837
Placebo,40,7287,True,0.6312141465216029
Placebo,40,7370,True,0.041143443251688484
Placebo,40,7547,True,0.6333477872465472
Placebo,40,7589,True,0.06975096265942549
Placebo,40,7622,True,0.29356136244201136
Placebo,40,7640,False,0.0
Placebo,40,7757,True,0.22010879042717113
Placebo,40,8162,True,0.4717248101611081
Placebo,40,8508,True,0.0
Placebo,40,8597,True,0.3084106120034889
Placebo,40,8771,True,0.15101961822780524
Placebo,40,288,True,0.5589084136713511
Placebo,40,635,True,0.499535520890733
Placebo,40,654,True,0.09285825605119433
Placebo,40,699,True,0.5736899196572437
Placebo,40,743,True,0.39728900552705787
Placebo,40,946,True,0.0
Placebo,40,976,True,0.13743816645714546
Placebo,40,1144,True,0.7124173973081991
Placebo,40,1187,True,0.27788701371827035
Placebo,40,1384,True,0.0
Placebo,40,1415,True,0.6780580235266064
Placebo,40,1443,True,0.1426348687476528
Placebo,40,1629,True,0.37133631040705334
Placebo,40,1684,True,0.3841498266070611
Placebo,40,1802,True,0.183597306122996
Placebo,40,1914,True,0.400632400154742
Placebo,40,2046,True,0.0
Placebo,40,2071,True,0.37533945414825326
Placebo,40,2340,True,0.09681446384354923
Placebo,40,2749,True,0.3467265786576551
Placebo,40,3517,True,0.4470984956431124
Placebo,40,3758,True,0.06673768929853467
Placebo,40,4110,True,0.4653417804665857
Placebo,40,4111,True,0.0
Placebo,40,4144,True,0.3141282511922481
Placebo,40,5021,True,0.0
Placebo,40,5032,True,0.4423670438010385
Placebo,40,5096,True,0.12386934723300858
Placebo,40,5109,True,0.5099901869754532
Placebo,40,5114,True,0.20400787375019783
Placebo,40,5977,True,0.3010299956639808
Placebo,40,5984,True,0.11211867133607187
Placebo,40,6353,True,0.6494850366382606
Placebo,40,6373,True,0.416033254229602
Placebo,40,6539,True,0.0
Placebo,40,6554,True,0.798710814652061
Placebo,40,6884,True,0.5
Placebo,40,6955,True,0.05501287053785307
Placebo,40,7020,True,0.3340608971369594
Placebo,40,7029,True,0.17351589113304955
Placebo,40,7280,True,0.056906557239904024
Placebo,40,7394,True,0.27977049380617386
Placebo,40,7795,True,0.49208546027832434
Placebo,40,8108,True,0.24355227021012343
Placebo,40,8560,True,0.3566540326054964
Placebo,40,8632,True,0.31276921318873946
Placebo,40,8657,True,0.09984548734282173
Placebo,40,8777,True,0.55507208097103
Placebo,40,9151,True,0.07979453856244821
Placebo,40,9609,True,0.3589542101716347
Placebo,41,102,True,0.8684841382568779
Placebo,41,314,True,0.6446396472037139
Placebo,41,1068,True,0.44624192277098496
Placebo,41,1525,True,0.111790044842754
Placebo,41,1795,True,0.30622028373875265
Placebo,41,1929,True,0.5653888776758481
Placebo,41,1931,True,0.1388624438735545
Placebo,41,1991,True,0.5047396202982422
Placebo,41,2528,True,0.7574045798542323
Placebo,41,2697,True,0.5676302651424766
Placebo,41,2834,True,0.505874013220995
Placebo,41,2845,True,0.3233577706359023
Placebo,41,3031,True,0.10128658369829717
Placebo,41,3250,True,0.5567661376981332
Placebo,41,3308,True,0.3474972999165547
Placebo,41,3402,True,0.04929175392995458
Placebo,41,3426,True,0.0
Placebo,41,3449,True,0.37347532562109376
Placebo,41,3756,True,0.390191497902795
Placebo,41,4141,True,0.6654689857045063
Placebo,41,4210,True,0.5826833547401198
Placebo,41,4516,True,0.056490437736217106
Placebo,41,4692,True,0.0
Placebo,41,4700,True,0.19051039131856665
Placebo,41,4910,False,0.0
Placebo,41,4962,True,0.24573132854020638
Placebo,41,5275,True,0.053368457452889664
Placebo,41,5671,True,0.4805346202835373
Placebo,41,5683,True,0.5606106610965926
Placebo,41,6067,True,0.4167215136484897
Placebo,41,6378,True,0.5617125690255501
Placebo,41,6495,True,0.42707828830626376
Placebo,41,6868,True,0.4613531026713835
Placebo,41,6880,True,0.35210800059726916
Placebo,41,7144,True,0.13070643004160296
Placebo,41,7413,True,0.6159818338735081
Placebo,41,7526,True,0.17342765698823942
Placebo,41,7531,True,0.0
Placebo,41,7577,True,0.0
Placebo,41,7621,True,0.5540078101914439
Placebo,41,8198,True,0.40767533487370866
Placebo,41,8442,True,0.2346921745249382
Placebo,41,8452,True,0.4987532881707372
Placebo,41,8476,True,0.1964749405262801
Placebo,41,8541,True,0.74062101300872
Placebo,41,8802,True,0.1715894651557675
Placebo,41,8816,True,0.0
Placebo,41,8852,True,0.0
Placebo,41,9099,True,0.0
Placebo,41,9479,True,0.0
Placebo,41,9625,False,0.0
Placebo,41,96,True,0.14126697285982884
Placebo,41,171,True,0.6436424282700453
Placebo,41,328,True,0.11284514134893517
Placebo,41,387,True,0.08661781369276414
Placebo,41,754,False,0.0
Placebo,41,983,True,0.6148176694242662
Placebo,41,1039,True,0.559601151880721
Placebo,41,1098,True,0.5014337890444748
Placebo,41,1120,True,0.30657359638272924
Placebo,41,1275,True,0.3336176175269884
Placebo,41,1343,True,0.13122870694730654
Placebo,41,1483,True,0.5515830064237768
Placebo,41,2005,True,0.2934556883974403
Placebo,41,2048,True,0.43893931376700496
Placebo,41,2379,True,0.5244901086683573
Placebo,41,2516,True,0.5709184214169236
Placebo,41,2601,True,0.06975096265942549
Placebo,41,3210,True,0.19793991956314835
Placebo,41,3601,True,0.1681275362711174
Placebo,41,3729,True,0.5691817970429957
Placebo,41,3832,True,0.2772343854102591
Placebo,41,4104,True,0.2002005304811573
Placebo,41,4286,True,0.3964656612241308
Placebo,41,4329,True,0.16927654709047402
Placebo,41,4553,True,0.1803895185407797
Placebo,41,4790,True,0.13305201013572898
Placebo,41,4844,True,0.10699313236726382
Placebo,41,4994,True,0.2346921745249382
Placebo,41,5020,True,0.49520371186691564
Placebo,41,5293,True,0.23556615495358746
Placebo,41,5338,True,0.6935515579632276
Placebo,41,5343,True,0.20735142095824854
Placebo,41,5464,True,0.08097835992217972
Placebo,41,5560,True,0.1706728379730304
Placebo,41,5719,True,0.28294928416478377
Placebo,41,6055,True,0.45449827622138
Placebo,41,6121,True,0.7355572339156693
Placebo,41,6128,True,0.07066252950471981
Placebo,41,6197,True,0.1459275083776955
Placebo,41,6336,True,0.37634349337164774
Placebo,41,6577,True,0.7206857477959219
Placebo,41,6717,True,0.0
Placebo,41,6906,True,0.0
Placebo,41,8550,True,0.18457569677956798
Placebo,41,8576,True,0.5677538289767485
Placebo,41,8790,True,0.0
Placebo,41,8840,False,0.0
Placebo,41,8878,True,0.4056237384464712
Placebo,41,9337,True,0.06978419164318803
Placebo,41,9501,True,0.40313436593949253
Placebo,41,9512,False,0.0
Placebo,41,45,True,0.3144956463523791
Placebo,41,199,True,0.16006937327320506
Placebo,41,458,True,0.5416457943183212
Placebo,41,564,True,0.7192846569423914
Placebo,41,717,True,0.17498338897571042
Placebo,41,1109,True,0.5951425027143878
Placebo,41,1576,True,0.0
Placebo,41,1711,False,0.0
Placebo,41,1868,True,0.0
Placebo,41,1942,True,0.4819370564685236
Placebo,41,2001,True,0.06425604298318159
Placebo,41,2217,True,0.14656879505245024
Placebo,41,2354,True,0.36768988863628077
Placebo,41,2761,True,0.0
Placebo,41,2980,True,0.1388624438735545
Placebo,41,3021,True,0.4310410171706252
Placebo,41,3030,True,0.0
Placebo,41,3046,True,0.2107105505168595
Placebo,41,3050,True,0.5360323285961073
Placebo,41,3288,True,0.2999986149238817
Placebo,41,3302,True,0.5361311376913138
Placebo,41,3794,True,0.0
Placebo,41,3920,True,0.22918194429434618
Placebo,41,3965,True,0.41025086821015466
Placebo,41,4193,True,0.24287812350713872
Placebo,41,4294,True,0.10635993666584077
Placebo,41,4383,True,0.43781968661287013
Placebo,41,4474,True,0.4558111942381501
Placebo,41,5068,True,0.45505231594418116
Placebo,41,5258,True,0.12421371338458444
Placebo,41,5306,True,0.46724128664015907
Placebo,41,5323,True,0.629919128508362
Placebo,41,5421,True,0.6765718882169046
Placebo,41,5766,True,0.523741484041363
Placebo,41,5877,True,0.0
Placebo,41,5887,True,0.5012722790926399
Placebo,41,6126,True,0.0
Placebo,41,6190,True,0.4497006009463118
Placebo,41,6224,True,0.3708256720323327
Placebo,41,6465,True,0.0
Placebo,41,6853,True,0.3861269293668712
Placebo,41,6949,True,0.5702315167677701
Placebo,41,7107,True,0.37813857943663975
Placebo,41,7240,True,0.0
Placebo,41,7937,True,0.4932162989129126
Placebo,41,8015,True,0.25395092312997225
Placebo,41,8066,True,0.21338273430389385
Placebo,41,8202,True,0.34923764369751564
Placebo,41,8321,True,0.6580507086323025
Placebo,41,9222,True,0.15859438647554108
Placebo,41,9453,True,0.7545760086892167
Placebo,41,73,True,0.12885885833627728
Placebo,41,390,True,0.36936627827106644
Placebo,41,424,True,0.12315119437036504
Placebo,41,715,True,0.6136929987899626
Placebo,41,915,True,0.5618918191694954
Placebo,41,1579,True,0.3881443315385737
Placebo,41,1643,True,0.0
Placebo,41,1679,True,0.4871640254643477
Placebo,41,1982,True,0.2914893383161489
Placebo,41,2027,True,0.5424875032953415
Placebo,41,2211,True,0.5014839712467825
Placebo,41,2228,True,0.27898250583791173
Placebo,41,2352,True,0.0
Placebo,41,2520,True,0.46686102269778224
Placebo,41,2573,True,0.06625422345438896
Placebo,41,2630,True,0.43056877806322275
Placebo,41,2666,True,0.34777038588299036
Placebo,41,2745,True,0.10359825042259051
Placebo,41,3149,True,0.5545643845345908
Placebo,41,3369,True,0.31289831563901277
Placebo,41,3617,True,0.2986543557052151
Placebo,41,3862,True,0.0
Placebo,41,4124,True,0.3476626064026965
Placebo,41,4218,True,0.3395224661789743
Placebo,41,4268,True,0.5391991344893378
Placebo,41,4452,True,0.0
Placebo,41,4522,True,0.6545147913042961
Placebo,41,4784,True,0.6267494208464467
Placebo,41,5139,True,0.0
Placebo,41,5438,True,0.38489864041249805
Placebo,41,5565,True,0.09020315758404246
Placebo,41,5684,True,0.36873240915130784
Placebo,41,5775,True,0.5384313152574521
Placebo,41,6110,True,0.29772120583169925
Placebo,41,6488,True,0.17342765698823942
Placebo,41,6590,True,0.18618449947292748
Placebo,41,6793,True,0.4621552066508131
Placebo,41,7090,True,0.4294608176097528
Placebo,41,7112,True,0.5228206550887011
Placebo,41,7167,True,0.36138292340803024
Placebo,41,7287,True,0.48970382821388475
Placebo,41,7370,True,0.13347537859706934
Placebo,41,7547,True,0.2746433202954654
Placebo,41,7589,True,0.048753830672500074
Placebo,41,7622,True,0.10905082208646188
Placebo,41,7640,False,0.0
Placebo,41,7757,True,0.0
Placebo,41,8162,True,0.5126785712163868
Placebo,41,8508,True,0.19305050952434966
Placebo,41,8597,True,0.5265205632729509
Placebo,41,8771,True,0.0
Placebo,41,288,True,0.4599850004564833
Placebo,41,635,True,0.43161005662506813
Placebo,41,654,True,0.15142685179749768
Placebo,41,699,True,0.24591251628252336
Placebo,41,743,True,0.18624047133373042
Placebo,41,946,True,0.0
Placebo,41,976,True,0.0
Placebo,41,1144,True,0.5936128566465084
Placebo,41,1187,True,0.31595732587666336
Placebo,41,1384,True,0.10780509678375631
Placebo,41,1415,True,0.6751453993419143
Placebo,41,1443,True,0.47558858491633815
Placebo,41,1629,True,0.2948220140385315
Placebo,41,1684,True,0.0
Placebo,41,1802,True,0.34634689786714556
Placebo,41,1914,True,0.4629178779693738
Placebo,41,2046,True,0.0
Placebo,41,2071,True,0.4326952439680418
Placebo,41,2340,True,0.17567583711833637
Placebo,41,2749,True,0.2524449853860545
Placebo,41,3517,True,0.5930017947021221
Placebo,41,3758,True,0.0950897783164808
Placebo,41,4110,True,0.3214604724002406
Placebo,41,4111,True,0.0
Placebo,41,4144,True,0.143666091738986
Placebo,41,5021,True,0.3013381366944936
Placebo,41,5032,True,0.6252176804006453
Placebo,41,5096,True,0.32392255830815286
Placebo,41,5109,True,0.6127962432248832
Placebo,41,5114,True,0.3607790370815594
Placebo,41,5977,True,0.0
Placebo,41,5984,True,0.21964686745336073
Placebo,41,6353,True,0.6291648754949235
Placebo,41,6373,True,0.3201799533319727
Placebo,41,6539,True,0.0
Placebo,41,6554,True,0.42167224463199876
Placebo,41,6884,True,0.0
Placebo,41,6955,True,0.3375597044579362
Placebo,41,7020,True,0.5614830077659184
Placebo,41,7029,True,0.24844481188052703
Placebo,41,7280,True,0.3403684694543576
Placebo,41,7394,True,0.2754604771139585
Placebo,41,7795,True,0.5331271117271945
Placebo,41,8108,True,0.20641593223508908
Placebo,41,8560,True,0.29110129488689374
Placebo,41,8632,True,0.32915432558163504
Placebo,41,8657,True,0.0
Placebo,41,8777,True,0.7765777002942176
Placebo,41,9151,True,0.11770392200079223
Placebo,41,9609,True,0.39356081945565896
Placebo,42,102,True,0.3877605783069913
Placebo,42,314,True,0.3329265618130245
Placebo,42,1068,True,0.31959422071571914
Placebo,42,1525,True,0.34474998221800435
Placebo,42,1795,True,0.42401949019083357
Placebo,42,1929,True,0.5263182611555679
Placebo,42,1931,True,0.24127956763284994
Placebo,42,1991,True,0.16108455025280402
Placebo,42,2528,True,0.5195791577137381
Placebo,42,2697,True,0.673142027045378
Placebo,42,2834,True,0.25134847809409616
Placebo,42,2845,True,0.4497371214335781
Placebo,42,3031,True,0.15965296325881018
Placebo,42,3250,True,0.3993741856274411
Placebo,42,3308,True,0.5825539391821403
Placebo,42,3402,True,0.09077394133714942
Placebo,42,3426,True,0.22276566355194088
Placebo,42,3449,True,0.6110542918065831
Placebo,42,3756,True,0.16354138662029638
Placebo,42,4141,True,0.5827636908817446
Placebo,42,4210,True,0.2590398871482642
Placebo,42,4516,True,0.35814090184490954
Placebo,42,4692,True,0.0
Placebo,42,4700,True,0.1803895185407797
Placebo,42,4910,False,0.0
Placebo,42,4962,True,0.5201595779246856
Placebo,42,5275,True,0.4188620158783352
Placebo,42,5671,True,0.3859462385828091
Placebo,42,5683,True,0.5818159484198421
Placebo,42,6067,True,0.5071702023498155
Placebo,42,6378,True,0.41888212111988393
Placebo,42,6495,True,0.4615808843684812
Placebo,42,6868,True,0.6295518591041072
Placebo,42,6880,True,0.5694686507588029
Placebo,42,7144,True,0.33959872511946354
Placebo,42,7413,True,0.5548179779226221
Placebo,42,7526,True,0.21689524588991282
Placebo,42,7531,True,0.0
Placebo,42,7577,True,0.0
Placebo,42,7621,True,0.4107220664791949
Placebo,42,8198,True,0.48321174752162543
Placebo,42,8442,True,0.3126131857185148
Placebo,42,8452,True,0.43083217966659026
Placebo,42,8476,True,0.31442975316714933
Placebo,42,8541,True,0.626971336950955
Placebo,42,8802,True,0.11789422896273459
Placebo,42,8816,True,0.30170542037145415
Placebo,42,8852,True,0.0
Placebo,42,9099,True,0.3967378179380473
Placebo,42,9479,True,0.8175295903539447
Placebo,42,9625,False,0.0
Placebo,42,96,True,0.13845947314613827
Placebo,42,171,True,0.5598363776168345
Placebo,42,328,True,0.28114630155850584
Placebo,42,387,True,0.35301686087887274
Placebo,42,754,False,0.0
Placebo,42,983,True,0.29619460037573986
Placebo,42,1039,True,0.5657351627096154
Placebo,42,1098,True,0.24580530742162596
Placebo,42,1120,True,0.25063291767094353
Placebo,42,1275,True,0.541825054146583
Placebo,42,1343,True,0.07362322034364345
Placebo,42,1483,True,0.15471642082830966
Placebo,42,2005,True,0.06362078819895167
Placebo,42,2048,True,0.6847683101446757
Placebo,42,2379,True,0.45475041277295386
Placebo,42,2516,True,0.682247145787658
Placebo,42,2601,True,0.1811582050542142
Placebo,42,3210,True,0.350104076836591
Placebo,42,3601,True,0.2463023887407299
Placebo,42,3729,True,0.20672165062887685
Placebo,42,3832,True,0.36670671359563506
Placebo,42,4104,True,0.2788757447326814
Placebo,42,4286,True,0.5486123362705019
Placebo,42,4329,True,0.18827853542832323
Placebo,42,4553,True,0.0
Placebo,42,4790,True,0.1951890007906611
Placebo,42,4844,True,0.0
Placebo,42,4994,True,0.27058427781116956
Placebo,42,5020,True,0.450775543328706
Placebo,42,5293,True,0.19751525676024498
Placebo,42,5338,True,0.8077031137931197
Placebo,42,5343,True,0.46552177008344636
Placebo,42,5464,True,0.0
Placebo,42,5560,True,0.3167379474330457
Placebo,42,5719,True,0.4773604534235731
Placebo,42,6055,True,0.4165669464423478
Placebo,42,6121,True,0.48610255995440005
Placebo,42,6128,True,0.11712525462224861
Placebo,42,6197,True,0.35084429783930116
Placebo,42,6336,True,0.5566114408157141
Placebo,42,6577,True,0.4606501990673679
Placebo,42,6717,True,0.0
Placebo,42,6906,True,0.0
Placebo,42,8550,True,0.0
Placebo,42,8576,True,0.2601365719773664
Placebo,42,8790,True,0.0
Placebo,42,8840,False,0.0
Placebo,42,8878,True,0.49126748576109935
Placebo,42,9337,True,0.06012983951359326
Placebo,42,9501,True,0.4960832727215559
Placebo,42,9512,False,0.0
Placebo,42,45,True,0.13347537859706934
Placebo,42,199,True,0.08514311764162101
Placebo,42,458,True,0.6535073651712326
Placebo,42,564,True,0.7654999533396626
Placebo,42,717,True,0.23365080824310527
Placebo,42,1109,True,0.5295471068468658
Placebo,42,1576,True,0.0
Placebo,42,1711,False,0.0
Placebo,42,1868,True,0.0
Placebo,42,1942,True,0.5460150779955641
Placebo,42,2001,True,0.05214426484655786
Placebo,42,2217,True,0.0
Placebo,42,2354,True,0.4141008957804104
Placebo,42,2761,True,0.12081130269949425
Placebo,42,2980,True,0.07839826897867538
Placebo,42,3021,True,0.4975447907586268
Placebo,42,3030,True,0.23463936301137828
Placebo,42,3046,True,0.17168436107312274
Placebo,42,3050,True,0.52467253365937
Placebo,42,3288,True,0.2259108157295178
Placebo,42,3302,True,0.41044387244810404
Placebo,42,3794,True,0.285553947402526
Placebo,42,3920,True,0.29457012185882747
Placebo,42,3965,True,0.0793043151251696
Placebo,42,4193,True,0.5613914334052894
Placebo,42,4294,True,0.0
Placebo,42,4383,True,0.5026513306818653
Placebo,42,4474,True,0.0
Placebo,42,5068,True,0.19930623359011795
Placebo,42,5258,True,0.0
Placebo,42,5306,True,0.7379293891632461
Placebo,42,5323,True,0.3889360860300336
Placebo,42,5421,True,0.7610164298187134
Placebo,42,5766,True,0.5228115903003162
Placebo,42,5877,True,0.10369639533646699
Placebo,42,5887,True,0.5955252995110858
Placebo,42,6126,True,0.0
Placebo,42,6190,True,0.344215752136919
Placebo,42,6224,True,0.08514311764162101
Placebo,42,6465,True,0.1909208661789346
Placebo,42,6853,True,0.1937996431110639
Placebo,42,6949,True,0.3831745958784474
Placebo,42,7107,True,0.2235820232837004
Placebo,42,7240,True,0.0
Placebo,42,7937,True,0.6523706084452717
Placebo,42,8015,True,0.3543334123470583
Placebo,42,8066,True,0.378441192190923
Placebo,42,8202,True,0.2003451146058441
Placebo,42,8321,True,0.3778512864130099
Placebo,42,9222,True,0.1773643015798721
Placebo,42,9453,True,0.5029843809022176
Placebo,42,73,True,0.5745154706993483
Placebo,42,390,True,0.44492811483924055
Placebo,42,424,True,0.5135312443624667
Placebo,42,715,True,0.719015339418171
Placebo,42,915,True,0.13436872776344763
Placebo,42,1579,True,0.372496056304718
Placebo,42,1643,True,0.0
Placebo,42,1679,True,0.45270056721644086
Placebo,42,1982,True,0.18844415212771548
Placebo,42,2027,True,0.36260848158728615
Placebo,42,2211,True,0.0
Placebo,42,2228,True,0.14539289195688904
Placebo,42,2352,True,0.0
Placebo,42,2520,True,0.1828155794359082
Placebo,42,2573,True,0.2685529228900212
Placebo,42,2630,True,0.7288807642738112
Placebo,42,2666,True,0.19172034366229015
Placebo,42,2745,True,0.26576932520779445
Placebo,42,3149,True,0.32946837193164596
Placebo,42,3369,True,0.13348226192392582
Placebo,42,3617,True,0.41103406056461034
Placebo,42,3862,True,0.19229431469715688
Placebo,42,4124,True,0.5847410808701119
Placebo,42,4218,True,0.30642795402820033
Placebo,42,4268,True,0.5944620950637406
Placebo,42,4452,True,0.0
Placebo,42,4522,True,0.48924345431617056
Placebo,42,4784,True,0.8561868251429363
Placebo,42,5139,True,0.2463023887407299
Placebo,42,5438,True,0.21034852634333
Placebo,42,5565,True,0.06452577150984494
Placebo,42,5684,True,0.7700701178684078
Placebo,42,5775,True,0.36602461869280256
Placebo,42,6110,True,0.5244321611051591
Placebo,42,6488,True,0.11838279295536289
Placebo,42,6590,True,0.2526080431641476
Placebo,42,6793,True,0.24298637771318032
Placebo,42,7090,True,0.3921233226741804
Placebo,42,7112,True,0.5490262036480508
Placebo,42,7167,True,0.37963509989763145
Placebo,42,7287,True,0.2625355834157207
Placebo,42,7370,True,0.15707622714651068
Placebo,42,7547,True,0.615890717448506
Placebo,42,7589,True,0.2107105505168595
Placebo,42,7622,True,0.06425604298318159
Placebo,42,7640,False,0.0
Placebo,42,7757,True,0.2501737101839677
Placebo,42,8162,True,0.6303532137551715
Placebo,42,8508,True,0.0
Placebo,42,8597,True,0.6778886058446232
Placebo,42,8771,True,0.0
Placebo,42,288,True,0.7974133980683897
Placebo,42,635,True,0.39937733136839887
Placebo,42,654,True,0.07187006452250423
Placebo,42,699,True,0.3712936815450057
Placebo,42,743,True,0.5045542300374717
Placebo,42,946,True,0.0
Placebo,42,976,True,0.08274602130531994
Placebo,42,1144,True,0.8870191404963456
Placebo,42,1187,True,0.560047866533861
Placebo,42,1384,True,0.06361522939534878
Placebo,42,1415,True,0.3845405503889547
Placebo,42,1443,True,0.3329209015813178
Placebo,42,1629,True,0.36666930741651366
Placebo,42,1684,True,0.3679555520531813
Placebo,42,1802,True,0.1340402346263696
Placebo,42,1914,True,0.6223955471115689
Placebo,42,2046,True,0.0
Placebo,42,2071,True,0.24085182087182425
Placebo,42,2340,True,0.35185668051157637
Placebo,42,2749,True,0.26693290321972235
Placebo,42,3517,True,0.4527073868943132
Placebo,42,3758,True,0.059351932333344765
Placebo,42,4110,True,0.04379659969534854
Placebo,42,4111,True,0.08274602130531994
Placebo,42,4144,True,0.4705622500624029
Placebo,42,5021,True,0.0
Placebo,42,5032,True,0.4707327803639204
Placebo,42,5096,True,0.08707562656251236
Placebo,42,5109,True,0.4099312708671696
Placebo,42,5114,True,0.1340402346263696
Placebo,42,5977,True,0.0
Placebo,42,5984,True,0.3086181982800057
Placebo,42,6353,True,0.592071125773833
Placebo,42,6373,True,0.4019689709705691
Placebo,42,6539,True,0.6131471927654585
Placebo,42,6554,True,0.44105381073564087
Placebo,42,6884,True,0.0
Placebo,42,6955,True,0.2639364841142927
Placebo,42,7020,True,0.30720414371696686
Placebo,42,7029,True,0.1333231505465493
Placebo,42,7280,True,0.3293220279087202
Placebo,42,7394,True,0.297425915294277
Placebo,42,7795,True,0.5049507309835092
Placebo,42,8108,True,0.2578753740644928
Placebo,42,8560,True,0.42003898191914013
Placebo,42,8632,True,0.4885020825106057
Placebo,42,8657,True,0.10507722995177482
Placebo,42,8777,True,0.6278163952536122
Placebo,42,9151,True,0.08431423425588576
Placebo,42,9609,True,0.2200917662980802
Placebo,43,102,True,0.7903998091511074
Placebo,43,314,True,0.5911944407713197
Placebo,43,1068,True,0.2947931739994808
Placebo,43,1525,True,0.18044559755853493
Placebo,43,1795,True,0.450011108900937
Placebo,43,1929,True,0.4780580463444008
Placebo,43,1931,True,0.3811343541220199
Placebo,43,1991,True,0.0970477754402881
Placebo,43,2528,True,0.4271288090083735
Placebo,43,2697,True,0.23170768250378493
Placebo,43,2834,True,0.4294412612133661
Placebo,43,2845,True,0.34801469542804875
Placebo,43,3031,True,0.13211820837280067
Placebo,43,3250,True,0.3491073782410955
Placebo,43,3308,True,0.29536628973328866
Placebo,43,3402,True,0.10416741342357394
Placebo,43,3426,True,0.0
Placebo,43,3449,True,0.3764696011996204
Placebo,43,3756,True,0.31954962756492084
Placebo,43,4141,True,0.4568136645058973
Placebo,43,4210,True,0.3224504939983926
Placebo,43,4516,True,0.28974793256212106
Placebo,43,4692,True,0.0
Placebo,43,4700,True,0.017381421615519286
Placebo,43,4910,False,0.0
Placebo,43,4962,True,0.3538805731685162
Placebo,43,5275,True,0.10962735030186617
Placebo,43,5671,True,0.23618187190472764
Placebo,43,5683,True,0.5083080656595074
Placebo,43,6067,True,0.4829369861057972
Placebo,43,6378,True,0.7077326498628076
Placebo,43,6495,True,0.4889857253664405
Placebo,43,6868,True,0.6619902909869047
Placebo,43,6880,True,0.3788432665596967
Placebo,43,7144,True,0.3372964320640216
Placebo,43,7413,True,0.3063204082675643
Placebo,43,7526,True,0.08916963639944173
Placebo,43,7531,True,0.45390362024822023
Placebo,43,7577,True,0.0
Placebo,43,7621,True,0.25160545524542305
Placebo,43,8198,True,0.2807690179995485
Placebo,43,8442,True,0.18889875018172203
Placebo,43,8452,True,0.27310718053251964
Placebo,43,8476,True,0.19880007123870685
Placebo,43,8541,True,0.44741061596933146
Placebo,43,8802,True,0.19745700523734447
Placebo,43,8816,True,0.0
Placebo,43,8852,True,0.2343258582304696
Placebo,43,9099,True,0.06362078819895167
Placebo,43,9479,True,0.0
Placebo,43,9625,False,0.0
Placebo,43,96,True,0.2976932148674144
Placebo,43,171,True,0.5752377407111213
Placebo,43,328,True,0.3903800499921017
Placebo,43,387,True,0.0884104856384033
Placebo,43,754,False,0.0
Placebo,43,983,True,0.2746509569721337
Placebo,43,1039,True,0.45760193478041716
Placebo,43,1098,True,0.5602350605887753
Placebo,43,1120,True,0.1809074917818078
Placebo,43,1275,True,0.31614171909941713
Placebo,43,1343,True,0.05501287053785307
Placebo,43,1483,True,0.2586057016910178
Placebo,43,2005,True,0.15176219107803549
Placebo,43,2048,True,0.5043264189020983
Placebo,43,2379,True,0.6781157943073004
Placebo,43,2516,True,0.5462394122517503
Placebo,43,2601,True,0.16909739000379
Placebo,43,3210,True,0.36297315244769496
Placebo,43,3601,True,0.056422570674467584
Placebo,43,3729,True,0.5180897454670265
Placebo,43,3832,True,0.4691182800989876
Placebo,43,4104,True,0.0
Placebo,43,4286,True,0.4316202160197243
Placebo,43,4329,True,0.0
Placebo,43,4553,True,0.1170363967534973
Placebo,43,4790,True,0.1388624438735545
Placebo,43,4844,True,0.12081130269949425
Placebo,43,4994,True,0.0
Placebo,43,5020,True,0.5782928761601017
Placebo,43,5293,True,0.4734746061788283
Placebo,43,5338,True,0.49050042823578566
Placebo,43,5343,True,0.2885841214472361
Placebo,43,5464,True,0.10761289128041217
Placebo,43,5560,True,0.37948532197809537
Placebo,43,5719,True,0.3192541793910221
Placebo,43,6055,True,0.3317956088976599
Placebo,43,6121,True,0.45994561461884714
Placebo,43,6128,True,0.0
Placebo,43,6197,True,0.3866234877552269
Placebo,43,6336,True,0.6785382382981959
Placebo,43,6577,True,0.4292888666037354
Placebo,43,6717,True,0.0
Placebo,43,6906,True,0.0
Placebo,43,8550,True,0.0
Placebo,43,8576,True,0.4149859690216811
Placebo,43,8790,True,0.0
Placebo,43,8840,False,0.0
Placebo,43,8878,True,0.2320221445693426
Placebo,43,9337,True,0.16788429622804935
Placebo,43,9501,True,0.5927255993415943
Placebo,43,9512,False,0.0
Placebo,43,45,True,0.11428257845677507
Placebo,43,199,True,0.22400556151517553
Placebo,43,458,True,0.6983783614417673
Placebo,43,564,True,0.8674627001736036
Placebo,43,717,True,0.0
Placebo,43,1109,True,0.6475208617746897
Placebo,43,1576,True,0.20567105523212456
Placebo,43,1711,False,0.0
Placebo,43,1868,True,0.0
Placebo,43,1942,True,0.5266415763353123
Placebo,43,2001,True,0.1170363967534973
Placebo,43,2217,True,0.23230604393401819
Placebo,43,2354,True,0.4663186576520913
Placebo,43,2761,True,0.2139862647345275
Placebo,43,2980,True,0.2818942288451128
Placebo,43,3021,True,0.3217082937397086
Placebo,43,3030,True,0.3152014104491351
Placebo,43,3046,True,0.2299120357267143
Placebo,43,3050,True,0.8443025035471466
Placebo,43,3288,True,0.22505678208268817
Placebo,43,3302,True,0.6087964837508618
Placebo,43,3794,True,0.12723045879069755
Placebo,43,3920,True,0.4022191351285429
Placebo,43,3965,True,0.3047641993151819
Placebo,43,4193,True,0.17508717115004865
Placebo,43,4294,True,0.0
Placebo,43,4383,True,0.31070059698046937
Placebo,43,4474,True,0.10962735030186617
Placebo,43,5068,True,0.5648901044069582
Placebo,43,5258,True,0.0
Placebo,43,5306,True,0.6043834738405869
Placebo,43,5323,True,0.5009388667876213
Placebo,43,5421,True,0.6307216121225251
Placebo,43,5766,True,0.7623747149399958
Placebo,43,5877,True,0.05184819766823354
Placebo,43,5887,True,0.37581575407545714
Placebo,43,6126,True,0.0
Placebo,43,6190,True,0.456221622824312
Placebo,43,6224,True,0.1526174419698506
Placebo,43,6465,True,0.107789154524511
Placebo,43,6853,True,0.11728556017052548
Placebo,43,6949,True,0.3379361571583544
Placebo,43,7107,True,0.0576901476090013
Placebo,43,7240,True,0.0
Placebo,43,7937,True,0.4553242592576837
Placebo,43,8015,True,0.0
Placebo,43,8066,True,0.04992274367141086
Placebo,43,8202,True,0.2769681753246395
Placebo,43,8321,True,0.23875220160403446
Placebo,43,9222,True,0.0
Placebo,43,9453,True,0.6357767868588512
Placebo,43,73,True,0.3561457214046551
Placebo,43,390,True,0.48754861724629045
Placebo,43,424,True,0.13905617951077567
Placebo,43,715,True,0.467897236052054
Placebo,43,915,True,0.14201905717762706
Placebo,43,1579,True,0.5727402829015057
Placebo,43,1643,True,0.0
Placebo,43,1679,True,0.4906195101386242
Placebo,43,1982,True,0.07839826897867538
Placebo,43,2027,True,0.5800709614464175
Placebo,43,2211,True,0.16079845018866762
Placebo,43,2228,True,0.3061665274799166
Placebo,43,2352,True,0.0
Placebo,43,2520,True,0.40314025753660815
Placebo,43,2573,True,0.08514311764162101
Placebo,43,2630,True,0.520024913724803
Placebo,43,2666,True,0.19401607144801783
Placebo,43,2745,True,0.11219946564606698
Placebo,43,3149,True,0.2844493512317389
Placebo,43,3369,True,0.21812541621678885
Placebo,43,3617,True,0.5184248377418673
Placebo,43,3862,True,0.6543561860457983
Placebo,43,4124,True,0.3434588737086489
Placebo,43,4218,True,0.21672250373631116
Placebo,43,4268,True,0.5099189486061604
Placebo,43,4452,True,0.3026024134988135
Placebo,43,4522,True,0.19443818425761863
Placebo,43,4784,True,0.6942142927019325
Placebo,43,5139,True,0.13012668333070063
Placebo,43,5438,True,0.1698788360650832
Placebo,43,5565,True,0.0
Placebo,43,5684,True,0.5557364450286333
Placebo,43,5775,True,0.7909506325094736
Placebo,43,6110,True,0.2575243544205739
Placebo,43,6488,True,0.2601414854823592
Placebo,43,6590,True,0.0776895369576595
Placebo,43,6793,True,0.2299776643556475
Placebo,43,7090,True,0.5683438996969128
Placebo,43,7112,True,0.5964439443610358
Placebo,43,7167,True,0.6112191448964381
Placebo,43,7287,True,0.5225279950716555
Placebo,43,7370,True,0.21768896632317533
Placebo,43,7547,True,0.5138790270283257
Placebo,43,7589,True,0.08097835992217972
Placebo,43,7622,True,0.05214426484655786
Placebo,43,7640,False,0.0
Placebo,43,7757,True,0.1230076520585462
Placebo,43,8162,True,0.5428234593808753
Placebo,43,8508,True,0.0
Placebo,43,8597,True,0.2748061002245765
Placebo,43,8771,True,0.0
Placebo,43,288,True,0.6264577119366704
Placebo,43,635,True,0.23283360752088814
Placebo,43,654,True,0.0
Placebo,43,699,True,0.4537425745411855
Placebo,43,743,True,0.3082727178839928
Placebo,43,946,True,0.0
Placebo,43,976,True,0.0
Placebo,43,1144,True,0.6223917170653495
Placebo,43,1187,True,0.28803833549665747
Placebo,43,1384,True,0.0
Placebo,43,1415,True,0.6727166383113469
Placebo,43,1443,True,0.469291235012781
Placebo,43,1629,True,0.4149859690216811
Placebo,43,1684,True,0.192156638831279
Placebo,43,1802,True,0.1398852469030869
Placebo,43,1914,True,0.3438213917493416
Placebo,43,2046,True,0.0
Placebo,43,2071,True,0.3396649176741322
Placebo,43,2340,True,0.08508312584187493
Placebo,43,2749,True,0.36903330753484176
Placebo,43,3517,True,0.42978379536333894
Placebo,43,3758,True,0.0
Placebo,43,4110,True,0.3923856408002603
Placebo,43,4111,True,0.0
Placebo,43,4144,True,0.23878479559294236
Placebo,43,5021,True,0.09791292534996787
Placebo,43,5032,True,0.562466549753967
Placebo,43,5096,True,0.07358744134099243
Placebo,43,5109,True,0.45614102195419426
Placebo,43,5114,True,0.11381311447980796
Placebo,43,5977,True,0.0
Placebo,43,5984,True,0.425445451803574
Placebo,43,6353,True,0.651896348320243
Placebo,43,6373,True,0.39420658156889526
Placebo,43,6539,True,0.0
Placebo,43,6554,True,0.6595476253197833
Placebo,43,6884,True,0.0
Placebo,43,6955,True,0.0
Placebo,43,7020,True,0.41789020684683603
Placebo,43,7029,True,0.15826872664782907
Placebo,43,7280,True,0.11381311447980796
Placebo,43,7394,True,0.3033971705993259
Placebo,43,7795,True,0.4210315637601145
Placebo,43,8108,True,0.1834098052484002
Placebo,43,8560,True,0.4540172151371051
Placebo,43,8632,True,0.502692537530673
Placebo,43,8657,True,0.1137450683926103
Placebo,43,8777,True,0.6495642542381811
Placebo,43,9151,True,0.2535648787686604
Placebo,43,9609,True,0.21482270344587717
Placebo,44,102,True,0.7951657524814092
Placebo,44,314,True,0.3027498300958555
Placebo,44,1068,True,0.4855917196377427
Placebo,44,1525,True,0.3476497371417799
Placebo,44,1795,True,0.3475262050229318
Placebo,44,1929,True,0.2598262828252904
Placebo,44,1931,True,0.29062463495159
Placebo,44,1991,True,0.2295414116956865
Placebo,44,2528,True,0.597841115705035
Placebo,44,2697,True,0.2886558380187304
Placebo,44,2834,True,0.5098247399981503
Placebo,44,2845,True,0.18584651493134405
Placebo,44,3031,True,0.2996043438448431
Placebo,44,3250,True,0.09556982176532462
Placebo,44,3308,True,0.19769213517116047
Placebo,44,3402,True,0.18080234848575102
Placebo,44,3426,True,0.0
Placebo,44,3449,True,0.27000470354206135
Placebo,44,3756,True,0.3718539573761157
Placebo,44,4141,True,0.5927313400574008
Placebo,44,4210,True,0.33903684795729166
Placebo,44,4516,True,0.4054172721471004
Placebo,44,4692,True,0.09232555472959778
Placebo,44,4700,True,0.06219294124838742
Placebo,44,4910,False,0.0
Placebo,44,4962,True,0.15176219107803549
Placebo,44,5275,True,0.23268817978371997
Placebo,44,5671,True,0.44700650736901254
Placebo,44,5683,True,0.569834310175778
Placebo,44,6067,True,0.4440287391651148
Placebo,44,6378,True,0.3688559438865794
Placebo,44,6495,True,0.4131544491043005
Placebo,44,6868,True,0.5282338218136148
Placebo,44,6880,True,0.14367200693089974
Placebo,44,7144,True,0.22801413574164262
Placebo,44,7413,True,0.37472873855206534
Placebo,44,7526,True,0.1806589466552878
Placebo,44,7531,True,0.14081248632988866
Placebo,44,7577,True,0.0
Placebo,44,7621,True,0.14747674590664342
Placebo,44,8198,True,0.3203240892238949
Placebo,44,8442,True,0.0
Placebo,44,8452,True,0.3950375840684631
Placebo,44,8476,True,0.3511091902604917
Placebo,44,8541,True,0.3962317580513455
Placebo,44,8802,True,0.435030349739265
Placebo,44,8816,True,0.09020315758404246
Placebo,44,8852,True,0.0
Placebo,44,9099,True,0.4373524791503101
Placebo,44,9479,True,0.3868528072345415
Placebo,44,9625,False,0.0
Placebo,44,96,True,0.14126697285982884
Placebo,44,171,True,0.5301793066043378
Placebo,44,328,True,0.2463023887407299
Placebo,44,387,True,0.20778411473733654
Placebo,44,754,False,0.0
Placebo,44,983,True,0.4389411709169975
Placebo,44,1039,True,0.4764677325927483
Placebo,44,1098,True,0.3980977185375968
Placebo,44,1120,True,0.18457569677956798
Placebo,44,1275,True,0.2858286090786423
Placebo,44,1343,True,0.06779095235709008
Placebo,44,1483,True,0.26695563177100523
Placebo,44,2005,True,0.08514311764162101
Placebo,44,2048,True,0.5796910801929008
Placebo,44,2379,True,0.42100612206159294
Placebo,44,2516,True,0.45099088684057764
Placebo,44,2601,True,0.20668945204246908
Placebo,44,3210,True,0.3643549193068124
Placebo,44,3601,True,0.13012668333070063
Placebo,44,3729,True,0.27644077636988246
Placebo,44,3832,True,0.5934833811083734
Placebo,44,4104,True,0.13746743091695152
Placebo,44,4286,True,0.5782803829330774
Placebo,44,4329,True,0.21494772751765612
Placebo,44,4553,True,0.2894403406272416
Placebo,44,4790,True,0.08177069331014819
Placebo,44,4844,True,0.0
Placebo,44,4994,True,0.1101300176552622
Placebo,44,5020,True,0.5431293801037536
Placebo,44,5293,True,0.5210489592386053
Placebo,44,5338,True,0.7512559352063314
Placebo,44,5343,True,0.34186790140314194
Placebo,44,5464,True,0.4260967530293621
Placebo,44,5560,True,0.22658132682408696
Placebo,44,5719,True,0.2546802246184875
Placebo,44,6055,True,0.5478527392247047
Placebo,44,6121,True,0.6527097082882876
Placebo,44,6128,True,0.1222260944107594
Placebo,44,6197,True,0.19001876143788243
Placebo,44,6336,True,0.4393614174855455
Placebo,44,6577,True,0.6192129399953642
Placebo,44,6717,True,0.1596969716198995
Placebo,44,6906,True,0.0
Placebo,44,8550,True,0.25063291767094353
Placebo,44,8576,True,0.5069452297986672
Placebo,44,8790,True,0.0
Placebo,44,8840,False,0.0
Placebo,44,8878,True,0.10122860821230016
Placebo,44,9337,True,0.2816974107078573
Placebo,44,9501,True,0.45449396492543753
Placebo,44,9512,False,0.0
Placebo,44,45,True,0.20115672357262857
Placebo,44,199,True,0.35970991185182927
Placebo,44,458,True,0.7194825468807309
Placebo,44,564,True,0.7495964453221555
Placebo,44,717,True,0.1100458831490401
Placebo,44,1109,True,0.5516073903211203
Placebo,44,1576,True,0.0
Placebo,44,1711,False,0.0
Placebo,44,1868,True,0.0
Placebo,44,1942,True,0.19497544845813156
Placebo,44,2001,True,0.20400787375019783
Placebo,44,2217,True,0.30974139191202427
Placebo,44,2354,True,0.4772591118500171
Placebo,44,2761,True,0.0
Placebo,44,2980,True,0.1314635108945348
Placebo,44,3021,True,0.2700141584614538
Placebo,44,3030,True,0.0
Placebo,44,3046,True,0.16773064167406346
Placebo,44,3050,True,0.33728556878698635
Placebo,44,3288,True,0.1976298221650465
Placebo,44,3302,True,0.2986372576560149
Placebo,44,3794,True,0.08813383235058475
Placebo,44,3920,True,0.4185947469691367
Placebo,44,3965,True,0.06370866775185363
Placebo,44,4193,True,0.4092530571014163
Placebo,44,4294,True,0.0
Placebo,44,4383,True,0.32754243488657797
Placebo,44,4474,True,0.2802617634614141
Placebo,44,5068,True,0.715550648768261
Placebo,44,5258,True,0.1113253761397652
Placebo,44,5306,True,0.700335259050315
Placebo,44,5323,True,0.5523449131682844
Placebo,44,5421,True,0.6375936645645678
Placebo,44,5766,True,0.7358599668149972
Placebo,44,5877,True,0.0
Placebo,44,5887,True,0.20876062042819327
Placebo,44,6126,True,0.11706259313796355
Placebo,44,6190,True,0.45899729535848205
Placebo,44,6224,True,0.26320469600451324
Placebo,44,6465,True,0.0
Placebo,44,6853,True,0.46217880097675734
Placebo,44,6949,True,0.47905248941303946
Placebo,44,7107,True,0.0
Placebo,44,7240,True,0.0
Placebo,44,7937,True,0.41153259956303256
Placebo,44,8015,True,0.19783987238813025
Placebo,44,8066,True,0.4125315297687864
Placebo,44,8202,True,0.15257449495820963
Placebo,44,8321,True,0.2842633778553982
Placebo,44,9222,True,0.17234002181162744
Placebo,44,9453,True,0.7512035843577439
Placebo,44,73,True,0.4192687350576062
Placebo,44,390,True,0.554645591625478
Placebo,44,424,True,0.0
Placebo,44,715,True,0.5471042217382697
Placebo,44,915,True,0.5749391388215911
Placebo,44,1579,True,0.28951421151460766
Placebo,44,1643,True,0.10918487464734664
Placebo,44,1679,True,0.4730250191893754
Placebo,44,1982,True,0.08514311764162101
Placebo,44,2027,True,0.25580393968382487
Placebo,44,2211,True,0.05952137244162203
Placebo,44,2228,True,0.1492410650494383
Placebo,44,2352,True,0.0
Placebo,44,2520,True,0.24662568177745797
Placebo,44,2573,True,0.16354138662029638
Placebo,44,2630,True,0.5385993675447321
Placebo,44,2666,True,0.2002671657202725
Placebo,44,2745,True,0.38823483958196764
Placebo,44,3149,True,0.555874739619371
Placebo,44,3369,True,0.21806702015780574
Placebo,44,3617,True,0.43439488710064617
Placebo,44,3862,True,0.0
Placebo,44,4124,True,0.27511263133765307
Placebo,44,4218,True,0.18391188799974267
Placebo,44,4268,True,0.6029110289462258
Placebo,44,4452,True,0.0
Placebo,44,4522,True,0.4209484358738782
Placebo,44,4784,True,0.6106792575850266
Placebo,44,5139,True,0.553486104522623
Placebo,44,5438,True,0.352346276467746
Placebo,44,5565,True,0.13655921426376133
Placebo,44,5684,True,0.3501740664673057
Placebo,44,5775,True,0.5580759111248788
Placebo,44,6110,True,0.20242986026116028
Placebo,44,6488,True,0.10633668103022988
Placebo,44,6590,True,0.2921311773328865
Placebo,44,6793,True,0.11656695375225003
Placebo,44,7090,True,0.3556566920523623
Placebo,44,7112,True,0.30594032859003784
Placebo,44,7167,True,0.47181197593272073
Placebo,44,7287,True,0.5924145667321543
Placebo,44,7370,True,0.0
Placebo,44,7547,True,0.2603089316083442
Placebo,44,7589,True,0.16195671984435944
Placebo,44,7622,True,0.0
Placebo,44,7640,False,0.0
Placebo,44,7757,True,0.0705765905280097
Placebo,44,8162,True,0.48165901947516004
Placebo,44,8508,True,0.08274602130531994
Placebo,44,8597,True,0.4109171700918662
Placebo,44,8771,True,0.0
Placebo,44,288,True,0.6639973834703747
Placebo,44,635,True,0.3464903654938971
Placebo,44,654,True,0.07187006452250423
Placebo,44,699,True,0.6274092458891772
Placebo,44,743,True,0.41625152387936226
Placebo,44,946,True,0.0
Placebo,44,976,True,0.11838279295536289
Placebo,44,1144,True,0.5236734773119279
Placebo,44,1187,True,0.4541240637052375
Placebo,44,1384,True,0.26801640599623133
Placebo,44,1415,True,0.8050742194949871
Placebo,44,1443,True,0.4894407314476841
Placebo,44,1629,True,0.11855869896734009
Placebo,44,1684,True,0.0
Placebo,44,1802,True,0.05214426484655786
Placebo,44,1914,True,0.40468839477110086
Placebo,44,2046,True,0.0
Placebo,44,2071,True,0.2656382894372096
Placebo,44,2340,True,0.0
Placebo,44,2749,True,0.5721467275817103
Placebo,44,3517,True,0.36238203873736163
Placebo,44,3758,True,0.12343032975506546
Placebo,44,4110,True,0.26774102301635816
Placebo,44,4111,True,0.09162544430476369
Placebo,44,4144,True,0.35902390728308936
Placebo,44,5021,True,0.0
Placebo,44,5032,True,0.4080157475003957
Placebo,44,5096,True,0.3159283183403957
Placebo,44,5109,True,0.49418355229351235
Placebo,44,5114,True,0.34865379237746114
Placebo,44,5977,True,0.0
Placebo,44,5984,True,0.3299446735202272
Placebo,44,6353,True,0.7116653500253904
Placebo,44,6373,True,0.340315352192222
Placebo,44,6539,True,0.0
Placebo,44,6554,True,0.577919011296403
Placebo,44,6884,True,0.28906482631788766
Placebo,44,6955,True,0.0
Placebo,44,7020,True,0.14250481353142447
Placebo,44,7029,True,0.31321292302667936
Placebo,44,7280,True,0.0
Placebo,44,7394,True,0.0742879788554233
Placebo,44,7795,True,0.5472117571937627
Placebo,44,8108,True,0.2883820513943217
Placebo,44,8560,True,0.22780674679586616
Placebo,44,8632,True,0.25368996094631496
Placebo,44,8657,True,0.15987346094964455
Placebo,44,8777,True,0.7249436881863827
Placebo,44,9151,True,0.0
Placebo,44,9609,True,0.46874907968152113
Placebo,45,102,True,0.6847170704033751
Placebo,45,314,True,0.4476061057971176
Placebo,45,1068,True,0.3245580539843604
Placebo,45,1525,True,0.12248568453418994
Placebo,45,1795,True,0.5559751222088984
Placebo,45,1929,True,0.5069839936854577
Placebo,45,1931,True,0.4373524791503101
Placebo,45,1991,True,0.09131359381373821
Placebo,45,2528,True,0.5737565233588197
Placebo,45,2697,True,0.35032122368693747
Placebo,45,2834,True,0.30083082447568105
Placebo,45,2845,True,0.41579775226599724
Placebo,45,3031,True,0.2531061988270246
Placebo,45,3250,True,0.23851399487400274
Placebo,45,3308,True,0.48676931261121525
Placebo,45,3402,True,0.0
Placebo,45,3426,True,0.0
Placebo,45,3449,True,0.5899970185283852
Placebo,45,3756,True,0.4690000933206748
Placebo,45,4141,True,0.6382091616075934
Placebo,45,4210,True,0.4823667828366226
Placebo,45,4516,True,0.05390557706473365
Placebo,45,4692,True,0.0
Placebo,45,4700,True,0.2541263828412035
Placebo,45,4910,False,0.0
Placebo,45,4962,True,0.20829366581033182
Placebo,45,5275,True,0.20778411473733654
Placebo,45,5671,True,0.31320780139012033
Placebo,45,5683,True,0.31166875671354843
Placebo,45,6067,True,0.5497383831061641
Placebo,45,6378,True,0.6175813906995211
Placebo,45,6495,True,0.6172846645164017
Placebo,45,6868,True,0.6887536632180423
Placebo,45,6880,True,0.13763485077191515
Placebo,45,7144,True,0.2803898748241176
Placebo,45,7413,True,0.623929201257163
Placebo,45,7526,True,0.09162544430476369
Placebo,45,7531,True,0.04373585705070407
Placebo,45,7577,True,0.0
Placebo,45,7621,True,0.35253154988653673
Placebo,45,8198,True,0.3413394230228665
Placebo,45,8442,True,0.17330686506964346
Placebo,45,8452,True,0.4659199584816305
Placebo,45,8476,True,0.3506338810181622
Placebo,45,8541,True,0.7641616656875091
Placebo,45,8802,True,0.3345559059628521
Placebo,45,8816,True,0.16126977104823187
Placebo,45,8852,True,0.2707842629583516
Placebo,45,9099,True,0.17366667134799177
Placebo,45,9479,True,0.0
Placebo,45,9625,False,0.0
Placebo,45,96,True,0.0
Placebo,45,171,True,0.6642685298925673
Placebo,45,328,True,0.0
Placebo,45,387,True,0.0
Placebo,45,754,False,0.0
Placebo,45,983,True,0.5494681548724358
Placebo,45,1039,True,0.4163226852070171
Placebo,45,1098,True,0.5785674664309404
Placebo,45,1120,True,0.0
Placebo,45,1275,True,0.3891756329459882
Placebo,45,1343,True,0.09515663188532464
Placebo,45,1483,True,0.336521708525745
Placebo,45,2005,True,0.29922683201146266
Placebo,45,2048,True,0.5049133826695119
Placebo,45,2379,True,0.8135135475309451
Placebo,45,2516,True,0.47469334111703543
Placebo,45,2601,True,0.16483672506293187
Placebo,45,3210,True,0.4094868827136455
Placebo,45,3601,True,0.5294362295028774
Placebo,45,3729,True,0.4403317458142986
Placebo,45,3832,True,0.3909816001446299
Placebo,45,4104,True,0.12905154301968988
Placebo,45,4286,True,0.4888740376786044
Placebo,45,4329,True,0.09092803061897885
Placebo,45,4553,True,0.0670201173131848
Placebo,45,4790,True,0.08514311764162101
Placebo,45,4844,True,0.0
Placebo,45,4994,True,0.10644692083071636
Placebo,45,5020,True,0.5049604783300888
Placebo,45,5293,True,0.21672548953702406
Placebo,45,5338,True,0.6722707896869682
Placebo,45,5343,True,0.4823086519287327
Placebo,45,5464,True,0.6790093889516106
Placebo,45,5560,True,0.4321572773044169
Placebo,45,5719,True,0.1938696798544781
Placebo,45,6055,True,0.3340514446642156
Placebo,45,6121,True,0.3832237352749574
Placebo,45,6128,True,0.1657639076920156
Placebo,45,6197,True,0.2227477955483635
Placebo,45,6336,True,0.34623310445638056
Placebo,45,6577,True,0.3629718081005234
Placebo,45,6717,True,0.22754083620157634
Placebo,45,6906,True,0.0
Placebo,45,8550,True,0.0
Placebo,45,8576,True,0.7390093723302239
Placebo,45,8790,True,0.0
Placebo,45,8840,False,0.0
Placebo,45,8878,True,0.30580131013556594
Placebo,45,9337,True,0.34696627888508935
Placebo,45,9501,True,0.2733728909322822
Placebo,45,9512,False,0.0
Placebo,45,45,True,0.32499453867976924
Placebo,45,199,True,0.3264418133393518
Placebo,45,458,True,0.4373482990357353
Placebo,45,564,True,0.7851587476628855
Placebo,45,717,True,0.2489083270225946
Placebo,45,1109,True,0.6982070915211792
Placebo,45,1576,True,0.0
Placebo,45,1711,False,0.0
Placebo,45,1868,True,0.0
Placebo,45,1942,True,0.638754607655143
Placebo,45,2001,True,0.18145120633859793
Placebo,45,2217,True,0.0
Placebo,45,2354,True,0.20337777086042255
Placebo,45,2761,True,0.10699313236726382
Placebo,45,2980,True,0.06625422345438896
Placebo,45,3021,True,0.2031926591658812
Placebo,45,3030,True,0.16179334848689397
Placebo,45,3046,True,0.4231739243890326
Placebo,45,3050,True,0.48165901947516004
Placebo,45,3288,True,0.5706030976996791
Placebo,45,3302,True,0.20841839536541412
Placebo,45,3794,True,0.07502470422062545
Placebo,45,3920,True,0.3466280710559831
Placebo,45,3965,True,0.12741733550370726
Placebo,45,4193,True,0.32015409194288685
Placebo,45,4294,True,0.0
Placebo,45,4383,True,0.3723208996875825
Placebo,45,4474,True,0.2405372058595543
Placebo,45,5068,True,0.5125794903732537
Placebo,45,5258,True,0.0
Placebo,45,5306,True,0.6713045750001753
Placebo,45,5323,True,0.6320505809913325
Placebo,45,5421,True,0.7779513360933721
Placebo,45,5766,True,0.742046173199189
Placebo,45,5877,True,0.38537447711204853
Placebo,45,5887,True,0.33705513169436524
Placebo,45,6126,True,0.08747171410140814
Placebo,45,6190,True,0.472913148421356
Placebo,45,6224,True,0.38933569688985603
Placebo,45,6465,True,0.0
Placebo,45,6853,True,0.14179286379407774
Placebo,45,6949,True,0.55918283019978
Placebo,45,7107,True,0.0576901476090013
Placebo,45,7240,True,0.0
Placebo,45,7937,True,0.7759944384848245
Placebo,45,8015,True,0.20112881426068283
Placebo,45,8066,True,0.2130483765146811
Placebo,45,8202,True,0.292820659691611
Placebo,45,8321,True,0.3290905210915487
Placebo,45,9222,True,0.057290000967676585
Placebo,45,9453,True,0.6502019873213737
Placebo,45,73,True,0.06312301365295118
Placebo,45,390,True,0.499889303497317
Placebo,45,424,True,0.13077801907061376
Placebo,45,715,True,0.5270868515786439
Placebo,45,915,True,0.2914893383161489
Placebo,45,1579,True,0.4475118511416585
Placebo,45,1643,True,0.21594863989640734
Placebo,45,1679,True,0.39128045214253654
Placebo,45,1982,True,0.23047380976071702
Placebo,45,2027,True,0.45196017525849774
Placebo,45,2211,True,0.0
Placebo,45,2228,True,0.26761898636764847
Placebo,45,2352,True,0.18457569677956798
Placebo,45,2520,True,0.29926559542503733
Placebo,45,2573,True,0.16332966310494598
Placebo,45,2630,True,0.5
Placebo,45,2666,True,0.11132837047723466
Placebo,45,2745,True,0.23136538561248587
Placebo,45,3149,True,0.49553298161426346
Placebo,45,3369,True,0.23969106839165583
Placebo,45,3617,True,0.4353541050210016
Placebo,45,3862,True,0.0
Placebo,45,4124,True,0.5026840656918052
Placebo,45,4218,True,0.2601700572267749
Placebo,45,4268,True,0.5390167094983249
Placebo,45,4452,True,0.20570229198769993
Placebo,45,4522,True,0.4759583957463164
Placebo,45,4784,True,0.4155968146075075
Placebo,45,5139,True,0.12315119437036504
Placebo,45,5438,True,0.4142524666757431
Placebo,45,5565,True,0.0984700362449109
Placebo,45,5684,True,0.4659140978487971
Placebo,45,5775,True,0.504541117529819
Placebo,45,6110,True,0.2714119419271566
Placebo,45,6488,True,0.09208406604961711
Placebo,45,6590,True,0.500797700120717
Placebo,45,6793,True,0.3659105173491181
Placebo,45,7090,True,0.3442788233615678
Placebo,45,7112,True,0.42479200067585954
Placebo,45,7167,True,0.40531378814480373
Placebo,45,7287,True,0.42908413136803963
Placebo,45,7370,True,0.16280544307213965
Placebo,45,7547,True,0.1863847336778741
Placebo,45,7589,True,0.13207001659250137
Placebo,45,7622,True,0.29188227194279753
Placebo,45,7640,False,0.0
Placebo,45,7757,True,0.13608641296058255
Placebo,45,8162,True,0.6176746425387848
Placebo,45,8508,True,0.0
Placebo,45,8597,True,0.39656484541977827
Placebo,45,8771,True,0.0
Placebo,45,288,True,0.43819740180354616
Placebo,45,635,True,0.18176235389003761
Placebo,45,654,True,0.06361522939534878
Placebo,45,699,True,0.26462022272743835
Placebo,45,743,True,0.34481460535711506
Placebo,45,946,True,0.0
Placebo,45,976,True,0.09208406604961711
Placebo,45,1144,True,0.7165274645028509
Placebo,45,1187,True,0.2660746390669984
Placebo,45,1384,True,0.1064553510720445
Placebo,45,1415,True,0.5412972783983538
Placebo,45,1443,True,0.30412710971440604
Placebo,45,1629,True,0.37556250843918704
Placebo,45,1684,True,0.2320221445693426
Placebo,45,1802,True,0.10323082548202932
Placebo,45,1914,True,0.42221095043867396
Placebo,45,2046,True,0.0
Placebo,45,2071,True,0.136933837206883
Placebo,45,2340,True,0.19892861872523737
Placebo,45,2749,True,0.4646454170067373
Placebo,45,3517,True,0.5432058860023631
Placebo,45,3758,True,0.2853703112987346
Placebo,45,4110,True,0.1957150820755798
Placebo,45,4111,True,0.0
Placebo,45,4144,True,0.18213090128216303
Placebo,45,5021,True,0.0
Placebo,45,5032,True,0.3078726663086934
Placebo,45,5096,True,0.286324929843742
Placebo,45,5109,True,0.3810358849760268
Placebo,45,5114,True,0.2802386299407644
Placebo,45,5977,True,0.0
Placebo,45,5984,True,0.5362331328343768
Placebo,45,6353,True,0.34051050558810664
Placebo,45,6373,True,0.3497986213099536
Placebo,45,6539,True,0.18457569677956798
Placebo,45,6554,True,0.43758010281157006
Placebo,45,6884,True,0.0
Placebo,45,6955,True,0.45153455800763925
Placebo,45,7020,True,0.4396966800716988
Placebo,45,7029,True,0.21024748111372718
Placebo,45,7280,True,0.11855869896734009
Placebo,45,7394,True,0.29188227194279753
Placebo,45,7795,True,0.49335441565090105
Placebo,45,8108,True,0.5465144515725512
Placebo,45,8560,True,0.33265455773568475
Placebo,45,8632,True,0.43235198475321573
Placebo,45,8657,True,0.13207001659250137
Placebo,45,8777,True,0.7881595022386199
Placebo,45,9151,True,0.19325072687364162
Placebo,45,9609,True,0.37259075411082276
Placebo,46,102,True,0.7752203044791822
Placebo,46,314,True,0.326861952766768
Placebo,46,1068,True,0.4149016458300434
Placebo,46,1525,True,0.37635186199703197
Placebo,46,1795,True,0.19496286998765652
Placebo,46,1929,True,0.3957734940189677
Placebo,46,1931,True,0.2651804985585484
Placebo,46,1991,True,0.0
Placebo,46,2528,True,0.40324088041421535
Placebo,46,2697,True,0.6210597478106198
Placebo,46,2834,True,0.505874013220995
Placebo,46,2845,True,0.4258947822837298
Placebo,46,3031,True,0.07074270858903754
Placebo,46,3250,True,0.37939726922237893
Placebo,46,3308,True,0.11477070584784325
Placebo,46,3402,True,0.09077394133714942
Placebo,46,3426,True,0.08173891239734137
Placebo,46,3449,True,0.29234748671567623
Placebo,46,3756,True,0.15176219107803549
Placebo,46,4141,True,0.6808729867468409
Placebo,46,4210,True,0.422928137113296
Placebo,46,4516,True,0.40990387063947475
Placebo,46,4692,True,0.0
Placebo,46,4700,True,0.21428160689773637
Placebo,46,4910,False,0.0
Placebo,46,4962,True,0.1832077351954858
Placebo,46,5275,True,0.09325030741737927
Placebo,46,5671,True,0.5566282587329199
Placebo,46,5683,True,0.5650448639708896
Placebo,46,6067,True,0.3660919369223429
Placebo,46,6378,True,0.6833999827174493
Placebo,46,6495,True,0.5786651729355272
Placebo,46,6868,True,0.6643846720344139
Placebo,46,6880,True,0.2968387355668483
Placebo,46,7144,True,0.4979055540453264
Placebo,46,7413,True,0.5396168951054131
Placebo,46,7526,True,0.19510575829811633
Placebo,46,7531,True,0.1008674711662712
Placebo,46,7577,True,0.4306765580733929
Placebo,46,7621,True,0.27365115111715976
Placebo,46,8198,True,0.41804419582500146
Placebo,46,8442,True,0.11381311447980796
Placebo,46,8452,True,0.44762828529153065
Placebo,46,8476,True,0.30477540103755457
Placebo,46,8541,True,0.5877029300487527
Placebo,46,8802,True,0.17020505676744896
Placebo,46,8816,True,0.4887054967576192
Placebo,46,8852,True,0.6199062332840657
Placebo,46,9099,True,0.06362078819895167
Placebo,46,9479,True,0.0
Placebo,46,9625,False,0.0
Placebo,46,96,True,0.3759063358712071
Placebo,46,171,True,0.4781053514837718
Placebo,46,328,True,0.0
Placebo,46,387,True,0.1597900738646581
Placebo,46,754,False,0.0
Placebo,46,983,True,0.5801024199788958
Placebo,46,1039,True,0.7251726827857362
Placebo,46,1098,True,0.2631081801639267
Placebo,46,1120,True,0.0
Placebo,46,1275,True,0.25694010074496526
Placebo,46,1343,True,0.0
Placebo,46,1483,True,0.07491210085649577
Placebo,46,2005,True,0.24129869569773077
Placebo,46,2048,True,0.3143921201097097
Placebo,46,2379,True,0.5679415317907897
Placebo,46,2516,True,0.60262502035819
Placebo,46,2601,True,0.11656695375225003
Placebo,46,3210,True,0.21565376860191313
Placebo,46,3601,True,0.0
Placebo,46,3729,True,0.3878762700647737
Placebo,46,3832,True,0.4338479505554319
Placebo,46,4104,True,0.0
Placebo,46,4286,True,0.6577158347949617
Placebo,46,4329,True,0.21144887454973038
Placebo,46,4553,True,0.16393162357081362
Placebo,46,4790,True,0.16421958630632805
Placebo,46,4844,True,0.0
Placebo,46,4994,True,0.06425604298318159
Placebo,46,5020,True,0.5712145720168452
Placebo,46,5293,True,0.3614139010293566
Placebo,46,5338,True,0.8815473456401717
Placebo,46,5343,True,0.43645196674698133
Placebo,46,5464,True,0.23553558602946598
Placebo,46,5560,True,0.41776033312429517
Placebo,46,5719,True,0.2431341357928498
Placebo,46,6055,True,0.06943122193677731
Placebo,46,6121,True,0.5298440440181845
Placebo,46,6128,True,0.26589955329818526
Placebo,46,6197,True,0.21640418229508768
Placebo,46,6336,True,0.4778273036255042
Placebo,46,6577,True,0.44590863473892367
Placebo,46,6717,True,0.0
Placebo,46,6906,True,0.0
Placebo,46,8550,True,0.0
Placebo,46,8576,True,0.6976820249694744
Placebo,46,8790,True,0.0
Placebo,46,8840,False,0.0
Placebo,46,8878,True,0.18013145218085197
Placebo,46,9337,True,0.5125782770660953
Placebo,46,9501,True,0.6073117987811311
Placebo,46,9512,False,0.0
Placebo,46,45,True,0.0444917928656898
Placebo,46,199,True,0.06362078819895167
Placebo,46,458,True,0.5035933351684737
Placebo,46,564,True,0.6750640951755426
Placebo,46,717,True,0.1478294909154527
Placebo,46,1109,True,0.7215901068666987
Placebo,46,1576,True,0.5316519652587917
Placebo,46,1711,False,0.0
Placebo,46,1868,True,0.0
Placebo,46,1942,True,0.3670396316355827
Placebo,46,2001,True,0.20246886363054098
Placebo,46,2217,True,0.0
Placebo,46,2354,True,0.2747263992922519
Placebo,46,2761,True,0.4703652827859579
Placebo,46,2980,True,0.0733639220993601
Placebo,46,3021,True,0.376692148983145
Placebo,46,3030,True,0.0
Placebo,46,3046,True,0.3574908058755661
Placebo,46,3050,True,0.6823721293655721
Placebo,46,3288,True,0.48764613371474247
Placebo,46,3302,True,0.32789513016883204
Placebo,46,3794,True,0.3366982391299957
Placebo,46,3920,True,0.26198350455799624
Placebo,46,3965,True,0.34094878284449126
Placebo,46,4193,True,0.5641385827437105
Placebo,46,4294,True,0.11076246003769862
Placebo,46,4383,True,0.1796965610748312
Placebo,46,4474,True,0.3865811785230012
Placebo,46,5068,True,0.45449827622138
Placebo,46,5258,True,0.0
Placebo,46,5306,True,0.645779524938355
Placebo,46,5323,True,0.4344920257530618
Placebo,46,5421,True,0.618791754202844
Placebo,46,5766,True,0.7358599668149972
Placebo,46,5877,True,0.0929369221852976
Placebo,46,5887,True,0.32457540214270364
Placebo,46,6126,True,0.0
Placebo,46,6190,True,0.3803989904216327
Placebo,46,6224,True,0.3197614847696689
Placebo,46,6465,True,0.0
Placebo,46,6853,True,0.2641840149780413
Placebo,46,6949,True,0.32203729715755797
Placebo,46,7107,True,0.12314957217346491
Placebo,46,7240,True,0.2113949172033253
Placebo,46,7937,True,0.6227920239461828
Placebo,46,8015,True,0.0
Placebo,46,8066,True,0.257526541609684
Placebo,46,8202,True,0.41603290445553626
Placebo,46,8321,True,0.36930768640181266
Placebo,46,9222,True,0.08196346139645697
Placebo,46,9453,True,0.6463499933586229
Placebo,46,73,True,0.3639495821578222
Placebo,46,390,True,0.3205228949141826
Placebo,46,424,True,0.0
Placebo,46,715,True,0.5993208314767392
Placebo,46,915,True,0.06943122193677731
Placebo,46,1579,True,0.6609227142628296
Placebo,46,1643,True,0.07778487414574674
Placebo,46,1679,True,0.5607776038740133
Placebo,46,1982,True,0.12987501165334064
Placebo,46,2027,True,0.31866231824051
Placebo,46,2211,True,0.107789154524511
Placebo,46,2228,True,0.32156826844810094
Placebo,46,2352,True,0.30657359638272924
Placebo,46,2520,True,0.31322640293878
Placebo,46,2573,True,0.27819816961795096
Placebo,46,2630,True,0.5558819715444012
Placebo,46,2666,True,0.42200712835045256
Placebo,46,2745,True,0.42544181454431934
Placebo,46,3149,True,0.5183409805248399
Placebo,46,3369,True,0.20001162415462598
Placebo,46,3617,True,0.3370599751733302
Placebo,46,3862,True,0.0
Placebo,46,4124,True,0.3654477752977705
Placebo,46,4218,True,0.2333963411911326
Placebo,46,4268,True,0.5483295608600354
Placebo,46,4452,True,0.1303237659103706
Placebo,46,4522,True,0.5086139342358753
Placebo,46,4784,True,0.5057546756268902
Placebo,46,5139,True,0.34620964322385606
Placebo,46,5438,True,0.21062311042156576
Placebo,46,5565,True,0.0
Placebo,46,5684,True,0.7649354133845081
Placebo,46,5775,True,0.7183627972686238
Placebo,46,6110,True,0.1970884750459006
Placebo,46,6488,True,0.0
Placebo,46,6590,True,0.0776895369576595
Placebo,46,6793,True,0.5617313273598618
Placebo,46,7090,True,0.2905617285757804
Placebo,46,7112,True,0.588760970225915
Placebo,46,7167,True,0.4287987272181512
Placebo,46,7287,True,0.6289379603799535
Placebo,46,7370,True,0.3472851433015227
Placebo,46,7547,True,0.3127117105334252
Placebo,46,7589,True,0.0
Placebo,46,7622,True,0.11381311447980796
Placebo,46,7640,False,0.0
Placebo,46,7757,True,0.1599789509135779
Placebo,46,8162,True,0.7207319462789092
Placebo,46,8508,True,0.2533458370726603
Placebo,46,8597,True,0.5034070966410398
Placebo,46,8771,True,0.0
Placebo,46,288,True,0.5718825799106214
Placebo,46,635,True,0.2904550954070453
Placebo,46,654,True,0.09285825605119433
Placebo,46,699,True,0.3052348839397012
Placebo,46,743,True,0.5487011178286122
Placebo,46,946,True,0.0
Placebo,46,976,True,0.10633668103022988
Placebo,46,1144,True,0.6962144447405738
Placebo,46,1187,True,0.435992105366486
Placebo,46,1384,True,0.1696601566136942
Placebo,46,1415,True,0.624476257915718
Placebo,46,1443,True,0.2766836012224743
Placebo,46,1629,True,0.05214426484655786
Placebo,46,1684,True,0.0
Placebo,46,1802,True,0.38375612171240114
Placebo,46,1914,True,0.418456495152529
Placebo,46,2046,True,0.5654648767857287
Placebo,46,2071,True,0.25806872083043497
Placebo,46,2340,True,0.08136751219269385
Placebo,46,2749,True,0.5499027853628737
Placebo,46,3517,True,0.688075055932335
Placebo,46,3758,True,0.24394334291390865
Placebo,46,4110,True,0.3365262570631579
Placebo,46,4111,True,0.1589335681398847
Placebo,46,4144,True,0.2765568822373766
Placebo,46,5021,True,0.0
Placebo,46,5032,True,0.12934147091245501
Placebo,46,5096,True,0.239351349033008
Placebo,46,5109,True,0.549955868164087
Placebo,46,5114,True,0.05889877393020934
Placebo,46,5977,True,0.0
Placebo,46,5984,True,0.2583371993261007
Placebo,46,6353,True,0.5386819855801547
Placebo,46,6373,True,0.609178216316346
Placebo,46,6539,True,0.0
Placebo,46,6554,True,0.6343687277634475
Placebo,46,6884,True,0.0
Placebo,46,6955,True,0.11458000193535317
Placebo,46,7020,True,0.40253360722421366
Placebo,46,7029,True,0.17148582158917258
Placebo,46,7280,True,0.07373686430042375
Placebo,46,7394,True,0.23237181344714805
Placebo,46,7795,True,0.3899541168509599
Placebo,46,8108,True,0.24506424336606047
Placebo,46,8560,True,0.4048175469907983
Placebo,46,8632,True,0.3092277188311043
Placebo,46,8657,True,0.05398557328145317
Placebo,46,8777,True,0.7166262735980573
Placebo,46,9151,True,0.0
Placebo,46,9609,True,0.35707647659639197
Placebo,47,102,True,0.7002863154640756
Placebo,47,314,True,0.5936081900107812
Placebo,47,1068,True,0.5007074982103693
Placebo,47,1525,True,0.14982420171299154
Placebo,47,1795,True,0.6831823037980733
Placebo,47,1929,True,0.488933804646194
Placebo,47,1931,True,0.3589542101716347
Placebo,47,1991,True,0.13571296355926615
Placebo,47,2528,True,0.4358362304262584
Placebo,47,2697,True,0.5368608729227102
Placebo,47,2834,True,0.4818175197561596
Placebo,47,2845,True,0.2626806048239868
Placebo,47,3031,True,0.3714638357754961
Placebo,47,3250,True,0.10218331334064325
Placebo,47,3308,True,0.2695042852547568
Placebo,47,3402,True,0.08006660012363451
Placebo,47,3426,True,0.0
Placebo,47,3449,True,0.3093881541549295
Placebo,47,3756,True,0.0733639220993601
Placebo,47,4141,True,0.36972380829832824
Placebo,47,4210,True,0.33675631545305496
Placebo,47,4516,True,0.15880913209333425
Placebo,47,4692,True,0.0
Placebo,47,4700,True,0.05214426484655786
Placebo,47,4910,False,0.0
Placebo,47,4962,True,0.42492601381667106
Placebo,47,5275,True,0.43937453107060886
Placebo,47,5671,True,0.3670280654843203
Placebo,47,5683,True,0.4890009301949702
Placebo,47,6067,True,0.5859436842205402
Placebo,47,6378,True,0.2778156794708782
Placebo,47,6495,True,0.6018976617865575
Placebo,47,6868,True,0.5799693867340561
Placebo,47,6880,True,0.597717991951748
Placebo,47,7144,True,0.1867403590441214
Placebo,47,7413,True,0.3509061223275664
Placebo,47,7526,True,0.2625972933876812
Placebo,47,7531,True,0.0
Placebo,47,7577,True,0.0
Placebo,47,7621,True,0.13410191482102346
Placebo,47,8198,True,0.2295493781801125
Placebo,47,8442,True,0.11381311447980796
Placebo,47,8452,True,0.5176836674245112
Placebo,47,8476,True,0.41629350490542083
Placebo,47,8541,True,0.6531389668038791
Placebo,47,8802,True,0.12767884920751535
Placebo,47,8816,True,0.09452854666581813
Placebo,47,8852,True,0.0
Placebo,47,9099,True,0.2211934130148128
Placebo,47,9479,True,0.0
Placebo,47,9625,False,0.0
Placebo,47,96,True,0.0
Placebo,47,171,True,0.4097942399945313
Placebo,47,328,True,0.0
Placebo,47,387,True,0.585382861056891
Placebo,47,754,False,0.0
Placebo,47,983,True,0.9000690734056495
Placebo,47,1039,True,0.43464268813048185
Placebo,47,1098,True,0.33613348282808647
Placebo,47,1120,True,0.5012658353418871
Placebo,47,1275,True,0.3144248173866941
Placebo,47,1343,True,0.3868567271024594
Placebo,47,1483,True,0.4056225194270415
Placebo,47,2005,True,0.09478836436955075
Placebo,47,2048,True,0.6270781625356743
Placebo,47,2379,True,0.755358200624835
Placebo,47,2516,True,0.3718998923682455
Placebo,47,2601,True,0.11850479333192555
Placebo,47,3210,True,0.11978106431977817
Placebo,47,3601,True,0.12315119437036504
Placebo,47,3729,True,0.2361772413511579
Placebo,47,3832,True,0.519541436336779
Placebo,47,4104,True,0.047264273332909064
Placebo,47,4286,True,0.2931666815411625
Placebo,47,4329,True,0.0
Placebo,47,4553,True,0.06978419164318803
Placebo,47,4790,True,0.06943122193677731
Placebo,47,4844,True,0.0
Placebo,47,4994,True,0.11120921322406253
Placebo,47,5020,True,0.8753458087038858
Placebo,47,5293,True,0.1405821558394411
Placebo,47,5338,True,0.822730806161884
Placebo,47,5343,True,0.18451145196513274
Placebo,47,5464,True,0.05398557328145317
Placebo,47,5560,True,0.3683300686171098
Placebo,47,5719,True,0.07876312977220012
Placebo,47,6055,True,0.17630010660342907
Placebo,47,6121,True,0.5017297091458705
Placebo,47,6128,True,0.1222260944107594
Placebo,47,6197,True,0.24436268600413344
Placebo,47,6336,True,0.4855427760515035
Placebo,47,6577,True,0.4245877063559399
Placebo,47,6717,True,0.0
Placebo,47,6906,True,0.0
Placebo,47,8550,True,0.23719771276929624
Placebo,47,8576,True,0.7010517824918802
Placebo,47,8790,True,0.0
Placebo,47,8840,False,0.0
Placebo,47,8878,True,0.24752052560208604
Placebo,47,9337,True,0.16074957681487487
Placebo,47,9501,True,0.5440652340030866
Placebo,47,9512,False,0.0
Placebo,47,45,True,0.13823391163571233
Placebo,47,199,True,0.14081860136568805
Placebo,47,458,True,0.5615752740843555
Placebo,47,564,True,0.612882511369812
Placebo,47,717,True,0.14973070519556736
Placebo,47,1109,True,0.7442734010078114
Placebo,47,1576,True,0.11448501924530573
Placebo,47,1711,False,0.0
Placebo,47,1868,True,0.0
Placebo,47,1942,True,0.5863323482251703
Placebo,47,2001,True,0.11120921322406253
Placebo,47,2217,True,0.0
Placebo,47,2354,True,0.4171061498153968
Placebo,47,2761,True,0.1460683498427064
Placebo,47,2980,True,0.09478836436955075
Placebo,47,3021,True,0.1715894651557675
Placebo,47,3030,True,0.15223359874525913
Placebo,47,3046,True,0.10273940395395324
Placebo,47,3050,True,0.5
Placebo,47,3288,True,0.3676069188221655
Placebo,47,3302,True,0.33877451881655984
Placebo,47,3794,True,0.09285825605119433
Placebo,47,3920,True,0.534673194950427
Placebo,47,3965,True,0.259509034790346
Placebo,47,4193,True,0.23465430254754868
Placebo,47,4294,True,0.24529661857204685
Placebo,47,4383,True,0.3216029716064803
Placebo,47,4474,True,0.34230835192652026
Placebo,47,5068,True,0.6975961695061491
Placebo,47,5258,True,0.0
Placebo,47,5306,True,0.8325041605093579
Placebo,47,5323,True,0.604374021367843
Placebo,47,5421,True,0.68274162390359
Placebo,47,5766,True,0.3799067087647765
Placebo,47,5877,True,0.20739279067293398
Placebo,47,5887,True,0.1330548088998039
Placebo,47,6126,True,0.29949393912184985
Placebo,47,6190,True,0.5347156109683886
Placebo,47,6224,True,0.332094547055668
Placebo,47,6465,True,0.11706259313796355
Placebo,47,6853,True,0.0
Placebo,47,6949,True,0.4101592055667683
Placebo,47,7107,True,0.10797114656290634
Placebo,47,7240,True,0.0
Placebo,47,7937,True,0.6080598880058471
Placebo,47,8015,True,0.25617367829355936
Placebo,47,8066,True,0.1705525270337032
Placebo,47,8202,True,0.4489820632467635
Placebo,47,8321,True,0.2584007124349426
Placebo,47,9222,True,0.0
Placebo,47,9453,True,0.48723207216115044
Placebo,47,73,True,0.29317979704583524
Placebo,47,390,True,0.5513174298746144
Placebo,47,424,True,0.0
Placebo,47,715,True,0.5355924318846386
Placebo,47,915,True,0.28371255449703187
Placebo,47,1579,True,0.44566079500204586
Placebo,47,1643,True,0.12885885833627728
Placebo,47,1679,True,0.37529217582908764
Placebo,47,1982,True,0.08514311764162101
Placebo,47,2027,True,0.24390560760036523
Placebo,47,2211,True,0.0
Placebo,47,2228,True,0.1913164224125581
Placebo,47,2352,True,0.2184074368181643
Placebo,47,2520,True,0.11827778361100252
Placebo,47,2573,True,0.06362078819895167
Placebo,47,2630,True,0.4668728882728055
Placebo,47,2666,True,0.225295280575482
Placebo,47,2745,True,0.18411373467098713
Placebo,47,3149,True,0.5926979853562296
Placebo,47,3369,True,0.33532867117843873
Placebo,47,3617,True,0.31947037377907844
Placebo,47,3862,True,0.0
Placebo,47,4124,True,0.18670214569924978
Placebo,47,4218,True,0.18170227679701698
Placebo,47,4268,True,0.5657351627096154
Placebo,47,4452,True,0.25858275056557883
Placebo,47,4522,True,0.38766330238995245
Placebo,47,4784,True,0.8958531670948341
Placebo,47,5139,True,0.0
Placebo,47,5438,True,0.3795236941373942
Placebo,47,5565,True,0.09988280114199441
Placebo,47,5684,True,0.6467324186019077
Placebo,47,5775,True,0.6701133641920334
Placebo,47,6110,True,0.5005988635509447
Placebo,47,6488,True,0.0
Placebo,47,6590,True,0.1883428906105281
Placebo,47,6793,True,0.16345497609656637
Placebo,47,7090,True,0.585130644233392
Placebo,47,7112,True,0.6254404073192574
Placebo,47,7167,True,0.473039674874236
Placebo,47,7287,True,0.6071949778605336
Placebo,47,7370,True,0.13347537859706934
Placebo,47,7547,True,0.2797798543344491
Placebo,47,7589,True,0.1532749700109649
Placebo,47,7622,True,0.0
Placebo,47,7640,False,0.0
Placebo,47,7757,True,0.11381311447980796
Placebo,47,8162,True,0.7001528340593023
Placebo,47,8508,True,0.17342765698823942
Placebo,47,8597,True,0.45652906550506367
Placebo,47,8771,True,0.0
Placebo,47,288,True,0.613608299837502
Placebo,47,635,True,0.4518707855282174
Placebo,47,654,True,0.21561019356751263
Placebo,47,699,True,0.3301376494471203
Placebo,47,743,True,0.5106171665294106
Placebo,47,946,True,0.0
Placebo,47,976,True,0.0
Placebo,47,1144,True,0.7099261884067763
Placebo,47,1187,True,0.4336063302814148
Placebo,47,1384,True,0.0
Placebo,47,1415,True,0.5059536218503798
Placebo,47,1443,True,0.6650239945117655
Placebo,47,1629,True,0.24974292002861914
Placebo,47,1684,True,0.07075576072108053
Placebo,47,1802,True,0.07373686430042375
Placebo,47,1914,True,0.42140046301852324
Placebo,47,2046,True,0.0
Placebo,47,2071,True,0.5482922092962768
Placebo,47,2340,True,0.054446697840052224
Placebo,47,2749,True,0.4356821271770176
Placebo,47,3517,True,0.5176087597205611
Placebo,47,3758,True,0.06673768929853467
Placebo,47,4110,True,0.05370752431175096
Placebo,47,4111,True,0.21315197778272865
Placebo,47,4144,True,0.3702840839003171
Placebo,47,5021,True,0.07945707943276738
Placebo,47,5032,True,0.44827417105216694
Placebo,47,5096,True,0.28465348145705904
Placebo,47,5109,True,0.2971921687613573
Placebo,47,5114,True,0.06978419164318803
Placebo,47,5977,True,0.0
Placebo,47,5984,True,0.47938857581708033
Placebo,47,6353,True,0.8232009233204183
Placebo,47,6373,True,0.438968225796203
Placebo,47,6539,True,0.0
Placebo,47,6554,True,0.48589120208498904
Placebo,47,6884,True,0.0
Placebo,47,6955,True,0.057290000967676585
Placebo,47,7020,True,0.3695300481332718
Placebo,47,7029,True,0.17365547123739333
Placebo,47,7280,True,0.12689720922240663
Placebo,47,7394,True,0.056906557239904024
Placebo,47,7795,True,0.6483163434399143
Placebo,47,8108,True,0.4328587630402032
Placebo,47,8560,True,0.3325964268277949
Placebo,47,8632,True,0.5608523105113087
Placebo,47,8657,True,0.0
Placebo,47,8777,True,0.6287063184549943
Placebo,47,9151,True,0.10893649261775587
Placebo,47,9609,True,0.412449713642891
Placebo,48,102,True,0.5563800722384621
Placebo,48,314,True,0.4087136559241439
Placebo,48,1068,True,0.3870978435682864
Placebo,48,1525,True,0.2031926591658812
Placebo,48,1795,True,0.6186385514804154
Placebo,48,1929,True,0.286124391551639
Placebo,48,1931,True,0.10635004704127156
Placebo,48,1991,True,0.2320441768221642
Placebo,48,2528,True,0.7461047301655672
Placebo,48,2697,True,0.5529061149837124
Placebo,48,2834,True,0.5252566063625828
Placebo,48,2845,True,0.31868027322620485
Placebo,48,3031,True,0.48603950827898085
Placebo,48,3250,True,0.39390396881461204
Placebo,48,3308,True,0.2719091776991835
Placebo,48,3402,True,0.1404215476602476
Placebo,48,3426,True,0.0
Placebo,48,3449,True,0.2572284461817901
Placebo,48,3756,True,0.3589542101716347
Placebo,48,4141,True,0.5823498121530469
Placebo,48,4210,True,0.6254918393941252
Placebo,48,4516,True,0.1193803006149699
Placebo,48,4692,True,0.0
Placebo,48,4700,True,0.12438588249677485
Placebo,48,4910,False,0.0
Placebo,48,4962,True,0.4985723557253838
Placebo,48,5275,True,0.0
Placebo,48,5671,True,0.3823778558480669
Placebo,48,5683,True,0.5509132482115163
Placebo,48,6067,True,0.3747094286086761
Placebo,48,6378,True,0.42645365290962717
Placebo,48,6495,True,0.3070406434311381
Placebo,48,6868,True,0.6119272340281794
Placebo,48,6880,True,0.18034070549876532
Placebo,48,7144,True,0.23982331334635168
Placebo,48,7413,True,0.5100620465793002
Placebo,48,7526,True,0.3665017772190546
Placebo,48,7531,True,0.0
Placebo,48,7577,True,0.0
Placebo,48,7621,True,0.3583619891185971
Placebo,48,8198,True,0.27905548955860227
Placebo,48,8442,True,0.0
Placebo,48,8452,True,0.33476419832253945
Placebo,48,8476,True,0.31844036924794966
Placebo,48,8541,True,0.6047620647970983
Placebo,48,8802,True,0.4759431647120819
Placebo,48,8816,True,0.04330890684638207
Placebo,48,8852,True,0.25339584447728963
Placebo,48,9099,True,0.0733639220993601
Placebo,48,9479,True,0.0
Placebo,48,9625,False,0.0
Placebo,48,96,True,0.0
Placebo,48,171,True,0.5265205632729509
Placebo,48,328,True,0.3903800499921017
Placebo,48,387,True,0.2448404349076592
Placebo,48,754,False,0.0
Placebo,48,983,True,0.3535184243151565
Placebo,48,1039,True,0.299988375845374
Placebo,48,1098,True,0.5795207519892905
Placebo,48,1120,True,0.20438239758848625
Placebo,48,1275,True,0.28871452822172666
Placebo,48,1343,True,0.06003715030609779
Placebo,48,1483,True,0.193883038203178
Placebo,48,2005,True,0.2489083270225946
Placebo,48,2048,True,0.44183323037813643
Placebo,48,2379,True,0.7133984664336089
Placebo,48,2516,True,0.6589003772762283
Placebo,48,2601,True,0.0
Placebo,48,3210,True,0.0838428120764118
Placebo,48,3601,True,0.11284514134893517
Placebo,48,3729,True,0.2661965374086593
Placebo,48,3832,True,0.4619729659713566
Placebo,48,4104,True,0.2031926591658812
Placebo,48,4286,True,0.43457033370872467
Placebo,48,4329,True,0.0
Placebo,48,4553,True,0.06425604298318159
Placebo,48,4790,True,0.15139734109600997
Placebo,48,4844,True,0.0
Placebo,48,4994,True,0.37255244642649515
Placebo,48,5020,True,0.5875220322220063
Placebo,48,5293,True,0.13420087534293731
Placebo,48,5338,True,0.5887996857552872
Placebo,48,5343,True,0.31583375295499116
Placebo,48,5464,True,0.05109165667032166
Placebo,48,5560,True,0.2281264667280736
Placebo,48,5719,True,0.16251902725246783
Placebo,48,6055,True,0.2876263497141272
Placebo,48,6121,True,0.3819475066211179
Placebo,48,6128,True,0.09456701548023279
Placebo,48,6197,True,0.12102457916714231
Placebo,48,6336,True,0.8195048640932564
Placebo,48,6577,True,0.2766992672971878
Placebo,48,6717,True,0.0
Placebo,48,6906,True,0.0
Placebo,48,8550,True,0.0
Placebo,48,8576,True,0.6383006081685304
Placebo,48,8790,True,0.0
Placebo,48,8840,False,0.0
Placebo,48,8878,True,0.14829723057014907
Placebo,48,9337,True,0.13781937647125275
Placebo,48,9501,True,0.5040941198022941
Placebo,48,9512,False,0.0
Placebo,48,45,True,0.3494474432075216
Placebo,48,199,True,0.38431135260440824
Placebo,48,458,True,0.6520372979574456
Placebo,48,564,True,0.8429845538748005
Placebo,48,717,True,0.2934556883974403
Placebo,48,1109,True,0.6997875954301153
Placebo,48,1576,True,0.0
Placebo,48,1711,False,0.0
Placebo,48,1868,True,0.0
Placebo,48,1942,True,0.25159300390707734
Placebo,48,2001,True,0.3742605578113143
Placebo,48,2217,True,0.0
Placebo,48,2354,True,0.6211359551242327
Placebo,48,2761,True,0.0
Placebo,48,2980,True,0.15621996445997485
Placebo,48,3021,True,0.25095849593507397
Placebo,48,3030,True,0.0
Placebo,48,3046,True,0.23018051422238003
Placebo,48,3050,True,0.6155576300800734
Placebo,48,3288,True,0.13334012726518654
Placebo,48,3302,True,0.4990267326507382
Placebo,48,3794,True,0.0
Placebo,48,3920,True,0.33475795946946413
Placebo,48,3965,True,0.207808723593793
Placebo,48,4193,True,0.06343775459021646
Placebo,48,4294,True,0.05803685066534001
Placebo,48,4383,True,0.47508672080123526
Placebo,48,4474,True,0.2234451940601319
Placebo,48,5068,True,0.24655055544758622
Placebo,48,5258,True,0.05690937110282942
Placebo,48,5306,True,0.7750158987773937
Placebo,48,5323,True,0.6106952504515196
Placebo,48,5421,True,0.6882445821808013
Placebo,48,5766,True,0.6589394219669431
Placebo,48,5877,True,0.0
Placebo,48,5887,True,0.21992006924919966
Placebo,48,6126,True,0.15130120674940675
Placebo,48,6190,True,0.6134529797900798
Placebo,48,6224,True,0.2288281848791404
Placebo,48,6465,True,0.107789154524511
Placebo,48,6853,True,0.14324543733110817
Placebo,48,6949,True,0.45640044088849874
Placebo,48,7107,True,0.0
Placebo,48,7240,True,0.9197207891481877
Placebo,48,7937,True,0.7987274163285907
Placebo,48,8015,True,0.0
Placebo,48,8066,True,0.10218331334064325
Placebo,48,8202,True,0.37864948680048977
Placebo,48,8321,True,0.3697651067125389
Placebo,48,9222,True,0.15382020752221182
Placebo,48,9453,True,0.5605375982015275
Placebo,48,73,True,0.3742503956150241
Placebo,48,390,True,0.461960908286378
Placebo,48,424,True,0.0
Placebo,48,715,True,0.3333426760352457
Placebo,48,915,True,0.20829366581033182
Placebo,48,1579,True,0.36452597632915557
Placebo,48,1643,True,0.0
Placebo,48,1679,True,0.5058559123330466
Placebo,48,1982,True,0.2206331371837027
Placebo,48,2027,True,0.42691353991474257
Placebo,48,2211,True,0.45390362024822023
Placebo,48,2228,True,0.2037101573512657
Placebo,48,2352,True,0.0
Placebo,48,2520,True,0.23169899809779534
Placebo,48,2573,True,0.0
Placebo,48,2630,True,0.4832407333895442
Placebo,48,2666,True,0.41097677390321774
Placebo,48,2745,True,0.4670098424362216
Placebo,48,3149,True,0.5455784944809041
Placebo,48,3369,True,0.040885346655074095
Placebo,48,3617,True,0.612044164051415
Placebo,48,3862,True,0.0
Placebo,48,4124,True,0.44396598664206416
Placebo,48,4218,True,0.2918572540966278
Placebo,48,4268,True,0.5881500533017145
Placebo,48,4452,True,0.0
Placebo,48,4522,True,0.40530164315758227
Placebo,48,4784,True,0.763263287873767
Placebo,48,5139,True,0.0
Placebo,48,5438,True,0.44880758551015065
Placebo,48,5565,True,0.07491210085649577
Placebo,48,5684,True,0.4291655540528379
Placebo,48,5775,True,0.3538805731685162
Placebo,48,6110,True,0.20523724423812814
Placebo,48,6488,True,0.0
Placebo,48,6590,True,0.46214406557435184
Placebo,48,6793,True,0.4216756681368257
Placebo,48,7090,True,0.40570245732731525
Placebo,48,7112,True,0.5458184160658345
Placebo,48,7167,True,0.49174723431759304
Placebo,48,7287,True,0.5008135875949785
Placebo,48,7370,True,0.0
Placebo,48,7547,True,0.43965570314336666
Placebo,48,7589,True,0.0
Placebo,48,7622,True,0.2040078737501979
Placebo,48,7640,False,0.0
Placebo,48,7757,True,0.22716641440875943
Placebo,48,8162,True,0.7566230649703402
Placebo,48,8508,True,0.0
Placebo,48,8597,True,0.42881301476807876
Placebo,48,8771,True,0.0
Placebo,48,288,True,0.6779609901334
Placebo,48,635,True,0.4587502241490171
Placebo,48,654,True,0.06801744314752252
Placebo,48,699,True,0.2122263659729146
Placebo,48,743,True,0.2740148678872054
Placebo,48,946,True,0.0
Placebo,48,976,True,0.10633668103022988
Placebo,48,1144,True,0.4986832823722814
Placebo,48,1187,True,0.4138004137540982
Placebo,48,1384,True,0.06232532315595917
Placebo,48,1415,True,0.6227752377403496
Placebo,48,1443,True,0.22551882685906324
Placebo,48,1629,True,0.4985829188613392
Placebo,48,1684,True,0.07245218800307755
Placebo,48,1802,True,0.17806915746298954
Placebo,48,1914,True,0.4668823407455492
Placebo,48,2046,True,0.0
Placebo,48,2071,True,0.3725813277171682
Placebo,48,2340,True,0.09081730746842481
Placebo,48,2749,True,0.4321098122562126
Placebo,48,3517,True,0.31625652159461926
Placebo,48,3758,True,0.043580892131826796
Placebo,48,4110,True,0.15261339136948054
Placebo,48,4111,True,0.0
Placebo,48,4144,True,0.1110550921986622
Placebo,48,5021,True,0.09162544430476369
Placebo,48,5032,True,0.40582168688230813
Placebo,48,5096,True,0.27978345357387874
Placebo,48,5109,True,0.49873001035822556
Placebo,48,5114,True,0.06012983951359326
Placebo,48,5977,True,1.0
Placebo,48,5984,True,0.2856932557852381
Placebo,48,6353,True,0.4305222438789478
Placebo,48,6373,True,0.39618615228422266
Placebo,48,6539,True,0.0
Placebo,48,6554,True,0.7345000466603374
Placebo,48,6884,True,0.0
Placebo,48,6955,True,0.07362322034364345
Placebo,48,7020,True,0.26666864653800887
Placebo,48,7029,True,0.25184839280257354
Placebo,48,7280,True,0.14341821968574803
Placebo,48,7394,True,0.15932700155636037
Placebo,48,7795,True,0.5675696352464787
Placebo,48,8108,True,0.5293421642460575
Placebo,48,8560,True,0.2801981941484256
Placebo,48,8632,True,0.289600031686994
Placebo,48,8657,True,0.3008054027939142
Placebo,48,8777,True,0.8521705090845473
Placebo,48,9151,True,0.09010000865236774
Placebo,48,9609,True,0.4035015715464804
Placebo,49,102,True,0.5232023548858864
Placebo,49,314,True,0.4751913086848014
Placebo,49,1068,True,0.4229400186734781
Placebo,49,1525,True,0.23198000159121626
Placebo,49,1795,True,0.35453688266259575
Placebo,49,1929,True,0.4137484019281878
Placebo,49,1931,True,0.08996574100558588
Placebo,49,1991,True,0.08759798016455712
Placebo,49,2528,True,0.5072492611390326
Placebo,49,2697,True,0.46745926868913645
Placebo,49,2834,True,0.19305303213650335
Placebo,49,2845,True,0.2940391589724432
Placebo,49,3031,True,0.09511970379919975
Placebo,49,3250,True,0.2958593504782805
Placebo,49,3308,True,0.24722222538651387
Placebo,49,3402,True,0.03683186995726716
Placebo,49,3426,True,0.19815979910739062
Placebo,49,3449,True,0.34379183129983243
Placebo,49,3756,True,0.2272784366350277
Placebo,49,4141,True,0.590987951941087
Placebo,49,4210,True,0.4771804972511447
Placebo,49,4516,True,0.06927390663210685
Placebo,49,4692,True,0.09845236414941486
Placebo,49,4700,True,0.22348331758421366
Placebo,49,4910,False,0.0
Placebo,49,4962,True,0.5868720866710774
Placebo,49,5275,True,0.057959913024345
Placebo,49,5671,True,0.307278101034514
Placebo,49,5683,True,0.5925281030013516
Placebo,49,6067,True,0.431920351471222
Placebo,49,6378,True,0.39285933371987264
Placebo,49,6495,True,0.7338023072122601
Placebo,49,6868,True,0.5765238466051724
Placebo,49,6880,True,0.4479544898942375
Placebo,49,7144,True,0.13781937647125275
Placebo,49,7413,True,0.7653835484876456
Placebo,49,7526,True,0.10212480319009887
Placebo,49,7531,True,0.0
Placebo,49,7577,True,0.0
Placebo,49,7621,True,0.22214951579845524
Placebo,49,8198,True,0.46511621606641185
Placebo,49,8442,True,0.0776895369576595
Placebo,49,8452,True,0.4641435591572031
Placebo,49,8476,True,0.1299140311567813
Placebo,49,8541,True,0.4347819861995676
Placebo,49,8802,True,0.27000078537727845
Placebo,49,8816,True,0.06124284226709497
Placebo,49,8852,True,0.0
Placebo,49,9099,True,0.09478836436955075
Placebo,49,9479,True,0.0
Placebo,49,9625,False,0.0
Placebo,49,96,True,0.46927872602275655
Placebo,49,171,True,0.5844445416018089
Placebo,49,328,True,0.11284514134893517
Placebo,49,387,True,0.13287201388084077
Placebo,49,754,False,0.0
Placebo,49,983,True,0.2387362507876786
Placebo,49,1039,True,0.36286726527231594
Placebo,49,1098,True,0.19455715985087166
Placebo,49,1120,True,0.0
Placebo,49,1275,True,0.10502960579996924
Placebo,49,1343,True,0.057290000967676585
Placebo,49,1483,True,0.14637039866274829
Placebo,49,2005,True,0.0713975720180687
Placebo,49,2048,True,0.15946063177311678
Placebo,49,2379,True,0.554225284691575
Placebo,49,2516,True,0.4350508598837036
Placebo,49,2601,True,0.18976016420150266
Placebo,49,3210,True,0.16321630149948071
Placebo,49,3601,True,0.0
Placebo,49,3729,True,0.5742639460439629
Placebo,49,3832,True,0.415555458398191
Placebo,49,4104,True,0.1394378723663407
Placebo,49,4286,True,0.47555344751676487
Placebo,49,4329,True,0.06794340091829071
Placebo,49,4553,True,0.0
Placebo,49,4790,True,0.1100458831490401
Placebo,49,4844,True,0.0
Placebo,49,4994,True,0.17394295399340123
Placebo,49,5020,True,0.6939193804029083
Placebo,49,5293,True,0.48150336629598367
Placebo,49,5338,True,0.39515775210221205
Placebo,49,5343,True,0.12535376230481646
Placebo,49,5464,True,0.06265341172228864
Placebo,49,5560,True,0.4185323389259922
Placebo,49,5719,True,0.491436868205798
Placebo,49,6055,True,0.06362078819895167
Placebo,49,6121,True,0.5186604353059543
Placebo,49,6128,True,0.07711607962658217
Placebo,49,6197,True,0.3573238125490864
Placebo,49,6336,True,0.529596511394469
Placebo,49,6577,True,0.4489263329886429
Placebo,49,6717,True,0.0
Placebo,49,6906,True,0.0
Placebo,49,8550,True,0.0
Placebo,49,8576,True,0.39973078222467057
Placebo,49,8790,True,0.0
Placebo,49,8840,False,0.0
Placebo,49,8878,True,0.10122860821230016
Placebo,49,9337,True,0.11381311447980805
Placebo,49,9501,True,0.6286796630389725
Placebo,49,9512,False,0.0
Placebo,49,45,True,0.3571691192329844
Placebo,49,199,True,0.1951890007906611
Placebo,49,458,True,0.5
Placebo,49,564,True,0.8464926348287674
Placebo,49,717,True,0.0
Placebo,49,1109,True,0.6201876358638676
Placebo,49,1576,True,0.0
Placebo,49,1711,False,0.0
Placebo,49,1868,True,0.0
Placebo,49,1942,True,0.5691013464605408
Placebo,49,2001,True,0.3199579018271558
Placebo,49,2217,True,0.0
Placebo,49,2354,True,0.31447367826113104
Placebo,49,2761,True,0.0
Placebo,49,2980,True,0.06943122193677731
Placebo,49,3021,True,0.5127664879861229
Placebo,49,3030,True,0.16716045496620238
Placebo,49,3046,True,0.29877294021176637
Placebo,49,3050,True,0.5471669937220982
Placebo,49,3288,True,0.499295919986138
Placebo,49,3302,True,0.26513155497230906
Placebo,49,3794,True,0.280515329202251
Placebo,49,3920,True,0.2445261868029432
Placebo,49,3965,True,0.04019569404504289
Placebo,49,4193,True,0.2725209334651968
Placebo,49,4294,True,0.0
Placebo,49,4383,True,0.35098635093887426
Placebo,49,4474,True,0.057959913024345
Placebo,49,5068,True,0.5017493542077721
Placebo,49,5258,True,0.0
Placebo,49,5306,True,0.8286755885399202
Placebo,49,5323,True,0.4337390825604651
Placebo,49,5421,True,0.6454111265710014
Placebo,49,5766,True,0.577607821298186
Placebo,49,5877,True,0.0821774490341282
Placebo,49,5887,True,0.46596101243692956
Placebo,49,6126,True,0.1008674711662712
Placebo,49,6190,True,0.34350825392654966
Placebo,49,6224,True,0.3531437764338092
Placebo,49,6465,True,0.1909208661789346
Placebo,49,6853,True,0.3942244465150734
Placebo,49,6949,True,0.6558515660926213
Placebo,49,7107,True,0.0
Placebo,49,7240,True,0.26927981057487205
Placebo,49,7937,True,0.5337225282363591
Placebo,49,8015,True,0.0
Placebo,49,8066,True,0.26469612379831264
Placebo,49,8202,True,0.26533257390705955
Placebo,49,8321,True,0.6344942345830243
Placebo,49,9222,True,0.19031326377064928
Placebo,49,9453,True,0.544301267966681
Placebo,49,73,True,0.1622618246755019
Placebo,49,390,True,0.4264548849542546
Placebo,49,424,True,0.0
Placebo,49,715,True,0.40867294821589717
Placebo,49,915,True,0.22476126319537007
Placebo,49,1579,True,0.48516491957833424
Placebo,49,1643,True,0.0
Placebo,49,1679,True,0.38688653938190437
Placebo,49,1982,True,0.25329540411053186
Placebo,49,2027,True,0.3214289957408362
Placebo,49,2211,True,0.107789154524511
Placebo,49,2228,True,0.1222260944107594
Placebo,49,2352,True,0.0
Placebo,49,2520,True,0.2263533927171644
Placebo,49,2573,True,0.24703059344735187
Placebo,49,2630,True,0.6258696902342225
Placebo,49,2666,True,0.41677983348399683
Placebo,49,2745,True,0.283276610060558
Placebo,49,3149,True,0.26626584760901495
Placebo,49,3369,True,0.2970051777382656
Placebo,49,3617,True,0.5056270160173436
Placebo,49,3862,True,0.30907645284177787
Placebo,49,4124,True,0.39728900552705787
Placebo,49,4218,True,0.35884223439753593
Placebo,49,4268,True,0.5694312219367773
Placebo,49,4452,True,0.15130120674940675
Placebo,49,4522,True,0.3725696708303387
Placebo,49,4784,True,0.5639925938286532
Placebo,49,5139,True,0.0
Placebo,49,5438,True,0.2653310169887886
Placebo,49,5565,True,0.0
Placebo,49,5684,True,0.2645101253543448
Placebo,49,5775,True,0.5388856921828065
Placebo,49,6110,True,0.16469682793012433
Placebo,49,6488,True,0.0
Placebo,49,6590,True,0.4646927051059645
Placebo,49,6793,True,0.26982692312657597
Placebo,49,7090,True,0.3793113265783281
Placebo,49,7112,True,0.5072287699766226
Placebo,49,7167,True,0.25354823734101023
Placebo,49,7287,True,0.5312645027707704
Placebo,49,7370,True,0.12422240594026351
Placebo,49,7547,True,0.22849853750886834
Placebo,49,7589,True,0.10218331334064325
Placebo,49,7622,True,0.0
Placebo,49,7640,False,0.0
Placebo,49,7757,True,0.06012983951359326
Placebo,49,8162,True,0.37609665984706897
Placebo,49,8508,True,0.08671382849411978
Placebo,49,8597,True,0.3911228100493062
Placebo,49,8771,True,0.0
Placebo,49,288,True,0.5478340592138472
Placebo,49,635,True,0.14479206122060323
Placebo,49,654,True,0.06490513563473839
Placebo,49,699,True,0.31488013066763093
Placebo,49,743,True,0.2661361221228579
Placebo,49,946,True,0.0
Placebo,49,976,True,0.0
Placebo,49,1144,True,0.6827892203399601
Placebo,49,1187,True,0.30182396854413734
Placebo,49,1384,True,0.0
Placebo,49,1415,True,0.35987452156174493
Placebo,49,1443,True,0.19087622357670844
Placebo,49,1629,True,0.253381497766184
Placebo,49,1684,True,0.10937569145977143
Placebo,49,1802,True,0.0
Placebo,49,1914,True,0.350527793898945
Placebo,49,2046,True,0.0
Placebo,49,2071,True,0.2872635432889367
Placebo,49,2340,True,0.08951681439876903
Placebo,49,2749,True,0.24276306623941885
Placebo,49,3517,True,0.30032073325412884
Placebo,49,3758,True,0.15514952592378164
Placebo,49,4110,True,0.17613977863136185
Placebo,49,4111,True,0.0
Placebo,49,4144,True,0.04565679690686911
Placebo,49,5021,True,0.08274602130531994
Placebo,49,5032,True,0.4451466128225146
Placebo,49,5096,True,0.08427984475150933
Placebo,49,5109,True,0.5177559723440341
Placebo,49,5114,True,0.0
Placebo,49,5977,True,0.0
Placebo,49,5984,True,0.36087876794923807
Placebo,49,6353,True,0.6279910414696991
Placebo,49,6373,True,0.5822798500330285
Placebo,49,6539,True,0.0
Placebo,49,6554,True,0.6718381531069149
Placebo,49,6884,True,0.0
Placebo,49,6955,True,0.0
Placebo,49,7020,True,0.2516209263113368
Placebo,49,7029,True,0.1582383207427911
Placebo,49,7280,True,0.0
Placebo,49,7394,True,0.14710131651029384
Placebo,49,7795,True,0.7203624517408914
Placebo,49,8108,True,0.4959432709053874
Placebo,49,8560,True,0.36164962848773036
Placebo,49,8632,True,0.273561559318665
Placebo,49,8657,True,0.16195671984435944
Placebo,49,8777,True,0.7956104898862031
Placebo,49,9151,True,0.14303021425436246
Placebo,49,9609,True,0.2122263659729146
Placebo,50,102,True,0.5130022061120757
Placebo,50,314,True,0.47541314008431984
Placebo,50,1068,True,0.4347417689736149
Placebo,50,1525,True,0.09146951615211071
Placebo,50,1795,True,0.4188662062278836
Placebo,50,1929,True,0.5567547204080768
Placebo,50,1931,True,0.17993148201117176
Placebo,50,1991,True,0.14198208183183592
Placebo,50,2528,True,0.5354153782723219
Placebo,50,2697,True,0.5550361195499958
Placebo,50,2834,True,0.35320355676972903
Placebo,50,2845,True,0.4313698149239058
Placebo,50,3031,True,0.19971444646137673
Placebo,50,3250,True,0.1653207844247501
Placebo,50,3308,True,0.296057726949812
Placebo,50,3402,True,0.0
Placebo,50,3426,True,0.06760523069231987
Placebo,50,3449,True,0.40352078086068727
Placebo,50,3756,True,0.35970991185182927
Placebo,50,4141,True,0.7110474801854104
Placebo,50,4210,True,0.4294402597430955
Placebo,50,4516,True,0.41333890924538497
Placebo,50,4692,True,0.09614715734857844
Placebo,50,4700,True,0.0
Placebo,50,4910,False,0.0
Placebo,50,4962,True,0.13568544539116625
Placebo,50,5275,True,0.057959913024345
Placebo,50,5671,True,0.3923235658956985
Placebo,50,5683,True,0.40782355541564297
Placebo,50,6067,True,0.5905446640382138
Placebo,50,6378,True,0.4645609703542312
Placebo,50,6495,True,0.4742490902708935
Placebo,50,6868,True,0.630043820549893
Placebo,50,6880,True,0.39506563114303306
Placebo,50,7144,True,0.11381311447980796
Placebo,50,7413,True,0.3436691179380181
Placebo,50,7526,True,0.17342765698823942
Placebo,50,7531,True,0.24738635904833414
Placebo,50,7577,True,0.0
Placebo,50,7621,True,0.25608723792879706
Placebo,50,8198,True,0.5277988936164463
Placebo,50,8442,True,0.10905082208646188
Placebo,50,8452,True,0.5753358959137022
Placebo,50,8476,True,0.13509365868646586
Placebo,50,8541,True,0.7159190471356145
Placebo,50,8802,True,0.30620139265056645
Placebo,50,8816,True,0.0
Placebo,50,8852,True,0.0
Placebo,50,9099,True,0.18756024140091643
Placebo,50,9479,True,0.0
Placebo,50,9625,False,0.0
Placebo,50,96,True,0.2960819109658652
Placebo,50,171,True,0.638494045506201
Placebo,50,328,True,0.0
Placebo,50,387,True,0.10673691490577933
Placebo,50,754,False,0.0
Placebo,50,983,True,0.4337052751477967
Placebo,50,1039,True,0.5894092752308436
Placebo,50,1098,True,0.24785334910617757
Placebo,50,1120,True,0.18508046239362883
Placebo,50,1275,True,0.26230853789660297
Placebo,50,1343,True,0.18181175306035263
Placebo,50,1483,True,0.30841684552313525
Placebo,50,2005,True,0.393758437646072
Placebo,50,2048,True,0.47171993362999454
Placebo,50,2379,True,0.6248787827199133
Placebo,50,2516,True,0.45069065213143766
Placebo,50,2601,True,0.30784824863959326
Placebo,50,3210,True,0.1650091117610747
Placebo,50,3601,True,0.0
Placebo,50,3729,True,0.3613856667056873
Placebo,50,3832,True,0.5946101194931128
Placebo,50,4104,True,0.20253763974145414
Placebo,50,4286,True,0.45133711207521354
Placebo,50,4329,True,0.0
Placebo,50,4553,True,0.3285525228488918
Placebo,50,4790,True,0.0
Placebo,50,4844,True,0.0
Placebo,50,4994,True,0.09019475927038985
Placebo,50,5020,True,0.5211799985835895
Placebo,50,5293,True,0.23454599538018425
Placebo,50,5338,True,0.6091222759860626
Placebo,50,5343,True,0.2609674862324742
Placebo,50,5464,True,0.39838745582364726
Placebo,50,5560,True,0.3901573430542099
Placebo,50,5719,True,0.4090958943752506
Placebo,50,6055,True,0.0
Placebo,50,6121,True,0.5137289439470226
Placebo,50,6128,True,0.0
Placebo,50,6197,True,0.12708160293072954
Placebo,50,6336,True,0.40867294821589717
Placebo,50,6577,True,0.5255089407316078
Placebo,50,6717,True,0.0
Placebo,50,6906,True,0.0
Placebo,50,8550,True,0.1809074917818078
Placebo,50,8576,True,0.32302832373109347
Placebo,50,8790,True,0.4306765580733929
Placebo,50,8840,False,0.0
Placebo,50,8878,True,0.45128618090292516
Placebo,50,9337,True,0.06012983951359326
Placebo,50,9501,True,0.6149799518666149
Placebo,50,9512,False,0.0
Placebo,50,45,True,0.3379763190926901
Placebo,50,199,True,0.26012650661733144
Placebo,50,458,True,0.5236734773119279
Placebo,50,564,True,0.6698623505528797
Placebo,50,717,True,0.3714891073940902
Placebo,50,1109,True,0.6799322548633986
Placebo,50,1576,True,0.10283552761606228
Placebo,50,1711,False,0.0
Placebo,50,1868,True,0.0
Placebo,50,1942,True,0.4143164944948757
Placebo,50,2001,True,0.16687773407627599
Placebo,50,2217,True,0.23230604393401819
Placebo,50,2354,True,0.3311556802680466
Placebo,50,2761,True,0.10454526374508766
Placebo,50,2980,True,0.3995383499681145
Placebo,50,3021,True,0.3584246440998571
Placebo,50,3030,True,0.1564262420075856
Placebo,50,3046,True,0.257526541609684
Placebo,50,3050,True,0.5186708930462054
Placebo,50,3288,True,0.4104476503835502
Placebo,50,3302,True,0.3483214248177708
Placebo,50,3794,True,0.2779355167234718
Placebo,50,3920,True,0.13417997461878897
Placebo,50,3965,True,0.44333840133969216
Placebo,50,4193,True,0.2673207412994824
Placebo,50,4294,True,0.0
Placebo,50,4383,True,0.47675114189668805
Placebo,50,4474,True,0.19280632981923038
Placebo,50,5068,True,0.3811343541220199
Placebo,50,5258,True,0.0
Placebo,50,5306,True,0.7102575557761287
Placebo,50,5323,True,0.503128998069242
Placebo,50,5421,True,0.6830123093464013
Placebo,50,5766,True,0.5162130993616365
Placebo,50,5877,True,0.0
Placebo,50,5887,True,0.4129299029307152
Placebo,50,6126,True,0.107789154524511
Placebo,50,6190,True,0.5328306508516528
Placebo,50,6224,True,0.2814696096364967
Placebo,50,6465,True,0.1303237659103706
Placebo,50,6853,True,0.19087622357670844
Placebo,50,6949,True,0.5452352652368435
Placebo,50,7107,True,0.048753830672500074
Placebo,50,7240,True,0.0
Placebo,50,7937,True,0.4458567890377042
Placebo,50,8015,True,0.11838279295536289
Placebo,50,8066,True,0.21882229834438505
Placebo,50,8202,True,0.21035033223038005
Placebo,50,8321,True,0.5118335129137295
Placebo,50,9222,True,0.06779095235709008
Placebo,50,9453,True,0.4935433410709497
Placebo,50,73,True,0.27813877570685697
Placebo,50,390,True,0.7572269229420173
Placebo,50,424,True,0.5078961547485287
Placebo,50,715,True,0.5146557976515597
Placebo,50,915,True,0.4448530294934503
Placebo,50,1579,True,0.3824494433037411
Placebo,50,1643,True,0.0
Placebo,50,1679,True,0.5000902927746712
Placebo,50,1982,True,0.06362078819895167
Placebo,50,2027,True,0.2861333964982053
Placebo,50,2211,True,0.0
Placebo,50,2228,True,0.18986874081904903
Placebo,50,2352,True,0.0
Placebo,50,2520,True,0.1222260944107594
Placebo,50,2573,True,0.4035015715464804
Placebo,50,2630,True,0.5072549995767189
Placebo,50,2666,True,0.18293903230422137
Placebo,50,2745,True,0.1793725839335596
Placebo,50,3149,True,0.507073745974718
Placebo,50,3369,True,0.1388624438735545
Placebo,50,3617,True,0.46691498126544884
Placebo,50,3862,True,0.403030283801005
Placebo,50,4124,True,0.2786063234586607
Placebo,50,4218,True,0.24780362579830378
Placebo,50,4268,True,0.5684923551491559
Placebo,50,4452,True,0.0
Placebo,50,4522,True,0.3901288594395328
Placebo,50,4784,True,0.6967285564456158
Placebo,50,5139,True,0.0
Placebo,50,5438,True,0.29138863341775495
Placebo,50,5565,True,0.0
Placebo,50,5684,True,0.5269468585582895
Placebo,50,5775,True,0.2934556883974403
Placebo,50,6110,True,0.2089957187466602
Placebo,50,6488,True,0.07945707943276738
Placebo,50,6590,True,0.44979647326600974
Placebo,50,6793,True,0.2684006981258608
Placebo,50,7090,True,0.251738708387421
Placebo,50,7112,True,0.7356683333451955
Placebo,50,7167,True,0.24631433898652075
Placebo,50,7287,True,0.5651087271281314
Placebo,50,7370,True,0.3244354738358675
Placebo,50,7547,True,0.3990778387448611
Placebo,50,7589,True,0.13240437438171412
Placebo,50,7622,True,0.14710131651029384
Placebo,50,7640,False,0.0
Placebo,50,7757,True,0.11640030782973945
Placebo,50,8162,True,0.6424071006068822
Placebo,50,8508,True,0.0
Placebo,50,8597,True,0.5200604970815527
Placebo,50,8771,True,0.0
Placebo,50,288,True,0.571711305484455
Placebo,50,635,True,0.2831680516888948
Placebo,50,654,True,0.0
Placebo,50,699,True,0.21522019934787603
Placebo,50,743,True,0.3288593339416638
Placebo,50,946,True,0.0
Placebo,50,976,True,0.19550631742967162
Placebo,50,1144,True,0.6859269786880579
Placebo,50,1187,True,0.272792133403428
Placebo,50,1384,True,0.12585358207295486
Placebo,50,1415,True,0.19691760123840732
Placebo,50,1443,True,0.4076221412584497
Placebo,50,1629,True,0.4209088765951527
Placebo,50,1684,True,0.4236006299358718
Placebo,50,1802,True,0.1423390241169477
Placebo,50,1914,True,0.5600674810429933
Placebo,50,2046,True,0.0
Placebo,50,2071,True,0.13305804264658289
Placebo,50,2340,True,0.0
Placebo,50,2749,True,0.3130598262543235
Placebo,50,3517,True,0.41821989918258884
Placebo,50,3758,True,0.14709787457918264
Placebo,50,4110,True,0.19996967285846598
Placebo,50,4111,True,0.0
Placebo,50,4144,True,0.08508312584187493
Placebo,50,5021,True,0.0
Placebo,50,5032,True,0.49464574089557645
Placebo,50,5096,True,0.22635122268890592
Placebo,50,5109,True,0.4387768459195629
Placebo,50,5114,True,0.0
Placebo,50,5977,True,0.0
Placebo,50,5984,True,0.46932507701732024
Placebo,50,6353,True,0.6136840472082742
Placebo,50,6373,True,0.6228024969581772
Placebo,50,6539,True,0.0
Placebo,50,6554,True,0.6639923978436509
Placebo,50,6884,True,0.6309297535714573
Placebo,50,6955,True,0.0
Placebo,50,7020,True,0.46623270829197655
Placebo,50,7029,True,0.06786431424145342
Placebo,50,7280,True,0.34980723963261895
Placebo,50,7394,True,0.2260872188399591
Placebo,50,7795,True,0.5789042318505845
Placebo,50,8108,True,0.1395018837379694
Placebo,50,8560,True,0.3376951822406763
Placebo,50,8632,True,0.4033061479460192
Placebo,50,8657,True,0.0
Placebo,50,8777,True,0.5667728385924433
Placebo,50,9151,True,0.1595890771248963
Placebo,50,9609,True,0.25125252794398334
Placebo,51,102,True,0.568079363631004
Placebo,51,314,True,0.4745863657332945
Placebo,51,1068,True,0.42452851791467217
Placebo,51,1525,True,0.09898151000651474
Placebo,51,1795,True,0.47978713579338955
Placebo,51,1929,True,0.5357909066103733
Placebo,51,1931,True,0.3052348839397012
Placebo,51,1991,True,0.3164185093229669
Placebo,51,2528,True,0.6257316293940615
Placebo,51,2697,True,0.2738038928800248
Placebo,51,2834,True,0.2159350092312242
Placebo,51,2845,True,0.32907891649779014
Placebo,51,3031,True,0.07735873225855242
Placebo,51,3250,True,0.2893978301127862
Placebo,51,3308,True,0.5176084743940376
Placebo,51,3402,True,0.01841593497863358
Placebo,51,3426,True,0.0571330479527911
Placebo,51,3449,True,0.5322745582803333
Placebo,51,3756,True,0.3340514446642156
Placebo,51,4141,True,0.5362268112720988
Placebo,51,4210,True,0.28445616575643495
Placebo,51,4516,True,0.22596175094486826
Placebo,51,4692,True,0.0
Placebo,51,4700,True,0.06012983951359326
Placebo,51,4910,False,0.0
Placebo,51,4962,True,0.39092738420022166
Placebo,51,5275,True,0.16120313580911666
Placebo,51,5671,True,0.3660024233039941
Placebo,51,5683,True,0.56284092180196
Placebo,51,6067,True,0.45376168047636534
Placebo,51,6378,True,0.509541097766063
Placebo,51,6495,True,0.697045899732432
Placebo,51,6868,True,0.6472255476369289
Placebo,51,6880,True,0.5538199832779714
Placebo,51,7144,True,0.3369359503478411
Placebo,51,7413,True,0.2914476416119968
Placebo,51,7526,True,0.2748763329142909
Placebo,51,7531,True,0.08928205866243305
Placebo,51,7577,True,0.0
Placebo,51,7621,True,0.255656244678869
Placebo,51,8198,True,0.2196913584380962
Placebo,51,8442,True,0.1423390241169477
Placebo,51,8452,True,0.4703821246360635
Placebo,51,8476,True,0.22087941632846814
Placebo,51,8541,True,0.6561418965973342
Placebo,51,8802,True,0.1388059945359956
Placebo,51,8816,True,0.11591982604869
Placebo,51,8852,True,0.32739495038873945
Placebo,51,9099,True,0.35463008851533495
Placebo,51,9479,True,0.0
Placebo,51,9625,False,0.0
Placebo,51,96,True,0.1480409554829327
Placebo,51,171,True,0.399549226321996
Placebo,51,328,True,0.2463023887407299
Placebo,51,387,True,0.2228091049752035
Placebo,51,754,False,0.0
Placebo,51,983,True,0.5552363842934366
Placebo,51,1039,True,0.4158597522422423
Placebo,51,1098,True,0.19094679186627364
Placebo,51,1120,True,0.0
Placebo,51,1275,True,0.5640709505794279
Placebo,51,1343,True,0.057290000967676585
Placebo,51,1483,True,0.34529478950939346
Placebo,51,2005,True,0.13698471029831177
Placebo,51,2048,True,0.5739032469706379
Placebo,51,2379,True,0.7166565699827787
Placebo,51,2516,True,0.5027015989704942
Placebo,51,2601,True,0.2477846695997167
Placebo,51,3210,True,0.16860026985527077
Placebo,51,3601,True,0.0
Placebo,51,3729,True,0.3878022213066438
Placebo,51,3832,True,0.36956440759771797
Placebo,51,4104,True,0.1615299145492599
Placebo,51,4286,True,0.6300892711832301
Placebo,51,4329,True,0.08372491399919352
Placebo,51,4553,True,0.06978419164318803
Placebo,51,4790,True,0.16618593638761947
Placebo,51,4844,True,0.12600819010591802
Placebo,51,4994,True,0.1724039438737444
Placebo,51,5020,True,0.4522990368706666
Placebo,51,5293,True,0.4726539506835022
Placebo,51,5338,True,0.489785282712186
Placebo,51,5343,True,0.30272062019601775
Placebo,51,5464,True,0.05109165667032166
Placebo,51,5560,True,0.3576272999547582
Placebo,51,5719,True,0.18028134149971092
Placebo,51,6055,True,0.3622270852914869
Placebo,51,6121,True,0.7979297594456456
Placebo,51,6128,True,0.0
Placebo,51,6197,True,0.16441075060292276
Placebo,51,6336,True,0.7296774232963725
Placebo,51,6577,True,0.5658312996876937
Placebo,51,6717,True,0.38998785397867863
Placebo,51,6906,True,0.0
Placebo,51,8550,True,0.0
Placebo,51,8576,True,0.32293898480809163
Placebo,51,8790,True,0.371529997171282
Placebo,51,8840,False,0.0
Placebo,51,8878,True,0.23452561847376624
Placebo,51,9337,True,0.39005618839001466
Placebo,51,9501,True,0.5801560917892933
Placebo,51,9512,False,0.0
Placebo,51,45,True,0.18379273557216938
Placebo,51,199,True,0.35707647659639197
Placebo,51,458,True,0.6966740556034338
Placebo,51,564,True,0.8913696435738849
Placebo,51,717,True,0.2122263659729146
Placebo,51,1109,True,0.6357256680548915
Placebo,51,1576,True,0.3354350434265104
Placebo,51,1711,False,0.0
Placebo,51,1868,True,0.30657359638272924
Placebo,51,1942,True,0.346826971866212
Placebo,51,2001,True,0.3195052603840382
Placebo,51,2217,True,0.06993108739817402
Placebo,51,2354,True,0.37822386489493826
Placebo,51,2761,True,0.10209739512291151
Placebo,51,2980,True,0.1834098052484002
Placebo,51,3021,True,0.35386617898083517
Placebo,51,3030,True,0.0
Placebo,51,3046,True,0.0
Placebo,51,3050,True,0.6998933036869155
Placebo,51,3288,True,0.3065052179424327
Placebo,51,3302,True,0.28755663815356614
Placebo,51,3794,True,0.07680190056249989
Placebo,51,3920,True,0.4871640254643477
Placebo,51,3965,True,0.038356439954196984
Placebo,51,4193,True,0.22203214106575753
Placebo,51,4294,True,0.2551427280538378
Placebo,51,4383,True,0.21573444692688137
Placebo,51,4474,True,0.09057318017929114
Placebo,51,5068,True,0.6306637463657284
Placebo,51,5258,True,0.0
Placebo,51,5306,True,0.700054751076553
Placebo,51,5323,True,0.5539852656916922
Placebo,51,5421,True,0.6671635541723222
Placebo,51,5766,True,0.6136407320433777
Placebo,51,5877,True,0.07078380180254
Placebo,51,5887,True,0.4547243232736925
Placebo,51,6126,True,0.0
Placebo,51,6190,True,0.4142478371889661
Placebo,51,6224,True,0.23692706142741932
Placebo,51,6465,True,0.0
Placebo,51,6853,True,0.19985383168971815
Placebo,51,6949,True,0.39154261609215407
Placebo,51,7107,True,0.25946438118935955
Placebo,51,7240,True,0.0
Placebo,51,7937,True,0.6739971207683768
Placebo,51,8015,True,0.2748763329142909
Placebo,51,8066,True,0.42471500406299656
Placebo,51,8202,True,0.3185152531354232
Placebo,51,8321,True,0.5159493139047593
Placebo,51,9222,True,0.0
Placebo,51,9453,True,0.6008388171072592
Placebo,51,73,True,0.07778487414574674
Placebo,51,390,True,0.46496075413592225
Placebo,51,424,True,0.1650775876083788
Placebo,51,715,True,0.3665143809132385
Placebo,51,915,True,0.17993148201117176
Placebo,51,1579,True,0.38216590312578574
Placebo,51,1643,True,0.4521154634430405
Placebo,51,1679,True,0.5346165253034564
Placebo,51,1982,True,0.2200917662980802
Placebo,51,2027,True,0.3817524471534169
Placebo,51,2211,True,0.0
Placebo,51,2228,True,0.17672794556937704
Placebo,51,2352,True,0.0
Placebo,51,2520,True,0.2128447990912353
Placebo,51,2573,True,0.2583297509898471
Placebo,51,2630,True,0.5
Placebo,51,2666,True,0.15300289238736345
Placebo,51,2745,True,0.3389437821818569
Placebo,51,3149,True,0.7504866336746309
Placebo,51,3369,True,0.1388624438735545
Placebo,51,3617,True,0.39008230443828584
Placebo,51,3862,True,0.0
Placebo,51,4124,True,0.18561615954230956
Placebo,51,4218,True,0.25934020579860073
Placebo,51,4268,True,0.5019663500812914
Placebo,51,4452,True,0.10432831284539111
Placebo,51,4522,True,0.26349143776919387
Placebo,51,4784,True,0.647412824799294
Placebo,51,5139,True,0.2359963357193002
Placebo,51,5438,True,0.37156879955551514
Placebo,51,5565,True,0.2720005759023964
Placebo,51,5684,True,0.4817359038950054
Placebo,51,5775,True,0.5372903784169164
Placebo,51,6110,True,0.0
Placebo,51,6488,True,0.1694598497994397
Placebo,51,6590,True,0.3126652516605531
Placebo,51,6793,True,0.41800283884420714
Placebo,51,7090,True,0.3834554842333449
Placebo,51,7112,True,0.36425640049646574
Placebo,51,7167,True,0.47818784592561037
Placebo,51,7287,True,0.40384716726706316
Placebo,51,7370,True,0.3730700113787734
Placebo,51,7547,True,0.33226482527419865
Placebo,51,7589,True,0.0
Placebo,51,7622,True,0.28015840058820046
Placebo,51,7640,False,0.0
Placebo,51,7757,True,0.05214426484655786
Placebo,51,8162,True,0.6467278441987202
Placebo,51,8508,True,0.09791292534996787
Placebo,51,8597,True,0.28128890464456435
Placebo,51,8771,True,0.0
Placebo,51,288,True,0.5589084136713511
Placebo,51,635,True,0.29194154209618606
Placebo,51,654,True,0.13924111817724044
Placebo,51,699,True,0.16618593638761947
Placebo,51,743,True,0.18281341445183796
Placebo,51,946,True,0.0
Placebo,51,976,True,0.17342765698823942
Placebo,51,1144,True,0.6843290269741199
Placebo,51,1187,True,0.432465257450653
Placebo,51,1384,True,0.17967516130626054
Placebo,51,1415,True,0.5068499578231993
Placebo,51,1443,True,0.4982588489737789
Placebo,51,1629,True,0.1988521371807451
Placebo,51,1684,True,0.0
Placebo,51,1802,True,0.1419455799408411
Placebo,51,1914,True,0.37989152816943733
Placebo,51,2046,True,0.0
Placebo,51,2071,True,0.1853647153907717
Placebo,51,2340,True,0.054446697840052224
Placebo,51,2749,True,0.2745128223786488
Placebo,51,3517,True,0.563016359455041
Placebo,51,3758,True,0.0771660742637523
Placebo,51,4110,True,0.36124902710128987
Placebo,51,4111,True,0.08671382849411978
Placebo,51,4144,True,0.5136576138562349
Placebo,51,5021,True,0.07945707943276738
Placebo,51,5032,True,0.4425792828173344
Placebo,51,5096,True,0.2990132610560122
Placebo,51,5109,True,0.45362616763151203
Placebo,51,5114,True,0.0543026559841585
Placebo,51,5977,True,0.0
Placebo,51,5984,True,0.3832526343666124
Placebo,51,6353,True,0.3784021097713761
Placebo,51,6373,True,0.39621004977750407
Placebo,51,6539,True,0.18457569677956798
Placebo,51,6554,True,0.552506730616129
Placebo,51,6884,True,0.0
Placebo,51,6955,True,0.18691265948653069
Placebo,51,7020,True,0.3739675298366664
Placebo,51,7029,True,0.29722447734623353
Placebo,51,7280,True,0.14710131651029387
Placebo,51,7394,True,0.4867534676883298
Placebo,51,7795,True,0.6227244543654269
Placebo,51,8108,True,0.5368428160162579
Placebo,51,8560,True,0.18722960850981774
Placebo,51,8632,True,0.13368135981723522
Placebo,51,8657,True,0.0
Placebo,51,8777,True,0.7555982196247178
Placebo,51,9151,True,0.08431423425588576
Placebo,51,9609,True,0.27426546945536817
Placebo,52,102,True,0.45700599718829393
Placebo,52,314,True,0.35216002950732006
Placebo,52,1068,True,0.6065227964401473
Placebo,52,1525,True,0.049941400570997205
Placebo,52,1795,True,0.4628455114600909
Placebo,52,1929,True,0.4640037275085835
Placebo,52,1931,True,0.06943122193677731
Placebo,52,1991,True,0.04236776600349701
Placebo,52,2528,True,0.3183372382768143
Placebo,52,2697,True,0.5040325010779785
Placebo,52,2834,True,0.38188359966744084
Placebo,52,2845,True,0.40150163516484183
Placebo,52,3031,True,0.05683075013322683
Placebo,52,3250,True,0.17888600768532592
Placebo,52,3308,True,0.17986598594339318
Placebo,52,3402,True,0.04019569404504289
Placebo,52,3426,True,0.1410267511545995
Placebo,52,3449,True,0.1861349234271422
Placebo,52,3756,True,0.551566901347241
Placebo,52,4141,True,0.5155837880852996
Placebo,52,4210,True,0.4193893494655674
Placebo,52,4516,True,0.034508645863043474
Placebo,52,4692,True,0.13755548414400526
Placebo,52,4700,True,0.13781937647125275
Placebo,52,4910,False,0.0
Placebo,52,4962,True,0.4189179618884325
Placebo,52,5275,True,0.16928828350157965
Placebo,52,5671,True,0.7253356699436908
Placebo,52,5683,True,0.6273666933118048
Placebo,52,6067,True,0.562632055902363
Placebo,52,6378,True,0.3328725588767114
Placebo,52,6495,True,0.4465826640616431
Placebo,52,6868,True,0.4004676962014298
Placebo,52,6880,True,0.21035033223038005
Placebo,52,7144,True,0.2628901302645931
Placebo,52,7413,True,0.41167833022917505
Placebo,52,7526,True,0.08671382849411978
Placebo,52,7531,True,0.3026024134988135
Placebo,52,7577,True,0.4306765580733929
Placebo,52,7621,True,0.22432300875439437
Placebo,52,8198,True,0.4100256833716536
Placebo,52,8442,True,0.18129243973667888
Placebo,52,8452,True,0.20368833791448185
Placebo,52,8476,True,0.06012983951359326
Placebo,52,8541,True,0.8018040635492453
Placebo,52,8802,True,0.28282183344621575
Placebo,52,8816,True,0.0
Placebo,52,8852,True,0.0
Placebo,52,9099,True,0.3267455800537459
Placebo,52,9479,True,0.0
Placebo,52,9625,False,0.0
Placebo,52,96,True,0.0
Placebo,52,171,True,0.4722247649707018
Placebo,52,328,True,0.0
Placebo,52,387,True,0.16649706591468774
Placebo,52,754,False,0.0
Placebo,52,983,True,0.5318206581086979
Placebo,52,1039,True,0.3957543579996276
Placebo,52,1098,True,0.3917623038264845
Placebo,52,1120,True,0.18900105019841942
Placebo,52,1275,True,0.36318978539391006
Placebo,52,1343,True,0.05501287053785307
Placebo,52,1483,True,0.15408423965780735
Placebo,52,2005,True,0.11456556379738177
Placebo,52,2048,True,0.6265791025372172
Placebo,52,2379,True,0.6774082960969311
Placebo,52,2516,True,0.4070813013852693
Placebo,52,2601,True,0.2677173239609975
Placebo,52,3210,True,0.130694265054749
Placebo,52,3601,True,0.0
Placebo,52,3729,True,0.2645118356231685
Placebo,52,3832,True,0.34060303705763684
Placebo,52,4104,True,0.18701145604403488
Placebo,52,4286,True,0.4519295183388837
Placebo,52,4329,True,0.2350455494144854
Placebo,52,4553,True,0.02607213242327893
Placebo,52,4790,True,0.0
Placebo,52,4844,True,0.0
Placebo,52,4994,True,0.6566504475647066
Placebo,52,5020,True,0.5287245615516362
Placebo,52,5293,True,0.17999520422219595
Placebo,52,5338,True,0.6070908007711601
Placebo,52,5343,True,0.23850245838348139
Placebo,52,5464,True,0.1853647153907717
Placebo,52,5560,True,0.33007925338813726
Placebo,52,5719,True,0.4307154181866338
Placebo,52,6055,True,0.4252084336260237
Placebo,52,6121,True,0.4696138429127923
Placebo,52,6128,True,0.07066252950471981
Placebo,52,6197,True,0.17956694528736367
Placebo,52,6336,True,0.5185681689875172
Placebo,52,6577,True,0.5778534799354929
Placebo,52,6717,True,0.0
Placebo,52,6906,True,0.3333333333333335
Placebo,52,8550,True,0.0
Placebo,52,8576,True,0.5790911234048474
Placebo,52,8790,True,1.0
Placebo,52,8840,False,0.0
Placebo,52,8878,True,0.257918363628611
Placebo,52,9337,True,0.30192453085441895
Placebo,52,9501,True,0.5866699513568472
Placebo,52,9512,False,0.0
Placebo,52,45,True,0.2052471593213577
Placebo,52,199,True,0.2999050316974942
Placebo,52,458,True,0.755358200624835
Placebo,52,564,True,0.8126669470617608
Placebo,52,717,True,0.09478836436955075
Placebo,52,1109,True,0.4204565196830037
Placebo,52,1576,True,0.0
Placebo,52,1711,False,0.0
Placebo,52,1868,True,0.0
Placebo,52,1942,True,0.1589113536782517
Placebo,52,2001,True,0.09019475927038985
Placebo,52,2217,True,0.21620178938815843
Placebo,52,2354,True,0.3650220528192031
Placebo,52,2761,True,0.0
Placebo,52,2980,True,0.0
Placebo,52,3021,True,0.14661876487026893
Placebo,52,3030,True,0.1564262420075856
Placebo,52,3046,True,0.14115013958782469
Placebo,52,3050,True,0.5618024625470326
Placebo,52,3288,True,0.29309585818229966
Placebo,52,3302,True,0.5254026787566648
Placebo,52,3794,True,0.3217513983974336
Placebo,52,3920,True,0.30431490072807843
Placebo,52,3965,True,0.31359236760079756
Placebo,52,4193,True,0.1862415774851596
Placebo,52,4294,True,0.2321474026613599
Placebo,52,4383,True,0.5665260050678644
Placebo,52,4474,True,0.304102371854468
Placebo,52,5068,True,0.6530488081313034
Placebo,52,5258,True,0.14025592292804678
Placebo,52,5306,True,0.7472275614629634
Placebo,52,5323,True,0.5235414547289021
Placebo,52,5421,True,0.4758173462228839
Placebo,52,5766,True,0.47117775440924364
Placebo,52,5877,True,0.15806241920422226
Placebo,52,5887,True,0.38503968312960263
Placebo,52,6126,True,0.09109240322345795
Placebo,52,6190,True,0.4106392982971886
Placebo,52,6224,True,0.2200917662980802
Placebo,52,6465,True,0.0
Placebo,52,6853,True,0.5516941026452034
Placebo,52,6949,True,0.3984301604746125
Placebo,52,7107,True,0.0
Placebo,52,7240,True,0.0
Placebo,52,7937,True,0.28859956426486183
Placebo,52,8015,True,0.2748763329142909
Placebo,52,8066,True,0.10450613870182585
Placebo,52,8202,True,0.5986772098721033
Placebo,52,8321,True,0.29166758319258673
Placebo,52,9222,True,0.0
Placebo,52,9453,True,0.5054223903085704
Placebo,52,73,True,0.0
Placebo,52,390,True,0.4383859749185632
Placebo,52,424,True,0.0
Placebo,52,715,True,0.4272358448452455
Placebo,52,915,True,0.13698471029831177
Placebo,52,1579,True,0.5093069317616593
Placebo,52,1643,True,0.24961648030508168
Placebo,52,1679,True,0.7295791936694145
Placebo,52,1982,True,0.3312392961638529
Placebo,52,2027,True,0.5503833814404492
Placebo,52,2211,True,0.2917883373452058
Placebo,52,2228,True,0.11375296085295913
Placebo,52,2352,True,0.0
Placebo,52,2520,True,0.3891858722629775
Placebo,52,2573,True,0.13568544539116625
Placebo,52,2630,True,0.6775550632575503
Placebo,52,2666,True,0.32567834370007115
Placebo,52,2745,True,0.0
Placebo,52,3149,True,0.4850898398656158
Placebo,52,3369,True,0.27804069271583487
Placebo,52,3617,True,0.186345479811505
Placebo,52,3862,True,0.0
Placebo,52,4124,True,0.5662808479447691
Placebo,52,4218,True,0.4211914847240896
Placebo,52,4268,True,0.5929634893440289
Placebo,52,4452,True,0.0
Placebo,52,4522,True,0.6488052537642581
Placebo,52,4784,True,0.6611748755580588
Placebo,52,5139,True,0.5135312443624667
Placebo,52,5438,True,0.2646753364219782
Placebo,52,5565,True,0.15248845969016306
Placebo,52,5684,True,0.5758833358226311
Placebo,52,5775,True,0.5723863043146573
Placebo,52,6110,True,0.18905709333163614
Placebo,52,6488,True,0.08671382849411978
Placebo,52,6590,True,0.6751130662046719
Placebo,52,6793,True,0.16715955042411448
Placebo,52,7090,True,0.5639256908149285
Placebo,52,7112,True,0.5282643038776352
Placebo,52,7167,True,0.2496944513994302
Placebo,52,7287,True,0.6300474310279155
Placebo,52,7370,True,0.1900162774090201
Placebo,52,7547,True,0.20642028267053003
Placebo,52,7589,True,0.06975096265942549
Placebo,52,7622,True,0.0
Placebo,52,7640,False,0.0
Placebo,52,7757,True,0.20400787375019785
Placebo,52,8162,True,0.549021432423051
Placebo,52,8508,True,0.18908270233554983
Placebo,52,8597,True,0.5183511731139979
Placebo,52,8771,True,0.0
Placebo,52,288,True,0.5662732101892676
Placebo,52,635,True,0.29191537967106485
Placebo,52,654,True,0.09285825605119433
Placebo,52,699,True,0.16815228646891087
Placebo,52,743,True,0.09612432663346235
Placebo,52,946,True,0.0
Placebo,52,976,True,0.44830398990253034
Placebo,52,1144,True,0.6960789239920432
Placebo,52,1187,True,0.40608925046747457
Placebo,52,1384,True,0.06232532315595917
Placebo,52,1415,True,0.5057920282242702
Placebo,52,1443,True,0.2617187210634704
Placebo,52,1629,True,0.23766848787123737
Placebo,52,1684,True,0.21875138291954285
Placebo,52,1802,True,0.1803895185407797
Placebo,52,1914,True,0.38750745702197636
Placebo,52,2046,True,0.6309297535714573
Placebo,52,2071,True,0.10878180427932295
Placebo,52,2340,True,0.22612136670225594
Placebo,52,2749,True,0.20691738253477832
Placebo,52,3517,True,0.4439805046455673
Placebo,52,3758,True,0.05163532490696953
Placebo,52,4110,True,0.34350823401534664
Placebo,52,4111,True,0.0
Placebo,52,4144,True,0.1916004753805994
Placebo,52,5021,True,0.08274602130531994
Placebo,52,5032,True,0.29739371269699
Placebo,52,5096,True,0.4139617909723946
Placebo,52,5109,True,0.680156438659203
Placebo,52,5114,True,0.056906557239904024
Placebo,52,5977,True,0.3154648767857289
Placebo,52,5984,True,0.38123564499359397
Placebo,52,6353,True,0.6481339184489016
Placebo,52,6373,True,0.27701150595184354
Placebo,52,6539,True,0.26406812257259077
Placebo,52,6554,True,0.530369919287654
Placebo,52,6884,True,0.0
Placebo,52,6955,True,0.240148601224391
Placebo,52,7020,True,0.3759338799179578
Placebo,52,7029,True,0.11374652787710128
Placebo,52,7280,True,0.14579936588242112
Placebo,52,7394,True,0.1803895185407797
Placebo,52,7795,True,0.5268596631159668
Placebo,52,8108,True,0.19930623359011795
Placebo,52,8560,True,0.4869045420486605
Placebo,52,8632,True,0.5068888632519077
Placebo,52,8657,True,0.33339193584597104
Placebo,52,8777,True,0.6562840689832771
Placebo,52,9151,True,0.0
Placebo,52,9609,True,0.2618080742270756
Placebo,53,102,True,0.6829873612575045
Placebo,53,314,True,0.5411279143469504
Placebo,53,1068,True,0.4330927368296903
Placebo,53,1525,True,0.19492578050501277
Placebo,53,1795,True,0.6283524420007796
Placebo,53,1929,True,0.45873313226943097
Placebo,53,1931,True,0.2489083270225946
Placebo,53,1991,True,0.22569942661215886
Placebo,53,2528,True,0.606512666828646
Placebo,53,2697,True,0.47097329128629395
Placebo,53,2834,True,0.5448484937985262
Placebo,53,2845,True,0.1414471451858161
Placebo,53,3031,True,0.20899457231320537
Placebo,53,3250,True,0.44785779706113565
Placebo,53,3308,True,0.2597277399688781
Placebo,53,3402,True,0.23716865449094598
Placebo,53,3426,True,0.09489593857046195
Placebo,53,3449,True,0.5414622551246819
Placebo,53,3756,True,0.3494867399516552
Placebo,53,4141,True,0.6090082072662122
Placebo,53,4210,True,0.587781654934361
Placebo,53,4516,True,0.1193803006149699
Placebo,53,4692,True,0.0
Placebo,53,4700,True,0.11227410436015113
Placebo,53,4910,False,0.0
Placebo,53,4962,True,0.23365080824310527
Placebo,53,5275,True,0.15183849369780056
Placebo,53,5671,True,0.1503257651492753
Placebo,53,5683,True,0.6741026570400794
Placebo,53,6067,True,0.5054722558175376
Placebo,53,6378,True,0.45772081102765966
Placebo,53,6495,True,0.416243420010309
Placebo,53,6868,True,0.6873010092501944
Placebo,53,6880,True,0.35869534577574724
Placebo,53,7144,True,0.17806915746298954
Placebo,53,7413,True,0.44456623371595105
Placebo,53,7526,True,0.5359616270184944
Placebo,53,7531,True,0.0
Placebo,53,7577,True,0.0
Placebo,53,7621,True,0.32641996435777154
Placebo,53,8198,True,0.2575243544205739
Placebo,53,8442,True,0.2942026330205877
Placebo,53,8452,True,0.3890586855281289
Placebo,53,8476,True,0.5031180611985071
Placebo,53,8541,True,0.5329806294643493
Placebo,53,8802,True,0.47937840739955795
Placebo,53,8816,True,0.36836757764152867
Placebo,53,8852,True,0.0
Placebo,53,9099,True,0.49435723575344837
Placebo,53,9479,True,0.0
Placebo,53,9625,False,0.0
Placebo,53,96,True,0.23463936301137828
Placebo,53,171,True,0.678071030835636
Placebo,53,328,True,0.5032251913410368
Placebo,53,387,True,0.049941400570997205
Placebo,53,754,False,0.0
Placebo,53,983,True,0.6958607005690933
Placebo,53,1039,True,0.6100458831490401
Placebo,53,1098,True,0.3296849399641598
Placebo,53,1120,True,0.5179685135860546
Placebo,53,1275,True,0.43468600773108773
Placebo,53,1343,True,0.16892060796966007
Placebo,53,1483,True,0.12217637418940484
Placebo,53,2005,True,0.32730659600127
Placebo,53,2048,True,0.6818743935335441
Placebo,53,2379,True,0.4933027851720471
Placebo,53,2516,True,0.49846503219159394
Placebo,53,2601,True,0.3155660476445371
Placebo,53,3210,True,0.34352941429650674
Placebo,53,3601,True,0.0
Placebo,53,3729,True,0.5948697083810336
Placebo,53,3832,True,0.5829202805733147
Placebo,53,4104,True,0.1970884750459006
Placebo,53,4286,True,0.402531617787606
Placebo,53,4329,True,0.07834851647149517
Placebo,53,4553,True,0.17806915746298954
Placebo,53,4790,True,0.07588109553901774
Placebo,53,4844,True,0.0
Placebo,53,4994,True,0.425035080064741
Placebo,53,5020,True,0.8410105241597243
Placebo,53,5293,True,0.3870887878724618
Placebo,53,5338,True,0.8046482192802278
Placebo,53,5343,True,0.46982123206364523
Placebo,53,5464,True,0.16483672506293187
Placebo,53,5560,True,0.18339016018649856
Placebo,53,5719,True,0.24861608630669343
Placebo,53,6055,True,0.544221363816962
Placebo,53,6121,True,0.5482782763822881
Placebo,53,6128,True,0.0
Placebo,53,6197,True,0.5069323476983396
Placebo,53,6336,True,0.699257464251815
Placebo,53,6577,True,0.5580468959770202
Placebo,53,6717,True,0.19229431469715688
Placebo,53,6906,True,0.0
Placebo,53,8550,True,0.2184074368181643
Placebo,53,8576,True,0.4816124194313104
Placebo,53,8790,True,0.0
Placebo,53,8840,False,0.0
Placebo,53,8878,True,0.25300146108966753
Placebo,53,9337,True,0.35433247253418093
Placebo,53,9501,True,0.36048922125440364
Placebo,53,9512,False,0.0
Placebo,53,45,True,0.14169830436783476
Placebo,53,199,True,0.16332966310494598
Placebo,53,458,True,0.662291987222118
Placebo,53,564,True,0.8354025628535746
Placebo,53,717,True,0.19388538544807463
Placebo,53,1109,True,0.5575495674869214
Placebo,53,1576,True,0.29295618011129887
Placebo,53,1711,False,0.0
Placebo,53,1868,True,0.0
Placebo,53,1942,True,0.4858893079955074
Placebo,53,2001,True,0.05851819837674865
Placebo,53,2217,True,0.0
Placebo,53,2354,True,0.304148264470634
Placebo,53,2761,True,0.0
Placebo,53,2980,True,0.22212782793993277
Placebo,53,3021,True,0.4809962946490566
Placebo,53,3030,True,0.33775931993299524
Placebo,53,3046,True,0.31289386385750273
Placebo,53,3050,True,0.5318103940994758
Placebo,53,3288,True,0.3365212560086451
Placebo,53,3302,True,0.4462831407853456
Placebo,53,3794,True,0.20066335283495063
Placebo,53,3920,True,0.35623093148176194
Placebo,53,3965,True,0.24505534442145757
Placebo,53,4193,True,0.29077568690560257
Placebo,53,4294,True,0.0
Placebo,53,4383,True,0.39267924214821986
Placebo,53,4474,True,0.04860283695195314
Placebo,53,5068,True,0.3030616450015668
Placebo,53,5258,True,0.0
Placebo,53,5306,True,0.8280104443992511
Placebo,53,5323,True,0.5776967832428891
Placebo,53,5421,True,0.6801256413687259
Placebo,53,5766,True,0.7315843012375002
Placebo,53,5877,True,0.12716230740090387
Placebo,53,5887,True,0.2997562730282374
Placebo,53,6126,True,0.2081549963614215
Placebo,53,6190,True,0.4170504209023476
Placebo,53,6224,True,0.35774356177053784
Placebo,53,6465,True,0.419665006636777
Placebo,53,6853,True,0.08473553200699402
Placebo,53,6949,True,0.5753302721806515
Placebo,53,7107,True,0.10218331334064332
Placebo,53,7240,True,0.0
Placebo,53,7937,True,0.5580172698168012
Placebo,53,8015,True,0.0
Placebo,53,8066,True,0.37058401146650405
Placebo,53,8202,True,0.5334546547337397
Placebo,53,8321,True,0.17949439052707067
Placebo,53,9222,True,0.11845062512806952
Placebo,53,9453,True,0.6240661200820422
Placebo,53,73,True,0.08447695052975515
Placebo,53,390,True,0.44144185416489606
Placebo,53,424,True,0.0
Placebo,53,715,True,0.5749524213405542
Placebo,53,915,True,0.46945447024602927
Placebo,53,1579,True,0.324634379612071
Placebo,53,1643,True,0.0
Placebo,53,1679,True,0.48357896347661583
Placebo,53,1982,True,0.2083694517791748
Placebo,53,2027,True,0.2204334879525594
Placebo,53,2211,True,0.09546043308946738
Placebo,53,2228,True,0.14469555471545698
Placebo,53,2352,True,0.0
Placebo,53,2520,True,0.1657639076920156
Placebo,53,2573,True,0.2895229882348575
Placebo,53,2630,True,0.5081950476954378
Placebo,53,2666,True,0.2826962155938323
Placebo,53,2745,True,0.3150709100801025
Placebo,53,3149,True,0.609097563888675
Placebo,53,3369,True,0.5055885176333171
Placebo,53,3617,True,0.374353897030114
Placebo,53,3862,True,0.638787886479598
Placebo,53,4124,True,0.6112561269361109
Placebo,53,4218,True,0.07719545545707222
Placebo,53,4268,True,0.5391991344893378
Placebo,53,4452,True,0.0
Placebo,53,4522,True,0.47431810708359
Placebo,53,4784,True,0.8576834932642762
Placebo,53,5139,True,0.13905617951077567
Placebo,53,5438,True,0.39746341908315747
Placebo,53,5565,True,0.0
Placebo,53,5684,True,0.8064159834392255
Placebo,53,5775,True,0.5478527392247047
Placebo,53,6110,True,0.2611525721902262
Placebo,53,6488,True,0.08110155036904365
Placebo,53,6590,True,0.49667149665112864
Placebo,53,6793,True,0.5239355708522959
Placebo,53,7090,True,0.5026540280590054
Placebo,53,7112,True,0.5692052970393354
Placebo,53,7167,True,0.4455599203433725
Placebo,53,7287,True,0.4978314478408093
Placebo,53,7370,True,0.2669507571941387
Placebo,53,7547,True,0.42210361079345154
Placebo,53,7589,True,0.0
Placebo,53,7622,True,0.19794921598484602
Placebo,53,7640,False,0.0
Placebo,53,7757,True,0.21870684523675302
Placebo,53,8162,True,0.4610613583643157
Placebo,53,8508,True,0.0
Placebo,53,8597,True,0.35356452564974994
Placebo,53,8771,True,0.13459143142073815
Placebo,53,288,True,0.5513535851904996
Placebo,53,635,True,0.4284861313668325
Placebo,53,654,True,0.07187006452250423
Placebo,53,699,True,0.3600558568883673
Placebo,53,743,True,0.5106567296800975
Placebo,53,946,True,0.0
Placebo,53,976,True,0.08671382849411978
Placebo,53,1144,True,0.7049754574232672
Placebo,53,1187,True,0.37236036851303045
Placebo,53,1384,True,0.08340940864997516
Placebo,53,1415,True,0.6997627567330634
Placebo,53,1443,True,0.2968445749264764
Placebo,53,1629,True,0.40554526238072086
Placebo,53,1684,True,0.2166349166378894
Placebo,53,1802,True,0.06012983951359326
Placebo,53,1914,True,0.33100792758660075
Placebo,53,2046,True,0.0
Placebo,53,2071,True,0.5577539404453357
Placebo,53,2340,True,0.3247788057944779
Placebo,53,2749,True,0.5102493694413714
Placebo,53,3517,True,0.49620075968201366
Placebo,53,3758,True,0.15720098128661256
Placebo,53,4110,True,0.22363967403352528
Placebo,53,4111,True,0.18462675384408764
Placebo,53,4144,True,0.24324175726661842
Placebo,53,5021,True,0.23535109180711333
Placebo,53,5032,True,0.33883544218367845
Placebo,53,5096,True,0.3672795746852962
Placebo,53,5109,True,0.5189677950884629
Placebo,53,5114,True,0.22762622895961593
Placebo,53,5977,True,0.28906482631788766
Placebo,53,5984,True,0.32726398310469984
Placebo,53,6353,True,0.5232125474750442
Placebo,53,6373,True,0.5494700191518299
Placebo,53,6539,True,0.0
Placebo,53,6554,True,0.48237597015827305
Placebo,53,6884,True,0.0
Placebo,53,6955,True,0.14141417270073353
Placebo,53,7020,True,0.25769294907348006
Placebo,53,7029,True,0.4299821338807293
Placebo,53,7280,True,0.15445080225357144
Placebo,53,7394,True,0.0
Placebo,53,7795,True,0.5527174916502128
Placebo,53,8108,True,0.46664232174566644
Placebo,53,8560,True,0.3307376122019966
Placebo,53,8632,True,0.590708856448101
Placebo,53,8657,True,0.0
Placebo,53,8777,True,0.7899434273288987
Placebo,53,9151,True,0.1264713513838286
Placebo,53,9609,True,0.20904936749052636
Placebo,54,102,True,0.6959895673695804
Placebo,54,314,True,0.4404687439309007
Placebo,54,1068,True,0.5015783066520363
Placebo,54,1525,True,0.14982420171299154
Placebo,54,1795,True,0.5607316773973324
Placebo,54,1929,True,0.45828655504289895
Placebo,54,1931,True,0.5637884576902256
Placebo,54,1991,True,0.405622482101583
Placebo,54,2528,True,0.5031184302744911
Placebo,54,2697,True,0.4852851568905704
Placebo,54,2834,True,0.28554903329448605
Placebo,54,2845,True,0.24942214629818377
Placebo,54,3031,True,0.30211785724038087
Placebo,54,3250,True,0.14004698055015408
Placebo,54,3308,True,0.48435277868888466
Placebo,54,3402,True,0.21819127684085668
Placebo,54,3426,True,0.1830093013213621
Placebo,54,3449,True,0.3491030493081547
Placebo,54,3756,True,0.31204907722178066
Placebo,54,4141,True,0.6023782420923189
Placebo,54,4210,True,0.5099780348166916
Placebo,54,4516,True,0.24207375085334412
Placebo,54,4692,True,0.0
Placebo,54,4700,True,0.09019475927038985
Placebo,54,4910,False,0.0
Placebo,54,4962,True,0.32730659600127004
Placebo,54,5275,True,0.13332316071311007
Placebo,54,5671,True,0.2536356231731622
Placebo,54,5683,True,0.6741818005447724
Placebo,54,6067,True,0.6307533747361177
Placebo,54,6378,True,0.3484589849100587
Placebo,54,6495,True,0.49548642726998643
Placebo,54,6868,True,0.5638349139814139
Placebo,54,6880,True,0.7177421489928704
Placebo,54,7144,True,0.4153652332436733
Placebo,54,7413,True,0.37923580546249974
Placebo,54,7526,True,0.2748763329142909
Placebo,54,7531,True,0.09327641815646266
Placebo,54,7577,True,0.28906482631788766
Placebo,54,7621,True,0.30274763477911165
Placebo,54,8198,True,0.3952361900803907
Placebo,54,8442,True,0.31236665143235515
Placebo,54,8452,True,0.23701805427923517
Placebo,54,8476,True,0.3742605578113143
Placebo,54,8541,True,0.8047763268997721
Placebo,54,8802,True,0.2449173235494464
Placebo,54,8816,True,0.1439597479334531
Placebo,54,8852,True,0.0
Placebo,54,9099,True,0.1658594218327149
Placebo,54,9479,True,0.3868528072345415
Placebo,54,9625,False,0.0
Placebo,54,96,True,0.1356519734324477
Placebo,54,171,True,0.6262596586260109
Placebo,54,328,True,0.0
Placebo,54,387,True,0.21434997322283647
Placebo,54,754,False,0.0
Placebo,54,983,True,0.4059318297718266
Placebo,54,1039,True,0.5797338296181827
Placebo,54,1098,True,0.0
Placebo,54,1120,True,0.08861964339202381
Placebo,54,1275,True,0.7974133980683898
Placebo,54,1343,True,0.0
Placebo,54,1483,True,0.10063273078579874
Placebo,54,2005,True,0.4131279133289227
Placebo,54,2048,True,0.6847683101446757
Placebo,54,2379,True,0.5177317611074906
Placebo,54,2516,True,0.55543191107013
Placebo,54,2601,True,0.3616794395649324
Placebo,54,3210,True,0.36494408689960134
Placebo,54,3601,True,0.1681275362711174
Placebo,54,3729,True,0.40402161267239944
Placebo,54,3832,True,0.5782354890495642
Placebo,54,4104,True,0.057959913024345
Placebo,54,4286,True,0.5636273558013754
Placebo,54,4329,True,0.1719843689333807
Placebo,54,4553,True,0.12192845648974589
Placebo,54,4790,True,0.07839826897867538
Placebo,54,4844,True,0.0
Placebo,54,4994,True,0.17716623626709055
Placebo,54,5020,True,0.593815885655987
Placebo,54,5293,True,0.41317136542951627
Placebo,54,5338,True,0.39342825997361347
Placebo,54,5343,True,0.3373199693486268
Placebo,54,5464,True,0.41486935576660794
Placebo,54,5560,True,0.3989984029636297
Placebo,54,5719,True,0.5997804312269381
Placebo,54,6055,True,0.35359815335916356
Placebo,54,6121,True,0.6467278441987202
Placebo,54,6128,True,0.3239330570091759
Placebo,54,6197,True,0.3366830148409331
Placebo,54,6336,True,0.25965929915477143
Placebo,54,6577,True,0.45717865841431665
Placebo,54,6717,True,0.20151514190050243
Placebo,54,6906,True,0.0
Placebo,54,8550,True,0.0
Placebo,54,8576,True,0.6089775844621036
Placebo,54,8790,True,0.0
Placebo,54,8840,False,0.0
Placebo,54,8878,True,0.14829723057014907
Placebo,54,9337,True,0.2170796444154886
Placebo,54,9501,True,0.3710558185708089
Placebo,54,9512,False,0.0
Placebo,54,45,True,0.44364785975745197
Placebo,54,199,True,0.0733639220993601
Placebo,54,458,True,0.594449264526535
Placebo,54,564,True,0.9272980762817044
Placebo,54,717,True,0.28634598975246917
Placebo,54,1109,True,0.6718381531069149
Placebo,54,1576,True,0.0
Placebo,54,1711,False,0.0
Placebo,54,1868,True,0.30657359638272924
Placebo,54,1942,True,0.44656271627542143
Placebo,54,2001,True,0.06978419164318803
Placebo,54,2217,True,0.2627218170194593
Placebo,54,2354,True,0.4135326336059194
Placebo,54,2761,True,0.0
Placebo,54,2980,True,0.0
Placebo,54,3021,True,0.2903387824632799
Placebo,54,3030,True,0.39106560501896387
Placebo,54,3046,True,0.3267934449072913
Placebo,54,3050,True,0.5976173648439701
Placebo,54,3288,True,0.2265499085501676
Placebo,54,3302,True,0.5144082803622573
Placebo,54,3794,True,0.13603488629504495
Placebo,54,3920,True,0.5092090988211991
Placebo,54,3965,True,0.09858350785990916
Placebo,54,4193,True,0.37220164348893525
Placebo,54,4294,True,0.2764112222983458
Placebo,54,4383,True,0.4094671978364942
Placebo,54,4474,True,0.0
Placebo,54,5068,True,0.2909888826155
Placebo,54,5258,True,0.08478905019642406
Placebo,54,5306,True,0.5948373079557902
Placebo,54,5323,True,0.40992234761407553
Placebo,54,5421,True,0.7597389801850971
Placebo,54,5766,True,0.3892433174556079
Placebo,54,5877,True,0.09501844012918934
Placebo,54,5887,True,0.305022533763372
Placebo,54,6126,True,0.0
Placebo,54,6190,True,0.35181144307744217
Placebo,54,6224,True,0.4373524791503101
Placebo,54,6465,True,0.2423936099728647
Placebo,54,6853,True,0.18639946911149965
Placebo,54,6949,True,0.2679160997666528
Placebo,54,7107,True,0.0
Placebo,54,7240,True,0.0
Placebo,54,7937,True,0.5367202111557062
Placebo,54,8015,True,0.2748763329142909
Placebo,54,8066,True,0.18796613068064924
Placebo,54,8202,True,0.41089038673498607
Placebo,54,8321,True,0.31068211688583974
Placebo,54,9222,True,0.12782810266318786
Placebo,54,9453,True,0.5156576797604355
Placebo,54,73,True,0.15057479057731118
Placebo,54,390,True,0.5806864047873785
Placebo,54,424,True,0.0
Placebo,54,715,True,0.5263793533682746
Placebo,54,915,True,0.16815228646891087
Placebo,54,1579,True,0.19408984478739894
Placebo,54,1643,True,0.13147168936665218
Placebo,54,1679,True,0.37339373350140537
Placebo,54,1982,True,0.0
Placebo,54,2027,True,0.4732664195429561
Placebo,54,2211,True,0.09546043308946738
Placebo,54,2228,True,0.3150162934772147
Placebo,54,2352,True,0.0
Placebo,54,2520,True,0.10465086048663588
Placebo,54,2573,True,0.08514311764162101
Placebo,54,2630,True,0.6025583336639717
Placebo,54,2666,True,0.19567571014881716
Placebo,54,2745,True,0.1817751071705764
Placebo,54,3149,True,0.5609159466079986
Placebo,54,3369,True,0.08052129391196985
Placebo,54,3617,True,0.44568237413059286
Placebo,54,3862,True,0.0
Placebo,54,4124,True,0.3732090714025183
Placebo,54,4218,True,0.20658311443923516
Placebo,54,4268,True,0.49251245051493164
Placebo,54,4452,True,0.09109240322345795
Placebo,54,4522,True,0.44255352255868036
Placebo,54,4784,True,0.732632371984855
Placebo,54,5139,True,0.12315119437036504
Placebo,54,5438,True,0.44380478467732815
Placebo,54,5565,True,0.11132837047723466
Placebo,54,5684,True,0.320780593670491
Placebo,54,5775,True,0.5271064966405455
Placebo,54,6110,True,0.14789700411870774
Placebo,54,6488,True,0.0
Placebo,54,6590,True,0.3558547747480238
Placebo,54,6793,True,0.4154513049981049
Placebo,54,7090,True,0.3396649176741322
Placebo,54,7112,True,0.4624339908733423
Placebo,54,7167,True,0.4867534676883298
Placebo,54,7287,True,0.44713577733879806
Placebo,54,7370,True,0.2723773875226955
Placebo,54,7547,True,0.2621377215973476
Placebo,54,7589,True,0.0
Placebo,54,7622,True,0.42089338190367975
Placebo,54,7640,False,0.0
Placebo,54,7757,True,0.2639542657831509
Placebo,54,8162,True,0.5879993909242945
Placebo,54,8508,True,0.0
Placebo,54,8597,True,0.6600984486781494
Placebo,54,8771,True,0.0
Placebo,54,288,True,0.6307930776346318
Placebo,54,635,True,0.44081602794153796
Placebo,54,654,True,0.09285825605119433
Placebo,54,699,True,0.4323181322709948
Placebo,54,743,True,0.33917672848197866
Placebo,54,946,True,0.0
Placebo,54,976,True,0.08671382849411978
Placebo,54,1144,True,0.7039878212973429
Placebo,54,1187,True,0.47938044403977065
Placebo,54,1384,True,0.08340940864997516
Placebo,54,1415,True,0.46981223442375053
Placebo,54,1443,True,0.29941241864603585
Placebo,54,1629,True,0.12669074888309206
Placebo,54,1684,True,0.14629191738978586
Placebo,54,1802,True,0.0670201173131848
Placebo,54,1914,True,0.640505159059157
Placebo,54,2046,True,0.0
Placebo,54,2071,True,0.3028353795936593
Placebo,54,2340,True,0.044399369745528
Placebo,54,2749,True,0.44268439298445394
Placebo,54,3517,True,0.5752970864459941
Placebo,54,3758,True,0.08228688650337697
Placebo,54,4110,True,0.3242702848499243
Placebo,54,4111,True,0.0
Placebo,54,4144,True,0.290502173227319
Placebo,54,5021,True,0.0
Placebo,54,5032,True,0.22760952105380197
Placebo,54,5096,True,0.18333914161613912
Placebo,54,5109,True,0.5267335804570438
Placebo,54,5114,True,0.0776895369576595
Placebo,54,5977,True,0.0
Placebo,54,5984,True,0.4284056669979857
Placebo,54,6353,True,0.6885520576414156
Placebo,54,6373,True,0.3143921201097097
Placebo,54,6539,True,0.0
Placebo,54,6554,True,0.5976867667137675
Placebo,54,6884,True,0.0
Placebo,54,6955,True,0.0
Placebo,54,7020,True,0.6979074422331202
Placebo,54,7029,True,0.24844481188052703
Placebo,54,7280,True,0.131992192941818
Placebo,54,7394,True,0.09019475927038985
Placebo,54,7795,True,0.5331271117271945
Placebo,54,8108,True,0.21538297927698716
Placebo,54,8560,True,0.3684775699473399
Placebo,54,8632,True,0.4797050741506916
Placebo,54,8657,True,0.12744111026842678
Placebo,54,8777,True,0.4690204313004822
Placebo,54,9151,True,0.10893649261775587
Placebo,54,9609,True,0.3547252251971002
Placebo,55,102,True,0.7818840362559549
Placebo,55,314,True,0.3966352295648781
Placebo,55,1068,True,0.5589461892643591
Placebo,55,1525,True,0.0
Placebo,55,1795,True,0.5150544318577421
Placebo,55,1929,True,0.5697420045942011
Placebo,55,1931,True,0.0980646175538648
Placebo,55,1991,True,0.4822716145387424
Placebo,55,2528,True,0.6528767589517694
Placebo,55,2697,True,0.2325183402202016
Placebo,55,2834,True,0.3731653986917113
Placebo,55,2845,True,0.3976847750421809
Placebo,55,3031,True,0.07007173210920999
Placebo,55,3250,True,0.14996822422330555
Placebo,55,3308,True,0.42081207643720814
Placebo,55,3402,True,0.3989347268493539
Placebo,55,3426,True,0.1897918771409239
Placebo,55,3449,True,0.4196511904457879
Placebo,55,3756,True,0.3861296782563273
Placebo,55,4141,True,0.5934996127266962
Placebo,55,4210,True,0.36802149018987707
Placebo,55,4516,True,0.06378618161725279
Placebo,55,4692,True,0.0
Placebo,55,4700,True,0.056906557239904024
Placebo,55,4910,False,0.0
Placebo,55,4962,True,0.5572998242663684
Placebo,55,5275,True,0.22833003755064055
Placebo,55,5671,True,0.33970503808661323
Placebo,55,5683,True,0.5743907297055784
Placebo,55,6067,True,0.34519843481084417
Placebo,55,6378,True,0.3049391068288831
Placebo,55,6495,True,0.7551431473168825
Placebo,55,6868,True,0.36777528554179073
Placebo,55,6880,True,0.25927924238814093
Placebo,55,7144,True,0.2989482175081198
Placebo,55,7413,True,0.1737653531421537
Placebo,55,7526,True,0.0
Placebo,55,7531,True,0.2683637998873703
Placebo,55,7577,True,0.0
Placebo,55,7621,True,0.2775389287566439
Placebo,55,8198,True,0.277341961117656
Placebo,55,8442,True,0.19489946452350937
Placebo,55,8452,True,0.4764069465724916
Placebo,55,8476,True,0.4458986101113609
Placebo,55,8541,True,0.7509422466846422
Placebo,55,8802,True,0.0
Placebo,55,8816,True,0.08661781369276414
Placebo,55,8852,True,0.0
Placebo,55,9099,True,0.0
Placebo,55,9479,True,0.0
Placebo,55,9625,False,0.0
Placebo,55,96,True,0.14465396417138077
Placebo,55,171,True,0.6680532056257779
Placebo,55,328,True,0.3903800499921017
Placebo,55,387,True,0.2942941489498068
Placebo,55,754,False,0.0
Placebo,55,983,True,0.5212041488295992
Placebo,55,1039,True,0.46861204989141975
Placebo,55,1098,True,0.48632466547599895
Placebo,55,1120,True,0.1934264036172709
Placebo,55,1275,True,0.3168691803883852
Placebo,55,1343,True,0.11458000193535317
Placebo,55,1483,True,0.177973592672862
Placebo,55,2005,True,0.12987501165334064
Placebo,55,2048,True,0.45306062764089067
Placebo,55,2379,True,0.5673236619508095
Placebo,55,2516,True,0.6302840992887165
Placebo,55,2601,True,0.13496393320363287
Placebo,55,3210,True,0.3712402293672249
Placebo,55,3601,True,0.0
Placebo,55,3729,True,0.15239846790070588
Placebo,55,3832,True,0.5254559982677497
Placebo,55,4104,True,0.0
Placebo,55,4286,True,0.40731303868993524
Placebo,55,4329,True,0.07245218800307755
Placebo,55,4553,True,0.056906557239904024
Placebo,55,4790,True,0.17648129434574608
Placebo,55,4844,True,0.11693235222868317
Placebo,55,4994,True,0.3243461116533283
Placebo,55,5020,True,0.4467904353470386
Placebo,55,5293,True,0.2719091776991835
Placebo,55,5338,True,0.7517730549176282
Placebo,55,5343,True,0.09965311679505898
Placebo,55,5464,True,0.10878180427932295
Placebo,55,5560,True,0.26381277869265957
Placebo,55,5719,True,0.3404855911811574
Placebo,55,6055,True,0.39215784798408637
Placebo,55,6121,True,0.6360381406734202
Placebo,55,6128,True,0.0
Placebo,55,6197,True,0.41820718472180707
Placebo,55,6336,True,0.582109793153164
Placebo,55,6577,True,0.2917138771248514
Placebo,55,6717,True,0.13848833209439668
Placebo,55,6906,True,0.0
Placebo,55,8550,True,0.0
Placebo,55,8576,True,0.4507680629423097
Placebo,55,8790,True,0.0
Placebo,55,8840,False,0.0
Placebo,55,8878,True,0.46169129645612966
Placebo,55,9337,True,0.19004387067037457
Placebo,55,9501,True,0.579432570472691
Placebo,55,9512,False,0.0
Placebo,55,45,True,0.1181446946583002
Placebo,55,199,True,0.28634598975246917
Placebo,55,458,True,0.6977170505842001
Placebo,55,564,True,0.8755458364887027
Placebo,55,717,True,0.08514311764162101
Placebo,55,1109,True,0.47356082669160465
Placebo,55,1576,True,0.0
Placebo,55,1711,False,0.0
Placebo,55,1868,True,0.0
Placebo,55,1942,True,0.3639510661234653
Placebo,55,2001,True,0.1803895185407797
Placebo,55,2217,True,0.0
Placebo,55,2354,True,0.5394391534892206
Placebo,55,2761,True,0.16958010263680806
Placebo,55,2980,True,0.0
Placebo,55,3021,True,0.42276163024417907
Placebo,55,3030,True,0.0
Placebo,55,3046,True,0.3668521383659752
Placebo,55,3050,True,0.6045246837452631
Placebo,55,3288,True,0.2890317658324332
Placebo,55,3302,True,0.4471807895586064
Placebo,55,3794,True,0.0
Placebo,55,3920,True,0.1513568616360052
Placebo,55,3965,True,0.37931473484883327
Placebo,55,4193,True,0.25098752192351564
Placebo,55,4294,True,0.2371524322619555
Placebo,55,4383,True,0.32040446288677543
Placebo,55,4474,True,0.5418384572639049
Placebo,55,5068,True,0.6339753813071974
Placebo,55,5258,True,0.0
Placebo,55,5306,True,0.8656312722365525
Placebo,55,5323,True,0.5090054014261908
Placebo,55,5421,True,0.5753302721806515
Placebo,55,5766,True,0.6661090041555717
Placebo,55,5877,True,0.15120561540106167
Placebo,55,5887,True,0.30508335416853916
Placebo,55,6126,True,0.08747171410140814
Placebo,55,6190,True,0.4207394462365588
Placebo,55,6224,True,0.4240544959274162
Placebo,55,6465,True,0.0
Placebo,55,6853,True,0.22834065236918769
Placebo,55,6949,True,0.2909094174231373
Placebo,55,7107,True,0.0
Placebo,55,7240,True,0.0
Placebo,55,7937,True,0.6023277671368327
Placebo,55,8015,True,0.3812130139445208
Placebo,55,8066,True,0.25601437396491816
Placebo,55,8202,True,0.4946597596130376
Placebo,55,8321,True,0.3264124926853131
Placebo,55,9222,True,0.10112965561257
Placebo,55,9453,True,0.6194096240428241
Placebo,55,73,True,0.13043492902210468
Placebo,55,390,True,0.595160942851479
Placebo,55,424,True,0.0
Placebo,55,715,True,0.47249626168640335
Placebo,55,915,True,0.1668680223105984
Placebo,55,1579,True,0.19924558135685175
Placebo,55,1643,True,0.09404673201358821
Placebo,55,1679,True,0.45158493781662734
Placebo,55,1982,True,0.1388624438735545
Placebo,55,2027,True,0.4125087213626252
Placebo,55,2211,True,0.2683637998873703
Placebo,55,2228,True,0.16727124968348356
Placebo,55,2352,True,0.0
Placebo,55,2520,True,0.2083199763331919
Placebo,55,2573,True,0.1388624438735545
Placebo,55,2630,True,0.5514464862108545
Placebo,55,2666,True,0.28624889032810824
Placebo,55,2745,True,0.30275630820508787
Placebo,55,3149,True,0.3614082415692567
Placebo,55,3369,True,0.5212255420814027
Placebo,55,3617,True,0.2222782534580035
Placebo,55,3862,True,0.0
Placebo,55,4124,True,0.34562156824953666
Placebo,55,4218,True,0.19043676089828937
Placebo,55,4268,True,0.5344351029946266
Placebo,55,4452,True,0.0
Placebo,55,4522,True,0.5248719800793951
Placebo,55,4784,True,0.6581572391363218
Placebo,55,5139,True,0.13905617951077567
Placebo,55,5438,True,0.44913794438342186
Placebo,55,5565,True,0.0
Placebo,55,5684,True,0.4840043043982088
Placebo,55,5775,True,0.3468533046962179
Placebo,55,6110,True,0.2421900538379218
Placebo,55,6488,True,0.0
Placebo,55,6590,True,0.5222167687622303
Placebo,55,6793,True,0.3112922029506084
Placebo,55,7090,True,0.6384513790503082
Placebo,55,7112,True,0.7010517824918802
Placebo,55,7167,True,0.23045241826403048
Placebo,55,7287,True,0.5149565051836736
Placebo,55,7370,True,0.0
Placebo,55,7547,True,0.3189811640415073
Placebo,55,7589,True,0.0
Placebo,55,7622,True,0.108605311968317
Placebo,55,7640,False,0.0
Placebo,55,7757,True,0.18754997878023172
Placebo,55,8162,True,0.6763808128032611
Placebo,55,8508,True,0.0
Placebo,55,8597,True,0.513857457003891
Placebo,55,8771,True,0.0
Placebo,55,288,True,0.5244499206374184
Placebo,55,635,True,0.3589759742514382
Placebo,55,654,True,0.06994375383501338
Placebo,55,699,True,0.32149616226344446
Placebo,55,743,True,0.18777885408319733
Placebo,55,946,True,0.30657359638272924
Placebo,55,976,True,0.09162544430476369
Placebo,55,1144,True,0.7767346050409059
Placebo,55,1187,True,0.3590333712048083
Placebo,55,1384,True,0.13226907699097254
Placebo,55,1415,True,0.5856921714016761
Placebo,55,1443,True,0.4037008028953063
Placebo,55,1629,True,0.3541636986738959
Placebo,55,1684,True,0.13291000263869587
Placebo,55,1802,True,0.0
Placebo,55,1914,True,0.508745871053804
Placebo,55,2046,True,0.0
Placebo,55,2071,True,0.24251798064455488
Placebo,55,2340,True,0.18514204195015854
Placebo,55,2749,True,0.343809267160127
Placebo,55,3517,True,0.6891893950372121
Placebo,55,3758,True,0.13895732911091294
Placebo,55,4110,True,0.0989058670577296
Placebo,55,4111,True,0.22415199495126517
Placebo,55,4144,True,0.35632134578058067
Placebo,55,5021,True,0.17342765698823942
Placebo,55,5032,True,0.5632324060206274
Placebo,55,5096,True,0.19102587992366044
Placebo,55,5109,True,0.587182557956791
Placebo,55,5114,True,0.056906557239904024
Placebo,55,5977,True,0.0
Placebo,55,5984,True,0.6058732091172108
Placebo,55,6353,True,0.6571111580799576
Placebo,55,6373,True,0.6795515681723615
Placebo,55,6539,True,0.0
Placebo,55,6554,True,0.31895720178208004
Placebo,55,6884,True,0.3333333333333335
Placebo,55,6955,True,0.057290000967676585
Placebo,55,7020,True,0.26959350846882335
Placebo,55,7029,True,0.042106793863052994
Placebo,55,7280,True,0.1803895185407797
Placebo,55,7394,True,0.3726477358293016
Placebo,55,7795,True,0.5812198699517819
Placebo,55,8108,True,0.5079937796926363
Placebo,55,8560,True,0.4773535450203782
Placebo,55,8632,True,0.2983495234557958
Placebo,55,8657,True,0.11663898500374181
Placebo,55,8777,True,0.4652715292965196
Placebo,55,9151,True,0.0731168384439099
Placebo,55,9609,True,0.37904228975220516
Placebo,56,102,True,0.7653817665613498
Placebo,56,314,True,0.4325514175974058
Placebo,56,1068,True,0.3242223614036925
Placebo,56,1525,True,0.07491210085649577
Placebo,56,1795,True,0.561783742004175
Placebo,56,1929,True,0.36763286550676894
Placebo,56,1931,True,0.4760705018418427
Placebo,56,1991,True,0.04852388772014405
Placebo,56,2528,True,0.597228279214101
Placebo,56,2697,True,0.4573362932183878
Placebo,56,2834,True,0.5673965287383375
Placebo,56,2845,True,0.2587273592181803
Placebo,56,3031,True,0.1926170851193414
Placebo,56,3250,True,0.38243199054947347
Placebo,56,3308,True,0.0935171192465904
Placebo,56,3402,True,0.13953869716181402
Placebo,56,3426,True,0.0
Placebo,56,3449,True,0.545388960239233
Placebo,56,3756,True,0.20323893375270075
Placebo,56,4141,True,0.42789466462046877
Placebo,56,4210,True,0.31242692806187794
Placebo,56,4516,True,0.0
Placebo,56,4692,True,0.0
Placebo,56,4700,True,0.0776895369576595
Placebo,56,4910,False,0.0
Placebo,56,4962,True,0.14876390584057267
Placebo,56,5275,True,0.14319170798837647
Placebo,56,5671,True,0.22207546914564896
Placebo,56,5683,True,0.4249368330506446
Placebo,56,6067,True,0.46581364236554285
Placebo,56,6378,True,0.2610164298187135
Placebo,56,6495,True,0.5828330078235846
Placebo,56,6868,True,0.642700993894457
Placebo,56,6880,True,0.3182314647806032
Placebo,56,7144,True,0.3646062056817195
Placebo,56,7413,True,0.2808873366472023
Placebo,56,7526,True,0.10633668103022988
Placebo,56,7531,True,0.0
Placebo,56,7577,True,0.28906482631788766
Placebo,56,7621,True,0.14154520223201827
Placebo,56,8198,True,0.5211620962199603
Placebo,56,8442,True,0.06012983951359326
Placebo,56,8452,True,0.4539604672670382
Placebo,56,8476,True,0.19171264813293393
Placebo,56,8541,True,0.8581437227514841
Placebo,56,8802,True,0.0884104856384033
Placebo,56,8816,True,0.3920142555509134
Placebo,56,8852,True,0.0
Placebo,56,9099,True,0.28371255449703187
Placebo,56,9479,True,0.0
Placebo,56,9625,False,0.0
Placebo,56,96,True,0.1480409554829327
Placebo,56,171,True,0.5508528603601022
Placebo,56,328,True,0.2418195619032139
Placebo,56,387,True,0.11828236185925556
Placebo,56,754,False,0.0
Placebo,56,983,True,0.3995044583996267
Placebo,56,1039,True,0.482176168384343
Placebo,56,1098,True,0.24104301502827988
Placebo,56,1120,True,0.0
Placebo,56,1275,True,0.3753131149504695
Placebo,56,1343,True,0.13697633193431005
Placebo,56,1483,True,0.09720567390390628
Placebo,56,2005,True,0.1545743395783983
Placebo,56,2048,True,0.5931874735132642
Placebo,56,2379,True,0.4467162200440941
Placebo,56,2516,True,0.5720500330766456
Placebo,56,2601,True,0.21667274086639007
Placebo,56,3210,True,0.5722241062469219
Placebo,56,3601,True,0.3903800499921017
Placebo,56,3729,True,0.30015402742249225
Placebo,56,3832,True,0.6259003566771508
Placebo,56,4104,True,0.2996484034259831
Placebo,56,4286,True,0.61152970931061
Placebo,56,4329,True,0.31877046341367893
Placebo,56,4553,True,0.05851819837674865
Placebo,56,4790,True,0.08996574100558588
Placebo,56,4844,True,0.0
Placebo,56,4994,True,0.203015613631297
Placebo,56,5020,True,0.600807494443878
Placebo,56,5293,True,0.1547974144460985
Placebo,56,5338,True,0.5408464649880976
Placebo,56,5343,True,0.24309789328476902
Placebo,56,5464,True,0.13950192531885097
Placebo,56,5560,True,0.4258580660795965
Placebo,56,5719,True,0.3768819213036815
Placebo,56,6055,True,0.2886737498176254
Placebo,56,6121,True,0.5045314419376821
Placebo,56,6128,True,0.07535176048378729
Placebo,56,6197,True,0.21116074612647895
Placebo,56,6336,True,0.4476976750856595
Placebo,56,6577,True,0.31587984378046563
Placebo,56,6717,True,0.0
Placebo,56,6906,True,0.35620718710802235
Placebo,56,8550,True,0.0
Placebo,56,8576,True,0.6338035757316651
Placebo,56,8790,True,0.0
Placebo,56,8840,False,0.0
Placebo,56,8878,True,0.13869916163937124
Placebo,56,9337,True,0.131992192941818
Placebo,56,9501,True,0.716807540278302
Placebo,56,9512,False,0.0
Placebo,56,45,True,0.12880139917072184
Placebo,56,199,True,0.4537425745411855
Placebo,56,458,True,0.5913168591949449
Placebo,56,564,True,0.78273928714777
Placebo,56,717,True,0.14081860136568805
Placebo,56,1109,True,0.4227619696073109
Placebo,56,1576,True,0.0
Placebo,56,1711,False,0.0
Placebo,56,1868,True,0.3868528072345415
Placebo,56,1942,True,0.30593749105590273
Placebo,56,2001,True,0.29188227194279753
Placebo,56,2217,True,0.2931375901049005
Placebo,56,2354,True,0.3715278821116129
Placebo,56,2761,True,0.0
Placebo,56,2980,True,0.14465249243306436
Placebo,56,3021,True,0.31011631807545303
Placebo,56,3030,True,0.14126697285982884
Placebo,56,3046,True,0.27142612265947264
Placebo,56,3050,True,0.6146892425691822
Placebo,56,3288,True,0.5008097511276348
Placebo,56,3302,True,0.4170537989668095
Placebo,56,3794,True,0.15360380112499977
Placebo,56,3920,True,0.3159659339278657
Placebo,56,3965,True,0.28810864169756445
Placebo,56,4193,True,0.27555901364131674
Placebo,56,4294,True,0.0
Placebo,56,4383,True,0.6427951440361374
Placebo,56,4474,True,0.05861804732902653
Placebo,56,5068,True,0.3635258198964459
Placebo,56,5258,True,0.0
Placebo,56,5306,True,0.6767341918502388
Placebo,56,5323,True,0.6145647548169902
Placebo,56,5421,True,0.6454155716600778
Placebo,56,5766,True,0.6319516498621333
Placebo,56,5877,True,0.10369639533646699
Placebo,56,5887,True,0.4202939191704601
Placebo,56,6126,True,0.1785641173248661
Placebo,56,6190,True,0.5524861230729607
Placebo,56,6224,True,0.31488013066763093
Placebo,56,6465,True,0.1303237659103706
Placebo,56,6853,True,0.09131359381373821
Placebo,56,6949,True,0.23008870919734095
Placebo,56,7107,True,0.0
Placebo,56,7240,True,0.19890440060287856
Placebo,56,7937,True,0.36183175231968523
Placebo,56,8015,True,0.07945707943276738
Placebo,56,8066,True,0.26425981641823654
Placebo,56,8202,True,0.42727360427220695
Placebo,56,8321,True,0.2722892968431259
Placebo,56,9222,True,0.06003715030609779
Placebo,56,9453,True,0.5293235170445395
Placebo,56,73,True,0.07528739528865559
Placebo,56,390,True,0.4877983604668435
Placebo,56,424,True,0.18165878063358412
Placebo,56,715,True,0.7714922751694812
Placebo,56,915,True,0.2886582848702986
Placebo,56,1579,True,0.17330686506964346
Placebo,56,1643,True,0.21556084625570857
Placebo,56,1679,True,0.6276790193185551
Placebo,56,1982,True,0.2344065099232998
Placebo,56,2027,True,0.417960030984325
Placebo,56,2211,True,0.1909208661789346
Placebo,56,2228,True,0.16566755437326036
Placebo,56,2352,True,0.0
Placebo,56,2520,True,0.23030170351692134
Placebo,56,2573,True,0.14876390584057267
Placebo,56,2630,True,0.4585382908638491
Placebo,56,2666,True,0.40608419379256083
Placebo,56,2745,True,0.2510850062872354
Placebo,56,3149,True,0.5808559853953713
Placebo,56,3369,True,0.14720179140347375
Placebo,56,3617,True,0.5127111840595691
Placebo,56,3862,True,0.2471168871120522
Placebo,56,4124,True,0.5625141430618167
Placebo,56,4218,True,0.3023525101030976
Placebo,56,4268,True,0.5
Placebo,56,4452,True,0.0
Placebo,56,4522,True,0.5306128833931447
Placebo,56,4784,True,0.42311299119174706
Placebo,56,5139,True,0.0
Placebo,56,5438,True,0.34887054477556523
Placebo,56,5565,True,0.09452854666581807
Placebo,56,5684,True,0.386612919754293
Placebo,56,5775,True,0.596354553469896
Placebo,56,6110,True,0.13873378948501972
Placebo,56,6488,True,0.0
Placebo,56,6590,True,0.23084951123330527
Placebo,56,6793,True,0.22018904667411165
Placebo,56,7090,True,0.3435912248257775
Placebo,56,7112,True,0.4013210008112861
Placebo,56,7167,True,0.5010081422710811
Placebo,56,7287,True,0.48060776832897306
Placebo,56,7370,True,0.4469765144371133
Placebo,56,7547,True,0.5276952689458803
Placebo,56,7589,True,0.048753830672500074
Placebo,56,7622,True,0.35186157995967743
Placebo,56,7640,False,0.0
Placebo,56,7757,True,0.09019475927038985
Placebo,56,8162,True,0.4767874525249558
Placebo,56,8508,True,0.08110155036904365
Placebo,56,8597,True,0.3807097170351951
Placebo,56,8771,True,0.12315119437036504
Placebo,56,288,True,0.5486774655574211
Placebo,56,635,True,0.1878831713208985
Placebo,56,654,True,0.0
Placebo,56,699,True,0.0943034660284133
Placebo,56,743,True,0.4013403742003713
Placebo,56,946,True,0.0
Placebo,56,976,True,0.0
Placebo,56,1144,True,0.6562645576107731
Placebo,56,1187,True,0.2562172672994701
Placebo,56,1384,True,0.06801744314752252
Placebo,56,1415,True,0.7583115095983619
Placebo,56,1443,True,0.31099880612351244
Placebo,56,1629,True,0.36433202293814226
Placebo,56,1684,True,0.19167138999231728
Placebo,56,1802,True,0.017381421615519286
Placebo,56,1914,True,0.5187093788921935
Placebo,56,2046,True,0.0
Placebo,56,2071,True,0.2856932557852381
Placebo,56,2340,True,0.13918222984704623
Placebo,56,2749,True,0.445294796993558
Placebo,56,3517,True,0.37533945414825326
Placebo,56,3758,True,0.0771660742637523
Placebo,56,4110,True,0.10741504862350192
Placebo,56,4111,True,0.11235973699279639
Placebo,56,4144,True,0.22988760358817695
Placebo,56,5021,True,0.0
Placebo,56,5032,True,0.4756552458315242
Placebo,56,5096,True,0.33189979399872166
Placebo,56,5109,True,0.639472682562856
Placebo,56,5114,True,0.2181016441729237
Placebo,56,5977,True,0.3447702602206779
Placebo,56,5984,True,0.42250908592449565
Placebo,56,6353,True,0.32225091502782216
Placebo,56,6373,True,0.34081883003640406
Placebo,56,6539,True,0.0
Placebo,56,6554,True,0.6983155894579387
Placebo,56,6884,True,0.0
Placebo,56,6955,True,0.0
Placebo,56,7020,True,0.48151671339981944
Placebo,56,7029,True,0.23555265516848187
Placebo,56,7280,True,0.1474737286008475
Placebo,56,7394,True,0.3372964320640216
Placebo,56,7795,True,0.7042679592128979
Placebo,56,8108,True,0.733571372461874
Placebo,56,8560,True,0.44947077453558687
Placebo,56,8632,True,0.36673266044814046
Placebo,56,8657,True,0.0
Placebo,56,8777,True,0.7044951476755751
Placebo,56,9151,True,0.10893649261775587
Placebo,56,9609,True,0.4315420454124846
Placebo,57,102,True,0.8851021949626572
Placebo,57,314,True,0.47876377741604875
Placebo,57,1068,True,0.5169816239296472
Placebo,57,1525,True,0.049941400570997205
Placebo,57,1795,True,0.5024133429913509
Placebo,57,1929,True,0.4171190460945989
Placebo,57,1931,True,0.21783088011344
Placebo,57,1991,True,0.3894159602702433
Placebo,57,2528,True,0.5540141425802471
Placebo,57,2697,True,0.340697308214646
Placebo,57,2834,True,0.4758536719781391
Placebo,57,2845,True,0.20020698949384266
Placebo,57,3031,True,0.3336314461142787
Placebo,57,3250,True,0.24293507976653914
Placebo,57,3308,True,0.22671761383882993
Placebo,57,3402,True,0.13709450011946123
Placebo,57,3426,True,0.0
Placebo,57,3449,True,0.49355181574719975
Placebo,57,3756,True,0.31488013066763093
Placebo,57,4141,True,0.4980779581717329
Placebo,57,4210,True,0.37971034042712026
Placebo,57,4516,True,0.33635776574581905
Placebo,57,4692,True,0.0
Placebo,57,4700,True,0.0
Placebo,57,4910,False,0.0
Placebo,57,4962,True,0.6281649475693718
Placebo,57,5275,True,0.04510157879202123
Placebo,57,5671,True,0.28370628873866477
Placebo,57,5683,True,0.652585759804824
Placebo,57,6067,True,0.4964940942637538
Placebo,57,6378,True,0.4573165297988509
Placebo,57,6495,True,0.5845121301258696
Placebo,57,6868,True,0.4302782182659043
Placebo,57,6880,True,0.48758346576034006
Placebo,57,7144,True,0.3046097823041969
Placebo,57,7413,True,0.46026055884359396
Placebo,57,7526,True,0.2869956276855177
Placebo,57,7531,True,0.0
Placebo,57,7577,True,0.0
Placebo,57,7621,True,0.21019727281069875
Placebo,57,8198,True,0.15642994926925588
Placebo,57,8442,True,0.1474737286008475
Placebo,57,8452,True,0.47853698843639236
Placebo,57,8476,True,0.3722721475868792
Placebo,57,8541,True,0.3335740446124978
Placebo,57,8802,True,0.0
Placebo,57,8816,True,0.3888226956156249
Placebo,57,8852,True,0.0
Placebo,57,9099,True,0.07839826897867538
Placebo,57,9479,True,0.0
Placebo,57,9625,False,0.0
Placebo,57,96,True,0.1815417925373527
Placebo,57,171,True,0.5841250868206947
Placebo,57,328,True,0.3903800499921017
Placebo,57,387,True,0.16944064752231383
Placebo,57,754,False,0.0
Placebo,57,983,True,0.16515850229564366
Placebo,57,1039,True,0.36563127223655245
Placebo,57,1098,True,0.183597306122996
Placebo,57,1120,True,0.3868528072345415
Placebo,57,1275,True,0.2648371838876035
Placebo,57,1343,True,0.07362322034364345
Placebo,57,1483,True,0.13783745351220014
Placebo,57,2005,True,0.17318663334822615
Placebo,57,2048,True,0.20064705171709946
Placebo,57,2379,True,0.6702598464548786
Placebo,57,2516,True,0.674231086383117
Placebo,57,2601,True,0.3247240974051355
Placebo,57,3210,True,0.22437887336034115
Placebo,57,3601,True,0.13012668333070063
Placebo,57,3729,True,0.3209597377037371
Placebo,57,3832,True,0.4718265289522888
Placebo,57,4104,True,0.0
Placebo,57,4286,True,0.41185980672954775
Placebo,57,4329,True,0.08372491399919352
Placebo,57,4553,True,0.0
Placebo,57,4790,True,0.07839826897867538
Placebo,57,4844,True,0.0
Placebo,57,4994,True,0.11381311447980796
Placebo,57,5020,True,0.6634130451776125
Placebo,57,5293,True,0.25334424233805336
Placebo,57,5338,True,0.5953813167894604
Placebo,57,5343,True,0.12145835277122602
Placebo,57,5464,True,0.49824257230146196
Placebo,57,5560,True,0.3201450440740854
Placebo,57,5719,True,0.41578112863662253
Placebo,57,6055,True,0.24355227021012343
Placebo,57,6121,True,0.5055158379581048
Placebo,57,6128,True,0.0
Placebo,57,6197,True,0.42585468155419354
Placebo,57,6336,True,0.6764730791216981
Placebo,57,6577,True,0.25753837311117256
Placebo,57,6717,True,0.319393943239799
Placebo,57,6906,True,0.0
Placebo,57,8550,True,0.0
Placebo,57,8576,True,0.5654840986180169
Placebo,57,8790,True,0.0
Placebo,57,8840,False,0.0
Placebo,57,8878,True,0.24272050657540373
Placebo,57,9337,True,0.2641377132637911
Placebo,57,9501,True,0.5292339785941047
Placebo,57,9512,False,0.0
Placebo,57,45,True,0.12942721965448795
Placebo,57,199,True,0.1794771050858174
Placebo,57,458,True,0.6199509949284466
Placebo,57,564,True,0.7277163455732499
Placebo,57,717,True,0.3785988060390613
Placebo,57,1109,True,0.5059327246930575
Placebo,57,1576,True,0.3828883769850552
Placebo,57,1711,False,0.0
Placebo,57,1868,True,0.0
Placebo,57,1942,True,0.2905648856602636
Placebo,57,2001,True,0.2808496893749741
Placebo,57,2217,True,0.0
Placebo,57,2354,True,0.4733581100220471
Placebo,57,2761,True,0.0
Placebo,57,2980,True,0.13305201013572898
Placebo,57,3021,True,0.39008705795662957
Placebo,57,3030,True,0.0
Placebo,57,3046,True,0.10265385153805177
Placebo,57,3050,True,0.5102711302204136
Placebo,57,3288,True,0.3662085841501882
Placebo,57,3302,True,0.14498868258010594
Placebo,57,3794,True,0.0
Placebo,57,3920,True,0.4094877424776984
Placebo,57,3965,True,0.3333868050066544
Placebo,57,4193,True,0.37915785529043405
Placebo,57,4294,True,0.11076246003769862
Placebo,57,4383,True,0.41144033324459556
Placebo,57,4474,True,0.1715894651557675
Placebo,57,5068,True,0.2329726085570737
Placebo,57,5258,True,0.0
Placebo,57,5306,True,0.6234164876284695
Placebo,57,5323,True,0.31739048958259264
Placebo,57,5421,True,0.6688537722046972
Placebo,57,5766,True,0.5114960010907269
Placebo,57,5877,True,0.04750922006459467
Placebo,57,5887,True,0.2644743909742155
Placebo,57,6126,True,0.11706259313796355
Placebo,57,6190,True,0.45096837498779113
Placebo,57,6224,True,0.35492797327201425
Placebo,57,6465,True,0.04373585705070407
Placebo,57,6853,True,0.13319810923658396
Placebo,57,6949,True,0.39463890837471033
Placebo,57,7107,True,0.09556982176532462
Placebo,57,7240,True,0.0
Placebo,57,7937,True,0.3886892525054548
Placebo,57,8015,True,0.3575957890874736
Placebo,57,8066,True,0.14363177164446836
Placebo,57,8202,True,0.3553469961617459
Placebo,57,8321,True,0.3209291011055246
Placebo,57,9222,True,0.08196346139645697
Placebo,57,9453,True,0.6552465267898469
Placebo,57,73,True,0.07278991643156446
Placebo,57,390,True,0.3661907460175494
Placebo,57,424,True,0.0
Placebo,57,715,True,0.6927640936694404
Placebo,57,915,True,0.20511666732794348
Placebo,57,1579,True,0.3128254247348108
Placebo,57,1643,True,0.0
Placebo,57,1679,True,0.5891223020185592
Placebo,57,1982,True,0.2489083270225946
Placebo,57,2027,True,0.4075456348232902
Placebo,57,2211,True,0.107789154524511
Placebo,57,2228,True,0.3215077352878281
Placebo,57,2352,True,0.6131471927654585
Placebo,57,2520,True,0.3445564071133275
Placebo,57,2573,True,0.3827228533632141
Placebo,57,2630,True,0.5460774645570566
Placebo,57,2666,True,0.16816240827387505
Placebo,57,2745,True,0.03285554183355297
Placebo,57,3149,True,0.5045196806483417
Placebo,57,3369,True,0.2945573351141728
Placebo,57,3617,True,0.4464441551996607
Placebo,57,3862,True,0.0
Placebo,57,4124,True,0.5381185877239819
Placebo,57,4218,True,0.3567650446191089
Placebo,57,4268,True,0.618791754202844
Placebo,57,4452,True,0.1909208661789346
Placebo,57,4522,True,0.5994167274852888
Placebo,57,4784,True,0.7203590444785435
Placebo,57,5139,True,0.0
Placebo,57,5438,True,0.4241707622914345
Placebo,57,5565,True,0.3192648492353054
Placebo,57,5684,True,0.7642429343389733
Placebo,57,5775,True,0.3063365306564338
Placebo,57,6110,True,0.0788140051352519
Placebo,57,6488,True,0.3664781665125891
Placebo,57,6590,True,0.15721487658357466
Placebo,57,6793,True,0.6824454847834931
Placebo,57,7090,True,0.24707158953485892
Placebo,57,7112,True,0.20760356811444078
Placebo,57,7167,True,0.37033766516711736
Placebo,57,7287,True,0.3944263194157002
Placebo,57,7370,True,0.23754986375338338
Placebo,57,7547,True,0.18124020231908505
Placebo,57,7589,True,0.2641400331850027
Placebo,57,7622,True,0.06012983951359326
Placebo,57,7640,False,0.0
Placebo,57,7757,True,0.5027246170224005
Placebo,57,8162,True,0.46528438903161135
Placebo,57,8508,True,0.08916963639944173
Placebo,57,8597,True,0.40335597620454633
Placebo,57,8771,True,0.12663893885053282
Placebo,57,288,True,0.5595765109612652
Placebo,57,635,True,0.26812616950255047
Placebo,57,654,True,0.1564734854465431
Placebo,57,699,True,0.1794771050858174
Placebo,57,743,True,0.48696292258110147
Placebo,57,946,True,0.0
Placebo,57,976,True,0.14185334290648255
Placebo,57,1144,True,0.6877535427458105
Placebo,57,1187,True,0.4433958170449768
Placebo,57,1384,True,0.06232532315595917
Placebo,57,1415,True,0.414617138943109
Placebo,57,1443,True,0.37701330013940354
Placebo,57,1629,True,0.4004828142764779
Placebo,57,1684,True,0.0
Placebo,57,1802,True,0.09019475927038985
Placebo,57,1914,True,0.2420660340662535
Placebo,57,2046,True,0.0
Placebo,57,2071,True,0.33444708645773813
Placebo,57,2340,True,0.20139471305567935
Placebo,57,2749,True,0.4099129152268419
Placebo,57,3517,True,0.622114898422387
Placebo,57,3758,True,0.13347537859706934
Placebo,57,4110,True,0.3271168062337569
Placebo,57,4111,True,0.0
Placebo,57,4144,True,0.3269980914614096
Placebo,57,5021,True,0.0
Placebo,57,5032,True,0.5602350605887754
Placebo,57,5096,True,0.11031256514649193
Placebo,57,5109,True,0.6374410788208251
Placebo,57,5114,True,0.0
Placebo,57,5977,True,0.5
Placebo,57,5984,True,0.3396499170374932
Placebo,57,6353,True,0.5217112296385923
Placebo,57,6373,True,0.4857842168890275
Placebo,57,6539,True,0.0
Placebo,57,6554,True,0.5103786785480224
Placebo,57,6884,True,0.19669827399395615
Placebo,57,6955,True,0.057290000967676585
Placebo,57,7020,True,0.6653882795046744
Placebo,57,7029,True,0.0896516830212934
Placebo,57,7280,True,0.28192888494377444
Placebo,57,7394,True,0.28015840058820046
Placebo,57,7795,True,0.4917618253826354
Placebo,57,8108,True,0.4419240888751213
Placebo,57,8560,True,0.4789851711834993
Placebo,57,8632,True,0.3839800717688612
Placebo,57,8657,True,0.06975096265942549
Placebo,57,8777,True,0.6595793879333759
Placebo,57,9151,True,0.0
Placebo,57,9609,True,0.4354747455750674
Placebo,58,102,True,0.7120371994668375
Placebo,58,314,True,0.5933451383841037
Placebo,58,1068,True,0.25353833280638893
Placebo,58,1525,True,0.09988280114199441
Placebo,58,1795,True,0.3494691830466297
Placebo,58,1929,True,0.46273949596771324
Placebo,58,1931,True,0.34669052476710677
Placebo,58,1991,True,0.19539755668055492
Placebo,58,2528,True,0.5330189143030544
Placebo,58,2697,True,0.3835927248240369
Placebo,58,2834,True,0.31729282139803533
Placebo,58,2845,True,0.1469551226423581
Placebo,58,3031,True,0.07325852105000331
Placebo,58,3250,True,0.40364195850385365
Placebo,58,3308,True,0.054446697840052224
Placebo,58,3402,True,0.05208370671178697
Placebo,58,3426,True,0.27790523989182403
Placebo,58,3449,True,0.22926750402660492
Placebo,58,3756,True,0.07839826897867538
Placebo,58,4141,True,0.38742931359898025
Placebo,58,4210,True,0.48731175319147624
Placebo,58,4516,True,0.12757236323450558
Placebo,58,4692,True,0.0
Placebo,58,4700,True,0.20400787375019783
Placebo,58,4910,False,0.0
Placebo,58,4962,True,0.3460408923135341
Placebo,58,5275,True,0.2942941489498069
Placebo,58,5671,True,0.3409193026584964
Placebo,58,5683,True,0.6374262439183125
Placebo,58,6067,True,0.7073097506532718
Placebo,58,6378,True,0.6418562772485158
Placebo,58,6495,True,0.42770849021291574
Placebo,58,6868,True,0.21669104394778874
Placebo,58,6880,True,0.3828679434313211
Placebo,58,7144,True,0.25813619182415404
Placebo,58,7413,True,0.5394400551439461
Placebo,58,7526,True,0.07945707943276738
Placebo,58,7531,True,0.107789154524511
Placebo,58,7577,True,0.0
Placebo,58,7621,True,0.10891870609335233
Placebo,58,8198,True,0.2958678216355966
Placebo,58,8442,True,0.12192845648974589
Placebo,58,8452,True,0.36976380105139833
Placebo,58,8476,True,0.23756290805282507
Placebo,58,8541,True,0.6861541671507351
Placebo,58,8802,True,0.1973977853906857
Placebo,58,8816,True,0.0
Placebo,58,8852,True,0.0
Placebo,58,9099,True,0.3798176364943013
Placebo,58,9479,True,0.0
Placebo,58,9625,False,0.0
Placebo,58,96,True,0.16716045496620238
Placebo,58,171,True,0.49378149497501167
Placebo,58,328,True,0.13905617951077567
Placebo,58,387,True,0.0
Placebo,58,754,False,0.0
Placebo,58,983,True,0.5872971893902582
Placebo,58,1039,True,0.5815555625324498
Placebo,58,1098,True,0.4723606623961756
Placebo,58,1120,True,0.0
Placebo,58,1275,True,0.6064533028295916
Placebo,58,1343,True,0.06003715030609779
Placebo,58,1483,True,0.10063273078579874
Placebo,58,2005,True,0.06625422345438896
Placebo,58,2048,True,0.39074157370781487
Placebo,58,2379,True,0.6875436397243868
Placebo,58,2516,True,0.5118036993368174
Placebo,58,2601,True,0.3130790274550374
Placebo,58,3210,True,0.4473265186899435
Placebo,58,3601,True,0.0
Placebo,58,3729,True,0.3541627843969757
Placebo,58,3832,True,0.46818960590052416
Placebo,58,4104,True,0.0
Placebo,58,4286,True,0.5942330600063922
Placebo,58,4329,True,0.15249713175656976
Placebo,58,4553,True,0.2763792587433173
Placebo,58,4790,True,0.4119083427572685
Placebo,58,4844,True,0.0
Placebo,58,4994,True,0.17599770177528842
Placebo,58,5020,True,0.684105363905123
Placebo,58,5293,True,0.5095069363948019
Placebo,58,5338,True,0.5788439064168006
Placebo,58,5343,True,0.2434757441248663
Placebo,58,5464,True,0.06620218719085706
Placebo,58,5560,True,0.4832157561027614
Placebo,58,5719,True,0.41356650636806447
Placebo,58,6055,True,0.18160623509621993
Placebo,58,6121,True,0.5936618002327477
Placebo,58,6128,True,0.0
Placebo,58,6197,True,0.42417865253280146
Placebo,58,6336,True,0.5947023858115499
Placebo,58,6577,True,0.2936241652883583
Placebo,58,6717,True,0.0
Placebo,58,6906,True,0.0
Placebo,58,8550,True,0.18457569677956798
Placebo,58,8576,True,0.6968896260846527
Placebo,58,8790,True,0.28906482631788766
Placebo,58,8840,False,0.0
Placebo,58,8878,True,0.1491042771925757
Placebo,58,9337,True,0.12438588249677485
Placebo,58,9501,True,0.2661943223833928
Placebo,58,9512,False,0.0
Placebo,58,45,True,0.042106793863052994
Placebo,58,199,True,0.28071872112207047
Placebo,58,458,True,0.6770851689023757
Placebo,58,564,True,0.9024054996046694
Placebo,58,717,True,0.14876390584057267
Placebo,58,1109,True,0.5865899094117651
Placebo,58,1576,True,0.0
Placebo,58,1711,False,0.0
Placebo,58,1868,True,0.0
Placebo,58,1942,True,0.39162099656102706
Placebo,58,2001,True,0.0
Placebo,58,2217,True,0.0
Placebo,58,2354,True,0.5371504057609358
Placebo,58,2761,True,0.1130534017578721
Placebo,58,2980,True,0.2959728618370979
Placebo,58,3021,True,0.33970503808661323
Placebo,58,3030,True,0.02713039468648954
Placebo,58,3046,True,0.49440863721810774
Placebo,58,3050,True,0.6590673155720911
Placebo,58,3288,True,0.36304297222424076
Placebo,58,3302,True,0.49963405068329053
Placebo,58,3794,True,0.36020360494067466
Placebo,58,3920,True,0.6814695615041196
Placebo,58,3965,True,0.2352828811497708
Placebo,58,4193,True,0.2590568096104944
Placebo,58,4294,True,0.18397246392903513
Placebo,58,4383,True,0.37083512450507644
Placebo,58,4474,True,0.29772120583169925
Placebo,58,5068,True,0.6987957033953601
Placebo,58,5258,True,0.0
Placebo,58,5306,True,0.5344842423911367
Placebo,58,5323,True,0.5969448679417578
Placebo,58,5421,True,0.7268712872705927
Placebo,58,5766,True,0.6661090041555717
Placebo,58,5877,True,0.0
Placebo,58,5887,True,0.17957688216850867
Placebo,58,6126,True,0.09546043308946738
Placebo,58,6190,True,0.46491599066425787
Placebo,58,6224,True,0.24954776688700953
Placebo,58,6465,True,0.1008674711662712
Placebo,58,6853,True,0.34783465227016347
Placebo,58,6949,True,0.4868716404517042
Placebo,58,7107,True,0.1153802952180026
Placebo,58,7240,True,0.0
Placebo,58,7937,True,0.5237918844992537
Placebo,58,8015,True,0.30752118843187254
Placebo,58,8066,True,0.3555112351602387
Placebo,58,8202,True,0.24701903079824558
Placebo,58,8321,True,0.4670661389041696
Placebo,58,9222,True,0.0
Placebo,58,9453,True,0.7792394909008995
Placebo,58,73,True,0.0
Placebo,58,390,True,0.4271869012590062
Placebo,58,424,True,0.13012668333070063
Placebo,58,715,True,0.6323195638364629
Placebo,58,915,True,0.1100458831490401
Placebo,58,1579,True,0.5350944031655144
Placebo,58,1643,True,0.06591561479708605
Placebo,58,1679,True,0.3309947863376108
Placebo,58,1982,True,0.2895229882348575
Placebo,58,2027,True,0.5132095142793209
Placebo,58,2211,True,0.0
Placebo,58,2228,True,0.19320987158062256
Placebo,58,2352,True,0.0
Placebo,58,2520,True,0.14720692912781222
Placebo,58,2573,True,0.23365080824310527
Placebo,58,2630,True,0.5739147454577264
Placebo,58,2666,True,0.3681700580783266
Placebo,58,2745,True,0.14497094340367905
Placebo,58,3149,True,0.4082950973757999
Placebo,58,3369,True,0.06625422345438896
Placebo,58,3617,True,0.2920284854428975
Placebo,58,3862,True,0.2751109682880105
Placebo,58,4124,True,0.3367186005037399
Placebo,58,4218,True,0.3739273520558773
Placebo,58,4268,True,0.45260581781522463
Placebo,58,4452,True,0.0
Placebo,58,4522,True,0.2699851457298702
Placebo,58,4784,True,0.7683724644218897
Placebo,58,5139,True,0.11751610475642699
Placebo,58,5438,True,0.22600084336361642
Placebo,58,5565,True,0.04510157879202123
Placebo,58,5684,True,0.4385237739022349
Placebo,58,5775,True,0.5606114592078373
Placebo,58,6110,True,0.3146100387539538
Placebo,58,6488,True,0.0
Placebo,58,6590,True,0.22394313213507017
Placebo,58,6793,True,0.49721911619467485
Placebo,58,7090,True,0.3819899676594914
Placebo,58,7112,True,0.6334259819862929
Placebo,58,7167,True,0.534269288737931
Placebo,58,7287,True,0.3076955095745968
Placebo,58,7370,True,0.08467188550601377
Placebo,58,7547,True,0.4787050332679443
Placebo,58,7589,True,0.20877271093718397
Placebo,58,7622,True,0.19417007413996287
Placebo,58,7640,False,0.0
Placebo,58,7757,True,0.0776895369576595
Placebo,58,8162,True,0.6513595671905906
Placebo,58,8508,True,0.0
Placebo,58,8597,True,0.5096941903141692
Placebo,58,8771,True,0.0
Placebo,58,288,True,0.4532997661951113
Placebo,58,635,True,0.2770880215289147
Placebo,58,654,True,0.09285825605119433
Placebo,58,699,True,0.35940858709698914
Placebo,58,743,True,0.20457867789461393
Placebo,58,946,True,0.0
Placebo,58,976,True,0.2748763329142909
Placebo,58,1144,True,0.7520305397650268
Placebo,58,1187,True,0.3789156702273105
Placebo,58,1384,True,0.09285825605119433
Placebo,58,1415,True,0.5808523496227002
Placebo,58,1443,True,0.47986456473760647
Placebo,58,1629,True,0.16788429622804935
Placebo,58,1684,True,0.0
Placebo,58,1802,True,0.20097854486752195
Placebo,58,1914,True,0.3362573453769022
Placebo,58,2046,True,0.0
Placebo,58,2071,True,0.17601500531928346
Placebo,58,2340,True,0.0
Placebo,58,2749,True,0.39808891007674435
Placebo,58,3517,True,0.36548377678003136
Placebo,58,3758,True,0.10912004154869837
Placebo,58,4110,True,0.346388555847392
Placebo,58,4111,True,0.0
Placebo,58,4144,True,0.1372120160109329
Placebo,58,5021,True,0.0
Placebo,58,5032,True,0.5490262036480508
Placebo,58,5096,True,0.13412397658808572
Placebo,58,5109,True,0.49873001035822556
Placebo,58,5114,True,0.11381311447980796
Placebo,58,5977,True,0.4306765580733929
Placebo,58,5984,True,0.4381286560505883
Placebo,58,6353,True,0.5619531249244527
Placebo,58,6373,True,0.11735041394502496
Placebo,58,6539,True,0.0
Placebo,58,6554,True,0.5156695032611704
Placebo,58,6884,True,0.6309297535714573
Placebo,58,6955,True,0.18351205520241196
Placebo,58,7020,True,0.365999670603906
Placebo,58,7029,True,0.057484716641728835
Placebo,58,7280,True,0.1803895185407797
Placebo,58,7394,True,0.07373686430042375
Placebo,58,7795,True,0.614259091285385
Placebo,58,8108,True,0.09965311679505898
Placebo,58,8560,True,0.28739578318698816
Placebo,58,8632,True,0.3956294482816736
Placebo,58,8657,True,0.19611758889193054
Placebo,58,8777,True,0.9350624941733298
Placebo,58,9151,True,0.0
Placebo,58,9609,True,0.38431135260440824
Placebo,59,102,True,0.5651594219311787
Placebo,59,314,True,0.45627561325654215
Placebo,59,1068,True,0.4363496193990831
Placebo,59,1525,True,0.12234785175513828
Placebo,59,1795,True,0.5640239404702295
Placebo,59,1929,True,0.4130073911290352
Placebo,59,1931,True,0.08514311764162101
Placebo,59,1991,True,0.09453292111760589
Placebo,59,2528,True,0.6557198421856228
Placebo,59,2697,True,0.33470165356084486
Placebo,59,2834,True,0.3532022430592787
Placebo,59,2845,True,0.21402567775885847
Placebo,59,3031,True,0.14544527281380082
Placebo,59,3250,True,0.3014358850919571
Placebo,59,3308,True,0.4908518179781217
Placebo,59,3402,True,0.07855213399923987
Placebo,59,3426,True,0.0
Placebo,59,3449,True,0.16689461724398563
Placebo,59,3756,True,0.3589542101716347
Placebo,59,4141,True,0.5780814194097962
Placebo,59,4210,True,0.424494580083359
Placebo,59,4516,True,0.17907045092245477
Placebo,59,4692,True,0.0
Placebo,59,4700,True,0.15445080225357144
Placebo,59,4910,False,0.0
Placebo,59,4962,True,0.07839826897867538
Placebo,59,5275,True,0.24307450913037082
Placebo,59,5671,True,0.21401855559619695
Placebo,59,5683,True,0.42568676269444894
Placebo,59,6067,True,0.7497533853252519
Placebo,59,6378,True,0.5772871697891991
Placebo,59,6495,True,0.44924508254216444
Placebo,59,6868,True,0.5700264531923844
Placebo,59,6880,True,0.2763600011368634
Placebo,59,7144,True,0.23729607578068374
Placebo,59,7413,True,0.46407664651666325
Placebo,59,7526,True,0.38243968706353726
Placebo,59,7531,True,0.0
Placebo,59,7577,True,0.0
Placebo,59,7621,True,0.1301756657883288
Placebo,59,8198,True,0.2958678216355966
Placebo,59,8442,True,0.15721487658357466
Placebo,59,8452,True,0.4649646436055998
Placebo,59,8476,True,0.2346921745249382
Placebo,59,8541,True,0.5709751280271732
Placebo,59,8802,True,0.37251055833305785
Placebo,59,8816,True,0.2996484034259831
Placebo,59,8852,True,0.0
Placebo,59,9099,True,0.14624099167425852
Placebo,59,9479,True,0.0
Placebo,59,9625,False,0.0
Placebo,59,96,True,0.1564262420075856
Placebo,59,171,True,0.4308773564904555
Placebo,59,328,True,0.0
Placebo,59,387,True,0.09667736429927173
Placebo,59,754,False,0.0
Placebo,59,983,True,0.38613169147010257
Placebo,59,1039,True,0.44811210170511767
Placebo,59,1098,True,0.3675735908371141
Placebo,59,1120,True,0.2184074368181643
Placebo,59,1275,True,0.38684999794240577
Placebo,59,1343,True,0.48513751932804644
Placebo,59,1483,True,0.18561615954230956
Placebo,59,2005,True,0.4959389204699465
Placebo,59,2048,True,0.33642164263714897
Placebo,59,2379,True,0.5266418899779529
Placebo,59,2516,True,0.5404123863939608
Placebo,59,2601,True,0.42782175664158284
Placebo,59,3210,True,0.2158628204715291
Placebo,59,3601,True,0.0
Placebo,59,3729,True,0.3774696028442642
Placebo,59,3832,True,0.6273593803802101
Placebo,59,4104,True,0.11591982604869
Placebo,59,4286,True,0.4493364176397966
Placebo,59,4329,True,0.0
Placebo,59,4553,True,0.0
Placebo,59,4790,True,0.0
Placebo,59,4844,True,0.0
Placebo,59,4994,True,0.27648960819636637
Placebo,59,5020,True,0.6499537008299203
Placebo,59,5293,True,0.29499513999958804
Placebo,59,5338,True,0.5578439536395887
Placebo,59,5343,True,0.3652216587828625
Placebo,59,5464,True,0.29436109422607354
Placebo,59,5560,True,0.3562761817653991
Placebo,59,5719,True,0.2963163580429143
Placebo,59,6055,True,0.3088330559943845
Placebo,59,6121,True,0.5591628640356906
Placebo,59,6128,True,0.15423215925316422
Placebo,59,6197,True,0.21233947967789588
Placebo,59,6336,True,0.43504284911142804
Placebo,59,6577,True,0.3088323406862823
Placebo,59,6717,True,0.0
Placebo,59,6906,True,0.0
Placebo,59,8550,True,0.0
Placebo,59,8576,True,0.7653078254750617
Placebo,59,8790,True,0.0
Placebo,59,8840,False,0.0
Placebo,59,8878,True,0.192156638831279
Placebo,59,9337,True,0.05214426484655786
Placebo,59,9501,True,0.5372062522993101
Placebo,59,9512,False,0.0
Placebo,59,45,True,0.08148835874915306
Placebo,59,199,True,0.06625422345438896
Placebo,59,458,True,0.5606811707683984
Placebo,59,564,True,0.8578646810065933
Placebo,59,717,True,0.2489083270225946
Placebo,59,1109,True,0.6732364948834328
Placebo,59,1576,True,0.0
Placebo,59,1711,False,0.0
Placebo,59,1868,True,0.0
Placebo,59,1942,True,0.31731567125345267
Placebo,59,2001,True,0.06978419164318803
Placebo,59,2217,True,0.06715150624238254
Placebo,59,2354,True,0.27495527678716003
Placebo,59,2761,True,0.1130534017578721
Placebo,59,2980,True,0.5492250723258717
Placebo,59,3021,True,0.261785724121479
Placebo,59,3030,True,0.0
Placebo,59,3046,True,0.2547934383934489
Placebo,59,3050,True,0.542230301638283
Placebo,59,3288,True,0.40448035802844007
Placebo,59,3302,True,0.10649103382655457
Placebo,59,3794,True,0.4961255227697636
Placebo,59,3920,True,0.30861231292959124
Placebo,59,3965,True,0.2589279300595037
Placebo,59,4193,True,0.5176875024751585
Placebo,59,4294,True,0.14266368549714015
Placebo,59,4383,True,0.5058990502438742
Placebo,59,4474,True,0.16944064752231383
Placebo,59,5068,True,0.4152807670887413
Placebo,59,5258,True,0.0
Placebo,59,5306,True,0.7793668628162973
Placebo,59,5323,True,0.6176162464798017
Placebo,59,5421,True,0.8708351245050765
Placebo,59,5766,True,0.5039444628796742
Placebo,59,5877,True,0.1939699486348718
Placebo,59,5887,True,0.4553023689907926
Placebo,59,6126,True,0.107789154524511
Placebo,59,6190,True,0.4777357717853209
Placebo,59,6224,True,0.4631896595828493
Placebo,59,6465,True,0.3026024134988135
Placebo,59,6853,True,0.11012987923418145
Placebo,59,6949,True,0.3864576635874574
Placebo,59,7107,True,0.10507722995177482
Placebo,59,7240,True,0.0
Placebo,59,7937,True,0.7551310121621579
Placebo,59,8015,True,0.21629571830533076
Placebo,59,8066,True,0.05109165667032166
Placebo,59,8202,True,0.4221358194916256
Placebo,59,8321,True,0.3408207730475703
Placebo,59,9222,True,0.0
Placebo,59,9453,True,0.559343685166358
Placebo,59,73,True,0.06442942916813864
Placebo,59,390,True,0.5607822057948557
Placebo,59,424,True,0.0
Placebo,59,715,True,0.7045304958225762
Placebo,59,915,True,0.2172607128522299
Placebo,59,1579,True,0.16703657489516616
Placebo,59,1643,True,0.06573584468332609
Placebo,59,1679,True,0.6787165811453958
Placebo,59,1982,True,0.2784805894273036
Placebo,59,2027,True,0.32108297096800226
Placebo,59,2211,True,0.1008674711662712
Placebo,59,2228,True,0.21867040636849902
Placebo,59,2352,True,0.2398910907200171
Placebo,59,2520,True,0.32509789182169135
Placebo,59,2573,True,0.06625422345438896
Placebo,59,2630,True,0.6273428951469966
Placebo,59,2666,True,0.3060935402409162
Placebo,59,2745,True,0.4414905538292963
Placebo,59,3149,True,0.3533409626307316
Placebo,59,3369,True,0.25484632407382096
Placebo,59,3617,True,0.4827870837521298
Placebo,59,3862,True,0.0
Placebo,59,4124,True,0.5504146462695585
Placebo,59,4218,True,0.28056763958248654
Placebo,59,4268,True,0.5366819610496801
Placebo,59,4452,True,0.0
Placebo,59,4522,True,0.526762482602243
Placebo,59,4784,True,0.8430770835753675
Placebo,59,5139,True,0.12315119437036504
Placebo,59,5438,True,0.2594147968949913
Placebo,59,5565,True,0.14982420171299154
Placebo,59,5684,True,0.772994365272669
Placebo,59,5775,True,0.5552661282147345
Placebo,59,6110,True,0.19492578050501277
Placebo,59,6488,True,0.2748763329142909
Placebo,59,6590,True,0.516374525182553
Placebo,59,6793,True,0.14761755546710226
Placebo,59,7090,True,0.3179408955782781
Placebo,59,7112,True,0.5172925064286947
Placebo,59,7167,True,0.5758833358226311
Placebo,59,7287,True,0.5556379444920843
Placebo,59,7370,True,0.0
Placebo,59,7547,True,0.3864172388925581
Placebo,59,7589,True,0.0
Placebo,59,7622,True,0.19279184370173424
Placebo,59,7640,False,0.0
Placebo,59,7757,True,0.374345947192108
Placebo,59,8162,True,0.5140846454665682
Placebo,59,8508,True,0.17342765698823942
Placebo,59,8597,True,0.3058779736165045
Placebo,59,8771,True,0.13905617951077567
Placebo,59,288,True,0.7446872144653041
Placebo,59,635,True,0.6163743727763114
Placebo,59,654,True,0.0
Placebo,59,699,True,0.06362078819895167
Placebo,59,743,True,0.4549396082066178
Placebo,59,946,True,0.0
Placebo,59,976,True,0.0
Placebo,59,1144,True,0.6012905596224924
Placebo,59,1187,True,0.2650182279928552
Placebo,59,1384,True,0.24200048446221972
Placebo,59,1415,True,0.5768305851304485
Placebo,59,1443,True,0.43758724713110697
Placebo,59,1629,True,0.3023179750305256
Placebo,59,1684,True,0.07245218800307755
Placebo,59,1802,True,0.12669074888309206
Placebo,59,1914,True,0.42424728382845295
Placebo,59,2046,True,0.0
Placebo,59,2071,True,0.3552844878002248
Placebo,59,2340,True,0.05013355137207789
Placebo,59,2749,True,0.36438627191263595
Placebo,59,3517,True,0.7394447579093115
Placebo,59,3758,True,0.1204653676281237
Placebo,59,4110,True,0.11958332099787163
Placebo,59,4111,True,0.0
Placebo,59,4144,True,0.30696284548691666
Placebo,59,5021,True,0.18264285024968774
Placebo,59,5032,True,0.15414820172165677
Placebo,59,5096,True,0.052639913647579424
Placebo,59,5109,True,0.7143904767298845
Placebo,59,5114,True,0.34466262571311324
Placebo,59,5977,True,0.3333333333333335
Placebo,59,5984,True,0.5477500300755259
Placebo,59,6353,True,0.5677351872400901
Placebo,59,6373,True,0.5773682548317183
Placebo,59,6539,True,0.1934264036172709
Placebo,59,6554,True,0.5378378237108207
Placebo,59,6884,True,0.0
Placebo,59,6955,True,0.11458000193535317
Placebo,59,7020,True,0.4852628123838848
Placebo,59,7029,True,0.3244354738358675
Placebo,59,7280,True,0.2051047483371103
Placebo,59,7394,True,0.13329414356969077
Placebo,59,7795,True,0.587355722831104
Placebo,59,8108,True,0.08514311764162101
Placebo,59,8560,True,0.3289059208828154
Placebo,59,8632,True,0.23246483123004202
Placebo,59,8657,True,0.19754531367442973
Placebo,59,8777,True,0.8574749799504638
Placebo,59,9151,True,0.0
Placebo,59,9609,True,0.39956887138389763
Placebo,60,102,True,0.5407430405797337
Placebo,60,314,True,0.4165182731920762
Placebo,60,1068,True,0.2528213821232758
Placebo,60,1525,True,0.2717317798051918
Placebo,60,1795,True,0.4970242472236969
Placebo,60,1929,True,0.6976890284816047
Placebo,60,1931,True,0.08514311764162101
Placebo,60,1991,True,0.465835192244594
Placebo,60,2528,True,0.6609372321072569
Placebo,60,2697,True,0.5228115903003162
Placebo,60,2834,True,0.38942076548193877
Placebo,60,2845,True,0.15713847185134028
Placebo,60,3031,True,0.14245737762839059
Placebo,60,3250,True,0.3039892919559311
Placebo,60,3308,True,0.4347818311770737
Placebo,60,3402,True,0.1138594339595772
Placebo,60,3426,True,0.0
Placebo,60,3449,True,0.5017688629771189
Placebo,60,3756,True,0.4099325402032334
Placebo,60,4141,True,0.5910552701706273
Placebo,60,4210,True,0.3300366144206632
Placebo,60,4516,True,0.22596175094486826
Placebo,60,4692,True,0.0
Placebo,60,4700,True,0.16595737932636584
Placebo,60,4910,False,0.0
Placebo,60,4962,True,0.5264500496622768
Placebo,60,5275,True,0.06452577150984494
Placebo,60,5671,True,0.5787638563598518
Placebo,60,5683,True,0.42964212918097594
Placebo,60,6067,True,0.6242824433169252
Placebo,60,6378,True,0.57377353555305
Placebo,60,6495,True,0.6393991217363582
Placebo,60,6868,True,0.38237617137071206
Placebo,60,6880,True,0.24496895418177383
Placebo,60,7144,True,0.37963509989763145
Placebo,60,7413,True,0.5786532679834382
Placebo,60,7526,True,0.3665017772190546
Placebo,60,7531,True,0.3026024134988135
Placebo,60,7577,True,0.0
Placebo,60,7621,True,0.2604552212427212
Placebo,60,8198,True,0.339506537761413
Placebo,60,8442,True,0.0776895369576595
Placebo,60,8452,True,0.347133979815851
Placebo,60,8476,True,0.23682076653835427
Placebo,60,8541,True,0.6656447886213903
Placebo,60,8802,True,0.2942674027814561
Placebo,60,8816,True,0.047264273332909064
Placebo,60,8852,True,0.0
Placebo,60,9099,True,0.28634598975246917
Placebo,60,9479,True,0.0
Placebo,60,9625,False,0.0
Placebo,60,96,True,0.0
Placebo,60,171,True,0.5526341475023331
Placebo,60,328,True,0.0
Placebo,60,387,True,0.0
Placebo,60,754,False,0.0
Placebo,60,983,True,0.41389032901327427
Placebo,60,1039,True,0.6064910338265546
Placebo,60,1098,True,0.37383989981902055
Placebo,60,1120,True,0.0
Placebo,60,1275,True,0.4151185044150293
Placebo,60,1343,True,0.0
Placebo,60,1483,True,0.2222073958733334
Placebo,60,2005,True,0.2200917662980802
Placebo,60,2048,True,0.6284449108654009
Placebo,60,2379,True,0.7304064915311765
Placebo,60,2516,True,0.5691710520833368
Placebo,60,2601,True,0.3209393131017482
Placebo,60,3210,True,0.1974928178253981
Placebo,60,3601,True,0.3183412193664158
Placebo,60,3729,True,0.2651246350090817
Placebo,60,3832,True,0.4086831408050551
Placebo,60,4104,True,0.1079013135953422
Placebo,60,4286,True,0.5649206680359286
Placebo,60,4329,True,0.0
Placebo,60,4553,True,0.1803895185407797
Placebo,60,4790,True,0.1545743395783983
Placebo,60,4844,True,0.12081130269949425
Placebo,60,4994,True,0.19417007413996287
Placebo,60,5020,True,0.5870575884648348
Placebo,60,5293,True,0.31874905551217747
Placebo,60,5338,True,0.7002453655288325
Placebo,60,5343,True,0.21258361583331498
Placebo,60,5464,True,0.15753563495182302
Placebo,60,5560,True,0.5351828184309487
Placebo,60,5719,True,0.2165387436280046
Placebo,60,6055,True,0.2940945979596687
Placebo,60,6121,True,0.4946612255872358
Placebo,60,6128,True,0.0
Placebo,60,6197,True,0.2558423281637439
Placebo,60,6336,True,0.5936312696637825
Placebo,60,6577,True,0.5936329674024607
Placebo,60,6717,True,0.0
Placebo,60,6906,True,0.0
Placebo,60,8550,True,0.0
Placebo,60,8576,True,0.4682077019884003
Placebo,60,8790,True,0.0
Placebo,60,8840,False,0.0
Placebo,60,8878,True,0.3868380253709103
Placebo,60,9337,True,0.2372960757806837
Placebo,60,9501,True,0.5536969098925941
Placebo,60,9512,False,0.0
Placebo,60,45,True,0.10210490993258958
Placebo,60,199,True,0.08658334110222708
Placebo,60,458,True,0.6752540744185217
Placebo,60,564,True,0.7100226348397881
Placebo,60,717,True,0.0
Placebo,60,1109,True,0.4405366618264578
Placebo,60,1576,True,0.35709577277854143
Placebo,60,1711,False,0.0
Placebo,60,1868,True,0.0
Placebo,60,1942,True,0.04338356787451251
Placebo,60,2001,True,0.08394214811402467
Placebo,60,2217,True,0.0898682452334257
Placebo,60,2354,True,0.47111125196699355
Placebo,60,2761,True,0.1130534017578721
Placebo,60,2980,True,0.0
Placebo,60,3021,True,0.20117184154354162
Placebo,60,3030,True,0.2183733547559629
Placebo,60,3046,True,0.4155477153955545
Placebo,60,3050,True,0.5378824168616191
Placebo,60,3288,True,0.4982584424826376
Placebo,60,3302,True,0.17366667134799177
Placebo,60,3794,True,0.12465064631191834
Placebo,60,3920,True,0.3970970156479314
Placebo,60,3965,True,0.1864641988956327
Placebo,60,4193,True,0.4929293990468282
Placebo,60,4294,True,0.0
Placebo,60,4383,True,0.2757146706274765
Placebo,60,4474,True,0.2363213666645452
Placebo,60,5068,True,0.416247566443736
Placebo,60,5258,True,0.09843703889494597
Placebo,60,5306,True,0.7797454537728087
Placebo,60,5323,True,0.6174750365751255
Placebo,60,5421,True,0.6712778772758049
Placebo,60,5766,True,0.6273483817744798
Placebo,60,5877,True,0.20739279067293398
Placebo,60,5887,True,0.3919343842000069
Placebo,60,6126,True,0.3079834593168982
Placebo,60,6190,True,0.4375091540023132
Placebo,60,6224,True,0.4479321408033599
Placebo,60,6465,True,0.1303237659103706
Placebo,60,6853,True,0.08634055300321603
Placebo,60,6949,True,0.32180086154481985
Placebo,60,7107,True,0.11663898500374181
Placebo,60,7240,True,0.26406812257259077
Placebo,60,7937,True,0.7523023213785023
Placebo,60,8015,True,0.2755524601783383
Placebo,60,8066,True,0.18082384726500145
Placebo,60,8202,True,0.2108209926690063
Placebo,60,8321,True,0.45373626090754465
Placebo,60,9222,True,0.12565150377975107
Placebo,60,9453,True,0.5794179734974195
Placebo,60,73,True,0.0
Placebo,60,390,True,0.34059358458489314
Placebo,60,424,True,0.0
Placebo,60,715,True,0.5361527077157485
Placebo,60,915,True,0.0
Placebo,60,1579,True,0.33123777429866974
Placebo,60,1643,True,0.07278991643156446
Placebo,60,1679,True,0.5892291331703984
Placebo,60,1982,True,0.2672493075474347
Placebo,60,2027,True,0.4366216204675285
Placebo,60,2211,True,0.0
Placebo,60,2228,True,0.03855803981329108
Placebo,60,2352,True,0.0
Placebo,60,2520,True,0.040742031470253154
Placebo,60,2573,True,0.1388624438735545
Placebo,60,2630,True,0.42839252496050745
Placebo,60,2666,True,0.07491210085649577
Placebo,60,2745,True,0.18073256303237872
Placebo,60,3149,True,0.46043246714330877
Placebo,60,3369,True,0.21623823016880228
Placebo,60,3617,True,0.263873833276239
Placebo,60,3862,True,0.0
Placebo,60,4124,True,0.35866755643891757
Placebo,60,4218,True,0.4389174493830193
Placebo,60,4268,True,0.5
Placebo,60,4452,True,0.0
Placebo,60,4522,True,0.422350907407013
Placebo,60,4784,True,0.5858058523803259
Placebo,60,5139,True,0.12315119437036504
Placebo,60,5438,True,0.45070961388187497
Placebo,60,5565,True,0.047264273332909064
Placebo,60,5684,True,0.4637557067111965
Placebo,60,5775,True,0.6547216238913564
Placebo,60,6110,True,0.263969194188132
Placebo,60,6488,True,0.22415199495126517
Placebo,60,6590,True,0.4471144251545023
Placebo,60,6793,True,0.3546831200863639
Placebo,60,7090,True,0.25580655253338
Placebo,60,7112,True,0.5911365311667212
Placebo,60,7167,True,0.6776649015183792
Placebo,60,7287,True,0.5697025873638376
Placebo,60,7370,True,0.6556680923602191
Placebo,60,7547,True,0.4839542768103092
Placebo,60,7589,True,0.10218331334064325
Placebo,60,7622,True,0.0
Placebo,60,7640,False,0.0
Placebo,60,7757,True,0.19961799344740538
Placebo,60,8162,True,0.5734561884177971
Placebo,60,8508,True,0.17833927279888345
Placebo,60,8597,True,0.23810256915046166
Placebo,60,8771,True,0.0
Placebo,60,288,True,0.6168370938863547
Placebo,60,635,True,0.4229396548340006
Placebo,60,654,True,0.0
Placebo,60,699,True,0.20670516656913765
Placebo,60,743,True,0.45263050733671467
Placebo,60,946,True,0.2184074368181643
Placebo,60,976,True,0.0
Placebo,60,1144,True,0.6298276102336285
Placebo,60,1187,True,0.24950366126831858
Placebo,60,1384,True,0.25611537921786404
Placebo,60,1415,True,0.3712188573137567
Placebo,60,1443,True,0.20786955604221144
Placebo,60,1629,True,0.06978419164318803
Placebo,60,1684,True,0.07414861528507459
Placebo,60,1802,True,0.09019475927038985
Placebo,60,1914,True,0.5145298722183524
Placebo,60,2046,True,0.38685280723454163
Placebo,60,2071,True,0.1653207844247501
Placebo,60,2340,True,0.3443121175435297
Placebo,60,2749,True,0.17830081464735378
Placebo,60,3517,True,0.8376449069937116
Placebo,60,3758,True,0.0444917928656898
Placebo,60,4110,True,0.3103369782291844
Placebo,60,4111,True,0.0
Placebo,60,4144,True,0.44791957288773865
Placebo,60,5021,True,0.0
Placebo,60,5032,True,0.6904623065690992
Placebo,60,5096,True,0.3390192043017516
Placebo,60,5109,True,0.6629297945969611
Placebo,60,5114,True,0.27693511831451123
Placebo,60,5977,True,1.0
Placebo,60,5984,True,0.3201799533319727
Placebo,60,6353,True,0.6080598880058472
Placebo,60,6373,True,0.29304336063242403
Placebo,60,6539,True,0.0
Placebo,60,6554,True,0.6698718030256233
Placebo,60,6884,True,0.0
Placebo,60,6955,True,0.1687798522289681
Placebo,60,7020,True,0.40152576899244524
Placebo,60,7029,True,0.2260672746719212
Placebo,60,7280,True,0.12983380180421736
Placebo,60,7394,True,0.2948220140385315
Placebo,60,7795,True,0.4627672155919537
Placebo,60,8108,True,0.41939799988819815
Placebo,60,8560,True,0.37761464547758894
Placebo,60,8632,True,0.6498437389516648
Placebo,60,8657,True,0.10218331334064325
Placebo,60,8777,True,0.7660704217599305
Placebo,60,9151,True,0.08431423425588576
Placebo,60,9609,True,0.3542454231505417
Placebo,61,102,True,0.820164689135987
Placebo,61,314,True,0.5060166657736002
Placebo,61,1068,True,0.5999922166380748
Placebo,61,1525,True,0.17126268641562425
Placebo,61,1795,True,0.5154921394202409
Placebo,61,1929,True,0.364899394405893
Placebo,61,1931,True,0.11020866307815122
Placebo,61,1991,True,0.15687037381819516
Placebo,61,2528,True,0.4893982565559569
Placebo,61,2697,True,0.4206282769596729
Placebo,61,2834,True,0.36982887804599535
Placebo,61,2845,True,0.5493146397268439
Placebo,61,3031,True,0.27806088393019407
Placebo,61,3250,True,0.29227783533135865
Placebo,61,3308,True,0.27594293986249213
Placebo,61,3402,True,0.12853939940815368
Placebo,61,3426,True,0.08173891239734137
Placebo,61,3449,True,0.532684026592296
Placebo,61,3756,True,0.25750617364702627
Placebo,61,4141,True,0.4474942318651376
Placebo,61,4210,True,0.6977749586887304
Placebo,61,4516,True,0.0
Placebo,61,4692,True,0.0
Placebo,61,4700,True,0.20462725476814161
Placebo,61,4910,False,0.0
Placebo,61,4962,True,0.26873745552689515
Placebo,61,5275,True,0.12340115123007277
Placebo,61,5671,True,0.21471850341428034
Placebo,61,5683,True,0.5773036363530797
Placebo,61,6067,True,0.6092550407907912
Placebo,61,6378,True,0.6039738603868969
Placebo,61,6495,True,0.5708473974299002
Placebo,61,6868,True,0.597804537454851
Placebo,61,6880,True,0.15752625954440025
Placebo,61,7144,True,0.41123902977408494
Placebo,61,7413,True,0.3297062298288352
Placebo,61,7526,True,0.31634491829035644
Placebo,61,7531,True,0.3026024134988135
Placebo,61,7577,True,0.0
Placebo,61,7621,True,0.4257834929025069
Placebo,61,8198,True,0.3521874267350366
Placebo,61,8442,True,0.3123817114825977
Placebo,61,8452,True,0.3995188198884785
Placebo,61,8476,True,0.06425604298318159
Placebo,61,8541,True,0.4734597916651474
Placebo,61,8802,True,0.1029284585715264
Placebo,61,8816,True,0.09720567390390628
Placebo,61,8852,True,0.3800937667159343
Placebo,61,9099,True,0.40948343563604783
Placebo,61,9479,True,0.0
Placebo,61,9625,False,0.0
Placebo,61,96,True,0.0
Placebo,61,171,True,0.6202072809257692
Placebo,61,328,True,0.0
Placebo,61,387,True,0.09452854666581807
Placebo,61,754,False,0.0
Placebo,61,983,True,0.6142229618139071
Placebo,61,1039,True,0.46269843113354214
Placebo,61,1098,True,0.32839375624697265
Placebo,61,1120,True,0.26406812257259077
Placebo,61,1275,True,0.47967462346052486
Placebo,61,1343,True,0.11230287150552966
Placebo,61,1483,True,0.09325030741737927
Placebo,61,2005,True,0.24966402870278917
Placebo,61,2048,True,0.42215544524107784
Placebo,61,2379,True,0.38813842914708857
Placebo,61,2516,True,0.6021061009602608
Placebo,61,2601,True,0.1561688866220964
Placebo,61,3210,True,0.1517450800486225
Placebo,61,3601,True,0.0
Placebo,61,3729,True,0.7008763758954535
Placebo,61,3832,True,0.5937801207004583
Placebo,61,4104,True,0.15183849369780056
Placebo,61,4286,True,0.48530821710601146
Placebo,61,4329,True,0.08103671523534435
Placebo,61,4553,True,0.0
Placebo,61,4790,True,0.1100458831490401
Placebo,61,4844,True,0.0
Placebo,61,4994,True,0.36452597632915557
Placebo,61,5020,True,0.3116161788541877
Placebo,61,5293,True,0.46961340206654856
Placebo,61,5338,True,0.7708429078670017
Placebo,61,5343,True,0.1159354809201706
Placebo,61,5464,True,0.2641400331850027
Placebo,61,5560,True,0.15814031382090607
Placebo,61,5719,True,0.3312326185243515
Placebo,61,6055,True,0.4932162989129126
Placebo,61,6121,True,0.6449886825801059
Placebo,61,6128,True,0.0
Placebo,61,6197,True,0.3002785380431444
Placebo,61,6336,True,0.55435476022971
Placebo,61,6577,True,0.33142767767682346
Placebo,61,6717,True,0.0
Placebo,61,6906,True,0.0
Placebo,61,8550,True,0.0
Placebo,61,8576,True,0.46115180545545104
Placebo,61,8790,True,0.0
Placebo,61,8840,False,0.0
Placebo,61,8878,True,0.5696160022325946
Placebo,61,9337,True,0.3338416755544152
Placebo,61,9501,True,0.4369961738575994
Placebo,61,9512,False,0.0
Placebo,61,45,True,0.3200162250936429
Placebo,61,199,True,0.1100458831490401
Placebo,61,458,True,0.5234525664749271
Placebo,61,564,True,0.9289904714111865
Placebo,61,717,True,0.2618080742270756
Placebo,61,1109,True,0.537183840821807
Placebo,61,1576,True,0.26582598262939583
Placebo,61,1711,False,0.0
Placebo,61,1868,True,0.0
Placebo,61,1942,True,0.29438675280732407
Placebo,61,2001,True,0.06012983951359326
Placebo,61,2217,True,0.3788748389864684
Placebo,61,2354,True,0.4302493232821085
Placebo,61,2761,True,0.1130534017578721
Placebo,61,2980,True,0.0
Placebo,61,3021,True,0.3882943860109904
Placebo,61,3030,True,0.0
Placebo,61,3046,True,0.2159422931258126
Placebo,61,3050,True,0.5190236814276343
Placebo,61,3288,True,0.41663126094612457
Placebo,61,3302,True,0.2676453211496187
Placebo,61,3794,True,0.3343950957460491
Placebo,61,3920,True,0.5185943255046533
Placebo,61,3965,True,0.11798554304581785
Placebo,61,4193,True,0.2503504140767471
Placebo,61,4294,True,0.0
Placebo,61,4383,True,0.5203073306061314
Placebo,61,4474,True,0.43213160246200694
Placebo,61,5068,True,0.472352872590246
Placebo,61,5258,True,0.05926500278344139
Placebo,61,5306,True,0.7115146876479704
Placebo,61,5323,True,0.5147507830553534
Placebo,61,5421,True,0.7795398353345662
Placebo,61,5766,True,0.5693702693913363
Placebo,61,5877,True,0.167277549036919
Placebo,61,5887,True,0.348012309718314
Placebo,61,6126,True,0.1008674711662712
Placebo,61,6190,True,0.33297427766789217
Placebo,61,6224,True,0.3383070068702606
Placebo,61,6465,True,0.107789154524511
Placebo,61,6853,True,0.29511100461121503
Placebo,61,6949,True,0.44844131387680697
Placebo,61,7107,True,0.0
Placebo,61,7240,True,0.0
Placebo,61,7937,True,0.6733474883148041
Placebo,61,8015,True,0.30158406648345515
Placebo,61,8066,True,0.3239134396887189
Placebo,61,8202,True,0.33388588334396097
Placebo,61,8321,True,0.3470047071900521
Placebo,61,9222,True,0.14975441375354703
Placebo,61,9453,True,0.5322350133080919
Placebo,61,73,True,0.13852576111489054
Placebo,61,390,True,0.462984496363247
Placebo,61,424,True,0.0
Placebo,61,715,True,0.48975498632746467
Placebo,61,915,True,0.23365080824310527
Placebo,61,1579,True,0.6386973059445337
Placebo,61,1643,True,0.27555194421992346
Placebo,61,1679,True,0.5391590829426491
Placebo,61,1982,True,0.09063815133642786
Placebo,61,2027,True,0.43613654882069575
Placebo,61,2211,True,0.0
Placebo,61,2228,True,0.11712525462224861
Placebo,61,2352,True,0.17723928678404763
Placebo,61,2520,True,0.17486600805833882
Placebo,61,2573,True,0.06943122193677731
Placebo,61,2630,True,0.3899541168509599
Placebo,61,2666,True,0.27250213933868006
Placebo,61,2745,True,0.15154866702193823
Placebo,61,3149,True,0.3763563239088534
Placebo,61,3369,True,0.20904936749052633
Placebo,61,3617,True,0.3593749080322917
Placebo,61,3862,True,0.3311519455500018
Placebo,61,4124,True,0.45251826256850664
Placebo,61,4218,True,0.22001251507815475
Placebo,61,4268,True,0.5853364189865152
Placebo,61,4452,True,0.419665006636777
Placebo,61,4522,True,0.5312747183150243
Placebo,61,4784,True,0.4696172501751404
Placebo,61,5139,True,0.1595735772494613
Placebo,61,5438,True,0.43059945444099745
Placebo,61,5565,True,0.2830186010652478
Placebo,61,5684,True,0.5765194247463888
Placebo,61,5775,True,0.5645441593704201
Placebo,61,6110,True,0.36467573837211176
Placebo,61,6488,True,0.0
Placebo,61,6590,True,0.17546525620724412
Placebo,61,6793,True,0.23947007190545871
Placebo,61,7090,True,0.3647904165144457
Placebo,61,7112,True,0.3176708641881212
Placebo,61,7167,True,0.4751960378878382
Placebo,61,7287,True,0.4418337244427435
Placebo,61,7370,True,0.1659179033637446
Placebo,61,7547,True,0.3105988781892886
Placebo,61,7589,True,0.0
Placebo,61,7622,True,0.1803895185407797
Placebo,61,7640,False,0.0
Placebo,61,7757,True,0.32349484437928544
Placebo,61,8162,True,0.46686269568364763
Placebo,61,8508,True,0.08671382849411978
Placebo,61,8597,True,0.3936596285508655
Placebo,61,8771,True,0.0
Placebo,61,288,True,0.6887401893329687
Placebo,61,635,True,0.3057462321719628
Placebo,61,654,True,0.07680190056249989
Placebo,61,699,True,0.5224955967919311
Placebo,61,743,True,0.35323447270874236
Placebo,61,946,True,0.0
Placebo,61,976,True,0.0
Placebo,61,1144,True,0.7674764960101119
Placebo,61,1187,True,0.1668600115854594
Placebo,61,1384,True,0.13677520015724262
Placebo,61,1415,True,0.427995863564352
Placebo,61,1443,True,0.21549995000646954
Placebo,61,1629,True,0.4112744468497129
Placebo,61,1684,True,0.1175227747072427
Placebo,61,1802,True,0.0
Placebo,61,1914,True,0.4391364042405888
Placebo,61,2046,True,0.0
Placebo,61,2071,True,0.14996822422330555
Placebo,61,2340,True,0.3238531104127581
Placebo,61,2749,True,0.41384369970651
Placebo,61,3517,True,0.3155610331086205
Placebo,61,3758,True,0.18748423754004498
Placebo,61,4110,True,0.22463933231025884
Placebo,61,4111,True,0.08671382849411978
Placebo,61,4144,True,0.320829880548558
Placebo,61,5021,True,0.0
Placebo,61,5032,True,0.19408984478739894
Placebo,61,5096,True,0.22635714467602033
Placebo,61,5109,True,0.5960891146883436
Placebo,61,5114,True,0.11443249549775177
Placebo,61,5977,True,0.4306765580733929
Placebo,61,5984,True,0.22797419614703876
Placebo,61,6353,True,0.3533210993875192
Placebo,61,6373,True,0.5226918070670823
Placebo,61,6539,True,0.18457569677956798
Placebo,61,6554,True,0.777953607609239
Placebo,61,6884,True,0.0
Placebo,61,6955,True,0.11002574107570615
Placebo,61,7020,True,0.36459359635372457
Placebo,61,7029,True,0.3599890801477886
Placebo,61,7280,True,0.36618057383760055
Placebo,61,7394,True,0.33204739403478006
Placebo,61,7795,True,0.6843290269741199
Placebo,61,8108,True,0.2211934130148128
Placebo,61,8560,True,0.5239608553344258
Placebo,61,8632,True,0.22348722311703223
Placebo,61,8657,True,0.04681599109282455
Placebo,61,8777,True,0.6008286245181013
Placebo,61,9151,True,0.0
Placebo,61,9609,True,0.4826366372598628
Placebo,62,102,True,0.5597438461473042
Placebo,62,314,True,0.3949447751457239
Placebo,62,1068,True,0.55502294157452
Placebo,62,1525,True,0.12905154301968988
Placebo,62,1795,True,0.4960460288323626
Placebo,62,1929,True,0.47408766323647766
Placebo,62,1931,True,0.2200917662980802
Placebo,62,1991,True,0.054446697840052224
Placebo,62,2528,True,0.5178622560010151
Placebo,62,2697,True,0.23224986172453585
Placebo,62,2834,True,0.25919047436512704
Placebo,62,2845,True,0.2688528286824151
Placebo,62,3031,True,0.07910034583864042
Placebo,62,3250,True,0.14260510136679672
Placebo,62,3308,True,0.43062604689380296
Placebo,62,3402,True,0.25330167499382417
Placebo,62,3426,True,0.07342152046227965
Placebo,62,3449,True,0.26548471273881474
Placebo,62,3756,True,0.31204907722178066
Placebo,62,4141,True,0.5062902547203193
Placebo,62,4210,True,0.33673790647581014
Placebo,62,4516,True,0.0
Placebo,62,4692,True,0.0
Placebo,62,4700,True,0.12983380180421736
Placebo,62,4910,False,0.0
Placebo,62,4962,True,0.5022037311331264
Placebo,62,5275,True,0.24499052194109286
Placebo,62,5671,True,0.159054318175663
Placebo,62,5683,True,0.4302782182659043
Placebo,62,6067,True,0.5227322377273521
Placebo,62,6378,True,0.5118009963838452
Placebo,62,6495,True,0.4101768194520248
Placebo,62,6868,True,0.6321323138127414
Placebo,62,6880,True,0.4151550856200159
Placebo,62,7144,True,0.45157768267842013
Placebo,62,7413,True,0.5386092376487619
Placebo,62,7526,True,0.0
Placebo,62,7531,True,0.08747171410140814
Placebo,62,7577,True,0.6309297535714573
Placebo,62,7621,True,0.2064841197254849
Placebo,62,8198,True,0.4311851448097678
Placebo,62,8442,True,0.12408684762734652
Placebo,62,8452,True,0.4307745871062329
Placebo,62,8476,True,0.26658828713938154
Placebo,62,8541,True,0.6227733979516661
Placebo,62,8802,True,0.21106704398008652
Placebo,62,8816,True,0.1768209712768066
Placebo,62,8852,True,0.2707842629583516
Placebo,62,9099,True,0.0
Placebo,62,9479,True,0.0
Placebo,62,9625,False,0.0
Placebo,62,96,True,0.0
Placebo,62,171,True,0.5866439492925832
Placebo,62,328,True,0.19519002499605084
Placebo,62,387,True,0.09057318017929114
Placebo,62,754,False,0.0
Placebo,62,983,True,0.43563247274208056
Placebo,62,1039,True,0.4134251634205165
Placebo,62,1098,True,0.40041807961538695
Placebo,62,1120,True,0.1809074917818078
Placebo,62,1275,True,0.47934233941030185
Placebo,62,1343,True,0.1836489614193496
Placebo,62,1483,True,0.15146019698965904
Placebo,62,2005,True,0.13568544539116625
Placebo,62,2048,True,0.6871061361424972
Placebo,62,2379,True,0.43070998796789906
Placebo,62,2516,True,0.47822543299149145
Placebo,62,2601,True,0.023407995546412274
Placebo,62,3210,True,0.28955247132129114
Placebo,62,3601,True,0.0
Placebo,62,3729,True,0.4158804988142634
Placebo,62,3832,True,0.7603089316083442
Placebo,62,4104,True,0.09988280114199441
Placebo,62,4286,True,0.5395285632301342
Placebo,62,4329,True,0.07414861528507459
Placebo,62,4553,True,0.1101300176552622
Placebo,62,4790,True,0.0
Placebo,62,4844,True,0.0
Placebo,62,4994,True,0.17070296381389793
Placebo,62,5020,True,0.4777877526468027
Placebo,62,5293,True,0.21570968766600856
Placebo,62,5338,True,0.6587492393963569
Placebo,62,5343,True,0.19865399259962874
Placebo,62,5464,True,0.15093714401314332
Placebo,62,5560,True,0.3033642074391948
Placebo,62,5719,True,0.5002629821797011
Placebo,62,6055,True,0.5677211578528084
Placebo,62,6121,True,0.4577815799218991
Placebo,62,6128,True,0.17884686023174212
Placebo,62,6197,True,0.39869717729241433
Placebo,62,6336,True,0.4606350501349211
Placebo,62,6577,True,0.5428213415856834
Placebo,62,6717,True,0.0
Placebo,62,6906,True,0.0
Placebo,62,8550,True,0.0
Placebo,62,8576,True,0.5623791472936642
Placebo,62,8790,True,0.0
Placebo,62,8840,False,0.0
Placebo,62,8878,True,0.0226478003060969
Placebo,62,9337,True,0.0
Placebo,62,9501,True,0.6373490984785456
Placebo,62,9512,False,0.0
Placebo,62,45,True,0.20957061870390034
Placebo,62,199,True,0.09478836436955075
Placebo,62,458,True,0.6276791003124175
Placebo,62,564,True,0.8288884731683352
Placebo,62,717,True,0.1951890007906611
Placebo,62,1109,True,0.6623930222485753
Placebo,62,1576,True,0.4430433043823265
Placebo,62,1711,False,0.0
Placebo,62,1868,True,0.0
Placebo,62,1942,True,0.09131359381373821
Placebo,62,2001,True,0.10428852969311572
Placebo,62,2217,True,0.0
Placebo,62,2354,True,0.34844953243731497
Placebo,62,2761,True,0.3391602052736161
Placebo,62,2980,True,0.0
Placebo,62,3021,True,0.5133463877636836
Placebo,62,3030,True,0.0
Placebo,62,3046,True,0.4445819244275801
Placebo,62,3050,True,0.5519375256458452
Placebo,62,3288,True,0.6181229512370542
Placebo,62,3302,True,0.3770964427454754
Placebo,62,3794,True,0.16021130921247506
Placebo,62,3920,True,0.46293953141307215
Placebo,62,3965,True,0.24620552153797712
Placebo,62,4193,True,0.49825281735213034
Placebo,62,4294,True,0.0
Placebo,62,4383,True,0.33297427766789217
Placebo,62,4474,True,0.22605568605910484
Placebo,62,5068,True,0.5036067026046991
Placebo,62,5258,True,0.0
Placebo,62,5306,True,0.6672577746740834
Placebo,62,5323,True,0.6943815567558823
Placebo,62,5421,True,0.6657763229339294
Placebo,62,5766,True,0.2924995681554559
Placebo,62,5877,True,0.1643548980682564
Placebo,62,5887,True,0.2646597545119855
Placebo,62,6126,True,0.0
Placebo,62,6190,True,0.6282968721581508
Placebo,62,6224,True,0.10611318298645736
Placebo,62,6465,True,0.15130120674940675
Placebo,62,6853,True,0.08879873949105595
Placebo,62,6949,True,0.4572949597744161
Placebo,62,7107,True,0.05109165667032166
Placebo,62,7240,True,0.0
Placebo,62,7937,True,0.2521812021424468
Placebo,62,8015,True,0.3955955463952036
Placebo,62,8066,True,0.4372317675122423
Placebo,62,8202,True,0.3980173091632222
Placebo,62,8321,True,0.3471873319130623
Placebo,62,9222,True,0.028075717876382415
Placebo,62,9453,True,0.649004196588382
Placebo,62,73,True,0.1689539010595103
Placebo,62,390,True,0.471562030231997
Placebo,62,424,True,0.15101961822780524
Placebo,62,715,True,0.5400054417949135
Placebo,62,915,True,0.2489083270225946
Placebo,62,1579,True,0.1988521371807451
Placebo,62,1643,True,0.0
Placebo,62,1679,True,0.5098996825686717
Placebo,62,1982,True,0.28371255449703187
Placebo,62,2027,True,0.3518445913153719
Placebo,62,2211,True,0.0
Placebo,62,2228,True,0.19775865179865956
Placebo,62,2352,True,0.0
Placebo,62,2520,True,0.1222260944107594
Placebo,62,2573,True,0.15139734109600997
Placebo,62,2630,True,0.44580581996943885
Placebo,62,2666,True,0.2169339562868492
Placebo,62,2745,True,0.3147606931100959
Placebo,62,3149,True,0.4541007803193812
Placebo,62,3369,True,0.40152576899244524
Placebo,62,3617,True,0.11496943328345767
Placebo,62,3862,True,0.40303028380100486
Placebo,62,4124,True,0.40186961473037014
Placebo,62,4218,True,0.13080878092826606
Placebo,62,4268,True,0.6100458831490401
Placebo,62,4452,True,0.0
Placebo,62,4522,True,0.37589811686516733
Placebo,62,4784,True,0.5130954579513395
Placebo,62,5139,True,0.0
Placebo,62,5438,True,0.5890656323715886
Placebo,62,5565,True,0.12217637418940484
Placebo,62,5684,True,0.5308788607729242
Placebo,62,5775,True,0.5494344239412028
Placebo,62,6110,True,0.10306149181636623
Placebo,62,6488,True,0.0
Placebo,62,6590,True,0.27076273651071
Placebo,62,6793,True,0.2620174827171494
Placebo,62,7090,True,0.44336039865954135
Placebo,62,7112,True,0.47794884997112735
Placebo,62,7167,True,0.4678819101807848
Placebo,62,7287,True,0.4666825025961922
Placebo,62,7370,True,0.194404561495241
Placebo,62,7547,True,0.34204304913913147
Placebo,62,7589,True,0.0
Placebo,62,7622,True,0.1170363967534973
Placebo,62,7640,False,0.0
Placebo,62,7757,True,0.06012983951359326
Placebo,62,8162,True,0.5792535198704906
Placebo,62,8508,True,0.10633668103022988
Placebo,62,8597,True,0.09178629258875566
Placebo,62,8771,True,0.0
Placebo,62,288,True,0.6285556875855658
Placebo,62,635,True,0.476054848150422
Placebo,62,654,True,0.07187006452250423
Placebo,62,699,True,0.20483424751859086
Placebo,62,743,True,0.24076591208372652
Placebo,62,946,True,0.0
Placebo,62,976,True,0.12247456102170362
Placebo,62,1144,True,0.6036509927163568
Placebo,62,1187,True,0.3738741996545272
Placebo,62,1384,True,0.13603488629504495
Placebo,62,1415,True,0.4472304060980551
Placebo,62,1443,True,0.17538527548698532
Placebo,62,1629,True,0.2145806417671647
Placebo,62,1684,True,0.5031869168850588
Placebo,62,1802,True,0.06978419164318803
Placebo,62,1914,True,0.5204485405108077
Placebo,62,2046,True,0.0
Placebo,62,2071,True,0.19348749860030415
Placebo,62,2340,True,0.0
Placebo,62,2749,True,0.2834224594931647
Placebo,62,3517,True,0.6638179238293188
Placebo,62,3758,True,0.0
Placebo,62,4110,True,0.0989058670577296
Placebo,62,4111,True,0.0
Placebo,62,4144,True,0.060614569639142066
Placebo,62,5021,True,0.07945707943276738
Placebo,62,5032,True,0.4425792828173344
Placebo,62,5096,True,0.0
Placebo,62,5109,True,0.46809358235640286
Placebo,62,5114,True,0.10200393687509891
Placebo,62,5977,True,0.0
Placebo,62,5984,True,0.25406153374860363
Placebo,62,6353,True,0.657242175395476
Placebo,62,6373,True,0.33339193584597104
Placebo,62,6539,True,0.0
Placebo,62,6554,True,0.5510800488227794
Placebo,62,6884,True,0.5
Placebo,62,6955,True,0.2917550254561018
Placebo,62,7020,True,0.553671823385161
Placebo,62,7029,True,0.1391991927059131
Placebo,62,7280,True,0.37472754546990983
Placebo,62,7394,True,0.0776895369576595
Placebo,62,7795,True,0.3361066829994822
Placebo,62,8108,True,0.4690000933206748
Placebo,62,8560,True,0.45255687422898533
Placebo,62,8632,True,0.6480330474019182
Placebo,62,8657,True,0.08097835992217972
Placebo,62,8777,True,0.5740641705864508
Placebo,62,9151,True,0.09010000865236774
Placebo,62,9609,True,0.2985883140697756
Placebo,63,102,True,0.5457962304708375
Placebo,63,314,True,0.5322289979080741
Placebo,63,1068,True,0.5531749119609392
Placebo,63,1525,True,0.11070869757231008
Placebo,63,1795,True,0.5465509676966512
Placebo,63,1929,True,0.5496235886198425
Placebo,63,1931,True,0.4225749983705864
Placebo,63,1991,True,0.4509933097285076
Placebo,63,2528,True,0.4964585969728333
Placebo,63,2697,True,0.5505496027818776
Placebo,63,2834,True,0.1839195690187596
Placebo,63,2845,True,0.3916975029961866
Placebo,63,3031,True,0.5669610166326579
Placebo,63,3250,True,0.1137450683926103
Placebo,63,3308,True,0.1858465149313441
Placebo,63,3402,True,0.11918532507629641
Placebo,63,3426,True,0.16347782479468273
Placebo,63,3449,True,0.3191703397144813
Placebo,63,3756,True,0.17993148201117176
Placebo,63,4141,True,0.47965283352664934
Placebo,63,4210,True,0.3769550855859516
Placebo,63,4516,True,0.22596175094486826
Placebo,63,4692,True,0.319393943239799
Placebo,63,4700,True,0.15445080225357144
Placebo,63,4910,False,0.0
Placebo,63,4962,True,0.357820087855795
Placebo,63,5275,True,0.1931331085593736
Placebo,63,5671,True,0.43327034695062827
Placebo,63,5683,True,0.4202068903658892
Placebo,63,6067,True,0.7318220182541019
Placebo,63,6378,True,0.3070534813395468
Placebo,63,6495,True,0.4654271557893
Placebo,63,6868,True,0.6273666933118048
Placebo,63,6880,True,0.2656921532613235
Placebo,63,7144,True,0.1713390527376558
Placebo,63,7413,True,0.4029932726234843
Placebo,63,7526,True,0.09476918482736578
Placebo,63,7531,True,0.15130120674940675
Placebo,63,7577,True,0.0
Placebo,63,7621,True,0.2290504478533344
Placebo,63,8198,True,0.4121883779125414
Placebo,63,8442,True,0.2763792587433173
Placebo,63,8452,True,0.2895517049046732
Placebo,63,8476,True,0.2496944513994302
Placebo,63,8541,True,0.3049359457816931
Placebo,63,8802,True,0.09020315758404246
Placebo,63,8816,True,0.09988280114199441
Placebo,63,8852,True,0.0
Placebo,63,9099,True,0.13979933329606606
Placebo,63,9479,True,0.0
Placebo,63,9625,False,0.0
Placebo,63,96,True,0.0
Placebo,63,171,True,0.5221230183100029
Placebo,63,328,True,0.13012668333070063
Placebo,63,387,True,0.23415867212365737
Placebo,63,754,False,0.0
Placebo,63,983,True,0.1678356295337318
Placebo,63,1039,True,0.45782860216013566
Placebo,63,1098,True,0.4685012911987286
Placebo,63,1120,True,0.0
Placebo,63,1275,True,0.29109952722436355
Placebo,63,1343,True,0.1454012159866734
Placebo,63,1483,True,0.15642994926925588
Placebo,63,2005,True,0.06362078819895167
Placebo,63,2048,True,0.7429575177521341
Placebo,63,2379,True,0.6439638372344837
Placebo,63,2516,True,0.4545348464198572
Placebo,63,2601,True,0.09984548734282173
Placebo,63,3210,True,0.3198249587016517
Placebo,63,3601,True,0.0
Placebo,63,3729,True,0.4845125515903529
Placebo,63,3832,True,0.4401544350615151
Placebo,63,4104,True,0.24039738189228269
Placebo,63,4286,True,0.5446524806347761
Placebo,63,4329,True,0.14829723057014907
Placebo,63,4553,True,0.19229556326776384
Placebo,63,4790,True,0.15176219107803549
Placebo,63,4844,True,0.0
Placebo,63,4994,True,0.2612868430806555
Placebo,63,5020,True,0.45761256408933865
Placebo,63,5293,True,0.24222159769321516
Placebo,63,5338,True,0.6046060737098187
Placebo,63,5343,True,0.29726993440291494
Placebo,63,5464,True,0.16177200895618168
Placebo,63,5560,True,0.4429615689476785
Placebo,63,5719,True,0.23162874536085135
Placebo,63,6055,True,0.20483424751859086
Placebo,63,6121,True,0.6276791003124175
Placebo,63,6128,True,0.2595119865483231
Placebo,63,6197,True,0.16916282581242736
Placebo,63,6336,True,0.424301329451995
Placebo,63,6577,True,0.5414732594293212
Placebo,63,6717,True,0.4766261101885129
Placebo,63,6906,True,0.0
Placebo,63,8550,True,0.0
Placebo,63,8576,True,0.7057973669794123
Placebo,63,8790,True,0.0
Placebo,63,8840,False,0.0
Placebo,63,8878,True,0.3214650831600822
Placebo,63,9337,True,0.12803952028458226
Placebo,63,9501,True,0.3911182971422181
Placebo,63,9512,False,0.0
Placebo,63,45,True,0.26523385548141565
Placebo,63,199,True,0.09478836436955075
Placebo,63,458,True,0.42663607790063995
Placebo,63,564,True,0.8202031749819751
Placebo,63,717,True,0.06362078819895167
Placebo,63,1109,True,0.44333434323987764
Placebo,63,1576,True,0.1677175217132552
Placebo,63,1711,False,0.0
Placebo,63,1868,True,0.0
Placebo,63,1942,True,0.2676406098698469
Placebo,63,2001,True,0.0
Placebo,63,2217,True,0.0898682452334257
Placebo,63,2354,True,0.6026571427591783
Placebo,63,2761,True,0.2139862647345275
Placebo,63,2980,True,0.0
Placebo,63,3021,True,0.23454452547414847
Placebo,63,3030,True,0.0
Placebo,63,3046,True,0.2272865976112485
Placebo,63,3050,True,0.7394507776438465
Placebo,63,3288,True,0.39322493515403817
Placebo,63,3302,True,0.3373290657671204
Placebo,63,3794,True,0.19121450543373147
Placebo,63,3920,True,0.19598913258878425
Placebo,63,3965,True,0.17897489594999488
Placebo,63,4193,True,0.3458999455107497
Placebo,63,4294,True,0.13726947821057828
Placebo,63,4383,True,0.4077442740174336
Placebo,63,4474,True,0.2295493781801125
Placebo,63,5068,True,0.428385432108412
Placebo,63,5258,True,0.06562469259663067
Placebo,63,5306,True,0.5350581136614847
Placebo,63,5323,True,0.5043423136162728
Placebo,63,5421,True,0.653551673424257
Placebo,63,5766,True,0.5863045717682195
Placebo,63,5877,True,0.0764806254183341
Placebo,63,5887,True,0.3251942453743946
Placebo,63,6126,True,0.25216867791567793
Placebo,63,6190,True,0.25553644550127297
Placebo,63,6224,True,0.3388740680281805
Placebo,63,6465,True,0.1008674711662712
Placebo,63,6853,True,0.2569421028375503
Placebo,63,6949,True,0.6261933251299115
Placebo,63,7107,True,0.3014586451632104
Placebo,63,7240,True,0.0
Placebo,63,7937,True,0.7065443116025597
Placebo,63,8015,True,0.45553527956957873
Placebo,63,8066,True,0.29227783533135865
Placebo,63,8202,True,0.39692766077855673
Placebo,63,8321,True,0.29344623592469654
Placebo,63,9222,True,0.06779095235709008
Placebo,63,9453,True,0.6338560223509694
Placebo,63,73,True,0.0
Placebo,63,390,True,0.38799721924241226
Placebo,63,424,True,0.12315119437036504
Placebo,63,715,True,0.5537247728380389
Placebo,63,915,True,0.2122263659729146
Placebo,63,1579,True,0.43870004827513603
Placebo,63,1643,True,0.2647546229388401
Placebo,63,1679,True,0.533809145492926
Placebo,63,1982,True,0.17366667134799177
Placebo,63,2027,True,0.4442762050914424
Placebo,63,2211,True,0.11706259313796355
Placebo,63,2228,True,0.182395906921741
Placebo,63,2352,True,0.0
Placebo,63,2520,True,0.1567163856192664
Placebo,63,2573,True,0.06625422345438896
Placebo,63,2630,True,0.5897385525429087
Placebo,63,2666,True,0.1912059109650898
Placebo,63,2745,True,0.05683075013322683
Placebo,63,3149,True,0.668069715173258
Placebo,63,3369,True,0.17225114462506666
Placebo,63,3617,True,0.3019025540492812
Placebo,63,3862,True,0.0
Placebo,63,4124,True,0.4225747072591923
Placebo,63,4218,True,0.6266628056950317
Placebo,63,4268,True,0.5684923551491559
Placebo,63,4452,True,0.08747171410140814
Placebo,63,4522,True,0.332573203360396
Placebo,63,4784,True,0.7120882492349262
Placebo,63,5139,True,0.11751610475642699
Placebo,63,5438,True,0.20085983751828537
Placebo,63,5565,True,0.34498547916460837
Placebo,63,5684,True,0.5772440701137409
Placebo,63,5775,True,0.4354747455750674
Placebo,63,6110,True,0.3659510161262247
Placebo,63,6488,True,0.22415199495126517
Placebo,63,6590,True,0.19624823592499957
Placebo,63,6793,True,0.32251777932979425
Placebo,63,7090,True,0.505547944670137
Placebo,63,7112,True,0.32672872912476536
Placebo,63,7167,True,0.1419455799408411
Placebo,63,7287,True,0.4217762354102092
Placebo,63,7370,True,0.22856515691355014
Placebo,63,7547,True,0.24071855168532585
Placebo,63,7589,True,0.0
Placebo,63,7622,True,0.24051935805437297
Placebo,63,7640,False,0.0
Placebo,63,7757,True,0.2346921745249382
Placebo,63,8162,True,0.5406483356614461
Placebo,63,8508,True,0.2558209594125084
Placebo,63,8597,True,0.23659255017784883
Placebo,63,8771,True,0.0
Placebo,63,288,True,0.5996420548385349
Placebo,63,635,True,0.20065990070888115
Placebo,63,654,True,0.08340940864997516
Placebo,63,699,True,0.3190952506395664
Placebo,63,743,True,0.4327095482823546
Placebo,63,946,True,0.0
Placebo,63,976,True,0.0
Placebo,63,1144,True,0.7524529837559223
Placebo,63,1187,True,0.20918550916027567
Placebo,63,1384,True,0.06361522939534878
Placebo,63,1415,True,0.6182586032135928
Placebo,63,1443,True,0.2365150029494418
Placebo,63,1629,True,0.16595737932636584
Placebo,63,1684,True,0.08103671523534435
Placebo,63,1802,True,0.2612868430806555
Placebo,63,1914,True,0.4684415064605891
Placebo,63,2046,True,0.0
Placebo,63,2071,True,0.3070540080626813
Placebo,63,2340,True,0.060614569639142066
Placebo,63,2749,True,0.3540095556107381
Placebo,63,3517,True,0.5220009325838996
Placebo,63,3758,True,0.10327064981393906
Placebo,63,4110,True,0.4184863037447593
Placebo,63,4111,True,0.0
Placebo,63,4144,True,0.2814853444092611
Placebo,63,5021,True,0.07945707943276738
Placebo,63,5032,True,0.23949018069376993
Placebo,63,5096,True,0.36510608172935716
Placebo,63,5109,True,0.6267924965653275
Placebo,63,5114,True,0.16595737932636584
Placebo,63,5977,True,0.0
Placebo,63,5984,True,0.24443333601874606
Placebo,63,6353,True,0.4979272957943129
Placebo,63,6373,True,0.4712657926075479
Placebo,63,6539,True,0.0
Placebo,63,6554,True,0.5346705625989502
Placebo,63,6884,True,0.0
Placebo,63,6955,True,0.05501287053785307
Placebo,63,7020,True,0.527801531728612
Placebo,63,7029,True,0.39678253285575604
Placebo,63,7280,True,0.19150265143746756
Placebo,63,7394,True,0.19664168010110622
Placebo,63,7795,True,0.6032579075641675
Placebo,63,8108,True,0.46137133393093016
Placebo,63,8560,True,0.3157002715502178
Placebo,63,8632,True,0.4664652027103922
Placebo,63,8657,True,0.06265341172228864
Placebo,63,8777,True,0.7494112690468168
Placebo,63,9151,True,0.1264713513838286
Placebo,63,9609,True,0.46001266110046096
Placebo,64,102,True,0.5260620062330217
Placebo,64,314,True,0.36398720579499805
Placebo,64,1068,True,0.32217425129963845
Placebo,64,1525,True,0.14982420171299154
Placebo,64,1795,True,0.49334630584129646
Placebo,64,1929,True,0.4159536956764094
Placebo,64,1931,True,0.1244541635112973
Placebo,64,1991,True,0.11273910210581228
Placebo,64,2528,True,0.518320553780923
Placebo,64,2697,True,0.22812289140947065
Placebo,64,2834,True,0.36447247213853234
Placebo,64,2845,True,0.2839881095357388
Placebo,64,3031,True,0.2236513547097949
Placebo,64,3250,True,0.15472192831653064
Placebo,64,3308,True,0.2796749630677644
Placebo,64,3402,True,0.13991757746638184
Placebo,64,3426,True,0.1897918771409239
Placebo,64,3449,True,0.3301726700543806
Placebo,64,3756,True,0.5107164012496702
Placebo,64,4141,True,0.5019663500812914
Placebo,64,4210,True,0.390902436111325
Placebo,64,4516,True,0.2825963885115852
Placebo,64,4692,True,0.0
Placebo,64,4700,True,0.22002856107460722
Placebo,64,4910,False,0.0
Placebo,64,4962,True,0.20904936749052636
Placebo,64,5275,True,0.223754504404917
Placebo,64,5671,True,0.5618750234375972
Placebo,64,5683,True,0.47755536085972994
Placebo,64,6067,True,0.6786862627275683
Placebo,64,6378,True,0.39127083447867855
Placebo,64,6495,True,0.36006641123428845
Placebo,64,6868,True,0.5879270709935398
Placebo,64,6880,True,0.38657443955529497
Placebo,64,7144,True,0.22502232770387048
Placebo,64,7413,True,0.4959157455806301
Placebo,64,7526,True,0.0
Placebo,64,7531,True,0.0
Placebo,64,7577,True,0.0
Placebo,64,7621,True,0.08529297544620781
Placebo,64,8198,True,0.47240557440172054
Placebo,64,8442,True,0.16595737932636584
Placebo,64,8452,True,0.4916850179707159
Placebo,64,8476,True,0.227626228959616
Placebo,64,8541,True,0.635932278915745
Placebo,64,8802,True,0.30887851988865456
Placebo,64,8816,True,0.0
Placebo,64,8852,True,0.32739495038873945
Placebo,64,9099,True,0.3621108234757073
Placebo,64,9479,True,0.0
Placebo,64,9625,False,0.0
Placebo,64,96,True,0.0
Placebo,64,171,True,0.48863814641133196
Placebo,64,328,True,0.0
Placebo,64,387,True,0.15248845969016306
Placebo,64,754,False,0.0
Placebo,64,983,True,0.4534012254571509
Placebo,64,1039,True,0.6413154012302132
Placebo,64,1098,True,0.1503245987839831
Placebo,64,1120,True,0.1934264036172709
Placebo,64,1275,True,0.2837347307064471
Placebo,64,1343,True,0.2972279018659153
Placebo,64,1483,True,0.13943323347984443
Placebo,64,2005,True,0.30935211673915797
Placebo,64,2048,True,0.44063121718156
Placebo,64,2379,True,0.5791231863196956
Placebo,64,2516,True,0.45593701062830677
Placebo,64,2601,True,0.28279933917410655
Placebo,64,3210,True,0.12969952894552547
Placebo,64,3601,True,0.3903800499921017
Placebo,64,3729,True,0.4377836223009075
Placebo,64,3832,True,0.6929465186604532
Placebo,64,4104,True,0.24970700285498595
Placebo,64,4286,True,0.5446107398063503
Placebo,64,4329,True,0.10122860821230016
Placebo,64,4553,True,0.056906557239904024
Placebo,64,4790,True,0.1610425878239397
Placebo,64,4844,True,0.0
Placebo,64,4994,True,0.1101300176552622
Placebo,64,5020,True,0.5396276880411237
Placebo,64,5293,True,0.3156942575190759
Placebo,64,5338,True,0.9286024279819313
Placebo,64,5343,True,0.24243806824203842
Placebo,64,5464,True,0.3014358850919571
Placebo,64,5560,True,0.4758975293235737
Placebo,64,5719,True,0.3716997345184169
Placebo,64,6055,True,0.3628869103342176
Placebo,64,6121,True,0.6997844356919487
Placebo,64,6128,True,0.18115514995917706
Placebo,64,6197,True,0.07855213399923987
Placebo,64,6336,True,0.5898645028229411
Placebo,64,6577,True,0.27769843640667247
Placebo,64,6717,True,0.0
Placebo,64,6906,True,0.0
Placebo,64,8550,True,0.0
Placebo,64,8576,True,0.5365793594001153
Placebo,64,8790,True,1.0
Placebo,64,8840,False,0.0
Placebo,64,8878,True,0.23001683138897938
Placebo,64,9337,True,0.2877560684732092
Placebo,64,9501,True,0.3032042650339311
Placebo,64,9512,False,0.0
Placebo,64,45,True,0.19684502334726275
Placebo,64,199,True,0.17318663334822615
Placebo,64,458,True,0.4655115774942886
Placebo,64,564,True,0.6046550172960581
Placebo,64,717,True,0.1388624438735545
Placebo,64,1109,True,0.735538685024432
Placebo,64,1576,True,0.0
Placebo,64,1711,False,0.0
Placebo,64,1868,True,0.0
Placebo,64,1942,True,0.5373821627125416
Placebo,64,2001,True,0.2580790554984392
Placebo,64,2217,True,0.40929061207190953
Placebo,64,2354,True,0.41316666432600413
Placebo,64,2761,True,0.0
Placebo,64,2980,True,0.2200917662980802
Placebo,64,3021,True,0.15057413135679593
Placebo,64,3030,True,0.16179334848689397
Placebo,64,3046,True,0.048753830672500074
Placebo,64,3050,True,0.6238647206175453
Placebo,64,3288,True,0.24431478681496768
Placebo,64,3302,True,0.13909908480897548
Placebo,64,3794,True,0.0
Placebo,64,3920,True,0.3813026338182396
Placebo,64,3965,True,0.37583777322121353
Placebo,64,4193,True,0.27954605692725665
Placebo,64,4294,True,0.1320178217662054
Placebo,64,4383,True,0.2708920472635116
Placebo,64,4474,True,0.11822100770287784
Placebo,64,5068,True,0.3658005606084892
Placebo,64,5258,True,0.0
Placebo,64,5306,True,0.6328609347220854
Placebo,64,5323,True,0.5235322674072517
Placebo,64,5421,True,0.7734092207031694
Placebo,64,5766,True,0.42490394253717
Placebo,64,5877,True,0.0
Placebo,64,5887,True,0.394475060064561
Placebo,64,6126,True,0.0
Placebo,64,6190,True,0.4972359930357635
Placebo,64,6224,True,0.16188019855070762
Placebo,64,6465,True,0.0
Placebo,64,6853,True,0.08920764381649098
Placebo,64,6949,True,0.5073620426654916
Placebo,64,7107,True,0.0
Placebo,64,7240,True,0.0
Placebo,64,7937,True,0.7630946912803435
Placebo,64,8015,True,0.2713405823382073
Placebo,64,8066,True,0.14718054711303677
Placebo,64,8202,True,0.41691898867307486
Placebo,64,8321,True,0.2881978615065126
Placebo,64,9222,True,0.15519378219142238
Placebo,64,9453,True,0.691918295250369
Placebo,64,73,True,0.3004255904261625
Placebo,64,390,True,0.5787875745890413
Placebo,64,424,True,0.1681275362711174
Placebo,64,715,True,0.5174674010556303
Placebo,64,915,True,0.28634598975246917
Placebo,64,1579,True,0.5269623532497624
Placebo,64,1643,True,0.27555194421992346
Placebo,64,1679,True,0.379952509226646
Placebo,64,1982,True,0.07839826897867538
Placebo,64,2027,True,0.4721217637618255
Placebo,64,2211,True,0.419665006636777
Placebo,64,2228,True,0.0
Placebo,64,2352,True,0.0
Placebo,64,2520,True,0.09478171200276206
Placebo,64,2573,True,0.10635004704127156
Placebo,64,2630,True,0.6355910038550087
Placebo,64,2666,True,0.2531340597368784
Placebo,64,2745,True,0.1839583960622991
Placebo,64,3149,True,0.5448816323201481
Placebo,64,3369,True,0.31697823818085497
Placebo,64,3617,True,0.3172804768279571
Placebo,64,3862,True,0.0
Placebo,64,4124,True,0.49887282684442075
Placebo,64,4218,True,0.35101864930631066
Placebo,64,4268,True,0.46528438903161135
Placebo,64,4452,True,0.0
Placebo,64,4522,True,0.40978501251641414
Placebo,64,4784,True,0.6231374458835787
Placebo,64,5139,True,0.25327787770106563
Placebo,64,5438,True,0.3794294562420395
Placebo,64,5565,True,0.053368457452889664
Placebo,64,5684,True,0.5355482485807823
Placebo,64,5775,True,0.5580759111248788
Placebo,64,6110,True,0.33492592855810077
Placebo,64,6488,True,0.2201841877624654
Placebo,64,6590,True,0.44013735150177835
Placebo,64,6793,True,0.37394807604689473
Placebo,64,7090,True,0.39765700808306975
Placebo,64,7112,True,0.5280117496943781
Placebo,64,7167,True,0.4755412361622048
Placebo,64,7287,True,0.6788778683130373
Placebo,64,7370,True,0.23754986375338338
Placebo,64,7547,True,0.426959712796329
Placebo,64,7589,True,0.05583786044522723
Placebo,64,7622,True,0.06425604298318159
Placebo,64,7640,False,0.0
Placebo,64,7757,True,0.31741554130782407
Placebo,64,8162,True,0.5002519005600649
Placebo,64,8508,True,0.08274602130531994
Placebo,64,8597,True,0.29344623592469654
Placebo,64,8771,True,0.0
Placebo,64,288,True,0.6036684723540137
Placebo,64,635,True,0.20003115784555683
Placebo,64,654,True,0.06826421443492171
Placebo,64,699,True,0.42492601381667106
Placebo,64,743,True,0.4414412234247102
Placebo,64,946,True,0.0
Placebo,64,976,True,0.13743816645714546
Placebo,64,1144,True,0.5446301752205389
Placebo,64,1187,True,0.323072050958427
Placebo,64,1384,True,0.21561019356751263
Placebo,64,1415,True,0.6217459844660905
Placebo,64,1443,True,0.320829880548558
Placebo,64,1629,True,0.05214426484655786
Placebo,64,1684,True,0.06934958081968562
Placebo,64,1802,True,0.31837424974110873
Placebo,64,1914,True,0.6727770198945362
Placebo,64,2046,True,0.0
Placebo,64,2071,True,0.19768786683842263
Placebo,64,2340,True,0.08879873949105595
Placebo,64,2749,True,0.47675406448421936
Placebo,64,3517,True,0.5719141094443212
Placebo,64,3758,True,0.08421358772610593
Placebo,64,4110,True,0.4019293278078597
Placebo,64,4111,True,0.0
Placebo,64,4144,True,0.2320441768221642
Placebo,64,5021,True,0.1279104797062542
Placebo,64,5032,True,0.28278282703409857
Placebo,64,5096,True,0.3013286692479984
Placebo,64,5109,True,0.639472682562856
Placebo,64,5114,True,0.2208381808107176
Placebo,64,5977,True,0.0
Placebo,64,5984,True,0.27892204675853827
Placebo,64,6353,True,0.7950245425767328
Placebo,64,6373,True,0.5564317799089205
Placebo,64,6539,True,0.0
Placebo,64,6554,True,0.7461638640440729
Placebo,64,6884,True,0.0
Placebo,64,6955,True,0.0
Placebo,64,7020,True,0.39581441609775264
Placebo,64,7029,True,0.05947161120626206
Placebo,64,7280,True,0.22010879042717113
Placebo,64,7394,True,0.1101300176552622
Placebo,64,7795,True,0.48515936795546344
Placebo,64,8108,True,0.0
Placebo,64,8560,True,0.31074954056670867
Placebo,64,8632,True,0.33907668418420306
Placebo,64,8657,True,0.17264616547235842
Placebo,64,8777,True,0.6472355406351593
Placebo,64,9151,True,0.17966771042546067
Placebo,64,9609,True,0.49246059723271807
Placebo,65,102,True,0.7803796212790546
Placebo,65,314,True,0.2493615417162725
Placebo,65,1068,True,0.485991880618689
Placebo,65,1525,True,0.10038275423786396
Placebo,65,1795,True,0.6011730631410767
Placebo,65,1929,True,0.482358099417011
Placebo,65,1931,True,0.0
Placebo,65,1991,True,0.14074267220463055
Placebo,65,2528,True,0.5439350468998048
Placebo,65,2697,True,0.36918835110757947
Placebo,65,2834,True,0.22774107942046135
Placebo,65,2845,True,0.36475808890963934
Placebo,65,3031,True,0.3701683968098015
Placebo,65,3250,True,0.42029391917046016
Placebo,65,3308,True,0.1807061950857125
Placebo,65,3402,True,0.2916665409646817
Placebo,65,3426,True,0.02239904079101563
Placebo,65,3449,True,0.3089794859454016
Placebo,65,3756,True,0.30887207873939243
Placebo,65,4141,True,0.5262926019580468
Placebo,65,4210,True,0.31557216393067355
Placebo,65,4516,True,0.05176296879456522
Placebo,65,4692,True,0.20151514190050243
Placebo,65,4700,True,0.09019475927038985
Placebo,65,4910,False,0.0
Placebo,65,4962,True,0.22976507430165194
Placebo,65,5275,True,0.16299580775475583
Placebo,65,5671,True,0.28185593508185314
Placebo,65,5683,True,0.43817656673532884
Placebo,65,6067,True,0.3987196329666654
Placebo,65,6378,True,0.5218958298473255
Placebo,65,6495,True,0.6546702238612585
Placebo,65,6868,True,0.6807351507646946
Placebo,65,6880,True,0.5980500074164884
Placebo,65,7144,True,0.35124260639656235
Placebo,65,7413,True,0.5548179779226221
Placebo,65,7526,True,0.11838279295536289
Placebo,65,7531,True,0.0
Placebo,65,7577,True,0.0
Placebo,65,7621,True,0.2554428818220265
Placebo,65,8198,True,0.42671699673070607
Placebo,65,8442,True,0.2542718092824342
Placebo,65,8452,True,0.4718712140960563
Placebo,65,8476,True,0.31210939208935917
Placebo,65,8541,True,0.7586816813700685
Placebo,65,8802,True,0.09720567390390628
Placebo,65,8816,True,0.0
Placebo,65,8852,True,0.23981246656813157
Placebo,65,9099,True,0.0
Placebo,65,9479,True,0.0
Placebo,65,9625,False,0.0
Placebo,65,96,True,0.0
Placebo,65,171,True,0.3416602243129687
Placebo,65,328,True,0.0
Placebo,65,387,True,0.1394378723663407
Placebo,65,754,False,0.0
Placebo,65,983,True,0.3453290380543154
Placebo,65,1039,True,0.6778886058446232
Placebo,65,1098,True,0.5297977287414251
Placebo,65,1120,True,0.0
Placebo,65,1275,True,0.53763000054088
Placebo,65,1343,True,0.21828965928942676
Placebo,65,1483,True,0.4047241872271583
Placebo,65,2005,True,0.0
Placebo,65,2048,True,0.4346925602187059
Placebo,65,2379,True,0.7196942703960814
Placebo,65,2516,True,0.5531575209611115
Placebo,65,2601,True,0.16249889906511036
Placebo,65,3210,True,0.39368136927367836
Placebo,65,3601,True,0.0
Placebo,65,3729,True,0.37870616142173213
Placebo,65,3832,True,0.2839821437691789
Placebo,65,4104,True,0.07491210085649577
Placebo,65,4286,True,0.37513970703859123
Placebo,65,4329,True,0.07834851647149517
Placebo,65,4553,True,0.0
Placebo,65,4790,True,0.1100458831490401
Placebo,65,4844,True,0.0
Placebo,65,4994,True,0.183597306122996
Placebo,65,5020,True,0.4966984066161945
Placebo,65,5293,True,0.1926119195492272
Placebo,65,5338,True,0.39660960889144276
Placebo,65,5343,True,0.3768238031193399
Placebo,65,5464,True,0.32788531211879374
Placebo,65,5560,True,0.2233164379481072
Placebo,65,5719,True,0.3401559454668762
Placebo,65,6055,True,0.32023414934533234
Placebo,65,6121,True,0.23584698473512164
Placebo,65,6128,True,0.08707562656251236
Placebo,65,6197,True,0.37274753310693204
Placebo,65,6336,True,0.43056877806322275
Placebo,65,6577,True,0.43966739317820036
Placebo,65,6717,True,0.0
Placebo,65,6906,True,0.0
Placebo,65,8550,True,0.0
Placebo,65,8576,True,0.6050298396920556
Placebo,65,8790,True,0.0
Placebo,65,8840,False,0.0
Placebo,65,8878,True,0.23922526118912793
Placebo,65,9337,True,0.1867403590441214
Placebo,65,9501,True,0.4170462529190389
Placebo,65,9512,False,0.0
Placebo,65,45,True,0.2429879590485708
Placebo,65,199,True,0.3542454231505417
Placebo,65,458,True,0.5381247469531856
Placebo,65,564,True,0.8587933552050568
Placebo,65,717,True,0.08514311764162101
Placebo,65,1109,True,0.5763483030015777
Placebo,65,1576,True,0.0
Placebo,65,1711,False,0.0
Placebo,65,1868,True,0.0
Placebo,65,1942,True,0.43189706194342475
Placebo,65,2001,True,0.2501737101839677
Placebo,65,2217,True,0.0
Placebo,65,2354,True,0.30344968843082193
Placebo,65,2761,True,0.0
Placebo,65,2980,True,0.08514311764162101
Placebo,65,3021,True,0.5020499071783785
Placebo,65,3030,True,0.28930792834276153
Placebo,65,3046,True,0.1743291326127431
Placebo,65,3050,True,0.42967447501526834
Placebo,65,3288,True,0.12999018504088708
Placebo,65,3302,True,0.042571558820810505
Placebo,65,3794,True,0.21561019356751263
Placebo,65,3920,True,0.35627603472102554
Placebo,65,3965,True,0.08076157787550574
Placebo,65,4193,True,0.5041014324376127
Placebo,65,4294,True,0.0
Placebo,65,4383,True,0.4933293470224542
Placebo,65,4474,True,0.1368091908116961
Placebo,65,5068,True,0.34203068133225306
Placebo,65,5258,True,0.0
Placebo,65,5306,True,0.8369137631572849
Placebo,65,5323,True,0.6670257223321079
Placebo,65,5421,True,0.759518089250095
Placebo,65,5766,True,0.7192839197206083
Placebo,65,5877,True,0.3287097961365128
Placebo,65,5887,True,0.4550000804767835
Placebo,65,6126,True,0.0981639521278693
Placebo,65,6190,True,0.2807085285329126
Placebo,65,6224,True,0.36837563413888724
Placebo,65,6465,True,0.4034698846650847
Placebo,65,6853,True,0.054446697840052224
Placebo,65,6949,True,0.4167113210593318
Placebo,65,7107,True,0.18631791641167553
Placebo,65,7240,True,0.0
Placebo,65,7937,True,0.8572048559638626
Placebo,65,8015,True,0.0
Placebo,65,8066,True,0.12779435101500425
Placebo,65,8202,True,0.103505106292044
Placebo,65,8321,True,0.19354698230638467
Placebo,65,9222,True,0.08196346139645697
Placebo,65,9453,True,0.3989984029636297
Placebo,65,73,True,0.13777597210996173
Placebo,65,390,True,0.6145655637973818
Placebo,65,424,True,0.0
Placebo,65,715,True,0.7252827880293986
Placebo,65,915,True,0.3252437994869668
Placebo,65,1579,True,0.17546525620724412
Placebo,65,1643,True,0.10918487464734664
Placebo,65,1679,True,0.590961556109405
Placebo,65,1982,True,0.2784805894273036
Placebo,65,2027,True,0.36171504099898066
Placebo,65,2211,True,0.33423335394028225
Placebo,65,2228,True,0.21432165354887317
Placebo,65,2352,True,0.0
Placebo,65,2520,True,0.13810482876148897
Placebo,65,2573,True,0.27108847097297983
Placebo,65,2630,True,0.4781041701526745
Placebo,65,2666,True,0.20899571874666026
Placebo,65,2745,True,0.4215052163466598
Placebo,65,3149,True,0.5355277323268754
Placebo,65,3369,True,0.19541909894931253
Placebo,65,3617,True,0.4327978315921983
Placebo,65,3862,True,0.0
Placebo,65,4124,True,0.4578462746995909
Placebo,65,4218,True,0.3919595559072837
Placebo,65,4268,True,0.46170793366794577
Placebo,65,4452,True,0.0
Placebo,65,4522,True,0.5553423974849365
Placebo,65,4784,True,0.4087078529024427
Placebo,65,5139,True,0.09672782476128557
Placebo,65,5438,True,0.47996388931725237
Placebo,65,5565,True,0.13746743091695152
Placebo,65,5684,True,0.33371682886601883
Placebo,65,5775,True,0.5423640154200349
Placebo,65,6110,True,0.1925550021173839
Placebo,65,6488,True,0.26551172303785653
Placebo,65,6590,True,0.4025764707529876
Placebo,65,6793,True,0.3441685795815885
Placebo,65,7090,True,0.44033497412592953
Placebo,65,7112,True,0.23253378338733757
Placebo,65,7167,True,0.5507271837078971
Placebo,65,7287,True,0.3159521767867832
Placebo,65,7370,True,0.05163532490696953
Placebo,65,7547,True,0.26998251437934506
Placebo,65,7589,True,0.0
Placebo,65,7622,True,0.22479085346795338
Placebo,65,7640,False,0.0
Placebo,65,7757,True,0.17456233501134502
Placebo,65,8162,True,0.5694312219367773
Placebo,65,8508,True,0.10633668103022988
Placebo,65,8597,True,0.5255889462086083
Placebo,65,8771,True,0.0
Placebo,65,288,True,0.6912350702403659
Placebo,65,635,True,0.6853326870663861
Placebo,65,654,True,0.15970173777890084
Placebo,65,699,True,0.2172607128522299
Placebo,65,743,True,0.4495372282780854
Placebo,65,946,True,0.0
Placebo,65,976,True,0.08297230974406902
Placebo,65,1144,True,0.659396962942363
Placebo,65,1187,True,0.4712319973161781
Placebo,65,1384,True,0.14235342569002457
Placebo,65,1415,True,0.4771546996764403
Placebo,65,1443,True,0.2814853444092611
Placebo,65,1629,True,0.2513541324279239
Placebo,65,1684,True,0.18827853542832323
Placebo,65,1802,True,0.12553831568993346
Placebo,65,1914,True,0.678541645560544
Placebo,65,2046,True,0.0
Placebo,65,2071,True,0.14225515620259588
Placebo,65,2340,True,0.3792888837579623
Placebo,65,2749,True,0.25072151304368406
Placebo,65,3517,True,0.442700725234608
Placebo,65,3758,True,0.16455954031606265
Placebo,65,4110,True,0.36525707209558916
Placebo,65,4111,True,0.10633668103022988
Placebo,65,4144,True,0.30280296010652435
Placebo,65,5021,True,0.13743816645714546
Placebo,65,5032,True,0.31413789140546006
Placebo,65,5096,True,0.19581353575175184
Placebo,65,5109,True,0.3410676652787954
Placebo,65,5114,True,0.1943766414713776
Placebo,65,5977,True,0.0
Placebo,65,5984,True,0.3921233226741804
Placebo,65,6353,True,0.4749240622423144
Placebo,65,6373,True,0.3863206855686298
Placebo,65,6539,True,0.0
Placebo,65,6554,True,0.47015595598181553
Placebo,65,6884,True,0.3333333333333335
Placebo,65,6955,True,0.2722767251671062
Placebo,65,7020,True,0.3426590155093175
Placebo,65,7029,True,0.11565573115264428
Placebo,65,7280,True,0.33990033331976705
Placebo,65,7394,True,0.11381311447980796
Placebo,65,7795,True,0.5685151379100446
Placebo,65,8108,True,0.2672493075474347
Placebo,65,8560,True,0.577857638209467
Placebo,65,8632,True,0.5481842137099846
Placebo,65,8657,True,0.11656695375225003
Placebo,65,8777,True,0.5914885843341734
Placebo,65,9151,True,0.0
Placebo,65,9609,True,0.44803002797583863
Placebo,66,102,True,0.44890975858806276
Placebo,66,314,True,0.8015803207906745
Placebo,66,1068,True,0.34264982818766704
Placebo,66,1525,True,0.2996484034259831
Placebo,66,1795,True,0.3210064231396617
Placebo,66,1929,True,0.43238376565861386
Placebo,66,1931,True,0.04329167055111354
Placebo,66,1991,True,0.07037133610231527
Placebo,66,2528,True,0.5556587824829937
Placebo,66,2697,True,0.5170376684706122
Placebo,66,2834,True,0.44708724463100863
Placebo,66,2845,True,0.27565633422234015
Placebo,66,3031,True,0.22348925835786151
Placebo,66,3250,True,0.3157877804686343
Placebo,66,3308,True,0.42439467264648373
Placebo,66,3402,True,0.33750281022035983
Placebo,66,3426,True,0.06326395904697467
Placebo,66,3449,True,0.5846166551609285
Placebo,66,3756,True,0.4690000933206748
Placebo,66,4141,True,0.4236865527787028
Placebo,66,4210,True,0.49400485339146943
Placebo,66,4516,True,0.2825963885115852
Placebo,66,4692,True,0.0
Placebo,66,4700,True,0.0
Placebo,66,4910,False,0.0
Placebo,66,4962,True,0.3372080579682882
Placebo,66,5275,True,0.3354629639448519
Placebo,66,5671,True,0.5357636400915955
Placebo,66,5683,True,0.5748276700027514
Placebo,66,6067,True,0.5030558792463329
Placebo,66,6378,True,0.4225304052197881
Placebo,66,6495,True,0.5194151487163431
Placebo,66,6868,True,0.4339819978640823
Placebo,66,6880,True,0.19532961856410563
Placebo,66,7144,True,0.4305384798902187
Placebo,66,7413,True,0.782035475289714
Placebo,66,7526,True,0.3060648822893546
Placebo,66,7531,True,0.0
Placebo,66,7577,True,0.0
Placebo,66,7621,True,0.41650059563207076
Placebo,66,8198,True,0.2280383341089421
Placebo,66,8442,True,0.1299140311567813
Placebo,66,8452,True,0.3012405102707875
Placebo,66,8476,True,0.19417007413996287
Placebo,66,8541,True,0.5998083677659243
Placebo,66,8802,True,0.23326233615083786
Placebo,66,8816,True,0.11907576214829717
Placebo,66,8852,True,0.0
Placebo,66,9099,True,0.06362078819895167
Placebo,66,9479,True,0.0
Placebo,66,9625,False,0.0
Placebo,66,96,True,0.0
Placebo,66,171,True,0.6433033284270295
Placebo,66,328,True,0.0
Placebo,66,387,True,0.40270989524234935
Placebo,66,754,False,0.0
Placebo,66,983,True,0.5497774652172209
Placebo,66,1039,True,0.55502294157452
Placebo,66,1098,True,0.65857736446639
Placebo,66,1120,True,0.0
Placebo,66,1275,True,0.3617599070349285
Placebo,66,1343,True,0.13366037064974126
Placebo,66,1483,True,0.2562461151721351
Placebo,66,2005,True,0.06943122193677731
Placebo,66,2048,True,0.5673047560319581
Placebo,66,2379,True,0.5881500533017145
Placebo,66,2516,True,0.35356301255474487
Placebo,66,2601,True,0.18316167326282295
Placebo,66,3210,True,0.20278736339252185
Placebo,66,3601,True,0.0
Placebo,66,3729,True,0.27788740152059543
Placebo,66,3832,True,0.4467609835157586
Placebo,66,4104,True,0.2443527483788097
Placebo,66,4286,True,0.5245418301925058
Placebo,66,4329,True,0.0
Placebo,66,4553,True,0.0
Placebo,66,4790,True,0.4451989745299883
Placebo,66,4844,True,0.0
Placebo,66,4994,True,0.16393162357081362
Placebo,66,5020,True,0.5394137664545725
Placebo,66,5293,True,0.08759798016455712
Placebo,66,5338,True,0.829749340866772
Placebo,66,5343,True,0.0
Placebo,66,5464,True,0.47464276227032404
Placebo,66,5560,True,0.4703296122648081
Placebo,66,5719,True,0.46935814892241934
Placebo,66,6055,True,0.34181895781690264
Placebo,66,6121,True,0.4980336499187086
Placebo,66,6128,True,0.13971554021009178
Placebo,66,6197,True,0.31435971929206574
Placebo,66,6336,True,0.5537062239468015
Placebo,66,6577,True,0.5134582728948274
Placebo,66,6717,True,0.0
Placebo,66,6906,True,0.0
Placebo,66,8550,True,0.0
Placebo,66,8576,True,0.6008250873492487
Placebo,66,8790,True,0.0
Placebo,66,8840,False,0.0
Placebo,66,8878,True,0.2683234791818154
Placebo,66,9337,True,0.3517285712784355
Placebo,66,9501,True,0.4204744268756318
Placebo,66,9512,False,0.0
Placebo,66,45,True,0.3256108861442793
Placebo,66,199,True,0.0
Placebo,66,458,True,0.7319632281587781
Placebo,66,564,True,0.7900997761314585
Placebo,66,717,True,0.31488013066763093
Placebo,66,1109,True,0.5873592109434654
Placebo,66,1576,True,0.16004318879660093
Placebo,66,1711,False,0.0
Placebo,66,1868,True,0.0
Placebo,66,1942,True,0.3815708216220467
Placebo,66,2001,True,0.155379073915319
Placebo,66,2217,True,0.11615302196700909
Placebo,66,2354,True,0.47796296024799817
Placebo,66,2761,True,0.0
Placebo,66,2980,True,0.06943122193677731
Placebo,66,3021,True,0.2002671657202725
Placebo,66,3030,True,0.0
Placebo,66,3046,True,0.2856932557852381
Placebo,66,3050,True,0.5942220760638578
Placebo,66,3288,True,0.20433025571475957
Placebo,66,3302,True,0.14911951081880095
Placebo,66,3794,True,0.0
Placebo,66,3920,True,0.157407150537306
Placebo,66,3965,True,0.3106150678192468
Placebo,66,4193,True,0.40392052078404345
Placebo,66,4294,True,0.0
Placebo,66,4383,True,0.6100458831490401
Placebo,66,4474,True,0.1338820870256732
Placebo,66,5068,True,0.2808815010511816
Placebo,66,5258,True,0.0
Placebo,66,5306,True,0.7951725670061052
Placebo,66,5323,True,0.3046607956520811
Placebo,66,5421,True,0.6318777596814398
Placebo,66,5766,True,0.4416478668403665
Placebo,66,5877,True,0.16669984918519515
Placebo,66,5887,True,0.21286366562650333
Placebo,66,6126,True,0.0
Placebo,66,6190,True,0.3911424551112078
Placebo,66,6224,True,0.3836331529183766
Placebo,66,6465,True,0.08928205866243305
Placebo,66,6853,True,0.11240717693893888
Placebo,66,6949,True,0.31620663544718336
Placebo,66,7107,True,0.05109165667032166
Placebo,66,7240,True,0.0
Placebo,66,7937,True,0.6936634693435662
Placebo,66,8015,True,0.03972853971638369
Placebo,66,8066,True,0.23170768250378493
Placebo,66,8202,True,0.2511723597354967
Placebo,66,8321,True,0.6458914363186937
Placebo,66,9222,True,0.07362322034364345
Placebo,66,9453,True,0.5107611647213347
Placebo,66,73,True,0.1723078883002978
Placebo,66,390,True,0.4552241114417726
Placebo,66,424,True,0.0
Placebo,66,715,True,0.5739757467289445
Placebo,66,915,True,0.4229441987880529
Placebo,66,1579,True,0.056906557239904024
Placebo,66,1643,True,0.0
Placebo,66,1679,True,0.3688654960071684
Placebo,66,1982,True,0.16332966310494598
Placebo,66,2027,True,0.2815299230478988
Placebo,66,2211,True,0.1008674711662712
Placebo,66,2228,True,0.4139617909723946
Placebo,66,2352,True,0.0
Placebo,66,2520,True,0.09992342138769582
Placebo,66,2573,True,0.1100458831490401
Placebo,66,2630,True,0.41681377996692665
Placebo,66,2666,True,0.2740257142553485
Placebo,66,2745,True,0.2836668753947389
Placebo,66,3149,True,0.44385390155102494
Placebo,66,3369,True,0.4068543508160516
Placebo,66,3617,True,0.588690381048279
Placebo,66,3862,True,0.0
Placebo,66,4124,True,0.2571368813330941
Placebo,66,4218,True,0.20177016932346975
Placebo,66,4268,True,0.636335077844739
Placebo,66,4452,True,0.45390362024822023
Placebo,66,4522,True,0.49280221202546165
Placebo,66,4784,True,0.45334433852277256
Placebo,66,5139,True,0.12663893885053282
Placebo,66,5438,True,0.3529265307782055
Placebo,66,5565,True,0.04330890684638207
Placebo,66,5684,True,0.5142311940951949
Placebo,66,5775,True,0.2166996969047058
Placebo,66,6110,True,0.10962735030186617
Placebo,66,6488,True,0.08274602130531994
Placebo,66,6590,True,0.35163328187562903
Placebo,66,6793,True,0.6407742044114909
Placebo,66,7090,True,0.4223632666726159
Placebo,66,7112,True,0.5606285047648819
Placebo,66,7167,True,0.5093871611142232
Placebo,66,7287,True,0.6135411684226634
Placebo,66,7370,True,0.3511643449202446
Placebo,66,7547,True,0.5133792060306032
Placebo,66,7589,True,0.048753830672500074
Placebo,66,7622,True,0.0
Placebo,66,7640,False,0.0
Placebo,66,7757,True,0.20400787375019783
Placebo,66,8162,True,0.35981138602598306
Placebo,66,8508,True,0.0
Placebo,66,8597,True,0.4112545301891209
Placebo,66,8771,True,0.0
Placebo,66,288,True,0.5396168951054131
Placebo,66,635,True,0.5581589952610018
Placebo,66,654,True,0.07433598254250207
Placebo,66,699,True,0.31204907722178066
Placebo,66,743,True,0.3206904532643748
Placebo,66,946,True,0.17723928678404763
Placebo,66,976,True,0.0
Placebo,66,1144,True,0.7077644124764003
Placebo,66,1187,True,0.4533298240916607
Placebo,66,1384,True,0.0
Placebo,66,1415,True,0.6356335719726732
Placebo,66,1443,True,0.3404701324600021
Placebo,66,1629,True,0.2879783565218782
Placebo,66,1684,True,0.0
Placebo,66,1802,True,0.0
Placebo,66,1914,True,0.24309789328476908
Placebo,66,2046,True,0.0
Placebo,66,2071,True,0.2197644842928368
Placebo,66,2340,True,0.10099631552022688
Placebo,66,2749,True,0.44021414686168525
Placebo,66,3517,True,0.3763579332962081
Placebo,66,3758,True,0.2138355638777173
Placebo,66,4110,True,0.27766387270489207
Placebo,66,4111,True,0.0
Placebo,66,4144,True,0.17986598594339318
Placebo,66,5021,True,0.0
Placebo,66,5032,True,0.22423499389675947
Placebo,66,5096,True,0.24234562461153472
Placebo,66,5109,True,0.5691013464605408
Placebo,66,5114,True,0.0
Placebo,66,5977,True,0.0
Placebo,66,5984,True,0.3068982092037016
Placebo,66,6353,True,0.4646358527487029
Placebo,66,6373,True,0.5796910801929008
Placebo,66,6539,True,0.0
Placebo,66,6554,True,0.512744872996589
Placebo,66,6884,True,0.0
Placebo,66,6955,True,0.08196346139645697
Placebo,66,7020,True,0.3839617950211413
Placebo,66,7029,True,0.3019025540492812
Placebo,66,7280,True,0.0543026559841585
Placebo,66,7394,True,0.24372714563658926
Placebo,66,7795,True,0.5480893509622394
Placebo,66,8108,True,0.40414048110870876
Placebo,66,8560,True,0.4933195598706204
Placebo,66,8632,True,0.4528393196548477
Placebo,66,8657,True,0.2940267364368608
Placebo,66,8777,True,0.555524821346647
Placebo,66,9151,True,0.0731168384439099
Placebo,66,9609,True,0.4763786411213788
Placebo,67,102,True,0.7013239913469035
Placebo,67,314,True,0.5307235435971662
Placebo,67,1068,True,0.48653058642536423
Placebo,67,1525,True,0.2982339540515448
Placebo,67,1795,True,0.3039883917416756
Placebo,67,1929,True,0.6269865463183775
Placebo,67,1931,True,0.0
Placebo,67,1991,True,0.16562850902381215
Placebo,67,2528,True,0.5927808167970081
Placebo,67,2697,True,0.3143921201097097
Placebo,67,2834,True,0.4916896607530177
Placebo,67,2845,True,0.41089813639715966
Placebo,67,3031,True,0.3465247319864106
Placebo,67,3250,True,0.5542254618335792
Placebo,67,3308,True,0.18262718762747643
Placebo,67,3402,True,0.14410005584193936
Placebo,67,3426,True,0.0
Placebo,67,3449,True,0.6256419621689835
Placebo,67,3756,True,0.4152807670887413
Placebo,67,4141,True,0.5719483953764349
Placebo,67,4210,True,0.41513301440729555
Placebo,67,4516,True,0.05176296879456522
Placebo,67,4692,True,0.0
Placebo,67,4700,True,0.3403684694543576
Placebo,67,4910,False,0.0
Placebo,67,4962,True,0.4085359184257957
Placebo,67,5275,True,0.09370441574397437
Placebo,67,5671,True,0.4105287392117421
Placebo,67,5683,True,0.47726254820169944
Placebo,67,6067,True,0.6593867703532054
Placebo,67,6378,True,0.5163397746632681
Placebo,67,6495,True,0.8434967298323436
Placebo,67,6868,True,0.5960148270035376
Placebo,67,6880,True,0.2794230304810813
Placebo,67,7144,True,0.36205437036801225
Placebo,67,7413,True,0.4403453675029118
Placebo,67,7526,True,0.17342765698823942
Placebo,67,7531,True,0.3026024134988135
Placebo,67,7577,True,0.0
Placebo,67,7621,True,0.2779725902124814
Placebo,67,8198,True,0.4270995275915324
Placebo,67,8442,True,0.056906557239904024
Placebo,67,8452,True,0.5514150212551006
Placebo,67,8476,True,0.23766848787123737
Placebo,67,8541,True,0.5796665113886424
Placebo,67,8802,True,0.1461834756777615
Placebo,67,8816,True,0.047264273332909064
Placebo,67,8852,True,0.0
Placebo,67,9099,True,0.07839826897867538
Placebo,67,9479,True,0.0
Placebo,67,9625,False,0.0
Placebo,67,96,True,0.0
Placebo,67,171,True,0.5649864494129097
Placebo,67,328,True,0.15101961822780524
Placebo,67,387,True,0.06124284226709497
Placebo,67,754,False,0.0
Placebo,67,983,True,0.3101428822296593
Placebo,67,1039,True,0.6225786558673052
Placebo,67,1098,True,0.36397488094271085
Placebo,67,1120,True,0.17723928678404763
Placebo,67,1275,True,0.3751033154404635
Placebo,67,1343,True,0.0
Placebo,67,1483,True,0.3115556471267428
Placebo,67,2005,True,0.3963918729015093
Placebo,67,2048,True,0.5825849968040323
Placebo,67,2379,True,0.577789049561326
Placebo,67,2516,True,0.461525063328857
Placebo,67,2601,True,0.22591984928152198
Placebo,67,3210,True,0.1870267188281775
Placebo,67,3601,True,0.3183412193664158
Placebo,67,3729,True,0.4152199782748345
Placebo,67,3832,True,0.5016810307107245
Placebo,67,4104,True,0.29606007472709517
Placebo,67,4286,True,0.545472825757009
Placebo,67,4329,True,0.19167138999231728
Placebo,67,4553,True,0.06425604298318159
Placebo,67,4790,True,0.13830142792603042
Placebo,67,4844,True,0.0
Placebo,67,4994,True,0.4927712300233774
Placebo,67,5020,True,0.5488635617303035
Placebo,67,5293,True,0.22564379635101942
Placebo,67,5338,True,0.7763730294413359
Placebo,67,5343,True,0.225604196993837
Placebo,67,5464,True,0.10218331334064325
Placebo,67,5560,True,0.15744006533381547
Placebo,67,5719,True,0.2065092924436405
Placebo,67,6055,True,0.10241712375929543
Placebo,67,6121,True,0.5045200529990475
Placebo,67,6128,True,0.11785811109683532
Placebo,67,6197,True,0.4133288945096367
Placebo,67,6336,True,0.5892149883651229
Placebo,67,6577,True,0.4572426271023239
Placebo,67,6717,True,0.0
Placebo,67,6906,True,0.0
Placebo,67,8550,True,0.23719771276929624
Placebo,67,8576,True,0.6399170076264619
Placebo,67,8790,True,0.0
Placebo,67,8840,False,0.0
Placebo,67,8878,True,0.26582000527739175
Placebo,67,9337,True,0.06219294124838742
Placebo,67,9501,True,0.383562335215227
Placebo,67,9512,False,0.0
Placebo,67,45,True,0.17319717345748553
Placebo,67,199,True,0.06625422345438896
Placebo,67,458,True,0.531515854571937
Placebo,67,564,True,0.7717904250772538
Placebo,67,717,True,0.1585070397409811
Placebo,67,1109,True,0.6986055499044446
Placebo,67,1576,True,0.13291299131469791
Placebo,67,1711,False,0.0
Placebo,67,1868,True,0.0
Placebo,67,1942,True,0.37894168506122244
Placebo,67,2001,True,0.07373686430042375
Placebo,67,2217,True,0.0
Placebo,67,2354,True,0.5237013249620389
Placebo,67,2761,True,0.11002326706256796
Placebo,67,2980,True,0.06943122193677731
Placebo,67,3021,True,0.402881718444164
Placebo,67,3030,True,0.1480409554829327
Placebo,67,3046,True,0.1874223382036811
Placebo,67,3050,True,0.695050700581959
Placebo,67,3288,True,0.6551038678224953
Placebo,67,3302,True,0.25758708731580476
Placebo,67,3794,True,0.0
Placebo,67,3920,True,0.28319339953733347
Placebo,67,3965,True,0.07366373991453432
Placebo,67,4193,True,0.2639364841142927
Placebo,67,4294,True,0.1920838080251457
Placebo,67,4383,True,0.2840233588555153
Placebo,67,4474,True,0.25656111661877085
Placebo,67,5068,True,0.4198523768135525
Placebo,67,5258,True,0.09843703889494597
Placebo,67,5306,True,0.5812198699517819
Placebo,67,5323,True,0.6715092458530569
Placebo,67,5421,True,0.5868333356739959
Placebo,67,5766,True,0.688075055932335
Placebo,67,5877,True,0.05854439592831935
Placebo,67,5887,True,0.4269074107457788
Placebo,67,6126,True,0.24860164085439967
Placebo,67,6190,True,0.5328999232645173
Placebo,67,6224,True,0.2059012219257565
Placebo,67,6465,True,0.0
Placebo,67,6853,True,0.0
Placebo,67,6949,True,0.35477129842001126
Placebo,67,7107,True,0.06975096265942549
Placebo,67,7240,True,0.0
Placebo,67,7937,True,0.6408830098992542
Placebo,67,8015,True,0.311069122054591
Placebo,67,8066,True,0.21338273430389385
Placebo,67,8202,True,0.46226923239512613
Placebo,67,8321,True,0.18707025117746773
Placebo,67,9222,True,0.0
Placebo,67,9453,True,0.6072886907094996
Placebo,67,73,True,0.0
Placebo,67,390,True,0.4387483608113337
Placebo,67,424,True,0.0
Placebo,67,715,True,0.5456102570944966
Placebo,67,915,True,0.09478836436955075
Placebo,67,1579,True,0.29017329667327446
Placebo,67,1643,True,0.0
Placebo,67,1679,True,0.31343614712595935
Placebo,67,1982,True,0.20641593223508908
Placebo,67,2027,True,0.5928490201259969
Placebo,67,2211,True,0.107789154524511
Placebo,67,2228,True,0.41456308242541257
Placebo,67,2352,True,0.0
Placebo,67,2520,True,0.2015156669932806
Placebo,67,2573,True,0.3052348839397012
Placebo,67,2630,True,0.6517211790802451
Placebo,67,2666,True,0.26100844455108374
Placebo,67,2745,True,0.2748123096327349
Placebo,67,3149,True,0.5395382343323535
Placebo,67,3369,True,0.2271926962350311
Placebo,67,3617,True,0.4880802886240874
Placebo,67,3862,True,0.20151514190050257
Placebo,67,4124,True,0.34688593059054146
Placebo,67,4218,True,0.3743957114997164
Placebo,67,4268,True,0.5678427226955832
Placebo,67,4452,True,0.09109240322345795
Placebo,67,4522,True,0.45306223599931406
Placebo,67,4784,True,0.5530032719821438
Placebo,67,5139,True,0.6366824387328316
Placebo,67,5438,True,0.23921627747248234
Placebo,67,5565,True,0.09452854666581807
Placebo,67,5684,True,0.4450330600311952
Placebo,67,5775,True,0.5590796706691326
Placebo,67,6110,True,0.1642605039951189
Placebo,67,6488,True,0.09162544430476369
Placebo,67,6590,True,0.3566206310146841
Placebo,67,6793,True,0.31095602427782726
Placebo,67,7090,True,0.2115212082332762
Placebo,67,7112,True,0.613015414359091
Placebo,67,7167,True,0.4589271684216977
Placebo,67,7287,True,0.451567558705468
Placebo,67,7370,True,0.17735664563233125
Placebo,67,7547,True,0.5055701429900163
Placebo,67,7589,True,0.0
Placebo,67,7622,True,0.24051935805437297
Placebo,67,7640,False,0.0
Placebo,67,7757,True,0.0
Placebo,67,8162,True,0.604136640316008
Placebo,67,8508,True,0.1694598497994397
Placebo,67,8597,True,0.42898027882202855
Placebo,67,8771,True,0.12315119437036504
Placebo,67,288,True,0.561293412673988
Placebo,67,635,True,0.336670713819539
Placebo,67,654,True,0.0
Placebo,67,699,True,0.06362078819895167
Placebo,67,743,True,0.40440495238668445
Placebo,67,946,True,0.0
Placebo,67,976,True,0.3981471309738322
Placebo,67,1144,True,0.6841878170694435
Placebo,67,1187,True,0.20969606332611243
Placebo,67,1384,True,0.13988750767002675
Placebo,67,1415,True,0.565914635789503
Placebo,67,1443,True,0.3460237143334564
Placebo,67,1629,True,0.15445080225357144
Placebo,67,1684,True,0.14829723057014907
Placebo,67,1802,True,0.212285631155223
Placebo,67,1914,True,0.399238693711439
Placebo,67,2046,True,0.0
Placebo,67,2071,True,0.1125761553936995
Placebo,67,2340,True,0.0
Placebo,67,2749,True,0.2750469624954517
Placebo,67,3517,True,0.4118406552856036
Placebo,67,3758,True,0.13529647356654553
Placebo,67,4110,True,0.15971475056696746
Placebo,67,4111,True,0.07945707943276738
Placebo,67,4144,True,0.39131489987130885
Placebo,67,5021,True,0.0
Placebo,67,5032,True,0.4704337454944921
Placebo,67,5096,True,0.23200548949944333
Placebo,67,5109,True,0.4983838184657351
Placebo,67,5114,True,0.017381421615519286
Placebo,67,5977,True,0.0
Placebo,67,5984,True,0.33339193584597104
Placebo,67,6353,True,0.6954636921001108
Placebo,67,6373,True,0.6495140741038182
Placebo,67,6539,True,0.0
Placebo,67,6554,True,0.7320044432451146
Placebo,67,6884,True,0.35620718710802235
Placebo,67,6955,True,0.2330306270634227
Placebo,67,7020,True,0.37970045275579384
Placebo,67,7029,True,0.0444917928656898
Placebo,67,7280,True,0.09019475927038985
Placebo,67,7394,True,0.1340402346263696
Placebo,67,7795,True,0.6674457441763367
Placebo,67,8108,True,0.6203974344166848
Placebo,67,8560,True,0.4192386870881473
Placebo,67,8632,True,0.44937561733631115
Placebo,67,8657,True,0.0576901476090013
Placebo,67,8777,True,0.7661280157688005
Placebo,67,9151,True,0.0
Placebo,67,9609,True,0.28481420121376444
Placebo,68,102,True,0.659270809506143
Placebo,68,314,True,0.531795445996744
Placebo,68,1068,True,0.24765070278403245
Placebo,68,1525,True,0.19783840468970493
Placebo,68,1795,True,0.33071974918351305
Placebo,68,1929,True,0.5901205971948142
Placebo,68,1931,True,0.22400556151517553
Placebo,68,1991,True,0.08473553200699402
Placebo,68,2528,True,0.3748007298433912
Placebo,68,2697,True,0.3396499170374932
Placebo,68,2834,True,0.45598198104430376
Placebo,68,2845,True,0.5714356010301275
Placebo,68,3031,True,0.03788716675548457
Placebo,68,3250,True,0.40280854071618366
Placebo,68,3308,True,0.16015084348029074
Placebo,68,3402,True,0.16078277618017145
Placebo,68,3426,True,0.11199520395507814
Placebo,68,3449,True,0.3821577534732497
Placebo,68,3756,True,0.10241712375929543
Placebo,68,4141,True,0.6931005883002214
Placebo,68,4210,True,0.2051934585642939
Placebo,68,4516,True,0.12757236323450558
Placebo,68,4692,True,0.0
Placebo,68,4700,True,0.12669074888309206
Placebo,68,4910,False,0.0
Placebo,68,4962,True,0.2769424787942188
Placebo,68,5275,True,0.12485350142749298
Placebo,68,5671,True,0.19456600298020502
Placebo,68,5683,True,0.43638240238588494
Placebo,68,6067,True,0.5643490682004256
Placebo,68,6378,True,0.43450826355261546
Placebo,68,6495,True,0.587761232820439
Placebo,68,6868,True,0.7110472362654529
Placebo,68,6880,True,0.24276405623599223
Placebo,68,7144,True,0.32786324714162723
Placebo,68,7413,True,0.5782986506629331
Placebo,68,7526,True,0.0
Placebo,68,7531,True,0.0
Placebo,68,7577,True,0.0
Placebo,68,7621,True,0.1575573591631193
Placebo,68,8198,True,0.40135846236238876
Placebo,68,8442,True,0.12669074888309206
Placebo,68,8452,True,0.5969702474940483
Placebo,68,8476,True,0.21151753256773317
Placebo,68,8541,True,0.717152148867527
Placebo,68,8802,True,0.04618292606246515
Placebo,68,8816,True,0.2868732021195291
Placebo,68,8852,True,0.6063228553749076
Placebo,68,9099,True,0.1100458831490401
Placebo,68,9479,True,0.2184074368181643
Placebo,68,9625,False,0.0
Placebo,68,96,True,0.0
Placebo,68,171,True,0.5331271117271945
Placebo,68,328,True,0.11751610475642699
Placebo,68,387,True,0.1305762860951131
Placebo,68,754,False,0.0
Placebo,68,983,True,0.3365263474122413
Placebo,68,1039,True,0.47599661016670675
Placebo,68,1098,True,0.3603037278392299
Placebo,68,1120,True,0.0
Placebo,68,1275,True,0.37215163742027435
Placebo,68,1343,True,0.2559276172443025
Placebo,68,1483,True,0.19708847504590057
Placebo,68,2005,True,0.3785009188665826
Placebo,68,2048,True,0.36293812935067166
Placebo,68,2379,True,0.7124630069083355
Placebo,68,2516,True,0.47604144133452936
Placebo,68,2601,True,0.3556520398762017
Placebo,68,3210,True,0.2455755429621239
Placebo,68,3601,True,0.2463023887407299
Placebo,68,3729,True,0.5533129451378705
Placebo,68,3832,True,0.3772849981073169
Placebo,68,4104,True,0.0
Placebo,68,4286,True,0.7737585317921557
Placebo,68,4329,True,0.0
Placebo,68,4553,True,0.09019475927038985
Placebo,68,4790,True,0.06943122193677731
Placebo,68,4844,True,0.16958010263680806
Placebo,68,4994,True,0.40863512851833944
Placebo,68,5020,True,0.36099847882159053
Placebo,68,5293,True,0.3466838433250231
Placebo,68,5338,True,0.5957294339066371
Placebo,68,5343,True,0.17010317160287547
Placebo,68,5464,True,0.04681599109282455
Placebo,68,5560,True,0.2555853890875123
Placebo,68,5719,True,0.32089058932605935
Placebo,68,6055,True,0.2940945979596687
Placebo,68,6121,True,0.5347156109683886
Placebo,68,6128,True,0.0
Placebo,68,6197,True,0.21506552938785883
Placebo,68,6336,True,0.44497705842547997
Placebo,68,6577,True,0.38702747953062094
Placebo,68,6717,True,0.09845236414941486
Placebo,68,6906,True,1.0
Placebo,68,8550,True,0.0
Placebo,68,8576,True,0.6530337211149106
Placebo,68,8790,True,0.0
Placebo,68,8840,False,0.0
Placebo,68,8878,True,0.15307449481887914
Placebo,68,9337,True,0.06012983951359326
Placebo,68,9501,True,0.5610620439458249
Placebo,68,9512,False,0.0
Placebo,68,45,True,0.2110882856740988
Placebo,68,199,True,0.285496751335237
Placebo,68,458,True,0.6506510918885592
Placebo,68,564,True,0.5528957365266508
Placebo,68,717,True,0.1512019152469255
Placebo,68,1109,True,0.5664833661003904
Placebo,68,1576,True,0.19075554268344713
Placebo,68,1711,False,0.0
Placebo,68,1868,True,0.26406812257259077
Placebo,68,1942,True,0.46188823934540635
Placebo,68,2001,True,0.0
Placebo,68,2217,True,0.07328439752622516
Placebo,68,2354,True,0.3068055042219904
Placebo,68,2761,True,0.09803928583135697
Placebo,68,2980,True,0.09478836436955075
Placebo,68,3021,True,0.331723453209704
Placebo,68,3030,True,0.0
Placebo,68,3046,True,0.44577453816642076
Placebo,68,3050,True,0.6309933937360005
Placebo,68,3288,True,0.13520006885139227
Placebo,68,3302,True,0.31256522827058003
Placebo,68,3794,True,0.20094002192978333
Placebo,68,3920,True,0.3512522040169868
Placebo,68,3965,True,0.14410005584193936
Placebo,68,4193,True,0.275660982352296
Placebo,68,4294,True,0.0
Placebo,68,4383,True,0.38476309511964146
Placebo,68,4474,True,0.1396301254578393
Placebo,68,5068,True,0.3913817611255761
Placebo,68,5258,True,0.11381874220565884
Placebo,68,5306,True,0.6788007749078743
Placebo,68,5323,True,0.4901777020662867
Placebo,68,5421,True,0.6444715336709229
Placebo,68,5766,True,0.5971914592838162
Placebo,68,5877,True,0.0
Placebo,68,5887,True,0.3834554842333449
Placebo,68,6126,True,0.0
Placebo,68,6190,True,0.46600133971472446
Placebo,68,6224,True,0.22082856303278728
Placebo,68,6465,True,0.3026024134988135
Placebo,68,6853,True,0.0
Placebo,68,6949,True,0.2920791084818673
Placebo,68,7107,True,0.048753830672500074
Placebo,68,7240,True,0.3868528072345415
Placebo,68,7937,True,0.10866808225369007
Placebo,68,8015,True,0.08671382849411978
Placebo,68,8066,True,0.4940802563149977
Placebo,68,8202,True,0.5196834416746824
Placebo,68,8321,True,0.41049281603434334
Placebo,68,9222,True,0.1370609749338599
Placebo,68,9453,True,0.5174491031401337
Placebo,68,73,True,0.15556974829149348
Placebo,68,390,True,0.6280969032273742
Placebo,68,424,True,0.5294362295028774
Placebo,68,715,True,0.47783348470986314
Placebo,68,915,True,0.18844415212771548
Placebo,68,1579,True,0.3980977185375968
Placebo,68,1643,True,0.18809346402717642
Placebo,68,1679,True,0.48715222390925794
Placebo,68,1982,True,0.0
Placebo,68,2027,True,0.42221592741768715
Placebo,68,2211,True,0.08747171410140814
Placebo,68,2228,True,0.22874980212682539
Placebo,68,2352,True,0.0
Placebo,68,2520,True,0.39639646675165735
Placebo,68,2573,True,0.22138883886389726
Placebo,68,2630,True,0.4574284411791895
Placebo,68,2666,True,0.13701332259035642
Placebo,68,2745,True,0.25172172985550245
Placebo,68,3149,True,0.7144199045168832
Placebo,68,3369,True,0.2536190390062209
Placebo,68,3617,True,0.609013708949404
Placebo,68,3862,True,0.6181529056835556
Placebo,68,4124,True,0.4108540255480806
Placebo,68,4218,True,0.14322467691573415
Placebo,68,4268,True,0.4855917196377427
Placebo,68,4452,True,0.0
Placebo,68,4522,True,0.32781510110837275
Placebo,68,4784,True,0.5163746304435486
Placebo,68,5139,True,0.0
Placebo,68,5438,True,0.21525400517856816
Placebo,68,5565,True,0.20147913072493498
Placebo,68,5684,True,0.4336907869543999
Placebo,68,5775,True,0.29659339675602536
Placebo,68,6110,True,0.10080420835153216
Placebo,68,6488,True,0.0
Placebo,68,6590,True,0.5144626683311121
Placebo,68,6793,True,0.13207001659250137
Placebo,68,7090,True,0.2664628585461853
Placebo,68,7112,True,0.7627039242193163
Placebo,68,7167,True,0.3656191362432213
Placebo,68,7287,True,0.6400353532247475
Placebo,68,7370,True,0.37386853913299734
Placebo,68,7547,True,0.3928145305995286
Placebo,68,7589,True,0.04681599109282455
Placebo,68,7622,True,0.14710131651029384
Placebo,68,7640,False,0.0
Placebo,68,7757,True,0.0
Placebo,68,8162,True,0.7067877378647905
Placebo,68,8508,True,0.3640459693137326
Placebo,68,8597,True,0.3455639606303038
Placebo,68,8771,True,0.12359799415249755
Placebo,68,288,True,0.6064533028295916
Placebo,68,635,True,0.412657541719862
Placebo,68,654,True,0.0
Placebo,68,699,True,0.23992089480238074
Placebo,68,743,True,0.16816240827387505
Placebo,68,946,True,0.0
Placebo,68,976,True,0.19948434332440654
Placebo,68,1144,True,0.4452170774253627
Placebo,68,1187,True,0.2988559530925495
Placebo,68,1384,True,0.15045915550654393
Placebo,68,1415,True,0.6322963968978029
Placebo,68,1443,True,0.31388387617757924
Placebo,68,1629,True,0.22087941632846814
Placebo,68,1684,True,0.1248997310781242
Placebo,68,1802,True,0.15721487658357466
Placebo,68,1914,True,0.4235327329556149
Placebo,68,2046,True,0.0
Placebo,68,2071,True,0.3860008936855517
Placebo,68,2340,True,0.0
Placebo,68,2749,True,0.45158501702938786
Placebo,68,3517,True,0.46745926868913645
Placebo,68,3758,True,0.08228688650337697
Placebo,68,4110,True,0.6374537844629413
Placebo,68,4111,True,0.17342765698823942
Placebo,68,4144,True,0.15126116168360146
Placebo,68,5021,True,0.24377484748737532
Placebo,68,5032,True,0.332519959716561
Placebo,68,5096,True,0.38829005592996874
Placebo,68,5109,True,0.6212258789272109
Placebo,68,5114,True,0.0
Placebo,68,5977,True,0.0
Placebo,68,5984,True,0.5426637067816121
Placebo,68,6353,True,0.5610142581368313
Placebo,68,6373,True,0.23224986172453585
Placebo,68,6539,True,0.0
Placebo,68,6554,True,0.46715193001769634
Placebo,68,6884,True,0.0
Placebo,68,6955,True,0.21136386953583394
Placebo,68,7020,True,0.6424715091404483
Placebo,68,7029,True,0.09800080850184441
Placebo,68,7280,True,0.26182599474603535
Placebo,68,7394,True,0.424036434824805
Placebo,68,7795,True,0.4276635611943099
Placebo,68,8108,True,0.1388624438735545
Placebo,68,8560,True,0.4244478117148402
Placebo,68,8632,True,0.34990317062889076
Placebo,68,8657,True,0.10507722995177482
Placebo,68,8777,True,0.7476376101152361
Placebo,68,9151,True,0.0
Placebo,68,9609,True,0.34178170582786915
Placebo,69,102,True,0.6499590586255166
Placebo,69,314,True,0.5152195568103511
Placebo,69,1068,True,0.2511018655665632
Placebo,69,1525,True,0.10560558580961453
Placebo,69,1795,True,0.31115590882545874
Placebo,69,1929,True,0.410397772109161
Placebo,69,1931,True,0.412449713642891
Placebo,69,1991,True,0.2814853444092611
Placebo,69,2528,True,0.5907248954214198
Placebo,69,2697,True,0.6548816068928175
Placebo,69,2834,True,0.3434353054389346
Placebo,69,2845,True,0.28942638339277643
Placebo,69,3031,True,0.28415375066613413
Placebo,69,3250,True,0.4504579495966782
Placebo,69,3308,True,0.5564763174399228
Placebo,69,3402,True,0.2548346710074145
Placebo,69,3426,True,0.27177432879764046
Placebo,69,3449,True,0.6860264899267543
Placebo,69,3756,True,0.3125291152215463
Placebo,69,4141,True,0.5976867667137675
Placebo,69,4210,True,0.4157191859126629
Placebo,69,4516,True,0.11298087547243421
Placebo,69,4692,True,0.0
Placebo,69,4700,True,0.11433720609494528
Placebo,69,4910,False,0.0
Placebo,69,4962,True,0.6117952373568122
Placebo,69,5275,True,0.15183849369780056
Placebo,69,5671,True,0.4739021265589221
Placebo,69,5683,True,0.40345982488615373
Placebo,69,6067,True,0.8487980847530745
Placebo,69,6378,True,0.5675755625108744
Placebo,69,6495,True,0.5098647793880096
Placebo,69,6868,True,0.43454227533055706
Placebo,69,6880,True,0.4536444129040527
Placebo,69,7144,True,0.2932675092274017
Placebo,69,7413,True,0.38287266796550934
Placebo,69,7526,True,0.4123144993714364
Placebo,69,7531,True,0.1303237659103706
Placebo,69,7577,True,0.0
Placebo,69,7621,True,0.19776997253442039
Placebo,69,8198,True,0.2832561691334386
Placebo,69,8442,True,0.056906557239904024
Placebo,69,8452,True,0.2424661707231516
Placebo,69,8476,True,0.3126131857185148
Placebo,69,8541,True,0.7682269253321374
Placebo,69,8802,True,0.1578427141663394
Placebo,69,8816,True,0.23396641903215884
Placebo,69,8852,True,0.0
Placebo,69,9099,True,0.1395018837379694
Placebo,69,9479,True,0.0
Placebo,69,9625,False,0.0
Placebo,69,96,True,0.0
Placebo,69,171,True,0.7077217735089262
Placebo,69,328,True,0.23036124610536216
Placebo,69,387,True,0.049941400570997205
Placebo,69,754,False,0.0
Placebo,69,983,True,0.39395795083195184
Placebo,69,1039,True,0.407365417909829
Placebo,69,1098,True,0.4924989106301389
Placebo,69,1120,True,0.5225185722469563
Placebo,69,1275,True,0.38695076500639963
Placebo,69,1343,True,0.2092051250578236
Placebo,69,1483,True,0.1912059109650898
Placebo,69,2005,True,0.16006937327320506
Placebo,69,2048,True,0.39585167550643346
Placebo,69,2379,True,0.6332932864043649
Placebo,69,2516,True,0.5514537349785895
Placebo,69,2601,True,0.4495022627933716
Placebo,69,3210,True,0.1828195763167777
Placebo,69,3601,True,0.31178546396428475
Placebo,69,3729,True,0.20126366940517326
Placebo,69,3832,True,0.45888345901561023
Placebo,69,4104,True,0.15956875087286337
Placebo,69,4286,True,0.5586564277892555
Placebo,69,4329,True,0.31877046341367893
Placebo,69,4553,True,0.06425604298318159
Placebo,69,4790,True,0.28634598975246917
Placebo,69,4844,True,0.20013668095426848
Placebo,69,4994,True,0.348934091217077
Placebo,69,5020,True,0.5322595754477215
Placebo,69,5293,True,0.31480081693077044
Placebo,69,5338,True,0.6118062336640963
Placebo,69,5343,True,0.45468092433178614
Placebo,69,5464,True,0.28690174204154356
Placebo,69,5560,True,0.3101497736221031
Placebo,69,5719,True,0.3775697135279353
Placebo,69,6055,True,0.6251425469619515
Placebo,69,6121,True,0.4843200666407464
Placebo,69,6128,True,0.039650035641772115
Placebo,69,6197,True,0.4204839358446666
Placebo,69,6336,True,0.6123806315976851
Placebo,69,6577,True,0.4903923725017773
Placebo,69,6717,True,0.5094949315476046
Placebo,69,6906,True,0.0
Placebo,69,8550,True,0.0
Placebo,69,8576,True,0.6536531021328544
Placebo,69,8790,True,0.28906482631788766
Placebo,69,8840,False,0.0
Placebo,69,8878,True,0.23992776985167139
Placebo,69,9337,True,0.1423390241169477
Placebo,69,9501,True,0.5742133714673221
Placebo,69,9512,False,0.0
Placebo,69,45,True,0.13347537859706934
Placebo,69,199,True,0.08514311764162101
Placebo,69,458,True,0.6794771050858173
Placebo,69,564,True,0.7654610065323104
Placebo,69,717,True,0.15358652920453755
Placebo,69,1109,True,0.4839339479836841
Placebo,69,1576,True,0.285692649630425
Placebo,69,1711,False,0.0
Placebo,69,1868,True,0.30657359638272924
Placebo,69,1942,True,0.5424109968601819
Placebo,69,2001,True,0.23253378338733757
Placebo,69,2217,True,0.06993108739817402
Placebo,69,2354,True,0.604866944635469
Placebo,69,2761,True,0.0
Placebo,69,2980,True,0.0
Placebo,69,3021,True,0.5327906915362981
Placebo,69,3030,True,0.0
Placebo,69,3046,True,0.2126216359455942
Placebo,69,3050,True,0.5772871697891991
Placebo,69,3288,True,0.41267943822034114
Placebo,69,3302,True,0.4102614474570913
Placebo,69,3794,True,0.1577633916859327
Placebo,69,3920,True,0.4469683314193048
Placebo,69,3965,True,0.31677478470076587
Placebo,69,4193,True,0.3542401865635632
Placebo,69,4294,True,0.10635993666584077
Placebo,69,4383,True,0.4989819691790738
Placebo,69,4474,True,0.45301241061233394
Placebo,69,5068,True,0.5684579545875155
Placebo,69,5258,True,0.06210685669229227
Placebo,69,5306,True,0.6326981547929743
Placebo,69,5323,True,0.6943927118263068
Placebo,69,5421,True,0.6769402865842581
Placebo,69,5766,True,0.5535328487618723
Placebo,69,5877,True,0.18587384437059523
Placebo,69,5887,True,0.32238627140731396
Placebo,69,6126,True,0.3465620753753259
Placebo,69,6190,True,0.312017314608188
Placebo,69,6224,True,0.32732206094859684
Placebo,69,6465,True,0.17111103646417067
Placebo,69,6853,True,0.26244547216106645
Placebo,69,6949,True,0.5762226047839979
Placebo,69,7107,True,0.0753646612908026
Placebo,69,7240,True,0.0
Placebo,69,7937,True,0.3618801950148694
Placebo,69,8015,True,0.10633668103022988
Placebo,69,8066,True,0.10080156437427772
Placebo,69,8202,True,0.5319633481989178
Placebo,69,8321,True,0.48511505970243896
Placebo,69,9222,True,0.15519378219142238
Placebo,69,9453,True,0.3790517422249489
Placebo,69,73,True,0.06312301365295118
Placebo,69,390,True,0.3138674028736998
Placebo,69,424,True,0.19519002499605084
Placebo,69,715,True,0.656961179467261
Placebo,69,915,True,0.36194804354659615
Placebo,69,1579,True,0.2565245506873094
Placebo,69,1643,True,0.43673949858938654
Placebo,69,1679,True,0.7881269036597401
Placebo,69,1982,True,0.1388624438735545
Placebo,69,2027,True,0.2874518118542753
Placebo,69,2211,True,0.0
Placebo,69,2228,True,0.24942146358846098
Placebo,69,2352,True,0.0
Placebo,69,2520,True,0.32353268459282813
Placebo,69,2573,True,0.16867134721368437
Placebo,69,2630,True,0.5892805105295423
Placebo,69,2666,True,0.40903552042030544
Placebo,69,2745,True,0.13838973073281977
Placebo,69,3149,True,0.5547957531118429
Placebo,69,3369,True,0.3983051883694898
Placebo,69,3617,True,0.33979463907777463
Placebo,69,3862,True,0.1235584435560261
Placebo,69,4124,True,0.3292547340634068
Placebo,69,4218,True,0.3104898651854937
Placebo,69,4268,True,0.5766687768500768
Placebo,69,4452,True,0.0
Placebo,69,4522,True,0.2520798466759671
Placebo,69,4784,True,0.6627048275318935
Placebo,69,5139,True,0.13012668333070063
Placebo,69,5438,True,0.31289181894210644
Placebo,69,5565,True,0.2433495913773115
Placebo,69,5684,True,0.5221845661649432
Placebo,69,5775,True,0.3316936730892072
Placebo,69,6110,True,0.0984700362449109
Placebo,69,6488,True,0.2748763329142909
Placebo,69,6590,True,0.4057842583352039
Placebo,69,6793,True,0.4088447890836087
Placebo,69,7090,True,0.34834666750752674
Placebo,69,7112,True,0.8219308425370104
Placebo,69,7167,True,0.5554727681954292
Placebo,69,7287,True,0.5704082027153319
Placebo,69,7370,True,0.24877312804216864
Placebo,69,7547,True,0.22424220245059648
Placebo,69,7589,True,0.0
Placebo,69,7622,True,0.0
Placebo,69,7640,False,0.0
Placebo,69,7757,True,0.2395683738277271
Placebo,69,8162,True,0.6360950588448563
Placebo,69,8508,True,0.18533884538910692
Placebo,69,8597,True,0.26920546503956816
Placebo,69,8771,True,0.0
Placebo,69,288,True,0.6560434098621966
Placebo,69,635,True,0.38137471577744264
Placebo,69,654,True,0.06490513563473839
Placebo,69,699,True,0.1497958409967441
Placebo,69,743,True,0.34957693473606366
Placebo,69,946,True,0.0
Placebo,69,976,True,0.3615901614084107
Placebo,69,1144,True,0.6987467598091208
Placebo,69,1187,True,0.34674517332740645
Placebo,69,1384,True,0.0
Placebo,69,1415,True,0.5708594342553077
Placebo,69,1443,True,0.09513045393639914
Placebo,69,1629,True,0.20400787375019783
Placebo,69,1684,True,0.08372491399919352
Placebo,69,1802,True,0.1299140311567813
Placebo,69,1914,True,0.6194009736201933
Placebo,69,2046,True,0.0
Placebo,69,2071,True,0.2084900408739588
Placebo,69,2340,True,0.10026710274415578
Placebo,69,2749,True,0.1990379761217658
Placebo,69,3517,True,0.3666427036782198
Placebo,69,3758,True,0.0
Placebo,69,4110,True,0.3463647525684889
Placebo,69,4111,True,0.10633668103022988
Placebo,69,4144,True,0.36847370255882034
Placebo,69,5021,True,0.09791292534996787
Placebo,69,5032,True,0.3850012786174484
Placebo,69,5096,True,0.11785811109683532
Placebo,69,5109,True,0.5381117606545937
Placebo,69,5114,True,0.05214426484655786
Placebo,69,5977,True,0.0
Placebo,69,5984,True,0.3367849124555597
Placebo,69,6353,True,0.6156920546579399
Placebo,69,6373,True,0.5194475257199255
Placebo,69,6539,True,0.0
Placebo,69,6554,True,0.5042037556636011
Placebo,69,6884,True,0.0
Placebo,69,6955,True,0.07362322034364345
Placebo,69,7020,True,0.3205228949141826
Placebo,69,7029,True,0.10660299583582156
Placebo,69,7280,True,0.12983380180421736
Placebo,69,7394,True,0.12983380180421736
Placebo,69,7795,True,0.6006907926778868
Placebo,69,8108,True,0.4460534853053893
Placebo,69,8560,True,0.4633180389503199
Placebo,69,8632,True,0.6054276120992946
Placebo,69,8657,True,0.26180220718718117
Placebo,69,8777,True,0.6711975304473906
Placebo,69,9151,True,0.2529427027676572
Placebo,69,9609,True,0.6793879715827479
Placebo,70,102,True,0.522671399708815
Placebo,70,314,True,0.24252343191328757
Placebo,70,1068,True,0.6021899352966181
Placebo,70,1525,True,0.2562336069065574
Placebo,70,1795,True,0.5800700129661014
Placebo,70,1929,True,0.4861818686589875
Placebo,70,1931,True,0.2200917662980802
Placebo,70,1991,True,0.376018265526867
Placebo,70,2528,True,0.43460405214024705
Placebo,70,2697,True,0.5825999974406714
Placebo,70,2834,True,0.2600835436549164
Placebo,70,2845,True,0.3261419539526846
Placebo,70,3031,True,0.07171242235367574
Placebo,70,3250,True,0.5457704593601984
Placebo,70,3308,True,0.40156423133761526
Placebo,70,3402,True,0.03683186995726716
Placebo,70,3426,True,0.0
Placebo,70,3449,True,0.2774897163321319
Placebo,70,3756,True,0.36602461869280256
Placebo,70,4141,True,0.6873330529382392
Placebo,70,4210,True,0.5308839458322631
Placebo,70,4516,True,0.1542428909118665
Placebo,70,4692,True,0.0
Placebo,70,4700,True,0.1101300176552622
Placebo,70,4910,False,0.0
Placebo,70,4962,True,0.6114735274236563
Placebo,70,5275,True,0.18662528441024398
Placebo,70,5671,True,0.4276010910278161
Placebo,70,5683,True,0.6040303779625597
Placebo,70,6067,True,0.6535461161683142
Placebo,70,6378,True,0.41592385676554455
Placebo,70,6495,True,0.6972495001810003
Placebo,70,6868,True,0.4886329038267852
Placebo,70,6880,True,0.5447767321667722
Placebo,70,7144,True,0.31343110792721335
Placebo,70,7413,True,0.3574605694682811
Placebo,70,7526,True,0.4728384582492845
Placebo,70,7531,True,0.0
Placebo,70,7577,True,0.0
Placebo,70,7621,True,0.29651771395414933
Placebo,70,8198,True,0.253568987934047
Placebo,70,8442,True,0.09019475927038985
Placebo,70,8452,True,0.42350779070909145
Placebo,70,8476,True,0.33181117478266864
Placebo,70,8541,True,0.6298145079484964
Placebo,70,8802,True,0.3697651761188657
Placebo,70,8816,True,0.0
Placebo,70,8852,True,0.0
Placebo,70,9099,True,0.3555621407782603
Placebo,70,9479,True,0.0
Placebo,70,9625,False,0.0
Placebo,70,96,True,0.0
Placebo,70,171,True,0.7161488735463396
Placebo,70,328,True,0.1681275362711174
Placebo,70,387,True,0.16944064752231383
Placebo,70,754,False,0.0
Placebo,70,983,True,0.38778650388764885
Placebo,70,1039,True,0.5488097089077005
Placebo,70,1098,True,0.3418272502214506
Placebo,70,1120,True,0.0
Placebo,70,1275,True,0.34121944734817594
Placebo,70,1343,True,0.07779334087005021
Placebo,70,1483,True,0.07491210085649577
Placebo,70,2005,True,0.2489083270225946
Placebo,70,2048,True,0.7266360377608518
Placebo,70,2379,True,0.5895973426382323
Placebo,70,2516,True,0.5836308209029532
Placebo,70,2601,True,0.26784460751255085
Placebo,70,3210,True,0.26619432238339275
Placebo,70,3601,True,0.19519002499605084
Placebo,70,3729,True,0.4870571943125085
Placebo,70,3832,True,0.5802911957533184
Placebo,70,4104,True,0.2970661864072722
Placebo,70,4286,True,0.4479639228605599
Placebo,70,4329,True,0.09092803061897885
Placebo,70,4553,True,0.056906557239904024
Placebo,70,4790,True,0.06362078819895167
Placebo,70,4844,True,0.0
Placebo,70,4994,True,0.27909350945211187
Placebo,70,5020,True,0.4742778637115839
Placebo,70,5293,True,0.5119591945447107
Placebo,70,5338,True,0.700823067492572
Placebo,70,5343,True,0.18162170004354664
Placebo,70,5464,True,0.10080156437427772
Placebo,70,5560,True,0.3947675528932743
Placebo,70,5719,True,0.17796717146275914
Placebo,70,6055,True,0.35970991185182927
Placebo,70,6121,True,0.4102614474570913
Placebo,70,6128,True,0.21933191455066833
Placebo,70,6197,True,0.13861907011639105
Placebo,70,6336,True,0.28171496490129
Placebo,70,6577,True,0.5936969360904679
Placebo,70,6717,True,0.0
Placebo,70,6906,True,0.0
Placebo,70,8550,True,0.0
Placebo,70,8576,True,0.5176915358606683
Placebo,70,8790,True,0.0
Placebo,70,8840,False,0.0
Placebo,70,8878,True,0.2778003861459072
Placebo,70,9337,True,0.23237181344714805
Placebo,70,9501,True,0.4475694847634336
Placebo,70,9512,False,0.0
Placebo,70,45,True,0.37543329075959975
Placebo,70,199,True,0.2784805894273036
Placebo,70,458,True,0.6688537722046972
Placebo,70,564,True,0.8868861200529359
Placebo,70,717,True,0.3589542101716347
Placebo,70,1109,True,0.5527174916502128
Placebo,70,1576,True,0.31621077772380635
Placebo,70,1711,False,0.0
Placebo,70,1868,True,0.0
Placebo,70,1942,True,0.5478604791698175
Placebo,70,2001,True,0.0776895369576595
Placebo,70,2217,True,0.06854129682027829
Placebo,70,2354,True,0.6078092176831446
Placebo,70,2761,True,0.20013668095426848
Placebo,70,2980,True,0.16263108706513388
Placebo,70,3021,True,0.3643664280273266
Placebo,70,3030,True,0.0
Placebo,70,3046,True,0.2206745855081591
Placebo,70,3050,True,0.4955164764790509
Placebo,70,3288,True,0.3168689990931123
Placebo,70,3302,True,0.48096698621211736
Placebo,70,3794,True,0.0
Placebo,70,3920,True,0.28002448030554733
Placebo,70,3965,True,0.16008189765075537
Placebo,70,4193,True,0.3928191489712148
Placebo,70,4294,True,0.0
Placebo,70,4383,True,0.44316137072160855
Placebo,70,4474,True,0.3615428944602232
Placebo,70,5068,True,0.1979963304870953
Placebo,70,5258,True,0.0
Placebo,70,5306,True,0.6812826002005309
Placebo,70,5323,True,0.5677015127909069
Placebo,70,5421,True,0.6909801685791618
Placebo,70,5766,True,0.6696577796241403
Placebo,70,5877,True,0.0
Placebo,70,5887,True,0.11656695375225003
Placebo,70,6126,True,0.21960582457280364
Placebo,70,6190,True,0.5521373697675089
Placebo,70,6224,True,0.31488013066763093
Placebo,70,6465,True,0.15130120674940675
Placebo,70,6853,True,0.1850026347511498
Placebo,70,6949,True,0.5298534964909283
Placebo,70,7107,True,0.0
Placebo,70,7240,True,0.0
Placebo,70,7937,True,0.5252098581198154
Placebo,70,8015,True,0.0
Placebo,70,8066,True,0.18142668354987995
Placebo,70,8202,True,0.21256682453091102
Placebo,70,8321,True,0.22369428878820444
Placebo,70,9222,True,0.07362322034364345
Placebo,70,9453,True,0.5435198780811757
Placebo,70,73,True,0.21836974929469327
Placebo,70,390,True,0.528863526945644
Placebo,70,424,True,0.0
Placebo,70,715,True,0.5241816347097311
Placebo,70,915,True,0.13961814555374907
Placebo,70,1579,True,0.31628197811034897
Placebo,70,1643,True,0.13777597210996173
Placebo,70,1679,True,0.4639707730311849
Placebo,70,1982,True,0.28634598975246917
Placebo,70,2027,True,0.4298533690051892
Placebo,70,2211,True,0.2381129204348816
Placebo,70,2228,True,0.17775486440326108
Placebo,70,2352,True,0.1809074917818078
Placebo,70,2520,True,0.2682479531761714
Placebo,70,2573,True,0.08514311764162101
Placebo,70,2630,True,0.4214431019859974
Placebo,70,2666,True,0.2982356385288996
Placebo,70,2745,True,0.2342096780509667
Placebo,70,3149,True,0.35477129842001126
Placebo,70,3369,True,0.16412174271189076
Placebo,70,3617,True,0.539100274015674
Placebo,70,3862,True,0.0
Placebo,70,4124,True,0.38996237102961046
Placebo,70,4218,True,0.3630871186334125
Placebo,70,4268,True,0.5391991344893378
Placebo,70,4452,True,0.09109240322345795
Placebo,70,4522,True,0.3802714876720044
Placebo,70,4784,True,0.49835728481439767
Placebo,70,5139,True,0.0
Placebo,70,5438,True,0.3581845517153265
Placebo,70,5565,True,0.047264273332909064
Placebo,70,5684,True,0.6333955762549375
Placebo,70,5775,True,0.3819603371583236
Placebo,70,6110,True,0.2581604435055023
Placebo,70,6488,True,0.08671382849411978
Placebo,70,6590,True,0.3209493675307761
Placebo,70,6793,True,0.2624050434720597
Placebo,70,7090,True,0.18976016420150266
Placebo,70,7112,True,0.4144301094504872
Placebo,70,7167,True,0.6978285002181909
Placebo,70,7287,True,0.6749192051462899
Placebo,70,7370,True,0.4522588975494652
Placebo,70,7547,True,0.22512611317739553
Placebo,70,7589,True,0.11519202669817605
Placebo,70,7622,True,0.4100668464891148
Placebo,70,7640,False,0.0
Placebo,70,7757,True,0.11227410436015113
Placebo,70,8162,True,0.46915869313521114
Placebo,70,8508,True,0.16617090792688716
Placebo,70,8597,True,0.6134516118714891
Placebo,70,8771,True,0.0
Placebo,70,288,True,0.4284861313668325
Placebo,70,635,True,0.2883822441715036
Placebo,70,654,True,0.07680190056249989
Placebo,70,699,True,0.22400556151517553
Placebo,70,743,True,0.288176087922392
Placebo,70,946,True,0.0
Placebo,70,976,True,0.35762235421961086
Placebo,70,1144,True,0.7598843123997281
Placebo,70,1187,True,0.5183215543980944
Placebo,70,1384,True,0.24072767556601715
Placebo,70,1415,True,0.3317501993780547
Placebo,70,1443,True,0.45535080018610075
Placebo,70,1629,True,0.183597306122996
Placebo,70,1684,True,0.08372491399919352
Placebo,70,1802,True,0.09019475927038985
Placebo,70,1914,True,0.21708774033396092
Placebo,70,2046,True,0.0
Placebo,70,2071,True,0.3199778936302299
Placebo,70,2340,True,0.1504191567300264
Placebo,70,2749,True,0.32902289271800034
Placebo,70,3517,True,0.20579858435021334
Placebo,70,3758,True,0.04028997454508437
Placebo,70,4110,True,0.3253310028008727
Placebo,70,4111,True,0.2558209594125084
Placebo,70,4144,True,0.1298913999128379
Placebo,70,5021,True,0.0
Placebo,70,5032,True,0.5071716336509078
Placebo,70,5096,True,0.17590500707385545
Placebo,70,5109,True,0.639472682562856
Placebo,70,5114,True,0.0
Placebo,70,5977,True,0.0
Placebo,70,5984,True,0.5608239527722588
Placebo,70,6353,True,0.5331373043163524
Placebo,70,6373,True,0.1627673775607761
Placebo,70,6539,True,0.0
Placebo,70,6554,True,0.5793457861889275
Placebo,70,6884,True,0.0
Placebo,70,6955,True,0.215037393044377
Placebo,70,7020,True,0.6566526010400283
Placebo,70,7029,True,0.1878831713208985
Placebo,70,7280,True,0.2378999621071545
Placebo,70,7394,True,0.34634689786714556
Placebo,70,7795,True,0.523167482844322
Placebo,70,8108,True,0.43035178218970344
Placebo,70,8560,True,0.40727706655487367
Placebo,70,8632,True,0.18393988068126926
Placebo,70,8657,True,0.0
Placebo,70,8777,True,0.6436809564637671
Placebo,70,9151,True,0.2529427027676572
Placebo,70,9609,True,0.3038377318600771
Placebo,71,102,True,0.6744828771221743
Placebo,71,314,True,0.4968978597270722
Placebo,71,1068,True,0.6480445618264388
Placebo,71,1525,True,0.5386468973286165
Placebo,71,1795,True,0.4584775281461667
Placebo,71,1929,True,0.48965533278030615
Placebo,71,1931,True,0.2200917662980802
Placebo,71,1991,True,0.28671115049429313
Placebo,71,2528,True,0.4641883194442045
Placebo,71,2697,True,0.5752989073295625
Placebo,71,2834,True,0.27758896321589366
Placebo,71,2845,True,0.25273020284305586
Placebo,71,3031,True,0.46181639502513266
Placebo,71,3250,True,0.3681424597122107
Placebo,71,3308,True,0.2040526959195505
Placebo,71,3402,True,0.2448921792188066
Placebo,71,3426,True,0.0
Placebo,71,3449,True,0.32668793275412183
Placebo,71,3756,True,0.3052348839397012
Placebo,71,4141,True,0.6514918756934313
Placebo,71,4210,True,0.29711286293812306
Placebo,71,4516,True,0.0
Placebo,71,4692,True,0.0
Placebo,71,4700,True,0.0
Placebo,71,4910,False,0.0
Placebo,71,4962,True,0.3132848169017408
Placebo,71,5275,True,0.278104760022377
Placebo,71,5671,True,0.1642474828489885
Placebo,71,5683,True,0.515057616637409
Placebo,71,6067,True,0.33453101429549364
Placebo,71,6378,True,0.5466454688880696
Placebo,71,6495,True,0.6424256703617327
Placebo,71,6868,True,0.6171342756089391
Placebo,71,6880,True,0.06139831242899107
Placebo,71,7144,True,0.25115657510156064
Placebo,71,7413,True,0.499325721380727
Placebo,71,7526,True,0.18462675384408764
Placebo,71,7531,True,0.4103915680233245
Placebo,71,7577,True,0.0
Placebo,71,7621,True,0.5659494254083239
Placebo,71,8198,True,0.3165135207191778
Placebo,71,8442,True,0.0776895369576595
Placebo,71,8452,True,0.32321152127035013
Placebo,71,8476,True,0.21963511689850057
Placebo,71,8541,True,0.4847119890255186
Placebo,71,8802,True,0.1394378723663407
Placebo,71,8816,True,0.2996484034259831
Placebo,71,8852,True,0.23981246656813157
Placebo,71,9099,True,0.4323181322709948
Placebo,71,9479,True,0.0
Placebo,71,9625,False,0.0
Placebo,71,96,True,0.46927872602275655
Placebo,71,171,True,0.6008194371964508
Placebo,71,328,True,0.3764290720714305
Placebo,71,387,True,0.04330890684638207
Placebo,71,754,False,0.0
Placebo,71,983,True,0.624476257915718
Placebo,71,1039,True,0.46409605077136334
Placebo,71,1098,True,0.3556657492441983
Placebo,71,1120,True,0.17723928678404763
Placebo,71,1275,True,0.3593749080322917
Placebo,71,1343,True,0.06375528575113477
Placebo,71,1483,True,0.397355640766173
Placebo,71,2005,True,0.08514311764162101
Placebo,71,2048,True,0.5405176952685162
Placebo,71,2379,True,0.6433459673945036
Placebo,71,2516,True,0.3866078070164537
Placebo,71,2601,True,0.16195671984435944
Placebo,71,3210,True,0.33467611102009187
Placebo,71,3601,True,0.0
Placebo,71,3729,True,0.49886162443857024
Placebo,71,3832,True,0.38520550570168116
Placebo,71,4104,True,0.1940294445321932
Placebo,71,4286,True,0.5603139772934028
Placebo,71,4329,True,0.10122860821230016
Placebo,71,4553,True,0.17407272133630375
Placebo,71,4790,True,0.3557772116892465
Placebo,71,4844,True,0.0
Placebo,71,4994,True,0.19150265143746756
Placebo,71,5020,True,0.6179365630705148
Placebo,71,5293,True,0.4587628164392687
Placebo,71,5338,True,0.7516526889249294
Placebo,71,5343,True,0.06625422345438896
Placebo,71,5464,True,0.19505778610400276
Placebo,71,5560,True,0.4348742525180046
Placebo,71,5719,True,0.10197650950741864
Placebo,71,6055,True,0.432685347843239
Placebo,71,6121,True,0.4673919490175791
Placebo,71,6128,True,0.10527982729515885
Placebo,71,6197,True,0.26983547930175883
Placebo,71,6336,True,0.5980639337891412
Placebo,71,6577,True,0.286641029122967
Placebo,71,6717,True,0.0
Placebo,71,6906,True,0.3333333333333335
Placebo,71,8550,True,0.18457569677956798
Placebo,71,8576,True,0.6797280032531734
Placebo,71,8790,True,0.0
Placebo,71,8840,False,0.0
Placebo,71,8878,True,0.24880155990324695
Placebo,71,9337,True,0.27148719900706875
Placebo,71,9501,True,0.5793709126947973
Placebo,71,9512,False,0.0
Placebo,71,45,True,0.4392729957205782
Placebo,71,199,True,0.13961814555374907
Placebo,71,458,True,0.6658468365446036
Placebo,71,564,True,0.8048109992093389
Placebo,71,717,True,0.0
Placebo,71,1109,True,0.7251045431529607
Placebo,71,1576,True,0.2439019496532286
Placebo,71,1711,False,0.0
Placebo,71,1868,True,0.18457569677956798
Placebo,71,1942,True,0.3228574414839364
Placebo,71,2001,True,0.0776895369576595
Placebo,71,2217,True,0.0
Placebo,71,2354,True,0.30430911943721195
Placebo,71,2761,True,0.13120507751234178
Placebo,71,2980,True,0.17254021725908836
Placebo,71,3021,True,0.36257375608168746
Placebo,71,3030,True,0.14126697285982884
Placebo,71,3046,True,0.1222895776353129
Placebo,71,3050,True,0.5306954621605748
Placebo,71,3288,True,0.234266791556979
Placebo,71,3302,True,0.13811590976832977
Placebo,71,3794,True,0.3649280286412842
Placebo,71,3920,True,0.5646344535491282
Placebo,71,3965,True,0.22525441487135006
Placebo,71,4193,True,0.3163735556459152
Placebo,71,4294,True,0.0
Placebo,71,4383,True,0.5682470737331897
Placebo,71,4474,True,0.4874272575091804
Placebo,71,5068,True,0.3940151963810134
Placebo,71,5258,True,0.0
Placebo,71,5306,True,0.6327795447575298
Placebo,71,5323,True,0.645549328469423
Placebo,71,5421,True,0.6324745649906481
Placebo,71,5766,True,0.5587248213600792
Placebo,71,5877,True,0.0
Placebo,71,5887,True,0.48110005826489133
Placebo,71,6126,True,0.2381129204348816
Placebo,71,6190,True,0.6024171237592955
Placebo,71,6224,True,0.10414683290516591
Placebo,71,6465,True,0.3026024134988135
Placebo,71,6853,True,0.17136269065036203
Placebo,71,6949,True,0.39520353464126134
Placebo,71,7107,True,0.0
Placebo,71,7240,True,0.2184074368181643
Placebo,71,7937,True,0.49113865996130157
Placebo,71,8015,True,0.09791292534996787
Placebo,71,8066,True,0.2802170202809345
Placebo,71,8202,True,0.5504460843554522
Placebo,71,8321,True,0.319024289194471
Placebo,71,9222,True,0.2171448601525134
Placebo,71,9453,True,0.6056979655370548
Placebo,71,73,True,0.2933457204014552
Placebo,71,390,True,0.5328166134505814
Placebo,71,424,True,0.0
Placebo,71,715,True,0.6981959364507546
Placebo,71,915,True,0.15176219107803549
Placebo,71,1579,True,0.16811577046396647
Placebo,71,1643,True,0.13777597210996173
Placebo,71,1679,True,0.3776757581037864
Placebo,71,1982,True,0.0
Placebo,71,2027,True,0.24390560760036523
Placebo,71,2211,True,0.0
Placebo,71,2228,True,0.2002829757879655
Placebo,71,2352,True,0.0
Placebo,71,2520,True,0.11712525462224861
Placebo,71,2573,True,0.15139734109600997
Placebo,71,2630,True,0.6081979650951559
Placebo,71,2666,True,0.35521789686747424
Placebo,71,2745,True,0.1830532428262541
Placebo,71,3149,True,0.5857911474335841
Placebo,71,3369,True,0.2914798858434051
Placebo,71,3617,True,0.43769271021737194
Placebo,71,3862,True,0.0
Placebo,71,4124,True,0.3823778558480669
Placebo,71,4218,True,0.0781857913849393
Placebo,71,4268,True,0.55502294157452
Placebo,71,4452,True,0.0
Placebo,71,4522,True,0.39047029006351025
Placebo,71,4784,True,0.7144199045168831
Placebo,71,5139,True,0.0
Placebo,71,5438,True,0.23580758529282586
Placebo,71,5565,True,0.11723609465805306
Placebo,71,5684,True,0.3592245322704296
Placebo,71,5775,True,0.677977962467086
Placebo,71,6110,True,0.19338671580724992
Placebo,71,6488,True,0.0
Placebo,71,6590,True,0.06012983951359326
Placebo,71,6793,True,0.3812630775505627
Placebo,71,7090,True,0.3155660476445371
Placebo,71,7112,True,0.6924605246324422
Placebo,71,7167,True,0.483625474817447
Placebo,71,7287,True,0.3847026287792893
Placebo,71,7370,True,0.05163532490696953
Placebo,71,7547,True,0.5356090917743266
Placebo,71,7589,True,0.20877271093718397
Placebo,71,7622,True,0.3277103867718756
Placebo,71,7640,False,0.0
Placebo,71,7757,True,0.5517510568286359
Placebo,71,8162,True,0.5886490233778672
Placebo,71,8508,True,0.13743816645714546
Placebo,71,8597,True,0.40381157385485084
Placebo,71,8771,True,0.0
Placebo,71,288,True,0.6178001538585927
Placebo,71,635,True,0.6616123844677378
Placebo,71,654,True,0.22889314234623928
Placebo,71,699,True,0.19070838696568626
Placebo,71,743,True,0.43657465547738356
Placebo,71,946,True,0.0
Placebo,71,976,True,0.29575279773809815
Placebo,71,1144,True,0.6958168308428204
Placebo,71,1187,True,0.30567317535074334
Placebo,71,1384,True,0.4401011221615782
Placebo,71,1415,True,0.5862066040988765
Placebo,71,1443,True,0.32658918713597457
Placebo,71,1629,True,0.3832152995704014
Placebo,71,1684,True,0.0
Placebo,71,1802,True,0.0670201173131848
Placebo,71,1914,True,0.29155904987671005
Placebo,71,2046,True,0.0
Placebo,71,2071,True,0.3863206855686298
Placebo,71,2340,True,0.13150106356477173
Placebo,71,2749,True,0.35237088375534853
Placebo,71,3517,True,0.5571418363384788
Placebo,71,3758,True,0.13347537859706934
Placebo,71,4110,True,0.32863613653302637
Placebo,71,4111,True,0.10633668103022988
Placebo,71,4144,True,0.11074812101121996
Placebo,71,5021,True,0.0
Placebo,71,5032,True,0.3333092299863709
Placebo,71,5096,True,0.36552575424352435
Placebo,71,5109,True,0.5850259847228039
Placebo,71,5114,True,0.11916438215974266
Placebo,71,5977,True,0.0
Placebo,71,5984,True,0.2939308076920877
Placebo,71,6353,True,0.5419932574320331
Placebo,71,6373,True,0.3745783557899537
Placebo,71,6539,True,0.0
Placebo,71,6554,True,0.610117820640852
Placebo,71,6884,True,0.0
Placebo,71,6955,True,0.06561435347365327
Placebo,71,7020,True,0.3921040747183734
Placebo,71,7029,True,0.2814605203733361
Placebo,71,7280,True,0.3443211421115933
Placebo,71,7394,True,0.3592245322704296
Placebo,71,7795,True,0.5035548493224856
Placebo,71,8108,True,0.48882922182497535
Placebo,71,8560,True,0.5619400226393205
Placebo,71,8632,True,0.43151729552443313
Placebo,71,8657,True,0.048753830672500074
Placebo,71,8777,True,0.6779331989954216
Placebo,71,9151,True,0.1595890771248963
Placebo,71,9609,True,0.38933569688985603
Placebo,72,102,True,0.7001622865320459
Placebo,72,314,True,0.5324683652506731
Placebo,72,1068,True,0.5705567882131966
Placebo,72,1525,True,0.34295731027236515
Placebo,72,1795,True,0.3783020116037956
Placebo,72,1929,True,0.37895371324171023
Placebo,72,1931,True,0.06362078819895167
Placebo,72,1991,True,0.3258847141547891
Placebo,72,2528,True,0.5040299605088959
Placebo,72,2697,True,0.41038868244412113
Placebo,72,2834,True,0.28256873668385885
Placebo,72,2845,True,0.30493036724716166
Placebo,72,3031,True,0.04895134372021429
Placebo,72,3250,True,0.18371776387613295
Placebo,72,3308,True,0.33521920141410344
Placebo,72,3402,True,0.13526704758370514
Placebo,72,3426,True,0.0571330479527911
Placebo,72,3449,True,0.5273757385080916
Placebo,72,3756,True,0.22212782793993277
Placebo,72,4141,True,0.5678427226955832
Placebo,72,4210,True,0.28463177622275165
Placebo,72,4516,True,0.17907045092245477
Placebo,72,4692,True,0.11011753292369394
Placebo,72,4700,True,0.05214426484655786
Placebo,72,4910,False,0.0
Placebo,72,4962,True,0.3831704157638725
Placebo,72,5275,True,0.19656016544126614
Placebo,72,5671,True,0.4223263410516716
Placebo,72,5683,True,0.8039928722245433
Placebo,72,6067,True,0.7176446055780414
Placebo,72,6378,True,0.5195130809855343
Placebo,72,6495,True,0.41105214338677715
Placebo,72,6868,True,0.5247398631027389
Placebo,72,6880,True,0.44166829746854036
Placebo,72,7144,True,0.28925335679044956
Placebo,72,7413,True,0.21643036239036018
Placebo,72,7526,True,0.2201841877624654
Placebo,72,7531,True,0.1909208661789346
Placebo,72,7577,True,0.0
Placebo,72,7621,True,0.3777897701593256
Placebo,72,8198,True,0.1494294291764557
Placebo,72,8442,True,0.0776895369576595
Placebo,72,8452,True,0.27015779102732457
Placebo,72,8476,True,0.40801574750039565
Placebo,72,8541,True,0.2147333468234144
Placebo,72,8802,True,0.04510157879202123
Placebo,72,8816,True,0.18561615954230956
Placebo,72,8852,True,0.0
Placebo,72,9099,True,0.32206680100457846
Placebo,72,9479,True,0.0
Placebo,72,9625,False,0.0
Placebo,72,96,True,0.0
Placebo,72,171,True,0.5455784944809041
Placebo,72,328,True,0.13905617951077567
Placebo,72,387,True,0.09988280114199441
Placebo,72,754,False,0.0
Placebo,72,983,True,0.6467908860296286
Placebo,72,1039,True,0.42413540959619467
Placebo,72,1098,True,0.414754494785764
Placebo,72,1120,True,0.0
Placebo,72,1275,True,0.4288378263077793
Placebo,72,1343,True,0.2678895532456301
Placebo,72,1483,True,0.14637039866274829
Placebo,72,2005,True,0.16867134721368437
Placebo,72,2048,True,0.43053351368601195
Placebo,72,2379,True,0.5392979435845442
Placebo,72,2516,True,0.3762389377808346
Placebo,72,2601,True,0.3797513001339461
Placebo,72,3210,True,0.07425302840123005
Placebo,72,3601,True,0.12315119437036504
Placebo,72,3729,True,0.20844649797160575
Placebo,72,3832,True,0.6389166598179629
Placebo,72,4104,True,0.14983851579151808
Placebo,72,4286,True,0.40967948250849573
Placebo,72,4329,True,0.0
Placebo,72,4553,True,0.16788429622804935
Placebo,72,4790,True,0.0
Placebo,72,4844,True,0.0
Placebo,72,4994,True,0.4955786038752658
Placebo,72,5020,True,0.3881332147607834
Placebo,72,5293,True,0.3286805189950748
Placebo,72,5338,True,0.7559632399276095
Placebo,72,5343,True,0.30036331698949703
Placebo,72,5464,True,0.0
Placebo,72,5560,True,0.2903010000559009
Placebo,72,5719,True,0.3959316961730452
Placebo,72,6055,True,0.08514311764162101
Placebo,72,6121,True,0.35012149636593903
Placebo,72,6128,True,0.08209585309454726
Placebo,72,6197,True,0.19858308639542582
Placebo,72,6336,True,0.6285464825558013
Placebo,72,6577,True,0.3670225975339694
Placebo,72,6717,True,0.0
Placebo,72,6906,True,0.0
Placebo,72,8550,True,0.18457569677956798
Placebo,72,8576,True,0.6530337211149106
Placebo,72,8790,True,0.30824743622485484
Placebo,72,8840,False,0.0
Placebo,72,8878,True,0.20595606939252603
Placebo,72,9337,True,0.2129156146449574
Placebo,72,9501,True,0.5159409497252014
Placebo,72,9512,False,0.0
Placebo,72,45,True,0.1114521812608624
Placebo,72,199,True,0.06362078819895167
Placebo,72,458,True,0.545427832103484
Placebo,72,564,True,0.8159327293295177
Placebo,72,717,True,0.1433357748053457
Placebo,72,1109,True,0.5041499809338761
Placebo,72,1576,True,0.0
Placebo,72,1711,False,0.0
Placebo,72,1868,True,0.3868528072345415
Placebo,72,1942,True,0.448743939586675
Placebo,72,2001,True,0.0
Placebo,72,2217,True,0.0
Placebo,72,2354,True,0.43229848720909325
Placebo,72,2761,True,0.10699313236726382
Placebo,72,2980,True,0.07896843623988549
Placebo,72,3021,True,0.4152189999301929
Placebo,72,3030,True,0.0
Placebo,72,3046,True,0.40688093713721524
Placebo,72,3050,True,0.6892994030195307
Placebo,72,3288,True,0.4190426979495083
Placebo,72,3302,True,0.4632551713552452
Placebo,72,3794,True,0.07187006452250423
Placebo,72,3920,True,0.25276430186426196
Placebo,72,3965,True,0.13247509480187275
Placebo,72,4193,True,0.2748353670783137
Placebo,72,4294,True,0.18397246392903513
Placebo,72,4383,True,0.5072860396793767
Placebo,72,4474,True,0.10126881987072707
Placebo,72,5068,True,0.23045543511741606
Placebo,72,5258,True,0.0
Placebo,72,5306,True,0.8975828762407044
Placebo,72,5323,True,0.6463054002078246
Placebo,72,5421,True,0.6905671770610099
Placebo,72,5766,True,0.5012722790926399
Placebo,72,5877,True,0.0
Placebo,72,5887,True,0.457264261966896
Placebo,72,6126,True,0.107789154524511
Placebo,72,6190,True,0.4737073980419531
Placebo,72,6224,True,0.21867623957515508
Placebo,72,6465,True,0.3026024134988135
Placebo,72,6853,True,0.3695423967620603
Placebo,72,6949,True,0.3767247222762069
Placebo,72,7107,True,0.08097835992217972
Placebo,72,7240,True,0.19412816599510838
Placebo,72,7937,True,0.6638436568142335
Placebo,72,8015,True,0.3838945159932194
Placebo,72,8066,True,0.2916889104390392
Placebo,72,8202,True,0.603217467144244
Placebo,72,8321,True,0.2905330523978766
Placebo,72,9222,True,0.1943509759015365
Placebo,72,9453,True,0.7242256007740667
Placebo,72,73,True,0.0
Placebo,72,390,True,0.38271944610086617
Placebo,72,424,True,0.0
Placebo,72,715,True,0.42766286084463395
Placebo,72,915,True,0.28371255449703187
Placebo,72,1579,True,0.4225050230405243
Placebo,72,1643,True,0.13777597210996173
Placebo,72,1679,True,0.5055673671864968
Placebo,72,1982,True,0.06943122193677731
Placebo,72,2027,True,0.3930974289885815
Placebo,72,2211,True,0.0
Placebo,72,2228,True,0.0611130472053797
Placebo,72,2352,True,0.0
Placebo,72,2520,True,0.44155115012602236
Placebo,72,2573,True,0.14201905717762706
Placebo,72,2630,True,0.46542900619863564
Placebo,72,2666,True,0.107834678356227
Placebo,72,2745,True,0.1441899984513673
Placebo,72,3149,True,0.5672440924801806
Placebo,72,3369,True,0.11152538070586986
Placebo,72,3617,True,0.4079571366467106
Placebo,72,3862,True,0.0
Placebo,72,4124,True,0.4759431647120819
Placebo,72,4218,True,0.15402944061690438
Placebo,72,4268,True,0.5208581539644976
Placebo,72,4452,True,0.0
Placebo,72,4522,True,0.48884383319153896
Placebo,72,4784,True,0.6659485553357843
Placebo,72,5139,True,0.0
Placebo,72,5438,True,0.17253641457298594
Placebo,72,5565,True,0.07491210085649577
Placebo,72,5684,True,0.6797280032531734
Placebo,72,5775,True,0.5473983622993502
Placebo,72,6110,True,0.3149293936860782
Placebo,72,6488,True,0.08110155036904365
Placebo,72,6590,True,0.4238424814337917
Placebo,72,6793,True,0.36194607913945237
Placebo,72,7090,True,0.331539648682197
Placebo,72,7112,True,0.7878767842398643
Placebo,72,7167,True,0.5588461745110032
Placebo,72,7287,True,0.3426264725903947
Placebo,72,7370,True,0.09181541754729351
Placebo,72,7547,True,0.26246553964915786
Placebo,72,7589,True,0.048753830672500074
Placebo,72,7622,True,0.17806915746298954
Placebo,72,7640,False,0.0
Placebo,72,7757,True,0.1170363967534973
Placebo,72,8162,True,0.51778070469373
Placebo,72,8508,True,0.17342765698823942
Placebo,72,8597,True,0.47418092246283533
Placebo,72,8771,True,0.0
Placebo,72,288,True,0.5426699913979638
Placebo,72,635,True,0.2579204304944151
Placebo,72,654,True,0.35164507986255755
Placebo,72,699,True,0.06362078819895167
Placebo,72,743,True,0.5916221905921755
Placebo,72,946,True,0.0
Placebo,72,976,True,0.0
Placebo,72,1144,True,0.6630535310560295
Placebo,72,1187,True,0.38841914288014345
Placebo,72,1384,True,0.08340940864997516
Placebo,72,1415,True,0.6505712858058705
Placebo,72,1443,True,0.13360701356201898
Placebo,72,1629,True,0.06012983951359326
Placebo,72,1684,True,0.0
Placebo,72,1802,True,0.06472335804665429
Placebo,72,1914,True,0.5452299421651444
Placebo,72,2046,True,0.0
Placebo,72,2071,True,0.2312809419346981
Placebo,72,2340,True,0.04236776600349701
Placebo,72,2749,True,0.4904418975495107
Placebo,72,3517,True,0.5094248327050027
Placebo,72,3758,True,0.15276689716300743
Placebo,72,4110,True,0.1678560585288887
Placebo,72,4111,True,0.0
Placebo,72,4144,True,0.2841905566226379
Placebo,72,5021,True,0.0
Placebo,72,5032,True,0.6120069133447795
Placebo,72,5096,True,0.1297559932741616
Placebo,72,5109,True,0.6314569582103629
Placebo,72,5114,True,0.0
Placebo,72,5977,True,0.0
Placebo,72,5984,True,0.5509971874332349
Placebo,72,6353,True,0.5901481659965986
Placebo,72,6373,True,0.05398557328145317
Placebo,72,6539,True,0.0
Placebo,72,6554,True,0.24893429156082938
Placebo,72,6884,True,0.0
Placebo,72,6955,True,0.21566656912798518
Placebo,72,7020,True,0.6137907117145049
Placebo,72,7029,True,0.18124440147194895
Placebo,72,7280,True,0.12408684762734652
Placebo,72,7394,True,0.12116260022308561
Placebo,72,7795,True,0.5056090897973684
Placebo,72,8108,True,0.467709340231191
Placebo,72,8560,True,0.44190062938613617
Placebo,72,8632,True,0.143666091738986
Placebo,72,8657,True,0.10450613870182585
Placebo,72,8777,True,0.7996354104329427
Placebo,72,9151,True,0.0
Placebo,72,9609,True,0.6777277508780453
Placebo,73,102,True,0.6112051238746427
Placebo,73,314,True,0.703249320570529
Placebo,73,1068,True,0.47525130413234895
Placebo,73,1525,True,0.0
Placebo,73,1795,True,0.6030920512497443
Placebo,73,1929,True,0.4187597363390646
Placebo,73,1931,True,0.07373113767160426
Placebo,73,1991,True,0.0
Placebo,73,2528,True,0.5646376295969802
Placebo,73,2697,True,0.6011177664354616
Placebo,73,2834,True,0.243808080529671
Placebo,73,2845,True,0.23974982331709452
Placebo,73,3031,True,0.31749213099293006
Placebo,73,3250,True,0.3626087860973755
Placebo,73,3308,True,0.6027489151303589
Placebo,73,3402,True,0.10975131898723874
Placebo,73,3426,True,0.05486215600228704
Placebo,73,3449,True,0.5222391255960074
Placebo,73,3756,True,0.2329726085570737
Placebo,73,4141,True,0.5366819610496801
Placebo,73,4210,True,0.4163334702192345
Placebo,73,4516,True,0.0
Placebo,73,4692,True,0.09614715734857844
Placebo,73,4700,True,0.12192845648974589
Placebo,73,4910,False,0.0
Placebo,73,4962,True,0.09478836436955075
Placebo,73,5275,True,0.3482858262267083
Placebo,73,5671,True,0.36652912256821446
Placebo,73,5683,True,0.3176469619858067
Placebo,73,6067,True,0.5662859860679816
Placebo,73,6378,True,0.48221929530627
Placebo,73,6495,True,0.527622771136068
Placebo,73,6868,True,0.6122540127683226
Placebo,73,6880,True,0.6425579390312494
Placebo,73,7144,True,0.38871754915157924
Placebo,73,7413,True,0.5014236970296224
Placebo,73,7526,True,0.21629571830533076
Placebo,73,7531,True,0.0
Placebo,73,7577,True,0.0
Placebo,73,7621,True,0.40276392692291935
Placebo,73,8198,True,0.3226862150153472
Placebo,73,8442,True,0.30477540103755457
Placebo,73,8452,True,0.44682065960210465
Placebo,73,8476,True,0.24434652665453305
Placebo,73,8541,True,0.7032114984970779
Placebo,73,8802,True,0.40422153182346543
Placebo,73,8816,True,0.274974144224353
Placebo,73,8852,True,0.0
Placebo,73,9099,True,0.06943122193677731
Placebo,73,9479,True,0.0
Placebo,73,9625,False,0.0
Placebo,73,96,True,0.0
Placebo,73,171,True,0.31514099357949144
Placebo,73,328,True,0.0
Placebo,73,387,True,0.12767884920751535
Placebo,73,754,False,0.0
Placebo,73,983,True,0.45599884819520725
Placebo,73,1039,True,0.295692723921543
Placebo,73,1098,True,0.33514160658890735
Placebo,73,1120,True,0.0
Placebo,73,1275,True,0.2355506065301318
Placebo,73,1343,True,0.07362322034364345
Placebo,73,1483,True,0.29020425681463524
Placebo,73,2005,True,0.09478836436955075
Placebo,73,2048,True,0.5739032469706379
Placebo,73,2379,True,0.6121044995487686
Placebo,73,2516,True,0.37855434597282067
Placebo,73,2601,True,0.15987346094964455
Placebo,73,3210,True,0.4145044937679602
Placebo,73,3601,True,0.0
Placebo,73,3729,True,0.5227285126367124
Placebo,73,3832,True,0.37703552663469037
Placebo,73,4104,True,0.18044559755853493
Placebo,73,4286,True,0.40016639411341615
Placebo,73,4329,True,0.3990672697484156
Placebo,73,4553,True,0.06978419164318803
Placebo,73,4790,True,0.28634598975246917
Placebo,73,4844,True,0.0
Placebo,73,4994,True,0.05214426484655786
Placebo,73,5020,True,0.4880823026004519
Placebo,73,5293,True,0.15946063722472228
Placebo,73,5338,True,0.7072980523034758
Placebo,73,5343,True,0.2073547990227104
Placebo,73,5464,True,0.05109165667032166
Placebo,73,5560,True,0.37071931790793694
Placebo,73,5719,True,0.3246067482620339
Placebo,73,6055,True,0.40067051810063015
Placebo,73,6121,True,0.4382466768494774
Placebo,73,6128,True,0.1607841342240505
Placebo,73,6197,True,0.26424931107432936
Placebo,73,6336,True,0.35327215580127985
Placebo,73,6577,True,0.6812487364750583
Placebo,73,6717,True,0.0
Placebo,73,6906,True,0.0
Placebo,73,8550,True,0.0
Placebo,73,8576,True,0.6407754677295704
Placebo,73,8790,True,0.0
Placebo,73,8840,False,0.0
Placebo,73,8878,True,0.07414861528507459
Placebo,73,9337,True,0.0776895369576595
Placebo,73,9501,True,0.44548964510675276
Placebo,73,9512,False,0.0
Placebo,73,45,True,0.3932711387832976
Placebo,73,199,True,0.3306790203327428
Placebo,73,458,True,0.6782982192983131
Placebo,73,564,True,1.0
Placebo,73,717,True,0.17788860584462324
Placebo,73,1109,True,0.88279674503835
Placebo,73,1576,True,0.6362269891906908
Placebo,73,1711,False,0.0
Placebo,73,1868,True,0.0
Placebo,73,1942,True,0.19443132086070006
Placebo,73,2001,True,0.0
Placebo,73,2217,True,0.0
Placebo,73,2354,True,0.3443850748427996
Placebo,73,2761,True,0.10209739512291151
Placebo,73,2980,True,0.14120664479494324
Placebo,73,3021,True,0.33009074566562113
Placebo,73,3030,True,0.16716045496620238
Placebo,73,3046,True,0.2969206530479923
Placebo,73,3050,True,0.49237124061025533
Placebo,73,3288,True,0.3841255540378155
Placebo,73,3302,True,0.4952539398693726
Placebo,73,3794,True,0.13603488629504495
Placebo,73,3920,True,0.40645965096290054
Placebo,73,3965,True,0.4814732887488437
Placebo,73,4193,True,0.36498534625106716
Placebo,73,4294,True,0.0
Placebo,73,4383,True,0.5106308311705399
Placebo,73,4474,True,0.0
Placebo,73,5068,True,0.6898286563534621
Placebo,73,5258,True,0.0
Placebo,73,5306,True,0.7678252714452648
Placebo,73,5323,True,0.5667084300588772
Placebo,73,5421,True,0.6836804906912114
Placebo,73,5766,True,0.6800221063697701
Placebo,73,5877,True,0.01583640668819822
Placebo,73,5887,True,0.32188147874064515
Placebo,73,6126,True,0.22578419899983798
Placebo,73,6190,True,0.6133194983853064
Placebo,73,6224,True,0.14185627724851593
Placebo,73,6465,True,0.24738635904833414
Placebo,73,6853,True,0.17818197603624308
Placebo,73,6949,True,0.4220949603708207
Placebo,73,7107,True,0.0
Placebo,73,7240,True,0.0
Placebo,73,7937,True,0.8386366869763454
Placebo,73,8015,True,0.21629571830533076
Placebo,73,8066,True,0.3692022625001385
Placebo,73,8202,True,0.40182045833652724
Placebo,73,8321,True,0.38896959877918996
Placebo,73,9222,True,0.17508717115004857
Placebo,73,9453,True,0.53339889334067
Placebo,73,73,True,0.5745154706993483
Placebo,73,390,True,0.6427951440361374
Placebo,73,424,True,0.0
Placebo,73,715,True,0.6041468329051659
Placebo,73,915,True,0.5103515512676446
Placebo,73,1579,True,0.30025016813599253
Placebo,73,1643,True,0.3446157766005956
Placebo,73,1679,True,0.4675440334638271
Placebo,73,1982,True,0.28371255449703187
Placebo,73,2027,True,0.3283995684774713
Placebo,73,2211,True,0.0
Placebo,73,2228,True,0.22674887733910082
Placebo,73,2352,True,0.0
Placebo,73,2520,True,0.1317755767100995
Placebo,73,2573,True,0.09478836436955075
Placebo,73,2630,True,0.5449828705027929
Placebo,73,2666,True,0.19976560228398874
Placebo,73,2745,True,0.2257418629705801
Placebo,73,3149,True,0.47558699671301685
Placebo,73,3369,True,0.18418781706944362
Placebo,73,3617,True,0.4121604556344319
Placebo,73,3862,True,0.2984215275599837
Placebo,73,4124,True,0.40605744762421003
Placebo,73,4218,True,0.2861208723418403
Placebo,73,4268,True,0.5318103940994758
Placebo,73,4452,True,0.0
Placebo,73,4522,True,0.2805991495030431
Placebo,73,4784,True,0.4498973947139871
Placebo,73,5139,True,0.11284514134893517
Placebo,73,5438,True,0.36678352706302303
Placebo,73,5565,True,0.1940294445321932
Placebo,73,5684,True,0.5915963457175777
Placebo,73,5775,True,0.6429424283490955
Placebo,73,6110,True,0.39996613276514603
Placebo,73,6488,True,0.09162544430476369
Placebo,73,6590,True,0.2585227687506523
Placebo,73,6793,True,0.3296873615184229
Placebo,73,7090,True,0.43846916579774575
Placebo,73,7112,True,0.5206622639511005
Placebo,73,7167,True,0.41754286941309904
Placebo,73,7287,True,0.5521609057842486
Placebo,73,7370,True,0.08307482999756595
Placebo,73,7547,True,0.34981952283634876
Placebo,73,7589,True,0.09158083663141148
Placebo,73,7622,True,0.31549201718673103
Placebo,73,7640,False,0.0
Placebo,73,7757,True,0.24232520044617115
Placebo,73,8162,True,0.4716955116367704
Placebo,73,8508,True,0.08916963639944173
Placebo,73,8597,True,0.5292966279221661
Placebo,73,8771,True,0.0
Placebo,73,288,True,0.5489685861878628
Placebo,73,635,True,0.31732747816829304
Placebo,73,654,True,0.0
Placebo,73,699,True,0.4690000933206748
Placebo,73,743,True,0.526955582565176
Placebo,73,946,True,0.0
Placebo,73,976,True,0.0
Placebo,73,1144,True,0.6018912663680346
Placebo,73,1187,True,0.17762485897125524
Placebo,73,1384,True,0.13677520015724262
Placebo,73,1415,True,0.6139791185494823
Placebo,73,1443,True,0.5384076684241059
Placebo,73,1629,True,0.3349208711232155
Placebo,73,1684,True,0.17465294461817238
Placebo,73,1802,True,0.4298671840167262
Placebo,73,1914,True,0.41349029922169317
Placebo,73,2046,True,0.0
Placebo,73,2071,True,0.19513571286927786
Placebo,73,2340,True,0.0
Placebo,73,2749,True,0.5056067897092503
Placebo,73,3517,True,0.3228222310052233
Placebo,73,3758,True,0.27091870840265075
Placebo,73,4110,True,0.2627795981720911
Placebo,73,4111,True,0.23817893302801238
Placebo,73,4144,True,0.2320441768221641
Placebo,73,5021,True,0.13743816645714546
Placebo,73,5032,True,0.5708078286057422
Placebo,73,5096,True,0.19581353575175184
Placebo,73,5109,True,0.5426582187193069
Placebo,73,5114,True,0.09019475927038985
Placebo,73,5977,True,0.38685280723454163
Placebo,73,5984,True,0.30826495753342825
Placebo,73,6353,True,0.4336112898733302
Placebo,73,6373,True,0.4541846081928704
Placebo,73,6539,True,0.0
Placebo,73,6554,True,0.6336746253568236
Placebo,73,6884,True,0.3333333333333335
Placebo,73,6955,True,0.3822162288708221
Placebo,73,7020,True,0.26233314744643216
Placebo,73,7029,True,0.2845253740473538
Placebo,73,7280,True,0.22731767310937584
Placebo,73,7394,True,0.1299140311567813
Placebo,73,7795,True,0.5155837880852996
Placebo,73,8108,True,0.22670147579951372
Placebo,73,8560,True,0.2758437761074044
Placebo,73,8632,True,0.37475706286290816
Placebo,73,8657,True,0.06265341172228864
Placebo,73,8777,True,0.652651116419034
Placebo,73,9151,True,0.0939758016437641
Placebo,73,9609,True,0.44367512530504594
Placebo,74,102,True,0.5288553117215958
Placebo,74,314,True,0.520525240182
Placebo,74,1068,True,0.21615906613549746
Placebo,74,1525,True,0.04330890684638207
Placebo,74,1795,True,0.46809186995696
Placebo,74,1929,True,0.4728380027595328
Placebo,74,1931,True,0.1388624438735545
Placebo,74,1991,True,0.39275909485491817
Placebo,74,2528,True,0.4885509490627137
Placebo,74,2697,True,0.3373270916763106
Placebo,74,2834,True,0.4232839488296784
Placebo,74,2845,True,0.3070756542096282
Placebo,74,3031,True,0.22835418879700362
Placebo,74,3250,True,0.279735705817814
Placebo,74,3308,True,0.420708196903746
Placebo,74,3402,True,0.23444651609470576
Placebo,74,3426,True,0.3795837542818478
Placebo,74,3449,True,0.319372956055378
Placebo,74,3756,True,0.13305201013572898
Placebo,74,4141,True,0.6607013127632034
Placebo,74,4210,True,0.32616083242951627
Placebo,74,4516,True,0.0
Placebo,74,4692,True,0.20151514190050243
Placebo,74,4700,True,0.0
Placebo,74,4910,False,0.0
Placebo,74,4962,True,0.15840915256850244
Placebo,74,5275,True,0.4847501302710923
Placebo,74,5671,True,0.5731077975664378
Placebo,74,5683,True,0.5409816844417723
Placebo,74,6067,True,0.29769839086839356
Placebo,74,6378,True,0.5475647127434904
Placebo,74,6495,True,0.4579036453950625
Placebo,74,6868,True,0.4324409128067921
Placebo,74,6880,True,0.6832555737517166
Placebo,74,7144,True,0.3766377544657793
Placebo,74,7413,True,0.40080213963880024
Placebo,74,7526,True,0.07945707943276738
Placebo,74,7531,True,0.10432831284539111
Placebo,74,7577,True,1.0
Placebo,74,7621,True,0.15288751262453665
Placebo,74,8198,True,0.38270463458821014
Placebo,74,8442,True,0.5808075981561667
Placebo,74,8452,True,0.39753181908592916
Placebo,74,8476,True,0.1803895185407797
Placebo,74,8541,True,0.4225519752442229
Placebo,74,8802,True,0.25434727408661617
Placebo,74,8816,True,0.25446860423608547
Placebo,74,8852,True,0.32739495038873945
Placebo,74,9099,True,0.0
Placebo,74,9479,True,0.0
Placebo,74,9625,False,0.0
Placebo,74,96,True,0.0
Placebo,74,171,True,0.5218958298473255
Placebo,74,328,True,0.0
Placebo,74,387,True,0.047264273332909064
Placebo,74,754,False,0.0
Placebo,74,983,True,0.7038452886950245
Placebo,74,1039,True,0.4291532513402976
Placebo,74,1098,True,0.20177638458500602
Placebo,74,1120,True,0.0
Placebo,74,1275,True,0.21643036239036012
Placebo,74,1343,True,0.09515663188532464
Placebo,74,1483,True,0.10634442105911619
Placebo,74,2005,True,0.26845503571754253
Placebo,74,2048,True,0.6350584024407195
Placebo,74,2379,True,0.7187110953554356
Placebo,74,2516,True,0.6236078262473576
Placebo,74,2601,True,0.15084910581483907
Placebo,74,3210,True,0.14750198831134667
Placebo,74,3601,True,0.0
Placebo,74,3729,True,0.3806081897934564
Placebo,74,3832,True,0.6501925348486299
Placebo,74,4104,True,0.33888129504462766
Placebo,74,4286,True,0.573692826278038
Placebo,74,4329,True,0.1175227747072427
Placebo,74,4553,True,0.08394214811402467
Placebo,74,4790,True,0.3052348839397012
Placebo,74,4844,True,0.1130534017578721
Placebo,74,4994,True,0.05214426484655786
Placebo,74,5020,True,0.6147135647287723
Placebo,74,5293,True,0.2458428427934476
Placebo,74,5338,True,0.5572266727076465
Placebo,74,5343,True,0.4268829114252187
Placebo,74,5464,True,0.25545828335160814
Placebo,74,5560,True,0.35422047506164495
Placebo,74,5719,True,0.2078666148020995
Placebo,74,6055,True,0.4690000933206748
Placebo,74,6121,True,0.39264931698574457
Placebo,74,6128,True,0.32156826844810094
Placebo,74,6197,True,0.30036128949759866
Placebo,74,6336,True,0.44741284190058206
Placebo,74,6577,True,0.44699931848300767
Placebo,74,6717,True,0.0
Placebo,74,6906,True,0.3154648767857289
Placebo,74,8550,True,0.20438239758848625
Placebo,74,8576,True,0.795296081541781
Placebo,74,8790,True,0.0
Placebo,74,8840,False,0.0
Placebo,74,8878,True,0.18827853542832323
Placebo,74,9337,True,0.0
Placebo,74,9501,True,0.6031684349656196
Placebo,74,9512,False,0.0
Placebo,74,45,True,0.15514952592378164
Placebo,74,199,True,0.13698471029831177
Placebo,74,458,True,0.6273491877910522
Placebo,74,564,True,0.7540097203835237
Placebo,74,717,True,0.1951890007906611
Placebo,74,1109,True,0.7072859992298857
Placebo,74,1576,True,0.0
Placebo,74,1711,False,0.0
Placebo,74,1868,True,0.3868528072345415
Placebo,74,1942,True,0.45183130013713446
Placebo,74,2001,True,0.27058427781116956
Placebo,74,2217,True,0.0
Placebo,74,2354,True,0.40935228463113177
Placebo,74,2761,True,0.12081130269949425
Placebo,74,2980,True,0.07588109553901774
Placebo,74,3021,True,0.4774950364891247
Placebo,74,3030,True,0.0
Placebo,74,3046,True,0.1627673775607761
Placebo,74,3050,True,0.33960300559308965
Placebo,74,3288,True,0.45066090791678065
Placebo,74,3302,True,0.2901185750648882
Placebo,74,3794,True,0.20405232944256746
Placebo,74,3920,True,0.2679681932242854
Placebo,74,3965,True,0.6079247025844297
Placebo,74,4193,True,0.19031326377064928
Placebo,74,4294,True,0.36794492785807026
Placebo,74,4383,True,0.30366154563557
Placebo,74,4474,True,0.053368457452889664
Placebo,74,5068,True,0.4537425745411855
Placebo,74,5258,True,0.07616128966473122
Placebo,74,5306,True,0.616073312760385
Placebo,74,5323,True,0.40283800249532525
Placebo,74,5421,True,0.6521299788348308
Placebo,74,5766,True,0.49252651388652935
Placebo,74,5877,True,0.1643548980682564
Placebo,74,5887,True,0.38498265251474983
Placebo,74,6126,True,0.18293214719087553
Placebo,74,6190,True,0.3811249016492762
Placebo,74,6224,True,0.5985040686586143
Placebo,74,6465,True,0.08747171410140814
Placebo,74,6853,True,0.22881181375363435
Placebo,74,6949,True,0.5324687529133352
Placebo,74,7107,True,0.16195671984435944
Placebo,74,7240,True,0.0
Placebo,74,7937,True,0.39170347105873204
Placebo,74,8015,True,0.44830398990253034
Placebo,74,8066,True,0.4671249108999237
Placebo,74,8202,True,0.12630801893044052
Placebo,74,8321,True,0.44111363067576165
Placebo,74,9222,True,0.11230287150552966
Placebo,74,9453,True,0.5255889462086083
Placebo,74,73,True,0.10918487464734664
Placebo,74,390,True,0.52751147078726
Placebo,74,424,True,0.2453073063833817
Placebo,74,715,True,0.522446653205692
Placebo,74,915,True,0.13568544539116625
Placebo,74,1579,True,0.2559686911161155
Placebo,74,1643,True,0.07778487414574674
Placebo,74,1679,True,0.40158136075073014
Placebo,74,1982,True,0.06625422345438896
Placebo,74,2027,True,0.5381117606545937
Placebo,74,2211,True,0.0
Placebo,74,2228,True,0.2889326477995364
Placebo,74,2352,True,0.0
Placebo,74,2520,True,0.4076621503705335
Placebo,74,2573,True,0.1834098052484002
Placebo,74,2630,True,0.4242002944255378
Placebo,74,2666,True,0.3914998228537131
Placebo,74,2745,True,0.2186197297878633
Placebo,74,3149,True,0.4393614174855455
Placebo,74,3369,True,0.4865649869870045
Placebo,74,3617,True,0.2742061996625305
Placebo,74,3862,True,0.0
Placebo,74,4124,True,0.30307546030787563
Placebo,74,4218,True,0.21615020390642853
Placebo,74,4268,True,0.6447614941174288
Placebo,74,4452,True,0.4329261794091841
Placebo,74,4522,True,0.37308644937087804
Placebo,74,4784,True,0.511181654528906
Placebo,74,5139,True,0.0
Placebo,74,5438,True,0.5634068010246123
Placebo,74,5565,True,0.14446994723681528
Placebo,74,5684,True,0.5738051740375943
Placebo,74,5775,True,0.7084409501232899
Placebo,74,6110,True,0.22473630256948732
Placebo,74,6488,True,0.10633668103022988
Placebo,74,6590,True,0.5469635365544869
Placebo,74,6793,True,0.23191550393532306
Placebo,74,7090,True,0.48528515689057033
Placebo,74,7112,True,0.7021309780606806
Placebo,74,7167,True,0.5995016910320492
Placebo,74,7287,True,0.41895594780489154
Placebo,74,7370,True,0.40722328047969203
Placebo,74,7547,True,0.29792975944564565
Placebo,74,7589,True,0.0
Placebo,74,7622,True,0.11640030782973945
Placebo,74,7640,False,0.0
Placebo,74,7757,True,0.1803895185407797
Placebo,74,8162,True,0.7923596164556294
Placebo,74,8508,True,0.2681968418156052
Placebo,74,8597,True,0.3250166110242896
Placebo,74,8771,True,0.2463023887407299
Placebo,74,288,True,0.5014236970296224
Placebo,74,635,True,0.1873164923033462
Placebo,74,654,True,0.20066335283495063
Placebo,74,699,True,0.33480714634441017
Placebo,74,743,True,0.3437072399161695
Placebo,74,946,True,0.0
Placebo,74,976,True,0.08274602130531994
Placebo,74,1144,True,0.7159122326109185
Placebo,74,1187,True,0.3186100488783772
Placebo,74,1384,True,0.21063986744067273
Placebo,74,1415,True,0.414617138943109
Placebo,74,1443,True,0.2886525711807741
Placebo,74,1629,True,0.12983380180421736
Placebo,74,1684,True,0.0
Placebo,74,1802,True,0.09019475927038985
Placebo,74,1914,True,0.47259221575269467
Placebo,74,2046,True,0.0
Placebo,74,2071,True,0.14363177164446836
Placebo,74,2340,True,0.19769213517116047
Placebo,74,2749,True,0.3006655856588515
Placebo,74,3517,True,0.4330296017572546
Placebo,74,3758,True,0.0889835857313796
Placebo,74,4110,True,0.2740922658391236
Placebo,74,4111,True,0.44830398990253034
Placebo,74,4144,True,0.21670070933296837
Placebo,74,5021,True,0.19783987238813025
Placebo,74,5032,True,0.2843798934605953
Placebo,74,5096,True,0.10527982729515885
Placebo,74,5109,True,0.472618807783865
Placebo,74,5114,True,0.06425604298318159
Placebo,74,5977,True,0.0
Placebo,74,5984,True,0.202028800683465
Placebo,74,6353,True,0.48783857769279626
Placebo,74,6373,True,0.7002713729849269
Placebo,74,6539,True,0.0
Placebo,74,6554,True,0.6402779705964796
Placebo,74,6884,True,0.0
Placebo,74,6955,True,0.1200743006121955
Placebo,74,7020,True,0.4353819489544438
Placebo,74,7029,True,0.057484716641728835
Placebo,74,7280,True,0.297425915294277
Placebo,74,7394,True,0.3786857961503309
Placebo,74,7795,True,0.6080795330677486
Placebo,74,8108,True,0.4582159054729767
Placebo,74,8560,True,0.4997728115373227
Placebo,74,8632,True,0.3870606282339278
Placebo,74,8657,True,0.0
Placebo,74,8777,True,0.7916874663922611
Placebo,74,9151,True,0.0731168384439099
Placebo,74,9609,True,0.4717032401366733
Placebo,75,102,True,0.4535850976390695
Placebo,75,314,True,0.5404668899100358
Placebo,75,1068,True,0.5906704981297569
Placebo,75,1525,True,0.27854892624048333
Placebo,75,1795,True,0.5167834728047825
Placebo,75,1929,True,0.45292470561715226
Placebo,75,1931,True,0.3018624596082284
Placebo,75,1991,True,0.15902694705218234
Placebo,75,2528,True,0.5728574987802685
Placebo,75,2697,True,0.598082326976072
Placebo,75,2834,True,0.3527838842555618
Placebo,75,2845,True,0.2682821770308358
Placebo,75,3031,True,0.2540396173475904
Placebo,75,3250,True,0.2597189482924663
Placebo,75,3308,True,0.1916004753805994
Placebo,75,3402,True,0.1865725010098418
Placebo,75,3426,True,0.5206105054364474
Placebo,75,3449,True,0.39223079795282073
Placebo,75,3756,True,0.38173219971862277
Placebo,75,4141,True,0.5649375058266702
Placebo,75,4210,True,0.5163746304435487
Placebo,75,4516,True,0.0
Placebo,75,4692,True,0.0
Placebo,75,4700,True,0.0543026559841585
Placebo,75,4910,False,0.0
Placebo,75,4962,True,0.36680070555131294
Placebo,75,5275,True,0.30352426541247834
Placebo,75,5671,True,0.48685211256151656
Placebo,75,5683,True,0.454937308639397
Placebo,75,6067,True,0.31042590567101963
Placebo,75,6378,True,0.42767375378346784
Placebo,75,6495,True,0.44923413793563793
Placebo,75,6868,True,0.504881008777615
Placebo,75,6880,True,0.3309029728100704
Placebo,75,7144,True,0.06425604298318159
Placebo,75,7413,True,0.20258660193161018
Placebo,75,7526,True,0.0
Placebo,75,7531,True,0.0
Placebo,75,7577,True,0.0
Placebo,75,7621,True,0.21299305462170182
Placebo,75,8198,True,0.2746777031404845
Placebo,75,8442,True,0.10644692083071636
Placebo,75,8452,True,0.5343517342766286
Placebo,75,8476,True,0.21172977158402911
Placebo,75,8541,True,0.6172771466367859
Placebo,75,8802,True,0.42848857685955616
Placebo,75,8816,True,0.14982420171299154
Placebo,75,8852,True,0.0
Placebo,75,9099,True,0.3688556721386529
Placebo,75,9479,True,0.0
Placebo,75,9625,False,0.0
Placebo,75,96,True,0.0
Placebo,75,171,True,0.6629578574752444
Placebo,75,328,True,0.0
Placebo,75,387,True,0.04510157879202123
Placebo,75,754,False,0.0
Placebo,75,983,True,0.6114256705918956
Placebo,75,1039,True,0.5729857863614888
Placebo,75,1098,True,0.6126430022685373
Placebo,75,1120,True,0.05907976226134921
Placebo,75,1275,True,0.5489685861878628
Placebo,75,1343,True,0.1773643015798721
Placebo,75,1483,True,0.2794907787511097
Placebo,75,2005,True,0.0713975720180687
Placebo,75,2048,True,0.5922281951705289
Placebo,75,2379,True,0.5672920108969136
Placebo,75,2516,True,0.5798176785970762
Placebo,75,2601,True,0.0
Placebo,75,3210,True,0.44831968674475303
Placebo,75,3601,True,0.0
Placebo,75,3729,True,0.25197510397208517
Placebo,75,3832,True,0.6574400653338154
Placebo,75,4104,True,0.049941400570997205
Placebo,75,4286,True,0.5666695637293627
Placebo,75,4329,True,0.0
Placebo,75,4553,True,0.09019475927038985
Placebo,75,4790,True,0.16354138662029638
Placebo,75,4844,True,0.0
Placebo,75,4994,True,0.21725792024403554
Placebo,75,5020,True,0.587182557956791
Placebo,75,5293,True,0.5179588502135403
Placebo,75,5338,True,0.6307400922171547
Placebo,75,5343,True,0.2985391746732656
Placebo,75,5464,True,0.3659105173491181
Placebo,75,5560,True,0.4966377682576851
Placebo,75,5719,True,0.4661337782037023
Placebo,75,6055,True,0.3024038304938509
Placebo,75,6121,True,0.4636958897904172
Placebo,75,6128,True,0.11432947281124559
Placebo,75,6197,True,0.2604188349113078
Placebo,75,6336,True,0.5217982020832164
Placebo,75,6577,True,0.2010951724443755
Placebo,75,6717,True,0.0
Placebo,75,6906,True,0.5
Placebo,75,8550,True,0.30657359638272924
Placebo,75,8576,True,0.5957973133998199
Placebo,75,8790,True,0.0
Placebo,75,8840,False,0.0
Placebo,75,8878,True,0.23583240662513397
Placebo,75,9337,True,0.3307141173247628
Placebo,75,9501,True,0.622045306851347
Placebo,75,9512,False,0.0
Placebo,75,45,True,0.2850947529116238
Placebo,75,199,True,0.0733639220993601
Placebo,75,458,True,0.6518515477004982
Placebo,75,564,True,0.6831603337757736
Placebo,75,717,True,0.08177069331014819
Placebo,75,1109,True,0.3962215654621876
Placebo,75,1576,True,0.32139940471235146
Placebo,75,1711,False,0.0
Placebo,75,1868,True,0.6131471927654585
Placebo,75,1942,True,0.42600433629841755
Placebo,75,2001,True,0.1423390241169477
Placebo,75,2217,True,0.0
Placebo,75,2354,True,0.46342076300900803
Placebo,75,2761,True,0.0
Placebo,75,2980,True,0.1388624438735545
Placebo,75,3021,True,0.3908455344013563
Placebo,75,3030,True,0.0
Placebo,75,3046,True,0.12411849196330267
Placebo,75,3050,True,0.5485141060448188
Placebo,75,3288,True,0.3020491800005477
Placebo,75,3302,True,0.23654583252286018
Placebo,75,3794,True,0.48014834754945773
Placebo,75,3920,True,0.583588557959763
Placebo,75,3965,True,0.11766075507936659
Placebo,75,4193,True,0.27887331041154007
Placebo,75,4294,True,0.0
Placebo,75,4383,True,0.35257067006549353
Placebo,75,4474,True,0.09020315758404246
Placebo,75,5068,True,0.5199967979955744
Placebo,75,5258,True,0.0
Placebo,75,5306,True,0.6574204202719138
Placebo,75,5323,True,0.545659200680736
Placebo,75,5421,True,0.7036587397955486
Placebo,75,5766,True,0.4929248870484581
Placebo,75,5877,True,0.1170887918566387
Placebo,75,5887,True,0.4024680309690262
Placebo,75,6126,True,0.3079834593168982
Placebo,75,6190,True,0.6659391028630406
Placebo,75,6224,True,0.22400556151517553
Placebo,75,6465,True,0.0
Placebo,75,6853,True,0.12948249558740288
Placebo,75,6949,True,0.6291845205568252
Placebo,75,7107,True,0.2641400331850027
Placebo,75,7240,True,0.0
Placebo,75,7937,True,0.7353797772725615
Placebo,75,8015,True,0.09791292534996787
Placebo,75,8066,True,0.3310541098481494
Placebo,75,8202,True,0.2986047309325554
Placebo,75,8321,True,0.4127982659586506
Placebo,75,9222,True,0.19369752095583895
Placebo,75,9453,True,0.46448673214866637
Placebo,75,73,True,0.15763120940718583
Placebo,75,390,True,0.4585026928413783
Placebo,75,424,True,0.0
Placebo,75,715,True,0.4880723172980395
Placebo,75,915,True,0.0733639220993601
Placebo,75,1579,True,0.31979668750449713
Placebo,75,1643,True,0.13777597210996184
Placebo,75,1679,True,0.480767900117534
Placebo,75,1982,True,0.1794771050858174
Placebo,75,2027,True,0.4083259649176234
Placebo,75,2211,True,0.2789001909886817
Placebo,75,2228,True,0.2997937014395924
Placebo,75,2352,True,0.0
Placebo,75,2520,True,0.14424997084571223
Placebo,75,2573,True,0.2172607128522299
Placebo,75,2630,True,0.48674128477120837
Placebo,75,2666,True,0.2562461151721351
Placebo,75,2745,True,0.4277467235253673
Placebo,75,3149,True,0.43403346871313253
Placebo,75,3369,True,0.32469297612860054
Placebo,75,3617,True,0.2884234075912851
Placebo,75,3862,True,0.0
Placebo,75,4124,True,0.18937927293733792
Placebo,75,4218,True,0.3479867666067974
Placebo,75,4268,True,0.7124630069083355
Placebo,75,4452,True,0.0
Placebo,75,4522,True,0.3492760320421813
Placebo,75,4784,True,0.8140730213119421
Placebo,75,5139,True,0.19015989205892583
Placebo,75,5438,True,0.5173288620137174
Placebo,75,5565,True,0.12217637418940484
Placebo,75,5684,True,0.6942713134040953
Placebo,75,5775,True,0.6816604510406281
Placebo,75,6110,True,0.3946785135280849
Placebo,75,6488,True,0.2421467402168122
Placebo,75,6590,True,0.5535780538910327
Placebo,75,6793,True,0.2290441939270416
Placebo,75,7090,True,0.2583521999627397
Placebo,75,7112,True,0.5793380923322374
Placebo,75,7167,True,0.702574084705723
Placebo,75,7287,True,0.5751835730893858
Placebo,75,7370,True,0.35791886724818894
Placebo,75,7547,True,0.20661358401542423
Placebo,75,7589,True,0.04681599109282455
Placebo,75,7622,True,0.3055257626127419
Placebo,75,7640,False,0.0
Placebo,75,7757,True,0.30477540103755457
Placebo,75,8162,True,0.3876486669266527
Placebo,75,8508,True,0.0
Placebo,75,8597,True,0.3541129396061519
Placebo,75,8771,True,0.0
Placebo,75,288,True,0.5030469149631914
Placebo,75,635,True,0.46284065989774625
Placebo,75,654,True,0.13603488629504495
Placebo,75,699,True,0.2934556883974403
Placebo,75,743,True,0.5804174214255315
Placebo,75,946,True,0.0
Placebo,75,976,True,0.07945707943276738
Placebo,75,1144,True,0.7040365906356457
Placebo,75,1187,True,0.40063328881716176
Placebo,75,1384,True,0.3883204259860073
Placebo,75,1415,True,0.6807351507646946
Placebo,75,1443,True,0.27392774567655237
Placebo,75,1629,True,0.44809072357152674
Placebo,75,1684,True,0.2350455494144854
Placebo,75,1802,True,0.05322346041535818
Placebo,75,1914,True,0.2796810452392426
Placebo,75,2046,True,0.0
Placebo,75,2071,True,0.3737402546153566
Placebo,75,2340,True,0.25830670481030243
Placebo,75,2749,True,0.33628282651846847
Placebo,75,3517,True,0.6632150875444401
Placebo,75,3758,True,0.08036018528064796
Placebo,75,4110,True,0.2677410230163581
Placebo,75,4111,True,0.4303092446369834
Placebo,75,4144,True,0.39563339247744445
Placebo,75,5021,True,0.09791292534996787
Placebo,75,5032,True,0.25831052973435636
Placebo,75,5096,True,0.3491030493081547
Placebo,75,5109,True,0.3603228152898153
Placebo,75,5114,True,0.1419455799408411
Placebo,75,5977,True,0.0
Placebo,75,5984,True,0.4391760472277411
Placebo,75,6353,True,0.6190817146493498
Placebo,75,6373,True,0.29739080101725146
Placebo,75,6539,True,0.20438239758848625
Placebo,75,6554,True,0.5104382643038994
Placebo,75,6884,True,0.3154648767857289
Placebo,75,6955,True,0.08196346139645697
Placebo,75,7020,True,0.43539140142718763
Placebo,75,7029,True,0.4132381902064229
Placebo,75,7280,True,0.06012983951359326
Placebo,75,7394,True,0.0
Placebo,75,7795,True,0.6008286245181013
Placebo,75,8108,True,0.2578753740644928
Placebo,75,8560,True,0.5247908541270805
Placebo,75,8632,True,0.23210084465700645
Placebo,75,8657,True,0.06265341172228864
Placebo,75,8777,True,0.40976394360981
Placebo,75,9151,True,0.0731168384439099
Placebo,75,9609,True,0.2279382616777584
Placebo,76,102,True,0.6005401303004668
Placebo,76,314,True,0.4987003372709287
Placebo,76,1068,True,0.4165390886574769
Placebo,76,1525,True,0.10076576403063855
Placebo,76,1795,True,0.33568268365603565
Placebo,76,1929,True,0.5059325149103067
Placebo,76,1931,True,0.1545743395783983
Placebo,76,1991,True,0.3050483708274838
Placebo,76,2528,True,0.49931425641409627
Placebo,76,2697,True,0.3138499408889588
Placebo,76,2834,True,0.25784023633583103
Placebo,76,2845,True,0.11477070584784328
Placebo,76,3031,True,0.08683851047569886
Placebo,76,3250,True,0.23018051422238003
Placebo,76,3308,True,0.40893623625463305
Placebo,76,3402,True,0.08785941583647715
Placebo,76,3426,True,0.3040579730465061
Placebo,76,3449,True,0.6032586299490148
Placebo,76,3756,True,0.24936270394794907
Placebo,76,4141,True,0.47497857934578047
Placebo,76,4210,True,0.46032055576297015
Placebo,76,4516,True,0.0
Placebo,76,4692,True,0.10112312534847648
Placebo,76,4700,True,0.24258245978916712
Placebo,76,4910,False,0.0
Placebo,76,4962,True,0.516833187483478
Placebo,76,5275,True,0.31739895677362495
Placebo,76,5671,True,0.5134571977832685
Placebo,76,5683,True,0.361160991184604
Placebo,76,6067,True,0.6907890931655184
Placebo,76,6378,True,0.511695396175741
Placebo,76,6495,True,0.6884731615697365
Placebo,76,6868,True,0.6136120231066615
Placebo,76,6880,True,0.18839555642797676
Placebo,76,7144,True,0.5263429722318186
Placebo,76,7413,True,0.42542067241556347
Placebo,76,7526,True,0.1279104797062542
Placebo,76,7531,True,0.0
Placebo,76,7577,True,0.0
Placebo,76,7621,True,0.24226819716455678
Placebo,76,8198,True,0.44403952811106256
Placebo,76,8442,True,0.20462725476814161
Placebo,76,8452,True,0.5508710506704604
Placebo,76,8476,True,0.0
Placebo,76,8541,True,0.5284032974584361
Placebo,76,8802,True,0.25358286484148107
Placebo,76,8816,True,0.19008595872603687
Placebo,76,8852,True,0.2197434773205065
Placebo,76,9099,True,0.1388624438735545
Placebo,76,9479,True,0.0
Placebo,76,9625,False,0.0
Placebo,76,96,True,0.0
Placebo,76,171,True,0.6296850324103614
Placebo,76,328,True,0.0
Placebo,76,387,True,0.1755448316422945
Placebo,76,754,False,0.0
Placebo,76,983,True,0.463054122846752
Placebo,76,1039,True,0.5460370515208334
Placebo,76,1098,True,0.6622354318013879
Placebo,76,1120,True,0.30657359638272924
Placebo,76,1275,True,0.2771473855279691
Placebo,76,1343,True,0.12947208190358322
Placebo,76,1483,True,0.35440287960760547
Placebo,76,2005,True,0.07839826897867538
Placebo,76,2048,True,0.6018200462192458
Placebo,76,2379,True,0.5577781798307363
Placebo,76,2516,True,0.4799897521342863
Placebo,76,2601,True,0.06975096265942549
Placebo,76,3210,True,0.349091838576046
Placebo,76,3601,True,0.0
Placebo,76,3729,True,0.5272979831696168
Placebo,76,3832,True,0.637132734727684
Placebo,76,4104,True,0.1118576110072335
Placebo,76,4286,True,0.6016288560531177
Placebo,76,4329,True,0.07834851647149517
Placebo,76,4553,True,0.1796934738327584
Placebo,76,4790,True,0.28634598975246917
Placebo,76,4844,True,0.0
Placebo,76,4994,True,0.3593869476655168
Placebo,76,5020,True,0.5668891429654143
Placebo,76,5293,True,0.18764480707663617
Placebo,76,5338,True,0.5295496578655171
Placebo,76,5343,True,0.26063857897861625
Placebo,76,5464,True,0.16530303888941345
Placebo,76,5560,True,0.5273953255372701
Placebo,76,5719,True,0.36698646217625563
Placebo,76,6055,True,0.6936450947002653
Placebo,76,6121,True,0.6868658454756792
Placebo,76,6128,True,0.0
Placebo,76,6197,True,0.24052458833735474
Placebo,76,6336,True,0.3720706681965428
Placebo,76,6577,True,0.5625286786603942
Placebo,76,6717,True,0.0
Placebo,76,6906,True,1.0
Placebo,76,8550,True,0.0
Placebo,76,8576,True,0.5870766980718827
Placebo,76,8790,True,0.0
Placebo,76,8840,False,0.0
Placebo,76,8878,True,0.21973587687471557
Placebo,76,9337,True,0.06978419164318803
Placebo,76,9501,True,0.6504462709446217
Placebo,76,9512,False,0.0
Placebo,76,45,True,0.3185860821011082
Placebo,76,199,True,0.0
Placebo,76,458,True,0.46724128664015907
Placebo,76,564,True,0.6344043693325574
Placebo,76,717,True,0.0
Placebo,76,1109,True,0.5197470547750215
Placebo,76,1576,True,0.0
Placebo,76,1711,False,0.0
Placebo,76,1868,True,0.0
Placebo,76,1942,True,0.14324543733110823
Placebo,76,2001,True,0.24051935805437297
Placebo,76,2217,True,0.08630866384567748
Placebo,76,2354,True,0.29629231661821215
Placebo,76,2761,True,0.1130534017578721
Placebo,76,2980,True,0.04329167055111354
Placebo,76,3021,True,0.6118164240085945
Placebo,76,3030,True,0.2653606369886217
Placebo,76,3046,True,0.38243199054947347
Placebo,76,3050,True,0.3974416663360283
Placebo,76,3288,True,0.15229688014893758
Placebo,76,3302,True,0.5103927663539812
Placebo,76,3794,True,0.06801744314752252
Placebo,76,3920,True,0.29449205491510977
Placebo,76,3965,True,0.2548346710074145
Placebo,76,4193,True,0.2840012234051094
Placebo,76,4294,True,0.07117026412480269
Placebo,76,4383,True,0.21292393674521928
Placebo,76,4474,True,0.09452854666581807
Placebo,76,5068,True,0.5755356747809308
Placebo,76,5258,True,0.0
Placebo,76,5306,True,0.7791791654671157
Placebo,76,5323,True,0.45755654879873364
Placebo,76,5421,True,0.5949295742742271
Placebo,76,5766,True,0.6548816068928175
Placebo,76,5877,True,0.0
Placebo,76,5887,True,0.48750317524675285
Placebo,76,6126,True,0.3088626200847628
Placebo,76,6190,True,0.5249551652274633
Placebo,76,6224,True,0.3407008806520741
Placebo,76,6465,True,0.1785641173248661
Placebo,76,6853,True,0.23240198462663042
Placebo,76,6949,True,0.28866565189714355
Placebo,76,7107,True,0.06975096265942549
Placebo,76,7240,True,0.1809074917818078
Placebo,76,7937,True,0.5324828093139373
Placebo,76,8015,True,0.17437146561008363
Placebo,76,8066,True,0.2206745855081591
Placebo,76,8202,True,0.4112053349907767
Placebo,76,8321,True,0.29830637303704716
Placebo,76,9222,True,0.1200743006121955
Placebo,76,9453,True,0.43381309477515134
Placebo,76,73,True,0.15556974829149348
Placebo,76,390,True,0.41430693057812246
Placebo,76,424,True,0.3903800499921017
Placebo,76,715,True,0.47469844143022544
Placebo,76,915,True,0.1388624438735545
Placebo,76,1579,True,0.131992192941818
Placebo,76,1643,True,0.06312301365295118
Placebo,76,1679,True,0.5954474441016272
Placebo,76,1982,True,0.17993148201117176
Placebo,76,2027,True,0.3484923345290912
Placebo,76,2211,True,0.41233703531276317
Placebo,76,2228,True,0.09967108701867078
Placebo,76,2352,True,0.0
Placebo,76,2520,True,0.33406393515713884
Placebo,76,2573,True,0.0
Placebo,76,2630,True,0.5391991344893378
Placebo,76,2666,True,0.0
Placebo,76,2745,True,0.42740893622002557
Placebo,76,3149,True,0.254923623011305
Placebo,76,3369,True,0.26575913523308187
Placebo,76,3617,True,0.3031487953233781
Placebo,76,3862,True,0.0
Placebo,76,4124,True,0.2903120362949291
Placebo,76,4218,True,0.11771364838488967
Placebo,76,4268,True,0.573083414125598
Placebo,76,4452,True,0.0
Placebo,76,4522,True,0.41519642025368353
Placebo,76,4784,True,0.5870958722836742
Placebo,76,5139,True,0.0
Placebo,76,5438,True,0.25854690092036364
Placebo,76,5565,True,0.19492578050501277
Placebo,76,5684,True,0.29739371269699
Placebo,76,5775,True,0.6163668470816234
Placebo,76,6110,True,0.4405979123734399
Placebo,76,6488,True,0.0
Placebo,76,6590,True,0.500797700120717
Placebo,76,6793,True,0.20726054329241808
Placebo,76,7090,True,0.27651244595338637
Placebo,76,7112,True,0.6021746989904115
Placebo,76,7167,True,0.6375521854558811
Placebo,76,7287,True,0.7249230401864939
Placebo,76,7370,True,0.5355831235090207
Placebo,76,7547,True,0.40684456366421784
Placebo,76,7589,True,0.1085115850405174
Placebo,76,7622,True,0.06978419164318803
Placebo,76,7640,False,0.0
Placebo,76,7757,True,0.11381311447980796
Placebo,76,8162,True,0.6352095115683197
Placebo,76,8508,True,0.0
Placebo,76,8597,True,0.42663607790063995
Placebo,76,8771,True,0.0
Placebo,76,288,True,0.43531326105914525
Placebo,76,635,True,0.5436345271302596
Placebo,76,654,True,0.08340940864997516
Placebo,76,699,True,0.38278391450114446
Placebo,76,743,True,0.14177894309129296
Placebo,76,946,True,0.0
Placebo,76,976,True,0.0
Placebo,76,1144,True,0.651299516611771
Placebo,76,1187,True,0.24136972764273212
Placebo,76,1384,True,0.13484888946975176
Placebo,76,1415,True,0.6179206081285752
Placebo,76,1443,True,0.3243648944446434
Placebo,76,1629,True,0.170719671719712
Placebo,76,1684,True,0.07075576072108053
Placebo,76,1802,True,0.197770940156299
Placebo,76,1914,True,0.3720682861037012
Placebo,76,2046,True,0.5
Placebo,76,2071,True,0.2621219836294881
Placebo,76,2340,True,0.08473553200699402
Placebo,76,2749,True,0.41426677123216327
Placebo,76,3517,True,0.48344639089120595
Placebo,76,3758,True,0.13347537859706934
Placebo,76,4110,True,0.38979219764647716
Placebo,76,4111,True,0.0
Placebo,76,4144,True,0.4264423785302959
Placebo,76,5021,True,0.0
Placebo,76,5032,True,0.518993486488541
Placebo,76,5096,True,0.40106631329023995
Placebo,76,5109,True,0.5129734206979603
Placebo,76,5114,True,0.05214426484655786
Placebo,76,5977,True,0.3154648767857289
Placebo,76,5984,True,0.21930635770620327
Placebo,76,6353,True,0.3952362152038214
Placebo,76,6373,True,0.436465697589137
Placebo,76,6539,True,0.3868528072345415
Placebo,76,6554,True,0.534393792297044
Placebo,76,6884,True,0.0
Placebo,76,6955,True,0.0
Placebo,76,7020,True,0.43860715090665736
Placebo,76,7029,True,0.504500620947522
Placebo,76,7280,True,0.19299297020048656
Placebo,76,7394,True,0.38038911026598693
Placebo,76,7795,True,0.5318103940994758
Placebo,76,8108,True,0.4373524791503101
Placebo,76,8560,True,0.23841310176101863
Placebo,76,8632,True,0.13534164670590898
Placebo,76,8657,True,0.15472192831653064
Placebo,76,8777,True,0.4258418282800429
Placebo,76,9151,True,0.0
Placebo,76,9609,True,0.568003577662161
Placebo,77,102,True,0.5695818843141973
Placebo,77,314,True,0.5768451412029176
Placebo,77,1068,True,0.5228804597359583
Placebo,77,1525,True,0.12828055830938542
Placebo,77,1795,True,0.38796800178404484
Placebo,77,1929,True,0.3916180296096522
Placebo,77,1931,True,0.2618080742270756
Placebo,77,1991,True,0.08305152209984393
Placebo,77,2528,True,0.6923837922684205
Placebo,77,2697,True,0.416033254229602
Placebo,77,2834,True,0.18041301228171697
Placebo,77,2845,True,0.12996574616805415
Placebo,77,3031,True,0.22586096591252058
Placebo,77,3250,True,0.1874223382036811
Placebo,77,3308,True,0.5751517712745188
Placebo,77,3402,True,0.12330133029000186
Placebo,77,3426,True,0.35587727947359993
Placebo,77,3449,True,0.5262993897665518
Placebo,77,3756,True,0.17318663334822615
Placebo,77,4141,True,0.3331154875725685
Placebo,77,4210,True,0.18105541173785364
Placebo,77,4516,True,0.1542428909118665
Placebo,77,4692,True,0.0
Placebo,77,4700,True,0.05214426484655786
Placebo,77,4910,False,0.0
Placebo,77,4962,True,0.4982506457922279
Placebo,77,5275,True,0.07941156245046496
Placebo,77,5671,True,0.4130167200889684
Placebo,77,5683,True,0.3695155601510878
Placebo,77,6067,True,0.25058434659917317
Placebo,77,6378,True,0.48291760619498875
Placebo,77,6495,True,0.6494562010761105
Placebo,77,6868,True,0.6807351507646946
Placebo,77,6880,True,0.335531956090999
Placebo,77,7144,True,0.5091556868783061
Placebo,77,7413,True,0.544680713587846
Placebo,77,7526,True,0.09791292534996787
Placebo,77,7531,True,0.0
Placebo,77,7577,True,1.0
Placebo,77,7621,True,0.39087565262317014
Placebo,77,8198,True,0.3307229268361234
Placebo,77,8442,True,0.16788429622804935
Placebo,77,8452,True,0.23336407035682838
Placebo,77,8476,True,0.5314987088012714
Placebo,77,8541,True,0.7535450372831852
Placebo,77,8802,True,0.30019048351823835
Placebo,77,8816,True,0.04330890684638207
Placebo,77,8852,True,0.0
Placebo,77,9099,True,0.13765179547245768
Placebo,77,9479,True,0.0
Placebo,77,9625,False,0.0
Placebo,77,96,True,0.1564262420075856
Placebo,77,171,True,0.6670351748048516
Placebo,77,328,True,0.19519002499605084
Placebo,77,387,True,0.19492578050501277
Placebo,77,754,False,0.0
Placebo,77,983,True,0.39002783810997077
Placebo,77,1039,True,0.471890937485855
Placebo,77,1098,True,0.6334259819862929
Placebo,77,1120,True,0.0
Placebo,77,1275,True,0.37215163742027435
Placebo,77,1343,True,0.18786525296928558
Placebo,77,1483,True,0.24829423795790243
Placebo,77,2005,True,0.0
Placebo,77,2048,True,0.4439805046455673
Placebo,77,2379,True,0.6641299579359387
Placebo,77,2516,True,0.5156914769763015
Placebo,77,2601,True,0.0
Placebo,77,3210,True,0.1202980347688225
Placebo,77,3601,True,0.0
Placebo,77,3729,True,0.33428763101114456
Placebo,77,3832,True,0.22642305428151696
Placebo,77,4104,True,0.0
Placebo,77,4286,True,0.560930961341776
Placebo,77,4329,True,0.07245218800307755
Placebo,77,4553,True,0.2372960757806837
Placebo,77,4790,True,0.0
Placebo,77,4844,True,0.10699313236726382
Placebo,77,4994,True,0.4533990197616912
Placebo,77,5020,True,0.679747534333768
Placebo,77,5293,True,0.30481323816456346
Placebo,77,5338,True,0.7488981344334368
Placebo,77,5343,True,0.29145686271704163
Placebo,77,5464,True,0.18142668354987995
Placebo,77,5560,True,0.47951969687559953
Placebo,77,5719,True,0.30819877859731765
Placebo,77,6055,True,0.5925846332364243
Placebo,77,6121,True,0.4271963537317499
Placebo,77,6128,True,0.18333914161613912
Placebo,77,6197,True,0.2608451289965665
Placebo,77,6336,True,0.5592057196367459
Placebo,77,6577,True,0.526042412615225
Placebo,77,6717,True,0.0
Placebo,77,6906,True,0.0
Placebo,77,8550,True,0.0
Placebo,77,8576,True,0.5048654353960402
Placebo,77,8790,True,0.0
Placebo,77,8840,False,0.0
Placebo,77,8878,True,0.43780437421077245
Placebo,77,9337,True,0.27058427781116956
Placebo,77,9501,True,0.2971934171818293
Placebo,77,9512,False,0.0
Placebo,77,45,True,0.0771660742637523
Placebo,77,199,True,0.22400556151517553
Placebo,77,458,True,0.490463286587947
Placebo,77,564,True,0.8345649521268068
Placebo,77,717,True,0.031810394099475836
Placebo,77,1109,True,0.8392519188682778
Placebo,77,1576,True,0.08194017762746407
Placebo,77,1711,False,0.0
Placebo,77,1868,True,0.0
Placebo,77,1942,True,0.45235885105881823
Placebo,77,2001,True,0.06425604298318159
Placebo,77,2217,True,0.10202334487386137
Placebo,77,2354,True,0.39646158446207047
Placebo,77,2761,True,0.1130534017578721
Placebo,77,2980,True,0.1100458831490401
Placebo,77,3021,True,0.24829423795790243
Placebo,77,3030,True,0.1564262420075856
Placebo,77,3046,True,0.42978741596435127
Placebo,77,3050,True,0.6307216121225251
Placebo,77,3288,True,0.30481730225565107
Placebo,77,3302,True,0.44733145193602647
Placebo,77,3794,True,0.3129469708930862
Placebo,77,3920,True,0.4053967122558926
Placebo,77,3965,True,0.5161063524294682
Placebo,77,4193,True,0.39257257499578924
Placebo,77,4294,True,0.36621016247238986
Placebo,77,4383,True,0.363661514892913
Placebo,77,4474,True,0.049941400570997205
Placebo,77,5068,True,0.5107164012496702
Placebo,77,5258,True,0.0
Placebo,77,5306,True,0.6913224360625092
Placebo,77,5323,True,0.6154682734576106
Placebo,77,5421,True,0.5197901816969485
Placebo,77,5766,True,0.573783463737404
Placebo,77,5877,True,0.0
Placebo,77,5887,True,0.35275812326507017
Placebo,77,6126,True,0.107789154524511
Placebo,77,6190,True,0.37380667487008845
Placebo,77,6224,True,0.6699016406766829
Placebo,77,6465,True,0.0
Placebo,77,6853,True,0.37949778559468733
Placebo,77,6949,True,0.7715998106249742
Placebo,77,7107,True,0.05109165667032166
Placebo,77,7240,True,0.0
Placebo,77,7937,True,0.5218374337883426
Placebo,77,8015,True,0.2558209594125084
Placebo,77,8066,True,0.3470879777217875
Placebo,77,8202,True,0.08467188550601377
Placebo,77,8321,True,0.39136964357388504
Placebo,77,9222,True,0.18786525296928558
Placebo,77,9453,True,0.659787644319666
Placebo,77,73,True,0.509529415020951
Placebo,77,390,True,0.6536471511947713
Placebo,77,424,True,0.19519002499605084
Placebo,77,715,True,0.6362997296977378
Placebo,77,915,True,0.29062463495159
Placebo,77,1579,True,0.29197114385539585
Placebo,77,1643,True,0.06573584468332609
Placebo,77,1679,True,0.5757357915146059
Placebo,77,1982,True,0.1244541635112973
Placebo,77,2027,True,0.48151545549218827
Placebo,77,2211,True,0.0
Placebo,77,2228,True,0.20235501202161513
Placebo,77,2352,True,0.8409497675591887
Placebo,77,2520,True,0.04213992237575467
Placebo,77,2573,True,0.1551346154095083
Placebo,77,2630,True,0.4668728882728055
Placebo,77,2666,True,0.352701859432237
Placebo,77,2745,True,0.2534875295242522
Placebo,77,3149,True,0.4024544431909088
Placebo,77,3369,True,0.06362078819895167
Placebo,77,3617,True,0.40937735219369153
Placebo,77,3862,True,0.09614715734857844
Placebo,77,4124,True,0.49862446063690014
Placebo,77,4218,True,0.27887422079002827
Placebo,77,4268,True,0.5331271117271945
Placebo,77,4452,True,0.2816249726597773
Placebo,77,4522,True,0.5409351898492623
Placebo,77,4784,True,0.7571867188659122
Placebo,77,5139,True,0.0
Placebo,77,5438,True,0.07518830991146415
Placebo,77,5565,True,0.19173422056972433
Placebo,77,5684,True,0.503721947524978
Placebo,77,5775,True,0.44988737637276555
Placebo,77,6110,True,0.40734855613356546
Placebo,77,6488,True,0.08110155036904365
Placebo,77,6590,True,0.25637807543859287
Placebo,77,6793,True,0.34834666750752674
Placebo,77,7090,True,0.3643198783170372
Placebo,77,7112,True,0.7356683333451955
Placebo,77,7167,True,0.4191924018438334
Placebo,77,7287,True,0.5405717846080077
Placebo,77,7370,True,0.08068983099492914
Placebo,77,7547,True,0.33165756004017355
Placebo,77,7589,True,0.138668507531181
Placebo,77,7622,True,0.3619741410154483
Placebo,77,7640,False,0.0
Placebo,77,7757,True,0.0
Placebo,77,8162,True,0.5297546873957216
Placebo,77,8508,True,0.0
Placebo,77,8597,True,0.363757188473698
Placebo,77,8771,True,0.1681275362711174
Placebo,77,288,True,0.45006393050976357
Placebo,77,635,True,0.48223089688932813
Placebo,77,654,True,0.06490513563473839
Placebo,77,699,True,0.25469837558210445
Placebo,77,743,True,0.42072132306308957
Placebo,77,946,True,0.0
Placebo,77,976,True,0.0
Placebo,77,1144,True,0.6215327088428308
Placebo,77,1187,True,0.3672129362064055
Placebo,77,1384,True,0.10173202982488355
Placebo,77,1415,True,0.5395883888439039
Placebo,77,1443,True,0.3283995684774713
Placebo,77,1629,True,0.05214426484655786
Placebo,77,1684,True,0.033971700459145354
Placebo,77,1802,True,0.20097854486752195
Placebo,77,1914,True,0.2955908308824258
Placebo,77,2046,True,0.0
Placebo,77,2071,True,0.34248680303377194
Placebo,77,2340,True,0.09681446384354923
Placebo,77,2749,True,0.5011984397925712
Placebo,77,3517,True,0.5033416265947956
Placebo,77,3758,True,0.0
Placebo,77,4110,True,0.24451527223347228
Placebo,77,4111,True,0.10633668103022988
Placebo,77,4144,True,0.3012168925666759
Placebo,77,5021,True,0.3592214174512367
Placebo,77,5032,True,0.28192888494377444
Placebo,77,5096,True,0.0953668313553538
Placebo,77,5109,True,0.5524722352170922
Placebo,77,5114,True,0.12851208596636318
Placebo,77,5977,True,0.38685280723454163
Placebo,77,5984,True,0.5150492008986424
Placebo,77,6353,True,0.6517975392250366
Placebo,77,6373,True,0.4788863145073439
Placebo,77,6539,True,0.0
Placebo,77,6554,True,0.5940374758551245
Placebo,77,6884,True,0.0
Placebo,77,6955,True,0.09515663188532464
Placebo,77,7020,True,0.39797091966995973
Placebo,77,7029,True,0.08148835874915306
Placebo,77,7280,True,0.1803895185407797
Placebo,77,7394,True,0.3266325976754139
Placebo,77,7795,True,0.4435615317025548
Placebo,77,8108,True,0.31131846682044945
Placebo,77,8560,True,0.34124746878632595
Placebo,77,8632,True,0.5568548506355521
Placebo,77,8657,True,0.16249889906511036
Placebo,77,8777,True,0.5764602143819164
Placebo,77,9151,True,0.09010000865236774
Placebo,77,9609,True,0.42490636875476945
Placebo,78,102,True,0.4675743740085918
Placebo,78,314,True,0.5113551315389585
Placebo,78,1068,True,0.3754587677459321
Placebo,78,1525,True,0.16128457888103034
Placebo,78,1795,True,0.4810755756129247
Placebo,78,1929,True,0.5551388020042924
Placebo,78,1931,True,0.12177613510506172
Placebo,78,1991,True,0.1551068681093093
Placebo,78,2528,True,0.4463057788112576
Placebo,78,2697,True,0.3844147625760801
Placebo,78,2834,True,0.27131032001607847
Placebo,78,2845,True,0.2590684753364654
Placebo,78,3031,True,0.16439938366374046
Placebo,78,3250,True,0.34006274621402094
Placebo,78,3308,True,0.22582579804650546
Placebo,78,3402,True,0.17280430617228196
Placebo,78,3426,True,0.10972431200457408
Placebo,78,3449,True,0.7475629616051573
Placebo,78,3756,True,0.46582309483828654
Placebo,78,4141,True,0.5563822981697127
Placebo,78,4210,True,0.33425183886120524
Placebo,78,4516,True,0.05390557706473365
Placebo,78,4692,True,0.0
Placebo,78,4700,True,0.23729607578068374
Placebo,78,4910,False,0.0
Placebo,78,4962,True,0.5224955967919311
Placebo,78,5275,True,0.24639075599267835
Placebo,78,5671,True,0.1973977853906857
Placebo,78,5683,True,0.24089664576134562
Placebo,78,6067,True,0.4016078427217244
Placebo,78,6378,True,0.5861837032204231
Placebo,78,6495,True,0.44903386058983885
Placebo,78,6868,True,0.6900922268370865
Placebo,78,6880,True,0.5815509816980082
Placebo,78,7144,True,0.278778233687273
Placebo,78,7413,True,0.5567446791453511
Placebo,78,7526,True,0.19783987238813025
Placebo,78,7531,True,0.0
Placebo,78,7577,True,0.0
Placebo,78,7621,True,0.30564589522380375
Placebo,78,8198,True,0.4017199172793669
Placebo,78,8442,True,0.0
Placebo,78,8452,True,0.5284833814235139
Placebo,78,8476,True,0.4953751312791229
Placebo,78,8541,True,0.5671352244852138
Placebo,78,8802,True,0.0
Placebo,78,8816,True,0.11591982604869
Placebo,78,8852,True,0.25339584447728963
Placebo,78,9099,True,0.4678013442899582
Placebo,78,9479,True,0.0
Placebo,78,9625,False,0.0
Placebo,78,96,True,0.0
Placebo,78,171,True,0.626690828977193
Placebo,78,328,True,0.3903800499921017
Placebo,78,387,True,0.33307254436199807
Placebo,78,754,False,0.0
Placebo,78,983,True,0.29606764076601944
Placebo,78,1039,True,0.530369919287654
Placebo,78,1098,True,0.3849032205176019
Placebo,78,1120,True,0.6131471927654585
Placebo,78,1275,True,0.5295783491962809
Placebo,78,1343,True,0.25624617116768683
Placebo,78,1483,True,0.09452854666581807
Placebo,78,2005,True,0.1565406896596897
Placebo,78,2048,True,0.7826759579078219
Placebo,78,2379,True,0.6416162582486331
Placebo,78,2516,True,0.41025976508871653
Placebo,78,2601,True,0.3157738690760752
Placebo,78,3210,True,0.3236672668808824
Placebo,78,3601,True,0.0
Placebo,78,3729,True,0.32546947867315956
Placebo,78,3832,True,0.49214405214757817
Placebo,78,4104,True,0.13963012545783937
Placebo,78,4286,True,0.6294600355318283
Placebo,78,4329,True,0.08372491399919352
Placebo,78,4553,True,0.11626689169366879
Placebo,78,4790,True,0.1244541635112973
Placebo,78,4844,True,0.0
Placebo,78,4994,True,0.11916438215974266
Placebo,78,5020,True,0.49782515880123895
Placebo,78,5293,True,0.3503368608014307
Placebo,78,5338,True,0.6304944236598478
Placebo,78,5343,True,0.17806157836289221
Placebo,78,5464,True,0.2159422931258126
Placebo,78,5560,True,0.48895786634353944
Placebo,78,5719,True,0.16451238048534786
Placebo,78,6055,True,0.21465388163105176
Placebo,78,6121,True,0.4201862042983995
Placebo,78,6128,True,0.14383786710844992
Placebo,78,6197,True,0.2854740619739157
Placebo,78,6336,True,0.49219299573381753
Placebo,78,6577,True,0.41000298147161474
Placebo,78,6717,True,0.0
Placebo,78,6906,True,0.0
Placebo,78,8550,True,0.0
Placebo,78,8576,True,0.38053802109353063
Placebo,78,8790,True,0.0
Placebo,78,8840,False,0.0
Placebo,78,8878,True,0.29248919736672463
Placebo,78,9337,True,0.19150265143746747
Placebo,78,9501,True,0.4064844053799218
Placebo,78,9512,False,0.0
Placebo,78,45,True,0.1687141988059533
Placebo,78,199,True,0.06362078819895167
Placebo,78,458,True,0.49975657373776916
Placebo,78,564,True,0.8197017561712122
Placebo,78,717,True,0.1100458831490401
Placebo,78,1109,True,0.7597389801850971
Placebo,78,1576,True,0.16771752171325532
Placebo,78,1711,False,0.0
Placebo,78,1868,True,0.0
Placebo,78,1942,True,0.3246870614984109
Placebo,78,2001,True,0.21725792024403554
Placebo,78,2217,True,0.0
Placebo,78,2354,True,0.24202890677010594
Placebo,78,2761,True,0.09803928583135697
Placebo,78,2980,True,0.1072099522584416
Placebo,78,3021,True,0.4414412234247102
Placebo,78,3030,True,0.3056199281123407
Placebo,78,3046,True,0.22984433554959885
Placebo,78,3050,True,0.6215489466423845
Placebo,78,3288,True,0.18772457822646713
Placebo,78,3302,True,0.4073664231773364
Placebo,78,3794,True,0.07433598254250207
Placebo,78,3920,True,0.23177322471799053
Placebo,78,3965,True,0.07366373991453432
Placebo,78,4193,True,0.32211206262084796
Placebo,78,4294,True,0.0
Placebo,78,4383,True,0.6323101113637192
Placebo,78,4474,True,0.0984700362449109
Placebo,78,5068,True,0.605504765619221
Placebo,78,5258,True,0.19687407778989194
Placebo,78,5306,True,0.6651036805038407
Placebo,78,5323,True,0.6871058644755621
Placebo,78,5421,True,0.7347272351230145
Placebo,78,5766,True,0.6034555924332832
Placebo,78,5877,True,0.0
Placebo,78,5887,True,0.42953284886124454
Placebo,78,6126,True,0.0
Placebo,78,6190,True,0.5612903901857478
Placebo,78,6224,True,0.27819816961795096
Placebo,78,6465,True,0.0
Placebo,78,6853,True,0.09681446384354923
Placebo,78,6949,True,0.4177395444694159
Placebo,78,7107,True,0.0
Placebo,78,7240,True,0.0
Placebo,78,7937,True,0.7411902110103872
Placebo,78,8015,True,0.21315197778272865
Placebo,78,8066,True,0.4339056032422192
Placebo,78,8202,True,0.36511117902848805
Placebo,78,8321,True,0.4024054996046694
Placebo,78,9222,True,0.2830218848546102
Placebo,78,9453,True,0.5682603028071802
Placebo,78,73,True,0.2087028465160801
Placebo,78,390,True,0.3899368314097066
Placebo,78,424,True,0.13012668333070063
Placebo,78,715,True,0.5487453003741344
Placebo,78,915,True,0.18844415212771548
Placebo,78,1579,True,0.5295507598140349
Placebo,78,1643,True,0.0
Placebo,78,1679,True,0.5335412538936299
Placebo,78,1982,True,0.17366667134799177
Placebo,78,2027,True,0.44932605692819977
Placebo,78,2211,True,0.0
Placebo,78,2228,True,0.3150162934772147
Placebo,78,2352,True,0.0
Placebo,78,2520,True,0.213047415432132
Placebo,78,2573,True,0.07588109553901774
Placebo,78,2630,True,0.6191763903697513
Placebo,78,2666,True,0.21329966488207747
Placebo,78,2745,True,0.472257900478642
Placebo,78,3149,True,0.4229400186734781
Placebo,78,3369,True,0.642186726668901
Placebo,78,3617,True,0.3618189494304703
Placebo,78,3862,True,0.0
Placebo,78,4124,True,0.3736925466767846
Placebo,78,4218,True,0.27846366494479263
Placebo,78,4268,True,0.46915869313521114
Placebo,78,4452,True,0.0
Placebo,78,4522,True,0.4576729343707697
Placebo,78,4784,True,0.5971390332852066
Placebo,78,5139,True,0.0
Placebo,78,5438,True,0.30379575905719475
Placebo,78,5565,True,0.07491210085649577
Placebo,78,5684,True,0.32839375624697265
Placebo,78,5775,True,0.4479321408033599
Placebo,78,6110,True,0.16816240827387505
Placebo,78,6488,True,0.19783987238813025
Placebo,78,6590,True,0.5218121540743896
Placebo,78,6793,True,0.5259739854071134
Placebo,78,7090,True,0.3715400884979601
Placebo,78,7112,True,0.40148117388554383
Placebo,78,7167,True,0.41313374407848147
Placebo,78,7287,True,0.7171097976465821
Placebo,78,7370,True,0.39534118953014374
Placebo,78,7547,True,0.24875737974740056
Placebo,78,7589,True,0.10218331334064325
Placebo,78,7622,True,0.183597306122996
Placebo,78,7640,False,0.0
Placebo,78,7757,True,0.18205829600333914
Placebo,78,8162,True,0.4465553650775162
Placebo,78,8508,True,0.09162544430476369
Placebo,78,8597,True,0.2930581924954414
Placebo,78,8771,True,0.0
Placebo,78,288,True,0.40624023493398764
Placebo,78,635,True,0.2837347307064471
Placebo,78,654,True,0.0
Placebo,78,699,True,0.20483424751859086
Placebo,78,743,True,0.29339581674992365
Placebo,78,946,True,0.0
Placebo,78,976,True,0.07945707943276738
Placebo,78,1144,True,0.7777868824664432
Placebo,78,1187,True,0.2823349373608756
Placebo,78,1384,True,0.06801744314752252
Placebo,78,1415,True,0.2314528601453366
Placebo,78,1443,True,0.6572702983393892
Placebo,78,1629,True,0.32809472137754436
Placebo,78,1684,True,0.2094832923174002
Placebo,78,1802,True,0.0938991369026191
Placebo,78,1914,True,0.4633376840122216
Placebo,78,2046,True,0.0
Placebo,78,2071,True,0.3597098549503273
Placebo,78,2340,True,0.0
Placebo,78,2749,True,0.4469942090959217
Placebo,78,3517,True,0.30234268509491213
Placebo,78,3758,True,0.19225423554531867
Placebo,78,4110,True,0.4122173681301889
Placebo,78,4111,True,0.13743816645714546
Placebo,78,4144,True,0.5403239641497203
Placebo,78,5021,True,0.0
Placebo,78,5032,True,0.6651017357820843
Placebo,78,5096,True,0.036793720670496216
Placebo,78,5109,True,0.6629297945969611
Placebo,78,5114,True,0.30447636616812623
Placebo,78,5977,True,0.0
Placebo,78,5984,True,0.4547186145375363
Placebo,78,6353,True,0.5640088316282068
Placebo,78,6373,True,0.36473216287152505
Placebo,78,6539,True,0.0
Placebo,78,6554,True,0.4990657685455936
Placebo,78,6884,True,0.0
Placebo,78,6955,True,0.16392692279291393
Placebo,78,7020,True,0.5120633393244544
Placebo,78,7029,True,0.32523197155095235
Placebo,78,7280,True,0.17394295399340132
Placebo,78,7394,True,0.17653014734333272
Placebo,78,7795,True,0.55502294157452
Placebo,78,8108,True,0.4161217467038841
Placebo,78,8560,True,0.5850176479701246
Placebo,78,8632,True,0.13108999905939342
Placebo,78,8657,True,0.048753830672500074
Placebo,78,8777,True,0.7283140731740984
Placebo,78,9151,True,0.07979453856244821
Placebo,78,9609,True,0.5825721709362504
Placebo,79,102,True,0.6984677180642301
Placebo,79,314,True,0.3903794713449151
Placebo,79,1068,True,0.37374034137398926
Placebo,79,1525,True,0.14982420171299154
Placebo,79,1795,True,0.3329181355478703
Placebo,79,1929,True,0.35184448828832693
Placebo,79,1931,True,0.0
Placebo,79,1991,True,0.20324943838679485
Placebo,79,2528,True,0.724550758647985
Placebo,79,2697,True,0.629400987896857
Placebo,79,2834,True,0.4500183288171239
Placebo,79,2845,True,0.10458024921213012
Placebo,79,3031,True,0.23087230032339748
Placebo,79,3250,True,0.40280854071618366
Placebo,79,3308,True,0.32629327936646235
Placebo,79,3402,True,0.08948744797499747
Placebo,79,3426,True,0.08173891239734137
Placebo,79,3449,True,0.28190741767418437
Placebo,79,3756,True,0.2646202227274384
Placebo,79,4141,True,0.6215489466423846
Placebo,79,4210,True,0.4331496550011262
Placebo,79,4516,True,0.11298087547243421
Placebo,79,4692,True,0.319393943239799
Placebo,79,4700,True,0.10644692083071636
Placebo,79,4910,False,0.0
Placebo,79,4962,True,0.5603033199283012
Placebo,79,5275,True,0.19976560228398874
Placebo,79,5671,True,0.4021621449255914
Placebo,79,5683,True,0.3440165502609546
Placebo,79,6067,True,0.6374933001265279
Placebo,79,6378,True,0.40577792393614226
Placebo,79,6495,True,0.5357145428748992
Placebo,79,6868,True,0.6807351507646946
Placebo,79,6880,True,0.4698129175128596
Placebo,79,7144,True,0.17330686506964346
Placebo,79,7413,True,0.3592515326385489
Placebo,79,7526,True,0.3665017772190546
Placebo,79,7531,True,0.0
Placebo,79,7577,True,0.0
Placebo,79,7621,True,0.17486600805833882
Placebo,79,8198,True,0.2754885769215534
Placebo,79,8442,True,0.0776895369576595
Placebo,79,8452,True,0.4232979544520078
Placebo,79,8476,True,0.27379206539338585
Placebo,79,8541,True,0.7207001836653165
Placebo,79,8802,True,0.14573430957781996
Placebo,79,8816,True,0.09020315758404246
Placebo,79,8852,True,0.0
Placebo,79,9099,True,0.30119318209275403
Placebo,79,9479,True,0.0
Placebo,79,9625,False,0.0
Placebo,79,96,True,0.1356519734324477
Placebo,79,171,True,0.3572048559638627
Placebo,79,328,True,0.0
Placebo,79,387,True,0.12217637418940484
Placebo,79,754,False,0.0
Placebo,79,983,True,0.503342626028148
Placebo,79,1039,True,0.3820850667134059
Placebo,79,1098,True,0.37830653192833874
Placebo,79,1120,True,0.26406812257259077
Placebo,79,1275,True,0.280783052686258
Placebo,79,1343,True,0.21000938237487732
Placebo,79,1483,True,0.159054318175663
Placebo,79,2005,True,0.0
Placebo,79,2048,True,0.6057934184311047
Placebo,79,2379,True,0.5746316961408394
Placebo,79,2516,True,0.5568039685362098
Placebo,79,2601,True,0.19719207292785226
Placebo,79,3210,True,0.29690253920937626
Placebo,79,3601,True,0.15101961822780524
Placebo,79,3729,True,0.5565132684268366
Placebo,79,3832,True,0.28580728394579397
Placebo,79,4104,True,0.09325030741737927
Placebo,79,4286,True,0.5617580204681627
Placebo,79,4329,True,0.26291239955235957
Placebo,79,4553,True,0.0
Placebo,79,4790,True,0.1427951440361374
Placebo,79,4844,True,0.16958010263680806
Placebo,79,4994,True,0.2721728259211651
Placebo,79,5020,True,0.5691013464605408
Placebo,79,5293,True,0.10752879370735227
Placebo,79,5338,True,0.7021637772913921
Placebo,79,5343,True,0.06784272269558313
Placebo,79,5464,True,0.04992274367141086
Placebo,79,5560,True,0.46491599066425787
Placebo,79,5719,True,0.340473228522439
Placebo,79,6055,True,0.39749351961824186
Placebo,79,6121,True,0.3242632623943688
Placebo,79,6128,True,0.430664841521448
Placebo,79,6197,True,0.5355741757480483
Placebo,79,6336,True,0.47449746754797534
Placebo,79,6577,True,0.5073364691391314
Placebo,79,6717,True,0.11377041810078817
Placebo,79,6906,True,0.0
Placebo,79,8550,True,0.1934264036172709
Placebo,79,8576,True,0.5630859307719109
Placebo,79,8790,True,0.0
Placebo,79,8840,False,0.0
Placebo,79,8878,True,0.07834851647149517
Placebo,79,9337,True,0.0
Placebo,79,9501,True,0.41868647858394903
Placebo,79,9512,False,0.0
Placebo,79,45,True,0.20895101710938965
Placebo,79,199,True,0.1794771050858174
Placebo,79,458,True,0.6205112707595567
Placebo,79,564,True,0.9024054996046694
Placebo,79,717,True,0.1100458831490401
Placebo,79,1109,True,0.6629705970978407
Placebo,79,1576,True,0.1893782510652862
Placebo,79,1711,False,0.0
Placebo,79,1868,True,0.0
Placebo,79,1942,True,0.45164897158398676
Placebo,79,2001,True,0.1940195426432495
Placebo,79,2217,True,0.09138839576037104
Placebo,79,2354,True,0.34376984295086727
Placebo,79,2761,True,0.10699313236726382
Placebo,79,2980,True,0.06362078819895167
Placebo,79,3021,True,0.29019533762859046
Placebo,79,3030,True,0.17435112375177755
Placebo,79,3046,True,0.15286214083443714
Placebo,79,3050,True,0.7004535795180256
Placebo,79,3288,True,0.45437441713023236
Placebo,79,3302,True,0.18822297613962133
Placebo,79,3794,True,0.08340940864997516
Placebo,79,3920,True,0.25025842260007913
Placebo,79,3965,True,0.06370866775185363
Placebo,79,4193,True,0.25810421612773937
Placebo,79,4294,True,0.07117026412480269
Placebo,79,4383,True,0.4774882544960185
Placebo,79,4474,True,0.2154266816067841
Placebo,79,5068,True,0.4252084336260237
Placebo,79,5258,True,0.0
Placebo,79,5306,True,0.4901777020662867
Placebo,79,5323,True,0.6713362733347878
Placebo,79,5421,True,0.7189162585750379
Placebo,79,5766,True,0.6442791301835858
Placebo,79,5877,True,0.1595941273323779
Placebo,79,5887,True,0.4613716503987453
Placebo,79,6126,True,0.08747171410140814
Placebo,79,6190,True,0.6293257304615015
Placebo,79,6224,True,0.1388624438735545
Placebo,79,6465,True,0.15130120674940675
Placebo,79,6853,True,0.04236776600349701
Placebo,79,6949,True,0.4182998203005259
Placebo,79,7107,True,0.31268604242596465
Placebo,79,7240,True,0.2184074368181643
Placebo,79,7937,True,0.7504522331129905
Placebo,79,8015,True,0.08472992489971985
Placebo,79,8066,True,0.33389099584442816
Placebo,79,8202,True,0.17024279559057867
Placebo,79,8321,True,0.35814372275148404
Placebo,79,9222,True,0.06003715030609779
Placebo,79,9453,True,0.5942421563243421
Placebo,79,73,True,0.18809346402717642
Placebo,79,390,True,0.4258580660795965
Placebo,79,424,True,0.0
Placebo,79,715,True,0.6566424084508704
Placebo,79,915,True,0.13568544539116625
Placebo,79,1579,True,0.3585158123294841
Placebo,79,1643,True,0.13777597210996184
Placebo,79,1679,True,0.6248216971919414
Placebo,79,1982,True,0.07839826897867538
Placebo,79,2027,True,0.2971691843685573
Placebo,79,2211,True,0.24676163983887406
Placebo,79,2228,True,0.4814702431007539
Placebo,79,2352,True,0.0
Placebo,79,2520,True,0.32156826844810094
Placebo,79,2573,True,0.2172607128522299
Placebo,79,2630,True,0.625437338551943
Placebo,79,2666,True,0.4890009301949702
Placebo,79,2745,True,0.11766309673060515
Placebo,79,3149,True,0.5073426671669508
Placebo,79,3369,True,0.29470381737701795
Placebo,79,3617,True,0.4180994710700669
Placebo,79,3862,True,0.36121211352040195
Placebo,79,4124,True,0.24433937529463431
Placebo,79,4218,True,0.4734166867566501
Placebo,79,4268,True,0.6103165685918513
Placebo,79,4452,True,0.0
Placebo,79,4522,True,0.304604356051042
Placebo,79,4784,True,0.7699936694497695
Placebo,79,5139,True,0.0
Placebo,79,5438,True,0.10618111291975607
Placebo,79,5565,True,0.053368457452889664
Placebo,79,5684,True,0.6307117312774984
Placebo,79,5775,True,0.550770786630823
Placebo,79,6110,True,0.20800573477650638
Placebo,79,6488,True,0.0
Placebo,79,6590,True,0.131992192941818
Placebo,79,6793,True,0.19754531367442973
Placebo,79,7090,True,0.33983462792567093
Placebo,79,7112,True,0.39311886294821574
Placebo,79,7167,True,0.46400267563858655
Placebo,79,7287,True,0.37660048669396007
Placebo,79,7370,True,0.25769778453733283
Placebo,79,7547,True,0.29044220996057724
Placebo,79,7589,True,0.2130483765146811
Placebo,79,7622,True,0.46706398797208626
Placebo,79,7640,False,0.0
Placebo,79,7757,True,0.0776895369576595
Placebo,79,8162,True,0.6104142815163937
Placebo,79,8508,True,0.08916963639944173
Placebo,79,8597,True,0.3595396044125076
Placebo,79,8771,True,0.0
Placebo,79,288,True,0.5323508170131406
Placebo,79,635,True,0.2880464309318129
Placebo,79,654,True,0.09285825605119433
Placebo,79,699,True,0.266589482504704
Placebo,79,743,True,0.30389229178066335
Placebo,79,946,True,0.0
Placebo,79,976,True,0.13743816645714546
Placebo,79,1144,True,0.5617000036394376
Placebo,79,1187,True,0.41368258911218686
Placebo,79,1384,True,0.22889314234623928
Placebo,79,1415,True,0.46256470668070715
Placebo,79,1443,True,0.29062714271927526
Placebo,79,1629,True,0.22010879042717113
Placebo,79,1684,True,0.07414861528507459
Placebo,79,1802,True,0.10644692083071636
Placebo,79,1914,True,0.5174318176988805
Placebo,79,2046,True,0.0
Placebo,79,2071,True,0.3759322613612985
Placebo,79,2340,True,0.15902694705218234
Placebo,79,2749,True,0.28042179014987983
Placebo,79,3517,True,0.3427805671093609
Placebo,79,3758,True,0.16842717545221186
Placebo,79,4110,True,0.19996967285846598
Placebo,79,4111,True,0.0
Placebo,79,4144,True,0.12373527819619086
Placebo,79,5021,True,0.5102274247214043
Placebo,79,5032,True,0.5548688818689583
Placebo,79,5096,True,0.16337729969415685
Placebo,79,5109,True,0.5850259847228039
Placebo,79,5114,True,0.3643592367543294
Placebo,79,5977,True,0.0
Placebo,79,5984,True,0.44265779948711215
Placebo,79,6353,True,0.48718021887893687
Placebo,79,6373,True,0.2559288215490167
Placebo,79,6539,True,0.30657359638272924
Placebo,79,6554,True,0.4389823346008207
Placebo,79,6884,True,0.0
Placebo,79,6955,True,0.23073853659950477
Placebo,79,7020,True,0.3984419062105857
Placebo,79,7029,True,0.3440093479123342
Placebo,79,7280,True,0.32488693379532807
Placebo,79,7394,True,0.11855869896734009
Placebo,79,7795,True,0.4808681771169109
Placebo,79,8108,True,0.6320787427864671
Placebo,79,8560,True,0.31822763757903333
Placebo,79,8632,True,0.4457619113715535
Placebo,79,8657,True,0.08097835992217972
Placebo,79,8777,True,0.7904027188470817
Placebo,79,9151,True,0.1744142429082535
Placebo,79,9609,True,0.4631896595828493
SY_onet,-1,102,True,0.5046465041600657
SY_onet,-1,314,True,0.4545529484341614
SY_onet,-1,1068,True,0.4497553637705444
SY_onet,-1,1525,True,0.19915384749599935
SY_onet,-1,1795,True,0.7104363194921274
SY_onet,-1,1929,True,0.8483652808904947
SY_onet,-1,1931,True,0.2186470203973692
SY_onet,-1,1991,True,0.4952267774199292
SY_onet,-1,2528,True,0.8614864106106179
SY_onet,-1,2697,True,0.19130108232354595
SY_onet,-1,2834,True,0.31072804129451254
SY_onet,-1,2845,True,0.5885280719333659
SY_onet,-1,3031,True,0.8891467743906422
SY_onet,-1,3250,True,0.8185692562961558
SY_onet,-1,3308,True,0.8382526967647638
SY_onet,-1,3402,True,0.5089698940035242
SY_onet,-1,3426,True,0.837625059081231
SY_onet,-1,3449,True,0.8593520338491144
SY_onet,-1,3756,True,0.56126109166141
SY_onet,-1,4141,True,0.9609923972590939
SY_onet,-1,4210,True,0.5846473889751922
SY_onet,-1,4516,True,0.4624540804588138
SY_onet,-1,4692,True,0.10365609523828911
SY_onet,-1,4700,True,0.3982094952028614
SY_onet,-1,4910,False,0.0
SY_onet,-1,4962,True,0.7237182743958346
SY_onet,-1,5275,True,0.7201614654092954
SY_onet,-1,5671,True,0.3816149224071399
SY_onet,-1,5683,True,0.43438203888173876
SY_onet,-1,6067,True,0.8458146076560211
SY_onet,-1,6378,True,0.9038431315257452
SY_onet,-1,6495,True,0.7421247499818379
SY_onet,-1,6868,True,0.7861275864007962
SY_onet,-1,6880,True,0.7469670920386111
SY_onet,-1,7144,True,0.6619881269276305
SY_onet,-1,7413,True,0.47168590220079354
SY_onet,-1,7526,True,0.21349678382124715
SY_onet,-1,7531,True,0.0
SY_onet,-1,7577,True,0.4727216124189397
SY_onet,-1,7621,True,0.6599110528087664
SY_onet,-1,8198,True,0.5899704639960686
SY_onet,-1,8442,True,0.21856279505579207
SY_onet,-1,8452,True,0.7890260446424866
SY_onet,-1,8476,True,0.8973000184168798
SY_onet,-1,8541,True,0.9210095434398522
SY_onet,-1,8802,True,0.2996484034259831
SY_onet,-1,8816,True,0.06188501370588133
SY_onet,-1,8852,True,0.0
SY_onet,-1,9099,True,0.5048825871734248
SY_onet,-1,9479,True,0.5396600990843491
SY_onet,-1,9625,False,0.0
SY_onet,-1,96,True,0.20306626074160927
SY_onet,-1,171,True,0.7941176470588235
SY_onet,-1,328,True,0.41917520575527195
SY_onet,-1,387,True,0.7690852575185936
SY_onet,-1,754,False,0.0
SY_onet,-1,983,True,0.867677418730129
SY_onet,-1,1039,True,0.5014517018205754
SY_onet,-1,1098,True,0.4654929419738054
SY_onet,-1,1120,True,0.5
SY_onet,-1,1275,True,0.8827615127685113
SY_onet,-1,1343,True,0.47933598219774404
SY_onet,-1,1483,True,0.671633586304013
SY_onet,-1,2005,True,0.5874143067447019
SY_onet,-1,2048,True,0.5657994382029501
SY_onet,-1,2379,True,0.9306656782508628
SY_onet,-1,2516,True,0.8881834386231896
SY_onet,-1,2601,True,0.8753470229014354
SY_onet,-1,3210,True,0.5250177146632045
SY_onet,-1,3601,True,0.19519002499605084
SY_onet,-1,3729,True,0.38595214970813646
SY_onet,-1,3832,True,0.8274181317911375
SY_onet,-1,4104,True,0.3865752278591919
SY_onet,-1,4286,True,0.6075364083204309
SY_onet,-1,4329,True,0.12813813100058544
SY_onet,-1,4553,True,0.7804612372782997
SY_onet,-1,4790,True,0.38461538461538464
SY_onet,-1,4844,True,0.8687949224876581
SY_onet,-1,4994,True,0.6092331015040375
SY_onet,-1,5020,True,0.5794827404847337
SY_onet,-1,5293,True,0.8450883336564152
SY_onet,-1,5338,True,1.0
SY_onet,-1,5343,True,0.7762846875746902
SY_onet,-1,5464,True,0.13936391544559115
SY_onet,-1,5560,True,0.5909090909090909
SY_onet,-1,5719,True,0.5865640635099569
SY_onet,-1,6055,True,0.6323297564256208
SY_onet,-1,6121,True,0.6376292335134823
SY_onet,-1,6128,True,0.6184011356196548
SY_onet,-1,6197,True,0.33946859402450064
SY_onet,-1,6336,True,0.6418770677575474
SY_onet,-1,6577,True,0.6336700948897689
SY_onet,-1,6717,True,0.8193939432397991
SY_onet,-1,6906,True,0.4727216124189397
SY_onet,-1,8550,True,0.0
SY_onet,-1,8576,True,0.6392209629184405
SY_onet,-1,8790,True,0.2524199632271303
SY_onet,-1,8840,False,0.0
SY_onet,-1,8878,True,0.7015814140484508
SY_onet,-1,9337,True,0.48253541097078617
SY_onet,-1,9501,True,0.8836809045159169
SY_onet,-1,9512,False,0.0
SY_onet,-1,45,True,0.4931467365589413
SY_onet,-1,199,True,0.467804291919538
SY_onet,-1,458,True,0.787297754444931
SY_onet,-1,564,True,1.0
SY_onet,-1,717,True,0.5184960566679857
SY_onet,-1,1109,True,0.518263673513751
SY_onet,-1,1576,True,0.3354350434265104
SY_onet,-1,1711,False,0.0
SY_onet,-1,1868,True,0.4177085209860735
SY_onet,-1,1942,True,0.5376309756044317
SY_onet,-1,2001,True,0.6961062534425904
SY_onet,-1,2217,True,0.48297044763636093
SY_onet,-1,2354,True,0.6392928332961241
SY_onet,-1,2761,True,0.654413722436273
SY_onet,-1,2980,True,0.08865526880605053
SY_onet,-1,3021,True,0.6322482171662628
SY_onet,-1,3030,True,0.11845531876593875
SY_onet,-1,3046,True,0.4793172677517875
SY_onet,-1,3050,True,0.8700152943830134
SY_onet,-1,3288,True,0.5233295126380394
SY_onet,-1,3302,True,0.5445200967008983
SY_onet,-1,3794,True,0.09796377083707077
SY_onet,-1,3920,True,0.9264200653138777
SY_onet,-1,3965,True,0.23750901520500708
SY_onet,-1,4193,True,0.8054831077310057
SY_onet,-1,4294,True,0.5509990843357719
SY_onet,-1,4383,True,0.8170010713119281
SY_onet,-1,4474,True,0.5271816673052844
SY_onet,-1,5068,True,0.6480838413418348
SY_onet,-1,5258,True,0.18322608909137003
SY_onet,-1,5306,True,0.8380853980345666
SY_onet,-1,5323,True,0.9350624941733298
SY_onet,-1,5421,True,0.757596089525079
SY_onet,-1,5766,True,0.8978166866593567
SY_onet,-1,5877,True,0.2748455448705707
SY_onet,-1,5887,True,0.6106361075934803
SY_onet,-1,6126,True,0.2160014472308105
SY_onet,-1,6190,True,0.687945419227829
SY_onet,-1,6224,True,0.8975828762407044
SY_onet,-1,6465,True,0.7085944084853469
SY_onet,-1,6853,True,0.6299180670079321
SY_onet,-1,6949,True,0.6447614941174288
SY_onet,-1,7107,True,0.7248300387158365
SY_onet,-1,7240,True,0.08356628694410366
SY_onet,-1,7937,True,0.7348597009924472
SY_onet,-1,8015,True,0.18276833110715227
SY_onet,-1,8066,True,0.3462870432070575
SY_onet,-1,8202,True,0.6984609163175579
SY_onet,-1,8321,True,0.7895796504845174
SY_onet,-1,9222,True,0.10172936550202397
SY_onet,-1,9453,True,0.9351068424668154
SY_onet,-1,73,True,0.30528489648120444
SY_onet,-1,390,True,0.507221372534277
SY_onet,-1,424,True,0.20867234371117746
SY_onet,-1,715,True,0.8609045448367855
SY_onet,-1,915,True,0.7971047687950232
SY_onet,-1,1579,True,0.38823654384910433
SY_onet,-1,1643,True,0.71229144280931
SY_onet,-1,1679,True,0.8858747680940112
SY_onet,-1,1982,True,0.6383066085123901
SY_onet,-1,2027,True,0.7130121405176216
SY_onet,-1,2211,True,0.0528804623684848
SY_onet,-1,2228,True,0.5934511988418422
SY_onet,-1,2352,True,0.06378109476114834
SY_onet,-1,2520,True,0.9969338487716405
SY_onet,-1,2573,True,0.6138182496877636
SY_onet,-1,2630,True,0.912757691538045
SY_onet,-1,2666,True,0.0
SY_onet,-1,2745,True,0.3863354061490788
SY_onet,-1,3149,True,0.4603174603174603
SY_onet,-1,3369,True,0.41053447452761876
SY_onet,-1,3617,True,0.736645637857779
SY_onet,-1,3862,True,0.09674568888906984
SY_onet,-1,4124,True,0.9212898526396838
SY_onet,-1,4218,True,0.6032440005209078
SY_onet,-1,4268,True,0.6098382534154675
SY_onet,-1,4452,True,0.09820657297004319
SY_onet,-1,4522,True,0.7748154886728843
SY_onet,-1,4784,True,0.6408450704225352
SY_onet,-1,5139,True,0.3228034636867848
SY_onet,-1,5438,True,0.5056740538176909
SY_onet,-1,5565,True,0.6667803881756482
SY_onet,-1,5684,True,0.578548575147685
SY_onet,-1,5775,True,0.5360393057572517
SY_onet,-1,6110,True,0.812333674358485
SY_onet,-1,6488,True,0.22340445297373085
SY_onet,-1,6590,True,0.7321765605118505
SY_onet,-1,6793,True,0.559859126925025
SY_onet,-1,7090,True,0.7141728984334621
SY_onet,-1,7112,True,0.7546061992391142
SY_onet,-1,7167,True,0.5960803501521602
SY_onet,-1,7287,True,0.862971338367351
SY_onet,-1,7370,True,0.9088778790525133
SY_onet,-1,7547,True,0.6824449409119863
SY_onet,-1,7589,True,0.7601154577686207
SY_onet,-1,7622,True,0.5263429722318186
SY_onet,-1,7640,False,0.0
SY_onet,-1,7757,True,0.9108409685734606
SY_onet,-1,8162,True,0.8806796824016635
SY_onet,-1,8508,True,0.3676421039921877
SY_onet,-1,8597,True,0.55
SY_onet,-1,8771,True,0.5897505025561492
SY_onet,-1,288,True,0.6667022439278771
SY_onet,-1,635,True,0.646743277374676
SY_onet,-1,654,True,0.0
SY_onet,-1,699,True,0.48593068894057817
SY_onet,-1,743,True,0.785334432820582
SY_onet,-1,946,True,0.0
SY_onet,-1,976,True,0.15611461615402591
SY_onet,-1,1144,True,0.8398254798973687
SY_onet,-1,1187,True,0.09722247601157594
SY_onet,-1,1384,True,0.7621132298251371
SY_onet,-1,1415,True,0.5861739458300129
SY_onet,-1,1443,True,0.6827235030686709
SY_onet,-1,1629,True,0.6578086776706434
SY_onet,-1,1684,True,0.4310215144742043
SY_onet,-1,1802,True,0.1130497215805821
SY_onet,-1,1914,True,0.7727272727272727
SY_onet,-1,2046,True,0.18203934903230548
SY_onet,-1,2071,True,0.3859189625646084
SY_onet,-1,2340,True,0.5971291182029713
SY_onet,-1,2749,True,0.6976939774115948
SY_onet,-1,3517,True,0.8632750948457695
SY_onet,-1,3758,True,0.8549594172358616
SY_onet,-1,4110,True,0.31280381588250616
SY_onet,-1,4111,True,0.38032822979769787
SY_onet,-1,4144,True,0.9001938400115039
SY_onet,-1,5021,True,0.16135184292053834
SY_onet,-1,5032,True,0.3218696058842069
SY_onet,-1,5096,True,0.7511221605197138
SY_onet,-1,5109,True,0.784124110567329
SY_onet,-1,5114,True,0.32784419258368813
SY_onet,-1,5977,True,0.0
SY_onet,-1,5984,True,0.7945582877798613
SY_onet,-1,6353,True,0.8687145552905009
SY_onet,-1,6373,True,0.7159497542304875
SY_onet,-1,6539,True,0.27858706533121536
SY_onet,-1,6554,True,0.7829771917772822
SY_onet,-1,6884,True,1.0
SY_onet,-1,6955,True,0.558214744014993
SY_onet,-1,7020,True,0.5575354898409779
SY_onet,-1,7029,True,0.4079600945891876
SY_onet,-1,7280,True,0.5642832647702037
SY_onet,-1,7394,True,0.7544912269195293
SY_onet,-1,7795,True,0.5526315789473685
SY_onet,-1,8108,True,0.41638533176151754
SY_onet,-1,8560,True,0.7083333333333334
SY_onet,-1,8632,True,0.6648855108410008
SY_onet,-1,8657,True,0.6276185319224494
SY_onet,-1,8777,True,1.0
SY_onet,-1,9151,True,0.20187862013398722
SY_onet,-1,9609,True,0.7058823529411765
KB_neighbor_onet,-1,102,True,0.5747699963495415
KB_neighbor_onet,-1,314,True,0.6426368923140584
KB_neighbor_onet,-1,1068,True,0.8051033690578091
KB_neighbor_onet,-1,1525,True,0.7217305643826156
KB_neighbor_onet,-1,1795,True,0.6964978377960624
KB_neighbor_onet,-1,1929,True,0.8844095996764672
KB_neighbor_onet,-1,1931,True,0.1388624438735545
KB_neighbor_onet,-1,1991,True,0.8408045204037858
KB_neighbor_onet,-1,2528,True,0.8518262608807992
KB_neighbor_onet,-1,2697,True,0.04681599109282455
KB_neighbor_onet,-1,2834,True,0.37959712937678974
KB_neighbor_onet,-1,2845,True,0.6618929464254906
KB_neighbor_onet,-1,3031,True,0.8142358120456896
KB_neighbor_onet,-1,3250,True,0.7776724421311118
KB_neighbor_onet,-1,3308,True,0.916948477900156
KB_neighbor_onet,-1,3402,True,0.7878688892127945
KB_neighbor_onet,-1,3426,True,0.8292156961692432
KB_neighbor_onet,-1,3449,True,0.9950202265320348
KB_neighbor_onet,-1,3756,True,0.5792087563988261
KB_neighbor_onet,-1,4141,True,0.9241189044609822
KB_neighbor_onet,-1,4210,True,0.6978146783483093
KB_neighbor_onet,-1,4516,True,0.5349079589345965
KB_neighbor_onet,-1,4692,True,0.28826221880762104
KB_neighbor_onet,-1,4700,True,0.7112517037770629
KB_neighbor_onet,-1,4910,False,0.0
KB_neighbor_onet,-1,4962,True,0.866947989864271
KB_neighbor_onet,-1,5275,True,0.7636925102428889
KB_neighbor_onet,-1,5671,True,0.7085752313797798
KB_neighbor_onet,-1,5683,True,0.44289983295464824
KB_neighbor_onet,-1,6067,True,0.9681896059005243
KB_neighbor_onet,-1,6378,True,0.8190803628612439
KB_neighbor_onet,-1,6495,True,0.7355259016360959
KB_neighbor_onet,-1,6868,True,0.8885192655020311
KB_neighbor_onet,-1,6880,True,0.8199876106628763
KB_neighbor_onet,-1,7144,True,0.713163560628504
KB_neighbor_onet,-1,7413,True,0.4895140958826166
KB_neighbor_onet,-1,7526,True,0.1694598497994397
KB_neighbor_onet,-1,7531,True,0.3299892420767438
KB_neighbor_onet,-1,7577,True,0.0
KB_neighbor_onet,-1,7621,True,0.7336790613294637
KB_neighbor_onet,-1,8198,True,0.40942397426978355
KB_neighbor_onet,-1,8442,True,0.5632479007121004
KB_neighbor_onet,-1,8452,True,0.7178899659849188
KB_neighbor_onet,-1,8476,True,0.8791209399548697
KB_neighbor_onet,-1,8541,True,0.9620594522304912
KB_neighbor_onet,-1,8802,True,0.5151196129900278
KB_neighbor_onet,-1,8816,True,0.18670214569924978
KB_neighbor_onet,-1,8852,True,0.0
KB_neighbor_onet,-1,9099,True,0.6122496142821666
KB_neighbor_onet,-1,9479,True,0.17723928678404763
KB_neighbor_onet,-1,9625,False,0.0
KB_neighbor_onet,-1,96,True,0.46927872602275655
KB_neighbor_onet,-1,171,True,0.6810554117378536
KB_neighbor_onet,-1,328,True,0.36945358311109494
KB_neighbor_onet,-1,387,True,0.842533231417561
KB_neighbor_onet,-1,754,False,0.0
KB_neighbor_onet,-1,983,True,0.825265422372115
KB_neighbor_onet,-1,1039,True,0.382098168998538
KB_neighbor_onet,-1,1098,True,0.6033610622294963
KB_neighbor_onet,-1,1120,True,0.7017668361574823
KB_neighbor_onet,-1,1275,True,0.8490487229753593
KB_neighbor_onet,-1,1343,True,0.656548065290614
KB_neighbor_onet,-1,1483,True,0.8652682582996705
KB_neighbor_onet,-1,2005,True,0.7095590272881185
KB_neighbor_onet,-1,2048,True,0.6821428720292099
KB_neighbor_onet,-1,2379,True,0.9620594522304912
KB_neighbor_onet,-1,2516,True,0.9069946873216652
KB_neighbor_onet,-1,2601,True,0.7212685049718525
KB_neighbor_onet,-1,3210,True,0.4962973580195023
KB_neighbor_onet,-1,3601,True,0.3638184934971569
KB_neighbor_onet,-1,3729,True,0.7917607788600364
KB_neighbor_onet,-1,3832,True,0.8591813986343119
KB_neighbor_onet,-1,4104,True,0.31957415958009056
KB_neighbor_onet,-1,4286,True,0.5878606143107509
KB_neighbor_onet,-1,4329,True,0.3749212073951345
KB_neighbor_onet,-1,4553,True,0.7448972578478599
KB_neighbor_onet,-1,4790,True,0.15176219107803549
KB_neighbor_onet,-1,4844,True,0.9896062251871524
KB_neighbor_onet,-1,4994,True,0.4672259579122758
KB_neighbor_onet,-1,5020,True,0.732395940028528
KB_neighbor_onet,-1,5293,True,0.808218924866305
KB_neighbor_onet,-1,5338,True,1.0
KB_neighbor_onet,-1,5343,True,0.8561729275811162
KB_neighbor_onet,-1,5464,True,0.23657615529432718
KB_neighbor_onet,-1,5560,True,0.7049999292163869
KB_neighbor_onet,-1,5719,True,0.6844908418167914
KB_neighbor_onet,-1,6055,True,0.684383072597662
KB_neighbor_onet,-1,6121,True,0.692155676302204
KB_neighbor_onet,-1,6128,True,0.6511644265441952
KB_neighbor_onet,-1,6197,True,0.3779506112855536
KB_neighbor_onet,-1,6336,True,0.6597738960358746
KB_neighbor_onet,-1,6577,True,0.5227131589206048
KB_neighbor_onet,-1,6717,True,0.8403030283801005
KB_neighbor_onet,-1,6906,True,0.0
KB_neighbor_onet,-1,8550,True,0.0
KB_neighbor_onet,-1,8576,True,0.5376818615775196
KB_neighbor_onet,-1,8790,True,0.38685280723454163
KB_neighbor_onet,-1,8840,False,0.0
KB_neighbor_onet,-1,8878,True,0.8508957228074243
KB_neighbor_onet,-1,9337,True,0.6026316718459497
KB_neighbor_onet,-1,9501,True,0.8729584867930504
KB_neighbor_onet,-1,9512,False,0.0
KB_neighbor_onet,-1,45,True,0.6491309084012059
KB_neighbor_onet,-1,199,True,0.3301376494471203
KB_neighbor_onet,-1,458,True,0.8517033016219874
KB_neighbor_onet,-1,564,True,1.0
KB_neighbor_onet,-1,717,True,0.5295178847602737
KB_neighbor_onet,-1,1109,True,0.5447605087713339
KB_neighbor_onet,-1,1576,True,0.3354350434265104
KB_neighbor_onet,-1,1711,False,0.0
KB_neighbor_onet,-1,1868,True,0.4352086144505115
KB_neighbor_onet,-1,1942,True,0.44176845819549104
KB_neighbor_onet,-1,2001,True,0.7284915201852479
KB_neighbor_onet,-1,2217,True,0.6153318333722676
KB_neighbor_onet,-1,2354,True,0.5674743243282296
KB_neighbor_onet,-1,2761,True,0.6102946083764046
KB_neighbor_onet,-1,2980,True,0.2211934130148128
KB_neighbor_onet,-1,3021,True,0.6423916835496719
KB_neighbor_onet,-1,3030,True,0.0
KB_neighbor_onet,-1,3046,True,0.6062268498006286
KB_neighbor_onet,-1,3050,True,0.8764304972740014
KB_neighbor_onet,-1,3288,True,0.6121390738336872
KB_neighbor_onet,-1,3302,True,0.7814270213825527
KB_neighbor_onet,-1,3794,True,0.31447950032371663
KB_neighbor_onet,-1,3920,True,0.9436777153556677
KB_neighbor_onet,-1,3965,True,0.38617418916812357
KB_neighbor_onet,-1,4193,True,0.751444141778919
KB_neighbor_onet,-1,4294,True,0.8103563042639721
KB_neighbor_onet,-1,4383,True,0.7511018655665632
KB_neighbor_onet,-1,4474,True,0.5523767724326322
KB_neighbor_onet,-1,5068,True,0.5571713331844964
KB_neighbor_onet,-1,5258,True,0.18322608909137003
KB_neighbor_onet,-1,5306,True,0.8568958119532173
KB_neighbor_onet,-1,5323,True,0.9350624941733298
KB_neighbor_onet,-1,5421,True,0.6584394701602251
KB_neighbor_onet,-1,5766,True,0.890647104470728
KB_neighbor_onet,-1,5877,True,0.16999404292660725
KB_neighbor_onet,-1,5887,True,0.7151313133237376
KB_neighbor_onet,-1,6126,True,0.35583551398877844
KB_neighbor_onet,-1,6190,True,0.7220486639066278
KB_neighbor_onet,-1,6224,True,1.0
KB_neighbor_onet,-1,6465,True,0.5842273861585908
KB_neighbor_onet,-1,6853,True,0.8994070429546686
KB_neighbor_onet,-1,6949,True,0.5861999410199767
KB_neighbor_onet,-1,7107,True,0.5770338970425054
KB_neighbor_onet,-1,7240,True,0.43062411638656717
KB_neighbor_onet,-1,7937,True,0.734161077357502
KB_neighbor_onet,-1,8015,True,0.3955955463952036
KB_neighbor_onet,-1,8066,True,0.5962072571730832
KB_neighbor_onet,-1,8202,True,0.7018322275059654
KB_neighbor_onet,-1,8321,True,0.7611031812289413
KB_neighbor_onet,-1,9222,True,0.44403991869096954
KB_neighbor_onet,-1,9453,True,0.9019797307396209
KB_neighbor_onet,-1,73,True,0.22321215767299174
KB_neighbor_onet,-1,390,True,0.53125
KB_neighbor_onet,-1,424,True,0.5789807876021192
KB_neighbor_onet,-1,715,True,0.7673201331071143
KB_neighbor_onet,-1,915,True,0.7759944384848245
KB_neighbor_onet,-1,1579,True,0.05560460661203127
KB_neighbor_onet,-1,1643,True,0.8625042380223913
KB_neighbor_onet,-1,1679,True,0.865552133781915
KB_neighbor_onet,-1,1982,True,0.43227884214719153
KB_neighbor_onet,-1,2027,True,0.8474743037283263
KB_neighbor_onet,-1,2211,True,0.419665006636777
KB_neighbor_onet,-1,2228,True,0.6172057482715496
KB_neighbor_onet,-1,2352,True,0.18457569677956798
KB_neighbor_onet,-1,2520,True,0.8862470391470407
KB_neighbor_onet,-1,2573,True,0.6087994266167409
KB_neighbor_onet,-1,2630,True,0.9591146533449257
KB_neighbor_onet,-1,2666,True,0.0
KB_neighbor_onet,-1,2745,True,0.39664766651995753
KB_neighbor_onet,-1,3149,True,0.5144082803622573
KB_neighbor_onet,-1,3369,True,0.6479744479118491
KB_neighbor_onet,-1,3617,True,0.7874735705849014
KB_neighbor_onet,-1,3862,True,0.0
KB_neighbor_onet,-1,4124,True,0.9417435953157782
KB_neighbor_onet,-1,4218,True,0.8691912190717338
KB_neighbor_onet,-1,4268,True,0.6705368663162792
KB_neighbor_onet,-1,4452,True,0.09109240322345795
KB_neighbor_onet,-1,4522,True,0.765258621658672
KB_neighbor_onet,-1,4784,True,0.7415544586742971
KB_neighbor_onet,-1,5139,True,0.4163470007537365
KB_neighbor_onet,-1,5438,True,0.5566264059666807
KB_neighbor_onet,-1,5565,True,0.6230610144702196
KB_neighbor_onet,-1,5684,True,0.4607583612793444
KB_neighbor_onet,-1,5775,True,0.5309999066793252
KB_neighbor_onet,-1,6110,True,0.8367127634528004
KB_neighbor_onet,-1,6488,True,0.22471947398559278
KB_neighbor_onet,-1,6590,True,0.5583403462843788
KB_neighbor_onet,-1,6793,True,0.5932563034534766
KB_neighbor_onet,-1,7090,True,0.6930541925630871
KB_neighbor_onet,-1,7112,True,0.7525903641460354
KB_neighbor_onet,-1,7167,True,0.5611514483521489
KB_neighbor_onet,-1,7287,True,0.8639027043466474
KB_neighbor_onet,-1,7370,True,0.925236006075992
KB_neighbor_onet,-1,7547,True,0.6949588294144745
KB_neighbor_onet,-1,7589,True,0.7598230466645459
KB_neighbor_onet,-1,7622,True,0.638523775132181
KB_neighbor_onet,-1,7640,False,0.0
KB_neighbor_onet,-1,7757,True,0.8269766751083119
KB_neighbor_onet,-1,8162,True,0.7739986685679642
KB_neighbor_onet,-1,8508,True,0.46067009337728815
KB_neighbor_onet,-1,8597,True,0.5719940049765713
KB_neighbor_onet,-1,8771,True,0.7021319819724843
KB_neighbor_onet,-1,288,True,0.6923837922684205
KB_neighbor_onet,-1,635,True,0.4953883594788915
KB_neighbor_onet,-1,654,True,0.11223274637666518
KB_neighbor_onet,-1,699,True,0.45484422125791807
KB_neighbor_onet,-1,743,True,0.7972736480789628
KB_neighbor_onet,-1,946,True,0.20438239758848625
KB_neighbor_onet,-1,976,True,0.3615901614084107
KB_neighbor_onet,-1,1144,True,0.8362956936528269
KB_neighbor_onet,-1,1187,True,0.48620079023553725
KB_neighbor_onet,-1,1384,True,0.7993366471650495
KB_neighbor_onet,-1,1415,True,0.5150513694037074
KB_neighbor_onet,-1,1443,True,0.7139685366397873
KB_neighbor_onet,-1,1629,True,0.741863808175846
KB_neighbor_onet,-1,1684,True,0.3311238688301249
KB_neighbor_onet,-1,1802,True,0.3949701603079444
KB_neighbor_onet,-1,1914,True,0.814680065511571
KB_neighbor_onet,-1,2046,True,0.0
KB_neighbor_onet,-1,2071,True,0.38635926795662223
KB_neighbor_onet,-1,2340,True,0.5965931325274738
KB_neighbor_onet,-1,2749,True,0.761013640400873
KB_neighbor_onet,-1,3517,True,0.8062358500279452
KB_neighbor_onet,-1,3758,True,0.8252381528803114
KB_neighbor_onet,-1,4110,True,0.7873920163558289
KB_neighbor_onet,-1,4111,True,0.2837066858129651
KB_neighbor_onet,-1,4144,True,0.8969203822694011
KB_neighbor_onet,-1,5021,True,0.11838279295536289
KB_neighbor_onet,-1,5032,True,0.6052434851806902
KB_neighbor_onet,-1,5096,True,0.9122028376986618
KB_neighbor_onet,-1,5109,True,0.8897769747835035
KB_neighbor_onet,-1,5114,True,0.381546522107842
KB_neighbor_onet,-1,5977,True,0.3154648767857289
KB_neighbor_onet,-1,5984,True,0.7260171945291607
KB_neighbor_onet,-1,6353,True,0.8119516700764655
KB_neighbor_onet,-1,6373,True,0.6913818017199942
KB_neighbor_onet,-1,6539,True,0.8065735963827294
KB_neighbor_onet,-1,6554,True,0.9205628723433874
KB_neighbor_onet,-1,6884,True,1.0
KB_neighbor_onet,-1,6955,True,0.580631367418218
KB_neighbor_onet,-1,7020,True,0.5836089357718954
KB_neighbor_onet,-1,7029,True,0.6339974291658222
KB_neighbor_onet,-1,7280,True,0.45002317786729024
KB_neighbor_onet,-1,7394,True,0.6451283758004392
KB_neighbor_onet,-1,7795,True,0.5434123426256826
KB_neighbor_onet,-1,8108,True,0.2814183801826993
KB_neighbor_onet,-1,8560,True,0.790278453605032
KB_neighbor_onet,-1,8632,True,0.7264543230851401
KB_neighbor_onet,-1,8657,True,0.6108739799952231
KB_neighbor_onet,-1,8777,True,1.0
KB_neighbor_onet,-1,9151,True,0.361879195385413
KB_neighbor_onet,-1,9609,True,0.7471589728148225
KB_hop_onet,-1,102,True,0.5236850669089244
KB_hop_onet,-1,314,True,0.4392446728493825
KB_hop_onet,-1,1068,True,0.7760952320285959
KB_hop_onet,-1,1525,True,0.4449476719259474
KB_hop_onet,-1,1795,True,0.7163779812111492
KB_hop_onet,-1,1929,True,0.8789459685919289
KB_hop_onet,-1,1931,True,0.26621690402277565
KB_hop_onet,-1,1991,True,0.9017711870125324
KB_hop_onet,-1,2528,True,0.8255680502350483
KB_hop_onet,-1,2697,True,0.416033254229602
KB_hop_onet,-1,2834,True,0.43311541820731414
KB_hop_onet,-1,2845,True,0.8096051325175857
KB_hop_onet,-1,3031,True,0.8779762548272907
KB_hop_onet,-1,3250,True,0.762518395666511
KB_hop_onet,-1,3308,True,0.8872608978941876
KB_hop_onet,-1,3402,True,0.8829724657819469
KB_hop_onet,-1,3426,True,0.8292156961692432
KB_hop_onet,-1,3449,True,0.785697576945425
KB_hop_onet,-1,3756,True,0.7598077881938577
KB_hop_onet,-1,4141,True,0.9608008655106622
KB_hop_onet,-1,4210,True,0.7240881699589088
KB_hop_onet,-1,4516,True,0.512383792756776
KB_hop_onet,-1,4692,True,0.11377041810078817
KB_hop_onet,-1,4700,True,0.7317360832666205
KB_hop_onet,-1,4910,False,0.0
KB_hop_onet,-1,4962,True,0.7510916729774054
KB_hop_onet,-1,5275,True,0.7118367813385245
KB_hop_onet,-1,5671,True,0.3344546694379731
KB_hop_onet,-1,5683,True,0.37537733575526666
KB_hop_onet,-1,6067,True,0.9660786386522084
KB_hop_onet,-1,6378,True,0.87228131767093
KB_hop_onet,-1,6495,True,0.7257554445292488
KB_hop_onet,-1,6868,True,0.7495430675012097
KB_hop_onet,-1,6880,True,0.885103249427728
KB_hop_onet,-1,7144,True,0.8097675384670304
KB_hop_onet,-1,7413,True,0.5291605480481275
KB_hop_onet,-1,7526,True,0.17272699467380734
KB_hop_onet,-1,7531,True,0.6238470455881187
KB_hop_onet,-1,7577,True,0.0
KB_hop_onet,-1,7621,True,0.7373607871003166
KB_hop_onet,-1,8198,True,0.7638033202624739
KB_hop_onet,-1,8442,True,0.5381281020823041
KB_hop_onet,-1,8452,True,0.7730021272686035
KB_hop_onet,-1,8476,True,0.858054420059159
KB_hop_onet,-1,8541,True,0.9668728882728055
KB_hop_onet,-1,8802,True,0.7694816929162337
KB_hop_onet,-1,8816,True,0.1445879970570656
KB_hop_onet,-1,8852,True,0.0
KB_hop_onet,-1,9099,True,0.494639655562801
KB_hop_onet,-1,9479,True,0.6131471927654585
KB_hop_onet,-1,9625,False,0.0
KB_hop_onet,-1,96,True,0.0
KB_hop_onet,-1,171,True,0.6652514528707605
KB_hop_onet,-1,328,True,0.2463023887407299
KB_hop_onet,-1,387,True,0.6469162372921438
KB_hop_onet,-1,754,False,0.0
KB_hop_onet,-1,983,True,0.7806179519066888
KB_hop_onet,-1,1039,True,0.417890206846836
KB_hop_onet,-1,1098,True,0.826959967202498
KB_hop_onet,-1,1120,True,0.45560514958746057
KB_hop_onet,-1,1275,True,0.9539740448143842
KB_hop_onet,-1,1343,True,0.49565435926429674
KB_hop_onet,-1,1483,True,0.7482803896375598
KB_hop_onet,-1,2005,True,0.6936634693435662
KB_hop_onet,-1,2048,True,0.42648454989399914
KB_hop_onet,-1,2379,True,0.9608008655106622
KB_hop_onet,-1,2516,True,0.9211470485929708
KB_hop_onet,-1,2601,True,0.7932249955416294
KB_hop_onet,-1,3210,True,0.5991827701681948
KB_hop_onet,-1,3601,True,0.427961169374314
KB_hop_onet,-1,3729,True,0.3579854333128284
KB_hop_onet,-1,3832,True,0.8902440772974657
KB_hop_onet,-1,4104,True,0.35655323426688584
KB_hop_onet,-1,4286,True,0.5898613451282523
KB_hop_onet,-1,4329,True,0.43337218158964375
KB_hop_onet,-1,4553,True,0.8542006341175788
KB_hop_onet,-1,4790,True,0.21092184196403288
KB_hop_onet,-1,4844,True,0.9836269843796347
KB_hop_onet,-1,4994,True,0.6424764477894167
KB_hop_onet,-1,5020,True,0.5322128523327805
KB_hop_onet,-1,5293,True,0.9703124199940315
KB_hop_onet,-1,5338,True,1.0
KB_hop_onet,-1,5343,True,0.8276907244670434
KB_hop_onet,-1,5464,True,0.35255030183353203
KB_hop_onet,-1,5560,True,0.7727705069512116
KB_hop_onet,-1,5719,True,0.8550884562177453
KB_hop_onet,-1,6055,True,0.6489315753318465
KB_hop_onet,-1,6121,True,0.9102614474570913
KB_hop_onet,-1,6128,True,0.6354985342701189
KB_hop_onet,-1,6197,True,0.3363899367286679
KB_hop_onet,-1,6336,True,0.6696716146344597
KB_hop_onet,-1,6577,True,0.7095623511354769
KB_hop_onet,-1,6717,True,0.8193939432397991
KB_hop_onet,-1,6906,True,0.0
KB_hop_onet,-1,8550,True,0.30657359638272924
KB_hop_onet,-1,8576,True,0.7097975534464502
KB_hop_onet,-1,8790,True,1.0
KB_hop_onet,-1,8840,False,0.0
KB_hop_onet,-1,8878,True,0.702867507778084
KB_hop_onet,-1,9337,True,0.3340731497903323
KB_hop_onet,-1,9501,True,0.8533437758628951
KB_hop_onet,-1,9512,False,0.0
KB_hop_onet,-1,45,True,0.7901055559673198
KB_hop_onet,-1,199,True,0.4035015715464804
KB_hop_onet,-1,458,True,0.738541614817887
KB_hop_onet,-1,564,True,1.0
KB_hop_onet,-1,717,True,0.8643145546088338
KB_hop_onet,-1,1109,True,0.9801185036878275
KB_hop_onet,-1,1576,True,0.6102948848657758
KB_hop_onet,-1,1711,False,0.0
KB_hop_onet,-1,1868,True,0.8175295903539447
KB_hop_onet,-1,1942,True,0.6667869755468142
KB_hop_onet,-1,2001,True,0.7228334074495716
KB_hop_onet,-1,2217,True,0.3788748389864684
KB_hop_onet,-1,2354,True,0.6564470677622191
KB_hop_onet,-1,2761,True,0.6178117771530858
KB_hop_onet,-1,2980,True,0.21943993198201323
KB_hop_onet,-1,3021,True,0.6285176251130468
KB_hop_onet,-1,3030,True,0.19799972363883775
KB_hop_onet,-1,3046,True,0.5790629583280992
KB_hop_onet,-1,3050,True,0.9289904714111865
KB_hop_onet,-1,3288,True,0.7959134134213516
KB_hop_onet,-1,3302,True,0.8215605707970104
KB_hop_onet,-1,3794,True,0.31033288805558307
KB_hop_onet,-1,3920,True,0.9399330638828488
KB_hop_onet,-1,3965,True,0.4494072257207932
KB_hop_onet,-1,4193,True,0.7768462807966321
KB_hop_onet,-1,4294,True,0.5696280589436281
KB_hop_onet,-1,4383,True,0.8433575915491296
KB_hop_onet,-1,4474,True,0.6046404140218179
KB_hop_onet,-1,5068,True,0.6915603224542703
KB_hop_onet,-1,5258,True,0.16957810039284812
KB_hop_onet,-1,5306,True,0.8078477309601438
KB_hop_onet,-1,5323,True,0.9350624941733298
KB_hop_onet,-1,5421,True,0.7463809609937792
KB_hop_onet,-1,5766,True,0.9640188738502137
KB_hop_onet,-1,5877,True,0.2983805447706181
KB_hop_onet,-1,5887,True,0.6159994605353519
KB_hop_onet,-1,6126,True,0.24738635904833414
KB_hop_onet,-1,6190,True,0.829122595654147
KB_hop_onet,-1,6224,True,1.0
KB_hop_onet,-1,6465,True,0.6448244864271548
KB_hop_onet,-1,6853,True,0.8808879310912706
KB_hop_onet,-1,6949,True,0.6806924486760789
KB_hop_onet,-1,7107,True,0.5601366736251135
KB_hop_onet,-1,7240,True,0.0
KB_hop_onet,-1,7937,True,0.8456328715793684
KB_hop_onet,-1,8015,True,0.12527294253912533
KB_hop_onet,-1,8066,True,0.37969939570637445
KB_hop_onet,-1,8202,True,0.6618344782871246
KB_hop_onet,-1,8321,True,0.8989170370678307
KB_hop_onet,-1,9222,True,0.6482786430236043
KB_hop_onet,-1,9453,True,0.9351068424668154
KB_hop_onet,-1,73,True,0.48877973436743916
KB_hop_onet,-1,390,True,0.5268336570888585
KB_hop_onet,-1,424,True,0.35474298430900175
KB_hop_onet,-1,715,True,0.8467829653334802
KB_hop_onet,-1,915,True,0.8205228949141826
KB_hop_onet,-1,1579,True,0.28719302375269534
KB_hop_onet,-1,1643,True,0.8745532674848118
KB_hop_onet,-1,1679,True,0.9205709558828831
KB_hop_onet,-1,1982,True,0.4636440365082036
KB_hop_onet,-1,2027,True,0.7916065707296986
KB_hop_onet,-1,2211,True,0.5287749092412667
KB_hop_onet,-1,2228,True,0.6384994962493181
KB_hop_onet,-1,2352,True,0.4574945261898617
KB_hop_onet,-1,2520,True,0.984981605783884
KB_hop_onet,-1,2573,True,0.4778498405051714
KB_hop_onet,-1,2630,True,0.863664922155261
KB_hop_onet,-1,2666,True,0.11669743278620946
KB_hop_onet,-1,2745,True,0.3705700692973475
KB_hop_onet,-1,3149,True,0.75
KB_hop_onet,-1,3369,True,0.683162280058595
KB_hop_onet,-1,3617,True,0.720199830706693
KB_hop_onet,-1,3862,True,0.0
KB_hop_onet,-1,4124,True,0.8913400943476004
KB_hop_onet,-1,4218,True,0.7064325256524592
KB_hop_onet,-1,4268,True,0.582109793153164
KB_hop_onet,-1,4452,True,0.0
KB_hop_onet,-1,4522,True,0.6565552474601118
KB_hop_onet,-1,4784,True,0.7890769219028413
KB_hop_onet,-1,5139,True,0.19519002499605084
KB_hop_onet,-1,5438,True,0.6550140344800547
KB_hop_onet,-1,5565,True,0.6430159953410929
KB_hop_onet,-1,5684,True,0.6883257450453175
KB_hop_onet,-1,5775,True,0.4472368987496507
KB_hop_onet,-1,6110,True,0.8935783835882315
KB_hop_onet,-1,6488,True,0.3108658234453849
KB_hop_onet,-1,6590,True,0.6424764477894167
KB_hop_onet,-1,6793,True,0.682445484783493
KB_hop_onet,-1,7090,True,0.6344792163764782
KB_hop_onet,-1,7112,True,0.8196104814592203
KB_hop_onet,-1,7167,True,0.6540465463089611
KB_hop_onet,-1,7287,True,0.9025293226196384
KB_hop_onet,-1,7370,True,0.8992159899938997
KB_hop_onet,-1,7547,True,0.7015772793921058
KB_hop_onet,-1,7589,True,0.6960049993079126
KB_hop_onet,-1,7622,True,0.5097115464494999
KB_hop_onet,-1,7640,False,0.0
KB_hop_onet,-1,7757,True,0.8733092511169079
KB_hop_onet,-1,8162,True,0.826979553843233
KB_hop_onet,-1,8508,True,0.09162544430476369
KB_hop_onet,-1,8597,True,0.6650320347057571
KB_hop_onet,-1,8771,True,0.6366824387328316
KB_hop_onet,-1,288,True,0.6643305583741235
KB_hop_onet,-1,635,True,0.7959876169861083
KB_hop_onet,-1,654,True,0.17309789062797198
KB_hop_onet,-1,699,True,0.5075394027672819
KB_hop_onet,-1,743,True,0.875909297477228
KB_hop_onet,-1,946,True,0.0
KB_hop_onet,-1,976,True,0.5324340478270823
KB_hop_onet,-1,1144,True,0.7259476801076152
KB_hop_onet,-1,1187,True,0.5058190489156398
KB_hop_onet,-1,1384,True,0.7899860324587249
KB_hop_onet,-1,1415,True,0.5609054924994205
KB_hop_onet,-1,1443,True,0.6918382162527661
KB_hop_onet,-1,1629,True,0.7029593131017768
KB_hop_onet,-1,1684,True,0.05620754741675214
KB_hop_onet,-1,1802,True,0.14710131651029384
KB_hop_onet,-1,1914,True,0.8116731477296861
KB_hop_onet,-1,2046,True,0.28906482631788766
KB_hop_onet,-1,2071,True,0.38406357896725657
KB_hop_onet,-1,2340,True,0.7227953126162802
KB_hop_onet,-1,2749,True,0.8734577523986161
KB_hop_onet,-1,3517,True,0.8476549237300818
KB_hop_onet,-1,3758,True,0.8111337831333969
KB_hop_onet,-1,4110,True,0.6223509480335058
KB_hop_onet,-1,4111,True,0.5693062205065889
KB_hop_onet,-1,4144,True,0.8831611601236272
KB_hop_onet,-1,5021,True,0.39325912586965384
KB_hop_onet,-1,5032,True,0.5394520808710199
KB_hop_onet,-1,5096,True,0.786853337684106
KB_hop_onet,-1,5109,True,0.8889882080682399
KB_hop_onet,-1,5114,True,0.5556785016050688
KB_hop_onet,-1,5977,True,0.5
KB_hop_onet,-1,5984,True,0.707500431844544
KB_hop_onet,-1,6353,True,0.9221426516331632
KB_hop_onet,-1,6373,True,0.7840577068741873
KB_hop_onet,-1,6539,True,0.07236299671272313
KB_hop_onet,-1,6554,True,0.8296355492585807
KB_hop_onet,-1,6884,True,1.0
KB_hop_onet,-1,6955,True,0.5910551994477119
KB_hop_onet,-1,7020,True,0.7057662997815163
KB_hop_onet,-1,7029,True,0.5811554775040823
KB_hop_onet,-1,7280,True,0.6405284988021803
KB_hop_onet,-1,7394,True,0.6821957196758082
KB_hop_onet,-1,7795,True,0.6634548980198937
KB_hop_onet,-1,8108,True,0.47704371639257726
KB_hop_onet,-1,8560,True,0.734011136223713
KB_hop_onet,-1,8632,True,0.7483979335464865
KB_hop_onet,-1,8657,True,0.7664325300141215
KB_hop_onet,-1,8777,True,1.0
KB_hop_onet,-1,9151,True,0.28606042850872493
KB_hop_onet,-1,9609,True,0.714503248664763
Transformer_onet,-1,102,True,0.6287063184549944
Transformer_onet,-1,314,True,0.5236495074939649
Transformer_onet,-1,1068,True,0.7068646140184032
Transformer_onet,-1,1525,True,0.8760582325318758
Transformer_onet,-1,1795,True,0.8791378867100417
Transformer_onet,-1,1929,True,0.9177980614824524
Transformer_onet,-1,1931,True,0.2528410271851775
Transformer_onet,-1,1991,True,0.8256348840864179
Transformer_onet,-1,2528,True,0.8214776144863193
Transformer_onet,-1,2697,True,0.8056633422751305
Transformer_onet,-1,2834,True,0.4614855341756436
Transformer_onet,-1,2845,True,0.7899417562556368
Transformer_onet,-1,3031,True,0.8807379538533547
Transformer_onet,-1,3250,True,0.8337238169498218
Transformer_onet,-1,3308,True,0.9634913851150091
Transformer_onet,-1,3402,True,0.9162565893772283
Transformer_onet,-1,3426,True,0.8302324736677827
Transformer_onet,-1,3449,True,0.9065636940717371
Transformer_onet,-1,3756,True,0.5388856921828065
Transformer_onet,-1,4141,True,0.9608008655106622
Transformer_onet,-1,4210,True,0.8815473456401717
Transformer_onet,-1,4516,True,0.7098823785472834
Transformer_onet,-1,4692,True,0.31368686644345073
Transformer_onet,-1,4700,True,0.7545885822093783
Transformer_onet,-1,4910,False,0.0
Transformer_onet,-1,4962,True,0.7799082337019198
Transformer_onet,-1,5275,True,0.7396768619536098
Transformer_onet,-1,5671,True,0.6911214801113454
Transformer_onet,-1,5683,True,0.299262550075492
Transformer_onet,-1,6067,True,0.8664255218571495
Transformer_onet,-1,6378,True,0.8975828762407044
Transformer_onet,-1,6495,True,0.7339966660254652
Transformer_onet,-1,6868,True,0.7989561584675723
Transformer_onet,-1,6880,True,0.9008065939333217
Transformer_onet,-1,7144,True,0.7759772451195365
Transformer_onet,-1,7413,True,0.5662732101892676
Transformer_onet,-1,7526,True,0.08110155036904365
Transformer_onet,-1,7531,True,0.15130120674940675
Transformer_onet,-1,7577,True,0.35620718710802235
Transformer_onet,-1,7621,True,0.783004273768111
Transformer_onet,-1,8198,True,0.45389686590478295
Transformer_onet,-1,8442,True,0.5611250948148949
Transformer_onet,-1,8452,True,0.6281001076317545
Transformer_onet,-1,8476,True,0.8877258956398489
Transformer_onet,-1,8541,True,0.966782294401647
Transformer_onet,-1,8802,True,0.7739518799798193
Transformer_onet,-1,8816,True,0.5215673620068869
Transformer_onet,-1,8852,True,0.0
Transformer_onet,-1,9099,True,0.7865833708043043
Transformer_onet,-1,9479,True,0.8245421099687837
Transformer_onet,-1,9625,False,0.0
Transformer_onet,-1,96,True,0.1356519734324477
Transformer_onet,-1,171,True,0.8733522979447341
Transformer_onet,-1,328,True,0.3903800499921017
Transformer_onet,-1,387,True,0.7854577736856648
Transformer_onet,-1,754,False,0.0
Transformer_onet,-1,983,True,0.6823193932275113
Transformer_onet,-1,1039,True,0.5717754228581658
Transformer_onet,-1,1098,True,0.7771205687422573
Transformer_onet,-1,1120,True,0.6131471927654585
Transformer_onet,-1,1275,True,0.9731668449546785
Transformer_onet,-1,1343,True,0.5762664351124958
Transformer_onet,-1,1483,True,0.7949596477398667
Transformer_onet,-1,2005,True,0.4899308685417079
Transformer_onet,-1,2048,True,0.633676653474354
Transformer_onet,-1,2379,True,0.8899541168509599
Transformer_onet,-1,2516,True,0.8981449213243671
Transformer_onet,-1,2601,True,0.9161416348592477
Transformer_onet,-1,3210,True,0.6874769084075983
Transformer_onet,-1,3601,True,0.39732200696853515
Transformer_onet,-1,3729,True,0.484200635714699
Transformer_onet,-1,3832,True,0.8809379304125519
Transformer_onet,-1,4104,True,0.47726865320449563
Transformer_onet,-1,4286,True,0.5301811273709038
Transformer_onet,-1,4329,True,0.5691033488185547
Transformer_onet,-1,4553,True,0.781073241399493
Transformer_onet,-1,4790,True,0.47293279348325773
Transformer_onet,-1,4844,True,0.9999999999999999
Transformer_onet,-1,4994,True,0.7521466508938224
Transformer_onet,-1,5020,True,0.5605648421113743
Transformer_onet,-1,5293,True,0.8688960906782203
Transformer_onet,-1,5338,True,1.0
Transformer_onet,-1,5343,True,0.7880151951934954
Transformer_onet,-1,5464,True,0.41273935120032446
Transformer_onet,-1,5560,True,0.6860192450064949
Transformer_onet,-1,5719,True,0.8161479004287763
Transformer_onet,-1,6055,True,0.4858136357422511
Transformer_onet,-1,6121,True,0.9487914381203523
Transformer_onet,-1,6128,True,0.5985069554358924
Transformer_onet,-1,6197,True,0.3658213931930407
Transformer_onet,-1,6336,True,0.7548900294121352
Transformer_onet,-1,6577,True,0.5588235519721478
Transformer_onet,-1,6717,True,0.9410605993303518
Transformer_onet,-1,6906,True,0.14453241315894383
Transformer_onet,-1,8550,True,0.8245421099687837
Transformer_onet,-1,8576,True,0.5093069317616593
Transformer_onet,-1,8790,True,0.5
Transformer_onet,-1,8840,False,0.0
Transformer_onet,-1,8878,True,0.918839123725715
Transformer_onet,-1,9337,True,0.5288948075455259
Transformer_onet,-1,9501,True,0.8733113108271885
Transformer_onet,-1,9512,False,0.0
Transformer_onet,-1,45,True,0.8988350994593657
Transformer_onet,-1,199,True,0.5321408435198609
Transformer_onet,-1,458,True,0.8200636541095299
Transformer_onet,-1,564,True,1.0
Transformer_onet,-1,717,True,0.6429424283490955
Transformer_onet,-1,1109,True,0.9681896059005243
Transformer_onet,-1,1576,True,0.7974779478881875
Transformer_onet,-1,1711,False,0.0
Transformer_onet,-1,1868,True,0.6131471927654585
Transformer_onet,-1,1942,True,0.4840182206186659
Transformer_onet,-1,2001,True,0.8935530791692837
Transformer_onet,-1,2217,True,0.3788748389864684
Transformer_onet,-1,2354,True,0.5678427226955832
Transformer_onet,-1,2761,True,0.6426881189719141
Transformer_onet,-1,2980,True,0.2972715964420569
Transformer_onet,-1,3021,True,0.6583159598649007
Transformer_onet,-1,3030,True,0.3759063358712071
Transformer_onet,-1,3046,True,0.6843637475194015
Transformer_onet,-1,3050,True,0.984094802950262
Transformer_onet,-1,3288,True,0.7674952073202803
Transformer_onet,-1,3302,True,0.9019353824461352
Transformer_onet,-1,3794,True,0.41572051580522174
Transformer_onet,-1,3920,True,0.8694050873689432
Transformer_onet,-1,3965,True,0.1280999520709476
Transformer_onet,-1,4193,True,0.7267706813501387
Transformer_onet,-1,4294,True,0.5393998592075995
Transformer_onet,-1,4383,True,0.7587306249563078
Transformer_onet,-1,4474,True,0.7310713238722275
Transformer_onet,-1,5068,True,0.685119869332369
Transformer_onet,-1,5258,True,0.3937481555797839
Transformer_onet,-1,5306,True,0.9102614474570913
Transformer_onet,-1,5323,True,0.9350624941733298
Transformer_onet,-1,5421,True,0.8372836440147935
Transformer_onet,-1,5766,True,1.0
Transformer_onet,-1,5877,True,0.5640593947599493
Transformer_onet,-1,5887,True,0.5540800425185398
Transformer_onet,-1,6126,True,0.15130120674940675
Transformer_onet,-1,6190,True,0.805796583651949
Transformer_onet,-1,6224,True,1.0
Transformer_onet,-1,6465,True,0.7409096387260823
Transformer_onet,-1,6853,True,0.6962703920793372
Transformer_onet,-1,6949,True,0.5814371305050426
Transformer_onet,-1,7107,True,0.7258253800444351
Transformer_onet,-1,7240,True,0.08861964339202381
Transformer_onet,-1,7937,True,0.7100165839331145
Transformer_onet,-1,8015,True,0.13743816645714546
Transformer_onet,-1,8066,True,0.6520736329257368
Transformer_onet,-1,8202,True,0.6979931619897743
Transformer_onet,-1,8321,True,0.8656312722365525
Transformer_onet,-1,9222,True,0.3794020635885246
Transformer_onet,-1,9453,True,0.9351068424668154
Transformer_onet,-1,73,True,0.513119921215641
Transformer_onet,-1,390,True,0.6472318991885676
Transformer_onet,-1,424,True,0.7334102634941171
Transformer_onet,-1,715,True,0.9493791919818733
Transformer_onet,-1,915,True,0.799664740949685
Transformer_onet,-1,1579,True,0.24580530742162596
Transformer_onet,-1,1643,True,0.7850611335579559
Transformer_onet,-1,1679,True,0.9224414927717166
Transformer_onet,-1,1982,True,0.22716217481924805
Transformer_onet,-1,2027,True,0.7832540823182588
Transformer_onet,-1,2211,True,0.5449960234716782
Transformer_onet,-1,2228,True,0.6385376666964119
Transformer_onet,-1,2352,True,0.2184074368181643
Transformer_onet,-1,2520,True,0.996051689200243
Transformer_onet,-1,2573,True,0.5224955967919311
Transformer_onet,-1,2630,True,0.8290216101424842
Transformer_onet,-1,2666,True,0.48517328117475345
Transformer_onet,-1,2745,True,0.3558661730198099
Transformer_onet,-1,3149,True,0.8270397492203845
Transformer_onet,-1,3369,True,0.6090290318266522
Transformer_onet,-1,3617,True,0.7691600274760875
Transformer_onet,-1,3862,True,0.3186874299968028
Transformer_onet,-1,4124,True,0.949727071727471
Transformer_onet,-1,4218,True,0.7798416354892385
Transformer_onet,-1,4268,True,0.8073782975663333
Transformer_onet,-1,4452,True,0.1909208661789346
Transformer_onet,-1,4522,True,0.7473725189525596
Transformer_onet,-1,4784,True,1.0
Transformer_onet,-1,5139,True,0.22074620686839036
Transformer_onet,-1,5438,True,0.6774778089367597
Transformer_onet,-1,5565,True,0.7513918525628709
Transformer_onet,-1,5684,True,0.4369140692280891
Transformer_onet,-1,5775,True,0.5446326264376781
Transformer_onet,-1,6110,True,0.9250878991435042
Transformer_onet,-1,6488,True,0.44830398990253034
Transformer_onet,-1,6590,True,0.7313636711760669
Transformer_onet,-1,6793,True,0.32713208495407015
Transformer_onet,-1,7090,True,0.9373465882777113
Transformer_onet,-1,7112,True,0.8065744152475809
Transformer_onet,-1,7167,True,0.6054091039140478
Transformer_onet,-1,7287,True,0.9012683743393687
Transformer_onet,-1,7370,True,0.8468464633655196
Transformer_onet,-1,7547,True,0.6469140588583311
Transformer_onet,-1,7589,True,0.7416628006738992
Transformer_onet,-1,7622,True,0.42271471898695084
Transformer_onet,-1,7640,False,0.0
Transformer_onet,-1,7757,True,0.783114491846518
Transformer_onet,-1,8162,True,0.9652843890316114
Transformer_onet,-1,8508,True,0.6174111208209191
Transformer_onet,-1,8597,True,0.6648253984613294
Transformer_onet,-1,8771,True,0.4414924137367807
Transformer_onet,-1,288,True,0.7574045798542323
Transformer_onet,-1,635,True,0.7815345551492664
Transformer_onet,-1,654,True,0.7893216424724832
Transformer_onet,-1,699,True,0.5868720866710774
Transformer_onet,-1,743,True,0.7533585782325802
Transformer_onet,-1,946,True,0.23719771276929624
Transformer_onet,-1,976,True,0.661455967685259
Transformer_onet,-1,1144,True,0.8153410605045147
Transformer_onet,-1,1187,True,0.21105188077080644
Transformer_onet,-1,1384,True,0.7170367532712068
Transformer_onet,-1,1415,True,0.6045494495462563
Transformer_onet,-1,1443,True,0.7681364229309313
Transformer_onet,-1,1629,True,0.8318842295360336
Transformer_onet,-1,1684,True,0.30919416469956
Transformer_onet,-1,1802,True,0.6433793689853159
Transformer_onet,-1,1914,True,0.664348931174568
Transformer_onet,-1,2046,True,1.0
Transformer_onet,-1,2071,True,0.540332273703091
Transformer_onet,-1,2340,True,0.5137377078672973
Transformer_onet,-1,2749,True,0.8560548015137405
Transformer_onet,-1,3517,True,0.9423098523909986
Transformer_onet,-1,3758,True,0.8750396406160178
Transformer_onet,-1,4110,True,0.7672676979154271
Transformer_onet,-1,4111,True,0.5827738848179198
Transformer_onet,-1,4144,True,0.7714700324729412
Transformer_onet,-1,5021,True,0.2528847364210068
Transformer_onet,-1,5032,True,0.5490584062453377
Transformer_onet,-1,5096,True,0.8339358575988443
Transformer_onet,-1,5109,True,0.9345070471292712
Transformer_onet,-1,5114,True,0.6310270070423372
Transformer_onet,-1,5977,True,1.0
Transformer_onet,-1,5984,True,0.6526764692106153
Transformer_onet,-1,6353,True,0.8596423284711957
Transformer_onet,-1,6373,True,0.7706151428573977
Transformer_onet,-1,6539,True,0.18457569677956798
Transformer_onet,-1,6554,True,0.8755458364887027
Transformer_onet,-1,6884,True,1.0
Transformer_onet,-1,6955,True,0.5195926894406684
Transformer_onet,-1,7020,True,0.6734266523481091
Transformer_onet,-1,7029,True,0.8451295616527965
Transformer_onet,-1,7280,True,0.7863222794287344
Transformer_onet,-1,7394,True,0.8163871991855309
Transformer_onet,-1,7795,True,0.5912294240199937
Transformer_onet,-1,8108,True,0.39624002772897987
Transformer_onet,-1,8560,True,0.7926224182164008
Transformer_onet,-1,8632,True,0.7597969702841537
Transformer_onet,-1,8657,True,0.6095777834447589
Transformer_onet,-1,8777,True,1.0
Transformer_onet,-1,9151,True,0.4666211756056125
Transformer_onet,-1,9609,True,0.823440942320301
